{
  "VNINDEX_ATR14PctRank": 77.23684210526316,
  "UniverseTickerCount": 1,
  "BreadthUniverseTickerCount": 30,
  "BreadthSource": "benchmark_basket",
  "IndexRangePos20": 1.0,
  "IndexRangePos60": 0.7471350926592887,
  "IndexRangePos120": 0.7407798008623092,
  "IndexDistToUpper20Pct": 0.0,
  "IndexDistToLower20Pct": 12.54232257497141,
  "IndexDistToUpper60Pct": 4.2448993052501995,
  "IndexDistToLower60Pct": 12.54232257497141,
  "IndexDistToUpper120Pct": 4.593373493975913,
  "IndexDistToLower120Pct": 13.12659396710931,
  "IndexDrawdownFromHigh60Pct": -4.072045091453614,
  "IndexReboundFromLow60Pct": 14.341019501373186,
  "BreadthAboveSMA20Pct": 86.66666666666667,
  "BreadthAboveSMA50Pct": 43.333333333333336,
  "BreadthAboveSMA200Pct": 43.333333333333336,
  "BreadthPositive1dPct": 36.666666666666664,
  "BreadthPositive5dPct": 53.333333333333336,
  "AdvanceDeclineRatio": 0.6470588235294118,
  "NewHigh20Pct": 16.666666666666664,
  "NewLow20Pct": 3.3333333333333335,
  "MarketDispersion20Pct": 10.076317736439487,
  "MarketCoMovement20Pct": 73.2258064516129,
  "MarketMedianCorr20": 0.748813849960431,
  "GeneratedAt": "2026-04-16T11:00:28.137326+07:00"
}
