{
  "VNINDEX_ATR14PctRank": 77.89473684210526,
  "UniverseTickerCount": 1,
  "BreadthUniverseTickerCount": 30,
  "BreadthSource": "benchmark_basket",
  "IndexRangePos20": 1.0,
  "IndexRangePos60": 0.7451051011721566,
  "IndexRangePos120": 0.7388566642885944,
  "IndexDistToUpper20Pct": 0.0,
  "IndexDistToLower20Pct": 12.512508659841426,
  "IndexDistToUpper60Pct": 4.280435906176798,
  "IndexDistToLower60Pct": 12.512508659841426,
  "IndexDistToUpper120Pct": 4.629028888131346,
  "IndexDistToLower120Pct": 13.096979227377197,
  "IndexDrawdownFromHigh60Pct": -4.104735340795839,
  "IndexReboundFromLow60Pct": 14.302054463068048,
  "BreadthAboveSMA20Pct": 83.33333333333334,
  "BreadthAboveSMA50Pct": 40.0,
  "BreadthAboveSMA200Pct": 43.333333333333336,
  "BreadthPositive1dPct": 30.0,
  "BreadthPositive5dPct": 56.666666666666664,
  "AdvanceDeclineRatio": 0.47368421052631576,
  "NewHigh20Pct": 16.666666666666664,
  "NewLow20Pct": 0.0,
  "MarketDispersion20Pct": 10.274536834159925,
  "MarketCoMovement20Pct": 72.90322580645162,
  "MarketMedianCorr20": 0.7443163401305323,
  "GeneratedAt": "2026-04-16T11:56:53.463596+07:00"
}
