{
  "VNINDEX_ATR14PctRank": 79.98683344305464,
  "UniverseTickerCount": 1,
  "BreadthUniverseTickerCount": 30,
  "BreadthSource": "benchmark_basket",
  "IndexRangePos20": 1.0,
  "IndexRangePos60": 0.6858751882653399,
  "IndexRangePos120": 0.6827445020006826,
  "IndexDistToUpper20Pct": 0.0,
  "IndexDistToLower20Pct": 11.633576763946353,
  "IndexDistToUpper60Pct": 5.328075972565452,
  "IndexDistToLower60Pct": 11.633576763946353,
  "IndexDistToUpper120Pct": 5.680171049343291,
  "IndexDistToLower120Pct": 12.22391914031045,
  "IndexDrawdownFromHigh60Pct": -5.0585524546686305,
  "IndexReboundFromLow60Pct": 13.165155200261447,
  "BreadthAboveSMA20Pct": 80.0,
  "BreadthAboveSMA50Pct": 50.0,
  "BreadthAboveSMA200Pct": 46.666666666666664,
  "BreadthPositive1dPct": 36.666666666666664,
  "BreadthPositive5dPct": 30.0,
  "AdvanceDeclineRatio": 0.6470588235294118,
  "NewHigh20Pct": 20.0,
  "NewLow20Pct": 0.0,
  "MarketDispersion20Pct": 9.835303346791923,
  "MarketCoMovement20Pct": 75.16129032258064,
  "MarketMedianCorr20": 0.7628638246924513,
  "GeneratedAt": "2026-04-15T23:46:21.600978+07:00"
}
