t,open,high,low,close,volume,date_vn,best_bid,best_ask,bid_volume_1,ask_volume_1,bid_volume_2,ask_volume_2,bid_volume_3,ask_volume_3
1788747300,26.8,26.85,26.75,26.8,13000,2026-09-07,,,,,,,,
1788747360,26.85,26.85,26.8,26.85,11800,2026-09-07,,,,,,,,
1788747420,26.85,26.85,26.8,26.85,10600,2026-09-07,,,,,,,,
1788747480,26.85,26.85,26.8,26.8,9700,2026-09-07,,,,,,,,
1788747540,26.8,26.8,26.8,26.8,13500,2026-09-07,,,,,,,,
1788747600,26.8,26.8,26.75,26.75,3900,2026-09-07,,,,,,,,
1788747660,26.8,26.8,26.7,26.7,28200,2026-09-07,,,,,,,,
1788747720,26.7,26.7,26.65,26.65,24200,2026-09-07,,,,,,,,
1788747780,26.7,26.7,26.65,26.7,11100,2026-09-07,,,,,,,,
1788747840,26.65,26.65,26.65,26.65,39800,2026-09-07,,,,,,,,
1788747900,26.65,26.65,26.6,26.6,39700,2026-09-07,,,,,,,,
1788747960,26.6,26.65,26.6,26.65,29800,2026-09-07,,,,,,,,
1788748020,26.6,26.65,26.6,26.6,18600,2026-09-07,,,,,,,,
1788748080,26.65,26.65,26.55,26.6,51400,2026-09-07,,,,,,,,
1788748140,26.6,26.6,26.6,26.6,23000,2026-09-07,,,,,,,,
1788748200,26.6,26.6,26.55,26.55,26000,2026-09-07,,,,,,,,
1788748260,26.6,26.65,26.55,26.65,43900,2026-09-07,,,,,,,,
1788748320,26.65,26.65,26.6,26.65,12600,2026-09-07,,,,,,,,
1788748380,26.65,26.7,26.65,26.7,37700,2026-09-07,,,,,,,,
1788748440,26.7,26.7,26.7,26.7,8700,2026-09-07,,,,,,,,
1788748500,26.7,26.75,26.7,26.7,11800,2026-09-07,,,,,,,,
1788748560,26.7,26.7,26.65,26.65,15000,2026-09-07,,,,,,,,
1788748620,26.65,26.65,26.65,26.65,16200,2026-09-07,,,,,,,,
1788748680,26.65,26.65,26.6,26.65,7100,2026-09-07,,,,,,,,
1788748740,26.65,26.65,26.65,26.65,12900,2026-09-07,,,,,,,,
1788748800,26.65,26.65,26.65,26.65,9000,2026-09-07,,,,,,,,
1788748860,26.65,26.65,26.6,26.6,7200,2026-09-07,,,,,,,,
1788748920,26.6,26.65,26.6,26.65,24700,2026-09-07,,,,,,,,
1788748980,26.65,26.7,26.65,26.65,10100,2026-09-07,,,,,,,,
1788749040,26.65,26.7,26.65,26.65,30100,2026-09-07,,,,,,,,
1788749100,26.65,26.65,26.65,26.65,7500,2026-09-07,,,,,,,,
1788749160,26.65,26.65,26.6,26.6,9400,2026-09-07,,,,,,,,
1788749220,26.65,26.65,26.6,26.6,51200,2026-09-07,,,,,,,,
1788749280,26.6,26.65,26.6,26.65,6900,2026-09-07,,,,,,,,
1788749340,26.65,26.65,26.65,26.65,10500,2026-09-07,,,,,,,,
1788749400,26.6,26.65,26.6,26.65,2400,2026-09-07,,,,,,,,
1788749460,26.65,26.65,26.65,26.65,2200,2026-09-07,,,,,,,,
1788749520,26.6,26.65,26.6,26.65,4200,2026-09-07,,,,,,,,
1788749580,26.65,26.65,26.6,26.65,51600,2026-09-07,,,,,,,,
1788749640,26.6,26.7,26.6,26.65,18200,2026-09-07,,,,,,,,
1788749700,26.65,26.65,26.65,26.65,1700,2026-09-07,,,,,,,,
1788749760,26.65,26.65,26.65,26.65,1500,2026-09-07,,,,,,,,
1788749820,26.65,26.65,26.65,26.65,9200,2026-09-07,,,,,,,,
1788749880,26.65,26.65,26.6,26.6,15300,2026-09-07,,,,,,,,
1788749940,26.65,26.7,26.65,26.7,24800,2026-09-07,,,,,,,,
1788750000,26.7,26.7,26.7,26.7,1100,2026-09-07,,,,,,,,
1788750060,26.65,26.7,26.65,26.7,39400,2026-09-07,,,,,,,,
1788750120,26.7,26.75,26.7,26.7,3000,2026-09-07,,,,,,,,
1788750180,26.7,26.75,26.7,26.75,4600,2026-09-07,,,,,,,,
1788750240,26.75,26.75,26.75,26.75,900,2026-09-07,,,,,,,,
1788750300,26.75,26.75,26.75,26.75,19600,2026-09-07,,,,,,,,
1788750360,26.7,26.75,26.7,26.7,3600,2026-09-07,,,,,,,,
1788750420,26.7,26.7,26.7,26.7,6400,2026-09-07,,,,,,,,
1788750480,26.7,26.7,26.7,26.7,3300,2026-09-07,,,,,,,,
1788750540,26.7,26.75,26.7,26.75,10200,2026-09-07,,,,,,,,
1788750600,26.75,26.75,26.7,26.75,65400,2026-09-07,,,,,,,,
1788750660,26.75,26.75,26.75,26.75,15800,2026-09-07,,,,,,,,
1788750720,26.8,26.8,26.75,26.75,700,2026-09-07,,,,,,,,
1788750780,26.75,26.75,26.75,26.75,3100,2026-09-07,,,,,,,,
1788750840,26.75,26.75,26.75,26.75,30700,2026-09-07,,,,,,,,
1788750900,26.75,26.75,26.7,26.75,17900,2026-09-07,,,,,,,,
1788750960,26.75,26.75,26.7,26.7,4600,2026-09-07,,,,,,,,
1788751020,26.75,26.75,26.75,26.75,10500,2026-09-07,,,,,,,,
1788751080,26.75,26.75,26.7,26.75,7100,2026-09-07,,,,,,,,
1788751140,26.75,26.75,26.75,26.75,13300,2026-09-07,,,,,,,,
1788751200,26.75,26.8,26.75,26.75,13100,2026-09-07,,,,,,,,
1788751260,26.75,26.75,26.75,26.75,23200,2026-09-07,,,,,,,,
1788751320,26.7,26.75,26.7,26.75,2200,2026-09-07,,,,,,,,
1788751380,26.75,26.75,26.75,26.75,5100,2026-09-07,,,,,,,,
1788751440,26.7,26.75,26.7,26.7,11200,2026-09-07,,,,,,,,
1788751500,26.7,26.7,26.7,26.7,3900,2026-09-07,,,,,,,,
1788751560,26.7,26.7,26.7,26.7,4800,2026-09-07,,,,,,,,
1788751620,26.7,26.7,26.7,26.7,79600,2026-09-07,,,,,,,,
1788751680,26.75,26.75,26.7,26.7,12400,2026-09-07,,,,,,,,
1788751740,26.75,26.75,26.75,26.75,100,2026-09-07,,,,,,,,
1788751800,26.7,26.7,26.7,26.7,4000,2026-09-07,,,,,,,,
1788751860,26.7,26.7,26.7,26.7,5700,2026-09-07,,,,,,,,
1788751920,26.7,26.7,26.7,26.7,3900,2026-09-07,,,,,,,,
1788751980,26.7,26.7,26.7,26.7,700,2026-09-07,,,,,,,,
1788752040,26.75,26.75,26.7,26.7,1800,2026-09-07,,,,,,,,
1788752100,26.7,26.7,26.7,26.7,1600,2026-09-07,,,,,,,,
1788752160,26.7,26.75,26.7,26.75,3100,2026-09-07,,,,,,,,
1788752220,26.7,26.7,26.7,26.7,10000,2026-09-07,,,,,,,,
1788752280,26.7,26.7,26.7,26.7,6600,2026-09-07,,,,,,,,
1788752340,26.7,26.7,26.7,26.7,1200,2026-09-07,,,,,,,,
1788752400,26.7,26.7,26.7,26.7,200,2026-09-07,,,,,,,,
1788752460,26.65,26.7,26.65,26.65,8200,2026-09-07,,,,,,,,
1788752520,26.65,26.7,26.65,26.7,700,2026-09-07,,,,,,,,
1788752580,26.7,26.7,26.65,26.65,68600,2026-09-07,,,,,,,,
1788752640,26.6,26.65,26.6,26.65,1900,2026-09-07,,,,,,,,
1788752700,26.65,26.65,26.65,26.65,5800,2026-09-07,,,,,,,,
1788752760,26.65,26.65,26.6,26.65,26300,2026-09-07,,,,,,,,
1788752820,26.65,26.65,26.65,26.65,42900,2026-09-07,,,,,,,,
1788752880,26.7,26.7,26.65,26.65,4300,2026-09-07,,,,,,,,
1788752940,26.65,26.7,26.65,26.7,19600,2026-09-07,,,,,,,,
1788753000,26.65,26.65,26.6,26.65,23600,2026-09-07,,,,,,,,
1788753060,26.65,26.7,26.65,26.7,4800,2026-09-07,,,,,,,,
1788753120,26.7,26.7,26.7,26.7,1000,2026-09-07,,,,,,,,
1788753180,26.7,26.7,26.7,26.7,300,2026-09-07,,,,,,,,
1788753240,26.7,26.7,26.7,26.7,100,2026-09-07,,,,,,,,
1788753300,26.7,26.7,26.65,26.7,12300,2026-09-07,,,,,,,,
1788753360,26.7,26.7,26.7,26.7,200,2026-09-07,,,,,,,,
1788753420,26.65,26.65,26.65,26.65,3800,2026-09-07,,,,,,,,
1788753480,26.65,26.65,26.6,26.6,40900,2026-09-07,,,,,,,,
1788753540,26.6,26.65,26.6,26.65,9300,2026-09-07,,,,,,,,
1788753600,26.65,26.65,26.65,26.65,100,2026-09-07,,,,,,,,
1788753660,26.65,26.65,26.6,26.6,8100,2026-09-07,,,,,,,,
1788753720,26.6,26.6,26.6,26.6,142500,2026-09-07,,,,,,,,
1788753780,26.6,26.65,26.55,26.65,37100,2026-09-07,,,,,,,,
1788753840,26.6,26.6,26.6,26.6,3300,2026-09-07,,,,,,,,
1788753900,26.6,26.65,26.6,26.65,15600,2026-09-07,,,,,,,,
1788753960,26.65,26.65,26.6,26.6,13000,2026-09-07,,,,,,,,
1788754020,26.6,26.65,26.6,26.65,900,2026-09-07,,,,,,,,
1788754080,26.65,26.65,26.65,26.65,700,2026-09-07,,,,,,,,
1788754140,26.65,26.65,26.6,26.6,2200,2026-09-07,,,,,,,,
1788754200,26.65,26.65,26.6,26.65,6800,2026-09-07,,,,,,,,
1788754260,26.65,26.65,26.6,26.6,30200,2026-09-07,,,,,,,,
1788754320,26.6,26.6,26.6,26.6,3200,2026-09-07,,,,,,,,
1788754380,26.6,26.6,26.55,26.55,5400,2026-09-07,,,,,,,,
1788754440,26.55,26.6,26.55,26.6,5300,2026-09-07,,,,,,,,
1788754500,26.6,26.6,26.55,26.6,19700,2026-09-07,,,,,,,,
1788754560,26.6,26.6,26.55,26.6,18400,2026-09-07,,,,,,,,
1788754620,26.6,26.6,26.55,26.55,6600,2026-09-07,,,,,,,,
1788754680,26.6,26.6,26.6,26.6,4600,2026-09-07,,,,,,,,
1788754740,26.6,26.6,26.55,26.6,5000,2026-09-07,,,,,,,,
1788754860,26.55,26.6,26.55,26.6,7700,2026-09-07,,,,,,,,
1788754920,26.6,26.6,26.55,26.6,17600,2026-09-07,,,,,,,,
1788754980,26.6,26.6,26.55,26.6,11000,2026-09-07,,,,,,,,
1788755040,26.6,26.6,26.55,26.6,14800,2026-09-07,,,,,,,,
1788755100,26.6,26.6,26.55,26.6,2000,2026-09-07,,,,,,,,
1788755160,26.55,26.6,26.5,26.55,156500,2026-09-07,,,,,,,,
1788755220,26.55,26.55,26.5,26.55,27200,2026-09-07,,,,,,,,
1788755280,26.55,26.55,26.55,26.55,39900,2026-09-07,,,,,,,,
1788755340,26.55,26.55,26.5,26.55,44900,2026-09-07,,,,,,,,
1788760800,26.55,26.6,26.5,26.5,193700,2026-09-07,,,,,,,,
1788760860,26.5,26.55,26.5,26.5,94500,2026-09-07,,,,,,,,
1788760920,26.5,26.55,26.5,26.55,10000,2026-09-07,,,,,,,,
1788760980,26.55,26.55,26.5,26.5,16000,2026-09-07,,,,,,,,
1788761040,26.55,26.6,26.5,26.55,75700,2026-09-07,,,,,,,,
1788761100,26.55,26.6,26.45,26.5,110400,2026-09-07,,,,,,,,
1788761160,26.45,26.45,26.4,26.4,237000,2026-09-07,,,,,,,,
1788761220,26.4,26.45,26.4,26.45,56600,2026-09-07,,,,,,,,
1788761280,26.4,26.55,26.4,26.5,212200,2026-09-07,,,,,,,,
1788761340,26.5,26.6,26.5,26.6,32200,2026-09-07,,,,,,,,
1788761400,26.6,26.6,26.55,26.6,10800,2026-09-07,,,,,,,,
1788761460,26.55,26.6,26.55,26.6,72900,2026-09-07,,,,,,,,
1788761520,26.6,26.6,26.55,26.55,11300,2026-09-07,,,,,,,,
1788761580,26.55,26.55,26.5,26.55,54000,2026-09-07,,,,,,,,
1788761640,26.55,26.6,26.5,26.6,24500,2026-09-07,,,,,,,,
1788761700,26.6,26.6,26.55,26.55,28000,2026-09-07,,,,,,,,
1788761760,26.55,26.55,26.5,26.5,43800,2026-09-07,,,,,,,,
1788761820,26.5,26.55,26.45,26.45,82400,2026-09-07,,,,,,,,
1788761880,26.5,26.5,26.4,26.45,76800,2026-09-07,,,,,,,,
1788761940,26.45,26.5,26.45,26.5,49100,2026-09-07,,,,,,,,
1788762000,26.45,26.5,26.45,26.5,3500,2026-09-07,,,,,,,,
1788762060,26.5,26.5,26.45,26.45,85600,2026-09-07,,,,,,,,
1788762120,26.45,26.45,26.4,26.45,14600,2026-09-07,,,,,,,,
1788762180,26.45,26.45,26.4,26.45,115500,2026-09-07,,,,,,,,
1788762240,26.4,26.5,26.4,26.45,67700,2026-09-07,,,,,,,,
1788762300,26.45,26.45,26.4,26.45,35700,2026-09-07,,,,,,,,
1788762360,26.45,26.5,26.45,26.5,14200,2026-09-07,,,,,,,,
1788762420,26.45,26.5,26.45,26.5,14500,2026-09-07,,,,,,,,
1788762480,26.5,26.5,26.45,26.45,1100,2026-09-07,,,,,,,,
1788762540,26.45,26.5,26.45,26.5,14100,2026-09-07,,,,,,,,
1788762600,26.45,26.5,26.45,26.45,37000,2026-09-07,,,,,,,,
1788762660,26.5,26.5,26.4,26.45,112600,2026-09-07,,,,,,,,
1788762720,26.45,26.5,26.4,26.45,48800,2026-09-07,,,,,,,,
1788762780,26.5,26.5,26.45,26.5,66800,2026-09-07,,,,,,,,
1788762840,26.45,26.5,26.45,26.5,19000,2026-09-07,,,,,,,,
1788762900,26.5,26.5,26.5,26.5,57500,2026-09-07,,,,,,,,
1788762960,26.5,26.5,26.5,26.5,14100,2026-09-07,,,,,,,,
1788763020,26.5,26.5,26.45,26.45,3500,2026-09-07,,,,,,,,
1788763080,26.5,26.5,26.45,26.5,9600,2026-09-07,,,,,,,,
1788763140,26.5,26.5,26.45,26.5,46100,2026-09-07,,,,,,,,
1788763200,26.45,26.5,26.45,26.5,24300,2026-09-07,,,,,,,,
1788763260,26.5,26.5,26.45,26.5,17000,2026-09-07,,,,,,,,
1788763320,26.55,26.55,26.55,26.55,500,2026-09-07,,,,,,,,
1788763380,26.55,26.55,26.55,26.55,1600,2026-09-07,,,,,,,,
1788763440,26.55,26.55,26.45,26.5,29800,2026-09-07,,,,,,,,
1788763500,26.45,26.5,26.45,26.5,11600,2026-09-07,,,,,,,,
1788763560,26.5,26.55,26.5,26.5,5500,2026-09-07,,,,,,,,
1788763620,26.5,26.5,26.45,26.5,37400,2026-09-07,,,,,,,,
1788763680,26.5,26.5,26.5,26.5,2000,2026-09-07,,,,,,,,
1788763740,26.5,26.5,26.45,26.45,27300,2026-09-07,,,,,,,,
1788763800,26.45,26.45,26.45,26.45,20200,2026-09-07,,,,,,,,
1788763860,26.45,26.45,26.45,26.45,85700,2026-09-07,,,,,,,,
1788763920,26.45,26.45,26.4,26.45,17300,2026-09-07,,,,,,,,
1788763980,26.45,26.45,26.45,26.45,8500,2026-09-07,,,,,,,,
1788764040,26.45,26.45,26.4,26.4,25000,2026-09-07,,,,,,,,
1788764100,26.4,26.45,26.4,26.4,28300,2026-09-07,,,,,,,,
1788764160,26.4,26.45,26.4,26.4,4700,2026-09-07,,,,,,,,
1788764220,26.45,26.45,26.4,26.4,122700,2026-09-07,,,,,,,,
1788764280,26.4,26.45,26.4,26.4,25800,2026-09-07,,,,,,,,
1788764340,26.4,26.45,26.4,26.4,9300,2026-09-07,,,,,,,,
1788764400,26.4,26.45,26.4,26.4,10200,2026-09-07,,,,,,,,
1788764460,26.4,26.45,26.4,26.4,59800,2026-09-07,,,,,,,,
1788764520,26.45,26.45,26.35,26.35,238300,2026-09-07,,,,,,,,
1788764580,26.35,26.4,26.3,26.35,144000,2026-09-07,,,,,,,,
1788764640,26.3,26.35,26.25,26.25,279300,2026-09-07,,,,,,,,
1788764700,26.25,26.3,26.2,26.25,77100,2026-09-07,,,,,,,,
1788764760,26.25,26.3,26.25,26.25,25400,2026-09-07,,,,,,,,
1788764820,26.25,26.35,26.25,26.3,273400,2026-09-07,,,,,,,,
1788764880,26.35,26.4,26.35,26.35,51800,2026-09-07,,,,,,,,
1788764940,26.35,26.4,26.35,26.35,27000,2026-09-07,,,,,,,,
1788765000,26.35,26.35,26.35,26.35,17800,2026-09-07,,,,,,,,
1788765060,26.35,26.4,26.3,26.3,39100,2026-09-07,,,,,,,,
1788765120,26.3,26.3,26.3,26.3,51500,2026-09-07,,,,,,,,
1788765180,26.3,26.35,26.3,26.3,40800,2026-09-07,,,,,,,,
1788765240,26.35,26.35,26.3,26.3,11900,2026-09-07,,,,,,,,
1788765300,26.3,26.35,26.3,26.3,51700,2026-09-07,,,,,,,,
1788765360,26.3,26.35,26.3,26.35,19400,2026-09-07,,,,,,,,
1788765420,26.3,26.3,26.3,26.3,62400,2026-09-07,,,,,,,,
1788765480,26.3,26.35,26.3,26.3,49600,2026-09-07,,,,,,,,
1788765540,26.3,26.35,26.3,26.3,44200,2026-09-07,,,,,,,,
1788765600,26.3,26.35,26.3,26.3,29800,2026-09-07,,,,,,,,
1788765660,26.3,26.35,26.3,26.3,50200,2026-09-07,,,,,,,,
1788765720,26.3,26.35,26.3,26.3,44600,2026-09-07,,,,,,,,
1788765780,26.35,26.35,26.3,26.3,21200,2026-09-07,,,,,,,,
1788765840,26.3,26.35,26.3,26.35,108200,2026-09-07,,,,,,,,
1788765900,26.3,26.35,26.3,26.3,302500,2026-09-07,,,,,,,,
1788765960,26.3,26.35,26.2,26.25,213400,2026-09-07,,,,,,,,
1788766020,26.25,26.3,26.2,26.25,93300,2026-09-07,,,,,,,,
1788766080,26.25,26.3,26.2,26.25,80000,2026-09-07,,,,,,,,
1788766140,26.25,26.25,26.2,26.25,101300,2026-09-07,,,,,,,,
1788767100,26.3,26.3,26.3,26.3,903700,2026-09-07,,,,,,,,
1788833700,26.35,26.4,26.35,26.4,39200,2026-09-08,,,,,,,,
1788833760,26.45,26.45,26.4,26.45,2900,2026-09-08,,,,,,,,
1788833820,26.45,26.5,26.45,26.5,49000,2026-09-08,,,,,,,,
1788833880,26.55,26.55,26.5,26.5,31000,2026-09-08,,,,,,,,
1788833940,26.5,26.5,26.45,26.5,29100,2026-09-08,,,,,,,,
1788834000,26.5,26.5,26.45,26.45,3700,2026-09-08,,,,,,,,
1788834060,26.5,26.5,26.45,26.5,3800,2026-09-08,,,,,,,,
1788834120,26.5,26.5,26.45,26.45,2000,2026-09-08,,,,,,,,
1788834180,26.5,26.5,26.45,26.45,6100,2026-09-08,,,,,,,,
1788834240,26.45,26.5,26.45,26.5,3700,2026-09-08,,,,,,,,
1788834300,26.45,26.45,26.45,26.45,28400,2026-09-08,,,,,,,,
1788834360,26.4,26.4,26.4,26.4,21800,2026-09-08,,,,,,,,
1788834420,26.4,26.4,26.4,26.4,200,2026-09-08,,,,,,,,
1788834480,26.4,26.4,26.4,26.4,25300,2026-09-08,,,,,,,,
1788834540,26.35,26.4,26.35,26.4,3600,2026-09-08,,,,,,,,
1788834600,26.4,26.4,26.3,26.35,23900,2026-09-08,,,,,,,,
1788834660,26.35,26.35,26.35,26.35,8700,2026-09-08,,,,,,,,
1788834720,26.35,26.35,26.35,26.35,5600,2026-09-08,,,,,,,,
1788834780,26.35,26.35,26.3,26.35,4100,2026-09-08,,,,,,,,
1788834840,26.35,26.35,26.3,26.35,600,2026-09-08,,,,,,,,
1788834900,26.35,26.35,26.3,26.35,7200,2026-09-08,,,,,,,,
1788834960,26.3,26.3,26.3,26.3,7400,2026-09-08,,,,,,,,
1788835020,26.3,26.35,26.3,26.35,4500,2026-09-08,,,,,,,,
1788835080,26.35,26.35,26.3,26.3,600,2026-09-08,,,,,,,,
1788835140,26.35,26.35,26.35,26.35,5300,2026-09-08,,,,,,,,
1788835200,26.35,26.4,26.35,26.4,17200,2026-09-08,,,,,,,,
1788835260,26.4,26.4,26.4,26.4,5700,2026-09-08,,,,,,,,
1788835320,26.4,26.4,26.35,26.4,7200,2026-09-08,,,,,,,,
1788835380,26.4,26.4,26.4,26.4,12500,2026-09-08,,,,,,,,
1788835440,26.4,26.45,26.4,26.4,4000,2026-09-08,,,,,,,,
1788835500,26.45,26.45,26.4,26.45,1900,2026-09-08,,,,,,,,
1788835560,26.45,26.45,26.4,26.45,4200,2026-09-08,,,,,,,,
1788835620,26.45,26.45,26.45,26.45,3200,2026-09-08,,,,,,,,
1788835680,26.45,26.45,26.4,26.45,12800,2026-09-08,,,,,,,,
1788835740,26.4,26.45,26.4,26.45,7600,2026-09-08,,,,,,,,
1788835800,26.45,26.45,26.45,26.45,100,2026-09-08,,,,,,,,
1788835860,26.45,26.45,26.45,26.45,1500,2026-09-08,,,,,,,,
1788835920,26.45,26.45,26.4,26.4,400,2026-09-08,,,,,,,,
1788835980,26.4,26.4,26.4,26.4,5800,2026-09-08,,,,,,,,
1788836040,26.4,26.45,26.4,26.4,9300,2026-09-08,,,,,,,,
1788836100,26.4,26.45,26.4,26.45,4100,2026-09-08,,,,,,,,
1788836160,26.45,26.45,26.4,26.4,1500,2026-09-08,,,,,,,,
1788836220,26.4,26.45,26.4,26.4,45300,2026-09-08,,,,,,,,
1788836280,26.4,26.4,26.4,26.4,22900,2026-09-08,,,,,,,,
1788836340,26.4,26.4,26.4,26.4,1900,2026-09-08,,,,,,,,
1788836400,26.4,26.4,26.35,26.4,4700,2026-09-08,,,,,,,,
1788836460,26.35,26.4,26.35,26.35,28800,2026-09-08,,,,,,,,
1788836520,26.35,26.35,26.35,26.35,200,2026-09-08,,,,,,,,
1788836580,26.35,26.35,26.35,26.35,2600,2026-09-08,,,,,,,,
1788836640,26.35,26.4,26.35,26.4,5400,2026-09-08,,,,,,,,
1788836700,26.35,26.35,26.35,26.35,300,2026-09-08,,,,,,,,
1788836760,26.4,26.4,26.35,26.35,5100,2026-09-08,,,,,,,,
1788836820,26.35,26.4,26.35,26.35,24500,2026-09-08,,,,,,,,
1788836880,26.4,26.4,26.4,26.4,26500,2026-09-08,,,,,,,,
1788836940,26.4,26.4,26.4,26.4,20900,2026-09-08,,,,,,,,
1788837000,26.4,26.4,26.35,26.4,6700,2026-09-08,,,,,,,,
1788837060,26.4,26.4,26.4,26.4,1200,2026-09-08,,,,,,,,
1788837120,26.4,26.4,26.4,26.4,14400,2026-09-08,,,,,,,,
1788837180,26.4,26.4,26.35,26.4,6400,2026-09-08,,,,,,,,
1788837240,26.4,26.4,26.4,26.4,700,2026-09-08,,,,,,,,
1788837300,26.4,26.4,26.4,26.4,3900,2026-09-08,,,,,,,,
1788837360,26.4,26.4,26.4,26.4,1600,2026-09-08,,,,,,,,
1788837420,26.4,26.45,26.4,26.45,3600,2026-09-08,,,,,,,,
1788837480,26.4,26.45,26.4,26.45,6000,2026-09-08,,,,,,,,
1788837540,26.45,26.45,26.45,26.45,1800,2026-09-08,,,,,,,,
1788837600,26.45,26.45,26.4,26.45,46800,2026-09-08,,,,,,,,
1788837660,26.4,26.45,26.4,26.45,34800,2026-09-08,,,,,,,,
1788837720,26.5,26.5,26.5,26.5,30000,2026-09-08,,,,,,,,
1788837780,26.5,26.55,26.45,26.5,31500,2026-09-08,,,,,,,,
1788837840,26.55,26.55,26.45,26.55,22600,2026-09-08,,,,,,,,
1788837900,26.55,26.55,26.5,26.55,27300,2026-09-08,,,,,,,,
1788837960,26.55,26.55,26.5,26.5,1300,2026-09-08,,,,,,,,
1788838020,26.5,26.5,26.5,26.5,12400,2026-09-08,,,,,,,,
1788838080,26.55,26.55,26.5,26.55,10200,2026-09-08,,,,,,,,
1788838140,26.55,26.55,26.5,26.5,14300,2026-09-08,,,,,,,,
1788838200,26.5,26.5,26.45,26.45,10100,2026-09-08,,,,,,,,
1788838260,26.45,26.5,26.45,26.45,2200,2026-09-08,,,,,,,,
1788838320,26.45,26.45,26.4,26.45,69500,2026-09-08,,,,,,,,
1788838380,26.5,26.5,26.4,26.4,15200,2026-09-08,,,,,,,,
1788838440,26.4,26.45,26.4,26.4,34000,2026-09-08,,,,,,,,
1788838500,26.45,26.45,26.4,26.4,2100,2026-09-08,,,,,,,,
1788838560,26.45,26.5,26.45,26.5,12000,2026-09-08,,,,,,,,
1788838620,26.5,26.5,26.5,26.5,12600,2026-09-08,,,,,,,,
1788838680,26.5,26.5,26.45,26.5,2200,2026-09-08,,,,,,,,
1788838740,26.5,26.5,26.45,26.5,18600,2026-09-08,,,,,,,,
1788838800,26.45,26.45,26.45,26.45,5800,2026-09-08,,,,,,,,
1788838860,26.45,26.45,26.45,26.45,1200,2026-09-08,,,,,,,,
1788838920,26.45,26.45,26.4,26.4,9000,2026-09-08,,,,,,,,
1788838980,26.4,26.4,26.4,26.4,1000,2026-09-08,,,,,,,,
1788839040,26.45,26.45,26.45,26.45,300,2026-09-08,,,,,,,,
1788839100,26.45,26.45,26.4,26.4,10200,2026-09-08,,,,,,,,
1788839160,26.45,26.45,26.4,26.4,2000,2026-09-08,,,,,,,,
1788839220,26.4,26.45,26.4,26.45,15100,2026-09-08,,,,,,,,
1788839280,26.4,26.45,26.4,26.45,26300,2026-09-08,,,,,,,,
1788839340,26.45,26.45,26.4,26.45,16100,2026-09-08,,,,,,,,
1788839400,26.45,26.45,26.45,26.45,14800,2026-09-08,,,,,,,,
1788839460,26.5,26.5,26.45,26.45,11600,2026-09-08,,,,,,,,
1788839520,26.5,26.5,26.5,26.5,400,2026-09-08,,,,,,,,
1788839640,26.5,26.5,26.45,26.45,12500,2026-09-08,,,,,,,,
1788839700,26.45,26.45,26.45,26.45,5800,2026-09-08,,,,,,,,
1788839760,26.5,26.5,26.5,26.5,400,2026-09-08,,,,,,,,
1788839820,26.5,26.5,26.4,26.5,10300,2026-09-08,,,,,,,,
1788839880,26.45,26.5,26.4,26.4,3800,2026-09-08,,,,,,,,
1788839940,26.5,26.5,26.5,26.5,1800,2026-09-08,,,,,,,,
1788840000,26.5,26.5,26.45,26.45,9500,2026-09-08,,,,,,,,
1788840060,26.45,26.5,26.45,26.5,3600,2026-09-08,,,,,,,,
1788840120,26.45,26.5,26.45,26.45,3800,2026-09-08,,,,,,,,
1788840180,26.45,26.45,26.45,26.45,400,2026-09-08,,,,,,,,
1788840240,26.4,26.45,26.4,26.45,8600,2026-09-08,,,,,,,,
1788840300,26.45,26.45,26.4,26.45,800,2026-09-08,,,,,,,,
1788840360,26.45,26.45,26.45,26.45,2100,2026-09-08,,,,,,,,
1788840420,26.4,26.4,26.4,26.4,8000,2026-09-08,,,,,,,,
1788840480,26.45,26.45,26.45,26.45,3000,2026-09-08,,,,,,,,
1788840540,26.45,26.45,26.45,26.45,4400,2026-09-08,,,,,,,,
1788840600,26.45,26.45,26.4,26.45,16200,2026-09-08,,,,,,,,
1788840660,26.45,26.5,26.45,26.5,7800,2026-09-08,,,,,,,,
1788840720,26.45,26.5,26.45,26.45,2900,2026-09-08,,,,,,,,
1788840780,26.45,26.45,26.45,26.45,8200,2026-09-08,,,,,,,,
1788840840,26.45,26.45,26.45,26.45,1600,2026-09-08,,,,,,,,
1788840900,26.45,26.45,26.45,26.45,18500,2026-09-08,,,,,,,,
1788840960,26.4,26.4,26.4,26.4,8100,2026-09-08,,,,,,,,
1788841080,26.4,26.4,26.4,26.4,1100,2026-09-08,,,,,,,,
1788841140,26.4,26.4,26.4,26.4,36000,2026-09-08,,,,,,,,
1788841200,26.4,26.4,26.4,26.4,300,2026-09-08,,,,,,,,
1788841260,26.4,26.4,26.4,26.4,21700,2026-09-08,,,,,,,,
1788841320,26.4,26.4,26.35,26.35,13600,2026-09-08,,,,,,,,
1788841380,26.4,26.4,26.35,26.4,36800,2026-09-08,,,,,,,,
1788841440,26.45,26.45,26.45,26.45,6900,2026-09-08,,,,,,,,
1788841500,26.45,26.45,26.4,26.45,10500,2026-09-08,,,,,,,,
1788841560,26.45,26.45,26.4,26.4,2500,2026-09-08,,,,,,,,
1788841620,26.4,26.4,26.4,26.4,1000,2026-09-08,,,,,,,,
1788841680,26.45,26.45,26.4,26.4,8400,2026-09-08,,,,,,,,
1788841740,26.4,26.4,26.4,26.4,1500,2026-09-08,,,,,,,,
1788847200,26.45,26.45,26.4,26.45,29900,2026-09-08,,,,,,,,
1788847260,26.45,26.45,26.4,26.45,4700,2026-09-08,,,,,,,,
1788847320,26.45,26.45,26.4,26.4,15800,2026-09-08,,,,,,,,
1788847380,26.45,26.45,26.45,26.45,3000,2026-09-08,,,,,,,,
1788847440,26.45,26.5,26.4,26.45,15900,2026-09-08,,,,,,,,
1788847500,26.45,26.5,26.45,26.5,6300,2026-09-08,,,,,,,,
1788847560,26.45,26.45,26.45,26.45,6000,2026-09-08,,,,,,,,
1788847620,26.45,26.5,26.45,26.45,19500,2026-09-08,,,,,,,,
1788847680,26.45,26.5,26.45,26.5,8700,2026-09-08,,,,,,,,
1788847740,26.45,26.5,26.45,26.45,6600,2026-09-08,,,,,,,,
1788847800,26.45,26.45,26.4,26.45,57700,2026-09-08,,,,,,,,
1788847860,26.4,26.45,26.4,26.4,11000,2026-09-08,,,,,,,,
1788847920,26.45,26.45,26.4,26.4,4300,2026-09-08,,,,,,,,
1788847980,26.4,26.4,26.4,26.4,68600,2026-09-08,,,,,,,,
1788848040,26.4,26.4,26.4,26.4,4600,2026-09-08,,,,,,,,
1788848100,26.4,26.4,26.4,26.4,16200,2026-09-08,,,,,,,,
1788848160,26.4,26.45,26.4,26.4,11900,2026-09-08,,,,,,,,
1788848220,26.45,26.45,26.4,26.4,4200,2026-09-08,,,,,,,,
1788848280,26.4,26.45,26.4,26.4,7400,2026-09-08,,,,,,,,
1788848340,26.4,26.4,26.4,26.4,34100,2026-09-08,,,,,,,,
1788848400,26.4,26.4,26.35,26.35,9800,2026-09-08,,,,,,,,
1788848460,26.4,26.4,26.35,26.35,23000,2026-09-08,,,,,,,,
1788848520,26.4,26.4,26.35,26.4,13500,2026-09-08,,,,,,,,
1788848580,26.4,26.4,26.4,26.4,4300,2026-09-08,,,,,,,,
1788848640,26.4,26.4,26.4,26.4,5300,2026-09-08,,,,,,,,
1788848700,26.4,26.4,26.4,26.4,8500,2026-09-08,,,,,,,,
1788848760,26.4,26.45,26.35,26.45,54500,2026-09-08,,,,,,,,
1788848820,26.4,26.45,26.4,26.4,6200,2026-09-08,,,,,,,,
1788848880,26.4,26.45,26.4,26.45,33300,2026-09-08,,,,,,,,
1788848940,26.45,26.45,26.45,26.45,21900,2026-09-08,,,,,,,,
1788849000,26.45,26.5,26.4,26.4,31000,2026-09-08,,,,,,,,
1788849060,26.4,26.4,26.4,26.4,4200,2026-09-08,,,,,,,,
1788849120,26.4,26.4,26.4,26.4,4000,2026-09-08,,,,,,,,
1788849180,26.4,26.45,26.4,26.45,38800,2026-09-08,,,,,,,,
1788849240,26.5,26.5,26.45,26.45,8200,2026-09-08,,,,,,,,
1788849300,26.45,26.45,26.4,26.45,86500,2026-09-08,,,,,,,,
1788849360,26.5,26.5,26.45,26.5,35000,2026-09-08,,,,,,,,
1788849420,26.45,26.45,26.45,26.45,7900,2026-09-08,,,,,,,,
1788849480,26.45,26.45,26.45,26.45,3600,2026-09-08,,,,,,,,
1788849540,26.45,26.5,26.45,26.45,38600,2026-09-08,,,,,,,,
1788849600,26.45,26.5,26.45,26.45,4900,2026-09-08,,,,,,,,
1788849660,26.5,26.5,26.45,26.45,3300,2026-09-08,,,,,,,,
1788849720,26.45,26.5,26.45,26.5,8100,2026-09-08,,,,,,,,
1788849780,26.5,26.5,26.45,26.45,4300,2026-09-08,,,,,,,,
1788849840,26.45,26.5,26.45,26.5,7800,2026-09-08,,,,,,,,
1788849900,26.45,26.5,26.45,26.5,66800,2026-09-08,,,,,,,,
1788849960,26.55,26.6,26.5,26.6,114900,2026-09-08,,,,,,,,
1788850020,26.6,26.6,26.55,26.55,25900,2026-09-08,,,,,,,,
1788850080,26.55,26.6,26.55,26.6,50300,2026-09-08,,,,,,,,
1788850140,26.6,26.65,26.6,26.6,70700,2026-09-08,,,,,,,,
1788850200,26.6,26.6,26.6,26.6,34200,2026-09-08,,,,,,,,
1788850260,26.6,26.65,26.6,26.6,14200,2026-09-08,,,,,,,,
1788850320,26.6,26.65,26.55,26.55,50200,2026-09-08,,,,,,,,
1788850380,26.55,26.6,26.55,26.55,28400,2026-09-08,,,,,,,,
1788850440,26.55,26.55,26.5,26.5,23000,2026-09-08,,,,,,,,
1788850500,26.5,26.5,26.5,26.5,13000,2026-09-08,,,,,,,,
1788850560,26.5,26.55,26.5,26.5,6400,2026-09-08,,,,,,,,
1788850620,26.5,26.5,26.5,26.5,8400,2026-09-08,,,,,,,,
1788850680,26.5,26.5,26.45,26.45,27900,2026-09-08,,,,,,,,
1788850740,26.45,26.5,26.45,26.5,7100,2026-09-08,,,,,,,,
1788850800,26.5,26.55,26.45,26.5,28700,2026-09-08,,,,,,,,
1788850860,26.45,26.55,26.45,26.5,17500,2026-09-08,,,,,,,,
1788850920,26.5,26.6,26.5,26.6,99400,2026-09-08,,,,,,,,
1788850980,26.6,26.75,26.55,26.75,195700,2026-09-08,,,,,,,,
1788851040,26.75,27.0,26.7,26.95,758700,2026-09-08,,,,,,,,
1788851100,27.0,27.2,27.0,27.15,411100,2026-09-08,,,,,,,,
1788851160,27.2,27.2,27.1,27.15,270900,2026-09-08,,,,,,,,
1788851220,27.15,27.15,27.05,27.05,205800,2026-09-08,,,,,,,,
1788851280,27.05,27.1,27.0,27.05,134500,2026-09-08,,,,,,,,
1788851340,27.1,27.15,27.05,27.1,194400,2026-09-08,,,,,,,,
1788851400,27.1,27.2,27.1,27.15,223500,2026-09-08,,,,,,,,
1788851460,27.15,27.2,27.1,27.1,93000,2026-09-08,,,,,,,,
1788851520,27.1,27.15,27.1,27.1,162900,2026-09-08,,,,,,,,
1788851580,27.05,27.1,27.0,27.05,39900,2026-09-08,,,,,,,,
1788851640,27.0,27.05,26.95,27.0,60900,2026-09-08,,,,,,,,
1788851700,27.0,27.05,26.95,27.0,139400,2026-09-08,,,,,,,,
1788851760,27.05,27.1,27.0,27.05,95600,2026-09-08,,,,,,,,
1788851820,27.05,27.1,27.05,27.05,32100,2026-09-08,,,,,,,,
1788851880,27.05,27.1,27.0,27.05,118300,2026-09-08,,,,,,,,
1788851940,27.05,27.1,27.0,27.05,96600,2026-09-08,,,,,,,,
1788852000,27.05,27.1,27.0,27.0,64900,2026-09-08,,,,,,,,
1788852060,27.0,27.05,27.0,27.0,41500,2026-09-08,,,,,,,,
1788852120,27.0,27.05,26.95,26.95,128500,2026-09-08,,,,,,,,
1788852180,26.95,26.95,26.9,26.95,40100,2026-09-08,,,,,,,,
1788852240,26.9,26.95,26.9,26.95,34300,2026-09-08,,,,,,,,
1788852300,27.0,27.0,26.9,26.95,45300,2026-09-08,,,,,,,,
1788852360,26.95,27.0,26.9,27.0,90400,2026-09-08,,,,,,,,
1788852420,26.95,27.0,26.95,26.95,58500,2026-09-08,,,,,,,,
1788852480,26.95,27.0,26.95,26.95,30300,2026-09-08,,,,,,,,
1788852540,26.95,27.0,26.95,27.0,83200,2026-09-08,,,,,,,,
1788853500,27.0,27.0,27.0,27.0,474700,2026-09-08,,,,,,,,
1788920100,27.4,27.4,27.35,27.4,303400,2026-09-09,,,,,,,,
1788920160,27.4,27.5,27.4,27.45,265100,2026-09-09,,,,,,,,
1788920220,27.5,27.6,27.5,27.55,144700,2026-09-09,,,,,,,,
1788920280,27.5,27.55,27.4,27.4,87200,2026-09-09,,,,,,,,
1788920340,27.4,27.4,27.35,27.35,105900,2026-09-09,,,,,,,,
1788920400,27.35,27.4,27.35,27.4,101400,2026-09-09,,,,,,,,
1788920460,27.4,27.45,27.35,27.4,31500,2026-09-09,,,,,,,,
1788920520,27.4,27.4,27.35,27.35,33200,2026-09-09,,,,,,,,
1788920580,27.4,27.4,27.35,27.4,16200,2026-09-09,,,,,,,,
1788920640,27.4,27.4,27.35,27.35,32800,2026-09-09,,,,,,,,
1788920700,27.35,27.35,27.35,27.35,25100,2026-09-09,,,,,,,,
1788920760,27.35,27.35,27.3,27.35,15500,2026-09-09,,,,,,,,
1788920820,27.3,27.35,27.3,27.35,48800,2026-09-09,,,,,,,,
1788920880,27.35,27.35,27.3,27.3,23200,2026-09-09,,,,,,,,
1788920940,27.3,27.3,27.3,27.3,12800,2026-09-09,,,,,,,,
1788921000,27.3,27.35,27.3,27.3,11600,2026-09-09,,,,,,,,
1788921060,27.3,27.35,27.3,27.3,48000,2026-09-09,,,,,,,,
1788921120,27.3,27.35,27.3,27.3,61800,2026-09-09,,,,,,,,
1788921180,27.3,27.3,27.25,27.25,10500,2026-09-09,,,,,,,,
1788921240,27.25,27.25,27.25,27.25,25100,2026-09-09,,,,,,,,
1788921300,27.25,27.25,27.2,27.2,129300,2026-09-09,,,,,,,,
1788921360,27.2,27.2,27.2,27.2,22200,2026-09-09,,,,,,,,
1788921420,27.2,27.2,27.15,27.2,18600,2026-09-09,,,,,,,,
1788921480,27.15,27.2,27.15,27.2,8400,2026-09-09,,,,,,,,
1788921540,27.2,27.2,27.15,27.15,11300,2026-09-09,,,,,,,,
1788921600,27.15,27.15,27.15,27.15,11700,2026-09-09,,,,,,,,
1788921660,27.15,27.2,27.15,27.2,3300,2026-09-09,,,,,,,,
1788921720,27.15,27.15,27.15,27.15,3200,2026-09-09,,,,,,,,
1788921780,27.15,27.2,27.15,27.15,25600,2026-09-09,,,,,,,,
1788921840,27.15,27.15,27.15,27.15,10000,2026-09-09,,,,,,,,
1788921900,27.15,27.2,27.15,27.2,28500,2026-09-09,,,,,,,,
1788921960,27.2,27.2,27.15,27.15,22100,2026-09-09,,,,,,,,
1788922020,27.2,27.2,27.15,27.2,14000,2026-09-09,,,,,,,,
1788922080,27.2,27.25,27.15,27.25,178100,2026-09-09,,,,,,,,
1788922140,27.25,27.3,27.25,27.3,104400,2026-09-09,,,,,,,,
1788922200,27.25,27.3,27.25,27.3,67200,2026-09-09,,,,,,,,
1788922260,27.3,27.4,27.3,27.35,90400,2026-09-09,,,,,,,,
1788922320,27.4,27.4,27.35,27.35,24200,2026-09-09,,,,,,,,
1788922380,27.35,27.35,27.3,27.35,81400,2026-09-09,,,,,,,,
1788922440,27.35,27.35,27.3,27.3,17800,2026-09-09,,,,,,,,
1788922500,27.3,27.3,27.3,27.3,3900,2026-09-09,,,,,,,,
1788922560,27.35,27.35,27.3,27.3,3800,2026-09-09,,,,,,,,
1788922620,27.3,27.35,27.3,27.35,8000,2026-09-09,,,,,,,,
1788922680,27.35,27.35,27.3,27.3,6800,2026-09-09,,,,,,,,
1788922740,27.3,27.35,27.3,27.35,38300,2026-09-09,,,,,,,,
1788922800,27.3,27.35,27.3,27.35,5400,2026-09-09,,,,,,,,
1788922860,27.35,27.35,27.3,27.35,67200,2026-09-09,,,,,,,,
1788922920,27.4,27.5,27.35,27.5,384500,2026-09-09,,,,,,,,
1788922980,27.5,27.7,27.5,27.7,1086800,2026-09-09,,,,,,,,
1788923040,27.7,27.7,27.65,27.65,124800,2026-09-09,,,,,,,,
1788923100,27.65,27.9,27.65,27.9,799400,2026-09-09,,,,,,,,
1788923160,27.85,27.9,27.7,27.8,295400,2026-09-09,,,,,,,,
1788923220,27.75,27.75,27.7,27.75,106900,2026-09-09,,,,,,,,
1788923280,27.7,27.75,27.65,27.7,123900,2026-09-09,,,,,,,,
1788923340,27.7,27.8,27.7,27.75,116400,2026-09-09,,,,,,,,
1788923400,27.8,27.9,27.75,27.9,489900,2026-09-09,,,,,,,,
1788923460,27.9,28.0,27.85,28.0,873000,2026-09-09,,,,,,,,
1788923520,28.0,28.1,27.95,28.05,390200,2026-09-09,,,,,,,,
1788923580,28.05,28.1,28.0,28.1,246100,2026-09-09,,,,,,,,
1788923640,28.1,28.15,28.05,28.1,102200,2026-09-09,,,,,,,,
1788923700,28.15,28.2,28.1,28.2,252400,2026-09-09,,,,,,,,
1788923760,28.15,28.2,28.1,28.15,176200,2026-09-09,,,,,,,,
1788923820,28.15,28.15,28.0,28.05,270000,2026-09-09,,,,,,,,
1788923880,28.05,28.1,28.0,28.0,255700,2026-09-09,,,,,,,,
1788923940,28.0,28.0,27.95,27.95,34600,2026-09-09,,,,,,,,
1788924000,28.0,28.0,27.95,27.95,27800,2026-09-09,,,,,,,,
1788924060,27.95,28.0,27.95,27.95,131400,2026-09-09,,,,,,,,
1788924120,27.9,27.95,27.9,27.9,51300,2026-09-09,,,,,,,,
1788924180,27.9,27.95,27.85,27.9,74500,2026-09-09,,,,,,,,
1788924240,27.9,27.95,27.9,27.9,125400,2026-09-09,,,,,,,,
1788924300,27.9,27.9,27.85,27.85,15900,2026-09-09,,,,,,,,
1788924360,27.9,27.9,27.8,27.85,81700,2026-09-09,,,,,,,,
1788924420,27.85,27.85,27.8,27.8,59300,2026-09-09,,,,,,,,
1788924480,27.85,27.85,27.75,27.8,62400,2026-09-09,,,,,,,,
1788924540,27.8,27.8,27.75,27.8,55400,2026-09-09,,,,,,,,
1788924600,27.8,27.85,27.8,27.85,124400,2026-09-09,,,,,,,,
1788924660,27.8,27.85,27.8,27.85,35100,2026-09-09,,,,,,,,
1788924720,27.85,27.9,27.85,27.9,83200,2026-09-09,,,,,,,,
1788924780,27.85,27.95,27.85,27.95,67700,2026-09-09,,,,,,,,
1788924840,27.9,27.95,27.9,27.9,25000,2026-09-09,,,,,,,,
1788924900,27.95,27.95,27.85,27.9,26400,2026-09-09,,,,,,,,
1788924960,27.85,27.85,27.85,27.85,4800,2026-09-09,,,,,,,,
1788925020,27.85,27.9,27.85,27.85,26000,2026-09-09,,,,,,,,
1788925080,27.9,27.9,27.85,27.85,16100,2026-09-09,,,,,,,,
1788925140,27.85,27.9,27.85,27.9,12700,2026-09-09,,,,,,,,
1788925200,27.9,27.9,27.85,27.85,78100,2026-09-09,,,,,,,,
1788925260,27.85,27.9,27.85,27.85,38500,2026-09-09,,,,,,,,
1788925320,27.85,27.9,27.85,27.9,34200,2026-09-09,,,,,,,,
1788925380,27.9,27.9,27.85,27.85,26600,2026-09-09,,,,,,,,
1788925440,27.85,27.9,27.85,27.9,74800,2026-09-09,,,,,,,,
1788925500,27.9,27.9,27.85,27.9,12300,2026-09-09,,,,,,,,
1788925560,27.85,27.9,27.85,27.85,7100,2026-09-09,,,,,,,,
1788925620,27.9,27.9,27.85,27.85,25500,2026-09-09,,,,,,,,
1788925680,27.85,27.85,27.85,27.85,157800,2026-09-09,,,,,,,,
1788925740,27.8,27.85,27.8,27.8,52200,2026-09-09,,,,,,,,
1788925800,27.8,27.8,27.8,27.8,14100,2026-09-09,,,,,,,,
1788925860,27.8,27.85,27.75,27.8,118700,2026-09-09,,,,,,,,
1788925920,27.8,27.8,27.75,27.75,19600,2026-09-09,,,,,,,,
1788925980,27.75,27.8,27.75,27.8,14600,2026-09-09,,,,,,,,
1788926040,27.75,27.8,27.75,27.8,62100,2026-09-09,,,,,,,,
1788926100,27.8,27.8,27.75,27.75,56600,2026-09-09,,,,,,,,
1788926160,27.75,27.8,27.75,27.8,17300,2026-09-09,,,,,,,,
1788926220,27.8,27.85,27.8,27.85,98000,2026-09-09,,,,,,,,
1788926280,27.85,27.85,27.8,27.85,20000,2026-09-09,,,,,,,,
1788926340,27.85,27.9,27.85,27.85,75900,2026-09-09,,,,,,,,
1788926400,27.85,27.9,27.85,27.9,28800,2026-09-09,,,,,,,,
1788926460,27.85,27.85,27.85,27.85,16700,2026-09-09,,,,,,,,
1788926520,27.85,27.9,27.85,27.85,53100,2026-09-09,,,,,,,,
1788926580,27.85,27.85,27.85,27.85,19500,2026-09-09,,,,,,,,
1788926640,27.85,27.85,27.85,27.85,5800,2026-09-09,,,,,,,,
1788926700,27.85,27.85,27.8,27.85,7300,2026-09-09,,,,,,,,
1788926760,27.85,27.9,27.85,27.85,38400,2026-09-09,,,,,,,,
1788926820,27.85,27.9,27.85,27.85,125900,2026-09-09,,,,,,,,
1788926880,27.85,27.85,27.85,27.85,13000,2026-09-09,,,,,,,,
1788926940,27.85,27.9,27.85,27.85,12200,2026-09-09,,,,,,,,
1788927000,27.8,27.85,27.8,27.85,5700,2026-09-09,,,,,,,,
1788927060,27.85,27.85,27.8,27.8,1800,2026-09-09,,,,,,,,
1788927120,27.8,27.85,27.8,27.8,4100,2026-09-09,,,,,,,,
1788927180,27.8,27.8,27.8,27.8,4600,2026-09-09,,,,,,,,
1788927240,27.8,27.8,27.75,27.8,62300,2026-09-09,,,,,,,,
1788927300,27.8,27.8,27.75,27.75,113900,2026-09-09,,,,,,,,
1788927360,27.8,27.8,27.75,27.8,8200,2026-09-09,,,,,,,,
1788927420,27.75,27.75,27.7,27.75,39600,2026-09-09,,,,,,,,
1788927480,27.75,27.75,27.7,27.7,7900,2026-09-09,,,,,,,,
1788927540,27.7,27.7,27.7,27.7,47100,2026-09-09,,,,,,,,
1788927600,27.7,27.75,27.7,27.7,41800,2026-09-09,,,,,,,,
1788927660,27.7,27.75,27.7,27.7,8700,2026-09-09,,,,,,,,
1788927720,27.7,27.7,27.7,27.7,14000,2026-09-09,,,,,,,,
1788927780,27.7,27.7,27.7,27.7,19800,2026-09-09,,,,,,,,
1788927840,27.7,27.7,27.7,27.7,34500,2026-09-09,,,,,,,,
1788927900,27.7,27.7,27.7,27.7,4600,2026-09-09,,,,,,,,
1788927960,27.7,27.7,27.7,27.7,32500,2026-09-09,,,,,,,,
1788928020,27.7,27.7,27.65,27.7,26600,2026-09-09,,,,,,,,
1788928080,27.7,27.7,27.65,27.65,34600,2026-09-09,,,,,,,,
1788928140,27.65,27.7,27.65,27.7,30100,2026-09-09,,,,,,,,
1788933600,27.7,27.7,27.6,27.6,176700,2026-09-09,,,,,,,,
1788933660,27.6,27.7,27.6,27.7,44000,2026-09-09,,,,,,,,
1788933720,27.65,27.7,27.65,27.65,8700,2026-09-09,,,,,,,,
1788933780,27.65,27.7,27.65,27.65,9100,2026-09-09,,,,,,,,
1788933840,27.65,27.7,27.65,27.65,34300,2026-09-09,,,,,,,,
1788933900,27.65,27.7,27.65,27.65,89300,2026-09-09,,,,,,,,
1788933960,27.65,27.7,27.65,27.65,11800,2026-09-09,,,,,,,,
1788934020,27.65,27.7,27.6,27.65,100100,2026-09-09,,,,,,,,
1788934080,27.65,27.65,27.65,27.65,8500,2026-09-09,,,,,,,,
1788934140,27.6,27.65,27.6,27.6,65700,2026-09-09,,,,,,,,
1788934200,27.6,27.65,27.6,27.65,11900,2026-09-09,,,,,,,,
1788934260,27.65,27.65,27.6,27.6,6900,2026-09-09,,,,,,,,
1788934320,27.65,27.65,27.6,27.65,22200,2026-09-09,,,,,,,,
1788934380,27.6,27.65,27.6,27.65,7100,2026-09-09,,,,,,,,
1788934440,27.6,27.65,27.6,27.65,22200,2026-09-09,,,,,,,,
1788934500,27.65,27.65,27.6,27.65,43900,2026-09-09,,,,,,,,
1788934560,27.65,27.65,27.6,27.65,5200,2026-09-09,,,,,,,,
1788934620,27.65,27.65,27.6,27.6,6800,2026-09-09,,,,,,,,
1788934680,27.6,27.65,27.6,27.6,8400,2026-09-09,,,,,,,,
1788934740,27.65,27.65,27.6,27.65,3500,2026-09-09,,,,,,,,
1788934800,27.6,27.65,27.6,27.6,6600,2026-09-09,,,,,,,,
1788934860,27.6,27.6,27.6,27.6,87400,2026-09-09,,,,,,,,
1788934920,27.6,27.6,27.55,27.6,23200,2026-09-09,,,,,,,,
1788934980,27.6,27.6,27.55,27.6,5800,2026-09-09,,,,,,,,
1788935040,27.6,27.6,27.55,27.55,18900,2026-09-09,,,,,,,,
1788935100,27.55,27.6,27.55,27.55,58100,2026-09-09,,,,,,,,
1788935160,27.6,27.6,27.55,27.55,41900,2026-09-09,,,,,,,,
1788935220,27.6,27.6,27.55,27.6,54700,2026-09-09,,,,,,,,
1788935280,27.6,27.6,27.55,27.6,7100,2026-09-09,,,,,,,,
1788935340,27.55,27.6,27.55,27.55,33500,2026-09-09,,,,,,,,
1788935400,27.55,27.55,27.55,27.55,37500,2026-09-09,,,,,,,,
1788935460,27.55,27.55,27.5,27.5,103700,2026-09-09,,,,,,,,
1788935520,27.5,27.5,27.5,27.5,27800,2026-09-09,,,,,,,,
1788935580,27.5,27.55,27.5,27.55,23100,2026-09-09,,,,,,,,
1788935640,27.55,27.55,27.5,27.55,72400,2026-09-09,,,,,,,,
1788935700,27.5,27.5,27.45,27.5,101200,2026-09-09,,,,,,,,
1788935760,27.5,27.55,27.5,27.55,17100,2026-09-09,,,,,,,,
1788935820,27.55,27.55,27.5,27.55,8900,2026-09-09,,,,,,,,
1788935880,27.5,27.55,27.5,27.5,16000,2026-09-09,,,,,,,,
1788935940,27.5,27.55,27.5,27.55,47400,2026-09-09,,,,,,,,
1788936000,27.55,27.6,27.5,27.55,26700,2026-09-09,,,,,,,,
1788936060,27.5,27.55,27.5,27.55,6900,2026-09-09,,,,,,,,
1788936120,27.55,27.55,27.5,27.55,42000,2026-09-09,,,,,,,,
1788936180,27.6,27.6,27.55,27.55,27900,2026-09-09,,,,,,,,
1788936240,27.6,27.6,27.55,27.6,17700,2026-09-09,,,,,,,,
1788936300,27.6,27.6,27.55,27.6,25600,2026-09-09,,,,,,,,
1788936360,27.55,27.6,27.55,27.6,72500,2026-09-09,,,,,,,,
1788936420,27.6,27.65,27.6,27.65,98800,2026-09-09,,,,,,,,
1788936480,27.65,27.65,27.65,27.65,39200,2026-09-09,,,,,,,,
1788936540,27.6,27.65,27.6,27.65,28400,2026-09-09,,,,,,,,
1788936600,27.65,27.65,27.55,27.55,80800,2026-09-09,,,,,,,,
1788936660,27.6,27.6,27.55,27.6,34000,2026-09-09,,,,,,,,
1788936720,27.6,27.6,27.55,27.6,2700,2026-09-09,,,,,,,,
1788936780,27.6,27.6,27.55,27.55,1800,2026-09-09,,,,,,,,
1788936840,27.55,27.6,27.55,27.6,2900,2026-09-09,,,,,,,,
1788936900,27.55,27.6,27.55,27.6,9000,2026-09-09,,,,,,,,
1788936960,27.6,27.6,27.55,27.6,100900,2026-09-09,,,,,,,,
1788937020,27.6,27.6,27.55,27.6,56000,2026-09-09,,,,,,,,
1788937080,27.6,27.6,27.55,27.55,1300,2026-09-09,,,,,,,,
1788937140,27.6,27.6,27.55,27.55,3600,2026-09-09,,,,,,,,
1788937200,27.55,27.6,27.5,27.5,45400,2026-09-09,,,,,,,,
1788937260,27.5,27.55,27.5,27.5,34100,2026-09-09,,,,,,,,
1788937320,27.55,27.55,27.5,27.5,108900,2026-09-09,,,,,,,,
1788937380,27.5,27.5,27.45,27.5,23100,2026-09-09,,,,,,,,
1788937440,27.5,27.5,27.45,27.5,39600,2026-09-09,,,,,,,,
1788937500,27.5,27.5,27.45,27.5,15400,2026-09-09,,,,,,,,
1788937560,27.5,27.5,27.45,27.45,40900,2026-09-09,,,,,,,,
1788937620,27.45,27.5,27.45,27.45,18900,2026-09-09,,,,,,,,
1788937680,27.45,27.5,27.45,27.5,20900,2026-09-09,,,,,,,,
1788937740,27.45,27.55,27.45,27.5,118000,2026-09-09,,,,,,,,
1788937800,27.5,27.55,27.45,27.5,56600,2026-09-09,,,,,,,,
1788937860,27.5,27.5,27.45,27.5,4700,2026-09-09,,,,,,,,
1788937920,27.5,27.5,27.45,27.45,19300,2026-09-09,,,,,,,,
1788937980,27.5,27.5,27.45,27.45,8800,2026-09-09,,,,,,,,
1788938040,27.45,27.5,27.4,27.4,162500,2026-09-09,,,,,,,,
1788938100,27.4,27.4,27.35,27.35,64500,2026-09-09,,,,,,,,
1788938160,27.35,27.4,27.35,27.35,62000,2026-09-09,,,,,,,,
1788938220,27.4,27.4,27.35,27.4,42100,2026-09-09,,,,,,,,
1788938280,27.4,27.45,27.35,27.4,49900,2026-09-09,,,,,,,,
1788938340,27.45,27.45,27.4,27.4,27200,2026-09-09,,,,,,,,
1788938400,27.45,27.45,27.4,27.45,50400,2026-09-09,,,,,,,,
1788938460,27.45,27.5,27.4,27.5,42800,2026-09-09,,,,,,,,
1788938520,27.5,27.5,27.45,27.45,24100,2026-09-09,,,,,,,,
1788938580,27.45,27.45,27.4,27.45,58300,2026-09-09,,,,,,,,
1788938640,27.45,27.45,27.4,27.4,28200,2026-09-09,,,,,,,,
1788938700,27.45,27.45,27.4,27.4,98500,2026-09-09,,,,,,,,
1788938760,27.4,27.45,27.4,27.4,64800,2026-09-09,,,,,,,,
1788938820,27.4,27.4,27.4,27.4,41600,2026-09-09,,,,,,,,
1788938880,27.4,27.4,27.35,27.35,39200,2026-09-09,,,,,,,,
1788938940,27.35,27.4,27.35,27.35,191600,2026-09-09,,,,,,,,
1788939900,27.35,27.35,27.35,27.35,691400,2026-09-09,,,,,,,,
1789006500,27.7,27.75,27.55,27.75,117800,2026-09-10,,,,,,,,
1789006560,27.7,27.75,27.65,27.7,38500,2026-09-10,,,,,,,,
1789006620,27.7,27.7,27.65,27.65,21700,2026-09-10,,,,,,,,
1789006680,27.65,27.7,27.6,27.6,49400,2026-09-10,,,,,,,,
1789006740,27.6,27.65,27.6,27.6,60500,2026-09-10,,,,,,,,
1789006800,27.6,27.7,27.6,27.7,84600,2026-09-10,,,,,,,,
1789006860,27.7,27.75,27.7,27.7,107700,2026-09-10,,,,,,,,
1789006920,27.75,27.75,27.7,27.75,50500,2026-09-10,,,,,,,,
1789006980,27.75,27.75,27.7,27.75,12300,2026-09-10,,,,,,,,
1789007040,27.75,27.75,27.7,27.7,40600,2026-09-10,,,,,,,,
1789007100,27.7,27.8,27.7,27.8,97000,2026-09-10,,,,,,,,
1789007160,27.8,27.85,27.8,27.8,93200,2026-09-10,,,,,,,,
1789007220,27.85,27.85,27.8,27.8,103300,2026-09-10,,,,,,,,
1789007280,27.75,27.8,27.75,27.75,24500,2026-09-10,,,,,,,,
1789007340,27.75,27.75,27.7,27.7,72800,2026-09-10,,,,,,,,
1789007400,27.7,27.75,27.7,27.75,33100,2026-09-10,,,,,,,,
1789007460,27.7,27.75,27.7,27.7,95000,2026-09-10,,,,,,,,
1789007520,27.7,27.7,27.7,27.7,37200,2026-09-10,,,,,,,,
1789007580,27.65,27.7,27.65,27.7,4600,2026-09-10,,,,,,,,
1789007640,27.65,27.65,27.65,27.65,500,2026-09-10,,,,,,,,
1789007700,27.65,27.7,27.65,27.7,34500,2026-09-10,,,,,,,,
1789007760,27.7,27.7,27.65,27.7,3000,2026-09-10,,,,,,,,
1789007820,27.7,27.7,27.7,27.7,700,2026-09-10,,,,,,,,
1789007880,27.7,27.7,27.65,27.65,11500,2026-09-10,,,,,,,,
1789007940,27.65,27.65,27.65,27.65,15600,2026-09-10,,,,,,,,
1789008000,27.65,27.7,27.65,27.65,14700,2026-09-10,,,,,,,,
1789008060,27.7,27.7,27.65,27.65,14500,2026-09-10,,,,,,,,
1789008120,27.65,27.65,27.65,27.65,7800,2026-09-10,,,,,,,,
1789008180,27.65,27.7,27.65,27.7,3400,2026-09-10,,,,,,,,
1789008240,27.7,27.7,27.65,27.65,45400,2026-09-10,,,,,,,,
1789008300,27.65,27.65,27.65,27.65,16200,2026-09-10,,,,,,,,
1789008360,27.65,27.7,27.65,27.65,36900,2026-09-10,,,,,,,,
1789008420,27.65,27.7,27.65,27.65,21800,2026-09-10,,,,,,,,
1789008480,27.65,27.7,27.65,27.65,3300,2026-09-10,,,,,,,,
1789008540,27.65,27.7,27.65,27.65,7200,2026-09-10,,,,,,,,
1789008600,27.65,27.7,27.65,27.7,24400,2026-09-10,,,,,,,,
1789008660,27.7,27.75,27.65,27.75,189400,2026-09-10,,,,,,,,
1789008720,27.75,27.75,27.7,27.7,11500,2026-09-10,,,,,,,,
1789008780,27.75,27.75,27.7,27.75,95300,2026-09-10,,,,,,,,
1789008840,27.8,27.8,27.7,27.75,67600,2026-09-10,,,,,,,,
1789008900,27.75,27.8,27.7,27.7,151000,2026-09-10,,,,,,,,
1789008960,27.7,27.75,27.7,27.75,9400,2026-09-10,,,,,,,,
1789009020,27.75,27.8,27.75,27.8,5200,2026-09-10,,,,,,,,
1789009080,27.75,27.8,27.75,27.8,20100,2026-09-10,,,,,,,,
1789009140,27.8,27.8,27.75,27.8,34200,2026-09-10,,,,,,,,
1789009200,27.75,27.75,27.75,27.75,51500,2026-09-10,,,,,,,,
1789009260,27.8,27.8,27.75,27.75,56600,2026-09-10,,,,,,,,
1789009320,27.75,27.8,27.75,27.75,60000,2026-09-10,,,,,,,,
1789009380,27.75,27.75,27.75,27.75,34300,2026-09-10,,,,,,,,
1789009440,27.7,27.75,27.7,27.7,17900,2026-09-10,,,,,,,,
1789009500,27.7,27.75,27.7,27.7,32000,2026-09-10,,,,,,,,
1789009560,27.7,27.7,27.65,27.65,12900,2026-09-10,,,,,,,,
1789009620,27.65,27.7,27.65,27.7,14800,2026-09-10,,,,,,,,
1789009680,27.7,27.7,27.7,27.7,3800,2026-09-10,,,,,,,,
1789009740,27.7,27.7,27.65,27.65,53400,2026-09-10,,,,,,,,
1789009800,27.65,27.7,27.65,27.7,4000,2026-09-10,,,,,,,,
1789009860,27.65,27.7,27.65,27.7,89100,2026-09-10,,,,,,,,
1789009920,27.7,27.75,27.7,27.75,8900,2026-09-10,,,,,,,,
1789010040,27.75,27.75,27.7,27.7,2400,2026-09-10,,,,,,,,
1789010100,27.7,27.75,27.7,27.75,5500,2026-09-10,,,,,,,,
1789010160,27.75,27.75,27.7,27.75,2700,2026-09-10,,,,,,,,
1789010220,27.75,27.75,27.7,27.75,4600,2026-09-10,,,,,,,,
1789010280,27.7,27.75,27.7,27.7,30800,2026-09-10,,,,,,,,
1789010340,27.7,27.7,27.7,27.7,34400,2026-09-10,,,,,,,,
1789010400,27.7,27.7,27.7,27.7,24500,2026-09-10,,,,,,,,
1789010460,27.7,27.75,27.7,27.75,24500,2026-09-10,,,,,,,,
1789010520,27.75,27.75,27.7,27.7,29100,2026-09-10,,,,,,,,
1789010580,27.7,27.7,27.65,27.65,3300,2026-09-10,,,,,,,,
1789010640,27.7,27.7,27.65,27.65,5100,2026-09-10,,,,,,,,
1789010700,27.7,27.7,27.65,27.65,3700,2026-09-10,,,,,,,,
1789010760,27.65,27.65,27.6,27.6,45400,2026-09-10,,,,,,,,
1789010820,27.6,27.65,27.6,27.6,11400,2026-09-10,,,,,,,,
1789010880,27.6,27.6,27.6,27.6,77900,2026-09-10,,,,,,,,
1789010940,27.6,27.6,27.55,27.55,14900,2026-09-10,,,,,,,,
1789011000,27.55,27.6,27.55,27.6,19400,2026-09-10,,,,,,,,
1789011060,27.55,27.6,27.55,27.6,3900,2026-09-10,,,,,,,,
1789011120,27.6,27.6,27.55,27.55,5900,2026-09-10,,,,,,,,
1789011180,27.55,27.55,27.55,27.55,2700,2026-09-10,,,,,,,,
1789011240,27.55,27.6,27.55,27.6,600,2026-09-10,,,,,,,,
1789011300,27.6,27.6,27.6,27.6,500,2026-09-10,,,,,,,,
1789011360,27.6,27.6,27.55,27.55,5100,2026-09-10,,,,,,,,
1789011420,27.55,27.6,27.55,27.55,15900,2026-09-10,,,,,,,,
1789011480,27.6,27.6,27.55,27.55,4400,2026-09-10,,,,,,,,
1789011540,27.55,27.55,27.4,27.4,130800,2026-09-10,,,,,,,,
1789011600,27.45,27.45,27.45,27.45,7400,2026-09-10,,,,,,,,
1789011660,27.45,27.5,27.35,27.35,341000,2026-09-10,,,,,,,,
1789011720,27.3,27.35,27.3,27.35,34900,2026-09-10,,,,,,,,
1789011780,27.35,27.35,27.3,27.35,14900,2026-09-10,,,,,,,,
1789011840,27.35,27.35,27.3,27.35,16600,2026-09-10,,,,,,,,
1789011900,27.3,27.3,27.3,27.3,139900,2026-09-10,,,,,,,,
1789011960,27.3,27.3,27.25,27.25,41900,2026-09-10,,,,,,,,
1789012020,27.25,27.3,27.25,27.3,54200,2026-09-10,,,,,,,,
1789012080,27.3,27.35,27.3,27.3,37300,2026-09-10,,,,,,,,
1789012140,27.3,27.35,27.3,27.35,63500,2026-09-10,,,,,,,,
1789012200,27.35,27.4,27.35,27.35,9300,2026-09-10,,,,,,,,
1789012260,27.35,27.4,27.35,27.35,31700,2026-09-10,,,,,,,,
1789012320,27.35,27.4,27.35,27.4,5900,2026-09-10,,,,,,,,
1789012380,27.4,27.4,27.3,27.35,62200,2026-09-10,,,,,,,,
1789012440,27.35,27.35,27.3,27.3,61500,2026-09-10,,,,,,,,
1789012500,27.3,27.3,27.3,27.3,23600,2026-09-10,,,,,,,,
1789012560,27.3,27.35,27.3,27.35,3700,2026-09-10,,,,,,,,
1789012620,27.35,27.35,27.3,27.35,3600,2026-09-10,,,,,,,,
1789012680,27.35,27.35,27.35,27.35,2800,2026-09-10,,,,,,,,
1789012740,27.35,27.45,27.35,27.4,163900,2026-09-10,,,,,,,,
1789012800,27.4,27.4,27.4,27.4,31500,2026-09-10,,,,,,,,
1789012860,27.4,27.4,27.35,27.35,6600,2026-09-10,,,,,,,,
1789012920,27.4,27.4,27.35,27.35,153400,2026-09-10,,,,,,,,
1789012980,27.35,27.35,27.3,27.3,105600,2026-09-10,,,,,,,,
1789013040,27.3,27.35,27.3,27.35,3400,2026-09-10,,,,,,,,
1789013100,27.3,27.35,27.3,27.35,1600,2026-09-10,,,,,,,,
1789013160,27.3,27.3,27.3,27.3,4300,2026-09-10,,,,,,,,
1789013220,27.3,27.35,27.3,27.35,51000,2026-09-10,,,,,,,,
1789013280,27.3,27.3,27.3,27.3,14300,2026-09-10,,,,,,,,
1789013400,27.3,27.35,27.3,27.3,9300,2026-09-10,,,,,,,,
1789013460,27.35,27.35,27.3,27.35,22500,2026-09-10,,,,,,,,
1789013520,27.3,27.3,27.3,27.3,1300,2026-09-10,,,,,,,,
1789013580,27.3,27.35,27.3,27.35,5600,2026-09-10,,,,,,,,
1789013640,27.35,27.35,27.3,27.3,3700,2026-09-10,,,,,,,,
1789013700,27.3,27.35,27.3,27.3,4600,2026-09-10,,,,,,,,
1789013760,27.3,27.3,27.3,27.3,7800,2026-09-10,,,,,,,,
1789013820,27.3,27.35,27.3,27.35,3800,2026-09-10,,,,,,,,
1789013880,27.35,27.35,27.3,27.3,4400,2026-09-10,,,,,,,,
1789013940,27.3,27.35,27.3,27.3,22300,2026-09-10,,,,,,,,
1789014000,27.3,27.3,27.3,27.3,7700,2026-09-10,,,,,,,,
1789014060,27.35,27.35,27.3,27.3,2100,2026-09-10,,,,,,,,
1789014120,27.3,27.35,27.3,27.3,87900,2026-09-10,,,,,,,,
1789014180,27.35,27.35,27.35,27.35,1700,2026-09-10,,,,,,,,
1789014240,27.35,27.4,27.35,27.4,2900,2026-09-10,,,,,,,,
1789014300,27.35,27.35,27.35,27.35,16800,2026-09-10,,,,,,,,
1789014420,27.35,27.35,27.35,27.35,3600,2026-09-10,,,,,,,,
1789014480,27.35,27.4,27.35,27.35,27700,2026-09-10,,,,,,,,
1789014540,27.35,27.4,27.3,27.35,33700,2026-09-10,,,,,,,,
1789020000,27.3,27.35,27.3,27.35,103200,2026-09-10,,,,,,,,
1789020060,27.35,27.4,27.3,27.35,74500,2026-09-10,,,,,,,,
1789020120,27.35,27.4,27.3,27.3,46000,2026-09-10,,,,,,,,
1789020180,27.35,27.35,27.3,27.3,25200,2026-09-10,,,,,,,,
1789020240,27.35,27.35,27.3,27.35,21500,2026-09-10,,,,,,,,
1789020300,27.35,27.35,27.3,27.3,5400,2026-09-10,,,,,,,,
1789020360,27.3,27.35,27.3,27.3,7200,2026-09-10,,,,,,,,
1789020420,27.3,27.3,27.25,27.25,39600,2026-09-10,,,,,,,,
1789020480,27.25,27.3,27.2,27.25,125100,2026-09-10,,,,,,,,
1789020540,27.3,27.3,27.25,27.25,5200,2026-09-10,,,,,,,,
1789020600,27.25,27.3,27.2,27.2,37200,2026-09-10,,,,,,,,
1789020660,27.25,27.25,27.15,27.15,185300,2026-09-10,,,,,,,,
1789020720,27.15,27.15,27.1,27.1,26600,2026-09-10,,,,,,,,
1789020780,27.1,27.15,27.1,27.15,38900,2026-09-10,,,,,,,,
1789020840,27.15,27.2,27.15,27.15,114100,2026-09-10,,,,,,,,
1789020900,27.15,27.2,27.15,27.2,23200,2026-09-10,,,,,,,,
1789020960,27.2,27.2,27.15,27.15,50500,2026-09-10,,,,,,,,
1789021020,27.15,27.2,27.15,27.2,17000,2026-09-10,,,,,,,,
1789021080,27.15,27.2,27.15,27.2,11700,2026-09-10,,,,,,,,
1789021140,27.2,27.25,27.15,27.2,52000,2026-09-10,,,,,,,,
1789021200,27.25,27.25,27.2,27.25,30000,2026-09-10,,,,,,,,
1789021260,27.25,27.25,27.25,27.25,14500,2026-09-10,,,,,,,,
1789021320,27.25,27.3,27.25,27.3,24200,2026-09-10,,,,,,,,
1789021380,27.3,27.3,27.25,27.3,12100,2026-09-10,,,,,,,,
1789021440,27.3,27.3,27.25,27.25,19200,2026-09-10,,,,,,,,
1789021500,27.25,27.25,27.2,27.2,13500,2026-09-10,,,,,,,,
1789021560,27.2,27.25,27.2,27.2,19800,2026-09-10,,,,,,,,
1789021620,27.25,27.25,27.2,27.25,16200,2026-09-10,,,,,,,,
1789021680,27.25,27.25,27.2,27.25,31700,2026-09-10,,,,,,,,
1789021740,27.25,27.3,27.25,27.25,19000,2026-09-10,,,,,,,,
1789021800,27.3,27.3,27.25,27.3,22800,2026-09-10,,,,,,,,
1789021860,27.25,27.3,27.25,27.25,8700,2026-09-10,,,,,,,,
1789021920,27.3,27.3,27.25,27.25,12300,2026-09-10,,,,,,,,
1789021980,27.25,27.3,27.25,27.3,25400,2026-09-10,,,,,,,,
1789022040,27.3,27.3,27.25,27.3,7700,2026-09-10,,,,,,,,
1789022100,27.3,27.35,27.3,27.3,25100,2026-09-10,,,,,,,,
1789022160,27.3,27.3,27.3,27.3,10500,2026-09-10,,,,,,,,
1789022220,27.3,27.3,27.2,27.2,99500,2026-09-10,,,,,,,,
1789022280,27.25,27.25,27.15,27.15,115300,2026-09-10,,,,,,,,
1789022340,27.2,27.2,27.15,27.15,53200,2026-09-10,,,,,,,,
1789022400,27.2,27.2,27.15,27.2,10100,2026-09-10,,,,,,,,
1789022460,27.15,27.2,27.15,27.2,14500,2026-09-10,,,,,,,,
1789022520,27.2,27.2,27.2,27.2,63800,2026-09-10,,,,,,,,
1789022580,27.2,27.25,27.2,27.25,39200,2026-09-10,,,,,,,,
1789022640,27.25,27.3,27.25,27.25,29300,2026-09-10,,,,,,,,
1789022700,27.2,27.25,27.15,27.2,58700,2026-09-10,,,,,,,,
1789022760,27.2,27.2,27.2,27.2,5100,2026-09-10,,,,,,,,
1789022820,27.15,27.2,27.15,27.2,18500,2026-09-10,,,,,,,,
1789022880,27.2,27.25,27.2,27.2,68800,2026-09-10,,,,,,,,
1789022940,27.2,27.25,27.2,27.25,20200,2026-09-10,,,,,,,,
1789023000,27.2,27.25,27.2,27.2,45900,2026-09-10,,,,,,,,
1789023060,27.2,27.25,27.2,27.2,2300,2026-09-10,,,,,,,,
1789023120,27.2,27.2,27.2,27.2,58000,2026-09-10,,,,,,,,
1789023180,27.2,27.2,27.15,27.2,19600,2026-09-10,,,,,,,,
1789023240,27.15,27.2,27.15,27.15,109900,2026-09-10,,,,,,,,
1789023300,27.2,27.2,27.15,27.15,5600,2026-09-10,,,,,,,,
1789023360,27.2,27.2,27.15,27.2,8000,2026-09-10,,,,,,,,
1789023420,27.15,27.15,27.15,27.15,5300,2026-09-10,,,,,,,,
1789023480,27.15,27.2,27.15,27.15,25300,2026-09-10,,,,,,,,
1789023540,27.15,27.2,27.15,27.2,10700,2026-09-10,,,,,,,,
1789023600,27.15,27.2,27.15,27.2,45700,2026-09-10,,,,,,,,
1789023660,27.2,27.2,27.15,27.2,56200,2026-09-10,,,,,,,,
1789023720,27.25,27.25,27.25,27.25,700,2026-09-10,,,,,,,,
1789023780,27.25,27.25,27.2,27.25,32700,2026-09-10,,,,,,,,
1789023840,27.25,27.25,27.25,27.25,15900,2026-09-10,,,,,,,,
1789023900,27.25,27.3,27.25,27.3,10500,2026-09-10,,,,,,,,
1789023960,27.3,27.3,27.25,27.25,6800,2026-09-10,,,,,,,,
1789024020,27.3,27.3,27.25,27.25,34800,2026-09-10,,,,,,,,
1789024080,27.3,27.3,27.25,27.25,6900,2026-09-10,,,,,,,,
1789024140,27.3,27.3,27.3,27.3,2400,2026-09-10,,,,,,,,
1789024200,27.3,27.3,27.25,27.25,72300,2026-09-10,,,,,,,,
1789024260,27.25,27.25,27.2,27.2,73500,2026-09-10,,,,,,,,
1789024320,27.2,27.2,27.2,27.2,2000,2026-09-10,,,,,,,,
1789024380,27.25,27.25,27.15,27.2,121100,2026-09-10,,,,,,,,
1789024440,27.15,27.2,27.15,27.2,12200,2026-09-10,,,,,,,,
1789024500,27.2,27.2,27.15,27.15,13500,2026-09-10,,,,,,,,
1789024560,27.15,27.2,27.15,27.15,94400,2026-09-10,,,,,,,,
1789024620,27.1,27.15,27.1,27.15,59200,2026-09-10,,,,,,,,
1789024680,27.1,27.15,27.1,27.1,188000,2026-09-10,,,,,,,,
1789024740,27.1,27.1,27.05,27.05,69600,2026-09-10,,,,,,,,
1789024800,27.05,27.1,27.05,27.1,125900,2026-09-10,,,,,,,,
1789024860,27.05,27.1,27.05,27.05,62400,2026-09-10,,,,,,,,
1789024920,27.1,27.1,27.05,27.1,57600,2026-09-10,,,,,,,,
1789024980,27.15,27.15,27.1,27.1,95500,2026-09-10,,,,,,,,
1789025040,27.2,27.2,27.15,27.15,14400,2026-09-10,,,,,,,,
1789025100,27.15,27.2,27.15,27.15,29500,2026-09-10,,,,,,,,
1789025160,27.15,27.2,27.15,27.2,5300,2026-09-10,,,,,,,,
1789025220,27.15,27.2,27.1,27.15,23400,2026-09-10,,,,,,,,
1789025280,27.15,27.2,27.15,27.15,24700,2026-09-10,,,,,,,,
1789025340,27.15,27.2,27.15,27.2,69200,2026-09-10,,,,,,,,
1789026300,27.1,27.1,27.1,27.1,204500,2026-09-10,,,,,,,,
1789092900,27.6,27.75,27.6,27.75,344400,2026-09-11,,,,,,,,
1789092960,27.75,27.8,27.7,27.75,119400,2026-09-11,,,,,,,,
1789093020,27.75,27.75,27.6,27.6,82000,2026-09-11,,,,,,,,
1789093080,27.6,27.65,27.6,27.65,74700,2026-09-11,,,,,,,,
1789093140,27.6,27.65,27.6,27.6,73200,2026-09-11,,,,,,,,
1789093200,27.6,27.65,27.55,27.6,97700,2026-09-11,,,,,,,,
1789093260,27.6,27.6,27.55,27.55,37100,2026-09-11,,,,,,,,
1789093320,27.6,27.6,27.55,27.55,14100,2026-09-11,,,,,,,,
1789093380,27.55,27.6,27.55,27.55,20700,2026-09-11,,,,,,,,
1789093440,27.55,27.6,27.55,27.55,54800,2026-09-11,,,,,,,,
1789093500,27.55,27.55,27.5,27.55,48600,2026-09-11,,,,,,,,
1789093560,27.55,27.55,27.5,27.5,12300,2026-09-11,,,,,,,,
1789093620,27.55,27.55,27.5,27.5,2300,2026-09-11,,,,,,,,
1789093680,27.5,27.55,27.5,27.5,46700,2026-09-11,,,,,,,,
1789093740,27.5,27.5,27.5,27.5,5100,2026-09-11,,,,,,,,
1789093800,27.5,27.55,27.45,27.45,62200,2026-09-11,,,,,,,,
1789093860,27.45,27.5,27.45,27.5,11600,2026-09-11,,,,,,,,
1789093920,27.45,27.5,27.45,27.5,9100,2026-09-11,,,,,,,,
1789093980,27.45,27.55,27.45,27.55,72000,2026-09-11,,,,,,,,
1789094040,27.55,27.65,27.5,27.65,368900,2026-09-11,,,,,,,,
1789094100,27.65,27.7,27.65,27.7,43400,2026-09-11,,,,,,,,
1789094160,27.7,27.85,27.65,27.85,501800,2026-09-11,,,,,,,,
1789094220,27.8,27.95,27.8,27.95,208700,2026-09-11,,,,,,,,
1789094280,27.9,27.95,27.9,27.9,95600,2026-09-11,,,,,,,,
1789094340,27.9,27.9,27.85,27.85,46200,2026-09-11,,,,,,,,
1789094400,27.85,27.85,27.75,27.75,22100,2026-09-11,,,,,,,,
1789094460,27.75,27.8,27.75,27.75,44800,2026-09-11,,,,,,,,
1789094520,27.75,27.8,27.75,27.75,21300,2026-09-11,,,,,,,,
1789094580,27.75,27.8,27.75,27.8,9100,2026-09-11,,,,,,,,
1789094640,27.8,27.85,27.8,27.8,61900,2026-09-11,,,,,,,,
1789094700,27.8,27.85,27.8,27.8,49300,2026-09-11,,,,,,,,
1789094760,27.8,27.8,27.75,27.75,39200,2026-09-11,,,,,,,,
1789094820,27.8,27.8,27.75,27.75,15800,2026-09-11,,,,,,,,
1789094880,27.75,27.8,27.75,27.8,78100,2026-09-11,,,,,,,,
1789094940,27.75,27.85,27.75,27.8,122800,2026-09-11,,,,,,,,
1789095000,27.8,27.85,27.75,27.75,30800,2026-09-11,,,,,,,,
1789095060,27.75,27.85,27.75,27.8,16400,2026-09-11,,,,,,,,
1789095120,27.8,27.85,27.8,27.8,18200,2026-09-11,,,,,,,,
1789095180,27.8,27.85,27.8,27.85,125100,2026-09-11,,,,,,,,
1789095240,27.85,27.9,27.85,27.9,30000,2026-09-11,,,,,,,,
1789095300,27.9,27.95,27.85,27.9,234200,2026-09-11,,,,,,,,
1789095360,27.9,27.95,27.9,27.9,78100,2026-09-11,,,,,,,,
1789095420,27.95,28.05,27.9,28.05,904000,2026-09-11,,,,,,,,
1789095480,28.05,28.2,28.0,28.2,509000,2026-09-11,,,,,,,,
1789095540,28.2,28.2,28.1,28.1,288500,2026-09-11,,,,,,,,
1789095600,28.1,28.1,27.95,28.0,111400,2026-09-11,,,,,,,,
1789095660,27.95,28.0,27.95,27.95,85000,2026-09-11,,,,,,,,
1789095720,28.0,28.05,27.95,28.0,141100,2026-09-11,,,,,,,,
1789095780,28.0,28.05,28.0,28.05,97200,2026-09-11,,,,,,,,
1789095840,28.0,28.05,27.95,27.95,37500,2026-09-11,,,,,,,,
1789095900,27.95,28.0,27.95,27.95,37500,2026-09-11,,,,,,,,
1789095960,28.0,28.0,27.95,27.95,40300,2026-09-11,,,,,,,,
1789096020,27.95,28.0,27.95,28.0,115700,2026-09-11,,,,,,,,
1789096080,27.95,27.95,27.9,27.9,76000,2026-09-11,,,,,,,,
1789096140,27.95,27.95,27.9,27.9,23100,2026-09-11,,,,,,,,
1789096200,27.9,27.95,27.85,27.9,66600,2026-09-11,,,,,,,,
1789096260,27.9,27.95,27.9,27.9,126600,2026-09-11,,,,,,,,
1789096320,27.85,27.9,27.85,27.85,39000,2026-09-11,,,,,,,,
1789096380,27.85,27.9,27.85,27.85,29600,2026-09-11,,,,,,,,
1789096440,27.85,27.85,27.8,27.8,14800,2026-09-11,,,,,,,,
1789096500,27.8,27.8,27.8,27.8,22700,2026-09-11,,,,,,,,
1789096560,27.8,27.85,27.8,27.8,45700,2026-09-11,,,,,,,,
1789096620,27.8,27.85,27.75,27.8,32800,2026-09-11,,,,,,,,
1789096680,27.8,27.85,27.75,27.75,54700,2026-09-11,,,,,,,,
1789096740,27.75,27.8,27.75,27.75,76800,2026-09-11,,,,,,,,
1789096800,27.75,27.75,27.75,27.75,23100,2026-09-11,,,,,,,,
1789096860,27.75,27.75,27.75,27.75,5700,2026-09-11,,,,,,,,
1789096920,27.75,27.8,27.75,27.75,6200,2026-09-11,,,,,,,,
1789096980,27.8,27.8,27.75,27.75,1100,2026-09-11,,,,,,,,
1789097040,27.75,27.75,27.75,27.75,17200,2026-09-11,,,,,,,,
1789097100,27.8,27.8,27.75,27.75,7500,2026-09-11,,,,,,,,
1789097160,27.75,27.8,27.7,27.7,75000,2026-09-11,,,,,,,,
1789097220,27.7,27.75,27.7,27.7,17900,2026-09-11,,,,,,,,
1789097280,27.7,27.75,27.7,27.7,4600,2026-09-11,,,,,,,,
1789097340,27.75,27.75,27.7,27.75,8300,2026-09-11,,,,,,,,
1789097400,27.75,27.75,27.7,27.75,28900,2026-09-11,,,,,,,,
1789097460,27.75,27.75,27.75,27.75,26700,2026-09-11,,,,,,,,
1789097520,27.75,27.75,27.75,27.75,8900,2026-09-11,,,,,,,,
1789097580,27.75,27.8,27.7,27.75,43800,2026-09-11,,,,,,,,
1789097640,27.75,27.75,27.7,27.75,2400,2026-09-11,,,,,,,,
1789097700,27.75,27.75,27.7,27.75,10700,2026-09-11,,,,,,,,
1789097760,27.75,27.75,27.7,27.7,13300,2026-09-11,,,,,,,,
1789097820,27.75,27.75,27.75,27.75,56100,2026-09-11,,,,,,,,
1789097880,27.75,27.8,27.75,27.8,3000,2026-09-11,,,,,,,,
1789097940,27.8,27.8,27.75,27.75,12600,2026-09-11,,,,,,,,
1789098000,27.75,27.8,27.75,27.8,133700,2026-09-11,,,,,,,,
1789098060,27.75,27.8,27.75,27.8,7500,2026-09-11,,,,,,,,
1789098120,27.8,27.85,27.8,27.8,7100,2026-09-11,,,,,,,,
1789098180,27.8,27.8,27.75,27.8,47400,2026-09-11,,,,,,,,
1789098240,27.8,27.85,27.75,27.85,34100,2026-09-11,,,,,,,,
1789098300,27.8,27.85,27.8,27.8,44900,2026-09-11,,,,,,,,
1789098360,27.8,27.8,27.75,27.8,24000,2026-09-11,,,,,,,,
1789098420,27.8,27.8,27.8,27.8,26400,2026-09-11,,,,,,,,
1789098480,27.8,27.85,27.8,27.8,9400,2026-09-11,,,,,,,,
1789098540,27.85,27.85,27.8,27.8,44800,2026-09-11,,,,,,,,
1789098600,27.8,27.85,27.8,27.85,16800,2026-09-11,,,,,,,,
1789098660,27.85,27.85,27.8,27.85,67100,2026-09-11,,,,,,,,
1789098720,27.85,27.85,27.85,27.85,12200,2026-09-11,,,,,,,,
1789098780,27.85,27.9,27.85,27.85,13100,2026-09-11,,,,,,,,
1789098840,27.85,27.9,27.85,27.85,19000,2026-09-11,,,,,,,,
1789098900,27.85,27.9,27.85,27.85,11800,2026-09-11,,,,,,,,
1789098960,27.85,27.85,27.85,27.85,91400,2026-09-11,,,,,,,,
1789099020,27.85,27.85,27.85,27.85,43200,2026-09-11,,,,,,,,
1789099080,27.85,27.9,27.85,27.9,8100,2026-09-11,,,,,,,,
1789099140,27.85,27.85,27.85,27.85,20400,2026-09-11,,,,,,,,
1789099200,27.85,27.85,27.85,27.85,66100,2026-09-11,,,,,,,,
1789099260,27.85,27.85,27.8,27.8,11500,2026-09-11,,,,,,,,
1789099320,27.8,27.85,27.8,27.85,11800,2026-09-11,,,,,,,,
1789099380,27.8,27.85,27.8,27.8,8800,2026-09-11,,,,,,,,
1789099440,27.85,27.85,27.8,27.8,7700,2026-09-11,,,,,,,,
1789099500,27.8,27.85,27.8,27.85,4300,2026-09-11,,,,,,,,
1789099560,27.85,27.85,27.8,27.8,4200,2026-09-11,,,,,,,,
1789099620,27.8,27.85,27.8,27.8,1700,2026-09-11,,,,,,,,
1789099680,27.85,27.85,27.85,27.85,27600,2026-09-11,,,,,,,,
1789099740,27.85,27.95,27.85,27.95,418800,2026-09-11,,,,,,,,
1789099800,27.95,27.95,27.9,27.9,31200,2026-09-11,,,,,,,,
1789099860,27.95,27.95,27.95,27.95,44300,2026-09-11,,,,,,,,
1789099920,28.0,28.05,27.95,28.05,593100,2026-09-11,,,,,,,,
1789099980,28.05,28.1,28.05,28.1,149900,2026-09-11,,,,,,,,
1789100040,28.1,28.1,28.05,28.05,92700,2026-09-11,,,,,,,,
1789100100,28.05,28.1,28.05,28.05,72600,2026-09-11,,,,,,,,
1789100160,28.05,28.1,28.05,28.1,70800,2026-09-11,,,,,,,,
1789100220,28.05,28.1,28.05,28.05,88200,2026-09-11,,,,,,,,
1789100280,28.05,28.05,28.0,28.0,83400,2026-09-11,,,,,,,,
1789100340,28.05,28.05,28.0,28.0,48500,2026-09-11,,,,,,,,
1789100400,28.0,28.0,27.95,28.0,18300,2026-09-11,,,,,,,,
1789100460,28.0,28.0,27.9,27.95,88900,2026-09-11,,,,,,,,
1789100520,27.95,28.0,27.95,27.95,5200,2026-09-11,,,,,,,,
1789100580,28.0,28.0,27.95,28.0,8900,2026-09-11,,,,,,,,
1789100640,27.95,27.95,27.9,27.95,24100,2026-09-11,,,,,,,,
1789100700,27.9,27.95,27.9,27.9,21900,2026-09-11,,,,,,,,
1789100760,27.9,27.95,27.9,27.9,19000,2026-09-11,,,,,,,,
1789100820,27.9,27.95,27.9,27.9,1100,2026-09-11,,,,,,,,
1789100880,27.9,27.9,27.9,27.9,22400,2026-09-11,,,,,,,,
1789100940,27.9,27.9,27.9,27.9,44000,2026-09-11,,,,,,,,
1789106400,27.85,27.9,27.85,27.85,244100,2026-09-11,,,,,,,,
1789106460,27.9,27.9,27.85,27.85,115800,2026-09-11,,,,,,,,
1789106520,27.8,27.9,27.8,27.9,25000,2026-09-11,,,,,,,,
1789106580,27.85,27.9,27.85,27.85,5900,2026-09-11,,,,,,,,
1789106640,27.85,27.9,27.85,27.85,23000,2026-09-11,,,,,,,,
1789106700,27.85,27.85,27.8,27.85,116400,2026-09-11,,,,,,,,
1789106760,27.85,27.85,27.85,27.85,24100,2026-09-11,,,,,,,,
1789106820,27.85,27.85,27.8,27.85,15400,2026-09-11,,,,,,,,
1789106880,27.8,27.85,27.8,27.85,45500,2026-09-11,,,,,,,,
1789106940,27.85,27.85,27.8,27.85,126600,2026-09-11,,,,,,,,
1789107000,27.85,27.9,27.85,27.9,12900,2026-09-11,,,,,,,,
1789107060,27.85,27.9,27.85,27.85,2900,2026-09-11,,,,,,,,
1789107120,27.85,27.9,27.85,27.9,48900,2026-09-11,,,,,,,,
1789107180,27.9,27.9,27.85,27.9,47400,2026-09-11,,,,,,,,
1789107240,27.85,27.9,27.85,27.9,13000,2026-09-11,,,,,,,,
1789107300,27.9,27.9,27.85,27.9,14500,2026-09-11,,,,,,,,
1789107360,27.85,27.9,27.85,27.85,14900,2026-09-11,,,,,,,,
1789107420,27.9,27.9,27.85,27.85,31400,2026-09-11,,,,,,,,
1789107480,27.9,27.9,27.85,27.85,26300,2026-09-11,,,,,,,,
1789107540,27.9,27.9,27.8,27.8,254400,2026-09-11,,,,,,,,
1789107600,27.8,27.85,27.8,27.8,53100,2026-09-11,,,,,,,,
1789107660,27.85,27.85,27.8,27.85,57500,2026-09-11,,,,,,,,
1789107720,27.85,27.9,27.85,27.85,39400,2026-09-11,,,,,,,,
1789107780,27.85,27.85,27.8,27.8,29100,2026-09-11,,,,,,,,
1789107840,27.85,27.85,27.8,27.8,26400,2026-09-11,,,,,,,,
1789107900,27.85,27.85,27.75,27.75,264800,2026-09-11,,,,,,,,
1789107960,27.75,27.75,27.7,27.7,78600,2026-09-11,,,,,,,,
1789108020,27.7,27.75,27.7,27.7,41200,2026-09-11,,,,,,,,
1789108080,27.7,27.7,27.6,27.65,218300,2026-09-11,,,,,,,,
1789108140,27.6,27.7,27.6,27.7,134800,2026-09-11,,,,,,,,
1789108200,27.65,27.75,27.65,27.7,43800,2026-09-11,,,,,,,,
1789108260,27.7,27.75,27.7,27.7,76800,2026-09-11,,,,,,,,
1789108320,27.7,27.7,27.65,27.7,51400,2026-09-11,,,,,,,,
1789108380,27.65,27.7,27.65,27.7,37800,2026-09-11,,,,,,,,
1789108440,27.7,27.7,27.65,27.65,33100,2026-09-11,,,,,,,,
1789108500,27.7,27.75,27.65,27.7,64800,2026-09-11,,,,,,,,
1789108560,27.75,27.75,27.7,27.7,49500,2026-09-11,,,,,,,,
1789108620,27.75,27.75,27.7,27.75,16500,2026-09-11,,,,,,,,
1789108680,27.7,27.75,27.7,27.7,9300,2026-09-11,,,,,,,,
1789108740,27.75,27.75,27.7,27.75,119300,2026-09-11,,,,,,,,
1789108800,27.7,27.75,27.7,27.75,36700,2026-09-11,,,,,,,,
1789108860,27.75,27.8,27.7,27.8,63300,2026-09-11,,,,,,,,
1789108920,27.75,27.8,27.75,27.8,19200,2026-09-11,,,,,,,,
1789108980,27.8,27.8,27.75,27.75,89400,2026-09-11,,,,,,,,
1789109040,27.75,27.8,27.7,27.8,21800,2026-09-11,,,,,,,,
1789109100,27.8,27.8,27.75,27.75,32500,2026-09-11,,,,,,,,
1789109160,27.75,27.8,27.7,27.75,100300,2026-09-11,,,,,,,,
1789109220,27.75,27.8,27.75,27.75,47200,2026-09-11,,,,,,,,
1789109280,27.75,27.8,27.75,27.8,9100,2026-09-11,,,,,,,,
1789109340,27.75,27.85,27.75,27.85,130700,2026-09-11,,,,,,,,
1789109400,27.8,27.85,27.8,27.8,38800,2026-09-11,,,,,,,,
1789109460,27.8,27.85,27.8,27.8,16900,2026-09-11,,,,,,,,
1789109520,27.8,27.85,27.8,27.85,7700,2026-09-11,,,,,,,,
1789109580,27.8,27.9,27.8,27.9,141200,2026-09-11,,,,,,,,
1789109640,27.85,27.9,27.85,27.85,13000,2026-09-11,,,,,,,,
1789109700,27.9,27.9,27.85,27.9,16100,2026-09-11,,,,,,,,
1789109760,27.9,27.9,27.85,27.85,27700,2026-09-11,,,,,,,,
1789109820,27.9,27.9,27.85,27.85,12600,2026-09-11,,,,,,,,
1789109880,27.85,27.9,27.85,27.85,13200,2026-09-11,,,,,,,,
1789109940,27.85,27.9,27.8,27.85,135000,2026-09-11,,,,,,,,
1789110000,27.8,27.85,27.8,27.85,54200,2026-09-11,,,,,,,,
1789110060,27.85,27.85,27.75,27.8,93000,2026-09-11,,,,,,,,
1789110120,27.75,27.8,27.75,27.75,69700,2026-09-11,,,,,,,,
1789110180,27.75,27.75,27.7,27.75,281000,2026-09-11,,,,,,,,
1789110240,27.75,27.8,27.7,27.7,52600,2026-09-11,,,,,,,,
1789110300,27.7,27.75,27.7,27.7,70300,2026-09-11,,,,,,,,
1789110360,27.75,27.75,27.65,27.7,69000,2026-09-11,,,,,,,,
1789110420,27.65,27.75,27.65,27.75,67900,2026-09-11,,,,,,,,
1789110480,27.7,27.75,27.65,27.7,16900,2026-09-11,,,,,,,,
1789110540,27.7,27.75,27.7,27.7,6400,2026-09-11,,,,,,,,
1789110600,27.75,27.75,27.7,27.7,22200,2026-09-11,,,,,,,,
1789110660,27.75,27.75,27.65,27.65,141000,2026-09-11,,,,,,,,
1789110720,27.7,27.7,27.6,27.6,221000,2026-09-11,,,,,,,,
1789110780,27.6,27.6,27.5,27.55,143500,2026-09-11,,,,,,,,
1789110840,27.55,27.55,27.5,27.5,111800,2026-09-11,,,,,,,,
1789110900,27.5,27.55,27.45,27.55,323700,2026-09-11,,,,,,,,
1789110960,27.5,27.55,27.5,27.55,135100,2026-09-11,,,,,,,,
1789111020,27.55,27.6,27.55,27.6,34000,2026-09-11,,,,,,,,
1789111080,27.6,27.7,27.6,27.65,111300,2026-09-11,,,,,,,,
1789111140,27.65,27.7,27.65,27.7,43900,2026-09-11,,,,,,,,
1789111200,27.65,27.7,27.65,27.65,13500,2026-09-11,,,,,,,,
1789111260,27.7,27.7,27.65,27.65,50200,2026-09-11,,,,,,,,
1789111320,27.65,27.7,27.65,27.65,54500,2026-09-11,,,,,,,,
1789111380,27.6,27.65,27.6,27.6,39100,2026-09-11,,,,,,,,
1789111440,27.6,27.65,27.55,27.55,123500,2026-09-11,,,,,,,,
1789111500,27.55,27.6,27.5,27.5,103900,2026-09-11,,,,,,,,
1789111560,27.7,27.75,27.5,27.6,527100,2026-09-11,,,,,,,,
1789111620,27.6,27.7,27.55,27.65,64100,2026-09-11,,,,,,,,
1789111680,27.7,27.7,27.65,27.65,77700,2026-09-11,,,,,,,,
1789111740,27.7,27.7,27.6,27.6,163000,2026-09-11,,,,,,,,
1789112700,27.55,27.55,27.55,27.55,859300,2026-09-11,,,,,,,,
1789352100,27.65,27.75,27.65,27.75,288400,2026-09-14,,,,,,,,
1789352160,27.75,27.9,27.75,27.9,54900,2026-09-14,,,,,,,,
1789352220,27.85,27.85,27.75,27.75,73600,2026-09-14,,,,,,,,
1789352280,27.8,27.8,27.75,27.75,23100,2026-09-14,,,,,,,,
1789352340,27.7,27.75,27.7,27.75,68000,2026-09-14,,,,,,,,
1789352400,27.8,27.85,27.75,27.8,29800,2026-09-14,,,,,,,,
1789352460,27.85,27.85,27.8,27.8,11400,2026-09-14,,,,,,,,
1789352520,27.8,27.95,27.8,27.9,107400,2026-09-14,,,,,,,,
1789352580,27.9,27.9,27.85,27.85,40700,2026-09-14,,,,,,,,
1789352640,27.9,27.9,27.9,27.9,50500,2026-09-14,,,,,,,,
1789352700,27.9,27.95,27.9,27.95,9400,2026-09-14,,,,,,,,
1789352760,27.9,27.9,27.85,27.9,114600,2026-09-14,,,,,,,,
1789352820,27.9,27.95,27.9,27.95,17800,2026-09-14,,,,,,,,
1789352880,27.95,27.95,27.85,27.9,68200,2026-09-14,,,,,,,,
1789352940,27.9,27.9,27.9,27.9,14300,2026-09-14,,,,,,,,
1789353000,27.9,27.95,27.9,27.95,51700,2026-09-14,,,,,,,,
1789353060,27.95,27.95,27.9,27.9,27400,2026-09-14,,,,,,,,
1789353120,27.9,27.9,27.85,27.9,9600,2026-09-14,,,,,,,,
1789353180,27.9,27.9,27.85,27.85,11000,2026-09-14,,,,,,,,
1789353240,27.85,27.95,27.85,27.95,59700,2026-09-14,,,,,,,,
1789353300,27.95,27.95,27.9,27.9,10600,2026-09-14,,,,,,,,
1789353360,27.9,27.95,27.9,27.9,16900,2026-09-14,,,,,,,,
1789353420,27.9,27.9,27.85,27.9,14900,2026-09-14,,,,,,,,
1789353480,27.9,27.9,27.85,27.9,11100,2026-09-14,,,,,,,,
1789353540,27.9,28.0,27.9,27.95,229000,2026-09-14,,,,,,,,
1789353600,27.95,28.0,27.95,27.95,21500,2026-09-14,,,,,,,,
1789353660,28.0,28.15,28.0,28.15,270800,2026-09-14,,,,,,,,
1789353720,28.15,28.2,28.1,28.2,355700,2026-09-14,,,,,,,,
1789353780,28.2,28.4,28.15,28.35,471100,2026-09-14,,,,,,,,
1789353840,28.35,28.4,28.25,28.3,325400,2026-09-14,,,,,,,,
1789353900,28.25,28.3,28.2,28.2,98900,2026-09-14,,,,,,,,
1789353960,28.2,28.25,28.15,28.15,101800,2026-09-14,,,,,,,,
1789354020,28.15,28.15,28.15,28.15,62700,2026-09-14,,,,,,,,
1789354080,28.15,28.2,28.15,28.15,38400,2026-09-14,,,,,,,,
1789354140,28.15,28.2,28.1,28.15,138000,2026-09-14,,,,,,,,
1789354200,28.15,28.25,28.15,28.25,148700,2026-09-14,,,,,,,,
1789354260,28.25,28.35,28.2,28.35,292400,2026-09-14,,,,,,,,
1789354320,28.35,28.5,28.35,28.5,916700,2026-09-14,,,,,,,,
1789354380,28.45,28.8,28.45,28.8,550800,2026-09-14,,,,,,,,
1789354440,28.8,28.9,28.65,28.7,484900,2026-09-14,,,,,,,,
1789354500,28.65,28.7,28.6,28.65,158400,2026-09-14,,,,,,,,
1789354560,28.65,28.7,28.6,28.65,117500,2026-09-14,,,,,,,,
1789354620,28.6,28.65,28.6,28.6,281100,2026-09-14,,,,,,,,
1789354680,28.55,28.65,28.55,28.55,205300,2026-09-14,,,,,,,,
1789354740,28.55,28.55,28.5,28.55,76600,2026-09-14,,,,,,,,
1789354800,28.55,28.65,28.55,28.65,126400,2026-09-14,,,,,,,,
1789354860,28.6,28.65,28.55,28.6,172700,2026-09-14,,,,,,,,
1789354920,28.6,28.6,28.55,28.6,9200,2026-09-14,,,,,,,,
1789354980,28.55,28.6,28.55,28.55,31700,2026-09-14,,,,,,,,
1789355040,28.55,28.6,28.55,28.6,22900,2026-09-14,,,,,,,,
1789355100,28.6,28.6,28.55,28.55,70400,2026-09-14,,,,,,,,
1789355160,28.55,28.6,28.55,28.6,52600,2026-09-14,,,,,,,,
1789355220,28.55,28.6,28.5,28.5,72300,2026-09-14,,,,,,,,
1789355280,28.5,28.55,28.5,28.5,168200,2026-09-14,,,,,,,,
1789355340,28.45,28.45,28.4,28.4,127900,2026-09-14,,,,,,,,
1789355400,28.45,28.45,28.4,28.4,35500,2026-09-14,,,,,,,,
1789355460,28.45,28.45,28.35,28.35,88300,2026-09-14,,,,,,,,
1789355520,28.35,28.4,28.35,28.35,69400,2026-09-14,,,,,,,,
1789355580,28.35,28.4,28.35,28.35,19600,2026-09-14,,,,,,,,
1789355640,28.4,28.4,28.35,28.4,25100,2026-09-14,,,,,,,,
1789355700,28.4,28.4,28.35,28.4,2100,2026-09-14,,,,,,,,
1789355760,28.4,28.4,28.35,28.4,32900,2026-09-14,,,,,,,,
1789355820,28.4,28.45,28.35,28.45,156800,2026-09-14,,,,,,,,
1789355880,28.45,28.5,28.45,28.5,13700,2026-09-14,,,,,,,,
1789355940,28.45,28.5,28.45,28.45,23700,2026-09-14,,,,,,,,
1789356000,28.45,28.5,28.45,28.5,31900,2026-09-14,,,,,,,,
1789356060,28.45,28.5,28.45,28.45,30800,2026-09-14,,,,,,,,
1789356120,28.45,28.45,28.4,28.4,34000,2026-09-14,,,,,,,,
1789356180,28.45,28.5,28.4,28.45,35400,2026-09-14,,,,,,,,
1789356240,28.45,28.45,28.45,28.45,9600,2026-09-14,,,,,,,,
1789356300,28.45,28.5,28.45,28.5,20600,2026-09-14,,,,,,,,
1789356360,28.45,28.5,28.45,28.5,6700,2026-09-14,,,,,,,,
1789356420,28.5,28.5,28.45,28.5,16800,2026-09-14,,,,,,,,
1789356480,28.45,28.5,28.45,28.45,11800,2026-09-14,,,,,,,,
1789356540,28.45,28.45,28.35,28.4,50100,2026-09-14,,,,,,,,
1789356600,28.35,28.4,28.35,28.4,1200,2026-09-14,,,,,,,,
1789356660,28.4,28.4,28.35,28.35,9600,2026-09-14,,,,,,,,
1789356720,28.35,28.4,28.35,28.35,17200,2026-09-14,,,,,,,,
1789356780,28.4,28.4,28.35,28.4,1200,2026-09-14,,,,,,,,
1789356840,28.4,28.4,28.35,28.4,3400,2026-09-14,,,,,,,,
1789356900,28.4,28.4,28.35,28.4,6800,2026-09-14,,,,,,,,
1789356960,28.4,28.4,28.3,28.3,138200,2026-09-14,,,,,,,,
1789357020,28.3,28.35,28.25,28.3,110200,2026-09-14,,,,,,,,
1789357080,28.3,28.3,28.25,28.25,10600,2026-09-14,,,,,,,,
1789357140,28.3,28.35,28.3,28.35,23900,2026-09-14,,,,,,,,
1789357200,28.35,28.35,28.3,28.35,6300,2026-09-14,,,,,,,,
1789357260,28.35,28.35,28.35,28.35,2400,2026-09-14,,,,,,,,
1789357320,28.35,28.4,28.35,28.35,21300,2026-09-14,,,,,,,,
1789357380,28.4,28.4,28.35,28.35,3300,2026-09-14,,,,,,,,
1789357440,28.4,28.4,28.35,28.35,26400,2026-09-14,,,,,,,,
1789357500,28.4,28.4,28.35,28.35,16500,2026-09-14,,,,,,,,
1789357560,28.35,28.4,28.35,28.35,4300,2026-09-14,,,,,,,,
1789357620,28.4,28.4,28.35,28.35,1800,2026-09-14,,,,,,,,
1789357680,28.35,28.4,28.35,28.35,3600,2026-09-14,,,,,,,,
1789357740,28.4,28.4,28.35,28.4,2800,2026-09-14,,,,,,,,
1789357800,28.4,28.4,28.35,28.35,4400,2026-09-14,,,,,,,,
1789357860,28.4,28.4,28.35,28.4,23600,2026-09-14,,,,,,,,
1789357920,28.35,28.4,28.35,28.35,6600,2026-09-14,,,,,,,,
1789357980,28.4,28.4,28.35,28.4,2600,2026-09-14,,,,,,,,
1789358040,28.4,28.4,28.35,28.4,4100,2026-09-14,,,,,,,,
1789358100,28.4,28.4,28.35,28.4,3600,2026-09-14,,,,,,,,
1789358160,28.4,28.4,28.35,28.35,1800,2026-09-14,,,,,,,,
1789358220,28.4,28.4,28.35,28.4,5300,2026-09-14,,,,,,,,
1789358280,28.4,28.4,28.35,28.35,24800,2026-09-14,,,,,,,,
1789358340,28.35,28.4,28.35,28.35,25600,2026-09-14,,,,,,,,
1789358400,28.35,28.4,28.3,28.3,10600,2026-09-14,,,,,,,,
1789358460,28.35,28.35,28.35,28.35,6600,2026-09-14,,,,,,,,
1789358520,28.35,28.4,28.35,28.4,22200,2026-09-14,,,,,,,,
1789358580,28.35,28.4,28.35,28.35,4100,2026-09-14,,,,,,,,
1789358640,28.4,28.4,28.35,28.35,21000,2026-09-14,,,,,,,,
1789358700,28.35,28.4,28.35,28.35,6400,2026-09-14,,,,,,,,
1789358760,28.35,28.4,28.35,28.35,16300,2026-09-14,,,,,,,,
1789358820,28.3,28.35,28.3,28.35,16000,2026-09-14,,,,,,,,
1789358880,28.4,28.4,28.35,28.35,4800,2026-09-14,,,,,,,,
1789358940,28.4,28.4,28.35,28.35,38400,2026-09-14,,,,,,,,
1789359000,28.4,28.4,28.35,28.4,1400,2026-09-14,,,,,,,,
1789359060,28.35,28.4,28.35,28.35,3500,2026-09-14,,,,,,,,
1789359120,28.3,28.35,28.3,28.35,4900,2026-09-14,,,,,,,,
1789359180,28.35,28.4,28.35,28.35,36100,2026-09-14,,,,,,,,
1789359240,28.4,28.4,28.35,28.4,21900,2026-09-14,,,,,,,,
1789359300,28.4,28.4,28.35,28.35,3800,2026-09-14,,,,,,,,
1789359360,28.35,28.4,28.35,28.4,3000,2026-09-14,,,,,,,,
1789359420,28.4,28.4,28.35,28.35,16500,2026-09-14,,,,,,,,
1789359480,28.4,28.4,28.4,28.4,900,2026-09-14,,,,,,,,
1789359540,28.4,28.4,28.35,28.35,36600,2026-09-14,,,,,,,,
1789359600,28.4,28.4,28.35,28.35,5900,2026-09-14,,,,,,,,
1789359660,28.4,28.4,28.35,28.35,6100,2026-09-14,,,,,,,,
1789359720,28.4,28.4,28.35,28.35,35900,2026-09-14,,,,,,,,
1789359780,28.4,28.4,28.35,28.35,5700,2026-09-14,,,,,,,,
1789359840,28.4,28.4,28.35,28.35,6700,2026-09-14,,,,,,,,
1789359900,28.4,28.4,28.35,28.35,27000,2026-09-14,,,,,,,,
1789359960,28.35,28.35,28.3,28.3,6400,2026-09-14,,,,,,,,
1789360020,28.35,28.35,28.3,28.35,7400,2026-09-14,,,,,,,,
1789360080,28.35,28.35,28.3,28.3,3300,2026-09-14,,,,,,,,
1789360140,28.35,28.35,28.3,28.3,30800,2026-09-14,,,,,,,,
1789365600,28.3,28.35,28.2,28.3,221800,2026-09-14,,,,,,,,
1789365660,28.3,28.4,28.3,28.4,30200,2026-09-14,,,,,,,,
1789365720,28.35,28.4,28.35,28.35,34700,2026-09-14,,,,,,,,
1789365780,28.35,28.4,28.3,28.35,32500,2026-09-14,,,,,,,,
1789365840,28.35,28.35,28.3,28.3,8700,2026-09-14,,,,,,,,
1789365900,28.35,28.4,28.3,28.4,93000,2026-09-14,,,,,,,,
1789365960,28.35,28.45,28.35,28.45,247400,2026-09-14,,,,,,,,
1789366020,28.45,28.5,28.45,28.5,75500,2026-09-14,,,,,,,,
1789366080,28.5,28.5,28.45,28.45,39600,2026-09-14,,,,,,,,
1789366140,28.5,28.5,28.4,28.5,42700,2026-09-14,,,,,,,,
1789366200,28.45,28.5,28.45,28.45,11400,2026-09-14,,,,,,,,
1789366260,28.45,28.5,28.4,28.45,70700,2026-09-14,,,,,,,,
1789366320,28.4,28.5,28.4,28.45,30200,2026-09-14,,,,,,,,
1789366380,28.45,28.45,28.35,28.35,227700,2026-09-14,,,,,,,,
1789366440,28.35,28.4,28.35,28.35,25800,2026-09-14,,,,,,,,
1789366500,28.4,28.45,28.35,28.4,63700,2026-09-14,,,,,,,,
1789366560,28.45,28.45,28.4,28.4,18900,2026-09-14,,,,,,,,
1789366620,28.4,28.45,28.4,28.4,61800,2026-09-14,,,,,,,,
1789366680,28.45,28.45,28.4,28.45,55000,2026-09-14,,,,,,,,
1789366740,28.4,28.45,28.35,28.4,54500,2026-09-14,,,,,,,,
1789366800,28.4,28.45,28.35,28.4,30800,2026-09-14,,,,,,,,
1789366860,28.45,28.45,28.4,28.4,13900,2026-09-14,,,,,,,,
1789366920,28.4,28.45,28.35,28.4,25600,2026-09-14,,,,,,,,
1789366980,28.4,28.4,28.35,28.35,19400,2026-09-14,,,,,,,,
1789367040,28.4,28.45,28.35,28.45,53700,2026-09-14,,,,,,,,
1789367100,28.45,28.45,28.4,28.4,14500,2026-09-14,,,,,,,,
1789367160,28.4,28.45,28.35,28.4,32300,2026-09-14,,,,,,,,
1789367220,28.4,28.45,28.35,28.35,16300,2026-09-14,,,,,,,,
1789367280,28.35,28.4,28.35,28.4,18700,2026-09-14,,,,,,,,
1789367340,28.35,28.4,28.35,28.4,64300,2026-09-14,,,,,,,,
1789367400,28.45,28.45,28.35,28.4,36300,2026-09-14,,,,,,,,
1789367460,28.4,28.45,28.4,28.4,59800,2026-09-14,,,,,,,,
1789367520,28.4,28.4,28.3,28.3,108600,2026-09-14,,,,,,,,
1789367580,28.35,28.35,28.3,28.3,158300,2026-09-14,,,,,,,,
1789367640,28.3,28.35,28.25,28.3,16900,2026-09-14,,,,,,,,
1789367700,28.3,28.3,28.25,28.25,20900,2026-09-14,,,,,,,,
1789367760,28.3,28.35,28.25,28.3,45300,2026-09-14,,,,,,,,
1789367820,28.3,28.35,28.3,28.35,14800,2026-09-14,,,,,,,,
1789367880,28.3,28.35,28.3,28.3,25700,2026-09-14,,,,,,,,
1789367940,28.35,28.35,28.3,28.3,79700,2026-09-14,,,,,,,,
1789368000,28.3,28.4,28.3,28.35,21100,2026-09-14,,,,,,,,
1789368060,28.35,28.4,28.3,28.3,47000,2026-09-14,,,,,,,,
1789368120,28.35,28.35,28.3,28.3,66500,2026-09-14,,,,,,,,
1789368180,28.3,28.3,28.25,28.25,69900,2026-09-14,,,,,,,,
1789368240,28.25,28.3,28.2,28.2,96200,2026-09-14,,,,,,,,
1789368300,28.25,28.25,28.2,28.2,23500,2026-09-14,,,,,,,,
1789368360,28.2,28.25,28.1,28.1,280900,2026-09-14,,,,,,,,
1789368420,28.05,28.15,28.05,28.15,132800,2026-09-14,,,,,,,,
1789368480,28.1,28.15,28.05,28.05,69400,2026-09-14,,,,,,,,
1789368540,28.05,28.1,28.0,28.05,156400,2026-09-14,,,,,,,,
1789368600,28.05,28.1,28.0,28.05,282400,2026-09-14,,,,,,,,
1789368660,28.05,28.1,27.9,28.0,279300,2026-09-14,,,,,,,,
1789368720,27.95,28.0,27.9,27.95,178100,2026-09-14,,,,,,,,
1789368780,27.95,28.05,27.95,28.05,131200,2026-09-14,,,,,,,,
1789368840,28.1,28.15,28.05,28.1,32100,2026-09-14,,,,,,,,
1789368900,28.15,28.2,28.1,28.1,96800,2026-09-14,,,,,,,,
1789368960,28.15,28.2,28.15,28.15,28100,2026-09-14,,,,,,,,
1789369020,28.2,28.2,28.1,28.1,56900,2026-09-14,,,,,,,,
1789369080,28.15,28.15,28.1,28.1,28500,2026-09-14,,,,,,,,
1789369140,28.15,28.15,28.1,28.1,71000,2026-09-14,,,,,,,,
1789369200,28.15,28.15,28.1,28.1,85900,2026-09-14,,,,,,,,
1789369260,28.1,28.15,28.05,28.05,111600,2026-09-14,,,,,,,,
1789369320,28.05,28.1,28.05,28.05,20200,2026-09-14,,,,,,,,
1789369380,28.05,28.15,28.05,28.15,58500,2026-09-14,,,,,,,,
1789369440,28.15,28.2,28.1,28.2,69700,2026-09-14,,,,,,,,
1789369500,28.2,28.25,28.2,28.2,94100,2026-09-14,,,,,,,,
1789369560,28.25,28.3,28.2,28.3,33900,2026-09-14,,,,,,,,
1789369620,28.25,28.25,28.15,28.15,123000,2026-09-14,,,,,,,,
1789369680,28.15,28.25,28.15,28.2,62000,2026-09-14,,,,,,,,
1789369740,28.2,28.2,28.15,28.2,31400,2026-09-14,,,,,,,,
1789369800,28.2,28.2,28.1,28.1,32900,2026-09-14,,,,,,,,
1789369860,28.1,28.15,28.1,28.1,9600,2026-09-14,,,,,,,,
1789369920,28.1,28.15,28.05,28.05,123900,2026-09-14,,,,,,,,
1789369980,28.05,28.1,28.05,28.05,54300,2026-09-14,,,,,,,,
1789370040,28.05,28.05,28.0,28.05,23800,2026-09-14,,,,,,,,
1789370100,28.05,28.05,28.0,28.0,12200,2026-09-14,,,,,,,,
1789370160,28.05,28.05,27.95,28.0,177900,2026-09-14,,,,,,,,
1789370220,28.0,28.05,28.0,28.0,61000,2026-09-14,,,,,,,,
1789370280,28.0,28.05,28.0,28.05,42400,2026-09-14,,,,,,,,
1789370340,28.0,28.15,28.0,28.15,54700,2026-09-14,,,,,,,,
1789370400,28.15,28.2,28.15,28.2,28900,2026-09-14,,,,,,,,
1789370460,28.2,28.3,28.15,28.3,133200,2026-09-14,,,,,,,,
1789370520,28.25,28.35,28.25,28.3,50600,2026-09-14,,,,,,,,
1789370580,28.35,28.4,28.3,28.35,78800,2026-09-14,,,,,,,,
1789370640,28.35,28.4,28.3,28.4,149000,2026-09-14,,,,,,,,
1789370700,28.4,28.4,28.3,28.35,137300,2026-09-14,,,,,,,,
1789370760,28.35,28.4,28.3,28.4,52800,2026-09-14,,,,,,,,
1789370820,28.4,28.4,28.3,28.35,106100,2026-09-14,,,,,,,,
1789370880,28.35,28.4,28.3,28.35,152700,2026-09-14,,,,,,,,
1789370940,28.4,28.4,28.35,28.35,107400,2026-09-14,,,,,,,,
1789371900,28.5,28.5,28.5,28.5,274000,2026-09-14,,,,,,,,
1789438500,28.65,28.65,28.6,28.65,111000,2026-09-15,,,,,,,,
1789438560,28.65,28.65,28.65,28.65,17300,2026-09-15,,,,,,,,
1789438620,28.65,28.65,28.6,28.6,68400,2026-09-15,,,,,,,,
1789438680,28.6,28.6,28.55,28.6,46400,2026-09-15,,,,,,,,
1789438740,28.6,28.6,28.5,28.5,221300,2026-09-15,,,,,,,,
1789438800,28.5,28.55,28.45,28.45,85900,2026-09-15,,,,,,,,
1789438860,28.45,28.45,28.35,28.35,40100,2026-09-15,,,,,,,,
1789438920,28.35,28.35,28.3,28.3,42500,2026-09-15,,,,,,,,
1789438980,28.3,28.3,28.25,28.25,29200,2026-09-15,,,,,,,,
1789439040,28.25,28.3,28.25,28.25,25900,2026-09-15,,,,,,,,
1789439100,28.25,28.3,28.25,28.25,10600,2026-09-15,,,,,,,,
1789439160,28.25,28.3,28.25,28.25,34100,2026-09-15,,,,,,,,
1789439220,28.25,28.3,28.25,28.25,26900,2026-09-15,,,,,,,,
1789439280,28.25,28.3,28.25,28.3,53100,2026-09-15,,,,,,,,
1789439340,28.3,28.4,28.3,28.4,87300,2026-09-15,,,,,,,,
1789439400,28.4,28.6,28.4,28.6,86500,2026-09-15,,,,,,,,
1789439460,28.6,28.95,28.6,28.9,273400,2026-09-15,,,,,,,,
1789439520,28.9,29.15,28.9,29.15,405300,2026-09-15,,,,,,,,
1789439580,29.1,29.2,29.1,29.2,208600,2026-09-15,,,,,,,,
1789439640,29.25,29.25,29.2,29.2,153800,2026-09-15,,,,,,,,
1789439700,29.2,29.2,29.05,29.05,79800,2026-09-15,,,,,,,,
1789439760,29.05,29.05,28.9,28.95,179600,2026-09-15,,,,,,,,
1789439820,28.95,28.95,28.9,28.9,44900,2026-09-15,,,,,,,,
1789439880,28.9,28.95,28.85,28.9,34600,2026-09-15,,,,,,,,
1789439940,28.9,28.9,28.85,28.9,20800,2026-09-15,,,,,,,,
1789440000,28.85,28.95,28.85,28.95,59400,2026-09-15,,,,,,,,
1789440060,28.95,28.95,28.85,28.85,20200,2026-09-15,,,,,,,,
1789440120,28.9,28.9,28.85,28.9,4200,2026-09-15,,,,,,,,
1789440180,28.85,28.9,28.85,28.85,42700,2026-09-15,,,,,,,,
1789440240,28.85,28.9,28.85,28.85,23200,2026-09-15,,,,,,,,
1789440300,28.85,28.85,28.85,28.85,13900,2026-09-15,,,,,,,,
1789440360,28.85,28.85,28.8,28.85,15700,2026-09-15,,,,,,,,
1789440420,28.85,28.85,28.8,28.85,20500,2026-09-15,,,,,,,,
1789440480,28.85,28.85,28.8,28.85,78700,2026-09-15,,,,,,,,
1789440540,28.85,28.9,28.85,28.9,63700,2026-09-15,,,,,,,,
1789440600,28.9,28.9,28.85,28.9,8300,2026-09-15,,,,,,,,
1789440660,28.9,28.9,28.85,28.85,14300,2026-09-15,,,,,,,,
1789440720,28.9,28.9,28.9,28.9,14300,2026-09-15,,,,,,,,
1789440780,28.9,28.95,28.85,28.95,124100,2026-09-15,,,,,,,,
1789440840,29.0,29.0,28.95,28.95,56200,2026-09-15,,,,,,,,
1789440900,29.0,29.1,29.0,29.1,167200,2026-09-15,,,,,,,,
1789440960,29.1,29.2,29.05,29.2,115100,2026-09-15,,,,,,,,
1789441020,29.2,29.2,29.1,29.15,82500,2026-09-15,,,,,,,,
1789441080,29.15,29.15,29.05,29.1,74400,2026-09-15,,,,,,,,
1789441140,29.1,29.1,29.05,29.1,48700,2026-09-15,,,,,,,,
1789441200,29.1,29.1,29.0,29.0,46500,2026-09-15,,,,,,,,
1789441260,29.05,29.05,29.0,29.0,21100,2026-09-15,,,,,,,,
1789441320,29.0,29.05,29.0,29.0,36200,2026-09-15,,,,,,,,
1789441380,29.0,29.05,29.0,29.0,22400,2026-09-15,,,,,,,,
1789441440,29.0,29.05,29.0,29.0,83800,2026-09-15,,,,,,,,
1789441500,29.0,29.0,28.95,29.0,13600,2026-09-15,,,,,,,,
1789441560,29.0,29.05,28.95,29.05,102400,2026-09-15,,,,,,,,
1789441620,29.0,29.05,29.0,29.05,103500,2026-09-15,,,,,,,,
1789441680,29.05,29.1,29.05,29.05,26300,2026-09-15,,,,,,,,
1789441740,29.1,29.1,29.05,29.1,66600,2026-09-15,,,,,,,,
1789441800,29.1,29.1,29.05,29.1,85400,2026-09-15,,,,,,,,
1789441860,29.1,29.1,29.05,29.05,90400,2026-09-15,,,,,,,,
1789441920,29.1,29.1,29.05,29.1,15900,2026-09-15,,,,,,,,
1789441980,29.1,29.1,29.0,29.0,43000,2026-09-15,,,,,,,,
1789442040,29.05,29.05,29.05,29.05,20500,2026-09-15,,,,,,,,
1789442100,29.05,29.1,29.0,29.05,50100,2026-09-15,,,,,,,,
1789442160,29.05,29.05,29.0,29.0,41500,2026-09-15,,,,,,,,
1789442220,29.05,29.05,29.0,29.05,25900,2026-09-15,,,,,,,,
1789442280,29.05,29.05,29.0,29.0,102100,2026-09-15,,,,,,,,
1789442340,29.0,29.0,28.95,28.95,18700,2026-09-15,,,,,,,,
1789442400,28.95,29.0,28.95,28.95,14500,2026-09-15,,,,,,,,
1789442460,29.0,29.0,28.9,28.9,51600,2026-09-15,,,,,,,,
1789442520,28.95,28.95,28.9,28.95,4400,2026-09-15,,,,,,,,
1789442580,28.95,28.95,28.9,28.95,6800,2026-09-15,,,,,,,,
1789442640,28.95,28.95,28.95,28.95,23300,2026-09-15,,,,,,,,
1789442700,28.9,29.0,28.9,29.0,3300,2026-09-15,,,,,,,,
1789442760,29.0,29.0,28.95,29.0,4900,2026-09-15,,,,,,,,
1789442820,29.0,29.0,29.0,29.0,7700,2026-09-15,,,,,,,,
1789442880,29.0,29.0,28.95,28.95,9100,2026-09-15,,,,,,,,
1789442940,28.95,29.0,28.95,28.95,58400,2026-09-15,,,,,,,,
1789443000,28.95,28.95,28.95,28.95,2500,2026-09-15,,,,,,,,
1789443060,28.95,28.95,28.9,28.9,5300,2026-09-15,,,,,,,,
1789443120,28.95,28.95,28.9,28.9,2800,2026-09-15,,,,,,,,
1789443180,28.95,28.95,28.9,28.95,5900,2026-09-15,,,,,,,,
1789443240,28.95,28.95,28.9,28.9,18200,2026-09-15,,,,,,,,
1789443300,28.95,28.95,28.9,28.9,58100,2026-09-15,,,,,,,,
1789443360,28.9,28.9,28.9,28.9,7600,2026-09-15,,,,,,,,
1789443420,28.9,28.95,28.9,28.9,11900,2026-09-15,,,,,,,,
1789443480,28.9,28.95,28.9,28.95,2700,2026-09-15,,,,,,,,
1789443540,28.9,28.95,28.9,28.95,5000,2026-09-15,,,,,,,,
1789443600,28.95,28.95,28.9,28.9,3600,2026-09-15,,,,,,,,
1789443660,28.95,28.95,28.95,28.95,2500,2026-09-15,,,,,,,,
1789443720,28.95,28.95,28.9,28.95,18600,2026-09-15,,,,,,,,
1789443780,28.95,28.95,28.9,28.9,4000,2026-09-15,,,,,,,,
1789443840,28.9,28.95,28.9,28.95,4800,2026-09-15,,,,,,,,
1789443900,28.95,28.95,28.9,28.95,4600,2026-09-15,,,,,,,,
1789443960,28.9,28.95,28.9,28.9,5300,2026-09-15,,,,,,,,
1789444020,28.95,28.95,28.9,28.9,6100,2026-09-15,,,,,,,,
1789444080,28.95,28.95,28.9,28.95,10700,2026-09-15,,,,,,,,
1789444140,28.95,28.95,28.9,28.95,4400,2026-09-15,,,,,,,,
1789444200,28.9,28.95,28.9,28.95,17300,2026-09-15,,,,,,,,
1789444260,28.9,28.95,28.9,28.95,12400,2026-09-15,,,,,,,,
1789444320,28.9,28.95,28.9,28.9,12300,2026-09-15,,,,,,,,
1789444380,28.95,28.95,28.9,28.95,55200,2026-09-15,,,,,,,,
1789444440,28.9,28.95,28.9,28.95,14300,2026-09-15,,,,,,,,
1789444500,28.95,28.95,28.9,28.95,31700,2026-09-15,,,,,,,,
1789444560,28.95,28.95,28.9,28.95,9300,2026-09-15,,,,,,,,
1789444620,28.95,28.95,28.9,28.9,9400,2026-09-15,,,,,,,,
1789444680,28.9,28.95,28.9,28.9,7000,2026-09-15,,,,,,,,
1789444740,28.9,28.95,28.9,28.95,22100,2026-09-15,,,,,,,,
1789444800,28.9,28.95,28.9,28.95,15400,2026-09-15,,,,,,,,
1789444860,28.9,28.9,28.9,28.9,36700,2026-09-15,,,,,,,,
1789444920,28.9,28.9,28.9,28.9,4500,2026-09-15,,,,,,,,
1789444980,28.9,28.9,28.85,28.9,3100,2026-09-15,,,,,,,,
1789445040,28.9,28.9,28.9,28.9,1700,2026-09-15,,,,,,,,
1789445100,28.9,28.9,28.85,28.9,3900,2026-09-15,,,,,,,,
1789445160,28.9,28.9,28.85,28.85,101300,2026-09-15,,,,,,,,
1789445220,28.85,28.85,28.8,28.85,9500,2026-09-15,,,,,,,,
1789445280,28.85,28.85,28.8,28.8,96400,2026-09-15,,,,,,,,
1789445340,28.8,28.8,28.75,28.8,11800,2026-09-15,,,,,,,,
1789445400,28.8,28.8,28.8,28.8,2300,2026-09-15,,,,,,,,
1789445460,28.8,28.8,28.8,28.8,2600,2026-09-15,,,,,,,,
1789445520,28.8,28.8,28.75,28.8,8200,2026-09-15,,,,,,,,
1789445580,28.8,28.8,28.75,28.75,6600,2026-09-15,,,,,,,,
1789445640,28.8,28.8,28.8,28.8,3000,2026-09-15,,,,,,,,
1789445700,28.75,28.8,28.75,28.8,69600,2026-09-15,,,,,,,,
1789445760,28.8,28.8,28.75,28.75,27000,2026-09-15,,,,,,,,
1789445820,28.8,28.8,28.75,28.75,9300,2026-09-15,,,,,,,,
1789445880,28.8,28.8,28.8,28.8,4300,2026-09-15,,,,,,,,
1789445940,28.8,28.8,28.75,28.8,57100,2026-09-15,,,,,,,,
1789446000,28.8,28.8,28.8,28.8,12600,2026-09-15,,,,,,,,
1789446060,28.8,28.85,28.8,28.85,20600,2026-09-15,,,,,,,,
1789446120,28.85,28.9,28.8,28.9,32500,2026-09-15,,,,,,,,
1789446180,28.9,28.95,28.85,28.95,34000,2026-09-15,,,,,,,,
1789446240,28.9,28.95,28.9,28.95,24800,2026-09-15,,,,,,,,
1789446300,28.95,29.0,28.95,28.95,37400,2026-09-15,,,,,,,,
1789446360,28.95,29.0,28.95,29.0,198900,2026-09-15,,,,,,,,
1789446420,29.05,29.05,29.0,29.0,162800,2026-09-15,,,,,,,,
1789446480,29.05,29.05,29.0,29.05,28000,2026-09-15,,,,,,,,
1789446540,29.1,29.1,29.0,29.05,61400,2026-09-15,,,,,,,,
1789452000,29.1,29.1,29.0,29.0,143300,2026-09-15,,,,,,,,
1789452060,29.0,29.05,29.0,29.0,9000,2026-09-15,,,,,,,,
1789452120,29.05,29.05,29.0,29.0,111300,2026-09-15,,,,,,,,
1789452180,29.0,29.0,28.9,28.95,25500,2026-09-15,,,,,,,,
1789452240,28.95,28.95,28.9,28.9,35500,2026-09-15,,,,,,,,
1789452300,28.9,29.0,28.9,29.0,30800,2026-09-15,,,,,,,,
1789452360,29.0,29.0,28.95,29.0,25700,2026-09-15,,,,,,,,
1789452420,29.0,29.05,29.0,29.05,44400,2026-09-15,,,,,,,,
1789452480,29.05,29.05,29.0,29.05,44500,2026-09-15,,,,,,,,
1789452540,29.05,29.2,29.05,29.2,419600,2026-09-15,,,,,,,,
1789452600,29.2,29.4,29.15,29.35,795400,2026-09-15,,,,,,,,
1789452660,29.35,29.4,29.25,29.3,248000,2026-09-15,,,,,,,,
1789452720,29.3,29.35,29.25,29.25,150800,2026-09-15,,,,,,,,
1789452780,29.3,29.3,29.2,29.25,49800,2026-09-15,,,,,,,,
1789452840,29.25,29.3,29.2,29.25,101400,2026-09-15,,,,,,,,
1789452900,29.25,29.3,29.25,29.3,23300,2026-09-15,,,,,,,,
1789452960,29.3,29.35,29.25,29.35,197900,2026-09-15,,,,,,,,
1789453020,29.35,29.35,29.3,29.35,100400,2026-09-15,,,,,,,,
1789453080,29.35,29.35,29.3,29.35,60800,2026-09-15,,,,,,,,
1789453140,29.35,29.4,29.3,29.4,192500,2026-09-15,,,,,,,,
1789453200,29.35,29.5,29.35,29.5,457500,2026-09-15,,,,,,,,
1789453260,29.5,29.7,29.5,29.65,584100,2026-09-15,,,,,,,,
1789453320,29.65,29.85,29.65,29.85,494000,2026-09-15,,,,,,,,
1789453380,29.85,29.9,29.8,29.85,283500,2026-09-15,,,,,,,,
1789453440,29.8,29.85,29.6,29.65,176600,2026-09-15,,,,,,,,
1789453500,29.65,29.65,29.5,29.6,210100,2026-09-15,,,,,,,,
1789453560,29.55,29.6,29.5,29.55,116800,2026-09-15,,,,,,,,
1789453620,29.55,29.55,29.5,29.55,74600,2026-09-15,,,,,,,,
1789453680,29.55,29.6,29.5,29.6,82600,2026-09-15,,,,,,,,
1789453740,29.6,29.65,29.55,29.65,175400,2026-09-15,,,,,,,,
1789453800,29.65,29.65,29.6,29.65,76100,2026-09-15,,,,,,,,
1789453860,29.6,29.65,29.55,29.65,170000,2026-09-15,,,,,,,,
1789453920,29.65,29.75,29.6,29.75,93400,2026-09-15,,,,,,,,
1789453980,29.75,29.75,29.7,29.75,92100,2026-09-15,,,,,,,,
1789454040,29.75,29.75,29.65,29.7,164900,2026-09-15,,,,,,,,
1789454100,29.7,29.75,29.7,29.75,76900,2026-09-15,,,,,,,,
1789454160,29.75,29.75,29.65,29.7,100900,2026-09-15,,,,,,,,
1789454220,29.7,29.7,29.65,29.65,115900,2026-09-15,,,,,,,,
1789454280,29.65,29.7,29.6,29.7,103700,2026-09-15,,,,,,,,
1789454340,29.7,29.7,29.65,29.65,88000,2026-09-15,,,,,,,,
1789454400,29.7,29.7,29.6,29.7,88500,2026-09-15,,,,,,,,
1789454460,29.65,29.7,29.6,29.6,164300,2026-09-15,,,,,,,,
1789454520,29.6,29.6,29.55,29.6,141300,2026-09-15,,,,,,,,
1789454580,29.6,29.6,29.55,29.6,220300,2026-09-15,,,,,,,,
1789454640,29.6,29.7,29.55,29.7,177700,2026-09-15,,,,,,,,
1789454700,29.7,29.8,29.65,29.8,338300,2026-09-15,,,,,,,,
1789454760,29.8,29.85,29.7,29.8,190800,2026-09-15,,,,,,,,
1789454820,29.85,29.9,29.8,29.9,346000,2026-09-15,,,,,,,,
1789454880,29.9,30.0,29.85,30.0,739200,2026-09-15,,,,,,,,
1789454940,30.0,30.05,29.95,30.0,397000,2026-09-15,,,,,,,,
1789455000,30.05,30.25,30.0,30.25,362700,2026-09-15,,,,,,,,
1789455060,30.2,30.45,30.2,30.45,912300,2026-09-15,,,,,,,,
1789455120,30.45,30.45,30.3,30.3,549300,2026-09-15,,,,,,,,
1789455180,30.3,30.4,30.25,30.35,214200,2026-09-15,,,,,,,,
1789455240,30.4,30.4,30.35,30.4,104100,2026-09-15,,,,,,,,
1789455300,30.4,30.4,30.35,30.35,160700,2026-09-15,,,,,,,,
1789455360,30.35,30.4,30.3,30.3,251000,2026-09-15,,,,,,,,
1789455420,30.35,30.35,30.25,30.3,101300,2026-09-15,,,,,,,,
1789455480,30.25,30.3,30.2,30.25,96200,2026-09-15,,,,,,,,
1789455540,30.25,30.25,30.2,30.2,131600,2026-09-15,,,,,,,,
1789455600,30.2,30.25,30.15,30.25,98600,2026-09-15,,,,,,,,
1789455660,30.25,30.25,30.2,30.25,85000,2026-09-15,,,,,,,,
1789455720,30.25,30.3,30.2,30.3,277300,2026-09-15,,,,,,,,
1789455780,30.3,30.3,30.25,30.3,97100,2026-09-15,,,,,,,,
1789455840,30.3,30.3,30.25,30.3,117500,2026-09-15,,,,,,,,
1789455900,30.3,30.35,30.25,30.35,179100,2026-09-15,,,,,,,,
1789455960,30.3,30.4,30.3,30.4,195900,2026-09-15,,,,,,,,
1789456020,30.4,30.45,30.35,30.45,353800,2026-09-15,,,,,,,,
1789456080,30.45,30.45,30.4,30.45,295000,2026-09-15,,,,,,,,
1789456140,30.45,30.45,30.4,30.45,572500,2026-09-15,,,,,,,,
1789456200,30.45,30.45,30.4,30.45,2308600,2026-09-15,,,,,,,,
1789456260,30.45,30.45,30.45,30.45,56800,2026-09-15,,,,,,,,
1789456320,30.45,30.45,30.45,30.45,66200,2026-09-15,,,,,,,,
1789456380,30.45,30.45,30.45,30.45,36600,2026-09-15,,,,,,,,
1789456440,30.45,30.45,30.45,30.45,17400,2026-09-15,,,,,,,,
1789456500,30.45,30.45,30.45,30.45,115100,2026-09-15,,,,,,,,
1789456560,30.45,30.45,30.45,30.45,25500,2026-09-15,,,,,,,,
1789456620,30.45,30.45,30.45,30.45,29900,2026-09-15,,,,,,,,
1789456680,30.45,30.45,30.45,30.45,47900,2026-09-15,,,,,,,,
1789456740,30.45,30.45,30.45,30.45,36900,2026-09-15,,,,,,,,
1789456800,30.45,30.45,30.45,30.45,34800,2026-09-15,,,,,,,,
1789456860,30.45,30.45,30.45,30.45,12500,2026-09-15,,,,,,,,
1789456920,30.45,30.45,30.45,30.45,19500,2026-09-15,,,,,,,,
1789456980,30.45,30.45,30.45,30.45,14000,2026-09-15,,,,,,,,
1789457040,30.45,30.45,30.45,30.45,39500,2026-09-15,,,,,,,,
1789457100,30.45,30.45,30.45,30.45,7300,2026-09-15,,,,,,,,
1789457160,30.45,30.45,30.45,30.45,13400,2026-09-15,,,,,,,,
1789457220,30.45,30.45,30.45,30.45,11900,2026-09-15,,,,,,,,
1789457280,30.45,30.45,30.45,30.45,43400,2026-09-15,,,,,,,,
1789457340,30.45,30.45,30.45,30.45,33700,2026-09-15,,,,,,,,
1789458300,30.45,30.45,30.45,30.45,261600,2026-09-15,,,,,,,,
1789524900,30.95,31.15,30.9,31.15,488900,2026-09-16,,,,,,,,
1789524960,31.15,31.2,30.95,31.0,173700,2026-09-16,,,,,,,,
1789525020,30.95,31.0,30.9,30.95,79400,2026-09-16,,,,,,,,
1789525080,30.9,31.0,30.9,30.9,117400,2026-09-16,,,,,,,,
1789525140,30.9,30.95,30.85,30.85,146000,2026-09-16,,,,,,,,
1789525200,30.85,30.85,30.7,30.7,103600,2026-09-16,,,,,,,,
1789525260,30.7,30.8,30.65,30.8,100500,2026-09-16,,,,,,,,
1789525320,30.75,30.85,30.75,30.85,33200,2026-09-16,,,,,,,,
1789525380,30.85,30.9,30.8,30.85,75500,2026-09-16,,,,,,,,
1789525440,30.8,30.85,30.7,30.7,30700,2026-09-16,,,,,,,,
1789525500,30.7,30.75,30.7,30.7,17000,2026-09-16,,,,,,,,
1789525560,30.7,30.75,30.7,30.7,47900,2026-09-16,,,,,,,,
1789525620,30.7,30.75,30.7,30.7,40400,2026-09-16,,,,,,,,
1789525680,30.7,30.7,30.65,30.65,38700,2026-09-16,,,,,,,,
1789525740,30.7,30.7,30.6,30.65,90900,2026-09-16,,,,,,,,
1789525800,30.7,30.75,30.65,30.75,70700,2026-09-16,,,,,,,,
1789525860,30.75,30.85,30.75,30.85,86900,2026-09-16,,,,,,,,
1789525920,30.85,30.9,30.85,30.9,79100,2026-09-16,,,,,,,,
1789525980,30.9,30.95,30.9,30.95,14000,2026-09-16,,,,,,,,
1789526040,30.95,30.95,30.85,30.85,216600,2026-09-16,,,,,,,,
1789526100,30.9,30.9,30.85,30.9,138700,2026-09-16,,,,,,,,
1789526160,30.9,30.95,30.9,30.95,58700,2026-09-16,,,,,,,,
1789526220,30.95,31.0,30.95,31.0,175300,2026-09-16,,,,,,,,
1789526280,31.0,31.0,30.95,31.0,95400,2026-09-16,,,,,,,,
1789526340,31.0,31.0,30.9,30.9,64200,2026-09-16,,,,,,,,
1789526400,30.95,30.95,30.85,30.85,83300,2026-09-16,,,,,,,,
1789526460,30.85,30.85,30.8,30.85,86700,2026-09-16,,,,,,,,
1789526520,30.85,30.9,30.8,30.85,33900,2026-09-16,,,,,,,,
1789526580,30.85,30.9,30.85,30.85,20700,2026-09-16,,,,,,,,
1789526640,30.9,30.9,30.85,30.9,33500,2026-09-16,,,,,,,,
1789526700,30.9,30.9,30.85,30.9,18000,2026-09-16,,,,,,,,
1789526760,30.85,30.9,30.85,30.9,11900,2026-09-16,,,,,,,,
1789526820,30.9,30.9,30.9,30.9,47700,2026-09-16,,,,,,,,
1789526880,30.9,30.9,30.85,30.9,42300,2026-09-16,,,,,,,,
1789526940,30.9,30.9,30.85,30.9,20200,2026-09-16,,,,,,,,
1789527000,30.9,30.9,30.85,30.9,21900,2026-09-16,,,,,,,,
1789527060,30.9,30.95,30.85,30.95,143000,2026-09-16,,,,,,,,
1789527120,30.95,31.05,30.95,31.0,195900,2026-09-16,,,,,,,,
1789527180,31.0,31.1,31.0,31.05,74800,2026-09-16,,,,,,,,
1789527240,31.05,31.15,31.05,31.1,110700,2026-09-16,,,,,,,,
1789527300,31.15,31.35,31.1,31.35,175500,2026-09-16,,,,,,,,
1789527360,31.3,31.4,31.25,31.25,131000,2026-09-16,,,,,,,,
1789527420,31.25,31.25,31.15,31.2,101100,2026-09-16,,,,,,,,
1789527480,31.2,31.25,31.15,31.25,46600,2026-09-16,,,,,,,,
1789527540,31.25,31.25,31.2,31.25,46000,2026-09-16,,,,,,,,
1789527600,31.25,31.25,31.2,31.2,37300,2026-09-16,,,,,,,,
1789527660,31.2,31.25,31.2,31.2,47900,2026-09-16,,,,,,,,
1789527720,31.2,31.25,31.15,31.15,56400,2026-09-16,,,,,,,,
1789527780,31.15,31.2,31.15,31.15,25800,2026-09-16,,,,,,,,
1789527840,31.2,31.2,31.15,31.15,38400,2026-09-16,,,,,,,,
1789527900,31.15,31.2,31.15,31.15,52300,2026-09-16,,,,,,,,
1789527960,31.2,31.25,31.2,31.2,119500,2026-09-16,,,,,,,,
1789528020,31.2,31.25,31.2,31.25,74800,2026-09-16,,,,,,,,
1789528080,31.3,31.45,31.3,31.4,183000,2026-09-16,,,,,,,,
1789528140,31.4,31.5,31.35,31.45,163600,2026-09-16,,,,,,,,
1789528200,31.45,31.55,31.45,31.55,252500,2026-09-16,,,,,,,,
1789528260,31.55,31.65,31.55,31.65,71700,2026-09-16,,,,,,,,
1789528320,31.65,31.8,31.6,31.75,209000,2026-09-16,,,,,,,,
1789528380,31.75,31.75,31.6,31.65,205400,2026-09-16,,,,,,,,
1789528440,31.7,31.7,31.6,31.65,61600,2026-09-16,,,,,,,,
1789528500,31.65,31.7,31.6,31.6,87300,2026-09-16,,,,,,,,
1789528560,31.6,31.65,31.6,31.6,81100,2026-09-16,,,,,,,,
1789528620,31.6,31.6,31.45,31.5,140400,2026-09-16,,,,,,,,
1789528680,31.5,31.55,31.4,31.4,208000,2026-09-16,,,,,,,,
1789528740,31.4,31.4,31.3,31.4,50800,2026-09-16,,,,,,,,
1789528800,31.4,31.4,31.3,31.35,16200,2026-09-16,,,,,,,,
1789528860,31.4,31.4,31.35,31.35,31900,2026-09-16,,,,,,,,
1789528920,31.35,31.4,31.3,31.35,30200,2026-09-16,,,,,,,,
1789528980,31.35,31.4,31.35,31.4,53600,2026-09-16,,,,,,,,
1789529040,31.4,31.45,31.4,31.45,66400,2026-09-16,,,,,,,,
1789529100,31.45,31.45,31.45,31.45,57100,2026-09-16,,,,,,,,
1789529160,31.45,31.5,31.4,31.5,71800,2026-09-16,,,,,,,,
1789529220,31.5,31.5,31.4,31.45,80100,2026-09-16,,,,,,,,
1789529280,31.45,31.5,31.4,31.5,36100,2026-09-16,,,,,,,,
1789529340,31.5,31.5,31.45,31.5,58900,2026-09-16,,,,,,,,
1789529400,31.5,31.5,31.45,31.5,89600,2026-09-16,,,,,,,,
1789529460,31.5,31.55,31.5,31.55,39700,2026-09-16,,,,,,,,
1789529520,31.55,31.55,31.5,31.5,28400,2026-09-16,,,,,,,,
1789529580,31.55,31.55,31.45,31.5,42700,2026-09-16,,,,,,,,
1789529640,31.45,31.5,31.4,31.4,52900,2026-09-16,,,,,,,,
1789529700,31.45,31.45,31.4,31.4,33300,2026-09-16,,,,,,,,
1789529760,31.45,31.45,31.4,31.45,25700,2026-09-16,,,,,,,,
1789529820,31.45,31.45,31.4,31.45,27800,2026-09-16,,,,,,,,
1789529880,31.45,31.45,31.25,31.3,156700,2026-09-16,,,,,,,,
1789529940,31.3,31.3,31.25,31.3,40300,2026-09-16,,,,,,,,
1789530000,31.3,31.3,31.25,31.3,20000,2026-09-16,,,,,,,,
1789530060,31.3,31.35,31.25,31.3,14800,2026-09-16,,,,,,,,
1789530120,31.35,31.35,31.2,31.2,55300,2026-09-16,,,,,,,,
1789530180,31.3,31.35,31.2,31.3,12000,2026-09-16,,,,,,,,
1789530240,31.3,31.3,31.15,31.15,72700,2026-09-16,,,,,,,,
1789530300,31.2,31.2,31.1,31.15,52100,2026-09-16,,,,,,,,
1789530360,31.15,31.15,31.1,31.15,49600,2026-09-16,,,,,,,,
1789530420,31.15,31.15,31.05,31.1,44700,2026-09-16,,,,,,,,
1789530480,31.1,31.1,31.05,31.05,58100,2026-09-16,,,,,,,,
1789530540,31.05,31.05,31.0,31.05,54300,2026-09-16,,,,,,,,
1789530600,31.05,31.05,31.0,31.05,73100,2026-09-16,,,,,,,,
1789530660,31.05,31.1,31.0,31.05,64600,2026-09-16,,,,,,,,
1789530720,31.0,31.1,31.0,31.05,30100,2026-09-16,,,,,,,,
1789530780,31.05,31.1,31.0,31.1,43600,2026-09-16,,,,,,,,
1789530840,31.1,31.15,31.05,31.05,18600,2026-09-16,,,,,,,,
1789530900,31.1,31.15,31.1,31.15,26200,2026-09-16,,,,,,,,
1789530960,31.1,31.15,31.1,31.15,37100,2026-09-16,,,,,,,,
1789531020,31.15,31.2,31.15,31.2,25200,2026-09-16,,,,,,,,
1789531080,31.2,31.25,31.2,31.2,33300,2026-09-16,,,,,,,,
1789531140,31.2,31.25,31.2,31.25,39000,2026-09-16,,,,,,,,
1789531200,31.25,31.3,31.15,31.3,28200,2026-09-16,,,,,,,,
1789531260,31.3,31.3,31.25,31.3,18200,2026-09-16,,,,,,,,
1789531320,31.3,31.35,31.3,31.35,54600,2026-09-16,,,,,,,,
1789531380,31.35,31.35,31.3,31.35,35200,2026-09-16,,,,,,,,
1789531440,31.3,31.3,31.25,31.3,39000,2026-09-16,,,,,,,,
1789531500,31.3,31.3,31.25,31.25,33000,2026-09-16,,,,,,,,
1789531560,31.25,31.3,31.2,31.2,22400,2026-09-16,,,,,,,,
1789531620,31.25,31.3,31.25,31.25,34300,2026-09-16,,,,,,,,
1789531680,31.3,31.3,31.2,31.2,14600,2026-09-16,,,,,,,,
1789531740,31.25,31.35,31.25,31.35,58900,2026-09-16,,,,,,,,
1789531800,31.35,31.35,31.3,31.35,36800,2026-09-16,,,,,,,,
1789531860,31.35,31.4,31.3,31.35,37500,2026-09-16,,,,,,,,
1789531920,31.35,31.45,31.35,31.45,83100,2026-09-16,,,,,,,,
1789531980,31.45,31.45,31.4,31.4,21600,2026-09-16,,,,,,,,
1789532040,31.4,31.5,31.4,31.5,67800,2026-09-16,,,,,,,,
1789532100,31.5,31.5,31.45,31.45,29700,2026-09-16,,,,,,,,
1789532160,31.4,31.45,31.4,31.4,92900,2026-09-16,,,,,,,,
1789532220,31.4,31.4,31.3,31.35,38400,2026-09-16,,,,,,,,
1789532280,31.35,31.35,31.3,31.3,56500,2026-09-16,,,,,,,,
1789532340,31.35,31.35,31.25,31.35,27200,2026-09-16,,,,,,,,
1789532400,31.3,31.3,31.2,31.2,30300,2026-09-16,,,,,,,,
1789532460,31.25,31.3,31.25,31.25,95400,2026-09-16,,,,,,,,
1789532520,31.3,31.3,31.25,31.3,10900,2026-09-16,,,,,,,,
1789532580,31.3,31.35,31.25,31.3,32600,2026-09-16,,,,,,,,
1789532640,31.35,31.35,31.3,31.3,15300,2026-09-16,,,,,,,,
1789532700,31.3,31.35,31.25,31.3,53300,2026-09-16,,,,,,,,
1789532760,31.25,31.3,31.2,31.25,64200,2026-09-16,,,,,,,,
1789532820,31.25,31.3,31.2,31.2,31600,2026-09-16,,,,,,,,
1789532880,31.3,31.3,31.2,31.25,25700,2026-09-16,,,,,,,,
1789532940,31.25,31.3,31.2,31.2,17200,2026-09-16,,,,,,,,
1789538400,31.2,31.25,31.0,31.15,381500,2026-09-16,,,,,,,,
1789538460,31.05,31.2,31.05,31.15,103000,2026-09-16,,,,,,,,
1789538520,31.15,31.2,31.1,31.15,46800,2026-09-16,,,,,,,,
1789538580,31.1,31.2,31.1,31.2,55400,2026-09-16,,,,,,,,
1789538640,31.2,31.2,31.15,31.2,83900,2026-09-16,,,,,,,,
1789538700,31.2,31.25,31.15,31.2,90900,2026-09-16,,,,,,,,
1789538760,31.2,31.2,31.15,31.15,39700,2026-09-16,,,,,,,,
1789538820,31.2,31.2,31.15,31.15,41600,2026-09-16,,,,,,,,
1789538880,31.2,31.2,31.15,31.15,56100,2026-09-16,,,,,,,,
1789538940,31.15,31.15,31.05,31.1,85900,2026-09-16,,,,,,,,
1789539000,31.1,31.1,31.0,31.0,57900,2026-09-16,,,,,,,,
1789539060,31.05,31.05,30.95,30.95,89800,2026-09-16,,,,,,,,
1789539120,30.95,31.0,30.9,30.95,135900,2026-09-16,,,,,,,,
1789539180,30.95,31.1,30.95,31.1,171100,2026-09-16,,,,,,,,
1789539240,31.1,31.1,31.0,31.05,24300,2026-09-16,,,,,,,,
1789539300,31.05,31.05,31.05,31.05,15000,2026-09-16,,,,,,,,
1789539360,31.0,31.05,31.0,31.0,32000,2026-09-16,,,,,,,,
1789539420,31.05,31.05,30.95,30.95,72100,2026-09-16,,,,,,,,
1789539480,31.0,31.0,30.9,30.95,65000,2026-09-16,,,,,,,,
1789539540,30.9,30.95,30.8,30.85,155700,2026-09-16,,,,,,,,
1789539600,30.85,30.85,30.8,30.8,123700,2026-09-16,,,,,,,,
1789539660,30.75,30.8,30.65,30.75,135400,2026-09-16,,,,,,,,
1789539720,30.75,30.8,30.75,30.8,106400,2026-09-16,,,,,,,,
1789539780,30.8,30.95,30.75,30.9,52200,2026-09-16,,,,,,,,
1789539840,30.95,30.95,30.9,30.95,52300,2026-09-16,,,,,,,,
1789539900,30.95,31.1,30.95,31.1,108800,2026-09-16,,,,,,,,
1789539960,31.05,31.1,31.05,31.1,68500,2026-09-16,,,,,,,,
1789540020,31.1,31.15,31.1,31.15,101700,2026-09-16,,,,,,,,
1789540080,31.15,31.2,31.15,31.15,50400,2026-09-16,,,,,,,,
1789540140,31.2,31.2,31.2,31.2,14400,2026-09-16,,,,,,,,
1789540200,31.2,31.2,31.15,31.15,75100,2026-09-16,,,,,,,,
1789540260,31.15,31.2,31.15,31.15,14600,2026-09-16,,,,,,,,
1789540320,31.2,31.2,31.15,31.15,24800,2026-09-16,,,,,,,,
1789540380,31.15,31.2,31.1,31.1,76100,2026-09-16,,,,,,,,
1789540440,31.1,31.1,31.05,31.1,95400,2026-09-16,,,,,,,,
1789540500,31.05,31.1,31.05,31.05,49000,2026-09-16,,,,,,,,
1789540560,31.05,31.1,31.0,31.1,43200,2026-09-16,,,,,,,,
1789540620,31.1,31.1,31.05,31.1,36600,2026-09-16,,,,,,,,
1789540680,31.1,31.15,31.1,31.15,24400,2026-09-16,,,,,,,,
1789540740,31.15,31.15,31.1,31.1,32400,2026-09-16,,,,,,,,
1789540800,31.1,31.1,31.05,31.1,17400,2026-09-16,,,,,,,,
1789540860,31.1,31.15,31.1,31.1,24900,2026-09-16,,,,,,,,
1789540920,31.15,31.15,31.05,31.1,34700,2026-09-16,,,,,,,,
1789540980,31.1,31.15,31.05,31.15,77800,2026-09-16,,,,,,,,
1789541040,31.1,31.15,31.05,31.1,75100,2026-09-16,,,,,,,,
1789541100,31.1,31.1,31.05,31.1,34200,2026-09-16,,,,,,,,
1789541160,31.05,31.1,31.0,31.1,101700,2026-09-16,,,,,,,,
1789541220,31.1,31.1,31.05,31.1,40000,2026-09-16,,,,,,,,
1789541280,31.05,31.1,31.0,31.05,93800,2026-09-16,,,,,,,,
1789541340,31.1,31.1,31.05,31.1,24500,2026-09-16,,,,,,,,
1789541400,31.1,31.15,31.05,31.1,88500,2026-09-16,,,,,,,,
1789541460,31.1,31.2,31.05,31.2,166500,2026-09-16,,,,,,,,
1789541520,31.2,31.25,31.15,31.2,164200,2026-09-16,,,,,,,,
1789541580,31.2,31.3,31.2,31.2,81900,2026-09-16,,,,,,,,
1789541640,31.3,31.3,31.25,31.3,28000,2026-09-16,,,,,,,,
1789541700,31.3,31.3,31.3,31.3,35100,2026-09-16,,,,,,,,
1789541760,31.3,31.3,31.25,31.3,38400,2026-09-16,,,,,,,,
1789541820,31.3,31.35,31.3,31.3,51800,2026-09-16,,,,,,,,
1789541880,31.35,31.35,31.3,31.3,60700,2026-09-16,,,,,,,,
1789541940,31.3,31.3,31.25,31.3,60800,2026-09-16,,,,,,,,
1789542000,31.25,31.3,31.25,31.25,50600,2026-09-16,,,,,,,,
1789542060,31.25,31.3,31.25,31.25,37700,2026-09-16,,,,,,,,
1789542120,31.25,31.3,31.2,31.25,82400,2026-09-16,,,,,,,,
1789542180,31.25,31.3,31.2,31.25,45400,2026-09-16,,,,,,,,
1789542240,31.25,31.3,31.2,31.2,37700,2026-09-16,,,,,,,,
1789542300,31.25,31.3,31.2,31.3,53000,2026-09-16,,,,,,,,
1789542360,31.3,31.3,31.25,31.3,40600,2026-09-16,,,,,,,,
1789542420,31.3,31.3,31.25,31.3,47300,2026-09-16,,,,,,,,
1789542480,31.3,31.3,31.25,31.25,33700,2026-09-16,,,,,,,,
1789542540,31.3,31.35,31.25,31.3,146700,2026-09-16,,,,,,,,
1789542600,31.35,31.35,31.25,31.3,61100,2026-09-16,,,,,,,,
1789542660,31.3,31.35,31.3,31.35,54200,2026-09-16,,,,,,,,
1789542720,31.35,31.4,31.3,31.4,91400,2026-09-16,,,,,,,,
1789542780,31.35,31.4,31.35,31.4,73700,2026-09-16,,,,,,,,
1789542840,31.4,31.45,31.4,31.45,105700,2026-09-16,,,,,,,,
1789542900,31.45,31.45,31.35,31.4,66400,2026-09-16,,,,,,,,
1789542960,31.4,31.4,31.3,31.3,58100,2026-09-16,,,,,,,,
1789543020,31.4,31.4,31.3,31.3,44800,2026-09-16,,,,,,,,
1789543080,31.3,31.4,31.3,31.35,71700,2026-09-16,,,,,,,,
1789543140,31.35,31.4,31.3,31.3,34500,2026-09-16,,,,,,,,
1789543200,31.3,31.4,31.3,31.35,78000,2026-09-16,,,,,,,,
1789543260,31.35,31.35,31.3,31.35,81100,2026-09-16,,,,,,,,
1789543320,31.35,31.35,31.25,31.25,74100,2026-09-16,,,,,,,,
1789543380,31.25,31.25,31.2,31.2,79200,2026-09-16,,,,,,,,
1789543440,31.15,31.15,31.0,31.0,55000,2026-09-16,,,,,,,,
1789543500,31.05,31.2,31.0,31.15,79700,2026-09-16,,,,,,,,
1789543560,31.05,31.2,31.05,31.1,62500,2026-09-16,,,,,,,,
1789543620,31.15,31.2,31.1,31.2,80600,2026-09-16,,,,,,,,
1789543680,31.1,31.2,31.1,31.1,78300,2026-09-16,,,,,,,,
1789543740,31.1,31.15,31.05,31.05,103400,2026-09-16,,,,,,,,
1789544700,30.6,30.6,30.6,30.6,1010000,2026-09-16,,,,,,,,
1789611300,30.2,30.65,30.2,30.65,685600,2026-09-17,,,,,,,,
1789611360,30.65,30.95,30.65,30.95,92500,2026-09-17,,,,,,,,
1789611420,30.95,30.95,30.75,30.75,103000,2026-09-17,,,,,,,,
1789611480,30.75,30.75,30.6,30.75,151100,2026-09-17,,,,,,,,
1789611540,30.75,30.9,30.65,30.9,97800,2026-09-17,,,,,,,,
1789611600,30.9,30.9,30.85,30.9,82100,2026-09-17,,,,,,,,
1789611660,30.9,30.95,30.85,30.95,64500,2026-09-17,,,,,,,,
1789611720,30.95,31.1,30.95,31.1,98400,2026-09-17,,,,,,,,
1789611780,31.1,31.2,31.1,31.15,126300,2026-09-17,,,,,,,,
1789611840,31.2,31.2,31.15,31.2,50800,2026-09-17,,,,,,,,
1789611900,31.2,31.25,31.15,31.25,49100,2026-09-17,,,,,,,,
1789611960,31.25,31.25,31.1,31.1,204400,2026-09-17,,,,,,,,
1789612020,31.1,31.1,31.0,31.0,96600,2026-09-17,,,,,,,,
1789612080,30.95,30.95,30.8,30.8,39800,2026-09-17,,,,,,,,
1789612140,30.85,30.9,30.85,30.85,71900,2026-09-17,,,,,,,,
1789612200,30.85,30.85,30.8,30.85,8100,2026-09-17,,,,,,,,
1789612260,30.85,30.85,30.8,30.85,16900,2026-09-17,,,,,,,,
1789612320,30.85,31.0,30.85,30.95,65600,2026-09-17,,,,,,,,
1789612380,31.0,31.0,30.95,30.95,15300,2026-09-17,,,,,,,,
1789612440,30.95,30.95,30.9,30.9,45400,2026-09-17,,,,,,,,
1789612500,30.85,30.9,30.85,30.85,4400,2026-09-17,,,,,,,,
1789612560,30.85,30.85,30.8,30.8,75100,2026-09-17,,,,,,,,
1789612620,30.8,31.0,30.8,30.9,156300,2026-09-17,,,,,,,,
1789612680,30.9,31.0,30.9,30.95,42500,2026-09-17,,,,,,,,
1789612740,31.0,31.1,31.0,31.0,69600,2026-09-17,,,,,,,,
1789612800,31.05,31.1,31.0,31.05,16200,2026-09-17,,,,,,,,
1789612860,31.05,31.1,31.05,31.1,68300,2026-09-17,,,,,,,,
1789612920,31.1,31.15,31.1,31.1,32100,2026-09-17,,,,,,,,
1789612980,31.1,31.15,31.05,31.1,74700,2026-09-17,,,,,,,,
1789613040,31.1,31.1,31.0,31.05,41000,2026-09-17,,,,,,,,
1789613100,31.05,31.1,31.0,31.1,70700,2026-09-17,,,,,,,,
1789613160,31.05,31.2,31.05,31.1,177100,2026-09-17,,,,,,,,
1789613220,31.2,31.2,31.15,31.2,31100,2026-09-17,,,,,,,,
1789613280,31.2,31.3,31.1,31.25,105400,2026-09-17,,,,,,,,
1789613340,31.25,31.35,31.25,31.35,36900,2026-09-17,,,,,,,,
1789613400,31.35,31.4,31.35,31.4,36900,2026-09-17,,,,,,,,
1789613460,31.4,31.4,31.35,31.35,24900,2026-09-17,,,,,,,,
1789613520,31.35,31.4,31.3,31.35,51800,2026-09-17,,,,,,,,
1789613580,31.3,31.35,31.3,31.3,56700,2026-09-17,,,,,,,,
1789613640,31.25,31.35,31.25,31.25,36900,2026-09-17,,,,,,,,
1789613700,31.25,31.3,31.25,31.25,30300,2026-09-17,,,,,,,,
1789613760,31.25,31.3,31.2,31.25,24300,2026-09-17,,,,,,,,
1789613820,31.3,31.4,31.25,31.4,105500,2026-09-17,,,,,,,,
1789613880,31.35,31.5,31.35,31.5,414200,2026-09-17,,,,,,,,
1789613940,31.5,31.7,31.5,31.7,295500,2026-09-17,,,,,,,,
1789614000,31.7,31.75,31.6,31.6,117100,2026-09-17,,,,,,,,
1789614060,31.65,31.65,31.5,31.5,79800,2026-09-17,,,,,,,,
1789614120,31.5,31.6,31.5,31.6,93200,2026-09-17,,,,,,,,
1789614180,31.55,31.6,31.5,31.5,37300,2026-09-17,,,,,,,,
1789614240,31.5,31.55,31.45,31.5,58500,2026-09-17,,,,,,,,
1789614300,31.55,31.55,31.5,31.5,59100,2026-09-17,,,,,,,,
1789614360,31.5,31.55,31.45,31.5,48400,2026-09-17,,,,,,,,
1789614420,31.55,31.55,31.45,31.5,62900,2026-09-17,,,,,,,,
1789614480,31.5,31.5,31.45,31.45,55300,2026-09-17,,,,,,,,
1789614540,31.5,31.5,31.4,31.45,27700,2026-09-17,,,,,,,,
1789614600,31.45,31.5,31.4,31.45,20300,2026-09-17,,,,,,,,
1789614660,31.4,31.45,31.35,31.45,28500,2026-09-17,,,,,,,,
1789614720,31.45,31.45,31.35,31.4,34800,2026-09-17,,,,,,,,
1789614780,31.4,31.45,31.35,31.4,22900,2026-09-17,,,,,,,,
1789614840,31.45,31.45,31.4,31.45,23000,2026-09-17,,,,,,,,
1789614900,31.45,31.45,31.4,31.45,27100,2026-09-17,,,,,,,,
1789614960,31.45,31.5,31.4,31.45,57400,2026-09-17,,,,,,,,
1789615020,31.5,31.5,31.4,31.45,33600,2026-09-17,,,,,,,,
1789615080,31.45,31.5,31.4,31.4,21400,2026-09-17,,,,,,,,
1789615140,31.45,31.5,31.4,31.5,54500,2026-09-17,,,,,,,,
1789615200,31.4,31.45,31.4,31.45,25500,2026-09-17,,,,,,,,
1789615260,31.35,31.45,31.35,31.45,18200,2026-09-17,,,,,,,,
1789615320,31.45,31.45,31.35,31.35,43400,2026-09-17,,,,,,,,
1789615380,31.4,31.4,31.25,31.3,116100,2026-09-17,,,,,,,,
1789615440,31.25,31.25,31.0,31.1,191000,2026-09-17,,,,,,,,
1789615500,31.1,31.15,31.0,31.0,47500,2026-09-17,,,,,,,,
1789615560,31.05,31.1,31.0,31.1,107600,2026-09-17,,,,,,,,
1789615620,31.05,31.1,31.05,31.1,47300,2026-09-17,,,,,,,,
1789615680,31.1,31.2,31.1,31.1,18800,2026-09-17,,,,,,,,
1789615740,31.2,31.2,31.1,31.15,38400,2026-09-17,,,,,,,,
1789615800,31.1,31.15,31.1,31.15,64200,2026-09-17,,,,,,,,
1789615860,31.1,31.15,31.05,31.1,87800,2026-09-17,,,,,,,,
1789615920,31.1,31.15,31.05,31.1,33100,2026-09-17,,,,,,,,
1789615980,31.1,31.15,31.05,31.15,58200,2026-09-17,,,,,,,,
1789616040,31.15,31.2,31.1,31.2,37100,2026-09-17,,,,,,,,
1789616100,31.2,31.2,31.15,31.2,18900,2026-09-17,,,,,,,,
1789616160,31.2,31.2,31.1,31.15,24800,2026-09-17,,,,,,,,
1789616220,31.15,31.2,31.1,31.15,23700,2026-09-17,,,,,,,,
1789616280,31.1,31.2,31.1,31.15,125200,2026-09-17,,,,,,,,
1789616340,31.15,31.2,31.1,31.2,14100,2026-09-17,,,,,,,,
1789616400,31.2,31.2,31.15,31.15,17200,2026-09-17,,,,,,,,
1789616460,31.15,31.2,31.1,31.2,21100,2026-09-17,,,,,,,,
1789616520,31.1,31.2,31.1,31.15,37600,2026-09-17,,,,,,,,
1789616580,31.15,31.15,31.05,31.15,52800,2026-09-17,,,,,,,,
1789616640,31.15,31.2,31.1,31.15,20100,2026-09-17,,,,,,,,
1789616700,31.15,31.2,31.05,31.2,78200,2026-09-17,,,,,,,,
1789616760,31.2,31.2,31.1,31.1,37500,2026-09-17,,,,,,,,
1789616820,31.15,31.15,31.05,31.15,57200,2026-09-17,,,,,,,,
1789616880,31.15,31.15,31.1,31.1,31000,2026-09-17,,,,,,,,
1789616940,31.15,31.15,31.15,31.15,16200,2026-09-17,,,,,,,,
1789617000,31.1,31.15,31.1,31.15,56100,2026-09-17,,,,,,,,
1789617060,31.15,31.15,31.1,31.15,26700,2026-09-17,,,,,,,,
1789617120,31.1,31.15,31.1,31.15,16300,2026-09-17,,,,,,,,
1789617180,31.1,31.15,31.1,31.15,27700,2026-09-17,,,,,,,,
1789617240,31.15,31.2,31.1,31.2,20800,2026-09-17,,,,,,,,
1789617300,31.15,31.2,31.05,31.2,43300,2026-09-17,,,,,,,,
1789617360,31.15,31.2,31.15,31.15,18400,2026-09-17,,,,,,,,
1789617420,31.15,31.2,31.05,31.2,59600,2026-09-17,,,,,,,,
1789617480,31.15,31.2,31.1,31.15,18600,2026-09-17,,,,,,,,
1789617540,31.15,31.2,31.1,31.15,26100,2026-09-17,,,,,,,,
1789617600,31.1,31.2,31.1,31.2,31600,2026-09-17,,,,,,,,
1789617660,31.2,31.2,31.1,31.2,21900,2026-09-17,,,,,,,,
1789617720,31.2,31.2,31.1,31.2,47700,2026-09-17,,,,,,,,
1789617780,31.2,31.2,31.1,31.2,39800,2026-09-17,,,,,,,,
1789617840,31.2,31.2,31.15,31.15,19300,2026-09-17,,,,,,,,
1789617900,31.2,31.25,31.15,31.2,72600,2026-09-17,,,,,,,,
1789617960,31.2,31.25,31.1,31.1,73800,2026-09-17,,,,,,,,
1789618020,31.2,31.25,31.1,31.2,27100,2026-09-17,,,,,,,,
1789618080,31.1,31.25,31.1,31.25,18800,2026-09-17,,,,,,,,
1789618140,31.25,31.25,31.1,31.1,32200,2026-09-17,,,,,,,,
1789618200,31.2,31.25,31.1,31.25,22100,2026-09-17,,,,,,,,
1789618260,31.2,31.25,31.15,31.25,19200,2026-09-17,,,,,,,,
1789618320,31.25,31.25,31.15,31.2,28300,2026-09-17,,,,,,,,
1789618380,31.2,31.25,31.2,31.25,15100,2026-09-17,,,,,,,,
1789618440,31.25,31.3,31.15,31.15,30800,2026-09-17,,,,,,,,
1789618500,31.25,31.25,31.15,31.25,29000,2026-09-17,,,,,,,,
1789618560,31.25,31.25,31.1,31.25,11200,2026-09-17,,,,,,,,
1789618620,31.25,31.25,31.1,31.2,35300,2026-09-17,,,,,,,,
1789618680,31.2,31.2,31.1,31.1,18800,2026-09-17,,,,,,,,
1789618740,31.1,31.2,31.1,31.2,51900,2026-09-17,,,,,,,,
1789618800,31.2,31.2,31.1,31.2,21700,2026-09-17,,,,,,,,
1789618860,31.1,31.2,31.1,31.15,16500,2026-09-17,,,,,,,,
1789618920,31.15,31.15,31.05,31.15,62600,2026-09-17,,,,,,,,
1789618980,31.05,31.15,31.05,31.1,19600,2026-09-17,,,,,,,,
1789619040,31.1,31.1,31.05,31.1,29100,2026-09-17,,,,,,,,
1789619100,31.1,31.1,31.05,31.05,30000,2026-09-17,,,,,,,,
1789619160,31.1,31.1,31.05,31.1,21600,2026-09-17,,,,,,,,
1789619220,31.1,31.15,31.05,31.1,39200,2026-09-17,,,,,,,,
1789619280,31.1,31.15,31.05,31.05,13600,2026-09-17,,,,,,,,
1789619340,31.1,31.1,31.0,31.0,214500,2026-09-17,,,,,,,,
1789624800,31.0,31.05,30.8,30.85,515900,2026-09-17,,,,,,,,
1789624860,30.85,30.9,30.8,30.9,194100,2026-09-17,,,,,,,,
1789624920,30.9,30.95,30.85,30.9,259400,2026-09-17,,,,,,,,
1789624980,30.95,31.0,30.9,30.9,93100,2026-09-17,,,,,,,,
1789625040,30.9,31.0,30.9,30.95,114200,2026-09-17,,,,,,,,
1789625100,31.0,31.15,30.95,31.1,244400,2026-09-17,,,,,,,,
1789625160,31.1,31.2,31.1,31.15,227700,2026-09-17,,,,,,,,
1789625220,31.1,31.2,31.1,31.2,164300,2026-09-17,,,,,,,,
1789625280,31.2,31.2,31.15,31.15,137900,2026-09-17,,,,,,,,
1789625340,31.15,31.15,31.0,31.0,117000,2026-09-17,,,,,,,,
1789625400,31.05,31.2,31.0,31.05,214800,2026-09-17,,,,,,,,
1789625460,31.05,31.25,31.05,31.2,99600,2026-09-17,,,,,,,,
1789625520,31.2,31.25,31.2,31.25,100800,2026-09-17,,,,,,,,
1789625580,31.2,31.35,31.2,31.25,207800,2026-09-17,,,,,,,,
1789625640,31.25,31.3,31.25,31.25,64700,2026-09-17,,,,,,,,
1789625700,31.25,31.3,31.1,31.15,45400,2026-09-17,,,,,,,,
1789625760,31.15,31.15,31.05,31.05,37400,2026-09-17,,,,,,,,
1789625820,31.1,31.1,31.05,31.1,43100,2026-09-17,,,,,,,,
1789625880,31.1,31.1,31.0,31.1,38800,2026-09-17,,,,,,,,
1789625940,31.05,31.05,31.0,31.0,29300,2026-09-17,,,,,,,,
1789626000,31.0,31.1,31.0,31.1,72400,2026-09-17,,,,,,,,
1789626060,31.15,31.15,31.05,31.15,17600,2026-09-17,,,,,,,,
1789626120,31.1,31.15,31.1,31.1,41000,2026-09-17,,,,,,,,
1789626180,31.1,31.1,31.0,31.1,39900,2026-09-17,,,,,,,,
1789626240,31.1,31.1,31.0,31.0,47900,2026-09-17,,,,,,,,
1789626300,31.05,31.1,31.0,31.0,41900,2026-09-17,,,,,,,,
1789626360,31.05,31.1,31.05,31.05,25000,2026-09-17,,,,,,,,
1789626420,31.1,31.1,31.05,31.1,52900,2026-09-17,,,,,,,,
1789626480,31.1,31.1,31.05,31.1,76600,2026-09-17,,,,,,,,
1789626540,31.1,31.1,31.0,31.0,173200,2026-09-17,,,,,,,,
1789626600,31.0,31.05,30.85,30.9,209600,2026-09-17,,,,,,,,
1789626660,30.9,30.9,30.85,30.9,63900,2026-09-17,,,,,,,,
1789626720,30.9,31.05,30.85,31.05,61000,2026-09-17,,,,,,,,
1789626780,31.05,31.05,30.95,31.0,30900,2026-09-17,,,,,,,,
1789626840,31.0,31.05,30.95,31.05,53300,2026-09-17,,,,,,,,
1789626900,31.0,31.05,31.0,31.0,53600,2026-09-17,,,,,,,,
1789626960,31.1,31.1,31.0,31.05,29600,2026-09-17,,,,,,,,
1789627020,31.1,31.1,31.0,31.05,21200,2026-09-17,,,,,,,,
1789627080,31.1,31.1,30.95,31.05,41000,2026-09-17,,,,,,,,
1789627140,31.05,31.05,31.0,31.05,19000,2026-09-17,,,,,,,,
1789627200,31.05,31.05,31.0,31.05,23700,2026-09-17,,,,,,,,
1789627260,31.0,31.05,31.0,31.05,28500,2026-09-17,,,,,,,,
1789627320,31.05,31.05,30.95,30.95,35000,2026-09-17,,,,,,,,
1789627380,30.95,31.0,30.95,31.0,13100,2026-09-17,,,,,,,,
1789627440,30.95,31.0,30.75,30.75,326000,2026-09-17,,,,,,,,
1789627500,30.75,30.9,30.75,30.75,112000,2026-09-17,,,,,,,,
1789627560,30.75,30.75,30.3,30.35,526200,2026-09-17,,,,,,,,
1789627620,30.3,30.5,30.25,30.5,318900,2026-09-17,,,,,,,,
1789627680,30.45,30.75,30.45,30.6,150100,2026-09-17,,,,,,,,
1789627740,30.55,30.6,30.4,30.45,176700,2026-09-17,,,,,,,,
1789627800,30.45,30.6,30.4,30.55,85800,2026-09-17,,,,,,,,
1789627860,30.55,30.6,30.55,30.55,42100,2026-09-17,,,,,,,,
1789627920,30.55,30.6,30.55,30.55,30400,2026-09-17,,,,,,,,
1789627980,30.6,30.65,30.55,30.55,188700,2026-09-17,,,,,,,,
1789628040,30.55,30.6,30.55,30.55,11800,2026-09-17,,,,,,,,
1789628100,30.6,30.6,30.4,30.45,243100,2026-09-17,,,,,,,,
1789628160,30.4,30.4,30.25,30.4,282300,2026-09-17,,,,,,,,
1789628220,30.4,30.4,30.3,30.35,111900,2026-09-17,,,,,,,,
1789628280,30.35,30.4,30.25,30.4,187100,2026-09-17,,,,,,,,
1789628340,30.35,30.4,30.3,30.35,108200,2026-09-17,,,,,,,,
1789628400,30.3,30.4,30.3,30.4,64000,2026-09-17,,,,,,,,
1789628460,30.35,30.45,30.35,30.4,55700,2026-09-17,,,,,,,,
1789628520,30.4,30.45,30.4,30.4,51500,2026-09-17,,,,,,,,
1789628580,30.4,30.45,30.35,30.4,29600,2026-09-17,,,,,,,,
1789628640,30.4,30.45,30.35,30.35,165800,2026-09-17,,,,,,,,
1789628700,30.35,30.4,30.3,30.35,26600,2026-09-17,,,,,,,,
1789628760,30.3,30.3,30.1,30.15,621200,2026-09-17,,,,,,,,
1789628820,30.15,30.15,29.9,30.0,845300,2026-09-17,,,,,,,,
1789628880,29.95,30.25,29.95,30.2,177700,2026-09-17,,,,,,,,
1789628940,30.25,30.3,30.1,30.25,64600,2026-09-17,,,,,,,,
1789629000,30.25,30.25,30.15,30.25,146500,2026-09-17,,,,,,,,
1789629060,30.25,30.25,30.2,30.25,36200,2026-09-17,,,,,,,,
1789629120,30.2,30.25,30.15,30.2,123700,2026-09-17,,,,,,,,
1789629180,30.2,30.3,30.2,30.2,132500,2026-09-17,,,,,,,,
1789629240,30.2,30.25,30.05,30.1,226900,2026-09-17,,,,,,,,
1789629300,30.05,30.1,29.95,30.0,457500,2026-09-17,,,,,,,,
1789629360,30.0,30.15,30.0,30.1,145900,2026-09-17,,,,,,,,
1789629420,30.1,30.15,30.05,30.15,140200,2026-09-17,,,,,,,,
1789629480,30.15,30.3,30.1,30.3,113800,2026-09-17,,,,,,,,
1789629540,30.3,30.6,30.25,30.6,388300,2026-09-17,,,,,,,,
1789629600,30.6,30.9,30.6,30.85,144400,2026-09-17,,,,,,,,
1789629660,30.85,30.85,30.6,30.7,131900,2026-09-17,,,,,,,,
1789629720,30.7,30.75,30.5,30.6,131100,2026-09-17,,,,,,,,
1789629780,30.6,30.7,30.5,30.7,152800,2026-09-17,,,,,,,,
1789629840,30.7,30.7,30.6,30.65,122600,2026-09-17,,,,,,,,
1789629900,30.65,30.7,30.6,30.65,100300,2026-09-17,,,,,,,,
1789629960,30.65,30.7,30.6,30.7,150700,2026-09-17,,,,,,,,
1789630020,30.7,30.7,30.6,30.65,134700,2026-09-17,,,,,,,,
1789630080,30.65,30.7,30.6,30.65,123000,2026-09-17,,,,,,,,
1789630140,30.65,30.7,30.5,30.55,201200,2026-09-17,,,,,,,,
1789631100,30.7,30.7,30.7,30.7,652500,2026-09-17,,,,,,,,
1789697700,30.8,30.8,30.7,30.8,120400,2026-09-18,,,,,,,,
1789697760,30.75,30.75,30.55,30.55,28400,2026-09-18,,,,,,,,
1789697820,30.6,30.6,30.5,30.5,54500,2026-09-18,,,,,,,,
1789697880,30.5,30.5,30.35,30.4,30500,2026-09-18,,,,,,,,
1789697940,30.4,30.4,30.25,30.3,52200,2026-09-18,,,,,,,,
1789698000,30.25,30.25,30.1,30.2,83300,2026-09-18,,,,,,,,
1789698060,30.25,30.25,30.2,30.25,63100,2026-09-18,,,,,,,,
1789698120,30.25,30.3,30.2,30.25,45900,2026-09-18,,,,,,,,
1789698180,30.25,30.3,30.2,30.25,26500,2026-09-18,,,,,,,,
1789698240,30.25,30.3,30.25,30.3,10400,2026-09-18,,,,,,,,
1789698300,30.3,30.3,30.25,30.3,6900,2026-09-18,,,,,,,,
1789698360,30.3,30.3,30.25,30.3,13500,2026-09-18,,,,,,,,
1789698420,30.3,30.3,30.25,30.3,23100,2026-09-18,,,,,,,,
1789698480,30.3,30.3,30.25,30.25,11900,2026-09-18,,,,,,,,
1789698540,30.25,30.3,30.25,30.3,5500,2026-09-18,,,,,,,,
1789698600,30.25,30.3,30.25,30.3,19500,2026-09-18,,,,,,,,
1789698660,30.3,30.35,30.3,30.35,8600,2026-09-18,,,,,,,,
1789698720,30.35,30.35,30.35,30.35,8100,2026-09-18,,,,,,,,
1789698780,30.35,30.35,30.3,30.3,48800,2026-09-18,,,,,,,,
1789698840,30.3,30.35,30.3,30.3,27000,2026-09-18,,,,,,,,
1789698900,30.35,30.35,30.3,30.3,7400,2026-09-18,,,,,,,,
1789698960,30.3,30.35,30.3,30.3,5700,2026-09-18,,,,,,,,
1789699020,30.3,30.35,30.3,30.3,20200,2026-09-18,,,,,,,,
1789699080,30.35,30.5,30.35,30.4,47500,2026-09-18,,,,,,,,
1789699140,30.5,30.7,30.45,30.6,64900,2026-09-18,,,,,,,,
1789699200,30.65,30.65,30.6,30.6,28800,2026-09-18,,,,,,,,
1789699260,30.55,30.6,30.5,30.55,21900,2026-09-18,,,,,,,,
1789699320,30.55,30.55,30.5,30.55,35000,2026-09-18,,,,,,,,
1789699380,30.55,30.55,30.5,30.5,10800,2026-09-18,,,,,,,,
1789699440,30.5,30.5,30.4,30.4,44200,2026-09-18,,,,,,,,
1789699500,30.4,30.4,30.3,30.3,15800,2026-09-18,,,,,,,,
1789699560,30.3,30.35,30.3,30.3,34400,2026-09-18,,,,,,,,
1789699620,30.35,30.35,30.25,30.25,13600,2026-09-18,,,,,,,,
1789699680,30.25,30.3,30.2,30.25,239200,2026-09-18,,,,,,,,
1789699740,30.25,30.25,30.1,30.15,300000,2026-09-18,,,,,,,,
1789699800,30.15,30.25,30.15,30.25,27200,2026-09-18,,,,,,,,
1789699860,30.25,30.25,30.2,30.2,8400,2026-09-18,,,,,,,,
1789699920,30.2,30.2,30.2,30.2,24200,2026-09-18,,,,,,,,
1789699980,30.2,30.2,30.15,30.15,72000,2026-09-18,,,,,,,,
1789700040,30.15,30.2,30.1,30.15,4400,2026-09-18,,,,,,,,
1789700100,30.15,30.15,30.1,30.1,98800,2026-09-18,,,,,,,,
1789700160,30.1,30.15,30.05,30.05,40300,2026-09-18,,,,,,,,
1789700220,30.1,30.15,30.05,30.1,51200,2026-09-18,,,,,,,,
1789700280,30.1,30.15,30.1,30.15,5300,2026-09-18,,,,,,,,
1789700340,30.1,30.15,30.1,30.1,17100,2026-09-18,,,,,,,,
1789700400,30.1,30.15,30.1,30.1,31500,2026-09-18,,,,,,,,
1789700460,30.1,30.1,30.1,30.1,54500,2026-09-18,,,,,,,,
1789700520,30.1,30.15,30.05,30.15,62200,2026-09-18,,,,,,,,
1789700580,30.15,30.15,30.05,30.1,53000,2026-09-18,,,,,,,,
1789700640,30.05,30.1,30.05,30.05,98200,2026-09-18,,,,,,,,
1789700700,30.05,30.05,30.0,30.0,396500,2026-09-18,,,,,,,,
1789700760,30.0,30.0,29.9,30.0,234200,2026-09-18,,,,,,,,
1789700820,29.95,30.05,29.9,30.0,252600,2026-09-18,,,,,,,,
1789700880,30.0,30.05,29.9,30.05,115800,2026-09-18,,,,,,,,
1789700940,30.05,30.1,30.0,30.05,39100,2026-09-18,,,,,,,,
1789701000,30.05,30.1,30.0,30.1,52900,2026-09-18,,,,,,,,
1789701060,30.05,30.15,30.05,30.1,16100,2026-09-18,,,,,,,,
1789701120,30.1,30.15,30.1,30.15,22000,2026-09-18,,,,,,,,
1789701180,30.15,30.2,30.15,30.2,19700,2026-09-18,,,,,,,,
1789701240,30.2,30.25,30.2,30.2,9800,2026-09-18,,,,,,,,
1789701300,30.25,30.3,30.2,30.3,17200,2026-09-18,,,,,,,,
1789701360,30.25,30.3,30.25,30.3,24700,2026-09-18,,,,,,,,
1789701420,30.35,30.4,30.3,30.4,67300,2026-09-18,,,,,,,,
1789701480,30.4,30.45,30.35,30.4,84100,2026-09-18,,,,,,,,
1789701540,30.35,30.4,30.35,30.35,29400,2026-09-18,,,,,,,,
1789701600,30.35,30.4,30.35,30.35,20200,2026-09-18,,,,,,,,
1789701660,30.4,30.4,30.35,30.35,20600,2026-09-18,,,,,,,,
1789701720,30.35,30.35,30.3,30.3,10500,2026-09-18,,,,,,,,
1789701780,30.3,30.35,30.25,30.25,177700,2026-09-18,,,,,,,,
1789701840,30.25,30.3,30.25,30.25,8000,2026-09-18,,,,,,,,
1789701900,30.25,30.3,30.2,30.25,6800,2026-09-18,,,,,,,,
1789701960,30.25,30.3,30.25,30.3,3800,2026-09-18,,,,,,,,
1789702020,30.25,30.3,30.25,30.3,1300,2026-09-18,,,,,,,,
1789702080,30.25,30.25,30.2,30.2,21800,2026-09-18,,,,,,,,
1789702140,30.2,30.25,30.2,30.25,28600,2026-09-18,,,,,,,,
1789702200,30.2,30.25,30.2,30.2,9100,2026-09-18,,,,,,,,
1789702260,30.2,30.25,30.2,30.2,14200,2026-09-18,,,,,,,,
1789702320,30.2,30.2,30.05,30.05,81700,2026-09-18,,,,,,,,
1789702380,30.05,30.1,30.05,30.1,18300,2026-09-18,,,,,,,,
1789702440,30.1,30.15,30.05,30.05,33000,2026-09-18,,,,,,,,
1789702500,30.05,30.1,30.05,30.1,5100,2026-09-18,,,,,,,,
1789702560,30.1,30.1,30.0,30.1,98300,2026-09-18,,,,,,,,
1789702620,30.1,30.1,30.05,30.1,40300,2026-09-18,,,,,,,,
1789702680,30.05,30.1,30.05,30.05,7500,2026-09-18,,,,,,,,
1789702740,30.1,30.1,30.05,30.05,3200,2026-09-18,,,,,,,,
1789702800,30.05,30.1,30.05,30.05,3700,2026-09-18,,,,,,,,
1789702860,30.05,30.1,30.0,30.05,78500,2026-09-18,,,,,,,,
1789702920,30.05,30.05,30.0,30.05,35100,2026-09-18,,,,,,,,
1789702980,30.05,30.05,30.0,30.0,36300,2026-09-18,,,,,,,,
1789703040,30.05,30.1,30.0,30.05,88400,2026-09-18,,,,,,,,
1789703100,30.05,30.05,30.0,30.05,70200,2026-09-18,,,,,,,,
1789703160,30.05,30.1,30.05,30.1,10100,2026-09-18,,,,,,,,
1789703220,30.1,30.1,30.05,30.05,6700,2026-09-18,,,,,,,,
1789703280,30.05,30.1,30.05,30.05,15100,2026-09-18,,,,,,,,
1789703340,30.05,30.15,30.05,30.15,52800,2026-09-18,,,,,,,,
1789703400,30.1,30.1,30.05,30.1,15100,2026-09-18,,,,,,,,
1789703460,30.1,30.1,30.1,30.1,7400,2026-09-18,,,,,,,,
1789703520,30.1,30.15,30.1,30.15,22000,2026-09-18,,,,,,,,
1789703580,30.1,30.15,30.1,30.15,22300,2026-09-18,,,,,,,,
1789703640,30.1,30.1,30.1,30.1,2400,2026-09-18,,,,,,,,
1789703700,30.1,30.1,30.05,30.1,126000,2026-09-18,,,,,,,,
1789703760,30.1,30.1,30.05,30.1,49800,2026-09-18,,,,,,,,
1789703820,30.1,30.1,30.1,30.1,39900,2026-09-18,,,,,,,,
1789703880,30.1,30.1,30.05,30.05,80000,2026-09-18,,,,,,,,
1789703940,30.05,30.1,30.05,30.05,91700,2026-09-18,,,,,,,,
1789704000,30.05,30.05,30.0,30.05,70000,2026-09-18,,,,,,,,
1789704060,30.05,30.05,30.0,30.0,5000,2026-09-18,,,,,,,,
1789704120,30.0,30.05,30.0,30.05,39200,2026-09-18,,,,,,,,
1789704180,30.0,30.05,30.0,30.05,57600,2026-09-18,,,,,,,,
1789704240,30.05,30.05,30.0,30.05,25200,2026-09-18,,,,,,,,
1789704300,30.05,30.05,30.05,30.05,3000,2026-09-18,,,,,,,,
1789704360,30.05,30.1,30.05,30.05,2100,2026-09-18,,,,,,,,
1789704420,30.05,30.05,30.05,30.05,18600,2026-09-18,,,,,,,,
1789704480,30.05,30.1,30.05,30.1,1300,2026-09-18,,,,,,,,
1789704540,30.05,30.05,30.05,30.05,2400,2026-09-18,,,,,,,,
1789704600,30.05,30.1,30.05,30.1,16400,2026-09-18,,,,,,,,
1789704660,30.05,30.05,30.05,30.05,23000,2026-09-18,,,,,,,,
1789704720,30.05,30.1,30.05,30.05,30400,2026-09-18,,,,,,,,
1789704780,30.05,30.05,30.0,30.0,11600,2026-09-18,,,,,,,,
1789704840,30.05,30.05,30.0,30.05,10800,2026-09-18,,,,,,,,
1789704900,30.05,30.05,30.0,30.05,12200,2026-09-18,,,,,,,,
1789704960,30.05,30.05,30.0,30.05,11500,2026-09-18,,,,,,,,
1789705020,30.05,30.05,30.05,30.05,12400,2026-09-18,,,,,,,,
1789705080,30.05,30.1,30.05,30.05,7700,2026-09-18,,,,,,,,
1789705140,30.1,30.1,30.05,30.05,13100,2026-09-18,,,,,,,,
1789705200,30.05,30.1,30.05,30.05,28000,2026-09-18,,,,,,,,
1789705260,30.15,30.15,30.05,30.15,61800,2026-09-18,,,,,,,,
1789705320,30.1,30.1,30.1,30.1,200,2026-09-18,,,,,,,,
1789705380,30.1,30.1,30.05,30.1,5900,2026-09-18,,,,,,,,
1789705440,30.1,30.1,30.05,30.05,3200,2026-09-18,,,,,,,,
1789705500,30.1,30.1,30.1,30.1,20800,2026-09-18,,,,,,,,
1789705560,30.1,30.1,30.1,30.1,21200,2026-09-18,,,,,,,,
1789705620,30.1,30.1,30.1,30.1,11800,2026-09-18,,,,,,,,
1789705680,30.1,30.15,30.1,30.1,25700,2026-09-18,,,,,,,,
1789705740,30.05,30.1,30.05,30.1,5100,2026-09-18,,,,,,,,
1789711200,30.1,30.1,30.0,30.0,307600,2026-09-18,,,,,,,,
1789711260,30.0,30.05,29.95,30.0,83200,2026-09-18,,,,,,,,
1789711320,30.0,30.05,29.95,30.0,30700,2026-09-18,,,,,,,,
1789711380,30.0,30.0,29.95,30.0,40600,2026-09-18,,,,,,,,
1789711440,30.0,30.0,29.95,30.0,44800,2026-09-18,,,,,,,,
1789711500,30.0,30.0,29.95,30.0,13400,2026-09-18,,,,,,,,
1789711560,30.0,30.0,29.95,30.0,22300,2026-09-18,,,,,,,,
1789711620,30.0,30.0,29.95,30.0,33800,2026-09-18,,,,,,,,
1789711680,30.0,30.0,30.0,30.0,19300,2026-09-18,,,,,,,,
1789711740,30.05,30.05,30.0,30.05,33000,2026-09-18,,,,,,,,
1789711800,30.05,30.05,30.05,30.05,15000,2026-09-18,,,,,,,,
1789711860,30.05,30.1,30.05,30.05,28600,2026-09-18,,,,,,,,
1789711920,30.05,30.1,30.05,30.1,42300,2026-09-18,,,,,,,,
1789711980,30.1,30.1,30.05,30.1,52000,2026-09-18,,,,,,,,
1789712040,30.1,30.15,30.1,30.1,15900,2026-09-18,,,,,,,,
1789712100,30.15,30.15,30.15,30.15,1600,2026-09-18,,,,,,,,
1789712160,30.15,30.15,30.1,30.1,34100,2026-09-18,,,,,,,,
1789712220,30.15,30.2,30.1,30.15,106200,2026-09-18,,,,,,,,
1789712280,30.2,30.2,30.2,30.2,34500,2026-09-18,,,,,,,,
1789712340,30.2,30.25,30.2,30.25,10400,2026-09-18,,,,,,,,
1789712400,30.25,30.3,30.25,30.25,28500,2026-09-18,,,,,,,,
1789712460,30.3,30.35,30.3,30.35,81700,2026-09-18,,,,,,,,
1789712520,30.35,30.5,30.35,30.4,141800,2026-09-18,,,,,,,,
1789712580,30.45,30.45,30.4,30.45,149200,2026-09-18,,,,,,,,
1789712640,30.45,30.45,30.4,30.4,90100,2026-09-18,,,,,,,,
1789712700,30.45,30.45,30.4,30.4,59200,2026-09-18,,,,,,,,
1789712760,30.4,30.4,30.35,30.35,281000,2026-09-18,,,,,,,,
1789712820,30.3,30.3,30.25,30.25,80000,2026-09-18,,,,,,,,
1789712880,30.25,30.25,30.2,30.25,25400,2026-09-18,,,,,,,,
1789712940,30.25,30.25,30.2,30.2,19400,2026-09-18,,,,,,,,
1789713000,30.2,30.2,30.2,30.2,16500,2026-09-18,,,,,,,,
1789713060,30.2,30.2,30.15,30.2,44300,2026-09-18,,,,,,,,
1789713120,30.2,30.2,30.15,30.15,12200,2026-09-18,,,,,,,,
1789713180,30.15,30.2,30.1,30.1,45500,2026-09-18,,,,,,,,
1789713240,30.15,30.15,30.1,30.1,10400,2026-09-18,,,,,,,,
1789713300,30.1,30.2,30.1,30.15,24600,2026-09-18,,,,,,,,
1789713360,30.2,30.2,30.15,30.15,57300,2026-09-18,,,,,,,,
1789713420,30.15,30.2,30.15,30.2,23500,2026-09-18,,,,,,,,
1789713480,30.2,30.25,30.2,30.2,5800,2026-09-18,,,,,,,,
1789713540,30.2,30.25,30.2,30.2,1500,2026-09-18,,,,,,,,
1789713600,30.2,30.25,30.2,30.2,10000,2026-09-18,,,,,,,,
1789713660,30.2,30.25,30.2,30.25,6600,2026-09-18,,,,,,,,
1789713720,30.25,30.25,30.2,30.2,11200,2026-09-18,,,,,,,,
1789713780,30.2,30.2,30.2,30.2,37100,2026-09-18,,,,,,,,
1789713840,30.2,30.2,30.15,30.15,31600,2026-09-18,,,,,,,,
1789713900,30.15,30.2,30.15,30.2,40000,2026-09-18,,,,,,,,
1789713960,30.2,30.2,30.15,30.2,9800,2026-09-18,,,,,,,,
1789714020,30.15,30.2,30.15,30.15,44500,2026-09-18,,,,,,,,
1789714080,30.15,30.2,30.15,30.2,5200,2026-09-18,,,,,,,,
1789714140,30.15,30.15,30.15,30.15,12300,2026-09-18,,,,,,,,
1789714200,30.15,30.15,30.15,30.15,600,2026-09-18,,,,,,,,
1789714260,30.15,30.15,30.15,30.15,3800,2026-09-18,,,,,,,,
1789714320,30.15,30.15,30.1,30.15,61100,2026-09-18,,,,,,,,
1789714380,30.15,30.15,30.1,30.1,103800,2026-09-18,,,,,,,,
1789714440,30.1,30.1,30.1,30.1,17400,2026-09-18,,,,,,,,
1789714500,30.1,30.1,30.05,30.1,17600,2026-09-18,,,,,,,,
1789714560,30.1,30.1,30.05,30.05,17500,2026-09-18,,,,,,,,
1789714620,30.05,30.05,30.0,30.05,174100,2026-09-18,,,,,,,,
1789714680,30.05,30.05,30.0,30.05,66100,2026-09-18,,,,,,,,
1789714740,30.05,30.1,30.05,30.05,57500,2026-09-18,,,,,,,,
1789714800,30.05,30.1,30.05,30.1,6800,2026-09-18,,,,,,,,
1789714860,30.05,30.1,30.05,30.05,4000,2026-09-18,,,,,,,,
1789714920,30.1,30.1,30.05,30.05,7700,2026-09-18,,,,,,,,
1789714980,30.05,30.1,30.05,30.05,37000,2026-09-18,,,,,,,,
1789715040,30.05,30.1,30.05,30.05,65400,2026-09-18,,,,,,,,
1789715100,30.05,30.05,30.0,30.0,445900,2026-09-18,,,,,,,,
1789715160,30.0,30.0,29.95,29.95,16600,2026-09-18,,,,,,,,
1789715220,30.0,30.0,29.95,29.95,50900,2026-09-18,,,,,,,,
1789715280,29.95,30.0,29.9,29.95,127100,2026-09-18,,,,,,,,
1789715340,29.95,29.95,29.9,29.9,38900,2026-09-18,,,,,,,,
1789715400,29.95,29.95,29.85,29.85,342400,2026-09-18,,,,,,,,
1789715460,29.85,29.9,29.8,29.8,278900,2026-09-18,,,,,,,,
1789715520,29.85,29.85,29.8,29.85,142600,2026-09-18,,,,,,,,
1789715580,29.85,29.95,29.8,29.95,122400,2026-09-18,,,,,,,,
1789715640,29.9,30.0,29.9,30.0,73600,2026-09-18,,,,,,,,
1789715700,30.0,30.1,29.95,30.1,161000,2026-09-18,,,,,,,,
1789715760,30.1,30.2,30.05,30.2,135100,2026-09-18,,,,,,,,
1789715820,30.2,30.4,30.2,30.4,125600,2026-09-18,,,,,,,,
1789715880,30.35,30.4,30.3,30.4,130500,2026-09-18,,,,,,,,
1789715940,30.35,30.4,30.35,30.4,116400,2026-09-18,,,,,,,,
1789716000,30.4,30.6,30.4,30.55,418200,2026-09-18,,,,,,,,
1789716060,30.55,30.75,30.55,30.75,311900,2026-09-18,,,,,,,,
1789716120,30.7,30.75,30.65,30.75,148100,2026-09-18,,,,,,,,
1789716180,30.75,30.8,30.7,30.75,251700,2026-09-18,,,,,,,,
1789716240,30.75,30.95,30.7,30.95,408500,2026-09-18,,,,,,,,
1789716300,30.85,30.95,30.85,30.9,165600,2026-09-18,,,,,,,,
1789716360,30.95,31.0,30.85,30.95,351500,2026-09-18,,,,,,,,
1789716420,31.0,31.05,30.9,31.05,332600,2026-09-18,,,,,,,,
1789716480,31.05,31.2,31.0,31.2,308000,2026-09-18,,,,,,,,
1789716540,31.2,31.2,31.05,31.1,318800,2026-09-18,,,,,,,,
1789717500,30.2,30.2,30.2,30.2,3579700,2026-09-18,,,,,,,,
1789956900,30.4,30.5,30.2,30.2,458200,2026-09-21,,,,,,,,
1789956960,30.3,30.3,30.25,30.25,32500,2026-09-21,,,,,,,,
1789957020,30.25,30.3,30.25,30.3,29400,2026-09-21,,,,,,,,
1789957080,30.3,30.35,30.25,30.3,76900,2026-09-21,,,,,,,,
1789957140,30.25,30.25,30.1,30.1,149700,2026-09-21,,,,,,,,
1789957200,30.15,30.15,30.05,30.1,12200,2026-09-21,,,,,,,,
1789957260,30.1,30.2,30.1,30.15,12300,2026-09-21,,,,,,,,
1789957320,30.15,30.15,30.15,30.15,21900,2026-09-21,,,,,,,,
1789957380,30.15,30.15,30.1,30.15,38000,2026-09-21,,,,,,,,
1789957440,30.15,30.3,30.15,30.3,197000,2026-09-21,,,,,,,,
1789957500,30.25,30.5,30.25,30.5,70000,2026-09-21,,,,,,,,
1789957560,30.5,30.7,30.5,30.7,48700,2026-09-21,,,,,,,,
1789957620,30.7,30.85,30.7,30.8,105900,2026-09-21,,,,,,,,
1789957680,30.8,30.8,30.5,30.5,49900,2026-09-21,,,,,,,,
1789957740,30.5,30.6,30.5,30.55,5800,2026-09-21,,,,,,,,
1789957800,30.55,30.6,30.5,30.55,100800,2026-09-21,,,,,,,,
1789957860,30.55,30.6,30.5,30.6,16600,2026-09-21,,,,,,,,
1789957920,30.6,30.6,30.55,30.6,28400,2026-09-21,,,,,,,,
1789957980,30.6,30.65,30.6,30.6,2200,2026-09-21,,,,,,,,
1789958040,30.65,30.7,30.6,30.65,55400,2026-09-21,,,,,,,,
1789958100,30.6,30.65,30.6,30.6,11700,2026-09-21,,,,,,,,
1789958160,30.6,30.65,30.6,30.6,23000,2026-09-21,,,,,,,,
1789958220,30.6,30.7,30.6,30.7,53600,2026-09-21,,,,,,,,
1789958280,30.7,30.8,30.7,30.8,80700,2026-09-21,,,,,,,,
1789958340,30.8,30.85,30.75,30.85,77000,2026-09-21,,,,,,,,
1789958400,30.85,30.95,30.85,30.9,59100,2026-09-21,,,,,,,,
1789958460,30.95,31.2,30.9,31.15,280700,2026-09-21,,,,,,,,
1789958520,31.15,31.15,31.0,31.05,116100,2026-09-21,,,,,,,,
1789958580,31.0,31.05,30.9,30.9,126500,2026-09-21,,,,,,,,
1789958640,31.0,31.05,30.95,30.95,75800,2026-09-21,,,,,,,,
1789958700,31.0,31.0,30.9,30.9,153800,2026-09-21,,,,,,,,
1789958760,30.85,30.85,30.65,30.65,46100,2026-09-21,,,,,,,,
1789958820,30.65,30.7,30.55,30.55,73100,2026-09-21,,,,,,,,
1789958880,30.6,30.7,30.6,30.65,74200,2026-09-21,,,,,,,,
1789958940,30.65,30.65,30.55,30.55,137700,2026-09-21,,,,,,,,
1789959000,30.55,30.55,30.5,30.55,30800,2026-09-21,,,,,,,,
1789959060,30.55,30.55,30.55,30.55,23600,2026-09-21,,,,,,,,
1789959120,30.55,30.6,30.55,30.55,6000,2026-09-21,,,,,,,,
1789959180,30.6,30.75,30.55,30.75,57100,2026-09-21,,,,,,,,
1789959240,30.75,30.8,30.75,30.75,2400,2026-09-21,,,,,,,,
1789959300,30.75,30.75,30.7,30.75,4400,2026-09-21,,,,,,,,
1789959360,30.7,30.8,30.7,30.7,11700,2026-09-21,,,,,,,,
1789959420,30.7,30.75,30.7,30.7,22300,2026-09-21,,,,,,,,
1789959480,30.75,30.85,30.75,30.8,21700,2026-09-21,,,,,,,,
1789959540,30.8,30.85,30.8,30.85,11000,2026-09-21,,,,,,,,
1789959600,30.85,30.85,30.8,30.8,5100,2026-09-21,,,,,,,,
1789959660,30.8,30.8,30.75,30.75,7300,2026-09-21,,,,,,,,
1789959720,30.8,30.85,30.8,30.85,32900,2026-09-21,,,,,,,,
1789959780,30.85,30.9,30.85,30.9,11700,2026-09-21,,,,,,,,
1789959840,30.9,30.9,30.85,30.85,51600,2026-09-21,,,,,,,,
1789959900,30.85,30.9,30.85,30.9,6800,2026-09-21,,,,,,,,
1789959960,30.85,31.0,30.85,31.0,138800,2026-09-21,,,,,,,,
1789960020,31.0,31.05,31.0,31.0,43900,2026-09-21,,,,,,,,
1789960080,31.0,31.05,31.0,31.05,42200,2026-09-21,,,,,,,,
1789960140,31.05,31.1,31.0,31.05,31900,2026-09-21,,,,,,,,
1789960200,31.05,31.05,30.95,31.0,85500,2026-09-21,,,,,,,,
1789960260,30.95,31.0,30.95,30.95,7500,2026-09-21,,,,,,,,
1789960320,30.95,30.95,30.95,30.95,2300,2026-09-21,,,,,,,,
1789960380,30.95,30.95,30.95,30.95,32600,2026-09-21,,,,,,,,
1789960440,30.9,30.9,30.9,30.9,2700,2026-09-21,,,,,,,,
1789960500,30.9,30.9,30.85,30.85,2200,2026-09-21,,,,,,,,
1789960560,30.85,30.85,30.85,30.85,700,2026-09-21,,,,,,,,
1789960620,30.9,30.9,30.85,30.9,1500,2026-09-21,,,,,,,,
1789960680,30.9,30.9,30.85,30.9,8400,2026-09-21,,,,,,,,
1789960740,30.9,30.9,30.85,30.85,3300,2026-09-21,,,,,,,,
1789960800,30.85,30.85,30.85,30.85,7700,2026-09-21,,,,,,,,
1789960860,30.85,30.85,30.8,30.8,24300,2026-09-21,,,,,,,,
1789960920,30.8,30.8,30.8,30.8,10400,2026-09-21,,,,,,,,
1789960980,30.8,30.8,30.75,30.75,46300,2026-09-21,,,,,,,,
1789961040,30.75,30.8,30.75,30.8,16800,2026-09-21,,,,,,,,
1789961100,30.8,30.8,30.8,30.8,16600,2026-09-21,,,,,,,,
1789961160,30.85,30.85,30.8,30.85,14200,2026-09-21,,,,,,,,
1789961220,30.85,30.9,30.85,30.9,2900,2026-09-21,,,,,,,,
1789961280,30.9,30.95,30.9,30.95,44500,2026-09-21,,,,,,,,
1789961340,30.95,30.95,30.9,30.9,14200,2026-09-21,,,,,,,,
1789961400,30.9,30.9,30.9,30.9,23600,2026-09-21,,,,,,,,
1789961460,30.9,30.9,30.8,30.8,20500,2026-09-21,,,,,,,,
1789961520,30.8,30.8,30.8,30.8,21100,2026-09-21,,,,,,,,
1789961580,30.75,30.8,30.75,30.75,5200,2026-09-21,,,,,,,,
1789961640,30.75,30.8,30.7,30.75,9200,2026-09-21,,,,,,,,
1789961700,30.8,30.8,30.7,30.7,14200,2026-09-21,,,,,,,,
1789961760,30.7,30.7,30.7,30.7,3800,2026-09-21,,,,,,,,
1789961820,30.7,30.75,30.7,30.75,19600,2026-09-21,,,,,,,,
1789961880,30.75,30.9,30.75,30.75,16500,2026-09-21,,,,,,,,
1789961940,30.75,30.9,30.75,30.75,400,2026-09-21,,,,,,,,
1789962000,30.85,30.95,30.75,30.8,53500,2026-09-21,,,,,,,,
1789962060,30.8,30.95,30.75,30.85,20700,2026-09-21,,,,,,,,
1789962120,30.85,30.95,30.85,30.95,17300,2026-09-21,,,,,,,,
1789962180,30.95,30.95,30.85,30.85,85700,2026-09-21,,,,,,,,
1789962240,30.9,31.0,30.9,30.9,65500,2026-09-21,,,,,,,,
1789962300,30.95,31.0,30.95,30.95,17700,2026-09-21,,,,,,,,
1789962360,30.95,31.0,30.95,31.0,52400,2026-09-21,,,,,,,,
1789962420,31.0,31.05,31.0,31.0,21900,2026-09-21,,,,,,,,
1789962480,31.0,31.05,31.0,31.0,45500,2026-09-21,,,,,,,,
1789962540,31.0,31.1,31.0,31.05,59600,2026-09-21,,,,,,,,
1789962600,31.05,31.1,31.0,31.05,19100,2026-09-21,,,,,,,,
1789962660,31.05,31.1,31.05,31.05,15700,2026-09-21,,,,,,,,
1789962720,31.05,31.1,31.05,31.05,48200,2026-09-21,,,,,,,,
1789962780,31.05,31.1,31.0,31.1,22700,2026-09-21,,,,,,,,
1789962840,31.1,31.15,31.05,31.1,103400,2026-09-21,,,,,,,,
1789962900,31.15,31.25,31.15,31.2,329800,2026-09-21,,,,,,,,
1789962960,31.2,31.45,31.2,31.4,210300,2026-09-21,,,,,,,,
1789963020,31.35,31.45,31.3,31.3,44700,2026-09-21,,,,,,,,
1789963080,31.35,31.4,31.3,31.3,54200,2026-09-21,,,,,,,,
1789963140,31.35,31.4,31.35,31.35,25600,2026-09-21,,,,,,,,
1789963200,31.35,31.4,31.3,31.35,35800,2026-09-21,,,,,,,,
1789963260,31.35,31.35,31.25,31.25,34100,2026-09-21,,,,,,,,
1789963320,31.3,31.3,31.25,31.3,12300,2026-09-21,,,,,,,,
1789963380,31.3,31.3,31.25,31.25,19100,2026-09-21,,,,,,,,
1789963440,31.25,31.3,31.2,31.2,85600,2026-09-21,,,,,,,,
1789963500,31.2,31.3,31.15,31.3,24900,2026-09-21,,,,,,,,
1789963560,31.2,31.3,31.2,31.2,3500,2026-09-21,,,,,,,,
1789963620,31.3,31.3,31.2,31.2,20400,2026-09-21,,,,,,,,
1789963680,31.2,31.35,31.2,31.3,60500,2026-09-21,,,,,,,,
1789963740,31.3,31.3,31.15,31.15,27000,2026-09-21,,,,,,,,
1789963800,31.15,31.3,31.15,31.2,34200,2026-09-21,,,,,,,,
1789963860,31.2,31.25,31.1,31.1,23300,2026-09-21,,,,,,,,
1789963920,31.1,31.25,31.1,31.2,15800,2026-09-21,,,,,,,,
1789963980,31.25,31.25,31.1,31.1,11700,2026-09-21,,,,,,,,
1789964040,31.15,31.25,31.15,31.15,18300,2026-09-21,,,,,,,,
1789964100,31.25,31.25,31.15,31.15,15700,2026-09-21,,,,,,,,
1789964160,31.15,31.2,31.15,31.15,900,2026-09-21,,,,,,,,
1789964220,31.2,31.25,31.15,31.2,15800,2026-09-21,,,,,,,,
1789964280,31.2,31.25,31.15,31.2,17500,2026-09-21,,,,,,,,
1789964340,31.2,31.3,31.2,31.25,11800,2026-09-21,,,,,,,,
1789964400,31.25,31.3,31.2,31.2,19800,2026-09-21,,,,,,,,
1789964460,31.2,31.3,31.15,31.15,19900,2026-09-21,,,,,,,,
1789964520,31.2,31.25,31.15,31.25,22500,2026-09-21,,,,,,,,
1789964580,31.25,31.25,31.15,31.25,7700,2026-09-21,,,,,,,,
1789964640,31.15,31.25,31.15,31.2,21800,2026-09-21,,,,,,,,
1789964700,31.25,31.3,31.2,31.25,19100,2026-09-21,,,,,,,,
1789964760,31.25,31.25,31.25,31.25,6000,2026-09-21,,,,,,,,
1789964820,31.25,31.3,31.25,31.25,55400,2026-09-21,,,,,,,,
1789964880,31.25,31.25,31.2,31.25,26100,2026-09-21,,,,,,,,
1789964940,31.2,31.2,31.15,31.2,2400,2026-09-21,,,,,,,,
1789970400,31.15,31.2,31.1,31.1,59100,2026-09-21,,,,,,,,
1789970460,31.05,31.1,31.05,31.05,41700,2026-09-21,,,,,,,,
1789970520,31.05,31.15,31.05,31.15,92800,2026-09-21,,,,,,,,
1789970580,31.1,31.15,31.1,31.1,14400,2026-09-21,,,,,,,,
1789970640,31.1,31.15,31.1,31.1,78200,2026-09-21,,,,,,,,
1789970700,31.1,31.15,31.1,31.15,42600,2026-09-21,,,,,,,,
1789970760,31.15,31.2,31.15,31.15,32400,2026-09-21,,,,,,,,
1789970820,31.15,31.2,31.15,31.2,124100,2026-09-21,,,,,,,,
1789970880,31.2,31.25,31.2,31.25,49900,2026-09-21,,,,,,,,
1789970940,31.2,31.25,31.2,31.2,21000,2026-09-21,,,,,,,,
1789971000,31.25,31.25,31.15,31.25,88300,2026-09-21,,,,,,,,
1789971060,31.25,31.4,31.25,31.35,256800,2026-09-21,,,,,,,,
1789971120,31.35,31.45,31.35,31.4,106500,2026-09-21,,,,,,,,
1789971180,31.4,31.45,31.35,31.4,77400,2026-09-21,,,,,,,,
1789971240,31.35,31.35,31.3,31.3,93600,2026-09-21,,,,,,,,
1789971300,31.3,31.45,31.3,31.4,154000,2026-09-21,,,,,,,,
1789971360,31.4,31.7,31.4,31.65,707100,2026-09-21,,,,,,,,
1789971420,31.7,31.8,31.7,31.75,436600,2026-09-21,,,,,,,,
1789971480,31.75,31.85,31.7,31.75,138400,2026-09-21,,,,,,,,
1789971540,31.7,31.75,31.6,31.6,193400,2026-09-21,,,,,,,,
1789971600,31.65,31.7,31.6,31.6,141300,2026-09-21,,,,,,,,
1789971660,31.6,31.65,31.55,31.55,50600,2026-09-21,,,,,,,,
1789971720,31.55,31.55,31.5,31.5,35400,2026-09-21,,,,,,,,
1789971780,31.5,31.55,31.5,31.5,47300,2026-09-21,,,,,,,,
1789971840,31.45,31.55,31.45,31.45,21400,2026-09-21,,,,,,,,
1789971900,31.45,31.5,31.4,31.4,53200,2026-09-21,,,,,,,,
1789971960,31.4,31.5,31.4,31.45,89500,2026-09-21,,,,,,,,
1789972020,31.45,31.5,31.45,31.5,42600,2026-09-21,,,,,,,,
1789972080,31.5,31.55,31.45,31.5,57800,2026-09-21,,,,,,,,
1789972140,31.5,31.6,31.5,31.55,87800,2026-09-21,,,,,,,,
1789972200,31.55,31.6,31.55,31.55,11000,2026-09-21,,,,,,,,
1789972260,31.55,31.6,31.55,31.55,65100,2026-09-21,,,,,,,,
1789972320,31.55,31.55,31.5,31.55,58900,2026-09-21,,,,,,,,
1789972380,31.55,31.55,31.5,31.5,55100,2026-09-21,,,,,,,,
1789972440,31.55,31.55,31.4,31.45,73800,2026-09-21,,,,,,,,
1789972500,31.45,31.5,31.35,31.35,34300,2026-09-21,,,,,,,,
1789972560,31.35,31.45,31.3,31.3,53300,2026-09-21,,,,,,,,
1789972620,31.3,31.35,31.15,31.15,58900,2026-09-21,,,,,,,,
1789972680,31.15,31.25,31.1,31.25,119000,2026-09-21,,,,,,,,
1789972740,31.25,31.3,31.25,31.25,25100,2026-09-21,,,,,,,,
1789972800,31.25,31.3,31.25,31.25,37000,2026-09-21,,,,,,,,
1789972860,31.3,31.45,31.25,31.45,65500,2026-09-21,,,,,,,,
1789972920,31.35,31.45,31.35,31.4,19000,2026-09-21,,,,,,,,
1789972980,31.4,31.45,31.4,31.45,29600,2026-09-21,,,,,,,,
1789973040,31.4,31.4,31.4,31.4,2500,2026-09-21,,,,,,,,
1789973100,31.4,31.45,31.4,31.4,117600,2026-09-21,,,,,,,,
1789973160,31.4,31.45,31.35,31.4,40100,2026-09-21,,,,,,,,
1789973220,31.4,31.4,31.35,31.4,9400,2026-09-21,,,,,,,,
1789973280,31.4,31.45,31.4,31.4,43200,2026-09-21,,,,,,,,
1789973340,31.4,31.4,31.35,31.35,57800,2026-09-21,,,,,,,,
1789973400,31.35,31.35,31.25,31.35,44400,2026-09-21,,,,,,,,
1789973460,31.35,31.35,31.2,31.25,144600,2026-09-21,,,,,,,,
1789973520,31.25,31.3,31.15,31.2,133700,2026-09-21,,,,,,,,
1789973580,31.3,31.3,31.15,31.25,75900,2026-09-21,,,,,,,,
1789973640,31.25,31.35,31.2,31.35,52400,2026-09-21,,,,,,,,
1789973700,31.35,31.4,31.3,31.3,32700,2026-09-21,,,,,,,,
1789973760,31.3,31.35,31.25,31.3,53800,2026-09-21,,,,,,,,
1789973820,31.25,31.35,31.25,31.3,27100,2026-09-21,,,,,,,,
1789973880,31.25,31.3,31.2,31.2,39800,2026-09-21,,,,,,,,
1789973940,31.2,31.35,31.2,31.2,35200,2026-09-21,,,,,,,,
1789974000,31.25,31.35,31.2,31.3,47000,2026-09-21,,,,,,,,
1789974060,31.3,31.3,31.25,31.25,32600,2026-09-21,,,,,,,,
1789974120,31.25,31.3,31.25,31.3,23000,2026-09-21,,,,,,,,
1789974180,31.3,31.35,31.3,31.3,39200,2026-09-21,,,,,,,,
1789974240,31.3,31.3,31.25,31.3,25100,2026-09-21,,,,,,,,
1789974300,31.35,31.35,31.3,31.3,48400,2026-09-21,,,,,,,,
1789974360,31.3,31.45,31.3,31.45,70900,2026-09-21,,,,,,,,
1789974420,31.4,31.45,31.4,31.45,71600,2026-09-21,,,,,,,,
1789974480,31.45,31.45,31.4,31.4,58500,2026-09-21,,,,,,,,
1789974540,31.45,31.5,31.4,31.45,33000,2026-09-21,,,,,,,,
1789974600,31.45,31.5,31.45,31.45,39200,2026-09-21,,,,,,,,
1789974660,31.45,31.5,31.45,31.5,265800,2026-09-21,,,,,,,,
1789974720,31.5,31.6,31.5,31.6,338000,2026-09-21,,,,,,,,
1789974780,31.65,31.7,31.6,31.65,249300,2026-09-21,,,,,,,,
1789974840,31.6,31.7,31.6,31.6,130500,2026-09-21,,,,,,,,
1789974900,31.6,31.6,31.55,31.55,77800,2026-09-21,,,,,,,,
1789974960,31.55,31.6,31.55,31.55,63300,2026-09-21,,,,,,,,
1789975020,31.6,31.6,31.5,31.55,75600,2026-09-21,,,,,,,,
1789975080,31.6,31.6,31.55,31.55,40000,2026-09-21,,,,,,,,
1789975140,31.6,31.6,31.5,31.55,46300,2026-09-21,,,,,,,,
1789975200,31.5,31.55,31.35,31.4,169000,2026-09-21,,,,,,,,
1789975260,31.35,31.4,31.3,31.4,45300,2026-09-21,,,,,,,,
1789975320,31.3,31.4,31.3,31.4,12300,2026-09-21,,,,,,,,
1789975380,31.35,31.45,31.35,31.4,104800,2026-09-21,,,,,,,,
1789975440,31.35,31.4,31.25,31.3,57700,2026-09-21,,,,,,,,
1789975500,31.25,31.3,31.25,31.3,79400,2026-09-21,,,,,,,,
1789975560,31.25,31.35,31.25,31.3,39200,2026-09-21,,,,,,,,
1789975620,31.3,31.35,31.25,31.3,42100,2026-09-21,,,,,,,,
1789975680,31.25,31.3,31.25,31.3,39800,2026-09-21,,,,,,,,
1789975740,31.3,31.4,31.3,31.4,109200,2026-09-21,,,,,,,,
1789976700,31.55,31.55,31.55,31.55,815300,2026-09-21,,,,,,,,
1790043300,31.55,31.6,31.35,31.4,110200,2026-09-22,,,,,,,,
1790043360,31.45,31.5,31.4,31.4,95500,2026-09-22,,,,,,,,
1790043420,31.45,31.5,31.4,31.45,15500,2026-09-22,,,,,,,,
1790043480,31.4,31.45,31.4,31.4,68900,2026-09-22,,,,,,,,
1790043540,31.45,31.55,31.4,31.55,68100,2026-09-22,,,,,,,,
1790043600,31.55,31.6,31.55,31.6,49800,2026-09-22,,,,,,,,
1790043660,31.65,31.65,31.55,31.6,39200,2026-09-22,,,,,,,,
1790043720,31.65,31.7,31.65,31.7,77700,2026-09-22,,,,,,,,
1790043780,31.65,31.7,31.5,31.55,152100,2026-09-22,,,,,,,,
1790043840,31.55,31.6,31.5,31.55,69600,2026-09-22,,,,,,,,
1790043900,31.55,31.55,31.45,31.5,58900,2026-09-22,,,,,,,,
1790043960,31.45,31.5,31.4,31.5,36000,2026-09-22,,,,,,,,
1790044020,31.5,31.5,31.4,31.4,182900,2026-09-22,,,,,,,,
1790044080,31.4,31.45,31.4,31.4,20500,2026-09-22,,,,,,,,
1790044140,31.4,31.45,31.35,31.4,43100,2026-09-22,,,,,,,,
1790044200,31.4,31.4,31.25,31.25,117300,2026-09-22,,,,,,,,
1790044260,31.25,31.25,31.2,31.2,126300,2026-09-22,,,,,,,,
1790044320,31.2,31.3,31.2,31.3,29600,2026-09-22,,,,,,,,
1790044380,31.35,31.4,31.3,31.3,12100,2026-09-22,,,,,,,,
1790044440,31.35,31.4,31.35,31.4,6600,2026-09-22,,,,,,,,
1790044500,31.4,31.4,31.35,31.35,4200,2026-09-22,,,,,,,,
1790044560,31.35,31.4,31.3,31.3,35800,2026-09-22,,,,,,,,
1790044620,31.3,31.4,31.3,31.4,8200,2026-09-22,,,,,,,,
1790044680,31.35,31.35,31.25,31.3,75000,2026-09-22,,,,,,,,
1790044740,31.3,31.3,31.2,31.2,32900,2026-09-22,,,,,,,,
1790044800,31.2,31.25,31.15,31.2,97600,2026-09-22,,,,,,,,
1790044860,31.2,31.2,31.1,31.15,122400,2026-09-22,,,,,,,,
1790044920,31.15,31.2,31.15,31.15,25700,2026-09-22,,,,,,,,
1790044980,31.2,31.2,31.15,31.2,30400,2026-09-22,,,,,,,,
1790045040,31.15,31.2,31.15,31.2,100900,2026-09-22,,,,,,,,
1790045100,31.2,31.2,31.15,31.15,65300,2026-09-22,,,,,,,,
1790045160,31.15,31.3,31.15,31.3,38600,2026-09-22,,,,,,,,
1790045220,31.3,31.35,31.2,31.35,10900,2026-09-22,,,,,,,,
1790045280,31.35,31.4,31.35,31.35,88900,2026-09-22,,,,,,,,
1790045340,31.35,31.4,31.35,31.35,25400,2026-09-22,,,,,,,,
1790045400,31.35,31.35,31.25,31.3,11900,2026-09-22,,,,,,,,
1790045460,31.25,31.3,31.25,31.3,1800,2026-09-22,,,,,,,,
1790045520,31.3,31.3,31.25,31.25,10000,2026-09-22,,,,,,,,
1790045580,31.3,31.3,31.3,31.3,21000,2026-09-22,,,,,,,,
1790045640,31.25,31.3,31.25,31.25,5800,2026-09-22,,,,,,,,
1790045700,31.25,31.3,31.25,31.3,26000,2026-09-22,,,,,,,,
1790045760,31.3,31.3,31.2,31.25,19100,2026-09-22,,,,,,,,
1790045820,31.25,31.25,31.15,31.2,26300,2026-09-22,,,,,,,,
1790045880,31.2,31.2,31.15,31.15,19800,2026-09-22,,,,,,,,
1790045940,31.2,31.25,31.15,31.2,30100,2026-09-22,,,,,,,,
1790046000,31.2,31.25,31.2,31.2,6100,2026-09-22,,,,,,,,
1790046060,31.2,31.25,31.2,31.2,27900,2026-09-22,,,,,,,,
1790046120,31.15,31.2,31.15,31.15,14400,2026-09-22,,,,,,,,
1790046180,31.15,31.2,31.15,31.15,11400,2026-09-22,,,,,,,,
1790046240,31.15,31.2,31.15,31.15,17100,2026-09-22,,,,,,,,
1790046300,31.15,31.2,31.1,31.15,69100,2026-09-22,,,,,,,,
1790046360,31.15,31.2,31.15,31.15,1900,2026-09-22,,,,,,,,
1790046420,31.15,31.2,31.15,31.15,6500,2026-09-22,,,,,,,,
1790046480,31.15,31.2,31.15,31.15,1200,2026-09-22,,,,,,,,
1790046540,31.15,31.2,31.15,31.15,2200,2026-09-22,,,,,,,,
1790046600,31.15,31.2,31.15,31.15,11600,2026-09-22,,,,,,,,
1790046660,31.15,31.2,31.15,31.2,10300,2026-09-22,,,,,,,,
1790046720,31.15,31.25,31.15,31.2,20100,2026-09-22,,,,,,,,
1790046780,31.15,31.2,31.15,31.15,1200,2026-09-22,,,,,,,,
1790046840,31.15,31.25,31.15,31.2,16700,2026-09-22,,,,,,,,
1790046900,31.2,31.25,31.2,31.2,2800,2026-09-22,,,,,,,,
1790046960,31.2,31.3,31.2,31.3,20400,2026-09-22,,,,,,,,
1790047020,31.3,31.3,31.25,31.3,15600,2026-09-22,,,,,,,,
1790047080,31.3,31.3,31.25,31.3,9600,2026-09-22,,,,,,,,
1790047140,31.3,31.3,31.3,31.3,15800,2026-09-22,,,,,,,,
1790047200,31.3,31.3,31.3,31.3,23000,2026-09-22,,,,,,,,
1790047260,31.3,31.3,31.3,31.3,3300,2026-09-22,,,,,,,,
1790047320,31.3,31.35,31.25,31.35,11400,2026-09-22,,,,,,,,
1790047380,31.35,31.35,31.3,31.3,6100,2026-09-22,,,,,,,,
1790047440,31.35,31.35,31.3,31.35,2400,2026-09-22,,,,,,,,
1790047500,31.3,31.35,31.3,31.35,1800,2026-09-22,,,,,,,,
1790047560,31.3,31.35,31.25,31.35,20500,2026-09-22,,,,,,,,
1790047620,31.35,31.35,31.35,31.35,1100,2026-09-22,,,,,,,,
1790047680,31.3,31.35,31.3,31.3,8300,2026-09-22,,,,,,,,
1790047740,31.35,31.35,31.25,31.25,7700,2026-09-22,,,,,,,,
1790047800,31.35,31.35,31.3,31.3,2200,2026-09-22,,,,,,,,
1790047860,31.3,31.35,31.25,31.3,6400,2026-09-22,,,,,,,,
1790047920,31.3,31.3,31.25,31.25,2500,2026-09-22,,,,,,,,
1790047980,31.3,31.3,31.3,31.3,2100,2026-09-22,,,,,,,,
1790048040,31.3,31.3,31.3,31.3,4100,2026-09-22,,,,,,,,
1790048100,31.3,31.3,31.25,31.25,4500,2026-09-22,,,,,,,,
1790048160,31.3,31.3,31.3,31.3,1700,2026-09-22,,,,,,,,
1790048220,31.3,31.3,31.3,31.3,1100,2026-09-22,,,,,,,,
1790048280,31.3,31.3,31.25,31.3,10400,2026-09-22,,,,,,,,
1790048340,31.25,31.3,31.25,31.25,38500,2026-09-22,,,,,,,,
1790048400,31.25,31.3,31.25,31.3,20700,2026-09-22,,,,,,,,
1790048460,31.3,31.3,31.3,31.3,65400,2026-09-22,,,,,,,,
1790048520,31.3,31.35,31.3,31.3,6200,2026-09-22,,,,,,,,
1790048580,31.3,31.35,31.3,31.35,1300,2026-09-22,,,,,,,,
1790048640,31.35,31.35,31.3,31.3,5500,2026-09-22,,,,,,,,
1790048700,31.3,31.35,31.3,31.35,4000,2026-09-22,,,,,,,,
1790048760,31.35,31.35,31.35,31.35,1100,2026-09-22,,,,,,,,
1790048820,31.35,31.35,31.3,31.3,8600,2026-09-22,,,,,,,,
1790048880,31.3,31.3,31.25,31.3,8400,2026-09-22,,,,,,,,
1790048940,31.3,31.3,31.25,31.25,13300,2026-09-22,,,,,,,,
1790049000,31.25,31.3,31.25,31.3,4600,2026-09-22,,,,,,,,
1790049060,31.3,31.3,31.3,31.3,1300,2026-09-22,,,,,,,,
1790049120,31.3,31.3,31.25,31.25,12400,2026-09-22,,,,,,,,
1790049180,31.3,31.3,31.3,31.3,2300,2026-09-22,,,,,,,,
1790049240,31.25,31.35,31.25,31.35,14000,2026-09-22,,,,,,,,
1790049300,31.35,31.35,31.3,31.35,6200,2026-09-22,,,,,,,,
1790049360,31.35,31.35,31.25,31.3,37200,2026-09-22,,,,,,,,
1790049420,31.25,31.3,31.25,31.3,11800,2026-09-22,,,,,,,,
1790049480,31.25,31.3,31.25,31.25,2100,2026-09-22,,,,,,,,
1790049540,31.3,31.3,31.2,31.2,7900,2026-09-22,,,,,,,,
1790049600,31.25,31.3,31.2,31.2,4000,2026-09-22,,,,,,,,
1790049660,31.2,31.3,31.2,31.2,2500,2026-09-22,,,,,,,,
1790049720,31.3,31.3,31.2,31.2,4900,2026-09-22,,,,,,,,
1790049780,31.2,31.25,31.2,31.2,45500,2026-09-22,,,,,,,,
1790049840,31.2,31.25,31.2,31.2,10100,2026-09-22,,,,,,,,
1790049900,31.2,31.25,31.15,31.15,40600,2026-09-22,,,,,,,,
1790049960,31.15,31.2,31.15,31.15,4100,2026-09-22,,,,,,,,
1790050020,31.15,31.2,31.15,31.15,4700,2026-09-22,,,,,,,,
1790050080,31.2,31.25,31.15,31.2,8500,2026-09-22,,,,,,,,
1790050140,31.2,31.3,31.2,31.2,1800,2026-09-22,,,,,,,,
1790050200,31.2,31.3,31.2,31.2,2300,2026-09-22,,,,,,,,
1790050260,31.3,31.3,31.2,31.2,54800,2026-09-22,,,,,,,,
1790050320,31.2,31.3,31.15,31.15,6000,2026-09-22,,,,,,,,
1790050380,31.15,31.2,31.15,31.15,1600,2026-09-22,,,,,,,,
1790050440,31.2,31.2,31.15,31.15,4200,2026-09-22,,,,,,,,
1790050500,31.15,31.2,31.1,31.1,235900,2026-09-22,,,,,,,,
1790050560,31.1,31.15,31.05,31.1,73900,2026-09-22,,,,,,,,
1790050620,31.15,31.15,31.05,31.05,9800,2026-09-22,,,,,,,,
1790050680,31.1,31.1,31.05,31.1,18500,2026-09-22,,,,,,,,
1790050740,31.05,31.15,31.05,31.1,22000,2026-09-22,,,,,,,,
1790050800,31.05,31.1,31.05,31.1,74100,2026-09-22,,,,,,,,
1790050860,31.05,31.1,31.05,31.05,15000,2026-09-22,,,,,,,,
1790050920,31.1,31.1,31.05,31.1,4600,2026-09-22,,,,,,,,
1790050980,31.1,31.2,31.1,31.15,33400,2026-09-22,,,,,,,,
1790051040,31.15,31.25,31.15,31.25,11600,2026-09-22,,,,,,,,
1790051100,31.25,31.3,31.25,31.25,43400,2026-09-22,,,,,,,,
1790051160,31.25,31.3,31.25,31.3,6700,2026-09-22,,,,,,,,
1790051220,31.25,31.3,31.2,31.25,8300,2026-09-22,,,,,,,,
1790051280,31.25,31.25,31.2,31.25,3600,2026-09-22,,,,,,,,
1790051340,31.25,31.25,31.2,31.25,1600,2026-09-22,,,,,,,,
1790056800,31.2,31.25,31.05,31.1,85900,2026-09-22,,,,,,,,
1790056860,31.1,31.15,31.05,31.05,26900,2026-09-22,,,,,,,,
1790056920,31.1,31.1,31.05,31.1,25800,2026-09-22,,,,,,,,
1790056980,31.1,31.15,31.05,31.1,34600,2026-09-22,,,,,,,,
1790057040,31.1,31.15,31.05,31.1,147000,2026-09-22,,,,,,,,
1790057100,31.05,31.05,31.0,31.0,84700,2026-09-22,,,,,,,,
1790057160,31.05,31.05,30.95,30.95,209200,2026-09-22,,,,,,,,
1790057220,31.0,31.0,30.95,31.0,65300,2026-09-22,,,,,,,,
1790057280,31.0,31.0,30.95,30.95,4000,2026-09-22,,,,,,,,
1790057340,31.0,31.1,30.95,31.05,61900,2026-09-22,,,,,,,,
1790057400,31.1,31.1,31.05,31.05,18000,2026-09-22,,,,,,,,
1790057460,31.05,31.05,31.0,31.05,56800,2026-09-22,,,,,,,,
1790057520,31.05,31.1,31.05,31.05,42800,2026-09-22,,,,,,,,
1790057580,31.0,31.1,31.0,31.05,28800,2026-09-22,,,,,,,,
1790057640,31.1,31.1,31.0,31.05,60700,2026-09-22,,,,,,,,
1790057700,31.05,31.05,31.0,31.0,72000,2026-09-22,,,,,,,,
1790057760,31.0,31.0,31.0,31.0,9800,2026-09-22,,,,,,,,
1790057820,31.0,31.05,31.0,31.0,28900,2026-09-22,,,,,,,,
1790057880,31.0,31.05,31.0,31.0,15200,2026-09-22,,,,,,,,
1790057940,31.0,31.0,30.95,31.0,68000,2026-09-22,,,,,,,,
1790058000,31.0,31.0,30.95,31.0,17200,2026-09-22,,,,,,,,
1790058060,30.95,31.0,30.95,31.0,9300,2026-09-22,,,,,,,,
1790058120,31.0,31.0,30.95,30.95,12200,2026-09-22,,,,,,,,
1790058180,30.95,31.0,30.95,30.95,1600,2026-09-22,,,,,,,,
1790058240,31.0,31.0,30.95,31.0,17900,2026-09-22,,,,,,,,
1790058300,31.0,31.0,30.95,31.0,70200,2026-09-22,,,,,,,,
1790058360,31.0,31.0,30.95,31.0,18600,2026-09-22,,,,,,,,
1790058420,31.0,31.0,30.95,31.0,8100,2026-09-22,,,,,,,,
1790058480,30.95,31.0,30.95,30.95,104800,2026-09-22,,,,,,,,
1790058540,30.95,30.95,30.85,30.9,222300,2026-09-22,,,,,,,,
1790058600,30.95,30.95,30.85,30.9,71300,2026-09-22,,,,,,,,
1790058660,30.9,30.95,30.85,30.9,33200,2026-09-22,,,,,,,,
1790058720,30.9,31.0,30.85,30.95,58500,2026-09-22,,,,,,,,
1790058780,30.95,31.0,30.9,31.0,47500,2026-09-22,,,,,,,,
1790058840,31.0,31.05,30.95,31.05,50600,2026-09-22,,,,,,,,
1790058900,31.0,31.05,31.0,31.0,29800,2026-09-22,,,,,,,,
1790058960,31.05,31.1,31.05,31.05,58400,2026-09-22,,,,,,,,
1790059020,31.1,31.2,31.05,31.15,50500,2026-09-22,,,,,,,,
1790059080,31.15,31.25,31.1,31.25,40900,2026-09-22,,,,,,,,
1790059140,31.2,31.25,31.2,31.25,63800,2026-09-22,,,,,,,,
1790059200,31.2,31.25,31.2,31.25,49400,2026-09-22,,,,,,,,
1790059260,31.2,31.25,31.15,31.25,38800,2026-09-22,,,,,,,,
1790059320,31.25,31.35,31.25,31.35,153900,2026-09-22,,,,,,,,
1790059380,31.3,31.4,31.3,31.4,61000,2026-09-22,,,,,,,,
1790059440,31.35,31.4,31.3,31.4,42200,2026-09-22,,,,,,,,
1790059500,31.4,31.45,31.35,31.45,54000,2026-09-22,,,,,,,,
1790059560,31.4,31.5,31.4,31.45,82100,2026-09-22,,,,,,,,
1790059620,31.45,31.55,31.45,31.55,136900,2026-09-22,,,,,,,,
1790059680,31.55,31.6,31.5,31.55,181000,2026-09-22,,,,,,,,
1790059740,31.55,31.55,31.5,31.5,69300,2026-09-22,,,,,,,,
1790059800,31.45,31.55,31.45,31.5,55700,2026-09-22,,,,,,,,
1790059860,31.5,31.5,31.45,31.5,59900,2026-09-22,,,,,,,,
1790059920,31.45,31.5,31.4,31.45,40300,2026-09-22,,,,,,,,
1790059980,31.45,31.5,31.4,31.5,65700,2026-09-22,,,,,,,,
1790060040,31.5,31.6,31.5,31.6,149600,2026-09-22,,,,,,,,
1790060100,31.6,31.65,31.6,31.65,211300,2026-09-22,,,,,,,,
1790060160,31.6,31.65,31.6,31.65,88900,2026-09-22,,,,,,,,
1790060220,31.65,31.7,31.6,31.7,130100,2026-09-22,,,,,,,,
1790060280,31.7,31.75,31.65,31.65,289300,2026-09-22,,,,,,,,
1790060340,31.65,31.7,31.6,31.6,119400,2026-09-22,,,,,,,,
1790060400,31.6,31.7,31.6,31.6,93600,2026-09-22,,,,,,,,
1790060460,31.6,31.7,31.6,31.65,99100,2026-09-22,,,,,,,,
1790060520,31.7,31.7,31.6,31.6,121400,2026-09-22,,,,,,,,
1790060580,31.6,31.65,31.6,31.65,71000,2026-09-22,,,,,,,,
1790060640,31.6,31.65,31.6,31.6,75200,2026-09-22,,,,,,,,
1790060700,31.65,31.65,31.55,31.55,83600,2026-09-22,,,,,,,,
1790060760,31.55,31.6,31.5,31.5,159800,2026-09-22,,,,,,,,
1790060820,31.55,31.55,31.5,31.5,86700,2026-09-22,,,,,,,,
1790060880,31.55,31.6,31.5,31.55,52100,2026-09-22,,,,,,,,
1790060940,31.55,31.55,31.45,31.5,114300,2026-09-22,,,,,,,,
1790061000,31.5,31.55,31.4,31.45,77000,2026-09-22,,,,,,,,
1790061060,31.45,31.5,31.4,31.45,145200,2026-09-22,,,,,,,,
1790061120,31.45,31.55,31.45,31.5,74100,2026-09-22,,,,,,,,
1790061180,31.55,31.55,31.5,31.5,60300,2026-09-22,,,,,,,,
1790061240,31.55,31.55,31.45,31.45,100900,2026-09-22,,,,,,,,
1790061300,31.5,31.5,31.45,31.45,74400,2026-09-22,,,,,,,,
1790061360,31.45,31.5,31.45,31.45,36300,2026-09-22,,,,,,,,
1790061420,31.5,31.5,31.45,31.45,90800,2026-09-22,,,,,,,,
1790061480,31.45,31.5,31.45,31.45,120400,2026-09-22,,,,,,,,
1790061540,31.45,31.5,31.4,31.45,73900,2026-09-22,,,,,,,,
1790061600,31.45,31.5,31.4,31.4,61400,2026-09-22,,,,,,,,
1790061660,31.45,31.45,31.35,31.4,99200,2026-09-22,,,,,,,,
1790061720,31.4,31.4,31.35,31.35,90500,2026-09-22,,,,,,,,
1790061780,31.35,31.4,31.35,31.4,103500,2026-09-22,,,,,,,,
1790061840,31.4,31.4,31.3,31.3,115000,2026-09-22,,,,,,,,
1790061900,31.3,31.35,31.2,31.25,83400,2026-09-22,,,,,,,,
1790061960,31.3,31.35,31.2,31.3,59800,2026-09-22,,,,,,,,
1790062020,31.3,31.35,31.25,31.3,95100,2026-09-22,,,,,,,,
1790062080,31.25,31.3,31.25,31.3,65000,2026-09-22,,,,,,,,
1790062140,31.3,31.3,31.2,31.3,45500,2026-09-22,,,,,,,,
1790063100,31.35,31.35,31.35,31.35,363600,2026-09-22,,,,,,,,
1790129700,31.2,31.2,31.1,31.15,52600,2026-09-23,,,,,,,,
1790129760,31.15,31.2,31.15,31.2,5800,2026-09-23,,,,,,,,
1790129820,31.2,31.2,31.15,31.15,3900,2026-09-23,,,,,,,,
1790129880,31.2,31.2,31.05,31.1,41400,2026-09-23,,,,,,,,
1790129940,31.05,31.1,31.05,31.1,12900,2026-09-23,,,,,,,,
1790130000,31.1,31.2,31.1,31.2,25700,2026-09-23,,,,,,,,
1790130060,31.2,31.25,31.15,31.25,35300,2026-09-23,,,,,,,,
1790130120,31.25,31.3,31.25,31.3,18600,2026-09-23,,,,,,,,
1790130180,31.3,31.35,31.3,31.35,47600,2026-09-23,,,,,,,,
1790130240,31.3,31.35,31.25,31.25,19000,2026-09-23,,,,,,,,
1790130300,31.25,31.3,31.25,31.3,29600,2026-09-23,,,,,,,,
1790130360,31.3,31.3,31.2,31.25,11500,2026-09-23,,,,,,,,
1790130420,31.25,31.25,31.25,31.25,300,2026-09-23,,,,,,,,
1790130480,31.25,31.25,31.25,31.25,35800,2026-09-23,,,,,,,,
1790130540,31.2,31.2,31.2,31.2,18900,2026-09-23,,,,,,,,
1790130600,31.2,31.2,31.15,31.15,12200,2026-09-23,,,,,,,,
1790130660,31.15,31.2,31.15,31.2,24400,2026-09-23,,,,,,,,
1790130720,31.15,31.15,31.1,31.15,16000,2026-09-23,,,,,,,,
1790130780,31.15,31.15,31.1,31.15,13800,2026-09-23,,,,,,,,
1790130840,31.1,31.15,31.1,31.15,3500,2026-09-23,,,,,,,,
1790130900,31.15,31.2,31.15,31.15,7200,2026-09-23,,,,,,,,
1790130960,31.15,31.15,31.15,31.15,6400,2026-09-23,,,,,,,,
1790131020,31.15,31.15,31.15,31.15,11800,2026-09-23,,,,,,,,
1790131080,31.15,31.15,31.15,31.15,14600,2026-09-23,,,,,,,,
1790131140,31.15,31.2,31.1,31.15,210200,2026-09-23,,,,,,,,
1790131200,31.15,31.2,31.15,31.15,17000,2026-09-23,,,,,,,,
1790131260,31.15,31.2,31.15,31.15,95600,2026-09-23,,,,,,,,
1790131320,31.15,31.2,31.15,31.15,4700,2026-09-23,,,,,,,,
1790131380,31.15,31.25,31.15,31.25,30700,2026-09-23,,,,,,,,
1790131440,31.25,31.25,31.25,31.25,77900,2026-09-23,,,,,,,,
1790131500,31.25,31.3,31.25,31.25,400,2026-09-23,,,,,,,,
1790131560,31.25,31.25,31.25,31.25,52200,2026-09-23,,,,,,,,
1790131620,31.25,31.25,31.2,31.2,36200,2026-09-23,,,,,,,,
1790131680,31.2,31.2,31.2,31.2,26700,2026-09-23,,,,,,,,
1790131740,31.2,31.2,31.2,31.2,5000,2026-09-23,,,,,,,,
1790131800,31.2,31.2,31.2,31.2,2200,2026-09-23,,,,,,,,
1790131860,31.25,31.25,31.2,31.2,15000,2026-09-23,,,,,,,,
1790131920,31.2,31.2,31.2,31.2,7000,2026-09-23,,,,,,,,
1790131980,31.15,31.2,31.15,31.2,5000,2026-09-23,,,,,,,,
1790132040,31.2,31.2,31.15,31.2,14700,2026-09-23,,,,,,,,
1790132100,31.2,31.2,31.15,31.2,2000,2026-09-23,,,,,,,,
1790132160,31.15,31.2,31.15,31.15,8900,2026-09-23,,,,,,,,
1790132220,31.2,31.2,31.15,31.15,61800,2026-09-23,,,,,,,,
1790132280,31.15,31.15,31.1,31.1,27500,2026-09-23,,,,,,,,
1790132340,31.1,31.2,31.1,31.1,7700,2026-09-23,,,,,,,,
1790132400,31.15,31.15,31.1,31.1,19700,2026-09-23,,,,,,,,
1790132460,31.1,31.15,31.1,31.15,7900,2026-09-23,,,,,,,,
1790132520,31.15,31.15,31.15,31.15,6100,2026-09-23,,,,,,,,
1790132580,31.15,31.15,31.1,31.1,3500,2026-09-23,,,,,,,,
1790132640,31.1,31.1,31.0,31.0,336900,2026-09-23,,,,,,,,
1790132700,31.0,31.0,30.95,30.95,41500,2026-09-23,,,,,,,,
1790132760,30.9,30.95,30.9,30.9,53000,2026-09-23,,,,,,,,
1790132820,30.95,30.95,30.9,30.95,39900,2026-09-23,,,,,,,,
1790132880,30.95,30.95,30.9,30.9,82600,2026-09-23,,,,,,,,
1790132940,30.95,30.95,30.9,30.95,5700,2026-09-23,,,,,,,,
1790133000,30.9,30.9,30.9,30.9,38100,2026-09-23,,,,,,,,
1790133060,30.95,30.95,30.9,30.9,41000,2026-09-23,,,,,,,,
1790133120,30.9,30.9,30.8,30.8,124200,2026-09-23,,,,,,,,
1790133180,30.85,30.9,30.8,30.9,65400,2026-09-23,,,,,,,,
1790133240,30.85,30.95,30.85,30.95,14100,2026-09-23,,,,,,,,
1790133300,30.9,30.95,30.9,30.95,23400,2026-09-23,,,,,,,,
1790133360,30.95,30.95,30.95,30.95,11500,2026-09-23,,,,,,,,
1790133420,30.95,31.0,30.95,30.95,16300,2026-09-23,,,,,,,,
1790133480,30.95,31.0,30.95,30.95,6400,2026-09-23,,,,,,,,
1790133540,30.95,31.0,30.95,30.95,13100,2026-09-23,,,,,,,,
1790133600,30.95,31.0,30.95,31.0,5600,2026-09-23,,,,,,,,
1790133660,31.0,31.05,31.0,31.05,43400,2026-09-23,,,,,,,,
1790133720,31.05,31.05,31.0,31.0,6000,2026-09-23,,,,,,,,
1790133780,31.0,31.05,31.0,31.05,18200,2026-09-23,,,,,,,,
1790133840,31.05,31.05,31.0,31.0,8000,2026-09-23,,,,,,,,
1790133900,31.05,31.05,31.0,31.0,49900,2026-09-23,,,,,,,,
1790133960,31.0,31.0,30.95,30.95,33900,2026-09-23,,,,,,,,
1790134020,30.95,30.95,30.9,30.9,6200,2026-09-23,,,,,,,,
1790134080,30.95,30.95,30.9,30.9,55200,2026-09-23,,,,,,,,
1790134140,30.9,31.0,30.9,30.95,26700,2026-09-23,,,,,,,,
1790134200,30.95,31.0,30.9,31.0,11500,2026-09-23,,,,,,,,
1790134260,31.0,31.0,30.95,30.95,9100,2026-09-23,,,,,,,,
1790134320,31.0,31.0,30.95,31.0,4500,2026-09-23,,,,,,,,
1790134380,31.0,31.05,31.0,31.05,78800,2026-09-23,,,,,,,,
1790134440,31.0,31.1,31.0,31.1,130700,2026-09-23,,,,,,,,
1790134500,31.15,31.15,31.05,31.15,57200,2026-09-23,,,,,,,,
1790134560,31.1,31.2,31.0,31.2,32600,2026-09-23,,,,,,,,
1790134620,31.2,31.2,31.15,31.15,4000,2026-09-23,,,,,,,,
1790134680,31.1,31.15,31.1,31.15,29900,2026-09-23,,,,,,,,
1790134740,31.1,31.15,31.1,31.15,13000,2026-09-23,,,,,,,,
1790134800,31.15,31.15,31.1,31.15,7300,2026-09-23,,,,,,,,
1790134860,31.15,31.15,31.1,31.1,11700,2026-09-23,,,,,,,,
1790134920,31.15,31.15,31.15,31.15,2000,2026-09-23,,,,,,,,
1790134980,31.1,31.15,31.1,31.1,27100,2026-09-23,,,,,,,,
1790135040,31.1,31.15,31.1,31.1,8600,2026-09-23,,,,,,,,
1790135100,31.1,31.1,31.1,31.1,3700,2026-09-23,,,,,,,,
1790135160,31.1,31.1,31.1,31.1,1000,2026-09-23,,,,,,,,
1790135220,31.1,31.1,31.05,31.1,3300,2026-09-23,,,,,,,,
1790135280,31.1,31.1,31.05,31.1,11400,2026-09-23,,,,,,,,
1790135340,31.15,31.15,31.05,31.05,29300,2026-09-23,,,,,,,,
1790135400,31.1,31.1,31.05,31.05,22300,2026-09-23,,,,,,,,
1790135460,31.05,31.1,31.05,31.1,15600,2026-09-23,,,,,,,,
1790135520,31.1,31.3,31.1,31.3,271100,2026-09-23,,,,,,,,
1790135580,31.25,31.3,31.15,31.2,14500,2026-09-23,,,,,,,,
1790135640,31.3,31.3,31.2,31.3,45100,2026-09-23,,,,,,,,
1790135700,31.3,31.3,31.25,31.25,11000,2026-09-23,,,,,,,,
1790135760,31.25,31.3,31.25,31.3,7500,2026-09-23,,,,,,,,
1790135820,31.3,31.3,31.3,31.3,9000,2026-09-23,,,,,,,,
1790135880,31.3,31.4,31.3,31.4,96000,2026-09-23,,,,,,,,
1790135940,31.3,31.4,31.3,31.35,8800,2026-09-23,,,,,,,,
1790136000,31.35,31.4,31.35,31.4,37300,2026-09-23,,,,,,,,
1790136060,31.4,31.5,31.4,31.5,130100,2026-09-23,,,,,,,,
1790136120,31.5,31.5,31.4,31.45,91600,2026-09-23,,,,,,,,
1790136180,31.45,31.45,31.45,31.45,22100,2026-09-23,,,,,,,,
1790136240,31.4,31.45,31.4,31.45,35200,2026-09-23,,,,,,,,
1790136300,31.45,31.5,31.45,31.45,49800,2026-09-23,,,,,,,,
1790136360,31.5,31.55,31.45,31.5,88100,2026-09-23,,,,,,,,
1790136420,31.5,31.55,31.45,31.55,55400,2026-09-23,,,,,,,,
1790136480,31.55,31.6,31.5,31.6,189500,2026-09-23,,,,,,,,
1790136540,31.65,31.95,31.6,31.7,758100,2026-09-23,,,,,,,,
1790136600,31.85,31.95,31.75,31.85,213600,2026-09-23,,,,,,,,
1790136660,31.85,31.85,31.8,31.8,73400,2026-09-23,,,,,,,,
1790136720,31.8,31.85,31.75,31.8,144800,2026-09-23,,,,,,,,
1790136780,31.8,31.9,31.8,31.8,91800,2026-09-23,,,,,,,,
1790136840,31.8,31.85,31.8,31.85,61500,2026-09-23,,,,,,,,
1790136900,31.85,31.85,31.8,31.8,66400,2026-09-23,,,,,,,,
1790136960,31.8,31.8,31.8,31.8,20800,2026-09-23,,,,,,,,
1790137020,31.75,31.8,31.75,31.75,35800,2026-09-23,,,,,,,,
1790137080,31.75,31.75,31.7,31.75,8400,2026-09-23,,,,,,,,
1790137140,31.75,31.75,31.7,31.75,16400,2026-09-23,,,,,,,,
1790137200,31.7,31.7,31.7,31.7,43200,2026-09-23,,,,,,,,
1790137260,31.7,31.7,31.65,31.65,17700,2026-09-23,,,,,,,,
1790137320,31.65,31.7,31.65,31.65,9400,2026-09-23,,,,,,,,
1790137380,31.65,31.7,31.65,31.65,10600,2026-09-23,,,,,,,,
1790137440,31.7,31.7,31.65,31.65,5400,2026-09-23,,,,,,,,
1790137500,31.65,31.7,31.65,31.7,30500,2026-09-23,,,,,,,,
1790137560,31.65,31.75,31.65,31.75,70400,2026-09-23,,,,,,,,
1790137620,31.75,31.8,31.75,31.75,67000,2026-09-23,,,,,,,,
1790137680,31.75,31.8,31.75,31.75,10700,2026-09-23,,,,,,,,
1790137740,31.8,31.8,31.75,31.75,15700,2026-09-23,,,,,,,,
1790143200,31.75,31.75,31.65,31.65,93000,2026-09-23,,,,,,,,
1790143260,31.65,31.7,31.65,31.65,31000,2026-09-23,,,,,,,,
1790143320,31.7,31.7,31.6,31.65,64100,2026-09-23,,,,,,,,
1790143380,31.65,31.65,31.6,31.65,21700,2026-09-23,,,,,,,,
1790143440,31.6,31.6,31.55,31.6,40900,2026-09-23,,,,,,,,
1790143500,31.55,31.7,31.55,31.65,50500,2026-09-23,,,,,,,,
1790143560,31.65,31.7,31.6,31.65,10600,2026-09-23,,,,,,,,
1790143620,31.65,31.65,31.6,31.65,14100,2026-09-23,,,,,,,,
1790143680,31.6,31.6,31.6,31.6,17000,2026-09-23,,,,,,,,
1790143740,31.6,31.65,31.55,31.55,29400,2026-09-23,,,,,,,,
1790143800,31.55,31.55,31.5,31.5,53400,2026-09-23,,,,,,,,
1790143860,31.55,31.55,31.45,31.45,43000,2026-09-23,,,,,,,,
1790143920,31.45,31.45,31.35,31.45,59600,2026-09-23,,,,,,,,
1790143980,31.45,31.5,31.45,31.45,31500,2026-09-23,,,,,,,,
1790144040,31.5,31.55,31.5,31.55,45500,2026-09-23,,,,,,,,
1790144100,31.5,31.55,31.5,31.5,48000,2026-09-23,,,,,,,,
1790144160,31.5,31.55,31.5,31.55,30800,2026-09-23,,,,,,,,
1790144220,31.55,31.55,31.5,31.55,24200,2026-09-23,,,,,,,,
1790144280,31.5,31.5,31.5,31.5,27000,2026-09-23,,,,,,,,
1790144340,31.55,31.55,31.5,31.5,1600,2026-09-23,,,,,,,,
1790144400,31.5,31.55,31.5,31.5,21100,2026-09-23,,,,,,,,
1790144460,31.55,31.55,31.5,31.5,6200,2026-09-23,,,,,,,,
1790144520,31.5,31.55,31.5,31.5,50300,2026-09-23,,,,,,,,
1790144580,31.45,31.5,31.45,31.45,13300,2026-09-23,,,,,,,,
1790144640,31.5,31.5,31.45,31.45,30300,2026-09-23,,,,,,,,
1790144700,31.45,31.45,31.4,31.4,26900,2026-09-23,,,,,,,,
1790144760,31.45,31.45,31.4,31.45,11600,2026-09-23,,,,,,,,
1790144820,31.45,31.5,31.45,31.5,72200,2026-09-23,,,,,,,,
1790144880,31.5,31.5,31.5,31.5,23100,2026-09-23,,,,,,,,
1790144940,31.5,31.55,31.5,31.5,28000,2026-09-23,,,,,,,,
1790145000,31.5,31.55,31.45,31.5,26000,2026-09-23,,,,,,,,
1790145060,31.5,31.5,31.45,31.5,11600,2026-09-23,,,,,,,,
1790145120,31.45,31.5,31.45,31.5,4400,2026-09-23,,,,,,,,
1790145180,31.5,31.5,31.5,31.5,22600,2026-09-23,,,,,,,,
1790145240,31.5,31.5,31.45,31.45,33300,2026-09-23,,,,,,,,
1790145300,31.5,31.5,31.45,31.5,8600,2026-09-23,,,,,,,,
1790145360,31.45,31.5,31.45,31.45,41000,2026-09-23,,,,,,,,
1790145420,31.5,31.5,31.45,31.5,2900,2026-09-23,,,,,,,,
1790145480,31.5,31.5,31.45,31.5,4000,2026-09-23,,,,,,,,
1790145540,31.45,31.5,31.45,31.5,7600,2026-09-23,,,,,,,,
1790145600,31.45,31.45,31.45,31.45,44800,2026-09-23,,,,,,,,
1790145660,31.4,31.45,31.35,31.4,115000,2026-09-23,,,,,,,,
1790145720,31.4,31.4,31.3,31.35,113000,2026-09-23,,,,,,,,
1790145780,31.3,31.35,31.2,31.25,83000,2026-09-23,,,,,,,,
1790145840,31.25,31.35,31.25,31.35,50000,2026-09-23,,,,,,,,
1790145900,31.3,31.35,31.3,31.35,34100,2026-09-23,,,,,,,,
1790145960,31.35,31.5,31.35,31.45,100500,2026-09-23,,,,,,,,
1790146020,31.5,31.5,31.45,31.5,14000,2026-09-23,,,,,,,,
1790146080,31.45,31.5,31.45,31.45,15400,2026-09-23,,,,,,,,
1790146140,31.45,31.5,31.45,31.5,9800,2026-09-23,,,,,,,,
1790146200,31.45,31.5,31.45,31.5,4600,2026-09-23,,,,,,,,
1790146260,31.45,31.5,31.45,31.5,55600,2026-09-23,,,,,,,,
1790146320,31.45,31.5,31.45,31.5,16000,2026-09-23,,,,,,,,
1790146380,31.5,31.5,31.4,31.45,44400,2026-09-23,,,,,,,,
1790146440,31.45,31.45,31.4,31.4,3200,2026-09-23,,,,,,,,
1790146500,31.45,31.5,31.4,31.5,66800,2026-09-23,,,,,,,,
1790146560,31.45,31.5,31.4,31.5,20300,2026-09-23,,,,,,,,
1790146620,31.5,31.5,31.45,31.5,11900,2026-09-23,,,,,,,,
1790146680,31.5,31.5,31.45,31.5,1400,2026-09-23,,,,,,,,
1790146740,31.5,31.5,31.45,31.5,57700,2026-09-23,,,,,,,,
1790146800,31.5,31.6,31.5,31.6,145400,2026-09-23,,,,,,,,
1790146860,31.6,31.65,31.6,31.65,62800,2026-09-23,,,,,,,,
1790146920,31.65,31.65,31.6,31.6,34200,2026-09-23,,,,,,,,
1790146980,31.6,31.6,31.55,31.6,105800,2026-09-23,,,,,,,,
1790147040,31.6,31.6,31.55,31.55,30700,2026-09-23,,,,,,,,
1790147100,31.5,31.5,31.45,31.45,64300,2026-09-23,,,,,,,,
1790147160,31.5,31.5,31.4,31.45,22500,2026-09-23,,,,,,,,
1790147220,31.4,31.45,31.35,31.4,31500,2026-09-23,,,,,,,,
1790147280,31.4,31.45,31.4,31.4,26500,2026-09-23,,,,,,,,
1790147340,31.4,31.45,31.4,31.45,24100,2026-09-23,,,,,,,,
1790147400,31.45,31.45,31.4,31.4,18400,2026-09-23,,,,,,,,
1790147460,31.45,31.5,31.4,31.5,136000,2026-09-23,,,,,,,,
1790147520,31.5,31.55,31.5,31.55,120400,2026-09-23,,,,,,,,
1790147580,31.6,31.6,31.55,31.6,51000,2026-09-23,,,,,,,,
1790147640,31.55,31.6,31.5,31.5,54200,2026-09-23,,,,,,,,
1790147700,31.55,31.55,31.5,31.5,7500,2026-09-23,,,,,,,,
1790147760,31.5,31.55,31.5,31.5,11700,2026-09-23,,,,,,,,
1790147820,31.5,31.55,31.45,31.5,109500,2026-09-23,,,,,,,,
1790147880,31.5,31.5,31.45,31.5,25300,2026-09-23,,,,,,,,
1790147940,31.45,31.5,31.45,31.5,64600,2026-09-23,,,,,,,,
1790148000,31.45,31.5,31.45,31.5,18600,2026-09-23,,,,,,,,
1790148060,31.45,31.5,31.45,31.45,28500,2026-09-23,,,,,,,,
1790148120,31.5,31.5,31.45,31.45,39500,2026-09-23,,,,,,,,
1790148180,31.5,31.5,31.45,31.45,69200,2026-09-23,,,,,,,,
1790148240,31.45,31.45,31.35,31.35,226000,2026-09-23,,,,,,,,
1790148300,31.4,31.45,31.3,31.3,79400,2026-09-23,,,,,,,,
1790148360,31.3,31.4,31.3,31.4,28300,2026-09-23,,,,,,,,
1790148420,31.35,31.45,31.35,31.35,52500,2026-09-23,,,,,,,,
1790148480,31.45,31.45,31.35,31.35,42300,2026-09-23,,,,,,,,
1790148540,31.35,31.45,31.35,31.4,42000,2026-09-23,,,,,,,,
1790149500,31.3,31.3,31.3,31.3,1260200,2026-09-23,,,,,,,,
1790216100,31.55,31.65,31.5,31.65,157200,2026-09-24,,,,,,,,
1790216160,31.65,31.7,31.6,31.65,55300,2026-09-24,,,,,,,,
1790216220,31.7,31.95,31.65,31.95,265400,2026-09-24,,,,,,,,
1790216280,32.0,32.1,31.85,32.0,775700,2026-09-24,,,,,,,,
1790216340,32.05,32.1,31.9,31.9,74800,2026-09-24,,,,,,,,
1790216400,31.9,31.95,31.8,31.8,81700,2026-09-24,,,,,,,,
1790216460,31.8,31.8,31.7,31.75,13200,2026-09-24,,,,,,,,
1790216520,31.75,31.75,31.7,31.75,28400,2026-09-24,,,,,,,,
1790216580,31.75,31.75,31.7,31.7,67100,2026-09-24,,,,,,,,
1790216640,31.75,31.9,31.75,31.85,71100,2026-09-24,,,,,,,,
1790216700,31.9,31.9,31.8,31.8,28800,2026-09-24,,,,,,,,
1790216760,31.8,31.85,31.8,31.8,20900,2026-09-24,,,,,,,,
1790216820,31.8,31.8,31.75,31.8,54400,2026-09-24,,,,,,,,
1790216880,31.8,31.8,31.75,31.8,44000,2026-09-24,,,,,,,,
1790216940,31.85,31.85,31.75,31.8,60900,2026-09-24,,,,,,,,
1790217000,31.8,31.85,31.75,31.8,43500,2026-09-24,,,,,,,,
1790217060,31.8,31.8,31.75,31.8,23000,2026-09-24,,,,,,,,
1790217120,31.75,31.8,31.75,31.8,100000,2026-09-24,,,,,,,,
1790217180,31.8,31.8,31.75,31.8,62000,2026-09-24,,,,,,,,
1790217240,31.8,31.85,31.8,31.8,15500,2026-09-24,,,,,,,,
1790217300,31.8,31.8,31.75,31.75,52700,2026-09-24,,,,,,,,
1790217360,31.75,31.8,31.75,31.75,30800,2026-09-24,,,,,,,,
1790217420,31.75,31.8,31.7,31.7,24600,2026-09-24,,,,,,,,
1790217480,31.7,31.75,31.6,31.7,140600,2026-09-24,,,,,,,,
1790217540,31.7,31.7,31.55,31.55,25500,2026-09-24,,,,,,,,
1790217600,31.55,31.65,31.5,31.6,45600,2026-09-24,,,,,,,,
1790217660,31.6,31.6,31.55,31.6,13900,2026-09-24,,,,,,,,
1790217720,31.55,31.6,31.55,31.55,55900,2026-09-24,,,,,,,,
1790217780,31.6,31.6,31.5,31.55,46200,2026-09-24,,,,,,,,
1790217840,31.55,31.55,31.5,31.5,18500,2026-09-24,,,,,,,,
1790217900,31.55,31.6,31.5,31.55,43200,2026-09-24,,,,,,,,
1790217960,31.55,31.55,31.5,31.5,95500,2026-09-24,,,,,,,,
1790218020,31.5,31.5,31.4,31.5,71300,2026-09-24,,,,,,,,
1790218080,31.5,31.5,31.4,31.45,27300,2026-09-24,,,,,,,,
1790218140,31.45,31.45,31.45,31.45,18900,2026-09-24,,,,,,,,
1790218200,31.45,31.55,31.45,31.55,35900,2026-09-24,,,,,,,,
1790218260,31.55,31.55,31.5,31.55,23600,2026-09-24,,,,,,,,
1790218320,31.5,31.6,31.5,31.55,21200,2026-09-24,,,,,,,,
1790218380,31.55,31.55,31.5,31.55,58100,2026-09-24,,,,,,,,
1790218440,31.6,31.6,31.55,31.6,10000,2026-09-24,,,,,,,,
1790218500,31.6,31.6,31.55,31.6,5100,2026-09-24,,,,,,,,
1790218560,31.6,31.6,31.6,31.6,29100,2026-09-24,,,,,,,,
1790218620,31.6,31.6,31.55,31.6,21900,2026-09-24,,,,,,,,
1790218680,31.6,31.7,31.55,31.6,35000,2026-09-24,,,,,,,,
1790218740,31.6,31.65,31.6,31.65,9100,2026-09-24,,,,,,,,
1790218800,31.7,31.7,31.65,31.65,3400,2026-09-24,,,,,,,,
1790218860,31.65,31.8,31.65,31.8,104100,2026-09-24,,,,,,,,
1790218920,31.8,31.85,31.8,31.8,20700,2026-09-24,,,,,,,,
1790218980,31.8,31.8,31.8,31.8,20900,2026-09-24,,,,,,,,
1790219040,31.8,31.8,31.7,31.7,35300,2026-09-24,,,,,,,,
1790219100,31.7,31.7,31.6,31.6,37400,2026-09-24,,,,,,,,
1790219160,31.6,31.6,31.55,31.55,12500,2026-09-24,,,,,,,,
1790219220,31.6,31.6,31.6,31.6,20100,2026-09-24,,,,,,,,
1790219280,31.6,31.6,31.6,31.6,2800,2026-09-24,,,,,,,,
1790219340,31.6,31.6,31.6,31.6,10300,2026-09-24,,,,,,,,
1790219400,31.6,31.6,31.6,31.6,6400,2026-09-24,,,,,,,,
1790219460,31.6,31.6,31.6,31.6,8700,2026-09-24,,,,,,,,
1790219520,31.55,31.55,31.5,31.5,173000,2026-09-24,,,,,,,,
1790219580,31.5,31.5,31.5,31.5,100,2026-09-24,,,,,,,,
1790219640,31.5,31.5,31.5,31.5,9500,2026-09-24,,,,,,,,
1790219700,31.55,31.55,31.5,31.5,10200,2026-09-24,,,,,,,,
1790219760,31.5,31.55,31.45,31.45,40300,2026-09-24,,,,,,,,
1790219820,31.45,31.45,31.4,31.45,3300,2026-09-24,,,,,,,,
1790219880,31.45,31.5,31.45,31.5,20800,2026-09-24,,,,,,,,
1790219940,31.5,31.5,31.45,31.45,22700,2026-09-24,,,,,,,,
1790220000,31.5,31.55,31.5,31.55,26300,2026-09-24,,,,,,,,
1790220060,31.55,31.6,31.55,31.6,10900,2026-09-24,,,,,,,,
1790220120,31.6,31.6,31.5,31.6,25100,2026-09-24,,,,,,,,
1790220180,31.6,31.65,31.6,31.65,40100,2026-09-24,,,,,,,,
1790220240,31.6,31.6,31.6,31.6,5100,2026-09-24,,,,,,,,
1790220300,31.5,31.6,31.5,31.6,10100,2026-09-24,,,,,,,,
1790220360,31.55,31.6,31.5,31.5,14000,2026-09-24,,,,,,,,
1790220420,31.6,31.6,31.55,31.55,200,2026-09-24,,,,,,,,
1790220480,31.55,31.6,31.5,31.6,11700,2026-09-24,,,,,,,,
1790220540,31.55,31.6,31.55,31.6,5900,2026-09-24,,,,,,,,
1790220600,31.6,31.65,31.6,31.6,5000,2026-09-24,,,,,,,,
1790220660,31.65,31.65,31.55,31.6,10200,2026-09-24,,,,,,,,
1790220720,31.55,31.6,31.55,31.6,500,2026-09-24,,,,,,,,
1790220780,31.55,31.6,31.55,31.55,13100,2026-09-24,,,,,,,,
1790220840,31.55,31.6,31.55,31.6,12300,2026-09-24,,,,,,,,
1790220900,31.6,31.6,31.55,31.6,5400,2026-09-24,,,,,,,,
1790220960,31.6,31.6,31.6,31.6,100,2026-09-24,,,,,,,,
1790221020,31.6,31.6,31.55,31.55,11400,2026-09-24,,,,,,,,
1790221080,31.55,31.6,31.55,31.6,7500,2026-09-24,,,,,,,,
1790221140,31.55,31.55,31.5,31.55,13000,2026-09-24,,,,,,,,
1790221200,31.55,31.6,31.55,31.55,17900,2026-09-24,,,,,,,,
1790221260,31.55,31.55,31.5,31.5,59200,2026-09-24,,,,,,,,
1790221320,31.5,31.5,31.45,31.5,82600,2026-09-24,,,,,,,,
1790221380,31.5,31.5,31.45,31.5,2600,2026-09-24,,,,,,,,
1790221440,31.45,31.45,31.45,31.45,68800,2026-09-24,,,,,,,,
1790221500,31.4,31.45,31.4,31.45,5700,2026-09-24,,,,,,,,
1790221560,31.4,31.45,31.4,31.4,28400,2026-09-24,,,,,,,,
1790221620,31.4,31.45,31.4,31.45,17500,2026-09-24,,,,,,,,
1790221680,31.45,31.45,31.45,31.45,2800,2026-09-24,,,,,,,,
1790221740,31.4,31.45,31.4,31.4,40100,2026-09-24,,,,,,,,
1790221800,31.45,31.45,31.4,31.4,16900,2026-09-24,,,,,,,,
1790221860,31.4,31.4,31.35,31.35,9100,2026-09-24,,,,,,,,
1790221920,31.4,31.4,31.35,31.35,43500,2026-09-24,,,,,,,,
1790221980,31.4,31.4,31.3,31.35,85200,2026-09-24,,,,,,,,
1790222040,31.35,31.4,31.3,31.35,78900,2026-09-24,,,,,,,,
1790222100,31.4,31.4,31.35,31.4,27500,2026-09-24,,,,,,,,
1790222160,31.4,31.4,31.35,31.4,23600,2026-09-24,,,,,,,,
1790222220,31.35,31.4,31.35,31.35,98600,2026-09-24,,,,,,,,
1790222280,31.35,31.35,31.3,31.35,9900,2026-09-24,,,,,,,,
1790222340,31.35,31.35,31.35,31.35,123600,2026-09-24,,,,,,,,
1790222400,31.35,31.4,31.3,31.35,19500,2026-09-24,,,,,,,,
1790222460,31.35,31.35,31.35,31.35,16000,2026-09-24,,,,,,,,
1790222520,31.3,31.4,31.3,31.4,94900,2026-09-24,,,,,,,,
1790222580,31.4,31.4,31.35,31.4,21100,2026-09-24,,,,,,,,
1790222640,31.4,31.4,31.35,31.35,21800,2026-09-24,,,,,,,,
1790222700,31.35,31.4,31.35,31.4,20700,2026-09-24,,,,,,,,
1790222760,31.4,31.4,31.35,31.35,28600,2026-09-24,,,,,,,,
1790222820,31.4,31.4,31.4,31.4,10100,2026-09-24,,,,,,,,
1790222880,31.4,31.4,31.35,31.4,17600,2026-09-24,,,,,,,,
1790222940,31.35,31.4,31.35,31.4,8000,2026-09-24,,,,,,,,
1790223000,31.4,31.4,31.35,31.35,3200,2026-09-24,,,,,,,,
1790223060,31.4,31.4,31.3,31.35,105700,2026-09-24,,,,,,,,
1790223120,31.35,31.4,31.3,31.35,4800,2026-09-24,,,,,,,,
1790223180,31.35,31.35,31.35,31.35,24200,2026-09-24,,,,,,,,
1790223240,31.35,31.4,31.35,31.4,1100,2026-09-24,,,,,,,,
1790223300,31.35,31.4,31.35,31.35,21900,2026-09-24,,,,,,,,
1790223360,31.4,31.4,31.4,31.4,1100,2026-09-24,,,,,,,,
1790223420,31.35,31.4,31.35,31.35,11700,2026-09-24,,,,,,,,
1790223480,31.4,31.4,31.4,31.4,2500,2026-09-24,,,,,,,,
1790223540,31.35,31.35,31.3,31.35,25700,2026-09-24,,,,,,,,
1790223600,31.35,31.35,31.3,31.3,2100,2026-09-24,,,,,,,,
1790223660,31.35,31.35,31.35,31.35,48600,2026-09-24,,,,,,,,
1790223720,31.35,31.35,31.35,31.35,17500,2026-09-24,,,,,,,,
1790223780,31.35,31.35,31.35,31.35,10500,2026-09-24,,,,,,,,
1790223840,31.35,31.4,31.35,31.4,10500,2026-09-24,,,,,,,,
1790223900,31.35,31.4,31.35,31.35,18200,2026-09-24,,,,,,,,
1790223960,31.4,31.4,31.35,31.4,14700,2026-09-24,,,,,,,,
1790224020,31.4,31.4,31.35,31.35,7100,2026-09-24,,,,,,,,
1790224080,31.35,31.4,31.35,31.35,5200,2026-09-24,,,,,,,,
1790224140,31.35,31.35,31.3,31.35,16600,2026-09-24,,,,,,,,
1790229600,31.35,31.35,31.3,31.35,47200,2026-09-24,,,,,,,,
1790229660,31.35,31.35,31.3,31.35,34100,2026-09-24,,,,,,,,
1790229720,31.35,31.4,31.3,31.4,27700,2026-09-24,,,,,,,,
1790229780,31.4,31.4,31.35,31.35,5800,2026-09-24,,,,,,,,
1790229840,31.35,31.4,31.35,31.35,12000,2026-09-24,,,,,,,,
1790229900,31.35,31.35,31.35,31.35,68000,2026-09-24,,,,,,,,
1790229960,31.35,31.35,31.3,31.3,15500,2026-09-24,,,,,,,,
1790230020,31.3,31.3,31.2,31.2,165100,2026-09-24,,,,,,,,
1790230080,31.2,31.25,31.1,31.25,144100,2026-09-24,,,,,,,,
1790230140,31.25,31.25,31.2,31.25,30600,2026-09-24,,,,,,,,
1790230200,31.25,31.35,31.25,31.35,86600,2026-09-24,,,,,,,,
1790230260,31.3,31.4,31.3,31.35,53900,2026-09-24,,,,,,,,
1790230320,31.35,31.4,31.35,31.35,26300,2026-09-24,,,,,,,,
1790230380,31.4,31.4,31.3,31.35,36000,2026-09-24,,,,,,,,
1790230440,31.35,31.35,31.3,31.35,9600,2026-09-24,,,,,,,,
1790230500,31.35,31.35,31.3,31.35,17000,2026-09-24,,,,,,,,
1790230560,31.35,31.35,31.3,31.3,30900,2026-09-24,,,,,,,,
1790230620,31.35,31.35,31.3,31.3,3800,2026-09-24,,,,,,,,
1790230680,31.3,31.35,31.25,31.25,47700,2026-09-24,,,,,,,,
1790230740,31.2,31.25,31.2,31.25,48300,2026-09-24,,,,,,,,
1790230800,31.25,31.25,31.2,31.25,23900,2026-09-24,,,,,,,,
1790230860,31.25,31.25,31.2,31.2,17200,2026-09-24,,,,,,,,
1790230920,31.2,31.25,31.2,31.25,46000,2026-09-24,,,,,,,,
1790230980,31.25,31.3,31.25,31.25,21600,2026-09-24,,,,,,,,
1790231040,31.3,31.35,31.25,31.3,56700,2026-09-24,,,,,,,,
1790231100,31.3,31.35,31.25,31.35,35200,2026-09-24,,,,,,,,
1790231160,31.35,31.35,31.3,31.35,6700,2026-09-24,,,,,,,,
1790231220,31.3,31.4,31.3,31.4,41700,2026-09-24,,,,,,,,
1790231280,31.4,31.45,31.35,31.35,124800,2026-09-24,,,,,,,,
1790231340,31.4,31.4,31.35,31.35,14900,2026-09-24,,,,,,,,
1790231400,31.35,31.4,31.3,31.3,29200,2026-09-24,,,,,,,,
1790231460,31.3,31.35,31.3,31.35,17100,2026-09-24,,,,,,,,
1790231520,31.35,31.4,31.35,31.35,29200,2026-09-24,,,,,,,,
1790231580,31.4,31.4,31.35,31.35,20200,2026-09-24,,,,,,,,
1790231640,31.35,31.4,31.35,31.4,18700,2026-09-24,,,,,,,,
1790231700,31.4,31.4,31.35,31.35,19400,2026-09-24,,,,,,,,
1790231760,31.35,31.4,31.3,31.35,41700,2026-09-24,,,,,,,,
1790231820,31.35,31.4,31.3,31.35,3500,2026-09-24,,,,,,,,
1790231880,31.35,31.4,31.35,31.35,14100,2026-09-24,,,,,,,,
1790231940,31.35,31.4,31.35,31.35,6900,2026-09-24,,,,,,,,
1790232000,31.4,31.4,31.35,31.35,21800,2026-09-24,,,,,,,,
1790232060,31.3,31.35,31.3,31.35,10600,2026-09-24,,,,,,,,
1790232120,31.3,31.35,31.3,31.35,17000,2026-09-24,,,,,,,,
1790232180,31.35,31.35,31.3,31.3,78800,2026-09-24,,,,,,,,
1790232240,31.3,31.3,31.25,31.3,11300,2026-09-24,,,,,,,,
1790232300,31.3,31.3,31.25,31.25,7900,2026-09-24,,,,,,,,
1790232360,31.3,31.3,31.25,31.25,31600,2026-09-24,,,,,,,,
1790232420,31.25,31.3,31.25,31.3,23000,2026-09-24,,,,,,,,
1790232480,31.3,31.3,31.2,31.25,52100,2026-09-24,,,,,,,,
1790232540,31.25,31.3,31.25,31.3,8600,2026-09-24,,,,,,,,
1790232600,31.3,31.3,31.25,31.3,13700,2026-09-24,,,,,,,,
1790232660,31.25,31.3,31.25,31.3,115900,2026-09-24,,,,,,,,
1790232720,31.3,31.35,31.3,31.35,6800,2026-09-24,,,,,,,,
1790232780,31.35,31.35,31.3,31.3,11100,2026-09-24,,,,,,,,
1790232840,31.3,31.3,31.25,31.3,15600,2026-09-24,,,,,,,,
1790232900,31.3,31.35,31.25,31.35,3700,2026-09-24,,,,,,,,
1790232960,31.35,31.35,31.3,31.3,18500,2026-09-24,,,,,,,,
1790233020,31.3,31.35,31.3,31.35,47500,2026-09-24,,,,,,,,
1790233080,31.35,31.35,31.3,31.3,42100,2026-09-24,,,,,,,,
1790233140,31.35,31.35,31.35,31.35,100,2026-09-24,,,,,,,,
1790233200,31.3,31.35,31.25,31.25,17500,2026-09-24,,,,,,,,
1790233260,31.3,31.35,31.3,31.35,8600,2026-09-24,,,,,,,,
1790233320,31.35,31.35,31.3,31.3,21800,2026-09-24,,,,,,,,
1790233380,31.3,31.35,31.3,31.3,22000,2026-09-24,,,,,,,,
1790233440,31.25,31.35,31.25,31.35,10300,2026-09-24,,,,,,,,
1790233500,31.35,31.35,31.25,31.3,93400,2026-09-24,,,,,,,,
1790233560,31.3,31.35,31.3,31.35,15900,2026-09-24,,,,,,,,
1790233620,31.3,31.3,31.25,31.3,21600,2026-09-24,,,,,,,,
1790233680,31.25,31.3,31.25,31.25,6300,2026-09-24,,,,,,,,
1790233740,31.25,31.3,31.25,31.3,15400,2026-09-24,,,,,,,,
1790233800,31.3,31.3,31.25,31.25,9200,2026-09-24,,,,,,,,
1790233860,31.25,31.3,31.2,31.2,109800,2026-09-24,,,,,,,,
1790233920,31.15,31.2,31.15,31.15,174900,2026-09-24,,,,,,,,
1790233980,31.15,31.15,31.0,31.05,192200,2026-09-24,,,,,,,,
1790234040,31.05,31.05,30.8,30.85,409800,2026-09-24,,,,,,,,
1790234100,30.9,30.9,30.55,30.55,554600,2026-09-24,,,,,,,,
1790234160,30.55,30.6,29.85,30.45,849200,2026-09-24,,,,,,,,
1790234220,30.45,30.45,29.9,30.1,443300,2026-09-24,,,,,,,,
1790234280,30.2,30.5,30.1,30.5,365800,2026-09-24,,,,,,,,
1790234340,30.55,30.6,30.5,30.6,393900,2026-09-24,,,,,,,,
1790234400,30.6,30.6,30.45,30.5,373700,2026-09-24,,,,,,,,
1790234460,30.45,30.5,30.4,30.45,119600,2026-09-24,,,,,,,,
1790234520,30.45,30.5,30.45,30.5,87100,2026-09-24,,,,,,,,
1790234580,30.5,30.5,30.45,30.45,244200,2026-09-24,,,,,,,,
1790234640,30.5,30.5,30.4,30.45,91600,2026-09-24,,,,,,,,
1790234700,30.5,30.5,30.45,30.45,122000,2026-09-24,,,,,,,,
1790234760,30.45,30.5,30.05,30.15,631200,2026-09-24,,,,,,,,
1790234820,30.15,30.2,30.0,30.1,379100,2026-09-24,,,,,,,,
1790234880,30.05,30.15,30.05,30.1,272200,2026-09-24,,,,,,,,
1790234940,30.15,30.2,30.1,30.15,243100,2026-09-24,,,,,,,,
1790235900,30.0,30.0,30.0,30.0,3078600,2026-09-24,,,,,,,,
1790302500,30.25,30.35,30.25,30.35,132900,2026-09-25,,,,,,,,
1790302560,30.4,30.45,30.3,30.3,63200,2026-09-25,,,,,,,,
1790302620,30.25,30.25,30.1,30.1,48700,2026-09-25,,,,,,,,
1790302680,30.15,30.15,30.1,30.1,27500,2026-09-25,,,,,,,,
1790302740,30.1,30.2,30.05,30.15,72300,2026-09-25,,,,,,,,
1790302800,30.2,30.25,30.15,30.2,26200,2026-09-25,,,,,,,,
1790302860,30.25,30.35,30.25,30.35,190800,2026-09-25,,,,,,,,
1790302920,30.35,30.35,30.3,30.35,159000,2026-09-25,,,,,,,,
1790302980,30.35,30.4,30.35,30.35,27900,2026-09-25,,,,,,,,
1790303040,30.35,30.4,30.35,30.35,10300,2026-09-25,,,,,,,,
1790303100,30.35,30.4,30.3,30.35,86300,2026-09-25,,,,,,,,
1790303160,30.35,30.35,30.25,30.3,106800,2026-09-25,,,,,,,,
1790303220,30.25,30.25,30.2,30.2,13700,2026-09-25,,,,,,,,
1790303280,30.2,30.2,30.15,30.2,24500,2026-09-25,,,,,,,,
1790303340,30.2,30.25,30.2,30.25,97400,2026-09-25,,,,,,,,
1790303400,30.25,30.3,30.2,30.2,5300,2026-09-25,,,,,,,,
1790303460,30.3,30.4,30.25,30.4,156400,2026-09-25,,,,,,,,
1790303520,30.3,30.4,30.3,30.35,13200,2026-09-25,,,,,,,,
1790303580,30.4,30.45,30.35,30.45,106800,2026-09-25,,,,,,,,
1790303640,30.45,30.45,30.4,30.45,24400,2026-09-25,,,,,,,,
1790303700,30.45,30.45,30.45,30.45,81900,2026-09-25,,,,,,,,
1790303760,30.45,30.5,30.45,30.5,2300,2026-09-25,,,,,,,,
1790303820,30.5,30.5,30.45,30.45,85400,2026-09-25,,,,,,,,
1790303880,30.4,30.45,30.4,30.4,35200,2026-09-25,,,,,,,,
1790303940,30.4,30.4,30.4,30.4,13800,2026-09-25,,,,,,,,
1790304000,30.4,30.45,30.35,30.4,67000,2026-09-25,,,,,,,,
1790304060,30.4,30.45,30.4,30.45,16800,2026-09-25,,,,,,,,
1790304120,30.45,30.45,30.4,30.45,21900,2026-09-25,,,,,,,,
1790304180,30.45,30.45,30.45,30.45,10200,2026-09-25,,,,,,,,
1790304240,30.45,30.45,30.4,30.4,7100,2026-09-25,,,,,,,,
1790304300,30.4,30.45,30.4,30.4,12900,2026-09-25,,,,,,,,
1790304360,30.4,30.4,30.3,30.4,138100,2026-09-25,,,,,,,,
1790304420,30.35,30.4,30.35,30.4,9600,2026-09-25,,,,,,,,
1790304480,30.4,30.55,30.35,30.55,283600,2026-09-25,,,,,,,,
1790304540,30.45,30.7,30.45,30.7,154400,2026-09-25,,,,,,,,
1790304600,30.7,30.75,30.65,30.7,66400,2026-09-25,,,,,,,,
1790304660,30.7,30.75,30.6,30.6,66400,2026-09-25,,,,,,,,
1790304720,30.6,30.7,30.6,30.65,16900,2026-09-25,,,,,,,,
1790304780,30.65,30.65,30.6,30.6,26000,2026-09-25,,,,,,,,
1790304840,30.6,30.65,30.55,30.6,45400,2026-09-25,,,,,,,,
1790304900,30.55,30.6,30.55,30.55,11300,2026-09-25,,,,,,,,
1790304960,30.55,30.55,30.45,30.5,136600,2026-09-25,,,,,,,,
1790305020,30.5,30.55,30.45,30.55,31700,2026-09-25,,,,,,,,
1790305080,30.55,30.65,30.5,30.65,75100,2026-09-25,,,,,,,,
1790305140,30.65,30.65,30.6,30.65,79300,2026-09-25,,,,,,,,
1790305200,30.65,30.7,30.6,30.65,29200,2026-09-25,,,,,,,,
1790305260,30.7,30.75,30.65,30.7,134900,2026-09-25,,,,,,,,
1790305320,30.75,30.75,30.7,30.75,43000,2026-09-25,,,,,,,,
1790305380,30.7,30.75,30.7,30.75,132600,2026-09-25,,,,,,,,
1790305440,30.75,30.8,30.75,30.75,29900,2026-09-25,,,,,,,,
1790305500,30.75,30.75,30.7,30.7,160200,2026-09-25,,,,,,,,
1790305560,30.7,30.75,30.7,30.7,25800,2026-09-25,,,,,,,,
1790305620,30.65,30.7,30.65,30.7,44300,2026-09-25,,,,,,,,
1790305680,30.7,30.7,30.7,30.7,47000,2026-09-25,,,,,,,,
1790305740,30.7,30.7,30.65,30.65,51400,2026-09-25,,,,,,,,
1790305800,30.65,30.7,30.6,30.6,49500,2026-09-25,,,,,,,,
1790305860,30.65,30.7,30.65,30.65,22700,2026-09-25,,,,,,,,
1790305920,30.65,30.7,30.6,30.6,24700,2026-09-25,,,,,,,,
1790305980,30.7,30.7,30.6,30.6,20900,2026-09-25,,,,,,,,
1790306040,30.65,30.65,30.6,30.65,67100,2026-09-25,,,,,,,,
1790306100,30.6,30.65,30.55,30.6,46700,2026-09-25,,,,,,,,
1790306160,30.6,30.65,30.6,30.6,30100,2026-09-25,,,,,,,,
1790306220,30.6,30.65,30.55,30.6,50900,2026-09-25,,,,,,,,
1790306280,30.6,30.65,30.55,30.6,42700,2026-09-25,,,,,,,,
1790306340,30.6,30.7,30.6,30.7,95200,2026-09-25,,,,,,,,
1790306400,30.7,30.75,30.65,30.75,40500,2026-09-25,,,,,,,,
1790306460,30.75,30.75,30.7,30.7,47000,2026-09-25,,,,,,,,
1790306520,30.7,30.75,30.65,30.75,111000,2026-09-25,,,,,,,,
1790306580,30.75,30.8,30.75,30.8,37400,2026-09-25,,,,,,,,
1790306640,30.8,30.9,30.75,30.85,370900,2026-09-25,,,,,,,,
1790306700,30.9,30.9,30.85,30.85,31200,2026-09-25,,,,,,,,
1790306760,30.9,30.95,30.85,30.9,123400,2026-09-25,,,,,,,,
1790306820,30.9,30.95,30.9,30.95,124100,2026-09-25,,,,,,,,
1790306880,30.95,31.0,30.95,31.0,161700,2026-09-25,,,,,,,,
1790306940,31.05,31.2,31.05,31.15,115900,2026-09-25,,,,,,,,
1790307000,31.15,31.15,31.05,31.05,44800,2026-09-25,,,,,,,,
1790307060,31.05,31.15,31.0,31.05,36400,2026-09-25,,,,,,,,
1790307120,31.1,31.15,31.1,31.15,21600,2026-09-25,,,,,,,,
1790307180,31.1,31.15,31.1,31.15,41200,2026-09-25,,,,,,,,
1790307240,31.1,31.15,31.1,31.15,54200,2026-09-25,,,,,,,,
1790307300,31.1,31.15,31.05,31.05,104300,2026-09-25,,,,,,,,
1790307360,31.05,31.1,31.0,31.05,83600,2026-09-25,,,,,,,,
1790307420,31.0,31.05,30.95,31.0,36000,2026-09-25,,,,,,,,
1790307480,31.0,31.0,30.95,30.95,34800,2026-09-25,,,,,,,,
1790307540,30.95,31.0,30.95,30.95,36800,2026-09-25,,,,,,,,
1790307600,30.95,31.0,30.95,31.0,22200,2026-09-25,,,,,,,,
1790307660,30.95,31.0,30.95,31.0,23800,2026-09-25,,,,,,,,
1790307720,31.0,31.0,30.95,30.95,113700,2026-09-25,,,,,,,,
1790307780,31.0,31.0,30.95,31.0,18100,2026-09-25,,,,,,,,
1790307840,31.0,31.0,30.95,30.95,17700,2026-09-25,,,,,,,,
1790307900,30.95,31.0,30.95,31.0,114000,2026-09-25,,,,,,,,
1790307960,31.0,31.05,30.95,31.05,32100,2026-09-25,,,,,,,,
1790308020,31.05,31.1,31.05,31.1,49000,2026-09-25,,,,,,,,
1790308080,31.1,31.1,31.0,31.0,21800,2026-09-25,,,,,,,,
1790308140,31.0,31.1,31.0,31.05,16700,2026-09-25,,,,,,,,
1790308200,31.05,31.1,31.05,31.1,37700,2026-09-25,,,,,,,,
1790308260,31.05,31.1,31.0,31.1,17100,2026-09-25,,,,,,,,
1790308320,31.0,31.1,31.0,31.1,18400,2026-09-25,,,,,,,,
1790308380,31.05,31.1,31.05,31.05,19300,2026-09-25,,,,,,,,
1790308440,31.05,31.1,31.05,31.1,17600,2026-09-25,,,,,,,,
1790308500,31.05,31.1,31.05,31.05,19900,2026-09-25,,,,,,,,
1790308560,31.05,31.1,31.05,31.1,15900,2026-09-25,,,,,,,,
1790308620,31.05,31.1,30.95,31.0,74900,2026-09-25,,,,,,,,
1790308680,31.0,31.05,31.0,31.0,17600,2026-09-25,,,,,,,,
1790308740,30.95,31.0,30.9,30.9,113500,2026-09-25,,,,,,,,
1790308800,31.0,31.0,30.9,31.0,17100,2026-09-25,,,,,,,,
1790308860,31.0,31.05,31.0,31.0,23400,2026-09-25,,,,,,,,
1790308920,31.0,31.05,31.0,31.0,16400,2026-09-25,,,,,,,,
1790308980,31.0,31.0,30.95,31.0,39400,2026-09-25,,,,,,,,
1790309040,30.95,31.0,30.95,31.0,32700,2026-09-25,,,,,,,,
1790309100,31.0,31.0,30.95,31.0,19300,2026-09-25,,,,,,,,
1790309160,31.0,31.0,31.0,31.0,16200,2026-09-25,,,,,,,,
1790309220,31.0,31.0,30.95,31.0,23200,2026-09-25,,,,,,,,
1790309280,31.0,31.0,30.95,31.0,24900,2026-09-25,,,,,,,,
1790309340,31.0,31.0,30.9,30.95,18400,2026-09-25,,,,,,,,
1790309400,30.9,31.0,30.9,30.9,24800,2026-09-25,,,,,,,,
1790309460,30.95,30.95,30.95,30.95,20500,2026-09-25,,,,,,,,
1790309520,30.95,30.95,30.9,30.95,20700,2026-09-25,,,,,,,,
1790309580,30.9,30.95,30.9,30.95,22800,2026-09-25,,,,,,,,
1790309640,30.95,30.95,30.9,30.9,23500,2026-09-25,,,,,,,,
1790309700,30.95,30.95,30.9,30.95,26700,2026-09-25,,,,,,,,
1790309760,30.95,30.95,30.95,30.95,32800,2026-09-25,,,,,,,,
1790309820,30.9,30.95,30.9,30.9,39000,2026-09-25,,,,,,,,
1790309880,30.95,30.95,30.9,30.95,20800,2026-09-25,,,,,,,,
1790309940,30.9,30.95,30.9,30.95,34100,2026-09-25,,,,,,,,
1790310000,30.95,30.95,30.8,30.8,175100,2026-09-25,,,,,,,,
1790310060,30.8,30.95,30.8,30.95,80700,2026-09-25,,,,,,,,
1790310120,30.95,30.95,30.85,30.9,17100,2026-09-25,,,,,,,,
1790310180,30.9,30.95,30.9,30.95,18000,2026-09-25,,,,,,,,
1790310240,30.95,30.95,30.9,30.95,18300,2026-09-25,,,,,,,,
1790310300,30.95,30.95,30.9,30.95,20400,2026-09-25,,,,,,,,
1790310360,30.9,30.95,30.9,30.9,19800,2026-09-25,,,,,,,,
1790310420,30.95,30.95,30.9,30.95,35900,2026-09-25,,,,,,,,
1790310480,30.95,30.95,30.9,30.9,38700,2026-09-25,,,,,,,,
1790310540,30.95,30.95,30.9,30.95,30100,2026-09-25,,,,,,,,
1790316000,30.9,30.95,30.8,30.85,106900,2026-09-25,,,,,,,,
1790316060,30.85,30.85,30.8,30.85,68000,2026-09-25,,,,,,,,
1790316120,30.85,30.85,30.85,30.85,3200,2026-09-25,,,,,,,,
1790316180,30.8,30.85,30.7,30.7,174200,2026-09-25,,,,,,,,
1790316240,30.75,30.75,30.7,30.75,62700,2026-09-25,,,,,,,,
1790316300,30.75,30.8,30.75,30.75,44800,2026-09-25,,,,,,,,
1790316360,30.75,30.8,30.7,30.8,23200,2026-09-25,,,,,,,,
1790316420,30.75,30.8,30.75,30.8,27100,2026-09-25,,,,,,,,
1790316480,30.8,30.85,30.8,30.85,6600,2026-09-25,,,,,,,,
1790316540,30.8,30.9,30.8,30.9,54400,2026-09-25,,,,,,,,
1790316600,30.85,30.9,30.85,30.9,11300,2026-09-25,,,,,,,,
1790316660,30.9,30.9,30.8,30.85,31900,2026-09-25,,,,,,,,
1790316720,30.85,30.85,30.75,30.75,32300,2026-09-25,,,,,,,,
1790316780,30.75,30.8,30.75,30.8,10300,2026-09-25,,,,,,,,
1790316840,30.8,30.85,30.8,30.8,37900,2026-09-25,,,,,,,,
1790316900,30.8,30.85,30.8,30.8,22400,2026-09-25,,,,,,,,
1790316960,30.8,30.85,30.8,30.8,18000,2026-09-25,,,,,,,,
1790317020,30.75,30.8,30.75,30.75,2700,2026-09-25,,,,,,,,
1790317080,30.75,30.8,30.75,30.8,11500,2026-09-25,,,,,,,,
1790317140,30.8,30.8,30.75,30.75,42900,2026-09-25,,,,,,,,
1790317200,30.75,30.85,30.75,30.85,39400,2026-09-25,,,,,,,,
1790317260,30.85,30.85,30.8,30.85,37400,2026-09-25,,,,,,,,
1790317320,30.8,30.85,30.8,30.8,39000,2026-09-25,,,,,,,,
1790317380,30.8,30.85,30.75,30.75,18000,2026-09-25,,,,,,,,
1790317440,30.75,30.8,30.7,30.75,35700,2026-09-25,,,,,,,,
1790317500,30.7,30.8,30.7,30.75,22900,2026-09-25,,,,,,,,
1790317560,30.75,30.8,30.75,30.8,89200,2026-09-25,,,,,,,,
1790317620,30.75,30.8,30.75,30.8,18800,2026-09-25,,,,,,,,
1790317680,30.75,30.75,30.7,30.7,87900,2026-09-25,,,,,,,,
1790317740,30.7,30.75,30.65,30.75,30500,2026-09-25,,,,,,,,
1790317800,30.75,30.8,30.7,30.7,23100,2026-09-25,,,,,,,,
1790317860,30.75,30.75,30.65,30.7,66900,2026-09-25,,,,,,,,
1790317920,30.7,30.75,30.65,30.75,27800,2026-09-25,,,,,,,,
1790317980,30.7,30.75,30.65,30.65,90700,2026-09-25,,,,,,,,
1790318040,30.65,30.7,30.65,30.65,41800,2026-09-25,,,,,,,,
1790318100,30.7,30.7,30.6,30.6,49300,2026-09-25,,,,,,,,
1790318160,30.65,30.7,30.6,30.65,31400,2026-09-25,,,,,,,,
1790318220,30.65,30.7,30.65,30.65,43900,2026-09-25,,,,,,,,
1790318280,30.65,30.65,30.6,30.6,46100,2026-09-25,,,,,,,,
1790318340,30.6,30.65,30.55,30.6,220200,2026-09-25,,,,,,,,
1790318400,30.55,30.6,30.5,30.55,126400,2026-09-25,,,,,,,,
1790318460,30.55,30.55,30.5,30.5,125700,2026-09-25,,,,,,,,
1790318520,30.55,30.55,30.45,30.5,57600,2026-09-25,,,,,,,,
1790318580,30.45,30.5,30.35,30.4,168000,2026-09-25,,,,,,,,
1790318640,30.4,30.45,30.35,30.4,41400,2026-09-25,,,,,,,,
1790318700,30.4,30.45,30.4,30.4,15000,2026-09-25,,,,,,,,
1790318760,30.4,30.45,30.4,30.4,11700,2026-09-25,,,,,,,,
1790318820,30.4,30.5,30.4,30.5,99100,2026-09-25,,,,,,,,
1790318880,30.5,30.6,30.45,30.55,77200,2026-09-25,,,,,,,,
1790318940,30.55,30.6,30.55,30.55,48900,2026-09-25,,,,,,,,
1790319000,30.55,30.6,30.5,30.5,80900,2026-09-25,,,,,,,,
1790319060,30.5,30.6,30.5,30.6,3700,2026-09-25,,,,,,,,
1790319120,30.6,30.6,30.55,30.55,29600,2026-09-25,,,,,,,,
1790319180,30.6,30.6,30.55,30.55,16000,2026-09-25,,,,,,,,
1790319240,30.6,30.6,30.55,30.6,4400,2026-09-25,,,,,,,,
1790319300,30.6,30.65,30.6,30.6,21800,2026-09-25,,,,,,,,
1790319360,30.65,30.65,30.6,30.6,30200,2026-09-25,,,,,,,,
1790319420,30.6,30.65,30.6,30.6,14800,2026-09-25,,,,,,,,
1790319480,30.6,30.65,30.6,30.65,46500,2026-09-25,,,,,,,,
1790319540,30.65,30.7,30.6,30.6,27500,2026-09-25,,,,,,,,
1790319600,30.65,30.65,30.6,30.6,51900,2026-09-25,,,,,,,,
1790319660,30.6,30.65,30.55,30.55,51700,2026-09-25,,,,,,,,
1790319720,30.65,30.65,30.55,30.55,71500,2026-09-25,,,,,,,,
1790319780,30.6,30.6,30.55,30.6,26200,2026-09-25,,,,,,,,
1790319840,30.55,30.6,30.45,30.55,104000,2026-09-25,,,,,,,,
1790319900,30.55,30.6,30.45,30.5,42200,2026-09-25,,,,,,,,
1790319960,30.5,30.55,30.5,30.55,11500,2026-09-25,,,,,,,,
1790320020,30.5,30.6,30.5,30.55,18800,2026-09-25,,,,,,,,
1790320080,30.6,30.6,30.55,30.6,12500,2026-09-25,,,,,,,,
1790320140,30.55,30.6,30.55,30.6,31000,2026-09-25,,,,,,,,
1790320200,30.5,30.6,30.5,30.6,29900,2026-09-25,,,,,,,,
1790320260,30.55,30.55,30.5,30.5,32700,2026-09-25,,,,,,,,
1790320320,30.5,30.55,30.5,30.5,22700,2026-09-25,,,,,,,,
1790320380,30.5,30.55,30.45,30.45,26700,2026-09-25,,,,,,,,
1790320440,30.5,30.55,30.5,30.5,41800,2026-09-25,,,,,,,,
1790320500,30.5,30.55,30.5,30.5,76300,2026-09-25,,,,,,,,
1790320560,30.5,30.55,30.45,30.45,31100,2026-09-25,,,,,,,,
1790320620,30.45,30.5,30.4,30.45,81300,2026-09-25,,,,,,,,
1790320680,30.4,30.5,30.4,30.5,37800,2026-09-25,,,,,,,,
1790320740,30.45,30.5,30.4,30.45,55600,2026-09-25,,,,,,,,
1790320800,30.45,30.5,30.4,30.45,176500,2026-09-25,,,,,,,,
1790320860,30.45,30.45,30.3,30.4,223400,2026-09-25,,,,,,,,
1790320920,30.35,30.5,30.35,30.45,233300,2026-09-25,,,,,,,,
1790320980,30.45,30.45,30.4,30.45,168200,2026-09-25,,,,,,,,
1790321040,30.45,30.45,30.4,30.4,182000,2026-09-25,,,,,,,,
1790321100,30.45,30.45,30.4,30.45,118200,2026-09-25,,,,,,,,
1790321160,30.45,30.5,30.4,30.5,182700,2026-09-25,,,,,,,,
1790321220,30.5,30.5,30.45,30.5,79100,2026-09-25,,,,,,,,
1790321280,30.5,30.5,30.45,30.45,83800,2026-09-25,,,,,,,,
1790321340,30.45,30.45,30.4,30.45,56200,2026-09-25,,,,,,,,
1790322300,30.4,30.4,30.4,30.4,664200,2026-09-25,,,,,,,,
1790561700,30.65,30.65,30.55,30.6,172300,2026-09-28,,,,,,,,
1790561760,30.65,30.7,30.6,30.65,74500,2026-09-28,,,,,,,,
1790561820,30.6,30.65,30.6,30.65,17100,2026-09-28,,,,,,,,
1790561880,30.6,30.65,30.6,30.65,39600,2026-09-28,,,,,,,,
1790561940,30.65,30.7,30.6,30.65,48100,2026-09-28,,,,,,,,
1790562000,30.6,30.65,30.5,30.6,69700,2026-09-28,,,,,,,,
1790562060,30.6,30.6,30.55,30.55,10600,2026-09-28,,,,,,,,
1790562120,30.55,30.65,30.55,30.6,31700,2026-09-28,,,,,,,,
1790562180,30.65,30.65,30.6,30.6,30600,2026-09-28,,,,,,,,
1790562240,30.6,30.6,30.55,30.55,83500,2026-09-28,,,,,,,,
1790562300,30.6,30.6,30.55,30.55,40700,2026-09-28,,,,,,,,
1790562360,30.55,30.55,30.5,30.55,19400,2026-09-28,,,,,,,,
1790562420,30.55,30.6,30.55,30.55,18600,2026-09-28,,,,,,,,
1790562480,30.6,30.6,30.5,30.5,14800,2026-09-28,,,,,,,,
1790562540,30.5,30.5,30.45,30.45,30800,2026-09-28,,,,,,,,
1790562600,30.45,30.45,30.45,30.45,7800,2026-09-28,,,,,,,,
1790562660,30.45,30.5,30.45,30.45,36100,2026-09-28,,,,,,,,
1790562720,30.4,30.5,30.4,30.5,36300,2026-09-28,,,,,,,,
1790562780,30.5,30.6,30.5,30.5,56700,2026-09-28,,,,,,,,
1790562840,30.5,30.6,30.5,30.55,11800,2026-09-28,,,,,,,,
1790562900,30.55,30.6,30.55,30.6,22900,2026-09-28,,,,,,,,
1790562960,30.55,30.55,30.45,30.5,33800,2026-09-28,,,,,,,,
1790563020,30.5,30.5,30.5,30.5,8500,2026-09-28,,,,,,,,
1790563080,30.5,30.55,30.5,30.55,3900,2026-09-28,,,,,,,,
1790563140,30.55,30.55,30.5,30.5,43500,2026-09-28,,,,,,,,
1790563200,30.55,30.55,30.5,30.55,20500,2026-09-28,,,,,,,,
1790563260,30.55,30.6,30.55,30.55,2400,2026-09-28,,,,,,,,
1790563320,30.55,30.6,30.5,30.5,47600,2026-09-28,,,,,,,,
1790563380,30.55,30.6,30.5,30.6,33300,2026-09-28,,,,,,,,
1790563440,30.55,30.6,30.55,30.55,72500,2026-09-28,,,,,,,,
1790563500,30.6,30.6,30.5,30.6,79600,2026-09-28,,,,,,,,
1790563560,30.55,30.6,30.55,30.55,500,2026-09-28,,,,,,,,
1790563620,30.55,30.6,30.55,30.6,6300,2026-09-28,,,,,,,,
1790563680,30.6,30.6,30.55,30.6,39400,2026-09-28,,,,,,,,
1790563740,30.6,30.75,30.6,30.7,91800,2026-09-28,,,,,,,,
1790563800,30.75,30.75,30.7,30.75,42600,2026-09-28,,,,,,,,
1790563860,30.75,30.75,30.65,30.65,83000,2026-09-28,,,,,,,,
1790563920,30.7,30.7,30.65,30.7,21100,2026-09-28,,,,,,,,
1790563980,30.7,30.7,30.65,30.65,5300,2026-09-28,,,,,,,,
1790564040,30.7,30.7,30.6,30.6,40300,2026-09-28,,,,,,,,
1790564100,30.6,30.65,30.6,30.6,1500,2026-09-28,,,,,,,,
1790564160,30.6,30.6,30.55,30.55,59700,2026-09-28,,,,,,,,
1790564220,30.55,30.6,30.55,30.55,2000,2026-09-28,,,,,,,,
1790564280,30.55,30.6,30.55,30.6,36900,2026-09-28,,,,,,,,
1790564340,30.6,30.6,30.55,30.6,17400,2026-09-28,,,,,,,,
1790564400,30.6,30.65,30.6,30.6,5900,2026-09-28,,,,,,,,
1790564460,30.6,30.6,30.6,30.6,30100,2026-09-28,,,,,,,,
1790564520,30.65,30.65,30.6,30.65,4000,2026-09-28,,,,,,,,
1790564580,30.65,30.65,30.6,30.6,1400,2026-09-28,,,,,,,,
1790564640,30.6,30.6,30.6,30.6,47200,2026-09-28,,,,,,,,
1790564700,30.6,30.65,30.6,30.65,2200,2026-09-28,,,,,,,,
1790564760,30.6,30.65,30.6,30.65,36300,2026-09-28,,,,,,,,
1790564820,30.65,30.7,30.6,30.65,53300,2026-09-28,,,,,,,,
1790564880,30.65,30.65,30.6,30.6,5500,2026-09-28,,,,,,,,
1790564940,30.6,30.65,30.6,30.6,2500,2026-09-28,,,,,,,,
1790565000,30.65,30.65,30.65,30.65,35600,2026-09-28,,,,,,,,
1790565060,30.65,30.65,30.65,30.65,15900,2026-09-28,,,,,,,,
1790565120,30.65,30.65,30.65,30.65,1700,2026-09-28,,,,,,,,
1790565180,30.7,30.7,30.7,30.7,3600,2026-09-28,,,,,,,,
1790565240,30.7,30.7,30.7,30.7,300,2026-09-28,,,,,,,,
1790565300,30.65,30.75,30.65,30.75,46300,2026-09-28,,,,,,,,
1790565360,30.75,30.75,30.7,30.75,19400,2026-09-28,,,,,,,,
1790565420,30.75,30.8,30.75,30.75,32500,2026-09-28,,,,,,,,
1790565480,30.75,30.85,30.75,30.85,73900,2026-09-28,,,,,,,,
1790565540,30.9,30.95,30.85,30.95,81200,2026-09-28,,,,,,,,
1790565600,30.95,31.0,30.9,31.0,121900,2026-09-28,,,,,,,,
1790565660,30.95,31.1,30.95,31.1,191300,2026-09-28,,,,,,,,
1790565720,31.05,31.15,31.0,31.0,49500,2026-09-28,,,,,,,,
1790565780,31.05,31.05,31.0,31.0,30100,2026-09-28,,,,,,,,
1790565840,31.05,31.05,30.95,31.0,97300,2026-09-28,,,,,,,,
1790565900,30.95,30.95,30.75,30.8,91300,2026-09-28,,,,,,,,
1790565960,30.8,30.85,30.8,30.8,11400,2026-09-28,,,,,,,,
1790566020,30.8,30.85,30.8,30.8,52400,2026-09-28,,,,,,,,
1790566080,30.85,30.85,30.85,30.85,700,2026-09-28,,,,,,,,
1790566140,30.85,30.85,30.8,30.8,4400,2026-09-28,,,,,,,,
1790566200,30.8,30.8,30.8,30.8,400,2026-09-28,,,,,,,,
1790566260,30.8,30.8,30.75,30.75,40800,2026-09-28,,,,,,,,
1790566320,30.8,30.8,30.75,30.75,300,2026-09-28,,,,,,,,
1790566380,30.8,30.8,30.75,30.8,1300,2026-09-28,,,,,,,,
1790566440,30.8,30.85,30.8,30.85,9200,2026-09-28,,,,,,,,
1790566500,30.85,30.9,30.85,30.9,14500,2026-09-28,,,,,,,,
1790566560,30.9,30.95,30.9,30.9,7400,2026-09-28,,,,,,,,
1790566620,30.95,30.95,30.95,30.95,10900,2026-09-28,,,,,,,,
1790566680,30.9,31.0,30.9,31.0,14700,2026-09-28,,,,,,,,
1790566740,30.95,31.0,30.95,30.95,45900,2026-09-28,,,,,,,,
1790566800,31.0,31.0,30.95,31.0,5800,2026-09-28,,,,,,,,
1790566860,31.0,31.0,30.95,31.0,8400,2026-09-28,,,,,,,,
1790566920,30.95,31.0,30.95,31.0,2500,2026-09-28,,,,,,,,
1790566980,30.95,31.0,30.95,30.95,25100,2026-09-28,,,,,,,,
1790567040,30.95,31.0,30.95,30.95,8200,2026-09-28,,,,,,,,
1790567100,30.95,30.95,30.9,30.9,3500,2026-09-28,,,,,,,,
1790567160,30.9,30.95,30.9,30.9,10500,2026-09-28,,,,,,,,
1790567220,30.9,30.95,30.9,30.9,6000,2026-09-28,,,,,,,,
1790567280,30.9,30.95,30.9,30.9,6800,2026-09-28,,,,,,,,
1790567340,30.9,30.95,30.9,30.95,22700,2026-09-28,,,,,,,,
1790567400,30.9,30.95,30.9,30.9,300,2026-09-28,,,,,,,,
1790567460,30.9,30.95,30.9,30.9,44400,2026-09-28,,,,,,,,
1790567520,30.9,30.95,30.9,30.95,2300,2026-09-28,,,,,,,,
1790567580,30.9,30.95,30.9,30.9,3500,2026-09-28,,,,,,,,
1790567640,30.95,30.95,30.95,30.95,20500,2026-09-28,,,,,,,,
1790567700,30.95,30.95,30.9,30.9,2500,2026-09-28,,,,,,,,
1790567760,30.95,30.95,30.9,30.9,36800,2026-09-28,,,,,,,,
1790567820,30.9,30.9,30.85,30.9,4500,2026-09-28,,,,,,,,
1790567880,30.9,30.9,30.85,30.85,5300,2026-09-28,,,,,,,,
1790567940,30.9,30.9,30.9,30.9,200,2026-09-28,,,,,,,,
1790568000,30.85,30.9,30.85,30.9,1800,2026-09-28,,,,,,,,
1790568060,30.85,30.9,30.85,30.9,6100,2026-09-28,,,,,,,,
1790568120,30.85,30.9,30.85,30.85,16400,2026-09-28,,,,,,,,
1790568180,30.8,30.85,30.8,30.85,6600,2026-09-28,,,,,,,,
1790568240,30.8,30.85,30.8,30.85,8700,2026-09-28,,,,,,,,
1790568300,30.8,30.85,30.8,30.8,31800,2026-09-28,,,,,,,,
1790568360,30.8,30.8,30.75,30.75,98400,2026-09-28,,,,,,,,
1790568420,30.7,30.8,30.7,30.75,11600,2026-09-28,,,,,,,,
1790568480,30.75,30.8,30.75,30.8,10500,2026-09-28,,,,,,,,
1790568540,30.8,30.85,30.8,30.85,25000,2026-09-28,,,,,,,,
1790568600,30.85,30.85,30.8,30.8,3900,2026-09-28,,,,,,,,
1790568660,30.85,30.85,30.8,30.8,12300,2026-09-28,,,,,,,,
1790568720,30.8,30.85,30.8,30.85,3900,2026-09-28,,,,,,,,
1790568780,30.85,30.85,30.85,30.85,100,2026-09-28,,,,,,,,
1790568840,30.85,30.85,30.85,30.85,800,2026-09-28,,,,,,,,
1790568900,30.8,30.85,30.8,30.8,11900,2026-09-28,,,,,,,,
1790568960,30.8,30.85,30.8,30.8,9800,2026-09-28,,,,,,,,
1790569020,30.8,30.85,30.8,30.85,4200,2026-09-28,,,,,,,,
1790569080,30.85,30.85,30.8,30.85,400,2026-09-28,,,,,,,,
1790569140,30.85,30.85,30.85,30.85,600,2026-09-28,,,,,,,,
1790569200,30.8,30.85,30.8,30.8,45600,2026-09-28,,,,,,,,
1790569260,30.8,30.85,30.8,30.8,19000,2026-09-28,,,,,,,,
1790569320,30.85,30.85,30.8,30.8,13200,2026-09-28,,,,,,,,
1790569380,30.8,30.85,30.8,30.8,8400,2026-09-28,,,,,,,,
1790569440,30.75,30.8,30.75,30.75,32200,2026-09-28,,,,,,,,
1790569500,30.8,30.8,30.75,30.75,2300,2026-09-28,,,,,,,,
1790569560,30.8,30.8,30.75,30.8,19300,2026-09-28,,,,,,,,
1790569620,30.8,30.8,30.8,30.8,5400,2026-09-28,,,,,,,,
1790569680,30.75,30.8,30.75,30.8,5700,2026-09-28,,,,,,,,
1790569740,30.8,30.8,30.75,30.8,34100,2026-09-28,,,,,,,,
1790575200,30.75,30.8,30.7,30.75,142600,2026-09-28,,,,,,,,
1790575260,30.75,30.75,30.7,30.75,25500,2026-09-28,,,,,,,,
1790575320,30.7,30.75,30.7,30.7,59200,2026-09-28,,,,,,,,
1790575380,30.7,30.7,30.7,30.7,25200,2026-09-28,,,,,,,,
1790575440,30.7,30.8,30.7,30.8,53700,2026-09-28,,,,,,,,
1790575500,30.75,30.8,30.7,30.75,47500,2026-09-28,,,,,,,,
1790575560,30.75,30.75,30.7,30.75,86400,2026-09-28,,,,,,,,
1790575620,30.7,30.75,30.7,30.75,43400,2026-09-28,,,,,,,,
1790575680,30.75,30.8,30.75,30.8,21200,2026-09-28,,,,,,,,
1790575740,30.75,30.8,30.75,30.8,23300,2026-09-28,,,,,,,,
1790575800,30.8,30.8,30.75,30.8,24400,2026-09-28,,,,,,,,
1790575860,30.8,30.8,30.75,30.8,69900,2026-09-28,,,,,,,,
1790575920,30.85,30.9,30.8,30.9,101500,2026-09-28,,,,,,,,
1790575980,30.85,30.9,30.85,30.85,13000,2026-09-28,,,,,,,,
1790576040,30.85,30.9,30.85,30.85,26300,2026-09-28,,,,,,,,
1790576100,30.9,30.9,30.85,30.85,11200,2026-09-28,,,,,,,,
1790576160,30.85,30.9,30.85,30.85,39900,2026-09-28,,,,,,,,
1790576220,30.85,30.85,30.8,30.85,29000,2026-09-28,,,,,,,,
1790576280,30.85,30.9,30.85,30.85,8600,2026-09-28,,,,,,,,
1790576340,30.85,30.85,30.8,30.85,30400,2026-09-28,,,,,,,,
1790576400,30.9,30.9,30.85,30.85,6900,2026-09-28,,,,,,,,
1790576460,30.85,30.9,30.85,30.85,15400,2026-09-28,,,,,,,,
1790576520,30.9,30.9,30.85,30.85,19500,2026-09-28,,,,,,,,
1790576580,30.85,30.9,30.85,30.85,2200,2026-09-28,,,,,,,,
1790576640,30.9,30.9,30.85,30.85,47200,2026-09-28,,,,,,,,
1790576700,30.85,30.9,30.85,30.9,13400,2026-09-28,,,,,,,,
1790576760,30.85,30.9,30.85,30.9,9200,2026-09-28,,,,,,,,
1790576820,30.9,30.9,30.85,30.9,10800,2026-09-28,,,,,,,,
1790576880,30.85,30.85,30.8,30.85,25300,2026-09-28,,,,,,,,
1790576940,30.85,30.85,30.8,30.8,8000,2026-09-28,,,,,,,,
1790577000,30.8,30.85,30.8,30.8,9300,2026-09-28,,,,,,,,
1790577060,30.8,30.85,30.8,30.85,18900,2026-09-28,,,,,,,,
1790577120,30.85,30.85,30.8,30.85,16900,2026-09-28,,,,,,,,
1790577180,30.8,30.9,30.8,30.9,346800,2026-09-28,,,,,,,,
1790577240,30.9,30.95,30.9,30.95,26500,2026-09-28,,,,,,,,
1790577300,30.95,31.0,30.9,31.0,351900,2026-09-28,,,,,,,,
1790577360,31.05,31.4,31.05,31.35,619900,2026-09-28,,,,,,,,
1790577420,31.35,31.4,31.3,31.3,133700,2026-09-28,,,,,,,,
1790577480,31.4,31.4,31.3,31.3,97300,2026-09-28,,,,,,,,
1790577540,31.3,31.3,31.25,31.25,22700,2026-09-28,,,,,,,,
1790577600,31.3,31.3,31.2,31.25,147000,2026-09-28,,,,,,,,
1790577660,31.25,31.35,31.25,31.3,92000,2026-09-28,,,,,,,,
1790577720,31.3,31.3,31.3,31.3,58600,2026-09-28,,,,,,,,
1790577780,31.3,31.35,31.25,31.3,44600,2026-09-28,,,,,,,,
1790577840,31.3,31.45,31.3,31.4,292700,2026-09-28,,,,,,,,
1790577900,31.4,31.5,31.4,31.45,238600,2026-09-28,,,,,,,,
1790577960,31.45,31.5,31.45,31.5,145500,2026-09-28,,,,,,,,
1790578020,31.5,31.6,31.45,31.55,403600,2026-09-28,,,,,,,,
1790578080,31.55,31.55,31.45,31.45,453300,2026-09-28,,,,,,,,
1790578140,31.45,31.45,31.35,31.35,42600,2026-09-28,,,,,,,,
1790578200,31.35,31.4,31.35,31.4,15100,2026-09-28,,,,,,,,
1790578260,31.35,31.5,31.35,31.45,79100,2026-09-28,,,,,,,,
1790578320,31.45,31.5,31.45,31.45,196600,2026-09-28,,,,,,,,
1790578380,31.45,31.5,31.45,31.45,65300,2026-09-28,,,,,,,,
1790578440,31.45,31.5,31.4,31.45,84200,2026-09-28,,,,,,,,
1790578500,31.45,31.5,31.4,31.4,33800,2026-09-28,,,,,,,,
1790578560,31.45,31.45,31.4,31.4,23100,2026-09-28,,,,,,,,
1790578620,31.4,31.45,31.4,31.4,70100,2026-09-28,,,,,,,,
1790578680,31.4,31.4,31.35,31.35,11400,2026-09-28,,,,,,,,
1790578740,31.35,31.4,31.35,31.4,4100,2026-09-28,,,,,,,,
1790578800,31.4,31.4,31.35,31.4,25500,2026-09-28,,,,,,,,
1790578860,31.4,31.4,31.35,31.4,101500,2026-09-28,,,,,,,,
1790578920,31.4,31.45,31.35,31.4,90800,2026-09-28,,,,,,,,
1790578980,31.4,31.4,31.35,31.4,2100,2026-09-28,,,,,,,,
1790579040,31.4,31.4,31.3,31.3,251800,2026-09-28,,,,,,,,
1790579100,31.3,31.3,31.25,31.3,2800,2026-09-28,,,,,,,,
1790579160,31.3,31.3,31.25,31.25,18000,2026-09-28,,,,,,,,
1790579220,31.25,31.25,31.2,31.25,25600,2026-09-28,,,,,,,,
1790579280,31.25,31.3,31.25,31.3,7800,2026-09-28,,,,,,,,
1790579340,31.3,31.3,31.25,31.3,3100,2026-09-28,,,,,,,,
1790579400,31.25,31.3,31.25,31.25,2800,2026-09-28,,,,,,,,
1790579460,31.25,31.3,31.25,31.25,46700,2026-09-28,,,,,,,,
1790579520,31.3,31.35,31.25,31.3,45000,2026-09-28,,,,,,,,
1790579580,31.3,31.3,31.25,31.3,46900,2026-09-28,,,,,,,,
1790579640,31.3,31.3,31.25,31.25,8700,2026-09-28,,,,,,,,
1790579700,31.3,31.3,31.25,31.25,6100,2026-09-28,,,,,,,,
1790579760,31.3,31.3,31.25,31.3,11800,2026-09-28,,,,,,,,
1790579820,31.3,31.3,31.3,31.3,60100,2026-09-28,,,,,,,,
1790579880,31.3,31.35,31.3,31.3,14900,2026-09-28,,,,,,,,
1790579940,31.3,31.35,31.25,31.3,69500,2026-09-28,,,,,,,,
1790580000,31.3,31.3,31.25,31.25,16000,2026-09-28,,,,,,,,
1790580060,31.3,31.3,31.25,31.3,24500,2026-09-28,,,,,,,,
1790580120,31.3,31.35,31.3,31.35,81200,2026-09-28,,,,,,,,
1790580180,31.35,31.4,31.35,31.4,97100,2026-09-28,,,,,,,,
1790580240,31.4,31.5,31.4,31.45,234500,2026-09-28,,,,,,,,
1790580300,31.5,31.55,31.45,31.55,414500,2026-09-28,,,,,,,,
1790580360,31.55,31.6,31.5,31.6,176200,2026-09-28,,,,,,,,
1790580420,31.6,31.6,31.55,31.55,202100,2026-09-28,,,,,,,,
1790580480,31.55,31.6,31.55,31.6,156400,2026-09-28,,,,,,,,
1790580540,31.6,31.75,31.55,31.75,318900,2026-09-28,,,,,,,,
1790581500,32.4,32.4,32.4,32.4,3493100,2026-09-28,,,,,,,,
1790648100,32.7,32.7,32.55,32.6,212600,2026-09-29,,,,,,,,
1790648160,32.6,32.65,32.55,32.6,113100,2026-09-29,,,,,,,,
1790648220,32.6,32.6,32.4,32.45,110400,2026-09-29,,,,,,,,
1790648280,32.45,32.5,32.4,32.4,121100,2026-09-29,,,,,,,,
1790648340,32.4,32.45,32.3,32.35,66100,2026-09-29,,,,,,,,
1790648400,32.3,32.35,32.3,32.35,46800,2026-09-29,,,,,,,,
1790648460,32.3,32.35,32.15,32.15,142500,2026-09-29,,,,,,,,
1790648520,32.2,32.2,32.1,32.15,83000,2026-09-29,,,,,,,,
1790648580,32.15,32.2,32.1,32.15,49800,2026-09-29,,,,,,,,
1790648640,32.15,32.3,32.15,32.3,115100,2026-09-29,,,,,,,,
1790648700,32.35,32.5,32.3,32.5,105400,2026-09-29,,,,,,,,
1790648760,32.5,32.5,32.4,32.45,29300,2026-09-29,,,,,,,,
1790648820,32.45,32.45,32.35,32.4,32800,2026-09-29,,,,,,,,
1790648880,32.4,32.4,32.3,32.4,18700,2026-09-29,,,,,,,,
1790648940,32.35,32.35,32.35,32.35,400,2026-09-29,,,,,,,,
1790649000,32.3,32.35,32.25,32.3,6500,2026-09-29,,,,,,,,
1790649060,32.3,32.3,32.25,32.25,25000,2026-09-29,,,,,,,,
1790649120,32.25,32.25,32.25,32.25,11400,2026-09-29,,,,,,,,
1790649180,32.2,32.25,32.15,32.25,54200,2026-09-29,,,,,,,,
1790649240,32.2,32.25,32.15,32.25,36400,2026-09-29,,,,,,,,
1790649300,32.2,32.2,32.15,32.15,179900,2026-09-29,,,,,,,,
1790649360,32.15,32.2,32.1,32.15,45200,2026-09-29,,,,,,,,
1790649420,32.15,32.2,32.15,32.2,29000,2026-09-29,,,,,,,,
1790649480,32.2,32.3,32.2,32.3,40500,2026-09-29,,,,,,,,
1790649540,32.25,32.3,32.25,32.3,14400,2026-09-29,,,,,,,,
1790649600,32.3,32.35,32.3,32.35,7900,2026-09-29,,,,,,,,
1790649660,32.35,32.4,32.35,32.35,15700,2026-09-29,,,,,,,,
1790649720,32.4,32.45,32.4,32.45,62700,2026-09-29,,,,,,,,
1790649780,32.45,32.5,32.45,32.5,101900,2026-09-29,,,,,,,,
1790649840,32.5,32.55,32.45,32.5,91600,2026-09-29,,,,,,,,
1790649900,32.5,32.5,32.4,32.4,41000,2026-09-29,,,,,,,,
1790649960,32.45,32.45,32.4,32.4,17900,2026-09-29,,,,,,,,
1790650020,32.4,32.4,32.35,32.35,19300,2026-09-29,,,,,,,,
1790650080,32.35,32.4,32.3,32.4,25800,2026-09-29,,,,,,,,
1790650140,32.35,32.35,32.35,32.35,17700,2026-09-29,,,,,,,,
1790650200,32.35,32.4,32.35,32.35,15900,2026-09-29,,,,,,,,
1790650260,32.35,32.35,32.35,32.35,5800,2026-09-29,,,,,,,,
1790650320,32.35,32.4,32.35,32.4,6400,2026-09-29,,,,,,,,
1790650380,32.4,32.4,32.35,32.4,34500,2026-09-29,,,,,,,,
1790650440,32.35,32.4,32.35,32.35,8300,2026-09-29,,,,,,,,
1790650500,32.4,32.4,32.35,32.35,28800,2026-09-29,,,,,,,,
1790650560,32.4,32.4,32.35,32.4,800,2026-09-29,,,,,,,,
1790650620,32.4,32.4,32.4,32.4,19500,2026-09-29,,,,,,,,
1790650680,32.4,32.45,32.4,32.45,36700,2026-09-29,,,,,,,,
1790650740,32.45,32.45,32.45,32.45,3100,2026-09-29,,,,,,,,
1790650800,32.45,32.45,32.4,32.45,38800,2026-09-29,,,,,,,,
1790650860,32.4,32.4,32.35,32.4,5300,2026-09-29,,,,,,,,
1790650920,32.35,32.4,32.35,32.4,8600,2026-09-29,,,,,,,,
1790650980,32.35,32.4,32.35,32.4,5700,2026-09-29,,,,,,,,
1790651040,32.35,32.4,32.3,32.4,69600,2026-09-29,,,,,,,,
1790651100,32.4,32.4,32.35,32.35,21900,2026-09-29,,,,,,,,
1790651160,32.4,32.4,32.3,32.3,46700,2026-09-29,,,,,,,,
1790651220,32.3,32.3,32.25,32.25,78100,2026-09-29,,,,,,,,
1790651280,32.25,32.3,32.25,32.3,7000,2026-09-29,,,,,,,,
1790651340,32.3,32.3,32.25,32.3,39100,2026-09-29,,,,,,,,
1790651400,32.25,32.3,32.25,32.25,4500,2026-09-29,,,,,,,,
1790651460,32.25,32.3,32.15,32.15,140300,2026-09-29,,,,,,,,
1790651520,32.15,32.2,32.15,32.2,87100,2026-09-29,,,,,,,,
1790651580,32.2,32.25,32.2,32.25,9800,2026-09-29,,,,,,,,
1790651640,32.2,32.25,32.2,32.25,19600,2026-09-29,,,,,,,,
1790651700,32.25,32.3,32.25,32.3,7900,2026-09-29,,,,,,,,
1790651760,32.25,32.3,32.25,32.25,21800,2026-09-29,,,,,,,,
1790651820,32.3,32.3,32.2,32.2,9000,2026-09-29,,,,,,,,
1790651880,32.2,32.25,32.2,32.25,5300,2026-09-29,,,,,,,,
1790651940,32.25,32.25,32.2,32.2,13200,2026-09-29,,,,,,,,
1790652000,32.25,32.25,32.2,32.2,5900,2026-09-29,,,,,,,,
1790652060,32.2,32.25,32.2,32.25,40200,2026-09-29,,,,,,,,
1790652120,32.25,32.25,32.2,32.25,23000,2026-09-29,,,,,,,,
1790652180,32.2,32.3,32.2,32.2,13300,2026-09-29,,,,,,,,
1790652240,32.25,32.25,32.2,32.25,15400,2026-09-29,,,,,,,,
1790652300,32.2,32.25,32.2,32.2,13300,2026-09-29,,,,,,,,
1790652360,32.2,32.25,32.2,32.2,400,2026-09-29,,,,,,,,
1790652420,32.2,32.25,32.15,32.25,36900,2026-09-29,,,,,,,,
1790652480,32.2,32.25,32.2,32.25,15600,2026-09-29,,,,,,,,
1790652540,32.25,32.25,32.2,32.2,20300,2026-09-29,,,,,,,,
1790652600,32.2,32.2,32.15,32.2,11100,2026-09-29,,,,,,,,
1790652660,32.2,32.2,32.15,32.2,15500,2026-09-29,,,,,,,,
1790652720,32.2,32.2,32.15,32.2,9000,2026-09-29,,,,,,,,
1790652780,32.2,32.2,32.1,32.15,196800,2026-09-29,,,,,,,,
1790652840,32.15,32.2,32.1,32.2,22500,2026-09-29,,,,,,,,
1790652900,32.2,32.2,32.15,32.15,15600,2026-09-29,,,,,,,,
1790652960,32.15,32.2,32.15,32.2,9600,2026-09-29,,,,,,,,
1790653020,32.15,32.2,32.15,32.15,11200,2026-09-29,,,,,,,,
1790653080,32.15,32.2,32.15,32.15,30600,2026-09-29,,,,,,,,
1790653140,32.2,32.2,32.15,32.15,17400,2026-09-29,,,,,,,,
1790653200,32.15,32.2,32.15,32.15,8200,2026-09-29,,,,,,,,
1790653260,32.2,32.2,32.15,32.15,10600,2026-09-29,,,,,,,,
1790653320,32.15,32.2,32.15,32.15,11600,2026-09-29,,,,,,,,
1790653380,32.2,32.2,32.15,32.15,1400,2026-09-29,,,,,,,,
1790653440,32.15,32.2,32.1,32.15,31100,2026-09-29,,,,,,,,
1790653500,32.15,32.15,32.1,32.15,42900,2026-09-29,,,,,,,,
1790653560,32.15,32.2,32.15,32.2,13900,2026-09-29,,,,,,,,
1790653620,32.2,32.2,32.15,32.2,26500,2026-09-29,,,,,,,,
1790653680,32.2,32.2,32.15,32.15,32800,2026-09-29,,,,,,,,
1790653740,32.15,32.2,32.15,32.15,14700,2026-09-29,,,,,,,,
1790653800,32.15,32.15,32.1,32.1,28700,2026-09-29,,,,,,,,
1790653860,32.15,32.15,32.1,32.1,62000,2026-09-29,,,,,,,,
1790653920,32.1,32.15,32.05,32.1,47600,2026-09-29,,,,,,,,
1790653980,32.15,32.15,32.05,32.1,45400,2026-09-29,,,,,,,,
1790654040,32.05,32.15,32.05,32.1,23700,2026-09-29,,,,,,,,
1790654100,32.1,32.15,32.1,32.1,18800,2026-09-29,,,,,,,,
1790654160,32.1,32.15,32.1,32.1,11000,2026-09-29,,,,,,,,
1790654220,32.15,32.2,32.1,32.2,48400,2026-09-29,,,,,,,,
1790654280,32.15,32.2,32.15,32.2,16700,2026-09-29,,,,,,,,
1790654340,32.2,32.2,32.1,32.15,39500,2026-09-29,,,,,,,,
1790654400,32.2,32.2,32.15,32.15,13100,2026-09-29,,,,,,,,
1790654460,32.15,32.2,32.15,32.15,5600,2026-09-29,,,,,,,,
1790654520,32.15,32.2,32.1,32.2,19200,2026-09-29,,,,,,,,
1790654580,32.15,32.2,32.15,32.15,5600,2026-09-29,,,,,,,,
1790654640,32.15,32.2,32.15,32.2,11300,2026-09-29,,,,,,,,
1790654700,32.2,32.25,32.15,32.25,53800,2026-09-29,,,,,,,,
1790654760,32.25,32.35,32.25,32.3,55200,2026-09-29,,,,,,,,
1790654820,32.35,32.35,32.25,32.35,8200,2026-09-29,,,,,,,,
1790654880,32.25,32.35,32.25,32.25,6800,2026-09-29,,,,,,,,
1790654940,32.25,32.35,32.25,32.3,12600,2026-09-29,,,,,,,,
1790655000,32.3,32.35,32.3,32.3,31100,2026-09-29,,,,,,,,
1790655060,32.35,32.35,32.3,32.35,2000,2026-09-29,,,,,,,,
1790655120,32.35,32.35,32.3,32.35,43800,2026-09-29,,,,,,,,
1790655180,32.35,32.4,32.3,32.3,19700,2026-09-29,,,,,,,,
1790655240,32.35,32.4,32.3,32.3,42800,2026-09-29,,,,,,,,
1790655300,32.35,32.35,32.3,32.35,23500,2026-09-29,,,,,,,,
1790655360,32.35,32.35,32.3,32.3,16000,2026-09-29,,,,,,,,
1790655420,32.35,32.4,32.35,32.35,8900,2026-09-29,,,,,,,,
1790655480,32.4,32.4,32.4,32.4,22200,2026-09-29,,,,,,,,
1790655540,32.4,32.4,32.35,32.35,6400,2026-09-29,,,,,,,,
1790655600,32.4,32.45,32.35,32.45,60600,2026-09-29,,,,,,,,
1790655660,32.4,32.5,32.4,32.5,109200,2026-09-29,,,,,,,,
1790655720,32.5,32.5,32.45,32.5,52100,2026-09-29,,,,,,,,
1790655780,32.45,32.45,32.4,32.45,91300,2026-09-29,,,,,,,,
1790655840,32.45,32.45,32.4,32.4,6800,2026-09-29,,,,,,,,
1790655900,32.45,32.45,32.4,32.45,14000,2026-09-29,,,,,,,,
1790655960,32.4,32.45,32.4,32.45,42700,2026-09-29,,,,,,,,
1790656020,32.45,32.5,32.45,32.45,15300,2026-09-29,,,,,,,,
1790656080,32.45,32.5,32.4,32.4,6500,2026-09-29,,,,,,,,
1790656140,32.5,32.5,32.45,32.45,9000,2026-09-29,,,,,,,,
1790661600,32.45,32.5,32.4,32.4,197000,2026-09-29,,,,,,,,
1790661660,32.45,32.45,32.4,32.4,23700,2026-09-29,,,,,,,,
1790661720,32.4,32.4,32.35,32.35,27800,2026-09-29,,,,,,,,
1790661780,32.4,32.4,32.3,32.35,129400,2026-09-29,,,,,,,,
1790661840,32.35,32.4,32.3,32.35,52900,2026-09-29,,,,,,,,
1790661900,32.3,32.35,32.25,32.25,89300,2026-09-29,,,,,,,,
1790661960,32.3,32.35,32.25,32.3,54200,2026-09-29,,,,,,,,
1790662020,32.35,32.4,32.3,32.4,91400,2026-09-29,,,,,,,,
1790662080,32.4,32.5,32.4,32.5,116700,2026-09-29,,,,,,,,
1790662140,32.5,32.5,32.45,32.5,65600,2026-09-29,,,,,,,,
1790662200,32.5,32.5,32.45,32.5,211600,2026-09-29,,,,,,,,
1790662260,32.5,32.6,32.5,32.6,184000,2026-09-29,,,,,,,,
1790662320,32.6,32.8,32.6,32.75,297700,2026-09-29,,,,,,,,
1790662380,32.75,32.8,32.7,32.7,189300,2026-09-29,,,,,,,,
1790662440,32.7,32.8,32.7,32.75,134600,2026-09-29,,,,,,,,
1790662500,32.7,32.8,32.7,32.8,71200,2026-09-29,,,,,,,,
1790662560,32.8,32.9,32.8,32.9,258600,2026-09-29,,,,,,,,
1790662620,32.9,33.0,32.9,33.0,467500,2026-09-29,,,,,,,,
1790662680,33.0,33.15,33.0,33.05,291800,2026-09-29,,,,,,,,
1790662740,33.1,33.2,33.0,33.0,463200,2026-09-29,,,,,,,,
1790662800,33.05,33.1,32.95,33.0,102200,2026-09-29,,,,,,,,
1790662860,33.0,33.0,32.95,32.95,74400,2026-09-29,,,,,,,,
1790662920,32.95,33.0,32.85,32.85,54900,2026-09-29,,,,,,,,
1790662980,32.8,32.9,32.8,32.85,44700,2026-09-29,,,,,,,,
1790663040,32.85,32.95,32.85,32.95,57300,2026-09-29,,,,,,,,
1790663100,32.95,33.0,32.9,33.0,172400,2026-09-29,,,,,,,,
1790663160,33.0,33.1,33.0,33.1,124100,2026-09-29,,,,,,,,
1790663220,33.1,33.15,33.0,33.05,88700,2026-09-29,,,,,,,,
1790663280,33.0,33.05,33.0,33.0,102300,2026-09-29,,,,,,,,
1790663340,33.0,33.05,32.95,32.95,15100,2026-09-29,,,,,,,,
1790663400,32.95,32.95,32.85,32.9,41300,2026-09-29,,,,,,,,
1790663460,32.9,32.95,32.85,32.85,40200,2026-09-29,,,,,,,,
1790663520,32.85,32.9,32.8,32.85,68600,2026-09-29,,,,,,,,
1790663580,32.85,32.85,32.8,32.8,144400,2026-09-29,,,,,,,,
1790663640,32.8,32.85,32.8,32.85,29900,2026-09-29,,,,,,,,
1790663700,32.8,32.9,32.8,32.85,54200,2026-09-29,,,,,,,,
1790663760,32.9,32.9,32.85,32.85,25500,2026-09-29,,,,,,,,
1790663820,32.9,32.9,32.85,32.85,12400,2026-09-29,,,,,,,,
1790663880,32.9,32.9,32.85,32.85,21900,2026-09-29,,,,,,,,
1790663940,32.9,32.9,32.85,32.85,62100,2026-09-29,,,,,,,,
1790664000,32.85,32.9,32.8,32.85,59700,2026-09-29,,,,,,,,
1790664060,32.85,32.85,32.8,32.85,101800,2026-09-29,,,,,,,,
1790664120,32.85,32.9,32.85,32.85,51200,2026-09-29,,,,,,,,
1790664180,32.85,32.85,32.8,32.85,55400,2026-09-29,,,,,,,,
1790664240,32.85,32.9,32.85,32.85,27400,2026-09-29,,,,,,,,
1790664300,32.85,32.9,32.85,32.85,33500,2026-09-29,,,,,,,,
1790664360,32.85,32.9,32.85,32.85,17500,2026-09-29,,,,,,,,
1790664420,32.9,32.9,32.85,32.85,15300,2026-09-29,,,,,,,,
1790664480,32.85,32.9,32.85,32.85,6900,2026-09-29,,,,,,,,
1790664540,32.85,32.9,32.85,32.9,163700,2026-09-29,,,,,,,,
1790664600,32.9,32.95,32.9,32.9,35700,2026-09-29,,,,,,,,
1790664660,32.95,32.95,32.9,32.9,21700,2026-09-29,,,,,,,,
1790664720,32.9,32.95,32.9,32.9,16200,2026-09-29,,,,,,,,
1790664780,32.95,32.95,32.9,32.95,11100,2026-09-29,,,,,,,,
1790664840,32.95,32.95,32.9,32.95,57800,2026-09-29,,,,,,,,
1790664900,32.95,32.95,32.9,32.95,50500,2026-09-29,,,,,,,,
1790664960,32.9,33.0,32.9,32.95,73100,2026-09-29,,,,,,,,
1790665020,32.95,33.0,32.95,32.95,17200,2026-09-29,,,,,,,,
1790665080,32.95,33.0,32.95,32.95,17800,2026-09-29,,,,,,,,
1790665140,32.95,33.0,32.95,33.0,182300,2026-09-29,,,,,,,,
1790665200,33.0,33.0,32.95,33.0,107800,2026-09-29,,,,,,,,
1790665260,33.05,33.1,33.0,33.05,113100,2026-09-29,,,,,,,,
1790665320,33.05,33.15,33.05,33.15,155800,2026-09-29,,,,,,,,
1790665380,33.15,33.25,33.15,33.25,310900,2026-09-29,,,,,,,,
1790665440,33.25,33.4,33.25,33.35,203200,2026-09-29,,,,,,,,
1790665500,33.4,33.45,33.35,33.35,185300,2026-09-29,,,,,,,,
1790665560,33.4,33.4,33.3,33.3,236900,2026-09-29,,,,,,,,
1790665620,33.3,33.35,33.3,33.3,84600,2026-09-29,,,,,,,,
1790665680,33.3,33.3,33.25,33.3,40600,2026-09-29,,,,,,,,
1790665740,33.3,33.3,33.25,33.3,58200,2026-09-29,,,,,,,,
1790665800,33.3,33.3,33.2,33.2,88000,2026-09-29,,,,,,,,
1790665860,33.2,33.2,33.05,33.1,76300,2026-09-29,,,,,,,,
1790665920,33.05,33.1,33.0,33.05,36600,2026-09-29,,,,,,,,
1790665980,33.05,33.05,32.9,32.9,161500,2026-09-29,,,,,,,,
1790666040,32.95,32.95,32.85,32.85,45900,2026-09-29,,,,,,,,
1790666100,32.85,32.9,32.85,32.9,41300,2026-09-29,,,,,,,,
1790666160,32.9,32.9,32.85,32.85,65100,2026-09-29,,,,,,,,
1790666220,32.85,32.9,32.85,32.85,24200,2026-09-29,,,,,,,,
1790666280,32.85,32.9,32.85,32.9,13300,2026-09-29,,,,,,,,
1790666340,32.85,32.9,32.85,32.9,17900,2026-09-29,,,,,,,,
1790666400,32.9,32.9,32.85,32.9,12200,2026-09-29,,,,,,,,
1790666460,32.9,32.9,32.85,32.9,38700,2026-09-29,,,,,,,,
1790666520,32.9,32.9,32.85,32.9,111900,2026-09-29,,,,,,,,
1790666580,32.9,32.9,32.85,32.85,56800,2026-09-29,,,,,,,,
1790666640,32.9,32.9,32.85,32.9,114200,2026-09-29,,,,,,,,
1790666700,32.9,32.9,32.85,32.85,51500,2026-09-29,,,,,,,,
1790666760,32.85,32.85,32.75,32.8,111100,2026-09-29,,,,,,,,
1790666820,32.8,32.8,32.75,32.75,54900,2026-09-29,,,,,,,,
1790666880,32.75,32.75,32.65,32.65,144200,2026-09-29,,,,,,,,
1790666940,32.65,32.7,32.65,32.65,48600,2026-09-29,,,,,,,,
1790667900,32.5,32.5,32.5,32.5,654200,2026-09-29,,,,,,,,
1790734500,32.1,32.15,31.9,31.9,324300,2026-09-30,,,,,,,,
1790734560,31.95,31.95,31.8,31.8,105300,2026-09-30,,,,,,,,
1790734620,31.85,31.85,31.7,31.7,145500,2026-09-30,,,,,,,,
1790734680,31.75,31.9,31.65,31.9,82000,2026-09-30,,,,,,,,
1790734740,31.85,31.9,31.8,31.85,50600,2026-09-30,,,,,,,,
1790734800,31.8,31.85,31.8,31.8,113400,2026-09-30,,,,,,,,
1790734860,31.8,31.8,31.75,31.8,138500,2026-09-30,,,,,,,,
1790734920,31.85,31.9,31.8,31.9,52100,2026-09-30,,,,,,,,
1790734980,31.9,31.95,31.9,31.95,66200,2026-09-30,,,,,,,,
1790735040,31.9,31.95,31.9,31.95,47100,2026-09-30,,,,,,,,
1790735100,31.95,31.95,31.85,31.9,121500,2026-09-30,,,,,,,,
1790735160,31.9,31.9,31.85,31.9,32300,2026-09-30,,,,,,,,
1790735220,31.9,31.9,31.7,31.7,226700,2026-09-30,,,,,,,,
1790735280,31.8,31.8,31.7,31.75,71100,2026-09-30,,,,,,,,
1790735340,31.75,31.8,31.75,31.75,47500,2026-09-30,,,,,,,,
1790735400,31.8,31.8,31.75,31.8,40900,2026-09-30,,,,,,,,
1790735460,31.8,31.8,31.75,31.8,33800,2026-09-30,,,,,,,,
1790735520,31.75,31.75,31.7,31.75,95800,2026-09-30,,,,,,,,
1790735580,31.7,31.7,31.65,31.7,159300,2026-09-30,,,,,,,,
1790735640,31.7,31.7,31.65,31.7,22000,2026-09-30,,,,,,,,
1790735700,31.7,31.7,31.65,31.65,63400,2026-09-30,,,,,,,,
1790735760,31.7,31.7,31.65,31.65,8700,2026-09-30,,,,,,,,
1790735820,31.65,31.7,31.65,31.7,17000,2026-09-30,,,,,,,,
1790735880,31.65,31.7,31.65,31.65,67400,2026-09-30,,,,,,,,
1790735940,31.65,31.7,31.65,31.65,49900,2026-09-30,,,,,,,,
1790736000,31.65,31.65,31.6,31.65,57300,2026-09-30,,,,,,,,
1790736060,31.65,31.65,31.6,31.65,15500,2026-09-30,,,,,,,,
1790736120,31.6,31.65,31.6,31.65,87700,2026-09-30,,,,,,,,
1790736180,31.65,31.7,31.65,31.7,89700,2026-09-30,,,,,,,,
1790736240,31.7,31.8,31.7,31.8,27800,2026-09-30,,,,,,,,
1790736300,31.8,31.8,31.75,31.8,18600,2026-09-30,,,,,,,,
1790736360,31.8,31.8,31.75,31.75,67500,2026-09-30,,,,,,,,
1790736420,31.75,31.75,31.7,31.75,28300,2026-09-30,,,,,,,,
1790736480,31.75,31.8,31.75,31.75,24400,2026-09-30,,,,,,,,
1790736540,31.75,31.8,31.7,31.8,14200,2026-09-30,,,,,,,,
1790736600,31.8,31.8,31.75,31.75,9400,2026-09-30,,,,,,,,
1790736660,31.75,31.75,31.7,31.75,18200,2026-09-30,,,,,,,,
1790736720,31.75,31.8,31.75,31.8,6500,2026-09-30,,,,,,,,
1790736780,31.75,31.8,31.75,31.75,11100,2026-09-30,,,,,,,,
1790736840,31.75,31.8,31.75,31.75,4800,2026-09-30,,,,,,,,
1790736900,31.8,31.8,31.75,31.8,17600,2026-09-30,,,,,,,,
1790736960,31.8,31.8,31.8,31.8,20200,2026-09-30,,,,,,,,
1790737020,31.8,31.8,31.75,31.8,16300,2026-09-30,,,,,,,,
1790737080,31.75,31.9,31.75,31.9,67300,2026-09-30,,,,,,,,
1790737140,31.9,31.95,31.9,31.9,45800,2026-09-30,,,,,,,,
1790737200,31.95,31.95,31.85,31.95,23900,2026-09-30,,,,,,,,
1790737260,31.9,32.0,31.9,32.0,62200,2026-09-30,,,,,,,,
1790737320,32.0,32.0,31.95,32.0,23300,2026-09-30,,,,,,,,
1790737380,32.0,32.1,32.0,32.05,58800,2026-09-30,,,,,,,,
1790737440,32.1,32.2,32.0,32.05,66200,2026-09-30,,,,,,,,
1790737500,32.05,32.1,31.95,31.95,52700,2026-09-30,,,,,,,,
1790737560,32.0,32.0,31.95,31.95,18100,2026-09-30,,,,,,,,
1790737620,31.95,31.95,31.85,31.85,37000,2026-09-30,,,,,,,,
1790737680,31.85,31.9,31.85,31.85,4300,2026-09-30,,,,,,,,
1790737740,31.9,31.9,31.9,31.9,7500,2026-09-30,,,,,,,,
1790737800,31.9,32.0,31.9,32.0,4100,2026-09-30,,,,,,,,
1790737860,32.0,32.0,31.95,32.0,5500,2026-09-30,,,,,,,,
1790737920,32.0,32.0,31.9,31.95,29700,2026-09-30,,,,,,,,
1790737980,31.95,31.95,31.95,31.95,6500,2026-09-30,,,,,,,,
1790738040,31.95,32.0,31.95,31.95,5200,2026-09-30,,,,,,,,
1790738100,31.95,31.95,31.95,31.95,7800,2026-09-30,,,,,,,,
1790738160,31.95,32.0,31.95,32.0,9700,2026-09-30,,,,,,,,
1790738220,31.95,32.0,31.95,31.95,6400,2026-09-30,,,,,,,,
1790738280,31.95,31.95,31.9,31.95,6300,2026-09-30,,,,,,,,
1790738340,31.95,32.0,31.95,32.0,6500,2026-09-30,,,,,,,,
1790738400,32.0,32.0,32.0,32.0,20500,2026-09-30,,,,,,,,
1790738460,32.05,32.1,32.05,32.1,50300,2026-09-30,,,,,,,,
1790738520,32.15,32.25,32.15,32.25,85600,2026-09-30,,,,,,,,
1790738580,32.2,32.2,32.15,32.15,26000,2026-09-30,,,,,,,,
1790738640,32.15,32.2,32.15,32.2,11000,2026-09-30,,,,,,,,
1790738700,32.15,32.2,32.1,32.15,15200,2026-09-30,,,,,,,,
1790738760,32.2,32.2,32.15,32.2,21300,2026-09-30,,,,,,,,
1790738820,32.2,32.2,32.15,32.15,14400,2026-09-30,,,,,,,,
1790738880,32.1,32.15,32.1,32.1,16600,2026-09-30,,,,,,,,
1790738940,32.1,32.1,32.05,32.05,12600,2026-09-30,,,,,,,,
1790739000,32.05,32.1,32.05,32.05,20400,2026-09-30,,,,,,,,
1790739060,32.1,32.1,32.05,32.1,7000,2026-09-30,,,,,,,,
1790739120,32.1,32.1,32.05,32.1,14000,2026-09-30,,,,,,,,
1790739180,32.1,32.1,32.05,32.1,4400,2026-09-30,,,,,,,,
1790739240,32.1,32.1,32.1,32.1,11800,2026-09-30,,,,,,,,
1790739300,32.1,32.1,32.05,32.1,11400,2026-09-30,,,,,,,,
1790739360,32.1,32.1,32.1,32.1,11100,2026-09-30,,,,,,,,
1790739420,32.1,32.1,32.1,32.1,16400,2026-09-30,,,,,,,,
1790739480,32.1,32.1,32.1,32.1,100,2026-09-30,,,,,,,,
1790739540,32.15,32.15,32.1,32.1,5200,2026-09-30,,,,,,,,
1790739600,32.1,32.1,32.1,32.1,5400,2026-09-30,,,,,,,,
1790739660,32.05,32.1,32.05,32.05,12500,2026-09-30,,,,,,,,
1790739720,32.05,32.1,32.05,32.1,6300,2026-09-30,,,,,,,,
1790739780,32.1,32.1,32.05,32.05,10400,2026-09-30,,,,,,,,
1790739840,32.0,32.0,31.95,31.95,63100,2026-09-30,,,,,,,,
1790739900,32.0,32.0,31.95,31.95,7200,2026-09-30,,,,,,,,
1790739960,31.95,31.95,31.9,31.95,25200,2026-09-30,,,,,,,,
1790740020,31.95,31.95,31.9,31.95,5000,2026-09-30,,,,,,,,
1790740080,31.9,31.9,31.9,31.9,24400,2026-09-30,,,,,,,,
1790740140,31.85,31.9,31.85,31.85,29100,2026-09-30,,,,,,,,
1790740200,31.85,31.9,31.8,31.9,51800,2026-09-30,,,,,,,,
1790740260,31.85,31.85,31.85,31.85,17100,2026-09-30,,,,,,,,
1790740320,31.8,31.85,31.8,31.8,37100,2026-09-30,,,,,,,,
1790740380,31.8,31.85,31.75,31.8,28900,2026-09-30,,,,,,,,
1790740440,31.8,31.85,31.8,31.8,11500,2026-09-30,,,,,,,,
1790740500,31.85,31.9,31.85,31.9,3300,2026-09-30,,,,,,,,
1790740560,31.9,31.95,31.9,31.95,36000,2026-09-30,,,,,,,,
1790740620,31.95,31.95,31.95,31.95,24900,2026-09-30,,,,,,,,
1790740680,32.0,32.0,31.9,32.0,25500,2026-09-30,,,,,,,,
1790740740,31.95,32.05,31.95,32.05,20400,2026-09-30,,,,,,,,
1790740800,32.05,32.05,32.0,32.0,13000,2026-09-30,,,,,,,,
1790740860,32.05,32.05,32.05,32.05,200,2026-09-30,,,,,,,,
1790740920,32.05,32.05,32.0,32.0,13500,2026-09-30,,,,,,,,
1790740980,31.95,31.95,31.95,31.95,1300,2026-09-30,,,,,,,,
1790741040,32.0,32.0,31.95,31.95,5000,2026-09-30,,,,,,,,
1790741100,31.95,31.95,31.95,31.95,1000,2026-09-30,,,,,,,,
1790741160,31.95,31.95,31.95,31.95,7700,2026-09-30,,,,,,,,
1790741220,32.0,32.0,31.9,31.95,4400,2026-09-30,,,,,,,,
1790741280,31.95,31.95,31.95,31.95,600,2026-09-30,,,,,,,,
1790741340,31.95,32.0,31.9,32.0,4200,2026-09-30,,,,,,,,
1790741400,31.95,32.0,31.95,32.0,5900,2026-09-30,,,,,,,,
1790741460,32.0,32.0,31.95,31.95,2100,2026-09-30,,,,,,,,
1790741520,31.95,32.0,31.95,32.0,3500,2026-09-30,,,,,,,,
1790741580,31.95,32.0,31.95,32.0,1800,2026-09-30,,,,,,,,
1790741640,31.95,31.95,31.95,31.95,100,2026-09-30,,,,,,,,
1790741700,31.95,32.0,31.95,31.95,63500,2026-09-30,,,,,,,,
1790741760,31.95,31.95,31.95,31.95,6100,2026-09-30,,,,,,,,
1790741820,31.95,31.95,31.95,31.95,1000,2026-09-30,,,,,,,,
1790741880,31.95,32.0,31.95,31.95,12800,2026-09-30,,,,,,,,
1790741940,31.95,31.95,31.95,31.95,4300,2026-09-30,,,,,,,,
1790742000,31.9,31.95,31.9,31.95,7700,2026-09-30,,,,,,,,
1790742060,31.9,31.95,31.9,31.95,12200,2026-09-30,,,,,,,,
1790742120,31.95,31.95,31.95,31.95,33100,2026-09-30,,,,,,,,
1790742180,31.9,31.95,31.9,31.9,85300,2026-09-30,,,,,,,,
1790742240,31.9,31.9,31.9,31.9,16300,2026-09-30,,,,,,,,
1790742300,31.9,31.95,31.9,31.95,10100,2026-09-30,,,,,,,,
1790742360,31.95,31.95,31.9,31.9,25400,2026-09-30,,,,,,,,
1790742420,31.9,31.9,31.9,31.9,100,2026-09-30,,,,,,,,
1790742480,31.85,31.9,31.85,31.9,11000,2026-09-30,,,,,,,,
1790742540,31.9,31.9,31.85,31.9,23900,2026-09-30,,,,,,,,
1790748000,31.8,31.9,31.7,31.8,271600,2026-09-30,,,,,,,,
1790748060,31.8,31.85,31.75,31.85,23000,2026-09-30,,,,,,,,
1790748120,31.85,31.85,31.8,31.85,8900,2026-09-30,,,,,,,,
1790748180,31.8,31.85,31.8,31.85,8400,2026-09-30,,,,,,,,
1790748240,31.8,31.85,31.8,31.8,294700,2026-09-30,,,,,,,,
1790748300,31.8,31.8,31.75,31.75,18800,2026-09-30,,,,,,,,
1790748360,31.8,31.8,31.7,31.75,82100,2026-09-30,,,,,,,,
1790748420,31.75,31.75,31.7,31.75,141700,2026-09-30,,,,,,,,
1790748480,31.75,31.75,31.7,31.75,54700,2026-09-30,,,,,,,,
1790748540,31.75,31.8,31.7,31.8,19900,2026-09-30,,,,,,,,
1790748600,31.8,31.8,31.75,31.75,7800,2026-09-30,,,,,,,,
1790748660,31.75,31.8,31.7,31.75,45300,2026-09-30,,,,,,,,
1790748720,31.75,31.75,31.7,31.75,23600,2026-09-30,,,,,,,,
1790748780,31.75,31.8,31.7,31.7,15800,2026-09-30,,,,,,,,
1790748840,31.75,31.75,31.7,31.7,187200,2026-09-30,,,,,,,,
1790748900,31.7,31.7,31.65,31.7,84700,2026-09-30,,,,,,,,
1790748960,31.7,31.7,31.65,31.7,45900,2026-09-30,,,,,,,,
1790749020,31.7,31.75,31.65,31.7,32800,2026-09-30,,,,,,,,
1790749080,31.7,31.7,31.65,31.65,50900,2026-09-30,,,,,,,,
1790749140,31.65,31.7,31.65,31.7,34900,2026-09-30,,,,,,,,
1790749200,31.65,31.75,31.65,31.7,11100,2026-09-30,,,,,,,,
1790749260,31.75,31.75,31.7,31.7,43100,2026-09-30,,,,,,,,
1790749320,31.7,31.75,31.65,31.7,58100,2026-09-30,,,,,,,,
1790749380,31.7,31.7,31.65,31.7,25700,2026-09-30,,,,,,,,
1790749440,31.7,31.7,31.7,31.7,100,2026-09-30,,,,,,,,
1790749500,31.75,31.75,31.65,31.7,36500,2026-09-30,,,,,,,,
1790749560,31.7,31.7,31.65,31.7,19600,2026-09-30,,,,,,,,
1790749620,31.7,31.7,31.7,31.7,2400,2026-09-30,,,,,,,,
1790749680,31.65,31.7,31.65,31.7,311700,2026-09-30,,,,,,,,
1790749740,31.65,31.7,31.65,31.65,57200,2026-09-30,,,,,,,,
1790749800,31.65,31.65,31.6,31.65,104700,2026-09-30,,,,,,,,
1790749860,31.65,31.7,31.65,31.65,36600,2026-09-30,,,,,,,,
1790749920,31.65,31.65,31.6,31.65,44300,2026-09-30,,,,,,,,
1790749980,31.7,31.7,31.65,31.7,9600,2026-09-30,,,,,,,,
1790750040,31.7,31.7,31.65,31.65,22300,2026-09-30,,,,,,,,
1790750100,31.65,31.75,31.65,31.75,42100,2026-09-30,,,,,,,,
1790750160,31.75,31.75,31.7,31.75,7900,2026-09-30,,,,,,,,
1790750220,31.75,31.8,31.75,31.75,96200,2026-09-30,,,,,,,,
1790750280,31.75,31.75,31.7,31.7,50500,2026-09-30,,,,,,,,
1790750340,31.7,31.75,31.7,31.7,22800,2026-09-30,,,,,,,,
1790750400,31.7,31.7,31.65,31.7,44700,2026-09-30,,,,,,,,
1790750460,31.65,31.7,31.65,31.7,10600,2026-09-30,,,,,,,,
1790750520,31.65,31.7,31.65,31.7,7300,2026-09-30,,,,,,,,
1790750580,31.7,31.7,31.65,31.65,5900,2026-09-30,,,,,,,,
1790750640,31.65,31.65,31.65,31.65,4500,2026-09-30,,,,,,,,
1790750700,31.65,31.7,31.65,31.65,102200,2026-09-30,,,,,,,,
1790750760,31.7,31.7,31.65,31.65,24500,2026-09-30,,,,,,,,
1790750820,31.7,31.7,31.65,31.7,23300,2026-09-30,,,,,,,,
1790750880,31.7,31.7,31.65,31.65,28700,2026-09-30,,,,,,,,
1790750940,31.65,31.7,31.65,31.7,29600,2026-09-30,,,,,,,,
1790751000,31.65,31.65,31.6,31.6,189900,2026-09-30,,,,,,,,
1790751060,31.6,31.65,31.6,31.65,125500,2026-09-30,,,,,,,,
1790751120,31.6,31.65,31.5,31.5,592800,2026-09-30,,,,,,,,
1790751180,31.5,31.55,31.3,31.35,576300,2026-09-30,,,,,,,,
1790751240,31.4,31.4,31.25,31.4,339000,2026-09-30,,,,,,,,
1790751300,31.4,31.6,31.4,31.6,80800,2026-09-30,,,,,,,,
1790751360,31.6,31.65,31.55,31.6,104700,2026-09-30,,,,,,,,
1790751420,31.65,31.65,31.55,31.55,63500,2026-09-30,,,,,,,,
1790751480,31.6,31.6,31.5,31.55,36500,2026-09-30,,,,,,,,
1790751540,31.5,31.55,31.5,31.55,6900,2026-09-30,,,,,,,,
1790751600,31.5,31.55,31.5,31.5,9400,2026-09-30,,,,,,,,
1790751660,31.5,31.55,31.5,31.5,5700,2026-09-30,,,,,,,,
1790751720,31.5,31.55,31.5,31.55,44200,2026-09-30,,,,,,,,
1790751780,31.55,31.6,31.55,31.55,11800,2026-09-30,,,,,,,,
1790751840,31.55,31.6,31.55,31.55,13500,2026-09-30,,,,,,,,
1790751900,31.55,31.6,31.5,31.5,44300,2026-09-30,,,,,,,,
1790751960,31.55,31.55,31.5,31.55,31300,2026-09-30,,,,,,,,
1790752020,31.5,31.55,31.45,31.45,64600,2026-09-30,,,,,,,,
1790752080,31.5,31.5,31.4,31.4,68700,2026-09-30,,,,,,,,
1790752140,31.4,31.45,31.35,31.4,80600,2026-09-30,,,,,,,,
1790752200,31.4,31.4,31.35,31.4,28200,2026-09-30,,,,,,,,
1790752260,31.35,31.45,31.35,31.45,61100,2026-09-30,,,,,,,,
1790752320,31.45,31.45,31.4,31.4,33000,2026-09-30,,,,,,,,
1790752380,31.45,31.45,31.4,31.4,47000,2026-09-30,,,,,,,,
1790752440,31.4,31.45,31.35,31.4,55300,2026-09-30,,,,,,,,
1790752500,31.4,31.4,31.35,31.35,85000,2026-09-30,,,,,,,,
1790752560,31.35,31.4,31.3,31.35,194200,2026-09-30,,,,,,,,
1790752620,31.3,31.35,31.25,31.3,148400,2026-09-30,,,,,,,,
1790752680,31.3,31.35,31.3,31.3,49500,2026-09-30,,,,,,,,
1790752740,31.35,31.35,31.3,31.3,52600,2026-09-30,,,,,,,,
1790752800,31.3,31.35,31.25,31.3,90700,2026-09-30,,,,,,,,
1790752860,31.3,31.3,31.25,31.25,31700,2026-09-30,,,,,,,,
1790752920,31.3,31.3,31.15,31.2,535400,2026-09-30,,,,,,,,
1790752980,31.2,31.2,31.15,31.15,298000,2026-09-30,,,,,,,,
1790753040,31.2,31.3,31.15,31.3,154000,2026-09-30,,,,,,,,
1790753100,31.3,31.4,31.3,31.35,152700,2026-09-30,,,,,,,,
1790753160,31.4,31.45,31.35,31.4,100200,2026-09-30,,,,,,,,
1790753220,31.4,31.4,31.3,31.35,82700,2026-09-30,,,,,,,,
1790753280,31.35,31.4,31.3,31.35,121500,2026-09-30,,,,,,,,
1790753340,31.35,31.35,31.3,31.35,127600,2026-09-30,,,,,,,,
1790754300,31.4,31.4,31.4,31.4,1712200,2026-09-30,,,,,,,,
1790820900,31.4,31.55,31.4,31.55,95100,2026-10-01,,,,,,,,
1790820960,31.55,31.55,31.5,31.55,18100,2026-10-01,,,,,,,,
1790821020,31.55,31.6,31.5,31.5,42500,2026-10-01,,,,,,,,
1790821080,31.45,31.55,31.45,31.55,27400,2026-10-01,,,,,,,,
1790821140,31.5,31.6,31.5,31.6,55200,2026-10-01,,,,,,,,
1790821200,31.55,31.55,31.45,31.55,66500,2026-10-01,,,,,,,,
1790821260,31.55,31.6,31.5,31.6,21500,2026-10-01,,,,,,,,
1790821320,31.55,31.6,31.5,31.6,7000,2026-10-01,,,,,,,,
1790821380,31.55,31.6,31.55,31.55,61200,2026-10-01,,,,,,,,
1790821440,31.6,31.6,31.55,31.55,41000,2026-10-01,,,,,,,,
1790821500,31.5,31.55,31.45,31.5,43000,2026-10-01,,,,,,,,
1790821560,31.5,31.55,31.5,31.55,43400,2026-10-01,,,,,,,,
1790821620,31.55,31.6,31.55,31.6,29100,2026-10-01,,,,,,,,
1790821680,31.6,31.65,31.55,31.65,34900,2026-10-01,,,,,,,,
1790821740,31.7,31.7,31.65,31.65,67100,2026-10-01,,,,,,,,
1790821800,31.65,31.75,31.6,31.75,38300,2026-10-01,,,,,,,,
1790821860,31.75,31.85,31.7,31.85,85500,2026-10-01,,,,,,,,
1790821920,31.85,31.85,31.8,31.85,96300,2026-10-01,,,,,,,,
1790821980,31.8,31.85,31.75,31.8,53900,2026-10-01,,,,,,,,
1790822040,31.8,31.85,31.75,31.8,35400,2026-10-01,,,,,,,,
1790822100,31.8,31.85,31.7,31.8,22700,2026-10-01,,,,,,,,
1790822160,31.7,31.8,31.7,31.7,32400,2026-10-01,,,,,,,,
1790822220,31.75,31.75,31.65,31.7,30400,2026-10-01,,,,,,,,
1790822280,31.65,31.7,31.6,31.65,63700,2026-10-01,,,,,,,,
1790822340,31.65,31.7,31.6,31.6,31500,2026-10-01,,,,,,,,
1790822400,31.6,31.65,31.6,31.65,40300,2026-10-01,,,,,,,,
1790822460,31.65,31.8,31.65,31.75,28400,2026-10-01,,,,,,,,
1790822520,31.8,31.8,31.75,31.75,13800,2026-10-01,,,,,,,,
1790822580,31.8,31.8,31.75,31.8,11900,2026-10-01,,,,,,,,
1790822640,31.8,31.8,31.75,31.8,45800,2026-10-01,,,,,,,,
1790822700,31.75,31.8,31.75,31.75,15700,2026-10-01,,,,,,,,
1790822760,31.8,31.9,31.75,31.85,175600,2026-10-01,,,,,,,,
1790822820,31.85,32.0,31.85,32.0,65500,2026-10-01,,,,,,,,
1790822880,32.0,32.0,31.95,32.0,429200,2026-10-01,,,,,,,,
1790822940,32.0,32.1,31.95,32.0,81900,2026-10-01,,,,,,,,
1790823000,32.0,32.0,31.9,31.9,139900,2026-10-01,,,,,,,,
1790823060,31.9,31.9,31.85,31.85,22700,2026-10-01,,,,,,,,
1790823120,31.9,31.9,31.85,31.85,13700,2026-10-01,,,,,,,,
1790823180,31.9,31.9,31.7,31.8,114100,2026-10-01,,,,,,,,
1790823240,31.8,31.9,31.8,31.85,6100,2026-10-01,,,,,,,,
1790823300,31.9,31.9,31.85,31.9,28500,2026-10-01,,,,,,,,
1790823360,31.85,31.9,31.85,31.85,1800,2026-10-01,,,,,,,,
1790823420,31.85,31.9,31.85,31.9,9300,2026-10-01,,,,,,,,
1790823480,31.9,31.95,31.85,31.95,60300,2026-10-01,,,,,,,,
1790823540,31.95,32.0,31.9,31.95,51700,2026-10-01,,,,,,,,
1790823600,31.9,32.0,31.9,31.95,66400,2026-10-01,,,,,,,,
1790823660,31.95,32.0,31.95,31.95,18100,2026-10-01,,,,,,,,
1790823720,31.95,31.95,31.9,31.95,38500,2026-10-01,,,,,,,,
1790823780,31.85,31.9,31.85,31.9,3900,2026-10-01,,,,,,,,
1790823840,31.85,31.85,31.85,31.85,7100,2026-10-01,,,,,,,,
1790823900,31.85,31.9,31.85,31.85,11100,2026-10-01,,,,,,,,
1790823960,31.9,31.9,31.9,31.9,7800,2026-10-01,,,,,,,,
1790824020,31.95,31.95,31.9,31.9,26300,2026-10-01,,,,,,,,
1790824080,31.9,31.9,31.9,31.9,6500,2026-10-01,,,,,,,,
1790824140,31.9,31.9,31.9,31.9,12300,2026-10-01,,,,,,,,
1790824200,31.9,31.9,31.85,31.85,29100,2026-10-01,,,,,,,,
1790824260,31.85,31.85,31.8,31.85,7300,2026-10-01,,,,,,,,
1790824320,31.85,31.85,31.8,31.8,25400,2026-10-01,,,,,,,,
1790824380,31.8,31.85,31.8,31.8,17900,2026-10-01,,,,,,,,
1790824440,31.75,31.8,31.75,31.75,40200,2026-10-01,,,,,,,,
1790824500,31.7,31.7,31.65,31.65,15300,2026-10-01,,,,,,,,
1790824560,31.65,31.65,31.65,31.65,11000,2026-10-01,,,,,,,,
1790824620,31.65,31.65,31.6,31.65,5000,2026-10-01,,,,,,,,
1790824680,31.7,31.7,31.65,31.7,10800,2026-10-01,,,,,,,,
1790824740,31.7,31.8,31.7,31.8,23700,2026-10-01,,,,,,,,
1790824800,31.8,31.8,31.75,31.75,1700,2026-10-01,,,,,,,,
1790824860,31.8,31.8,31.75,31.75,3200,2026-10-01,,,,,,,,
1790824920,31.75,31.75,31.75,31.75,19500,2026-10-01,,,,,,,,
1790824980,31.8,31.8,31.8,31.8,1100,2026-10-01,,,,,,,,
1790825040,31.8,31.8,31.7,31.7,18000,2026-10-01,,,,,,,,
1790825100,31.8,31.8,31.75,31.75,2700,2026-10-01,,,,,,,,
1790825160,31.75,31.75,31.7,31.7,600,2026-10-01,,,,,,,,
1790825220,31.7,31.75,31.7,31.75,2500,2026-10-01,,,,,,,,
1790825280,31.75,31.75,31.7,31.75,23300,2026-10-01,,,,,,,,
1790825340,31.7,31.75,31.7,31.75,5100,2026-10-01,,,,,,,,
1790825400,31.7,31.7,31.7,31.7,300,2026-10-01,,,,,,,,
1790825460,31.7,31.7,31.65,31.65,16000,2026-10-01,,,,,,,,
1790825520,31.65,31.65,31.65,31.65,2000,2026-10-01,,,,,,,,
1790825580,31.65,31.65,31.65,31.65,1300,2026-10-01,,,,,,,,
1790825640,31.65,31.65,31.65,31.65,5700,2026-10-01,,,,,,,,
1790825700,31.65,31.7,31.65,31.65,3200,2026-10-01,,,,,,,,
1790825760,31.7,31.7,31.7,31.7,200,2026-10-01,,,,,,,,
1790825880,31.7,31.7,31.7,31.7,1300,2026-10-01,,,,,,,,
1790825940,31.7,31.7,31.7,31.7,500,2026-10-01,,,,,,,,
1790826000,31.7,31.7,31.7,31.7,600,2026-10-01,,,,,,,,
1790826060,31.7,31.7,31.7,31.7,5900,2026-10-01,,,,,,,,
1790826120,31.7,31.7,31.65,31.7,6100,2026-10-01,,,,,,,,
1790826180,31.7,31.7,31.7,31.7,200,2026-10-01,,,,,,,,
1790826240,31.65,31.7,31.65,31.7,4700,2026-10-01,,,,,,,,
1790826300,31.65,31.7,31.65,31.7,15200,2026-10-01,,,,,,,,
1790826360,31.75,31.75,31.6,31.6,53100,2026-10-01,,,,,,,,
1790826420,31.7,31.7,31.65,31.65,4200,2026-10-01,,,,,,,,
1790826480,31.65,31.65,31.65,31.65,3400,2026-10-01,,,,,,,,
1790826540,31.6,31.65,31.6,31.6,15500,2026-10-01,,,,,,,,
1790826600,31.65,31.65,31.6,31.65,3400,2026-10-01,,,,,,,,
1790826660,31.65,31.65,31.55,31.55,9100,2026-10-01,,,,,,,,
1790826720,31.55,31.6,31.55,31.6,2800,2026-10-01,,,,,,,,
1790826780,31.55,31.6,31.55,31.55,17400,2026-10-01,,,,,,,,
1790826840,31.55,31.6,31.5,31.5,45400,2026-10-01,,,,,,,,
1790826900,31.5,31.55,31.5,31.5,1800,2026-10-01,,,,,,,,
1790826960,31.5,31.55,31.5,31.5,11900,2026-10-01,,,,,,,,
1790827020,31.5,31.55,31.5,31.55,22800,2026-10-01,,,,,,,,
1790827080,31.55,31.55,31.55,31.55,500,2026-10-01,,,,,,,,
1790827140,31.55,31.55,31.55,31.55,20300,2026-10-01,,,,,,,,
1790827200,31.55,31.6,31.55,31.55,2700,2026-10-01,,,,,,,,
1790827260,31.55,31.6,31.5,31.5,6500,2026-10-01,,,,,,,,
1790827320,31.55,31.6,31.5,31.6,2100,2026-10-01,,,,,,,,
1790827380,31.6,31.6,31.6,31.6,2300,2026-10-01,,,,,,,,
1790827440,31.6,31.6,31.55,31.6,2500,2026-10-01,,,,,,,,
1790827500,31.6,31.6,31.5,31.5,40600,2026-10-01,,,,,,,,
1790827560,31.55,31.55,31.55,31.55,400,2026-10-01,,,,,,,,
1790827620,31.55,31.6,31.55,31.6,4600,2026-10-01,,,,,,,,
1790827680,31.6,31.6,31.6,31.6,700,2026-10-01,,,,,,,,
1790827740,31.6,31.6,31.6,31.6,900,2026-10-01,,,,,,,,
1790827800,31.6,31.6,31.6,31.6,400,2026-10-01,,,,,,,,
1790827860,31.6,31.6,31.6,31.6,400,2026-10-01,,,,,,,,
1790827920,31.55,31.6,31.55,31.55,8700,2026-10-01,,,,,,,,
1790827980,31.55,31.55,31.55,31.55,200,2026-10-01,,,,,,,,
1790828040,31.55,31.55,31.5,31.5,27800,2026-10-01,,,,,,,,
1790828100,31.5,31.55,31.5,31.5,2400,2026-10-01,,,,,,,,
1790828160,31.45,31.5,31.4,31.45,118000,2026-10-01,,,,,,,,
1790828220,31.45,31.5,31.45,31.45,3600,2026-10-01,,,,,,,,
1790828280,31.5,31.5,31.45,31.5,8800,2026-10-01,,,,,,,,
1790828340,31.5,31.5,31.45,31.5,6300,2026-10-01,,,,,,,,
1790828400,31.5,31.5,31.45,31.45,4200,2026-10-01,,,,,,,,
1790828460,31.45,31.45,31.4,31.4,13900,2026-10-01,,,,,,,,
1790828520,31.45,31.45,31.45,31.45,1200,2026-10-01,,,,,,,,
1790828580,31.45,31.45,31.4,31.45,7100,2026-10-01,,,,,,,,
1790828640,31.45,31.45,31.4,31.45,5500,2026-10-01,,,,,,,,
1790828700,31.45,31.45,31.45,31.45,1300,2026-10-01,,,,,,,,
1790828760,31.4,31.45,31.4,31.45,11500,2026-10-01,,,,,,,,
1790828820,31.4,31.45,31.4,31.45,2400,2026-10-01,,,,,,,,
1790828880,31.45,31.5,31.4,31.4,16700,2026-10-01,,,,,,,,
1790828940,31.5,31.5,31.45,31.45,1500,2026-10-01,,,,,,,,
1790834400,31.45,31.5,31.4,31.4,119800,2026-10-01,,,,,,,,
1790834460,31.35,31.4,31.3,31.3,42000,2026-10-01,,,,,,,,
1790834520,31.35,31.35,31.3,31.3,33600,2026-10-01,,,,,,,,
1790834580,31.3,31.35,31.2,31.35,102300,2026-10-01,,,,,,,,
1790834640,31.35,31.4,31.3,31.4,54300,2026-10-01,,,,,,,,
1790834700,31.4,31.45,31.4,31.4,11500,2026-10-01,,,,,,,,
1790834760,31.45,31.45,31.4,31.45,3500,2026-10-01,,,,,,,,
1790834820,31.45,31.45,31.4,31.45,59300,2026-10-01,,,,,,,,
1790834880,31.45,31.5,31.4,31.5,26300,2026-10-01,,,,,,,,
1790834940,31.5,31.55,31.5,31.55,73200,2026-10-01,,,,,,,,
1790835000,31.5,31.55,31.5,31.55,45800,2026-10-01,,,,,,,,
1790835060,31.55,31.55,31.5,31.55,62700,2026-10-01,,,,,,,,
1790835120,31.55,31.55,31.55,31.55,20300,2026-10-01,,,,,,,,
1790835180,31.55,31.55,31.55,31.55,1800,2026-10-01,,,,,,,,
1790835240,31.55,31.55,31.5,31.5,2100,2026-10-01,,,,,,,,
1790835300,31.55,31.55,31.45,31.5,33600,2026-10-01,,,,,,,,
1790835360,31.5,31.5,31.45,31.45,6400,2026-10-01,,,,,,,,
1790835420,31.5,31.5,31.4,31.4,7800,2026-10-01,,,,,,,,
1790835480,31.4,31.45,31.4,31.45,39500,2026-10-01,,,,,,,,
1790835540,31.45,31.45,31.4,31.4,8600,2026-10-01,,,,,,,,
1790835600,31.4,31.45,31.4,31.45,26200,2026-10-01,,,,,,,,
1790835660,31.4,31.4,31.35,31.35,65000,2026-10-01,,,,,,,,
1790835720,31.35,31.4,31.35,31.35,19800,2026-10-01,,,,,,,,
1790835780,31.35,31.4,31.35,31.35,9100,2026-10-01,,,,,,,,
1790835840,31.4,31.4,31.3,31.35,62800,2026-10-01,,,,,,,,
1790835900,31.35,31.35,31.3,31.3,35300,2026-10-01,,,,,,,,
1790835960,31.3,31.4,31.3,31.35,18000,2026-10-01,,,,,,,,
1790836020,31.35,31.4,31.3,31.4,28200,2026-10-01,,,,,,,,
1790836080,31.4,31.4,31.4,31.4,19300,2026-10-01,,,,,,,,
1790836140,31.4,31.45,31.35,31.45,19000,2026-10-01,,,,,,,,
1790836200,31.45,31.45,31.4,31.4,27500,2026-10-01,,,,,,,,
1790836260,31.45,31.45,31.4,31.45,3000,2026-10-01,,,,,,,,
1790836320,31.45,31.5,31.45,31.5,39700,2026-10-01,,,,,,,,
1790836380,31.5,31.5,31.45,31.5,14100,2026-10-01,,,,,,,,
1790836440,31.5,31.5,31.45,31.45,7300,2026-10-01,,,,,,,,
1790836500,31.5,31.5,31.5,31.5,600,2026-10-01,,,,,,,,
1790836560,31.5,31.5,31.3,31.35,129800,2026-10-01,,,,,,,,
1790836620,31.35,31.35,31.35,31.35,44600,2026-10-01,,,,,,,,
1790836680,31.4,31.4,31.35,31.4,16400,2026-10-01,,,,,,,,
1790836740,31.35,31.4,31.35,31.4,16600,2026-10-01,,,,,,,,
1790836800,31.4,31.4,31.35,31.4,46900,2026-10-01,,,,,,,,
1790836860,31.4,31.5,31.4,31.5,102300,2026-10-01,,,,,,,,
1790836920,31.5,31.5,31.45,31.5,5800,2026-10-01,,,,,,,,
1790836980,31.45,31.5,31.45,31.45,9300,2026-10-01,,,,,,,,
1790837040,31.4,31.45,31.4,31.4,35900,2026-10-01,,,,,,,,
1790837100,31.4,31.4,31.35,31.4,36700,2026-10-01,,,,,,,,
1790837160,31.4,31.4,31.35,31.4,9000,2026-10-01,,,,,,,,
1790837220,31.4,31.45,31.4,31.45,32000,2026-10-01,,,,,,,,
1790837280,31.45,31.45,31.45,31.45,2000,2026-10-01,,,,,,,,
1790837340,31.45,31.5,31.4,31.5,30100,2026-10-01,,,,,,,,
1790837400,31.5,31.5,31.45,31.5,37400,2026-10-01,,,,,,,,
1790837460,31.5,31.55,31.5,31.55,8000,2026-10-01,,,,,,,,
1790837520,31.5,31.5,31.45,31.5,4600,2026-10-01,,,,,,,,
1790837580,31.5,31.55,31.45,31.5,33400,2026-10-01,,,,,,,,
1790837640,31.5,31.55,31.5,31.5,8500,2026-10-01,,,,,,,,
1790837700,31.5,31.5,31.45,31.5,101800,2026-10-01,,,,,,,,
1790837760,31.5,31.55,31.5,31.5,101700,2026-10-01,,,,,,,,
1790837820,31.5,31.5,31.4,31.4,8600,2026-10-01,,,,,,,,
1790837880,31.4,31.45,31.4,31.4,13000,2026-10-01,,,,,,,,
1790837940,31.4,31.4,31.35,31.4,17500,2026-10-01,,,,,,,,
1790838000,31.4,31.4,31.35,31.4,17200,2026-10-01,,,,,,,,
1790838060,31.35,31.4,31.35,31.4,46900,2026-10-01,,,,,,,,
1790838120,31.35,31.4,31.35,31.35,40200,2026-10-01,,,,,,,,
1790838180,31.3,31.4,31.3,31.4,58600,2026-10-01,,,,,,,,
1790838240,31.4,31.4,31.3,31.35,41800,2026-10-01,,,,,,,,
1790838300,31.35,31.4,31.3,31.35,84400,2026-10-01,,,,,,,,
1790838360,31.35,31.35,31.25,31.25,183100,2026-10-01,,,,,,,,
1790838420,31.3,31.35,31.25,31.3,25900,2026-10-01,,,,,,,,
1790838480,31.35,31.35,31.3,31.3,112800,2026-10-01,,,,,,,,
1790838540,31.3,31.35,31.3,31.3,67900,2026-10-01,,,,,,,,
1790838600,31.3,31.35,31.3,31.35,50600,2026-10-01,,,,,,,,
1790838660,31.35,31.45,31.35,31.45,39100,2026-10-01,,,,,,,,
1790838720,31.45,31.5,31.45,31.45,11300,2026-10-01,,,,,,,,
1790838780,31.45,31.45,31.4,31.4,11100,2026-10-01,,,,,,,,
1790838840,31.4,31.45,31.35,31.4,58400,2026-10-01,,,,,,,,
1790838900,31.35,31.4,31.35,31.4,13100,2026-10-01,,,,,,,,
1790838960,31.4,31.4,31.3,31.35,19900,2026-10-01,,,,,,,,
1790839020,31.35,31.4,31.3,31.35,12900,2026-10-01,,,,,,,,
1790839080,31.35,31.4,31.3,31.4,27100,2026-10-01,,,,,,,,
1790839140,31.35,31.4,31.35,31.35,15200,2026-10-01,,,,,,,,
1790839200,31.35,31.4,31.35,31.4,7600,2026-10-01,,,,,,,,
1790839260,31.4,31.4,31.35,31.4,81700,2026-10-01,,,,,,,,
1790839320,31.4,31.4,31.35,31.4,76600,2026-10-01,,,,,,,,
1790839380,31.4,31.4,31.35,31.35,48600,2026-10-01,,,,,,,,
1790839440,31.4,31.4,31.4,31.4,30000,2026-10-01,,,,,,,,
1790839500,31.35,31.5,31.35,31.5,198100,2026-10-01,,,,,,,,
1790839560,31.5,31.5,31.35,31.4,61500,2026-10-01,,,,,,,,
1790839620,31.4,31.4,31.35,31.35,69100,2026-10-01,,,,,,,,
1790839680,31.35,31.4,31.3,31.35,224400,2026-10-01,,,,,,,,
1790839740,31.35,31.4,31.35,31.35,65200,2026-10-01,,,,,,,,
1790840700,31.35,31.35,31.35,31.35,434700,2026-10-01,,,,,,,,
1790907300,31.75,31.9,31.7,31.85,386900,2026-10-02,,,,,,,,
1790907360,31.85,31.9,31.85,31.9,76700,2026-10-02,,,,,,,,
1790907420,31.9,31.9,31.85,31.9,9300,2026-10-02,,,,,,,,
1790907480,31.9,32.0,31.9,31.9,331100,2026-10-02,,,,,,,,
1790907540,31.9,31.95,31.8,31.8,136800,2026-10-02,,,,,,,,
1790907600,31.85,31.9,31.85,31.9,9100,2026-10-02,,,,,,,,
1790907660,31.85,31.9,31.85,31.9,22500,2026-10-02,,,,,,,,
1790907720,31.9,31.9,31.85,31.85,3100,2026-10-02,,,,,,,,
1790907780,31.85,31.9,31.85,31.9,73000,2026-10-02,,,,,,,,
1790907840,31.85,32.0,31.85,32.0,100200,2026-10-02,,,,,,,,
1790907900,32.0,32.0,31.95,31.95,93700,2026-10-02,,,,,,,,
1790907960,31.95,31.95,31.85,31.95,175700,2026-10-02,,,,,,,,
1790908020,31.9,31.9,31.9,31.9,10000,2026-10-02,,,,,,,,
1790908080,31.9,31.9,31.7,31.7,142600,2026-10-02,,,,,,,,
1790908140,31.7,31.75,31.7,31.7,52600,2026-10-02,,,,,,,,
1790908200,31.7,31.75,31.7,31.75,10000,2026-10-02,,,,,,,,
1790908260,31.7,31.7,31.65,31.65,39500,2026-10-02,,,,,,,,
1790908320,31.65,31.75,31.65,31.7,29700,2026-10-02,,,,,,,,
1790908380,31.7,31.7,31.65,31.7,32200,2026-10-02,,,,,,,,
1790908440,31.65,31.7,31.6,31.6,56300,2026-10-02,,,,,,,,
1790908500,31.6,31.65,31.6,31.65,31900,2026-10-02,,,,,,,,
1790908560,31.6,31.65,31.6,31.65,28500,2026-10-02,,,,,,,,
1790908620,31.6,31.65,31.6,31.65,33300,2026-10-02,,,,,,,,
1790908680,31.7,31.7,31.65,31.7,45400,2026-10-02,,,,,,,,
1790908740,31.7,31.7,31.65,31.7,18100,2026-10-02,,,,,,,,
1790908800,31.7,31.75,31.7,31.75,88600,2026-10-02,,,,,,,,
1790908860,31.75,31.75,31.7,31.75,19700,2026-10-02,,,,,,,,
1790908920,31.7,31.75,31.7,31.75,20400,2026-10-02,,,,,,,,
1790908980,31.7,31.7,31.65,31.7,21100,2026-10-02,,,,,,,,
1790909040,31.7,31.7,31.65,31.65,36000,2026-10-02,,,,,,,,
1790909100,31.6,31.65,31.6,31.65,12000,2026-10-02,,,,,,,,
1790909160,31.65,31.7,31.65,31.7,6000,2026-10-02,,,,,,,,
1790909220,31.7,31.7,31.65,31.65,38900,2026-10-02,,,,,,,,
1790909280,31.6,31.65,31.6,31.6,80200,2026-10-02,,,,,,,,
1790909340,31.6,31.6,31.5,31.5,151500,2026-10-02,,,,,,,,
1790909400,31.5,31.5,31.45,31.5,31100,2026-10-02,,,,,,,,
1790909460,31.5,31.55,31.5,31.55,21600,2026-10-02,,,,,,,,
1790909520,31.55,31.6,31.55,31.6,3500,2026-10-02,,,,,,,,
1790909580,31.6,31.6,31.55,31.55,15600,2026-10-02,,,,,,,,
1790909640,31.6,31.6,31.6,31.6,40200,2026-10-02,,,,,,,,
1790909700,31.6,31.6,31.6,31.6,9400,2026-10-02,,,,,,,,
1790909760,31.6,31.6,31.55,31.6,9700,2026-10-02,,,,,,,,
1790909820,31.6,31.6,31.5,31.55,48400,2026-10-02,,,,,,,,
1790909880,31.5,31.55,31.5,31.5,39900,2026-10-02,,,,,,,,
1790909940,31.5,31.5,31.45,31.45,15300,2026-10-02,,,,,,,,
1790910000,31.45,31.45,31.4,31.4,84000,2026-10-02,,,,,,,,
1790910060,31.4,31.45,31.35,31.4,56100,2026-10-02,,,,,,,,
1790910120,31.4,31.45,31.4,31.45,8500,2026-10-02,,,,,,,,
1790910180,31.4,31.5,31.4,31.4,14500,2026-10-02,,,,,,,,
1790910240,31.45,31.45,31.35,31.45,50700,2026-10-02,,,,,,,,
1790910300,31.4,31.45,31.4,31.4,38100,2026-10-02,,,,,,,,
1790910360,31.45,31.45,31.4,31.45,16200,2026-10-02,,,,,,,,
1790910420,31.5,31.5,31.45,31.45,3900,2026-10-02,,,,,,,,
1790910480,31.45,31.45,31.4,31.45,21900,2026-10-02,,,,,,,,
1790910540,31.4,31.45,31.4,31.4,21600,2026-10-02,,,,,,,,
1790910600,31.4,31.5,31.4,31.45,35300,2026-10-02,,,,,,,,
1790910660,31.5,31.5,31.45,31.45,20600,2026-10-02,,,,,,,,
1790910720,31.45,31.5,31.45,31.5,47500,2026-10-02,,,,,,,,
1790910780,31.45,31.55,31.45,31.5,61400,2026-10-02,,,,,,,,
1790910840,31.55,31.55,31.5,31.55,123900,2026-10-02,,,,,,,,
1790910900,31.55,31.55,31.5,31.5,27300,2026-10-02,,,,,,,,
1790910960,31.5,31.5,31.45,31.5,17900,2026-10-02,,,,,,,,
1790911020,31.5,31.5,31.45,31.45,7600,2026-10-02,,,,,,,,
1790911080,31.45,31.5,31.45,31.5,7300,2026-10-02,,,,,,,,
1790911140,31.5,31.5,31.45,31.45,20500,2026-10-02,,,,,,,,
1790911200,31.45,31.45,31.4,31.45,18600,2026-10-02,,,,,,,,
1790911260,31.45,31.5,31.4,31.5,10800,2026-10-02,,,,,,,,
1790911320,31.5,31.5,31.4,31.4,8800,2026-10-02,,,,,,,,
1790911380,31.45,31.45,31.4,31.4,3000,2026-10-02,,,,,,,,
1790911440,31.4,31.4,31.35,31.4,113500,2026-10-02,,,,,,,,
1790911500,31.4,31.4,31.35,31.4,47300,2026-10-02,,,,,,,,
1790911560,31.35,31.4,31.35,31.4,10500,2026-10-02,,,,,,,,
1790911620,31.35,31.4,31.35,31.35,6700,2026-10-02,,,,,,,,
1790911680,31.4,31.4,31.35,31.4,5500,2026-10-02,,,,,,,,
1790911740,31.35,31.4,31.35,31.4,11000,2026-10-02,,,,,,,,
1790911800,31.35,31.4,31.35,31.35,12000,2026-10-02,,,,,,,,
1790911860,31.35,31.4,31.35,31.4,9700,2026-10-02,,,,,,,,
1790911920,31.4,31.5,31.4,31.5,6100,2026-10-02,,,,,,,,
1790911980,31.45,31.45,31.4,31.45,4100,2026-10-02,,,,,,,,
1790912040,31.5,31.5,31.45,31.5,21700,2026-10-02,,,,,,,,
1790912100,31.45,31.5,31.4,31.4,18500,2026-10-02,,,,,,,,
1790912160,31.4,31.45,31.4,31.45,4400,2026-10-02,,,,,,,,
1790912220,31.45,31.45,31.4,31.45,7700,2026-10-02,,,,,,,,
1790912280,31.4,31.45,31.35,31.35,15600,2026-10-02,,,,,,,,
1790912340,31.4,31.4,31.35,31.35,7000,2026-10-02,,,,,,,,
1790912400,31.35,31.45,31.35,31.45,4600,2026-10-02,,,,,,,,
1790912460,31.4,31.45,31.4,31.4,6300,2026-10-02,,,,,,,,
1790912520,31.45,31.45,31.4,31.4,36900,2026-10-02,,,,,,,,
1790912580,31.4,31.4,31.4,31.4,3100,2026-10-02,,,,,,,,
1790912640,31.4,31.45,31.4,31.4,5900,2026-10-02,,,,,,,,
1790912700,31.4,31.45,31.4,31.4,27500,2026-10-02,,,,,,,,
1790912760,31.4,31.45,31.35,31.45,24100,2026-10-02,,,,,,,,
1790912820,31.35,31.4,31.35,31.4,5400,2026-10-02,,,,,,,,
1790912880,31.35,31.4,31.35,31.35,5600,2026-10-02,,,,,,,,
1790912940,31.4,31.45,31.4,31.4,16100,2026-10-02,,,,,,,,
1790913000,31.4,31.4,31.35,31.4,9800,2026-10-02,,,,,,,,
1790913060,31.35,31.4,31.35,31.4,7200,2026-10-02,,,,,,,,
1790913120,31.35,31.4,31.35,31.4,5400,2026-10-02,,,,,,,,
1790913180,31.35,31.4,31.35,31.35,31600,2026-10-02,,,,,,,,
1790913240,31.35,31.4,31.35,31.4,6000,2026-10-02,,,,,,,,
1790913300,31.35,31.4,31.35,31.4,17500,2026-10-02,,,,,,,,
1790913360,31.35,31.4,31.35,31.35,7400,2026-10-02,,,,,,,,
1790913420,31.35,31.4,31.35,31.35,61100,2026-10-02,,,,,,,,
1790913480,31.35,31.35,31.3,31.35,30900,2026-10-02,,,,,,,,
1790913540,31.35,31.35,31.3,31.3,15600,2026-10-02,,,,,,,,
1790913600,31.35,31.35,31.3,31.3,17800,2026-10-02,,,,,,,,
1790913660,31.35,31.35,31.3,31.35,8900,2026-10-02,,,,,,,,
1790913720,31.3,31.35,31.3,31.35,12200,2026-10-02,,,,,,,,
1790913780,31.35,31.35,31.3,31.3,4500,2026-10-02,,,,,,,,
1790913840,31.3,31.35,31.3,31.35,13800,2026-10-02,,,,,,,,
1790913900,31.35,31.35,31.3,31.3,9000,2026-10-02,,,,,,,,
1790913960,31.35,31.35,31.3,31.3,7100,2026-10-02,,,,,,,,
1790914020,31.35,31.35,31.3,31.3,4100,2026-10-02,,,,,,,,
1790914080,31.3,31.35,31.3,31.35,13200,2026-10-02,,,,,,,,
1790914140,31.35,31.35,31.3,31.35,30200,2026-10-02,,,,,,,,
1790914200,31.35,31.4,31.35,31.4,3500,2026-10-02,,,,,,,,
1790914260,31.35,31.35,31.3,31.35,16000,2026-10-02,,,,,,,,
1790914320,31.35,31.4,31.35,31.35,7300,2026-10-02,,,,,,,,
1790914380,31.35,31.4,31.35,31.35,4400,2026-10-02,,,,,,,,
1790914440,31.35,31.4,31.35,31.4,3400,2026-10-02,,,,,,,,
1790914500,31.35,31.35,31.3,31.3,15100,2026-10-02,,,,,,,,
1790914560,31.35,31.35,31.3,31.3,14600,2026-10-02,,,,,,,,
1790914620,31.3,31.3,31.3,31.3,8000,2026-10-02,,,,,,,,
1790914680,31.3,31.35,31.3,31.35,4900,2026-10-02,,,,,,,,
1790914740,31.35,31.35,31.3,31.3,18400,2026-10-02,,,,,,,,
1790914800,31.3,31.35,31.3,31.3,9700,2026-10-02,,,,,,,,
1790914860,31.35,31.35,31.3,31.3,5300,2026-10-02,,,,,,,,
1790914920,31.3,31.35,31.3,31.35,18100,2026-10-02,,,,,,,,
1790914980,31.35,31.4,31.3,31.35,12200,2026-10-02,,,,,,,,
1790915040,31.4,31.45,31.35,31.35,28600,2026-10-02,,,,,,,,
1790915100,31.45,31.45,31.35,31.35,4500,2026-10-02,,,,,,,,
1790915160,31.35,31.4,31.35,31.35,18600,2026-10-02,,,,,,,,
1790915220,31.4,31.4,31.35,31.35,10300,2026-10-02,,,,,,,,
1790915280,31.35,31.4,31.35,31.4,6200,2026-10-02,,,,,,,,
1790915340,31.35,31.4,31.35,31.4,41900,2026-10-02,,,,,,,,
1790920800,31.4,31.45,31.35,31.4,81700,2026-10-02,,,,,,,,
1790920860,31.4,31.4,31.4,31.4,5400,2026-10-02,,,,,,,,
1790920920,31.4,31.4,31.35,31.35,18700,2026-10-02,,,,,,,,
1790920980,31.35,31.4,31.35,31.4,26500,2026-10-02,,,,,,,,
1790921040,31.35,31.4,31.35,31.35,14300,2026-10-02,,,,,,,,
1790921100,31.4,31.4,31.35,31.4,71600,2026-10-02,,,,,,,,
1790921160,31.4,31.4,31.35,31.4,33500,2026-10-02,,,,,,,,
1790921220,31.4,31.4,31.35,31.35,4600,2026-10-02,,,,,,,,
1790921280,31.35,31.4,31.35,31.35,61700,2026-10-02,,,,,,,,
1790921340,31.35,31.4,31.35,31.35,8000,2026-10-02,,,,,,,,
1790921400,31.35,31.35,31.3,31.3,131900,2026-10-02,,,,,,,,
1790921460,31.3,31.3,31.15,31.15,122100,2026-10-02,,,,,,,,
1790921520,31.15,31.2,31.05,31.15,84400,2026-10-02,,,,,,,,
1790921580,31.15,31.2,31.15,31.15,32200,2026-10-02,,,,,,,,
1790921640,31.2,31.25,31.2,31.2,57400,2026-10-02,,,,,,,,
1790921700,31.15,31.15,31.1,31.15,73400,2026-10-02,,,,,,,,
1790921760,31.15,31.15,31.1,31.1,54600,2026-10-02,,,,,,,,
1790921820,31.1,31.25,31.1,31.2,74700,2026-10-02,,,,,,,,
1790921880,31.2,31.25,31.15,31.25,43000,2026-10-02,,,,,,,,
1790921940,31.25,31.35,31.2,31.35,22600,2026-10-02,,,,,,,,
1790922000,31.35,31.35,31.3,31.35,15600,2026-10-02,,,,,,,,
1790922060,31.35,31.35,31.3,31.3,33900,2026-10-02,,,,,,,,
1790922120,31.3,31.35,31.25,31.3,39800,2026-10-02,,,,,,,,
1790922180,31.3,31.3,31.2,31.25,9500,2026-10-02,,,,,,,,
1790922240,31.25,31.25,31.25,31.25,44800,2026-10-02,,,,,,,,
1790922300,31.25,31.25,31.2,31.2,69500,2026-10-02,,,,,,,,
1790922360,31.2,31.2,31.15,31.15,26600,2026-10-02,,,,,,,,
1790922420,31.15,31.2,30.9,30.9,652100,2026-10-02,,,,,,,,
1790922480,30.95,30.95,30.8,30.85,201500,2026-10-02,,,,,,,,
1790922540,30.85,30.9,30.8,30.9,180300,2026-10-02,,,,,,,,
1790922600,30.95,31.0,30.85,31.0,42800,2026-10-02,,,,,,,,
1790922660,31.0,31.0,30.95,31.0,42300,2026-10-02,,,,,,,,
1790922720,31.0,31.05,30.95,30.95,121000,2026-10-02,,,,,,,,
1790922780,30.95,30.95,30.85,30.9,119600,2026-10-02,,,,,,,,
1790922840,30.9,30.95,30.85,30.9,46200,2026-10-02,,,,,,,,
1790922900,30.9,30.9,30.85,30.9,33200,2026-10-02,,,,,,,,
1790922960,30.9,30.95,30.85,30.85,31100,2026-10-02,,,,,,,,
1790923020,30.9,30.9,30.85,30.85,60700,2026-10-02,,,,,,,,
1790923080,30.85,30.9,30.75,30.75,237700,2026-10-02,,,,,,,,
1790923140,30.75,30.75,30.6,30.6,281700,2026-10-02,,,,,,,,
1790923200,30.65,30.65,30.55,30.6,128400,2026-10-02,,,,,,,,
1790923260,30.6,30.85,30.6,30.85,66100,2026-10-02,,,,,,,,
1790923320,30.85,30.9,30.8,30.9,31100,2026-10-02,,,,,,,,
1790923380,30.9,30.95,30.85,30.9,27300,2026-10-02,,,,,,,,
1790923440,30.9,30.9,30.85,30.85,27100,2026-10-02,,,,,,,,
1790923500,30.9,30.9,30.85,30.85,15600,2026-10-02,,,,,,,,
1790923560,30.9,31.0,30.85,30.95,123000,2026-10-02,,,,,,,,
1790923620,30.95,31.0,30.95,30.95,12000,2026-10-02,,,,,,,,
1790923680,31.0,31.0,30.95,31.0,6500,2026-10-02,,,,,,,,
1790923740,30.95,31.0,30.95,30.95,36400,2026-10-02,,,,,,,,
1790923800,30.95,31.0,30.9,30.9,50700,2026-10-02,,,,,,,,
1790923860,30.9,30.9,30.75,30.8,76200,2026-10-02,,,,,,,,
1790923920,30.8,30.8,30.5,30.75,443900,2026-10-02,,,,,,,,
1790923980,30.7,30.75,30.35,30.35,347500,2026-10-02,,,,,,,,
1790924040,30.5,30.5,30.35,30.5,101900,2026-10-02,,,,,,,,
1790924100,30.5,30.55,30.45,30.55,277500,2026-10-02,,,,,,,,
1790924160,30.55,30.75,30.5,30.6,65000,2026-10-02,,,,,,,,
1790924220,30.65,30.7,30.5,30.6,28600,2026-10-02,,,,,,,,
1790924280,30.6,30.6,30.5,30.6,20700,2026-10-02,,,,,,,,
1790924340,30.55,30.55,30.55,30.55,16500,2026-10-02,,,,,,,,
1790924400,30.6,30.6,30.55,30.6,21100,2026-10-02,,,,,,,,
1790924460,30.6,30.6,30.55,30.6,13900,2026-10-02,,,,,,,,
1790924520,30.6,30.6,30.5,30.6,186900,2026-10-02,,,,,,,,
1790924580,30.55,30.6,30.5,30.5,73900,2026-10-02,,,,,,,,
1790924640,30.55,30.6,30.5,30.5,147600,2026-10-02,,,,,,,,
1790924700,30.5,30.5,30.3,30.35,344300,2026-10-02,,,,,,,,
1790924760,30.3,30.35,30.05,30.05,394000,2026-10-02,,,,,,,,
1790924820,30.15,30.3,30.05,30.3,377200,2026-10-02,,,,,,,,
1790924880,30.3,30.3,30.15,30.3,93400,2026-10-02,,,,,,,,
1790924940,30.3,30.45,30.3,30.45,88000,2026-10-02,,,,,,,,
1790925000,30.45,30.6,30.4,30.6,77300,2026-10-02,,,,,,,,
1790925060,30.6,30.65,30.55,30.55,110200,2026-10-02,,,,,,,,
1790925120,30.6,30.7,30.55,30.7,146000,2026-10-02,,,,,,,,
1790925180,30.7,30.7,30.6,30.6,79500,2026-10-02,,,,,,,,
1790925240,30.6,30.75,30.55,30.75,74500,2026-10-02,,,,,,,,
1790925300,30.75,30.95,30.7,30.9,169000,2026-10-02,,,,,,,,
1790925360,30.95,31.1,30.9,31.1,154500,2026-10-02,,,,,,,,
1790925420,31.1,31.15,31.0,31.0,112100,2026-10-02,,,,,,,,
1790925480,31.0,31.1,31.0,31.0,321500,2026-10-02,,,,,,,,
1790925540,30.95,31.0,30.8,30.85,38300,2026-10-02,,,,,,,,
1790925600,30.85,30.85,30.65,30.7,76600,2026-10-02,,,,,,,,
1790925660,30.7,30.8,30.65,30.8,92500,2026-10-02,,,,,,,,
1790925720,30.75,30.85,30.7,30.8,113900,2026-10-02,,,,,,,,
1790925780,30.85,30.9,30.8,30.85,91000,2026-10-02,,,,,,,,
1790925840,30.9,31.0,30.9,30.95,67000,2026-10-02,,,,,,,,
1790925900,30.9,30.95,30.85,30.9,74700,2026-10-02,,,,,,,,
1790925960,30.85,30.9,30.8,30.85,59800,2026-10-02,,,,,,,,
1790926020,30.85,30.9,30.85,30.85,102400,2026-10-02,,,,,,,,
1790926080,30.85,30.9,30.75,30.8,203200,2026-10-02,,,,,,,,
1790926140,30.8,30.8,30.65,30.65,251400,2026-10-02,,,,,,,,
1790927100,30.45,30.45,30.45,30.45,1249200,2026-10-02,,,,,,,,
1791166500,30.35,30.5,30.35,30.5,123400,2026-10-05,,,,,,,,
1791166560,30.55,30.65,30.5,30.65,108600,2026-10-05,,,,,,,,
1791166620,30.65,30.65,30.55,30.6,89500,2026-10-05,,,,,,,,
1791166680,30.6,30.6,30.5,30.5,48600,2026-10-05,,,,,,,,
1791166740,30.55,30.6,30.5,30.55,39100,2026-10-05,,,,,,,,
1791166800,30.55,30.55,30.5,30.5,46700,2026-10-05,,,,,,,,
1791166860,30.55,30.55,30.5,30.5,21200,2026-10-05,,,,,,,,
1791166920,30.5,30.5,30.5,30.5,8600,2026-10-05,,,,,,,,
1791166980,30.55,30.55,30.45,30.5,81400,2026-10-05,,,,,,,,
1791167040,30.5,30.5,30.35,30.4,128900,2026-10-05,,,,,,,,
1791167100,30.4,30.45,30.4,30.4,6700,2026-10-05,,,,,,,,
1791167160,30.4,30.45,30.4,30.45,25600,2026-10-05,,,,,,,,
1791167220,30.45,30.5,30.45,30.5,13000,2026-10-05,,,,,,,,
1791167280,30.45,30.5,30.45,30.5,22000,2026-10-05,,,,,,,,
1791167340,30.5,30.55,30.5,30.5,13200,2026-10-05,,,,,,,,
1791167400,30.5,30.65,30.5,30.65,211700,2026-10-05,,,,,,,,
1791167460,30.65,30.7,30.65,30.7,26200,2026-10-05,,,,,,,,
1791167520,30.65,30.7,30.65,30.7,32600,2026-10-05,,,,,,,,
1791167580,30.7,30.7,30.7,30.7,7200,2026-10-05,,,,,,,,
1791167640,30.7,30.75,30.65,30.75,58800,2026-10-05,,,,,,,,
1791167700,30.75,30.75,30.7,30.75,8000,2026-10-05,,,,,,,,
1791167760,30.75,30.8,30.7,30.75,13100,2026-10-05,,,,,,,,
1791167820,30.75,30.8,30.7,30.7,25500,2026-10-05,,,,,,,,
1791167880,30.7,30.75,30.7,30.7,12500,2026-10-05,,,,,,,,
1791167940,30.7,30.75,30.7,30.7,34200,2026-10-05,,,,,,,,
1791168000,30.7,30.7,30.65,30.65,22200,2026-10-05,,,,,,,,
1791168060,30.65,30.65,30.6,30.6,11100,2026-10-05,,,,,,,,
1791168120,30.6,30.6,30.55,30.6,25200,2026-10-05,,,,,,,,
1791168180,30.6,30.6,30.55,30.6,15700,2026-10-05,,,,,,,,
1791168240,30.6,30.6,30.55,30.55,3400,2026-10-05,,,,,,,,
1791168300,30.55,30.6,30.55,30.55,6300,2026-10-05,,,,,,,,
1791168360,30.55,30.6,30.55,30.6,8700,2026-10-05,,,,,,,,
1791168420,30.55,30.65,30.55,30.6,65400,2026-10-05,,,,,,,,
1791168480,30.65,30.75,30.6,30.7,49200,2026-10-05,,,,,,,,
1791168540,30.7,30.75,30.7,30.7,42700,2026-10-05,,,,,,,,
1791168600,30.75,30.75,30.7,30.7,19400,2026-10-05,,,,,,,,
1791168660,30.7,30.75,30.7,30.75,3700,2026-10-05,,,,,,,,
1791168720,30.75,30.75,30.7,30.7,8300,2026-10-05,,,,,,,,
1791168780,30.7,30.7,30.65,30.65,53800,2026-10-05,,,,,,,,
1791168840,30.65,30.7,30.65,30.7,14900,2026-10-05,,,,,,,,
1791168900,30.75,30.75,30.65,30.7,15000,2026-10-05,,,,,,,,
1791168960,30.7,30.7,30.65,30.7,7400,2026-10-05,,,,,,,,
1791169020,30.65,30.7,30.65,30.65,6000,2026-10-05,,,,,,,,
1791169080,30.65,30.7,30.6,30.6,114500,2026-10-05,,,,,,,,
1791169140,30.6,30.6,30.55,30.55,125000,2026-10-05,,,,,,,,
1791169200,30.55,30.55,30.45,30.45,55400,2026-10-05,,,,,,,,
1791169260,30.45,30.45,30.35,30.4,50000,2026-10-05,,,,,,,,
1791169320,30.4,30.4,30.3,30.3,71000,2026-10-05,,,,,,,,
1791169380,30.35,30.4,30.3,30.3,61400,2026-10-05,,,,,,,,
1791169440,30.3,30.3,30.2,30.25,36900,2026-10-05,,,,,,,,
1791169500,30.2,30.3,30.2,30.3,39000,2026-10-05,,,,,,,,
1791169560,30.3,30.4,30.3,30.4,14500,2026-10-05,,,,,,,,
1791169620,30.45,30.45,30.35,30.4,9800,2026-10-05,,,,,,,,
1791169740,30.4,30.45,30.4,30.45,1300,2026-10-05,,,,,,,,
1791169800,30.45,30.45,30.45,30.45,13000,2026-10-05,,,,,,,,
1791169860,30.4,30.45,30.4,30.4,7900,2026-10-05,,,,,,,,
1791169920,30.45,30.45,30.4,30.4,4600,2026-10-05,,,,,,,,
1791169980,30.4,30.45,30.4,30.45,1400,2026-10-05,,,,,,,,
1791170040,30.4,30.45,30.4,30.45,7500,2026-10-05,,,,,,,,
1791170100,30.4,30.45,30.4,30.4,20700,2026-10-05,,,,,,,,
1791170160,30.4,30.4,30.4,30.4,19000,2026-10-05,,,,,,,,
1791170220,30.4,30.4,30.35,30.35,9200,2026-10-05,,,,,,,,
1791170280,30.4,30.4,30.3,30.3,57600,2026-10-05,,,,,,,,
1791170340,30.3,30.35,30.3,30.35,8100,2026-10-05,,,,,,,,
1791170400,30.35,30.35,30.35,30.35,6600,2026-10-05,,,,,,,,
1791170460,30.35,30.4,30.35,30.4,2400,2026-10-05,,,,,,,,
1791170520,30.4,30.4,30.35,30.35,5500,2026-10-05,,,,,,,,
1791170580,30.35,30.4,30.35,30.35,8600,2026-10-05,,,,,,,,
1791170640,30.35,30.35,30.35,30.35,4600,2026-10-05,,,,,,,,
1791170700,30.35,30.4,30.35,30.4,6000,2026-10-05,,,,,,,,
1791170760,30.4,30.4,30.4,30.4,1400,2026-10-05,,,,,,,,
1791170820,30.35,30.4,30.35,30.4,7300,2026-10-05,,,,,,,,
1791170880,30.4,30.4,30.35,30.35,11300,2026-10-05,,,,,,,,
1791170940,30.35,30.4,30.35,30.4,1100,2026-10-05,,,,,,,,
1791171000,30.35,30.35,30.35,30.35,10800,2026-10-05,,,,,,,,
1791171060,30.35,30.4,30.3,30.3,8400,2026-10-05,,,,,,,,
1791171120,30.3,30.3,30.25,30.25,52500,2026-10-05,,,,,,,,
1791171180,30.3,30.35,30.3,30.35,3900,2026-10-05,,,,,,,,
1791171240,30.35,30.35,30.35,30.35,10400,2026-10-05,,,,,,,,
1791171300,30.35,30.4,30.35,30.4,12500,2026-10-05,,,,,,,,
1791171360,30.35,30.35,30.35,30.35,10000,2026-10-05,,,,,,,,
1791171420,30.35,30.4,30.35,30.4,12000,2026-10-05,,,,,,,,
1791171480,30.35,30.35,30.35,30.35,900,2026-10-05,,,,,,,,
1791171540,30.35,30.4,30.3,30.3,11600,2026-10-05,,,,,,,,
1791171600,30.35,30.35,30.35,30.35,4500,2026-10-05,,,,,,,,
1791171660,30.35,30.35,30.35,30.35,3000,2026-10-05,,,,,,,,
1791171720,30.35,30.35,30.35,30.35,500,2026-10-05,,,,,,,,
1791171780,30.35,30.35,30.3,30.3,11600,2026-10-05,,,,,,,,
1791171840,30.35,30.35,30.3,30.3,31200,2026-10-05,,,,,,,,
1791171900,30.25,30.3,30.25,30.3,1500,2026-10-05,,,,,,,,
1791171960,30.3,30.3,30.3,30.3,10300,2026-10-05,,,,,,,,
1791172020,30.35,30.4,30.35,30.4,89800,2026-10-05,,,,,,,,
1791172080,30.45,30.45,30.35,30.45,65000,2026-10-05,,,,,,,,
1791172140,30.45,30.5,30.45,30.5,9100,2026-10-05,,,,,,,,
1791172200,30.5,30.5,30.45,30.5,3500,2026-10-05,,,,,,,,
1791172260,30.45,30.5,30.45,30.5,6600,2026-10-05,,,,,,,,
1791172320,30.5,30.5,30.45,30.5,10300,2026-10-05,,,,,,,,
1791172380,30.5,30.5,30.5,30.5,700,2026-10-05,,,,,,,,
1791172440,30.45,30.5,30.45,30.45,13300,2026-10-05,,,,,,,,
1791172500,30.45,30.45,30.4,30.45,4300,2026-10-05,,,,,,,,
1791172560,30.5,30.5,30.4,30.4,7900,2026-10-05,,,,,,,,
1791172620,30.4,30.45,30.4,30.45,15000,2026-10-05,,,,,,,,
1791172680,30.4,30.45,30.4,30.45,2300,2026-10-05,,,,,,,,
1791172740,30.45,30.45,30.45,30.45,4400,2026-10-05,,,,,,,,
1791172800,30.5,30.5,30.4,30.4,9400,2026-10-05,,,,,,,,
1791172860,30.45,30.45,30.4,30.4,4500,2026-10-05,,,,,,,,
1791172920,30.5,30.5,30.45,30.45,3800,2026-10-05,,,,,,,,
1791172980,30.45,30.45,30.45,30.45,3300,2026-10-05,,,,,,,,
1791173040,30.5,30.5,30.4,30.45,9800,2026-10-05,,,,,,,,
1791173100,30.4,30.45,30.4,30.45,1700,2026-10-05,,,,,,,,
1791173160,30.45,30.45,30.4,30.4,1600,2026-10-05,,,,,,,,
1791173220,30.45,30.45,30.4,30.4,2600,2026-10-05,,,,,,,,
1791173280,30.45,30.45,30.4,30.4,8300,2026-10-05,,,,,,,,
1791173340,30.45,30.45,30.45,30.45,5000,2026-10-05,,,,,,,,
1791173400,30.45,30.45,30.45,30.45,800,2026-10-05,,,,,,,,
1791173460,30.45,30.45,30.45,30.45,500,2026-10-05,,,,,,,,
1791173520,30.45,30.45,30.4,30.45,9100,2026-10-05,,,,,,,,
1791173580,30.45,30.5,30.45,30.5,19600,2026-10-05,,,,,,,,
1791173640,30.5,30.5,30.5,30.5,500,2026-10-05,,,,,,,,
1791173700,30.5,30.5,30.45,30.45,3900,2026-10-05,,,,,,,,
1791173760,30.5,30.5,30.5,30.5,3300,2026-10-05,,,,,,,,
1791173820,30.45,30.45,30.45,30.45,9100,2026-10-05,,,,,,,,
1791173880,30.45,30.5,30.45,30.5,20700,2026-10-05,,,,,,,,
1791173940,30.5,30.5,30.45,30.5,10900,2026-10-05,,,,,,,,
1791174000,30.5,30.5,30.45,30.5,48300,2026-10-05,,,,,,,,
1791174060,30.45,30.45,30.4,30.4,38600,2026-10-05,,,,,,,,
1791174120,30.45,30.45,30.4,30.45,5400,2026-10-05,,,,,,,,
1791174180,30.45,30.45,30.45,30.45,1100,2026-10-05,,,,,,,,
1791174240,30.45,30.45,30.4,30.45,9900,2026-10-05,,,,,,,,
1791174300,30.45,30.45,30.4,30.45,7500,2026-10-05,,,,,,,,
1791174360,30.45,30.45,30.45,30.45,2200,2026-10-05,,,,,,,,
1791174420,30.45,30.45,30.4,30.45,1100,2026-10-05,,,,,,,,
1791174480,30.45,30.45,30.45,30.45,10700,2026-10-05,,,,,,,,
1791174540,30.4,30.4,30.4,30.4,9000,2026-10-05,,,,,,,,
1791180000,30.4,30.45,30.4,30.45,41800,2026-10-05,,,,,,,,
1791180060,30.45,30.45,30.4,30.4,26200,2026-10-05,,,,,,,,
1791180120,30.4,30.45,30.4,30.45,53700,2026-10-05,,,,,,,,
1791180180,30.45,30.45,30.4,30.4,4300,2026-10-05,,,,,,,,
1791180240,30.45,30.5,30.4,30.45,13100,2026-10-05,,,,,,,,
1791180300,30.5,30.5,30.5,30.5,9600,2026-10-05,,,,,,,,
1791180360,30.5,30.5,30.5,30.5,9400,2026-10-05,,,,,,,,
1791180420,30.5,30.5,30.5,30.5,5200,2026-10-05,,,,,,,,
1791180480,30.45,30.5,30.45,30.45,30100,2026-10-05,,,,,,,,
1791180540,30.45,30.65,30.45,30.65,106600,2026-10-05,,,,,,,,
1791180600,30.65,30.7,30.6,30.65,38900,2026-10-05,,,,,,,,
1791180660,30.65,30.65,30.6,30.6,16100,2026-10-05,,,,,,,,
1791180720,30.6,30.65,30.6,30.65,24400,2026-10-05,,,,,,,,
1791180780,30.65,30.7,30.6,30.7,17100,2026-10-05,,,,,,,,
1791180840,30.65,30.7,30.6,30.65,10500,2026-10-05,,,,,,,,
1791180900,30.65,30.65,30.55,30.55,23700,2026-10-05,,,,,,,,
1791180960,30.65,30.65,30.5,30.55,13700,2026-10-05,,,,,,,,
1791181020,30.55,30.6,30.55,30.55,25800,2026-10-05,,,,,,,,
1791181080,30.55,30.55,30.5,30.55,6100,2026-10-05,,,,,,,,
1791181140,30.5,30.55,30.5,30.5,19600,2026-10-05,,,,,,,,
1791181200,30.55,30.6,30.5,30.5,45200,2026-10-05,,,,,,,,
1791181260,30.5,30.5,30.5,30.5,33800,2026-10-05,,,,,,,,
1791181320,30.5,30.5,30.5,30.5,6400,2026-10-05,,,,,,,,
1791181380,30.5,30.5,30.5,30.5,4100,2026-10-05,,,,,,,,
1791181440,30.5,30.5,30.45,30.5,29900,2026-10-05,,,,,,,,
1791181500,30.5,30.5,30.45,30.5,36900,2026-10-05,,,,,,,,
1791181560,30.5,30.55,30.5,30.5,11300,2026-10-05,,,,,,,,
1791181620,30.5,30.5,30.5,30.5,27200,2026-10-05,,,,,,,,
1791181680,30.5,30.5,30.45,30.5,7800,2026-10-05,,,,,,,,
1791181740,30.45,30.45,30.45,30.45,56000,2026-10-05,,,,,,,,
1791181800,30.5,30.5,30.45,30.45,6000,2026-10-05,,,,,,,,
1791181860,30.45,30.45,30.45,30.45,16600,2026-10-05,,,,,,,,
1791181920,30.45,30.5,30.45,30.45,46300,2026-10-05,,,,,,,,
1791181980,30.45,30.45,30.4,30.4,22700,2026-10-05,,,,,,,,
1791182040,30.45,30.45,30.45,30.45,3100,2026-10-05,,,,,,,,
1791182100,30.45,30.45,30.45,30.45,22000,2026-10-05,,,,,,,,
1791182160,30.45,30.5,30.45,30.45,14700,2026-10-05,,,,,,,,
1791182220,30.45,30.45,30.45,30.45,11200,2026-10-05,,,,,,,,
1791182280,30.5,30.5,30.45,30.5,5300,2026-10-05,,,,,,,,
1791182400,30.5,30.5,30.45,30.5,11000,2026-10-05,,,,,,,,
1791182460,30.5,30.5,30.45,30.45,41900,2026-10-05,,,,,,,,
1791182520,30.45,30.45,30.4,30.4,29000,2026-10-05,,,,,,,,
1791182580,30.4,30.45,30.4,30.45,74100,2026-10-05,,,,,,,,
1791182640,30.5,30.5,30.45,30.45,500,2026-10-05,,,,,,,,
1791182700,30.45,30.45,30.4,30.45,36000,2026-10-05,,,,,,,,
1791182760,30.45,30.5,30.4,30.5,45100,2026-10-05,,,,,,,,
1791182820,30.5,30.5,30.5,30.5,200,2026-10-05,,,,,,,,
1791182880,30.45,30.45,30.45,30.45,16300,2026-10-05,,,,,,,,
1791182940,30.45,30.45,30.4,30.45,15100,2026-10-05,,,,,,,,
1791183000,30.45,30.45,30.4,30.4,11100,2026-10-05,,,,,,,,
1791183060,30.45,30.45,30.45,30.45,18800,2026-10-05,,,,,,,,
1791183120,30.45,30.5,30.4,30.45,41400,2026-10-05,,,,,,,,
1791183180,30.45,30.5,30.4,30.45,49600,2026-10-05,,,,,,,,
1791183240,30.45,30.45,30.45,30.45,13600,2026-10-05,,,,,,,,
1791183300,30.45,30.45,30.45,30.45,9300,2026-10-05,,,,,,,,
1791183360,30.45,30.5,30.4,30.5,30900,2026-10-05,,,,,,,,
1791183420,30.45,30.45,30.4,30.45,17500,2026-10-05,,,,,,,,
1791183480,30.45,30.5,30.45,30.5,35900,2026-10-05,,,,,,,,
1791183540,30.45,30.45,30.4,30.4,15500,2026-10-05,,,,,,,,
1791183600,30.4,30.45,30.4,30.45,3400,2026-10-05,,,,,,,,
1791183660,30.4,30.4,30.4,30.4,36300,2026-10-05,,,,,,,,
1791183720,30.4,30.45,30.4,30.45,29500,2026-10-05,,,,,,,,
1791183780,30.4,30.4,30.4,30.4,41700,2026-10-05,,,,,,,,
1791183840,30.4,30.4,30.35,30.4,15700,2026-10-05,,,,,,,,
1791183900,30.35,30.4,30.35,30.35,29200,2026-10-05,,,,,,,,
1791183960,30.35,30.4,30.35,30.4,14400,2026-10-05,,,,,,,,
1791184020,30.35,30.4,30.35,30.4,22400,2026-10-05,,,,,,,,
1791184080,30.4,30.4,30.35,30.35,10900,2026-10-05,,,,,,,,
1791184140,30.4,30.4,30.35,30.35,21900,2026-10-05,,,,,,,,
1791184200,30.35,30.4,30.35,30.4,3600,2026-10-05,,,,,,,,
1791184260,30.4,30.4,30.35,30.4,24400,2026-10-05,,,,,,,,
1791184320,30.4,30.4,30.35,30.4,13500,2026-10-05,,,,,,,,
1791184380,30.35,30.4,30.35,30.4,24300,2026-10-05,,,,,,,,
1791184440,30.4,30.4,30.35,30.4,25200,2026-10-05,,,,,,,,
1791184500,30.4,30.4,30.35,30.4,15600,2026-10-05,,,,,,,,
1791184560,30.45,30.45,30.35,30.45,13700,2026-10-05,,,,,,,,
1791184620,30.4,30.4,30.35,30.4,35300,2026-10-05,,,,,,,,
1791184680,30.4,30.4,30.4,30.4,10400,2026-10-05,,,,,,,,
1791184740,30.45,30.45,30.4,30.45,44500,2026-10-05,,,,,,,,
1791184800,30.45,30.45,30.45,30.45,2500,2026-10-05,,,,,,,,
1791184860,30.45,30.5,30.4,30.45,15000,2026-10-05,,,,,,,,
1791184920,30.45,30.45,30.45,30.45,39600,2026-10-05,,,,,,,,
1791184980,30.45,30.45,30.4,30.4,4900,2026-10-05,,,,,,,,
1791185040,30.4,30.4,30.4,30.4,56900,2026-10-05,,,,,,,,
1791185100,30.45,30.45,30.35,30.35,70800,2026-10-05,,,,,,,,
1791185160,30.35,30.4,30.35,30.4,26000,2026-10-05,,,,,,,,
1791185220,30.4,30.45,30.35,30.45,55000,2026-10-05,,,,,,,,
1791185280,30.4,30.45,30.4,30.45,24200,2026-10-05,,,,,,,,
1791185340,30.45,30.45,30.4,30.45,27800,2026-10-05,,,,,,,,
1791186300,30.4,30.4,30.4,30.4,1025000,2026-10-05,30.4,30.45,730.0,1640.0,10170.0,7190.0,18650.0,2540.0
