t,open,high,low,close,volume,date_vn,best_bid,best_ask,bid_volume_1,ask_volume_1,bid_volume_2,ask_volume_2,bid_volume_3,ask_volume_3
1789006500,72.3,72.3,72.2,72.3,28400,2026-09-10,,,,,,,,
1789006560,72.3,72.4,72.3,72.3,2200,2026-09-10,,,,,,,,
1789006620,72.3,72.3,72.3,72.3,2800,2026-09-10,,,,,,,,
1789006680,72.3,72.4,72.3,72.3,5900,2026-09-10,,,,,,,,
1789006740,72.3,72.4,72.3,72.3,20500,2026-09-10,,,,,,,,
1789006800,72.4,72.4,72.3,72.3,4100,2026-09-10,,,,,,,,
1789006860,72.3,72.4,72.3,72.3,10000,2026-09-10,,,,,,,,
1789006920,72.3,72.4,72.3,72.3,2300,2026-09-10,,,,,,,,
1789006980,72.3,72.4,72.3,72.4,6000,2026-09-10,,,,,,,,
1789007040,72.4,72.4,72.3,72.4,37700,2026-09-10,,,,,,,,
1789007100,72.4,72.5,72.4,72.4,2300,2026-09-10,,,,,,,,
1789007160,72.4,72.4,72.4,72.4,2300,2026-09-10,,,,,,,,
1789007220,72.4,72.5,72.4,72.5,2800,2026-09-10,,,,,,,,
1789007280,72.4,72.5,72.4,72.4,24600,2026-09-10,,,,,,,,
1789007340,72.4,72.5,72.4,72.5,4600,2026-09-10,,,,,,,,
1789007400,72.4,72.5,72.4,72.5,2800,2026-09-10,,,,,,,,
1789007460,72.4,72.5,72.4,72.5,4200,2026-09-10,,,,,,,,
1789007520,72.5,72.5,72.4,72.5,4200,2026-09-10,,,,,,,,
1789007580,72.5,72.5,72.4,72.5,2700,2026-09-10,,,,,,,,
1789007640,72.4,72.6,72.4,72.6,58700,2026-09-10,,,,,,,,
1789007700,72.6,72.9,72.6,72.9,29500,2026-09-10,,,,,,,,
1789007760,72.9,72.9,72.8,72.8,6600,2026-09-10,,,,,,,,
1789007820,72.8,72.9,72.8,72.9,4100,2026-09-10,,,,,,,,
1789007880,72.9,73.0,72.8,73.0,54600,2026-09-10,,,,,,,,
1789007940,73.0,73.5,73.0,73.5,171500,2026-09-10,,,,,,,,
1789008000,73.4,73.4,73.2,73.3,83300,2026-09-10,,,,,,,,
1789008060,73.2,73.3,73.2,73.2,15400,2026-09-10,,,,,,,,
1789008120,73.2,73.3,73.1,73.2,75200,2026-09-10,,,,,,,,
1789008180,73.2,73.3,73.1,73.2,35900,2026-09-10,,,,,,,,
1789008240,73.2,73.3,73.2,73.3,33400,2026-09-10,,,,,,,,
1789008300,73.2,73.3,73.1,73.1,59300,2026-09-10,,,,,,,,
1789008360,73.2,73.3,73.1,73.2,55100,2026-09-10,,,,,,,,
1789008420,73.2,73.2,73.1,73.2,14900,2026-09-10,,,,,,,,
1789008480,73.2,73.2,73.1,73.2,53600,2026-09-10,,,,,,,,
1789008540,73.2,73.3,73.1,73.3,45100,2026-09-10,,,,,,,,
1789008600,73.2,73.2,73.1,73.2,49000,2026-09-10,,,,,,,,
1789008660,73.1,73.2,73.1,73.2,4900,2026-09-10,,,,,,,,
1789008720,73.1,73.2,73.1,73.2,22100,2026-09-10,,,,,,,,
1789008780,73.1,73.2,73.1,73.1,22700,2026-09-10,,,,,,,,
1789008840,73.2,73.2,73.1,73.2,118500,2026-09-10,,,,,,,,
1789008900,73.2,73.3,73.1,73.2,38000,2026-09-10,,,,,,,,
1789008960,73.2,73.2,73.1,73.2,14400,2026-09-10,,,,,,,,
1789009020,73.2,73.2,73.1,73.1,11700,2026-09-10,,,,,,,,
1789009080,73.2,73.2,73.1,73.2,23000,2026-09-10,,,,,,,,
1789009140,73.2,73.3,73.1,73.2,219500,2026-09-10,,,,,,,,
1789009200,73.3,73.5,73.2,73.5,93400,2026-09-10,,,,,,,,
1789009260,73.5,73.9,73.4,73.9,716800,2026-09-10,,,,,,,,
1789009320,73.9,74.2,73.8,74.1,571800,2026-09-10,,,,,,,,
1789009380,74.1,74.1,74.0,74.1,65700,2026-09-10,,,,,,,,
1789009440,74.1,74.2,74.0,74.1,139000,2026-09-10,,,,,,,,
1789009500,74.1,74.2,74.0,74.1,65400,2026-09-10,,,,,,,,
1789009560,74.0,74.1,74.0,74.0,103400,2026-09-10,,,,,,,,
1789009620,74.0,74.1,73.7,73.7,89300,2026-09-10,,,,,,,,
1789009680,73.8,73.8,73.6,73.7,24400,2026-09-10,,,,,,,,
1789009740,73.8,73.9,73.7,73.8,41900,2026-09-10,,,,,,,,
1789009800,73.9,73.9,73.7,73.7,17100,2026-09-10,,,,,,,,
1789009860,73.7,73.9,73.7,73.8,23600,2026-09-10,,,,,,,,
1789009920,73.8,73.8,73.7,73.8,43400,2026-09-10,,,,,,,,
1789009980,73.8,73.8,73.7,73.8,18200,2026-09-10,,,,,,,,
1789010040,73.8,73.8,73.6,73.6,53500,2026-09-10,,,,,,,,
1789010100,73.7,73.8,73.6,73.8,16600,2026-09-10,,,,,,,,
1789010160,73.8,73.8,73.7,73.7,15600,2026-09-10,,,,,,,,
1789010220,73.8,73.8,73.7,73.8,28300,2026-09-10,,,,,,,,
1789010280,73.8,73.8,73.7,73.8,27900,2026-09-10,,,,,,,,
1789010340,73.8,73.8,73.7,73.8,9500,2026-09-10,,,,,,,,
1789010400,73.8,73.8,73.7,73.8,30500,2026-09-10,,,,,,,,
1789010460,73.7,73.8,73.7,73.7,41800,2026-09-10,,,,,,,,
1789010520,73.7,73.7,73.6,73.6,11900,2026-09-10,,,,,,,,
1789010580,73.7,73.8,73.6,73.8,26400,2026-09-10,,,,,,,,
1789010640,73.8,73.8,73.7,73.7,21900,2026-09-10,,,,,,,,
1789010700,73.7,73.8,73.7,73.7,18400,2026-09-10,,,,,,,,
1789010760,73.7,73.8,73.6,73.7,16000,2026-09-10,,,,,,,,
1789010820,73.7,73.7,73.6,73.7,9500,2026-09-10,,,,,,,,
1789010880,73.7,73.7,73.6,73.7,19300,2026-09-10,,,,,,,,
1789010940,73.7,73.7,73.6,73.7,17400,2026-09-10,,,,,,,,
1789011000,73.7,73.7,73.6,73.7,31000,2026-09-10,,,,,,,,
1789011060,73.7,73.7,73.6,73.6,18100,2026-09-10,,,,,,,,
1789011120,73.7,73.7,73.6,73.6,9700,2026-09-10,,,,,,,,
1789011180,73.7,73.7,73.6,73.6,19800,2026-09-10,,,,,,,,
1789011240,73.6,73.7,73.6,73.6,13300,2026-09-10,,,,,,,,
1789011300,73.7,73.7,73.6,73.7,20700,2026-09-10,,,,,,,,
1789011360,73.7,73.7,73.6,73.6,18300,2026-09-10,,,,,,,,
1789011420,73.6,73.7,73.5,73.7,50700,2026-09-10,,,,,,,,
1789011480,73.6,73.7,73.6,73.6,14500,2026-09-10,,,,,,,,
1789011540,73.7,73.7,73.5,73.5,15000,2026-09-10,,,,,,,,
1789011600,73.6,73.6,73.5,73.6,22200,2026-09-10,,,,,,,,
1789011660,73.6,73.6,73.5,73.5,17000,2026-09-10,,,,,,,,
1789011720,73.6,73.6,73.5,73.6,17500,2026-09-10,,,,,,,,
1789011780,73.6,73.6,73.5,73.6,23500,2026-09-10,,,,,,,,
1789011840,73.6,73.6,73.5,73.6,28300,2026-09-10,,,,,,,,
1789011900,73.6,73.6,73.5,73.6,9600,2026-09-10,,,,,,,,
1789011960,73.6,73.6,73.5,73.6,18400,2026-09-10,,,,,,,,
1789012020,73.5,73.6,73.5,73.5,17100,2026-09-10,,,,,,,,
1789012080,73.5,73.6,73.5,73.5,28800,2026-09-10,,,,,,,,
1789012140,73.5,73.6,73.4,73.4,43800,2026-09-10,,,,,,,,
1789012200,73.4,73.6,73.4,73.5,21100,2026-09-10,,,,,,,,
1789012260,73.5,73.6,73.5,73.5,12000,2026-09-10,,,,,,,,
1789012320,73.6,73.6,73.4,73.5,20700,2026-09-10,,,,,,,,
1789012380,73.5,73.5,73.4,73.5,14200,2026-09-10,,,,,,,,
1789012440,73.5,73.5,73.4,73.4,13800,2026-09-10,,,,,,,,
1789012500,73.5,73.5,73.4,73.4,6500,2026-09-10,,,,,,,,
1789012560,73.5,73.5,73.4,73.4,11100,2026-09-10,,,,,,,,
1789012620,73.5,73.5,73.4,73.5,5900,2026-09-10,,,,,,,,
1789012680,73.5,73.5,73.4,73.4,17700,2026-09-10,,,,,,,,
1789012740,73.5,73.5,73.4,73.4,43700,2026-09-10,,,,,,,,
1789012800,73.5,73.5,73.3,73.5,4300,2026-09-10,,,,,,,,
1789012860,73.4,73.5,73.4,73.5,12500,2026-09-10,,,,,,,,
1789012920,73.5,73.5,73.3,73.3,6900,2026-09-10,,,,,,,,
1789012980,73.4,73.4,73.3,73.4,12500,2026-09-10,,,,,,,,
1789013040,73.3,73.4,73.3,73.4,15100,2026-09-10,,,,,,,,
1789013100,73.4,73.5,73.4,73.5,16900,2026-09-10,,,,,,,,
1789013160,73.5,73.5,73.4,73.5,5800,2026-09-10,,,,,,,,
1789013220,73.4,73.5,73.4,73.4,8800,2026-09-10,,,,,,,,
1789013280,73.4,73.5,73.4,73.5,6800,2026-09-10,,,,,,,,
1789013340,73.5,73.5,73.4,73.5,15900,2026-09-10,,,,,,,,
1789013400,73.5,73.5,73.4,73.4,11200,2026-09-10,,,,,,,,
1789013460,73.4,73.5,73.4,73.4,26500,2026-09-10,,,,,,,,
1789013520,73.5,73.5,73.4,73.5,7500,2026-09-10,,,,,,,,
1789013580,73.5,73.5,73.4,73.5,20600,2026-09-10,,,,,,,,
1789013640,73.5,73.5,73.4,73.5,14900,2026-09-10,,,,,,,,
1789013700,73.5,73.6,73.4,73.5,36400,2026-09-10,,,,,,,,
1789013760,73.5,73.6,73.4,73.6,23600,2026-09-10,,,,,,,,
1789013820,73.6,73.6,73.5,73.6,9500,2026-09-10,,,,,,,,
1789013880,73.6,73.6,73.5,73.6,18800,2026-09-10,,,,,,,,
1789013940,73.5,73.6,73.5,73.5,23100,2026-09-10,,,,,,,,
1789014000,73.6,73.6,73.5,73.5,23500,2026-09-10,,,,,,,,
1789014060,73.5,73.6,73.5,73.6,2000,2026-09-10,,,,,,,,
1789014120,73.6,73.6,73.5,73.6,13000,2026-09-10,,,,,,,,
1789014180,73.6,73.6,73.5,73.6,14500,2026-09-10,,,,,,,,
1789014240,73.6,73.6,73.5,73.6,21100,2026-09-10,,,,,,,,
1789014300,73.6,73.6,73.5,73.5,9000,2026-09-10,,,,,,,,
1789014360,73.6,73.6,73.5,73.6,20100,2026-09-10,,,,,,,,
1789014420,73.7,73.7,73.5,73.7,15400,2026-09-10,,,,,,,,
1789014480,73.6,73.7,73.5,73.6,13600,2026-09-10,,,,,,,,
1789014540,73.6,73.7,73.6,73.6,64700,2026-09-10,,,,,,,,
1789020000,73.6,73.6,73.4,73.6,236400,2026-09-10,,,,,,,,
1789020060,73.6,73.7,73.5,73.6,64800,2026-09-10,,,,,,,,
1789020120,73.7,73.7,73.6,73.7,30200,2026-09-10,,,,,,,,
1789020180,73.7,73.7,73.6,73.7,90100,2026-09-10,,,,,,,,
1789020240,73.7,73.8,73.7,73.7,42500,2026-09-10,,,,,,,,
1789020300,73.8,73.8,73.7,73.7,10200,2026-09-10,,,,,,,,
1789020360,73.7,73.8,73.7,73.8,12800,2026-09-10,,,,,,,,
1789020420,73.8,73.8,73.7,73.7,30400,2026-09-10,,,,,,,,
1789020480,73.7,73.8,73.6,73.6,6900,2026-09-10,,,,,,,,
1789020540,73.7,73.7,73.6,73.7,36800,2026-09-10,,,,,,,,
1789020600,73.7,73.8,73.6,73.6,59200,2026-09-10,,,,,,,,
1789020660,73.7,73.7,73.6,73.7,14300,2026-09-10,,,,,,,,
1789020720,73.7,73.8,73.6,73.8,54000,2026-09-10,,,,,,,,
1789020780,73.8,73.8,73.6,73.7,38100,2026-09-10,,,,,,,,
1789020840,73.7,73.8,73.7,73.8,148100,2026-09-10,,,,,,,,
1789020900,73.8,73.9,73.8,73.9,32900,2026-09-10,,,,,,,,
1789020960,73.9,73.9,73.8,73.9,28700,2026-09-10,,,,,,,,
1789021020,73.8,73.9,73.8,73.8,42200,2026-09-10,,,,,,,,
1789021080,73.8,73.9,73.8,73.9,43200,2026-09-10,,,,,,,,
1789021140,73.9,73.9,73.8,73.9,63800,2026-09-10,,,,,,,,
1789021200,73.9,73.9,73.8,73.9,44100,2026-09-10,,,,,,,,
1789021260,73.9,73.9,73.8,73.8,26800,2026-09-10,,,,,,,,
1789021320,73.8,73.9,73.8,73.8,18200,2026-09-10,,,,,,,,
1789021380,73.8,73.9,73.8,73.9,54100,2026-09-10,,,,,,,,
1789021440,73.9,73.9,73.8,73.9,27800,2026-09-10,,,,,,,,
1789021500,73.9,73.9,73.8,73.9,14600,2026-09-10,,,,,,,,
1789021560,73.9,73.9,73.8,73.9,25500,2026-09-10,,,,,,,,
1789021620,73.9,73.9,73.8,73.8,21200,2026-09-10,,,,,,,,
1789021680,73.8,73.9,73.8,73.9,23300,2026-09-10,,,,,,,,
1789021740,73.9,73.9,73.8,73.9,22400,2026-09-10,,,,,,,,
1789021800,73.9,73.9,73.8,73.9,17400,2026-09-10,,,,,,,,
1789021860,73.9,73.9,73.8,73.8,35000,2026-09-10,,,,,,,,
1789021920,73.8,73.9,73.8,73.8,35000,2026-09-10,,,,,,,,
1789021980,73.8,73.9,73.8,73.9,23500,2026-09-10,,,,,,,,
1789022040,73.9,73.9,73.8,73.9,25300,2026-09-10,,,,,,,,
1789022100,73.9,73.9,73.8,73.9,21000,2026-09-10,,,,,,,,
1789022160,73.9,73.9,73.8,73.9,109500,2026-09-10,,,,,,,,
1789022220,73.8,74.0,73.8,74.0,73900,2026-09-10,,,,,,,,
1789022280,74.0,74.0,73.9,74.0,15400,2026-09-10,,,,,,,,
1789022340,74.0,74.0,73.9,74.0,75300,2026-09-10,,,,,,,,
1789022400,74.0,74.1,73.9,74.0,672200,2026-09-10,,,,,,,,
1789022460,74.1,74.1,74.0,74.1,74800,2026-09-10,,,,,,,,
1789022520,74.1,74.1,73.9,74.0,76200,2026-09-10,,,,,,,,
1789022580,74.0,74.1,73.9,74.0,59200,2026-09-10,,,,,,,,
1789022640,74.0,74.0,73.9,74.0,35800,2026-09-10,,,,,,,,
1789022700,73.9,74.0,73.9,74.0,26000,2026-09-10,,,,,,,,
1789022760,74.0,74.0,73.9,73.9,26700,2026-09-10,,,,,,,,
1789022820,73.9,74.0,73.9,74.0,39900,2026-09-10,,,,,,,,
1789022880,74.0,74.0,73.9,73.9,19000,2026-09-10,,,,,,,,
1789022940,74.0,74.0,73.9,73.9,17300,2026-09-10,,,,,,,,
1789023000,74.0,74.0,73.9,73.9,17100,2026-09-10,,,,,,,,
1789023060,74.0,74.0,73.9,73.9,32600,2026-09-10,,,,,,,,
1789023120,74.0,74.0,73.9,74.0,44000,2026-09-10,,,,,,,,
1789023180,73.9,74.0,73.9,74.0,58600,2026-09-10,,,,,,,,
1789023240,73.9,74.0,73.9,74.0,15800,2026-09-10,,,,,,,,
1789023300,73.9,74.0,73.9,74.0,25500,2026-09-10,,,,,,,,
1789023360,74.0,74.0,73.9,74.0,46800,2026-09-10,,,,,,,,
1789023420,74.0,74.1,73.9,74.0,32500,2026-09-10,,,,,,,,
1789023480,74.1,74.1,73.9,74.0,27400,2026-09-10,,,,,,,,
1789023540,74.0,74.1,74.0,74.1,82600,2026-09-10,,,,,,,,
1789023600,74.0,74.1,73.9,74.1,107000,2026-09-10,,,,,,,,
1789023660,74.1,74.1,74.0,74.1,41500,2026-09-10,,,,,,,,
1789023720,74.1,74.1,74.0,74.1,20700,2026-09-10,,,,,,,,
1789023780,74.1,74.1,74.0,74.0,29300,2026-09-10,,,,,,,,
1789023840,74.0,74.2,74.0,74.1,169000,2026-09-10,,,,,,,,
1789023900,74.1,74.2,74.1,74.2,430100,2026-09-10,,,,,,,,
1789023960,74.2,74.3,74.2,74.3,85400,2026-09-10,,,,,,,,
1789024020,74.2,74.3,74.2,74.3,140200,2026-09-10,,,,,,,,
1789024080,74.3,74.3,74.2,74.3,90300,2026-09-10,,,,,,,,
1789024140,74.2,74.4,74.2,74.4,101200,2026-09-10,,,,,,,,
1789024200,74.4,74.6,74.3,74.6,715900,2026-09-10,,,,,,,,
1789024260,74.6,74.8,74.6,74.7,149900,2026-09-10,,,,,,,,
1789024320,74.7,74.8,74.6,74.7,85000,2026-09-10,,,,,,,,
1789024380,74.7,74.8,74.6,74.7,92700,2026-09-10,,,,,,,,
1789024440,74.7,74.7,74.6,74.6,74800,2026-09-10,,,,,,,,
1789024500,74.7,74.7,74.6,74.7,47100,2026-09-10,,,,,,,,
1789024560,74.7,74.7,74.6,74.7,142800,2026-09-10,,,,,,,,
1789024620,74.7,74.8,74.6,74.7,66600,2026-09-10,,,,,,,,
1789024680,74.7,74.8,74.7,74.8,48000,2026-09-10,,,,,,,,
1789024740,74.8,74.8,74.6,74.7,69700,2026-09-10,,,,,,,,
1789024800,74.7,74.7,74.6,74.7,48900,2026-09-10,,,,,,,,
1789024860,74.7,74.7,74.5,74.6,93200,2026-09-10,,,,,,,,
1789024920,74.6,74.6,74.4,74.4,182300,2026-09-10,,,,,,,,
1789024980,74.4,74.5,74.3,74.4,44900,2026-09-10,,,,,,,,
1789025040,74.5,74.5,74.4,74.5,42500,2026-09-10,,,,,,,,
1789025100,74.5,74.5,74.4,74.5,48500,2026-09-10,,,,,,,,
1789025160,74.4,74.5,74.4,74.5,55100,2026-09-10,,,,,,,,
1789025220,74.5,74.5,74.4,74.5,48400,2026-09-10,,,,,,,,
1789025280,74.4,74.5,74.4,74.4,96200,2026-09-10,,,,,,,,
1789025340,74.4,74.5,74.3,74.4,51300,2026-09-10,,,,,,,,
1789026300,74.5,74.5,74.5,74.5,356500,2026-09-10,,,,,,,,
1789092900,74.4,74.4,74.0,74.0,248200,2026-09-11,,,,,,,,
1789092960,73.9,74.0,73.7,73.9,13800,2026-09-11,,,,,,,,
1789093020,73.9,74.1,73.9,74.0,32700,2026-09-11,,,,,,,,
1789093080,74.0,74.1,74.0,74.0,20600,2026-09-11,,,,,,,,
1789093140,74.0,74.1,74.0,74.0,22600,2026-09-11,,,,,,,,
1789093200,74.0,74.1,74.0,74.0,32200,2026-09-11,,,,,,,,
1789093260,74.0,74.1,74.0,74.1,23500,2026-09-11,,,,,,,,
1789093320,74.1,74.1,74.0,74.0,12000,2026-09-11,,,,,,,,
1789093380,74.1,74.1,74.0,74.1,18500,2026-09-11,,,,,,,,
1789093440,74.0,74.1,74.0,74.0,6400,2026-09-11,,,,,,,,
1789093500,74.1,74.1,74.0,74.0,4300,2026-09-11,,,,,,,,
1789093560,74.0,74.1,74.0,74.0,75000,2026-09-11,,,,,,,,
1789093620,74.1,74.1,73.9,73.9,40800,2026-09-11,,,,,,,,
1789093680,73.9,74.0,73.8,73.8,31800,2026-09-11,,,,,,,,
1789093740,73.9,73.9,73.8,73.8,18000,2026-09-11,,,,,,,,
1789093800,73.8,73.9,73.8,73.8,35800,2026-09-11,,,,,,,,
1789093860,73.9,73.9,73.7,73.9,45100,2026-09-11,,,,,,,,
1789093920,73.8,73.8,73.7,73.8,21500,2026-09-11,,,,,,,,
1789093980,73.8,73.8,73.7,73.7,12500,2026-09-11,,,,,,,,
1789094040,73.7,73.8,73.7,73.7,13300,2026-09-11,,,,,,,,
1789094100,73.7,73.8,73.7,73.7,15100,2026-09-11,,,,,,,,
1789094160,73.7,73.8,73.7,73.7,15600,2026-09-11,,,,,,,,
1789094220,73.7,73.8,73.7,73.7,17500,2026-09-11,,,,,,,,
1789094280,73.7,73.8,73.7,73.7,9100,2026-09-11,,,,,,,,
1789094340,73.7,73.7,73.6,73.7,30100,2026-09-11,,,,,,,,
1789094400,73.7,73.7,73.6,73.7,12500,2026-09-11,,,,,,,,
1789094460,73.6,73.7,73.6,73.6,6300,2026-09-11,,,,,,,,
1789094520,73.6,73.7,73.6,73.6,12300,2026-09-11,,,,,,,,
1789094580,73.6,73.6,73.5,73.5,82100,2026-09-11,,,,,,,,
1789094640,73.5,73.5,73.4,73.4,66400,2026-09-11,,,,,,,,
1789094700,73.4,73.5,73.4,73.4,12600,2026-09-11,,,,,,,,
1789094760,73.5,73.5,73.4,73.4,23300,2026-09-11,,,,,,,,
1789094820,73.5,73.5,73.4,73.4,21000,2026-09-11,,,,,,,,
1789094880,73.5,73.5,73.4,73.4,3900,2026-09-11,,,,,,,,
1789094940,73.4,73.4,73.4,73.4,18100,2026-09-11,,,,,,,,
1789095000,73.4,73.4,73.3,73.4,16000,2026-09-11,,,,,,,,
1789095060,73.3,73.4,73.3,73.3,11600,2026-09-11,,,,,,,,
1789095120,73.3,73.4,73.3,73.3,25600,2026-09-11,,,,,,,,
1789095180,73.3,73.4,73.2,73.3,18300,2026-09-11,,,,,,,,
1789095240,73.2,73.3,73.2,73.3,5700,2026-09-11,,,,,,,,
1789095300,73.3,73.3,73.2,73.2,15600,2026-09-11,,,,,,,,
1789095360,73.2,73.4,73.2,73.3,56400,2026-09-11,,,,,,,,
1789095420,73.3,73.3,73.2,73.3,51900,2026-09-11,,,,,,,,
1789095480,73.3,73.3,73.2,73.2,24400,2026-09-11,,,,,,,,
1789095540,73.2,73.3,73.1,73.1,29400,2026-09-11,,,,,,,,
1789095600,73.1,73.2,73.1,73.1,23400,2026-09-11,,,,,,,,
1789095660,73.1,73.2,73.1,73.2,41400,2026-09-11,,,,,,,,
1789095720,73.1,73.2,73.1,73.1,14000,2026-09-11,,,,,,,,
1789095780,73.1,73.2,73.1,73.2,7400,2026-09-11,,,,,,,,
1789095840,73.1,73.2,73.1,73.1,12600,2026-09-11,,,,,,,,
1789095900,73.1,73.2,73.1,73.1,18300,2026-09-11,,,,,,,,
1789095960,73.2,73.3,73.1,73.2,38300,2026-09-11,,,,,,,,
1789096020,73.2,73.3,73.1,73.2,15200,2026-09-11,,,,,,,,
1789096080,73.2,73.2,73.1,73.1,40900,2026-09-11,,,,,,,,
1789096140,73.2,73.3,73.1,73.2,8800,2026-09-11,,,,,,,,
1789096200,73.2,73.2,73.1,73.2,14800,2026-09-11,,,,,,,,
1789096260,73.2,73.3,73.1,73.1,16600,2026-09-11,,,,,,,,
1789096320,73.2,73.2,73.1,73.1,9000,2026-09-11,,,,,,,,
1789096380,73.1,73.2,73.1,73.2,38100,2026-09-11,,,,,,,,
1789096440,73.2,73.2,73.1,73.2,9800,2026-09-11,,,,,,,,
1789096500,73.3,73.3,73.2,73.2,3800,2026-09-11,,,,,,,,
1789096560,73.2,73.4,73.2,73.3,31400,2026-09-11,,,,,,,,
1789096620,73.3,73.4,73.3,73.4,7400,2026-09-11,,,,,,,,
1789096680,73.3,73.4,73.3,73.4,17400,2026-09-11,,,,,,,,
1789096740,73.4,73.4,73.3,73.3,16300,2026-09-11,,,,,,,,
1789096800,73.3,73.4,73.3,73.3,10800,2026-09-11,,,,,,,,
1789096860,73.3,73.4,73.3,73.3,12700,2026-09-11,,,,,,,,
1789096920,73.3,73.4,73.3,73.3,8400,2026-09-11,,,,,,,,
1789096980,73.3,73.4,73.3,73.3,11900,2026-09-11,,,,,,,,
1789097040,73.3,73.4,73.3,73.3,6700,2026-09-11,,,,,,,,
1789097100,73.3,73.4,73.3,73.3,8500,2026-09-11,,,,,,,,
1789097160,73.3,73.4,73.3,73.3,5800,2026-09-11,,,,,,,,
1789097220,73.3,73.4,73.2,73.3,33600,2026-09-11,,,,,,,,
1789097280,73.2,73.3,73.2,73.3,26400,2026-09-11,,,,,,,,
1789097340,73.2,73.4,73.2,73.4,9900,2026-09-11,,,,,,,,
1789097400,73.3,73.3,73.2,73.2,13200,2026-09-11,,,,,,,,
1789097460,73.2,73.3,73.2,73.2,9700,2026-09-11,,,,,,,,
1789097520,73.2,73.4,73.2,73.4,27400,2026-09-11,,,,,,,,
1789097580,73.4,73.5,73.3,73.4,89700,2026-09-11,,,,,,,,
1789097640,73.5,73.5,73.3,73.3,17100,2026-09-11,,,,,,,,
1789097700,73.3,73.5,73.3,73.4,7200,2026-09-11,,,,,,,,
1789097760,73.4,73.5,73.4,73.4,17100,2026-09-11,,,,,,,,
1789097820,73.4,73.5,73.4,73.4,9600,2026-09-11,,,,,,,,
1789097880,73.4,73.4,73.3,73.4,16800,2026-09-11,,,,,,,,
1789097940,73.4,73.5,73.4,73.4,12100,2026-09-11,,,,,,,,
1789098000,73.4,73.5,73.3,73.3,21600,2026-09-11,,,,,,,,
1789098060,73.3,73.5,73.3,73.4,6500,2026-09-11,,,,,,,,
1789098120,73.4,73.4,73.3,73.3,8900,2026-09-11,,,,,,,,
1789098180,73.3,73.4,73.3,73.3,42800,2026-09-11,,,,,,,,
1789098240,73.3,73.4,73.2,73.2,11900,2026-09-11,,,,,,,,
1789098300,73.2,73.4,73.2,73.2,14100,2026-09-11,,,,,,,,
1789098360,73.2,73.3,73.2,73.3,11600,2026-09-11,,,,,,,,
1789098420,73.2,73.3,73.2,73.2,8600,2026-09-11,,,,,,,,
1789098480,73.2,73.3,73.2,73.2,7900,2026-09-11,,,,,,,,
1789098540,73.2,73.3,73.2,73.2,13000,2026-09-11,,,,,,,,
1789098600,73.2,73.3,73.1,73.1,25200,2026-09-11,,,,,,,,
1789098660,73.1,73.2,73.1,73.1,31700,2026-09-11,,,,,,,,
1789098720,73.1,73.2,73.1,73.2,15200,2026-09-11,,,,,,,,
1789098780,73.2,73.2,73.1,73.1,17000,2026-09-11,,,,,,,,
1789098840,73.2,73.2,73.1,73.1,12200,2026-09-11,,,,,,,,
1789098900,73.1,73.3,73.1,73.2,21300,2026-09-11,,,,,,,,
1789098960,73.3,73.3,73.2,73.2,10000,2026-09-11,,,,,,,,
1789099020,73.2,73.2,73.2,73.2,12200,2026-09-11,,,,,,,,
1789099080,73.2,73.2,73.1,73.1,25300,2026-09-11,,,,,,,,
1789099140,73.1,73.2,73.1,73.1,5100,2026-09-11,,,,,,,,
1789099200,73.2,73.2,73.1,73.2,18900,2026-09-11,,,,,,,,
1789099260,73.2,73.3,73.2,73.2,8800,2026-09-11,,,,,,,,
1789099320,73.2,73.2,73.2,73.2,10300,2026-09-11,,,,,,,,
1789099380,73.2,73.3,73.2,73.3,8300,2026-09-11,,,,,,,,
1789099440,73.2,73.3,73.2,73.2,11200,2026-09-11,,,,,,,,
1789099500,73.2,73.3,73.2,73.2,8500,2026-09-11,,,,,,,,
1789099560,73.3,73.4,73.2,73.2,22100,2026-09-11,,,,,,,,
1789099620,73.3,73.3,73.2,73.2,6100,2026-09-11,,,,,,,,
1789099680,73.2,73.3,73.2,73.3,9600,2026-09-11,,,,,,,,
1789099740,73.3,73.3,73.2,73.3,5900,2026-09-11,,,,,,,,
1789099800,73.2,73.3,73.2,73.3,5600,2026-09-11,,,,,,,,
1789099860,73.2,73.3,73.2,73.2,11100,2026-09-11,,,,,,,,
1789099920,73.2,73.2,73.2,73.2,11900,2026-09-11,,,,,,,,
1789099980,73.2,73.3,73.2,73.2,16500,2026-09-11,,,,,,,,
1789100040,73.3,73.3,73.2,73.2,13900,2026-09-11,,,,,,,,
1789100100,73.2,73.3,73.2,73.2,9000,2026-09-11,,,,,,,,
1789100160,73.2,73.3,73.2,73.2,13000,2026-09-11,,,,,,,,
1789100220,73.3,73.3,73.2,73.2,10100,2026-09-11,,,,,,,,
1789100280,73.3,73.3,73.2,73.2,7500,2026-09-11,,,,,,,,
1789100340,73.2,73.3,73.2,73.3,8600,2026-09-11,,,,,,,,
1789100400,73.2,73.3,73.2,73.2,11300,2026-09-11,,,,,,,,
1789100460,73.2,73.3,73.2,73.2,16700,2026-09-11,,,,,,,,
1789100520,73.2,73.3,73.2,73.2,13300,2026-09-11,,,,,,,,
1789100580,73.2,73.2,73.1,73.1,8200,2026-09-11,,,,,,,,
1789100640,73.1,73.2,73.1,73.1,18600,2026-09-11,,,,,,,,
1789100700,73.1,73.2,73.1,73.1,11500,2026-09-11,,,,,,,,
1789100760,73.1,73.2,73.1,73.2,12000,2026-09-11,,,,,,,,
1789100820,73.1,73.2,73.1,73.2,8100,2026-09-11,,,,,,,,
1789100880,73.1,73.2,73.1,73.2,25800,2026-09-11,,,,,,,,
1789100940,73.2,73.3,73.2,73.2,8600,2026-09-11,,,,,,,,
1789106400,73.3,73.3,73.1,73.1,59700,2026-09-11,,,,,,,,
1789106460,73.2,73.2,73.1,73.2,26600,2026-09-11,,,,,,,,
1789106520,73.2,73.3,73.1,73.2,15100,2026-09-11,,,,,,,,
1789106580,73.2,73.2,73.1,73.2,11500,2026-09-11,,,,,,,,
1789106640,73.1,73.2,73.1,73.2,27500,2026-09-11,,,,,,,,
1789106700,73.2,73.3,73.1,73.1,14200,2026-09-11,,,,,,,,
1789106760,73.1,73.3,73.1,73.3,7200,2026-09-11,,,,,,,,
1789106820,73.3,73.3,73.2,73.3,12800,2026-09-11,,,,,,,,
1789106880,73.2,73.3,73.2,73.3,12800,2026-09-11,,,,,,,,
1789106940,73.3,73.3,73.2,73.3,34600,2026-09-11,,,,,,,,
1789107000,73.3,73.4,73.3,73.4,10500,2026-09-11,,,,,,,,
1789107060,73.4,73.4,73.2,73.3,8800,2026-09-11,,,,,,,,
1789107120,73.4,73.4,73.2,73.3,11300,2026-09-11,,,,,,,,
1789107180,73.3,73.4,73.2,73.2,16400,2026-09-11,,,,,,,,
1789107240,73.3,73.4,73.2,73.3,6100,2026-09-11,,,,,,,,
1789107300,73.2,73.4,73.2,73.2,4800,2026-09-11,,,,,,,,
1789107360,73.4,73.4,73.1,73.1,33300,2026-09-11,,,,,,,,
1789107420,73.2,73.3,73.1,73.2,9400,2026-09-11,,,,,,,,
1789107480,73.2,73.3,73.2,73.2,9900,2026-09-11,,,,,,,,
1789107540,73.2,73.4,73.2,73.3,14200,2026-09-11,,,,,,,,
1789107600,73.3,73.4,73.3,73.4,53400,2026-09-11,,,,,,,,
1789107660,73.4,73.5,73.3,73.5,13400,2026-09-11,,,,,,,,
1789107720,73.5,73.5,73.4,73.5,6300,2026-09-11,,,,,,,,
1789107780,73.5,73.5,73.4,73.5,15300,2026-09-11,,,,,,,,
1789107840,73.4,73.5,73.4,73.5,11600,2026-09-11,,,,,,,,
1789107900,73.4,73.5,73.4,73.5,10300,2026-09-11,,,,,,,,
1789107960,73.4,73.6,73.4,73.5,65600,2026-09-11,,,,,,,,
1789108020,73.6,73.6,73.5,73.6,20600,2026-09-11,,,,,,,,
1789108080,73.5,73.6,73.5,73.5,7300,2026-09-11,,,,,,,,
1789108140,73.6,73.6,73.5,73.5,23600,2026-09-11,,,,,,,,
1789108200,73.5,73.6,73.4,73.5,78100,2026-09-11,,,,,,,,
1789108260,73.5,73.6,73.4,73.6,30900,2026-09-11,,,,,,,,
1789108320,73.5,73.6,73.4,73.4,10600,2026-09-11,,,,,,,,
1789108380,73.4,73.5,73.4,73.4,7100,2026-09-11,,,,,,,,
1789108440,73.5,73.5,73.4,73.5,14200,2026-09-11,,,,,,,,
1789108500,73.5,73.5,73.4,73.5,4700,2026-09-11,,,,,,,,
1789108560,73.5,73.5,73.4,73.4,6000,2026-09-11,,,,,,,,
1789108620,73.5,73.6,73.4,73.5,54700,2026-09-11,,,,,,,,
1789108680,73.5,73.6,73.4,73.5,14700,2026-09-11,,,,,,,,
1789108740,73.4,73.5,73.4,73.5,10400,2026-09-11,,,,,,,,
1789108800,73.5,73.6,73.4,73.5,27200,2026-09-11,,,,,,,,
1789108860,73.5,73.5,73.4,73.5,13500,2026-09-11,,,,,,,,
1789108920,73.5,73.5,73.4,73.5,7400,2026-09-11,,,,,,,,
1789108980,73.5,73.5,73.4,73.5,6000,2026-09-11,,,,,,,,
1789109040,73.5,73.5,73.4,73.4,2600,2026-09-11,,,,,,,,
1789109100,73.5,73.5,73.4,73.5,5300,2026-09-11,,,,,,,,
1789109160,73.5,73.5,73.4,73.4,98600,2026-09-11,,,,,,,,
1789109220,73.3,73.5,73.3,73.5,12200,2026-09-11,,,,,,,,
1789109280,73.4,73.5,73.4,73.4,8600,2026-09-11,,,,,,,,
1789109340,73.4,73.5,73.4,73.5,7700,2026-09-11,,,,,,,,
1789109400,73.5,73.5,73.4,73.5,7700,2026-09-11,,,,,,,,
1789109460,73.4,73.5,73.4,73.4,14200,2026-09-11,,,,,,,,
1789109520,73.4,73.5,73.4,73.5,6600,2026-09-11,,,,,,,,
1789109580,73.5,73.5,73.4,73.4,5500,2026-09-11,,,,,,,,
1789109640,73.4,73.5,73.4,73.4,5900,2026-09-11,,,,,,,,
1789109700,73.5,73.5,73.4,73.5,9900,2026-09-11,,,,,,,,
1789109760,73.4,73.5,73.4,73.4,3700,2026-09-11,,,,,,,,
1789109820,73.4,73.5,73.4,73.5,16200,2026-09-11,,,,,,,,
1789109880,73.5,73.5,73.3,73.3,68600,2026-09-11,,,,,,,,
1789109940,73.4,73.4,73.3,73.4,14500,2026-09-11,,,,,,,,
1789110000,73.4,73.4,73.3,73.3,13100,2026-09-11,,,,,,,,
1789110060,73.3,73.4,73.3,73.3,21400,2026-09-11,,,,,,,,
1789110120,73.3,73.4,73.3,73.3,19100,2026-09-11,,,,,,,,
1789110180,73.4,73.4,73.2,73.2,45800,2026-09-11,,,,,,,,
1789110240,73.3,73.3,73.2,73.3,4600,2026-09-11,,,,,,,,
1789110300,73.3,73.3,73.2,73.2,15600,2026-09-11,,,,,,,,
1789110360,73.2,73.3,73.2,73.2,11400,2026-09-11,,,,,,,,
1789110420,73.2,73.3,73.2,73.3,27800,2026-09-11,,,,,,,,
1789110480,73.3,73.3,73.2,73.3,6300,2026-09-11,,,,,,,,
1789110540,73.3,73.3,73.1,73.1,43200,2026-09-11,,,,,,,,
1789110600,73.1,73.2,73.0,73.1,82900,2026-09-11,,,,,,,,
1789110660,73.1,73.1,73.0,73.0,170300,2026-09-11,,,,,,,,
1789110720,73.0,73.0,72.9,72.9,67400,2026-09-11,,,,,,,,
1789110780,72.9,72.9,72.8,72.9,31700,2026-09-11,,,,,,,,
1789110840,72.9,73.0,72.8,72.9,34900,2026-09-11,,,,,,,,
1789110900,72.9,73.0,72.9,72.9,29700,2026-09-11,,,,,,,,
1789110960,72.9,73.1,72.9,73.1,88200,2026-09-11,,,,,,,,
1789111020,73.1,73.2,73.0,73.1,12200,2026-09-11,,,,,,,,
1789111080,73.1,73.2,73.0,73.1,16600,2026-09-11,,,,,,,,
1789111140,73.1,73.2,73.0,73.0,48200,2026-09-11,,,,,,,,
1789111200,73.0,73.1,73.0,73.1,15400,2026-09-11,,,,,,,,
1789111260,73.1,73.1,73.0,73.1,40500,2026-09-11,,,,,,,,
1789111320,73.1,73.1,73.0,73.0,49500,2026-09-11,,,,,,,,
1789111380,73.0,73.1,73.0,73.0,39800,2026-09-11,,,,,,,,
1789111440,73.0,73.0,72.9,73.0,48300,2026-09-11,,,,,,,,
1789111500,73.0,73.1,72.9,73.0,56800,2026-09-11,,,,,,,,
1789111560,73.0,73.0,72.9,72.9,17300,2026-09-11,,,,,,,,
1789111620,73.0,73.0,72.8,72.8,175500,2026-09-11,,,,,,,,
1789111680,72.8,72.8,72.7,72.8,44000,2026-09-11,,,,,,,,
1789111740,72.8,72.9,72.7,72.7,42300,2026-09-11,,,,,,,,
1789112700,72.7,72.7,72.7,72.7,1059200,2026-09-11,,,,,,,,
1789352100,72.8,72.9,72.8,72.8,63800,2026-09-14,,,,,,,,
1789352160,72.8,72.8,72.8,72.8,7900,2026-09-14,,,,,,,,
1789352220,72.8,72.8,72.7,72.7,10300,2026-09-14,,,,,,,,
1789352280,72.8,72.8,72.7,72.8,22600,2026-09-14,,,,,,,,
1789352340,72.8,72.8,72.7,72.8,6600,2026-09-14,,,,,,,,
1789352400,72.8,72.8,72.7,72.8,12600,2026-09-14,,,,,,,,
1789352460,72.8,72.8,72.7,72.7,10600,2026-09-14,,,,,,,,
1789352520,72.8,72.8,72.7,72.7,2000,2026-09-14,,,,,,,,
1789352580,72.7,72.8,72.7,72.7,500,2026-09-14,,,,,,,,
1789352640,72.7,72.8,72.7,72.7,9700,2026-09-14,,,,,,,,
1789352700,72.7,72.9,72.7,72.8,29500,2026-09-14,,,,,,,,
1789352760,72.8,72.8,72.8,72.8,1600,2026-09-14,,,,,,,,
1789352820,72.8,73.6,72.8,73.0,73200,2026-09-14,,,,,,,,
1789352880,73.0,73.2,73.0,73.2,10500,2026-09-14,,,,,,,,
1789352940,73.1,73.1,72.9,73.0,32100,2026-09-14,,,,,,,,
1789353000,73.0,73.1,72.9,73.1,1800,2026-09-14,,,,,,,,
1789353060,73.1,73.1,72.9,72.9,14000,2026-09-14,,,,,,,,
1789353120,73.0,73.0,72.9,73.0,31000,2026-09-14,,,,,,,,
1789353180,73.0,73.0,72.8,72.9,15200,2026-09-14,,,,,,,,
1789353240,72.8,72.9,72.8,72.9,600,2026-09-14,,,,,,,,
1789353300,72.8,72.9,72.8,72.9,3600,2026-09-14,,,,,,,,
1789353360,72.8,72.9,72.8,72.8,48000,2026-09-14,,,,,,,,
1789353420,72.8,72.8,72.8,72.8,15500,2026-09-14,,,,,,,,
1789353480,72.8,72.8,72.7,72.7,10700,2026-09-14,,,,,,,,
1789353540,72.7,72.7,72.6,72.6,43000,2026-09-14,,,,,,,,
1789353600,72.7,72.7,72.6,72.7,2100,2026-09-14,,,,,,,,
1789353660,72.6,72.7,72.6,72.7,11000,2026-09-14,,,,,,,,
1789353720,72.7,72.8,72.6,72.7,15100,2026-09-14,,,,,,,,
1789353780,72.7,72.7,72.6,72.6,20000,2026-09-14,,,,,,,,
1789353840,72.6,72.7,72.6,72.7,19700,2026-09-14,,,,,,,,
1789353900,72.6,72.7,72.6,72.6,6500,2026-09-14,,,,,,,,
1789353960,72.6,72.8,72.6,72.8,27000,2026-09-14,,,,,,,,
1789354020,72.8,72.8,72.7,72.8,5800,2026-09-14,,,,,,,,
1789354080,72.8,72.8,72.7,72.8,6400,2026-09-14,,,,,,,,
1789354140,72.8,72.8,72.7,72.8,16500,2026-09-14,,,,,,,,
1789354200,72.8,72.8,72.7,72.8,32900,2026-09-14,,,,,,,,
1789354260,72.8,72.9,72.8,72.9,17700,2026-09-14,,,,,,,,
1789354320,72.9,73.0,72.8,73.0,17500,2026-09-14,,,,,,,,
1789354380,73.0,73.0,72.9,72.9,17000,2026-09-14,,,,,,,,
1789354440,73.0,73.0,72.9,73.0,7000,2026-09-14,,,,,,,,
1789354500,72.9,73.1,72.9,73.1,27900,2026-09-14,,,,,,,,
1789354560,73.0,73.3,72.9,73.3,56900,2026-09-14,,,,,,,,
1789354620,73.2,73.4,73.1,73.2,13800,2026-09-14,,,,,,,,
1789354680,73.3,73.4,73.3,73.3,9200,2026-09-14,,,,,,,,
1789354740,73.3,73.4,73.3,73.3,41000,2026-09-14,,,,,,,,
1789354800,73.3,73.3,73.2,73.2,18200,2026-09-14,,,,,,,,
1789354860,73.2,73.3,73.2,73.3,2900,2026-09-14,,,,,,,,
1789354920,73.3,73.3,73.1,73.1,36200,2026-09-14,,,,,,,,
1789354980,73.1,73.2,73.1,73.2,31000,2026-09-14,,,,,,,,
1789355040,73.2,73.2,73.1,73.1,1900,2026-09-14,,,,,,,,
1789355100,73.1,73.2,73.1,73.1,6800,2026-09-14,,,,,,,,
1789355160,73.1,73.1,73.0,73.1,31800,2026-09-14,,,,,,,,
1789355220,73.0,73.2,73.0,73.0,16200,2026-09-14,,,,,,,,
1789355280,73.0,73.0,72.9,72.9,2900,2026-09-14,,,,,,,,
1789355340,73.0,73.0,72.9,72.9,1000,2026-09-14,,,,,,,,
1789355400,72.9,73.0,72.9,73.0,11000,2026-09-14,,,,,,,,
1789355460,72.9,72.9,72.9,72.9,12700,2026-09-14,,,,,,,,
1789355520,72.9,72.9,72.9,72.9,600,2026-09-14,,,,,,,,
1789355580,72.9,73.0,72.9,72.9,11500,2026-09-14,,,,,,,,
1789355640,72.9,73.0,72.9,73.0,2000,2026-09-14,,,,,,,,
1789355700,72.9,73.0,72.9,72.9,4000,2026-09-14,,,,,,,,
1789355760,72.9,73.0,72.9,72.9,37600,2026-09-14,,,,,,,,
1789355820,72.9,72.9,72.8,72.8,11200,2026-09-14,,,,,,,,
1789355880,72.8,72.8,72.8,72.8,12000,2026-09-14,,,,,,,,
1789355940,72.8,72.9,72.8,72.8,6700,2026-09-14,,,,,,,,
1789356000,72.8,72.9,72.8,72.9,9600,2026-09-14,,,,,,,,
1789356060,72.8,72.9,72.8,72.8,13900,2026-09-14,,,,,,,,
1789356120,72.9,72.9,72.8,72.9,25200,2026-09-14,,,,,,,,
1789356180,72.9,72.9,72.8,72.9,6300,2026-09-14,,,,,,,,
1789356240,72.9,73.0,72.9,72.9,8500,2026-09-14,,,,,,,,
1789356300,72.9,73.0,72.9,73.0,4500,2026-09-14,,,,,,,,
1789356360,73.0,73.0,72.9,72.9,5200,2026-09-14,,,,,,,,
1789356420,72.9,73.0,72.9,73.0,11400,2026-09-14,,,,,,,,
1789356480,73.0,73.0,72.9,72.9,3900,2026-09-14,,,,,,,,
1789356540,72.9,73.0,72.9,72.9,5200,2026-09-14,,,,,,,,
1789356600,72.9,73.0,72.9,72.9,2100,2026-09-14,,,,,,,,
1789356660,72.9,73.0,72.9,73.0,8800,2026-09-14,,,,,,,,
1789356720,72.9,72.9,72.9,72.9,4000,2026-09-14,,,,,,,,
1789356780,72.9,72.9,72.9,72.9,3300,2026-09-14,,,,,,,,
1789356840,72.9,73.0,72.9,72.9,5900,2026-09-14,,,,,,,,
1789356900,72.9,72.9,72.9,72.9,1800,2026-09-14,,,,,,,,
1789356960,72.9,73.0,72.9,72.9,2400,2026-09-14,,,,,,,,
1789357020,72.9,73.0,72.9,73.0,5600,2026-09-14,,,,,,,,
1789357080,73.0,73.0,72.9,72.9,2600,2026-09-14,,,,,,,,
1789357140,72.9,72.9,72.9,72.9,23400,2026-09-14,,,,,,,,
1789357200,73.0,73.0,72.9,72.9,24200,2026-09-14,,,,,,,,
1789357260,72.9,72.9,72.8,72.8,9200,2026-09-14,,,,,,,,
1789357320,72.8,72.9,72.8,72.9,14600,2026-09-14,,,,,,,,
1789357380,72.9,73.0,72.9,72.9,6700,2026-09-14,,,,,,,,
1789357440,72.9,73.0,72.9,72.9,4200,2026-09-14,,,,,,,,
1789357500,72.9,73.0,72.9,72.9,3300,2026-09-14,,,,,,,,
1789357560,72.9,73.0,72.9,72.9,1900,2026-09-14,,,,,,,,
1789357620,72.9,72.9,72.9,72.9,1100,2026-09-14,,,,,,,,
1789357680,72.9,73.0,72.9,72.9,4700,2026-09-14,,,,,,,,
1789357740,73.0,73.0,72.9,72.9,6800,2026-09-14,,,,,,,,
1789357800,72.9,72.9,72.9,72.9,2200,2026-09-14,,,,,,,,
1789357860,72.9,72.9,72.9,72.9,1900,2026-09-14,,,,,,,,
1789357920,72.9,73.0,72.9,72.9,3000,2026-09-14,,,,,,,,
1789357980,72.9,73.0,72.9,72.9,2700,2026-09-14,,,,,,,,
1789358040,72.9,72.9,72.9,72.9,2600,2026-09-14,,,,,,,,
1789358100,72.9,73.0,72.9,72.9,2300,2026-09-14,,,,,,,,
1789358160,72.9,73.0,72.9,72.9,4100,2026-09-14,,,,,,,,
1789358220,72.9,73.0,72.9,73.0,3500,2026-09-14,,,,,,,,
1789358280,72.9,73.0,72.9,72.9,3000,2026-09-14,,,,,,,,
1789358340,72.9,73.0,72.9,72.9,6200,2026-09-14,,,,,,,,
1789358400,73.0,73.0,72.9,72.9,4400,2026-09-14,,,,,,,,
1789358460,72.9,73.0,72.9,72.9,36900,2026-09-14,,,,,,,,
1789358520,72.9,73.0,72.9,72.9,28800,2026-09-14,,,,,,,,
1789358580,72.9,72.9,72.8,72.9,3400,2026-09-14,,,,,,,,
1789358640,72.9,73.0,72.8,72.8,2900,2026-09-14,,,,,,,,
1789358700,72.8,72.9,72.8,72.8,2200,2026-09-14,,,,,,,,
1789358760,72.9,72.9,72.8,72.8,10700,2026-09-14,,,,,,,,
1789358820,72.8,72.9,72.8,72.9,3100,2026-09-14,,,,,,,,
1789358880,72.8,72.9,72.8,72.8,5600,2026-09-14,,,,,,,,
1789358940,72.8,72.9,72.8,72.8,7000,2026-09-14,,,,,,,,
1789359000,72.8,72.9,72.8,72.8,2000,2026-09-14,,,,,,,,
1789359060,72.8,72.9,72.8,72.8,3600,2026-09-14,,,,,,,,
1789359120,72.9,72.9,72.8,72.8,3700,2026-09-14,,,,,,,,
1789359180,72.8,72.9,72.8,72.8,1200,2026-09-14,,,,,,,,
1789359240,72.8,72.9,72.8,72.9,9300,2026-09-14,,,,,,,,
1789359300,72.8,72.9,72.8,72.8,2900,2026-09-14,,,,,,,,
1789359360,72.9,72.9,72.8,72.8,19300,2026-09-14,,,,,,,,
1789359420,72.9,72.9,72.8,72.8,9900,2026-09-14,,,,,,,,
1789359480,72.8,72.9,72.8,72.8,3400,2026-09-14,,,,,,,,
1789359540,72.8,72.9,72.8,72.9,1500,2026-09-14,,,,,,,,
1789359600,72.8,72.9,72.8,72.8,1900,2026-09-14,,,,,,,,
1789359660,72.8,72.9,72.8,72.9,12000,2026-09-14,,,,,,,,
1789359720,72.9,72.9,72.8,72.8,17300,2026-09-14,,,,,,,,
1789359780,72.9,72.9,72.8,72.8,8200,2026-09-14,,,,,,,,
1789359840,72.8,72.8,72.8,72.8,6300,2026-09-14,,,,,,,,
1789359900,72.9,72.9,72.8,72.8,2900,2026-09-14,,,,,,,,
1789359960,72.8,72.8,72.8,72.8,2000,2026-09-14,,,,,,,,
1789360020,72.8,72.9,72.8,72.8,2000,2026-09-14,,,,,,,,
1789360080,72.8,72.9,72.8,72.8,5400,2026-09-14,,,,,,,,
1789360140,72.8,72.9,72.8,72.8,2700,2026-09-14,,,,,,,,
1789365600,72.8,72.9,72.7,72.7,83200,2026-09-14,,,,,,,,
1789365660,72.7,72.8,72.7,72.7,25100,2026-09-14,,,,,,,,
1789365720,72.7,72.8,72.7,72.7,6600,2026-09-14,,,,,,,,
1789365780,72.7,72.7,72.6,72.7,62200,2026-09-14,,,,,,,,
1789365840,72.7,72.7,72.6,72.7,6800,2026-09-14,,,,,,,,
1789365900,72.6,72.7,72.6,72.7,30000,2026-09-14,,,,,,,,
1789365960,72.7,72.8,72.7,72.7,22900,2026-09-14,,,,,,,,
1789366020,72.7,72.8,72.7,72.7,41000,2026-09-14,,,,,,,,
1789366080,72.7,72.8,72.7,72.7,4000,2026-09-14,,,,,,,,
1789366140,72.7,72.7,72.6,72.7,17000,2026-09-14,,,,,,,,
1789366200,72.7,72.8,72.6,72.7,12900,2026-09-14,,,,,,,,
1789366260,72.7,72.7,72.6,72.7,18600,2026-09-14,,,,,,,,
1789366320,72.7,72.7,72.6,72.7,21200,2026-09-14,,,,,,,,
1789366380,72.6,72.7,72.6,72.7,36000,2026-09-14,,,,,,,,
1789366440,72.6,72.7,72.6,72.6,18700,2026-09-14,,,,,,,,
1789366500,72.6,72.6,72.5,72.5,107000,2026-09-14,,,,,,,,
1789366560,72.5,72.6,72.5,72.5,29600,2026-09-14,,,,,,,,
1789366620,72.6,72.6,72.5,72.5,63100,2026-09-14,,,,,,,,
1789366680,72.5,72.5,72.4,72.4,10500,2026-09-14,,,,,,,,
1789366740,72.4,72.5,72.4,72.4,6500,2026-09-14,,,,,,,,
1789366800,72.4,72.5,72.4,72.5,18000,2026-09-14,,,,,,,,
1789366860,72.5,72.5,72.4,72.5,4600,2026-09-14,,,,,,,,
1789366920,72.5,72.6,72.5,72.5,19100,2026-09-14,,,,,,,,
1789366980,72.5,72.6,72.5,72.5,6900,2026-09-14,,,,,,,,
1789367040,72.5,72.6,72.5,72.6,8900,2026-09-14,,,,,,,,
1789367100,72.6,72.7,72.5,72.6,11100,2026-09-14,,,,,,,,
1789367160,72.6,72.7,72.6,72.6,5100,2026-09-14,,,,,,,,
1789367220,72.6,72.7,72.6,72.6,5900,2026-09-14,,,,,,,,
1789367280,72.6,72.7,72.5,72.5,18000,2026-09-14,,,,,,,,
1789367340,72.5,72.6,72.5,72.5,9200,2026-09-14,,,,,,,,
1789367400,72.5,72.6,72.5,72.5,17700,2026-09-14,,,,,,,,
1789367460,72.5,72.5,72.4,72.4,24400,2026-09-14,,,,,,,,
1789367520,72.5,72.5,72.4,72.4,7300,2026-09-14,,,,,,,,
1789367580,72.4,72.5,72.4,72.4,24300,2026-09-14,,,,,,,,
1789367640,72.4,72.5,72.3,72.4,26100,2026-09-14,,,,,,,,
1789367700,72.3,72.4,72.3,72.3,10800,2026-09-14,,,,,,,,
1789367760,72.4,72.4,72.2,72.2,86800,2026-09-14,,,,,,,,
1789367820,72.2,72.3,72.2,72.2,130000,2026-09-14,,,,,,,,
1789367880,72.2,72.3,72.2,72.3,44900,2026-09-14,,,,,,,,
1789367940,72.2,72.2,72.2,72.2,28000,2026-09-14,,,,,,,,
1789368000,72.2,72.3,72.1,72.1,90200,2026-09-14,,,,,,,,
1789368060,72.2,72.3,72.1,72.2,134300,2026-09-14,,,,,,,,
1789368120,72.2,72.3,72.2,72.3,23700,2026-09-14,,,,,,,,
1789368180,72.3,72.4,72.3,72.3,29400,2026-09-14,,,,,,,,
1789368240,72.4,72.4,72.3,72.3,11600,2026-09-14,,,,,,,,
1789368300,72.3,72.3,72.2,72.2,128800,2026-09-14,,,,,,,,
1789368360,72.2,72.3,72.2,72.3,29300,2026-09-14,,,,,,,,
1789368420,72.2,72.2,72.2,72.2,27300,2026-09-14,,,,,,,,
1789368480,72.2,72.2,72.2,72.2,22700,2026-09-14,,,,,,,,
1789368540,72.2,72.2,72.1,72.2,230900,2026-09-14,,,,,,,,
1789368600,72.1,72.2,72.0,72.0,205100,2026-09-14,,,,,,,,
1789368660,72.1,72.2,72.0,72.1,43700,2026-09-14,,,,,,,,
1789368720,72.1,72.3,72.1,72.2,84800,2026-09-14,,,,,,,,
1789368780,72.3,72.3,72.2,72.3,17500,2026-09-14,,,,,,,,
1789368840,72.2,72.3,72.2,72.3,22400,2026-09-14,,,,,,,,
1789368900,72.3,72.4,72.2,72.3,35100,2026-09-14,,,,,,,,
1789368960,72.3,72.4,72.2,72.3,28500,2026-09-14,,,,,,,,
1789369020,72.3,72.4,72.2,72.4,32400,2026-09-14,,,,,,,,
1789369080,72.3,72.4,72.2,72.3,22500,2026-09-14,,,,,,,,
1789369140,72.2,72.3,72.2,72.2,10300,2026-09-14,,,,,,,,
1789369200,72.2,72.4,72.2,72.4,6200,2026-09-14,,,,,,,,
1789369260,72.3,72.4,72.3,72.3,15800,2026-09-14,,,,,,,,
1789369320,72.3,72.4,72.3,72.3,10800,2026-09-14,,,,,,,,
1789369380,72.3,72.4,72.3,72.3,20700,2026-09-14,,,,,,,,
1789369440,72.3,72.4,72.3,72.4,17900,2026-09-14,,,,,,,,
1789369500,72.4,72.5,72.4,72.4,4200,2026-09-14,,,,,,,,
1789369560,72.4,72.5,72.3,72.3,28400,2026-09-14,,,,,,,,
1789369620,72.3,72.3,72.2,72.3,45000,2026-09-14,,,,,,,,
1789369680,72.3,72.3,72.2,72.2,14800,2026-09-14,,,,,,,,
1789369740,72.2,72.3,72.2,72.2,82600,2026-09-14,,,,,,,,
1789369800,72.2,72.3,72.1,72.1,23200,2026-09-14,,,,,,,,
1789369860,72.2,72.2,72.1,72.1,11100,2026-09-14,,,,,,,,
1789369920,72.1,72.2,72.1,72.1,17900,2026-09-14,,,,,,,,
1789369980,72.1,72.2,72.1,72.2,39200,2026-09-14,,,,,,,,
1789370040,72.2,72.3,72.2,72.2,23700,2026-09-14,,,,,,,,
1789370100,72.2,72.3,72.2,72.2,12900,2026-09-14,,,,,,,,
1789370160,72.2,72.3,72.2,72.2,69400,2026-09-14,,,,,,,,
1789370220,72.2,72.3,72.2,72.2,17100,2026-09-14,,,,,,,,
1789370280,72.2,72.3,72.2,72.2,43800,2026-09-14,,,,,,,,
1789370340,72.2,72.3,72.2,72.3,18500,2026-09-14,,,,,,,,
1789370400,72.2,72.4,72.2,72.3,32500,2026-09-14,,,,,,,,
1789370460,72.3,72.4,72.3,72.3,22100,2026-09-14,,,,,,,,
1789370520,72.3,72.3,72.2,72.3,25500,2026-09-14,,,,,,,,
1789370580,72.3,72.3,72.2,72.3,8400,2026-09-14,,,,,,,,
1789370640,72.2,72.3,72.2,72.2,21100,2026-09-14,,,,,,,,
1789370700,72.2,72.3,72.2,72.3,32600,2026-09-14,,,,,,,,
1789370760,72.3,72.4,72.2,72.3,22100,2026-09-14,,,,,,,,
1789370820,72.3,72.3,72.2,72.3,25700,2026-09-14,,,,,,,,
1789370880,72.3,72.3,72.2,72.3,27500,2026-09-14,,,,,,,,
1789370940,72.3,72.4,72.2,72.2,14400,2026-09-14,,,,,,,,
1789371900,72.4,72.4,72.4,72.4,154700,2026-09-14,,,,,,,,
1789438500,72.7,72.8,72.6,72.8,30800,2026-09-15,,,,,,,,
1789438560,72.8,72.8,72.7,72.8,4700,2026-09-15,,,,,,,,
1789438620,72.8,72.8,72.8,72.8,23700,2026-09-15,,,,,,,,
1789438680,72.8,72.9,72.7,72.8,35500,2026-09-15,,,,,,,,
1789438740,72.8,72.8,72.7,72.8,11900,2026-09-15,,,,,,,,
1789438800,72.8,72.8,72.7,72.8,19500,2026-09-15,,,,,,,,
1789438860,72.7,72.8,72.7,72.8,8800,2026-09-15,,,,,,,,
1789438920,72.8,72.8,72.8,72.8,3700,2026-09-15,,,,,,,,
1789438980,72.8,72.9,72.8,72.9,3100,2026-09-15,,,,,,,,
1789439040,72.9,72.9,72.8,72.9,29900,2026-09-15,,,,,,,,
1789439100,72.9,73.0,72.9,73.0,7800,2026-09-15,,,,,,,,
1789439160,72.9,73.0,72.9,73.0,4900,2026-09-15,,,,,,,,
1789439220,73.0,73.0,72.9,73.0,38400,2026-09-15,,,,,,,,
1789439280,73.0,73.1,73.0,73.1,3100,2026-09-15,,,,,,,,
1789439340,73.1,73.1,73.0,73.1,5000,2026-09-15,,,,,,,,
1789439400,73.1,73.1,73.0,73.1,2800,2026-09-15,,,,,,,,
1789439460,73.1,73.1,73.0,73.1,22300,2026-09-15,,,,,,,,
1789439520,73.0,73.0,72.9,72.9,19600,2026-09-15,,,,,,,,
1789439580,73.0,73.0,72.9,72.9,21100,2026-09-15,,,,,,,,
1789439640,72.9,73.0,72.8,73.0,7200,2026-09-15,,,,,,,,
1789439700,72.9,73.0,72.9,73.0,7700,2026-09-15,,,,,,,,
1789439760,72.9,73.0,72.9,73.0,3400,2026-09-15,,,,,,,,
1789439820,73.0,73.1,73.0,73.0,37700,2026-09-15,,,,,,,,
1789439880,73.1,73.1,73.0,73.1,11900,2026-09-15,,,,,,,,
1789439940,73.1,73.1,73.0,73.0,10200,2026-09-15,,,,,,,,
1789440000,73.1,73.1,73.0,73.1,1800,2026-09-15,,,,,,,,
1789440060,73.0,73.1,73.0,73.1,2200,2026-09-15,,,,,,,,
1789440120,73.1,73.2,73.1,73.2,40900,2026-09-15,,,,,,,,
1789440180,73.2,73.3,73.2,73.2,62000,2026-09-15,,,,,,,,
1789440240,73.3,73.3,73.2,73.2,19800,2026-09-15,,,,,,,,
1789440300,73.2,73.3,73.2,73.3,26700,2026-09-15,,,,,,,,
1789440360,73.2,73.3,73.2,73.2,5100,2026-09-15,,,,,,,,
1789440420,73.2,73.3,73.2,73.3,5500,2026-09-15,,,,,,,,
1789440480,73.2,73.3,73.2,73.3,30700,2026-09-15,,,,,,,,
1789440540,73.3,73.3,73.1,73.2,20000,2026-09-15,,,,,,,,
1789440600,73.2,73.2,73.1,73.1,13500,2026-09-15,,,,,,,,
1789440660,73.1,73.3,73.1,73.1,26200,2026-09-15,,,,,,,,
1789440720,73.2,73.2,73.1,73.1,3800,2026-09-15,,,,,,,,
1789440780,73.1,73.2,73.1,73.2,5600,2026-09-15,,,,,,,,
1789440840,73.2,73.2,73.1,73.1,46400,2026-09-15,,,,,,,,
1789440900,73.2,73.3,73.1,73.2,17600,2026-09-15,,,,,,,,
1789440960,73.2,73.2,73.1,73.1,13600,2026-09-15,,,,,,,,
1789441020,73.1,73.2,73.1,73.1,5600,2026-09-15,,,,,,,,
1789441080,73.2,73.2,73.1,73.1,3500,2026-09-15,,,,,,,,
1789441140,73.2,73.2,73.1,73.1,2900,2026-09-15,,,,,,,,
1789441200,73.1,73.2,73.0,73.1,62200,2026-09-15,,,,,,,,
1789441260,73.1,73.1,73.0,73.1,2300,2026-09-15,,,,,,,,
1789441320,73.0,73.2,73.0,73.1,41900,2026-09-15,,,,,,,,
1789441380,73.1,73.1,73.0,73.1,14100,2026-09-15,,,,,,,,
1789441440,73.1,73.1,73.0,73.1,2200,2026-09-15,,,,,,,,
1789441500,73.1,73.2,73.1,73.2,7300,2026-09-15,,,,,,,,
1789441560,73.1,73.2,73.1,73.2,1700,2026-09-15,,,,,,,,
1789441620,73.2,73.2,73.1,73.2,4100,2026-09-15,,,,,,,,
1789441680,73.2,73.2,73.1,73.2,28600,2026-09-15,,,,,,,,
1789441740,73.1,73.2,73.1,73.1,22800,2026-09-15,,,,,,,,
1789441800,73.2,73.3,73.1,73.2,16000,2026-09-15,,,,,,,,
1789441860,73.3,73.3,73.2,73.3,3600,2026-09-15,,,,,,,,
1789441920,73.3,73.3,73.2,73.3,5300,2026-09-15,,,,,,,,
1789441980,73.3,73.3,73.2,73.2,2000,2026-09-15,,,,,,,,
1789442040,73.2,73.3,73.2,73.3,3500,2026-09-15,,,,,,,,
1789442100,73.3,73.3,73.2,73.3,43700,2026-09-15,,,,,,,,
1789442160,73.2,73.3,73.2,73.2,6100,2026-09-15,,,,,,,,
1789442220,73.2,73.3,73.2,73.2,2900,2026-09-15,,,,,,,,
1789442280,73.3,73.3,73.2,73.2,2300,2026-09-15,,,,,,,,
1789442340,73.3,73.3,73.2,73.2,6300,2026-09-15,,,,,,,,
1789442400,73.3,73.3,73.2,73.3,62800,2026-09-15,,,,,,,,
1789442460,73.3,73.4,73.3,73.3,9000,2026-09-15,,,,,,,,
1789442520,73.4,73.4,73.3,73.3,54300,2026-09-15,,,,,,,,
1789442580,73.3,73.4,73.3,73.3,31800,2026-09-15,,,,,,,,
1789442640,73.3,73.3,73.2,73.3,4100,2026-09-15,,,,,,,,
1789442700,73.3,73.3,73.2,73.2,26500,2026-09-15,,,,,,,,
1789442760,73.2,73.2,73.1,73.2,11000,2026-09-15,,,,,,,,
1789442820,73.2,73.2,73.1,73.1,1000,2026-09-15,,,,,,,,
1789442880,73.2,73.2,73.2,73.2,1600,2026-09-15,,,,,,,,
1789442940,73.1,73.2,73.1,73.2,2900,2026-09-15,,,,,,,,
1789443000,73.2,73.2,73.2,73.2,3400,2026-09-15,,,,,,,,
1789443060,73.2,73.2,73.1,73.1,3700,2026-09-15,,,,,,,,
1789443120,73.1,73.2,73.1,73.1,25400,2026-09-15,,,,,,,,
1789443180,73.1,73.2,73.1,73.1,3400,2026-09-15,,,,,,,,
1789443240,73.1,73.2,73.1,73.2,2000,2026-09-15,,,,,,,,
1789443300,73.2,73.2,73.1,73.1,32500,2026-09-15,,,,,,,,
1789443360,73.1,73.1,73.1,73.1,9300,2026-09-15,,,,,,,,
1789443420,73.1,73.1,73.0,73.0,3200,2026-09-15,,,,,,,,
1789443480,73.0,73.1,73.0,73.0,6700,2026-09-15,,,,,,,,
1789443540,73.0,73.1,73.0,73.1,10900,2026-09-15,,,,,,,,
1789443600,73.1,73.1,73.0,73.0,7200,2026-09-15,,,,,,,,
1789443660,73.1,73.1,73.0,73.1,2500,2026-09-15,,,,,,,,
1789443720,73.1,73.1,73.1,73.1,2300,2026-09-15,,,,,,,,
1789443780,73.1,73.1,73.0,73.1,1300,2026-09-15,,,,,,,,
1789443840,73.1,73.1,73.0,73.0,2600,2026-09-15,,,,,,,,
1789443900,73.1,73.2,73.1,73.2,35400,2026-09-15,,,,,,,,
1789443960,73.1,73.2,73.1,73.2,2000,2026-09-15,,,,,,,,
1789444020,73.2,73.2,73.2,73.2,1400,2026-09-15,,,,,,,,
1789444080,73.2,73.2,73.2,73.2,1600,2026-09-15,,,,,,,,
1789444140,73.1,73.2,73.1,73.1,4300,2026-09-15,,,,,,,,
1789444200,73.2,73.2,73.1,73.1,6500,2026-09-15,,,,,,,,
1789444260,73.1,73.2,73.1,73.1,14900,2026-09-15,,,,,,,,
1789444320,73.2,73.2,73.0,73.0,69000,2026-09-15,,,,,,,,
1789444380,73.1,73.1,73.0,73.0,29900,2026-09-15,,,,,,,,
1789444440,73.0,73.0,72.9,73.0,6700,2026-09-15,,,,,,,,
1789444500,73.0,73.0,73.0,73.0,2100,2026-09-15,,,,,,,,
1789444560,72.9,73.0,72.9,73.0,2700,2026-09-15,,,,,,,,
1789444620,73.0,73.0,72.9,72.9,21800,2026-09-15,,,,,,,,
1789444680,73.0,73.0,72.9,72.9,5100,2026-09-15,,,,,,,,
1789444740,72.9,73.0,72.9,73.0,5200,2026-09-15,,,,,,,,
1789444800,73.0,73.0,73.0,73.0,1200,2026-09-15,,,,,,,,
1789444860,73.0,73.0,72.9,73.0,1100,2026-09-15,,,,,,,,
1789444920,73.0,73.0,73.0,73.0,1000,2026-09-15,,,,,,,,
1789444980,73.0,73.0,73.0,73.0,1300,2026-09-15,,,,,,,,
1789445040,73.0,73.0,72.9,72.9,2000,2026-09-15,,,,,,,,
1789445100,72.9,73.0,72.9,73.0,2000,2026-09-15,,,,,,,,
1789445160,73.0,73.0,73.0,73.0,1900,2026-09-15,,,,,,,,
1789445220,73.0,73.0,72.9,73.0,1600,2026-09-15,,,,,,,,
1789445280,72.9,73.0,72.9,73.0,3700,2026-09-15,,,,,,,,
1789445340,72.9,73.0,72.9,73.0,1600,2026-09-15,,,,,,,,
1789445400,73.0,73.0,73.0,73.0,1400,2026-09-15,,,,,,,,
1789445460,73.0,73.0,73.0,73.0,2600,2026-09-15,,,,,,,,
1789445520,73.0,73.0,73.0,73.0,2200,2026-09-15,,,,,,,,
1789445580,72.9,73.0,72.9,73.0,3200,2026-09-15,,,,,,,,
1789445640,73.0,73.0,73.0,73.0,3600,2026-09-15,,,,,,,,
1789445700,73.0,73.0,72.9,73.0,6200,2026-09-15,,,,,,,,
1789445760,73.0,73.0,72.9,72.9,10500,2026-09-15,,,,,,,,
1789445820,73.0,73.0,72.9,73.0,1600,2026-09-15,,,,,,,,
1789445880,73.0,73.0,73.0,73.0,1300,2026-09-15,,,,,,,,
1789445940,73.0,73.0,72.9,73.0,23200,2026-09-15,,,,,,,,
1789446000,72.9,73.0,72.9,73.0,3700,2026-09-15,,,,,,,,
1789446060,72.9,73.0,72.9,73.0,3900,2026-09-15,,,,,,,,
1789446120,72.9,73.0,72.9,73.0,9100,2026-09-15,,,,,,,,
1789446180,73.0,73.0,72.9,73.0,3200,2026-09-15,,,,,,,,
1789446240,72.9,73.0,72.9,73.0,7900,2026-09-15,,,,,,,,
1789446300,73.0,73.0,72.9,73.0,7700,2026-09-15,,,,,,,,
1789446360,72.9,73.0,72.9,73.0,8000,2026-09-15,,,,,,,,
1789446420,72.9,73.0,72.9,72.9,3100,2026-09-15,,,,,,,,
1789446480,72.9,73.0,72.9,72.9,3900,2026-09-15,,,,,,,,
1789446540,72.9,72.9,72.9,72.9,13900,2026-09-15,,,,,,,,
1789452000,72.9,73.0,72.9,72.9,37100,2026-09-15,,,,,,,,
1789452060,73.0,73.0,72.9,73.0,4700,2026-09-15,,,,,,,,
1789452120,72.9,73.0,72.9,72.9,33800,2026-09-15,,,,,,,,
1789452180,72.9,73.0,72.9,73.0,11500,2026-09-15,,,,,,,,
1789452240,73.0,73.0,72.9,72.9,19600,2026-09-15,,,,,,,,
1789452300,72.9,73.0,72.9,72.9,8400,2026-09-15,,,,,,,,
1789452360,72.9,73.0,72.9,72.9,16100,2026-09-15,,,,,,,,
1789452420,72.9,73.0,72.8,72.9,15900,2026-09-15,,,,,,,,
1789452480,72.9,72.9,72.8,72.9,9500,2026-09-15,,,,,,,,
1789452540,72.9,72.9,72.8,72.9,4400,2026-09-15,,,,,,,,
1789452600,72.9,72.9,72.8,72.9,6900,2026-09-15,,,,,,,,
1789452660,72.9,72.9,72.8,72.9,14500,2026-09-15,,,,,,,,
1789452720,72.9,73.0,72.9,72.9,7200,2026-09-15,,,,,,,,
1789452780,73.0,73.0,72.9,73.0,5600,2026-09-15,,,,,,,,
1789452840,73.0,73.0,72.9,72.9,19000,2026-09-15,,,,,,,,
1789452900,73.0,73.0,72.9,73.0,4500,2026-09-15,,,,,,,,
1789452960,72.9,73.0,72.9,72.9,36200,2026-09-15,,,,,,,,
1789453020,72.9,73.0,72.9,72.9,31100,2026-09-15,,,,,,,,
1789453080,72.9,73.0,72.9,72.9,13200,2026-09-15,,,,,,,,
1789453140,72.9,73.0,72.9,72.9,2500,2026-09-15,,,,,,,,
1789453200,72.9,73.0,72.9,72.9,6600,2026-09-15,,,,,,,,
1789453260,73.0,73.0,72.8,72.9,72000,2026-09-15,,,,,,,,
1789453320,72.9,73.0,72.9,73.0,7500,2026-09-15,,,,,,,,
1789453380,72.9,73.0,72.9,72.9,20200,2026-09-15,,,,,,,,
1789453440,72.9,72.9,72.8,72.9,30200,2026-09-15,,,,,,,,
1789453500,72.8,72.9,72.8,72.9,9400,2026-09-15,,,,,,,,
1789453560,72.9,72.9,72.8,72.9,11600,2026-09-15,,,,,,,,
1789453620,72.8,72.9,72.8,72.8,8800,2026-09-15,,,,,,,,
1789453680,72.8,72.9,72.8,72.9,18900,2026-09-15,,,,,,,,
1789453740,72.9,72.9,72.8,72.8,8600,2026-09-15,,,,,,,,
1789453800,72.8,72.9,72.8,72.8,20200,2026-09-15,,,,,,,,
1789453860,72.8,72.9,72.8,72.8,8000,2026-09-15,,,,,,,,
1789453920,72.9,72.9,72.8,72.9,22700,2026-09-15,,,,,,,,
1789453980,72.8,72.9,72.8,72.8,89400,2026-09-15,,,,,,,,
1789454040,72.8,72.8,72.7,72.7,39900,2026-09-15,,,,,,,,
1789454100,72.8,72.8,72.7,72.8,11100,2026-09-15,,,,,,,,
1789454160,72.8,72.8,72.7,72.7,26300,2026-09-15,,,,,,,,
1789454220,72.8,72.8,72.7,72.7,17500,2026-09-15,,,,,,,,
1789454280,72.7,72.8,72.7,72.8,16700,2026-09-15,,,,,,,,
1789454340,72.8,72.8,72.7,72.7,10400,2026-09-15,,,,,,,,
1789454400,72.8,72.8,72.7,72.7,9200,2026-09-15,,,,,,,,
1789454460,72.7,72.8,72.7,72.7,13700,2026-09-15,,,,,,,,
1789454520,72.7,72.8,72.7,72.8,8700,2026-09-15,,,,,,,,
1789454580,72.7,72.8,72.7,72.7,13000,2026-09-15,,,,,,,,
1789454640,72.7,72.8,72.7,72.7,17700,2026-09-15,,,,,,,,
1789454700,72.7,72.8,72.6,72.6,37900,2026-09-15,,,,,,,,
1789454760,72.6,72.7,72.6,72.7,22400,2026-09-15,,,,,,,,
1789454820,72.6,72.7,72.6,72.7,26800,2026-09-15,,,,,,,,
1789454880,72.7,72.8,72.6,72.7,48200,2026-09-15,,,,,,,,
1789454940,72.8,72.8,72.7,72.8,9100,2026-09-15,,,,,,,,
1789455000,72.8,72.8,72.7,72.8,14100,2026-09-15,,,,,,,,
1789455060,72.7,72.8,72.7,72.7,20700,2026-09-15,,,,,,,,
1789455120,72.7,72.8,72.6,72.8,67200,2026-09-15,,,,,,,,
1789455180,72.7,72.8,72.7,72.8,10300,2026-09-15,,,,,,,,
1789455240,72.8,72.8,72.7,72.8,32900,2026-09-15,,,,,,,,
1789455300,72.7,72.8,72.7,72.8,17700,2026-09-15,,,,,,,,
1789455360,72.7,72.8,72.7,72.8,10600,2026-09-15,,,,,,,,
1789455420,72.8,72.8,72.7,72.7,11000,2026-09-15,,,,,,,,
1789455480,72.7,72.8,72.7,72.7,14200,2026-09-15,,,,,,,,
1789455540,72.8,72.8,72.7,72.7,8700,2026-09-15,,,,,,,,
1789455600,72.7,72.8,72.7,72.8,13500,2026-09-15,,,,,,,,
1789455660,72.8,72.8,72.7,72.7,27600,2026-09-15,,,,,,,,
1789455720,72.7,72.8,72.6,72.7,58700,2026-09-15,,,,,,,,
1789455780,72.6,72.7,72.6,72.6,24800,2026-09-15,,,,,,,,
1789455840,72.7,72.7,72.6,72.6,19200,2026-09-15,,,,,,,,
1789455900,72.6,72.7,72.6,72.6,8400,2026-09-15,,,,,,,,
1789455960,72.6,72.7,72.6,72.6,7100,2026-09-15,,,,,,,,
1789456020,72.7,72.7,72.6,72.6,13400,2026-09-15,,,,,,,,
1789456080,72.7,72.7,72.6,72.7,15900,2026-09-15,,,,,,,,
1789456140,72.7,72.7,72.6,72.6,11900,2026-09-15,,,,,,,,
1789456200,72.6,72.8,72.6,72.7,154300,2026-09-15,,,,,,,,
1789456260,72.7,72.8,72.6,72.7,15500,2026-09-15,,,,,,,,
1789456320,72.6,72.8,72.6,72.7,26800,2026-09-15,,,,,,,,
1789456380,72.8,72.8,72.6,72.6,32000,2026-09-15,,,,,,,,
1789456440,72.7,72.7,72.6,72.7,40500,2026-09-15,,,,,,,,
1789456500,72.8,72.8,72.7,72.7,28300,2026-09-15,,,,,,,,
1789456560,72.7,72.8,72.7,72.7,28100,2026-09-15,,,,,,,,
1789456620,72.7,72.8,72.7,72.7,13300,2026-09-15,,,,,,,,
1789456680,72.7,72.8,72.6,72.6,46800,2026-09-15,,,,,,,,
1789456740,72.6,72.7,72.6,72.7,11700,2026-09-15,,,,,,,,
1789456800,72.6,72.7,72.6,72.7,27000,2026-09-15,,,,,,,,
1789456860,72.7,72.7,72.6,72.7,8300,2026-09-15,,,,,,,,
1789456920,72.7,72.7,72.6,72.6,27400,2026-09-15,,,,,,,,
1789456980,72.6,72.7,72.6,72.6,26800,2026-09-15,,,,,,,,
1789457040,72.7,72.7,72.6,72.6,20700,2026-09-15,,,,,,,,
1789457100,72.7,72.7,72.5,72.6,88200,2026-09-15,,,,,,,,
1789457160,72.6,72.6,72.5,72.6,24900,2026-09-15,,,,,,,,
1789457220,72.6,72.6,72.5,72.6,75100,2026-09-15,,,,,,,,
1789457280,72.5,72.6,72.5,72.5,16400,2026-09-15,,,,,,,,
1789457340,72.5,72.6,72.5,72.6,34500,2026-09-15,,,,,,,,
1789458300,72.7,72.7,72.7,72.7,183900,2026-09-15,,,,,,,,
1789524900,72.8,72.9,72.7,72.9,28900,2026-09-16,,,,,,,,
1789524960,72.9,73.1,72.9,73.0,25400,2026-09-16,,,,,,,,
1789525020,73.0,73.0,72.9,72.9,6500,2026-09-16,,,,,,,,
1789525080,73.0,73.0,72.9,73.0,6700,2026-09-16,,,,,,,,
1789525140,72.9,73.0,72.8,72.9,8400,2026-09-16,,,,,,,,
1789525200,72.9,72.9,72.9,72.9,200,2026-09-16,,,,,,,,
1789525260,72.9,72.9,72.8,72.8,3300,2026-09-16,,,,,,,,
1789525320,72.9,72.9,72.8,72.9,14800,2026-09-16,,,,,,,,
1789525380,72.9,72.9,72.8,72.8,2800,2026-09-16,,,,,,,,
1789525440,72.8,72.9,72.8,72.8,2100,2026-09-16,,,,,,,,
1789525500,72.8,72.9,72.8,72.9,1600,2026-09-16,,,,,,,,
1789525560,72.9,72.9,72.8,72.9,6500,2026-09-16,,,,,,,,
1789525620,72.9,72.9,72.8,72.9,1900,2026-09-16,,,,,,,,
1789525680,72.9,72.9,72.7,72.7,28100,2026-09-16,,,,,,,,
1789525740,72.8,72.8,72.7,72.8,3900,2026-09-16,,,,,,,,
1789525800,72.8,72.8,72.7,72.7,94200,2026-09-16,,,,,,,,
1789525860,72.7,72.7,72.6,72.6,7200,2026-09-16,,,,,,,,
1789525920,72.7,72.7,72.6,72.6,2000,2026-09-16,,,,,,,,
1789525980,72.6,72.7,72.6,72.7,1800,2026-09-16,,,,,,,,
1789526040,72.7,72.7,72.6,72.7,42600,2026-09-16,,,,,,,,
1789526100,72.7,72.8,72.6,72.6,28700,2026-09-16,,,,,,,,
1789526160,72.7,72.7,72.7,72.7,1100,2026-09-16,,,,,,,,
1789526220,72.7,72.7,72.7,72.7,34000,2026-09-16,,,,,,,,
1789526280,72.7,72.8,72.7,72.8,5200,2026-09-16,,,,,,,,
1789526340,72.8,72.8,72.6,72.7,43500,2026-09-16,,,,,,,,
1789526400,72.7,72.7,72.6,72.6,3200,2026-09-16,,,,,,,,
1789526460,72.7,72.7,72.6,72.7,2200,2026-09-16,,,,,,,,
1789526520,72.7,72.7,72.6,72.7,7700,2026-09-16,,,,,,,,
1789526580,72.7,72.7,72.6,72.7,9100,2026-09-16,,,,,,,,
1789526640,72.7,72.7,72.6,72.6,3700,2026-09-16,,,,,,,,
1789526700,72.7,72.7,72.6,72.6,11900,2026-09-16,,,,,,,,
1789526760,72.7,72.7,72.6,72.7,13300,2026-09-16,,,,,,,,
1789526820,72.7,72.7,72.6,72.6,19700,2026-09-16,,,,,,,,
1789526880,72.7,72.7,72.7,72.7,3200,2026-09-16,,,,,,,,
1789526940,72.7,72.8,72.6,72.6,15200,2026-09-16,,,,,,,,
1789527000,72.7,72.7,72.7,72.7,1600,2026-09-16,,,,,,,,
1789527060,72.7,72.7,72.6,72.6,800,2026-09-16,,,,,,,,
1789527120,72.7,72.7,72.7,72.7,1400,2026-09-16,,,,,,,,
1789527180,72.6,72.6,72.4,72.4,110200,2026-09-16,,,,,,,,
1789527240,72.4,72.5,72.4,72.5,2100,2026-09-16,,,,,,,,
1789527300,72.4,72.5,72.4,72.4,6400,2026-09-16,,,,,,,,
1789527360,72.4,72.5,72.4,72.4,23500,2026-09-16,,,,,,,,
1789527420,72.4,72.4,72.3,72.4,7900,2026-09-16,,,,,,,,
1789527480,72.4,72.5,72.3,72.4,4000,2026-09-16,,,,,,,,
1789527540,72.4,72.4,72.3,72.3,7300,2026-09-16,,,,,,,,
1789527600,72.3,72.3,72.2,72.3,49800,2026-09-16,,,,,,,,
1789527660,72.3,72.3,72.3,72.3,3300,2026-09-16,,,,,,,,
1789527720,72.3,72.3,72.2,72.3,10900,2026-09-16,,,,,,,,
1789527780,72.3,72.4,72.2,72.4,28000,2026-09-16,,,,,,,,
1789527840,72.3,72.4,72.3,72.3,13800,2026-09-16,,,,,,,,
1789527900,72.4,72.4,72.3,72.4,3600,2026-09-16,,,,,,,,
1789527960,72.3,72.4,72.2,72.3,13900,2026-09-16,,,,,,,,
1789528020,72.3,72.3,72.2,72.2,3700,2026-09-16,,,,,,,,
1789528080,72.3,72.3,72.2,72.3,1300,2026-09-16,,,,,,,,
1789528140,72.3,72.3,72.1,72.1,71200,2026-09-16,,,,,,,,
1789528200,72.2,72.2,72.0,72.0,89400,2026-09-16,,,,,,,,
1789528260,72.0,72.1,71.8,71.8,121700,2026-09-16,,,,,,,,
1789528320,71.8,72.0,71.8,72.0,40400,2026-09-16,,,,,,,,
1789528380,71.9,72.0,71.9,72.0,20400,2026-09-16,,,,,,,,
1789528440,72.0,72.0,71.9,72.0,7100,2026-09-16,,,,,,,,
1789528500,72.0,72.0,72.0,72.0,31800,2026-09-16,,,,,,,,
1789528560,72.1,72.1,71.9,72.0,47000,2026-09-16,,,,,,,,
1789528620,71.9,72.0,71.8,71.9,101800,2026-09-16,,,,,,,,
1789528680,71.9,71.9,71.8,71.9,31500,2026-09-16,,,,,,,,
1789528740,71.9,72.0,71.9,72.0,8800,2026-09-16,,,,,,,,
1789528800,72.0,72.0,71.9,71.9,16600,2026-09-16,,,,,,,,
1789528860,72.0,72.0,71.8,71.9,6800,2026-09-16,,,,,,,,
1789528920,71.9,72.0,71.8,72.0,40700,2026-09-16,,,,,,,,
1789528980,72.0,72.1,71.9,72.1,44200,2026-09-16,,,,,,,,
1789529040,72.0,72.1,71.9,72.0,49900,2026-09-16,,,,,,,,
1789529100,72.1,72.1,72.0,72.1,27500,2026-09-16,,,,,,,,
1789529160,72.1,72.1,71.9,72.1,24600,2026-09-16,,,,,,,,
1789529220,72.1,72.1,71.9,71.9,16800,2026-09-16,,,,,,,,
1789529280,71.9,72.1,71.9,72.0,31700,2026-09-16,,,,,,,,
1789529340,72.0,72.0,71.9,72.0,10600,2026-09-16,,,,,,,,
1789529400,71.9,72.0,71.9,72.0,2600,2026-09-16,,,,,,,,
1789529460,71.9,72.0,71.9,71.9,23000,2026-09-16,,,,,,,,
1789529520,72.0,72.0,71.8,71.9,66800,2026-09-16,,,,,,,,
1789529580,71.9,72.0,71.8,71.9,10400,2026-09-16,,,,,,,,
1789529640,71.9,71.9,71.7,71.9,100300,2026-09-16,,,,,,,,
1789529700,72.0,72.0,71.8,71.9,14000,2026-09-16,,,,,,,,
1789529760,71.9,71.9,71.8,71.9,12000,2026-09-16,,,,,,,,
1789529820,71.9,71.9,71.8,71.8,11600,2026-09-16,,,,,,,,
1789529880,71.9,71.9,71.8,71.8,14300,2026-09-16,,,,,,,,
1789529940,71.9,71.9,71.7,71.8,62900,2026-09-16,,,,,,,,
1789530000,71.8,71.8,71.7,71.8,6000,2026-09-16,,,,,,,,
1789530060,71.8,72.0,71.7,71.9,118900,2026-09-16,,,,,,,,
1789530120,71.9,71.9,71.8,71.9,15300,2026-09-16,,,,,,,,
1789530180,71.8,71.9,71.8,71.9,9000,2026-09-16,,,,,,,,
1789530240,71.9,71.9,71.8,71.8,22700,2026-09-16,,,,,,,,
1789530300,71.8,71.9,71.7,71.8,34600,2026-09-16,,,,,,,,
1789530360,71.8,71.8,71.7,71.8,13700,2026-09-16,,,,,,,,
1789530420,71.8,71.8,71.7,71.8,25300,2026-09-16,,,,,,,,
1789530480,71.8,71.8,71.7,71.8,5600,2026-09-16,,,,,,,,
1789530540,71.8,71.8,71.7,71.8,6700,2026-09-16,,,,,,,,
1789530600,71.8,71.8,71.7,71.8,13400,2026-09-16,,,,,,,,
1789530660,71.8,71.8,71.7,71.8,95300,2026-09-16,,,,,,,,
1789530720,71.8,71.9,71.8,71.8,14000,2026-09-16,,,,,,,,
1789530780,71.9,71.9,71.8,71.9,3400,2026-09-16,,,,,,,,
1789530840,71.9,71.9,71.8,71.8,11800,2026-09-16,,,,,,,,
1789530900,71.8,71.9,71.8,71.9,17500,2026-09-16,,,,,,,,
1789530960,71.9,71.9,71.8,71.8,90400,2026-09-16,,,,,,,,
1789531020,71.8,71.8,71.7,71.8,9700,2026-09-16,,,,,,,,
1789531080,71.8,71.8,71.7,71.8,6700,2026-09-16,,,,,,,,
1789531140,71.8,71.8,71.7,71.8,29400,2026-09-16,,,,,,,,
1789531200,71.8,71.8,71.7,71.8,8000,2026-09-16,,,,,,,,
1789531260,71.8,71.8,71.7,71.8,3800,2026-09-16,,,,,,,,
1789531320,71.8,71.8,71.7,71.7,111500,2026-09-16,,,,,,,,
1789531380,71.7,71.7,71.6,71.6,49700,2026-09-16,,,,,,,,
1789531440,71.6,71.7,71.6,71.6,15100,2026-09-16,,,,,,,,
1789531500,71.6,71.7,71.6,71.7,17600,2026-09-16,,,,,,,,
1789531560,71.7,71.7,71.6,71.7,9900,2026-09-16,,,,,,,,
1789531620,71.7,71.7,71.6,71.7,11400,2026-09-16,,,,,,,,
1789531680,71.7,71.7,71.6,71.7,10000,2026-09-16,,,,,,,,
1789531740,71.7,71.7,71.6,71.6,38800,2026-09-16,,,,,,,,
1789531800,71.7,71.7,71.6,71.6,5900,2026-09-16,,,,,,,,
1789531860,71.7,71.7,71.6,71.6,13200,2026-09-16,,,,,,,,
1789531920,71.7,71.7,71.6,71.7,15100,2026-09-16,,,,,,,,
1789531980,71.6,71.7,71.6,71.7,9300,2026-09-16,,,,,,,,
1789532040,71.7,71.7,71.6,71.7,11900,2026-09-16,,,,,,,,
1789532100,71.7,71.7,71.6,71.7,6100,2026-09-16,,,,,,,,
1789532160,71.7,71.7,71.6,71.7,4100,2026-09-16,,,,,,,,
1789532220,71.7,71.7,71.6,71.7,4700,2026-09-16,,,,,,,,
1789532280,71.7,71.7,71.6,71.7,12500,2026-09-16,,,,,,,,
1789532340,71.7,71.7,71.6,71.7,30100,2026-09-16,,,,,,,,
1789532400,71.6,71.7,71.6,71.6,18500,2026-09-16,,,,,,,,
1789532460,71.6,71.7,71.6,71.7,13300,2026-09-16,,,,,,,,
1789532520,71.7,71.7,71.6,71.6,6100,2026-09-16,,,,,,,,
1789532580,71.7,71.7,71.6,71.7,12700,2026-09-16,,,,,,,,
1789532640,71.7,71.7,71.6,71.7,7500,2026-09-16,,,,,,,,
1789532700,71.7,71.7,71.6,71.7,3300,2026-09-16,,,,,,,,
1789532760,71.7,71.7,71.6,71.7,22300,2026-09-16,,,,,,,,
1789532820,71.7,71.7,71.6,71.6,12800,2026-09-16,,,,,,,,
1789532880,71.6,71.7,71.6,71.7,14200,2026-09-16,,,,,,,,
1789532940,71.6,71.7,71.6,71.7,47500,2026-09-16,,,,,,,,
1789538400,71.7,71.7,71.5,71.7,136400,2026-09-16,,,,,,,,
1789538460,71.6,71.7,71.6,71.7,20300,2026-09-16,,,,,,,,
1789538520,71.7,71.7,71.6,71.7,8500,2026-09-16,,,,,,,,
1789538580,71.6,71.7,71.6,71.7,85300,2026-09-16,,,,,,,,
1789538640,71.8,71.8,71.7,71.8,5200,2026-09-16,,,,,,,,
1789538700,71.8,71.8,71.7,71.8,4800,2026-09-16,,,,,,,,
1789538760,71.8,71.8,71.7,71.8,13700,2026-09-16,,,,,,,,
1789538820,71.8,71.8,71.7,71.7,34600,2026-09-16,,,,,,,,
1789538880,71.7,71.8,71.7,71.7,19900,2026-09-16,,,,,,,,
1789538940,71.7,71.7,71.6,71.7,24900,2026-09-16,,,,,,,,
1789539000,71.7,71.7,71.6,71.6,16500,2026-09-16,,,,,,,,
1789539060,71.6,71.8,71.6,71.7,61200,2026-09-16,,,,,,,,
1789539120,71.7,71.8,71.7,71.8,9900,2026-09-16,,,,,,,,
1789539180,71.8,71.8,71.7,71.7,13000,2026-09-16,,,,,,,,
1789539240,71.8,71.8,71.7,71.8,20200,2026-09-16,,,,,,,,
1789539300,71.8,71.8,71.7,71.8,14500,2026-09-16,,,,,,,,
1789539360,71.8,71.9,71.7,71.9,17200,2026-09-16,,,,,,,,
1789539420,71.9,71.9,71.8,71.9,9100,2026-09-16,,,,,,,,
1789539480,71.9,71.9,71.8,71.9,11100,2026-09-16,,,,,,,,
1789539540,71.8,71.9,71.8,71.9,9100,2026-09-16,,,,,,,,
1789539600,71.8,71.9,71.7,71.8,13200,2026-09-16,,,,,,,,
1789539660,71.8,71.9,71.8,71.9,26500,2026-09-16,,,,,,,,
1789539720,71.8,71.9,71.8,71.8,10300,2026-09-16,,,,,,,,
1789539780,71.8,71.9,71.7,71.8,16300,2026-09-16,,,,,,,,
1789539840,71.8,71.9,71.8,71.9,4100,2026-09-16,,,,,,,,
1789539900,71.8,71.9,71.8,71.9,25300,2026-09-16,,,,,,,,
1789539960,71.9,72.0,71.8,72.0,27300,2026-09-16,,,,,,,,
1789540020,71.8,72.0,71.8,72.0,3000,2026-09-16,,,,,,,,
1789540080,72.0,72.0,71.9,71.9,2500,2026-09-16,,,,,,,,
1789540140,72.0,72.0,71.9,72.0,7100,2026-09-16,,,,,,,,
1789540200,72.0,72.0,71.9,72.0,6800,2026-09-16,,,,,,,,
1789540260,72.0,72.0,71.9,72.0,6500,2026-09-16,,,,,,,,
1789540320,72.0,72.0,71.8,72.0,8800,2026-09-16,,,,,,,,
1789540380,71.9,72.0,71.9,71.9,11700,2026-09-16,,,,,,,,
1789540440,71.9,72.0,71.9,71.9,11400,2026-09-16,,,,,,,,
1789540500,72.0,72.0,71.9,72.0,8400,2026-09-16,,,,,,,,
1789540560,71.9,72.1,71.9,72.1,60400,2026-09-16,,,,,,,,
1789540620,72.1,72.2,72.0,72.2,48700,2026-09-16,,,,,,,,
1789540680,72.2,72.3,72.1,72.3,9500,2026-09-16,,,,,,,,
1789540740,72.2,72.3,72.2,72.2,14600,2026-09-16,,,,,,,,
1789540800,72.2,72.2,72.1,72.2,9500,2026-09-16,,,,,,,,
1789540860,72.2,72.2,72.1,72.1,27000,2026-09-16,,,,,,,,
1789540920,72.1,72.2,72.0,72.1,26100,2026-09-16,,,,,,,,
1789540980,72.1,72.2,72.1,72.1,11500,2026-09-16,,,,,,,,
1789541040,72.2,72.2,72.1,72.2,7500,2026-09-16,,,,,,,,
1789541100,72.2,72.2,72.1,72.2,26800,2026-09-16,,,,,,,,
1789541160,72.2,72.2,72.1,72.1,7500,2026-09-16,,,,,,,,
1789541220,72.1,72.1,72.0,72.1,20100,2026-09-16,,,,,,,,
1789541280,72.1,72.1,72.0,72.1,8300,2026-09-16,,,,,,,,
1789541340,72.0,72.1,72.0,72.0,6300,2026-09-16,,,,,,,,
1789541400,72.0,72.2,72.0,72.1,32800,2026-09-16,,,,,,,,
1789541460,72.2,72.2,72.0,72.2,29700,2026-09-16,,,,,,,,
1789541520,72.1,72.2,72.1,72.2,10900,2026-09-16,,,,,,,,
1789541580,72.1,72.1,72.0,72.1,5000,2026-09-16,,,,,,,,
1789541640,72.1,72.1,72.0,72.0,15200,2026-09-16,,,,,,,,
1789541700,72.1,72.1,72.0,72.1,6100,2026-09-16,,,,,,,,
1789541760,72.1,72.1,72.0,72.1,20200,2026-09-16,,,,,,,,
1789541820,72.1,72.2,72.1,72.2,19800,2026-09-16,,,,,,,,
1789541880,72.2,72.2,72.1,72.2,37900,2026-09-16,,,,,,,,
1789541940,72.2,72.3,72.1,72.3,17700,2026-09-16,,,,,,,,
1789542000,72.3,72.3,72.2,72.3,10100,2026-09-16,,,,,,,,
1789542060,72.3,72.3,72.1,72.2,9000,2026-09-16,,,,,,,,
1789542120,72.2,72.3,72.1,72.3,11300,2026-09-16,,,,,,,,
1789542180,72.3,72.4,72.2,72.4,35900,2026-09-16,,,,,,,,
1789542240,72.4,72.5,72.3,72.5,45700,2026-09-16,,,,,,,,
1789542300,72.4,72.6,72.4,72.6,50800,2026-09-16,,,,,,,,
1789542360,72.6,72.7,72.4,72.5,36100,2026-09-16,,,,,,,,
1789542420,72.5,72.6,72.4,72.6,47000,2026-09-16,,,,,,,,
1789542480,72.6,72.6,72.4,72.4,29900,2026-09-16,,,,,,,,
1789542540,72.5,72.5,72.4,72.4,14900,2026-09-16,,,,,,,,
1789542600,72.5,72.5,72.4,72.5,8900,2026-09-16,,,,,,,,
1789542660,72.5,72.6,72.4,72.6,44200,2026-09-16,,,,,,,,
1789542720,72.6,72.6,72.5,72.6,32600,2026-09-16,,,,,,,,
1789542780,72.6,72.7,72.5,72.6,43300,2026-09-16,,,,,,,,
1789542840,72.6,72.7,72.5,72.7,35000,2026-09-16,,,,,,,,
1789542900,72.7,72.7,72.6,72.7,40800,2026-09-16,,,,,,,,
1789542960,72.7,72.8,72.6,72.8,22200,2026-09-16,,,,,,,,
1789543020,72.7,72.8,72.6,72.8,25900,2026-09-16,,,,,,,,
1789543080,72.7,72.8,72.7,72.8,52200,2026-09-16,,,,,,,,
1789543140,72.8,72.8,72.7,72.8,28100,2026-09-16,,,,,,,,
1789543200,72.8,72.8,72.7,72.8,26200,2026-09-16,,,,,,,,
1789543260,72.8,72.8,72.6,72.7,39800,2026-09-16,,,,,,,,
1789543320,72.7,72.8,72.6,72.8,42500,2026-09-16,,,,,,,,
1789543380,72.8,72.8,72.7,72.8,59500,2026-09-16,,,,,,,,
1789543440,72.7,72.9,72.6,72.9,72100,2026-09-16,,,,,,,,
1789543500,72.9,73.0,72.7,73.0,84800,2026-09-16,,,,,,,,
1789543560,72.9,73.0,72.8,73.0,130800,2026-09-16,,,,,,,,
1789543620,73.0,73.0,72.8,73.0,91100,2026-09-16,,,,,,,,
1789543680,72.9,73.0,72.8,73.0,142100,2026-09-16,,,,,,,,
1789543740,72.9,73.0,72.8,72.9,53900,2026-09-16,,,,,,,,
1789544700,67.09158,67.09158,67.09158,67.09158,2140600,2026-09-16,,,,,,,,
1789611300,66.63703,66.63703,66.27339,66.27339,85500,2026-09-17,,,,,,,,
1789611360,66.27339,66.27339,66.00066,66.18248,31200,2026-09-17,,,,,,,,
1789611420,66.18248,66.27339,66.18248,66.27339,11500,2026-09-17,,,,,,,,
1789611480,66.27339,66.3643,66.18248,66.3643,18500,2026-09-17,,,,,,,,
1789611540,66.54612,66.54612,66.3643,66.45521,21300,2026-09-17,,,,,,,,
1789611600,66.3643,66.54612,66.3643,66.45521,8200,2026-09-17,,,,,,,,
1789611660,66.45521,66.54612,66.3643,66.54612,7100,2026-09-17,,,,,,,,
1789611720,66.54612,66.54612,66.45521,66.45521,2600,2026-09-17,,,,,,,,
1789611780,66.54612,66.54612,66.45521,66.45521,2300,2026-09-17,,,,,,,,
1789611840,66.54612,66.54612,66.45521,66.54612,10200,2026-09-17,,,,,,,,
1789611900,66.54612,66.72794,66.54612,66.72794,41800,2026-09-17,,,,,,,,
1789611960,66.63703,66.72794,66.54612,66.72794,13600,2026-09-17,,,,,,,,
1789612020,66.72794,66.72794,66.63703,66.63703,13300,2026-09-17,,,,,,,,
1789612080,66.63703,66.63703,66.54612,66.54612,20000,2026-09-17,,,,,,,,
1789612140,66.54612,66.54612,66.45521,66.54612,5900,2026-09-17,,,,,,,,
1789612200,66.63703,66.63703,66.45521,66.54612,6200,2026-09-17,,,,,,,,
1789612260,66.45521,66.54612,66.45521,66.54612,7300,2026-09-17,,,,,,,,
1789612320,66.54612,66.54612,66.45521,66.54612,2800,2026-09-17,,,,,,,,
1789612380,66.45521,66.54612,66.45521,66.54612,3400,2026-09-17,,,,,,,,
1789612440,66.45521,66.54612,66.45521,66.54612,9200,2026-09-17,,,,,,,,
1789612500,66.45521,66.54612,66.45521,66.45521,6600,2026-09-17,,,,,,,,
1789612560,66.45521,66.54612,66.45521,66.45521,2500,2026-09-17,,,,,,,,
1789612620,66.45521,66.54612,66.45521,66.45521,12500,2026-09-17,,,,,,,,
1789612680,66.54612,66.54612,66.45521,66.54612,7000,2026-09-17,,,,,,,,
1789612740,66.45521,66.54612,66.45521,66.45521,5700,2026-09-17,,,,,,,,
1789612800,66.45521,66.54612,66.45521,66.45521,13200,2026-09-17,,,,,,,,
1789612860,66.45521,66.54612,66.45521,66.54612,10200,2026-09-17,,,,,,,,
1789612920,66.54612,66.54612,66.45521,66.45521,14800,2026-09-17,,,,,,,,
1789612980,66.45521,66.54612,66.45521,66.45521,5600,2026-09-17,,,,,,,,
1789613040,66.54612,66.54612,66.45521,66.45521,8300,2026-09-17,,,,,,,,
1789613100,66.45521,66.54612,66.45521,66.54612,7400,2026-09-17,,,,,,,,
1789613160,66.45521,66.54612,66.45521,66.54612,4300,2026-09-17,,,,,,,,
1789613220,66.45521,66.54612,66.45521,66.54612,18400,2026-09-17,,,,,,,,
1789613280,66.45521,66.54612,66.45521,66.54612,18300,2026-09-17,,,,,,,,
1789613340,66.54612,66.63703,66.45521,66.54612,27800,2026-09-17,,,,,,,,
1789613400,66.63703,66.72794,66.54612,66.63703,16600,2026-09-17,,,,,,,,
1789613460,66.63703,66.72794,66.54612,66.63703,26500,2026-09-17,,,,,,,,
1789613520,66.63703,66.63703,66.54612,66.54612,10500,2026-09-17,,,,,,,,
1789613580,66.54612,66.63703,66.45521,66.45521,19800,2026-09-17,,,,,,,,
1789613640,66.45521,66.63703,66.45521,66.63703,6800,2026-09-17,,,,,,,,
1789613700,66.54612,66.54612,66.45521,66.45521,27700,2026-09-17,,,,,,,,
1789613760,66.45521,66.45521,66.3643,66.45521,5600,2026-09-17,,,,,,,,
1789613820,66.45521,66.45521,66.3643,66.3643,11700,2026-09-17,,,,,,,,
1789613880,66.45521,66.45521,66.3643,66.3643,9900,2026-09-17,,,,,,,,
1789613940,66.45521,66.45521,66.3643,66.45521,10500,2026-09-17,,,,,,,,
1789614000,66.45521,66.45521,66.3643,66.45521,5500,2026-09-17,,,,,,,,
1789614060,66.45521,66.54612,66.45521,66.45521,5600,2026-09-17,,,,,,,,
1789614120,66.45521,66.54612,66.3643,66.54612,24900,2026-09-17,,,,,,,,
1789614180,66.54612,66.54612,66.45521,66.54612,4000,2026-09-17,,,,,,,,
1789614240,66.54612,66.63703,66.45521,66.54612,27900,2026-09-17,,,,,,,,
1789614300,66.54612,66.63703,66.45521,66.63703,13300,2026-09-17,,,,,,,,
1789614360,66.63703,66.72794,66.54612,66.63703,23800,2026-09-17,,,,,,,,
1789614420,66.63703,66.72794,66.63703,66.63703,9600,2026-09-17,,,,,,,,
1789614480,66.63703,66.72794,66.63703,66.63703,20700,2026-09-17,,,,,,,,
1789614540,66.54612,66.72794,66.54612,66.63703,12200,2026-09-17,,,,,,,,
1789614600,66.72794,66.72794,66.63703,66.72794,4800,2026-09-17,,,,,,,,
1789614660,66.72794,66.72794,66.63703,66.63703,4500,2026-09-17,,,,,,,,
1789614720,66.63703,66.72794,66.63703,66.63703,6600,2026-09-17,,,,,,,,
1789614780,66.63703,66.72794,66.63703,66.72794,3200,2026-09-17,,,,,,,,
1789614840,66.72794,66.72794,66.54612,66.63703,42000,2026-09-17,,,,,,,,
1789614900,66.54612,66.63703,66.54612,66.54612,19900,2026-09-17,,,,,,,,
1789614960,66.63703,66.63703,66.54612,66.63703,53400,2026-09-17,,,,,,,,
1789615020,66.63703,66.63703,66.54612,66.54612,12100,2026-09-17,,,,,,,,
1789615080,66.63703,66.72794,66.54612,66.63703,22100,2026-09-17,,,,,,,,
1789615140,66.63703,66.72794,66.63703,66.63703,36200,2026-09-17,,,,,,,,
1789615200,66.63703,66.72794,66.63703,66.72794,3600,2026-09-17,,,,,,,,
1789615260,66.63703,66.72794,66.63703,66.72794,6900,2026-09-17,,,,,,,,
1789615320,66.63703,66.72794,66.63703,66.72794,9600,2026-09-17,,,,,,,,
1789615380,66.72794,66.81885,66.63703,66.72794,29900,2026-09-17,,,,,,,,
1789615440,66.81885,66.81885,66.63703,66.72794,31900,2026-09-17,,,,,,,,
1789615500,66.72794,66.81885,66.72794,66.81885,31300,2026-09-17,,,,,,,,
1789615560,66.81885,66.90976,66.72794,66.90976,16200,2026-09-17,,,,,,,,
1789615620,66.90976,66.90976,66.81885,66.90976,23300,2026-09-17,,,,,,,,
1789615680,66.90976,67.00067,66.81885,66.81885,15500,2026-09-17,,,,,,,,
1789615740,66.90976,66.90976,66.81885,66.90976,6400,2026-09-17,,,,,,,,
1789615800,66.90976,67.09158,66.81885,67.09158,43400,2026-09-17,,,,,,,,
1789615860,67.09158,67.09158,66.90976,66.90976,25000,2026-09-17,,,,,,,,
1789615920,67.09158,67.09158,66.90976,66.90976,28400,2026-09-17,,,,,,,,
1789615980,66.90976,67.00067,66.81885,66.90976,25200,2026-09-17,,,,,,,,
1789616040,66.90976,67.00067,66.81885,66.90976,8700,2026-09-17,,,,,,,,
1789616100,66.81885,67.00067,66.81885,66.90976,14300,2026-09-17,,,,,,,,
1789616160,66.90976,67.00067,66.90976,66.90976,6600,2026-09-17,,,,,,,,
1789616220,67.00067,67.00067,66.81885,66.90976,23500,2026-09-17,,,,,,,,
1789616280,66.90976,66.90976,66.81885,66.81885,5500,2026-09-17,,,,,,,,
1789616340,66.90976,66.90976,66.81885,66.90976,11700,2026-09-17,,,,,,,,
1789616400,66.90976,66.90976,66.81885,66.81885,7100,2026-09-17,,,,,,,,
1789616460,66.90976,66.90976,66.81885,66.90976,7800,2026-09-17,,,,,,,,
1789616520,66.90976,67.00067,66.81885,67.00067,22600,2026-09-17,,,,,,,,
1789616580,67.00067,67.00067,66.90976,66.90976,3300,2026-09-17,,,,,,,,
1789616640,66.90976,66.90976,66.81885,66.81885,5400,2026-09-17,,,,,,,,
1789616700,66.81885,66.90976,66.81885,66.81885,9800,2026-09-17,,,,,,,,
1789616760,66.90976,66.90976,66.81885,66.81885,5100,2026-09-17,,,,,,,,
1789616820,66.90976,66.90976,66.81885,66.90976,2700,2026-09-17,,,,,,,,
1789616880,66.81885,66.90976,66.81885,66.81885,8200,2026-09-17,,,,,,,,
1789616940,66.90976,66.90976,66.81885,66.81885,11300,2026-09-17,,,,,,,,
1789617000,66.81885,66.90976,66.81885,66.81885,5700,2026-09-17,,,,,,,,
1789617060,66.90976,66.90976,66.81885,66.90976,3900,2026-09-17,,,,,,,,
1789617120,66.90976,66.90976,66.81885,66.81885,4900,2026-09-17,,,,,,,,
1789617180,66.90976,66.90976,66.72794,66.81885,49900,2026-09-17,,,,,,,,
1789617240,66.81885,66.81885,66.72794,66.72794,3000,2026-09-17,,,,,,,,
1789617300,66.72794,66.81885,66.72794,66.72794,12100,2026-09-17,,,,,,,,
1789617360,66.72794,66.81885,66.72794,66.72794,5100,2026-09-17,,,,,,,,
1789617420,66.81885,66.81885,66.72794,66.72794,8600,2026-09-17,,,,,,,,
1789617480,66.81885,66.81885,66.72794,66.72794,6700,2026-09-17,,,,,,,,
1789617540,66.81885,66.81885,66.72794,66.72794,39000,2026-09-17,,,,,,,,
1789617600,66.72794,66.81885,66.72794,66.81885,6800,2026-09-17,,,,,,,,
1789617660,66.72794,66.81885,66.72794,66.72794,10400,2026-09-17,,,,,,,,
1789617720,66.72794,66.81885,66.63703,66.81885,12700,2026-09-17,,,,,,,,
1789617780,66.81885,66.81885,66.72794,66.72794,11500,2026-09-17,,,,,,,,
1789617840,66.81885,66.81885,66.72794,66.81885,10400,2026-09-17,,,,,,,,
1789617900,66.81885,66.81885,66.63703,66.63703,4900,2026-09-17,,,,,,,,
1789617960,66.63703,66.81885,66.63703,66.81885,18800,2026-09-17,,,,,,,,
1789618020,66.81885,66.81885,66.72794,66.72794,6100,2026-09-17,,,,,,,,
1789618080,66.72794,66.72794,66.63703,66.63703,3900,2026-09-17,,,,,,,,
1789618140,66.72794,66.72794,66.63703,66.72794,3700,2026-09-17,,,,,,,,
1789618200,66.72794,66.72794,66.63703,66.72794,4800,2026-09-17,,,,,,,,
1789618260,66.72794,66.72794,66.63703,66.72794,10800,2026-09-17,,,,,,,,
1789618320,66.72794,66.72794,66.63703,66.63703,6800,2026-09-17,,,,,,,,
1789618380,66.72794,66.72794,66.63703,66.72794,3300,2026-09-17,,,,,,,,
1789618440,66.63703,66.72794,66.63703,66.63703,11100,2026-09-17,,,,,,,,
1789618500,66.63703,66.72794,66.63703,66.63703,10300,2026-09-17,,,,,,,,
1789618560,66.63703,66.72794,66.63703,66.63703,6200,2026-09-17,,,,,,,,
1789618620,66.72794,66.72794,66.63703,66.63703,18900,2026-09-17,,,,,,,,
1789618680,66.72794,66.72794,66.63703,66.72794,11100,2026-09-17,,,,,,,,
1789618740,66.72794,66.81885,66.63703,66.81885,33500,2026-09-17,,,,,,,,
1789618800,66.81885,66.81885,66.72794,66.81885,8100,2026-09-17,,,,,,,,
1789618860,66.81885,66.81885,66.72794,66.72794,10900,2026-09-17,,,,,,,,
1789618920,66.81885,66.81885,66.72794,66.81885,7900,2026-09-17,,,,,,,,
1789618980,66.81885,66.90976,66.72794,66.81885,8100,2026-09-17,,,,,,,,
1789619040,66.90976,66.90976,66.81885,66.90976,3100,2026-09-17,,,,,,,,
1789619100,66.90976,66.90976,66.81885,66.81885,6300,2026-09-17,,,,,,,,
1789619160,66.81885,66.90976,66.81885,66.81885,6000,2026-09-17,,,,,,,,
1789619220,66.81885,66.90976,66.72794,66.81885,8000,2026-09-17,,,,,,,,
1789619280,66.81885,66.90976,66.72794,66.81885,9200,2026-09-17,,,,,,,,
1789619340,66.90976,66.90976,66.81885,66.90976,10700,2026-09-17,,,,,,,,
1789624800,66.81885,66.90976,66.72794,66.72794,49000,2026-09-17,,,,,,,,
1789624860,66.90976,66.90976,66.72794,66.90976,16200,2026-09-17,,,,,,,,
1789624920,66.90976,66.90976,66.81885,66.81885,33100,2026-09-17,,,,,,,,
1789624980,66.90976,66.90976,66.72794,66.81885,28000,2026-09-17,,,,,,,,
1789625040,66.90976,66.90976,66.72794,66.81885,44000,2026-09-17,,,,,,,,
1789625100,66.90976,66.90976,66.81885,66.81885,22500,2026-09-17,,,,,,,,
1789625160,66.81885,66.81885,66.72794,66.72794,11300,2026-09-17,,,,,,,,
1789625220,66.81885,66.81885,66.63703,66.72794,14500,2026-09-17,,,,,,,,
1789625280,66.72794,66.81885,66.63703,66.72794,10300,2026-09-17,,,,,,,,
1789625340,66.72794,66.81885,66.63703,66.72794,10500,2026-09-17,,,,,,,,
1789625400,66.63703,66.72794,66.63703,66.72794,9500,2026-09-17,,,,,,,,
1789625460,66.72794,66.72794,66.63703,66.72794,6800,2026-09-17,,,,,,,,
1789625520,66.72794,66.72794,66.63703,66.63703,8900,2026-09-17,,,,,,,,
1789625580,66.72794,66.72794,66.63703,66.72794,6900,2026-09-17,,,,,,,,
1789625640,66.72794,66.72794,66.63703,66.63703,11000,2026-09-17,,,,,,,,
1789625700,66.72794,66.72794,66.63703,66.72794,7000,2026-09-17,,,,,,,,
1789625760,66.72794,66.72794,66.63703,66.72794,21700,2026-09-17,,,,,,,,
1789625820,66.72794,66.72794,66.63703,66.63703,10600,2026-09-17,,,,,,,,
1789625880,66.72794,66.72794,66.63703,66.63703,15700,2026-09-17,,,,,,,,
1789625940,66.72794,66.72794,66.63703,66.63703,8800,2026-09-17,,,,,,,,
1789626000,66.72794,66.72794,66.63703,66.72794,8600,2026-09-17,,,,,,,,
1789626060,66.72794,66.72794,66.63703,66.63703,10100,2026-09-17,,,,,,,,
1789626120,66.63703,66.72794,66.63703,66.63703,22100,2026-09-17,,,,,,,,
1789626180,66.54612,66.63703,66.54612,66.63703,19600,2026-09-17,,,,,,,,
1789626240,66.63703,66.72794,66.54612,66.63703,28400,2026-09-17,,,,,,,,
1789626300,66.72794,66.72794,66.63703,66.63703,10900,2026-09-17,,,,,,,,
1789626360,66.63703,66.72794,66.63703,66.63703,14500,2026-09-17,,,,,,,,
1789626420,66.63703,66.63703,66.54612,66.63703,6700,2026-09-17,,,,,,,,
1789626480,66.63703,66.72794,66.54612,66.63703,43400,2026-09-17,,,,,,,,
1789626540,66.63703,66.72794,66.54612,66.54612,11300,2026-09-17,,,,,,,,
1789626600,66.63703,66.72794,66.54612,66.63703,10700,2026-09-17,,,,,,,,
1789626660,66.63703,66.72794,66.54612,66.72794,16000,2026-09-17,,,,,,,,
1789626720,66.63703,66.72794,66.63703,66.72794,14700,2026-09-17,,,,,,,,
1789626780,66.72794,66.72794,66.63703,66.72794,17200,2026-09-17,,,,,,,,
1789626840,66.72794,66.81885,66.63703,66.81885,31700,2026-09-17,,,,,,,,
1789626900,66.63703,66.90976,66.63703,66.90976,40700,2026-09-17,,,,,,,,
1789626960,66.81885,66.90976,66.72794,66.90976,30800,2026-09-17,,,,,,,,
1789627020,66.81885,67.00067,66.81885,67.00067,60600,2026-09-17,,,,,,,,
1789627080,66.81885,67.00067,66.81885,67.00067,41200,2026-09-17,,,,,,,,
1789627140,66.81885,67.09158,66.81885,67.00067,40600,2026-09-17,,,,,,,,
1789627200,66.90976,67.09158,66.81885,67.00067,39400,2026-09-17,,,,,,,,
1789627260,66.90976,67.00067,66.81885,66.90976,11000,2026-09-17,,,,,,,,
1789627320,66.90976,67.00067,66.90976,66.90976,39600,2026-09-17,,,,,,,,
1789627380,66.90976,67.00067,66.90976,66.90976,31000,2026-09-17,,,,,,,,
1789627440,67.00067,67.09158,66.81885,66.90976,34500,2026-09-17,,,,,,,,
1789627500,66.90976,67.00067,66.81885,66.81885,42600,2026-09-17,,,,,,,,
1789627560,66.81885,67.00067,66.81885,66.90976,37200,2026-09-17,,,,,,,,
1789627620,66.90976,66.90976,66.81885,66.81885,29200,2026-09-17,,,,,,,,
1789627680,66.90976,66.90976,66.72794,66.72794,29800,2026-09-17,,,,,,,,
1789627740,66.72794,66.81885,66.72794,66.72794,10500,2026-09-17,,,,,,,,
1789627800,66.72794,66.81885,66.63703,66.63703,14400,2026-09-17,,,,,,,,
1789627860,66.72794,66.72794,66.63703,66.63703,12600,2026-09-17,,,,,,,,
1789627920,66.63703,66.72794,66.63703,66.63703,10400,2026-09-17,,,,,,,,
1789627980,66.72794,66.72794,66.63703,66.63703,19100,2026-09-17,,,,,,,,
1789628040,66.63703,66.72794,66.63703,66.63703,9500,2026-09-17,,,,,,,,
1789628100,66.72794,66.81885,66.63703,66.72794,20100,2026-09-17,,,,,,,,
1789628160,66.63703,66.81885,66.63703,66.63703,15500,2026-09-17,,,,,,,,
1789628220,66.63703,66.72794,66.63703,66.63703,12500,2026-09-17,,,,,,,,
1789628280,66.63703,66.81885,66.63703,66.63703,8400,2026-09-17,,,,,,,,
1789628340,66.72794,66.72794,66.63703,66.63703,14100,2026-09-17,,,,,,,,
1789628400,66.72794,66.72794,66.63703,66.63703,39500,2026-09-17,,,,,,,,
1789628460,66.72794,66.72794,66.63703,66.72794,9500,2026-09-17,,,,,,,,
1789628520,66.72794,66.81885,66.63703,66.63703,29200,2026-09-17,,,,,,,,
1789628580,66.81885,66.81885,66.63703,66.63703,4300,2026-09-17,,,,,,,,
1789628640,66.63703,66.72794,66.63703,66.63703,91300,2026-09-17,,,,,,,,
1789628700,66.63703,66.63703,66.54612,66.54612,5300,2026-09-17,,,,,,,,
1789628760,66.63703,66.63703,66.54612,66.63703,40300,2026-09-17,,,,,,,,
1789628820,66.54612,66.63703,66.54612,66.54612,7800,2026-09-17,,,,,,,,
1789628880,66.54612,66.63703,66.54612,66.54612,13500,2026-09-17,,,,,,,,
1789628940,66.63703,66.63703,66.54612,66.54612,7100,2026-09-17,,,,,,,,
1789629000,66.63703,66.63703,66.54612,66.54612,18500,2026-09-17,,,,,,,,
1789629060,66.63703,66.63703,66.54612,66.63703,45400,2026-09-17,,,,,,,,
1789629120,66.72794,66.72794,66.63703,66.72794,7700,2026-09-17,,,,,,,,
1789629180,66.72794,66.72794,66.63703,66.63703,14500,2026-09-17,,,,,,,,
1789629240,66.72794,66.81885,66.63703,66.72794,22600,2026-09-17,,,,,,,,
1789629300,66.81885,66.90976,66.72794,66.90976,110600,2026-09-17,,,,,,,,
1789629360,66.90976,67.00067,66.81885,67.00067,53700,2026-09-17,,,,,,,,
1789629420,67.00067,67.09158,67.00067,67.00067,44800,2026-09-17,,,,,,,,
1789629480,67.09158,67.09158,67.00067,67.09158,45900,2026-09-17,,,,,,,,
1789629540,67.09158,67.09158,67.00067,67.09158,45800,2026-09-17,,,,,,,,
1789629600,67.09158,67.2734,67.00067,67.2734,105900,2026-09-17,,,,,,,,
1789629660,67.18249,67.2734,67.18249,67.18249,122200,2026-09-17,,,,,,,,
1789629720,67.2734,67.2734,67.18249,67.18249,65100,2026-09-17,,,,,,,,
1789629780,67.18249,67.18249,67.09158,67.18249,59200,2026-09-17,,,,,,,,
1789629840,67.18249,67.18249,67.09158,67.18249,61400,2026-09-17,,,,,,,,
1789629900,67.18249,67.18249,67.09158,67.18249,65600,2026-09-17,,,,,,,,
1789629960,67.18249,67.18249,67.09158,67.18249,75500,2026-09-17,,,,,,,,
1789630020,67.18249,67.18249,67.09158,67.18249,83700,2026-09-17,,,,,,,,
1789630080,67.18249,67.2734,67.09158,67.2734,62700,2026-09-17,,,,,,,,
1789630140,67.2734,67.2734,67.18249,67.2734,258100,2026-09-17,,,,,,,,
1789631100,67.54613,67.54613,67.54613,67.54613,1887000,2026-09-17,,,,,,,,
1789697700,67.72795,67.81886,67.63704,67.81886,137600,2026-09-18,,,,,,,,
1789697760,67.72795,67.90977,67.72795,67.81886,25400,2026-09-18,,,,,,,,
1789697820,67.81886,67.81886,67.54613,67.63704,89700,2026-09-18,,,,,,,,
1789697880,67.63704,67.63704,67.45522,67.54613,52400,2026-09-18,,,,,,,,
1789697940,67.45522,67.54613,67.36431,67.36431,25000,2026-09-18,,,,,,,,
1789698000,67.2734,67.36431,67.2734,67.2734,20000,2026-09-18,,,,,,,,
1789698060,67.2734,67.2734,67.09158,67.09158,33600,2026-09-18,,,,,,,,
1789698120,67.18249,67.18249,67.00067,67.18249,38100,2026-09-18,,,,,,,,
1789698180,67.18249,67.36431,67.18249,67.2734,29600,2026-09-18,,,,,,,,
1789698240,67.2734,67.36431,67.18249,67.2734,14100,2026-09-18,,,,,,,,
1789698300,67.2734,67.45522,67.2734,67.45522,59000,2026-09-18,,,,,,,,
1789698360,67.36431,67.54613,67.2734,67.36431,8000,2026-09-18,,,,,,,,
1789698420,67.36431,67.45522,67.36431,67.36431,8100,2026-09-18,,,,,,,,
1789698480,67.36431,67.45522,67.36431,67.36431,6300,2026-09-18,,,,,,,,
1789698540,67.36431,67.45522,67.36431,67.36431,6100,2026-09-18,,,,,,,,
1789698600,67.45522,67.45522,67.36431,67.36431,10400,2026-09-18,,,,,,,,
1789698660,67.36431,67.36431,67.2734,67.2734,8600,2026-09-18,,,,,,,,
1789698720,67.2734,67.36431,67.2734,67.2734,9700,2026-09-18,,,,,,,,
1789698780,67.36431,67.36431,67.2734,67.2734,8000,2026-09-18,,,,,,,,
1789698840,67.2734,67.36431,67.2734,67.2734,7900,2026-09-18,,,,,,,,
1789698900,67.2734,67.36431,67.2734,67.2734,18200,2026-09-18,,,,,,,,
1789698960,67.2734,67.36431,67.18249,67.18249,36800,2026-09-18,,,,,,,,
1789699020,67.2734,67.2734,67.18249,67.18249,3700,2026-09-18,,,,,,,,
1789699080,67.2734,67.2734,67.2734,67.2734,10500,2026-09-18,,,,,,,,
1789699140,67.36431,67.36431,67.2734,67.2734,12600,2026-09-18,,,,,,,,
1789699200,67.2734,67.2734,67.18249,67.2734,11800,2026-09-18,,,,,,,,
1789699260,67.2734,67.45522,67.2734,67.36431,43700,2026-09-18,,,,,,,,
1789699320,67.36431,67.45522,67.2734,67.36431,9100,2026-09-18,,,,,,,,
1789699380,67.36431,67.36431,67.2734,67.2734,10700,2026-09-18,,,,,,,,
1789699440,67.2734,67.2734,67.2734,67.2734,15300,2026-09-18,,,,,,,,
1789699500,67.2734,67.36431,67.2734,67.36431,20300,2026-09-18,,,,,,,,
1789699560,67.36431,67.45522,67.36431,67.45522,4000,2026-09-18,,,,,,,,
1789699620,67.36431,67.36431,67.36431,67.36431,2400,2026-09-18,,,,,,,,
1789699680,67.36431,67.45522,67.36431,67.36431,9900,2026-09-18,,,,,,,,
1789699740,67.36431,67.45522,67.36431,67.36431,17800,2026-09-18,,,,,,,,
1789699800,67.36431,67.36431,67.2734,67.2734,4000,2026-09-18,,,,,,,,
1789699860,67.2734,67.36431,67.2734,67.2734,2600,2026-09-18,,,,,,,,
1789699920,67.2734,67.36431,67.2734,67.2734,6000,2026-09-18,,,,,,,,
1789699980,67.36431,67.36431,67.2734,67.2734,9300,2026-09-18,,,,,,,,
1789700040,67.2734,67.36431,67.2734,67.36431,5100,2026-09-18,,,,,,,,
1789700100,67.2734,67.36431,67.2734,67.2734,12400,2026-09-18,,,,,,,,
1789700160,67.2734,67.45522,67.2734,67.36431,31600,2026-09-18,,,,,,,,
1789700220,67.2734,67.36431,67.2734,67.2734,26600,2026-09-18,,,,,,,,
1789700280,67.2734,67.36431,67.2734,67.2734,6200,2026-09-18,,,,,,,,
1789700340,67.36431,67.36431,67.36431,67.36431,15500,2026-09-18,,,,,,,,
1789700400,67.36431,67.36431,67.36431,67.36431,3200,2026-09-18,,,,,,,,
1789700460,67.36431,67.45522,67.36431,67.36431,3900,2026-09-18,,,,,,,,
1789700520,67.36431,67.45522,67.36431,67.45522,27100,2026-09-18,,,,,,,,
1789700580,67.36431,67.36431,67.36431,67.36431,5800,2026-09-18,,,,,,,,
1789700640,67.45522,67.45522,67.36431,67.36431,4000,2026-09-18,,,,,,,,
1789700700,67.36431,67.36431,67.36431,67.36431,3200,2026-09-18,,,,,,,,
1789700760,67.36431,67.45522,67.36431,67.36431,5300,2026-09-18,,,,,,,,
1789700820,67.36431,67.45522,67.36431,67.45522,32000,2026-09-18,,,,,,,,
1789700880,67.36431,67.45522,67.36431,67.36431,27900,2026-09-18,,,,,,,,
1789700940,67.45522,67.45522,67.36431,67.45522,46300,2026-09-18,,,,,,,,
1789701000,67.45522,67.63704,67.45522,67.54613,97100,2026-09-18,,,,,,,,
1789701060,67.54613,67.63704,67.54613,67.54613,17800,2026-09-18,,,,,,,,
1789701120,67.54613,67.63704,67.54613,67.54613,35200,2026-09-18,,,,,,,,
1789701180,67.54613,67.54613,67.54613,67.54613,8600,2026-09-18,,,,,,,,
1789701240,67.54613,67.63704,67.54613,67.54613,10100,2026-09-18,,,,,,,,
1789701300,67.63704,67.63704,67.54613,67.54613,18900,2026-09-18,,,,,,,,
1789701360,67.54613,67.63704,67.54613,67.63704,14500,2026-09-18,,,,,,,,
1789701420,67.63704,67.63704,67.54613,67.63704,36100,2026-09-18,,,,,,,,
1789701480,67.63704,67.72795,67.63704,67.72795,38400,2026-09-18,,,,,,,,
1789701540,67.72795,67.72795,67.63704,67.72795,19300,2026-09-18,,,,,,,,
1789701600,67.63704,67.72795,67.54613,67.54613,68200,2026-09-18,,,,,,,,
1789701660,67.63704,67.63704,67.63704,67.63704,9900,2026-09-18,,,,,,,,
1789701720,67.63704,67.72795,67.63704,67.72795,11800,2026-09-18,,,,,,,,
1789701780,67.63704,67.63704,67.63704,67.63704,14500,2026-09-18,,,,,,,,
1789701840,67.63704,67.72795,67.63704,67.72795,25000,2026-09-18,,,,,,,,
1789701900,67.72795,67.72795,67.63704,67.63704,17800,2026-09-18,,,,,,,,
1789701960,67.63704,67.63704,67.54613,67.63704,10700,2026-09-18,,,,,,,,
1789702020,67.63704,67.63704,67.54613,67.63704,10400,2026-09-18,,,,,,,,
1789702080,67.63704,67.72795,67.63704,67.63704,33900,2026-09-18,,,,,,,,
1789702140,67.63704,67.72795,67.63704,67.63704,15100,2026-09-18,,,,,,,,
1789702200,67.63704,67.72795,67.63704,67.63704,24000,2026-09-18,,,,,,,,
1789702260,67.63704,67.72795,67.63704,67.63704,16800,2026-09-18,,,,,,,,
1789702320,67.63704,67.63704,67.54613,67.54613,26100,2026-09-18,,,,,,,,
1789702380,67.63704,67.63704,67.54613,67.63704,14400,2026-09-18,,,,,,,,
1789702440,67.63704,67.63704,67.54613,67.63704,4100,2026-09-18,,,,,,,,
1789702500,67.63704,67.63704,67.54613,67.54613,6500,2026-09-18,,,,,,,,
1789702560,67.54613,67.63704,67.54613,67.54613,6500,2026-09-18,,,,,,,,
1789702620,67.54613,67.63704,67.54613,67.54613,6600,2026-09-18,,,,,,,,
1789702680,67.54613,67.54613,67.54613,67.54613,7400,2026-09-18,,,,,,,,
1789702740,67.54613,67.63704,67.54613,67.63704,17400,2026-09-18,,,,,,,,
1789702800,67.63704,67.72795,67.54613,67.72795,135900,2026-09-18,,,,,,,,
1789702860,67.81886,67.81886,67.63704,67.81886,96900,2026-09-18,,,,,,,,
1789702920,67.81886,67.81886,67.72795,67.81886,19200,2026-09-18,,,,,,,,
1789702980,67.81886,67.81886,67.72795,67.81886,29400,2026-09-18,,,,,,,,
1789703040,67.72795,67.81886,67.72795,67.72795,28200,2026-09-18,,,,,,,,
1789703100,67.72795,67.81886,67.72795,67.72795,67700,2026-09-18,,,,,,,,
1789703160,67.72795,67.81886,67.72795,67.81886,98000,2026-09-18,,,,,,,,
1789703220,67.81886,67.81886,67.72795,67.81886,37800,2026-09-18,,,,,,,,
1789703280,67.72795,67.81886,67.72795,67.72795,59200,2026-09-18,,,,,,,,
1789703340,67.81886,67.81886,67.72795,67.81886,25200,2026-09-18,,,,,,,,
1789703400,67.81886,67.90977,67.72795,67.81886,50500,2026-09-18,,,,,,,,
1789703460,67.81886,67.81886,67.72795,67.72795,27400,2026-09-18,,,,,,,,
1789703520,67.72795,67.90977,67.72795,67.81886,42500,2026-09-18,,,,,,,,
1789703580,67.81886,67.90977,67.81886,67.81886,12400,2026-09-18,,,,,,,,
1789703640,67.81886,68.00068,67.81886,68.00068,163500,2026-09-18,,,,,,,,
1789703700,68.00068,68.00068,67.90977,68.00068,25100,2026-09-18,,,,,,,,
1789703760,67.90977,68.00068,67.90977,67.90977,14300,2026-09-18,,,,,,,,
1789703820,68.00068,68.00068,67.90977,68.00068,53200,2026-09-18,,,,,,,,
1789703880,67.90977,67.90977,67.81886,67.90977,44400,2026-09-18,,,,,,,,
1789703940,67.90977,67.90977,67.81886,67.90977,15800,2026-09-18,,,,,,,,
1789704000,67.90977,67.90977,67.81886,67.81886,16600,2026-09-18,,,,,,,,
1789704060,67.81886,67.90977,67.81886,67.90977,29200,2026-09-18,,,,,,,,
1789704120,67.90977,67.90977,67.81886,67.81886,9400,2026-09-18,,,,,,,,
1789704180,67.81886,67.90977,67.81886,67.81886,15000,2026-09-18,,,,,,,,
1789704240,67.81886,67.90977,67.81886,67.81886,29600,2026-09-18,,,,,,,,
1789704300,67.81886,67.81886,67.81886,67.81886,18000,2026-09-18,,,,,,,,
1789704360,67.81886,67.90977,67.81886,67.81886,9600,2026-09-18,,,,,,,,
1789704420,67.81886,67.90977,67.81886,67.81886,19000,2026-09-18,,,,,,,,
1789704480,67.81886,67.90977,67.81886,67.81886,54700,2026-09-18,,,,,,,,
1789704540,67.81886,67.81886,67.81886,67.81886,14700,2026-09-18,,,,,,,,
1789704600,67.81886,67.90977,67.81886,67.81886,14200,2026-09-18,,,,,,,,
1789704660,67.81886,67.81886,67.72795,67.72795,32900,2026-09-18,,,,,,,,
1789704720,67.72795,67.81886,67.72795,67.72795,9600,2026-09-18,,,,,,,,
1789704780,67.72795,67.81886,67.72795,67.81886,12300,2026-09-18,,,,,,,,
1789704840,67.72795,67.81886,67.72795,67.81886,12400,2026-09-18,,,,,,,,
1789704900,67.81886,67.81886,67.72795,67.72795,5700,2026-09-18,,,,,,,,
1789704960,67.72795,67.81886,67.72795,67.72795,8900,2026-09-18,,,,,,,,
1789705020,67.81886,67.81886,67.72795,67.81886,32600,2026-09-18,,,,,,,,
1789705080,67.81886,67.90977,67.72795,67.81886,8900,2026-09-18,,,,,,,,
1789705140,67.81886,67.81886,67.72795,67.81886,31000,2026-09-18,,,,,,,,
1789705200,67.72795,67.81886,67.72795,67.81886,30300,2026-09-18,,,,,,,,
1789705260,67.81886,67.81886,67.72795,67.72795,9600,2026-09-18,,,,,,,,
1789705320,67.81886,67.81886,67.72795,67.72795,6400,2026-09-18,,,,,,,,
1789705380,67.72795,67.81886,67.72795,67.81886,14600,2026-09-18,,,,,,,,
1789705440,67.81886,67.81886,67.72795,67.81886,14200,2026-09-18,,,,,,,,
1789705500,67.81886,67.81886,67.72795,67.72795,8400,2026-09-18,,,,,,,,
1789705560,67.72795,67.81886,67.72795,67.81886,7600,2026-09-18,,,,,,,,
1789705620,67.81886,67.81886,67.72795,67.81886,25900,2026-09-18,,,,,,,,
1789705680,67.81886,67.81886,67.72795,67.72795,21500,2026-09-18,,,,,,,,
1789705740,67.72795,67.81886,67.72795,67.72795,6500,2026-09-18,,,,,,,,
1789711200,67.72795,67.81886,67.72795,67.81886,124400,2026-09-18,,,,,,,,
1789711260,67.81886,67.81886,67.72795,67.81886,19800,2026-09-18,,,,,,,,
1789711320,67.72795,67.81886,67.72795,67.81886,34800,2026-09-18,,,,,,,,
1789711380,67.72795,67.81886,67.72795,67.81886,27600,2026-09-18,,,,,,,,
1789711440,67.72795,67.81886,67.72795,67.72795,29800,2026-09-18,,,,,,,,
1789711500,67.72795,67.81886,67.72795,67.81886,21000,2026-09-18,,,,,,,,
1789711560,67.72795,67.81886,67.72795,67.72795,17000,2026-09-18,,,,,,,,
1789711620,67.72795,67.81886,67.72795,67.72795,23100,2026-09-18,,,,,,,,
1789711680,67.72795,67.81886,67.72795,67.72795,30600,2026-09-18,,,,,,,,
1789711740,67.72795,67.81886,67.72795,67.72795,36600,2026-09-18,,,,,,,,
1789711800,67.72795,67.72795,67.72795,67.72795,14800,2026-09-18,,,,,,,,
1789711860,67.72795,67.72795,67.72795,67.72795,26000,2026-09-18,,,,,,,,
1789711920,67.72795,67.81886,67.72795,67.72795,44500,2026-09-18,,,,,,,,
1789711980,67.72795,67.72795,67.63704,67.72795,92000,2026-09-18,,,,,,,,
1789712040,67.63704,67.72795,67.63704,67.63704,12200,2026-09-18,,,,,,,,
1789712100,67.63704,67.63704,67.63704,67.63704,69900,2026-09-18,,,,,,,,
1789712160,67.63704,67.72795,67.54613,67.63704,80500,2026-09-18,,,,,,,,
1789712220,67.63704,67.63704,67.54613,67.54613,66000,2026-09-18,,,,,,,,
1789712280,67.54613,67.54613,67.45522,67.45522,15300,2026-09-18,,,,,,,,
1789712340,67.45522,67.54613,67.45522,67.45522,70800,2026-09-18,,,,,,,,
1789712400,67.45522,67.54613,67.45522,67.45522,98600,2026-09-18,,,,,,,,
1789712460,67.54613,67.54613,67.54613,67.54613,22600,2026-09-18,,,,,,,,
1789712520,67.54613,67.54613,67.45522,67.54613,27500,2026-09-18,,,,,,,,
1789712580,67.54613,67.54613,67.45522,67.45522,16400,2026-09-18,,,,,,,,
1789712640,67.45522,67.54613,67.45522,67.45522,14100,2026-09-18,,,,,,,,
1789712700,67.45522,67.54613,67.45522,67.45522,61800,2026-09-18,,,,,,,,
1789712760,67.45522,67.54613,67.45522,67.45522,8200,2026-09-18,,,,,,,,
1789712820,67.45522,67.54613,67.45522,67.45522,8500,2026-09-18,,,,,,,,
1789712880,67.54613,67.54613,67.45522,67.45522,11600,2026-09-18,,,,,,,,
1789712940,67.45522,67.54613,67.45522,67.45522,11300,2026-09-18,,,,,,,,
1789713000,67.45522,67.54613,67.45522,67.54613,27600,2026-09-18,,,,,,,,
1789713060,67.45522,67.45522,67.36431,67.36431,36100,2026-09-18,,,,,,,,
1789713120,67.45522,67.45522,67.36431,67.45522,60900,2026-09-18,,,,,,,,
1789713180,67.45522,67.45522,67.36431,67.36431,37000,2026-09-18,,,,,,,,
1789713240,67.36431,67.45522,67.36431,67.45522,11300,2026-09-18,,,,,,,,
1789713300,67.36431,67.36431,67.36431,67.36431,10600,2026-09-18,,,,,,,,
1789713360,67.36431,67.45522,67.36431,67.36431,6200,2026-09-18,,,,,,,,
1789713420,67.36431,67.54613,67.36431,67.54613,70200,2026-09-18,,,,,,,,
1789713480,67.45522,67.45522,67.45522,67.45522,9800,2026-09-18,,,,,,,,
1789713540,67.54613,67.54613,67.45522,67.45522,13000,2026-09-18,,,,,,,,
1789713600,67.45522,67.54613,67.45522,67.54613,12300,2026-09-18,,,,,,,,
1789713660,67.45522,67.54613,67.45522,67.45522,10300,2026-09-18,,,,,,,,
1789713720,67.45522,67.54613,67.45522,67.45522,14000,2026-09-18,,,,,,,,
1789713780,67.45522,67.54613,67.45522,67.45522,31300,2026-09-18,,,,,,,,
1789713840,67.45522,67.54613,67.45522,67.45522,49900,2026-09-18,,,,,,,,
1789713900,67.45522,67.54613,67.45522,67.45522,27900,2026-09-18,,,,,,,,
1789713960,67.45522,67.54613,67.45522,67.45522,21300,2026-09-18,,,,,,,,
1789714020,67.45522,67.54613,67.45522,67.45522,8800,2026-09-18,,,,,,,,
1789714080,67.45522,67.54613,67.45522,67.45522,18400,2026-09-18,,,,,,,,
1789714140,67.45522,67.54613,67.36431,67.45522,142600,2026-09-18,,,,,,,,
1789714200,67.45522,67.45522,67.36431,67.45522,29700,2026-09-18,,,,,,,,
1789714260,67.36431,67.45522,67.36431,67.45522,111100,2026-09-18,,,,,,,,
1789714320,67.45522,67.54613,67.36431,67.54613,39500,2026-09-18,,,,,,,,
1789714380,67.54613,67.54613,67.45522,67.45522,19400,2026-09-18,,,,,,,,
1789714440,67.54613,67.54613,67.45522,67.45522,19800,2026-09-18,,,,,,,,
1789714500,67.54613,67.54613,67.45522,67.45522,25800,2026-09-18,,,,,,,,
1789714560,67.45522,67.54613,67.45522,67.54613,13600,2026-09-18,,,,,,,,
1789714620,67.45522,67.45522,67.36431,67.45522,73400,2026-09-18,,,,,,,,
1789714680,67.45522,67.45522,67.36431,67.45522,37000,2026-09-18,,,,,,,,
1789714740,67.45522,67.45522,67.36431,67.45522,24100,2026-09-18,,,,,,,,
1789714800,67.45522,67.45522,67.36431,67.45522,72500,2026-09-18,,,,,,,,
1789714860,67.45522,67.45522,67.36431,67.45522,46900,2026-09-18,,,,,,,,
1789714920,67.36431,67.54613,67.36431,67.54613,58100,2026-09-18,,,,,,,,
1789714980,67.45522,67.54613,67.45522,67.54613,24500,2026-09-18,,,,,,,,
1789715040,67.45522,67.54613,67.45522,67.45522,16800,2026-09-18,,,,,,,,
1789715100,67.45522,67.54613,67.45522,67.45522,19000,2026-09-18,,,,,,,,
1789715160,67.45522,67.45522,67.36431,67.36431,69300,2026-09-18,,,,,,,,
1789715220,67.36431,67.45522,67.36431,67.36431,15400,2026-09-18,,,,,,,,
1789715280,67.36431,67.45522,67.36431,67.45522,39600,2026-09-18,,,,,,,,
1789715340,67.45522,67.45522,67.36431,67.45522,111000,2026-09-18,,,,,,,,
1789715400,67.36431,67.45522,67.36431,67.36431,40900,2026-09-18,,,,,,,,
1789715460,67.36431,67.45522,67.36431,67.36431,23200,2026-09-18,,,,,,,,
1789715520,67.36431,67.45522,67.36431,67.36431,19000,2026-09-18,,,,,,,,
1789715580,67.36431,67.45522,67.36431,67.45522,40000,2026-09-18,,,,,,,,
1789715640,67.36431,67.45522,67.36431,67.36431,21800,2026-09-18,,,,,,,,
1789715700,67.36431,67.45522,67.36431,67.36431,32200,2026-09-18,,,,,,,,
1789715760,67.36431,67.45522,67.36431,67.36431,83000,2026-09-18,,,,,,,,
1789715820,67.36431,67.45522,67.36431,67.36431,77800,2026-09-18,,,,,,,,
1789715880,67.36431,67.36431,67.2734,67.2734,81700,2026-09-18,,,,,,,,
1789715940,67.2734,67.36431,67.2734,67.2734,14200,2026-09-18,,,,,,,,
1789716000,67.2734,67.36431,67.2734,67.36431,36400,2026-09-18,,,,,,,,
1789716060,67.36431,67.36431,67.2734,67.36431,38400,2026-09-18,,,,,,,,
1789716120,67.2734,67.36431,67.2734,67.36431,32000,2026-09-18,,,,,,,,
1789716180,67.2734,67.36431,67.2734,67.36431,89300,2026-09-18,,,,,,,,
1789716240,67.2734,67.36431,67.2734,67.2734,91800,2026-09-18,,,,,,,,
1789716300,67.2734,67.36431,67.18249,67.2734,70300,2026-09-18,,,,,,,,
1789716360,67.18249,67.2734,67.18249,67.18249,16900,2026-09-18,,,,,,,,
1789716420,67.18249,67.2734,67.09158,67.18249,84700,2026-09-18,,,,,,,,
1789716480,67.09158,67.2734,67.09158,67.18249,117200,2026-09-18,,,,,,,,
1789716540,67.18249,67.2734,67.18249,67.18249,26100,2026-09-18,,,,,,,,
1789717500,65.18247,65.18247,65.18247,65.18247,8520100,2026-09-18,,,,,,,,
1789956900,66.3,66.5,66.2,66.3,333800,2026-09-21,,,,,,,,
1789956960,66.4,66.4,66.2,66.4,72300,2026-09-21,,,,,,,,
1789957020,66.4,66.6,66.4,66.6,92000,2026-09-21,,,,,,,,
1789957080,66.6,66.7,66.6,66.7,52300,2026-09-21,,,,,,,,
1789957140,66.7,66.8,66.6,66.8,44400,2026-09-21,,,,,,,,
1789957200,66.7,66.8,66.7,66.7,77900,2026-09-21,,,,,,,,
1789957260,66.7,66.8,66.7,66.7,39400,2026-09-21,,,,,,,,
1789957320,66.7,66.7,66.6,66.6,66800,2026-09-21,,,,,,,,
1789957380,66.5,66.6,66.5,66.6,43200,2026-09-21,,,,,,,,
1789957440,66.6,66.6,66.4,66.5,23600,2026-09-21,,,,,,,,
1789957500,66.5,66.5,66.3,66.3,42100,2026-09-21,,,,,,,,
1789957560,66.3,66.4,66.2,66.3,28400,2026-09-21,,,,,,,,
1789957620,66.2,66.3,66.2,66.2,21300,2026-09-21,,,,,,,,
1789957680,66.2,66.3,66.1,66.2,46000,2026-09-21,,,,,,,,
1789957740,66.2,66.3,66.2,66.3,20700,2026-09-21,,,,,,,,
1789957800,66.3,66.4,66.2,66.3,38400,2026-09-21,,,,,,,,
1789957860,66.4,66.4,66.3,66.4,13800,2026-09-21,,,,,,,,
1789957920,66.4,66.4,66.3,66.4,10900,2026-09-21,,,,,,,,
1789957980,66.4,66.4,66.3,66.4,14600,2026-09-21,,,,,,,,
1789958040,66.4,66.4,66.3,66.4,41200,2026-09-21,,,,,,,,
1789958100,66.4,66.5,66.4,66.4,14900,2026-09-21,,,,,,,,
1789958160,66.4,66.4,66.3,66.3,42000,2026-09-21,,,,,,,,
1789958220,66.3,66.4,66.2,66.4,15600,2026-09-21,,,,,,,,
1789958280,66.4,66.4,66.3,66.4,35200,2026-09-21,,,,,,,,
1789958340,66.4,66.4,66.3,66.4,15400,2026-09-21,,,,,,,,
1789958400,66.4,66.4,66.3,66.4,12500,2026-09-21,,,,,,,,
1789958460,66.4,66.4,66.3,66.4,20100,2026-09-21,,,,,,,,
1789958520,66.4,66.4,66.3,66.4,6200,2026-09-21,,,,,,,,
1789958580,66.3,66.4,66.3,66.3,16900,2026-09-21,,,,,,,,
1789958640,66.4,66.4,66.3,66.3,4800,2026-09-21,,,,,,,,
1789958700,66.3,66.4,66.3,66.3,9600,2026-09-21,,,,,,,,
1789958760,66.3,66.4,66.1,66.1,140200,2026-09-21,,,,,,,,
1789958820,66.2,66.2,66.1,66.2,18500,2026-09-21,,,,,,,,
1789958880,66.2,66.2,66.1,66.2,8500,2026-09-21,,,,,,,,
1789958940,66.2,66.2,66.1,66.2,23400,2026-09-21,,,,,,,,
1789959000,66.2,66.2,66.0,66.1,43700,2026-09-21,,,,,,,,
1789959060,66.1,66.1,66.0,66.1,110200,2026-09-21,,,,,,,,
1789959120,66.0,66.1,66.0,66.0,13900,2026-09-21,,,,,,,,
1789959180,66.0,66.2,66.0,66.2,40400,2026-09-21,,,,,,,,
1789959240,66.2,66.3,66.2,66.3,5700,2026-09-21,,,,,,,,
1789959300,66.3,66.4,66.2,66.3,13700,2026-09-21,,,,,,,,
1789959360,66.3,66.3,66.2,66.3,21500,2026-09-21,,,,,,,,
1789959420,66.2,66.2,66.1,66.2,13500,2026-09-21,,,,,,,,
1789959480,66.2,66.3,66.1,66.1,5300,2026-09-21,,,,,,,,
1789959540,66.3,66.3,66.3,66.3,3900,2026-09-21,,,,,,,,
1789959600,66.3,66.3,66.2,66.2,14700,2026-09-21,,,,,,,,
1789959660,66.3,66.4,66.2,66.3,15600,2026-09-21,,,,,,,,
1789959720,66.3,66.3,66.2,66.3,11500,2026-09-21,,,,,,,,
1789959780,66.3,66.3,66.2,66.3,14200,2026-09-21,,,,,,,,
1789959840,66.3,66.3,66.2,66.2,8500,2026-09-21,,,,,,,,
1789959900,66.2,66.3,66.2,66.2,3600,2026-09-21,,,,,,,,
1789959960,66.3,66.3,66.2,66.3,13000,2026-09-21,,,,,,,,
1789960020,66.2,66.3,66.2,66.2,22400,2026-09-21,,,,,,,,
1789960080,66.3,66.3,66.2,66.2,5900,2026-09-21,,,,,,,,
1789960140,66.2,66.3,66.2,66.3,4700,2026-09-21,,,,,,,,
1789960200,66.3,66.3,66.2,66.3,6400,2026-09-21,,,,,,,,
1789960260,66.2,66.3,66.2,66.3,19500,2026-09-21,,,,,,,,
1789960320,66.2,66.3,66.2,66.3,68100,2026-09-21,,,,,,,,
1789960380,66.3,66.3,66.3,66.3,1300,2026-09-21,,,,,,,,
1789960440,66.3,66.3,66.2,66.3,14200,2026-09-21,,,,,,,,
1789960500,66.2,66.3,66.2,66.2,4600,2026-09-21,,,,,,,,
1789960560,66.2,66.3,66.2,66.3,2500,2026-09-21,,,,,,,,
1789960620,66.3,66.3,66.2,66.3,2900,2026-09-21,,,,,,,,
1789960680,66.3,66.3,66.2,66.2,12600,2026-09-21,,,,,,,,
1789960740,66.2,66.3,66.2,66.3,22200,2026-09-21,,,,,,,,
1789960800,66.3,66.3,66.2,66.3,33600,2026-09-21,,,,,,,,
1789960860,66.3,66.3,66.2,66.3,6700,2026-09-21,,,,,,,,
1789960920,66.3,66.3,66.2,66.2,48400,2026-09-21,,,,,,,,
1789960980,66.3,66.3,66.3,66.3,1700,2026-09-21,,,,,,,,
1789961040,66.3,66.3,66.2,66.2,5000,2026-09-21,,,,,,,,
1789961100,66.3,66.3,66.2,66.2,12500,2026-09-21,,,,,,,,
1789961160,66.2,66.3,66.2,66.3,5300,2026-09-21,,,,,,,,
1789961220,66.2,66.2,66.2,66.2,63500,2026-09-21,,,,,,,,
1789961280,66.2,66.3,66.2,66.2,10100,2026-09-21,,,,,,,,
1789961340,66.2,66.3,66.2,66.3,14600,2026-09-21,,,,,,,,
1789961400,66.2,66.3,66.2,66.2,8900,2026-09-21,,,,,,,,
1789961460,66.3,66.3,66.2,66.3,2500,2026-09-21,,,,,,,,
1789961520,66.2,66.3,66.2,66.2,14500,2026-09-21,,,,,,,,
1789961580,66.2,66.3,66.2,66.3,9500,2026-09-21,,,,,,,,
1789961640,66.3,66.3,66.3,66.3,1800,2026-09-21,,,,,,,,
1789961700,66.3,66.3,66.2,66.3,8400,2026-09-21,,,,,,,,
1789961760,66.3,66.3,66.2,66.3,13700,2026-09-21,,,,,,,,
1789961820,66.3,66.3,66.3,66.3,1800,2026-09-21,,,,,,,,
1789961880,66.3,66.3,66.2,66.3,4300,2026-09-21,,,,,,,,
1789961940,66.2,66.3,66.2,66.3,6200,2026-09-21,,,,,,,,
1789962000,66.3,66.3,66.2,66.2,12100,2026-09-21,,,,,,,,
1789962060,66.3,66.3,66.2,66.3,12800,2026-09-21,,,,,,,,
1789962120,66.3,66.3,66.2,66.3,9200,2026-09-21,,,,,,,,
1789962180,66.2,66.3,66.2,66.3,12000,2026-09-21,,,,,,,,
1789962240,66.3,66.3,66.2,66.3,4000,2026-09-21,,,,,,,,
1789962300,66.3,66.3,66.2,66.2,4200,2026-09-21,,,,,,,,
1789962360,66.2,66.3,66.2,66.2,7100,2026-09-21,,,,,,,,
1789962420,66.2,66.3,66.2,66.2,51000,2026-09-21,,,,,,,,
1789962480,66.2,66.3,66.2,66.3,3800,2026-09-21,,,,,,,,
1789962540,66.2,66.3,66.2,66.2,6400,2026-09-21,,,,,,,,
1789962600,66.2,66.3,66.2,66.2,10300,2026-09-21,,,,,,,,
1789962660,66.2,66.2,66.1,66.2,80700,2026-09-21,,,,,,,,
1789962720,66.2,66.2,66.1,66.1,15300,2026-09-21,,,,,,,,
1789962780,66.1,66.2,66.1,66.2,3100,2026-09-21,,,,,,,,
1789962840,66.2,66.2,66.1,66.2,63700,2026-09-21,,,,,,,,
1789962900,66.2,66.2,66.1,66.1,13300,2026-09-21,,,,,,,,
1789962960,66.2,66.2,66.1,66.2,12300,2026-09-21,,,,,,,,
1789963020,66.2,66.2,66.1,66.2,24700,2026-09-21,,,,,,,,
1789963080,66.1,66.3,66.1,66.2,25500,2026-09-21,,,,,,,,
1789963140,66.2,66.3,66.2,66.2,21500,2026-09-21,,,,,,,,
1789963200,66.2,66.3,66.1,66.1,11400,2026-09-21,,,,,,,,
1789963260,66.1,66.3,66.1,66.1,3000,2026-09-21,,,,,,,,
1789963320,66.1,66.3,66.1,66.2,34200,2026-09-21,,,,,,,,
1789963380,66.2,66.2,66.1,66.1,27800,2026-09-21,,,,,,,,
1789963440,66.2,66.2,66.0,66.0,48300,2026-09-21,,,,,,,,
1789963500,66.0,66.2,66.0,66.2,40800,2026-09-21,,,,,,,,
1789963560,66.1,66.2,66.1,66.2,11300,2026-09-21,,,,,,,,
1789963620,66.2,66.2,66.1,66.2,3200,2026-09-21,,,,,,,,
1789963680,66.1,66.2,66.1,66.1,5100,2026-09-21,,,,,,,,
1789963740,66.1,66.2,66.0,66.1,13000,2026-09-21,,,,,,,,
1789963800,66.1,66.1,66.0,66.1,8300,2026-09-21,,,,,,,,
1789963860,66.1,66.1,66.0,66.1,13700,2026-09-21,,,,,,,,
1789963920,66.1,66.2,66.0,66.0,25400,2026-09-21,,,,,,,,
1789963980,66.1,66.2,66.1,66.1,18200,2026-09-21,,,,,,,,
1789964040,66.0,66.2,66.0,66.1,9100,2026-09-21,,,,,,,,
1789964100,66.0,66.1,66.0,66.0,4400,2026-09-21,,,,,,,,
1789964160,66.0,66.2,66.0,66.2,26500,2026-09-21,,,,,,,,
1789964220,66.1,66.2,66.1,66.1,8400,2026-09-21,,,,,,,,
1789964280,66.2,66.2,66.1,66.2,5300,2026-09-21,,,,,,,,
1789964340,66.2,66.2,66.1,66.2,2900,2026-09-21,,,,,,,,
1789964400,66.2,66.2,66.1,66.2,19100,2026-09-21,,,,,,,,
1789964460,66.2,66.2,66.1,66.1,6700,2026-09-21,,,,,,,,
1789964520,66.1,66.2,66.1,66.1,18400,2026-09-21,,,,,,,,
1789964580,66.1,66.2,66.1,66.1,24000,2026-09-21,,,,,,,,
1789964640,66.1,66.2,66.1,66.2,6800,2026-09-21,,,,,,,,
1789964700,66.1,66.2,66.1,66.1,5500,2026-09-21,,,,,,,,
1789964760,66.2,66.2,66.1,66.2,12800,2026-09-21,,,,,,,,
1789964820,66.2,66.3,66.2,66.2,22400,2026-09-21,,,,,,,,
1789964880,66.2,66.3,66.2,66.3,3300,2026-09-21,,,,,,,,
1789964940,66.2,66.3,66.2,66.3,2900,2026-09-21,,,,,,,,
1789970400,66.3,66.3,66.1,66.1,101500,2026-09-21,,,,,,,,
1789970460,66.1,66.3,66.1,66.1,112300,2026-09-21,,,,,,,,
1789970520,66.2,66.2,66.0,66.1,26000,2026-09-21,,,,,,,,
1789970580,66.1,66.1,66.0,66.0,34900,2026-09-21,,,,,,,,
1789970640,66.1,66.1,66.0,66.0,28000,2026-09-21,,,,,,,,
1789970700,66.1,66.1,66.0,66.1,37800,2026-09-21,,,,,,,,
1789970760,66.1,66.1,66.0,66.1,28200,2026-09-21,,,,,,,,
1789970820,66.0,66.1,66.0,66.0,22800,2026-09-21,,,,,,,,
1789970880,66.0,66.1,66.0,66.1,39700,2026-09-21,,,,,,,,
1789970940,66.0,66.1,66.0,66.0,98800,2026-09-21,,,,,,,,
1789971000,66.0,66.1,66.0,66.0,30900,2026-09-21,,,,,,,,
1789971060,66.0,66.1,65.9,66.0,29600,2026-09-21,,,,,,,,
1789971120,66.0,66.1,65.9,65.9,16200,2026-09-21,,,,,,,,
1789971180,66.0,66.0,65.9,66.0,16700,2026-09-21,,,,,,,,
1789971240,66.0,66.0,65.9,65.9,36600,2026-09-21,,,,,,,,
1789971300,66.0,66.0,65.9,65.9,37400,2026-09-21,,,,,,,,
1789971360,65.9,66.0,65.8,65.9,30100,2026-09-21,,,,,,,,
1789971420,65.9,66.0,65.8,65.9,16800,2026-09-21,,,,,,,,
1789971480,65.9,66.0,65.8,66.0,6700,2026-09-21,,,,,,,,
1789971540,65.9,66.0,65.9,66.0,8300,2026-09-21,,,,,,,,
1789971600,66.0,66.0,65.9,65.9,23200,2026-09-21,,,,,,,,
1789971660,65.9,66.0,65.9,65.9,33800,2026-09-21,,,,,,,,
1789971720,65.8,66.0,65.8,65.8,28200,2026-09-21,,,,,,,,
1789971780,65.8,65.9,65.8,65.8,17800,2026-09-21,,,,,,,,
1789971840,65.8,65.9,65.8,65.9,6000,2026-09-21,,,,,,,,
1789971900,65.8,65.9,65.8,65.8,20100,2026-09-21,,,,,,,,
1789971960,65.8,65.9,65.8,65.8,55500,2026-09-21,,,,,,,,
1789972020,65.9,65.9,65.7,65.9,60200,2026-09-21,,,,,,,,
1789972080,65.9,65.9,65.7,65.8,14500,2026-09-21,,,,,,,,
1789972140,65.8,65.9,65.8,65.8,6800,2026-09-21,,,,,,,,
1789972200,65.8,66.0,65.8,66.0,84100,2026-09-21,,,,,,,,
1789972260,65.8,66.0,65.8,65.9,15600,2026-09-21,,,,,,,,
1789972320,65.9,65.9,65.8,65.8,26300,2026-09-21,,,,,,,,
1789972380,65.8,65.9,65.7,65.8,51100,2026-09-21,,,,,,,,
1789972440,65.7,65.8,65.7,65.7,28600,2026-09-21,,,,,,,,
1789972500,65.7,65.9,65.7,65.7,62300,2026-09-21,,,,,,,,
1789972560,65.7,65.8,65.6,65.6,27500,2026-09-21,,,,,,,,
1789972620,65.6,65.7,65.6,65.6,20200,2026-09-21,,,,,,,,
1789972680,65.7,65.7,65.6,65.7,25100,2026-09-21,,,,,,,,
1789972740,65.7,65.7,65.6,65.6,26800,2026-09-21,,,,,,,,
1789972800,65.6,65.7,65.6,65.6,20700,2026-09-21,,,,,,,,
1789972860,65.6,65.7,65.6,65.6,15500,2026-09-21,,,,,,,,
1789972920,65.6,65.7,65.6,65.6,14300,2026-09-21,,,,,,,,
1789972980,65.6,65.7,65.6,65.6,32400,2026-09-21,,,,,,,,
1789973040,65.6,65.7,65.5,65.6,17600,2026-09-21,,,,,,,,
1789973100,65.6,65.7,65.5,65.7,65200,2026-09-21,,,,,,,,
1789973160,65.6,65.7,65.6,65.7,17900,2026-09-21,,,,,,,,
1789973220,65.7,65.8,65.6,65.7,59400,2026-09-21,,,,,,,,
1789973280,65.7,65.8,65.7,65.8,16600,2026-09-21,,,,,,,,
1789973340,65.7,65.8,65.6,65.6,28800,2026-09-21,,,,,,,,
1789973400,65.6,65.7,65.6,65.6,24200,2026-09-21,,,,,,,,
1789973460,65.6,65.7,65.6,65.6,16200,2026-09-21,,,,,,,,
1789973520,65.6,65.7,65.5,65.6,130000,2026-09-21,,,,,,,,
1789973580,65.6,65.6,65.4,65.5,198000,2026-09-21,,,,,,,,
1789973640,65.5,65.5,65.4,65.4,42400,2026-09-21,,,,,,,,
1789973700,65.5,65.5,65.4,65.4,16300,2026-09-21,,,,,,,,
1789973760,65.4,65.5,65.3,65.4,70900,2026-09-21,,,,,,,,
1789973820,65.3,65.4,65.3,65.4,19200,2026-09-21,,,,,,,,
1789973880,65.3,65.4,65.3,65.4,71500,2026-09-21,,,,,,,,
1789973940,65.3,65.4,65.2,65.3,28600,2026-09-21,,,,,,,,
1789974000,65.2,65.3,65.2,65.3,36100,2026-09-21,,,,,,,,
1789974060,65.2,65.3,65.2,65.3,74400,2026-09-21,,,,,,,,
1789974120,65.2,65.3,65.2,65.3,51100,2026-09-21,,,,,,,,
1789974180,65.2,65.4,65.2,65.4,27400,2026-09-21,,,,,,,,
1789974240,65.3,65.4,65.3,65.4,21800,2026-09-21,,,,,,,,
1789974300,65.4,65.4,65.3,65.3,22800,2026-09-21,,,,,,,,
1789974360,65.4,65.5,65.3,65.4,53500,2026-09-21,,,,,,,,
1789974420,65.4,65.5,65.4,65.4,43600,2026-09-21,,,,,,,,
1789974480,65.5,65.5,65.4,65.4,10000,2026-09-21,,,,,,,,
1789974540,65.4,65.5,65.4,65.4,11300,2026-09-21,,,,,,,,
1789974600,65.4,65.5,65.4,65.5,28600,2026-09-21,,,,,,,,
1789974660,65.4,65.5,65.4,65.4,31800,2026-09-21,,,,,,,,
1789974720,65.4,65.5,65.4,65.4,29600,2026-09-21,,,,,,,,
1789974780,65.4,65.5,65.4,65.5,13200,2026-09-21,,,,,,,,
1789974840,65.5,65.6,65.4,65.4,78200,2026-09-21,,,,,,,,
1789974900,65.5,65.5,65.4,65.4,46000,2026-09-21,,,,,,,,
1789974960,65.5,65.5,65.3,65.4,48900,2026-09-21,,,,,,,,
1789975020,65.4,65.4,65.2,65.3,82100,2026-09-21,,,,,,,,
1789975080,65.3,65.4,65.2,65.3,37500,2026-09-21,,,,,,,,
1789975140,65.4,65.4,65.2,65.3,26700,2026-09-21,,,,,,,,
1789975200,65.3,65.3,65.2,65.3,61100,2026-09-21,,,,,,,,
1789975260,65.3,65.4,65.2,65.3,40900,2026-09-21,,,,,,,,
1789975320,65.3,65.4,65.2,65.3,22700,2026-09-21,,,,,,,,
1789975380,65.3,65.3,65.1,65.1,166100,2026-09-21,,,,,,,,
1789975440,65.2,65.2,65.0,65.1,148400,2026-09-21,,,,,,,,
1789975500,65.1,65.2,65.1,65.2,42500,2026-09-21,,,,,,,,
1789975560,65.1,65.3,65.1,65.3,57000,2026-09-21,,,,,,,,
1789975620,65.3,65.4,65.2,65.3,41600,2026-09-21,,,,,,,,
1789975680,65.3,65.4,65.2,65.3,81400,2026-09-21,,,,,,,,
1789975740,65.4,65.5,65.2,65.5,50300,2026-09-21,,,,,,,,
1789976700,66.4,66.4,66.4,66.4,802300,2026-09-21,,,,,,,,
1790043300,66.6,66.6,66.4,66.4,135200,2026-09-22,,,,,,,,
1790043360,66.4,66.4,66.3,66.4,42300,2026-09-22,,,,,,,,
1790043420,66.4,66.5,66.4,66.5,24300,2026-09-22,,,,,,,,
1790043480,66.6,66.6,66.5,66.6,20500,2026-09-22,,,,,,,,
1790043540,66.5,66.6,66.5,66.6,7400,2026-09-22,,,,,,,,
1790043600,66.6,66.6,66.5,66.5,60500,2026-09-22,,,,,,,,
1790043660,66.5,66.5,66.4,66.5,15500,2026-09-22,,,,,,,,
1790043720,66.5,66.5,66.4,66.4,14400,2026-09-22,,,,,,,,
1790043780,66.5,66.5,66.4,66.4,17800,2026-09-22,,,,,,,,
1790043840,66.4,66.5,66.4,66.4,12500,2026-09-22,,,,,,,,
1790043900,66.4,66.5,66.4,66.4,12100,2026-09-22,,,,,,,,
1790043960,66.4,66.5,66.3,66.4,29600,2026-09-22,,,,,,,,
1790044020,66.4,66.4,66.3,66.3,4000,2026-09-22,,,,,,,,
1790044080,66.4,66.5,66.3,66.5,15100,2026-09-22,,,,,,,,
1790044140,66.5,66.5,66.4,66.4,7400,2026-09-22,,,,,,,,
1790044200,66.5,66.6,66.4,66.5,116600,2026-09-22,,,,,,,,
1790044260,66.5,66.5,66.4,66.4,15700,2026-09-22,,,,,,,,
1790044320,66.5,66.6,66.4,66.5,24900,2026-09-22,,,,,,,,
1790044380,66.5,66.6,66.5,66.6,87300,2026-09-22,,,,,,,,
1790044440,66.6,66.7,66.6,66.7,12600,2026-09-22,,,,,,,,
1790044500,66.7,66.7,66.6,66.7,4400,2026-09-22,,,,,,,,
1790044560,66.6,66.7,66.6,66.7,45900,2026-09-22,,,,,,,,
1790044620,66.8,66.8,66.7,66.8,14100,2026-09-22,,,,,,,,
1790044680,66.8,66.8,66.7,66.8,32500,2026-09-22,,,,,,,,
1790044740,66.8,66.9,66.8,66.8,59000,2026-09-22,,,,,,,,
1790044800,66.9,66.9,66.8,66.9,30200,2026-09-22,,,,,,,,
1790044860,66.8,67.0,66.8,67.0,33300,2026-09-22,,,,,,,,
1790044920,67.0,67.0,66.9,67.0,6500,2026-09-22,,,,,,,,
1790044980,67.0,67.0,66.9,67.0,6900,2026-09-22,,,,,,,,
1790045040,66.9,67.0,66.9,66.9,12300,2026-09-22,,,,,,,,
1790045100,67.0,67.0,66.9,66.9,23900,2026-09-22,,,,,,,,
1790045160,66.9,67.0,66.9,67.0,7700,2026-09-22,,,,,,,,
1790045220,66.9,67.0,66.8,66.9,38300,2026-09-22,,,,,,,,
1790045280,66.9,66.9,66.8,66.8,12500,2026-09-22,,,,,,,,
1790045340,66.8,66.9,66.8,66.8,8000,2026-09-22,,,,,,,,
1790045400,66.8,66.9,66.8,66.8,5800,2026-09-22,,,,,,,,
1790045460,66.9,66.9,66.8,66.8,4500,2026-09-22,,,,,,,,
1790045520,66.8,66.9,66.8,66.9,4100,2026-09-22,,,,,,,,
1790045580,66.8,66.9,66.8,66.8,9100,2026-09-22,,,,,,,,
1790045640,66.8,66.9,66.8,66.9,12800,2026-09-22,,,,,,,,
1790045700,66.9,67.0,66.8,67.0,11000,2026-09-22,,,,,,,,
1790045760,67.0,67.0,66.9,67.0,13300,2026-09-22,,,,,,,,
1790045820,67.0,67.0,66.9,67.0,69500,2026-09-22,,,,,,,,
1790045880,67.0,67.0,66.9,67.0,15700,2026-09-22,,,,,,,,
1790045940,66.9,67.0,66.9,67.0,41000,2026-09-22,,,,,,,,
1790046000,66.9,67.0,66.9,66.9,11100,2026-09-22,,,,,,,,
1790046060,66.9,67.0,66.9,67.0,25000,2026-09-22,,,,,,,,
1790046120,67.0,67.0,66.9,67.0,10100,2026-09-22,,,,,,,,
1790046180,66.9,67.0,66.9,66.9,12200,2026-09-22,,,,,,,,
1790046240,67.0,67.0,66.9,67.0,61700,2026-09-22,,,,,,,,
1790046300,67.0,67.0,66.8,66.8,49100,2026-09-22,,,,,,,,
1790046360,66.8,66.8,66.8,66.8,9700,2026-09-22,,,,,,,,
1790046420,66.9,66.9,66.8,66.8,7900,2026-09-22,,,,,,,,
1790046480,66.8,66.9,66.8,66.8,2200,2026-09-22,,,,,,,,
1790046540,66.9,66.9,66.8,66.9,4600,2026-09-22,,,,,,,,
1790046600,66.9,66.9,66.8,66.9,4900,2026-09-22,,,,,,,,
1790046660,66.8,66.8,66.8,66.8,1900,2026-09-22,,,,,,,,
1790046720,66.8,66.9,66.8,66.8,4100,2026-09-22,,,,,,,,
1790046780,66.9,66.9,66.8,66.9,2400,2026-09-22,,,,,,,,
1790046840,66.9,66.9,66.8,66.9,3200,2026-09-22,,,,,,,,
1790046900,66.8,66.9,66.8,66.9,21100,2026-09-22,,,,,,,,
1790046960,66.8,66.9,66.8,66.9,14000,2026-09-22,,,,,,,,
1790047020,66.8,66.9,66.8,66.8,6600,2026-09-22,,,,,,,,
1790047080,66.8,66.8,66.7,66.7,81900,2026-09-22,,,,,,,,
1790047140,66.8,66.8,66.7,66.8,13300,2026-09-22,,,,,,,,
1790047200,66.8,66.8,66.7,66.7,9700,2026-09-22,,,,,,,,
1790047260,66.8,66.8,66.7,66.7,5300,2026-09-22,,,,,,,,
1790047320,66.7,66.8,66.7,66.7,7900,2026-09-22,,,,,,,,
1790047380,66.7,66.8,66.7,66.7,13300,2026-09-22,,,,,,,,
1790047440,66.7,66.8,66.7,66.8,38400,2026-09-22,,,,,,,,
1790047500,66.7,66.8,66.7,66.8,16400,2026-09-22,,,,,,,,
1790047560,66.8,66.8,66.7,66.7,7000,2026-09-22,,,,,,,,
1790047620,66.7,66.8,66.7,66.7,8000,2026-09-22,,,,,,,,
1790047680,66.7,66.8,66.7,66.8,5500,2026-09-22,,,,,,,,
1790047740,66.7,66.8,66.7,66.7,3400,2026-09-22,,,,,,,,
1790047800,66.8,66.8,66.7,66.7,7400,2026-09-22,,,,,,,,
1790047860,66.7,66.7,66.7,66.7,6800,2026-09-22,,,,,,,,
1790047920,66.7,66.8,66.7,66.7,5000,2026-09-22,,,,,,,,
1790047980,66.7,66.8,66.7,66.7,6800,2026-09-22,,,,,,,,
1790048040,66.7,66.7,66.6,66.6,109800,2026-09-22,,,,,,,,
1790048100,66.6,66.7,66.6,66.6,4400,2026-09-22,,,,,,,,
1790048160,66.6,66.7,66.6,66.6,5900,2026-09-22,,,,,,,,
1790048220,66.6,66.6,66.6,66.6,3200,2026-09-22,,,,,,,,
1790048280,66.6,66.7,66.6,66.7,5500,2026-09-22,,,,,,,,
1790048340,66.6,66.6,66.6,66.6,6100,2026-09-22,,,,,,,,
1790048400,66.6,66.6,66.6,66.6,7200,2026-09-22,,,,,,,,
1790048460,66.6,66.7,66.6,66.6,3900,2026-09-22,,,,,,,,
1790048520,66.6,66.7,66.6,66.6,29900,2026-09-22,,,,,,,,
1790048580,66.7,66.7,66.6,66.6,18100,2026-09-22,,,,,,,,
1790048640,66.6,66.7,66.6,66.6,10300,2026-09-22,,,,,,,,
1790048700,66.6,66.7,66.6,66.6,7400,2026-09-22,,,,,,,,
1790048760,66.6,66.6,66.6,66.6,6700,2026-09-22,,,,,,,,
1790048820,66.6,66.7,66.6,66.6,13200,2026-09-22,,,,,,,,
1790048880,66.6,66.6,66.6,66.6,5800,2026-09-22,,,,,,,,
1790048940,66.6,66.6,66.5,66.5,27800,2026-09-22,,,,,,,,
1790049000,66.5,66.6,66.5,66.5,8200,2026-09-22,,,,,,,,
1790049060,66.6,66.6,66.5,66.6,17100,2026-09-22,,,,,,,,
1790049120,66.6,66.6,66.5,66.5,5000,2026-09-22,,,,,,,,
1790049180,66.5,66.6,66.5,66.5,4700,2026-09-22,,,,,,,,
1790049240,66.5,66.6,66.5,66.5,25100,2026-09-22,,,,,,,,
1790049300,66.5,66.5,66.5,66.5,3900,2026-09-22,,,,,,,,
1790049360,66.5,66.5,66.5,66.5,8900,2026-09-22,,,,,,,,
1790049420,66.5,66.5,66.5,66.5,27800,2026-09-22,,,,,,,,
1790049480,66.5,66.5,66.4,66.4,30700,2026-09-22,,,,,,,,
1790049540,66.4,66.4,66.4,66.4,17200,2026-09-22,,,,,,,,
1790049600,66.4,66.5,66.4,66.4,23100,2026-09-22,,,,,,,,
1790049660,66.4,66.5,66.4,66.4,4700,2026-09-22,,,,,,,,
1790049720,66.4,66.5,66.4,66.5,2800,2026-09-22,,,,,,,,
1790049780,66.4,66.5,66.4,66.5,20600,2026-09-22,,,,,,,,
1790049840,66.4,66.4,66.4,66.4,25700,2026-09-22,,,,,,,,
1790049900,66.5,66.5,66.4,66.4,3200,2026-09-22,,,,,,,,
1790049960,66.4,66.5,66.4,66.4,22000,2026-09-22,,,,,,,,
1790050020,66.4,66.4,66.4,66.4,3300,2026-09-22,,,,,,,,
1790050080,66.4,66.5,66.4,66.4,2600,2026-09-22,,,,,,,,
1790050140,66.4,66.5,66.4,66.4,3500,2026-09-22,,,,,,,,
1790050200,66.4,66.5,66.4,66.4,7600,2026-09-22,,,,,,,,
1790050260,66.4,66.5,66.4,66.5,9400,2026-09-22,,,,,,,,
1790050320,66.4,66.5,66.4,66.4,22100,2026-09-22,,,,,,,,
1790050380,66.4,66.5,66.4,66.4,16200,2026-09-22,,,,,,,,
1790050440,66.4,66.4,66.4,66.4,4700,2026-09-22,,,,,,,,
1790050500,66.4,66.5,66.4,66.4,15500,2026-09-22,,,,,,,,
1790050560,66.4,66.5,66.4,66.4,4000,2026-09-22,,,,,,,,
1790050620,66.4,66.5,66.4,66.5,16600,2026-09-22,,,,,,,,
1790050680,66.4,66.5,66.4,66.4,5500,2026-09-22,,,,,,,,
1790050740,66.4,66.5,66.4,66.5,6900,2026-09-22,,,,,,,,
1790050800,66.4,66.5,66.4,66.4,8300,2026-09-22,,,,,,,,
1790050860,66.5,66.5,66.4,66.5,17900,2026-09-22,,,,,,,,
1790050920,66.4,66.5,66.4,66.5,6700,2026-09-22,,,,,,,,
1790050980,66.4,66.5,66.4,66.4,3400,2026-09-22,,,,,,,,
1790051040,66.5,66.5,66.4,66.5,6900,2026-09-22,,,,,,,,
1790051100,66.5,66.7,66.4,66.7,45700,2026-09-22,,,,,,,,
1790051160,66.7,66.7,66.5,66.7,25400,2026-09-22,,,,,,,,
1790051220,66.6,66.7,66.6,66.6,6800,2026-09-22,,,,,,,,
1790051280,66.6,66.7,66.5,66.6,6000,2026-09-22,,,,,,,,
1790051340,66.7,66.7,66.7,66.7,3500,2026-09-22,,,,,,,,
1790056800,66.6,66.7,66.4,66.5,127500,2026-09-22,,,,,,,,
1790056860,66.5,66.6,66.5,66.6,50800,2026-09-22,,,,,,,,
1790056920,66.6,66.6,66.5,66.5,24800,2026-09-22,,,,,,,,
1790056980,66.6,66.6,66.5,66.6,7100,2026-09-22,,,,,,,,
1790057040,66.6,66.6,66.5,66.5,6900,2026-09-22,,,,,,,,
1790057100,66.6,66.6,66.5,66.5,9700,2026-09-22,,,,,,,,
1790057160,66.6,66.6,66.5,66.6,17600,2026-09-22,,,,,,,,
1790057220,66.6,66.6,66.5,66.6,6800,2026-09-22,,,,,,,,
1790057280,66.6,66.7,66.5,66.6,6000,2026-09-22,,,,,,,,
1790057340,66.5,66.6,66.5,66.5,7200,2026-09-22,,,,,,,,
1790057400,66.6,66.6,66.5,66.5,5000,2026-09-22,,,,,,,,
1790057460,66.5,66.6,66.5,66.5,15900,2026-09-22,,,,,,,,
1790057520,66.5,66.6,66.4,66.4,12600,2026-09-22,,,,,,,,
1790057580,66.5,66.6,66.4,66.5,10300,2026-09-22,,,,,,,,
1790057640,66.5,66.5,66.4,66.5,5300,2026-09-22,,,,,,,,
1790057700,66.4,66.5,66.4,66.5,8000,2026-09-22,,,,,,,,
1790057760,66.5,66.5,66.4,66.5,3400,2026-09-22,,,,,,,,
1790057820,66.5,66.5,66.4,66.5,6600,2026-09-22,,,,,,,,
1790057880,66.5,66.5,66.4,66.5,5100,2026-09-22,,,,,,,,
1790057940,66.5,66.5,66.4,66.4,8200,2026-09-22,,,,,,,,
1790058000,66.5,66.5,66.4,66.4,15100,2026-09-22,,,,,,,,
1790058060,66.5,66.5,66.4,66.5,9000,2026-09-22,,,,,,,,
1790058120,66.5,66.5,66.4,66.5,3100,2026-09-22,,,,,,,,
1790058180,66.5,66.5,66.4,66.5,5300,2026-09-22,,,,,,,,
1790058240,66.4,66.5,66.4,66.4,8800,2026-09-22,,,,,,,,
1790058300,66.5,66.5,66.4,66.5,9400,2026-09-22,,,,,,,,
1790058360,66.5,66.5,66.4,66.5,9300,2026-09-22,,,,,,,,
1790058420,66.5,66.5,66.4,66.4,5100,2026-09-22,,,,,,,,
1790058480,66.4,66.5,66.4,66.5,10500,2026-09-22,,,,,,,,
1790058540,66.5,66.5,66.4,66.4,12900,2026-09-22,,,,,,,,
1790058600,66.5,66.6,66.4,66.5,13000,2026-09-22,,,,,,,,
1790058660,66.6,66.6,66.4,66.4,27100,2026-09-22,,,,,,,,
1790058720,66.5,66.5,66.4,66.5,12900,2026-09-22,,,,,,,,
1790058780,66.4,66.5,66.4,66.4,19600,2026-09-22,,,,,,,,
1790058840,66.4,66.5,66.4,66.4,9400,2026-09-22,,,,,,,,
1790058900,66.5,66.5,66.4,66.4,6800,2026-09-22,,,,,,,,
1790058960,66.4,66.5,66.4,66.5,15800,2026-09-22,,,,,,,,
1790059020,66.5,66.5,66.4,66.4,7400,2026-09-22,,,,,,,,
1790059080,66.4,66.5,66.4,66.5,8900,2026-09-22,,,,,,,,
1790059140,66.5,66.5,66.4,66.5,23100,2026-09-22,,,,,,,,
1790059200,66.4,66.5,66.3,66.3,24200,2026-09-22,,,,,,,,
1790059260,66.4,66.4,66.3,66.3,12500,2026-09-22,,,,,,,,
1790059320,66.5,66.5,66.4,66.5,11000,2026-09-22,,,,,,,,
1790059380,66.5,66.5,66.4,66.4,34800,2026-09-22,,,,,,,,
1790059440,66.5,66.5,66.4,66.5,4700,2026-09-22,,,,,,,,
1790059500,66.4,66.5,66.4,66.4,21800,2026-09-22,,,,,,,,
1790059560,66.5,66.6,66.4,66.6,31200,2026-09-22,,,,,,,,
1790059620,66.5,66.6,66.5,66.5,8800,2026-09-22,,,,,,,,
1790059680,66.5,66.6,66.4,66.5,20700,2026-09-22,,,,,,,,
1790059740,66.5,66.5,66.4,66.4,21300,2026-09-22,,,,,,,,
1790059800,66.4,66.5,66.4,66.5,5800,2026-09-22,,,,,,,,
1790059860,66.5,66.5,66.4,66.5,4500,2026-09-22,,,,,,,,
1790059920,66.4,66.5,66.4,66.4,12400,2026-09-22,,,,,,,,
1790059980,66.5,66.5,66.4,66.4,22800,2026-09-22,,,,,,,,
1790060040,66.5,66.5,66.4,66.5,19800,2026-09-22,,,,,,,,
1790060100,66.5,66.5,66.4,66.5,5500,2026-09-22,,,,,,,,
1790060160,66.4,66.5,66.4,66.5,18900,2026-09-22,,,,,,,,
1790060220,66.4,66.5,66.4,66.5,5500,2026-09-22,,,,,,,,
1790060280,66.4,66.5,66.4,66.4,50200,2026-09-22,,,,,,,,
1790060340,66.5,66.5,66.4,66.4,6400,2026-09-22,,,,,,,,
1790060400,66.4,66.5,66.3,66.5,27900,2026-09-22,,,,,,,,
1790060460,66.4,66.5,66.4,66.4,27100,2026-09-22,,,,,,,,
1790060520,66.3,66.5,66.3,66.5,16900,2026-09-22,,,,,,,,
1790060580,66.4,66.4,66.3,66.4,29500,2026-09-22,,,,,,,,
1790060640,66.4,66.4,66.3,66.3,22400,2026-09-22,,,,,,,,
1790060700,66.4,66.4,66.3,66.4,21300,2026-09-22,,,,,,,,
1790060760,66.3,66.4,66.3,66.3,70900,2026-09-22,,,,,,,,
1790060820,66.4,66.4,66.3,66.3,39500,2026-09-22,,,,,,,,
1790060880,66.3,66.4,66.3,66.4,31100,2026-09-22,,,,,,,,
1790060940,66.3,66.4,66.3,66.3,55800,2026-09-22,,,,,,,,
1790061000,66.3,66.4,66.2,66.3,38100,2026-09-22,,,,,,,,
1790061060,66.3,66.4,66.2,66.4,17800,2026-09-22,,,,,,,,
1790061120,66.3,66.4,66.2,66.3,14600,2026-09-22,,,,,,,,
1790061180,66.3,66.4,66.2,66.3,13200,2026-09-22,,,,,,,,
1790061240,66.3,66.4,66.2,66.4,13100,2026-09-22,,,,,,,,
1790061300,66.3,66.4,66.3,66.4,19200,2026-09-22,,,,,,,,
1790061360,66.4,66.4,66.3,66.3,10100,2026-09-22,,,,,,,,
1790061420,66.2,66.3,66.2,66.3,18300,2026-09-22,,,,,,,,
1790061480,66.2,66.3,66.2,66.3,8700,2026-09-22,,,,,,,,
1790061540,66.2,66.3,66.2,66.3,9100,2026-09-22,,,,,,,,
1790061600,66.2,66.3,66.2,66.3,40700,2026-09-22,,,,,,,,
1790061660,66.2,66.3,66.2,66.3,11300,2026-09-22,,,,,,,,
1790061720,66.3,66.3,66.2,66.3,30200,2026-09-22,,,,,,,,
1790061780,66.3,66.3,66.2,66.3,34400,2026-09-22,,,,,,,,
1790061840,66.4,66.4,66.2,66.4,5600,2026-09-22,,,,,,,,
1790061900,66.3,66.4,66.3,66.4,8400,2026-09-22,,,,,,,,
1790061960,66.3,66.4,66.3,66.4,11500,2026-09-22,,,,,,,,
1790062020,66.3,66.4,66.3,66.4,25500,2026-09-22,,,,,,,,
1790062080,66.4,66.4,66.3,66.4,45400,2026-09-22,,,,,,,,
1790062140,66.5,66.5,66.4,66.5,5000,2026-09-22,,,,,,,,
1790063100,66.6,66.6,66.6,66.6,846300,2026-09-22,,,,,,,,
1790129700,66.6,66.6,66.3,66.4,76700,2026-09-23,,,,,,,,
1790129760,66.4,66.4,66.3,66.3,10900,2026-09-23,,,,,,,,
1790129820,66.4,66.4,66.3,66.3,8400,2026-09-23,,,,,,,,
1790129880,66.4,66.4,66.3,66.3,7800,2026-09-23,,,,,,,,
1790129940,66.4,66.5,66.4,66.4,11600,2026-09-23,,,,,,,,
1790130000,66.4,66.5,66.4,66.5,15300,2026-09-23,,,,,,,,
1790130060,66.5,66.6,66.5,66.6,9400,2026-09-23,,,,,,,,
1790130120,66.5,66.6,66.5,66.5,13100,2026-09-23,,,,,,,,
1790130180,66.5,66.6,66.5,66.5,8600,2026-09-23,,,,,,,,
1790130240,66.5,66.5,66.5,66.5,7000,2026-09-23,,,,,,,,
1790130300,66.5,66.5,66.5,66.5,6200,2026-09-23,,,,,,,,
1790130360,66.5,66.6,66.5,66.6,8500,2026-09-23,,,,,,,,
1790130420,66.6,66.6,66.5,66.6,3900,2026-09-23,,,,,,,,
1790130480,66.6,66.6,66.4,66.4,14300,2026-09-23,,,,,,,,
1790130540,66.4,66.5,66.4,66.5,5100,2026-09-23,,,,,,,,
1790130600,66.5,66.5,66.4,66.4,7000,2026-09-23,,,,,,,,
1790130660,66.5,66.5,66.4,66.4,9300,2026-09-23,,,,,,,,
1790130720,66.4,66.4,66.4,66.4,14300,2026-09-23,,,,,,,,
1790130780,66.4,66.4,66.3,66.3,16700,2026-09-23,,,,,,,,
1790130840,66.3,66.3,66.2,66.2,99600,2026-09-23,,,,,,,,
1790130900,66.2,66.3,66.2,66.3,3700,2026-09-23,,,,,,,,
1790130960,66.3,66.3,66.2,66.2,3100,2026-09-23,,,,,,,,
1790131020,66.2,66.3,66.2,66.2,6100,2026-09-23,,,,,,,,
1790131080,66.2,66.3,66.2,66.3,18100,2026-09-23,,,,,,,,
1790131140,66.3,66.3,66.2,66.3,49100,2026-09-23,,,,,,,,
1790131200,66.2,66.2,66.2,66.2,14900,2026-09-23,,,,,,,,
1790131260,66.2,66.3,66.2,66.3,25600,2026-09-23,,,,,,,,
1790131320,66.3,66.3,66.2,66.2,14500,2026-09-23,,,,,,,,
1790131380,66.2,66.2,66.2,66.2,18700,2026-09-23,,,,,,,,
1790131440,66.2,66.3,66.2,66.2,4600,2026-09-23,,,,,,,,
1790131500,66.2,66.2,66.2,66.2,400,2026-09-23,,,,,,,,
1790131560,66.2,66.3,66.2,66.2,24200,2026-09-23,,,,,,,,
1790131620,66.2,66.3,66.2,66.2,14300,2026-09-23,,,,,,,,
1790131680,66.2,66.2,66.2,66.2,2400,2026-09-23,,,,,,,,
1790131740,66.2,66.3,66.2,66.3,3100,2026-09-23,,,,,,,,
1790131800,66.3,66.3,66.2,66.2,10200,2026-09-23,,,,,,,,
1790131860,66.2,66.3,66.2,66.3,2600,2026-09-23,,,,,,,,
1790131920,66.3,66.3,66.3,66.3,4100,2026-09-23,,,,,,,,
1790131980,66.2,66.3,66.2,66.3,1200,2026-09-23,,,,,,,,
1790132040,66.3,66.3,66.3,66.3,14400,2026-09-23,,,,,,,,
1790132100,66.3,66.3,66.2,66.3,44400,2026-09-23,,,,,,,,
1790132160,66.3,66.3,66.3,66.3,20500,2026-09-23,,,,,,,,
1790132220,66.2,66.3,66.2,66.3,4100,2026-09-23,,,,,,,,
1790132280,66.2,66.3,66.2,66.3,7500,2026-09-23,,,,,,,,
1790132340,66.3,66.3,66.2,66.3,7300,2026-09-23,,,,,,,,
1790132400,66.2,66.3,66.2,66.3,43300,2026-09-23,,,,,,,,
1790132460,66.3,66.3,66.2,66.2,36100,2026-09-23,,,,,,,,
1790132520,66.2,66.3,66.2,66.3,9800,2026-09-23,,,,,,,,
1790132580,66.2,66.3,66.2,66.2,35700,2026-09-23,,,,,,,,
1790132640,66.2,66.2,66.1,66.2,32300,2026-09-23,,,,,,,,
1790132700,66.2,66.2,66.2,66.2,10400,2026-09-23,,,,,,,,
1790132760,66.2,66.2,66.1,66.2,13700,2026-09-23,,,,,,,,
1790132820,66.2,66.2,66.2,66.2,13900,2026-09-23,,,,,,,,
1790132880,66.2,66.3,66.2,66.3,4900,2026-09-23,,,,,,,,
1790132940,66.3,66.3,66.1,66.2,43700,2026-09-23,,,,,,,,
1790133000,66.2,66.3,66.2,66.3,9700,2026-09-23,,,,,,,,
1790133060,66.3,66.3,66.2,66.3,15300,2026-09-23,,,,,,,,
1790133120,66.3,66.3,66.2,66.2,17000,2026-09-23,,,,,,,,
1790133180,66.2,66.2,66.1,66.2,28500,2026-09-23,,,,,,,,
1790133240,66.3,66.3,66.2,66.2,11400,2026-09-23,,,,,,,,
1790133300,66.2,66.3,66.2,66.3,18800,2026-09-23,,,,,,,,
1790133360,66.3,66.3,66.2,66.2,15400,2026-09-23,,,,,,,,
1790133420,66.2,66.3,66.2,66.3,24200,2026-09-23,,,,,,,,
1790133480,66.2,66.2,66.2,66.2,7600,2026-09-23,,,,,,,,
1790133540,66.2,66.2,66.2,66.2,11400,2026-09-23,,,,,,,,
1790133600,66.2,66.2,66.2,66.2,1400,2026-09-23,,,,,,,,
1790133660,66.2,66.3,66.2,66.2,29300,2026-09-23,,,,,,,,
1790133720,66.2,66.2,66.2,66.2,2800,2026-09-23,,,,,,,,
1790133780,66.2,66.2,66.2,66.2,9600,2026-09-23,,,,,,,,
1790133840,66.3,66.3,66.1,66.2,18100,2026-09-23,,,,,,,,
1790133900,66.2,66.3,66.2,66.3,2200,2026-09-23,,,,,,,,
1790133960,66.3,66.3,66.2,66.2,1300,2026-09-23,,,,,,,,
1790134020,66.2,66.3,66.2,66.2,18400,2026-09-23,,,,,,,,
1790134080,66.2,66.2,66.2,66.2,2300,2026-09-23,,,,,,,,
1790134140,66.2,66.2,66.2,66.2,11000,2026-09-23,,,,,,,,
1790134200,66.3,66.3,66.2,66.2,8800,2026-09-23,,,,,,,,
1790134260,66.3,66.3,66.2,66.2,4200,2026-09-23,,,,,,,,
1790134320,66.2,66.2,66.2,66.2,10700,2026-09-23,,,,,,,,
1790134380,66.2,66.2,66.2,66.2,7000,2026-09-23,,,,,,,,
1790134440,66.2,66.3,66.2,66.2,2100,2026-09-23,,,,,,,,
1790134500,66.2,66.3,66.2,66.2,3100,2026-09-23,,,,,,,,
1790134560,66.2,66.2,66.2,66.2,6900,2026-09-23,,,,,,,,
1790134620,66.3,66.3,66.2,66.3,11600,2026-09-23,,,,,,,,
1790134680,66.3,66.3,66.3,66.3,3800,2026-09-23,,,,,,,,
1790134740,66.3,66.3,66.2,66.2,18800,2026-09-23,,,,,,,,
1790134800,66.2,66.3,66.2,66.2,1800,2026-09-23,,,,,,,,
1790134860,66.2,66.3,66.2,66.3,1600,2026-09-23,,,,,,,,
1790134920,66.3,66.3,66.2,66.2,18500,2026-09-23,,,,,,,,
1790134980,66.2,66.3,66.2,66.3,4000,2026-09-23,,,,,,,,
1790135040,66.3,66.3,66.3,66.3,300,2026-09-23,,,,,,,,
1790135100,66.3,66.3,66.2,66.2,8500,2026-09-23,,,,,,,,
1790135160,66.2,66.2,66.2,66.2,3200,2026-09-23,,,,,,,,
1790135220,66.3,66.3,66.2,66.2,4700,2026-09-23,,,,,,,,
1790135280,66.3,66.3,66.2,66.3,2200,2026-09-23,,,,,,,,
1790135340,66.2,66.3,66.2,66.3,21900,2026-09-23,,,,,,,,
1790135400,66.3,66.3,66.3,66.3,3200,2026-09-23,,,,,,,,
1790135460,66.3,66.4,66.2,66.4,29700,2026-09-23,,,,,,,,
1790135520,66.3,66.5,66.2,66.5,23800,2026-09-23,,,,,,,,
1790135580,66.5,66.5,66.4,66.5,12100,2026-09-23,,,,,,,,
1790135640,66.4,66.5,66.4,66.4,3500,2026-09-23,,,,,,,,
1790135700,66.4,66.5,66.3,66.3,6800,2026-09-23,,,,,,,,
1790135760,66.3,66.5,66.3,66.5,1200,2026-09-23,,,,,,,,
1790135820,66.4,66.4,66.4,66.4,1200,2026-09-23,,,,,,,,
1790135880,66.4,66.4,66.4,66.4,11000,2026-09-23,,,,,,,,
1790135940,66.5,66.5,66.4,66.5,8000,2026-09-23,,,,,,,,
1790136000,66.5,66.7,66.5,66.7,90800,2026-09-23,,,,,,,,
1790136060,66.7,66.8,66.7,66.8,89500,2026-09-23,,,,,,,,
1790136120,66.8,67.0,66.8,66.9,82700,2026-09-23,,,,,,,,
1790136180,66.9,66.9,66.9,66.9,6800,2026-09-23,,,,,,,,
1790136240,66.9,66.9,66.8,66.8,28800,2026-09-23,,,,,,,,
1790136300,66.9,67.0,66.8,67.0,12000,2026-09-23,,,,,,,,
1790136360,66.9,66.9,66.9,66.9,2900,2026-09-23,,,,,,,,
1790136420,66.9,66.9,66.8,66.9,8600,2026-09-23,,,,,,,,
1790136480,66.9,66.9,66.9,66.9,16800,2026-09-23,,,,,,,,
1790136540,66.9,66.9,66.9,66.9,4000,2026-09-23,,,,,,,,
1790136600,66.9,66.9,66.8,66.8,1100,2026-09-23,,,,,,,,
1790136660,66.8,66.8,66.8,66.8,1600,2026-09-23,,,,,,,,
1790136720,66.8,66.8,66.8,66.8,11900,2026-09-23,,,,,,,,
1790136780,66.8,66.8,66.8,66.8,10300,2026-09-23,,,,,,,,
1790136840,66.8,66.8,66.8,66.8,26600,2026-09-23,,,,,,,,
1790136900,66.8,66.9,66.7,66.8,50000,2026-09-23,,,,,,,,
1790136960,66.8,66.8,66.8,66.8,2200,2026-09-23,,,,,,,,
1790137020,66.8,66.8,66.8,66.8,1000,2026-09-23,,,,,,,,
1790137080,66.8,66.8,66.7,66.8,9700,2026-09-23,,,,,,,,
1790137140,66.8,66.8,66.7,66.8,1500,2026-09-23,,,,,,,,
1790137200,66.8,66.8,66.7,66.8,8000,2026-09-23,,,,,,,,
1790137260,66.7,66.8,66.7,66.7,19100,2026-09-23,,,,,,,,
1790137320,66.7,66.7,66.7,66.7,2800,2026-09-23,,,,,,,,
1790137380,66.7,66.7,66.6,66.7,6700,2026-09-23,,,,,,,,
1790137440,66.7,66.7,66.6,66.7,3600,2026-09-23,,,,,,,,
1790137500,66.7,66.7,66.6,66.7,1800,2026-09-23,,,,,,,,
1790137560,66.7,66.7,66.6,66.6,15100,2026-09-23,,,,,,,,
1790137620,66.7,66.7,66.6,66.7,26000,2026-09-23,,,,,,,,
1790137680,66.6,66.7,66.6,66.7,1800,2026-09-23,,,,,,,,
1790137740,66.7,66.7,66.6,66.7,2900,2026-09-23,,,,,,,,
1790143200,66.7,66.8,66.6,66.6,66900,2026-09-23,,,,,,,,
1790143260,66.7,66.8,66.6,66.7,44800,2026-09-23,,,,,,,,
1790143320,66.7,66.8,66.7,66.8,29100,2026-09-23,,,,,,,,
1790143380,66.8,66.8,66.6,66.7,68400,2026-09-23,,,,,,,,
1790143440,66.8,66.8,66.7,66.8,19000,2026-09-23,,,,,,,,
1790143500,66.8,66.8,66.7,66.7,17200,2026-09-23,,,,,,,,
1790143560,66.7,66.7,66.6,66.7,10700,2026-09-23,,,,,,,,
1790143620,66.7,66.7,66.6,66.6,1600,2026-09-23,,,,,,,,
1790143680,66.7,66.7,66.6,66.6,12700,2026-09-23,,,,,,,,
1790143740,66.6,66.6,66.6,66.6,21700,2026-09-23,,,,,,,,
1790143800,66.6,66.6,66.5,66.5,15900,2026-09-23,,,,,,,,
1790143860,66.5,66.5,66.5,66.5,10200,2026-09-23,,,,,,,,
1790143920,66.5,66.6,66.5,66.6,1200,2026-09-23,,,,,,,,
1790143980,66.5,66.5,66.5,66.5,1200,2026-09-23,,,,,,,,
1790144040,66.5,66.5,66.5,66.5,7100,2026-09-23,,,,,,,,
1790144100,66.6,66.6,66.6,66.6,1700,2026-09-23,,,,,,,,
1790144160,66.5,66.5,66.5,66.5,30600,2026-09-23,,,,,,,,
1790144220,66.5,66.5,66.5,66.5,6000,2026-09-23,,,,,,,,
1790144280,66.5,66.5,66.4,66.4,7100,2026-09-23,,,,,,,,
1790144340,66.4,66.5,66.4,66.4,1700,2026-09-23,,,,,,,,
1790144400,66.4,66.5,66.4,66.4,2000,2026-09-23,,,,,,,,
1790144460,66.5,66.5,66.5,66.5,18000,2026-09-23,,,,,,,,
1790144520,66.5,66.5,66.5,66.5,1600,2026-09-23,,,,,,,,
1790144580,66.5,66.5,66.4,66.4,1800,2026-09-23,,,,,,,,
1790144640,66.4,66.5,66.4,66.5,12200,2026-09-23,,,,,,,,
1790144700,66.5,66.5,66.4,66.5,1800,2026-09-23,,,,,,,,
1790144760,66.4,66.5,66.4,66.4,8400,2026-09-23,,,,,,,,
1790144820,66.5,66.5,66.4,66.4,1300,2026-09-23,,,,,,,,
1790144880,66.4,66.5,66.4,66.5,4600,2026-09-23,,,,,,,,
1790144940,66.5,66.5,66.4,66.4,5400,2026-09-23,,,,,,,,
1790145000,66.4,66.5,66.4,66.5,5900,2026-09-23,,,,,,,,
1790145060,66.5,66.5,66.4,66.5,7600,2026-09-23,,,,,,,,
1790145120,66.5,66.5,66.4,66.5,11100,2026-09-23,,,,,,,,
1790145180,66.4,66.5,66.4,66.5,3800,2026-09-23,,,,,,,,
1790145240,66.5,66.5,66.5,66.5,4600,2026-09-23,,,,,,,,
1790145300,66.4,66.5,66.4,66.4,3700,2026-09-23,,,,,,,,
1790145360,66.4,66.5,66.4,66.5,15000,2026-09-23,,,,,,,,
1790145420,66.5,66.5,66.4,66.5,2500,2026-09-23,,,,,,,,
1790145480,66.5,66.5,66.4,66.4,4200,2026-09-23,,,,,,,,
1790145540,66.4,66.5,66.4,66.4,13400,2026-09-23,,,,,,,,
1790145600,66.4,66.5,66.3,66.4,38800,2026-09-23,,,,,,,,
1790145660,66.4,66.4,66.3,66.4,20300,2026-09-23,,,,,,,,
1790145720,66.4,66.4,66.4,66.4,2500,2026-09-23,,,,,,,,
1790145780,66.3,66.5,66.3,66.4,28400,2026-09-23,,,,,,,,
1790145840,66.4,66.4,66.4,66.4,6200,2026-09-23,,,,,,,,
1790145900,66.4,66.4,66.4,66.4,10600,2026-09-23,,,,,,,,
1790145960,66.4,66.4,66.3,66.4,14600,2026-09-23,,,,,,,,
1790146020,66.4,66.5,66.4,66.5,8000,2026-09-23,,,,,,,,
1790146080,66.5,66.5,66.4,66.4,6900,2026-09-23,,,,,,,,
1790146140,66.4,66.4,66.4,66.4,10400,2026-09-23,,,,,,,,
1790146200,66.4,66.4,66.4,66.4,15500,2026-09-23,,,,,,,,
1790146260,66.4,66.5,66.4,66.4,8400,2026-09-23,,,,,,,,
1790146320,66.4,66.5,66.4,66.5,1700,2026-09-23,,,,,,,,
1790146380,66.5,66.5,66.4,66.4,3900,2026-09-23,,,,,,,,
1790146440,66.5,66.5,66.4,66.4,5600,2026-09-23,,,,,,,,
1790146500,66.4,66.5,66.4,66.5,2700,2026-09-23,,,,,,,,
1790146560,66.5,66.5,66.4,66.5,27900,2026-09-23,,,,,,,,
1790146620,66.4,66.5,66.4,66.4,1500,2026-09-23,,,,,,,,
1790146680,66.5,66.5,66.5,66.5,1100,2026-09-23,,,,,,,,
1790146740,66.5,66.5,66.5,66.5,35700,2026-09-23,,,,,,,,
1790146800,66.4,66.4,66.4,66.4,1900,2026-09-23,,,,,,,,
1790146860,66.5,66.5,66.4,66.5,3800,2026-09-23,,,,,,,,
1790146920,66.4,66.4,66.4,66.4,2200,2026-09-23,,,,,,,,
1790146980,66.4,66.5,66.4,66.4,6700,2026-09-23,,,,,,,,
1790147040,66.4,66.5,66.4,66.4,9200,2026-09-23,,,,,,,,
1790147100,66.5,66.5,66.3,66.3,69600,2026-09-23,,,,,,,,
1790147160,66.3,66.3,66.3,66.3,25200,2026-09-23,,,,,,,,
1790147220,66.3,66.4,66.3,66.3,11900,2026-09-23,,,,,,,,
1790147280,66.3,66.3,66.3,66.3,18200,2026-09-23,,,,,,,,
1790147340,66.4,66.4,66.3,66.3,22700,2026-09-23,,,,,,,,
1790147400,66.3,66.3,66.3,66.3,25000,2026-09-23,,,,,,,,
1790147460,66.3,66.4,66.3,66.4,7700,2026-09-23,,,,,,,,
1790147520,66.3,66.4,66.2,66.2,50300,2026-09-23,,,,,,,,
1790147580,66.2,66.3,66.2,66.2,20100,2026-09-23,,,,,,,,
1790147640,66.2,66.3,66.2,66.2,8900,2026-09-23,,,,,,,,
1790147700,66.2,66.3,66.2,66.2,15500,2026-09-23,,,,,,,,
1790147760,66.2,66.3,66.2,66.2,7200,2026-09-23,,,,,,,,
1790147820,66.3,66.3,66.2,66.2,7700,2026-09-23,,,,,,,,
1790147880,66.2,66.3,66.2,66.2,83300,2026-09-23,,,,,,,,
1790147940,66.2,66.3,66.2,66.2,22200,2026-09-23,,,,,,,,
1790148000,66.2,66.3,66.1,66.2,29000,2026-09-23,,,,,,,,
1790148060,66.2,66.3,66.1,66.2,28300,2026-09-23,,,,,,,,
1790148120,66.2,66.3,66.1,66.2,15200,2026-09-23,,,,,,,,
1790148180,66.2,66.3,66.2,66.2,4700,2026-09-23,,,,,,,,
1790148240,66.2,66.3,66.2,66.3,11000,2026-09-23,,,,,,,,
1790148300,66.2,66.3,66.2,66.3,43100,2026-09-23,,,,,,,,
1790148360,66.3,66.3,66.2,66.3,9700,2026-09-23,,,,,,,,
1790148420,66.3,66.3,66.2,66.3,7000,2026-09-23,,,,,,,,
1790148480,66.2,66.3,66.2,66.3,16600,2026-09-23,,,,,,,,
1790148540,66.3,66.4,66.2,66.4,19700,2026-09-23,,,,,,,,
1790149500,66.1,66.1,66.1,66.1,130400,2026-09-23,,,,,,,,
1790216100,66.0,66.1,66.0,66.0,48700,2026-09-24,,,,,,,,
1790216160,66.1,66.1,66.0,66.1,13800,2026-09-24,,,,,,,,
1790216220,66.1,66.1,66.1,66.1,700,2026-09-24,,,,,,,,
1790216280,66.2,66.2,66.1,66.1,22900,2026-09-24,,,,,,,,
1790216340,66.1,66.1,66.0,66.1,13000,2026-09-24,,,,,,,,
1790216400,66.1,66.1,66.0,66.0,2300,2026-09-24,,,,,,,,
1790216460,66.0,66.1,66.0,66.1,9600,2026-09-24,,,,,,,,
1790216520,66.1,66.1,66.0,66.0,14700,2026-09-24,,,,,,,,
1790216580,66.0,66.0,65.8,65.9,107800,2026-09-24,,,,,,,,
1790216640,65.9,65.9,65.7,65.7,42400,2026-09-24,,,,,,,,
1790216700,65.7,65.7,65.6,65.6,15600,2026-09-24,,,,,,,,
1790216760,65.6,65.6,65.5,65.5,34900,2026-09-24,,,,,,,,
1790216820,65.5,65.6,65.5,65.5,9200,2026-09-24,,,,,,,,
1790216880,65.6,65.6,65.5,65.5,41500,2026-09-24,,,,,,,,
1790216940,65.6,65.6,65.5,65.6,14200,2026-09-24,,,,,,,,
1790217000,65.6,65.6,65.5,65.6,16700,2026-09-24,,,,,,,,
1790217060,65.6,65.8,65.6,65.8,17000,2026-09-24,,,,,,,,
1790217120,65.8,65.9,65.8,65.8,4200,2026-09-24,,,,,,,,
1790217180,65.8,65.8,65.7,65.7,8100,2026-09-24,,,,,,,,
1790217240,65.7,65.7,65.6,65.6,1400,2026-09-24,,,,,,,,
1790217300,65.6,65.7,65.6,65.6,11900,2026-09-24,,,,,,,,
1790217360,65.6,65.7,65.6,65.7,4900,2026-09-24,,,,,,,,
1790217420,65.7,65.7,65.6,65.7,7400,2026-09-24,,,,,,,,
1790217480,65.6,65.7,65.6,65.7,6200,2026-09-24,,,,,,,,
1790217540,65.7,65.7,65.6,65.7,14200,2026-09-24,,,,,,,,
1790217600,65.7,65.7,65.7,65.7,15000,2026-09-24,,,,,,,,
1790217660,65.7,65.8,65.7,65.7,6300,2026-09-24,,,,,,,,
1790217720,65.7,65.7,65.7,65.7,19800,2026-09-24,,,,,,,,
1790217780,65.7,65.7,65.6,65.7,2600,2026-09-24,,,,,,,,
1790217840,65.6,65.6,65.6,65.6,3300,2026-09-24,,,,,,,,
1790217900,65.6,65.7,65.6,65.6,7600,2026-09-24,,,,,,,,
1790217960,65.7,65.7,65.6,65.7,38500,2026-09-24,,,,,,,,
1790218020,65.6,65.7,65.6,65.6,16300,2026-09-24,,,,,,,,
1790218080,65.6,65.7,65.5,65.6,39300,2026-09-24,,,,,,,,
1790218140,65.6,65.7,65.6,65.7,8400,2026-09-24,,,,,,,,
1790218200,65.6,65.7,65.5,65.5,13100,2026-09-24,,,,,,,,
1790218260,65.5,65.6,65.5,65.6,18900,2026-09-24,,,,,,,,
1790218320,65.7,65.7,65.6,65.7,14300,2026-09-24,,,,,,,,
1790218380,65.7,65.8,65.6,65.7,11900,2026-09-24,,,,,,,,
1790218440,65.8,65.8,65.7,65.7,7900,2026-09-24,,,,,,,,
1790218500,65.6,65.7,65.6,65.7,5600,2026-09-24,,,,,,,,
1790218560,65.7,65.7,65.6,65.7,2700,2026-09-24,,,,,,,,
1790218620,65.7,65.8,65.6,65.7,16300,2026-09-24,,,,,,,,
1790218680,65.7,65.7,65.6,65.7,5800,2026-09-24,,,,,,,,
1790218740,65.7,65.8,65.7,65.7,8000,2026-09-24,,,,,,,,
1790218800,65.8,65.8,65.7,65.7,7000,2026-09-24,,,,,,,,
1790218860,65.7,65.7,65.6,65.7,9600,2026-09-24,,,,,,,,
1790218920,65.7,65.7,65.6,65.7,4300,2026-09-24,,,,,,,,
1790218980,65.7,65.7,65.6,65.6,12000,2026-09-24,,,,,,,,
1790219040,65.7,65.7,65.6,65.6,2100,2026-09-24,,,,,,,,
1790219100,65.7,65.7,65.5,65.6,75700,2026-09-24,,,,,,,,
1790219160,65.6,65.6,65.5,65.6,11400,2026-09-24,,,,,,,,
1790219220,65.5,65.6,65.5,65.6,5200,2026-09-24,,,,,,,,
1790219280,65.6,65.6,65.5,65.5,34600,2026-09-24,,,,,,,,
1790219340,65.5,65.6,65.5,65.5,2100,2026-09-24,,,,,,,,
1790219400,65.6,65.6,65.5,65.5,28200,2026-09-24,,,,,,,,
1790219460,65.5,65.6,65.5,65.5,21900,2026-09-24,,,,,,,,
1790219520,65.5,65.6,65.5,65.6,12500,2026-09-24,,,,,,,,
1790219580,65.5,65.6,65.4,65.4,80400,2026-09-24,,,,,,,,
1790219640,65.5,65.5,65.4,65.5,3700,2026-09-24,,,,,,,,
1790219700,65.5,65.5,65.4,65.4,2000,2026-09-24,,,,,,,,
1790219760,65.4,65.5,65.4,65.4,12900,2026-09-24,,,,,,,,
1790219820,65.4,65.5,65.4,65.4,101100,2026-09-24,,,,,,,,
1790219880,65.4,65.4,65.3,65.3,22700,2026-09-24,,,,,,,,
1790219940,65.3,65.4,65.2,65.3,62000,2026-09-24,,,,,,,,
1790220000,65.3,65.3,65.2,65.3,19500,2026-09-24,,,,,,,,
1790220060,65.3,65.4,65.2,65.3,40400,2026-09-24,,,,,,,,
1790220120,65.3,65.4,65.3,65.4,3900,2026-09-24,,,,,,,,
1790220180,65.4,65.4,65.3,65.4,8000,2026-09-24,,,,,,,,
1790220240,65.4,65.4,65.3,65.3,21800,2026-09-24,,,,,,,,
1790220300,65.3,65.4,65.3,65.4,10700,2026-09-24,,,,,,,,
1790220360,65.4,65.4,65.3,65.3,2900,2026-09-24,,,,,,,,
1790220420,65.3,65.4,65.3,65.4,32400,2026-09-24,,,,,,,,
1790220480,65.4,65.4,65.4,65.4,3300,2026-09-24,,,,,,,,
1790220540,65.5,65.5,65.4,65.4,10000,2026-09-24,,,,,,,,
1790220600,65.5,65.5,65.4,65.4,4800,2026-09-24,,,,,,,,
1790220660,65.5,65.5,65.4,65.4,2400,2026-09-24,,,,,,,,
1790220720,65.4,65.5,65.4,65.4,4700,2026-09-24,,,,,,,,
1790220780,65.5,65.5,65.4,65.5,9400,2026-09-24,,,,,,,,
1790220840,65.5,65.5,65.4,65.4,10500,2026-09-24,,,,,,,,
1790220900,65.5,65.5,65.4,65.5,3400,2026-09-24,,,,,,,,
1790220960,65.4,65.5,65.4,65.5,2800,2026-09-24,,,,,,,,
1790221020,65.5,65.5,65.4,65.5,5400,2026-09-24,,,,,,,,
1790221080,65.5,65.5,65.4,65.5,4200,2026-09-24,,,,,,,,
1790221140,65.4,65.5,65.4,65.4,19900,2026-09-24,,,,,,,,
1790221200,65.4,65.5,65.4,65.4,11600,2026-09-24,,,,,,,,
1790221260,65.4,65.4,65.4,65.4,2100,2026-09-24,,,,,,,,
1790221320,65.3,65.4,65.3,65.4,8700,2026-09-24,,,,,,,,
1790221380,65.4,65.4,65.4,65.4,4700,2026-09-24,,,,,,,,
1790221440,65.5,65.5,65.4,65.4,7900,2026-09-24,,,,,,,,
1790221500,65.5,65.5,65.4,65.5,5000,2026-09-24,,,,,,,,
1790221560,65.4,65.4,65.4,65.4,8100,2026-09-24,,,,,,,,
1790221620,65.4,65.4,65.3,65.4,9000,2026-09-24,,,,,,,,
1790221680,65.4,65.4,65.4,65.4,8900,2026-09-24,,,,,,,,
1790221740,65.4,65.4,65.2,65.2,70300,2026-09-24,,,,,,,,
1790221800,65.2,65.4,65.2,65.4,4700,2026-09-24,,,,,,,,
1790221860,65.3,65.3,65.2,65.3,7500,2026-09-24,,,,,,,,
1790221920,65.3,65.3,65.2,65.3,12500,2026-09-24,,,,,,,,
1790221980,65.3,65.3,65.3,65.3,2900,2026-09-24,,,,,,,,
1790222040,65.3,65.3,65.3,65.3,1900,2026-09-24,,,,,,,,
1790222100,65.3,65.3,65.2,65.3,18700,2026-09-24,,,,,,,,
1790222160,65.3,65.3,65.2,65.3,7000,2026-09-24,,,,,,,,
1790222220,65.3,65.3,65.2,65.3,6300,2026-09-24,,,,,,,,
1790222280,65.3,65.3,65.2,65.3,23500,2026-09-24,,,,,,,,
1790222340,65.3,65.4,65.3,65.3,9500,2026-09-24,,,,,,,,
1790222400,65.3,65.3,65.2,65.3,3500,2026-09-24,,,,,,,,
1790222460,65.3,65.3,65.2,65.3,16400,2026-09-24,,,,,,,,
1790222520,65.3,65.3,65.2,65.3,20100,2026-09-24,,,,,,,,
1790222580,65.3,65.4,65.3,65.3,48400,2026-09-24,,,,,,,,
1790222640,65.3,65.4,65.2,65.2,17200,2026-09-24,,,,,,,,
1790222700,65.3,65.3,65.3,65.3,9600,2026-09-24,,,,,,,,
1790222760,65.2,65.3,65.2,65.3,12000,2026-09-24,,,,,,,,
1790222820,65.3,65.3,65.2,65.2,10200,2026-09-24,,,,,,,,
1790222880,65.3,65.3,65.2,65.3,2100,2026-09-24,,,,,,,,
1790222940,65.3,65.3,65.2,65.3,27600,2026-09-24,,,,,,,,
1790223000,65.3,65.3,65.2,65.3,13500,2026-09-24,,,,,,,,
1790223060,65.2,65.3,65.2,65.3,8300,2026-09-24,,,,,,,,
1790223120,65.3,65.3,65.2,65.2,11500,2026-09-24,,,,,,,,
1790223180,65.3,65.3,65.2,65.3,20400,2026-09-24,,,,,,,,
1790223240,65.3,65.3,65.2,65.3,5900,2026-09-24,,,,,,,,
1790223300,65.3,65.3,65.3,65.3,2800,2026-09-24,,,,,,,,
1790223360,65.3,65.3,65.2,65.3,13100,2026-09-24,,,,,,,,
1790223420,65.3,65.3,65.2,65.3,20100,2026-09-24,,,,,,,,
1790223480,65.2,65.3,65.2,65.3,11000,2026-09-24,,,,,,,,
1790223540,65.3,65.3,65.2,65.2,9900,2026-09-24,,,,,,,,
1790223600,65.3,65.3,65.3,65.3,6300,2026-09-24,,,,,,,,
1790223660,65.3,65.3,65.2,65.2,5600,2026-09-24,,,,,,,,
1790223720,65.2,65.3,65.2,65.2,16500,2026-09-24,,,,,,,,
1790223780,65.2,65.3,65.2,65.3,3500,2026-09-24,,,,,,,,
1790223840,65.3,65.3,65.2,65.3,29800,2026-09-24,,,,,,,,
1790223900,65.3,65.3,65.2,65.2,16200,2026-09-24,,,,,,,,
1790223960,65.3,65.3,65.2,65.3,4300,2026-09-24,,,,,,,,
1790224020,65.3,65.3,65.2,65.3,9800,2026-09-24,,,,,,,,
1790224080,65.3,65.3,65.2,65.2,15300,2026-09-24,,,,,,,,
1790224140,65.2,65.3,65.2,65.3,13800,2026-09-24,,,,,,,,
1790229600,65.3,65.3,65.2,65.3,71300,2026-09-24,,,,,,,,
1790229660,65.3,65.4,65.2,65.3,42300,2026-09-24,,,,,,,,
1790229720,65.4,65.4,65.2,65.4,24900,2026-09-24,,,,,,,,
1790229780,65.3,65.5,65.3,65.5,10900,2026-09-24,,,,,,,,
1790229840,65.4,65.4,65.3,65.3,5400,2026-09-24,,,,,,,,
1790229900,65.3,65.3,65.2,65.3,17800,2026-09-24,,,,,,,,
1790229960,65.3,65.3,65.2,65.2,15800,2026-09-24,,,,,,,,
1790230020,65.3,65.3,65.2,65.3,10800,2026-09-24,,,,,,,,
1790230080,65.3,65.3,65.2,65.3,10800,2026-09-24,,,,,,,,
1790230140,65.3,65.3,65.1,65.1,47900,2026-09-24,,,,,,,,
1790230200,65.2,65.2,65.1,65.2,22800,2026-09-24,,,,,,,,
1790230260,65.2,65.3,65.2,65.2,36300,2026-09-24,,,,,,,,
1790230320,65.2,65.2,65.1,65.2,16600,2026-09-24,,,,,,,,
1790230380,65.2,65.2,65.2,65.2,10700,2026-09-24,,,,,,,,
1790230440,65.2,65.3,65.2,65.2,16200,2026-09-24,,,,,,,,
1790230500,65.3,65.3,65.2,65.3,3800,2026-09-24,,,,,,,,
1790230560,65.3,65.3,65.2,65.3,3600,2026-09-24,,,,,,,,
1790230620,65.2,65.3,65.1,65.2,21800,2026-09-24,,,,,,,,
1790230680,65.2,65.2,65.1,65.2,14000,2026-09-24,,,,,,,,
1790230740,65.2,65.2,65.2,65.2,7800,2026-09-24,,,,,,,,
1790230800,65.1,65.3,65.1,65.2,26500,2026-09-24,,,,,,,,
1790230860,65.2,65.3,65.2,65.3,12500,2026-09-24,,,,,,,,
1790230920,65.2,65.3,65.2,65.3,10500,2026-09-24,,,,,,,,
1790230980,65.3,65.3,65.2,65.2,25000,2026-09-24,,,,,,,,
1790231040,65.2,65.3,65.2,65.2,37300,2026-09-24,,,,,,,,
1790231100,65.3,65.4,65.2,65.3,67300,2026-09-24,,,,,,,,
1790231160,65.4,65.4,65.3,65.4,31400,2026-09-24,,,,,,,,
1790231220,65.4,65.4,65.3,65.4,10000,2026-09-24,,,,,,,,
1790231280,65.4,65.4,65.3,65.4,3800,2026-09-24,,,,,,,,
1790231340,65.4,65.4,65.3,65.3,19600,2026-09-24,,,,,,,,
1790231400,65.4,65.4,65.3,65.4,10700,2026-09-24,,,,,,,,
1790231460,65.4,65.4,65.2,65.3,24700,2026-09-24,,,,,,,,
1790231520,65.3,65.3,65.2,65.3,18300,2026-09-24,,,,,,,,
1790231580,65.3,65.3,65.2,65.2,14200,2026-09-24,,,,,,,,
1790231640,65.3,65.3,65.2,65.2,4400,2026-09-24,,,,,,,,
1790231700,65.3,65.3,65.2,65.3,10200,2026-09-24,,,,,,,,
1790231760,65.3,65.3,65.3,65.3,5100,2026-09-24,,,,,,,,
1790231820,65.3,65.3,65.2,65.3,4300,2026-09-24,,,,,,,,
1790231880,65.3,65.3,65.2,65.2,11300,2026-09-24,,,,,,,,
1790231940,65.2,65.3,65.2,65.3,15500,2026-09-24,,,,,,,,
1790232000,65.2,65.3,65.2,65.2,12000,2026-09-24,,,,,,,,
1790232060,65.2,65.3,65.2,65.3,12800,2026-09-24,,,,,,,,
1790232120,65.3,65.3,65.2,65.2,3400,2026-09-24,,,,,,,,
1790232180,65.2,65.3,65.2,65.2,6000,2026-09-24,,,,,,,,
1790232240,65.3,65.3,65.2,65.2,15200,2026-09-24,,,,,,,,
1790232300,65.2,65.3,65.1,65.2,48200,2026-09-24,,,,,,,,
1790232360,65.2,65.3,65.1,65.2,22200,2026-09-24,,,,,,,,
1790232420,65.2,65.3,65.2,65.2,21900,2026-09-24,,,,,,,,
1790232480,65.2,65.3,65.2,65.2,9100,2026-09-24,,,,,,,,
1790232540,65.2,65.2,65.1,65.2,46000,2026-09-24,,,,,,,,
1790232600,65.2,65.2,65.1,65.2,29400,2026-09-24,,,,,,,,
1790232660,65.1,65.2,65.1,65.2,24800,2026-09-24,,,,,,,,
1790232720,65.2,65.2,65.1,65.1,5200,2026-09-24,,,,,,,,
1790232780,65.2,65.2,65.1,65.1,48800,2026-09-24,,,,,,,,
1790232840,65.1,65.2,65.1,65.2,28800,2026-09-24,,,,,,,,
1790232900,65.2,65.2,65.1,65.2,25200,2026-09-24,,,,,,,,
1790232960,65.2,65.3,65.1,65.1,48900,2026-09-24,,,,,,,,
1790233020,65.3,65.3,65.2,65.2,9500,2026-09-24,,,,,,,,
1790233080,65.3,65.3,65.2,65.3,12300,2026-09-24,,,,,,,,
1790233140,65.2,65.3,65.2,65.2,13700,2026-09-24,,,,,,,,
1790233200,65.3,65.3,65.2,65.3,41300,2026-09-24,,,,,,,,
1790233260,65.3,65.3,65.2,65.3,6800,2026-09-24,,,,,,,,
1790233320,65.2,65.3,65.2,65.2,10700,2026-09-24,,,,,,,,
1790233380,65.3,65.3,65.2,65.3,3500,2026-09-24,,,,,,,,
1790233440,65.3,65.3,65.2,65.3,4600,2026-09-24,,,,,,,,
1790233500,65.3,65.3,65.2,65.2,2400,2026-09-24,,,,,,,,
1790233560,65.3,65.3,65.2,65.3,7000,2026-09-24,,,,,,,,
1790233620,65.2,65.3,65.2,65.3,16100,2026-09-24,,,,,,,,
1790233680,65.2,65.3,65.2,65.3,4900,2026-09-24,,,,,,,,
1790233740,65.2,65.3,65.2,65.2,14500,2026-09-24,,,,,,,,
1790233800,65.2,65.3,65.2,65.2,6500,2026-09-24,,,,,,,,
1790233860,65.2,65.3,65.2,65.2,8300,2026-09-24,,,,,,,,
1790233920,65.2,65.3,65.2,65.2,33500,2026-09-24,,,,,,,,
1790233980,65.2,65.3,65.2,65.2,60300,2026-09-24,,,,,,,,
1790234040,65.2,65.3,65.2,65.2,10900,2026-09-24,,,,,,,,
1790234100,65.2,65.3,65.2,65.2,16900,2026-09-24,,,,,,,,
1790234160,65.2,65.3,65.1,65.1,7900,2026-09-24,,,,,,,,
1790234220,65.2,65.2,65.1,65.2,8700,2026-09-24,,,,,,,,
1790234280,65.2,65.2,65.1,65.2,18100,2026-09-24,,,,,,,,
1790234340,65.1,65.2,65.1,65.1,21900,2026-09-24,,,,,,,,
1790234400,65.1,65.2,65.1,65.2,145500,2026-09-24,,,,,,,,
1790234460,65.1,65.2,65.1,65.1,28600,2026-09-24,,,,,,,,
1790234520,65.2,65.2,65.1,65.1,28300,2026-09-24,,,,,,,,
1790234580,65.1,65.2,65.1,65.2,20700,2026-09-24,,,,,,,,
1790234640,65.2,65.2,65.1,65.2,17800,2026-09-24,,,,,,,,
1790234700,65.2,65.2,65.1,65.2,26300,2026-09-24,,,,,,,,
1790234760,65.2,65.2,65.1,65.2,26900,2026-09-24,,,,,,,,
1790234820,65.2,65.2,65.1,65.1,30200,2026-09-24,,,,,,,,
1790234880,65.1,65.2,65.1,65.2,59100,2026-09-24,,,,,,,,
1790234940,65.1,65.2,65.1,65.1,20900,2026-09-24,,,,,,,,
1790235900,65.3,65.3,65.3,65.3,312100,2026-09-24,,,,,,,,
1790302500,65.5,65.5,65.4,65.5,19000,2026-09-25,,,,,,,,
1790302560,65.4,65.5,65.3,65.4,20800,2026-09-25,,,,,,,,
1790302620,65.4,65.4,65.4,65.4,10100,2026-09-25,,,,,,,,
1790302680,65.3,65.4,65.3,65.4,21600,2026-09-25,,,,,,,,
1790302740,65.4,65.4,65.4,65.4,7800,2026-09-25,,,,,,,,
1790302800,65.4,65.9,65.4,65.6,48700,2026-09-25,,,,,,,,
1790302860,65.7,65.7,65.6,65.7,500,2026-09-25,,,,,,,,
1790302920,65.6,65.7,65.6,65.7,2300,2026-09-25,,,,,,,,
1790302980,65.5,65.5,65.4,65.5,12500,2026-09-25,,,,,,,,
1790303040,65.5,65.5,65.4,65.4,7300,2026-09-25,,,,,,,,
1790303100,65.4,65.5,65.4,65.4,3800,2026-09-25,,,,,,,,
1790303160,65.4,65.4,65.4,65.4,3200,2026-09-25,,,,,,,,
1790303220,65.3,65.4,65.3,65.3,10800,2026-09-25,,,,,,,,
1790303280,65.4,65.4,65.3,65.3,10300,2026-09-25,,,,,,,,
1790303340,65.3,65.4,65.3,65.4,4100,2026-09-25,,,,,,,,
1790303400,65.4,65.5,65.4,65.5,16600,2026-09-25,,,,,,,,
1790303460,65.5,65.8,65.5,65.8,21900,2026-09-25,,,,,,,,
1790303520,65.7,65.8,65.6,65.8,8900,2026-09-25,,,,,,,,
1790303580,65.7,65.7,65.7,65.7,400,2026-09-25,,,,,,,,
1790303640,65.6,65.7,65.6,65.7,6200,2026-09-25,,,,,,,,
1790303700,65.7,65.7,65.7,65.7,12000,2026-09-25,,,,,,,,
1790303760,65.7,65.7,65.6,65.6,2800,2026-09-25,,,,,,,,
1790303820,65.6,65.6,65.6,65.6,4500,2026-09-25,,,,,,,,
1790303880,65.6,65.6,65.6,65.6,10700,2026-09-25,,,,,,,,
1790303940,65.6,65.6,65.5,65.5,4800,2026-09-25,,,,,,,,
1790304000,65.5,65.5,65.4,65.5,3000,2026-09-25,,,,,,,,
1790304060,65.5,65.5,65.3,65.3,7600,2026-09-25,,,,,,,,
1790304120,65.3,65.3,65.2,65.2,6100,2026-09-25,,,,,,,,
1790304180,65.3,65.3,65.2,65.2,25600,2026-09-25,,,,,,,,
1790304240,65.3,65.3,65.2,65.2,1000,2026-09-25,,,,,,,,
1790304300,65.3,65.3,65.3,65.3,200,2026-09-25,,,,,,,,
1790304360,65.3,65.3,65.2,65.2,2600,2026-09-25,,,,,,,,
1790304420,65.2,65.2,65.0,65.1,44400,2026-09-25,,,,,,,,
1790304480,65.2,65.5,65.2,65.5,28200,2026-09-25,,,,,,,,
1790304600,65.3,65.5,65.2,65.5,4700,2026-09-25,,,,,,,,
1790304660,65.4,65.4,65.4,65.4,1400,2026-09-25,,,,,,,,
1790304720,65.3,65.3,65.3,65.3,1100,2026-09-25,,,,,,,,
1790304780,65.3,65.3,65.2,65.2,1400,2026-09-25,,,,,,,,
1790304840,65.2,65.2,65.2,65.2,5800,2026-09-25,,,,,,,,
1790304900,65.2,65.2,65.2,65.2,400,2026-09-25,,,,,,,,
1790304960,65.2,65.2,65.2,65.2,2400,2026-09-25,,,,,,,,
1790305020,65.2,65.2,65.1,65.2,3400,2026-09-25,,,,,,,,
1790305080,65.2,65.4,65.2,65.4,6400,2026-09-25,,,,,,,,
1790305140,65.4,65.5,65.2,65.2,15100,2026-09-25,,,,,,,,
1790305200,65.3,65.3,65.2,65.2,600,2026-09-25,,,,,,,,
1790305260,65.2,65.3,65.2,65.3,800,2026-09-25,,,,,,,,
1790305320,65.2,65.3,65.2,65.2,1600,2026-09-25,,,,,,,,
1790305380,65.2,65.3,65.2,65.2,1300,2026-09-25,,,,,,,,
1790305440,65.2,65.2,65.2,65.2,10100,2026-09-25,,,,,,,,
1790305500,65.2,65.2,65.1,65.1,1200,2026-09-25,,,,,,,,
1790305560,65.1,65.2,65.1,65.2,800,2026-09-25,,,,,,,,
1790305620,65.1,65.2,65.1,65.1,7800,2026-09-25,,,,,,,,
1790305680,65.2,65.2,65.1,65.1,5200,2026-09-25,,,,,,,,
1790305740,65.1,65.1,65.1,65.1,1900,2026-09-25,,,,,,,,
1790305800,65.1,65.2,65.1,65.1,2200,2026-09-25,,,,,,,,
1790305860,65.1,65.2,65.1,65.1,3500,2026-09-25,,,,,,,,
1790305920,65.2,65.2,65.1,65.2,6500,2026-09-25,,,,,,,,
1790305980,65.1,65.2,65.1,65.1,20800,2026-09-25,,,,,,,,
1790306040,65.1,65.1,65.1,65.1,8500,2026-09-25,,,,,,,,
1790306100,65.1,65.2,65.1,65.2,1200,2026-09-25,,,,,,,,
1790306160,65.1,65.2,65.1,65.1,4400,2026-09-25,,,,,,,,
1790306220,65.1,65.1,65.1,65.1,22200,2026-09-25,,,,,,,,
1790306280,65.1,65.2,65.1,65.2,13600,2026-09-25,,,,,,,,
1790306340,65.1,65.3,65.1,65.2,15000,2026-09-25,,,,,,,,
1790306400,65.2,65.4,65.2,65.4,14900,2026-09-25,,,,,,,,
1790306460,65.2,65.3,65.2,65.2,3000,2026-09-25,,,,,,,,
1790306520,65.2,65.3,65.2,65.2,900,2026-09-25,,,,,,,,
1790306580,65.2,65.3,65.2,65.2,1000,2026-09-25,,,,,,,,
1790306640,65.2,65.5,65.2,65.5,17800,2026-09-25,,,,,,,,
1790306700,65.2,65.5,65.2,65.3,6500,2026-09-25,,,,,,,,
1790306760,65.3,65.4,65.3,65.3,2400,2026-09-25,,,,,,,,
1790306820,65.3,65.4,65.3,65.3,1700,2026-09-25,,,,,,,,
1790306880,65.3,65.4,65.3,65.3,1400,2026-09-25,,,,,,,,
1790306940,65.4,65.4,65.3,65.4,1000,2026-09-25,,,,,,,,
1790307000,65.3,65.4,65.3,65.4,1000,2026-09-25,,,,,,,,
1790307060,65.3,65.4,65.3,65.4,3000,2026-09-25,,,,,,,,
1790307120,65.4,65.5,65.3,65.5,23900,2026-09-25,,,,,,,,
1790307180,65.4,65.5,65.4,65.4,12000,2026-09-25,,,,,,,,
1790307240,65.4,65.4,65.4,65.4,13100,2026-09-25,,,,,,,,
1790307300,65.4,65.4,65.4,65.4,22400,2026-09-25,,,,,,,,
1790307360,65.5,65.5,65.4,65.4,2300,2026-09-25,,,,,,,,
1790307420,65.4,65.4,65.4,65.4,1500,2026-09-25,,,,,,,,
1790307480,65.4,65.4,65.3,65.3,3300,2026-09-25,,,,,,,,
1790307540,65.4,65.4,65.3,65.4,8100,2026-09-25,,,,,,,,
1790307600,65.4,65.4,65.3,65.3,14100,2026-09-25,,,,,,,,
1790307660,65.3,65.4,65.3,65.4,21500,2026-09-25,,,,,,,,
1790307720,65.3,65.4,65.3,65.3,5200,2026-09-25,,,,,,,,
1790307780,65.3,65.3,65.2,65.2,11200,2026-09-25,,,,,,,,
1790307840,65.2,65.3,65.2,65.3,900,2026-09-25,,,,,,,,
1790307900,65.2,65.3,65.2,65.2,3000,2026-09-25,,,,,,,,
1790307960,65.2,65.3,65.2,65.2,1000,2026-09-25,,,,,,,,
1790308020,65.2,65.2,65.2,65.2,2100,2026-09-25,,,,,,,,
1790308080,65.2,65.2,65.1,65.1,14700,2026-09-25,,,,,,,,
1790308140,65.1,65.2,65.1,65.1,900,2026-09-25,,,,,,,,
1790308200,65.2,65.3,65.1,65.2,10000,2026-09-25,,,,,,,,
1790308260,65.2,65.2,65.2,65.2,14500,2026-09-25,,,,,,,,
1790308320,65.1,65.2,65.1,65.2,3300,2026-09-25,,,,,,,,
1790308380,65.1,65.3,65.1,65.2,5300,2026-09-25,,,,,,,,
1790308440,65.3,65.3,65.2,65.2,39200,2026-09-25,,,,,,,,
1790308500,65.1,65.2,65.1,65.2,1400,2026-09-25,,,,,,,,
1790308560,65.2,65.2,65.2,65.2,18100,2026-09-25,,,,,,,,
1790308620,65.2,65.2,65.1,65.1,18700,2026-09-25,,,,,,,,
1790308680,65.1,65.2,65.1,65.1,5600,2026-09-25,,,,,,,,
1790308740,65.1,65.1,65.1,65.1,2400,2026-09-25,,,,,,,,
1790308800,65.1,65.2,65.1,65.2,20700,2026-09-25,,,,,,,,
1790308860,65.1,65.2,65.1,65.1,8500,2026-09-25,,,,,,,,
1790308920,65.1,65.2,65.1,65.2,4200,2026-09-25,,,,,,,,
1790308980,65.2,65.2,65.2,65.2,4200,2026-09-25,,,,,,,,
1790309040,65.2,65.2,65.2,65.2,1700,2026-09-25,,,,,,,,
1790309100,65.2,65.2,65.2,65.2,16200,2026-09-25,,,,,,,,
1790309160,65.1,65.2,65.1,65.1,6300,2026-09-25,,,,,,,,
1790309220,65.3,65.3,65.2,65.2,1000,2026-09-25,,,,,,,,
1790309280,65.2,65.2,65.1,65.1,30400,2026-09-25,,,,,,,,
1790309340,65.1,65.2,65.1,65.1,2700,2026-09-25,,,,,,,,
1790309400,65.1,65.1,65.1,65.1,400,2026-09-25,,,,,,,,
1790309460,65.1,65.1,65.1,65.1,12700,2026-09-25,,,,,,,,
1790309520,65.1,65.2,65.1,65.1,12000,2026-09-25,,,,,,,,
1790309580,65.1,65.2,65.1,65.2,3600,2026-09-25,,,,,,,,
1790309640,65.2,65.2,65.1,65.2,3100,2026-09-25,,,,,,,,
1790309700,65.2,65.2,65.1,65.2,2300,2026-09-25,,,,,,,,
1790309760,65.2,65.2,65.2,65.2,1000,2026-09-25,,,,,,,,
1790309820,65.2,65.2,65.2,65.2,1000,2026-09-25,,,,,,,,
1790309880,65.2,65.2,65.2,65.2,1100,2026-09-25,,,,,,,,
1790309940,65.2,65.2,65.2,65.2,800,2026-09-25,,,,,,,,
1790310000,65.2,65.2,65.1,65.1,5200,2026-09-25,,,,,,,,
1790310060,65.2,65.2,65.1,65.1,2100,2026-09-25,,,,,,,,
1790310120,65.2,65.2,65.1,65.1,1400,2026-09-25,,,,,,,,
1790310180,65.1,65.2,65.1,65.1,2600,2026-09-25,,,,,,,,
1790310240,65.1,65.2,65.1,65.2,4900,2026-09-25,,,,,,,,
1790310300,65.1,65.2,65.1,65.1,1200,2026-09-25,,,,,,,,
1790310360,65.1,65.1,65.1,65.1,1100,2026-09-25,,,,,,,,
1790310420,65.1,65.2,65.1,65.2,1900,2026-09-25,,,,,,,,
1790310480,65.1,65.2,65.1,65.2,1900,2026-09-25,,,,,,,,
1790310540,65.2,65.2,65.2,65.2,2200,2026-09-25,,,,,,,,
1790316000,65.2,65.4,65.1,65.3,45500,2026-09-25,,,,,,,,
1790316060,65.2,65.3,65.2,65.2,4100,2026-09-25,,,,,,,,
1790316120,65.2,65.3,65.2,65.2,9000,2026-09-25,,,,,,,,
1790316180,65.2,65.2,65.0,65.2,93000,2026-09-25,,,,,,,,
1790316240,65.1,65.2,65.1,65.1,1300,2026-09-25,,,,,,,,
1790316300,65.1,65.2,65.1,65.2,2400,2026-09-25,,,,,,,,
1790316360,65.2,65.4,65.1,65.2,17500,2026-09-25,,,,,,,,
1790316420,65.2,65.5,65.1,65.2,21400,2026-09-25,,,,,,,,
1790316480,65.3,65.3,65.2,65.2,21700,2026-09-25,,,,,,,,
1790316540,65.2,65.2,65.0,65.0,409300,2026-09-25,,,,,,,,
1790316600,65.0,65.1,65.0,65.1,12100,2026-09-25,,,,,,,,
1790316660,65.0,65.1,64.8,64.8,222000,2026-09-25,,,,,,,,
1790316720,64.9,65.0,64.8,64.9,24200,2026-09-25,,,,,,,,
1790316780,64.9,65.0,64.9,65.0,5700,2026-09-25,,,,,,,,
1790316840,65.0,65.0,64.9,65.0,8900,2026-09-25,,,,,,,,
1790316900,65.0,65.1,65.0,65.0,10100,2026-09-25,,,,,,,,
1790316960,65.1,65.1,65.0,65.1,13700,2026-09-25,,,,,,,,
1790317020,65.1,65.1,65.0,65.1,500,2026-09-25,,,,,,,,
1790317080,65.1,65.2,65.0,65.0,3000,2026-09-25,,,,,,,,
1790317140,65.1,65.2,65.0,65.1,6600,2026-09-25,,,,,,,,
1790317200,65.1,65.2,65.1,65.1,19700,2026-09-25,,,,,,,,
1790317260,65.1,65.1,65.0,65.1,15400,2026-09-25,,,,,,,,
1790317320,65.0,65.1,65.0,65.0,55000,2026-09-25,,,,,,,,
1790317380,65.0,65.1,64.9,65.0,43400,2026-09-25,,,,,,,,
1790317440,65.0,65.0,64.9,64.9,17100,2026-09-25,,,,,,,,
1790317500,64.9,65.0,64.9,65.0,4100,2026-09-25,,,,,,,,
1790317560,64.9,65.0,64.9,64.9,4100,2026-09-25,,,,,,,,
1790317620,65.0,65.0,64.9,64.9,19800,2026-09-25,,,,,,,,
1790317680,65.0,65.0,64.9,64.9,4400,2026-09-25,,,,,,,,
1790317740,65.0,65.0,64.9,64.9,11900,2026-09-25,,,,,,,,
1790317800,65.0,65.0,64.9,64.9,20600,2026-09-25,,,,,,,,
1790317860,65.0,65.0,64.9,65.0,28300,2026-09-25,,,,,,,,
1790317920,65.0,65.0,64.9,64.9,15600,2026-09-25,,,,,,,,
1790317980,65.0,65.0,64.9,65.0,11600,2026-09-25,,,,,,,,
1790318040,65.0,65.1,65.0,65.0,3300,2026-09-25,,,,,,,,
1790318100,65.0,65.1,65.0,65.1,3400,2026-09-25,,,,,,,,
1790318160,65.1,65.1,65.0,65.0,19900,2026-09-25,,,,,,,,
1790318220,65.1,65.1,65.0,65.1,4800,2026-09-25,,,,,,,,
1790318280,65.1,65.1,65.0,65.1,6600,2026-09-25,,,,,,,,
1790318340,65.0,65.1,65.0,65.1,3100,2026-09-25,,,,,,,,
1790318400,65.1,65.1,65.0,65.0,10200,2026-09-25,,,,,,,,
1790318460,65.1,65.2,65.0,65.0,6100,2026-09-25,,,,,,,,
1790318520,65.1,65.1,65.0,65.1,8600,2026-09-25,,,,,,,,
1790318580,65.0,65.1,65.0,65.0,2300,2026-09-25,,,,,,,,
1790318640,65.0,65.1,65.0,65.0,71900,2026-09-25,,,,,,,,
1790318700,65.0,65.0,64.9,65.0,16200,2026-09-25,,,,,,,,
1790318760,65.0,65.0,64.9,64.9,83500,2026-09-25,,,,,,,,
1790318820,64.9,65.0,64.9,64.9,2400,2026-09-25,,,,,,,,
1790318880,64.9,65.0,64.9,64.9,11900,2026-09-25,,,,,,,,
1790318940,64.9,64.9,64.9,64.9,1100,2026-09-25,,,,,,,,
1790319000,64.9,65.0,64.9,64.9,3400,2026-09-25,,,,,,,,
1790319060,64.9,65.0,64.9,64.9,1000,2026-09-25,,,,,,,,
1790319120,65.0,65.0,64.9,64.9,13200,2026-09-25,,,,,,,,
1790319180,64.9,65.0,64.9,64.9,21700,2026-09-25,,,,,,,,
1790319240,64.9,65.0,64.9,65.0,10000,2026-09-25,,,,,,,,
1790319300,64.9,65.0,64.9,65.0,5900,2026-09-25,,,,,,,,
1790319360,64.9,65.0,64.9,64.9,57500,2026-09-25,,,,,,,,
1790319420,64.9,64.9,64.8,64.9,29500,2026-09-25,,,,,,,,
1790319480,64.9,64.9,64.8,64.9,14600,2026-09-25,,,,,,,,
1790319540,64.9,64.9,64.8,64.8,10700,2026-09-25,,,,,,,,
1790319600,64.8,64.9,64.8,64.9,27600,2026-09-25,,,,,,,,
1790319660,64.8,64.9,64.8,64.8,25900,2026-09-25,,,,,,,,
1790319720,64.8,64.9,64.8,64.8,4100,2026-09-25,,,,,,,,
1790319780,64.8,64.9,64.8,64.8,7600,2026-09-25,,,,,,,,
1790319840,64.8,64.9,64.8,64.8,114700,2026-09-25,,,,,,,,
1790319900,64.8,64.9,64.8,64.8,44700,2026-09-25,,,,,,,,
1790319960,64.8,64.9,64.8,64.8,10500,2026-09-25,,,,,,,,
1790320020,64.8,64.9,64.7,64.7,38900,2026-09-25,,,,,,,,
1790320080,64.7,64.8,64.7,64.7,14300,2026-09-25,,,,,,,,
1790320140,64.8,64.8,64.6,64.7,70400,2026-09-25,,,,,,,,
1790320200,64.6,64.7,64.6,64.6,6600,2026-09-25,,,,,,,,
1790320260,64.7,64.7,64.6,64.7,16900,2026-09-25,,,,,,,,
1790320320,64.7,64.7,64.6,64.6,15500,2026-09-25,,,,,,,,
1790320380,64.6,64.7,64.6,64.6,37100,2026-09-25,,,,,,,,
1790320440,64.7,64.7,64.6,64.6,9800,2026-09-25,,,,,,,,
1790320500,64.6,64.7,64.6,64.6,22300,2026-09-25,,,,,,,,
1790320560,64.7,64.7,64.6,64.7,41000,2026-09-25,,,,,,,,
1790320620,64.7,64.8,64.7,64.7,19500,2026-09-25,,,,,,,,
1790320680,64.8,64.9,64.7,64.8,11100,2026-09-25,,,,,,,,
1790320740,64.7,64.8,64.7,64.7,11700,2026-09-25,,,,,,,,
1790320800,64.7,64.8,64.7,64.7,1700,2026-09-25,,,,,,,,
1790320860,64.8,64.8,64.7,64.7,8700,2026-09-25,,,,,,,,
1790320920,64.7,64.8,64.7,64.7,13800,2026-09-25,,,,,,,,
1790320980,64.8,64.8,64.7,64.8,7200,2026-09-25,,,,,,,,
1790321040,64.8,64.8,64.7,64.7,12100,2026-09-25,,,,,,,,
1790321100,64.8,64.8,64.7,64.8,9500,2026-09-25,,,,,,,,
1790321160,64.8,64.8,64.7,64.7,18200,2026-09-25,,,,,,,,
1790321220,64.8,64.8,64.7,64.8,12400,2026-09-25,,,,,,,,
1790321280,64.8,64.8,64.7,64.8,7400,2026-09-25,,,,,,,,
1790321340,64.8,64.8,64.7,64.7,35900,2026-09-25,,,,,,,,
1790322300,64.7,64.7,64.7,64.7,180300,2026-09-25,,,,,,,,
1790561700,64.7,64.8,64.5,64.5,78600,2026-09-28,,,,,,,,
1790561760,64.5,64.6,64.5,64.6,7500,2026-09-28,,,,,,,,
1790561820,64.6,64.6,64.5,64.5,1500,2026-09-28,,,,,,,,
1790561880,64.6,64.6,64.5,64.5,11800,2026-09-28,,,,,,,,
1790561940,64.6,64.6,64.6,64.6,4900,2026-09-28,,,,,,,,
1790562000,64.6,64.6,64.5,64.5,11500,2026-09-28,,,,,,,,
1790562060,64.5,64.5,64.4,64.5,10500,2026-09-28,,,,,,,,
1790562120,64.5,64.5,64.4,64.5,4000,2026-09-28,,,,,,,,
1790562180,64.4,64.5,64.4,64.5,5400,2026-09-28,,,,,,,,
1790562240,64.5,64.5,64.4,64.5,13100,2026-09-28,,,,,,,,
1790562300,64.5,64.5,64.4,64.4,6100,2026-09-28,,,,,,,,
1790562360,64.5,64.5,64.4,64.5,6000,2026-09-28,,,,,,,,
1790562420,64.5,64.5,64.4,64.5,15600,2026-09-28,,,,,,,,
1790562480,64.4,64.5,64.4,64.4,12200,2026-09-28,,,,,,,,
1790562540,64.4,64.5,64.4,64.5,14700,2026-09-28,,,,,,,,
1790562600,64.4,64.4,64.3,64.3,53100,2026-09-28,,,,,,,,
1790562660,64.3,64.3,64.1,64.2,37300,2026-09-28,,,,,,,,
1790562720,64.1,64.2,64.1,64.1,19300,2026-09-28,,,,,,,,
1790562780,64.1,64.1,64.0,64.0,74700,2026-09-28,,,,,,,,
1790562840,64.0,64.1,63.9,63.9,88800,2026-09-28,,,,,,,,
1790562900,63.8,63.8,63.4,63.5,123100,2026-09-28,,,,,,,,
1790562960,63.5,63.7,63.2,63.4,47200,2026-09-28,,,,,,,,
1790563020,63.4,63.4,63.1,63.2,87300,2026-09-28,,,,,,,,
1790563080,63.2,63.5,63.2,63.5,77500,2026-09-28,,,,,,,,
1790563140,63.5,63.6,63.4,63.5,56000,2026-09-28,,,,,,,,
1790563200,63.6,63.8,63.6,63.8,32500,2026-09-28,,,,,,,,
1790563260,63.8,64.0,63.8,63.9,10900,2026-09-28,,,,,,,,
1790563320,63.8,63.9,63.8,63.8,9400,2026-09-28,,,,,,,,
1790563380,63.9,64.0,63.8,63.9,7800,2026-09-28,,,,,,,,
1790563440,63.9,63.9,63.8,63.8,5000,2026-09-28,,,,,,,,
1790563500,63.8,63.9,63.8,63.9,5500,2026-09-28,,,,,,,,
1790563560,63.8,63.9,63.6,63.8,39200,2026-09-28,,,,,,,,
1790563620,63.9,63.9,63.8,63.9,20500,2026-09-28,,,,,,,,
1790563680,63.9,64.0,63.9,63.9,3600,2026-09-28,,,,,,,,
1790563740,64.0,64.0,63.8,63.9,4500,2026-09-28,,,,,,,,
1790563800,63.9,64.0,63.8,64.0,8900,2026-09-28,,,,,,,,
1790563860,64.0,64.1,63.9,64.0,13900,2026-09-28,,,,,,,,
1790563920,64.0,64.1,64.0,64.0,3700,2026-09-28,,,,,,,,
1790563980,64.0,64.1,63.9,64.0,10900,2026-09-28,,,,,,,,
1790564040,64.0,64.1,63.9,64.0,9600,2026-09-28,,,,,,,,
1790564100,64.0,64.0,63.9,63.9,16200,2026-09-28,,,,,,,,
1790564160,63.9,64.0,63.9,63.9,14600,2026-09-28,,,,,,,,
1790564220,63.9,63.9,63.8,63.9,19400,2026-09-28,,,,,,,,
1790564280,63.9,63.9,63.8,63.8,17800,2026-09-28,,,,,,,,
1790564340,63.8,63.9,63.8,63.8,11500,2026-09-28,,,,,,,,
1790564400,63.9,63.9,63.7,63.8,15900,2026-09-28,,,,,,,,
1790564460,63.7,63.8,63.6,63.7,15200,2026-09-28,,,,,,,,
1790564520,63.7,63.8,63.7,63.8,9600,2026-09-28,,,,,,,,
1790564580,63.7,63.8,63.6,63.7,28600,2026-09-28,,,,,,,,
1790564640,63.7,63.7,63.6,63.7,11700,2026-09-28,,,,,,,,
1790564700,63.7,63.8,63.6,63.8,16600,2026-09-28,,,,,,,,
1790564760,63.8,63.8,63.7,63.8,3600,2026-09-28,,,,,,,,
1790564820,63.8,63.8,63.8,63.8,4000,2026-09-28,,,,,,,,
1790564880,63.7,63.8,63.7,63.7,16700,2026-09-28,,,,,,,,
1790564940,63.7,63.8,63.6,63.6,7200,2026-09-28,,,,,,,,
1790565000,63.7,63.8,63.6,63.8,2600,2026-09-28,,,,,,,,
1790565060,63.8,63.8,63.7,63.7,7000,2026-09-28,,,,,,,,
1790565120,63.7,63.8,63.6,63.7,13300,2026-09-28,,,,,,,,
1790565180,63.7,63.8,63.6,63.8,2100,2026-09-28,,,,,,,,
1790565240,63.7,63.8,63.7,63.8,1300,2026-09-28,,,,,,,,
1790565300,63.7,63.7,63.6,63.7,27300,2026-09-28,,,,,,,,
1790565360,63.7,63.8,63.7,63.7,4000,2026-09-28,,,,,,,,
1790565420,63.7,63.8,63.7,63.8,4000,2026-09-28,,,,,,,,
1790565480,63.7,63.9,63.7,63.8,34700,2026-09-28,,,,,,,,
1790565540,63.8,63.9,63.8,63.8,23700,2026-09-28,,,,,,,,
1790565600,63.8,63.9,63.8,63.8,7100,2026-09-28,,,,,,,,
1790565660,63.8,63.9,63.8,63.8,2600,2026-09-28,,,,,,,,
1790565720,63.8,63.9,63.8,63.8,18400,2026-09-28,,,,,,,,
1790565780,63.8,63.9,63.8,63.8,13300,2026-09-28,,,,,,,,
1790565840,63.9,63.9,63.8,63.8,6900,2026-09-28,,,,,,,,
1790565900,63.8,63.9,63.7,63.7,7800,2026-09-28,,,,,,,,
1790565960,63.8,63.8,63.7,63.7,14500,2026-09-28,,,,,,,,
1790566020,63.8,63.8,63.7,63.7,2800,2026-09-28,,,,,,,,
1790566080,63.8,63.8,63.7,63.7,12500,2026-09-28,,,,,,,,
1790566140,63.8,63.8,63.7,63.7,12100,2026-09-28,,,,,,,,
1790566200,63.8,63.8,63.6,63.6,13500,2026-09-28,,,,,,,,
1790566260,63.7,63.7,63.6,63.7,2400,2026-09-28,,,,,,,,
1790566320,63.6,63.7,63.6,63.6,4600,2026-09-28,,,,,,,,
1790566380,63.7,63.7,63.6,63.7,10300,2026-09-28,,,,,,,,
1790566440,63.7,63.7,63.5,63.5,87900,2026-09-28,,,,,,,,
1790566500,63.5,63.6,63.5,63.6,122900,2026-09-28,,,,,,,,
1790566560,63.5,63.6,63.5,63.5,16100,2026-09-28,,,,,,,,
1790566620,63.5,63.5,63.4,63.5,15500,2026-09-28,,,,,,,,
1790566680,63.5,63.5,63.4,63.4,4400,2026-09-28,,,,,,,,
1790566740,63.5,63.5,63.4,63.5,5300,2026-09-28,,,,,,,,
1790566800,63.5,63.5,63.4,63.5,13100,2026-09-28,,,,,,,,
1790566860,63.4,63.5,63.4,63.5,38800,2026-09-28,,,,,,,,
1790566920,63.4,63.5,63.4,63.5,15000,2026-09-28,,,,,,,,
1790566980,63.5,63.6,63.5,63.5,10900,2026-09-28,,,,,,,,
1790567040,63.5,63.6,63.4,63.4,17300,2026-09-28,,,,,,,,
1790567100,63.5,63.5,63.4,63.5,9700,2026-09-28,,,,,,,,
1790567160,63.5,63.5,63.4,63.4,7000,2026-09-28,,,,,,,,
1790567220,63.4,63.5,63.4,63.4,28300,2026-09-28,,,,,,,,
1790567280,63.4,63.5,63.3,63.4,16300,2026-09-28,,,,,,,,
1790567340,63.3,63.4,63.3,63.4,15400,2026-09-28,,,,,,,,
1790567400,63.4,63.4,63.3,63.4,8000,2026-09-28,,,,,,,,
1790567460,63.4,63.4,63.3,63.3,79500,2026-09-28,,,,,,,,
1790567520,63.2,63.3,63.2,63.2,25900,2026-09-28,,,,,,,,
1790567580,63.2,63.3,63.1,63.2,84500,2026-09-28,,,,,,,,
1790567640,63.2,63.2,63.1,63.2,19100,2026-09-28,,,,,,,,
1790567700,63.2,63.2,63.1,63.2,55400,2026-09-28,,,,,,,,
1790567760,63.1,63.2,63.1,63.2,13800,2026-09-28,,,,,,,,
1790567820,63.1,63.2,63.1,63.2,4900,2026-09-28,,,,,,,,
1790567880,63.2,63.2,63.1,63.1,20700,2026-09-28,,,,,,,,
1790567940,63.2,63.2,63.1,63.2,9200,2026-09-28,,,,,,,,
1790568000,63.2,63.2,63.1,63.1,22200,2026-09-28,,,,,,,,
1790568060,63.1,63.2,63.1,63.1,4800,2026-09-28,,,,,,,,
1790568120,63.1,63.2,63.1,63.1,130100,2026-09-28,,,,,,,,
1790568180,63.2,63.2,63.1,63.1,88600,2026-09-28,,,,,,,,
1790568240,63.1,63.2,63.1,63.1,45400,2026-09-28,,,,,,,,
1790568300,63.1,63.2,63.0,63.1,53400,2026-09-28,,,,,,,,
1790568360,63.1,63.1,63.1,63.1,10300,2026-09-28,,,,,,,,
1790568420,63.2,63.2,63.0,63.0,15500,2026-09-28,,,,,,,,
1790568480,63.1,63.2,63.0,63.2,79000,2026-09-28,,,,,,,,
1790568540,63.2,63.3,63.2,63.3,30900,2026-09-28,,,,,,,,
1790568600,63.3,63.4,63.2,63.2,3100,2026-09-28,,,,,,,,
1790568660,63.2,63.4,63.2,63.3,11400,2026-09-28,,,,,,,,
1790568720,63.4,63.4,63.3,63.3,9500,2026-09-28,,,,,,,,
1790568780,63.3,63.4,63.3,63.3,2900,2026-09-28,,,,,,,,
1790568840,63.4,63.4,63.3,63.4,3500,2026-09-28,,,,,,,,
1790568900,63.4,63.4,63.3,63.4,1700,2026-09-28,,,,,,,,
1790568960,63.4,63.4,63.2,63.2,13700,2026-09-28,,,,,,,,
1790569020,63.3,63.3,63.2,63.3,20200,2026-09-28,,,,,,,,
1790569080,63.2,63.2,63.2,63.2,6400,2026-09-28,,,,,,,,
1790569140,63.3,63.3,63.1,63.1,11500,2026-09-28,,,,,,,,
1790569200,63.3,63.3,63.1,63.1,35200,2026-09-28,,,,,,,,
1790569260,63.2,63.2,63.1,63.2,9300,2026-09-28,,,,,,,,
1790569320,63.2,63.3,63.1,63.1,8900,2026-09-28,,,,,,,,
1790569380,63.3,63.3,63.1,63.2,10300,2026-09-28,,,,,,,,
1790569440,63.2,63.2,63.1,63.2,8400,2026-09-28,,,,,,,,
1790569500,63.2,63.3,63.1,63.2,17400,2026-09-28,,,,,,,,
1790569560,63.1,63.2,63.1,63.1,19900,2026-09-28,,,,,,,,
1790569620,63.1,63.2,63.1,63.2,7800,2026-09-28,,,,,,,,
1790569680,63.1,63.1,63.0,63.0,127600,2026-09-28,,,,,,,,
1790569740,63.1,63.1,63.0,63.1,12700,2026-09-28,,,,,,,,
1790575200,63.1,63.2,63.1,63.2,92900,2026-09-28,,,,,,,,
1790575260,63.1,63.3,63.1,63.3,37700,2026-09-28,,,,,,,,
1790575320,63.2,63.3,63.0,63.3,10900,2026-09-28,,,,,,,,
1790575380,63.2,63.2,63.2,63.2,5000,2026-09-28,,,,,,,,
1790575440,63.2,63.3,63.1,63.1,5300,2026-09-28,,,,,,,,
1790575500,63.2,63.2,63.1,63.2,9400,2026-09-28,,,,,,,,
1790575560,63.2,63.3,63.2,63.2,27600,2026-09-28,,,,,,,,
1790575620,63.2,63.4,63.1,63.2,12100,2026-09-28,,,,,,,,
1790575680,63.3,63.3,63.2,63.3,2700,2026-09-28,,,,,,,,
1790575740,63.3,63.3,63.2,63.2,22900,2026-09-28,,,,,,,,
1790575800,63.3,63.3,63.1,63.2,3500,2026-09-28,,,,,,,,
1790575860,63.2,63.2,63.1,63.2,5400,2026-09-28,,,,,,,,
1790575920,63.2,63.3,63.1,63.3,10000,2026-09-28,,,,,,,,
1790575980,63.3,63.3,63.2,63.2,5300,2026-09-28,,,,,,,,
1790576040,63.2,63.2,63.1,63.2,9100,2026-09-28,,,,,,,,
1790576100,63.2,63.2,63.1,63.2,14100,2026-09-28,,,,,,,,
1790576160,63.2,63.2,63.1,63.2,14800,2026-09-28,,,,,,,,
1790576220,63.2,63.2,63.1,63.1,37900,2026-09-28,,,,,,,,
1790576280,63.1,63.2,63.1,63.1,10700,2026-09-28,,,,,,,,
1790576340,63.1,63.2,63.1,63.1,20800,2026-09-28,,,,,,,,
1790576400,63.1,63.2,63.1,63.1,13900,2026-09-28,,,,,,,,
1790576460,63.2,63.2,63.1,63.2,5100,2026-09-28,,,,,,,,
1790576520,63.2,63.2,63.1,63.2,4700,2026-09-28,,,,,,,,
1790576580,63.1,63.2,63.1,63.1,18000,2026-09-28,,,,,,,,
1790576640,63.2,63.2,63.1,63.2,16600,2026-09-28,,,,,,,,
1790576700,63.2,63.2,63.1,63.1,8400,2026-09-28,,,,,,,,
1790576760,63.2,63.2,63.1,63.1,13600,2026-09-28,,,,,,,,
1790576820,63.1,63.2,63.1,63.1,14700,2026-09-28,,,,,,,,
1790576880,63.2,63.2,63.1,63.2,8400,2026-09-28,,,,,,,,
1790576940,63.2,63.2,63.1,63.1,20600,2026-09-28,,,,,,,,
1790577000,63.2,63.2,63.1,63.2,24100,2026-09-28,,,,,,,,
1790577060,63.2,63.2,63.1,63.2,11300,2026-09-28,,,,,,,,
1790577120,63.2,63.3,63.2,63.3,12400,2026-09-28,,,,,,,,
1790577180,63.3,63.3,63.2,63.2,26400,2026-09-28,,,,,,,,
1790577240,63.3,63.3,63.2,63.3,12900,2026-09-28,,,,,,,,
1790577300,63.3,63.4,63.2,63.4,27000,2026-09-28,,,,,,,,
1790577360,63.4,63.4,63.3,63.3,30900,2026-09-28,,,,,,,,
1790577420,63.3,63.5,63.3,63.4,42300,2026-09-28,,,,,,,,
1790577480,63.5,63.5,63.4,63.4,12200,2026-09-28,,,,,,,,
1790577540,63.5,63.6,63.4,63.6,35800,2026-09-28,,,,,,,,
1790577600,63.6,63.6,63.5,63.6,48400,2026-09-28,,,,,,,,
1790577660,63.6,63.6,63.5,63.6,12100,2026-09-28,,,,,,,,
1790577720,63.6,63.7,63.5,63.7,76200,2026-09-28,,,,,,,,
1790577780,63.7,63.7,63.6,63.7,26800,2026-09-28,,,,,,,,
1790577840,63.7,63.7,63.5,63.6,85000,2026-09-28,,,,,,,,
1790577900,63.6,63.6,63.5,63.6,11700,2026-09-28,,,,,,,,
1790577960,63.6,63.6,63.5,63.6,10300,2026-09-28,,,,,,,,
1790578020,63.5,63.6,63.5,63.6,34800,2026-09-28,,,,,,,,
1790578080,63.5,63.6,63.4,63.4,22900,2026-09-28,,,,,,,,
1790578140,63.5,63.5,63.4,63.5,9900,2026-09-28,,,,,,,,
1790578200,63.5,63.5,63.4,63.5,23000,2026-09-28,,,,,,,,
1790578260,63.5,63.5,63.4,63.5,16900,2026-09-28,,,,,,,,
1790578320,63.5,63.5,63.4,63.5,19300,2026-09-28,,,,,,,,
1790578380,63.5,63.6,63.4,63.6,19100,2026-09-28,,,,,,,,
1790578440,63.6,63.6,63.4,63.5,41800,2026-09-28,,,,,,,,
1790578500,63.6,63.6,63.5,63.6,18700,2026-09-28,,,,,,,,
1790578560,63.6,63.6,63.5,63.6,7200,2026-09-28,,,,,,,,
1790578620,63.6,63.6,63.5,63.5,25800,2026-09-28,,,,,,,,
1790578680,63.5,63.6,63.5,63.5,40200,2026-09-28,,,,,,,,
1790578740,63.6,63.6,63.5,63.6,6000,2026-09-28,,,,,,,,
1790578800,63.5,63.7,63.5,63.7,29800,2026-09-28,,,,,,,,
1790578860,63.6,63.7,63.5,63.5,11700,2026-09-28,,,,,,,,
1790578920,63.6,63.7,63.6,63.7,10800,2026-09-28,,,,,,,,
1790578980,63.7,63.7,63.5,63.7,42000,2026-09-28,,,,,,,,
1790579040,63.7,63.8,63.6,63.7,29300,2026-09-28,,,,,,,,
1790579100,63.6,63.7,63.6,63.7,7000,2026-09-28,,,,,,,,
1790579160,63.7,63.8,63.6,63.7,20600,2026-09-28,,,,,,,,
1790579220,63.7,63.8,63.7,63.8,7700,2026-09-28,,,,,,,,
1790579280,63.7,63.8,63.7,63.8,16600,2026-09-28,,,,,,,,
1790579340,63.8,63.8,63.7,63.8,25900,2026-09-28,,,,,,,,
1790579400,63.8,63.8,63.7,63.7,13400,2026-09-28,,,,,,,,
1790579460,63.8,63.8,63.7,63.7,23100,2026-09-28,,,,,,,,
1790579520,63.7,63.8,63.6,63.7,47000,2026-09-28,,,,,,,,
1790579580,63.8,63.8,63.6,63.7,11500,2026-09-28,,,,,,,,
1790579640,63.7,63.8,63.6,63.7,24600,2026-09-28,,,,,,,,
1790579700,63.7,63.8,63.6,63.7,26600,2026-09-28,,,,,,,,
1790579760,63.8,63.8,63.7,63.7,51000,2026-09-28,,,,,,,,
1790579820,63.7,63.8,63.7,63.8,14000,2026-09-28,,,,,,,,
1790579880,63.8,63.8,63.7,63.8,16600,2026-09-28,,,,,,,,
1790579940,63.7,63.8,63.7,63.7,16400,2026-09-28,,,,,,,,
1790580000,63.7,63.8,63.7,63.8,7000,2026-09-28,,,,,,,,
1790580060,63.7,63.8,63.7,63.8,7100,2026-09-28,,,,,,,,
1790580120,63.7,63.8,63.7,63.8,31500,2026-09-28,,,,,,,,
1790580180,63.8,63.8,63.7,63.7,23000,2026-09-28,,,,,,,,
1790580240,63.8,63.8,63.7,63.8,7100,2026-09-28,,,,,,,,
1790580300,63.8,63.8,63.7,63.7,18100,2026-09-28,,,,,,,,
1790580360,63.8,63.8,63.7,63.7,8100,2026-09-28,,,,,,,,
1790580420,63.7,63.8,63.7,63.8,17900,2026-09-28,,,,,,,,
1790580480,63.7,63.8,63.7,63.8,14900,2026-09-28,,,,,,,,
1790580540,63.7,63.9,63.7,63.8,28100,2026-09-28,,,,,,,,
1790581500,63.7,63.7,63.7,63.7,296600,2026-09-28,,,,,,,,
1790648100,63.7,63.9,63.6,63.8,58900,2026-09-29,,,,,,,,
1790648160,63.8,63.9,63.7,63.9,3800,2026-09-29,,,,,,,,
1790648220,63.9,63.9,63.8,63.9,5300,2026-09-29,,,,,,,,
1790648280,63.9,64.1,63.9,64.1,20900,2026-09-29,,,,,,,,
1790648340,64.0,64.1,63.9,64.1,17100,2026-09-29,,,,,,,,
1790648400,64.1,64.1,64.0,64.0,4500,2026-09-29,,,,,,,,
1790648460,64.0,64.0,63.9,63.9,7200,2026-09-29,,,,,,,,
1790648520,64.0,64.0,63.9,64.0,4000,2026-09-29,,,,,,,,
1790648580,64.0,64.0,63.9,64.0,14200,2026-09-29,,,,,,,,
1790648640,63.9,64.0,63.9,64.0,22100,2026-09-29,,,,,,,,
1790648700,63.9,64.0,63.9,64.0,6100,2026-09-29,,,,,,,,
1790648760,64.0,64.0,63.9,63.9,8400,2026-09-29,,,,,,,,
1790648820,63.9,63.9,63.8,63.8,8100,2026-09-29,,,,,,,,
1790648880,63.8,63.9,63.8,63.8,17300,2026-09-29,,,,,,,,
1790648940,63.9,63.9,63.8,63.8,2600,2026-09-29,,,,,,,,
1790649000,63.8,63.9,63.8,63.9,13400,2026-09-29,,,,,,,,
1790649060,63.9,63.9,63.8,63.9,5400,2026-09-29,,,,,,,,
1790649120,63.9,63.9,63.8,63.9,2100,2026-09-29,,,,,,,,
1790649180,63.9,63.9,63.8,63.9,5000,2026-09-29,,,,,,,,
1790649240,63.8,63.9,63.7,63.9,10200,2026-09-29,,,,,,,,
1790649300,63.8,63.9,63.7,63.8,5600,2026-09-29,,,,,,,,
1790649360,63.8,63.8,63.7,63.7,2500,2026-09-29,,,,,,,,
1790649420,63.7,63.8,63.7,63.8,5300,2026-09-29,,,,,,,,
1790649480,63.7,63.8,63.7,63.8,4700,2026-09-29,,,,,,,,
1790649540,63.8,63.8,63.7,63.7,13800,2026-09-29,,,,,,,,
1790649600,63.7,63.8,63.7,63.8,1100,2026-09-29,,,,,,,,
1790649660,63.7,63.8,63.7,63.8,25900,2026-09-29,,,,,,,,
1790649720,63.7,63.8,63.7,63.8,15100,2026-09-29,,,,,,,,
1790649780,63.8,63.8,63.7,63.8,7100,2026-09-29,,,,,,,,
1790649840,63.7,63.8,63.7,63.8,3200,2026-09-29,,,,,,,,
1790649900,63.7,63.8,63.7,63.8,4600,2026-09-29,,,,,,,,
1790649960,63.7,63.8,63.7,63.7,22100,2026-09-29,,,,,,,,
1790650020,63.7,63.8,63.6,63.6,4800,2026-09-29,,,,,,,,
1790650080,63.8,63.8,63.6,63.6,25500,2026-09-29,,,,,,,,
1790650140,63.6,63.6,63.5,63.5,4500,2026-09-29,,,,,,,,
1790650200,63.6,63.6,63.5,63.5,8700,2026-09-29,,,,,,,,
1790650260,63.6,63.6,63.5,63.6,25000,2026-09-29,,,,,,,,
1790650320,63.6,63.6,63.5,63.5,19300,2026-09-29,,,,,,,,
1790650380,63.5,63.6,63.4,63.4,28900,2026-09-29,,,,,,,,
1790650440,63.4,63.5,63.3,63.4,9400,2026-09-29,,,,,,,,
1790650500,63.4,63.4,63.3,63.3,9000,2026-09-29,,,,,,,,
1790650560,63.4,63.4,63.3,63.3,8300,2026-09-29,,,,,,,,
1790650620,63.4,63.4,63.3,63.4,14600,2026-09-29,,,,,,,,
1790650680,63.4,63.5,63.4,63.5,8300,2026-09-29,,,,,,,,
1790650740,63.5,63.5,63.4,63.5,9900,2026-09-29,,,,,,,,
1790650800,63.5,63.5,63.4,63.5,6400,2026-09-29,,,,,,,,
1790650860,63.5,63.6,63.5,63.6,43900,2026-09-29,,,,,,,,
1790650920,63.6,63.7,63.5,63.7,14000,2026-09-29,,,,,,,,
1790650980,63.6,63.8,63.6,63.6,27100,2026-09-29,,,,,,,,
1790651040,63.8,63.8,63.8,63.8,6100,2026-09-29,,,,,,,,
1790651100,63.8,63.8,63.7,63.8,5600,2026-09-29,,,,,,,,
1790651160,63.8,63.8,63.7,63.8,7900,2026-09-29,,,,,,,,
1790651220,63.8,63.9,63.8,63.8,21400,2026-09-29,,,,,,,,
1790651280,63.9,63.9,63.8,63.9,3300,2026-09-29,,,,,,,,
1790651340,63.9,64.0,63.8,63.9,5100,2026-09-29,,,,,,,,
1790651400,64.0,64.0,63.9,64.0,8200,2026-09-29,,,,,,,,
1790651460,64.0,64.0,63.8,63.8,7900,2026-09-29,,,,,,,,
1790651520,63.8,63.9,63.8,63.9,12500,2026-09-29,,,,,,,,
1790651580,63.9,63.9,63.8,63.9,2700,2026-09-29,,,,,,,,
1790651640,63.9,63.9,63.8,63.8,21200,2026-09-29,,,,,,,,
1790651700,63.8,63.9,63.7,63.9,10200,2026-09-29,,,,,,,,
1790651760,63.7,63.9,63.7,63.8,3600,2026-09-29,,,,,,,,
1790651820,63.8,63.9,63.8,63.8,7800,2026-09-29,,,,,,,,
1790651880,63.9,63.9,63.8,63.8,4500,2026-09-29,,,,,,,,
1790651940,63.9,63.9,63.7,63.8,12500,2026-09-29,,,,,,,,
1790652000,63.8,63.8,63.6,63.6,7600,2026-09-29,,,,,,,,
1790652060,63.8,63.8,63.8,63.8,1800,2026-09-29,,,,,,,,
1790652120,63.8,63.8,63.7,63.7,6400,2026-09-29,,,,,,,,
1790652180,63.7,63.8,63.6,63.8,8700,2026-09-29,,,,,,,,
1790652240,63.7,63.8,63.6,63.8,6700,2026-09-29,,,,,,,,
1790652300,63.8,63.8,63.7,63.8,4200,2026-09-29,,,,,,,,
1790652360,63.8,63.8,63.7,63.7,2700,2026-09-29,,,,,,,,
1790652420,63.8,63.8,63.8,63.8,7100,2026-09-29,,,,,,,,
1790652480,63.8,63.8,63.6,63.8,20000,2026-09-29,,,,,,,,
1790652540,63.8,63.8,63.6,63.8,2400,2026-09-29,,,,,,,,
1790652600,63.8,63.8,63.7,63.7,11200,2026-09-29,,,,,,,,
1790652660,63.7,63.7,63.6,63.7,4000,2026-09-29,,,,,,,,
1790652720,63.7,63.7,63.6,63.7,4500,2026-09-29,,,,,,,,
1790652780,63.7,63.7,63.6,63.7,3000,2026-09-29,,,,,,,,
1790652840,63.7,63.7,63.7,63.7,8600,2026-09-29,,,,,,,,
1790652900,63.7,63.8,63.6,63.6,7000,2026-09-29,,,,,,,,
1790652960,63.7,63.8,63.6,63.6,5100,2026-09-29,,,,,,,,
1790653020,63.7,63.7,63.7,63.7,1800,2026-09-29,,,,,,,,
1790653080,63.5,63.8,63.5,63.6,51200,2026-09-29,,,,,,,,
1790653140,63.7,63.8,63.7,63.8,2300,2026-09-29,,,,,,,,
1790653200,63.6,63.8,63.6,63.7,5900,2026-09-29,,,,,,,,
1790653260,63.7,63.7,63.7,63.7,6400,2026-09-29,,,,,,,,
1790653320,63.7,63.8,63.6,63.7,3200,2026-09-29,,,,,,,,
1790653380,63.6,63.7,63.4,63.6,98100,2026-09-29,,,,,,,,
1790653440,63.6,63.7,63.2,63.7,85000,2026-09-29,,,,,,,,
1790653500,63.7,63.7,63.5,63.5,2300,2026-09-29,,,,,,,,
1790653560,63.7,63.7,63.5,63.5,2200,2026-09-29,,,,,,,,
1790653620,63.5,63.7,63.4,63.7,1700,2026-09-29,,,,,,,,
1790653680,63.7,63.7,63.4,63.5,6200,2026-09-29,,,,,,,,
1790653740,63.7,63.7,63.4,63.4,5700,2026-09-29,,,,,,,,
1790653800,63.6,63.6,63.4,63.4,2400,2026-09-29,,,,,,,,
1790653860,63.6,63.6,63.5,63.5,6200,2026-09-29,,,,,,,,
1790653920,63.5,63.5,63.4,63.4,34500,2026-09-29,,,,,,,,
1790653980,63.5,63.5,63.3,63.3,13500,2026-09-29,,,,,,,,
1790654040,63.4,63.5,63.1,63.5,52100,2026-09-29,,,,,,,,
1790654100,63.5,63.5,63.5,63.5,1900,2026-09-29,,,,,,,,
1790654160,63.5,63.5,63.4,63.5,6900,2026-09-29,,,,,,,,
1790654220,63.5,63.5,63.4,63.5,3600,2026-09-29,,,,,,,,
1790654280,63.5,63.5,63.4,63.5,2300,2026-09-29,,,,,,,,
1790654340,63.5,63.5,63.4,63.5,2400,2026-09-29,,,,,,,,
1790654400,63.4,63.5,63.4,63.4,9600,2026-09-29,,,,,,,,
1790654460,63.4,63.4,63.3,63.3,14200,2026-09-29,,,,,,,,
1790654520,63.3,63.4,63.3,63.4,1000,2026-09-29,,,,,,,,
1790654580,63.4,63.4,63.3,63.3,4200,2026-09-29,,,,,,,,
1790654640,63.3,63.4,63.3,63.4,5900,2026-09-29,,,,,,,,
1790654700,63.3,63.4,63.3,63.4,3500,2026-09-29,,,,,,,,
1790654760,63.4,63.4,63.4,63.4,6000,2026-09-29,,,,,,,,
1790654820,63.3,63.4,63.3,63.4,6900,2026-09-29,,,,,,,,
1790654880,63.4,63.4,63.3,63.4,5300,2026-09-29,,,,,,,,
1790654940,63.4,63.5,63.4,63.5,1700,2026-09-29,,,,,,,,
1790655000,63.5,63.5,63.4,63.4,1700,2026-09-29,,,,,,,,
1790655060,63.4,63.5,63.3,63.5,2600,2026-09-29,,,,,,,,
1790655120,63.5,63.5,63.4,63.4,6200,2026-09-29,,,,,,,,
1790655180,63.4,63.4,63.3,63.4,4600,2026-09-29,,,,,,,,
1790655240,63.3,63.4,63.3,63.3,4300,2026-09-29,,,,,,,,
1790655300,63.3,63.4,63.3,63.4,2400,2026-09-29,,,,,,,,
1790655360,63.4,63.4,63.3,63.3,12800,2026-09-29,,,,,,,,
1790655420,63.3,63.3,63.2,63.3,9400,2026-09-29,,,,,,,,
1790655480,63.2,63.3,63.2,63.3,4000,2026-09-29,,,,,,,,
1790655540,63.3,63.3,63.2,63.3,8200,2026-09-29,,,,,,,,
1790655600,63.3,63.3,63.2,63.3,7400,2026-09-29,,,,,,,,
1790655660,63.3,63.3,63.2,63.3,17500,2026-09-29,,,,,,,,
1790655720,63.3,63.3,63.3,63.3,2600,2026-09-29,,,,,,,,
1790655780,63.4,63.4,63.3,63.3,3800,2026-09-29,,,,,,,,
1790655840,63.3,63.3,63.2,63.2,6300,2026-09-29,,,,,,,,
1790655900,63.3,63.3,63.2,63.2,4100,2026-09-29,,,,,,,,
1790655960,63.3,63.3,63.3,63.3,7200,2026-09-29,,,,,,,,
1790656020,63.3,63.3,63.2,63.3,19100,2026-09-29,,,,,,,,
1790656080,63.3,63.3,63.2,63.2,34900,2026-09-29,,,,,,,,
1790656140,63.2,63.3,63.2,63.3,1200,2026-09-29,,,,,,,,
1790661600,63.3,63.4,63.2,63.4,37500,2026-09-29,,,,,,,,
1790661660,63.4,63.4,63.2,63.2,12600,2026-09-29,,,,,,,,
1790661720,63.2,63.4,63.2,63.4,11300,2026-09-29,,,,,,,,
1790661780,63.4,63.4,63.3,63.3,13500,2026-09-29,,,,,,,,
1790661840,63.3,63.3,63.3,63.3,5400,2026-09-29,,,,,,,,
1790661900,63.3,63.4,63.2,63.4,22800,2026-09-29,,,,,,,,
1790661960,63.3,63.4,63.2,63.4,11800,2026-09-29,,,,,,,,
1790662020,63.3,63.5,63.3,63.4,20900,2026-09-29,,,,,,,,
1790662080,63.5,63.6,63.5,63.5,37700,2026-09-29,,,,,,,,
1790662140,63.5,63.6,63.5,63.5,9400,2026-09-29,,,,,,,,
1790662200,63.5,63.5,63.4,63.4,7900,2026-09-29,,,,,,,,
1790662260,63.5,63.5,63.3,63.4,6800,2026-09-29,,,,,,,,
1790662320,63.4,63.4,63.4,63.4,4100,2026-09-29,,,,,,,,
1790662380,63.4,63.4,63.3,63.4,6800,2026-09-29,,,,,,,,
1790662440,63.3,63.4,63.3,63.3,11400,2026-09-29,,,,,,,,
1790662500,63.3,63.4,63.3,63.4,9000,2026-09-29,,,,,,,,
1790662560,63.4,63.4,63.4,63.4,18100,2026-09-29,,,,,,,,
1790662620,63.4,63.5,63.4,63.4,2300,2026-09-29,,,,,,,,
1790662680,63.4,63.4,63.3,63.3,12500,2026-09-29,,,,,,,,
1790662740,63.3,63.4,63.3,63.4,8300,2026-09-29,,,,,,,,
1790662800,63.3,63.4,63.3,63.4,13700,2026-09-29,,,,,,,,
1790662860,63.3,63.4,63.3,63.3,18900,2026-09-29,,,,,,,,
1790662920,63.3,63.4,63.3,63.3,15500,2026-09-29,,,,,,,,
1790662980,63.3,63.3,63.2,63.3,12000,2026-09-29,,,,,,,,
1790663040,63.3,63.3,63.3,63.3,7500,2026-09-29,,,,,,,,
1790663100,63.3,63.3,63.3,63.3,4500,2026-09-29,,,,,,,,
1790663160,63.3,63.3,63.2,63.2,10000,2026-09-29,,,,,,,,
1790663220,63.2,63.3,63.2,63.2,14900,2026-09-29,,,,,,,,
1790663280,63.2,63.3,63.2,63.3,13500,2026-09-29,,,,,,,,
1790663340,63.3,63.3,63.2,63.2,19100,2026-09-29,,,,,,,,
1790663400,63.2,63.3,63.2,63.3,5200,2026-09-29,,,,,,,,
1790663460,63.2,63.3,63.2,63.2,33800,2026-09-29,,,,,,,,
1790663520,63.3,63.3,63.2,63.3,12500,2026-09-29,,,,,,,,
1790663580,63.3,63.3,63.2,63.3,6800,2026-09-29,,,,,,,,
1790663640,63.3,63.3,63.2,63.2,15100,2026-09-29,,,,,,,,
1790663700,63.3,63.3,63.2,63.2,9200,2026-09-29,,,,,,,,
1790663760,63.2,63.3,63.2,63.2,33800,2026-09-29,,,,,,,,
1790663820,63.3,63.3,63.2,63.3,12800,2026-09-29,,,,,,,,
1790663880,63.3,63.3,63.2,63.2,13000,2026-09-29,,,,,,,,
1790663940,63.2,63.3,63.2,63.3,15700,2026-09-29,,,,,,,,
1790664000,63.3,63.3,63.2,63.3,16800,2026-09-29,,,,,,,,
1790664060,63.2,63.3,63.2,63.3,4700,2026-09-29,,,,,,,,
1790664120,63.3,63.3,63.2,63.2,8700,2026-09-29,,,,,,,,
1790664180,63.3,63.3,63.2,63.2,9900,2026-09-29,,,,,,,,
1790664240,63.2,63.3,63.2,63.3,12600,2026-09-29,,,,,,,,
1790664300,63.2,63.3,63.2,63.3,17100,2026-09-29,,,,,,,,
1790664360,63.2,63.3,63.2,63.3,5000,2026-09-29,,,,,,,,
1790664420,63.3,63.3,63.2,63.3,12900,2026-09-29,,,,,,,,
1790664480,63.3,63.3,63.2,63.2,6800,2026-09-29,,,,,,,,
1790664540,63.3,63.3,63.2,63.3,12700,2026-09-29,,,,,,,,
1790664600,63.2,63.3,63.2,63.2,12200,2026-09-29,,,,,,,,
1790664660,63.3,63.3,63.2,63.2,16400,2026-09-29,,,,,,,,
1790664720,63.2,63.2,63.1,63.1,28600,2026-09-29,,,,,,,,
1790664780,63.1,63.3,63.1,63.2,39500,2026-09-29,,,,,,,,
1790664840,63.2,63.3,63.2,63.3,1000,2026-09-29,,,,,,,,
1790664900,63.3,63.3,63.2,63.3,28200,2026-09-29,,,,,,,,
1790664960,63.2,63.3,63.2,63.3,6300,2026-09-29,,,,,,,,
1790665020,63.3,63.3,63.2,63.3,7000,2026-09-29,,,,,,,,
1790665080,63.3,63.3,63.2,63.2,12300,2026-09-29,,,,,,,,
1790665140,63.2,63.3,63.2,63.3,8500,2026-09-29,,,,,,,,
1790665200,63.2,63.3,63.2,63.2,19900,2026-09-29,,,,,,,,
1790665260,63.2,63.3,63.2,63.2,1400,2026-09-29,,,,,,,,
1790665320,63.2,63.3,63.2,63.2,23700,2026-09-29,,,,,,,,
1790665380,63.2,63.3,63.2,63.3,8500,2026-09-29,,,,,,,,
1790665440,63.3,63.3,63.2,63.2,1100,2026-09-29,,,,,,,,
1790665500,63.2,63.3,63.2,63.2,22900,2026-09-29,,,,,,,,
1790665560,63.3,63.3,63.2,63.3,8400,2026-09-29,,,,,,,,
1790665620,63.3,63.3,63.2,63.3,2800,2026-09-29,,,,,,,,
1790665680,63.3,63.3,63.2,63.3,18200,2026-09-29,,,,,,,,
1790665740,63.3,63.3,63.2,63.2,3200,2026-09-29,,,,,,,,
1790665800,63.2,63.3,63.2,63.2,23900,2026-09-29,,,,,,,,
1790665860,63.2,63.3,63.2,63.2,32700,2026-09-29,,,,,,,,
1790665920,63.3,63.3,63.2,63.3,34800,2026-09-29,,,,,,,,
1790665980,63.3,63.3,63.2,63.3,60200,2026-09-29,,,,,,,,
1790666040,63.2,63.3,63.2,63.2,38400,2026-09-29,,,,,,,,
1790666100,63.2,63.2,63.1,63.2,25100,2026-09-29,,,,,,,,
1790666160,63.2,63.2,63.1,63.2,16900,2026-09-29,,,,,,,,
1790666220,63.1,63.2,63.1,63.1,10600,2026-09-29,,,,,,,,
1790666280,63.1,63.2,63.1,63.1,96700,2026-09-29,,,,,,,,
1790666340,63.1,63.2,63.1,63.1,6000,2026-09-29,,,,,,,,
1790666400,63.1,63.2,63.1,63.1,11900,2026-09-29,,,,,,,,
1790666460,63.2,63.2,63.1,63.1,13600,2026-09-29,,,,,,,,
1790666520,63.1,63.2,63.1,63.2,18700,2026-09-29,,,,,,,,
1790666580,63.2,63.2,63.1,63.2,1900,2026-09-29,,,,,,,,
1790666640,63.1,63.2,63.1,63.2,2300,2026-09-29,,,,,,,,
1790666700,63.1,63.3,63.1,63.3,57400,2026-09-29,,,,,,,,
1790666760,63.3,63.3,63.2,63.3,12700,2026-09-29,,,,,,,,
1790666820,63.3,63.3,63.2,63.3,15300,2026-09-29,,,,,,,,
1790666880,63.3,63.3,63.3,63.3,8400,2026-09-29,,,,,,,,
1790666940,63.3,63.3,63.3,63.3,2500,2026-09-29,,,,,,,,
1790667900,63.2,63.2,63.2,63.2,230000,2026-09-29,,,,,,,,
1790734500,63.4,64.0,63.3,64.0,89000,2026-09-30,,,,,,,,
1790734560,63.8,64.0,63.5,63.8,14700,2026-09-30,,,,,,,,
1790734620,63.7,63.7,63.5,63.6,7300,2026-09-30,,,,,,,,
1790734680,63.5,63.6,63.5,63.5,39500,2026-09-30,,,,,,,,
1790734740,63.5,63.6,63.4,63.5,28100,2026-09-30,,,,,,,,
1790734800,63.5,63.7,63.4,63.5,15100,2026-09-30,,,,,,,,
1790734860,63.5,63.5,63.4,63.5,3100,2026-09-30,,,,,,,,
1790734920,63.4,63.5,63.4,63.4,13100,2026-09-30,,,,,,,,
1790734980,63.4,63.6,63.4,63.4,16900,2026-09-30,,,,,,,,
1790735040,63.4,63.5,63.4,63.5,23500,2026-09-30,,,,,,,,
1790735100,63.6,63.6,63.5,63.5,16000,2026-09-30,,,,,,,,
1790735160,63.5,63.7,63.5,63.7,26100,2026-09-30,,,,,,,,
1790735220,63.6,63.8,63.6,63.8,33700,2026-09-30,,,,,,,,
1790735280,63.7,63.8,63.7,63.8,3800,2026-09-30,,,,,,,,
1790735340,63.7,63.8,63.7,63.7,19000,2026-09-30,,,,,,,,
1790735400,63.7,63.8,63.7,63.7,37400,2026-09-30,,,,,,,,
1790735460,63.7,63.9,63.7,63.8,5400,2026-09-30,,,,,,,,
1790735520,63.7,63.9,63.7,63.8,10000,2026-09-30,,,,,,,,
1790735580,63.8,63.8,63.7,63.8,23700,2026-09-30,,,,,,,,
1790735640,63.8,63.8,63.7,63.7,7800,2026-09-30,,,,,,,,
1790735700,63.7,63.9,63.7,63.7,33500,2026-09-30,,,,,,,,
1790735760,63.7,63.9,63.7,63.7,5000,2026-09-30,,,,,,,,
1790735820,63.8,63.9,63.8,63.8,5800,2026-09-30,,,,,,,,
1790735880,63.7,63.8,63.7,63.8,2700,2026-09-30,,,,,,,,
1790735940,63.8,63.8,63.7,63.8,2500,2026-09-30,,,,,,,,
1790736000,63.7,63.7,63.7,63.7,6000,2026-09-30,,,,,,,,
1790736060,63.7,63.7,63.7,63.7,11700,2026-09-30,,,,,,,,
1790736120,63.7,63.8,63.7,63.7,7300,2026-09-30,,,,,,,,
1790736180,63.7,63.7,63.6,63.6,8000,2026-09-30,,,,,,,,
1790736240,63.7,63.8,63.6,63.7,10200,2026-09-30,,,,,,,,
1790736300,63.7,63.7,63.6,63.7,2500,2026-09-30,,,,,,,,
1790736360,63.6,63.6,63.6,63.6,3300,2026-09-30,,,,,,,,
1790736420,63.6,63.7,63.6,63.7,3100,2026-09-30,,,,,,,,
1790736480,63.7,63.7,63.6,63.6,7500,2026-09-30,,,,,,,,
1790736540,63.7,63.7,63.6,63.6,2300,2026-09-30,,,,,,,,
1790736600,63.6,63.7,63.6,63.7,6700,2026-09-30,,,,,,,,
1790736660,63.6,63.7,63.6,63.6,7600,2026-09-30,,,,,,,,
1790736720,63.6,63.7,63.6,63.6,14800,2026-09-30,,,,,,,,
1790736780,63.6,63.6,63.6,63.6,11500,2026-09-30,,,,,,,,
1790736840,63.6,63.7,63.6,63.7,7500,2026-09-30,,,,,,,,
1790736900,63.6,63.7,63.6,63.6,4100,2026-09-30,,,,,,,,
1790736960,63.6,63.7,63.6,63.6,3000,2026-09-30,,,,,,,,
1790737020,63.6,63.7,63.6,63.6,7900,2026-09-30,,,,,,,,
1790737080,63.6,63.7,63.6,63.6,5600,2026-09-30,,,,,,,,
1790737140,63.6,63.7,63.6,63.6,27100,2026-09-30,,,,,,,,
1790737200,63.6,63.7,63.6,63.6,21000,2026-09-30,,,,,,,,
1790737260,63.6,63.7,63.5,63.6,6400,2026-09-30,,,,,,,,
1790737320,63.6,63.7,63.5,63.7,13800,2026-09-30,,,,,,,,
1790737380,63.6,63.7,63.5,63.6,9400,2026-09-30,,,,,,,,
1790737440,63.5,63.7,63.5,63.7,20800,2026-09-30,,,,,,,,
1790737500,63.7,63.8,63.6,63.6,26700,2026-09-30,,,,,,,,
1790737560,63.6,63.7,63.6,63.6,6400,2026-09-30,,,,,,,,
1790737620,63.6,63.7,63.6,63.7,15900,2026-09-30,,,,,,,,
1790737680,63.6,63.8,63.6,63.6,14100,2026-09-30,,,,,,,,
1790737740,63.6,63.7,63.6,63.6,2900,2026-09-30,,,,,,,,
1790737800,63.6,63.7,63.6,63.6,7300,2026-09-30,,,,,,,,
1790737860,63.6,63.8,63.6,63.8,17000,2026-09-30,,,,,,,,
1790737920,63.6,63.8,63.6,63.7,3700,2026-09-30,,,,,,,,
1790737980,63.7,63.8,63.6,63.8,1900,2026-09-30,,,,,,,,
1790738040,63.7,63.8,63.6,63.6,7000,2026-09-30,,,,,,,,
1790738100,63.6,63.7,63.6,63.6,5700,2026-09-30,,,,,,,,
1790738160,63.6,63.6,63.6,63.6,13800,2026-09-30,,,,,,,,
1790738220,63.6,63.6,63.6,63.6,3000,2026-09-30,,,,,,,,
1790738280,63.6,63.6,63.6,63.6,5100,2026-09-30,,,,,,,,
1790738340,63.7,63.8,63.6,63.6,15100,2026-09-30,,,,,,,,
1790738400,63.6,63.8,63.6,63.6,5100,2026-09-30,,,,,,,,
1790738460,63.6,63.6,63.6,63.6,4300,2026-09-30,,,,,,,,
1790738520,63.6,63.7,63.6,63.6,5300,2026-09-30,,,,,,,,
1790738580,63.6,63.6,63.6,63.6,10000,2026-09-30,,,,,,,,
1790738640,63.6,63.6,63.5,63.5,8100,2026-09-30,,,,,,,,
1790738700,63.5,63.5,63.5,63.5,1800,2026-09-30,,,,,,,,
1790738760,63.6,63.6,63.5,63.6,4500,2026-09-30,,,,,,,,
1790738820,63.5,63.6,63.5,63.6,4600,2026-09-30,,,,,,,,
1790738880,63.5,63.5,63.5,63.5,10500,2026-09-30,,,,,,,,
1790738940,63.6,63.6,63.5,63.6,3000,2026-09-30,,,,,,,,
1790739000,63.5,63.5,63.5,63.5,1400,2026-09-30,,,,,,,,
1790739060,63.5,63.6,63.5,63.6,4000,2026-09-30,,,,,,,,
1790739120,63.6,63.7,63.5,63.6,13700,2026-09-30,,,,,,,,
1790739180,63.6,63.6,63.5,63.6,4500,2026-09-30,,,,,,,,
1790739240,63.6,63.7,63.5,63.6,4400,2026-09-30,,,,,,,,
1790739300,63.6,63.6,63.5,63.5,14300,2026-09-30,,,,,,,,
1790739360,63.5,63.6,63.5,63.5,4000,2026-09-30,,,,,,,,
1790739420,63.5,63.6,63.5,63.5,1500,2026-09-30,,,,,,,,
1790739480,63.5,63.6,63.5,63.6,6900,2026-09-30,,,,,,,,
1790739540,63.5,63.5,63.5,63.5,4600,2026-09-30,,,,,,,,
1790739600,63.5,63.5,63.5,63.5,1000,2026-09-30,,,,,,,,
1790739660,63.5,63.6,63.5,63.6,2900,2026-09-30,,,,,,,,
1790739720,63.5,63.6,63.5,63.6,5700,2026-09-30,,,,,,,,
1790739780,63.5,63.6,63.5,63.5,2100,2026-09-30,,,,,,,,
1790739840,63.5,63.5,63.5,63.5,1400,2026-09-30,,,,,,,,
1790739900,63.5,63.5,63.5,63.5,2700,2026-09-30,,,,,,,,
1790739960,63.5,63.6,63.5,63.6,2700,2026-09-30,,,,,,,,
1790740020,63.5,63.5,63.5,63.5,6000,2026-09-30,,,,,,,,
1790740080,63.5,63.5,63.5,63.5,5900,2026-09-30,,,,,,,,
1790740140,63.5,63.5,63.5,63.5,12400,2026-09-30,,,,,,,,
1790740200,63.5,63.6,63.5,63.6,12200,2026-09-30,,,,,,,,
1790740260,63.5,63.5,63.5,63.5,1100,2026-09-30,,,,,,,,
1790740320,63.5,63.6,63.5,63.5,12200,2026-09-30,,,,,,,,
1790740380,63.6,63.6,63.5,63.5,4500,2026-09-30,,,,,,,,
1790740440,63.5,63.6,63.5,63.5,11800,2026-09-30,,,,,,,,
1790740500,63.5,63.5,63.5,63.5,9000,2026-09-30,,,,,,,,
1790740560,63.5,63.6,63.5,63.6,6700,2026-09-30,,,,,,,,
1790740620,63.5,63.5,63.4,63.5,25000,2026-09-30,,,,,,,,
1790740680,63.4,63.5,63.4,63.5,1500,2026-09-30,,,,,,,,
1790740740,63.5,63.5,63.4,63.4,11800,2026-09-30,,,,,,,,
1790740800,63.4,63.4,63.4,63.4,3400,2026-09-30,,,,,,,,
1790740860,63.4,63.5,63.4,63.5,1600,2026-09-30,,,,,,,,
1790740920,63.5,63.5,63.4,63.4,1400,2026-09-30,,,,,,,,
1790740980,63.4,63.4,63.4,63.4,10500,2026-09-30,,,,,,,,
1790741040,63.4,63.5,63.4,63.4,7800,2026-09-30,,,,,,,,
1790741100,63.4,63.4,63.3,63.3,4900,2026-09-30,,,,,,,,
1790741160,63.3,63.3,63.3,63.3,6300,2026-09-30,,,,,,,,
1790741220,63.3,63.5,63.3,63.5,15300,2026-09-30,,,,,,,,
1790741280,63.4,63.4,63.3,63.3,4200,2026-09-30,,,,,,,,
1790741340,63.4,63.5,63.3,63.5,14400,2026-09-30,,,,,,,,
1790741400,63.4,63.5,63.4,63.5,14400,2026-09-30,,,,,,,,
1790741460,63.5,63.5,63.4,63.5,3100,2026-09-30,,,,,,,,
1790741520,63.4,63.5,63.4,63.4,4400,2026-09-30,,,,,,,,
1790741580,63.4,63.4,63.4,63.4,4100,2026-09-30,,,,,,,,
1790741640,63.4,63.4,63.3,63.4,4700,2026-09-30,,,,,,,,
1790741700,63.3,63.4,63.3,63.4,2100,2026-09-30,,,,,,,,
1790741760,63.4,63.4,63.3,63.3,6800,2026-09-30,,,,,,,,
1790741820,63.3,63.3,63.3,63.3,12300,2026-09-30,,,,,,,,
1790741880,63.3,63.4,63.3,63.3,4700,2026-09-30,,,,,,,,
1790741940,63.3,63.3,63.3,63.3,16800,2026-09-30,,,,,,,,
1790742000,63.3,63.4,63.3,63.3,5800,2026-09-30,,,,,,,,
1790742060,63.3,63.4,63.3,63.3,23800,2026-09-30,,,,,,,,
1790742120,63.3,63.4,63.3,63.3,12900,2026-09-30,,,,,,,,
1790742180,63.3,63.3,63.2,63.2,6500,2026-09-30,,,,,,,,
1790742240,63.2,63.3,63.2,63.3,2700,2026-09-30,,,,,,,,
1790742300,63.3,63.3,63.2,63.2,5000,2026-09-30,,,,,,,,
1790742360,63.3,63.3,63.2,63.3,4000,2026-09-30,,,,,,,,
1790742420,63.3,63.3,63.2,63.2,6200,2026-09-30,,,,,,,,
1790742480,63.2,63.3,63.2,63.3,10500,2026-09-30,,,,,,,,
1790742540,63.3,63.4,63.3,63.4,12800,2026-09-30,,,,,,,,
1790748000,63.4,63.5,63.3,63.5,46400,2026-09-30,,,,,,,,
1790748060,63.4,63.6,63.4,63.5,40700,2026-09-30,,,,,,,,
1790748120,63.5,63.6,63.4,63.4,13000,2026-09-30,,,,,,,,
1790748180,63.4,63.5,63.4,63.5,5000,2026-09-30,,,,,,,,
1790748240,63.6,63.6,63.4,63.4,26600,2026-09-30,,,,,,,,
1790748300,63.4,63.5,63.4,63.5,8100,2026-09-30,,,,,,,,
1790748360,63.4,63.4,63.4,63.4,24600,2026-09-30,,,,,,,,
1790748420,63.4,63.4,63.3,63.3,16000,2026-09-30,,,,,,,,
1790748480,63.4,63.5,63.3,63.4,5200,2026-09-30,,,,,,,,
1790748540,63.5,63.5,63.4,63.4,13500,2026-09-30,,,,,,,,
1790748600,63.4,63.4,63.3,63.4,16100,2026-09-30,,,,,,,,
1790748660,63.4,63.4,63.3,63.3,4400,2026-09-30,,,,,,,,
1790748720,63.3,63.3,63.3,63.3,8000,2026-09-30,,,,,,,,
1790748780,63.3,63.4,63.3,63.4,56900,2026-09-30,,,,,,,,
1790748840,63.4,63.4,63.3,63.3,16500,2026-09-30,,,,,,,,
1790748900,63.3,63.5,63.3,63.3,5300,2026-09-30,,,,,,,,
1790748960,63.4,63.4,63.3,63.3,5000,2026-09-30,,,,,,,,
1790749020,63.3,63.4,63.3,63.3,4000,2026-09-30,,,,,,,,
1790749080,63.3,63.4,63.3,63.4,5300,2026-09-30,,,,,,,,
1790749140,63.4,63.4,63.3,63.4,5400,2026-09-30,,,,,,,,
1790749200,63.3,63.4,63.3,63.4,2500,2026-09-30,,,,,,,,
1790749260,63.4,63.4,63.3,63.3,12000,2026-09-30,,,,,,,,
1790749320,63.3,63.4,63.3,63.3,6200,2026-09-30,,,,,,,,
1790749380,63.3,63.4,63.3,63.4,14000,2026-09-30,,,,,,,,
1790749440,63.4,63.4,63.3,63.3,8300,2026-09-30,,,,,,,,
1790749500,63.3,63.4,63.3,63.3,4700,2026-09-30,,,,,,,,
1790749560,63.3,63.4,63.3,63.4,26000,2026-09-30,,,,,,,,
1790749620,63.4,63.4,63.4,63.4,5000,2026-09-30,,,,,,,,
1790749680,63.4,63.5,63.4,63.4,6100,2026-09-30,,,,,,,,
1790749740,63.4,63.5,63.3,63.4,4500,2026-09-30,,,,,,,,
1790749800,63.3,63.4,63.3,63.3,8300,2026-09-30,,,,,,,,
1790749860,63.3,63.4,63.3,63.4,3000,2026-09-30,,,,,,,,
1790749920,63.3,63.4,63.3,63.4,15500,2026-09-30,,,,,,,,
1790749980,63.4,63.4,63.3,63.4,4800,2026-09-30,,,,,,,,
1790750040,63.3,63.4,63.3,63.3,11500,2026-09-30,,,,,,,,
1790750100,63.3,63.4,63.3,63.3,14600,2026-09-30,,,,,,,,
1790750160,63.4,63.4,63.3,63.4,10500,2026-09-30,,,,,,,,
1790750220,63.3,63.4,63.3,63.3,13700,2026-09-30,,,,,,,,
1790750280,63.3,63.4,63.3,63.3,19900,2026-09-30,,,,,,,,
1790750340,63.3,63.4,63.3,63.3,10000,2026-09-30,,,,,,,,
1790750400,63.3,63.4,63.3,63.3,29200,2026-09-30,,,,,,,,
1790750460,63.3,63.3,63.2,63.2,53000,2026-09-30,,,,,,,,
1790750520,63.2,63.3,63.2,63.2,5400,2026-09-30,,,,,,,,
1790750580,63.2,63.3,63.2,63.2,53400,2026-09-30,,,,,,,,
1790750640,63.2,63.3,63.2,63.2,10600,2026-09-30,,,,,,,,
1790750700,63.2,63.3,63.2,63.2,25700,2026-09-30,,,,,,,,
1790750760,63.2,63.3,63.2,63.3,4500,2026-09-30,,,,,,,,
1790750820,63.2,63.3,63.2,63.2,12600,2026-09-30,,,,,,,,
1790750880,63.2,63.3,63.2,63.2,15300,2026-09-30,,,,,,,,
1790750940,63.2,63.3,63.2,63.3,8700,2026-09-30,,,,,,,,
1790751000,63.3,63.3,63.2,63.2,16700,2026-09-30,,,,,,,,
1790751060,63.2,63.3,63.2,63.2,31700,2026-09-30,,,,,,,,
1790751120,63.2,63.3,63.2,63.2,6100,2026-09-30,,,,,,,,
1790751180,63.3,63.3,63.2,63.3,13700,2026-09-30,,,,,,,,
1790751240,63.2,63.2,63.2,63.2,3500,2026-09-30,,,,,,,,
1790751300,63.2,63.2,63.1,63.1,98100,2026-09-30,,,,,,,,
1790751360,63.2,63.2,63.1,63.1,5300,2026-09-30,,,,,,,,
1790751420,63.2,63.2,63.1,63.2,3100,2026-09-30,,,,,,,,
1790751480,63.2,63.2,63.1,63.1,2800,2026-09-30,,,,,,,,
1790751540,63.1,63.2,63.1,63.1,2700,2026-09-30,,,,,,,,
1790751600,63.1,63.2,63.1,63.1,9900,2026-09-30,,,,,,,,
1790751660,63.1,63.2,63.1,63.2,4700,2026-09-30,,,,,,,,
1790751720,63.2,63.2,63.1,63.1,11500,2026-09-30,,,,,,,,
1790751780,63.1,63.1,63.1,63.1,5400,2026-09-30,,,,,,,,
1790751840,63.1,63.1,63.1,63.1,13700,2026-09-30,,,,,,,,
1790751900,63.1,63.2,63.1,63.2,21100,2026-09-30,,,,,,,,
1790751960,63.2,63.2,63.1,63.2,17800,2026-09-30,,,,,,,,
1790752020,63.2,63.2,63.1,63.2,5100,2026-09-30,,,,,,,,
1790752080,63.2,63.2,63.1,63.1,4900,2026-09-30,,,,,,,,
1790752140,63.1,63.2,63.1,63.1,3200,2026-09-30,,,,,,,,
1790752200,63.1,63.2,63.1,63.2,26000,2026-09-30,,,,,,,,
1790752260,63.1,63.2,63.1,63.1,27800,2026-09-30,,,,,,,,
1790752320,63.1,63.2,63.1,63.1,5300,2026-09-30,,,,,,,,
1790752380,63.2,63.2,63.1,63.1,26200,2026-09-30,,,,,,,,
1790752440,63.1,63.2,63.1,63.1,14200,2026-09-30,,,,,,,,
1790752500,63.1,63.1,63.1,63.1,18100,2026-09-30,,,,,,,,
1790752560,63.1,63.2,63.1,63.1,3900,2026-09-30,,,,,,,,
1790752620,63.2,63.2,63.1,63.1,3500,2026-09-30,,,,,,,,
1790752680,63.1,63.1,63.1,63.1,14300,2026-09-30,,,,,,,,
1790752740,63.1,63.2,63.1,63.1,6400,2026-09-30,,,,,,,,
1790752800,63.1,63.2,63.1,63.2,7800,2026-09-30,,,,,,,,
1790752860,63.1,63.2,63.1,63.1,23500,2026-09-30,,,,,,,,
1790752920,63.2,63.2,63.1,63.2,15900,2026-09-30,,,,,,,,
1790752980,63.1,63.2,63.0,63.1,79800,2026-09-30,,,,,,,,
1790753040,63.1,63.1,63.0,63.0,34900,2026-09-30,,,,,,,,
1790753100,63.0,63.1,63.0,63.0,49700,2026-09-30,,,,,,,,
1790753160,63.0,63.2,63.0,63.1,37700,2026-09-30,,,,,,,,
1790753220,63.2,63.2,63.1,63.1,15100,2026-09-30,,,,,,,,
1790753280,63.1,63.2,63.1,63.1,21900,2026-09-30,,,,,,,,
1790753340,63.1,63.2,63.1,63.1,14100,2026-09-30,,,,,,,,
1790754300,63.0,63.0,63.0,63.0,387600,2026-09-30,,,,,,,,
1790820900,63.0,63.0,62.9,63.0,65700,2026-10-01,,,,,,,,
1790820960,62.9,63.0,62.9,62.9,7900,2026-10-01,,,,,,,,
1790821020,63.0,63.0,62.9,63.0,4200,2026-10-01,,,,,,,,
1790821080,63.0,63.0,62.9,63.0,7300,2026-10-01,,,,,,,,
1790821140,62.9,63.0,62.9,63.0,31500,2026-10-01,,,,,,,,
1790821200,62.9,63.0,62.9,62.9,2500,2026-10-01,,,,,,,,
1790821260,62.9,63.0,62.9,62.9,8800,2026-10-01,,,,,,,,
1790821320,62.9,63.0,62.9,62.9,8600,2026-10-01,,,,,,,,
1790821380,62.9,63.0,62.9,62.9,4200,2026-10-01,,,,,,,,
1790821440,63.0,63.0,62.9,63.0,13800,2026-10-01,,,,,,,,
1790821500,63.0,63.0,62.9,63.0,7300,2026-10-01,,,,,,,,
1790821560,63.0,63.1,63.0,63.1,5400,2026-10-01,,,,,,,,
1790821620,63.0,63.1,63.0,63.0,8400,2026-10-01,,,,,,,,
1790821680,63.1,63.1,63.0,63.0,2800,2026-10-01,,,,,,,,
1790821740,63.0,63.1,63.0,63.0,600,2026-10-01,,,,,,,,
1790821800,63.0,63.1,63.0,63.0,8900,2026-10-01,,,,,,,,
1790821860,63.1,63.1,63.0,63.0,2100,2026-10-01,,,,,,,,
1790821920,63.1,63.1,63.0,63.1,14400,2026-10-01,,,,,,,,
1790821980,63.1,63.1,63.0,63.1,8900,2026-10-01,,,,,,,,
1790822040,63.1,63.1,63.0,63.1,2000,2026-10-01,,,,,,,,
1790822100,63.0,63.0,63.0,63.0,4100,2026-10-01,,,,,,,,
1790822160,63.0,63.1,63.0,63.1,5400,2026-10-01,,,,,,,,
1790822220,63.0,63.1,63.0,63.0,4900,2026-10-01,,,,,,,,
1790822280,63.0,63.1,63.0,63.1,3700,2026-10-01,,,,,,,,
1790822340,63.0,63.1,63.0,63.0,6500,2026-10-01,,,,,,,,
1790822400,63.1,63.1,63.0,63.0,8100,2026-10-01,,,,,,,,
1790822460,63.0,63.0,63.0,63.0,5600,2026-10-01,,,,,,,,
1790822520,63.1,63.1,63.0,63.0,9000,2026-10-01,,,,,,,,
1790822580,63.0,63.1,63.0,63.0,35200,2026-10-01,,,,,,,,
1790822640,63.0,63.0,62.9,63.0,5700,2026-10-01,,,,,,,,
1790822700,62.9,62.9,62.9,62.9,8600,2026-10-01,,,,,,,,
1790822760,62.9,63.0,62.9,62.9,16700,2026-10-01,,,,,,,,
1790822820,62.9,63.0,62.9,62.9,24000,2026-10-01,,,,,,,,
1790822880,62.9,63.0,62.9,63.0,15400,2026-10-01,,,,,,,,
1790822940,62.9,62.9,62.9,62.9,17200,2026-10-01,,,,,,,,
1790823000,62.9,63.0,62.9,62.9,10200,2026-10-01,,,,,,,,
1790823060,62.9,62.9,62.9,62.9,5700,2026-10-01,,,,,,,,
1790823120,62.9,63.0,62.9,62.9,6500,2026-10-01,,,,,,,,
1790823180,62.9,62.9,62.8,62.8,8000,2026-10-01,,,,,,,,
1790823240,62.8,62.9,62.8,62.8,4400,2026-10-01,,,,,,,,
1790823300,62.8,62.9,62.8,62.8,7400,2026-10-01,,,,,,,,
1790823360,62.8,62.9,62.8,62.8,15700,2026-10-01,,,,,,,,
1790823420,62.9,62.9,62.8,62.9,18300,2026-10-01,,,,,,,,
1790823480,62.9,62.9,62.8,62.8,4100,2026-10-01,,,,,,,,
1790823540,62.9,63.0,62.9,63.0,4900,2026-10-01,,,,,,,,
1790823600,62.9,63.0,62.9,62.9,2800,2026-10-01,,,,,,,,
1790823660,62.9,63.0,62.9,63.0,6000,2026-10-01,,,,,,,,
1790823720,62.9,62.9,62.9,62.9,1200,2026-10-01,,,,,,,,
1790823780,63.0,63.0,62.9,62.9,1900,2026-10-01,,,,,,,,
1790823840,62.9,63.0,62.9,63.0,1300,2026-10-01,,,,,,,,
1790823900,63.0,63.0,62.9,62.9,5800,2026-10-01,,,,,,,,
1790823960,62.9,62.9,62.9,62.9,7400,2026-10-01,,,,,,,,
1790824020,62.9,62.9,62.9,62.9,21000,2026-10-01,,,,,,,,
1790824080,62.9,62.9,62.9,62.9,2600,2026-10-01,,,,,,,,
1790824140,62.9,63.0,62.9,62.9,1800,2026-10-01,,,,,,,,
1790824200,62.9,63.0,62.9,62.9,5500,2026-10-01,,,,,,,,
1790824260,63.0,63.0,62.9,63.0,800,2026-10-01,,,,,,,,
1790824320,62.9,63.0,62.9,62.9,1900,2026-10-01,,,,,,,,
1790824380,62.9,63.0,62.9,62.9,1800,2026-10-01,,,,,,,,
1790824440,62.9,63.0,62.9,62.9,4000,2026-10-01,,,,,,,,
1790824500,63.0,63.0,62.9,63.0,8600,2026-10-01,,,,,,,,
1790824560,62.9,62.9,62.9,62.9,2500,2026-10-01,,,,,,,,
1790824620,63.0,63.0,62.9,63.0,4100,2026-10-01,,,,,,,,
1790824680,62.9,63.0,62.9,63.0,12100,2026-10-01,,,,,,,,
1790824740,63.0,63.0,62.9,63.0,28900,2026-10-01,,,,,,,,
1790824800,63.0,63.1,63.0,63.1,8500,2026-10-01,,,,,,,,
1790824860,63.1,63.1,63.0,63.1,3900,2026-10-01,,,,,,,,
1790824920,63.0,63.1,63.0,63.0,3400,2026-10-01,,,,,,,,
1790824980,63.0,63.0,63.0,63.0,3700,2026-10-01,,,,,,,,
1790825040,63.0,63.1,63.0,63.0,6100,2026-10-01,,,,,,,,
1790825100,63.0,63.0,63.0,63.0,11400,2026-10-01,,,,,,,,
1790825160,63.0,63.1,63.0,63.0,12700,2026-10-01,,,,,,,,
1790825220,63.0,63.1,63.0,63.1,9000,2026-10-01,,,,,,,,
1790825280,63.0,63.0,63.0,63.0,4000,2026-10-01,,,,,,,,
1790825340,63.0,63.0,63.0,63.0,3200,2026-10-01,,,,,,,,
1790825400,63.0,63.0,62.9,63.0,31500,2026-10-01,,,,,,,,
1790825460,63.0,63.0,62.9,63.0,2600,2026-10-01,,,,,,,,
1790825520,63.0,63.0,62.9,63.0,1600,2026-10-01,,,,,,,,
1790825580,62.9,63.0,62.9,62.9,40000,2026-10-01,,,,,,,,
1790825640,62.9,63.0,62.9,62.9,2800,2026-10-01,,,,,,,,
1790825700,62.9,63.0,62.9,63.0,6600,2026-10-01,,,,,,,,
1790825760,62.9,63.0,62.9,62.9,7600,2026-10-01,,,,,,,,
1790825820,62.9,62.9,62.9,62.9,5700,2026-10-01,,,,,,,,
1790825880,62.9,63.0,62.9,62.9,11600,2026-10-01,,,,,,,,
1790825940,63.0,63.0,62.9,62.9,4300,2026-10-01,,,,,,,,
1790826000,62.9,62.9,62.9,62.9,22600,2026-10-01,,,,,,,,
1790826060,62.9,63.0,62.9,62.9,4400,2026-10-01,,,,,,,,
1790826120,62.9,63.0,62.9,62.9,7900,2026-10-01,,,,,,,,
1790826180,62.9,62.9,62.9,62.9,14600,2026-10-01,,,,,,,,
1790826240,62.9,62.9,62.9,62.9,2300,2026-10-01,,,,,,,,
1790826300,62.9,63.0,62.8,62.9,10400,2026-10-01,,,,,,,,
1790826360,62.9,62.9,62.9,62.9,8700,2026-10-01,,,,,,,,
1790826420,62.9,63.0,62.9,62.9,11000,2026-10-01,,,,,,,,
1790826480,62.9,62.9,62.8,62.9,14400,2026-10-01,,,,,,,,
1790826540,62.9,62.9,62.9,62.9,7100,2026-10-01,,,,,,,,
1790826600,62.9,63.0,62.9,62.9,15200,2026-10-01,,,,,,,,
1790826660,62.9,62.9,62.8,62.9,106900,2026-10-01,,,,,,,,
1790826720,62.9,63.0,62.9,62.9,5000,2026-10-01,,,,,,,,
1790826780,62.9,63.0,62.8,62.9,17300,2026-10-01,,,,,,,,
1790826840,62.9,63.0,62.9,62.9,7800,2026-10-01,,,,,,,,
1790826900,63.0,63.0,62.9,62.9,18300,2026-10-01,,,,,,,,
1790826960,62.9,62.9,62.9,62.9,12000,2026-10-01,,,,,,,,
1790827020,62.9,62.9,62.9,62.9,3100,2026-10-01,,,,,,,,
1790827080,62.9,63.0,62.9,62.9,13700,2026-10-01,,,,,,,,
1790827140,62.9,63.0,62.9,63.0,3800,2026-10-01,,,,,,,,
1790827200,62.9,63.0,62.9,62.9,5000,2026-10-01,,,,,,,,
1790827260,62.9,63.0,62.9,62.9,14500,2026-10-01,,,,,,,,
1790827320,62.9,63.0,62.9,63.0,9600,2026-10-01,,,,,,,,
1790827380,63.0,63.0,62.9,62.9,11900,2026-10-01,,,,,,,,
1790827440,62.9,63.0,62.8,62.8,9200,2026-10-01,,,,,,,,
1790827500,62.9,62.9,62.8,62.8,6700,2026-10-01,,,,,,,,
1790827560,62.8,62.9,62.8,62.9,13000,2026-10-01,,,,,,,,
1790827620,62.9,63.0,62.8,63.0,13300,2026-10-01,,,,,,,,
1790827680,63.0,63.0,62.9,62.9,7000,2026-10-01,,,,,,,,
1790827740,62.9,63.0,62.8,63.0,21600,2026-10-01,,,,,,,,
1790827800,63.0,63.0,62.9,62.9,8000,2026-10-01,,,,,,,,
1790827860,63.0,63.0,62.8,62.9,24900,2026-10-01,,,,,,,,
1790827920,62.9,62.9,62.8,62.8,6300,2026-10-01,,,,,,,,
1790827980,62.8,62.9,62.8,62.9,6400,2026-10-01,,,,,,,,
1790828040,62.9,62.9,62.8,62.9,12500,2026-10-01,,,,,,,,
1790828100,62.9,62.9,62.8,62.9,11500,2026-10-01,,,,,,,,
1790828160,62.8,62.9,62.8,62.8,14200,2026-10-01,,,,,,,,
1790828220,62.8,62.9,62.8,62.9,11900,2026-10-01,,,,,,,,
1790828280,62.8,62.9,62.8,62.8,7900,2026-10-01,,,,,,,,
1790828340,62.8,62.9,62.8,62.8,16800,2026-10-01,,,,,,,,
1790828400,62.8,62.9,62.8,62.8,7600,2026-10-01,,,,,,,,
1790828460,62.8,62.9,62.8,62.8,11300,2026-10-01,,,,,,,,
1790828520,62.8,62.9,62.8,62.9,5600,2026-10-01,,,,,,,,
1790828580,62.9,62.9,62.8,62.8,6200,2026-10-01,,,,,,,,
1790828640,62.8,62.9,62.7,62.9,17300,2026-10-01,,,,,,,,
1790828700,62.9,62.9,62.8,62.8,6300,2026-10-01,,,,,,,,
1790828760,62.8,62.9,62.8,62.9,7300,2026-10-01,,,,,,,,
1790828820,62.9,62.9,62.8,62.8,15500,2026-10-01,,,,,,,,
1790828880,62.8,62.8,62.8,62.8,4900,2026-10-01,,,,,,,,
1790828940,62.8,62.8,62.7,62.7,12500,2026-10-01,,,,,,,,
1790834400,62.7,63.0,62.7,63.0,50600,2026-10-01,,,,,,,,
1790834460,63.0,63.0,62.8,62.8,19100,2026-10-01,,,,,,,,
1790834520,62.9,63.0,62.8,63.0,22600,2026-10-01,,,,,,,,
1790834580,63.0,63.0,62.8,62.8,18900,2026-10-01,,,,,,,,
1790834640,62.8,62.9,62.8,62.9,4700,2026-10-01,,,,,,,,
1790834700,62.9,62.9,62.8,62.9,20500,2026-10-01,,,,,,,,
1790834760,62.9,62.9,62.8,62.8,4000,2026-10-01,,,,,,,,
1790834820,62.8,62.9,62.8,62.8,2100,2026-10-01,,,,,,,,
1790834880,62.8,62.8,62.8,62.8,15600,2026-10-01,,,,,,,,
1790834940,62.8,62.9,62.8,62.9,9200,2026-10-01,,,,,,,,
1790835000,62.8,62.9,62.8,62.8,11300,2026-10-01,,,,,,,,
1790835060,62.9,62.9,62.9,62.9,16500,2026-10-01,,,,,,,,
1790835120,62.9,62.9,62.9,62.9,12800,2026-10-01,,,,,,,,
1790835180,62.9,62.9,62.8,62.8,14000,2026-10-01,,,,,,,,
1790835240,63.0,63.0,62.9,63.0,2600,2026-10-01,,,,,,,,
1790835300,63.0,63.0,62.9,62.9,3200,2026-10-01,,,,,,,,
1790835360,62.9,62.9,62.8,62.9,11300,2026-10-01,,,,,,,,
1790835420,62.9,63.0,62.9,62.9,4500,2026-10-01,,,,,,,,
1790835480,62.9,62.9,62.9,62.9,12100,2026-10-01,,,,,,,,
1790835540,62.9,62.9,62.8,62.9,13500,2026-10-01,,,,,,,,
1790835600,62.9,62.9,62.9,62.9,10400,2026-10-01,,,,,,,,
1790835660,62.9,62.9,62.8,62.8,14800,2026-10-01,,,,,,,,
1790835720,62.8,62.9,62.8,62.8,2400,2026-10-01,,,,,,,,
1790835780,62.8,62.9,62.8,62.9,8200,2026-10-01,,,,,,,,
1790835840,62.8,62.9,62.8,62.8,24700,2026-10-01,,,,,,,,
1790835900,62.8,62.9,62.8,62.8,9400,2026-10-01,,,,,,,,
1790835960,62.8,62.8,62.7,62.7,14800,2026-10-01,,,,,,,,
1790836020,62.7,62.7,62.7,62.7,8400,2026-10-01,,,,,,,,
1790836080,62.8,62.8,62.7,62.7,4900,2026-10-01,,,,,,,,
1790836140,62.7,62.8,62.7,62.7,33500,2026-10-01,,,,,,,,
1790836200,62.7,62.8,62.7,62.7,10800,2026-10-01,,,,,,,,
1790836260,62.7,62.8,62.7,62.8,12200,2026-10-01,,,,,,,,
1790836320,62.7,62.8,62.7,62.8,12500,2026-10-01,,,,,,,,
1790836380,62.8,62.8,62.7,62.8,4800,2026-10-01,,,,,,,,
1790836440,62.8,62.8,62.7,62.7,11600,2026-10-01,,,,,,,,
1790836500,62.7,62.7,62.7,62.7,5300,2026-10-01,,,,,,,,
1790836560,62.7,62.7,62.7,62.7,12200,2026-10-01,,,,,,,,
1790836620,62.7,62.9,62.7,62.9,79200,2026-10-01,,,,,,,,
1790836680,62.9,62.9,62.8,62.8,5300,2026-10-01,,,,,,,,
1790836740,62.8,62.9,62.8,62.8,11900,2026-10-01,,,,,,,,
1790836800,62.9,62.9,62.8,62.9,17900,2026-10-01,,,,,,,,
1790836860,62.8,62.9,62.8,62.9,3900,2026-10-01,,,,,,,,
1790836920,62.8,62.9,62.8,62.8,15900,2026-10-01,,,,,,,,
1790836980,62.8,62.8,62.8,62.8,8600,2026-10-01,,,,,,,,
1790837040,62.8,62.9,62.7,62.8,118800,2026-10-01,,,,,,,,
1790837100,62.8,62.8,62.7,62.7,14500,2026-10-01,,,,,,,,
1790837160,62.7,62.8,62.7,62.7,15800,2026-10-01,,,,,,,,
1790837220,62.7,62.7,62.7,62.7,3700,2026-10-01,,,,,,,,
1790837280,62.7,62.8,62.7,62.7,143500,2026-10-01,,,,,,,,
1790837340,62.7,62.8,62.6,62.8,41100,2026-10-01,,,,,,,,
1790837400,62.6,62.9,62.6,62.9,75500,2026-10-01,,,,,,,,
1790837460,62.9,62.9,62.7,62.8,6100,2026-10-01,,,,,,,,
1790837520,62.8,62.8,62.8,62.8,6000,2026-10-01,,,,,,,,
1790837580,62.8,62.9,62.8,62.9,25200,2026-10-01,,,,,,,,
1790837640,62.8,62.9,62.7,62.8,37500,2026-10-01,,,,,,,,
1790837700,62.8,62.9,62.7,62.8,10900,2026-10-01,,,,,,,,
1790837760,62.8,62.8,62.7,62.8,16000,2026-10-01,,,,,,,,
1790837820,62.8,62.8,62.7,62.8,3000,2026-10-01,,,,,,,,
1790837880,62.8,62.8,62.7,62.7,14500,2026-10-01,,,,,,,,
1790837940,62.7,62.8,62.7,62.7,9700,2026-10-01,,,,,,,,
1790838000,62.8,62.8,62.7,62.8,11100,2026-10-01,,,,,,,,
1790838060,62.8,62.8,62.7,62.7,14800,2026-10-01,,,,,,,,
1790838120,62.7,62.8,62.7,62.7,25200,2026-10-01,,,,,,,,
1790838180,62.8,62.8,62.7,62.7,13200,2026-10-01,,,,,,,,
1790838240,62.8,62.9,62.8,62.8,47300,2026-10-01,,,,,,,,
1790838300,62.8,62.8,62.8,62.8,19100,2026-10-01,,,,,,,,
1790838360,62.8,62.8,62.8,62.8,18600,2026-10-01,,,,,,,,
1790838420,62.8,62.9,62.8,62.8,31600,2026-10-01,,,,,,,,
1790838480,62.8,62.8,62.8,62.8,19700,2026-10-01,,,,,,,,
1790838540,62.8,62.9,62.8,62.8,30100,2026-10-01,,,,,,,,
1790838600,62.8,63.0,62.8,62.9,22500,2026-10-01,,,,,,,,
1790838660,62.9,62.9,62.9,62.9,32900,2026-10-01,,,,,,,,
1790838720,62.9,62.9,62.8,62.9,20600,2026-10-01,,,,,,,,
1790838780,62.9,62.9,62.9,62.9,7000,2026-10-01,,,,,,,,
1790838840,62.8,63.0,62.8,62.8,5900,2026-10-01,,,,,,,,
1790838900,62.8,62.9,62.8,62.8,31300,2026-10-01,,,,,,,,
1790838960,62.8,62.9,62.8,62.8,14200,2026-10-01,,,,,,,,
1790839020,62.8,62.8,62.8,62.8,10300,2026-10-01,,,,,,,,
1790839080,62.8,62.9,62.7,62.7,46200,2026-10-01,,,,,,,,
1790839140,62.7,62.9,62.7,62.8,8100,2026-10-01,,,,,,,,
1790839200,62.8,62.8,62.8,62.8,9400,2026-10-01,,,,,,,,
1790839260,62.8,62.8,62.8,62.8,5800,2026-10-01,,,,,,,,
1790839320,62.8,62.8,62.7,62.8,12600,2026-10-01,,,,,,,,
1790839380,62.8,62.8,62.7,62.8,15600,2026-10-01,,,,,,,,
1790839440,62.8,62.8,62.7,62.8,18000,2026-10-01,,,,,,,,
1790839500,62.8,62.8,62.7,62.8,9900,2026-10-01,,,,,,,,
1790839560,62.7,62.8,62.7,62.7,14700,2026-10-01,,,,,,,,
1790839620,62.8,62.8,62.7,62.8,34300,2026-10-01,,,,,,,,
1790839680,62.8,62.8,62.7,62.8,50100,2026-10-01,,,,,,,,
1790839740,62.8,63.0,62.7,62.9,77500,2026-10-01,,,,,,,,
1790840700,62.7,62.7,62.7,62.7,174900,2026-10-01,,,,,,,,
1790907300,62.7,62.8,62.7,62.8,65900,2026-10-02,,,,,,,,
1790907360,62.7,63.0,62.7,62.7,44000,2026-10-02,,,,,,,,
1790907420,62.8,63.0,62.8,62.8,2000,2026-10-02,,,,,,,,
1790907480,62.8,63.0,62.8,62.9,2300,2026-10-02,,,,,,,,
1790907540,62.9,63.0,62.8,62.9,13100,2026-10-02,,,,,,,,
1790907600,63.0,63.0,62.9,62.9,1600,2026-10-02,,,,,,,,
1790907660,62.9,63.0,62.9,63.0,18100,2026-10-02,,,,,,,,
1790907720,63.0,63.1,62.9,63.1,26900,2026-10-02,,,,,,,,
1790907780,63.1,63.1,63.0,63.1,11900,2026-10-02,,,,,,,,
1790907840,63.1,63.2,63.1,63.2,3400,2026-10-02,,,,,,,,
1790907900,63.1,63.2,63.0,63.1,22100,2026-10-02,,,,,,,,
1790907960,63.1,63.2,63.1,63.1,15100,2026-10-02,,,,,,,,
1790908020,63.1,63.1,63.0,63.1,16400,2026-10-02,,,,,,,,
1790908080,63.1,63.1,63.1,63.1,6000,2026-10-02,,,,,,,,
1790908140,63.1,63.1,63.1,63.1,5000,2026-10-02,,,,,,,,
1790908200,63.0,63.1,63.0,63.0,4800,2026-10-02,,,,,,,,
1790908260,63.0,63.0,63.0,63.0,20300,2026-10-02,,,,,,,,
1790908320,63.0,63.0,62.9,62.9,11200,2026-10-02,,,,,,,,
1790908380,62.9,62.9,62.8,62.9,4600,2026-10-02,,,,,,,,
1790908440,62.9,62.9,62.8,62.8,8700,2026-10-02,,,,,,,,
1790908500,62.8,62.9,62.8,62.9,25900,2026-10-02,,,,,,,,
1790908560,62.9,63.0,62.9,63.0,3600,2026-10-02,,,,,,,,
1790908620,63.0,63.0,62.9,62.9,4100,2026-10-02,,,,,,,,
1790908680,62.9,62.9,62.9,62.9,3200,2026-10-02,,,,,,,,
1790908740,62.9,62.9,62.8,62.8,2700,2026-10-02,,,,,,,,
1790908800,62.8,62.9,62.8,62.8,8400,2026-10-02,,,,,,,,
1790908860,62.9,63.0,62.8,63.0,14500,2026-10-02,,,,,,,,
1790908920,63.0,63.0,62.9,62.9,4400,2026-10-02,,,,,,,,
1790908980,62.9,62.9,62.9,62.9,5200,2026-10-02,,,,,,,,
1790909040,62.9,62.9,62.8,62.9,900,2026-10-02,,,,,,,,
1790909100,62.8,62.9,62.8,62.9,1200,2026-10-02,,,,,,,,
1790909160,62.8,62.8,62.8,62.8,3900,2026-10-02,,,,,,,,
1790909220,62.8,62.9,62.8,62.9,19300,2026-10-02,,,,,,,,
1790909280,62.9,62.9,62.8,62.8,1100,2026-10-02,,,,,,,,
1790909340,62.8,62.9,62.8,62.8,6600,2026-10-02,,,,,,,,
1790909400,62.8,62.9,62.8,62.9,2000,2026-10-02,,,,,,,,
1790909460,62.9,62.9,62.8,62.9,6100,2026-10-02,,,,,,,,
1790909520,62.9,62.9,62.8,62.9,2400,2026-10-02,,,,,,,,
1790909580,62.9,62.9,62.8,62.8,18000,2026-10-02,,,,,,,,
1790909640,62.8,62.9,62.8,62.9,12400,2026-10-02,,,,,,,,
1790909700,62.9,62.9,62.8,62.9,4400,2026-10-02,,,,,,,,
1790909760,62.8,62.9,62.7,62.7,13400,2026-10-02,,,,,,,,
1790909820,62.7,62.8,62.7,62.8,3900,2026-10-02,,,,,,,,
1790909880,62.7,62.7,62.7,62.7,4200,2026-10-02,,,,,,,,
1790909940,62.7,62.8,62.7,62.7,3300,2026-10-02,,,,,,,,
1790910000,62.7,62.8,62.7,62.7,2800,2026-10-02,,,,,,,,
1790910060,62.7,62.8,62.7,62.7,2200,2026-10-02,,,,,,,,
1790910120,62.7,62.7,62.7,62.7,14800,2026-10-02,,,,,,,,
1790910180,62.7,62.8,62.7,62.7,15100,2026-10-02,,,,,,,,
1790910240,62.6,62.7,62.6,62.6,7600,2026-10-02,,,,,,,,
1790910300,62.6,62.7,62.6,62.7,4600,2026-10-02,,,,,,,,
1790910360,62.6,62.7,62.6,62.7,9700,2026-10-02,,,,,,,,
1790910420,62.7,62.7,62.6,62.7,6600,2026-10-02,,,,,,,,
1790910480,62.6,62.7,62.6,62.6,7800,2026-10-02,,,,,,,,
1790910540,62.6,62.7,62.6,62.7,52400,2026-10-02,,,,,,,,
1790910600,62.6,62.7,62.6,62.6,4700,2026-10-02,,,,,,,,
1790910660,62.6,62.7,62.6,62.6,7300,2026-10-02,,,,,,,,
1790910720,62.6,62.6,62.6,62.6,17200,2026-10-02,,,,,,,,
1790910780,62.6,62.7,62.6,62.6,2300,2026-10-02,,,,,,,,
1790910840,62.7,62.7,62.6,62.6,4200,2026-10-02,,,,,,,,
1790910900,62.7,62.7,62.6,62.7,1100,2026-10-02,,,,,,,,
1790910960,62.6,62.7,62.6,62.6,7600,2026-10-02,,,,,,,,
1790911020,62.6,62.7,62.6,62.6,3800,2026-10-02,,,,,,,,
1790911080,62.6,62.6,62.6,62.6,4500,2026-10-02,,,,,,,,
1790911140,62.6,62.7,62.6,62.7,9800,2026-10-02,,,,,,,,
1790911200,62.7,62.7,62.6,62.7,69500,2026-10-02,,,,,,,,
1790911260,62.7,62.8,62.7,62.7,5900,2026-10-02,,,,,,,,
1790911320,62.8,62.8,62.7,62.8,2500,2026-10-02,,,,,,,,
1790911380,62.8,62.8,62.7,62.8,15300,2026-10-02,,,,,,,,
1790911440,62.8,62.8,62.7,62.8,2500,2026-10-02,,,,,,,,
1790911500,62.8,62.8,62.8,62.8,500,2026-10-02,,,,,,,,
1790911560,62.7,62.8,62.7,62.8,28100,2026-10-02,,,,,,,,
1790911620,62.8,62.8,62.7,62.8,2800,2026-10-02,,,,,,,,
1790911680,62.8,62.8,62.8,62.8,6400,2026-10-02,,,,,,,,
1790911740,62.8,62.9,62.8,62.9,6300,2026-10-02,,,,,,,,
1790911800,62.9,62.9,62.8,62.9,900,2026-10-02,,,,,,,,
1790911860,62.9,62.9,62.8,62.8,4900,2026-10-02,,,,,,,,
1790911920,62.8,62.8,62.7,62.7,6900,2026-10-02,,,,,,,,
1790911980,62.7,62.8,62.7,62.8,4300,2026-10-02,,,,,,,,
1790912040,62.8,62.8,62.7,62.8,2900,2026-10-02,,,,,,,,
1790912100,62.7,62.8,62.7,62.8,1800,2026-10-02,,,,,,,,
1790912160,62.7,62.8,62.7,62.7,6400,2026-10-02,,,,,,,,
1790912220,62.7,62.7,62.7,62.7,4300,2026-10-02,,,,,,,,
1790912280,62.7,62.7,62.7,62.7,14500,2026-10-02,,,,,,,,
1790912340,62.7,62.8,62.7,62.8,4200,2026-10-02,,,,,,,,
1790912400,62.8,62.8,62.7,62.7,30900,2026-10-02,,,,,,,,
1790912460,62.7,62.7,62.7,62.7,4300,2026-10-02,,,,,,,,
1790912520,62.7,62.7,62.7,62.7,5000,2026-10-02,,,,,,,,
1790912580,62.7,62.8,62.7,62.7,4100,2026-10-02,,,,,,,,
1790912640,62.7,62.8,62.7,62.7,5600,2026-10-02,,,,,,,,
1790912700,62.7,62.7,62.6,62.6,6100,2026-10-02,,,,,,,,
1790912760,62.6,62.7,62.6,62.6,7500,2026-10-02,,,,,,,,
1790912820,62.6,62.7,62.6,62.6,8900,2026-10-02,,,,,,,,
1790912880,62.6,62.7,62.6,62.6,4800,2026-10-02,,,,,,,,
1790912940,62.6,62.7,62.6,62.6,6400,2026-10-02,,,,,,,,
1790913000,62.6,62.7,62.6,62.6,7400,2026-10-02,,,,,,,,
1790913060,62.6,62.7,62.6,62.6,7700,2026-10-02,,,,,,,,
1790913120,62.6,62.6,62.6,62.6,7300,2026-10-02,,,,,,,,
1790913180,62.6,62.7,62.6,62.6,5200,2026-10-02,,,,,,,,
1790913240,62.6,62.6,62.6,62.6,4100,2026-10-02,,,,,,,,
1790913300,62.6,62.7,62.6,62.6,15200,2026-10-02,,,,,,,,
1790913360,62.6,62.7,62.6,62.6,7200,2026-10-02,,,,,,,,
1790913420,62.6,62.7,62.6,62.6,11800,2026-10-02,,,,,,,,
1790913480,62.6,62.7,62.6,62.6,5600,2026-10-02,,,,,,,,
1790913540,62.6,62.6,62.6,62.6,6400,2026-10-02,,,,,,,,
1790913600,62.6,62.6,62.6,62.6,14000,2026-10-02,,,,,,,,
1790913660,62.6,62.7,62.6,62.6,4900,2026-10-02,,,,,,,,
1790913720,62.6,62.7,62.6,62.7,37700,2026-10-02,,,,,,,,
1790913780,62.6,62.7,62.6,62.7,7600,2026-10-02,,,,,,,,
1790913840,62.6,62.7,62.6,62.6,8800,2026-10-02,,,,,,,,
1790913900,62.7,62.7,62.6,62.6,4500,2026-10-02,,,,,,,,
1790913960,62.6,62.7,62.6,62.6,6700,2026-10-02,,,,,,,,
1790914020,62.6,62.7,62.6,62.6,23400,2026-10-02,,,,,,,,
1790914080,62.6,62.7,62.6,62.7,5100,2026-10-02,,,,,,,,
1790914140,62.6,62.7,62.6,62.6,3900,2026-10-02,,,,,,,,
1790914200,62.6,62.7,62.6,62.7,7200,2026-10-02,,,,,,,,
1790914260,62.8,62.8,62.7,62.8,7500,2026-10-02,,,,,,,,
1790914320,62.7,62.7,62.7,62.7,9500,2026-10-02,,,,,,,,
1790914380,62.7,62.7,62.6,62.6,4700,2026-10-02,,,,,,,,
1790914440,62.6,62.7,62.6,62.7,7800,2026-10-02,,,,,,,,
1790914500,62.7,62.7,62.6,62.6,7400,2026-10-02,,,,,,,,
1790914560,62.6,62.7,62.6,62.6,3800,2026-10-02,,,,,,,,
1790914620,62.6,62.6,62.6,62.6,4800,2026-10-02,,,,,,,,
1790914680,62.6,62.6,62.6,62.6,4500,2026-10-02,,,,,,,,
1790914740,62.6,62.6,62.6,62.6,4100,2026-10-02,,,,,,,,
1790914800,62.6,62.7,62.6,62.6,5900,2026-10-02,,,,,,,,
1790914860,62.6,62.6,62.6,62.6,10100,2026-10-02,,,,,,,,
1790914920,62.6,62.6,62.6,62.6,5300,2026-10-02,,,,,,,,
1790914980,62.6,62.7,62.6,62.6,21800,2026-10-02,,,,,,,,
1790915040,62.6,62.7,62.6,62.6,13800,2026-10-02,,,,,,,,
1790915100,62.6,62.7,62.6,62.6,10200,2026-10-02,,,,,,,,
1790915160,62.6,62.7,62.6,62.6,4500,2026-10-02,,,,,,,,
1790915220,62.6,62.6,62.6,62.6,5400,2026-10-02,,,,,,,,
1790915280,62.6,62.6,62.6,62.6,6100,2026-10-02,,,,,,,,
1790915340,62.6,62.6,62.6,62.6,2900,2026-10-02,,,,,,,,
1790920800,62.7,62.7,62.6,62.7,26400,2026-10-02,,,,,,,,
1790920860,62.7,62.7,62.6,62.7,2700,2026-10-02,,,,,,,,
1790920920,62.7,62.7,62.6,62.6,4700,2026-10-02,,,,,,,,
1790920980,62.6,62.8,62.6,62.8,19200,2026-10-02,,,,,,,,
1790921040,62.8,62.8,62.7,62.7,17000,2026-10-02,,,,,,,,
1790921100,62.8,62.8,62.7,62.7,25100,2026-10-02,,,,,,,,
1790921160,62.7,62.8,62.7,62.8,5800,2026-10-02,,,,,,,,
1790921220,62.7,62.7,62.7,62.7,3400,2026-10-02,,,,,,,,
1790921280,62.8,62.8,62.7,62.8,1500,2026-10-02,,,,,,,,
1790921340,62.8,62.8,62.7,62.7,9900,2026-10-02,,,,,,,,
1790921400,62.7,62.7,62.7,62.7,11200,2026-10-02,,,,,,,,
1790921460,62.7,62.8,62.6,62.7,2500,2026-10-02,,,,,,,,
1790921520,62.6,62.7,62.6,62.7,6700,2026-10-02,,,,,,,,
1790921580,62.7,62.7,62.6,62.6,4400,2026-10-02,,,,,,,,
1790921640,62.6,62.7,62.6,62.7,2800,2026-10-02,,,,,,,,
1790921700,62.6,62.7,62.6,62.7,4300,2026-10-02,,,,,,,,
1790921760,62.7,62.7,62.6,62.6,3100,2026-10-02,,,,,,,,
1790921820,62.6,62.7,62.6,62.7,1900,2026-10-02,,,,,,,,
1790921880,62.6,62.7,62.6,62.7,16400,2026-10-02,,,,,,,,
1790921940,62.7,62.8,62.7,62.8,30500,2026-10-02,,,,,,,,
1790922000,62.7,62.8,62.7,62.8,4100,2026-10-02,,,,,,,,
1790922060,62.8,62.9,62.8,62.9,14400,2026-10-02,,,,,,,,
1790922120,62.9,62.9,62.8,62.8,2400,2026-10-02,,,,,,,,
1790922180,62.8,62.8,62.8,62.8,5200,2026-10-02,,,,,,,,
1790922240,62.9,62.9,62.8,62.9,3600,2026-10-02,,,,,,,,
1790922300,62.9,63.0,62.8,63.0,116500,2026-10-02,,,,,,,,
1790922360,63.0,63.0,62.9,62.9,15100,2026-10-02,,,,,,,,
1790922420,63.0,63.0,62.9,62.9,13700,2026-10-02,,,,,,,,
1790922480,62.9,62.9,62.9,62.9,19800,2026-10-02,,,,,,,,
1790922540,62.9,62.9,62.9,62.9,11300,2026-10-02,,,,,,,,
1790922600,62.8,62.9,62.8,62.9,9700,2026-10-02,,,,,,,,
1790922660,62.8,62.9,62.8,62.8,82900,2026-10-02,,,,,,,,
1790922720,62.8,62.9,62.8,62.8,5500,2026-10-02,,,,,,,,
1790922780,62.8,62.8,62.7,62.8,10900,2026-10-02,,,,,,,,
1790922840,62.8,62.8,62.7,62.7,13600,2026-10-02,,,,,,,,
1790922900,62.7,62.8,62.7,62.8,9200,2026-10-02,,,,,,,,
1790922960,62.8,62.8,62.7,62.7,8700,2026-10-02,,,,,,,,
1790923020,62.7,62.8,62.7,62.7,8700,2026-10-02,,,,,,,,
1790923080,62.7,62.8,62.7,62.8,9200,2026-10-02,,,,,,,,
1790923140,62.8,62.8,62.7,62.8,9800,2026-10-02,,,,,,,,
1790923200,62.7,62.8,62.7,62.8,14400,2026-10-02,,,,,,,,
1790923260,62.8,62.8,62.7,62.7,7600,2026-10-02,,,,,,,,
1790923320,62.7,62.7,62.6,62.7,13700,2026-10-02,,,,,,,,
1790923380,62.7,62.7,62.6,62.7,6200,2026-10-02,,,,,,,,
1790923440,62.7,62.8,62.6,62.8,18700,2026-10-02,,,,,,,,
1790923500,62.8,62.8,62.7,62.7,10700,2026-10-02,,,,,,,,
1790923560,62.7,62.7,62.7,62.7,6200,2026-10-02,,,,,,,,
1790923620,62.7,62.7,62.6,62.7,2200,2026-10-02,,,,,,,,
1790923680,62.6,62.7,62.6,62.7,4700,2026-10-02,,,,,,,,
1790923740,62.6,62.7,62.6,62.6,19200,2026-10-02,,,,,,,,
1790923800,62.6,62.7,62.6,62.6,12900,2026-10-02,,,,,,,,
1790923860,62.6,62.7,62.6,62.6,7000,2026-10-02,,,,,,,,
1790923920,62.6,62.7,62.6,62.7,12500,2026-10-02,,,,,,,,
1790923980,62.6,62.7,62.6,62.6,46700,2026-10-02,,,,,,,,
1790924040,62.6,62.7,62.6,62.6,30700,2026-10-02,,,,,,,,
1790924100,62.6,62.6,62.5,62.6,17600,2026-10-02,,,,,,,,
1790924160,62.6,62.6,62.5,62.6,12400,2026-10-02,,,,,,,,
1790924220,62.6,62.6,62.6,62.6,5100,2026-10-02,,,,,,,,
1790924280,62.6,62.7,62.5,62.5,6500,2026-10-02,,,,,,,,
1790924340,62.6,62.6,62.5,62.5,2900,2026-10-02,,,,,,,,
1790924400,62.5,62.6,62.5,62.6,14600,2026-10-02,,,,,,,,
1790924460,62.6,62.6,62.5,62.6,24700,2026-10-02,,,,,,,,
1790924520,62.5,62.6,62.5,62.5,16500,2026-10-02,,,,,,,,
1790924580,62.5,62.6,62.5,62.5,135100,2026-10-02,,,,,,,,
1790924640,62.5,62.6,62.5,62.5,12700,2026-10-02,,,,,,,,
1790924700,62.5,62.6,62.4,62.5,41100,2026-10-02,,,,,,,,
1790924760,62.5,62.5,62.4,62.4,37000,2026-10-02,,,,,,,,
1790924820,62.4,62.5,62.4,62.4,53500,2026-10-02,,,,,,,,
1790924880,62.4,62.5,62.3,62.3,19700,2026-10-02,,,,,,,,
1790924940,62.3,62.4,62.3,62.4,36900,2026-10-02,,,,,,,,
1790925000,62.3,62.4,62.2,62.3,27900,2026-10-02,,,,,,,,
1790925060,62.3,62.4,62.2,62.3,27100,2026-10-02,,,,,,,,
1790925120,62.3,62.4,62.2,62.3,14000,2026-10-02,,,,,,,,
1790925180,62.3,62.3,62.2,62.2,22600,2026-10-02,,,,,,,,
1790925240,62.2,62.3,62.2,62.3,17800,2026-10-02,,,,,,,,
1790925300,62.3,62.3,62.2,62.3,10200,2026-10-02,,,,,,,,
1790925360,62.3,62.3,62.3,62.3,27100,2026-10-02,,,,,,,,
1790925420,62.3,62.4,62.3,62.4,4800,2026-10-02,,,,,,,,
1790925480,62.4,62.5,62.4,62.5,43600,2026-10-02,,,,,,,,
1790925540,62.5,62.5,62.4,62.5,6100,2026-10-02,,,,,,,,
1790925600,62.4,62.4,62.3,62.3,44800,2026-10-02,,,,,,,,
1790925660,62.3,62.4,62.3,62.3,6300,2026-10-02,,,,,,,,
1790925720,62.3,62.4,62.3,62.3,36900,2026-10-02,,,,,,,,
1790925780,62.4,62.4,62.2,62.2,20100,2026-10-02,,,,,,,,
1790925840,62.3,62.3,62.2,62.3,5200,2026-10-02,,,,,,,,
1790925900,62.2,62.3,62.2,62.3,10300,2026-10-02,,,,,,,,
1790925960,62.3,62.3,62.2,62.3,24500,2026-10-02,,,,,,,,
1790926020,62.2,62.3,62.2,62.3,52900,2026-10-02,,,,,,,,
1790926080,62.3,62.4,62.3,62.3,9900,2026-10-02,,,,,,,,
1790926140,62.4,62.4,62.3,62.4,16200,2026-10-02,,,,,,,,
1790927100,62.1,62.1,62.1,62.1,285500,2026-10-02,,,,,,,,
1791166500,62.2,62.4,62.2,62.3,39800,2026-10-05,,,,,,,,
1791166560,62.4,62.5,62.4,62.5,3500,2026-10-05,,,,,,,,
1791166620,62.4,62.5,62.3,62.4,6500,2026-10-05,,,,,,,,
1791166680,62.4,62.6,62.4,62.5,21400,2026-10-05,,,,,,,,
1791166740,62.5,62.6,62.5,62.5,43000,2026-10-05,,,,,,,,
1791166800,62.6,62.6,62.4,62.5,22400,2026-10-05,,,,,,,,
1791166860,62.5,62.5,62.4,62.5,9700,2026-10-05,,,,,,,,
1791166920,62.4,62.5,62.4,62.4,10900,2026-10-05,,,,,,,,
1791166980,62.4,62.5,62.4,62.4,23400,2026-10-05,,,,,,,,
1791167040,62.4,62.5,62.3,62.4,6900,2026-10-05,,,,,,,,
1791167100,62.3,62.4,62.3,62.4,15900,2026-10-05,,,,,,,,
1791167160,62.4,62.4,62.3,62.3,16900,2026-10-05,,,,,,,,
1791167220,62.4,62.5,62.3,62.4,8600,2026-10-05,,,,,,,,
1791167280,62.4,62.5,62.4,62.5,9700,2026-10-05,,,,,,,,
1791167340,62.4,62.5,62.4,62.5,7100,2026-10-05,,,,,,,,
1791167400,62.4,62.5,62.4,62.4,7400,2026-10-05,,,,,,,,
1791167460,62.4,62.5,62.4,62.4,1400,2026-10-05,,,,,,,,
1791167520,62.4,62.5,62.3,62.4,2300,2026-10-05,,,,,,,,
1791167580,62.4,62.4,62.3,62.3,9500,2026-10-05,,,,,,,,
1791167640,62.4,62.4,62.4,62.4,11700,2026-10-05,,,,,,,,
1791167700,62.4,62.4,62.4,62.4,3600,2026-10-05,,,,,,,,
1791167760,62.4,62.5,62.4,62.4,1400,2026-10-05,,,,,,,,
1791167820,62.4,62.5,62.3,62.5,17200,2026-10-05,,,,,,,,
1791167880,62.4,62.5,62.4,62.4,2800,2026-10-05,,,,,,,,
1791167940,62.5,62.5,62.4,62.4,3000,2026-10-05,,,,,,,,
1791168000,62.4,62.4,62.4,62.4,1600,2026-10-05,,,,,,,,
1791168060,62.4,62.4,62.4,62.4,1800,2026-10-05,,,,,,,,
1791168120,62.4,62.4,62.4,62.4,2500,2026-10-05,,,,,,,,
1791168180,62.4,62.5,62.4,62.5,2900,2026-10-05,,,,,,,,
1791168240,62.5,62.6,62.5,62.6,52200,2026-10-05,,,,,,,,
1791168300,62.6,62.7,62.5,62.7,16400,2026-10-05,,,,,,,,
1791168360,62.7,62.8,62.6,62.7,14900,2026-10-05,,,,,,,,
1791168420,62.6,62.8,62.5,62.6,18600,2026-10-05,,,,,,,,
1791168480,62.7,62.7,62.5,62.5,29400,2026-10-05,,,,,,,,
1791168540,62.6,62.6,62.5,62.5,8300,2026-10-05,,,,,,,,
1791168600,62.5,62.6,62.5,62.5,9100,2026-10-05,,,,,,,,
1791168660,62.5,62.6,62.5,62.5,3200,2026-10-05,,,,,,,,
1791168720,62.5,62.6,62.5,62.6,10600,2026-10-05,,,,,,,,
1791168780,62.5,62.6,62.5,62.5,4800,2026-10-05,,,,,,,,
1791168840,62.5,62.6,62.5,62.5,3100,2026-10-05,,,,,,,,
1791168900,62.5,62.6,62.5,62.5,3200,2026-10-05,,,,,,,,
1791168960,62.5,62.6,62.5,62.6,14300,2026-10-05,,,,,,,,
1791169020,62.6,62.7,62.5,62.5,11500,2026-10-05,,,,,,,,
1791169080,62.5,62.7,62.5,62.5,6600,2026-10-05,,,,,,,,
1791169140,62.5,62.6,62.5,62.6,6600,2026-10-05,,,,,,,,
1791169200,62.6,62.6,62.5,62.5,10500,2026-10-05,,,,,,,,
1791169260,62.6,62.6,62.5,62.5,13300,2026-10-05,,,,,,,,
1791169320,62.5,62.5,62.5,62.5,19800,2026-10-05,,,,,,,,
1791169380,62.6,62.6,62.5,62.5,4500,2026-10-05,,,,,,,,
1791169440,62.5,62.6,62.4,62.4,4200,2026-10-05,,,,,,,,
1791169500,62.4,62.5,62.4,62.4,13400,2026-10-05,,,,,,,,
1791169560,62.5,62.5,62.4,62.5,2500,2026-10-05,,,,,,,,
1791169620,62.5,62.6,62.5,62.5,13100,2026-10-05,,,,,,,,
1791169680,62.5,62.5,62.5,62.5,3100,2026-10-05,,,,,,,,
1791169740,62.5,62.5,62.4,62.4,3600,2026-10-05,,,,,,,,
1791169800,62.4,62.6,62.4,62.6,1700,2026-10-05,,,,,,,,
1791169860,62.6,62.6,62.6,62.6,100,2026-10-05,,,,,,,,
1791169920,62.5,62.6,62.5,62.5,3200,2026-10-05,,,,,,,,
1791169980,62.5,62.5,62.5,62.5,4900,2026-10-05,,,,,,,,
1791170040,62.6,62.6,62.5,62.5,11600,2026-10-05,,,,,,,,
1791170100,62.5,62.5,62.4,62.4,11800,2026-10-05,,,,,,,,
1791170160,62.5,62.5,62.4,62.4,4200,2026-10-05,,,,,,,,
1791170220,62.4,62.5,62.4,62.5,1600,2026-10-05,,,,,,,,
1791170280,62.5,62.5,62.5,62.5,800,2026-10-05,,,,,,,,
1791170340,62.4,62.5,62.4,62.4,1000,2026-10-05,,,,,,,,
1791170400,62.5,62.5,62.4,62.5,2800,2026-10-05,,,,,,,,
1791170460,62.5,62.5,62.4,62.5,21200,2026-10-05,,,,,,,,
1791170520,62.4,62.5,62.4,62.5,50600,2026-10-05,,,,,,,,
1791170580,62.4,62.4,62.3,62.3,11800,2026-10-05,,,,,,,,
1791170640,62.3,62.4,62.3,62.4,5700,2026-10-05,,,,,,,,
1791170700,62.4,62.4,62.3,62.4,2300,2026-10-05,,,,,,,,
1791170760,62.4,62.4,62.4,62.4,10600,2026-10-05,,,,,,,,
1791170820,62.4,62.5,62.3,62.3,5600,2026-10-05,,,,,,,,
1791170880,62.4,62.4,62.3,62.3,10800,2026-10-05,,,,,,,,
1791170940,62.3,62.3,62.3,62.3,4100,2026-10-05,,,,,,,,
1791171000,62.3,62.3,62.2,62.2,59000,2026-10-05,,,,,,,,
1791171060,62.3,62.4,62.2,62.3,23500,2026-10-05,,,,,,,,
1791171120,62.2,62.3,62.2,62.2,4400,2026-10-05,,,,,,,,
1791171180,62.2,62.4,62.2,62.4,1700,2026-10-05,,,,,,,,
1791171240,62.3,62.3,62.3,62.3,1300,2026-10-05,,,,,,,,
1791171300,62.3,62.3,62.2,62.2,10600,2026-10-05,,,,,,,,
1791171360,62.2,62.3,62.2,62.2,19000,2026-10-05,,,,,,,,
1791171420,62.2,62.3,62.2,62.2,1300,2026-10-05,,,,,,,,
1791171480,62.3,62.3,62.2,62.2,1500,2026-10-05,,,,,,,,
1791171540,62.2,62.3,62.2,62.2,2700,2026-10-05,,,,,,,,
1791171600,62.2,62.3,62.1,62.3,11800,2026-10-05,,,,,,,,
1791171660,62.2,62.2,62.1,62.1,64900,2026-10-05,,,,,,,,
1791171720,62.2,62.2,62.1,62.2,33700,2026-10-05,,,,,,,,
1791171780,62.2,62.2,62.1,62.2,17100,2026-10-05,,,,,,,,
1791171840,62.2,62.2,62.1,62.2,6800,2026-10-05,,,,,,,,
1791171900,62.1,62.2,62.1,62.2,4900,2026-10-05,,,,,,,,
1791171960,62.2,62.3,62.2,62.2,1100,2026-10-05,,,,,,,,
1791172020,62.2,62.3,62.2,62.2,10000,2026-10-05,,,,,,,,
1791172080,62.3,62.3,62.2,62.3,1900,2026-10-05,,,,,,,,
1791172140,62.2,62.3,62.2,62.2,1200,2026-10-05,,,,,,,,
1791172200,62.2,62.2,62.2,62.2,1200,2026-10-05,,,,,,,,
1791172260,62.2,62.4,62.2,62.3,5900,2026-10-05,,,,,,,,
1791172320,62.3,62.4,62.2,62.2,4300,2026-10-05,,,,,,,,
1791172380,62.3,62.3,62.2,62.2,4500,2026-10-05,,,,,,,,
1791172440,62.2,62.2,62.2,62.2,3600,2026-10-05,,,,,,,,
1791172500,62.3,62.3,62.1,62.1,8000,2026-10-05,,,,,,,,
1791172560,62.2,62.2,62.2,62.2,3000,2026-10-05,,,,,,,,
1791172620,62.2,62.2,62.1,62.2,13400,2026-10-05,,,,,,,,
1791172680,62.2,62.2,62.1,62.1,4100,2026-10-05,,,,,,,,
1791172740,62.1,62.2,62.1,62.2,1000,2026-10-05,,,,,,,,
1791172800,62.2,62.2,62.1,62.2,6600,2026-10-05,,,,,,,,
1791172860,62.2,62.2,62.2,62.2,900,2026-10-05,,,,,,,,
1791172920,62.2,62.2,62.2,62.2,3600,2026-10-05,,,,,,,,
1791172980,62.2,62.2,62.2,62.2,2500,2026-10-05,,,,,,,,
1791173040,62.2,62.3,62.2,62.2,7200,2026-10-05,,,,,,,,
1791173100,62.2,62.2,62.2,62.2,2300,2026-10-05,,,,,,,,
1791173160,62.2,62.2,62.1,62.2,4800,2026-10-05,,,,,,,,
1791173220,62.1,62.2,62.1,62.2,6400,2026-10-05,,,,,,,,
1791173280,62.2,62.2,62.1,62.2,1100,2026-10-05,,,,,,,,
1791173340,62.1,62.2,62.1,62.2,1200,2026-10-05,,,,,,,,
1791173400,62.2,62.2,62.1,62.2,3500,2026-10-05,,,,,,,,
1791173460,62.3,62.3,62.3,62.3,800,2026-10-05,,,,,,,,
1791173520,62.3,62.3,62.2,62.3,10500,2026-10-05,,,,,,,,
1791173580,62.2,62.3,62.2,62.3,16500,2026-10-05,,,,,,,,
1791173640,62.3,62.3,62.3,62.3,400,2026-10-05,,,,,,,,
1791173700,62.3,62.4,62.2,62.3,17400,2026-10-05,,,,,,,,
1791173760,62.4,62.4,62.4,62.4,1400,2026-10-05,,,,,,,,
1791173820,62.4,62.4,62.4,62.4,400,2026-10-05,,,,,,,,
1791173880,62.4,62.4,62.3,62.3,2100,2026-10-05,,,,,,,,
1791173940,62.3,62.3,62.3,62.3,9400,2026-10-05,,,,,,,,
1791174000,62.3,62.3,62.3,62.3,1700,2026-10-05,,,,,,,,
1791174060,62.3,62.3,62.3,62.3,500,2026-10-05,,,,,,,,
1791174120,62.4,62.4,62.3,62.3,10900,2026-10-05,,,,,,,,
1791174180,62.3,62.3,62.3,62.3,2900,2026-10-05,,,,,,,,
1791174240,62.3,62.4,62.3,62.3,5800,2026-10-05,,,,,,,,
1791174360,62.4,62.4,62.3,62.3,7400,2026-10-05,,,,,,,,
1791174420,62.3,62.4,62.3,62.3,21300,2026-10-05,,,,,,,,
1791174480,62.3,62.3,62.3,62.3,1000,2026-10-05,,,,,,,,
1791174540,62.3,62.3,62.3,62.3,400,2026-10-05,,,,,,,,
1791180000,62.3,62.4,62.3,62.4,29900,2026-10-05,,,,,,,,
1791180060,62.4,62.4,62.3,62.3,1800,2026-10-05,,,,,,,,
1791180120,62.3,62.3,62.3,62.3,5000,2026-10-05,,,,,,,,
1791180180,62.4,62.4,62.3,62.3,600,2026-10-05,,,,,,,,
1791180240,62.3,62.3,62.3,62.3,23200,2026-10-05,,,,,,,,
1791180300,62.4,62.4,62.3,62.3,600,2026-10-05,,,,,,,,
1791180360,62.3,62.3,62.3,62.3,3900,2026-10-05,,,,,,,,
1791180420,62.3,62.4,62.3,62.3,3700,2026-10-05,,,,,,,,
1791180480,62.3,62.3,62.3,62.3,200,2026-10-05,,,,,,,,
1791180540,62.3,62.5,62.3,62.5,73700,2026-10-05,,,,,,,,
1791180600,62.4,62.5,62.3,62.5,8100,2026-10-05,,,,,,,,
1791180660,62.5,62.5,62.5,62.5,400,2026-10-05,,,,,,,,
1791180720,62.5,62.6,62.4,62.6,14400,2026-10-05,,,,,,,,
1791180780,62.6,62.6,62.5,62.6,20900,2026-10-05,,,,,,,,
1791180840,62.5,62.6,62.5,62.5,3700,2026-10-05,,,,,,,,
1791180900,62.5,62.5,62.5,62.5,1000,2026-10-05,,,,,,,,
1791180960,62.5,62.6,62.5,62.5,8100,2026-10-05,,,,,,,,
1791181020,62.5,62.6,62.5,62.6,6900,2026-10-05,,,,,,,,
1791181080,62.6,62.6,62.5,62.5,4600,2026-10-05,,,,,,,,
1791181140,62.5,62.5,62.4,62.4,10700,2026-10-05,,,,,,,,
1791181200,62.5,62.5,62.5,62.5,11700,2026-10-05,,,,,,,,
1791181260,62.5,62.5,62.5,62.5,2000,2026-10-05,,,,,,,,
1791181320,62.5,62.5,62.4,62.4,600,2026-10-05,,,,,,,,
1791181380,62.5,62.5,62.5,62.5,12100,2026-10-05,,,,,,,,
1791181440,62.5,62.5,62.4,62.5,10700,2026-10-05,,,,,,,,
1791181500,62.5,62.5,62.5,62.5,800,2026-10-05,,,,,,,,
1791181560,62.5,62.5,62.4,62.5,700,2026-10-05,,,,,,,,
1791181620,62.5,62.5,62.5,62.5,3900,2026-10-05,,,,,,,,
1791181680,62.5,62.5,62.4,62.5,11100,2026-10-05,,,,,,,,
1791181740,62.5,62.5,62.4,62.4,5400,2026-10-05,,,,,,,,
1791181800,62.4,62.5,62.4,62.4,5300,2026-10-05,,,,,,,,
1791181860,62.4,62.5,62.4,62.5,1600,2026-10-05,,,,,,,,
1791181920,62.5,62.5,62.5,62.5,700,2026-10-05,,,,,,,,
1791181980,62.5,62.5,62.4,62.5,1100,2026-10-05,,,,,,,,
1791182040,62.5,62.5,62.4,62.4,3300,2026-10-05,,,,,,,,
1791182100,62.4,62.5,62.4,62.5,7800,2026-10-05,,,,,,,,
1791182160,62.4,62.4,62.4,62.4,700,2026-10-05,,,,,,,,
1791182220,62.4,62.4,62.4,62.4,100,2026-10-05,,,,,,,,
1791182280,62.4,62.5,62.4,62.4,58100,2026-10-05,,,,,,,,
1791182340,62.3,62.4,62.3,62.3,6600,2026-10-05,,,,,,,,
1791182400,62.3,62.3,62.3,62.3,1300,2026-10-05,,,,,,,,
1791182460,62.3,62.3,62.3,62.3,2800,2026-10-05,,,,,,,,
1791182520,62.4,62.4,62.3,62.3,600,2026-10-05,,,,,,,,
1791182580,62.3,62.4,62.3,62.4,1900,2026-10-05,,,,,,,,
1791182640,62.4,62.4,62.3,62.4,8700,2026-10-05,,,,,,,,
1791182700,62.4,62.4,62.3,62.3,400,2026-10-05,,,,,,,,
1791182760,62.4,62.4,62.3,62.4,900,2026-10-05,,,,,,,,
1791182820,62.4,62.4,62.3,62.3,1500,2026-10-05,,,,,,,,
1791182880,62.3,62.4,62.3,62.4,1800,2026-10-05,,,,,,,,
1791182940,62.3,62.4,62.3,62.3,1900,2026-10-05,,,,,,,,
1791183000,62.4,62.4,62.3,62.3,27200,2026-10-05,,,,,,,,
1791183060,62.3,62.4,62.3,62.3,17000,2026-10-05,,,,,,,,
1791183120,62.3,62.3,62.2,62.2,1000,2026-10-05,,,,,,,,
1791183180,62.3,62.3,62.2,62.3,3300,2026-10-05,,,,,,,,
1791183240,62.3,62.3,62.2,62.3,2300,2026-10-05,,,,,,,,
1791183300,62.3,62.3,62.2,62.3,6900,2026-10-05,,,,,,,,
1791183360,62.3,62.3,62.3,62.3,8100,2026-10-05,,,,,,,,
1791183420,62.3,62.3,62.2,62.2,8300,2026-10-05,,,,,,,,
1791183480,62.2,62.3,62.2,62.2,11500,2026-10-05,,,,,,,,
1791183540,62.3,62.3,62.2,62.2,3200,2026-10-05,,,,,,,,
1791183600,62.3,62.3,62.2,62.3,27300,2026-10-05,,,,,,,,
1791183660,62.2,62.3,62.2,62.2,41800,2026-10-05,,,,,,,,
1791183720,62.2,62.2,62.1,62.2,22300,2026-10-05,,,,,,,,
1791183780,62.2,62.2,62.1,62.1,26000,2026-10-05,,,,,,,,
1791183840,62.2,62.2,62.1,62.2,9500,2026-10-05,,,,,,,,
1791183900,62.2,62.2,62.1,62.2,19600,2026-10-05,,,,,,,,
1791183960,62.2,62.2,62.1,62.1,4000,2026-10-05,,,,,,,,
1791184020,62.1,62.2,62.1,62.2,7500,2026-10-05,,,,,,,,
1791184080,62.1,62.2,62.1,62.1,7300,2026-10-05,,,,,,,,
1791184140,62.2,62.2,62.1,62.1,12200,2026-10-05,,,,,,,,
1791184200,62.1,62.2,62.1,62.1,7600,2026-10-05,,,,,,,,
1791184260,62.1,62.2,62.1,62.1,18900,2026-10-05,,,,,,,,
1791184320,62.1,62.2,62.1,62.1,29800,2026-10-05,,,,,,,,
1791184380,62.1,62.1,62.1,62.1,27000,2026-10-05,,,,,,,,
1791184440,62.1,62.1,62.1,62.1,12200,2026-10-05,,,,,,,,
1791184500,62.1,62.1,62.0,62.1,15700,2026-10-05,,,,,,,,
1791184560,62.1,62.1,62.1,62.1,3300,2026-10-05,,,,,,,,
1791184620,62.1,62.1,62.0,62.0,5200,2026-10-05,,,,,,,,
1791184680,62.0,62.1,62.0,62.0,7200,2026-10-05,,,,,,,,
1791184740,62.1,62.1,62.0,62.0,14400,2026-10-05,,,,,,,,
1791184800,62.1,62.1,62.0,62.0,3600,2026-10-05,,,,,,,,
1791184860,62.1,62.1,62.0,62.1,5800,2026-10-05,,,,,,,,
1791184920,62.1,62.1,62.0,62.0,16300,2026-10-05,,,,,,,,
1791184980,62.0,62.1,62.0,62.0,67900,2026-10-05,,,,,,,,
1791185040,62.1,62.1,62.0,62.0,26200,2026-10-05,,,,,,,,
1791185100,62.0,62.1,62.0,62.0,25800,2026-10-05,,,,,,,,
1791185160,62.1,62.1,62.0,62.0,13700,2026-10-05,,,,,,,,
1791185220,62.0,62.1,62.0,62.0,30000,2026-10-05,,,,,,,,
1791185280,62.0,62.1,61.9,62.0,89600,2026-10-05,,,,,,,,
1791185340,61.9,62.0,61.9,62.0,5700,2026-10-05,,,,,,,,
1791186300,61.9,61.9,61.9,61.9,42700,2026-10-05,,,,,,,,
1791252900,62.0,62.0,61.9,62.0,21400,2026-10-06,,,,,,,,
1791252960,62.0,62.0,61.9,62.0,3500,2026-10-06,,,,,,,,
1791253020,62.0,62.1,61.9,62.0,8500,2026-10-06,,,,,,,,
1791253080,62.1,62.1,62.1,62.1,16700,2026-10-06,,,,,,,,
1791253140,62.1,62.2,62.0,62.1,24300,2026-10-06,,,,,,,,
1791253200,62.1,62.1,62.0,62.0,17000,2026-10-06,,,,,,,,
1791253260,62.0,62.1,62.0,62.1,2800,2026-10-06,,,,,,,,
1791253320,62.1,62.1,62.0,62.0,29500,2026-10-06,,,,,,,,
1791253380,62.0,62.0,61.9,62.0,27500,2026-10-06,,,,,,,,
1791253440,62.0,62.0,61.9,61.9,6800,2026-10-06,,,,,,,,
1791253500,62.0,62.0,61.8,61.9,98900,2026-10-06,,,,,,,,
1791253560,61.8,61.9,61.7,61.7,90100,2026-10-06,,,,,,,,
1791253620,61.7,61.8,61.6,61.6,20600,2026-10-06,,,,,,,,
1791253680,61.7,61.7,61.2,61.2,116300,2026-10-06,,,,,,,,
1791253740,61.2,61.3,61.2,61.2,30000,2026-10-06,,,,,,,,
1791253800,61.2,61.3,61.2,61.3,27500,2026-10-06,,,,,,,,
1791253860,61.2,61.3,61.1,61.2,125100,2026-10-06,,,,,,,,
1791253920,61.2,61.3,61.1,61.3,39800,2026-10-06,,,,,,,,
1791253980,61.2,61.3,61.2,61.3,10900,2026-10-06,,,,,,,,
1791254040,61.2,61.3,61.2,61.3,8200,2026-10-06,,,,,,,,
1791254100,61.3,61.3,61.1,61.2,33000,2026-10-06,,,,,,,,
1791254160,61.2,61.2,61.1,61.2,19900,2026-10-06,,,,,,,,
1791254220,61.1,61.2,61.1,61.2,13500,2026-10-06,,,,,,,,
1791254280,61.2,61.2,61.1,61.1,13200,2026-10-06,,,,,,,,
1791254340,61.1,61.2,61.1,61.2,14000,2026-10-06,,,,,,,,
1791254400,61.2,61.2,61.1,61.1,9400,2026-10-06,,,,,,,,
1791254460,61.1,61.2,61.1,61.2,5700,2026-10-06,,,,,,,,
1791254520,61.2,61.2,61.1,61.1,32300,2026-10-06,,,,,,,,
1791254580,61.1,61.2,61.1,61.1,11100,2026-10-06,,,,,,,,
1791254640,61.1,61.2,61.1,61.1,64900,2026-10-06,,,,,,,,
1791254700,61.0,61.1,61.0,61.0,27200,2026-10-06,,,,,,,,
1791254760,61.1,61.1,61.0,61.0,26500,2026-10-06,,,,,,,,
1791254820,61.1,61.1,61.0,61.0,29200,2026-10-06,,,,,,,,
1791254880,61.1,61.1,61.0,61.0,85900,2026-10-06,,,,,,,,
1791254940,61.0,61.1,60.9,60.9,130600,2026-10-06,,,,,,,,
1791255000,60.9,60.9,60.7,60.8,63200,2026-10-06,,,,,,,,
1791255060,60.7,60.8,60.5,60.7,64400,2026-10-06,,,,,,,,
1791255120,60.6,60.6,60.5,60.6,74000,2026-10-06,,,,,,,,
1791255180,60.6,60.7,60.5,60.7,40500,2026-10-06,,,,,,,,
1791255240,60.7,60.9,60.7,60.8,39200,2026-10-06,,,,,,,,
1791255300,60.9,61.0,60.8,61.0,76200,2026-10-06,,,,,,,,
1791255360,61.0,61.0,60.9,60.9,7100,2026-10-06,,,,,,,,
1791255420,61.0,61.0,60.8,60.8,19100,2026-10-06,,,,,,,,
1791255480,60.9,61.0,60.7,60.8,69600,2026-10-06,,,,,,,,
1791255540,60.8,60.8,60.7,60.8,28700,2026-10-06,,,,,,,,
1791255600,60.8,60.9,60.8,60.9,14800,2026-10-06,,,,,,,,
1791255660,60.8,60.9,60.8,60.9,12500,2026-10-06,,,,,,,,
1791255720,60.9,61.0,60.8,60.9,6700,2026-10-06,,,,,,,,
1791255780,60.9,60.9,60.8,60.8,5500,2026-10-06,,,,,,,,
1791255840,60.9,60.9,60.8,60.9,8200,2026-10-06,,,,,,,,
1791255900,60.9,60.9,60.8,60.9,28200,2026-10-06,,,,,,,,
1791255960,60.9,60.9,60.8,60.9,6700,2026-10-06,,,,,,,,
1791256020,60.9,60.9,60.8,60.8,1900,2026-10-06,,,,,,,,
1791256080,60.8,60.9,60.8,60.9,18400,2026-10-06,,,,,,,,
1791256140,60.9,60.9,60.8,60.9,11700,2026-10-06,,,,,,,,
1791256200,60.8,60.9,60.8,60.8,14200,2026-10-06,,,,,,,,
1791256260,60.9,60.9,60.7,60.7,52900,2026-10-06,,,,,,,,
1791256320,60.7,60.8,60.7,60.8,48800,2026-10-06,,,,,,,,
1791256380,60.7,60.8,60.7,60.8,9300,2026-10-06,,,,,,,,
1791256440,60.8,60.8,60.7,60.7,21900,2026-10-06,,,,,,,,
1791256500,60.8,60.8,60.6,60.6,18100,2026-10-06,,,,,,,,
1791256560,60.6,60.8,60.6,60.7,30300,2026-10-06,,,,,,,,
1791256620,60.7,60.8,60.6,60.8,13100,2026-10-06,,,,,,,,
1791256680,60.8,60.8,60.7,60.8,8900,2026-10-06,,,,,,,,
1791256740,60.7,60.8,60.7,60.7,9400,2026-10-06,,,,,,,,
1791256800,60.8,60.8,60.7,60.7,22800,2026-10-06,,,,,,,,
1791256860,60.7,60.8,60.7,60.7,14200,2026-10-06,,,,,,,,
1791256920,60.7,60.8,60.6,60.7,13000,2026-10-06,,,,,,,,
1791256980,60.7,60.7,60.6,60.6,9400,2026-10-06,,,,,,,,
1791257040,60.6,60.7,60.6,60.7,26900,2026-10-06,,,,,,,,
1791257100,60.7,60.7,60.6,60.7,30700,2026-10-06,,,,,,,,
1791257160,60.7,60.7,60.6,60.6,53800,2026-10-06,,,,,,,,
1791257220,60.6,60.7,60.6,60.7,26200,2026-10-06,,,,,,,,
1791257280,60.7,60.7,60.6,60.7,20700,2026-10-06,,,,,,,,
1791257340,60.6,60.7,60.6,60.6,16100,2026-10-06,,,,,,,,
1791257400,60.6,60.7,60.6,60.6,18600,2026-10-06,,,,,,,,
1791257460,60.6,60.7,60.5,60.6,13700,2026-10-06,,,,,,,,
1791257520,60.5,60.6,60.5,60.6,5400,2026-10-06,,,,,,,,
1791257580,60.6,60.6,60.5,60.6,10200,2026-10-06,,,,,,,,
1791257640,60.5,60.6,60.5,60.6,7600,2026-10-06,,,,,,,,
1791257700,60.5,60.6,60.5,60.6,39800,2026-10-06,,,,,,,,
1791257760,60.6,60.6,60.5,60.6,55100,2026-10-06,,,,,,,,
1791257820,60.6,60.7,60.6,60.7,120500,2026-10-06,,,,,,,,
1791257880,60.7,60.7,60.5,60.5,12900,2026-10-06,,,,,,,,
1791257940,60.6,60.6,60.5,60.5,15200,2026-10-06,,,,,,,,
1791258000,60.6,60.6,60.5,60.5,14000,2026-10-06,,,,,,,,
1791258060,60.6,60.6,60.5,60.5,20800,2026-10-06,,,,,,,,
1791258120,60.5,60.6,60.5,60.5,133400,2026-10-06,,,,,,,,
1791258180,60.5,60.5,60.4,60.5,37100,2026-10-06,,,,,,,,
1791258240,60.5,60.5,60.4,60.4,8100,2026-10-06,,,,,,,,
1791258300,60.5,60.6,60.4,60.6,136400,2026-10-06,,,,,,,,
1791258360,60.5,60.5,60.4,60.4,10000,2026-10-06,,,,,,,,
1791258420,60.5,60.5,60.4,60.4,8100,2026-10-06,,,,,,,,
1791258480,60.4,60.5,60.4,60.4,2200,2026-10-06,,,,,,,,
1791258540,60.4,60.5,60.4,60.4,5400,2026-10-06,,,,,,,,
1791258600,60.4,60.5,60.4,60.4,15800,2026-10-06,,,,,,,,
1791258660,60.4,60.5,60.4,60.5,14500,2026-10-06,,,,,,,,
1791258720,60.5,60.5,60.4,60.5,7800,2026-10-06,,,,,,,,
1791258780,60.5,60.5,60.4,60.5,17000,2026-10-06,,,,,,,,
1791258840,60.4,60.5,60.4,60.5,4000,2026-10-06,,,,,,,,
1791258900,60.5,60.5,60.4,60.4,18500,2026-10-06,,,,,,,,
1791258960,60.5,60.5,60.4,60.4,143200,2026-10-06,,,,,,,,
1791259020,60.4,60.4,60.3,60.3,23400,2026-10-06,,,,,,,,
1791259080,60.4,60.5,60.3,60.5,55600,2026-10-06,,,,,,,,
1791259140,60.4,60.5,60.4,60.5,11500,2026-10-06,,,,,,,,
1791259200,60.5,60.5,60.4,60.4,14300,2026-10-06,,,,,,,,
1791259260,60.4,60.4,60.3,60.3,7700,2026-10-06,,,,,,,,
1791259320,60.4,60.4,60.3,60.3,74800,2026-10-06,,,,,,,,
1791259380,60.3,60.4,60.3,60.4,9000,2026-10-06,,,,,,,,
1791259440,60.3,60.4,60.3,60.3,31100,2026-10-06,,,,,,,,
1791259500,60.3,60.4,60.3,60.4,32200,2026-10-06,,,,,,,,
1791259560,60.3,60.4,60.3,60.4,50300,2026-10-06,,,,,,,,
1791259620,60.4,60.4,60.3,60.4,27600,2026-10-06,,,,,,,,
1791259680,60.4,60.4,60.3,60.4,45400,2026-10-06,,,,,,,,
1791259740,60.4,60.5,60.3,60.5,25000,2026-10-06,,,,,,,,
1791259800,60.5,60.5,60.4,60.4,7400,2026-10-06,,,,,,,,
1791259860,60.3,60.5,60.3,60.5,15900,2026-10-06,,,,,,,,
1791259920,60.4,60.5,60.4,60.5,12300,2026-10-06,,,,,,,,
1791259980,60.4,60.5,60.4,60.4,21400,2026-10-06,,,,,,,,
1791260040,60.4,60.5,60.4,60.5,41200,2026-10-06,,,,,,,,
1791260100,60.4,60.5,60.3,60.4,45300,2026-10-06,,,,,,,,
1791260160,60.3,60.5,60.3,60.4,27100,2026-10-06,,,,,,,,
1791260220,60.4,60.6,60.4,60.5,96500,2026-10-06,,,,,,,,
1791260280,60.5,60.6,60.4,60.4,13600,2026-10-06,,,,,,,,
1791260340,60.4,60.5,60.4,60.5,10200,2026-10-06,,,,,,,,
1791260400,60.5,60.5,60.4,60.5,6200,2026-10-06,,,,,,,,
1791260460,60.5,60.5,60.4,60.5,5600,2026-10-06,,,,,,,,
1791260520,60.5,60.5,60.4,60.4,4800,2026-10-06,,,,,,,,
1791260580,60.4,60.5,60.4,60.5,11500,2026-10-06,,,,,,,,
1791260640,60.5,60.5,60.4,60.4,19200,2026-10-06,,,,,,,,
1791260700,60.4,60.5,60.4,60.5,6500,2026-10-06,,,,,,,,
1791260760,60.5,60.5,60.4,60.5,3100,2026-10-06,,,,,,,,
1791260820,60.4,60.5,60.4,60.5,7300,2026-10-06,,,,,,,,
1791260880,60.5,60.5,60.4,60.5,3300,2026-10-06,,,,,,,,
1791260940,60.5,60.5,60.4,60.5,12500,2026-10-06,,,,,,,,
1791266400,60.4,60.5,60.3,60.4,133500,2026-10-06,,,,,,,,
1791266460,60.4,60.5,60.3,60.3,22000,2026-10-06,,,,,,,,
1791266520,60.3,60.4,60.3,60.4,21900,2026-10-06,,,,,,,,
1791266580,60.4,60.4,60.3,60.4,26400,2026-10-06,,,,,,,,
1791266640,60.4,60.4,60.3,60.3,37700,2026-10-06,,,,,,,,
1791266700,60.3,60.4,60.3,60.4,16300,2026-10-06,,,,,,,,
1791266760,60.3,60.5,60.3,60.4,25300,2026-10-06,,,,,,,,
1791266820,60.4,60.5,60.4,60.5,11300,2026-10-06,,,,,,,,
1791266880,60.5,60.5,60.4,60.4,20400,2026-10-06,,,,,,,,
1791266940,60.5,60.5,60.4,60.5,26700,2026-10-06,,,,,,,,
1791267000,60.5,60.5,60.4,60.4,14400,2026-10-06,,,,,,,,
1791267060,60.4,60.5,60.4,60.4,32100,2026-10-06,,,,,,,,
1791267120,60.4,60.5,60.3,60.3,15900,2026-10-06,,,,,,,,
1791267180,60.3,60.4,60.3,60.3,11200,2026-10-06,,,,,,,,
1791267240,60.3,60.5,60.3,60.4,70200,2026-10-06,,,,,,,,
1791267300,60.4,60.5,60.4,60.5,27200,2026-10-06,,,,,,,,
1791267360,60.5,60.5,60.4,60.5,13000,2026-10-06,,,,,,,,
1791267420,60.5,60.5,60.4,60.4,12700,2026-10-06,,,,,,,,
1791267480,60.5,60.5,60.4,60.5,8800,2026-10-06,,,,,,,,
1791267540,60.4,60.5,60.4,60.4,19200,2026-10-06,,,,,,,,
1791267600,60.4,60.5,60.4,60.4,16800,2026-10-06,,,,,,,,
1791267660,60.5,60.5,60.4,60.4,11500,2026-10-06,,,,,,,,
1791267720,60.4,60.5,60.4,60.4,15200,2026-10-06,,,,,,,,
1791267780,60.4,60.5,60.4,60.5,20100,2026-10-06,,,,,,,,
1791267840,60.4,60.5,60.4,60.4,27500,2026-10-06,,,,,,,,
1791267900,60.4,60.5,60.4,60.4,40600,2026-10-06,,,,,,,,
1791267960,60.4,60.5,60.3,60.3,36100,2026-10-06,,,,,,,,
1791268020,60.3,60.4,60.3,60.3,55300,2026-10-06,,,,,,,,
1791268080,60.3,60.4,60.3,60.4,52000,2026-10-06,,,,,,,,
1791268140,60.4,60.4,60.3,60.4,12400,2026-10-06,,,,,,,,
1791268200,60.4,60.4,60.3,60.3,16600,2026-10-06,,,,,,,,
1791268260,60.4,60.4,60.3,60.3,24400,2026-10-06,,,,,,,,
1791268320,60.3,60.4,60.3,60.4,16300,2026-10-06,,,,,,,,
1791268380,60.3,60.4,60.3,60.4,32200,2026-10-06,,,,,,,,
1791268440,60.4,60.4,60.3,60.3,11000,2026-10-06,,,,,,,,
1791268500,60.4,60.4,60.3,60.3,105900,2026-10-06,,,,,,,,
1791268560,60.3,60.4,60.2,60.2,34600,2026-10-06,,,,,,,,
1791268620,60.3,60.3,60.2,60.2,10100,2026-10-06,,,,,,,,
1791268680,60.3,60.3,60.2,60.2,28000,2026-10-06,,,,,,,,
1791268740,60.2,60.3,60.2,60.2,39900,2026-10-06,,,,,,,,
1791268800,60.2,60.3,60.2,60.2,36900,2026-10-06,,,,,,,,
1791268860,60.2,60.2,60.1,60.2,25000,2026-10-06,,,,,,,,
1791268920,60.1,60.1,60.0,60.0,171700,2026-10-06,,,,,,,,
1791268980,60.0,60.2,60.0,60.2,112700,2026-10-06,,,,,,,,
1791269040,60.1,60.2,60.1,60.1,34600,2026-10-06,,,,,,,,
1791269100,60.1,60.2,60.1,60.2,22300,2026-10-06,,,,,,,,
1791269160,60.2,60.2,60.1,60.1,38800,2026-10-06,,,,,,,,
1791269220,60.1,60.2,60.1,60.2,19300,2026-10-06,,,,,,,,
1791269280,60.2,60.2,60.1,60.2,29600,2026-10-06,,,,,,,,
1791269340,60.1,60.2,60.1,60.1,45800,2026-10-06,,,,,,,,
1791269400,60.2,60.2,60.1,60.2,39000,2026-10-06,,,,,,,,
1791269460,60.2,60.2,60.1,60.1,17100,2026-10-06,,,,,,,,
1791269520,60.1,60.2,60.1,60.1,34600,2026-10-06,,,,,,,,
1791269580,60.2,60.2,60.1,60.2,21300,2026-10-06,,,,,,,,
1791269640,60.2,60.2,60.1,60.2,19400,2026-10-06,,,,,,,,
1791269700,60.1,60.2,60.1,60.1,28900,2026-10-06,,,,,,,,
1791269760,60.1,60.2,60.1,60.2,45300,2026-10-06,,,,,,,,
1791269820,60.2,60.3,60.1,60.3,107000,2026-10-06,,,,,,,,
1791269880,60.3,60.3,60.2,60.2,29800,2026-10-06,,,,,,,,
1791269940,60.3,60.3,60.2,60.3,35100,2026-10-06,,,,,,,,
1791270000,60.2,60.3,60.2,60.3,17700,2026-10-06,,,,,,,,
1791270060,60.3,60.3,60.2,60.2,63500,2026-10-06,,,,,,,,
1791270120,60.2,60.3,60.2,60.2,41300,2026-10-06,,,,,,,,
1791270180,60.2,60.3,60.1,60.1,24000,2026-10-06,,,,,,,,
1791270240,60.2,60.2,60.1,60.2,10700,2026-10-06,,,,,,,,
1791270300,60.2,60.2,60.1,60.1,23500,2026-10-06,,,,,,,,
1791270360,60.2,60.2,60.1,60.1,151700,2026-10-06,,,,,,,,
1791270420,60.1,60.2,60.1,60.2,16400,2026-10-06,,,,,,,,
1791270480,60.2,60.2,60.1,60.2,29500,2026-10-06,,,,,,,,
1791270540,60.2,60.2,60.1,60.1,10900,2026-10-06,,,,,,,,
1791270600,60.1,60.2,60.1,60.1,22300,2026-10-06,,,,,,,,
1791270660,60.1,60.2,60.1,60.1,51100,2026-10-06,,,,,,,,
1791270720,60.1,60.3,60.0,60.2,207100,2026-10-06,,,,,,,,
1791270780,60.3,60.4,60.2,60.4,65500,2026-10-06,,,,,,,,
1791270840,60.4,60.5,60.3,60.5,110500,2026-10-06,,,,,,,,
1791270900,60.4,60.6,60.4,60.6,119300,2026-10-06,,,,,,,,
1791270960,60.6,60.7,60.6,60.7,56700,2026-10-06,,,,,,,,
1791271020,60.7,60.7,60.6,60.6,56600,2026-10-06,,,,,,,,
1791271080,60.6,60.7,60.5,60.6,32100,2026-10-06,,,,,,,,
1791271140,60.6,60.6,60.5,60.6,14300,2026-10-06,,,,,,,,
1791271200,60.5,60.6,60.4,60.5,41200,2026-10-06,,,,,,,,
1791271260,60.5,60.5,60.4,60.5,14400,2026-10-06,,,,,,,,
1791271320,60.5,60.6,60.4,60.6,44400,2026-10-06,,,,,,,,
1791271380,60.6,60.7,60.5,60.6,71600,2026-10-06,,,,,,,,
1791271440,60.7,60.8,60.6,60.7,65300,2026-10-06,,,,,,,,
1791271500,60.8,61.0,60.7,61.0,66500,2026-10-06,,,,,,,,
1791271560,61.0,61.1,60.9,61.1,41600,2026-10-06,,,,,,,,
1791271620,61.1,61.1,60.8,60.9,53200,2026-10-06,,,,,,,,
1791271680,60.9,61.0,60.7,60.8,275500,2026-10-06,,,,,,,,
1791271740,60.8,60.9,60.8,60.9,22100,2026-10-06,,,,,,,,
1791272700,60.4,60.4,60.4,60.4,331700,2026-10-06,,,,,,,,
1791339300,60.4,61.1,60.4,61.0,88200,2026-10-07,,,,,,,,
1791339360,61.0,61.3,61.0,61.1,20400,2026-10-07,,,,,,,,
1791339420,61.2,61.2,61.0,61.1,44600,2026-10-07,,,,,,,,
1791339480,61.0,61.1,61.0,61.1,12100,2026-10-07,,,,,,,,
1791339540,61.0,61.1,61.0,61.0,15000,2026-10-07,,,,,,,,
1791339600,61.0,61.1,61.0,61.1,13700,2026-10-07,,,,,,,,
1791339660,61.1,61.1,60.8,60.8,120800,2026-10-07,,,,,,,,
1791339720,61.0,61.0,60.7,60.7,26100,2026-10-07,,,,,,,,
1791339780,60.7,60.8,60.7,60.8,10500,2026-10-07,,,,,,,,
1791339840,60.7,60.8,60.7,60.8,11200,2026-10-07,,,,,,,,
1791339900,60.7,60.8,60.6,60.6,32200,2026-10-07,,,,,,,,
1791339960,60.8,60.8,60.6,60.7,2400,2026-10-07,,,,,,,,
1791340020,60.7,60.8,60.6,60.6,34600,2026-10-07,,,,,,,,
1791340080,60.6,60.7,60.6,60.6,5200,2026-10-07,,,,,,,,
1791340140,60.7,60.7,60.6,60.6,7000,2026-10-07,,,,,,,,
1791340200,60.6,60.7,60.6,60.6,6300,2026-10-07,,,,,,,,
1791340260,60.6,60.7,60.6,60.6,13600,2026-10-07,,,,,,,,
1791340320,60.7,60.7,60.6,60.6,15700,2026-10-07,,,,,,,,
1791340380,60.7,60.8,60.6,60.7,5100,2026-10-07,,,,,,,,
1791340440,60.7,60.8,60.6,60.7,8400,2026-10-07,,,,,,,,
1791340500,60.7,60.8,60.6,60.7,9000,2026-10-07,,,,,,,,
1791340560,60.7,60.7,60.6,60.7,7700,2026-10-07,,,,,,,,
1791340620,60.7,60.8,60.6,60.6,8500,2026-10-07,,,,,,,,
1791340680,60.6,60.7,60.6,60.6,6800,2026-10-07,,,,,,,,
1791340740,60.7,60.7,60.6,60.7,13200,2026-10-07,,,,,,,,
1791340800,60.6,60.8,60.6,60.6,8700,2026-10-07,,,,,,,,
1791340860,60.6,60.8,60.6,60.6,3600,2026-10-07,,,,,,,,
1791340920,60.6,60.7,60.6,60.6,10100,2026-10-07,,,,,,,,
1791340980,60.6,60.7,60.6,60.7,6600,2026-10-07,,,,,,,,
1791341040,60.6,60.7,60.6,60.6,15700,2026-10-07,,,,,,,,
1791341100,60.7,60.7,60.6,60.6,8300,2026-10-07,,,,,,,,
1791341160,60.6,60.6,60.5,60.5,16400,2026-10-07,,,,,,,,
1791341220,60.5,60.6,60.5,60.5,12400,2026-10-07,,,,,,,,
1791341280,60.5,60.6,60.5,60.5,26900,2026-10-07,,,,,,,,
1791341340,60.5,60.5,60.5,60.5,10600,2026-10-07,,,,,,,,
1791341400,60.5,60.6,60.5,60.6,7200,2026-10-07,,,,,,,,
1791341460,60.5,60.6,60.4,60.5,36800,2026-10-07,,,,,,,,
1791341520,60.4,60.5,60.4,60.4,11000,2026-10-07,,,,,,,,
1791341580,60.5,60.5,60.4,60.5,4200,2026-10-07,,,,,,,,
1791341640,60.4,60.4,60.4,60.4,4500,2026-10-07,,,,,,,,
1791341700,60.4,60.5,60.4,60.4,10800,2026-10-07,,,,,,,,
1791341760,60.5,60.5,60.4,60.5,11500,2026-10-07,,,,,,,,
1791341820,60.4,60.6,60.4,60.5,29100,2026-10-07,,,,,,,,
1791341880,60.4,60.6,60.4,60.5,9100,2026-10-07,,,,,,,,
1791341940,60.5,60.6,60.4,60.4,18300,2026-10-07,,,,,,,,
1791342000,60.4,60.5,60.4,60.4,10900,2026-10-07,,,,,,,,
1791342060,60.5,60.6,60.4,60.4,11800,2026-10-07,,,,,,,,
1791342120,60.5,60.5,60.4,60.5,4600,2026-10-07,,,,,,,,
1791342180,60.4,60.5,60.4,60.5,2400,2026-10-07,,,,,,,,
1791342240,60.4,60.5,60.4,60.4,7600,2026-10-07,,,,,,,,
1791342300,60.4,60.5,60.4,60.4,9500,2026-10-07,,,,,,,,
1791342360,60.4,60.5,60.4,60.5,5100,2026-10-07,,,,,,,,
1791342420,60.4,60.5,60.4,60.4,9100,2026-10-07,,,,,,,,
1791342480,60.4,60.5,60.4,60.4,40300,2026-10-07,,,,,,,,
1791342540,60.4,60.5,60.4,60.5,13900,2026-10-07,,,,,,,,
1791342600,60.4,60.5,60.4,60.4,39900,2026-10-07,,,,,,,,
1791342660,60.4,60.5,60.4,60.5,14200,2026-10-07,,,,,,,,
1791342720,60.4,60.5,60.3,60.3,39700,2026-10-07,,,,,,,,
1791342780,60.4,60.4,60.3,60.4,45000,2026-10-07,,,,,,,,
1791342840,60.3,60.4,60.3,60.3,7200,2026-10-07,,,,,,,,
1791342900,60.3,60.4,60.3,60.3,12600,2026-10-07,,,,,,,,
1791342960,60.3,60.4,60.2,60.3,14700,2026-10-07,,,,,,,,
1791343020,60.3,60.3,60.2,60.3,9700,2026-10-07,,,,,,,,
1791343080,60.3,60.3,60.2,60.2,17900,2026-10-07,,,,,,,,
1791343140,60.2,60.3,60.2,60.3,16200,2026-10-07,,,,,,,,
1791343200,60.3,60.3,60.2,60.2,11100,2026-10-07,,,,,,,,
1791343260,60.2,60.3,60.2,60.2,11100,2026-10-07,,,,,,,,
1791343320,60.2,60.3,60.2,60.2,20200,2026-10-07,,,,,,,,
1791343380,60.3,60.3,60.2,60.3,3700,2026-10-07,,,,,,,,
1791343440,60.3,60.3,60.2,60.3,9800,2026-10-07,,,,,,,,
1791343500,60.3,60.3,60.2,60.3,7100,2026-10-07,,,,,,,,
1791343560,60.3,60.3,60.2,60.3,8500,2026-10-07,,,,,,,,
1791343620,60.2,60.3,60.2,60.3,14700,2026-10-07,,,,,,,,
1791343680,60.3,60.3,60.2,60.2,3100,2026-10-07,,,,,,,,
1791343740,60.2,60.3,60.2,60.2,6900,2026-10-07,,,,,,,,
1791343800,60.2,60.3,60.2,60.3,98500,2026-10-07,,,,,,,,
1791343860,60.2,60.3,60.2,60.3,20500,2026-10-07,,,,,,,,
1791343920,60.3,60.5,60.3,60.5,30500,2026-10-07,,,,,,,,
1791343980,60.5,60.5,60.4,60.4,4700,2026-10-07,,,,,,,,
1791344040,60.4,60.5,60.4,60.4,12900,2026-10-07,,,,,,,,
1791344100,60.5,60.5,60.4,60.4,10800,2026-10-07,,,,,,,,
1791344160,60.4,60.5,60.3,60.4,17900,2026-10-07,,,,,,,,
1791344220,60.4,60.4,60.3,60.3,4200,2026-10-07,,,,,,,,
1791344280,60.4,60.4,60.3,60.4,18800,2026-10-07,,,,,,,,
1791344340,60.4,60.4,60.4,60.4,900,2026-10-07,,,,,,,,
1791344400,60.4,60.4,60.3,60.4,8900,2026-10-07,,,,,,,,
1791344460,60.4,60.4,60.4,60.4,2200,2026-10-07,,,,,,,,
1791344520,60.3,60.4,60.3,60.3,10600,2026-10-07,,,,,,,,
1791344580,60.3,60.4,60.3,60.3,6000,2026-10-07,,,,,,,,
1791344640,60.3,60.4,60.3,60.3,11200,2026-10-07,,,,,,,,
1791344700,60.4,60.4,60.3,60.4,20000,2026-10-07,,,,,,,,
1791344760,60.4,60.4,60.3,60.3,11100,2026-10-07,,,,,,,,
1791344820,60.3,60.4,60.3,60.3,22700,2026-10-07,,,,,,,,
1791344880,60.3,60.4,60.3,60.3,15000,2026-10-07,,,,,,,,
1791344940,60.4,60.4,60.3,60.3,5800,2026-10-07,,,,,,,,
1791345000,60.3,60.4,60.3,60.3,7300,2026-10-07,,,,,,,,
1791345060,60.3,60.4,60.3,60.3,15200,2026-10-07,,,,,,,,
1791345120,60.3,60.3,60.3,60.3,2200,2026-10-07,,,,,,,,
1791345180,60.3,60.4,60.3,60.3,14400,2026-10-07,,,,,,,,
1791345240,60.3,60.3,60.3,60.3,16400,2026-10-07,,,,,,,,
1791345300,60.3,60.3,60.3,60.3,13700,2026-10-07,,,,,,,,
1791345360,60.3,60.3,60.2,60.3,17800,2026-10-07,,,,,,,,
1791345420,60.3,60.4,60.3,60.3,3600,2026-10-07,,,,,,,,
1791345480,60.3,60.4,60.3,60.4,11000,2026-10-07,,,,,,,,
1791345540,60.3,60.3,60.2,60.2,14000,2026-10-07,,,,,,,,
1791345600,60.3,60.3,60.2,60.3,5900,2026-10-07,,,,,,,,
1791345660,60.2,60.2,60.2,60.2,2100,2026-10-07,,,,,,,,
1791345720,60.2,60.2,60.2,60.2,9500,2026-10-07,,,,,,,,
1791345780,60.2,60.3,60.2,60.3,14800,2026-10-07,,,,,,,,
1791345840,60.3,60.3,60.2,60.3,4700,2026-10-07,,,,,,,,
1791345900,60.2,60.3,60.2,60.2,11400,2026-10-07,,,,,,,,
1791345960,60.2,60.4,60.2,60.4,60900,2026-10-07,,,,,,,,
1791346020,60.3,60.4,60.3,60.3,16700,2026-10-07,,,,,,,,
1791346080,60.4,60.4,60.3,60.4,2500,2026-10-07,,,,,,,,
1791346140,60.4,60.4,60.3,60.3,7700,2026-10-07,,,,,,,,
1791346200,60.3,60.4,60.3,60.4,1700,2026-10-07,,,,,,,,
1791346260,60.4,60.4,60.3,60.3,8800,2026-10-07,,,,,,,,
1791346320,60.3,60.4,60.3,60.4,8300,2026-10-07,,,,,,,,
1791346380,60.4,60.4,60.3,60.3,2500,2026-10-07,,,,,,,,
1791346440,60.3,60.4,60.3,60.3,19900,2026-10-07,,,,,,,,
1791346500,60.3,60.3,60.3,60.3,60800,2026-10-07,,,,,,,,
1791346560,60.3,60.3,60.3,60.3,17000,2026-10-07,,,,,,,,
1791346620,60.3,60.3,60.2,60.2,4500,2026-10-07,,,,,,,,
1791346680,60.3,60.3,60.2,60.3,23400,2026-10-07,,,,,,,,
1791346740,60.3,60.3,60.3,60.3,7100,2026-10-07,,,,,,,,
1791346800,60.3,60.3,60.2,60.3,7400,2026-10-07,,,,,,,,
1791346860,60.2,60.3,60.2,60.2,15600,2026-10-07,,,,,,,,
1791346920,60.3,60.3,60.2,60.2,6800,2026-10-07,,,,,,,,
1791346980,60.2,60.3,60.2,60.3,9300,2026-10-07,,,,,,,,
1791347040,60.3,60.3,60.2,60.3,13400,2026-10-07,,,,,,,,
1791347100,60.2,60.3,60.2,60.2,15600,2026-10-07,,,,,,,,
1791347160,60.2,60.3,60.2,60.2,9600,2026-10-07,,,,,,,,
1791347220,60.2,60.3,60.2,60.2,2900,2026-10-07,,,,,,,,
1791347280,60.3,60.3,60.2,60.2,10500,2026-10-07,,,,,,,,
1791347340,60.2,60.3,60.2,60.2,45100,2026-10-07,,,,,,,,
1791352800,60.3,60.3,60.2,60.2,24200,2026-10-07,,,,,,,,
1791352860,60.3,60.3,60.2,60.2,15900,2026-10-07,,,,,,,,
1791352920,60.3,60.3,60.2,60.2,52200,2026-10-07,,,,,,,,
1791352980,60.2,60.2,60.1,60.1,12900,2026-10-07,,,,,,,,
1791353040,60.1,60.2,60.1,60.2,19700,2026-10-07,,,,,,,,
1791353100,60.2,60.2,60.1,60.1,16200,2026-10-07,,,,,,,,
1791353160,60.1,60.2,60.1,60.1,2900,2026-10-07,,,,,,,,
1791353220,60.2,60.2,60.1,60.2,30300,2026-10-07,,,,,,,,
1791353280,60.2,60.2,60.1,60.2,6600,2026-10-07,,,,,,,,
1791353340,60.2,60.2,60.1,60.1,6500,2026-10-07,,,,,,,,
1791353400,60.1,60.2,60.1,60.2,16700,2026-10-07,,,,,,,,
1791353460,60.2,60.2,60.1,60.2,3200,2026-10-07,,,,,,,,
1791353520,60.1,60.2,60.1,60.1,12200,2026-10-07,,,,,,,,
1791353580,60.2,60.2,60.1,60.2,13600,2026-10-07,,,,,,,,
1791353640,60.2,60.2,60.1,60.1,21000,2026-10-07,,,,,,,,
1791353700,60.1,60.1,60.1,60.1,62400,2026-10-07,,,,,,,,
1791353760,60.2,60.2,60.0,60.1,63900,2026-10-07,,,,,,,,
1791353820,60.1,60.1,60.0,60.1,8200,2026-10-07,,,,,,,,
1791353880,60.1,60.1,60.0,60.0,12300,2026-10-07,,,,,,,,
1791353940,60.1,60.1,60.0,60.1,3200,2026-10-07,,,,,,,,
1791354000,60.0,60.1,60.0,60.0,19100,2026-10-07,,,,,,,,
1791354060,60.1,60.1,60.0,60.1,9400,2026-10-07,,,,,,,,
1791354120,60.1,60.1,60.0,60.0,12200,2026-10-07,,,,,,,,
1791354180,60.0,60.1,60.0,60.0,25800,2026-10-07,,,,,,,,
1791354240,60.0,60.1,60.0,60.0,14700,2026-10-07,,,,,,,,
1791354300,60.1,60.1,60.0,60.1,8500,2026-10-07,,,,,,,,
1791354360,60.1,60.1,60.0,60.1,6300,2026-10-07,,,,,,,,
1791354420,60.1,60.1,60.1,60.1,11900,2026-10-07,,,,,,,,
1791354480,60.1,60.1,60.0,60.1,17000,2026-10-07,,,,,,,,
1791354540,60.0,60.1,60.0,60.1,6400,2026-10-07,,,,,,,,
1791354600,60.0,60.2,60.0,60.1,102600,2026-10-07,,,,,,,,
1791354660,60.2,60.2,60.1,60.1,19300,2026-10-07,,,,,,,,
1791354720,60.1,60.2,60.1,60.1,7800,2026-10-07,,,,,,,,
1791354780,60.1,60.2,60.1,60.2,60500,2026-10-07,,,,,,,,
1791354840,60.2,60.3,60.2,60.3,29300,2026-10-07,,,,,,,,
1791354900,60.3,60.3,60.2,60.3,34300,2026-10-07,,,,,,,,
1791354960,60.3,60.3,60.1,60.1,52100,2026-10-07,,,,,,,,
1791355020,60.1,60.2,60.1,60.2,10100,2026-10-07,,,,,,,,
1791355080,60.2,60.2,60.1,60.1,5000,2026-10-07,,,,,,,,
1791355140,60.2,60.2,60.1,60.1,11600,2026-10-07,,,,,,,,
1791355200,60.1,60.2,60.1,60.1,1200,2026-10-07,,,,,,,,
1791355260,60.1,60.2,60.1,60.1,13000,2026-10-07,,,,,,,,
1791355320,60.1,60.2,60.1,60.2,80900,2026-10-07,,,,,,,,
1791355380,60.2,60.2,60.1,60.2,27400,2026-10-07,,,,,,,,
1791355440,60.1,60.2,60.1,60.2,57100,2026-10-07,,,,,,,,
1791355500,60.2,60.2,60.1,60.1,25000,2026-10-07,,,,,,,,
1791355560,60.1,60.2,60.1,60.1,25600,2026-10-07,,,,,,,,
1791355620,60.1,60.1,60.1,60.1,16500,2026-10-07,,,,,,,,
1791355680,60.1,60.2,60.1,60.1,15400,2026-10-07,,,,,,,,
1791355740,60.1,60.2,60.1,60.1,19200,2026-10-07,,,,,,,,
1791355800,60.1,60.2,60.0,60.0,22600,2026-10-07,,,,,,,,
1791355860,60.0,60.1,60.0,60.0,14500,2026-10-07,,,,,,,,
1791355920,60.1,60.1,60.0,60.0,12700,2026-10-07,,,,,,,,
1791355980,60.0,60.1,60.0,60.1,30800,2026-10-07,,,,,,,,
1791356040,60.0,60.1,60.0,60.0,13600,2026-10-07,,,,,,,,
1791356100,60.0,60.1,60.0,60.1,13700,2026-10-07,,,,,,,,
1791356160,60.0,60.1,60.0,60.0,55900,2026-10-07,,,,,,,,
1791356220,60.1,60.1,60.0,60.0,21100,2026-10-07,,,,,,,,
1791356280,60.0,60.1,60.0,60.0,36000,2026-10-07,,,,,,,,
1791356340,60.1,60.1,60.0,60.0,20500,2026-10-07,,,,,,,,
1791356400,60.0,60.1,60.0,60.0,16000,2026-10-07,,,,,,,,
1791356460,60.0,60.1,60.0,60.1,25200,2026-10-07,,,,,,,,
1791356520,60.1,60.1,60.0,60.0,72400,2026-10-07,,,,,,,,
1791356580,60.0,60.1,60.0,60.1,20800,2026-10-07,,,,,,,,
1791356640,60.0,60.1,60.0,60.1,12500,2026-10-07,,,,,,,,
1791356700,60.1,60.1,60.0,60.0,106900,2026-10-07,,,,,,,,
1791356760,60.0,60.0,59.9,60.0,52600,2026-10-07,,,,,,,,
1791356820,60.0,60.0,60.0,60.0,21600,2026-10-07,,,,,,,,
1791356880,60.0,60.0,59.9,60.0,41200,2026-10-07,,,,,,,,
1791356940,60.0,60.0,59.9,60.0,42900,2026-10-07,,,,,,,,
1791357000,60.0,60.0,59.9,59.9,14300,2026-10-07,,,,,,,,
1791357060,60.0,60.0,59.9,60.0,9300,2026-10-07,,,,,,,,
1791357120,60.0,60.0,59.9,60.0,30400,2026-10-07,,,,,,,,
1791357180,60.0,60.0,59.9,60.0,18600,2026-10-07,,,,,,,,
1791357240,59.9,60.0,59.9,60.0,43400,2026-10-07,,,,,,,,
1791357300,60.0,60.0,59.9,60.0,46300,2026-10-07,,,,,,,,
1791357360,60.0,60.0,59.9,60.0,34300,2026-10-07,,,,,,,,
1791357420,59.9,60.1,59.9,60.0,144500,2026-10-07,,,,,,,,
1791357480,60.1,60.1,59.9,60.0,70800,2026-10-07,,,,,,,,
1791357540,60.0,60.0,59.9,60.0,33400,2026-10-07,,,,,,,,
1791357600,60.0,60.0,59.9,60.0,27000,2026-10-07,,,,,,,,
1791357660,60.0,60.1,60.0,60.0,95500,2026-10-07,,,,,,,,
1791357720,60.0,60.1,59.9,60.1,27600,2026-10-07,,,,,,,,
1791357780,60.1,60.1,60.0,60.0,8600,2026-10-07,,,,,,,,
1791357840,60.1,60.1,60.0,60.0,62900,2026-10-07,,,,,,,,
1791357900,60.0,60.0,60.0,60.0,34600,2026-10-07,,,,,,,,
1791357960,59.9,60.1,59.9,60.1,128800,2026-10-07,,,,,,,,
1791358020,60.1,60.1,59.9,59.9,20700,2026-10-07,,,,,,,,
1791358080,60.0,60.0,59.9,60.0,34900,2026-10-07,,,,,,,,
1791358140,60.0,60.1,59.9,60.0,31700,2026-10-07,,,,,,,,
1791359100,59.7,59.7,59.7,59.7,273100,2026-10-07,,,,,,,,
1791425700,59.5,59.6,59.5,59.5,142400,2026-10-08,,,,,,,,
1791425760,59.6,59.7,59.5,59.6,33500,2026-10-08,,,,,,,,
1791425820,59.6,59.7,59.6,59.7,26800,2026-10-08,,,,,,,,
1791425880,59.8,59.8,59.6,59.7,30900,2026-10-08,,,,,,,,
1791425940,59.7,59.7,59.5,59.7,18000,2026-10-08,,,,,,,,
1791426000,59.7,59.7,59.5,59.5,33100,2026-10-08,,,,,,,,
1791426060,59.5,59.6,59.4,59.5,12400,2026-10-08,,,,,,,,
1791426120,59.5,59.5,59.4,59.5,25000,2026-10-08,,,,,,,,
1791426180,59.4,59.5,59.3,59.4,26600,2026-10-08,,,,,,,,
1791426240,59.2,59.3,59.0,59.0,237300,2026-10-08,,,,,,,,
1791426300,59.0,59.1,58.9,58.9,64200,2026-10-08,,,,,,,,
1791426360,58.9,59.0,58.9,58.9,32700,2026-10-08,,,,,,,,
1791426420,59.0,59.0,58.9,59.0,68100,2026-10-08,,,,,,,,
1791426480,59.0,59.2,59.0,59.0,195200,2026-10-08,,,,,,,,
1791426540,59.2,59.3,59.1,59.3,148100,2026-10-08,,,,,,,,
1791426600,59.3,59.4,59.3,59.4,53700,2026-10-08,,,,,,,,
1791426660,59.4,59.6,59.4,59.5,32200,2026-10-08,,,,,,,,
1791426720,59.6,59.6,59.5,59.6,20000,2026-10-08,,,,,,,,
1791426780,59.6,60.2,59.5,60.1,94300,2026-10-08,,,,,,,,
1791426840,60.2,60.5,60.1,60.5,127400,2026-10-08,,,,,,,,
1791426900,60.5,60.7,60.4,60.7,90700,2026-10-08,,,,,,,,
1791426960,60.8,61.3,60.7,61.1,319800,2026-10-08,,,,,,,,
1791427020,61.1,61.5,61.1,61.2,161100,2026-10-08,,,,,,,,
1791427080,61.2,61.2,61.0,61.0,79000,2026-10-08,,,,,,,,
1791427140,61.0,61.1,60.7,60.8,59900,2026-10-08,,,,,,,,
1791427200,60.8,60.9,60.7,60.8,18400,2026-10-08,,,,,,,,
1791427260,60.8,60.9,60.7,60.9,55500,2026-10-08,,,,,,,,
1791427320,60.9,60.9,60.8,60.8,17300,2026-10-08,,,,,,,,
1791427380,60.9,60.9,60.8,60.9,27100,2026-10-08,,,,,,,,
1791427440,60.9,60.9,60.8,60.9,43200,2026-10-08,,,,,,,,
1791427500,60.9,61.0,60.8,61.0,26100,2026-10-08,,,,,,,,
1791427560,60.9,61.0,60.9,60.9,21800,2026-10-08,,,,,,,,
1791427620,61.0,61.0,60.9,60.9,36700,2026-10-08,,,,,,,,
1791427680,61.0,61.0,60.9,60.9,31400,2026-10-08,,,,,,,,
1791427740,60.9,61.0,60.9,61.0,16800,2026-10-08,,,,,,,,
1791427800,60.9,61.0,60.9,61.0,21700,2026-10-08,,,,,,,,
1791427860,61.0,61.0,60.9,61.0,37500,2026-10-08,,,,,,,,
1791427920,60.9,61.0,60.9,61.0,23600,2026-10-08,,,,,,,,
1791427980,61.0,61.0,60.9,61.0,18500,2026-10-08,,,,,,,,
1791428040,61.0,61.0,60.9,60.9,61200,2026-10-08,,,,,,,,
1791428100,60.9,61.0,60.9,60.9,55400,2026-10-08,,,,,,,,
1791428160,60.9,61.0,60.8,60.9,31000,2026-10-08,,,,,,,,
1791428220,61.0,61.0,60.8,60.8,49000,2026-10-08,,,,,,,,
1791428280,60.9,60.9,60.8,60.9,9800,2026-10-08,,,,,,,,
1791428340,60.9,60.9,60.8,60.8,12300,2026-10-08,,,,,,,,
1791428400,60.8,60.9,60.7,60.8,21200,2026-10-08,,,,,,,,
1791428460,60.7,60.8,60.7,60.7,15900,2026-10-08,,,,,,,,
1791428520,60.7,60.8,60.7,60.7,10100,2026-10-08,,,,,,,,
1791428580,60.8,60.8,60.6,60.7,48000,2026-10-08,,,,,,,,
1791428640,60.8,60.8,60.7,60.7,10700,2026-10-08,,,,,,,,
1791428700,60.8,60.8,60.7,60.7,6300,2026-10-08,,,,,,,,
1791428760,60.8,60.8,60.7,60.7,9500,2026-10-08,,,,,,,,
1791428820,60.8,60.8,60.7,60.7,9100,2026-10-08,,,,,,,,
1791428880,60.7,60.8,60.7,60.7,9300,2026-10-08,,,,,,,,
1791428940,60.7,60.8,60.7,60.7,7800,2026-10-08,,,,,,,,
1791429000,60.8,60.8,60.7,60.8,7200,2026-10-08,,,,,,,,
1791429060,60.8,60.8,60.7,60.7,50200,2026-10-08,,,,,,,,
1791429120,60.8,60.8,60.6,60.6,26500,2026-10-08,,,,,,,,
1791429180,60.7,60.7,60.6,60.6,5200,2026-10-08,,,,,,,,
1791429240,60.7,60.7,60.6,60.7,6000,2026-10-08,,,,,,,,
1791429300,60.6,60.7,60.6,60.6,2600,2026-10-08,,,,,,,,
1791429360,60.6,60.7,60.6,60.6,16100,2026-10-08,,,,,,,,
1791429420,60.7,60.7,60.6,60.6,4300,2026-10-08,,,,,,,,
1791429480,60.6,60.7,60.6,60.6,20600,2026-10-08,,,,,,,,
1791429540,60.7,60.7,60.6,60.7,15200,2026-10-08,,,,,,,,
1791429600,60.7,60.7,60.6,60.6,13400,2026-10-08,,,,,,,,
1791429660,60.7,60.7,60.5,60.6,92000,2026-10-08,,,,,,,,
1791429720,60.6,60.7,60.5,60.5,7400,2026-10-08,,,,,,,,
1791429780,60.6,60.6,60.5,60.6,19600,2026-10-08,,,,,,,,
1791429840,60.6,60.7,60.5,60.6,16700,2026-10-08,,,,,,,,
1791429900,60.6,60.7,60.6,60.6,21900,2026-10-08,,,,,,,,
1791429960,60.7,60.7,60.5,60.6,7000,2026-10-08,,,,,,,,
1791430020,60.5,60.6,60.5,60.5,15800,2026-10-08,,,,,,,,
1791430080,60.7,60.7,60.5,60.5,16900,2026-10-08,,,,,,,,
1791430140,60.6,60.6,60.5,60.5,7800,2026-10-08,,,,,,,,
1791430200,60.5,60.6,60.5,60.6,9800,2026-10-08,,,,,,,,
1791430260,60.5,60.6,60.5,60.5,38200,2026-10-08,,,,,,,,
1791430320,60.5,60.7,60.5,60.7,19800,2026-10-08,,,,,,,,
1791430380,60.7,60.7,60.6,60.7,4100,2026-10-08,,,,,,,,
1791430440,60.7,60.7,60.6,60.7,15300,2026-10-08,,,,,,,,
1791430500,60.6,60.7,60.6,60.6,3700,2026-10-08,,,,,,,,
1791430560,60.7,60.7,60.6,60.7,10800,2026-10-08,,,,,,,,
1791430620,60.6,60.7,60.5,60.6,14300,2026-10-08,,,,,,,,
1791430680,60.5,60.6,60.5,60.5,7500,2026-10-08,,,,,,,,
1791430740,60.6,60.6,60.5,60.5,9200,2026-10-08,,,,,,,,
1791430800,60.6,60.6,60.5,60.6,23200,2026-10-08,,,,,,,,
1791430860,60.6,60.7,60.6,60.7,11900,2026-10-08,,,,,,,,
1791430920,60.6,60.7,60.6,60.6,8400,2026-10-08,,,,,,,,
1791430980,60.7,60.7,60.6,60.7,24400,2026-10-08,,,,,,,,
1791431040,60.7,60.8,60.6,60.7,28900,2026-10-08,,,,,,,,
1791431100,60.8,61.0,60.7,61.0,132000,2026-10-08,,,,,,,,
1791431160,60.9,61.0,60.7,60.7,8100,2026-10-08,,,,,,,,
1791431220,60.9,60.9,60.7,60.9,12700,2026-10-08,,,,,,,,
1791431280,60.8,60.9,60.7,60.8,8100,2026-10-08,,,,,,,,
1791431340,60.8,60.9,60.6,60.8,31200,2026-10-08,,,,,,,,
1791431400,60.8,60.8,60.6,60.8,3700,2026-10-08,,,,,,,,
1791431460,60.8,60.8,60.6,60.6,2600,2026-10-08,,,,,,,,
1791431520,60.6,60.8,60.6,60.8,14200,2026-10-08,,,,,,,,
1791431580,60.8,60.8,60.7,60.7,3700,2026-10-08,,,,,,,,
1791431640,60.8,60.9,60.7,60.9,18300,2026-10-08,,,,,,,,
1791431700,60.9,60.9,60.7,60.9,28500,2026-10-08,,,,,,,,
1791431760,60.9,60.9,60.8,60.8,8600,2026-10-08,,,,,,,,
1791431820,60.8,60.8,60.8,60.8,5400,2026-10-08,,,,,,,,
1791431880,60.8,60.8,60.7,60.8,10200,2026-10-08,,,,,,,,
1791431940,60.8,60.8,60.7,60.8,3100,2026-10-08,,,,,,,,
1791432000,60.8,60.8,60.8,60.8,1800,2026-10-08,,,,,,,,
1791432060,60.8,60.8,60.7,60.7,5600,2026-10-08,,,,,,,,
1791432120,60.7,60.8,60.7,60.8,4500,2026-10-08,,,,,,,,
1791432180,60.7,60.7,60.7,60.7,7500,2026-10-08,,,,,,,,
1791432240,60.7,60.7,60.7,60.7,6400,2026-10-08,,,,,,,,
1791432300,60.7,60.7,60.7,60.7,9900,2026-10-08,,,,,,,,
1791432360,60.7,60.8,60.6,60.8,4100,2026-10-08,,,,,,,,
1791432420,60.6,60.7,60.6,60.6,9900,2026-10-08,,,,,,,,
1791432480,60.6,60.7,60.6,60.6,4300,2026-10-08,,,,,,,,
1791432540,60.6,60.7,60.6,60.7,3300,2026-10-08,,,,,,,,
1791432600,60.6,60.7,60.6,60.6,4400,2026-10-08,,,,,,,,
1791432660,60.6,60.6,60.6,60.6,3200,2026-10-08,,,,,,,,
1791432720,60.6,60.7,60.6,60.7,4100,2026-10-08,,,,,,,,
1791432780,60.6,60.7,60.6,60.6,800,2026-10-08,,,,,,,,
1791432840,60.7,60.7,60.6,60.6,3700,2026-10-08,,,,,,,,
1791432900,60.6,60.7,60.6,60.7,4200,2026-10-08,,,,,,,,
1791432960,60.6,60.7,60.6,60.6,500,2026-10-08,,,,,,,,
1791433020,60.6,60.7,60.6,60.7,3800,2026-10-08,,,,,,,,
1791433080,60.6,60.7,60.6,60.6,10500,2026-10-08,,,,,,,,
1791433140,60.6,60.7,60.6,60.6,3900,2026-10-08,,,,,,,,
1791433200,60.6,60.7,60.6,60.6,6200,2026-10-08,,,,,,,,
1791433260,60.6,60.7,60.6,60.6,9400,2026-10-08,,,,,,,,
1791433320,60.6,60.7,60.6,60.6,3900,2026-10-08,,,,,,,,
1791433380,60.7,60.7,60.6,60.6,51100,2026-10-08,,,,,,,,
1791433440,60.6,60.6,60.6,60.6,21600,2026-10-08,,,,,,,,
1791433500,60.6,60.6,60.6,60.6,6500,2026-10-08,,,,,,,,
1791433560,60.6,60.7,60.6,60.6,8400,2026-10-08,,,,,,,,
1791433620,60.6,60.7,60.6,60.6,13600,2026-10-08,,,,,,,,
1791433680,60.6,60.6,60.6,60.6,13600,2026-10-08,,,,,,,,
1791433740,60.6,60.6,60.5,60.5,1600,2026-10-08,,,,,,,,
1791439200,60.5,60.6,60.5,60.6,20900,2026-10-08,,,,,,,,
1791439260,60.5,60.6,60.5,60.5,24600,2026-10-08,,,,,,,,
1791439320,60.5,60.5,60.4,60.4,115100,2026-10-08,,,,,,,,
1791439380,60.5,60.5,60.3,60.3,50400,2026-10-08,,,,,,,,
1791439440,60.3,60.4,60.3,60.3,12900,2026-10-08,,,,,,,,
1791439500,60.3,60.4,60.3,60.3,20100,2026-10-08,,,,,,,,
1791439560,60.3,60.4,60.3,60.4,22700,2026-10-08,,,,,,,,
1791439620,60.4,60.5,60.4,60.4,2200,2026-10-08,,,,,,,,
1791439680,60.4,60.4,60.4,60.4,13600,2026-10-08,,,,,,,,
1791439740,60.4,60.4,60.3,60.4,8400,2026-10-08,,,,,,,,
1791439800,60.3,60.4,60.3,60.3,54200,2026-10-08,,,,,,,,
1791439860,60.3,60.4,60.3,60.4,11500,2026-10-08,,,,,,,,
1791439920,60.3,60.4,60.3,60.3,12800,2026-10-08,,,,,,,,
1791439980,60.3,60.4,60.3,60.3,5800,2026-10-08,,,,,,,,
1791440040,60.4,60.4,60.3,60.4,5500,2026-10-08,,,,,,,,
1791440100,60.4,60.4,60.3,60.3,5600,2026-10-08,,,,,,,,
1791440160,60.3,60.4,60.3,60.4,7000,2026-10-08,,,,,,,,
1791440220,60.3,60.4,60.3,60.3,22800,2026-10-08,,,,,,,,
1791440280,60.3,60.4,60.1,60.1,52300,2026-10-08,,,,,,,,
1791440340,60.2,60.2,60.0,60.2,116500,2026-10-08,,,,,,,,
1791440400,60.1,60.2,60.0,60.1,11700,2026-10-08,,,,,,,,
1791440460,60.1,60.2,60.1,60.2,10100,2026-10-08,,,,,,,,
1791440520,60.2,60.3,60.1,60.3,7200,2026-10-08,,,,,,,,
1791440580,60.2,60.3,60.2,60.3,5200,2026-10-08,,,,,,,,
1791440640,60.3,60.3,60.2,60.2,5500,2026-10-08,,,,,,,,
1791440700,60.2,60.3,60.2,60.2,6200,2026-10-08,,,,,,,,
1791440760,60.2,60.2,60.2,60.2,11700,2026-10-08,,,,,,,,
1791440820,60.2,60.2,60.1,60.2,6900,2026-10-08,,,,,,,,
1791440880,60.2,60.2,60.1,60.2,5100,2026-10-08,,,,,,,,
1791440940,60.1,60.1,60.1,60.1,6300,2026-10-08,,,,,,,,
1791441000,60.1,60.2,60.1,60.2,19900,2026-10-08,,,,,,,,
1791441060,60.2,60.3,60.2,60.2,13000,2026-10-08,,,,,,,,
1791441120,60.2,60.3,60.2,60.2,8600,2026-10-08,,,,,,,,
1791441180,60.2,60.3,60.2,60.2,6600,2026-10-08,,,,,,,,
1791441240,60.2,60.3,60.2,60.2,9600,2026-10-08,,,,,,,,
1791441300,60.3,60.3,60.2,60.2,11100,2026-10-08,,,,,,,,
1791441360,60.2,60.2,60.1,60.1,11900,2026-10-08,,,,,,,,
1791441420,60.1,60.2,60.1,60.2,11600,2026-10-08,,,,,,,,
1791441480,60.1,60.2,60.1,60.2,7600,2026-10-08,,,,,,,,
1791441540,60.1,60.1,60.1,60.1,11000,2026-10-08,,,,,,,,
1791441600,60.2,60.2,60.1,60.1,18700,2026-10-08,,,,,,,,
1791441660,60.1,60.2,60.1,60.1,15200,2026-10-08,,,,,,,,
1791441720,60.2,60.3,60.1,60.2,14800,2026-10-08,,,,,,,,
1791441780,60.2,60.3,60.2,60.2,6900,2026-10-08,,,,,,,,
1791441840,60.2,60.2,60.1,60.1,14500,2026-10-08,,,,,,,,
1791441900,60.1,60.2,60.1,60.2,21800,2026-10-08,,,,,,,,
1791441960,60.2,60.3,60.2,60.2,18800,2026-10-08,,,,,,,,
1791442020,60.1,60.1,60.1,60.1,47700,2026-10-08,,,,,,,,
1791442080,60.1,60.2,60.0,60.0,31000,2026-10-08,,,,,,,,
1791442140,60.0,60.1,60.0,60.0,35500,2026-10-08,,,,,,,,
1791442200,60.0,60.1,60.0,60.0,80700,2026-10-08,,,,,,,,
1791442260,60.0,60.1,60.0,60.1,42700,2026-10-08,,,,,,,,
1791442320,60.1,60.2,60.0,60.0,5900,2026-10-08,,,,,,,,
1791442380,60.0,60.1,60.0,60.0,15300,2026-10-08,,,,,,,,
1791442440,60.0,60.1,60.0,60.0,19800,2026-10-08,,,,,,,,
1791442500,60.0,60.1,60.0,60.0,25700,2026-10-08,,,,,,,,
1791442560,60.1,60.1,60.0,60.0,17300,2026-10-08,,,,,,,,
1791442620,60.1,60.1,60.0,60.0,8500,2026-10-08,,,,,,,,
1791442680,60.0,60.2,60.0,60.1,30800,2026-10-08,,,,,,,,
1791442740,60.1,60.2,60.1,60.2,27400,2026-10-08,,,,,,,,
1791442800,60.1,60.2,60.1,60.1,26000,2026-10-08,,,,,,,,
1791442860,60.1,60.2,60.1,60.1,34900,2026-10-08,,,,,,,,
1791442920,60.1,60.1,60.0,60.0,48300,2026-10-08,,,,,,,,
1791442980,60.1,60.1,60.0,60.0,8000,2026-10-08,,,,,,,,
1791443040,60.0,60.1,60.0,60.0,11200,2026-10-08,,,,,,,,
1791443100,60.0,60.1,60.0,60.0,11700,2026-10-08,,,,,,,,
1791443160,60.0,60.0,60.0,60.0,10000,2026-10-08,,,,,,,,
1791443220,60.0,60.1,60.0,60.0,11400,2026-10-08,,,,,,,,
1791443280,60.0,60.1,60.0,60.0,25100,2026-10-08,,,,,,,,
1791443340,60.0,60.0,60.0,60.0,17900,2026-10-08,,,,,,,,
1791443400,60.0,60.1,60.0,60.0,23600,2026-10-08,,,,,,,,
1791443460,60.0,60.1,60.0,60.0,26200,2026-10-08,,,,,,,,
1791443520,60.0,60.1,60.0,60.0,23700,2026-10-08,,,,,,,,
1791443580,60.0,60.1,60.0,60.0,11900,2026-10-08,,,,,,,,
1791443640,60.0,60.1,60.0,60.1,13300,2026-10-08,,,,,,,,
1791443700,60.0,60.1,60.0,60.0,10700,2026-10-08,,,,,,,,
1791443760,60.0,60.1,60.0,60.0,31200,2026-10-08,,,,,,,,
1791443820,60.0,60.1,60.0,60.0,23900,2026-10-08,,,,,,,,
1791443880,60.1,60.1,60.0,60.0,14700,2026-10-08,,,,,,,,
1791443940,60.0,60.1,60.0,60.0,108900,2026-10-08,,,,,,,,
1791444000,60.0,60.1,59.9,59.9,83200,2026-10-08,,,,,,,,
1791444060,60.0,60.0,59.9,60.0,31300,2026-10-08,,,,,,,,
1791444120,59.9,60.0,59.8,59.8,89600,2026-10-08,,,,,,,,
1791444180,59.9,60.0,59.8,59.8,23600,2026-10-08,,,,,,,,
1791444240,59.8,59.9,59.8,59.8,29000,2026-10-08,,,,,,,,
1791444300,59.8,60.0,59.8,60.0,35500,2026-10-08,,,,,,,,
1791444360,60.0,60.1,59.9,60.1,69600,2026-10-08,,,,,,,,
1791444420,60.0,60.0,60.0,60.0,52000,2026-10-08,,,,,,,,
1791444480,60.0,60.1,59.9,59.9,24500,2026-10-08,,,,,,,,
1791444540,59.9,60.0,59.9,59.9,15200,2026-10-08,,,,,,,,
1791445500,59.7,59.7,59.7,59.7,338900,2026-10-08,,,,,,,,
1791512100,59.7,59.7,59.6,59.6,73200,2026-10-09,,,,,,,,
1791512160,59.6,59.7,59.6,59.7,11800,2026-10-09,,,,,,,,
1791512220,59.7,59.7,59.6,59.7,53100,2026-10-09,,,,,,,,
1791512280,59.7,59.8,59.7,59.8,11800,2026-10-09,,,,,,,,
1791512340,59.7,59.8,59.7,59.8,7800,2026-10-09,,,,,,,,
1791512400,59.8,60.0,59.8,60.0,24300,2026-10-09,,,,,,,,
1791512460,60.0,60.0,59.7,59.8,20400,2026-10-09,,,,,,,,
1791512520,59.8,59.9,59.8,59.8,12400,2026-10-09,,,,,,,,
1791512580,59.7,59.8,59.7,59.8,18300,2026-10-09,,,,,,,,
1791512640,59.8,59.8,59.6,59.8,37000,2026-10-09,,,,,,,,
1791512700,59.8,59.8,59.7,59.8,24400,2026-10-09,,,,,,,,
1791512760,59.7,59.8,59.7,59.8,15700,2026-10-09,,,,,,,,
1791512820,59.8,59.8,59.6,59.6,27200,2026-10-09,,,,,,,,
1791512880,59.7,59.7,59.6,59.6,8200,2026-10-09,,,,,,,,
1791512940,59.7,59.7,59.6,59.6,12100,2026-10-09,,,,,,,,
1791513000,59.6,59.6,59.6,59.6,2200,2026-10-09,,,,,,,,
1791513060,59.6,59.6,59.4,59.5,43900,2026-10-09,,,,,,,,
1791513120,59.5,59.5,59.4,59.5,14700,2026-10-09,,,,,,,,
1791513180,59.4,59.4,59.4,59.4,4800,2026-10-09,,,,,,,,
1791513240,59.4,59.4,59.3,59.3,28100,2026-10-09,,,,,,,,
1791513300,59.3,59.3,59.2,59.2,22700,2026-10-09,,,,,,,,
1791513360,59.2,59.3,59.2,59.2,48300,2026-10-09,,,,,,,,
1791513420,59.2,59.3,59.2,59.2,21600,2026-10-09,,,,,,,,
1791513480,59.2,59.3,59.2,59.3,8200,2026-10-09,,,,,,,,
1791513540,59.2,59.3,59.0,59.2,72500,2026-10-09,,,,,,,,
1791513600,59.2,59.2,59.1,59.2,13100,2026-10-09,,,,,,,,
1791513660,59.1,59.2,59.1,59.2,10400,2026-10-09,,,,,,,,
1791513720,59.2,59.2,59.1,59.2,4800,2026-10-09,,,,,,,,
1791513780,59.1,59.2,59.1,59.1,48900,2026-10-09,,,,,,,,
1791513840,59.1,59.2,59.0,59.0,37700,2026-10-09,,,,,,,,
1791513900,59.1,59.2,59.0,59.2,19900,2026-10-09,,,,,,,,
1791513960,59.1,59.2,59.1,59.2,33800,2026-10-09,,,,,,,,
1791514020,59.2,59.2,59.1,59.1,34200,2026-10-09,,,,,,,,
1791514080,59.1,59.1,59.0,59.1,10600,2026-10-09,,,,,,,,
1791514140,59.1,59.1,58.9,59.0,203700,2026-10-09,,,,,,,,
1791514200,59.0,59.0,58.8,58.9,57400,2026-10-09,,,,,,,,
1791514260,58.8,58.9,58.8,58.9,10700,2026-10-09,,,,,,,,
1791514320,58.8,58.9,58.7,58.7,79700,2026-10-09,,,,,,,,
1791514380,58.7,58.7,58.5,58.6,84300,2026-10-09,,,,,,,,
1791514440,58.6,58.6,58.2,58.2,189100,2026-10-09,,,,,,,,
1791514500,58.2,58.2,57.9,58.0,339700,2026-10-09,,,,,,,,
1791514560,58.1,58.3,58.0,58.3,90500,2026-10-09,,,,,,,,
1791514620,58.3,58.6,58.2,58.6,96800,2026-10-09,,,,,,,,
1791514680,58.6,58.6,58.2,58.3,87200,2026-10-09,,,,,,,,
1791514740,58.3,58.5,58.3,58.5,41900,2026-10-09,,,,,,,,
1791514800,58.5,58.5,58.4,58.4,31300,2026-10-09,,,,,,,,
1791514860,58.5,58.5,58.4,58.5,13600,2026-10-09,,,,,,,,
1791514920,58.5,58.5,58.4,58.5,16100,2026-10-09,,,,,,,,
1791514980,58.4,58.5,58.4,58.4,52900,2026-10-09,,,,,,,,
1791515040,58.4,58.5,58.3,58.4,43000,2026-10-09,,,,,,,,
1791515100,58.4,58.5,58.3,58.4,33800,2026-10-09,,,,,,,,
1791515160,58.4,58.4,58.3,58.3,15600,2026-10-09,,,,,,,,
1791515220,58.3,58.4,58.3,58.4,20600,2026-10-09,,,,,,,,
1791515280,58.3,58.4,58.3,58.3,17500,2026-10-09,,,,,,,,
1791515340,58.4,58.4,58.3,58.3,29900,2026-10-09,,,,,,,,
1791515400,58.4,58.4,58.3,58.4,19900,2026-10-09,,,,,,,,
1791515460,58.4,58.4,58.3,58.3,9300,2026-10-09,,,,,,,,
1791515520,58.3,58.4,58.3,58.3,19400,2026-10-09,,,,,,,,
1791515580,58.4,58.4,58.3,58.3,16200,2026-10-09,,,,,,,,
1791515640,58.3,58.4,58.3,58.3,10400,2026-10-09,,,,,,,,
1791515700,58.4,58.4,58.3,58.4,21300,2026-10-09,,,,,,,,
1791515760,58.4,58.4,58.3,58.3,26500,2026-10-09,,,,,,,,
1791515820,58.4,58.4,58.3,58.4,12500,2026-10-09,,,,,,,,
1791515880,58.4,58.4,58.3,58.4,65600,2026-10-09,,,,,,,,
1791515940,58.4,58.5,58.3,58.4,115400,2026-10-09,,,,,,,,
1791516000,58.4,58.5,58.3,58.5,22400,2026-10-09,,,,,,,,
1791516060,58.4,58.5,58.3,58.4,17000,2026-10-09,,,,,,,,
1791516120,58.3,58.4,58.3,58.4,13600,2026-10-09,,,,,,,,
1791516180,58.4,58.5,58.2,58.2,108700,2026-10-09,,,,,,,,
1791516240,58.2,58.5,58.2,58.5,10300,2026-10-09,,,,,,,,
1791516300,58.5,58.5,58.4,58.5,9200,2026-10-09,,,,,,,,
1791516360,58.5,58.5,58.4,58.4,24300,2026-10-09,,,,,,,,
1791516420,58.5,58.5,58.4,58.5,20300,2026-10-09,,,,,,,,
1791516480,58.4,58.5,58.4,58.4,11200,2026-10-09,,,,,,,,
1791516540,58.4,58.5,58.4,58.5,7800,2026-10-09,,,,,,,,
1791516600,58.4,58.5,58.4,58.5,16000,2026-10-09,,,,,,,,
1791516660,58.4,58.5,58.3,58.4,126100,2026-10-09,,,,,,,,
1791516720,58.3,58.4,58.3,58.4,12200,2026-10-09,,,,,,,,
1791516780,58.3,58.4,58.3,58.4,13300,2026-10-09,,,,,,,,
1791516840,58.3,58.4,58.2,58.3,34000,2026-10-09,,,,,,,,
1791516900,58.3,58.4,58.2,58.2,24000,2026-10-09,,,,,,,,
1791516960,58.3,58.3,58.2,58.3,18400,2026-10-09,,,,,,,,
1791517020,58.2,58.3,58.2,58.2,21000,2026-10-09,,,,,,,,
1791517080,58.2,58.3,58.2,58.2,10700,2026-10-09,,,,,,,,
1791517140,58.2,58.3,58.2,58.3,11400,2026-10-09,,,,,,,,
1791517200,58.2,58.3,58.2,58.2,22600,2026-10-09,,,,,,,,
1791517260,58.2,58.3,58.2,58.3,23400,2026-10-09,,,,,,,,
1791517320,58.3,58.3,58.2,58.2,27700,2026-10-09,,,,,,,,
1791517380,58.3,58.3,58.2,58.2,17400,2026-10-09,,,,,,,,
1791517440,58.3,58.3,58.2,58.3,19600,2026-10-09,,,,,,,,
1791517500,58.2,58.3,58.2,58.2,54700,2026-10-09,,,,,,,,
1791517560,58.3,58.3,58.1,58.1,15300,2026-10-09,,,,,,,,
1791517620,58.3,58.3,58.1,58.1,28300,2026-10-09,,,,,,,,
1791517680,58.1,58.3,58.1,58.3,39000,2026-10-09,,,,,,,,
1791517740,58.1,58.3,58.1,58.2,14200,2026-10-09,,,,,,,,
1791517800,58.3,58.3,58.1,58.2,21900,2026-10-09,,,,,,,,
1791517860,58.2,58.3,58.2,58.2,19400,2026-10-09,,,,,,,,
1791517920,58.3,58.3,58.2,58.2,10600,2026-10-09,,,,,,,,
1791517980,58.2,58.3,58.2,58.3,13900,2026-10-09,,,,,,,,
1791518040,58.3,58.3,58.1,58.1,17000,2026-10-09,,,,,,,,
1791518100,58.1,58.3,58.1,58.1,14400,2026-10-09,,,,,,,,
1791518160,58.1,58.3,58.1,58.3,11000,2026-10-09,,,,,,,,
1791518220,58.2,58.3,58.2,58.3,10100,2026-10-09,,,,,,,,
1791518280,58.2,58.3,58.1,58.2,26500,2026-10-09,,,,,,,,
1791518340,58.2,58.3,58.2,58.3,14900,2026-10-09,,,,,,,,
1791518400,58.2,58.3,58.2,58.3,56100,2026-10-09,,,,,,,,
1791518460,58.3,58.3,58.2,58.2,19800,2026-10-09,,,,,,,,
1791518520,58.3,58.3,58.2,58.3,14900,2026-10-09,,,,,,,,
1791518580,58.3,58.3,58.2,58.2,40700,2026-10-09,,,,,,,,
1791518640,58.3,58.4,58.2,58.3,79900,2026-10-09,,,,,,,,
1791518700,58.3,58.4,58.3,58.3,32200,2026-10-09,,,,,,,,
1791518760,58.4,58.4,58.3,58.3,12300,2026-10-09,,,,,,,,
1791518820,58.3,58.4,58.3,58.3,9200,2026-10-09,,,,,,,,
1791518880,58.3,58.4,58.3,58.4,24900,2026-10-09,,,,,,,,
1791518940,58.3,58.4,58.3,58.3,15500,2026-10-09,,,,,,,,
1791519000,58.3,58.4,58.3,58.3,7100,2026-10-09,,,,,,,,
1791519060,58.3,58.4,58.3,58.3,12100,2026-10-09,,,,,,,,
1791519120,58.3,58.4,58.2,58.3,36400,2026-10-09,,,,,,,,
1791519180,58.3,58.5,58.2,58.4,34100,2026-10-09,,,,,,,,
1791519240,58.4,58.5,58.3,58.5,9800,2026-10-09,,,,,,,,
1791519300,58.4,58.5,58.3,58.3,20200,2026-10-09,,,,,,,,
1791519360,58.3,58.5,58.3,58.4,8400,2026-10-09,,,,,,,,
1791519420,58.3,58.5,58.3,58.5,12500,2026-10-09,,,,,,,,
1791519480,58.5,58.5,58.3,58.3,17000,2026-10-09,,,,,,,,
1791519540,58.5,58.5,58.3,58.3,12300,2026-10-09,,,,,,,,
1791519600,58.4,58.4,58.3,58.4,10000,2026-10-09,,,,,,,,
1791519660,58.3,58.4,58.3,58.4,8800,2026-10-09,,,,,,,,
1791519720,58.3,58.4,58.3,58.3,25100,2026-10-09,,,,,,,,
1791519780,58.4,58.5,58.3,58.3,28100,2026-10-09,,,,,,,,
1791519840,58.3,58.5,58.3,58.3,4900,2026-10-09,,,,,,,,
1791519900,58.3,58.5,58.3,58.4,34300,2026-10-09,,,,,,,,
1791519960,58.3,58.4,58.3,58.3,8800,2026-10-09,,,,,,,,
1791520020,58.3,58.4,58.3,58.3,29700,2026-10-09,,,,,,,,
1791520080,58.4,58.4,58.3,58.4,5400,2026-10-09,,,,,,,,
1791520140,58.4,58.4,58.3,58.4,32900,2026-10-09,,,,,,,,
1791525600,58.4,58.5,58.3,58.4,83500,2026-10-09,,,,,,,,
1791525660,58.5,58.5,58.3,58.3,34000,2026-10-09,,,,,,,,
1791525720,58.4,58.4,58.2,58.3,22100,2026-10-09,,,,,,,,
1791525780,58.4,58.4,58.2,58.4,48600,2026-10-09,,,,,,,,
1791525840,58.4,58.5,58.3,58.4,62700,2026-10-09,,,,,,,,
1791525900,58.4,58.4,58.3,58.4,44300,2026-10-09,,,,,,,,
1791525960,58.4,58.4,58.3,58.4,9700,2026-10-09,,,,,,,,
1791526020,58.4,58.4,58.3,58.4,38000,2026-10-09,,,,,,,,
1791526080,58.3,58.4,58.3,58.4,30000,2026-10-09,,,,,,,,
1791526140,58.4,58.4,58.2,58.3,75300,2026-10-09,,,,,,,,
1791526200,58.4,58.4,58.3,58.4,19900,2026-10-09,,,,,,,,
1791526260,58.4,58.4,58.3,58.4,44400,2026-10-09,,,,,,,,
1791526320,58.4,58.4,58.3,58.4,18900,2026-10-09,,,,,,,,
1791526380,58.3,58.4,58.2,58.2,88600,2026-10-09,,,,,,,,
1791526440,58.3,58.3,58.2,58.3,15600,2026-10-09,,,,,,,,
1791526500,58.2,58.3,58.2,58.2,31300,2026-10-09,,,,,,,,
1791526560,58.2,58.3,58.2,58.2,112400,2026-10-09,,,,,,,,
1791526620,58.2,58.3,58.1,58.1,137700,2026-10-09,,,,,,,,
1791526680,58.2,58.2,58.1,58.2,13500,2026-10-09,,,,,,,,
1791526740,58.2,58.2,58.0,58.2,588300,2026-10-09,,,,,,,,
1791526800,58.2,58.2,57.9,58.0,139100,2026-10-09,,,,,,,,
1791526860,58.0,58.1,57.9,58.1,41500,2026-10-09,,,,,,,,
1791526920,58.1,58.2,58.0,58.0,37900,2026-10-09,,,,,,,,
1791526980,58.1,58.2,58.0,58.2,14400,2026-10-09,,,,,,,,
1791527040,58.2,58.2,58.0,58.1,19400,2026-10-09,,,,,,,,
1791527100,58.1,58.2,58.0,58.1,72200,2026-10-09,,,,,,,,
1791527160,58.1,58.2,58.0,58.1,43800,2026-10-09,,,,,,,,
1791527220,58.1,58.2,58.0,58.1,25800,2026-10-09,,,,,,,,
1791527280,58.1,58.1,58.0,58.1,73200,2026-10-09,,,,,,,,
1791527340,58.1,58.3,58.1,58.3,154200,2026-10-09,,,,,,,,
1791527400,58.4,58.5,58.2,58.4,281600,2026-10-09,,,,,,,,
1791527460,58.4,58.5,58.4,58.4,26200,2026-10-09,,,,,,,,
1791527520,58.5,58.5,58.3,58.5,141300,2026-10-09,,,,,,,,
1791527580,58.5,58.5,58.3,58.5,35800,2026-10-09,,,,,,,,
1791527640,58.5,58.6,58.4,58.6,162800,2026-10-09,,,,,,,,
1791527700,58.5,58.6,58.4,58.4,44000,2026-10-09,,,,,,,,
1791527760,58.4,58.5,58.4,58.4,42700,2026-10-09,,,,,,,,
1791527820,58.5,58.5,58.4,58.5,21400,2026-10-09,,,,,,,,
1791527880,58.4,58.5,58.4,58.4,40200,2026-10-09,,,,,,,,
1791527940,58.4,58.5,58.4,58.4,58000,2026-10-09,,,,,,,,
1791528000,58.5,58.5,58.4,58.5,32800,2026-10-09,,,,,,,,
1791528060,58.4,58.5,58.4,58.4,31600,2026-10-09,,,,,,,,
1791528120,58.4,58.5,58.4,58.5,22600,2026-10-09,,,,,,,,
1791528180,58.5,58.5,58.4,58.4,44900,2026-10-09,,,,,,,,
1791528240,58.4,58.5,58.4,58.4,30000,2026-10-09,,,,,,,,
1791528300,58.4,58.5,58.3,58.4,31000,2026-10-09,,,,,,,,
1791528360,58.3,58.4,58.3,58.3,38600,2026-10-09,,,,,,,,
1791528420,58.4,58.4,58.3,58.4,60800,2026-10-09,,,,,,,,
1791528480,58.4,58.4,58.3,58.3,29400,2026-10-09,,,,,,,,
1791528540,58.4,58.4,58.3,58.3,54900,2026-10-09,,,,,,,,
1791528600,58.3,58.4,58.3,58.3,94800,2026-10-09,,,,,,,,
1791528660,58.3,58.4,58.2,58.2,53000,2026-10-09,,,,,,,,
1791528720,58.2,58.3,58.2,58.2,34500,2026-10-09,,,,,,,,
1791528780,58.2,58.3,58.2,58.2,35500,2026-10-09,,,,,,,,
1791528840,58.2,58.3,58.2,58.2,94800,2026-10-09,,,,,,,,
1791528900,58.2,58.3,58.2,58.2,32600,2026-10-09,,,,,,,,
1791528960,58.2,58.3,58.2,58.2,41200,2026-10-09,,,,,,,,
1791529020,58.2,58.3,58.2,58.2,28600,2026-10-09,,,,,,,,
1791529080,58.2,58.3,58.2,58.2,42900,2026-10-09,,,,,,,,
1791529140,58.3,58.3,58.1,58.2,23100,2026-10-09,,,,,,,,
1791529200,58.2,58.3,58.1,58.2,47300,2026-10-09,,,,,,,,
1791529260,58.2,58.2,58.1,58.1,39300,2026-10-09,,,,,,,,
1791529320,58.1,58.2,58.1,58.1,58600,2026-10-09,,,,,,,,
1791529380,58.1,58.2,58.1,58.1,10400,2026-10-09,,,,,,,,
1791529440,58.1,58.2,58.1,58.1,60400,2026-10-09,,,,,,,,
1791529500,58.1,58.2,58.1,58.1,38300,2026-10-09,,,,,,,,
1791529560,58.1,58.2,58.1,58.2,39800,2026-10-09,,,,,,,,
1791529620,58.1,58.2,58.1,58.1,49600,2026-10-09,,,,,,,,
1791529680,58.2,58.2,58.1,58.1,38100,2026-10-09,,,,,,,,
1791529740,58.1,58.2,58.0,58.1,75700,2026-10-09,,,,,,,,
1791529800,58.0,58.1,58.0,58.1,17500,2026-10-09,,,,,,,,
1791529860,58.1,58.1,58.0,58.0,319200,2026-10-09,,,,,,,,
1791529920,58.0,58.0,57.9,57.9,93200,2026-10-09,,,,,,,,
1791529980,58.0,58.0,57.9,58.0,115800,2026-10-09,,,,,,,,
1791530040,58.0,58.0,57.7,57.8,226000,2026-10-09,,,,,,,,
1791530100,57.7,57.8,57.7,57.8,153500,2026-10-09,,,,,,,,
1791530160,57.8,57.9,57.7,57.8,58100,2026-10-09,,,,,,,,
1791530220,57.9,57.9,57.8,57.9,51600,2026-10-09,,,,,,,,
1791530280,57.9,57.9,57.8,57.8,129600,2026-10-09,,,,,,,,
1791530340,57.8,57.9,57.7,57.8,59500,2026-10-09,,,,,,,,
1791530400,57.7,57.8,57.7,57.8,20900,2026-10-09,,,,,,,,
1791530460,57.8,57.8,57.6,57.7,271700,2026-10-09,,,,,,,,
1791530520,57.6,57.7,57.5,57.6,94000,2026-10-09,,,,,,,,
1791530580,57.5,57.7,57.5,57.7,81900,2026-10-09,,,,,,,,
1791530640,57.7,57.8,57.6,57.8,68900,2026-10-09,,,,,,,,
1791530700,57.8,58.0,57.7,57.9,40700,2026-10-09,,,,,,,,
1791530760,57.9,58.0,57.9,58.0,28900,2026-10-09,,,,,,,,
1791530820,57.9,58.0,57.9,57.9,29900,2026-10-09,,,,,,,,
1791530880,58.0,58.0,57.9,57.9,28600,2026-10-09,,,,,,,,
1791530940,57.9,58.0,57.8,57.9,67000,2026-10-09,,,,,,,,
1791531900,57.9,57.9,57.9,57.9,184900,2026-10-09,57.8,57.9,21770.0,690.0,42060.0,1320.0,20470.0,330.0
