t,open,high,low,close,volume,date_vn,best_bid,best_ask,bid_volume_1,ask_volume_1,bid_volume_2,ask_volume_2,bid_volume_3,ask_volume_3
1787537700,12.05,12.1,12.0,12.05,2624100,2026-08-24,,,,,,,,
1787537760,12.1,12.1,12.05,12.1,154500,2026-08-24,,,,,,,,
1787537820,12.1,12.15,12.05,12.1,1423900,2026-08-24,,,,,,,,
1787537880,12.15,12.15,12.1,12.15,402200,2026-08-24,,,,,,,,
1787537940,12.1,12.2,12.1,12.15,1358700,2026-08-24,,,,,,,,
1787538000,12.15,12.2,12.15,12.2,331900,2026-08-24,,,,,,,,
1787538060,12.2,12.2,12.1,12.15,1371600,2026-08-24,,,,,,,,
1787538120,12.15,12.15,12.1,12.15,260600,2026-08-24,,,,,,,,
1787538180,12.1,12.15,12.1,12.1,116100,2026-08-24,,,,,,,,
1787538240,12.1,12.15,12.1,12.1,151500,2026-08-24,,,,,,,,
1787538300,12.1,12.15,12.05,12.05,940800,2026-08-24,,,,,,,,
1787538360,12.1,12.1,12.05,12.1,324500,2026-08-24,,,,,,,,
1787538420,12.05,12.1,12.05,12.05,87600,2026-08-24,,,,,,,,
1787538480,12.05,12.1,12.05,12.05,141200,2026-08-24,,,,,,,,
1787538540,12.05,12.1,12.05,12.05,25000,2026-08-24,,,,,,,,
1787538600,12.1,12.1,12.05,12.1,128200,2026-08-24,,,,,,,,
1787538660,12.1,12.1,12.05,12.05,24900,2026-08-24,,,,,,,,
1787538720,12.05,12.1,12.05,12.05,84800,2026-08-24,,,,,,,,
1787538780,12.05,12.1,12.05,12.05,502800,2026-08-24,,,,,,,,
1787538840,12.1,12.1,12.0,12.0,648100,2026-08-24,,,,,,,,
1787538900,12.0,12.05,12.0,12.05,195600,2026-08-24,,,,,,,,
1787538960,12.05,12.05,12.0,12.0,27900,2026-08-24,,,,,,,,
1787539020,12.05,12.05,12.0,12.05,48900,2026-08-24,,,,,,,,
1787539080,12.05,12.05,12.0,12.05,122900,2026-08-24,,,,,,,,
1787539140,12.0,12.05,12.0,12.0,579100,2026-08-24,,,,,,,,
1787539200,12.05,12.1,12.0,12.05,1055900,2026-08-24,,,,,,,,
1787539260,12.05,12.1,12.05,12.05,62500,2026-08-24,,,,,,,,
1787539320,12.05,12.1,12.05,12.05,212900,2026-08-24,,,,,,,,
1787539380,12.05,12.1,12.05,12.05,75700,2026-08-24,,,,,,,,
1787539440,12.05,12.1,12.05,12.1,142600,2026-08-24,,,,,,,,
1787539500,12.1,12.1,12.05,12.05,10500,2026-08-24,,,,,,,,
1787539560,12.05,12.1,12.05,12.05,319300,2026-08-24,,,,,,,,
1787539620,12.05,12.1,12.05,12.05,362200,2026-08-24,,,,,,,,
1787539680,12.05,12.05,12.05,12.05,176800,2026-08-24,,,,,,,,
1787539740,12.1,12.1,12.05,12.1,34400,2026-08-24,,,,,,,,
1787539800,12.05,12.1,12.05,12.05,107100,2026-08-24,,,,,,,,
1787539860,12.05,12.1,12.05,12.05,136100,2026-08-24,,,,,,,,
1787539920,12.05,12.1,12.0,12.0,680300,2026-08-24,,,,,,,,
1787539980,12.05,12.1,12.0,12.05,99300,2026-08-24,,,,,,,,
1787540040,12.0,12.05,12.0,12.05,71700,2026-08-24,,,,,,,,
1787540100,12.0,12.05,12.0,12.05,56100,2026-08-24,,,,,,,,
1787540160,12.0,12.05,12.0,12.0,7700,2026-08-24,,,,,,,,
1787540220,12.0,12.05,12.0,12.05,32200,2026-08-24,,,,,,,,
1787540280,12.0,12.05,12.0,12.05,53100,2026-08-24,,,,,,,,
1787540340,12.0,12.05,12.0,12.05,6500,2026-08-24,,,,,,,,
1787540400,12.05,12.05,12.0,12.05,37800,2026-08-24,,,,,,,,
1787540460,12.05,12.05,12.0,12.05,57200,2026-08-24,,,,,,,,
1787540520,12.05,12.05,12.0,12.0,20900,2026-08-24,,,,,,,,
1787540580,12.0,12.05,12.0,12.05,26300,2026-08-24,,,,,,,,
1787540640,12.0,12.05,12.0,12.0,66800,2026-08-24,,,,,,,,
1787540700,12.05,12.05,12.0,12.0,30600,2026-08-24,,,,,,,,
1787540760,12.05,12.05,12.0,12.0,15600,2026-08-24,,,,,,,,
1787540820,12.0,12.05,12.0,12.0,24200,2026-08-24,,,,,,,,
1787540880,12.05,12.05,12.0,12.05,31500,2026-08-24,,,,,,,,
1787540940,12.0,12.05,12.0,12.0,59700,2026-08-24,,,,,,,,
1787541000,12.0,12.05,12.0,12.0,30200,2026-08-24,,,,,,,,
1787541060,12.0,12.05,12.0,12.05,129800,2026-08-24,,,,,,,,
1787541120,12.05,12.05,12.0,12.05,4900,2026-08-24,,,,,,,,
1787541180,12.0,12.05,12.0,12.0,28500,2026-08-24,,,,,,,,
1787541240,12.05,12.05,12.0,12.0,68000,2026-08-24,,,,,,,,
1787541300,12.05,12.05,12.0,12.05,142800,2026-08-24,,,,,,,,
1787541360,12.05,12.05,12.0,12.0,25200,2026-08-24,,,,,,,,
1787541420,12.05,12.05,12.0,12.05,7200,2026-08-24,,,,,,,,
1787541480,12.05,12.05,12.0,12.05,122100,2026-08-24,,,,,,,,
1787541540,12.0,12.05,12.0,12.05,510500,2026-08-24,,,,,,,,
1787541600,12.05,12.1,12.0,12.05,184500,2026-08-24,,,,,,,,
1787541660,12.1,12.1,12.05,12.05,70800,2026-08-24,,,,,,,,
1787541720,12.05,12.1,12.05,12.05,18800,2026-08-24,,,,,,,,
1787541780,12.05,12.1,12.05,12.1,15900,2026-08-24,,,,,,,,
1787541840,12.05,12.1,12.05,12.05,39200,2026-08-24,,,,,,,,
1787541900,12.1,12.1,12.05,12.05,69100,2026-08-24,,,,,,,,
1787541960,12.05,12.05,12.05,12.05,4800,2026-08-24,,,,,,,,
1787542020,12.05,12.1,12.05,12.05,13300,2026-08-24,,,,,,,,
1787542080,12.05,12.1,12.05,12.05,18600,2026-08-24,,,,,,,,
1787542140,12.05,12.1,12.05,12.1,32400,2026-08-24,,,,,,,,
1787542200,12.05,12.1,12.05,12.05,4600,2026-08-24,,,,,,,,
1787542260,12.05,12.05,12.05,12.05,44700,2026-08-24,,,,,,,,
1787542320,12.05,12.1,12.05,12.1,27400,2026-08-24,,,,,,,,
1787542380,12.05,12.1,12.05,12.05,317600,2026-08-24,,,,,,,,
1787542440,12.05,12.1,12.05,12.05,455200,2026-08-24,,,,,,,,
1787542500,12.05,12.1,12.0,12.0,185400,2026-08-24,,,,,,,,
1787542560,12.0,12.05,12.0,12.0,120100,2026-08-24,,,,,,,,
1787542620,12.0,12.05,12.0,12.0,19700,2026-08-24,,,,,,,,
1787542680,12.05,12.05,12.0,12.05,12100,2026-08-24,,,,,,,,
1787542740,12.0,12.05,12.0,12.0,44600,2026-08-24,,,,,,,,
1787542800,12.0,12.05,12.0,12.0,6200,2026-08-24,,,,,,,,
1787542860,12.05,12.05,12.0,12.05,29700,2026-08-24,,,,,,,,
1787542920,12.0,12.05,12.0,12.0,26900,2026-08-24,,,,,,,,
1787542980,12.0,12.05,12.0,12.05,69200,2026-08-24,,,,,,,,
1787543040,12.0,12.05,12.0,12.0,3000,2026-08-24,,,,,,,,
1787543100,12.05,12.05,12.0,12.0,5300,2026-08-24,,,,,,,,
1787543160,12.0,12.05,12.0,12.0,24600,2026-08-24,,,,,,,,
1787543220,12.0,12.05,12.0,12.05,15000,2026-08-24,,,,,,,,
1787543280,12.05,12.05,12.0,12.05,6400,2026-08-24,,,,,,,,
1787543340,12.0,12.05,12.0,12.0,17200,2026-08-24,,,,,,,,
1787543400,12.0,12.05,12.0,12.05,100900,2026-08-24,,,,,,,,
1787543460,12.0,12.05,12.0,12.0,37500,2026-08-24,,,,,,,,
1787543520,12.0,12.05,12.0,12.0,10100,2026-08-24,,,,,,,,
1787543580,12.0,12.05,12.0,12.0,39500,2026-08-24,,,,,,,,
1787543640,12.0,12.05,12.0,12.0,28000,2026-08-24,,,,,,,,
1787543700,12.0,12.05,12.0,12.0,5000,2026-08-24,,,,,,,,
1787543760,12.0,12.05,12.0,12.0,27300,2026-08-24,,,,,,,,
1787543820,12.0,12.05,12.0,12.0,64100,2026-08-24,,,,,,,,
1787543880,12.0,12.05,12.0,12.0,15500,2026-08-24,,,,,,,,
1787543940,12.0,12.0,12.0,12.0,82400,2026-08-24,,,,,,,,
1787544000,12.0,12.05,12.0,12.0,83300,2026-08-24,,,,,,,,
1787544060,12.0,12.05,12.0,12.0,8000,2026-08-24,,,,,,,,
1787544120,12.0,12.05,12.0,12.0,9200,2026-08-24,,,,,,,,
1787544180,12.0,12.05,12.0,12.0,38000,2026-08-24,,,,,,,,
1787544240,12.0,12.05,12.0,12.0,77700,2026-08-24,,,,,,,,
1787544300,12.0,12.05,12.0,12.0,20000,2026-08-24,,,,,,,,
1787544360,12.05,12.05,12.0,12.0,8400,2026-08-24,,,,,,,,
1787544420,12.0,12.05,12.0,12.0,76100,2026-08-24,,,,,,,,
1787544480,12.0,12.05,12.0,12.05,83100,2026-08-24,,,,,,,,
1787544540,12.05,12.05,12.0,12.05,65700,2026-08-24,,,,,,,,
1787544600,12.0,12.0,12.0,12.0,23600,2026-08-24,,,,,,,,
1787544660,12.0,12.05,12.0,12.05,34100,2026-08-24,,,,,,,,
1787544720,12.0,12.05,12.0,12.0,103200,2026-08-24,,,,,,,,
1787544780,12.05,12.05,12.0,12.05,9000,2026-08-24,,,,,,,,
1787544840,12.05,12.05,12.05,12.05,1800,2026-08-24,,,,,,,,
1787544900,12.0,12.05,12.0,12.05,22400,2026-08-24,,,,,,,,
1787544960,12.05,12.05,12.0,12.0,38500,2026-08-24,,,,,,,,
1787545020,12.05,12.05,12.0,12.05,12000,2026-08-24,,,,,,,,
1787545080,12.0,12.05,12.0,12.0,60000,2026-08-24,,,,,,,,
1787545140,12.0,12.05,12.0,12.0,27200,2026-08-24,,,,,,,,
1787545200,12.05,12.05,12.0,12.05,54200,2026-08-24,,,,,,,,
1787545260,12.05,12.05,12.0,12.0,44800,2026-08-24,,,,,,,,
1787545320,12.0,12.05,12.0,12.05,28100,2026-08-24,,,,,,,,
1787545380,12.05,12.05,12.0,12.0,60000,2026-08-24,,,,,,,,
1787545440,12.0,12.05,12.0,12.0,3500,2026-08-24,,,,,,,,
1787545500,12.0,12.05,12.0,12.0,144000,2026-08-24,,,,,,,,
1787545560,12.0,12.0,12.0,12.0,13900,2026-08-24,,,,,,,,
1787545620,12.0,12.0,12.0,12.0,48400,2026-08-24,,,,,,,,
1787545680,12.05,12.05,12.0,12.0,23200,2026-08-24,,,,,,,,
1787545740,12.0,12.05,12.0,12.0,1795500,2026-08-24,,,,,,,,
1787551200,12.0,12.05,11.95,11.95,800800,2026-08-24,,,,,,,,
1787551260,11.95,12.0,11.95,12.0,136700,2026-08-24,,,,,,,,
1787551320,11.95,12.0,11.95,11.95,13900,2026-08-24,,,,,,,,
1787551380,11.95,12.0,11.95,12.0,8300,2026-08-24,,,,,,,,
1787551440,12.0,12.0,11.95,12.0,19600,2026-08-24,,,,,,,,
1787551500,12.0,12.0,11.95,12.0,85000,2026-08-24,,,,,,,,
1787551560,12.0,12.0,11.95,12.0,45500,2026-08-24,,,,,,,,
1787551620,12.0,12.0,11.95,12.0,100100,2026-08-24,,,,,,,,
1787551680,12.0,12.0,11.95,12.0,1218600,2026-08-24,,,,,,,,
1787551740,12.0,12.0,11.95,12.0,133300,2026-08-24,,,,,,,,
1787551800,12.0,12.0,11.95,12.0,135100,2026-08-24,,,,,,,,
1787551860,12.0,12.0,11.95,12.0,168000,2026-08-24,,,,,,,,
1787551920,12.0,12.0,11.95,12.0,73100,2026-08-24,,,,,,,,
1787551980,12.0,12.0,11.95,12.0,208400,2026-08-24,,,,,,,,
1787552040,12.0,12.05,11.95,12.0,335600,2026-08-24,,,,,,,,
1787552100,12.0,12.0,11.95,12.0,250100,2026-08-24,,,,,,,,
1787552160,12.0,12.0,11.95,12.0,131600,2026-08-24,,,,,,,,
1787552220,12.0,12.0,11.95,12.0,68800,2026-08-24,,,,,,,,
1787552280,12.0,12.0,11.95,12.0,19800,2026-08-24,,,,,,,,
1787552340,11.95,12.0,11.95,11.95,58500,2026-08-24,,,,,,,,
1787552400,11.95,12.0,11.95,12.0,41000,2026-08-24,,,,,,,,
1787552460,12.0,12.0,11.95,11.95,11200,2026-08-24,,,,,,,,
1787552520,12.0,12.0,11.95,11.95,36100,2026-08-24,,,,,,,,
1787552580,12.0,12.0,11.95,11.95,21900,2026-08-24,,,,,,,,
1787552640,11.95,12.0,11.95,11.95,32600,2026-08-24,,,,,,,,
1787552700,11.95,12.0,11.95,11.95,42400,2026-08-24,,,,,,,,
1787552760,11.95,12.0,11.95,12.0,16300,2026-08-24,,,,,,,,
1787552820,12.0,12.0,11.95,12.0,707800,2026-08-24,,,,,,,,
1787552880,12.0,12.05,11.95,12.0,704500,2026-08-24,,,,,,,,
1787552940,12.0,12.05,11.95,12.0,462000,2026-08-24,,,,,,,,
1787553000,12.0,12.0,11.95,12.0,183800,2026-08-24,,,,,,,,
1787553060,12.0,12.0,11.95,12.0,132700,2026-08-24,,,,,,,,
1787553120,12.0,12.0,11.95,12.0,28200,2026-08-24,,,,,,,,
1787553180,11.95,12.0,11.95,12.0,38400,2026-08-24,,,,,,,,
1787553240,12.0,12.0,11.95,11.95,30000,2026-08-24,,,,,,,,
1787553300,11.95,12.0,11.95,11.95,8400,2026-08-24,,,,,,,,
1787553360,11.95,12.0,11.95,11.95,6000,2026-08-24,,,,,,,,
1787553420,12.0,12.0,11.95,12.0,30600,2026-08-24,,,,,,,,
1787553480,11.95,12.0,11.95,11.95,22100,2026-08-24,,,,,,,,
1787553540,11.95,12.0,11.95,11.95,96200,2026-08-24,,,,,,,,
1787553600,11.95,12.0,11.95,11.95,1500,2026-08-24,,,,,,,,
1787553660,12.0,12.0,11.95,12.0,30000,2026-08-24,,,,,,,,
1787553720,12.0,12.0,11.95,11.95,84800,2026-08-24,,,,,,,,
1787553780,11.95,12.0,11.95,11.95,5500,2026-08-24,,,,,,,,
1787553840,12.0,12.0,11.95,12.0,3600,2026-08-24,,,,,,,,
1787553900,11.95,12.0,11.95,11.95,64900,2026-08-24,,,,,,,,
1787553960,11.95,12.0,11.95,11.95,13200,2026-08-24,,,,,,,,
1787554020,11.95,12.0,11.95,11.95,7000,2026-08-24,,,,,,,,
1787554080,11.95,12.0,11.95,12.0,18600,2026-08-24,,,,,,,,
1787554140,11.95,12.0,11.95,12.0,38700,2026-08-24,,,,,,,,
1787554200,11.95,12.0,11.9,11.95,2204100,2026-08-24,,,,,,,,
1787554260,11.95,11.95,11.9,11.95,160100,2026-08-24,,,,,,,,
1787554320,11.95,11.95,11.9,11.9,33700,2026-08-24,,,,,,,,
1787554380,11.95,11.95,11.9,11.95,292600,2026-08-24,,,,,,,,
1787554440,11.95,11.95,11.9,11.95,865100,2026-08-24,,,,,,,,
1787554500,11.95,11.95,11.9,11.9,3831500,2026-08-24,,,,,,,,
1787554560,12.0,12.0,11.9,11.95,317000,2026-08-24,,,,,,,,
1787554620,11.95,12.0,11.95,11.95,16600,2026-08-24,,,,,,,,
1787554680,11.95,11.95,11.95,11.95,52100,2026-08-24,,,,,,,,
1787554740,11.95,12.0,11.95,12.0,57900,2026-08-24,,,,,,,,
1787554800,11.95,12.0,11.95,11.95,365400,2026-08-24,,,,,,,,
1787554860,12.0,12.0,11.95,12.0,1018300,2026-08-24,,,,,,,,
1787554920,12.0,12.05,12.0,12.0,152200,2026-08-24,,,,,,,,
1787554980,12.0,12.05,12.0,12.0,22700,2026-08-24,,,,,,,,
1787555040,12.05,12.05,12.0,12.0,749100,2026-08-24,,,,,,,,
1787555100,12.0,12.0,12.0,12.0,127800,2026-08-24,,,,,,,,
1787555160,12.0,12.05,12.0,12.0,26100,2026-08-24,,,,,,,,
1787555220,12.05,12.05,12.0,12.0,8100,2026-08-24,,,,,,,,
1787555280,12.0,12.05,12.0,12.05,299500,2026-08-24,,,,,,,,
1787555340,12.05,12.05,12.0,12.05,177500,2026-08-24,,,,,,,,
1787555400,12.05,12.05,12.0,12.0,37200,2026-08-24,,,,,,,,
1787555460,12.05,12.05,12.0,12.0,12300,2026-08-24,,,,,,,,
1787555520,12.0,12.05,12.0,12.05,19600,2026-08-24,,,,,,,,
1787555580,12.0,12.05,12.0,12.0,6300,2026-08-24,,,,,,,,
1787555640,12.0,12.05,12.0,12.0,5600,2026-08-24,,,,,,,,
1787555700,12.05,12.05,12.0,12.0,40200,2026-08-24,,,,,,,,
1787555760,12.0,12.05,12.0,12.0,45200,2026-08-24,,,,,,,,
1787555820,12.0,12.05,12.0,12.0,20500,2026-08-24,,,,,,,,
1787555880,12.05,12.05,12.0,12.0,117400,2026-08-24,,,,,,,,
1787555940,12.0,12.05,12.0,12.05,219400,2026-08-24,,,,,,,,
1787556000,12.05,12.05,12.0,12.05,263800,2026-08-24,,,,,,,,
1787556060,12.05,12.05,12.0,12.05,60300,2026-08-24,,,,,,,,
1787556120,12.0,12.05,12.0,12.05,27100,2026-08-24,,,,,,,,
1787556180,12.0,12.05,12.0,12.0,25500,2026-08-24,,,,,,,,
1787556240,12.0,12.05,12.0,12.0,130900,2026-08-24,,,,,,,,
1787556300,12.0,12.05,12.0,12.05,262100,2026-08-24,,,,,,,,
1787556360,12.05,12.05,12.0,12.05,1647000,2026-08-24,,,,,,,,
1787556420,12.05,12.05,12.0,12.05,146000,2026-08-24,,,,,,,,
1787556480,12.0,12.05,12.0,12.05,690700,2026-08-24,,,,,,,,
1787556540,12.05,12.05,12.0,12.05,396200,2026-08-24,,,,,,,,
1787557500,12.1,12.1,12.1,12.1,6160100,2026-08-24,,,,,,,,
1787624100,12.05,12.1,12.05,12.1,1224400,2026-08-25,,,,,,,,
1787624160,12.05,12.1,12.05,12.05,14400,2026-08-25,,,,,,,,
1787624220,12.05,12.1,12.05,12.05,5000,2026-08-25,,,,,,,,
1787624280,12.05,12.1,12.05,12.05,29600,2026-08-25,,,,,,,,
1787624340,12.05,12.1,12.05,12.05,119900,2026-08-25,,,,,,,,
1787624400,12.05,12.1,12.05,12.05,211800,2026-08-25,,,,,,,,
1787624460,12.05,12.1,12.0,12.05,116000,2026-08-25,,,,,,,,
1787624520,12.05,12.1,12.05,12.05,40500,2026-08-25,,,,,,,,
1787624580,12.05,12.1,12.05,12.1,54600,2026-08-25,,,,,,,,
1787624640,12.1,12.1,12.05,12.1,5500,2026-08-25,,,,,,,,
1787624700,12.1,12.1,12.05,12.1,29000,2026-08-25,,,,,,,,
1787624760,12.1,12.1,12.1,12.1,4200,2026-08-25,,,,,,,,
1787624820,12.1,12.1,12.05,12.1,23000,2026-08-25,,,,,,,,
1787624880,12.1,12.1,12.05,12.1,7100,2026-08-25,,,,,,,,
1787624940,12.1,12.1,12.05,12.1,24100,2026-08-25,,,,,,,,
1787625000,12.1,12.1,12.05,12.05,14800,2026-08-25,,,,,,,,
1787625060,12.05,12.1,12.05,12.05,1800,2026-08-25,,,,,,,,
1787625120,12.1,12.1,12.05,12.1,27300,2026-08-25,,,,,,,,
1787625180,12.1,12.1,12.05,12.1,22700,2026-08-25,,,,,,,,
1787625240,12.1,12.1,12.05,12.05,29600,2026-08-25,,,,,,,,
1787625300,12.05,12.1,12.05,12.05,30200,2026-08-25,,,,,,,,
1787625360,12.1,12.1,12.05,12.1,8200,2026-08-25,,,,,,,,
1787625420,12.1,12.1,12.1,12.1,7500,2026-08-25,,,,,,,,
1787625480,12.1,12.1,12.05,12.1,12200,2026-08-25,,,,,,,,
1787625540,12.1,12.1,12.05,12.1,39100,2026-08-25,,,,,,,,
1787625600,12.1,12.1,12.05,12.05,53200,2026-08-25,,,,,,,,
1787625660,12.1,12.1,12.05,12.1,124700,2026-08-25,,,,,,,,
1787625720,12.1,12.1,12.05,12.1,48700,2026-08-25,,,,,,,,
1787625780,12.1,12.1,12.05,12.1,113000,2026-08-25,,,,,,,,
1787625840,12.1,12.1,12.05,12.1,87600,2026-08-25,,,,,,,,
1787625900,12.1,12.1,12.05,12.1,29300,2026-08-25,,,,,,,,
1787625960,12.05,12.1,12.05,12.1,535400,2026-08-25,,,,,,,,
1787626020,12.05,12.1,12.0,12.05,175600,2026-08-25,,,,,,,,
1787626080,12.05,12.1,12.0,12.05,25100,2026-08-25,,,,,,,,
1787626140,12.05,12.1,12.0,12.0,129900,2026-08-25,,,,,,,,
1787626200,12.05,12.05,12.0,12.05,29900,2026-08-25,,,,,,,,
1787626260,12.0,12.05,12.0,12.0,46300,2026-08-25,,,,,,,,
1787626320,12.05,12.05,12.0,12.05,6500,2026-08-25,,,,,,,,
1787626380,12.0,12.05,12.0,12.05,22500,2026-08-25,,,,,,,,
1787626440,12.05,12.05,12.0,12.0,28500,2026-08-25,,,,,,,,
1787626500,12.0,12.05,12.0,12.0,886900,2026-08-25,,,,,,,,
1787626560,12.0,12.05,12.0,12.0,167900,2026-08-25,,,,,,,,
1787626620,12.05,12.05,12.0,12.0,79300,2026-08-25,,,,,,,,
1787626680,12.0,12.05,12.0,12.0,39400,2026-08-25,,,,,,,,
1787626740,12.05,12.05,12.0,12.05,38300,2026-08-25,,,,,,,,
1787626800,12.05,12.05,12.0,12.05,71800,2026-08-25,,,,,,,,
1787626860,12.0,12.05,12.0,12.05,64400,2026-08-25,,,,,,,,
1787626920,12.0,12.05,12.0,12.05,97600,2026-08-25,,,,,,,,
1787626980,12.05,12.05,12.0,12.0,64900,2026-08-25,,,,,,,,
1787627040,12.05,12.05,12.0,12.05,69600,2026-08-25,,,,,,,,
1787627100,12.05,12.05,12.0,12.0,18200,2026-08-25,,,,,,,,
1787627160,12.05,12.05,12.0,12.0,48500,2026-08-25,,,,,,,,
1787627220,12.05,12.05,12.0,12.0,8300,2026-08-25,,,,,,,,
1787627280,12.05,12.05,12.0,12.0,73500,2026-08-25,,,,,,,,
1787627340,12.0,12.05,12.0,12.05,22800,2026-08-25,,,,,,,,
1787627400,12.05,12.05,12.0,12.0,116300,2026-08-25,,,,,,,,
1787627460,12.05,12.05,12.0,12.05,117800,2026-08-25,,,,,,,,
1787627520,12.05,12.05,12.0,12.05,8700,2026-08-25,,,,,,,,
1787627580,12.05,12.05,12.0,12.05,10700,2026-08-25,,,,,,,,
1787627640,12.05,12.05,12.0,12.0,10600,2026-08-25,,,,,,,,
1787627700,12.0,12.05,12.0,12.05,21400,2026-08-25,,,,,,,,
1787627760,12.05,12.05,12.0,12.05,9700,2026-08-25,,,,,,,,
1787627820,12.0,12.05,12.0,12.0,6900,2026-08-25,,,,,,,,
1787627880,12.05,12.05,12.0,12.0,11800,2026-08-25,,,,,,,,
1787627940,12.05,12.05,12.0,12.0,86000,2026-08-25,,,,,,,,
1787628000,12.05,12.05,12.0,12.05,601200,2026-08-25,,,,,,,,
1787628060,12.05,12.05,12.0,12.0,11600,2026-08-25,,,,,,,,
1787628120,12.0,12.05,12.0,12.0,17300,2026-08-25,,,,,,,,
1787628180,12.05,12.05,12.0,12.0,513000,2026-08-25,,,,,,,,
1787628240,12.0,12.05,12.0,12.05,23700,2026-08-25,,,,,,,,
1787628300,12.0,12.05,12.0,12.05,19100,2026-08-25,,,,,,,,
1787628360,12.05,12.05,12.0,12.05,553100,2026-08-25,,,,,,,,
1787628420,12.05,12.05,12.0,12.0,12500,2026-08-25,,,,,,,,
1787628480,12.05,12.05,12.0,12.05,18300,2026-08-25,,,,,,,,
1787628540,12.0,12.05,12.0,12.0,16200,2026-08-25,,,,,,,,
1787628600,12.0,12.05,12.0,12.05,29600,2026-08-25,,,,,,,,
1787628660,12.05,12.05,12.0,12.05,53900,2026-08-25,,,,,,,,
1787628720,12.05,12.05,12.0,12.05,58100,2026-08-25,,,,,,,,
1787628780,12.0,12.05,12.0,12.0,62200,2026-08-25,,,,,,,,
1787628840,12.05,12.05,12.0,12.05,8500,2026-08-25,,,,,,,,
1787628900,12.05,12.05,12.0,12.05,19400,2026-08-25,,,,,,,,
1787628960,12.0,12.05,12.0,12.0,33100,2026-08-25,,,,,,,,
1787629020,12.05,12.05,12.0,12.0,50500,2026-08-25,,,,,,,,
1787629080,12.0,12.05,11.95,11.95,952100,2026-08-25,,,,,,,,
1787629140,11.95,12.0,11.95,12.0,17400,2026-08-25,,,,,,,,
1787629200,12.0,12.0,11.95,12.0,609600,2026-08-25,,,,,,,,
1787629260,12.0,12.0,11.95,12.0,6900,2026-08-25,,,,,,,,
1787629320,11.95,12.0,11.95,12.0,398300,2026-08-25,,,,,,,,
1787629380,11.95,12.05,11.95,12.0,59000,2026-08-25,,,,,,,,
1787629440,12.0,12.05,12.0,12.05,17300,2026-08-25,,,,,,,,
1787629500,12.05,12.05,12.0,12.0,30400,2026-08-25,,,,,,,,
1787629560,12.0,12.05,12.0,12.0,6500,2026-08-25,,,,,,,,
1787629620,12.0,12.05,12.0,12.05,12800,2026-08-25,,,,,,,,
1787629680,12.0,12.05,12.0,12.0,9900,2026-08-25,,,,,,,,
1787629740,12.0,12.05,12.0,12.0,14500,2026-08-25,,,,,,,,
1787629800,12.0,12.05,12.0,12.0,7400,2026-08-25,,,,,,,,
1787629860,12.0,12.0,12.0,12.0,15400,2026-08-25,,,,,,,,
1787629920,12.0,12.05,12.0,12.0,149700,2026-08-25,,,,,,,,
1787629980,12.0,12.0,12.0,12.0,18100,2026-08-25,,,,,,,,
1787630040,12.0,12.05,12.0,12.0,10600,2026-08-25,,,,,,,,
1787630100,12.0,12.05,12.0,12.0,32900,2026-08-25,,,,,,,,
1787630160,12.05,12.05,12.0,12.0,30100,2026-08-25,,,,,,,,
1787630220,12.0,12.05,12.0,12.05,4200,2026-08-25,,,,,,,,
1787630280,12.0,12.05,12.0,12.0,7800,2026-08-25,,,,,,,,
1787630340,12.0,12.05,12.0,12.0,56200,2026-08-25,,,,,,,,
1787630400,12.0,12.05,12.0,12.0,69800,2026-08-25,,,,,,,,
1787630460,12.0,12.05,12.0,12.0,8400,2026-08-25,,,,,,,,
1787630520,12.0,12.05,12.0,12.05,14200,2026-08-25,,,,,,,,
1787630580,12.0,12.05,12.0,12.0,4600,2026-08-25,,,,,,,,
1787630640,12.0,12.05,12.0,12.0,105100,2026-08-25,,,,,,,,
1787630700,12.0,12.05,12.0,12.0,30800,2026-08-25,,,,,,,,
1787630760,12.0,12.05,12.0,12.0,547100,2026-08-25,,,,,,,,
1787630820,12.0,12.05,12.0,12.0,61700,2026-08-25,,,,,,,,
1787630880,12.0,12.05,11.95,12.0,120200,2026-08-25,,,,,,,,
1787630940,11.95,12.0,11.95,11.95,73300,2026-08-25,,,,,,,,
1787631000,12.0,12.05,11.95,11.95,32000,2026-08-25,,,,,,,,
1787631060,12.0,12.0,11.95,11.95,13400,2026-08-25,,,,,,,,
1787631120,12.0,12.0,11.95,11.95,15300,2026-08-25,,,,,,,,
1787631180,12.0,12.0,11.95,11.95,5900,2026-08-25,,,,,,,,
1787631240,11.95,12.0,11.95,12.0,9900,2026-08-25,,,,,,,,
1787631300,11.95,12.0,11.95,12.0,11700,2026-08-25,,,,,,,,
1787631360,11.95,12.0,11.95,11.95,54400,2026-08-25,,,,,,,,
1787631420,11.95,12.0,11.95,11.95,6100,2026-08-25,,,,,,,,
1787631480,11.95,12.0,11.95,11.95,16400,2026-08-25,,,,,,,,
1787631540,11.95,12.0,11.95,11.95,8200,2026-08-25,,,,,,,,
1787631600,11.95,12.0,11.95,12.0,20800,2026-08-25,,,,,,,,
1787631660,12.0,12.0,11.95,12.0,97200,2026-08-25,,,,,,,,
1787631720,11.95,12.0,11.95,12.0,88900,2026-08-25,,,,,,,,
1787631780,12.0,12.0,11.95,12.0,47900,2026-08-25,,,,,,,,
1787631840,12.0,12.0,11.95,12.0,21900,2026-08-25,,,,,,,,
1787631900,12.0,12.0,11.95,11.95,63800,2026-08-25,,,,,,,,
1787631960,12.0,12.0,11.95,11.95,9100,2026-08-25,,,,,,,,
1787632020,11.95,12.0,11.95,12.0,61200,2026-08-25,,,,,,,,
1787632080,11.95,12.0,11.95,11.95,15800,2026-08-25,,,,,,,,
1787632140,11.95,12.0,11.95,12.0,33600,2026-08-25,,,,,,,,
1787637600,12.0,12.0,11.95,12.0,501200,2026-08-25,,,,,,,,
1787637660,12.0,12.0,11.95,12.0,426600,2026-08-25,,,,,,,,
1787637720,12.0,12.05,11.95,12.0,1046100,2026-08-25,,,,,,,,
1787637780,12.0,12.0,12.0,12.0,160500,2026-08-25,,,,,,,,
1787637840,12.0,12.0,11.95,11.95,62600,2026-08-25,,,,,,,,
1787637900,12.0,12.0,11.9,11.95,3166400,2026-08-25,,,,,,,,
1787637960,11.9,12.0,11.9,11.95,278900,2026-08-25,,,,,,,,
1787638020,11.95,12.0,11.9,11.95,420400,2026-08-25,,,,,,,,
1787638080,11.95,11.95,11.9,11.95,286600,2026-08-25,,,,,,,,
1787638140,11.95,12.0,11.9,11.95,1392100,2026-08-25,,,,,,,,
1787638200,11.95,11.95,11.9,11.95,235500,2026-08-25,,,,,,,,
1787638260,11.95,12.0,11.9,11.95,253900,2026-08-25,,,,,,,,
1787638320,11.95,12.0,11.9,11.95,337600,2026-08-25,,,,,,,,
1787638380,11.95,12.0,11.9,11.95,380500,2026-08-25,,,,,,,,
1787638440,11.9,12.0,11.9,11.9,657100,2026-08-25,,,,,,,,
1787638500,11.95,11.95,11.9,11.95,270700,2026-08-25,,,,,,,,
1787638560,11.95,11.95,11.9,11.95,174700,2026-08-25,,,,,,,,
1787638620,11.95,11.95,11.9,11.95,272800,2026-08-25,,,,,,,,
1787638680,11.95,12.0,11.9,11.95,62600,2026-08-25,,,,,,,,
1787638740,11.95,11.95,11.9,11.9,28800,2026-08-25,,,,,,,,
1787638800,11.9,11.95,11.9,11.9,81300,2026-08-25,,,,,,,,
1787638860,11.9,11.95,11.9,11.9,27700,2026-08-25,,,,,,,,
1787638920,11.95,11.95,11.9,11.95,21700,2026-08-25,,,,,,,,
1787638980,11.95,11.95,11.9,11.95,54400,2026-08-25,,,,,,,,
1787639040,11.95,11.95,11.9,11.9,37400,2026-08-25,,,,,,,,
1787639100,11.9,11.95,11.9,11.9,5600,2026-08-25,,,,,,,,
1787639160,11.95,11.95,11.9,11.9,17800,2026-08-25,,,,,,,,
1787639220,11.9,11.95,11.9,11.9,28900,2026-08-25,,,,,,,,
1787639280,11.9,11.95,11.9,11.95,72600,2026-08-25,,,,,,,,
1787639340,11.95,11.95,11.9,11.9,6900,2026-08-25,,,,,,,,
1787639400,11.9,11.95,11.9,11.9,139200,2026-08-25,,,,,,,,
1787639460,11.95,11.95,11.9,11.95,137500,2026-08-25,,,,,,,,
1787639520,11.9,11.95,11.9,11.95,455500,2026-08-25,,,,,,,,
1787639580,11.95,12.0,11.9,11.95,357300,2026-08-25,,,,,,,,
1787639640,11.95,12.0,11.9,11.95,1416700,2026-08-25,,,,,,,,
1787639700,12.0,12.0,11.9,11.95,674500,2026-08-25,,,,,,,,
1787639760,11.95,12.0,11.9,11.9,1630300,2026-08-25,,,,,,,,
1787639820,11.95,12.0,11.95,11.95,35000,2026-08-25,,,,,,,,
1787639880,11.95,12.0,11.9,11.9,1345100,2026-08-25,,,,,,,,
1787639940,11.95,11.95,11.9,11.95,833900,2026-08-25,,,,,,,,
1787640000,11.95,12.0,11.95,11.95,64600,2026-08-25,,,,,,,,
1787640060,11.95,12.0,11.95,11.95,2016600,2026-08-25,,,,,,,,
1787640120,11.95,12.0,11.95,11.95,812600,2026-08-25,,,,,,,,
1787640180,11.95,12.0,11.95,11.95,1671800,2026-08-25,,,,,,,,
1787640240,11.95,12.0,11.95,11.95,124300,2026-08-25,,,,,,,,
1787640300,11.95,12.0,11.95,11.95,95400,2026-08-25,,,,,,,,
1787640360,11.95,12.0,11.95,11.95,29900,2026-08-25,,,,,,,,
1787640420,11.95,12.0,11.95,12.0,3900,2026-08-25,,,,,,,,
1787640480,11.95,12.0,11.95,12.0,719700,2026-08-25,,,,,,,,
1787640540,12.0,12.0,11.95,12.0,112500,2026-08-25,,,,,,,,
1787640600,11.95,12.0,11.95,11.95,209700,2026-08-25,,,,,,,,
1787640660,12.0,12.0,11.95,11.95,112200,2026-08-25,,,,,,,,
1787640720,11.95,12.0,11.95,11.95,53200,2026-08-25,,,,,,,,
1787640780,11.95,12.0,11.95,12.0,87300,2026-08-25,,,,,,,,
1787640840,11.95,12.0,11.95,12.0,18800,2026-08-25,,,,,,,,
1787640900,12.0,12.0,11.95,11.95,4300,2026-08-25,,,,,,,,
1787640960,12.0,12.0,11.95,11.95,5200,2026-08-25,,,,,,,,
1787641020,12.0,12.0,11.95,11.95,72500,2026-08-25,,,,,,,,
1787641080,11.95,12.0,11.95,11.95,14800,2026-08-25,,,,,,,,
1787641140,11.95,12.0,11.95,12.0,138600,2026-08-25,,,,,,,,
1787641200,11.95,12.0,11.95,11.95,118300,2026-08-25,,,,,,,,
1787641260,12.0,12.0,11.95,11.95,358700,2026-08-25,,,,,,,,
1787641320,11.95,12.0,11.95,12.0,149300,2026-08-25,,,,,,,,
1787641380,12.0,12.0,11.95,12.0,178200,2026-08-25,,,,,,,,
1787641440,12.0,12.0,11.95,11.95,178800,2026-08-25,,,,,,,,
1787641500,11.95,12.0,11.95,11.95,103200,2026-08-25,,,,,,,,
1787641560,11.95,12.0,11.95,11.95,67300,2026-08-25,,,,,,,,
1787641620,11.95,12.0,11.95,11.95,307900,2026-08-25,,,,,,,,
1787641680,12.0,12.0,11.95,12.0,51300,2026-08-25,,,,,,,,
1787641740,12.0,12.0,11.95,12.0,48700,2026-08-25,,,,,,,,
1787641800,11.95,12.0,11.95,12.0,30600,2026-08-25,,,,,,,,
1787641860,12.0,12.0,11.95,12.0,93700,2026-08-25,,,,,,,,
1787641920,12.0,12.0,11.95,12.0,16000,2026-08-25,,,,,,,,
1787641980,12.0,12.0,11.95,12.0,121300,2026-08-25,,,,,,,,
1787642040,12.0,12.0,11.95,12.0,16100,2026-08-25,,,,,,,,
1787642100,12.0,12.0,11.95,12.0,19800,2026-08-25,,,,,,,,
1787642160,12.0,12.0,11.95,12.0,17500,2026-08-25,,,,,,,,
1787642220,11.95,12.0,11.95,12.0,91200,2026-08-25,,,,,,,,
1787642280,12.0,12.0,11.95,12.0,6200,2026-08-25,,,,,,,,
1787642340,12.0,12.0,11.95,11.95,81500,2026-08-25,,,,,,,,
1787642400,12.0,12.0,11.95,12.0,258400,2026-08-25,,,,,,,,
1787642460,12.0,12.0,11.95,11.95,196500,2026-08-25,,,,,,,,
1787642520,12.0,12.0,11.95,12.0,89300,2026-08-25,,,,,,,,
1787642580,11.95,12.0,11.95,11.95,29800,2026-08-25,,,,,,,,
1787642640,11.95,12.0,11.95,12.0,18400,2026-08-25,,,,,,,,
1787642700,12.0,12.0,11.95,11.95,213500,2026-08-25,,,,,,,,
1787642760,11.95,12.0,11.95,11.95,69700,2026-08-25,,,,,,,,
1787642820,12.0,12.0,11.95,12.0,73400,2026-08-25,,,,,,,,
1787642880,11.95,12.0,11.95,12.0,45400,2026-08-25,,,,,,,,
1787642940,12.0,12.0,11.95,12.0,30000,2026-08-25,,,,,,,,
1787643900,12.05,12.05,12.05,12.05,12064100,2026-08-25,,,,,,,,
1787710500,12.05,12.05,12.0,12.0,768500,2026-08-26,,,,,,,,
1787710560,12.05,12.05,12.0,12.0,35800,2026-08-26,,,,,,,,
1787710620,12.05,12.05,12.0,12.0,127000,2026-08-26,,,,,,,,
1787710680,12.0,12.05,12.0,12.0,64700,2026-08-26,,,,,,,,
1787710740,12.0,12.0,12.0,12.0,13800,2026-08-26,,,,,,,,
1787710800,12.0,12.0,12.0,12.0,168600,2026-08-26,,,,,,,,
1787710860,12.0,12.0,12.0,12.0,5000,2026-08-26,,,,,,,,
1787710920,12.0,12.0,12.0,12.0,10500,2026-08-26,,,,,,,,
1787710980,12.0,12.0,11.95,12.0,9600,2026-08-26,,,,,,,,
1787711040,12.0,12.1,11.95,12.1,6216000,2026-08-26,,,,,,,,
1787711100,12.1,12.1,12.05,12.1,134500,2026-08-26,,,,,,,,
1787711160,12.1,12.1,12.05,12.1,692400,2026-08-26,,,,,,,,
1787711220,12.1,12.1,12.05,12.1,898700,2026-08-26,,,,,,,,
1787711280,12.1,12.1,12.05,12.05,574700,2026-08-26,,,,,,,,
1787711340,12.05,12.1,12.05,12.05,81200,2026-08-26,,,,,,,,
1787711400,12.1,12.1,12.05,12.1,51500,2026-08-26,,,,,,,,
1787711460,12.1,12.1,12.05,12.1,77800,2026-08-26,,,,,,,,
1787711520,12.05,12.1,12.05,12.05,516900,2026-08-26,,,,,,,,
1787711580,12.05,12.05,12.05,12.05,18000,2026-08-26,,,,,,,,
1787711640,12.05,12.05,12.0,12.05,1900,2026-08-26,,,,,,,,
1787711700,12.05,12.05,12.05,12.05,32600,2026-08-26,,,,,,,,
1787711760,12.05,12.05,12.0,12.05,10800,2026-08-26,,,,,,,,
1787711820,12.05,12.05,12.05,12.05,13800,2026-08-26,,,,,,,,
1787711880,12.05,12.05,12.0,12.0,28900,2026-08-26,,,,,,,,
1787711940,12.05,12.05,12.05,12.05,5400,2026-08-26,,,,,,,,
1787712000,12.0,12.05,12.0,12.05,54600,2026-08-26,,,,,,,,
1787712060,12.05,12.05,12.05,12.05,1700,2026-08-26,,,,,,,,
1787712120,12.05,12.05,12.05,12.05,1400,2026-08-26,,,,,,,,
1787712180,12.05,12.05,12.0,12.0,6800,2026-08-26,,,,,,,,
1787712240,12.05,12.05,12.0,12.05,12600,2026-08-26,,,,,,,,
1787712300,12.05,12.05,12.0,12.05,31100,2026-08-26,,,,,,,,
1787712360,12.05,12.05,12.05,12.05,4600,2026-08-26,,,,,,,,
1787712420,12.05,12.05,12.0,12.0,7600,2026-08-26,,,,,,,,
1787712480,12.0,12.05,12.0,12.05,3900,2026-08-26,,,,,,,,
1787712540,12.0,12.05,12.0,12.0,1300,2026-08-26,,,,,,,,
1787712600,12.0,12.05,12.0,12.0,11500,2026-08-26,,,,,,,,
1787712660,12.0,12.05,12.0,12.05,2200,2026-08-26,,,,,,,,
1787712720,12.0,12.05,12.0,12.05,12500,2026-08-26,,,,,,,,
1787712780,12.0,12.05,12.0,12.05,9300,2026-08-26,,,,,,,,
1787712840,12.0,12.05,12.0,12.05,26300,2026-08-26,,,,,,,,
1787712900,12.05,12.05,12.0,12.05,37900,2026-08-26,,,,,,,,
1787712960,12.05,12.05,12.05,12.05,3100,2026-08-26,,,,,,,,
1787713020,12.05,12.05,12.05,12.05,1000,2026-08-26,,,,,,,,
1787713080,12.05,12.05,12.0,12.0,1400,2026-08-26,,,,,,,,
1787713140,12.0,12.05,12.0,12.05,5200,2026-08-26,,,,,,,,
1787713200,12.05,12.05,12.0,12.0,14700,2026-08-26,,,,,,,,
1787713260,12.0,12.05,12.0,12.05,13700,2026-08-26,,,,,,,,
1787713320,12.05,12.05,12.05,12.05,5300,2026-08-26,,,,,,,,
1787713380,12.05,12.05,12.0,12.05,2500,2026-08-26,,,,,,,,
1787713440,12.05,12.05,12.0,12.0,2300,2026-08-26,,,,,,,,
1787713500,12.0,12.05,12.0,12.05,9500,2026-08-26,,,,,,,,
1787713560,12.05,12.05,12.0,12.0,11200,2026-08-26,,,,,,,,
1787713620,12.0,12.05,12.0,12.05,6600,2026-08-26,,,,,,,,
1787713680,12.05,12.05,12.0,12.0,28600,2026-08-26,,,,,,,,
1787713740,12.0,12.05,12.0,12.0,3000,2026-08-26,,,,,,,,
1787713800,12.0,12.05,12.0,12.0,6100,2026-08-26,,,,,,,,
1787713860,12.05,12.05,12.0,12.0,27200,2026-08-26,,,,,,,,
1787713920,12.0,12.05,12.0,12.0,29900,2026-08-26,,,,,,,,
1787713980,12.0,12.05,12.0,12.0,35300,2026-08-26,,,,,,,,
1787714040,12.0,12.05,12.0,12.0,9500,2026-08-26,,,,,,,,
1787714100,12.0,12.05,12.0,12.05,32300,2026-08-26,,,,,,,,
1787714160,12.0,12.05,12.0,12.05,24500,2026-08-26,,,,,,,,
1787714220,12.0,12.05,12.0,12.05,45200,2026-08-26,,,,,,,,
1787714280,12.0,12.05,12.0,12.0,30000,2026-08-26,,,,,,,,
1787714340,12.0,12.0,11.95,11.95,1196000,2026-08-26,,,,,,,,
1787714400,11.95,11.95,11.95,11.95,900,2026-08-26,,,,,,,,
1787714460,12.0,12.0,11.95,11.95,23600,2026-08-26,,,,,,,,
1787714520,12.0,12.0,11.95,12.0,42100,2026-08-26,,,,,,,,
1787714580,12.0,12.0,11.95,11.95,22800,2026-08-26,,,,,,,,
1787714640,11.95,12.0,11.95,11.95,30100,2026-08-26,,,,,,,,
1787714700,11.95,12.0,11.95,11.95,44600,2026-08-26,,,,,,,,
1787714760,11.95,12.0,11.95,11.95,3900,2026-08-26,,,,,,,,
1787714820,11.95,12.0,11.95,12.0,47600,2026-08-26,,,,,,,,
1787714880,12.0,12.0,11.95,11.95,30000,2026-08-26,,,,,,,,
1787714940,12.0,12.0,11.95,11.95,52500,2026-08-26,,,,,,,,
1787715000,11.95,12.0,11.95,11.95,42200,2026-08-26,,,,,,,,
1787715060,11.95,12.0,11.95,11.95,53000,2026-08-26,,,,,,,,
1787715120,12.0,12.0,11.95,11.95,1800,2026-08-26,,,,,,,,
1787715180,11.95,12.0,11.95,12.0,64700,2026-08-26,,,,,,,,
1787715240,12.0,12.0,11.95,11.95,12500,2026-08-26,,,,,,,,
1787715300,12.0,12.0,11.95,11.95,46700,2026-08-26,,,,,,,,
1787715360,12.0,12.0,11.95,11.95,300,2026-08-26,,,,,,,,
1787715420,11.95,12.0,11.95,12.0,4500,2026-08-26,,,,,,,,
1787715480,11.95,12.0,11.95,11.95,50900,2026-08-26,,,,,,,,
1787715540,11.95,12.0,11.95,11.95,14800,2026-08-26,,,,,,,,
1787715600,11.95,12.0,11.95,11.95,55600,2026-08-26,,,,,,,,
1787715660,11.95,12.0,11.95,11.95,45100,2026-08-26,,,,,,,,
1787715720,11.95,12.0,11.95,11.95,19000,2026-08-26,,,,,,,,
1787715780,11.95,12.0,11.95,11.95,21300,2026-08-26,,,,,,,,
1787715840,11.95,12.0,11.95,12.0,41000,2026-08-26,,,,,,,,
1787715900,11.95,12.0,11.95,12.0,9900,2026-08-26,,,,,,,,
1787715960,11.95,11.95,11.95,11.95,93000,2026-08-26,,,,,,,,
1787716020,12.0,12.0,11.95,11.95,14900,2026-08-26,,,,,,,,
1787716080,11.95,12.0,11.95,11.95,7000,2026-08-26,,,,,,,,
1787716140,11.95,12.0,11.95,11.95,74000,2026-08-26,,,,,,,,
1787716200,11.95,12.0,11.95,11.95,1800,2026-08-26,,,,,,,,
1787716260,11.95,12.0,11.95,11.95,47500,2026-08-26,,,,,,,,
1787716320,11.95,12.0,11.95,11.95,63800,2026-08-26,,,,,,,,
1787716380,11.95,12.0,11.95,11.95,2100,2026-08-26,,,,,,,,
1787716440,11.95,12.0,11.95,11.95,53400,2026-08-26,,,,,,,,
1787716500,11.95,12.0,11.95,11.95,1900,2026-08-26,,,,,,,,
1787716560,11.95,12.0,11.95,12.0,39800,2026-08-26,,,,,,,,
1787716620,12.0,12.0,11.95,11.95,163000,2026-08-26,,,,,,,,
1787716680,12.0,12.0,12.0,12.0,1300,2026-08-26,,,,,,,,
1787716740,12.0,12.0,11.95,11.95,800,2026-08-26,,,,,,,,
1787716800,11.95,12.0,11.95,11.95,964700,2026-08-26,,,,,,,,
1787716860,11.95,12.0,11.95,11.95,227700,2026-08-26,,,,,,,,
1787716920,11.95,12.0,11.95,11.95,107600,2026-08-26,,,,,,,,
1787716980,11.95,11.95,11.9,11.95,361800,2026-08-26,,,,,,,,
1787717040,11.95,11.95,11.9,11.95,35900,2026-08-26,,,,,,,,
1787717100,11.95,11.95,11.9,11.9,80400,2026-08-26,,,,,,,,
1787717160,11.9,11.95,11.9,11.95,30800,2026-08-26,,,,,,,,
1787717220,11.9,11.95,11.9,11.95,12400,2026-08-26,,,,,,,,
1787717280,11.9,11.95,11.9,11.9,45600,2026-08-26,,,,,,,,
1787717340,11.95,11.95,11.9,11.95,28800,2026-08-26,,,,,,,,
1787717400,11.95,11.95,11.9,11.9,77800,2026-08-26,,,,,,,,
1787717460,11.9,11.95,11.9,11.9,70400,2026-08-26,,,,,,,,
1787717520,11.9,11.95,11.9,11.95,30700,2026-08-26,,,,,,,,
1787717580,11.95,11.95,11.9,11.95,77000,2026-08-26,,,,,,,,
1787717640,11.9,11.95,11.9,11.95,13600,2026-08-26,,,,,,,,
1787717700,11.95,11.95,11.9,11.95,15400,2026-08-26,,,,,,,,
1787717760,11.9,11.95,11.9,11.9,60400,2026-08-26,,,,,,,,
1787717820,11.9,11.95,11.9,11.95,25200,2026-08-26,,,,,,,,
1787717880,11.95,11.95,11.9,11.95,5900,2026-08-26,,,,,,,,
1787717940,11.95,11.95,11.9,11.95,44300,2026-08-26,,,,,,,,
1787718000,11.95,11.95,11.95,11.95,8200,2026-08-26,,,,,,,,
1787718060,11.9,11.95,11.9,11.9,16300,2026-08-26,,,,,,,,
1787718120,11.9,11.95,11.9,11.9,42500,2026-08-26,,,,,,,,
1787718180,11.95,11.95,11.9,11.95,9800,2026-08-26,,,,,,,,
1787718240,11.9,11.95,11.9,11.9,59900,2026-08-26,,,,,,,,
1787718300,11.9,11.95,11.9,11.95,57200,2026-08-26,,,,,,,,
1787718360,11.9,11.95,11.9,11.95,81400,2026-08-26,,,,,,,,
1787718420,11.95,12.0,11.9,12.0,125800,2026-08-26,,,,,,,,
1787718480,12.0,12.0,11.95,12.0,12300,2026-08-26,,,,,,,,
1787718540,11.95,12.0,11.95,11.95,32000,2026-08-26,,,,,,,,
1787724000,11.95,12.0,11.85,11.9,3646600,2026-08-26,,,,,,,,
1787724060,11.9,11.9,11.85,11.9,83700,2026-08-26,,,,,,,,
1787724120,11.9,11.9,11.85,11.9,700300,2026-08-26,,,,,,,,
1787724180,11.9,11.95,11.85,11.9,312200,2026-08-26,,,,,,,,
1787724240,11.9,11.9,11.85,11.85,317100,2026-08-26,,,,,,,,
1787724300,11.9,11.9,11.85,11.9,183500,2026-08-26,,,,,,,,
1787724360,11.9,11.9,11.85,11.9,225600,2026-08-26,,,,,,,,
1787724420,11.9,11.9,11.85,11.9,272400,2026-08-26,,,,,,,,
1787724480,11.9,11.9,11.85,11.9,84400,2026-08-26,,,,,,,,
1787724540,11.9,11.95,11.85,11.9,1193300,2026-08-26,,,,,,,,
1787724600,11.9,11.95,11.85,11.9,238500,2026-08-26,,,,,,,,
1787724660,11.9,11.9,11.85,11.9,205200,2026-08-26,,,,,,,,
1787724720,11.9,11.95,11.85,11.85,165900,2026-08-26,,,,,,,,
1787724780,11.9,11.9,11.85,11.9,101600,2026-08-26,,,,,,,,
1787724840,11.85,11.9,11.85,11.85,19400,2026-08-26,,,,,,,,
1787724900,11.85,11.9,11.85,11.9,46100,2026-08-26,,,,,,,,
1787724960,11.85,11.9,11.85,11.9,273000,2026-08-26,,,,,,,,
1787725020,11.9,11.9,11.85,11.9,427200,2026-08-26,,,,,,,,
1787725080,11.9,11.9,11.85,11.9,379300,2026-08-26,,,,,,,,
1787725140,11.9,11.9,11.85,11.9,38600,2026-08-26,,,,,,,,
1787725200,11.9,11.9,11.85,11.9,211000,2026-08-26,,,,,,,,
1787725260,11.9,11.95,11.85,11.9,462100,2026-08-26,,,,,,,,
1787725320,11.9,11.9,11.9,11.9,281800,2026-08-26,,,,,,,,
1787725380,11.95,11.95,11.85,11.9,742700,2026-08-26,,,,,,,,
1787725440,11.9,11.9,11.9,11.9,351400,2026-08-26,,,,,,,,
1787725500,11.9,11.9,11.85,11.9,191600,2026-08-26,,,,,,,,
1787725560,11.9,11.95,11.9,11.95,24900,2026-08-26,,,,,,,,
1787725620,11.95,11.95,11.9,11.9,12700,2026-08-26,,,,,,,,
1787725680,11.9,11.95,11.9,11.9,43300,2026-08-26,,,,,,,,
1787725740,11.9,11.95,11.9,11.9,47400,2026-08-26,,,,,,,,
1787725800,11.9,11.9,11.85,11.9,1532800,2026-08-26,,,,,,,,
1787725860,11.9,11.9,11.85,11.9,228800,2026-08-26,,,,,,,,
1787725920,11.9,11.9,11.9,11.9,243600,2026-08-26,,,,,,,,
1787725980,11.9,11.9,11.85,11.9,602100,2026-08-26,,,,,,,,
1787726040,11.9,11.9,11.85,11.9,606000,2026-08-26,,,,,,,,
1787726100,11.9,11.95,11.9,11.95,88100,2026-08-26,,,,,,,,
1787726160,11.95,11.95,11.9,11.95,58400,2026-08-26,,,,,,,,
1787726220,11.95,11.95,11.9,11.95,19700,2026-08-26,,,,,,,,
1787726280,11.95,11.95,11.9,11.9,85200,2026-08-26,,,,,,,,
1787726340,11.95,12.0,11.9,12.0,445900,2026-08-26,,,,,,,,
1787726400,12.0,12.0,11.95,12.0,58400,2026-08-26,,,,,,,,
1787726460,12.0,12.0,11.95,12.0,162600,2026-08-26,,,,,,,,
1787726520,12.0,12.0,11.95,12.0,84200,2026-08-26,,,,,,,,
1787726580,12.0,12.0,12.0,12.0,83500,2026-08-26,,,,,,,,
1787726640,11.95,12.0,11.95,12.0,506000,2026-08-26,,,,,,,,
1787726700,12.0,12.0,11.95,12.0,781200,2026-08-26,,,,,,,,
1787726760,12.0,12.0,11.95,11.95,517000,2026-08-26,,,,,,,,
1787726820,11.95,12.0,11.95,12.0,457000,2026-08-26,,,,,,,,
1787726880,12.0,12.05,12.0,12.05,909000,2026-08-26,,,,,,,,
1787726940,12.05,12.05,12.0,12.05,171200,2026-08-26,,,,,,,,
1787727000,12.05,12.05,12.0,12.0,122600,2026-08-26,,,,,,,,
1787727060,12.05,12.05,12.0,12.05,80600,2026-08-26,,,,,,,,
1787727120,12.05,12.05,12.0,12.05,136600,2026-08-26,,,,,,,,
1787727180,12.05,12.05,12.0,12.05,98700,2026-08-26,,,,,,,,
1787727240,12.0,12.05,12.0,12.05,1388800,2026-08-26,,,,,,,,
1787727300,12.05,12.1,12.0,12.05,609500,2026-08-26,,,,,,,,
1787727360,12.05,12.05,12.0,12.05,215100,2026-08-26,,,,,,,,
1787727420,12.05,12.05,12.0,12.05,274700,2026-08-26,,,,,,,,
1787727480,12.05,12.05,12.05,12.05,151500,2026-08-26,,,,,,,,
1787727540,12.05,12.05,12.0,12.0,75800,2026-08-26,,,,,,,,
1787727600,12.0,12.05,12.0,12.05,99700,2026-08-26,,,,,,,,
1787727660,12.05,12.05,12.0,12.05,123700,2026-08-26,,,,,,,,
1787727720,12.05,12.05,12.0,12.0,24200,2026-08-26,,,,,,,,
1787727780,12.0,12.05,12.0,12.05,55000,2026-08-26,,,,,,,,
1787727840,12.05,12.05,12.0,12.05,96800,2026-08-26,,,,,,,,
1787727900,12.05,12.05,12.0,12.05,61800,2026-08-26,,,,,,,,
1787727960,12.05,12.05,12.0,12.05,28400,2026-08-26,,,,,,,,
1787728020,12.05,12.05,12.0,12.05,36500,2026-08-26,,,,,,,,
1787728080,12.05,12.05,12.0,12.0,23500,2026-08-26,,,,,,,,
1787728140,12.0,12.05,12.0,12.05,62200,2026-08-26,,,,,,,,
1787728200,12.05,12.05,12.0,12.05,26600,2026-08-26,,,,,,,,
1787728260,12.05,12.05,12.0,12.0,15200,2026-08-26,,,,,,,,
1787728320,12.05,12.05,12.0,12.0,61900,2026-08-26,,,,,,,,
1787728380,12.0,12.05,12.0,12.05,39400,2026-08-26,,,,,,,,
1787728440,12.05,12.05,12.0,12.05,74700,2026-08-26,,,,,,,,
1787728500,12.05,12.05,12.0,12.05,185400,2026-08-26,,,,,,,,
1787728560,12.05,12.05,12.0,12.05,20700,2026-08-26,,,,,,,,
1787728620,12.05,12.05,12.0,12.05,18100,2026-08-26,,,,,,,,
1787728680,12.05,12.05,12.0,12.05,51300,2026-08-26,,,,,,,,
1787728740,12.05,12.05,12.0,12.05,72900,2026-08-26,,,,,,,,
1787728800,12.05,12.05,12.0,12.05,307000,2026-08-26,,,,,,,,
1787728860,12.05,12.05,12.0,12.05,201600,2026-08-26,,,,,,,,
1787728920,12.05,12.05,12.0,12.05,64400,2026-08-26,,,,,,,,
1787728980,12.05,12.05,12.0,12.05,39800,2026-08-26,,,,,,,,
1787729040,12.05,12.1,12.0,12.1,2161100,2026-08-26,,,,,,,,
1787729100,12.1,12.1,12.05,12.1,178600,2026-08-26,,,,,,,,
1787729160,12.05,12.1,12.05,12.1,143400,2026-08-26,,,,,,,,
1787729220,12.05,12.1,12.05,12.1,91200,2026-08-26,,,,,,,,
1787729280,12.05,12.1,12.05,12.1,78400,2026-08-26,,,,,,,,
1787729340,12.1,12.1,12.05,12.1,272600,2026-08-26,,,,,,,,
1787730300,12.05,12.05,12.05,12.05,6977200,2026-08-26,,,,,,,,
1787796900,12.05,12.05,12.05,12.05,276900,2026-08-27,,,,,,,,
1787796960,12.0,12.05,12.0,12.05,11400,2026-08-27,,,,,,,,
1787797020,12.05,12.05,12.0,12.05,143200,2026-08-27,,,,,,,,
1787797080,12.05,12.05,12.0,12.05,14500,2026-08-27,,,,,,,,
1787797140,12.05,12.1,12.05,12.05,268400,2026-08-27,,,,,,,,
1787797200,12.1,12.1,12.05,12.1,36700,2026-08-27,,,,,,,,
1787797260,12.05,12.1,12.05,12.1,51600,2026-08-27,,,,,,,,
1787797320,12.1,12.1,12.05,12.05,80100,2026-08-27,,,,,,,,
1787797380,12.1,12.1,12.05,12.05,43000,2026-08-27,,,,,,,,
1787797440,12.1,12.1,12.05,12.05,6400,2026-08-27,,,,,,,,
1787797500,12.05,12.1,12.05,12.05,206400,2026-08-27,,,,,,,,
1787797560,12.05,12.1,12.05,12.05,58800,2026-08-27,,,,,,,,
1787797620,12.05,12.05,12.0,12.0,26000,2026-08-27,,,,,,,,
1787797680,12.05,12.05,12.0,12.0,27500,2026-08-27,,,,,,,,
1787797740,12.05,12.05,12.0,12.0,29500,2026-08-27,,,,,,,,
1787797800,12.0,12.05,12.0,12.0,33900,2026-08-27,,,,,,,,
1787797860,12.0,12.05,12.0,12.05,8900,2026-08-27,,,,,,,,
1787797920,12.0,12.05,12.0,12.0,10200,2026-08-27,,,,,,,,
1787797980,12.0,12.05,12.0,12.0,19100,2026-08-27,,,,,,,,
1787798040,12.05,12.05,12.0,12.0,20000,2026-08-27,,,,,,,,
1787798100,12.0,12.05,12.0,12.0,56600,2026-08-27,,,,,,,,
1787798160,12.0,12.05,12.0,12.0,91500,2026-08-27,,,,,,,,
1787798220,12.0,12.05,12.0,12.0,51800,2026-08-27,,,,,,,,
1787798280,12.0,12.05,12.0,12.0,11900,2026-08-27,,,,,,,,
1787798340,12.05,12.05,12.0,12.0,51800,2026-08-27,,,,,,,,
1787798400,12.0,12.05,12.0,12.0,29700,2026-08-27,,,,,,,,
1787798460,12.0,12.05,12.0,12.0,26700,2026-08-27,,,,,,,,
1787798520,12.0,12.05,12.0,12.0,26300,2026-08-27,,,,,,,,
1787798580,12.0,12.05,12.0,12.0,60600,2026-08-27,,,,,,,,
1787798640,12.0,12.05,12.0,12.0,5700,2026-08-27,,,,,,,,
1787798700,12.0,12.05,12.0,12.0,52100,2026-08-27,,,,,,,,
1787798760,12.0,12.05,12.0,12.0,146300,2026-08-27,,,,,,,,
1787798820,12.0,12.05,12.0,12.05,58900,2026-08-27,,,,,,,,
1787798880,12.0,12.05,12.0,12.0,41900,2026-08-27,,,,,,,,
1787798940,12.0,12.05,12.0,12.0,26300,2026-08-27,,,,,,,,
1787799000,12.0,12.05,12.0,12.05,106300,2026-08-27,,,,,,,,
1787799060,12.05,12.05,12.0,12.0,12500,2026-08-27,,,,,,,,
1787799120,12.05,12.05,12.0,12.0,1100,2026-08-27,,,,,,,,
1787799180,12.05,12.05,12.0,12.0,56500,2026-08-27,,,,,,,,
1787799240,12.0,12.0,12.0,12.0,320900,2026-08-27,,,,,,,,
1787799300,12.0,12.0,11.95,12.0,6000,2026-08-27,,,,,,,,
1787799360,12.0,12.0,12.0,12.0,9600,2026-08-27,,,,,,,,
1787799420,11.95,12.0,11.95,12.0,43900,2026-08-27,,,,,,,,
1787799480,12.0,12.0,11.95,12.0,68600,2026-08-27,,,,,,,,
1787799540,12.0,12.0,11.95,12.0,24900,2026-08-27,,,,,,,,
1787799600,12.0,12.0,11.95,11.95,46900,2026-08-27,,,,,,,,
1787799660,12.0,12.0,12.0,12.0,5900,2026-08-27,,,,,,,,
1787799720,12.0,12.0,11.95,11.95,54200,2026-08-27,,,,,,,,
1787799780,12.0,12.0,12.0,12.0,1800,2026-08-27,,,,,,,,
1787799840,12.0,12.0,11.95,12.0,112400,2026-08-27,,,,,,,,
1787799900,12.0,12.0,11.95,12.0,48700,2026-08-27,,,,,,,,
1787799960,12.0,12.0,12.0,12.0,42700,2026-08-27,,,,,,,,
1787800020,12.0,12.0,11.95,11.95,53700,2026-08-27,,,,,,,,
1787800080,12.0,12.0,11.95,12.0,70400,2026-08-27,,,,,,,,
1787800140,11.95,12.0,11.95,12.0,3700,2026-08-27,,,,,,,,
1787800200,12.0,12.0,11.95,12.0,29200,2026-08-27,,,,,,,,
1787800260,12.0,12.0,11.95,12.0,53800,2026-08-27,,,,,,,,
1787800320,12.0,12.0,11.95,12.0,10600,2026-08-27,,,,,,,,
1787800380,11.95,12.0,11.95,12.0,15300,2026-08-27,,,,,,,,
1787800440,12.0,12.0,11.95,11.95,44100,2026-08-27,,,,,,,,
1787800500,12.0,12.0,11.95,12.0,17800,2026-08-27,,,,,,,,
1787800560,12.0,12.0,11.95,11.95,10700,2026-08-27,,,,,,,,
1787800620,12.0,12.0,11.95,11.95,12600,2026-08-27,,,,,,,,
1787800680,11.95,12.0,11.95,11.95,55100,2026-08-27,,,,,,,,
1787800740,12.0,12.0,11.95,12.0,2600,2026-08-27,,,,,,,,
1787800800,12.0,12.0,12.0,12.0,21200,2026-08-27,,,,,,,,
1787800860,12.0,12.0,12.0,12.0,3800,2026-08-27,,,,,,,,
1787800920,12.0,12.0,11.95,12.0,45100,2026-08-27,,,,,,,,
1787800980,12.0,12.0,12.0,12.0,6300,2026-08-27,,,,,,,,
1787801040,12.0,12.0,11.95,12.0,13700,2026-08-27,,,,,,,,
1787801100,12.0,12.0,11.95,12.0,42700,2026-08-27,,,,,,,,
1787801160,12.0,12.0,12.0,12.0,14000,2026-08-27,,,,,,,,
1787801220,12.0,12.0,12.0,12.0,4800,2026-08-27,,,,,,,,
1787801280,12.0,12.0,12.0,12.0,900,2026-08-27,,,,,,,,
1787801340,12.0,12.0,11.95,12.0,55700,2026-08-27,,,,,,,,
1787801400,11.95,12.0,11.95,11.95,35200,2026-08-27,,,,,,,,
1787801460,11.95,12.0,11.95,12.0,15300,2026-08-27,,,,,,,,
1787801520,12.0,12.0,11.95,12.0,56900,2026-08-27,,,,,,,,
1787801580,12.0,12.0,12.0,12.0,7500,2026-08-27,,,,,,,,
1787801640,12.0,12.0,11.95,11.95,23900,2026-08-27,,,,,,,,
1787801700,11.95,12.0,11.95,12.0,14300,2026-08-27,,,,,,,,
1787801760,11.95,12.0,11.95,12.0,42900,2026-08-27,,,,,,,,
1787801820,12.0,12.0,11.95,12.0,13400,2026-08-27,,,,,,,,
1787801880,12.0,12.0,11.95,12.0,6100,2026-08-27,,,,,,,,
1787801940,12.0,12.0,11.95,12.0,44200,2026-08-27,,,,,,,,
1787802000,12.0,12.0,11.95,12.0,2500,2026-08-27,,,,,,,,
1787802060,12.0,12.0,11.95,12.0,16800,2026-08-27,,,,,,,,
1787802120,11.95,12.0,11.95,12.0,8400,2026-08-27,,,,,,,,
1787802180,12.0,12.0,11.95,11.95,53000,2026-08-27,,,,,,,,
1787802240,11.95,12.0,11.95,11.95,67700,2026-08-27,,,,,,,,
1787802300,12.0,12.0,12.0,12.0,13500,2026-08-27,,,,,,,,
1787802360,12.0,12.0,11.95,12.0,48000,2026-08-27,,,,,,,,
1787802420,12.0,12.0,11.95,12.0,28200,2026-08-27,,,,,,,,
1787802480,12.0,12.0,11.95,12.0,18100,2026-08-27,,,,,,,,
1787802540,12.0,12.0,12.0,12.0,3400,2026-08-27,,,,,,,,
1787802600,12.0,12.0,11.95,12.0,46700,2026-08-27,,,,,,,,
1787802660,11.95,12.0,11.95,12.0,1100,2026-08-27,,,,,,,,
1787802720,12.0,12.0,12.0,12.0,10200,2026-08-27,,,,,,,,
1787802780,12.0,12.0,11.95,11.95,48700,2026-08-27,,,,,,,,
1787802840,12.0,12.0,11.95,12.0,2000,2026-08-27,,,,,,,,
1787802900,12.0,12.0,12.0,12.0,1000,2026-08-27,,,,,,,,
1787802960,12.0,12.0,12.0,12.0,10100,2026-08-27,,,,,,,,
1787803020,12.0,12.0,11.95,12.0,45500,2026-08-27,,,,,,,,
1787803080,12.0,12.0,11.95,12.0,11500,2026-08-27,,,,,,,,
1787803140,12.0,12.0,11.95,11.95,8500,2026-08-27,,,,,,,,
1787803200,12.0,12.0,11.95,11.95,15400,2026-08-27,,,,,,,,
1787803260,11.95,12.0,11.95,12.0,60100,2026-08-27,,,,,,,,
1787803320,12.0,12.0,12.0,12.0,4200,2026-08-27,,,,,,,,
1787803380,12.0,12.0,12.0,12.0,4700,2026-08-27,,,,,,,,
1787803440,12.0,12.0,11.95,12.0,41200,2026-08-27,,,,,,,,
1787803500,12.0,12.0,12.0,12.0,3500,2026-08-27,,,,,,,,
1787803560,12.0,12.0,12.0,12.0,900,2026-08-27,,,,,,,,
1787803620,12.0,12.0,12.0,12.0,2800,2026-08-27,,,,,,,,
1787803680,11.95,12.0,11.95,12.0,98400,2026-08-27,,,,,,,,
1787803740,12.0,12.0,11.95,11.95,36400,2026-08-27,,,,,,,,
1787803800,12.0,12.0,12.0,12.0,1800,2026-08-27,,,,,,,,
1787803860,12.0,12.0,11.95,11.95,44400,2026-08-27,,,,,,,,
1787803920,12.0,12.0,12.0,12.0,1200,2026-08-27,,,,,,,,
1787803980,12.0,12.0,12.0,12.0,26500,2026-08-27,,,,,,,,
1787804040,12.0,12.0,11.95,12.0,2600,2026-08-27,,,,,,,,
1787804100,12.0,12.0,11.95,12.0,41200,2026-08-27,,,,,,,,
1787804160,11.95,12.0,11.95,12.0,3400,2026-08-27,,,,,,,,
1787804220,12.0,12.0,11.95,12.0,3700,2026-08-27,,,,,,,,
1787804280,11.95,12.0,11.95,12.0,55400,2026-08-27,,,,,,,,
1787804340,12.0,12.0,12.0,12.0,1300,2026-08-27,,,,,,,,
1787804400,12.0,12.0,11.95,12.0,31600,2026-08-27,,,,,,,,
1787804460,12.0,12.0,12.0,12.0,1500,2026-08-27,,,,,,,,
1787804520,12.0,12.0,11.95,12.0,44700,2026-08-27,,,,,,,,
1787804580,12.0,12.0,12.0,12.0,9800,2026-08-27,,,,,,,,
1787804640,12.0,12.0,11.95,12.0,223700,2026-08-27,,,,,,,,
1787804700,12.0,12.0,11.95,11.95,55600,2026-08-27,,,,,,,,
1787804760,12.0,12.0,12.0,12.0,6500,2026-08-27,,,,,,,,
1787804820,12.0,12.0,11.95,12.0,5000,2026-08-27,,,,,,,,
1787804880,12.0,12.0,12.0,12.0,38900,2026-08-27,,,,,,,,
1787804940,12.0,12.0,11.95,12.0,125900,2026-08-27,,,,,,,,
1787810400,12.0,12.0,11.95,11.95,257000,2026-08-27,,,,,,,,
1787810460,11.95,11.95,11.9,11.95,1948600,2026-08-27,,,,,,,,
1787810520,11.95,11.95,11.95,11.95,48900,2026-08-27,,,,,,,,
1787810580,11.95,11.95,11.95,11.95,10300,2026-08-27,,,,,,,,
1787810640,11.95,11.95,11.9,11.95,706800,2026-08-27,,,,,,,,
1787810700,11.95,11.95,11.9,11.95,112800,2026-08-27,,,,,,,,
1787810760,11.95,11.95,11.9,11.95,362100,2026-08-27,,,,,,,,
1787810820,11.95,12.0,11.95,12.0,330600,2026-08-27,,,,,,,,
1787810880,11.95,11.95,11.9,11.95,246500,2026-08-27,,,,,,,,
1787810940,11.95,11.95,11.9,11.95,111700,2026-08-27,,,,,,,,
1787811000,11.95,11.95,11.9,11.95,63600,2026-08-27,,,,,,,,
1787811060,11.95,11.95,11.95,11.95,32800,2026-08-27,,,,,,,,
1787811120,11.95,11.95,11.9,11.95,193700,2026-08-27,,,,,,,,
1787811180,11.95,11.95,11.9,11.95,761200,2026-08-27,,,,,,,,
1787811240,11.95,11.95,11.9,11.95,164200,2026-08-27,,,,,,,,
1787811300,11.95,12.0,11.9,12.0,230800,2026-08-27,,,,,,,,
1787811360,12.0,12.0,11.9,11.95,95000,2026-08-27,,,,,,,,
1787811420,11.95,11.95,11.9,11.95,179700,2026-08-27,,,,,,,,
1787811480,11.95,11.95,11.9,11.95,84800,2026-08-27,,,,,,,,
1787811540,11.95,11.95,11.9,11.95,192100,2026-08-27,,,,,,,,
1787811600,11.95,11.95,11.9,11.95,282600,2026-08-27,,,,,,,,
1787811660,11.9,12.0,11.9,11.95,110500,2026-08-27,,,,,,,,
1787811720,11.95,12.0,11.9,11.95,252000,2026-08-27,,,,,,,,
1787811780,11.95,11.95,11.9,11.95,87400,2026-08-27,,,,,,,,
1787811840,11.9,11.95,11.9,11.9,14400,2026-08-27,,,,,,,,
1787811900,11.95,11.95,11.9,11.9,6200,2026-08-27,,,,,,,,
1787811960,11.9,11.95,11.9,11.9,235500,2026-08-27,,,,,,,,
1787812020,11.95,11.95,11.9,11.95,76400,2026-08-27,,,,,,,,
1787812080,11.95,12.0,11.9,11.95,376500,2026-08-27,,,,,,,,
1787812140,12.0,12.0,11.9,11.95,331400,2026-08-27,,,,,,,,
1787812200,11.95,11.95,11.9,11.95,208000,2026-08-27,,,,,,,,
1787812260,11.9,11.95,11.9,11.95,148400,2026-08-27,,,,,,,,
1787812320,11.95,12.0,11.9,11.95,550800,2026-08-27,,,,,,,,
1787812380,11.9,11.95,11.9,11.95,200600,2026-08-27,,,,,,,,
1787812440,11.95,11.95,11.9,11.9,269200,2026-08-27,,,,,,,,
1787812500,11.95,11.95,11.9,11.95,256600,2026-08-27,,,,,,,,
1787812560,11.95,11.95,11.9,11.9,340800,2026-08-27,,,,,,,,
1787812620,11.95,11.95,11.9,11.95,22500,2026-08-27,,,,,,,,
1787812680,11.95,11.95,11.9,11.95,107600,2026-08-27,,,,,,,,
1787812740,11.9,11.95,11.9,11.95,86400,2026-08-27,,,,,,,,
1787812800,11.9,11.95,11.9,11.95,60300,2026-08-27,,,,,,,,
1787812860,11.95,11.95,11.9,11.95,192300,2026-08-27,,,,,,,,
1787812920,11.95,11.95,11.9,11.9,69700,2026-08-27,,,,,,,,
1787812980,11.95,11.95,11.9,11.9,28900,2026-08-27,,,,,,,,
1787813040,11.95,11.95,11.9,11.95,40600,2026-08-27,,,,,,,,
1787813100,11.95,11.95,11.9,11.9,120200,2026-08-27,,,,,,,,
1787813160,11.9,11.95,11.9,11.95,19500,2026-08-27,,,,,,,,
1787813220,11.95,11.95,11.9,11.9,61300,2026-08-27,,,,,,,,
1787813280,11.95,11.95,11.9,11.95,86600,2026-08-27,,,,,,,,
1787813340,11.9,11.95,11.9,11.9,143000,2026-08-27,,,,,,,,
1787813400,11.95,11.95,11.9,11.9,49700,2026-08-27,,,,,,,,
1787813460,11.95,11.95,11.9,11.9,35000,2026-08-27,,,,,,,,
1787813520,11.9,11.95,11.9,11.9,67200,2026-08-27,,,,,,,,
1787813580,11.95,11.95,11.9,11.95,2900,2026-08-27,,,,,,,,
1787813640,11.9,11.95,11.9,11.95,52400,2026-08-27,,,,,,,,
1787813700,11.95,11.95,11.9,11.95,14300,2026-08-27,,,,,,,,
1787813760,11.9,11.95,11.9,11.95,71000,2026-08-27,,,,,,,,
1787813820,11.95,11.95,11.9,11.9,6700,2026-08-27,,,,,,,,
1787813880,11.95,11.95,11.9,11.95,243200,2026-08-27,,,,,,,,
1787813940,11.95,11.95,11.9,11.95,512400,2026-08-27,,,,,,,,
1787814000,11.95,12.0,11.9,12.0,2167700,2026-08-27,,,,,,,,
1787814060,11.95,12.0,11.9,11.95,605100,2026-08-27,,,,,,,,
1787814120,11.95,11.95,11.9,11.95,210900,2026-08-27,,,,,,,,
1787814180,11.95,11.95,11.9,11.95,453900,2026-08-27,,,,,,,,
1787814240,11.95,12.0,11.9,11.95,225400,2026-08-27,,,,,,,,
1787814300,11.95,12.0,11.95,11.95,4300,2026-08-27,,,,,,,,
1787814360,12.0,12.0,11.95,11.95,322700,2026-08-27,,,,,,,,
1787814420,11.95,11.95,11.9,11.95,69400,2026-08-27,,,,,,,,
1787814480,11.95,11.95,11.9,11.95,127100,2026-08-27,,,,,,,,
1787814540,11.95,11.95,11.9,11.95,182300,2026-08-27,,,,,,,,
1787814600,11.95,11.95,11.9,11.95,90300,2026-08-27,,,,,,,,
1787814660,11.95,11.95,11.9,11.95,89300,2026-08-27,,,,,,,,
1787814720,11.95,11.95,11.9,11.9,315300,2026-08-27,,,,,,,,
1787814780,11.95,11.95,11.9,11.95,141900,2026-08-27,,,,,,,,
1787814840,11.95,11.95,11.9,11.95,105800,2026-08-27,,,,,,,,
1787814900,11.95,11.95,11.9,11.95,386100,2026-08-27,,,,,,,,
1787814960,11.95,11.95,11.95,11.95,92900,2026-08-27,,,,,,,,
1787815020,11.95,12.0,11.9,11.95,359200,2026-08-27,,,,,,,,
1787815080,11.95,11.95,11.95,11.95,158400,2026-08-27,,,,,,,,
1787815140,11.95,11.95,11.9,11.95,140700,2026-08-27,,,,,,,,
1787815200,11.95,11.95,11.95,11.95,49700,2026-08-27,,,,,,,,
1787815260,11.95,11.95,11.9,11.95,102100,2026-08-27,,,,,,,,
1787815320,11.95,11.95,11.9,11.95,60000,2026-08-27,,,,,,,,
1787815380,11.95,11.95,11.95,11.95,270400,2026-08-27,,,,,,,,
1787815440,11.95,11.95,11.9,11.95,247800,2026-08-27,,,,,,,,
1787815500,11.95,11.95,11.95,11.95,322800,2026-08-27,,,,,,,,
1787815560,11.95,11.95,11.9,11.95,387500,2026-08-27,,,,,,,,
1787815620,11.95,11.95,11.9,11.95,196900,2026-08-27,,,,,,,,
1787815680,12.0,12.0,11.95,11.95,41100,2026-08-27,,,,,,,,
1787815740,12.0,12.0,11.95,12.0,18500,2026-08-27,,,,,,,,
1787816700,11.9,11.9,11.9,11.9,2878600,2026-08-27,,,,,,,,
1787883300,11.9,11.95,11.9,11.9,171100,2026-08-28,,,,,,,,
1787883360,11.9,11.9,11.9,11.9,430600,2026-08-28,,,,,,,,
1787883420,11.9,11.9,11.85,11.9,130100,2026-08-28,,,,,,,,
1787883480,11.9,11.9,11.85,11.9,10600,2026-08-28,,,,,,,,
1787883540,11.9,11.9,11.85,11.9,19000,2026-08-28,,,,,,,,
1787883600,11.9,11.9,11.9,11.9,32900,2026-08-28,,,,,,,,
1787883660,11.9,11.9,11.85,11.9,92400,2026-08-28,,,,,,,,
1787883720,11.9,11.9,11.9,11.9,9500,2026-08-28,,,,,,,,
1787883780,11.9,11.9,11.85,11.9,8400,2026-08-28,,,,,,,,
1787883840,11.85,11.9,11.85,11.85,25700,2026-08-28,,,,,,,,
1787883900,11.9,11.9,11.85,11.9,22100,2026-08-28,,,,,,,,
1787883960,11.9,11.9,11.85,11.9,145700,2026-08-28,,,,,,,,
1787884020,11.9,11.9,11.85,11.9,65400,2026-08-28,,,,,,,,
1787884080,11.9,11.9,11.85,11.9,220700,2026-08-28,,,,,,,,
1787884140,11.9,11.9,11.9,11.9,16300,2026-08-28,,,,,,,,
1787884200,11.9,11.9,11.85,11.9,30800,2026-08-28,,,,,,,,
1787884260,11.9,11.9,11.85,11.85,20700,2026-08-28,,,,,,,,
1787884320,11.9,11.9,11.85,11.9,5000,2026-08-28,,,,,,,,
1787884380,11.9,11.9,11.85,11.9,27600,2026-08-28,,,,,,,,
1787884440,11.85,11.9,11.85,11.9,1174500,2026-08-28,,,,,,,,
1787884500,11.9,11.9,11.85,11.9,309000,2026-08-28,,,,,,,,
1787884560,11.9,11.9,11.85,11.85,1342200,2026-08-28,,,,,,,,
1787884620,11.85,11.9,11.85,11.85,419800,2026-08-28,,,,,,,,
1787884680,11.85,11.85,11.85,11.85,127200,2026-08-28,,,,,,,,
1787884740,11.9,11.9,11.85,11.85,748800,2026-08-28,,,,,,,,
1787884800,11.85,11.85,11.85,11.85,419400,2026-08-28,,,,,,,,
1787884860,11.85,11.9,11.85,11.9,2600,2026-08-28,,,,,,,,
1787884920,11.85,11.9,11.85,11.9,16000,2026-08-28,,,,,,,,
1787884980,11.9,11.95,11.9,11.95,724200,2026-08-28,,,,,,,,
1787885040,11.9,11.95,11.9,11.95,33400,2026-08-28,,,,,,,,
1787885100,11.95,11.95,11.9,11.9,11100,2026-08-28,,,,,,,,
1787885160,11.95,11.95,11.9,11.9,13600,2026-08-28,,,,,,,,
1787885220,11.95,11.95,11.95,11.95,3100,2026-08-28,,,,,,,,
1787885280,11.95,11.95,11.9,11.95,29300,2026-08-28,,,,,,,,
1787885340,11.95,11.95,11.9,11.95,14900,2026-08-28,,,,,,,,
1787885400,11.95,11.95,11.95,11.95,7200,2026-08-28,,,,,,,,
1787885460,11.95,11.95,11.9,11.95,10900,2026-08-28,,,,,,,,
1787885520,11.95,11.95,11.9,11.9,6600,2026-08-28,,,,,,,,
1787885580,11.95,11.95,11.9,11.9,20000,2026-08-28,,,,,,,,
1787885640,11.95,11.95,11.9,11.9,71200,2026-08-28,,,,,,,,
1787885700,11.9,11.9,11.9,11.9,1013900,2026-08-28,,,,,,,,
1787885760,11.9,11.9,11.9,11.9,107600,2026-08-28,,,,,,,,
1787885820,11.9,11.9,11.9,11.9,111500,2026-08-28,,,,,,,,
1787885880,11.9,11.95,11.9,11.95,324500,2026-08-28,,,,,,,,
1787885940,11.95,12.0,11.9,12.0,1195400,2026-08-28,,,,,,,,
1787886000,12.0,12.0,11.95,12.0,1226400,2026-08-28,,,,,,,,
1787886060,12.05,12.05,12.0,12.0,59200,2026-08-28,,,,,,,,
1787886120,12.0,12.05,12.0,12.05,432500,2026-08-28,,,,,,,,
1787886180,12.05,12.05,12.0,12.05,163800,2026-08-28,,,,,,,,
1787886240,12.05,12.1,12.0,12.1,2198600,2026-08-28,,,,,,,,
1787886300,12.1,12.1,12.05,12.05,628900,2026-08-28,,,,,,,,
1787886360,12.05,12.05,12.0,12.05,91600,2026-08-28,,,,,,,,
1787886420,12.05,12.05,12.0,12.05,80400,2026-08-28,,,,,,,,
1787886480,12.05,12.05,12.0,12.05,34600,2026-08-28,,,,,,,,
1787886540,12.05,12.05,12.0,12.05,165600,2026-08-28,,,,,,,,
1787886600,12.05,12.05,12.0,12.0,97400,2026-08-28,,,,,,,,
1787886660,12.0,12.05,12.0,12.05,4600,2026-08-28,,,,,,,,
1787886720,12.05,12.05,12.0,12.05,21700,2026-08-28,,,,,,,,
1787886780,12.05,12.05,12.0,12.05,109600,2026-08-28,,,,,,,,
1787886840,12.05,12.05,12.0,12.05,22300,2026-08-28,,,,,,,,
1787886900,12.05,12.05,12.0,12.05,156200,2026-08-28,,,,,,,,
1787886960,12.05,12.05,12.0,12.0,11300,2026-08-28,,,,,,,,
1787887020,12.0,12.05,12.0,12.05,9700,2026-08-28,,,,,,,,
1787887080,12.0,12.05,12.0,12.05,71100,2026-08-28,,,,,,,,
1787887140,12.05,12.05,11.95,12.0,3779500,2026-08-28,,,,,,,,
1787887200,11.95,12.0,11.95,12.0,11100,2026-08-28,,,,,,,,
1787887260,11.95,12.0,11.95,12.0,19400,2026-08-28,,,,,,,,
1787887320,12.0,12.0,11.95,12.0,20100,2026-08-28,,,,,,,,
1787887380,12.0,12.0,11.95,12.0,100000,2026-08-28,,,,,,,,
1787887440,12.0,12.0,11.95,12.0,33000,2026-08-28,,,,,,,,
1787887500,12.0,12.0,11.95,12.0,44900,2026-08-28,,,,,,,,
1787887560,11.95,12.0,11.95,12.0,157700,2026-08-28,,,,,,,,
1787887620,11.95,12.0,11.95,12.0,68300,2026-08-28,,,,,,,,
1787887680,11.95,12.0,11.95,12.0,18000,2026-08-28,,,,,,,,
1787887740,11.95,12.0,11.95,11.95,11000,2026-08-28,,,,,,,,
1787887800,11.95,12.05,11.95,12.0,232200,2026-08-28,,,,,,,,
1787887860,11.95,12.0,11.95,11.95,15000,2026-08-28,,,,,,,,
1787887920,11.95,12.0,11.95,11.95,26100,2026-08-28,,,,,,,,
1787887980,11.95,12.0,11.95,12.0,14400,2026-08-28,,,,,,,,
1787888040,11.95,12.0,11.95,12.0,13800,2026-08-28,,,,,,,,
1787888100,11.95,12.0,11.95,11.95,4000,2026-08-28,,,,,,,,
1787888160,11.95,12.0,11.95,11.95,36300,2026-08-28,,,,,,,,
1787888220,11.95,11.95,11.95,11.95,4400,2026-08-28,,,,,,,,
1787888280,11.95,12.0,11.95,12.0,102900,2026-08-28,,,,,,,,
1787888340,11.95,12.0,11.95,12.0,3600,2026-08-28,,,,,,,,
1787888400,11.95,12.0,11.95,12.0,5700,2026-08-28,,,,,,,,
1787888460,11.95,12.0,11.95,12.0,49600,2026-08-28,,,,,,,,
1787888520,11.95,12.0,11.95,12.0,14200,2026-08-28,,,,,,,,
1787888580,11.95,12.0,11.95,12.0,16300,2026-08-28,,,,,,,,
1787888640,11.95,12.0,11.95,11.95,26200,2026-08-28,,,,,,,,
1787888700,11.95,12.0,11.95,12.0,6600,2026-08-28,,,,,,,,
1787888760,12.0,12.0,11.95,12.0,10000,2026-08-28,,,,,,,,
1787888820,11.95,12.0,11.95,12.0,30000,2026-08-28,,,,,,,,
1787888880,11.95,12.0,11.95,12.0,16900,2026-08-28,,,,,,,,
1787888940,11.95,12.0,11.95,11.95,12700,2026-08-28,,,,,,,,
1787889000,11.95,12.0,11.95,11.95,23800,2026-08-28,,,,,,,,
1787889060,11.95,12.0,11.95,12.0,29100,2026-08-28,,,,,,,,
1787889120,11.95,12.0,11.95,12.0,20900,2026-08-28,,,,,,,,
1787889180,11.95,12.0,11.95,12.0,14800,2026-08-28,,,,,,,,
1787889240,11.95,12.0,11.95,12.0,19600,2026-08-28,,,,,,,,
1787889300,11.95,12.0,11.95,12.0,1000,2026-08-28,,,,,,,,
1787889360,12.0,12.0,11.95,12.0,21200,2026-08-28,,,,,,,,
1787889420,11.95,12.0,11.95,11.95,2100,2026-08-28,,,,,,,,
1787889480,12.0,12.0,11.95,12.0,28000,2026-08-28,,,,,,,,
1787889540,12.0,12.0,11.95,11.95,6900,2026-08-28,,,,,,,,
1787889600,11.95,12.0,11.95,12.0,2900,2026-08-28,,,,,,,,
1787889660,11.95,12.0,11.95,11.95,5800,2026-08-28,,,,,,,,
1787889720,11.95,12.0,11.95,11.95,8400,2026-08-28,,,,,,,,
1787889780,11.95,11.95,11.95,11.95,137900,2026-08-28,,,,,,,,
1787889840,11.95,11.95,11.95,11.95,3100,2026-08-28,,,,,,,,
1787889900,11.95,12.0,11.95,12.0,24000,2026-08-28,,,,,,,,
1787889960,12.0,12.0,11.95,11.95,10000,2026-08-28,,,,,,,,
1787890020,11.95,11.95,11.95,11.95,50500,2026-08-28,,,,,,,,
1787890080,12.0,12.0,11.95,12.0,5500,2026-08-28,,,,,,,,
1787890140,11.95,11.95,11.95,11.95,700,2026-08-28,,,,,,,,
1787890200,11.95,11.95,11.95,11.95,22600,2026-08-28,,,,,,,,
1787890260,11.95,12.0,11.95,11.95,1900,2026-08-28,,,,,,,,
1787890320,11.95,11.95,11.95,11.95,1200,2026-08-28,,,,,,,,
1787890380,11.95,12.0,11.95,11.95,1600,2026-08-28,,,,,,,,
1787890440,11.95,12.0,11.95,11.95,26600,2026-08-28,,,,,,,,
1787890500,11.95,12.0,11.95,11.95,2900,2026-08-28,,,,,,,,
1787890560,11.95,12.0,11.95,12.0,11000,2026-08-28,,,,,,,,
1787890620,11.95,11.95,11.95,11.95,1200,2026-08-28,,,,,,,,
1787890680,11.95,12.0,11.95,12.0,522900,2026-08-28,,,,,,,,
1787890740,12.0,12.0,11.95,11.95,13800,2026-08-28,,,,,,,,
1787890800,11.95,12.0,11.95,12.0,2700,2026-08-28,,,,,,,,
1787890860,12.0,12.0,11.95,12.0,3200,2026-08-28,,,,,,,,
1787890920,11.95,12.0,11.95,12.0,10700,2026-08-28,,,,,,,,
1787890980,11.95,12.0,11.95,12.0,2700,2026-08-28,,,,,,,,
1787891040,11.95,12.0,11.95,12.0,13200,2026-08-28,,,,,,,,
1787891100,12.0,12.0,11.95,11.95,17400,2026-08-28,,,,,,,,
1787891160,11.95,12.0,11.95,11.95,20600,2026-08-28,,,,,,,,
1787891220,12.0,12.0,11.95,12.0,12700,2026-08-28,,,,,,,,
1787891280,12.0,12.0,11.95,11.95,83600,2026-08-28,,,,,,,,
1787891340,12.0,12.0,11.95,12.0,43800,2026-08-28,,,,,,,,
1787896800,11.95,12.0,11.95,11.95,1470600,2026-08-28,,,,,,,,
1787896860,11.95,12.0,11.95,12.0,621900,2026-08-28,,,,,,,,
1787896920,12.0,12.0,11.95,12.0,708800,2026-08-28,,,,,,,,
1787896980,12.0,12.0,11.95,11.95,12300,2026-08-28,,,,,,,,
1787897040,11.95,12.0,11.95,11.95,4500,2026-08-28,,,,,,,,
1787897100,11.95,12.0,11.95,11.95,153500,2026-08-28,,,,,,,,
1787897160,12.0,12.0,11.95,11.95,32400,2026-08-28,,,,,,,,
1787897220,11.95,12.0,11.95,12.0,22500,2026-08-28,,,,,,,,
1787897280,11.95,12.0,11.95,11.95,5500,2026-08-28,,,,,,,,
1787897340,11.95,12.0,11.95,11.95,9200,2026-08-28,,,,,,,,
1787897400,11.95,12.0,11.95,11.95,39400,2026-08-28,,,,,,,,
1787897460,11.95,12.0,11.95,11.95,12400,2026-08-28,,,,,,,,
1787897520,11.95,12.0,11.95,11.95,26700,2026-08-28,,,,,,,,
1787897580,12.0,12.0,11.95,12.0,23300,2026-08-28,,,,,,,,
1787897640,11.95,12.0,11.95,11.95,4100,2026-08-28,,,,,,,,
1787897700,11.95,12.0,11.95,11.95,8500,2026-08-28,,,,,,,,
1787897760,11.95,12.0,11.95,11.95,100800,2026-08-28,,,,,,,,
1787897820,11.95,12.0,11.95,11.95,716800,2026-08-28,,,,,,,,
1787897880,12.0,12.05,11.95,12.0,432800,2026-08-28,,,,,,,,
1787897940,12.05,12.05,12.0,12.0,29000,2026-08-28,,,,,,,,
1787898000,12.0,12.05,12.0,12.05,26200,2026-08-28,,,,,,,,
1787898060,12.0,12.05,12.0,12.0,542400,2026-08-28,,,,,,,,
1787898120,12.0,12.05,12.0,12.05,19200,2026-08-28,,,,,,,,
1787898180,12.0,12.05,12.0,12.05,39400,2026-08-28,,,,,,,,
1787898240,12.0,12.05,12.0,12.0,89700,2026-08-28,,,,,,,,
1787898300,12.05,12.05,12.0,12.0,14700,2026-08-28,,,,,,,,
1787898360,12.05,12.05,11.95,11.95,1685800,2026-08-28,,,,,,,,
1787898420,12.0,12.0,11.95,11.95,38100,2026-08-28,,,,,,,,
1787898480,12.0,12.05,11.95,12.0,774400,2026-08-28,,,,,,,,
1787898540,12.0,12.05,12.0,12.0,149500,2026-08-28,,,,,,,,
1787898600,12.0,12.05,12.0,12.05,38900,2026-08-28,,,,,,,,
1787898660,12.05,12.05,12.0,12.05,39400,2026-08-28,,,,,,,,
1787898720,12.05,12.05,12.0,12.0,69000,2026-08-28,,,,,,,,
1787898780,12.0,12.05,12.0,12.0,419500,2026-08-28,,,,,,,,
1787898840,12.0,12.05,12.0,12.0,58300,2026-08-28,,,,,,,,
1787898900,12.0,12.05,12.0,12.0,103600,2026-08-28,,,,,,,,
1787898960,12.0,12.05,12.0,12.0,172200,2026-08-28,,,,,,,,
1787899020,12.0,12.05,12.0,12.0,47900,2026-08-28,,,,,,,,
1787899080,12.0,12.05,12.0,12.0,36200,2026-08-28,,,,,,,,
1787899140,12.05,12.05,12.0,12.0,164800,2026-08-28,,,,,,,,
1787899200,12.05,12.05,12.0,12.0,120100,2026-08-28,,,,,,,,
1787899260,12.0,12.05,11.95,11.95,790000,2026-08-28,,,,,,,,
1787899320,11.95,12.0,11.95,12.0,19800,2026-08-28,,,,,,,,
1787899380,12.0,12.0,11.95,12.0,1661400,2026-08-28,,,,,,,,
1787899440,12.0,12.05,11.95,12.05,192800,2026-08-28,,,,,,,,
1787899500,12.0,12.05,12.0,12.05,22600,2026-08-28,,,,,,,,
1787899560,12.05,12.05,12.0,12.05,25300,2026-08-28,,,,,,,,
1787899620,12.05,12.05,12.0,12.0,36600,2026-08-28,,,,,,,,
1787899680,12.05,12.05,12.0,12.05,1086900,2026-08-28,,,,,,,,
1787899740,12.05,12.05,12.0,12.05,825500,2026-08-28,,,,,,,,
1787899800,12.05,12.1,12.0,12.1,3826500,2026-08-28,,,,,,,,
1787899860,12.1,12.1,12.05,12.1,931600,2026-08-28,,,,,,,,
1787899920,12.1,12.15,12.05,12.15,2801300,2026-08-28,,,,,,,,
1787899980,12.15,12.15,12.1,12.15,224100,2026-08-28,,,,,,,,
1787900040,12.15,12.15,12.1,12.15,258700,2026-08-28,,,,,,,,
1787900100,12.15,12.2,12.1,12.15,4002300,2026-08-28,,,,,,,,
1787900160,12.2,12.2,12.15,12.2,3892100,2026-08-28,,,,,,,,
1787900220,12.2,12.2,12.15,12.2,1259300,2026-08-28,,,,,,,,
1787900280,12.2,12.2,12.15,12.2,515100,2026-08-28,,,,,,,,
1787900340,12.15,12.2,12.1,12.15,2030200,2026-08-28,,,,,,,,
1787900400,12.1,12.2,12.1,12.15,947500,2026-08-28,,,,,,,,
1787900460,12.15,12.2,12.1,12.15,1504600,2026-08-28,,,,,,,,
1787900520,12.1,12.15,12.1,12.15,436100,2026-08-28,,,,,,,,
1787900580,12.15,12.2,12.1,12.15,1011300,2026-08-28,,,,,,,,
1787900640,12.15,12.15,12.1,12.15,332200,2026-08-28,,,,,,,,
1787900700,12.15,12.15,12.1,12.15,323200,2026-08-28,,,,,,,,
1787900760,12.15,12.15,12.1,12.15,65800,2026-08-28,,,,,,,,
1787900820,12.15,12.15,12.1,12.15,203400,2026-08-28,,,,,,,,
1787900880,12.15,12.15,12.1,12.15,90500,2026-08-28,,,,,,,,
1787900940,12.15,12.15,12.1,12.15,176900,2026-08-28,,,,,,,,
1787901000,12.15,12.15,12.1,12.15,784700,2026-08-28,,,,,,,,
1787901060,12.15,12.2,12.1,12.2,473800,2026-08-28,,,,,,,,
1787901120,12.2,12.2,12.15,12.2,104600,2026-08-28,,,,,,,,
1787901180,12.2,12.2,12.15,12.2,499200,2026-08-28,,,,,,,,
1787901240,12.2,12.2,12.15,12.2,858100,2026-08-28,,,,,,,,
1787901300,12.2,12.2,12.15,12.2,1042800,2026-08-28,,,,,,,,
1787901360,12.2,12.25,12.15,12.25,957400,2026-08-28,,,,,,,,
1787901420,12.2,12.25,12.2,12.2,1354000,2026-08-28,,,,,,,,
1787901480,12.2,12.25,12.2,12.25,323800,2026-08-28,,,,,,,,
1787901540,12.2,12.25,12.15,12.2,2117000,2026-08-28,,,,,,,,
1787901600,12.2,12.2,12.15,12.2,265400,2026-08-28,,,,,,,,
1787901660,12.2,12.2,12.15,12.2,212600,2026-08-28,,,,,,,,
1787901720,12.2,12.2,12.15,12.2,837600,2026-08-28,,,,,,,,
1787901780,12.2,12.2,12.15,12.2,473100,2026-08-28,,,,,,,,
1787901840,12.2,12.2,12.15,12.15,212300,2026-08-28,,,,,,,,
1787901900,12.2,12.2,12.15,12.2,150900,2026-08-28,,,,,,,,
1787901960,12.2,12.2,12.15,12.2,139600,2026-08-28,,,,,,,,
1787902020,12.2,12.2,12.15,12.2,84400,2026-08-28,,,,,,,,
1787902080,12.2,12.2,12.15,12.2,403200,2026-08-28,,,,,,,,
1787902140,12.2,12.2,12.15,12.2,1244600,2026-08-28,,,,,,,,
1787903100,12.2,12.2,12.2,12.2,4991700,2026-08-28,,,,,,,,
1788401700,12.05,12.1,12.05,12.1,36500,2026-09-03,,,,,,,,
1788401760,12.1,12.15,12.05,12.1,598900,2026-09-03,,,,,,,,
1788401820,12.1,12.15,12.05,12.05,121600,2026-09-03,,,,,,,,
1788401880,12.1,12.1,12.05,12.05,97400,2026-09-03,,,,,,,,
1788401940,12.05,12.1,12.05,12.1,58200,2026-09-03,,,,,,,,
1788402000,12.1,12.1,12.05,12.05,11200,2026-09-03,,,,,,,,
1788402060,12.05,12.1,12.05,12.1,31300,2026-09-03,,,,,,,,
1788402120,12.05,12.1,12.05,12.05,34700,2026-09-03,,,,,,,,
1788402180,12.1,12.1,12.05,12.1,235500,2026-09-03,,,,,,,,
1788402240,12.1,12.1,12.05,12.1,284500,2026-09-03,,,,,,,,
1788402300,12.1,12.1,12.05,12.1,136900,2026-09-03,,,,,,,,
1788402360,12.1,12.1,12.05,12.1,292700,2026-09-03,,,,,,,,
1788402420,12.1,12.1,12.05,12.1,122000,2026-09-03,,,,,,,,
1788402480,12.1,12.1,12.05,12.1,46100,2026-09-03,,,,,,,,
1788402540,12.1,12.1,12.05,12.1,25200,2026-09-03,,,,,,,,
1788402600,12.1,12.1,12.05,12.1,144000,2026-09-03,,,,,,,,
1788402660,12.1,12.1,12.05,12.1,20100,2026-09-03,,,,,,,,
1788402720,12.1,12.1,12.1,12.1,14300,2026-09-03,,,,,,,,
1788402780,12.1,12.1,12.1,12.1,3800,2026-09-03,,,,,,,,
1788402840,12.1,12.1,12.05,12.1,23200,2026-09-03,,,,,,,,
1788402900,12.1,12.1,12.05,12.05,24800,2026-09-03,,,,,,,,
1788402960,12.05,12.1,12.05,12.05,842700,2026-09-03,,,,,,,,
1788403020,12.05,12.05,12.05,12.05,144700,2026-09-03,,,,,,,,
1788403080,12.05,12.1,12.0,12.05,939900,2026-09-03,,,,,,,,
1788403140,12.05,12.05,12.0,12.05,22000,2026-09-03,,,,,,,,
1788403200,12.05,12.05,12.0,12.0,66800,2026-09-03,,,,,,,,
1788403260,12.0,12.05,12.0,12.05,38000,2026-09-03,,,,,,,,
1788403320,12.05,12.05,12.0,12.05,139300,2026-09-03,,,,,,,,
1788403380,12.0,12.05,12.0,12.0,20300,2026-09-03,,,,,,,,
1788403440,12.05,12.05,12.0,12.0,56000,2026-09-03,,,,,,,,
1788403500,12.0,12.05,12.0,12.05,1531900,2026-09-03,,,,,,,,
1788403560,12.0,12.05,12.0,12.05,82400,2026-09-03,,,,,,,,
1788403620,12.05,12.05,12.05,12.05,132500,2026-09-03,,,,,,,,
1788403680,12.05,12.05,12.0,12.05,61000,2026-09-03,,,,,,,,
1788403740,12.05,12.05,12.0,12.0,29500,2026-09-03,,,,,,,,
1788403800,12.05,12.05,12.0,12.05,35700,2026-09-03,,,,,,,,
1788403860,12.0,12.05,12.0,12.0,16200,2026-09-03,,,,,,,,
1788403920,12.0,12.05,12.0,12.0,14300,2026-09-03,,,,,,,,
1788403980,12.0,12.05,12.0,12.0,3500,2026-09-03,,,,,,,,
1788404040,12.05,12.05,12.0,12.0,41000,2026-09-03,,,,,,,,
1788404100,12.05,12.05,12.0,12.05,15400,2026-09-03,,,,,,,,
1788404160,12.05,12.05,12.0,12.05,9300,2026-09-03,,,,,,,,
1788404220,12.0,12.05,12.0,12.0,5900,2026-09-03,,,,,,,,
1788404280,12.0,12.05,12.0,12.05,8900,2026-09-03,,,,,,,,
1788404340,12.05,12.05,12.0,12.0,28300,2026-09-03,,,,,,,,
1788404400,12.05,12.05,12.0,12.0,2400,2026-09-03,,,,,,,,
1788404460,12.0,12.05,12.0,12.0,28200,2026-09-03,,,,,,,,
1788404520,12.05,12.05,12.0,12.05,3100,2026-09-03,,,,,,,,
1788404580,12.05,12.05,12.05,12.05,10400,2026-09-03,,,,,,,,
1788404640,12.05,12.05,12.0,12.0,28400,2026-09-03,,,,,,,,
1788404700,12.0,12.05,12.0,12.05,50400,2026-09-03,,,,,,,,
1788404760,12.05,12.05,12.0,12.05,11500,2026-09-03,,,,,,,,
1788404820,12.05,12.05,12.0,12.05,37200,2026-09-03,,,,,,,,
1788404880,12.0,12.05,12.0,12.0,38700,2026-09-03,,,,,,,,
1788404940,12.05,12.05,12.0,12.0,32600,2026-09-03,,,,,,,,
1788405000,12.05,12.05,12.0,12.05,11100,2026-09-03,,,,,,,,
1788405060,12.05,12.05,12.0,12.0,15800,2026-09-03,,,,,,,,
1788405120,12.0,12.05,12.0,12.05,800,2026-09-03,,,,,,,,
1788405180,12.0,12.05,12.0,12.05,521100,2026-09-03,,,,,,,,
1788405240,12.0,12.05,12.0,12.0,22400,2026-09-03,,,,,,,,
1788405300,12.05,12.05,12.0,12.0,149700,2026-09-03,,,,,,,,
1788405360,12.05,12.05,12.0,12.0,31900,2026-09-03,,,,,,,,
1788405420,12.0,12.0,12.0,12.0,87600,2026-09-03,,,,,,,,
1788405480,12.0,12.05,12.0,12.0,24600,2026-09-03,,,,,,,,
1788405540,12.05,12.05,12.0,12.0,95600,2026-09-03,,,,,,,,
1788405600,12.0,12.05,12.0,12.05,144400,2026-09-03,,,,,,,,
1788405660,12.05,12.05,12.0,12.0,16700,2026-09-03,,,,,,,,
1788405720,12.0,12.0,12.0,12.0,465900,2026-09-03,,,,,,,,
1788405780,12.0,12.05,12.0,12.0,140300,2026-09-03,,,,,,,,
1788405840,12.0,12.0,12.0,12.0,294300,2026-09-03,,,,,,,,
1788405900,12.0,12.05,12.0,12.0,500500,2026-09-03,,,,,,,,
1788405960,12.0,12.05,12.0,12.0,93300,2026-09-03,,,,,,,,
1788406020,12.0,12.0,11.95,12.0,30700,2026-09-03,,,,,,,,
1788406080,12.0,12.05,12.0,12.05,5000,2026-09-03,,,,,,,,
1788406140,12.0,12.0,12.0,12.0,7200,2026-09-03,,,,,,,,
1788406200,12.0,12.05,12.0,12.0,9800,2026-09-03,,,,,,,,
1788406260,12.05,12.05,12.0,12.0,14300,2026-09-03,,,,,,,,
1788406320,12.0,12.0,12.0,12.0,1600,2026-09-03,,,,,,,,
1788406380,12.05,12.05,12.0,12.0,20000,2026-09-03,,,,,,,,
1788406440,12.0,12.0,12.0,12.0,19300,2026-09-03,,,,,,,,
1788406500,12.0,12.05,12.0,12.0,6800,2026-09-03,,,,,,,,
1788406560,12.0,12.0,12.0,12.0,100,2026-09-03,,,,,,,,
1788406620,12.0,12.05,12.0,12.0,57900,2026-09-03,,,,,,,,
1788406680,12.0,12.0,12.0,12.0,5600,2026-09-03,,,,,,,,
1788406740,12.0,12.0,12.0,12.0,105600,2026-09-03,,,,,,,,
1788406800,12.0,12.05,12.0,12.05,30100,2026-09-03,,,,,,,,
1788406860,12.05,12.05,12.05,12.05,1400,2026-09-03,,,,,,,,
1788406920,12.05,12.05,12.0,12.0,2900,2026-09-03,,,,,,,,
1788406980,12.05,12.05,12.05,12.05,53200,2026-09-03,,,,,,,,
1788407040,12.05,12.05,12.0,12.05,42400,2026-09-03,,,,,,,,
1788407100,12.05,12.05,12.05,12.05,1500,2026-09-03,,,,,,,,
1788407160,12.05,12.05,12.05,12.05,9900,2026-09-03,,,,,,,,
1788407220,12.05,12.05,12.0,12.05,13400,2026-09-03,,,,,,,,
1788407280,12.05,12.05,12.0,12.0,52700,2026-09-03,,,,,,,,
1788407340,12.0,12.05,12.0,12.0,9900,2026-09-03,,,,,,,,
1788407400,12.0,12.05,12.0,12.0,87700,2026-09-03,,,,,,,,
1788407460,12.05,12.05,12.05,12.05,400,2026-09-03,,,,,,,,
1788407520,12.05,12.05,12.05,12.05,1800,2026-09-03,,,,,,,,
1788407580,12.05,12.05,12.0,12.05,18400,2026-09-03,,,,,,,,
1788407640,12.0,12.05,12.0,12.0,31300,2026-09-03,,,,,,,,
1788407700,12.05,12.05,12.05,12.05,1000,2026-09-03,,,,,,,,
1788407760,12.05,12.05,12.05,12.05,2800,2026-09-03,,,,,,,,
1788407820,12.05,12.05,12.0,12.05,11400,2026-09-03,,,,,,,,
1788407880,12.05,12.05,12.05,12.05,2900,2026-09-03,,,,,,,,
1788407940,12.05,12.05,12.0,12.05,17800,2026-09-03,,,,,,,,
1788408000,12.0,12.05,12.0,12.05,27000,2026-09-03,,,,,,,,
1788408060,12.05,12.05,12.0,12.05,74800,2026-09-03,,,,,,,,
1788408120,12.05,12.05,12.05,12.05,5500,2026-09-03,,,,,,,,
1788408180,12.05,12.05,12.05,12.05,55600,2026-09-03,,,,,,,,
1788408240,12.05,12.05,12.0,12.05,18700,2026-09-03,,,,,,,,
1788408300,12.05,12.05,12.05,12.05,2400,2026-09-03,,,,,,,,
1788408360,12.05,12.05,12.0,12.0,12200,2026-09-03,,,,,,,,
1788408420,12.0,12.0,12.0,12.0,2000,2026-09-03,,,,,,,,
1788408480,12.05,12.05,12.05,12.05,700,2026-09-03,,,,,,,,
1788408540,12.0,12.05,12.0,12.0,30500,2026-09-03,,,,,,,,
1788408600,12.0,12.05,12.0,12.0,11500,2026-09-03,,,,,,,,
1788408660,12.0,12.05,12.0,12.05,1200,2026-09-03,,,,,,,,
1788408720,12.05,12.05,12.0,12.05,16300,2026-09-03,,,,,,,,
1788408780,12.05,12.05,12.0,12.05,3600,2026-09-03,,,,,,,,
1788408840,12.0,12.0,12.0,12.0,21500,2026-09-03,,,,,,,,
1788408900,12.0,12.05,12.0,12.0,4600,2026-09-03,,,,,,,,
1788408960,12.0,12.0,12.0,12.0,800,2026-09-03,,,,,,,,
1788409020,12.05,12.05,12.0,12.0,28000,2026-09-03,,,,,,,,
1788409080,12.0,12.0,12.0,12.0,2600,2026-09-03,,,,,,,,
1788409140,12.05,12.05,12.0,12.05,10500,2026-09-03,,,,,,,,
1788409200,12.05,12.05,12.0,12.05,9300,2026-09-03,,,,,,,,
1788409260,12.05,12.05,12.05,12.05,3100,2026-09-03,,,,,,,,
1788409320,12.05,12.05,12.05,12.05,423000,2026-09-03,,,,,,,,
1788409380,12.05,12.05,12.0,12.05,80300,2026-09-03,,,,,,,,
1788409440,12.05,12.05,12.05,12.05,157100,2026-09-03,,,,,,,,
1788409500,12.05,12.05,12.05,12.05,21300,2026-09-03,,,,,,,,
1788409560,12.05,12.05,12.0,12.05,11300,2026-09-03,,,,,,,,
1788409620,12.05,12.05,12.05,12.05,4600,2026-09-03,,,,,,,,
1788409680,12.05,12.05,12.05,12.05,13500,2026-09-03,,,,,,,,
1788409740,12.05,12.05,12.0,12.0,11200,2026-09-03,,,,,,,,
1788415200,12.0,12.05,12.0,12.05,131000,2026-09-03,,,,,,,,
1788415260,12.05,12.05,12.0,12.05,22400,2026-09-03,,,,,,,,
1788415320,12.0,12.05,12.0,12.05,23200,2026-09-03,,,,,,,,
1788415380,12.05,12.05,12.05,12.05,1000,2026-09-03,,,,,,,,
1788415440,12.05,12.05,12.05,12.05,5000,2026-09-03,,,,,,,,
1788415500,12.0,12.05,12.0,12.05,17700,2026-09-03,,,,,,,,
1788415560,12.05,12.05,12.0,12.05,4500,2026-09-03,,,,,,,,
1788415620,12.05,12.05,12.0,12.05,18100,2026-09-03,,,,,,,,
1788415680,12.05,12.05,12.0,12.05,15200,2026-09-03,,,,,,,,
1788415740,12.05,12.05,12.0,12.05,15700,2026-09-03,,,,,,,,
1788415800,12.05,12.05,12.0,12.05,24300,2026-09-03,,,,,,,,
1788415860,12.05,12.05,12.0,12.0,10800,2026-09-03,,,,,,,,
1788415920,12.05,12.05,12.0,12.05,55000,2026-09-03,,,,,,,,
1788415980,12.0,12.05,12.0,12.0,30700,2026-09-03,,,,,,,,
1788416040,12.05,12.05,12.0,12.0,8800,2026-09-03,,,,,,,,
1788416100,12.0,12.05,12.0,12.05,16600,2026-09-03,,,,,,,,
1788416160,12.05,12.05,12.0,12.05,62700,2026-09-03,,,,,,,,
1788416220,12.05,12.05,12.0,12.05,98300,2026-09-03,,,,,,,,
1788416280,12.0,12.05,12.0,12.0,54500,2026-09-03,,,,,,,,
1788416340,12.05,12.05,12.0,12.05,7900,2026-09-03,,,,,,,,
1788416400,12.05,12.05,12.0,12.05,160300,2026-09-03,,,,,,,,
1788416460,12.0,12.05,12.0,12.05,308500,2026-09-03,,,,,,,,
1788416520,12.0,12.05,12.0,12.0,46600,2026-09-03,,,,,,,,
1788416580,12.0,12.0,11.95,12.0,1717500,2026-09-03,,,,,,,,
1788416640,12.0,12.0,11.95,12.0,505400,2026-09-03,,,,,,,,
1788416700,12.0,12.0,11.95,12.0,17800,2026-09-03,,,,,,,,
1788416760,12.0,12.0,11.95,11.95,20200,2026-09-03,,,,,,,,
1788416820,12.0,12.0,11.95,12.0,17100,2026-09-03,,,,,,,,
1788416880,12.0,12.0,12.0,12.0,2100,2026-09-03,,,,,,,,
1788416940,12.0,12.0,11.95,11.95,34200,2026-09-03,,,,,,,,
1788417000,11.95,11.95,11.95,11.95,9100,2026-09-03,,,,,,,,
1788417060,11.95,12.0,11.95,12.0,10000,2026-09-03,,,,,,,,
1788417120,12.0,12.0,11.95,12.0,17500,2026-09-03,,,,,,,,
1788417180,12.0,12.0,11.95,12.0,8800,2026-09-03,,,,,,,,
1788417240,12.0,12.0,11.95,11.95,15500,2026-09-03,,,,,,,,
1788417300,11.95,12.0,11.95,12.0,24800,2026-09-03,,,,,,,,
1788417360,12.0,12.0,11.95,12.0,954800,2026-09-03,,,,,,,,
1788417420,12.0,12.0,11.95,12.0,414000,2026-09-03,,,,,,,,
1788417480,12.0,12.0,11.95,12.0,75400,2026-09-03,,,,,,,,
1788417540,12.0,12.0,11.95,11.95,73100,2026-09-03,,,,,,,,
1788417600,11.95,12.0,11.95,11.95,32900,2026-09-03,,,,,,,,
1788417660,11.95,12.0,11.95,11.95,3100,2026-09-03,,,,,,,,
1788417720,11.95,12.0,11.95,11.95,23000,2026-09-03,,,,,,,,
1788417780,11.95,12.0,11.95,12.0,30700,2026-09-03,,,,,,,,
1788417840,12.0,12.0,11.95,12.0,13300,2026-09-03,,,,,,,,
1788417900,12.0,12.0,11.95,12.0,8200,2026-09-03,,,,,,,,
1788417960,12.0,12.0,12.0,12.0,34000,2026-09-03,,,,,,,,
1788418020,12.0,12.0,12.0,12.0,13300,2026-09-03,,,,,,,,
1788418080,12.0,12.0,12.0,12.0,35900,2026-09-03,,,,,,,,
1788418140,12.0,12.0,11.95,11.95,37000,2026-09-03,,,,,,,,
1788418200,11.95,12.0,11.95,12.0,263100,2026-09-03,,,,,,,,
1788418260,11.95,12.0,11.95,12.0,1276600,2026-09-03,,,,,,,,
1788418320,12.0,12.0,12.0,12.0,175900,2026-09-03,,,,,,,,
1788418380,12.0,12.0,12.0,12.0,172800,2026-09-03,,,,,,,,
1788418440,12.0,12.0,11.95,12.0,51100,2026-09-03,,,,,,,,
1788418500,12.0,12.0,12.0,12.0,176800,2026-09-03,,,,,,,,
1788418560,12.0,12.0,12.0,12.0,570800,2026-09-03,,,,,,,,
1788418620,12.0,12.0,12.0,12.0,163900,2026-09-03,,,,,,,,
1788418680,12.0,12.0,12.0,12.0,76300,2026-09-03,,,,,,,,
1788418740,12.0,12.05,12.0,12.05,8100,2026-09-03,,,,,,,,
1788418800,12.05,12.05,12.05,12.05,3200,2026-09-03,,,,,,,,
1788418860,12.05,12.05,12.0,12.0,8300,2026-09-03,,,,,,,,
1788418920,12.0,12.0,12.0,12.0,2500,2026-09-03,,,,,,,,
1788418980,12.0,12.0,12.0,12.0,5000,2026-09-03,,,,,,,,
1788419040,12.0,12.0,12.0,12.0,105100,2026-09-03,,,,,,,,
1788419100,12.0,12.0,12.0,12.0,369400,2026-09-03,,,,,,,,
1788419160,12.0,12.0,12.0,12.0,180600,2026-09-03,,,,,,,,
1788419220,12.0,12.0,12.0,12.0,37600,2026-09-03,,,,,,,,
1788419280,12.0,12.0,11.95,12.0,17300,2026-09-03,,,,,,,,
1788419340,12.0,12.0,12.0,12.0,124400,2026-09-03,,,,,,,,
1788419400,12.0,12.0,12.0,12.0,69000,2026-09-03,,,,,,,,
1788419460,11.95,12.0,11.95,11.95,50300,2026-09-03,,,,,,,,
1788419520,11.95,12.0,11.95,12.0,17600,2026-09-03,,,,,,,,
1788419580,12.0,12.0,11.95,12.0,115100,2026-09-03,,,,,,,,
1788419640,12.0,12.0,11.95,11.95,16300,2026-09-03,,,,,,,,
1788419700,12.0,12.0,12.0,12.0,7500,2026-09-03,,,,,,,,
1788419760,12.0,12.0,11.95,11.95,37900,2026-09-03,,,,,,,,
1788419820,11.95,12.0,11.95,12.0,12900,2026-09-03,,,,,,,,
1788419880,11.95,12.0,11.95,12.0,19300,2026-09-03,,,,,,,,
1788419940,11.95,12.0,11.95,12.0,22900,2026-09-03,,,,,,,,
1788420000,12.0,12.0,11.95,11.95,3500,2026-09-03,,,,,,,,
1788420060,11.95,12.0,11.95,11.95,118800,2026-09-03,,,,,,,,
1788420120,12.0,12.0,11.95,12.0,517700,2026-09-03,,,,,,,,
1788420180,11.95,12.0,11.95,12.0,15000,2026-09-03,,,,,,,,
1788420240,12.0,12.0,12.0,12.0,285600,2026-09-03,,,,,,,,
1788420300,12.0,12.0,11.95,12.0,27300,2026-09-03,,,,,,,,
1788420360,12.0,12.0,12.0,12.0,226600,2026-09-03,,,,,,,,
1788420420,12.0,12.05,12.0,12.0,134300,2026-09-03,,,,,,,,
1788420480,12.0,12.0,11.95,12.0,156500,2026-09-03,,,,,,,,
1788420540,12.0,12.0,11.95,12.0,28900,2026-09-03,,,,,,,,
1788421500,11.95,11.95,11.95,11.95,5698500,2026-09-03,,,,,,,,
1788488100,11.95,12.0,11.95,12.0,310000,2026-09-04,,,,,,,,
1788488160,12.0,12.0,12.0,12.0,214300,2026-09-04,,,,,,,,
1788488220,12.0,12.05,12.0,12.0,96500,2026-09-04,,,,,,,,
1788488280,12.0,12.0,12.0,12.0,20100,2026-09-04,,,,,,,,
1788488340,12.0,12.0,11.95,12.0,262700,2026-09-04,,,,,,,,
1788488400,12.0,12.0,12.0,12.0,103100,2026-09-04,,,,,,,,
1788488460,12.0,12.0,12.0,12.0,53600,2026-09-04,,,,,,,,
1788488520,12.0,12.0,11.95,12.0,9700,2026-09-04,,,,,,,,
1788488580,12.0,12.0,11.95,12.0,27900,2026-09-04,,,,,,,,
1788488640,11.95,12.0,11.95,12.0,278900,2026-09-04,,,,,,,,
1788488700,12.0,12.0,11.95,12.0,50900,2026-09-04,,,,,,,,
1788488760,12.0,12.0,11.95,12.0,53800,2026-09-04,,,,,,,,
1788488820,12.0,12.0,12.0,12.0,273200,2026-09-04,,,,,,,,
1788488880,12.0,12.05,12.0,12.0,463700,2026-09-04,,,,,,,,
1788488940,12.0,12.0,11.95,12.0,102400,2026-09-04,,,,,,,,
1788489000,12.0,12.0,11.95,11.95,25900,2026-09-04,,,,,,,,
1788489060,12.0,12.0,11.95,11.95,22000,2026-09-04,,,,,,,,
1788489120,12.0,12.0,12.0,12.0,52500,2026-09-04,,,,,,,,
1788489180,12.0,12.0,11.95,12.0,13000,2026-09-04,,,,,,,,
1788489240,12.0,12.0,12.0,12.0,221000,2026-09-04,,,,,,,,
1788489300,12.0,12.0,12.0,12.0,5900,2026-09-04,,,,,,,,
1788489360,12.0,12.0,12.0,12.0,12400,2026-09-04,,,,,,,,
1788489420,12.0,12.0,11.95,12.0,17400,2026-09-04,,,,,,,,
1788489480,12.0,12.0,12.0,12.0,11300,2026-09-04,,,,,,,,
1788489540,12.0,12.0,12.0,12.0,27800,2026-09-04,,,,,,,,
1788489600,12.0,12.0,12.0,12.0,20600,2026-09-04,,,,,,,,
1788489660,12.0,12.0,11.95,12.0,22800,2026-09-04,,,,,,,,
1788489720,12.0,12.0,12.0,12.0,10100,2026-09-04,,,,,,,,
1788489780,12.0,12.0,11.95,12.0,5800,2026-09-04,,,,,,,,
1788489840,12.0,12.0,11.95,11.95,2100,2026-09-04,,,,,,,,
1788489900,11.95,11.95,11.95,11.95,105600,2026-09-04,,,,,,,,
1788489960,12.0,12.0,11.95,12.0,29100,2026-09-04,,,,,,,,
1788490020,12.0,12.0,11.95,11.95,21600,2026-09-04,,,,,,,,
1788490080,11.95,12.0,11.95,11.95,41100,2026-09-04,,,,,,,,
1788490140,11.95,12.0,11.95,11.95,27000,2026-09-04,,,,,,,,
1788490200,11.95,12.0,11.95,11.95,44700,2026-09-04,,,,,,,,
1788490260,12.0,12.0,11.95,11.95,42000,2026-09-04,,,,,,,,
1788490320,12.0,12.0,11.95,12.0,12400,2026-09-04,,,,,,,,
1788490380,11.95,11.95,11.95,11.95,78900,2026-09-04,,,,,,,,
1788490440,11.95,11.95,11.95,11.95,32400,2026-09-04,,,,,,,,
1788490500,11.95,11.95,11.95,11.95,17500,2026-09-04,,,,,,,,
1788490560,11.95,11.95,11.95,11.95,5100,2026-09-04,,,,,,,,
1788490620,12.0,12.0,11.95,11.95,5200,2026-09-04,,,,,,,,
1788490680,11.95,12.0,11.95,12.0,269100,2026-09-04,,,,,,,,
1788490740,11.95,12.0,11.95,12.0,9400,2026-09-04,,,,,,,,
1788490800,12.0,12.0,11.95,11.95,30200,2026-09-04,,,,,,,,
1788490860,11.95,11.95,11.95,11.95,27900,2026-09-04,,,,,,,,
1788490920,11.95,11.95,11.95,11.95,180300,2026-09-04,,,,,,,,
1788490980,11.95,12.0,11.95,12.0,12200,2026-09-04,,,,,,,,
1788491040,11.95,12.0,11.95,12.0,12300,2026-09-04,,,,,,,,
1788491100,11.95,12.0,11.95,11.95,22000,2026-09-04,,,,,,,,
1788491160,11.95,11.95,11.95,11.95,6200,2026-09-04,,,,,,,,
1788491220,11.95,11.95,11.95,11.95,14700,2026-09-04,,,,,,,,
1788491280,12.0,12.0,11.95,11.95,29400,2026-09-04,,,,,,,,
1788491340,11.95,11.95,11.95,11.95,30700,2026-09-04,,,,,,,,
1788491400,12.0,12.0,11.95,11.95,10200,2026-09-04,,,,,,,,
1788491460,11.95,12.0,11.95,11.95,16800,2026-09-04,,,,,,,,
1788491520,11.95,12.0,11.95,11.95,15800,2026-09-04,,,,,,,,
1788491580,11.95,12.0,11.95,12.0,2300,2026-09-04,,,,,,,,
1788491640,12.0,12.0,12.0,12.0,27100,2026-09-04,,,,,,,,
1788491700,12.0,12.0,11.95,12.0,6600,2026-09-04,,,,,,,,
1788491760,12.0,12.0,12.0,12.0,2000,2026-09-04,,,,,,,,
1788491820,12.0,12.0,11.95,12.0,64000,2026-09-04,,,,,,,,
1788491880,12.0,12.0,11.95,12.0,14100,2026-09-04,,,,,,,,
1788491940,12.0,12.0,11.95,11.95,11000,2026-09-04,,,,,,,,
1788492000,12.0,12.0,12.0,12.0,2000,2026-09-04,,,,,,,,
1788492060,11.95,12.0,11.95,11.95,31300,2026-09-04,,,,,,,,
1788492120,12.0,12.0,11.95,11.95,1300,2026-09-04,,,,,,,,
1788492180,12.0,12.0,11.95,12.0,13600,2026-09-04,,,,,,,,
1788492240,12.0,12.0,11.95,11.95,15000,2026-09-04,,,,,,,,
1788492300,12.0,12.0,12.0,12.0,500,2026-09-04,,,,,,,,
1788492360,11.95,12.0,11.95,12.0,31900,2026-09-04,,,,,,,,
1788492420,11.95,12.0,11.95,12.0,217300,2026-09-04,,,,,,,,
1788492480,12.0,12.0,11.95,12.0,111000,2026-09-04,,,,,,,,
1788492540,12.0,12.0,11.95,12.0,89500,2026-09-04,,,,,,,,
1788492600,12.0,12.0,11.95,12.0,35100,2026-09-04,,,,,,,,
1788492660,12.0,12.0,11.95,12.0,6500,2026-09-04,,,,,,,,
1788492720,12.0,12.0,12.0,12.0,300,2026-09-04,,,,,,,,
1788492780,12.0,12.0,11.95,12.0,10500,2026-09-04,,,,,,,,
1788492840,12.0,12.0,11.95,11.95,31800,2026-09-04,,,,,,,,
1788492900,11.95,12.0,11.95,12.0,16800,2026-09-04,,,,,,,,
1788492960,11.95,12.0,11.95,12.0,7600,2026-09-04,,,,,,,,
1788493020,12.0,12.0,11.95,12.0,1300,2026-09-04,,,,,,,,
1788493080,12.0,12.0,11.95,12.0,7400,2026-09-04,,,,,,,,
1788493140,12.0,12.0,11.95,12.0,208500,2026-09-04,,,,,,,,
1788493200,11.95,12.0,11.95,12.0,506000,2026-09-04,,,,,,,,
1788493260,12.0,12.05,11.95,12.05,537300,2026-09-04,,,,,,,,
1788493320,12.0,12.05,12.0,12.0,20200,2026-09-04,,,,,,,,
1788493380,12.0,12.05,12.0,12.0,7600,2026-09-04,,,,,,,,
1788493440,12.0,12.0,12.0,12.0,45800,2026-09-04,,,,,,,,
1788493500,12.0,12.0,12.0,12.0,19200,2026-09-04,,,,,,,,
1788493560,12.0,12.0,11.95,12.0,190600,2026-09-04,,,,,,,,
1788493620,12.0,12.0,12.0,12.0,81600,2026-09-04,,,,,,,,
1788493680,12.0,12.0,12.0,12.0,10800,2026-09-04,,,,,,,,
1788493740,12.0,12.05,12.0,12.0,61900,2026-09-04,,,,,,,,
1788493800,12.0,12.0,12.0,12.0,16200,2026-09-04,,,,,,,,
1788493860,12.0,12.0,11.95,11.95,137300,2026-09-04,,,,,,,,
1788493920,11.95,12.0,11.95,12.0,3700,2026-09-04,,,,,,,,
1788493980,11.95,12.0,11.95,12.0,21600,2026-09-04,,,,,,,,
1788494040,12.0,12.0,12.0,12.0,5900,2026-09-04,,,,,,,,
1788494100,11.95,12.0,11.95,11.95,5600,2026-09-04,,,,,,,,
1788494160,11.95,12.0,11.95,12.0,1400,2026-09-04,,,,,,,,
1788494220,12.0,12.0,12.0,12.0,800,2026-09-04,,,,,,,,
1788494280,12.0,12.0,11.95,11.95,1500,2026-09-04,,,,,,,,
1788494340,12.0,12.0,11.95,11.95,57500,2026-09-04,,,,,,,,
1788494400,11.95,12.0,11.95,12.0,54100,2026-09-04,,,,,,,,
1788494460,12.0,12.0,11.95,11.95,300,2026-09-04,,,,,,,,
1788494520,12.0,12.0,12.0,12.0,1177300,2026-09-04,,,,,,,,
1788494580,12.0,12.0,12.0,12.0,52400,2026-09-04,,,,,,,,
1788494640,12.0,12.05,12.0,12.05,13100,2026-09-04,,,,,,,,
1788494700,12.0,12.0,12.0,12.0,100,2026-09-04,,,,,,,,
1788494760,12.0,12.0,12.0,12.0,11400,2026-09-04,,,,,,,,
1788494820,12.0,12.0,12.0,12.0,1000,2026-09-04,,,,,,,,
1788494880,12.0,12.0,12.0,12.0,57600,2026-09-04,,,,,,,,
1788494940,12.0,12.05,12.0,12.0,27700,2026-09-04,,,,,,,,
1788495000,12.0,12.05,12.0,12.0,238000,2026-09-04,,,,,,,,
1788495060,12.0,12.05,12.0,12.0,20600,2026-09-04,,,,,,,,
1788495120,12.0,12.0,12.0,12.0,2200,2026-09-04,,,,,,,,
1788495180,12.0,12.0,12.0,12.0,14800,2026-09-04,,,,,,,,
1788495240,12.0,12.0,12.0,12.0,10400,2026-09-04,,,,,,,,
1788495300,12.0,12.05,12.0,12.05,7700,2026-09-04,,,,,,,,
1788495360,12.0,12.0,12.0,12.0,8600,2026-09-04,,,,,,,,
1788495420,12.0,12.0,12.0,12.0,11500,2026-09-04,,,,,,,,
1788495480,12.0,12.0,12.0,12.0,28200,2026-09-04,,,,,,,,
1788495540,12.0,12.0,12.0,12.0,21600,2026-09-04,,,,,,,,
1788495600,12.0,12.05,12.0,12.0,39100,2026-09-04,,,,,,,,
1788495660,12.0,12.0,12.0,12.0,129600,2026-09-04,,,,,,,,
1788495720,12.0,12.05,12.0,12.0,118000,2026-09-04,,,,,,,,
1788495780,12.0,12.0,12.0,12.0,239900,2026-09-04,,,,,,,,
1788495840,12.0,12.0,11.95,12.0,121700,2026-09-04,,,,,,,,
1788495900,12.05,12.05,12.0,12.05,59100,2026-09-04,,,,,,,,
1788495960,12.0,12.0,12.0,12.0,92100,2026-09-04,,,,,,,,
1788496020,12.0,12.05,12.0,12.0,52600,2026-09-04,,,,,,,,
1788496080,12.0,12.0,12.0,12.0,22100,2026-09-04,,,,,,,,
1788496140,12.0,12.0,12.0,12.0,4500,2026-09-04,,,,,,,,
1788501600,12.0,12.0,11.95,12.0,93100,2026-09-04,,,,,,,,
1788501660,12.0,12.0,11.95,11.95,78300,2026-09-04,,,,,,,,
1788501720,11.95,12.0,11.9,11.9,2540300,2026-09-04,,,,,,,,
1788501780,11.9,11.95,11.9,11.95,1526100,2026-09-04,,,,,,,,
1788501840,12.0,12.0,11.9,11.9,2679100,2026-09-04,,,,,,,,
1788501900,11.95,11.95,11.95,11.95,144200,2026-09-04,,,,,,,,
1788501960,11.95,11.95,11.9,11.95,909700,2026-09-04,,,,,,,,
1788502020,11.95,12.0,11.9,12.0,2614300,2026-09-04,,,,,,,,
1788502080,12.0,12.0,11.95,12.0,86000,2026-09-04,,,,,,,,
1788502140,12.0,12.0,11.95,12.0,116600,2026-09-04,,,,,,,,
1788502200,12.0,12.0,11.95,12.0,1035600,2026-09-04,,,,,,,,
1788502260,12.0,12.0,11.95,11.95,750100,2026-09-04,,,,,,,,
1788502320,12.0,12.0,11.95,12.0,412900,2026-09-04,,,,,,,,
1788502380,12.0,12.0,11.95,12.0,96800,2026-09-04,,,,,,,,
1788502440,12.0,12.0,11.95,11.95,317900,2026-09-04,,,,,,,,
1788502500,12.0,12.0,11.95,11.95,31500,2026-09-04,,,,,,,,
1788502560,12.0,12.0,11.95,11.95,2263800,2026-09-04,,,,,,,,
1788502620,11.95,12.0,11.9,11.95,965900,2026-09-04,,,,,,,,
1788502680,12.0,12.0,11.95,12.0,532600,2026-09-04,,,,,,,,
1788502740,11.95,12.0,11.95,12.0,680700,2026-09-04,,,,,,,,
1788502800,12.0,12.0,11.95,11.95,437300,2026-09-04,,,,,,,,
1788502860,12.0,12.0,12.0,12.0,455300,2026-09-04,,,,,,,,
1788502920,12.0,12.0,11.95,12.0,67900,2026-09-04,,,,,,,,
1788502980,12.0,12.0,11.95,12.0,45800,2026-09-04,,,,,,,,
1788503040,12.0,12.0,11.95,12.0,131500,2026-09-04,,,,,,,,
1788503100,12.0,12.05,11.95,12.05,536200,2026-09-04,,,,,,,,
1788503160,12.05,12.05,12.0,12.05,62200,2026-09-04,,,,,,,,
1788503220,12.05,12.05,12.0,12.05,85800,2026-09-04,,,,,,,,
1788503280,12.05,12.05,12.0,12.05,55600,2026-09-04,,,,,,,,
1788503340,12.0,12.05,11.95,12.0,412700,2026-09-04,,,,,,,,
1788503400,12.0,12.0,11.95,12.0,51800,2026-09-04,,,,,,,,
1788503460,12.0,12.0,11.95,12.0,7000,2026-09-04,,,,,,,,
1788503520,12.0,12.0,11.95,12.0,75100,2026-09-04,,,,,,,,
1788503580,12.0,12.0,11.95,12.0,8000,2026-09-04,,,,,,,,
1788503640,12.0,12.0,11.95,11.95,13700,2026-09-04,,,,,,,,
1788503700,11.95,12.0,11.95,12.0,17100,2026-09-04,,,,,,,,
1788503760,11.95,12.0,11.95,12.0,17300,2026-09-04,,,,,,,,
1788503820,12.0,12.0,11.95,11.95,18400,2026-09-04,,,,,,,,
1788503880,12.0,12.0,11.95,12.0,2300,2026-09-04,,,,,,,,
1788503940,12.0,12.0,11.95,12.0,6400,2026-09-04,,,,,,,,
1788504000,12.0,12.0,11.95,12.0,18200,2026-09-04,,,,,,,,
1788504060,12.0,12.0,11.95,12.0,105800,2026-09-04,,,,,,,,
1788504120,11.95,12.0,11.95,11.95,1600100,2026-09-04,,,,,,,,
1788504180,11.95,11.95,11.9,11.95,620900,2026-09-04,,,,,,,,
1788504240,11.95,11.95,11.9,11.95,928800,2026-09-04,,,,,,,,
1788504300,11.95,12.0,11.95,11.95,208500,2026-09-04,,,,,,,,
1788504360,11.95,12.0,11.95,12.0,107300,2026-09-04,,,,,,,,
1788504420,11.95,12.0,11.95,11.95,140100,2026-09-04,,,,,,,,
1788504480,11.95,12.0,11.95,12.0,76000,2026-09-04,,,,,,,,
1788504540,12.0,12.0,11.95,11.95,30700,2026-09-04,,,,,,,,
1788504600,12.0,12.0,11.95,12.0,84500,2026-09-04,,,,,,,,
1788504660,12.0,12.0,11.95,11.95,5194500,2026-09-04,,,,,,,,
1788504720,11.95,12.0,11.95,12.0,209500,2026-09-04,,,,,,,,
1788504780,11.95,12.0,11.95,12.0,904500,2026-09-04,,,,,,,,
1788504840,12.0,12.05,12.0,12.05,379500,2026-09-04,,,,,,,,
1788504900,12.05,12.05,12.0,12.05,45200,2026-09-04,,,,,,,,
1788504960,12.05,12.05,12.0,12.05,53800,2026-09-04,,,,,,,,
1788505020,12.05,12.05,12.0,12.0,361100,2026-09-04,,,,,,,,
1788505080,12.05,12.1,12.0,12.1,1176900,2026-09-04,,,,,,,,
1788505140,12.1,12.1,12.05,12.1,91900,2026-09-04,,,,,,,,
1788505200,12.1,12.1,12.05,12.1,104300,2026-09-04,,,,,,,,
1788505260,12.1,12.1,12.05,12.1,405300,2026-09-04,,,,,,,,
1788505320,12.1,12.1,12.05,12.1,79200,2026-09-04,,,,,,,,
1788505380,12.1,12.1,12.05,12.05,391500,2026-09-04,,,,,,,,
1788505440,12.05,12.05,12.0,12.0,26500,2026-09-04,,,,,,,,
1788505500,12.0,12.05,12.0,12.0,109900,2026-09-04,,,,,,,,
1788505560,12.0,12.0,12.0,12.0,84500,2026-09-04,,,,,,,,
1788505620,12.0,12.0,11.95,12.0,116400,2026-09-04,,,,,,,,
1788505680,12.0,12.0,11.95,11.95,29700,2026-09-04,,,,,,,,
1788505740,12.0,12.0,12.0,12.0,184900,2026-09-04,,,,,,,,
1788505800,12.0,12.0,12.0,12.0,14700,2026-09-04,,,,,,,,
1788505860,12.0,12.0,12.0,12.0,101600,2026-09-04,,,,,,,,
1788505920,12.0,12.05,12.0,12.05,26800,2026-09-04,,,,,,,,
1788505980,12.0,12.05,12.0,12.05,25800,2026-09-04,,,,,,,,
1788506040,12.0,12.05,12.0,12.05,27900,2026-09-04,,,,,,,,
1788506100,12.05,12.05,12.0,12.0,28700,2026-09-04,,,,,,,,
1788506160,12.0,12.05,12.0,12.0,51400,2026-09-04,,,,,,,,
1788506220,12.0,12.0,12.0,12.0,89000,2026-09-04,,,,,,,,
1788506280,12.0,12.0,11.95,12.0,418600,2026-09-04,,,,,,,,
1788506340,12.0,12.05,12.0,12.0,241300,2026-09-04,,,,,,,,
1788506400,12.0,12.05,12.0,12.05,554800,2026-09-04,,,,,,,,
1788506460,12.05,12.05,12.05,12.05,560800,2026-09-04,,,,,,,,
1788506520,12.05,12.05,12.0,12.05,41300,2026-09-04,,,,,,,,
1788506580,12.05,12.05,12.0,12.05,69500,2026-09-04,,,,,,,,
1788506640,12.05,12.1,12.0,12.05,2105700,2026-09-04,,,,,,,,
1788506700,12.05,12.1,12.05,12.1,299800,2026-09-04,,,,,,,,
1788506760,12.1,12.1,12.05,12.1,306200,2026-09-04,,,,,,,,
1788506820,12.1,12.1,12.05,12.1,974500,2026-09-04,,,,,,,,
1788506880,12.05,12.1,12.05,12.1,224200,2026-09-04,,,,,,,,
1788506940,12.05,12.1,12.05,12.05,359700,2026-09-04,,,,,,,,
1788507900,12.05,12.05,12.05,12.05,11801500,2026-09-04,,,,,,,,
1788747300,12.15,12.15,12.05,12.1,1475800,2026-09-07,,,,,,,,
1788747360,12.1,12.1,12.1,12.1,59400,2026-09-07,,,,,,,,
1788747420,12.1,12.1,12.05,12.1,100500,2026-09-07,,,,,,,,
1788747480,12.1,12.1,12.05,12.05,41500,2026-09-07,,,,,,,,
1788747540,12.1,12.1,12.05,12.05,34600,2026-09-07,,,,,,,,
1788747600,12.05,12.1,12.05,12.05,29300,2026-09-07,,,,,,,,
1788747660,12.1,12.1,12.05,12.05,14500,2026-09-07,,,,,,,,
1788747720,12.05,12.05,12.05,12.05,309900,2026-09-07,,,,,,,,
1788747780,12.05,12.05,12.0,12.05,21900,2026-09-07,,,,,,,,
1788747840,12.0,12.05,12.0,12.05,16400,2026-09-07,,,,,,,,
1788747900,12.05,12.05,12.0,12.0,512600,2026-09-07,,,,,,,,
1788747960,12.05,12.05,12.0,12.0,8900,2026-09-07,,,,,,,,
1788748020,12.0,12.05,12.0,12.0,19500,2026-09-07,,,,,,,,
1788748080,12.05,12.05,12.05,12.05,13900,2026-09-07,,,,,,,,
1788748140,12.05,12.05,12.0,12.05,43400,2026-09-07,,,,,,,,
1788748200,12.05,12.05,12.0,12.05,178100,2026-09-07,,,,,,,,
1788748260,12.0,12.05,12.0,12.05,26900,2026-09-07,,,,,,,,
1788748320,12.0,12.05,12.0,12.05,20200,2026-09-07,,,,,,,,
1788748380,12.05,12.05,12.05,12.05,900,2026-09-07,,,,,,,,
1788748440,12.0,12.05,12.0,12.05,74100,2026-09-07,,,,,,,,
1788748500,12.05,12.05,12.0,12.0,32000,2026-09-07,,,,,,,,
1788748560,12.05,12.05,12.0,12.05,33300,2026-09-07,,,,,,,,
1788748620,12.05,12.05,12.0,12.0,40200,2026-09-07,,,,,,,,
1788748680,12.05,12.05,12.0,12.0,36200,2026-09-07,,,,,,,,
1788748740,12.0,12.05,12.0,12.05,82900,2026-09-07,,,,,,,,
1788748800,12.05,12.05,12.0,12.0,4200,2026-09-07,,,,,,,,
1788748860,12.05,12.05,12.0,12.0,4400,2026-09-07,,,,,,,,
1788748920,12.05,12.05,12.0,12.05,46600,2026-09-07,,,,,,,,
1788748980,12.0,12.05,12.0,12.0,427800,2026-09-07,,,,,,,,
1788749040,12.0,12.0,11.95,12.0,129100,2026-09-07,,,,,,,,
1788749100,12.0,12.05,12.0,12.0,85900,2026-09-07,,,,,,,,
1788749160,12.0,12.0,12.0,12.0,15600,2026-09-07,,,,,,,,
1788749220,12.0,12.0,11.95,12.0,107900,2026-09-07,,,,,,,,
1788749280,11.95,12.0,11.95,11.95,209100,2026-09-07,,,,,,,,
1788749340,11.95,12.0,11.95,11.95,18400,2026-09-07,,,,,,,,
1788749400,12.0,12.0,11.95,11.95,5800,2026-09-07,,,,,,,,
1788749460,11.95,12.0,11.95,11.95,10200,2026-09-07,,,,,,,,
1788749520,11.95,12.0,11.95,11.95,17800,2026-09-07,,,,,,,,
1788749580,12.0,12.0,11.95,12.0,1300,2026-09-07,,,,,,,,
1788749640,12.0,12.0,11.95,11.95,438700,2026-09-07,,,,,,,,
1788749700,12.0,12.0,12.0,12.0,1800,2026-09-07,,,,,,,,
1788749760,12.0,12.0,11.95,11.95,3000,2026-09-07,,,,,,,,
1788749820,11.95,12.0,11.95,11.95,27900,2026-09-07,,,,,,,,
1788749880,11.95,12.0,11.95,12.0,30000,2026-09-07,,,,,,,,
1788749940,12.0,12.0,11.95,11.95,22400,2026-09-07,,,,,,,,
1788750000,11.95,11.95,11.95,11.95,264400,2026-09-07,,,,,,,,
1788750060,11.95,12.0,11.95,12.0,3200,2026-09-07,,,,,,,,
1788750120,12.0,12.0,11.95,11.95,16800,2026-09-07,,,,,,,,
1788750180,11.95,12.0,11.95,11.95,9400,2026-09-07,,,,,,,,
1788750240,11.95,11.95,11.95,11.95,7000,2026-09-07,,,,,,,,
1788750300,11.95,11.95,11.95,11.95,10700,2026-09-07,,,,,,,,
1788750360,12.0,12.0,11.95,11.95,5500,2026-09-07,,,,,,,,
1788750420,11.95,12.0,11.95,12.0,65200,2026-09-07,,,,,,,,
1788750480,12.0,12.0,11.95,12.0,37000,2026-09-07,,,,,,,,
1788750540,12.0,12.0,12.0,12.0,26900,2026-09-07,,,,,,,,
1788750600,12.0,12.0,11.95,11.95,3000,2026-09-07,,,,,,,,
1788750660,12.0,12.0,11.95,11.95,294600,2026-09-07,,,,,,,,
1788750720,12.0,12.0,11.95,11.95,400,2026-09-07,,,,,,,,
1788750780,11.95,11.95,11.95,11.95,7000,2026-09-07,,,,,,,,
1788750840,12.0,12.0,11.95,11.95,45000,2026-09-07,,,,,,,,
1788750900,11.95,12.0,11.95,12.0,100600,2026-09-07,,,,,,,,
1788750960,12.0,12.0,11.95,12.0,25700,2026-09-07,,,,,,,,
1788751020,12.0,12.0,11.95,12.0,35800,2026-09-07,,,,,,,,
1788751080,11.95,12.0,11.95,11.95,6000,2026-09-07,,,,,,,,
1788751140,12.0,12.0,11.95,11.95,2500,2026-09-07,,,,,,,,
1788751200,11.95,11.95,11.95,11.95,8000,2026-09-07,,,,,,,,
1788751260,11.95,11.95,11.95,11.95,300,2026-09-07,,,,,,,,
1788751320,12.0,12.0,11.95,11.95,9000,2026-09-07,,,,,,,,
1788751380,11.95,12.0,11.95,11.95,16000,2026-09-07,,,,,,,,
1788751440,11.95,12.0,11.95,12.0,3200,2026-09-07,,,,,,,,
1788751500,12.0,12.0,11.95,12.0,4700,2026-09-07,,,,,,,,
1788751560,12.0,12.0,11.95,11.95,2000,2026-09-07,,,,,,,,
1788751620,12.0,12.0,11.95,11.95,37700,2026-09-07,,,,,,,,
1788751680,12.0,12.0,11.95,11.95,49000,2026-09-07,,,,,,,,
1788751740,11.95,12.0,11.95,12.0,15200,2026-09-07,,,,,,,,
1788751800,11.95,11.95,11.95,11.95,83300,2026-09-07,,,,,,,,
1788751860,11.95,12.0,11.95,12.0,5400,2026-09-07,,,,,,,,
1788751920,12.0,12.0,11.95,11.95,600,2026-09-07,,,,,,,,
1788751980,12.0,12.0,11.95,11.95,21100,2026-09-07,,,,,,,,
1788752040,12.0,12.0,11.95,11.95,2044000,2026-09-07,,,,,,,,
1788752100,11.95,12.0,11.95,12.0,451400,2026-09-07,,,,,,,,
1788752160,12.0,12.0,11.95,11.95,4100,2026-09-07,,,,,,,,
1788752220,11.95,12.0,11.95,12.0,196100,2026-09-07,,,,,,,,
1788752280,12.0,12.0,11.95,12.0,108700,2026-09-07,,,,,,,,
1788752340,11.95,12.0,11.95,12.0,6900,2026-09-07,,,,,,,,
1788752400,11.95,12.0,11.95,11.95,11100,2026-09-07,,,,,,,,
1788752460,11.95,11.95,11.95,11.95,27800,2026-09-07,,,,,,,,
1788752520,11.95,12.0,11.95,11.95,28500,2026-09-07,,,,,,,,
1788752580,11.95,11.95,11.95,11.95,27400,2026-09-07,,,,,,,,
1788752640,11.95,12.0,11.95,11.95,43800,2026-09-07,,,,,,,,
1788752700,12.0,12.0,11.95,11.95,4000,2026-09-07,,,,,,,,
1788752760,11.95,12.0,11.95,11.95,51200,2026-09-07,,,,,,,,
1788752820,11.95,12.0,11.95,12.0,117100,2026-09-07,,,,,,,,
1788752880,12.0,12.0,11.95,11.95,24500,2026-09-07,,,,,,,,
1788752940,11.95,11.95,11.95,11.95,8900,2026-09-07,,,,,,,,
1788753000,11.95,11.95,11.95,11.95,116100,2026-09-07,,,,,,,,
1788753060,11.95,11.95,11.9,11.9,54300,2026-09-07,,,,,,,,
1788753120,11.95,11.95,11.9,11.95,14000,2026-09-07,,,,,,,,
1788753180,11.95,11.95,11.9,11.95,4200,2026-09-07,,,,,,,,
1788753240,11.95,11.95,11.9,11.95,4500,2026-09-07,,,,,,,,
1788753300,11.9,11.95,11.9,11.95,9800,2026-09-07,,,,,,,,
1788753360,11.95,11.95,11.9,11.9,5800,2026-09-07,,,,,,,,
1788753420,11.95,11.95,11.9,11.9,2700,2026-09-07,,,,,,,,
1788753480,11.9,11.95,11.9,11.95,29000,2026-09-07,,,,,,,,
1788753540,11.95,11.95,11.9,11.9,44300,2026-09-07,,,,,,,,
1788753600,11.9,11.95,11.9,11.95,104500,2026-09-07,,,,,,,,
1788753660,11.95,11.95,11.9,11.95,45500,2026-09-07,,,,,,,,
1788753720,11.95,11.95,11.9,11.95,33300,2026-09-07,,,,,,,,
1788753780,11.9,11.95,11.9,11.95,33500,2026-09-07,,,,,,,,
1788753840,11.95,11.95,11.95,11.95,34100,2026-09-07,,,,,,,,
1788753900,11.95,11.95,11.95,11.95,14300,2026-09-07,,,,,,,,
1788753960,11.95,11.95,11.95,11.95,73500,2026-09-07,,,,,,,,
1788754020,11.95,11.95,11.95,11.95,53600,2026-09-07,,,,,,,,
1788754080,11.95,11.95,11.95,11.95,7000,2026-09-07,,,,,,,,
1788754140,11.95,11.95,11.95,11.95,3700,2026-09-07,,,,,,,,
1788754200,11.95,11.95,11.95,11.95,13600,2026-09-07,,,,,,,,
1788754260,11.95,11.95,11.95,11.95,3000,2026-09-07,,,,,,,,
1788754320,11.95,11.95,11.95,11.95,23300,2026-09-07,,,,,,,,
1788754380,11.95,11.95,11.9,11.95,179000,2026-09-07,,,,,,,,
1788754440,11.95,11.95,11.95,11.95,3100,2026-09-07,,,,,,,,
1788754500,11.95,11.95,11.9,11.95,3400,2026-09-07,,,,,,,,
1788754560,11.9,11.95,11.9,11.95,3400,2026-09-07,,,,,,,,
1788754620,11.95,11.95,11.9,11.95,14600,2026-09-07,,,,,,,,
1788754680,11.9,11.95,11.9,11.9,10800,2026-09-07,,,,,,,,
1788754740,11.9,11.95,11.9,11.95,19800,2026-09-07,,,,,,,,
1788754800,11.9,11.95,11.9,11.95,1100,2026-09-07,,,,,,,,
1788754860,11.95,11.95,11.95,11.95,2000,2026-09-07,,,,,,,,
1788754920,11.95,11.95,11.9,11.95,108200,2026-09-07,,,,,,,,
1788754980,11.9,11.95,11.9,11.9,3900,2026-09-07,,,,,,,,
1788755040,11.95,11.95,11.9,11.95,9500,2026-09-07,,,,,,,,
1788755100,11.9,11.95,11.9,11.9,12600,2026-09-07,,,,,,,,
1788755160,11.9,11.95,11.9,11.95,90700,2026-09-07,,,,,,,,
1788755220,11.95,11.95,11.9,11.9,26400,2026-09-07,,,,,,,,
1788755280,11.95,11.95,11.9,11.9,9400,2026-09-07,,,,,,,,
1788755340,11.95,11.95,11.9,11.95,71700,2026-09-07,,,,,,,,
1788760800,11.9,11.95,11.9,11.9,211900,2026-09-07,,,,,,,,
1788760860,11.9,11.95,11.9,11.9,10100,2026-09-07,,,,,,,,
1788760920,11.9,11.95,11.9,11.95,8700,2026-09-07,,,,,,,,
1788760980,11.95,11.95,11.9,11.95,26700,2026-09-07,,,,,,,,
1788761040,11.9,11.95,11.9,11.95,18400,2026-09-07,,,,,,,,
1788761100,11.95,11.95,11.9,11.95,7200,2026-09-07,,,,,,,,
1788761160,11.9,11.95,11.9,11.95,73000,2026-09-07,,,,,,,,
1788761220,11.95,11.95,11.95,11.95,134300,2026-09-07,,,,,,,,
1788761280,11.95,11.95,11.9,11.95,8400,2026-09-07,,,,,,,,
1788761340,11.95,11.95,11.9,11.95,175400,2026-09-07,,,,,,,,
1788761400,11.95,12.0,11.9,12.0,4856500,2026-09-07,,,,,,,,
1788761460,11.95,12.0,11.9,12.0,1607500,2026-09-07,,,,,,,,
1788761520,11.95,12.0,11.95,11.95,41800,2026-09-07,,,,,,,,
1788761580,12.0,12.0,11.95,12.0,21300,2026-09-07,,,,,,,,
1788761640,11.95,12.0,11.95,11.95,183000,2026-09-07,,,,,,,,
1788761700,12.0,12.0,11.95,11.95,20400,2026-09-07,,,,,,,,
1788761760,11.95,11.95,11.95,11.95,5800,2026-09-07,,,,,,,,
1788761820,11.95,11.95,11.95,11.95,12300,2026-09-07,,,,,,,,
1788761880,11.95,11.95,11.95,11.95,15500,2026-09-07,,,,,,,,
1788761940,11.95,12.0,11.95,11.95,25700,2026-09-07,,,,,,,,
1788762000,11.95,11.95,11.95,11.95,15900,2026-09-07,,,,,,,,
1788762060,11.95,12.0,11.95,11.95,6300,2026-09-07,,,,,,,,
1788762120,11.95,11.95,11.95,11.95,66300,2026-09-07,,,,,,,,
1788762180,11.95,11.95,11.95,11.95,9600,2026-09-07,,,,,,,,
1788762240,11.95,12.0,11.95,11.95,34800,2026-09-07,,,,,,,,
1788762300,11.95,11.95,11.95,11.95,50900,2026-09-07,,,,,,,,
1788762360,11.95,12.0,11.95,11.95,60300,2026-09-07,,,,,,,,
1788762420,11.95,11.95,11.95,11.95,9300,2026-09-07,,,,,,,,
1788762480,11.95,11.95,11.95,11.95,60200,2026-09-07,,,,,,,,
1788762540,11.95,11.95,11.95,11.95,82800,2026-09-07,,,,,,,,
1788762600,11.95,12.0,11.95,11.95,9100,2026-09-07,,,,,,,,
1788762660,11.95,11.95,11.9,11.95,25300,2026-09-07,,,,,,,,
1788762720,11.95,11.95,11.9,11.95,30300,2026-09-07,,,,,,,,
1788762780,11.95,11.95,11.95,11.95,27900,2026-09-07,,,,,,,,
1788762840,11.95,11.95,11.95,11.95,30700,2026-09-07,,,,,,,,
1788762900,11.95,11.95,11.9,11.95,46100,2026-09-07,,,,,,,,
1788762960,11.95,11.95,11.9,11.95,62200,2026-09-07,,,,,,,,
1788763020,11.95,11.95,11.95,11.95,26000,2026-09-07,,,,,,,,
1788763080,11.95,11.95,11.9,11.95,6200,2026-09-07,,,,,,,,
1788763140,11.95,11.95,11.95,11.95,25600,2026-09-07,,,,,,,,
1788763200,11.95,12.0,11.95,11.95,34300,2026-09-07,,,,,,,,
1788763260,11.95,11.95,11.95,11.95,43300,2026-09-07,,,,,,,,
1788763320,11.95,11.95,11.95,11.95,32700,2026-09-07,,,,,,,,
1788763380,11.95,11.95,11.95,11.95,12600,2026-09-07,,,,,,,,
1788763440,11.95,11.95,11.95,11.95,37900,2026-09-07,,,,,,,,
1788763500,11.95,11.95,11.9,11.95,21800,2026-09-07,,,,,,,,
1788763560,11.95,11.95,11.95,11.95,12700,2026-09-07,,,,,,,,
1788763620,11.95,11.95,11.95,11.95,4600,2026-09-07,,,,,,,,
1788763680,11.95,11.95,11.9,11.95,27700,2026-09-07,,,,,,,,
1788763740,11.95,11.95,11.9,11.95,4700,2026-09-07,,,,,,,,
1788763800,11.95,11.95,11.9,11.9,6900,2026-09-07,,,,,,,,
1788763860,11.9,11.95,11.9,11.9,5500,2026-09-07,,,,,,,,
1788763920,11.9,11.95,11.9,11.9,23200,2026-09-07,,,,,,,,
1788763980,11.9,11.95,11.9,11.9,4600,2026-09-07,,,,,,,,
1788764040,11.9,11.95,11.9,11.95,41000,2026-09-07,,,,,,,,
1788764100,11.9,11.95,11.9,11.9,22100,2026-09-07,,,,,,,,
1788764160,11.9,11.95,11.9,11.9,30000,2026-09-07,,,,,,,,
1788764220,11.9,11.95,11.9,11.95,38500,2026-09-07,,,,,,,,
1788764280,11.9,11.95,11.9,11.95,18100,2026-09-07,,,,,,,,
1788764340,11.9,11.95,11.9,11.9,117800,2026-09-07,,,,,,,,
1788764400,11.9,11.95,11.9,11.9,94700,2026-09-07,,,,,,,,
1788764460,11.9,11.95,11.9,11.9,37700,2026-09-07,,,,,,,,
1788764520,11.95,11.95,11.9,11.95,40500,2026-09-07,,,,,,,,
1788764580,11.9,11.95,11.9,11.9,10800,2026-09-07,,,,,,,,
1788764640,11.95,11.95,11.9,11.95,37700,2026-09-07,,,,,,,,
1788764700,11.9,11.95,11.9,11.9,527500,2026-09-07,,,,,,,,
1788764760,11.9,11.95,11.9,11.9,74000,2026-09-07,,,,,,,,
1788764820,11.9,11.95,11.9,11.95,171200,2026-09-07,,,,,,,,
1788764880,11.95,11.95,11.9,11.9,22600,2026-09-07,,,,,,,,
1788764940,11.9,11.95,11.9,11.9,28200,2026-09-07,,,,,,,,
1788765000,11.9,11.95,11.9,11.9,21300,2026-09-07,,,,,,,,
1788765060,11.9,11.95,11.9,11.9,100500,2026-09-07,,,,,,,,
1788765120,11.9,11.95,11.85,11.9,924300,2026-09-07,,,,,,,,
1788765180,11.9,11.9,11.85,11.9,68500,2026-09-07,,,,,,,,
1788765240,11.9,11.9,11.85,11.9,68500,2026-09-07,,,,,,,,
1788765300,11.9,11.9,11.85,11.85,63800,2026-09-07,,,,,,,,
1788765360,11.85,11.9,11.85,11.9,140600,2026-09-07,,,,,,,,
1788765420,11.85,11.9,11.85,11.9,36700,2026-09-07,,,,,,,,
1788765480,11.9,11.9,11.85,11.9,618100,2026-09-07,,,,,,,,
1788765540,11.9,11.9,11.85,11.9,969400,2026-09-07,,,,,,,,
1788765600,11.9,11.9,11.85,11.9,622500,2026-09-07,,,,,,,,
1788765660,11.9,11.95,11.85,11.95,1310600,2026-09-07,,,,,,,,
1788765720,11.9,11.95,11.9,11.9,12000,2026-09-07,,,,,,,,
1788765780,11.9,11.95,11.9,11.9,54700,2026-09-07,,,,,,,,
1788765840,11.9,11.9,11.9,11.9,81200,2026-09-07,,,,,,,,
1788765900,11.9,11.95,11.9,11.9,235000,2026-09-07,,,,,,,,
1788765960,11.95,11.95,11.9,11.95,199900,2026-09-07,,,,,,,,
1788766020,11.95,11.95,11.9,11.95,155000,2026-09-07,,,,,,,,
1788766080,11.95,11.95,11.9,11.95,232300,2026-09-07,,,,,,,,
1788766140,11.95,11.95,11.9,11.95,58000,2026-09-07,,,,,,,,
1788767100,11.9,11.9,11.9,11.9,6177900,2026-09-07,,,,,,,,
1788833700,11.85,11.9,11.85,11.9,258400,2026-09-08,,,,,,,,
1788833760,11.9,11.9,11.85,11.9,51700,2026-09-08,,,,,,,,
1788833820,11.9,11.9,11.9,11.9,97600,2026-09-08,,,,,,,,
1788833880,11.9,11.9,11.9,11.9,2500,2026-09-08,,,,,,,,
1788833940,11.9,11.9,11.85,11.9,70000,2026-09-08,,,,,,,,
1788834000,11.85,11.9,11.85,11.9,7000,2026-09-08,,,,,,,,
1788834060,11.9,11.9,11.85,11.85,144000,2026-09-08,,,,,,,,
1788834120,11.85,11.9,11.85,11.9,57300,2026-09-08,,,,,,,,
1788834180,11.9,11.9,11.85,11.9,34000,2026-09-08,,,,,,,,
1788834240,11.9,11.9,11.85,11.85,10700,2026-09-08,,,,,,,,
1788834300,11.9,11.9,11.9,11.9,17200,2026-09-08,,,,,,,,
1788834360,11.9,11.9,11.85,11.9,36300,2026-09-08,,,,,,,,
1788834420,11.9,11.9,11.85,11.9,41300,2026-09-08,,,,,,,,
1788834480,11.85,11.9,11.85,11.9,20800,2026-09-08,,,,,,,,
1788834540,11.9,11.9,11.85,11.85,149200,2026-09-08,,,,,,,,
1788834600,11.9,11.9,11.85,11.85,13400,2026-09-08,,,,,,,,
1788834660,11.9,11.9,11.85,11.9,7500,2026-09-08,,,,,,,,
1788834720,11.9,11.9,11.85,11.85,5100,2026-09-08,,,,,,,,
1788834780,11.85,11.9,11.85,11.85,13700,2026-09-08,,,,,,,,
1788834840,11.85,11.9,11.85,11.85,15700,2026-09-08,,,,,,,,
1788834900,11.85,11.9,11.85,11.9,9200,2026-09-08,,,,,,,,
1788834960,11.9,11.9,11.9,11.9,1200,2026-09-08,,,,,,,,
1788835020,11.9,11.9,11.85,11.85,104000,2026-09-08,,,,,,,,
1788835080,11.85,11.85,11.85,11.85,2000,2026-09-08,,,,,,,,
1788835140,11.85,11.9,11.85,11.9,6800,2026-09-08,,,,,,,,
1788835200,11.9,11.9,11.85,11.85,18200,2026-09-08,,,,,,,,
1788835260,11.85,11.9,11.85,11.9,56400,2026-09-08,,,,,,,,
1788835320,11.9,11.9,11.9,11.9,1400,2026-09-08,,,,,,,,
1788835380,11.9,11.9,11.85,11.85,21300,2026-09-08,,,,,,,,
1788835440,11.9,11.9,11.85,11.85,33900,2026-09-08,,,,,,,,
1788835500,11.9,11.9,11.85,11.85,6200,2026-09-08,,,,,,,,
1788835560,11.85,11.9,11.85,11.85,15600,2026-09-08,,,,,,,,
1788835620,11.85,11.85,11.85,11.85,3300,2026-09-08,,,,,,,,
1788835680,11.9,11.9,11.9,11.9,3700,2026-09-08,,,,,,,,
1788835740,11.85,11.85,11.85,11.85,55800,2026-09-08,,,,,,,,
1788835800,11.9,11.9,11.85,11.9,9400,2026-09-08,,,,,,,,
1788835860,11.9,11.9,11.85,11.9,1400,2026-09-08,,,,,,,,
1788835920,11.9,11.9,11.85,11.9,50800,2026-09-08,,,,,,,,
1788835980,11.9,11.9,11.85,11.85,5600,2026-09-08,,,,,,,,
1788836040,11.9,11.9,11.85,11.9,9600,2026-09-08,,,,,,,,
1788836100,11.85,11.9,11.85,11.85,2400,2026-09-08,,,,,,,,
1788836160,11.85,11.9,11.85,11.9,12600,2026-09-08,,,,,,,,
1788836220,11.9,11.9,11.85,11.85,13100,2026-09-08,,,,,,,,
1788836280,11.85,11.9,11.85,11.85,17800,2026-09-08,,,,,,,,
1788836340,11.85,11.9,11.85,11.85,118000,2026-09-08,,,,,,,,
1788836400,11.85,11.85,11.85,11.85,979100,2026-09-08,,,,,,,,
1788836460,11.85,11.85,11.8,11.85,54300,2026-09-08,,,,,,,,
1788836520,11.85,11.85,11.8,11.8,16500,2026-09-08,,,,,,,,
1788836580,11.8,11.85,11.8,11.8,10300,2026-09-08,,,,,,,,
1788836640,11.8,11.8,11.8,11.8,20100,2026-09-08,,,,,,,,
1788836700,11.8,11.85,11.8,11.8,20600,2026-09-08,,,,,,,,
1788836760,11.8,11.85,11.8,11.85,10300,2026-09-08,,,,,,,,
1788836820,11.85,11.85,11.8,11.8,26900,2026-09-08,,,,,,,,
1788836880,11.85,11.85,11.8,11.85,43700,2026-09-08,,,,,,,,
1788836940,11.85,11.85,11.8,11.8,60900,2026-09-08,,,,,,,,
1788837000,11.85,11.85,11.85,11.85,3900,2026-09-08,,,,,,,,
1788837060,11.85,11.85,11.8,11.85,39300,2026-09-08,,,,,,,,
1788837120,11.85,11.85,11.85,11.85,95100,2026-09-08,,,,,,,,
1788837180,11.8,11.85,11.8,11.8,2800,2026-09-08,,,,,,,,
1788837240,11.85,11.85,11.85,11.85,1200,2026-09-08,,,,,,,,
1788837300,11.85,11.85,11.85,11.85,4100,2026-09-08,,,,,,,,
1788837360,11.85,11.85,11.85,11.85,20200,2026-09-08,,,,,,,,
1788837420,11.8,11.85,11.8,11.85,18700,2026-09-08,,,,,,,,
1788837480,11.8,11.85,11.8,11.85,25300,2026-09-08,,,,,,,,
1788837540,11.85,11.85,11.85,11.85,36200,2026-09-08,,,,,,,,
1788837600,11.85,11.85,11.8,11.85,41400,2026-09-08,,,,,,,,
1788837660,11.85,11.85,11.85,11.85,97300,2026-09-08,,,,,,,,
1788837720,11.85,11.85,11.8,11.85,16400,2026-09-08,,,,,,,,
1788837780,11.85,11.85,11.85,11.85,47100,2026-09-08,,,,,,,,
1788837840,11.85,11.85,11.85,11.85,113800,2026-09-08,,,,,,,,
1788837900,11.85,11.85,11.85,11.85,49100,2026-09-08,,,,,,,,
1788837960,11.85,11.85,11.8,11.85,43100,2026-09-08,,,,,,,,
1788838020,11.85,11.85,11.8,11.85,21100,2026-09-08,,,,,,,,
1788838080,11.8,11.9,11.8,11.85,252300,2026-09-08,,,,,,,,
1788838140,11.85,11.85,11.85,11.85,8100,2026-09-08,,,,,,,,
1788838200,11.85,11.9,11.85,11.85,78000,2026-09-08,,,,,,,,
1788838260,11.85,11.9,11.85,11.85,22600,2026-09-08,,,,,,,,
1788838320,11.85,11.9,11.85,11.9,5400,2026-09-08,,,,,,,,
1788838380,11.9,11.9,11.85,11.9,24900,2026-09-08,,,,,,,,
1788838440,11.9,11.9,11.85,11.9,37200,2026-09-08,,,,,,,,
1788838500,11.9,11.9,11.85,11.85,7400,2026-09-08,,,,,,,,
1788838560,11.85,11.9,11.85,11.9,5800,2026-09-08,,,,,,,,
1788838620,11.9,11.9,11.85,11.9,2900,2026-09-08,,,,,,,,
1788838680,11.9,11.9,11.9,11.9,3500,2026-09-08,,,,,,,,
1788838740,11.9,11.9,11.9,11.9,3400,2026-09-08,,,,,,,,
1788838800,11.9,11.9,11.85,11.85,16300,2026-09-08,,,,,,,,
1788838860,11.9,11.9,11.85,11.85,1200,2026-09-08,,,,,,,,
1788838920,11.85,11.9,11.85,11.85,7500,2026-09-08,,,,,,,,
1788838980,11.85,11.85,11.85,11.85,900,2026-09-08,,,,,,,,
1788839040,11.85,11.9,11.85,11.9,2200,2026-09-08,,,,,,,,
1788839100,11.9,11.9,11.85,11.85,5000,2026-09-08,,,,,,,,
1788839160,11.85,11.9,11.85,11.9,11100,2026-09-08,,,,,,,,
1788839220,11.9,11.9,11.85,11.85,5500,2026-09-08,,,,,,,,
1788839280,11.9,11.9,11.85,11.9,1300,2026-09-08,,,,,,,,
1788839340,11.9,11.9,11.9,11.9,43400,2026-09-08,,,,,,,,
1788839400,11.9,11.9,11.9,11.9,4400,2026-09-08,,,,,,,,
1788839460,11.9,11.9,11.85,11.9,2000,2026-09-08,,,,,,,,
1788839520,11.9,11.9,11.9,11.9,900,2026-09-08,,,,,,,,
1788839580,11.9,11.9,11.85,11.9,55300,2026-09-08,,,,,,,,
1788839640,11.9,11.9,11.9,11.9,500,2026-09-08,,,,,,,,
1788839700,11.9,11.9,11.9,11.9,8400,2026-09-08,,,,,,,,
1788839760,11.9,11.9,11.85,11.9,12000,2026-09-08,,,,,,,,
1788839820,11.9,11.9,11.85,11.9,4200,2026-09-08,,,,,,,,
1788839880,11.9,11.9,11.85,11.9,17100,2026-09-08,,,,,,,,
1788839940,11.9,11.9,11.85,11.85,4000,2026-09-08,,,,,,,,
1788840000,11.85,11.85,11.85,11.85,17000,2026-09-08,,,,,,,,
1788840060,11.85,11.9,11.85,11.85,34700,2026-09-08,,,,,,,,
1788840120,11.85,11.85,11.85,11.85,15900,2026-09-08,,,,,,,,
1788840180,11.9,11.9,11.85,11.9,31400,2026-09-08,,,,,,,,
1788840240,11.9,11.9,11.9,11.9,1300,2026-09-08,,,,,,,,
1788840300,11.9,11.9,11.85,11.85,3300,2026-09-08,,,,,,,,
1788840360,11.9,11.9,11.85,11.85,6700,2026-09-08,,,,,,,,
1788840420,11.9,11.9,11.85,11.85,4200,2026-09-08,,,,,,,,
1788840480,11.85,11.85,11.85,11.85,2400,2026-09-08,,,,,,,,
1788840540,11.85,11.85,11.85,11.85,65600,2026-09-08,,,,,,,,
1788840600,11.9,11.9,11.85,11.85,1600,2026-09-08,,,,,,,,
1788840660,11.85,11.9,11.85,11.85,97500,2026-09-08,,,,,,,,
1788840720,11.85,11.9,11.85,11.85,8200,2026-09-08,,,,,,,,
1788840780,11.85,11.9,11.85,11.85,6000,2026-09-08,,,,,,,,
1788840840,11.85,11.85,11.85,11.85,600,2026-09-08,,,,,,,,
1788840900,11.85,11.85,11.85,11.85,5700,2026-09-08,,,,,,,,
1788840960,11.9,11.9,11.9,11.9,31200,2026-09-08,,,,,,,,
1788841020,11.85,11.85,11.85,11.85,31700,2026-09-08,,,,,,,,
1788841080,11.85,11.85,11.85,11.85,200,2026-09-08,,,,,,,,
1788841140,11.85,11.9,11.85,11.9,62300,2026-09-08,,,,,,,,
1788841200,11.9,11.9,11.9,11.9,3800,2026-09-08,,,,,,,,
1788841260,11.9,11.9,11.85,11.9,8500,2026-09-08,,,,,,,,
1788841320,11.9,11.9,11.85,11.85,4500,2026-09-08,,,,,,,,
1788841380,11.85,11.9,11.85,11.85,26800,2026-09-08,,,,,,,,
1788841440,11.9,11.9,11.85,11.85,17800,2026-09-08,,,,,,,,
1788841500,11.9,11.9,11.9,11.9,31600,2026-09-08,,,,,,,,
1788841560,11.9,11.9,11.9,11.9,7700,2026-09-08,,,,,,,,
1788841620,11.9,11.9,11.85,11.85,1700,2026-09-08,,,,,,,,
1788841680,11.85,11.9,11.85,11.85,8000,2026-09-08,,,,,,,,
1788841740,11.85,11.9,11.85,11.85,13200,2026-09-08,,,,,,,,
1788847200,11.85,11.9,11.8,11.8,2805500,2026-09-08,,,,,,,,
1788847260,11.8,11.8,11.8,11.8,15300,2026-09-08,,,,,,,,
1788847320,11.85,11.85,11.8,11.85,6700,2026-09-08,,,,,,,,
1788847380,11.85,11.85,11.85,11.85,12200,2026-09-08,,,,,,,,
1788847440,11.85,11.85,11.8,11.85,134800,2026-09-08,,,,,,,,
1788847500,11.85,11.85,11.8,11.8,26200,2026-09-08,,,,,,,,
1788847560,11.8,11.85,11.8,11.8,4500,2026-09-08,,,,,,,,
1788847620,11.8,11.85,11.8,11.8,39400,2026-09-08,,,,,,,,
1788847680,11.85,11.85,11.8,11.85,82000,2026-09-08,,,,,,,,
1788847740,11.8,11.85,11.8,11.8,18300,2026-09-08,,,,,,,,
1788847800,11.8,11.85,11.8,11.85,123600,2026-09-08,,,,,,,,
1788847860,11.85,11.85,11.8,11.8,74800,2026-09-08,,,,,,,,
1788847920,11.85,11.85,11.8,11.85,146200,2026-09-08,,,,,,,,
1788847980,11.8,11.85,11.8,11.85,137200,2026-09-08,,,,,,,,
1788848040,11.85,11.9,11.8,11.85,377600,2026-09-08,,,,,,,,
1788848100,11.85,11.85,11.85,11.85,11200,2026-09-08,,,,,,,,
1788848160,11.85,11.9,11.8,11.8,57200,2026-09-08,,,,,,,,
1788848220,11.85,11.85,11.8,11.85,30000,2026-09-08,,,,,,,,
1788848280,11.85,11.9,11.8,11.85,84400,2026-09-08,,,,,,,,
1788848340,11.85,11.85,11.8,11.8,97800,2026-09-08,,,,,,,,
1788848400,11.85,11.85,11.8,11.8,21100,2026-09-08,,,,,,,,
1788848460,11.85,11.85,11.8,11.8,2024500,2026-09-08,,,,,,,,
1788848520,11.8,11.85,11.8,11.85,1181900,2026-09-08,,,,,,,,
1788848580,11.85,11.85,11.8,11.8,744500,2026-09-08,,,,,,,,
1788848640,11.85,11.9,11.8,11.85,246200,2026-09-08,,,,,,,,
1788848700,11.85,11.85,11.8,11.85,92400,2026-09-08,,,,,,,,
1788848760,11.85,11.9,11.85,11.85,82600,2026-09-08,,,,,,,,
1788848820,11.85,11.85,11.8,11.8,143700,2026-09-08,,,,,,,,
1788848880,11.8,11.85,11.8,11.8,19700,2026-09-08,,,,,,,,
1788848940,11.85,11.85,11.8,11.8,201500,2026-09-08,,,,,,,,
1788849000,11.8,11.85,11.8,11.8,41900,2026-09-08,,,,,,,,
1788849060,11.85,11.85,11.8,11.85,51400,2026-09-08,,,,,,,,
1788849120,11.85,11.85,11.8,11.85,3100,2026-09-08,,,,,,,,
1788849180,11.85,11.85,11.85,11.85,6900,2026-09-08,,,,,,,,
1788849240,11.85,11.85,11.8,11.8,535000,2026-09-08,,,,,,,,
1788849300,11.85,11.9,11.85,11.85,1010900,2026-09-08,,,,,,,,
1788849360,11.9,11.9,11.85,11.9,22500,2026-09-08,,,,,,,,
1788849420,11.9,11.9,11.85,11.85,7800,2026-09-08,,,,,,,,
1788849480,11.85,11.9,11.85,11.9,244600,2026-09-08,,,,,,,,
1788849540,11.85,11.9,11.85,11.85,51800,2026-09-08,,,,,,,,
1788849600,11.85,11.9,11.85,11.85,6400,2026-09-08,,,,,,,,
1788849660,11.85,11.9,11.85,11.9,77100,2026-09-08,,,,,,,,
1788849720,11.9,11.9,11.85,11.85,2600,2026-09-08,,,,,,,,
1788849780,11.9,11.9,11.85,11.9,13800,2026-09-08,,,,,,,,
1788849840,11.9,11.9,11.85,11.85,2100,2026-09-08,,,,,,,,
1788849900,11.85,11.9,11.85,11.9,18600,2026-09-08,,,,,,,,
1788849960,11.9,11.9,11.85,11.9,9700,2026-09-08,,,,,,,,
1788850020,11.9,11.9,11.9,11.9,1400,2026-09-08,,,,,,,,
1788850080,11.9,11.9,11.85,11.85,18700,2026-09-08,,,,,,,,
1788850140,11.9,11.9,11.85,11.85,2400,2026-09-08,,,,,,,,
1788850200,11.85,11.9,11.85,11.85,16100,2026-09-08,,,,,,,,
1788850260,11.85,11.9,11.85,11.9,5400,2026-09-08,,,,,,,,
1788850320,11.9,11.9,11.85,11.85,28000,2026-09-08,,,,,,,,
1788850380,11.85,11.9,11.85,11.85,61600,2026-09-08,,,,,,,,
1788850440,11.9,11.9,11.85,11.85,66900,2026-09-08,,,,,,,,
1788850500,11.85,11.9,11.85,11.85,37000,2026-09-08,,,,,,,,
1788850560,11.85,11.85,11.85,11.85,15800,2026-09-08,,,,,,,,
1788850620,11.85,11.9,11.85,11.85,253900,2026-09-08,,,,,,,,
1788850680,11.85,11.85,11.85,11.85,25000,2026-09-08,,,,,,,,
1788850740,11.85,11.9,11.85,11.85,12700,2026-09-08,,,,,,,,
1788850800,11.85,11.85,11.85,11.85,61200,2026-09-08,,,,,,,,
1788850860,11.85,11.85,11.85,11.85,3200,2026-09-08,,,,,,,,
1788850920,11.9,11.9,11.9,11.9,600,2026-09-08,,,,,,,,
1788850980,11.9,11.9,11.85,11.9,25800,2026-09-08,,,,,,,,
1788851040,11.85,11.9,11.85,11.9,16100,2026-09-08,,,,,,,,
1788851100,11.9,11.9,11.85,11.85,330600,2026-09-08,,,,,,,,
1788851160,11.85,11.85,11.85,11.85,18900,2026-09-08,,,,,,,,
1788851220,11.85,11.85,11.8,11.85,969600,2026-09-08,,,,,,,,
1788851280,11.85,11.85,11.8,11.85,61000,2026-09-08,,,,,,,,
1788851340,11.85,11.85,11.8,11.85,124700,2026-09-08,,,,,,,,
1788851400,11.8,11.85,11.8,11.8,144500,2026-09-08,,,,,,,,
1788851460,11.8,11.85,11.8,11.8,24200,2026-09-08,,,,,,,,
1788851520,11.8,11.85,11.8,11.8,8300,2026-09-08,,,,,,,,
1788851580,11.85,11.85,11.8,11.8,45300,2026-09-08,,,,,,,,
1788851640,11.8,11.85,11.8,11.8,59700,2026-09-08,,,,,,,,
1788851700,11.8,11.8,11.8,11.8,14200,2026-09-08,,,,,,,,
1788851760,11.8,11.85,11.8,11.85,50300,2026-09-08,,,,,,,,
1788851820,11.85,11.85,11.8,11.85,34300,2026-09-08,,,,,,,,
1788851880,11.8,11.85,11.8,11.8,29400,2026-09-08,,,,,,,,
1788851940,11.85,11.85,11.8,11.8,47600,2026-09-08,,,,,,,,
1788852000,11.8,11.85,11.8,11.8,573500,2026-09-08,,,,,,,,
1788852060,11.8,11.85,11.8,11.8,95000,2026-09-08,,,,,,,,
1788852120,11.85,11.85,11.8,11.8,74200,2026-09-08,,,,,,,,
1788852180,11.85,11.85,11.8,11.85,24900,2026-09-08,,,,,,,,
1788852240,11.8,11.85,11.8,11.8,26400,2026-09-08,,,,,,,,
1788852300,11.8,11.85,11.8,11.85,18500,2026-09-08,,,,,,,,
1788852360,11.8,11.85,11.8,11.8,39700,2026-09-08,,,,,,,,
1788852420,11.8,11.85,11.8,11.85,31000,2026-09-08,,,,,,,,
1788852480,11.8,11.85,11.8,11.8,40900,2026-09-08,,,,,,,,
1788852540,11.85,11.85,11.8,11.85,238500,2026-09-08,,,,,,,,
1788853500,11.85,11.85,11.85,11.85,14115100,2026-09-08,,,,,,,,
1788920100,11.85,11.85,11.8,11.85,228500,2026-09-09,,,,,,,,
1788920160,11.8,11.85,11.8,11.8,7600,2026-09-09,,,,,,,,
1788920220,11.8,11.95,11.8,11.85,2078300,2026-09-09,,,,,,,,
1788920280,11.9,11.9,11.85,11.9,56900,2026-09-09,,,,,,,,
1788920340,11.9,11.9,11.85,11.9,13300,2026-09-09,,,,,,,,
1788920400,11.85,11.85,11.85,11.85,608800,2026-09-09,,,,,,,,
1788920460,11.85,11.85,11.8,11.85,484200,2026-09-09,,,,,,,,
1788920520,11.85,11.85,11.85,11.85,520600,2026-09-09,,,,,,,,
1788920580,11.85,11.85,11.8,11.85,26900,2026-09-09,,,,,,,,
1788920640,11.85,11.85,11.85,11.85,14000,2026-09-09,,,,,,,,
1788920700,11.85,11.85,11.8,11.85,606900,2026-09-09,,,,,,,,
1788920760,11.85,11.85,11.8,11.85,101400,2026-09-09,,,,,,,,
1788920820,11.85,11.85,11.85,11.85,6800,2026-09-09,,,,,,,,
1788920880,11.85,11.85,11.8,11.8,43200,2026-09-09,,,,,,,,
1788920940,11.8,11.85,11.8,11.85,8800,2026-09-09,,,,,,,,
1788921000,11.8,11.85,11.8,11.8,55300,2026-09-09,,,,,,,,
1788921060,11.8,11.85,11.8,11.85,71200,2026-09-09,,,,,,,,
1788921120,11.8,11.8,11.8,11.8,100,2026-09-09,,,,,,,,
1788921180,11.85,11.85,11.8,11.85,25500,2026-09-09,,,,,,,,
1788921240,11.85,11.85,11.85,11.85,1043000,2026-09-09,,,,,,,,
1788921300,11.85,11.85,11.8,11.85,31200,2026-09-09,,,,,,,,
1788921360,11.8,11.85,11.8,11.85,12400,2026-09-09,,,,,,,,
1788921420,11.85,11.85,11.8,11.8,9300,2026-09-09,,,,,,,,
1788921480,11.85,11.85,11.8,11.85,42000,2026-09-09,,,,,,,,
1788921540,11.85,11.85,11.85,11.85,7000,2026-09-09,,,,,,,,
1788921600,11.85,11.85,11.8,11.85,491600,2026-09-09,,,,,,,,
1788921660,11.8,11.85,11.8,11.85,39300,2026-09-09,,,,,,,,
1788921720,11.85,11.85,11.85,11.85,25700,2026-09-09,,,,,,,,
1788921780,11.85,11.85,11.8,11.8,17000,2026-09-09,,,,,,,,
1788921840,11.85,11.85,11.8,11.85,11800,2026-09-09,,,,,,,,
1788921900,11.85,11.85,11.8,11.8,20800,2026-09-09,,,,,,,,
1788921960,11.85,11.85,11.85,11.85,2100,2026-09-09,,,,,,,,
1788922020,11.8,11.85,11.8,11.8,28300,2026-09-09,,,,,,,,
1788922080,11.8,11.8,11.8,11.8,18500,2026-09-09,,,,,,,,
1788922140,11.8,11.85,11.8,11.8,2007800,2026-09-09,,,,,,,,
1788922200,11.8,11.8,11.75,11.8,1006000,2026-09-09,,,,,,,,
1788922260,11.8,11.8,11.75,11.8,585800,2026-09-09,,,,,,,,
1788922320,11.8,11.8,11.75,11.8,302800,2026-09-09,,,,,,,,
1788922380,11.8,11.8,11.75,11.8,373300,2026-09-09,,,,,,,,
1788922440,11.8,11.8,11.8,11.8,895900,2026-09-09,,,,,,,,
1788922500,11.8,11.85,11.8,11.8,15900,2026-09-09,,,,,,,,
1788922560,11.8,11.85,11.8,11.85,92500,2026-09-09,,,,,,,,
1788922620,11.8,11.8,11.8,11.8,9500,2026-09-09,,,,,,,,
1788922680,11.8,11.85,11.8,11.8,24200,2026-09-09,,,,,,,,
1788922740,11.8,11.85,11.8,11.85,26200,2026-09-09,,,,,,,,
1788922800,11.85,11.85,11.8,11.85,11600,2026-09-09,,,,,,,,
1788922860,11.85,11.85,11.85,11.85,700,2026-09-09,,,,,,,,
1788922920,11.85,11.85,11.8,11.8,15300,2026-09-09,,,,,,,,
1788922980,11.8,11.85,11.8,11.85,61400,2026-09-09,,,,,,,,
1788923040,11.8,11.85,11.8,11.85,9600,2026-09-09,,,,,,,,
1788923100,11.85,11.85,11.85,11.85,300,2026-09-09,,,,,,,,
1788923160,11.8,11.85,11.8,11.85,12400,2026-09-09,,,,,,,,
1788923220,11.85,11.85,11.8,11.85,35800,2026-09-09,,,,,,,,
1788923280,11.85,11.85,11.8,11.8,2100,2026-09-09,,,,,,,,
1788923340,11.8,11.85,11.8,11.85,58700,2026-09-09,,,,,,,,
1788923400,11.85,11.85,11.8,11.8,61500,2026-09-09,,,,,,,,
1788923460,11.8,11.85,11.8,11.85,17500,2026-09-09,,,,,,,,
1788923520,11.8,11.85,11.8,11.85,50000,2026-09-09,,,,,,,,
1788923580,11.85,11.85,11.8,11.85,13500,2026-09-09,,,,,,,,
1788923640,11.8,11.85,11.8,11.8,38800,2026-09-09,,,,,,,,
1788923700,11.85,11.85,11.8,11.85,12000,2026-09-09,,,,,,,,
1788923760,11.8,11.85,11.8,11.8,41800,2026-09-09,,,,,,,,
1788923820,11.8,11.85,11.8,11.8,820000,2026-09-09,,,,,,,,
1788923880,11.8,11.85,11.75,11.8,672900,2026-09-09,,,,,,,,
1788923940,11.8,11.8,11.75,11.8,1050900,2026-09-09,,,,,,,,
1788924000,11.8,11.8,11.75,11.8,267400,2026-09-09,,,,,,,,
1788924060,11.8,11.8,11.8,11.8,55700,2026-09-09,,,,,,,,
1788924120,11.8,11.8,11.8,11.8,44000,2026-09-09,,,,,,,,
1788924180,11.8,11.8,11.8,11.8,524600,2026-09-09,,,,,,,,
1788924240,11.8,11.8,11.8,11.8,14400,2026-09-09,,,,,,,,
1788924300,11.8,11.8,11.8,11.8,6800,2026-09-09,,,,,,,,
1788924360,11.8,11.8,11.8,11.8,7300,2026-09-09,,,,,,,,
1788924420,11.8,11.8,11.8,11.8,5400,2026-09-09,,,,,,,,
1788924480,11.8,11.8,11.75,11.8,36200,2026-09-09,,,,,,,,
1788924540,11.8,11.8,11.75,11.8,67500,2026-09-09,,,,,,,,
1788924600,11.8,11.8,11.8,11.8,3100,2026-09-09,,,,,,,,
1788924660,11.8,11.8,11.75,11.8,18700,2026-09-09,,,,,,,,
1788924720,11.8,11.8,11.75,11.8,12800,2026-09-09,,,,,,,,
1788924780,11.8,11.8,11.8,11.8,14100,2026-09-09,,,,,,,,
1788924840,11.8,11.8,11.75,11.8,6400,2026-09-09,,,,,,,,
1788924900,11.8,11.8,11.75,11.8,10200,2026-09-09,,,,,,,,
1788924960,11.8,11.8,11.75,11.75,2700,2026-09-09,,,,,,,,
1788925020,11.75,11.8,11.75,11.8,7200,2026-09-09,,,,,,,,
1788925080,11.8,11.8,11.75,11.8,1400,2026-09-09,,,,,,,,
1788925140,11.8,11.8,11.8,11.8,3300,2026-09-09,,,,,,,,
1788925200,11.8,11.8,11.8,11.8,6800,2026-09-09,,,,,,,,
1788925260,11.8,11.8,11.75,11.8,9200,2026-09-09,,,,,,,,
1788925320,11.8,11.8,11.75,11.8,21200,2026-09-09,,,,,,,,
1788925380,11.8,11.8,11.8,11.8,64700,2026-09-09,,,,,,,,
1788925440,11.8,11.8,11.8,11.8,27700,2026-09-09,,,,,,,,
1788925500,11.8,11.8,11.75,11.8,8600,2026-09-09,,,,,,,,
1788925560,11.8,11.8,11.75,11.75,26600,2026-09-09,,,,,,,,
1788925620,11.8,11.8,11.75,11.75,5200,2026-09-09,,,,,,,,
1788925680,11.8,11.8,11.8,11.8,3200,2026-09-09,,,,,,,,
1788925740,11.75,11.8,11.75,11.8,1700,2026-09-09,,,,,,,,
1788925800,11.8,11.8,11.8,11.8,2500,2026-09-09,,,,,,,,
1788925860,11.8,11.8,11.75,11.8,14700,2026-09-09,,,,,,,,
1788925920,11.8,11.8,11.8,11.8,6600,2026-09-09,,,,,,,,
1788925980,11.8,11.8,11.8,11.8,5900,2026-09-09,,,,,,,,
1788926040,11.8,11.8,11.75,11.75,4400,2026-09-09,,,,,,,,
1788926100,11.8,11.8,11.75,11.8,12900,2026-09-09,,,,,,,,
1788926160,11.8,11.8,11.8,11.8,600,2026-09-09,,,,,,,,
1788926220,11.8,11.8,11.8,11.8,6000,2026-09-09,,,,,,,,
1788926280,11.75,11.8,11.75,11.8,10000,2026-09-09,,,,,,,,
1788926340,11.8,11.8,11.75,11.75,11700,2026-09-09,,,,,,,,
1788926400,11.75,11.75,11.75,11.75,21100,2026-09-09,,,,,,,,
1788926460,11.8,11.8,11.75,11.8,35700,2026-09-09,,,,,,,,
1788926520,11.8,11.8,11.75,11.75,19200,2026-09-09,,,,,,,,
1788926580,11.8,11.8,11.75,11.8,9200,2026-09-09,,,,,,,,
1788926640,11.8,11.8,11.8,11.8,4600,2026-09-09,,,,,,,,
1788926700,11.8,11.8,11.75,11.75,6200,2026-09-09,,,,,,,,
1788926760,11.8,11.8,11.75,11.75,2000,2026-09-09,,,,,,,,
1788926820,11.8,11.8,11.75,11.75,6400,2026-09-09,,,,,,,,
1788926880,11.8,11.8,11.8,11.8,3300,2026-09-09,,,,,,,,
1788926940,11.8,11.8,11.8,11.8,209600,2026-09-09,,,,,,,,
1788927000,11.8,11.8,11.75,11.8,7500,2026-09-09,,,,,,,,
1788927060,11.75,11.8,11.75,11.8,1500,2026-09-09,,,,,,,,
1788927120,11.8,11.8,11.75,11.75,11700,2026-09-09,,,,,,,,
1788927180,11.75,11.8,11.75,11.75,22200,2026-09-09,,,,,,,,
1788927240,11.8,11.8,11.75,11.75,19000,2026-09-09,,,,,,,,
1788927300,11.8,11.8,11.8,11.8,3100,2026-09-09,,,,,,,,
1788927360,11.75,11.8,11.75,11.8,25000,2026-09-09,,,,,,,,
1788927420,11.75,11.8,11.75,11.8,2600,2026-09-09,,,,,,,,
1788927480,11.8,11.8,11.8,11.8,9400,2026-09-09,,,,,,,,
1788927540,11.75,11.8,11.75,11.8,2100,2026-09-09,,,,,,,,
1788927600,11.8,11.8,11.75,11.8,11600,2026-09-09,,,,,,,,
1788927660,11.8,11.8,11.75,11.75,12900,2026-09-09,,,,,,,,
1788927720,11.75,11.8,11.75,11.75,10800,2026-09-09,,,,,,,,
1788927780,11.75,11.75,11.75,11.75,26800,2026-09-09,,,,,,,,
1788927840,11.75,11.8,11.75,11.75,5700,2026-09-09,,,,,,,,
1788927900,11.75,11.8,11.75,11.8,18600,2026-09-09,,,,,,,,
1788927960,11.8,11.8,11.75,11.75,10300,2026-09-09,,,,,,,,
1788928020,11.75,11.8,11.75,11.8,50600,2026-09-09,,,,,,,,
1788928080,11.8,11.8,11.8,11.8,1200,2026-09-09,,,,,,,,
1788928140,11.75,11.75,11.75,11.75,8000,2026-09-09,,,,,,,,
1788933600,11.75,11.8,11.75,11.75,43500,2026-09-09,,,,,,,,
1788933660,11.75,11.8,11.75,11.8,9000,2026-09-09,,,,,,,,
1788933720,11.75,11.8,11.75,11.8,4200,2026-09-09,,,,,,,,
1788933780,11.8,11.8,11.75,11.8,2300,2026-09-09,,,,,,,,
1788933840,11.75,11.8,11.75,11.75,12500,2026-09-09,,,,,,,,
1788933900,11.8,11.8,11.75,11.8,1400,2026-09-09,,,,,,,,
1788933960,11.75,11.8,11.75,11.8,1500,2026-09-09,,,,,,,,
1788934020,11.8,11.8,11.75,11.75,11600,2026-09-09,,,,,,,,
1788934080,11.8,11.8,11.75,11.8,11100,2026-09-09,,,,,,,,
1788934140,11.8,11.8,11.75,11.8,12000,2026-09-09,,,,,,,,
1788934200,11.8,11.8,11.75,11.75,359900,2026-09-09,,,,,,,,
1788934260,11.8,11.8,11.8,11.8,1800,2026-09-09,,,,,,,,
1788934320,11.75,11.8,11.75,11.75,3900,2026-09-09,,,,,,,,
1788934380,11.8,11.8,11.75,11.8,14800,2026-09-09,,,,,,,,
1788934440,11.8,11.8,11.75,11.75,13100,2026-09-09,,,,,,,,
1788934500,11.75,11.8,11.75,11.75,104100,2026-09-09,,,,,,,,
1788934560,11.75,11.8,11.75,11.75,11600,2026-09-09,,,,,,,,
1788934620,11.8,11.8,11.75,11.8,28200,2026-09-09,,,,,,,,
1788934680,11.8,11.8,11.75,11.8,17700,2026-09-09,,,,,,,,
1788934740,11.75,11.8,11.75,11.75,18800,2026-09-09,,,,,,,,
1788934800,11.8,11.8,11.75,11.8,253600,2026-09-09,,,,,,,,
1788934860,11.8,11.85,11.75,11.85,2638800,2026-09-09,,,,,,,,
1788934920,11.85,11.85,11.8,11.85,4092000,2026-09-09,,,,,,,,
1788934980,11.85,11.85,11.8,11.85,137000,2026-09-09,,,,,,,,
1788935040,11.85,11.85,11.8,11.85,354300,2026-09-09,,,,,,,,
1788935100,11.85,11.85,11.8,11.85,24900,2026-09-09,,,,,,,,
1788935160,11.85,11.85,11.8,11.85,22000,2026-09-09,,,,,,,,
1788935220,11.85,11.85,11.75,11.75,893000,2026-09-09,,,,,,,,
1788935280,11.75,11.8,11.75,11.8,222200,2026-09-09,,,,,,,,
1788935340,11.8,11.8,11.75,11.75,565400,2026-09-09,,,,,,,,
1788935400,11.75,11.8,11.75,11.75,89600,2026-09-09,,,,,,,,
1788935460,11.75,11.8,11.75,11.8,131800,2026-09-09,,,,,,,,
1788935520,11.8,11.8,11.75,11.75,16900,2026-09-09,,,,,,,,
1788935580,11.75,11.8,11.75,11.75,4900,2026-09-09,,,,,,,,
1788935640,11.75,11.8,11.75,11.75,17400,2026-09-09,,,,,,,,
1788935700,11.8,11.8,11.75,11.75,23800,2026-09-09,,,,,,,,
1788935760,11.8,11.8,11.75,11.75,16100,2026-09-09,,,,,,,,
1788935820,11.8,11.8,11.75,11.75,9500,2026-09-09,,,,,,,,
1788935880,11.75,11.8,11.75,11.75,6500,2026-09-09,,,,,,,,
1788935940,11.8,11.8,11.75,11.75,9000,2026-09-09,,,,,,,,
1788936000,11.75,11.8,11.75,11.75,5900,2026-09-09,,,,,,,,
1788936060,11.75,11.8,11.75,11.75,1900,2026-09-09,,,,,,,,
1788936120,11.75,11.8,11.75,11.8,500,2026-09-09,,,,,,,,
1788936180,11.75,11.8,11.75,11.75,15400,2026-09-09,,,,,,,,
1788936240,11.75,11.8,11.75,11.75,30200,2026-09-09,,,,,,,,
1788936300,11.75,11.8,11.75,11.8,5300,2026-09-09,,,,,,,,
1788936360,11.75,11.8,11.75,11.8,16700,2026-09-09,,,,,,,,
1788936420,11.8,11.8,11.75,11.8,30200,2026-09-09,,,,,,,,
1788936480,11.8,11.8,11.75,11.75,24500,2026-09-09,,,,,,,,
1788936540,11.75,11.75,11.75,11.75,25100,2026-09-09,,,,,,,,
1788936600,11.8,11.8,11.75,11.75,33100,2026-09-09,,,,,,,,
1788936660,11.8,11.8,11.75,11.75,59100,2026-09-09,,,,,,,,
1788936720,11.8,11.8,11.75,11.75,112700,2026-09-09,,,,,,,,
1788936780,11.8,11.8,11.75,11.75,3000,2026-09-09,,,,,,,,
1788936840,11.8,11.8,11.75,11.8,15300,2026-09-09,,,,,,,,
1788936900,11.75,11.8,11.75,11.75,10400,2026-09-09,,,,,,,,
1788936960,11.75,11.8,11.75,11.8,2389100,2026-09-09,,,,,,,,
1788937020,11.8,11.8,11.75,11.75,1427200,2026-09-09,,,,,,,,
1788937080,11.75,11.8,11.75,11.8,1047500,2026-09-09,,,,,,,,
1788937140,11.8,11.8,11.75,11.8,161700,2026-09-09,,,,,,,,
1788937200,11.8,11.8,11.75,11.8,32500,2026-09-09,,,,,,,,
1788937260,11.8,11.8,11.75,11.8,62000,2026-09-09,,,,,,,,
1788937320,11.75,11.8,11.75,11.75,28800,2026-09-09,,,,,,,,
1788937380,11.8,11.8,11.75,11.75,27400,2026-09-09,,,,,,,,
1788937440,11.75,11.8,11.75,11.75,8400,2026-09-09,,,,,,,,
1788937500,11.8,11.8,11.75,11.8,7000,2026-09-09,,,,,,,,
1788937560,11.8,11.8,11.75,11.75,56600,2026-09-09,,,,,,,,
1788937620,11.75,11.8,11.75,11.75,185300,2026-09-09,,,,,,,,
1788937680,11.75,11.8,11.75,11.8,44700,2026-09-09,,,,,,,,
1788937740,11.75,11.8,11.75,11.75,96300,2026-09-09,,,,,,,,
1788937800,11.75,11.8,11.75,11.8,107400,2026-09-09,,,,,,,,
1788937860,11.8,11.8,11.7,11.7,763500,2026-09-09,,,,,,,,
1788937920,11.7,11.75,11.7,11.75,1225600,2026-09-09,,,,,,,,
1788937980,11.75,11.8,11.7,11.75,458200,2026-09-09,,,,,,,,
1788938040,11.75,11.75,11.7,11.75,103900,2026-09-09,,,,,,,,
1788938100,11.7,11.75,11.7,11.7,67900,2026-09-09,,,,,,,,
1788938160,11.7,11.75,11.7,11.75,31600,2026-09-09,,,,,,,,
1788938220,11.7,11.75,11.7,11.7,29500,2026-09-09,,,,,,,,
1788938280,11.75,11.75,11.7,11.75,93300,2026-09-09,,,,,,,,
1788938340,11.7,11.75,11.7,11.7,57600,2026-09-09,,,,,,,,
1788938400,11.7,11.75,11.7,11.75,72200,2026-09-09,,,,,,,,
1788938460,11.7,11.75,11.7,11.75,40100,2026-09-09,,,,,,,,
1788938520,11.7,11.75,11.7,11.75,162800,2026-09-09,,,,,,,,
1788938580,11.7,11.75,11.7,11.75,5891700,2026-09-09,,,,,,,,
1788938640,11.75,11.75,11.7,11.75,101100,2026-09-09,,,,,,,,
1788938700,11.75,11.75,11.7,11.75,172000,2026-09-09,,,,,,,,
1788938760,11.75,11.75,11.7,11.7,65000,2026-09-09,,,,,,,,
1788938820,11.7,11.75,11.7,11.75,111400,2026-09-09,,,,,,,,
1788938880,11.75,11.75,11.7,11.75,44400,2026-09-09,,,,,,,,
1788938940,11.7,11.75,11.7,11.75,216000,2026-09-09,,,,,,,,
1788939900,11.75,11.75,11.75,11.75,9468200,2026-09-09,,,,,,,,
1789006500,11.75,11.8,11.75,11.75,1247100,2026-09-10,,,,,,,,
1789006560,11.7,11.75,11.7,11.75,54800,2026-09-10,,,,,,,,
1789006620,11.75,11.75,11.7,11.75,22100,2026-09-10,,,,,,,,
1789006680,11.75,11.75,11.7,11.7,112400,2026-09-10,,,,,,,,
1789006740,11.75,11.75,11.7,11.75,32800,2026-09-10,,,,,,,,
1789006800,11.75,11.75,11.7,11.75,21700,2026-09-10,,,,,,,,
1789006860,11.7,11.75,11.65,11.65,294800,2026-09-10,,,,,,,,
1789006920,11.7,11.7,11.65,11.7,17000,2026-09-10,,,,,,,,
1789006980,11.7,11.7,11.65,11.65,13000,2026-09-10,,,,,,,,
1789007040,11.65,11.7,11.65,11.7,28500,2026-09-10,,,,,,,,
1789007100,11.7,11.7,11.65,11.7,120900,2026-09-10,,,,,,,,
1789007160,11.7,11.7,11.7,11.7,12000,2026-09-10,,,,,,,,
1789007220,11.7,11.7,11.65,11.7,16400,2026-09-10,,,,,,,,
1789007280,11.65,11.7,11.65,11.65,26200,2026-09-10,,,,,,,,
1789007340,11.7,11.7,11.65,11.7,122600,2026-09-10,,,,,,,,
1789007400,11.7,11.7,11.65,11.7,29300,2026-09-10,,,,,,,,
1789007460,11.7,11.7,11.65,11.7,66500,2026-09-10,,,,,,,,
1789007520,11.7,11.7,11.65,11.7,9600,2026-09-10,,,,,,,,
1789007580,11.7,11.7,11.65,11.65,105800,2026-09-10,,,,,,,,
1789007640,11.7,11.7,11.65,11.7,13300,2026-09-10,,,,,,,,
1789007700,11.65,11.7,11.65,11.7,11400,2026-09-10,,,,,,,,
1789007760,11.7,11.7,11.65,11.65,61000,2026-09-10,,,,,,,,
1789007820,11.65,11.7,11.65,11.65,3800,2026-09-10,,,,,,,,
1789007880,11.65,11.7,11.65,11.65,8700,2026-09-10,,,,,,,,
1789007940,11.7,11.7,11.65,11.7,334900,2026-09-10,,,,,,,,
1789008000,11.7,11.7,11.65,11.7,21300,2026-09-10,,,,,,,,
1789008060,11.7,11.7,11.65,11.7,62800,2026-09-10,,,,,,,,
1789008120,11.65,11.7,11.65,11.65,14000,2026-09-10,,,,,,,,
1789008180,11.65,11.7,11.65,11.7,95400,2026-09-10,,,,,,,,
1789008240,11.7,11.7,11.65,11.65,16800,2026-09-10,,,,,,,,
1789008300,11.7,11.7,11.65,11.7,311000,2026-09-10,,,,,,,,
1789008360,11.7,11.7,11.65,11.7,437900,2026-09-10,,,,,,,,
1789008420,11.7,11.7,11.65,11.7,46300,2026-09-10,,,,,,,,
1789008480,11.7,11.7,11.7,11.7,11900,2026-09-10,,,,,,,,
1789008540,11.7,11.7,11.65,11.7,9400,2026-09-10,,,,,,,,
1789008600,11.7,11.7,11.65,11.7,14600,2026-09-10,,,,,,,,
1789008660,11.7,11.7,11.65,11.7,3400,2026-09-10,,,,,,,,
1789008720,11.7,11.7,11.65,11.7,21000,2026-09-10,,,,,,,,
1789008780,11.65,11.7,11.65,11.65,18700,2026-09-10,,,,,,,,
1789008840,11.7,11.7,11.65,11.7,16200,2026-09-10,,,,,,,,
1789008900,11.7,11.7,11.7,11.7,11300,2026-09-10,,,,,,,,
1789008960,11.7,11.7,11.65,11.7,9200,2026-09-10,,,,,,,,
1789009020,11.65,11.7,11.65,11.7,1300,2026-09-10,,,,,,,,
1789009080,11.7,11.7,11.7,11.7,5400,2026-09-10,,,,,,,,
1789009140,11.7,11.7,11.65,11.7,5500,2026-09-10,,,,,,,,
1789009200,11.7,11.7,11.65,11.65,11500,2026-09-10,,,,,,,,
1789009260,11.65,11.7,11.65,11.7,76600,2026-09-10,,,,,,,,
1789009320,11.65,11.7,11.65,11.7,14800,2026-09-10,,,,,,,,
1789009380,11.7,11.7,11.65,11.65,42800,2026-09-10,,,,,,,,
1789009440,11.7,11.7,11.65,11.7,32500,2026-09-10,,,,,,,,
1789009500,11.65,11.7,11.65,11.7,9300,2026-09-10,,,,,,,,
1789009560,11.7,11.7,11.65,11.65,7300,2026-09-10,,,,,,,,
1789009620,11.7,11.7,11.65,11.65,27700,2026-09-10,,,,,,,,
1789009680,11.7,11.7,11.65,11.7,300,2026-09-10,,,,,,,,
1789009740,11.7,11.7,11.7,11.7,2600,2026-09-10,,,,,,,,
1789009800,11.65,11.7,11.65,11.7,6600,2026-09-10,,,,,,,,
1789009860,11.7,11.7,11.65,11.7,8000,2026-09-10,,,,,,,,
1789009920,11.7,11.7,11.65,11.65,6900,2026-09-10,,,,,,,,
1789009980,11.7,11.7,11.7,11.7,1500,2026-09-10,,,,,,,,
1789010040,11.7,11.7,11.7,11.7,11600,2026-09-10,,,,,,,,
1789010100,11.7,11.7,11.65,11.65,46700,2026-09-10,,,,,,,,
1789010160,11.65,11.7,11.65,11.7,11300,2026-09-10,,,,,,,,
1789010220,11.7,11.7,11.65,11.65,9700,2026-09-10,,,,,,,,
1789010280,11.7,11.7,11.7,11.7,300,2026-09-10,,,,,,,,
1789010340,11.65,11.7,11.65,11.7,10400,2026-09-10,,,,,,,,
1789010400,11.65,11.7,11.65,11.7,3600,2026-09-10,,,,,,,,
1789010460,11.7,11.7,11.7,11.7,100,2026-09-10,,,,,,,,
1789010520,11.7,11.7,11.65,11.7,5900,2026-09-10,,,,,,,,
1789010580,11.7,11.7,11.65,11.65,7500,2026-09-10,,,,,,,,
1789010640,11.7,11.7,11.65,11.65,6400,2026-09-10,,,,,,,,
1789010700,11.65,11.7,11.65,11.7,66700,2026-09-10,,,,,,,,
1789010760,11.65,11.7,11.65,11.65,15900,2026-09-10,,,,,,,,
1789010820,11.65,11.7,11.65,11.7,1200,2026-09-10,,,,,,,,
1789010880,11.7,11.7,11.65,11.65,50600,2026-09-10,,,,,,,,
1789010940,11.7,11.7,11.65,11.65,2400,2026-09-10,,,,,,,,
1789011000,11.65,11.7,11.65,11.65,4100,2026-09-10,,,,,,,,
1789011060,11.65,11.7,11.65,11.7,31100,2026-09-10,,,,,,,,
1789011120,11.7,11.7,11.65,11.65,1927500,2026-09-10,,,,,,,,
1789011180,11.65,11.65,11.6,11.65,228100,2026-09-10,,,,,,,,
1789011240,11.65,11.65,11.6,11.65,359100,2026-09-10,,,,,,,,
1789011300,11.65,11.65,11.6,11.65,349200,2026-09-10,,,,,,,,
1789011360,11.65,11.65,11.6,11.65,178300,2026-09-10,,,,,,,,
1789011420,11.65,11.65,11.65,11.65,150600,2026-09-10,,,,,,,,
1789011480,11.65,11.65,11.65,11.65,156800,2026-09-10,,,,,,,,
1789011540,11.65,11.65,11.6,11.65,194100,2026-09-10,,,,,,,,
1789011600,11.65,11.65,11.65,11.65,71900,2026-09-10,,,,,,,,
1789011660,11.65,11.65,11.6,11.6,39400,2026-09-10,,,,,,,,
1789011720,11.6,11.65,11.6,11.65,26100,2026-09-10,,,,,,,,
1789011780,11.65,11.65,11.6,11.65,22300,2026-09-10,,,,,,,,
1789011840,11.65,11.65,11.6,11.65,30500,2026-09-10,,,,,,,,
1789011900,11.65,11.65,11.6,11.65,77800,2026-09-10,,,,,,,,
1789011960,11.65,11.65,11.6,11.65,42100,2026-09-10,,,,,,,,
1789012020,11.65,11.65,11.65,11.65,10500,2026-09-10,,,,,,,,
1789012080,11.65,11.65,11.6,11.6,32800,2026-09-10,,,,,,,,
1789012140,11.6,11.65,11.6,11.65,41200,2026-09-10,,,,,,,,
1789012200,11.65,11.65,11.6,11.65,12700,2026-09-10,,,,,,,,
1789012260,11.65,11.65,11.6,11.65,48000,2026-09-10,,,,,,,,
1789012320,11.65,11.65,11.6,11.65,28700,2026-09-10,,,,,,,,
1789012380,11.6,11.65,11.6,11.65,576900,2026-09-10,,,,,,,,
1789012440,11.65,11.65,11.6,11.65,143200,2026-09-10,,,,,,,,
1789012500,11.6,11.65,11.6,11.65,291400,2026-09-10,,,,,,,,
1789012560,11.65,11.65,11.6,11.65,430600,2026-09-10,,,,,,,,
1789012620,11.65,11.65,11.65,11.65,140200,2026-09-10,,,,,,,,
1789012680,11.65,11.65,11.6,11.65,109200,2026-09-10,,,,,,,,
1789012740,11.65,11.65,11.65,11.65,51900,2026-09-10,,,,,,,,
1789012800,11.65,11.7,11.65,11.7,710700,2026-09-10,,,,,,,,
1789012860,11.7,11.7,11.65,11.7,240400,2026-09-10,,,,,,,,
1789012920,11.7,11.7,11.65,11.65,140900,2026-09-10,,,,,,,,
1789012980,11.7,11.7,11.65,11.7,7600,2026-09-10,,,,,,,,
1789013040,11.65,11.7,11.65,11.65,17300,2026-09-10,,,,,,,,
1789013100,11.65,11.7,11.65,11.65,115600,2026-09-10,,,,,,,,
1789013160,11.65,11.7,11.65,11.65,869800,2026-09-10,,,,,,,,
1789013220,11.65,11.65,11.6,11.65,222700,2026-09-10,,,,,,,,
1789013280,11.65,11.65,11.65,11.65,45600,2026-09-10,,,,,,,,
1789013340,11.65,11.65,11.65,11.65,233500,2026-09-10,,,,,,,,
1789013400,11.65,11.7,11.65,11.65,480000,2026-09-10,,,,,,,,
1789013460,11.7,11.7,11.65,11.65,531600,2026-09-10,,,,,,,,
1789013520,11.65,11.65,11.65,11.65,46600,2026-09-10,,,,,,,,
1789013580,11.65,11.7,11.65,11.65,438700,2026-09-10,,,,,,,,
1789013640,11.65,11.7,11.65,11.65,226000,2026-09-10,,,,,,,,
1789013700,11.7,11.7,11.65,11.7,36300,2026-09-10,,,,,,,,
1789013760,11.65,11.7,11.65,11.65,6700,2026-09-10,,,,,,,,
1789013820,11.7,11.7,11.65,11.7,19100,2026-09-10,,,,,,,,
1789013880,11.7,11.7,11.7,11.7,100,2026-09-10,,,,,,,,
1789013940,11.7,11.7,11.65,11.7,21800,2026-09-10,,,,,,,,
1789014000,11.65,11.7,11.65,11.65,16000,2026-09-10,,,,,,,,
1789014060,11.65,11.7,11.65,11.7,3800,2026-09-10,,,,,,,,
1789014120,11.65,11.7,11.65,11.7,3600,2026-09-10,,,,,,,,
1789014180,11.65,11.7,11.65,11.7,21100,2026-09-10,,,,,,,,
1789014240,11.7,11.7,11.7,11.7,200,2026-09-10,,,,,,,,
1789014300,11.7,11.7,11.65,11.65,10500,2026-09-10,,,,,,,,
1789014360,11.7,11.7,11.65,11.7,17100,2026-09-10,,,,,,,,
1789014420,11.65,11.7,11.65,11.65,101400,2026-09-10,,,,,,,,
1789014480,11.65,11.7,11.65,11.7,131600,2026-09-10,,,,,,,,
1789014540,11.7,11.7,11.65,11.7,79700,2026-09-10,,,,,,,,
1789020000,11.65,11.7,11.6,11.65,977000,2026-09-10,,,,,,,,
1789020060,11.65,11.7,11.65,11.65,1243900,2026-09-10,,,,,,,,
1789020120,11.65,11.65,11.65,11.65,26800,2026-09-10,,,,,,,,
1789020180,11.65,11.65,11.6,11.65,310900,2026-09-10,,,,,,,,
1789020240,11.65,11.65,11.6,11.65,722000,2026-09-10,,,,,,,,
1789020300,11.65,11.65,11.6,11.65,28900,2026-09-10,,,,,,,,
1789020360,11.65,11.65,11.6,11.65,22400,2026-09-10,,,,,,,,
1789020420,11.65,11.65,11.6,11.65,66400,2026-09-10,,,,,,,,
1789020480,11.65,11.65,11.6,11.6,16000,2026-09-10,,,,,,,,
1789020540,11.65,11.65,11.6,11.65,32700,2026-09-10,,,,,,,,
1789020600,11.6,11.65,11.6,11.65,26800,2026-09-10,,,,,,,,
1789020660,11.65,11.65,11.6,11.65,13000,2026-09-10,,,,,,,,
1789020720,11.65,11.65,11.6,11.65,24800,2026-09-10,,,,,,,,
1789020780,11.65,11.65,11.6,11.65,543900,2026-09-10,,,,,,,,
1789020840,11.65,11.65,11.6,11.65,175400,2026-09-10,,,,,,,,
1789020900,11.65,11.65,11.6,11.65,105200,2026-09-10,,,,,,,,
1789020960,11.65,11.65,11.65,11.65,30400,2026-09-10,,,,,,,,
1789021020,11.65,11.65,11.65,11.65,1219100,2026-09-10,,,,,,,,
1789021080,11.65,11.65,11.6,11.65,1220800,2026-09-10,,,,,,,,
1789021140,11.65,11.65,11.6,11.65,1099500,2026-09-10,,,,,,,,
1789021200,11.65,11.65,11.6,11.65,71100,2026-09-10,,,,,,,,
1789021260,11.65,11.65,11.6,11.65,284900,2026-09-10,,,,,,,,
1789021320,11.65,11.65,11.6,11.65,539200,2026-09-10,,,,,,,,
1789021380,11.65,11.65,11.6,11.65,116400,2026-09-10,,,,,,,,
1789021440,11.65,11.65,11.6,11.65,46100,2026-09-10,,,,,,,,
1789021500,11.65,11.65,11.6,11.65,332100,2026-09-10,,,,,,,,
1789021560,11.65,11.7,11.65,11.7,418000,2026-09-10,,,,,,,,
1789021620,11.65,11.7,11.65,11.7,42700,2026-09-10,,,,,,,,
1789021680,11.7,11.7,11.65,11.7,56800,2026-09-10,,,,,,,,
1789021740,11.7,11.7,11.65,11.7,41000,2026-09-10,,,,,,,,
1789021800,11.65,11.7,11.65,11.7,17300,2026-09-10,,,,,,,,
1789021860,11.7,11.7,11.65,11.7,146300,2026-09-10,,,,,,,,
1789021920,11.7,11.7,11.65,11.7,106100,2026-09-10,,,,,,,,
1789021980,11.7,11.7,11.65,11.7,35600,2026-09-10,,,,,,,,
1789022040,11.7,11.7,11.65,11.7,133400,2026-09-10,,,,,,,,
1789022100,11.7,11.7,11.65,11.7,303900,2026-09-10,,,,,,,,
1789022160,11.7,11.7,11.7,11.7,200800,2026-09-10,,,,,,,,
1789022220,11.7,11.75,11.65,11.75,239100,2026-09-10,,,,,,,,
1789022280,11.7,11.75,11.7,11.7,129700,2026-09-10,,,,,,,,
1789022340,11.7,11.75,11.7,11.7,18100,2026-09-10,,,,,,,,
1789022400,11.75,11.75,11.7,11.75,18400,2026-09-10,,,,,,,,
1789022460,11.75,11.75,11.7,11.7,7300,2026-09-10,,,,,,,,
1789022520,11.7,11.75,11.7,11.75,10700,2026-09-10,,,,,,,,
1789022580,11.75,11.75,11.7,11.75,13700,2026-09-10,,,,,,,,
1789022640,11.7,11.75,11.7,11.7,1200,2026-09-10,,,,,,,,
1789022700,11.7,11.75,11.7,11.7,453000,2026-09-10,,,,,,,,
1789022760,11.7,11.7,11.7,11.7,13700,2026-09-10,,,,,,,,
1789022820,11.7,11.75,11.65,11.7,133600,2026-09-10,,,,,,,,
1789022880,11.7,11.7,11.7,11.7,37200,2026-09-10,,,,,,,,
1789022940,11.7,11.7,11.7,11.7,24300,2026-09-10,,,,,,,,
1789023000,11.7,11.7,11.7,11.7,15200,2026-09-10,,,,,,,,
1789023060,11.7,11.7,11.7,11.7,54900,2026-09-10,,,,,,,,
1789023120,11.7,11.7,11.65,11.7,134600,2026-09-10,,,,,,,,
1789023180,11.7,11.7,11.65,11.7,56000,2026-09-10,,,,,,,,
1789023240,11.7,11.7,11.65,11.7,25200,2026-09-10,,,,,,,,
1789023300,11.7,11.75,11.7,11.7,16800,2026-09-10,,,,,,,,
1789023360,11.75,11.75,11.7,11.75,4900,2026-09-10,,,,,,,,
1789023420,11.75,11.75,11.7,11.75,7000,2026-09-10,,,,,,,,
1789023480,11.75,11.75,11.75,11.75,1500,2026-09-10,,,,,,,,
1789023540,11.75,11.75,11.7,11.75,34300,2026-09-10,,,,,,,,
1789023600,11.75,11.75,11.7,11.75,108500,2026-09-10,,,,,,,,
1789023660,11.75,11.75,11.7,11.75,41400,2026-09-10,,,,,,,,
1789023720,11.75,11.75,11.75,11.75,54700,2026-09-10,,,,,,,,
1789023780,11.75,11.75,11.75,11.75,67700,2026-09-10,,,,,,,,
1789023840,11.75,11.75,11.7,11.75,5100,2026-09-10,,,,,,,,
1789023900,11.75,11.75,11.7,11.75,20800,2026-09-10,,,,,,,,
1789023960,11.75,11.75,11.7,11.75,20000,2026-09-10,,,,,,,,
1789024020,11.7,11.75,11.7,11.75,48500,2026-09-10,,,,,,,,
1789024080,11.75,11.75,11.7,11.7,28500,2026-09-10,,,,,,,,
1789024140,11.75,11.75,11.7,11.75,15500,2026-09-10,,,,,,,,
1789024200,11.7,11.75,11.7,11.7,16000,2026-09-10,,,,,,,,
1789024260,11.7,11.75,11.7,11.75,8300,2026-09-10,,,,,,,,
1789024320,11.75,11.75,11.7,11.75,6500,2026-09-10,,,,,,,,
1789024380,11.75,11.75,11.7,11.75,16600,2026-09-10,,,,,,,,
1789024440,11.75,11.75,11.7,11.75,6500,2026-09-10,,,,,,,,
1789024500,11.75,11.75,11.7,11.75,4800,2026-09-10,,,,,,,,
1789024560,11.7,11.75,11.7,11.75,74000,2026-09-10,,,,,,,,
1789024620,11.75,11.75,11.7,11.75,80800,2026-09-10,,,,,,,,
1789024680,11.75,11.75,11.7,11.75,117300,2026-09-10,,,,,,,,
1789024740,11.75,11.75,11.7,11.75,42800,2026-09-10,,,,,,,,
1789024800,11.75,11.75,11.7,11.75,20600,2026-09-10,,,,,,,,
1789024860,11.75,11.75,11.7,11.75,71400,2026-09-10,,,,,,,,
1789024920,11.75,11.75,11.7,11.75,83500,2026-09-10,,,,,,,,
1789024980,11.75,11.75,11.7,11.7,31200,2026-09-10,,,,,,,,
1789025040,11.75,11.75,11.7,11.75,21500,2026-09-10,,,,,,,,
1789025100,11.75,11.75,11.7,11.7,43700,2026-09-10,,,,,,,,
1789025160,11.75,11.75,11.7,11.75,335100,2026-09-10,,,,,,,,
1789025220,11.75,11.75,11.7,11.75,374100,2026-09-10,,,,,,,,
1789025280,11.75,11.75,11.7,11.75,106600,2026-09-10,,,,,,,,
1789025340,11.75,11.75,11.7,11.75,25900,2026-09-10,,,,,,,,
1789026300,11.75,11.75,11.75,11.75,6497700,2026-09-10,,,,,,,,
1789092900,11.7,11.7,11.65,11.7,959100,2026-09-11,,,,,,,,
1789092960,11.7,11.75,11.65,11.7,511100,2026-09-11,,,,,,,,
1789093020,11.7,11.7,11.65,11.65,35700,2026-09-11,,,,,,,,
1789093080,11.65,11.65,11.65,11.65,8600,2026-09-11,,,,,,,,
1789093140,11.65,11.65,11.65,11.65,18400,2026-09-11,,,,,,,,
1789093200,11.65,11.7,11.65,11.7,5700,2026-09-11,,,,,,,,
1789093260,11.65,11.7,11.65,11.65,13000,2026-09-11,,,,,,,,
1789093320,11.7,11.7,11.65,11.7,33100,2026-09-11,,,,,,,,
1789093380,11.7,11.7,11.65,11.65,11400,2026-09-11,,,,,,,,
1789093440,11.65,11.7,11.65,11.7,6200,2026-09-11,,,,,,,,
1789093500,11.7,11.7,11.65,11.65,1300,2026-09-11,,,,,,,,
1789093560,11.7,11.7,11.65,11.65,24200,2026-09-11,,,,,,,,
1789093620,11.65,11.7,11.65,11.65,1144300,2026-09-11,,,,,,,,
1789093680,11.65,11.65,11.65,11.65,133500,2026-09-11,,,,,,,,
1789093740,11.65,11.65,11.6,11.65,330800,2026-09-11,,,,,,,,
1789093800,11.65,11.65,11.6,11.65,524800,2026-09-11,,,,,,,,
1789093860,11.65,11.65,11.6,11.65,826100,2026-09-11,,,,,,,,
1789093920,11.6,11.65,11.6,11.6,102500,2026-09-11,,,,,,,,
1789093980,11.6,11.65,11.6,11.6,2100,2026-09-11,,,,,,,,
1789094040,11.6,11.65,11.6,11.6,19300,2026-09-11,,,,,,,,
1789094100,11.6,11.65,11.6,11.65,2000,2026-09-11,,,,,,,,
1789094160,11.6,11.65,11.6,11.65,72700,2026-09-11,,,,,,,,
1789094220,11.6,11.65,11.6,11.65,18200,2026-09-11,,,,,,,,
1789094280,11.65,11.65,11.6,11.65,19200,2026-09-11,,,,,,,,
1789094340,11.65,11.65,11.6,11.65,500000,2026-09-11,,,,,,,,
1789094400,11.65,11.65,11.6,11.65,34400,2026-09-11,,,,,,,,
1789094460,11.65,11.65,11.6,11.65,98800,2026-09-11,,,,,,,,
1789094520,11.65,11.65,11.6,11.65,35100,2026-09-11,,,,,,,,
1789094580,11.65,11.65,11.6,11.65,8500,2026-09-11,,,,,,,,
1789094640,11.65,11.65,11.6,11.6,23500,2026-09-11,,,,,,,,
1789094700,11.65,11.65,11.6,11.6,20900,2026-09-11,,,,,,,,
1789094760,11.65,11.65,11.6,11.65,9300,2026-09-11,,,,,,,,
1789094820,11.65,11.65,11.6,11.65,23600,2026-09-11,,,,,,,,
1789094880,11.6,11.65,11.6,11.6,2000,2026-09-11,,,,,,,,
1789094940,11.6,11.65,11.6,11.6,5100,2026-09-11,,,,,,,,
1789095000,11.6,11.65,11.6,11.65,5500,2026-09-11,,,,,,,,
1789095060,11.65,11.65,11.6,11.65,900,2026-09-11,,,,,,,,
1789095120,11.6,11.65,11.6,11.65,26000,2026-09-11,,,,,,,,
1789095180,11.65,11.65,11.6,11.65,17600,2026-09-11,,,,,,,,
1789095240,11.65,11.65,11.6,11.65,15200,2026-09-11,,,,,,,,
1789095300,11.6,11.65,11.6,11.65,35300,2026-09-11,,,,,,,,
1789095360,11.65,11.65,11.6,11.65,7200,2026-09-11,,,,,,,,
1789095420,11.6,11.65,11.6,11.6,23100,2026-09-11,,,,,,,,
1789095480,11.6,11.65,11.6,11.6,148000,2026-09-11,,,,,,,,
1789095540,11.6,11.65,11.6,11.6,37900,2026-09-11,,,,,,,,
1789095600,11.6,11.65,11.6,11.65,93000,2026-09-11,,,,,,,,
1789095660,11.65,11.65,11.6,11.6,15200,2026-09-11,,,,,,,,
1789095720,11.6,11.65,11.6,11.6,11300,2026-09-11,,,,,,,,
1789095780,11.6,11.65,11.6,11.65,541000,2026-09-11,,,,,,,,
1789095840,11.6,11.65,11.6,11.6,10800,2026-09-11,,,,,,,,
1789095900,11.6,11.65,11.6,11.6,18000,2026-09-11,,,,,,,,
1789095960,11.6,11.65,11.6,11.6,203100,2026-09-11,,,,,,,,
1789096020,11.65,11.65,11.6,11.6,51900,2026-09-11,,,,,,,,
1789096080,11.6,11.65,11.6,11.6,29900,2026-09-11,,,,,,,,
1789096140,11.6,11.65,11.6,11.6,86000,2026-09-11,,,,,,,,
1789096200,11.65,11.65,11.6,11.6,243900,2026-09-11,,,,,,,,
1789096260,11.6,11.65,11.6,11.6,914200,2026-09-11,,,,,,,,
1789096320,11.6,11.65,11.6,11.6,338600,2026-09-11,,,,,,,,
1789096380,11.6,11.65,11.6,11.65,42300,2026-09-11,,,,,,,,
1789096440,11.65,11.65,11.6,11.65,47900,2026-09-11,,,,,,,,
1789096500,11.6,11.65,11.6,11.6,42200,2026-09-11,,,,,,,,
1789096560,11.65,11.65,11.55,11.6,1299500,2026-09-11,,,,,,,,
1789096620,11.6,11.6,11.55,11.6,23100,2026-09-11,,,,,,,,
1789096680,11.6,11.6,11.55,11.6,46900,2026-09-11,,,,,,,,
1789096740,11.6,11.6,11.55,11.6,988300,2026-09-11,,,,,,,,
1789096800,11.6,11.6,11.55,11.6,31400,2026-09-11,,,,,,,,
1789096860,11.55,11.6,11.55,11.6,29700,2026-09-11,,,,,,,,
1789096920,11.6,11.6,11.55,11.6,103900,2026-09-11,,,,,,,,
1789096980,11.55,11.6,11.55,11.6,1017700,2026-09-11,,,,,,,,
1789097040,11.6,11.6,11.55,11.6,5200,2026-09-11,,,,,,,,
1789097100,11.6,11.6,11.55,11.6,58700,2026-09-11,,,,,,,,
1789097160,11.55,11.6,11.55,11.55,8900,2026-09-11,,,,,,,,
1789097220,11.55,11.6,11.55,11.55,15700,2026-09-11,,,,,,,,
1789097280,11.6,11.6,11.55,11.55,20700,2026-09-11,,,,,,,,
1789097340,11.6,11.6,11.55,11.6,548200,2026-09-11,,,,,,,,
1789097400,11.6,11.65,11.6,11.6,483400,2026-09-11,,,,,,,,
1789097460,11.6,11.65,11.6,11.6,40000,2026-09-11,,,,,,,,
1789097520,11.6,11.65,11.6,11.65,4000,2026-09-11,,,,,,,,
1789097580,11.6,11.65,11.6,11.6,7400,2026-09-11,,,,,,,,
1789097640,11.6,11.65,11.6,11.65,13700,2026-09-11,,,,,,,,
1789097700,11.6,11.6,11.6,11.6,1400,2026-09-11,,,,,,,,
1789097760,11.6,11.65,11.6,11.6,6800,2026-09-11,,,,,,,,
1789097820,11.6,11.65,11.6,11.65,7900,2026-09-11,,,,,,,,
1789097880,11.6,11.65,11.6,11.65,38700,2026-09-11,,,,,,,,
1789097940,11.6,11.6,11.6,11.6,18100,2026-09-11,,,,,,,,
1789098000,11.6,11.65,11.6,11.6,14200,2026-09-11,,,,,,,,
1789098060,11.6,11.65,11.6,11.6,9700,2026-09-11,,,,,,,,
1789098120,11.6,11.6,11.6,11.6,18200,2026-09-11,,,,,,,,
1789098180,11.6,11.6,11.6,11.6,3600,2026-09-11,,,,,,,,
1789098240,11.65,11.65,11.6,11.6,264500,2026-09-11,,,,,,,,
1789098300,11.6,11.65,11.55,11.55,1581000,2026-09-11,,,,,,,,
1789098360,11.6,11.6,11.55,11.6,6000,2026-09-11,,,,,,,,
1789098420,11.6,11.6,11.55,11.6,30800,2026-09-11,,,,,,,,
1789098480,11.6,11.6,11.55,11.6,19300,2026-09-11,,,,,,,,
1789098540,11.6,11.6,11.55,11.55,13700,2026-09-11,,,,,,,,
1789098600,11.55,11.6,11.55,11.55,12500,2026-09-11,,,,,,,,
1789098660,11.6,11.65,11.6,11.65,1015100,2026-09-11,,,,,,,,
1789098720,11.6,11.65,11.6,11.6,49300,2026-09-11,,,,,,,,
1789098780,11.6,11.6,11.6,11.6,800,2026-09-11,,,,,,,,
1789098840,11.6,11.65,11.6,11.6,15400,2026-09-11,,,,,,,,
1789098900,11.6,11.6,11.6,11.6,11700,2026-09-11,,,,,,,,
1789098960,11.6,11.6,11.6,11.6,5700,2026-09-11,,,,,,,,
1789099020,11.65,11.65,11.6,11.6,7200,2026-09-11,,,,,,,,
1789099080,11.65,11.65,11.6,11.6,49600,2026-09-11,,,,,,,,
1789099140,11.6,11.65,11.6,11.6,500,2026-09-11,,,,,,,,
1789099200,11.65,11.65,11.6,11.6,2500,2026-09-11,,,,,,,,
1789099260,11.6,11.65,11.6,11.6,170300,2026-09-11,,,,,,,,
1789099320,11.6,11.6,11.6,11.6,19300,2026-09-11,,,,,,,,
1789099380,11.6,11.65,11.6,11.6,42600,2026-09-11,,,,,,,,
1789099440,11.6,11.65,11.6,11.6,3100,2026-09-11,,,,,,,,
1789099500,11.65,11.65,11.6,11.65,1600,2026-09-11,,,,,,,,
1789099560,11.65,11.65,11.6,11.6,16700,2026-09-11,,,,,,,,
1789099620,11.6,11.65,11.6,11.65,11500,2026-09-11,,,,,,,,
1789099680,11.65,11.65,11.6,11.6,900,2026-09-11,,,,,,,,
1789099740,11.6,11.65,11.6,11.65,3600,2026-09-11,,,,,,,,
1789099800,11.65,11.65,11.6,11.65,700,2026-09-11,,,,,,,,
1789099860,11.65,11.65,11.6,11.6,5900,2026-09-11,,,,,,,,
1789099920,11.6,11.6,11.6,11.6,430600,2026-09-11,,,,,,,,
1789099980,11.6,11.65,11.6,11.6,117800,2026-09-11,,,,,,,,
1789100040,11.6,11.6,11.6,11.6,8800,2026-09-11,,,,,,,,
1789100100,11.6,11.6,11.6,11.6,14600,2026-09-11,,,,,,,,
1789100160,11.6,11.6,11.6,11.6,57600,2026-09-11,,,,,,,,
1789100220,11.6,11.65,11.6,11.6,10300,2026-09-11,,,,,,,,
1789100280,11.6,11.65,11.6,11.6,13700,2026-09-11,,,,,,,,
1789100340,11.6,11.6,11.6,11.6,26900,2026-09-11,,,,,,,,
1789100400,11.6,11.6,11.6,11.6,4600,2026-09-11,,,,,,,,
1789100460,11.6,11.65,11.6,11.6,4200,2026-09-11,,,,,,,,
1789100520,11.6,11.6,11.6,11.6,1900,2026-09-11,,,,,,,,
1789100580,11.6,11.65,11.6,11.6,4100,2026-09-11,,,,,,,,
1789100640,11.6,11.6,11.6,11.6,69800,2026-09-11,,,,,,,,
1789100700,11.6,11.65,11.6,11.6,216100,2026-09-11,,,,,,,,
1789100760,11.6,11.65,11.6,11.6,41900,2026-09-11,,,,,,,,
1789100820,11.6,11.6,11.6,11.6,16200,2026-09-11,,,,,,,,
1789100880,11.6,11.6,11.6,11.6,53300,2026-09-11,,,,,,,,
1789100940,11.6,11.6,11.6,11.6,125500,2026-09-11,,,,,,,,
1789106400,11.6,11.65,11.55,11.6,506300,2026-09-11,,,,,,,,
1789106460,11.6,11.6,11.6,11.6,1000,2026-09-11,,,,,,,,
1789106520,11.6,11.6,11.55,11.6,7400,2026-09-11,,,,,,,,
1789106580,11.6,11.6,11.55,11.6,52400,2026-09-11,,,,,,,,
1789106640,11.6,11.6,11.55,11.6,10700,2026-09-11,,,,,,,,
1789106700,11.6,11.6,11.55,11.6,25200,2026-09-11,,,,,,,,
1789106760,11.6,11.6,11.55,11.55,18100,2026-09-11,,,,,,,,
1789106820,11.6,11.6,11.55,11.6,40500,2026-09-11,,,,,,,,
1789106880,11.6,11.6,11.55,11.55,16900,2026-09-11,,,,,,,,
1789106940,11.6,11.6,11.55,11.6,33900,2026-09-11,,,,,,,,
1789107000,11.55,11.6,11.55,11.6,13200,2026-09-11,,,,,,,,
1789107060,11.55,11.6,11.55,11.6,7800,2026-09-11,,,,,,,,
1789107120,11.6,11.6,11.55,11.6,9200,2026-09-11,,,,,,,,
1789107180,11.6,11.6,11.6,11.6,2900,2026-09-11,,,,,,,,
1789107240,11.55,11.6,11.55,11.55,26500,2026-09-11,,,,,,,,
1789107300,11.6,11.6,11.55,11.6,20100,2026-09-11,,,,,,,,
1789107360,11.55,11.6,11.55,11.55,8700,2026-09-11,,,,,,,,
1789107420,11.55,11.6,11.55,11.55,20100,2026-09-11,,,,,,,,
1789107480,11.55,11.6,11.55,11.6,15200,2026-09-11,,,,,,,,
1789107540,11.6,11.6,11.55,11.55,10900,2026-09-11,,,,,,,,
1789107600,11.6,11.6,11.55,11.55,4622200,2026-09-11,,,,,,,,
1789107660,11.55,11.6,11.55,11.6,1104200,2026-09-11,,,,,,,,
1789107720,11.6,11.6,11.55,11.55,1812300,2026-09-11,,,,,,,,
1789107780,11.55,11.6,11.55,11.6,416600,2026-09-11,,,,,,,,
1789107840,11.6,11.7,11.55,11.7,6295900,2026-09-11,,,,,,,,
1789107900,11.7,11.7,11.6,11.7,2963800,2026-09-11,,,,,,,,
1789107960,11.7,11.7,11.6,11.65,900800,2026-09-11,,,,,,,,
1789108020,11.65,11.7,11.55,11.6,1334100,2026-09-11,,,,,,,,
1789108080,11.6,11.6,11.55,11.6,61000,2026-09-11,,,,,,,,
1789108140,11.6,11.65,11.55,11.6,1029600,2026-09-11,,,,,,,,
1789108200,11.6,11.65,11.55,11.6,349000,2026-09-11,,,,,,,,
1789108260,11.6,11.6,11.55,11.6,113400,2026-09-11,,,,,,,,
1789108320,11.6,11.6,11.55,11.6,131700,2026-09-11,,,,,,,,
1789108380,11.6,11.6,11.55,11.6,203700,2026-09-11,,,,,,,,
1789108440,11.6,11.6,11.55,11.6,265000,2026-09-11,,,,,,,,
1789108500,11.6,11.6,11.55,11.6,51100,2026-09-11,,,,,,,,
1789108560,11.6,11.6,11.6,11.6,473700,2026-09-11,,,,,,,,
1789108620,11.6,11.6,11.55,11.6,148100,2026-09-11,,,,,,,,
1789108680,11.55,11.6,11.55,11.55,69900,2026-09-11,,,,,,,,
1789108740,11.6,11.6,11.55,11.6,47300,2026-09-11,,,,,,,,
1789108800,11.6,11.6,11.55,11.6,41900,2026-09-11,,,,,,,,
1789108860,11.6,11.6,11.55,11.6,65800,2026-09-11,,,,,,,,
1789108920,11.6,11.6,11.55,11.6,119400,2026-09-11,,,,,,,,
1789108980,11.6,11.6,11.6,11.6,117700,2026-09-11,,,,,,,,
1789109040,11.6,11.6,11.6,11.6,295700,2026-09-11,,,,,,,,
1789109100,11.6,11.6,11.55,11.6,87100,2026-09-11,,,,,,,,
1789109160,11.6,11.6,11.55,11.6,36100,2026-09-11,,,,,,,,
1789109220,11.6,11.6,11.55,11.55,79100,2026-09-11,,,,,,,,
1789109280,11.6,11.6,11.55,11.6,22600,2026-09-11,,,,,,,,
1789109340,11.6,11.6,11.55,11.6,13000,2026-09-11,,,,,,,,
1789109400,11.6,11.6,11.55,11.55,137100,2026-09-11,,,,,,,,
1789109460,11.6,11.6,11.55,11.6,30400,2026-09-11,,,,,,,,
1789109520,11.6,11.6,11.55,11.6,45000,2026-09-11,,,,,,,,
1789109580,11.6,11.6,11.55,11.6,58600,2026-09-11,,,,,,,,
1789109640,11.6,11.6,11.6,11.6,107600,2026-09-11,,,,,,,,
1789109700,11.6,11.6,11.55,11.55,108000,2026-09-11,,,,,,,,
1789109760,11.6,11.6,11.55,11.6,39100,2026-09-11,,,,,,,,
1789109820,11.6,11.6,11.55,11.6,21400,2026-09-11,,,,,,,,
1789109880,11.55,11.6,11.55,11.6,23400,2026-09-11,,,,,,,,
1789109940,11.6,11.6,11.55,11.6,67500,2026-09-11,,,,,,,,
1789110000,11.6,11.6,11.55,11.6,75800,2026-09-11,,,,,,,,
1789110060,11.55,11.6,11.55,11.6,55600,2026-09-11,,,,,,,,
1789110120,11.6,11.6,11.55,11.6,14700,2026-09-11,,,,,,,,
1789110180,11.55,11.6,11.55,11.55,11800,2026-09-11,,,,,,,,
1789110240,11.6,11.6,11.55,11.6,24600,2026-09-11,,,,,,,,
1789110300,11.6,11.6,11.55,11.6,62900,2026-09-11,,,,,,,,
1789110360,11.6,11.6,11.55,11.55,53500,2026-09-11,,,,,,,,
1789110420,11.55,11.6,11.55,11.55,56500,2026-09-11,,,,,,,,
1789110480,11.55,11.6,11.55,11.55,2183600,2026-09-11,,,,,,,,
1789110540,11.55,11.55,11.5,11.55,236000,2026-09-11,,,,,,,,
1789110600,11.55,11.55,11.5,11.55,80400,2026-09-11,,,,,,,,
1789110660,11.55,11.6,11.5,11.6,240000,2026-09-11,,,,,,,,
1789110720,11.6,11.6,11.55,11.6,75000,2026-09-11,,,,,,,,
1789110780,11.6,11.6,11.55,11.55,40300,2026-09-11,,,,,,,,
1789110840,11.6,11.6,11.55,11.6,54400,2026-09-11,,,,,,,,
1789110900,11.55,11.6,11.55,11.6,64300,2026-09-11,,,,,,,,
1789110960,11.6,11.6,11.55,11.6,39700,2026-09-11,,,,,,,,
1789111020,11.55,11.6,11.55,11.6,29900,2026-09-11,,,,,,,,
1789111080,11.55,11.6,11.55,11.6,32300,2026-09-11,,,,,,,,
1789111140,11.55,11.6,11.55,11.6,23800,2026-09-11,,,,,,,,
1789111200,11.55,11.6,11.55,11.6,33000,2026-09-11,,,,,,,,
1789111260,11.6,11.6,11.55,11.6,9400,2026-09-11,,,,,,,,
1789111320,11.6,11.6,11.55,11.55,44600,2026-09-11,,,,,,,,
1789111380,11.55,11.6,11.55,11.55,53300,2026-09-11,,,,,,,,
1789111440,11.55,11.6,11.55,11.55,88200,2026-09-11,,,,,,,,
1789111500,11.55,11.6,11.55,11.55,89500,2026-09-11,,,,,,,,
1789111560,11.55,11.6,11.55,11.6,47900,2026-09-11,,,,,,,,
1789111620,11.6,11.6,11.55,11.6,141100,2026-09-11,,,,,,,,
1789111680,11.55,11.6,11.55,11.55,1070600,2026-09-11,,,,,,,,
1789111740,11.55,11.6,11.55,11.6,618900,2026-09-11,,,,,,,,
1789112700,11.55,11.55,11.55,11.55,5953500,2026-09-11,,,,,,,,
1789352100,11.55,11.55,11.5,11.55,272500,2026-09-14,,,,,,,,
1789352160,11.55,11.55,11.5,11.55,44300,2026-09-14,,,,,,,,
1789352220,11.55,11.55,11.55,11.55,42800,2026-09-14,,,,,,,,
1789352280,11.55,11.55,11.55,11.55,50900,2026-09-14,,,,,,,,
1789352340,11.55,11.55,11.5,11.55,10000,2026-09-14,,,,,,,,
1789352400,11.55,11.55,11.5,11.55,35900,2026-09-14,,,,,,,,
1789352460,11.55,11.55,11.5,11.55,78100,2026-09-14,,,,,,,,
1789352520,11.55,11.55,11.5,11.55,98500,2026-09-14,,,,,,,,
1789352580,11.55,11.55,11.5,11.5,54300,2026-09-14,,,,,,,,
1789352640,11.55,11.55,11.5,11.55,25600,2026-09-14,,,,,,,,
1789352700,11.55,11.55,11.5,11.55,209500,2026-09-14,,,,,,,,
1789352760,11.55,11.6,11.5,11.55,1119200,2026-09-14,,,,,,,,
1789352820,11.55,11.6,11.5,11.55,895500,2026-09-14,,,,,,,,
1789352880,11.55,11.6,11.55,11.55,801900,2026-09-14,,,,,,,,
1789352940,11.55,11.6,11.5,11.55,398700,2026-09-14,,,,,,,,
1789353000,11.55,11.55,11.55,11.55,329700,2026-09-14,,,,,,,,
1789353060,11.55,11.6,11.5,11.55,298800,2026-09-14,,,,,,,,
1789353120,11.55,11.55,11.55,11.55,345600,2026-09-14,,,,,,,,
1789353180,11.55,11.55,11.55,11.55,31100,2026-09-14,,,,,,,,
1789353240,11.5,11.55,11.5,11.55,35100,2026-09-14,,,,,,,,
1789353300,11.55,11.55,11.55,11.55,52900,2026-09-14,,,,,,,,
1789353360,11.55,11.55,11.5,11.55,11800,2026-09-14,,,,,,,,
1789353420,11.5,11.55,11.5,11.55,55500,2026-09-14,,,,,,,,
1789353480,11.55,11.55,11.5,11.5,12200,2026-09-14,,,,,,,,
1789353540,11.55,11.55,11.5,11.55,38400,2026-09-14,,,,,,,,
1789353600,11.55,11.55,11.5,11.55,33300,2026-09-14,,,,,,,,
1789353660,11.55,11.55,11.5,11.55,16000,2026-09-14,,,,,,,,
1789353720,11.55,11.55,11.5,11.5,600,2026-09-14,,,,,,,,
1789353780,11.55,11.55,11.5,11.55,4500,2026-09-14,,,,,,,,
1789353840,11.55,11.55,11.5,11.55,16400,2026-09-14,,,,,,,,
1789353900,11.55,11.55,11.5,11.5,24800,2026-09-14,,,,,,,,
1789353960,11.5,11.55,11.5,11.55,22000,2026-09-14,,,,,,,,
1789354020,11.55,11.55,11.5,11.5,10500,2026-09-14,,,,,,,,
1789354080,11.5,11.55,11.5,11.55,14800,2026-09-14,,,,,,,,
1789354140,11.5,11.55,11.5,11.55,268100,2026-09-14,,,,,,,,
1789354200,11.5,11.55,11.5,11.55,26700,2026-09-14,,,,,,,,
1789354260,11.55,11.55,11.5,11.55,14400,2026-09-14,,,,,,,,
1789354320,11.55,11.55,11.55,11.55,8000,2026-09-14,,,,,,,,
1789354380,11.55,11.55,11.5,11.5,24100,2026-09-14,,,,,,,,
1789354440,11.5,11.55,11.5,11.5,25600,2026-09-14,,,,,,,,
1789354500,11.5,11.55,11.5,11.55,28800,2026-09-14,,,,,,,,
1789354560,11.55,11.55,11.5,11.55,67100,2026-09-14,,,,,,,,
1789354620,11.55,11.55,11.5,11.5,22000,2026-09-14,,,,,,,,
1789354680,11.55,11.55,11.5,11.5,800,2026-09-14,,,,,,,,
1789354740,11.55,11.55,11.5,11.5,4800,2026-09-14,,,,,,,,
1789354800,11.5,11.5,11.5,11.5,7800,2026-09-14,,,,,,,,
1789354860,11.5,11.55,11.5,11.5,23300,2026-09-14,,,,,,,,
1789354920,11.5,11.55,11.5,11.55,8200,2026-09-14,,,,,,,,
1789354980,11.5,11.55,11.5,11.55,2000,2026-09-14,,,,,,,,
1789355040,11.5,11.55,11.5,11.5,37400,2026-09-14,,,,,,,,
1789355100,11.5,11.55,11.5,11.5,8000,2026-09-14,,,,,,,,
1789355160,11.5,11.55,11.5,11.5,14000,2026-09-14,,,,,,,,
1789355220,11.55,11.55,11.5,11.5,14800,2026-09-14,,,,,,,,
1789355280,11.55,11.55,11.5,11.5,2001600,2026-09-14,,,,,,,,
1789355340,11.5,11.5,11.5,11.5,444300,2026-09-14,,,,,,,,
1789355400,11.5,11.5,11.45,11.45,27700,2026-09-14,,,,,,,,
1789355460,11.5,11.5,11.45,11.45,80100,2026-09-14,,,,,,,,
1789355520,11.5,11.5,11.45,11.5,171900,2026-09-14,,,,,,,,
1789355580,11.5,11.5,11.45,11.5,53100,2026-09-14,,,,,,,,
1789355640,11.5,11.5,11.5,11.5,8600,2026-09-14,,,,,,,,
1789355700,11.5,11.5,11.45,11.5,22700,2026-09-14,,,,,,,,
1789355760,11.45,11.5,11.45,11.5,37600,2026-09-14,,,,,,,,
1789355820,11.5,11.5,11.45,11.5,26900,2026-09-14,,,,,,,,
1789355880,11.5,11.5,11.45,11.5,17900,2026-09-14,,,,,,,,
1789355940,11.45,11.5,11.45,11.5,25400,2026-09-14,,,,,,,,
1789356000,11.5,11.5,11.45,11.5,33700,2026-09-14,,,,,,,,
1789356060,11.5,11.5,11.45,11.5,10400,2026-09-14,,,,,,,,
1789356120,11.5,11.5,11.45,11.45,24000,2026-09-14,,,,,,,,
1789356180,11.45,11.5,11.45,11.45,98400,2026-09-14,,,,,,,,
1789356240,11.5,11.5,11.5,11.5,7700,2026-09-14,,,,,,,,
1789356300,11.45,11.5,11.45,11.45,9700,2026-09-14,,,,,,,,
1789356360,11.45,11.5,11.45,11.5,7700,2026-09-14,,,,,,,,
1789356420,11.5,11.5,11.45,11.5,14100,2026-09-14,,,,,,,,
1789356480,11.5,11.5,11.45,11.5,92400,2026-09-14,,,,,,,,
1789356540,11.5,11.5,11.5,11.5,323600,2026-09-14,,,,,,,,
1789356600,11.5,11.5,11.45,11.5,202500,2026-09-14,,,,,,,,
1789356660,11.5,11.55,11.45,11.55,233100,2026-09-14,,,,,,,,
1789356720,11.55,11.55,11.5,11.55,18300,2026-09-14,,,,,,,,
1789356780,11.55,11.55,11.5,11.5,9900,2026-09-14,,,,,,,,
1789356840,11.55,11.55,11.5,11.5,18200,2026-09-14,,,,,,,,
1789356900,11.55,11.55,11.5,11.5,3400,2026-09-14,,,,,,,,
1789356960,11.55,11.55,11.5,11.55,4100,2026-09-14,,,,,,,,
1789357020,11.5,11.5,11.5,11.5,2100,2026-09-14,,,,,,,,
1789357080,11.5,11.5,11.5,11.5,3300,2026-09-14,,,,,,,,
1789357140,11.5,11.5,11.5,11.5,4500,2026-09-14,,,,,,,,
1789357200,11.55,11.55,11.5,11.55,303100,2026-09-14,,,,,,,,
1789357260,11.55,11.55,11.5,11.55,6600,2026-09-14,,,,,,,,
1789357320,11.55,11.55,11.55,11.55,4500,2026-09-14,,,,,,,,
1789357380,11.55,11.55,11.5,11.55,6600,2026-09-14,,,,,,,,
1789357440,11.55,11.55,11.5,11.55,11900,2026-09-14,,,,,,,,
1789357500,11.55,11.55,11.5,11.5,14500,2026-09-14,,,,,,,,
1789357560,11.55,11.55,11.5,11.55,5800,2026-09-14,,,,,,,,
1789357620,11.55,11.55,11.5,11.55,6600,2026-09-14,,,,,,,,
1789357680,11.5,11.55,11.5,11.55,4400,2026-09-14,,,,,,,,
1789357740,11.55,11.55,11.5,11.5,7400,2026-09-14,,,,,,,,
1789357800,11.5,11.55,11.5,11.55,14500,2026-09-14,,,,,,,,
1789357860,11.55,11.55,11.5,11.5,24900,2026-09-14,,,,,,,,
1789357920,11.55,11.55,11.5,11.55,6600,2026-09-14,,,,,,,,
1789357980,11.55,11.55,11.55,11.55,1300,2026-09-14,,,,,,,,
1789358040,11.55,11.55,11.5,11.55,455900,2026-09-14,,,,,,,,
1789358100,11.55,11.55,11.55,11.55,943800,2026-09-14,,,,,,,,
1789358160,11.55,11.55,11.5,11.55,17400,2026-09-14,,,,,,,,
1789358220,11.5,11.55,11.5,11.55,9700,2026-09-14,,,,,,,,
1789358280,11.55,11.55,11.5,11.55,4800,2026-09-14,,,,,,,,
1789358340,11.5,11.55,11.5,11.55,907400,2026-09-14,,,,,,,,
1789358400,11.5,11.55,11.5,11.55,36000,2026-09-14,,,,,,,,
1789358460,11.55,11.55,11.5,11.55,4800,2026-09-14,,,,,,,,
1789358520,11.55,11.55,11.5,11.5,20800,2026-09-14,,,,,,,,
1789358580,11.55,11.55,11.5,11.55,306900,2026-09-14,,,,,,,,
1789358640,11.55,11.55,11.5,11.55,10200,2026-09-14,,,,,,,,
1789358700,11.5,11.5,11.5,11.5,24900,2026-09-14,,,,,,,,
1789358760,11.5,11.5,11.5,11.5,162400,2026-09-14,,,,,,,,
1789358820,11.5,11.5,11.45,11.45,10800,2026-09-14,,,,,,,,
1789358880,11.5,11.5,11.5,11.5,3800,2026-09-14,,,,,,,,
1789358940,11.5,11.5,11.45,11.5,127800,2026-09-14,,,,,,,,
1789359000,11.5,11.5,11.5,11.5,20100,2026-09-14,,,,,,,,
1789359060,11.5,11.5,11.5,11.5,24900,2026-09-14,,,,,,,,
1789359120,11.45,11.5,11.45,11.5,28200,2026-09-14,,,,,,,,
1789359180,11.5,11.5,11.5,11.5,18200,2026-09-14,,,,,,,,
1789359240,11.5,11.5,11.45,11.45,1900,2026-09-14,,,,,,,,
1789359300,11.5,11.5,11.45,11.5,12900,2026-09-14,,,,,,,,
1789359360,11.5,11.5,11.45,11.5,10600,2026-09-14,,,,,,,,
1789359420,11.5,11.5,11.5,11.5,10400,2026-09-14,,,,,,,,
1789359480,11.5,11.5,11.45,11.45,2000,2026-09-14,,,,,,,,
1789359540,11.45,11.5,11.45,11.45,58900,2026-09-14,,,,,,,,
1789359600,11.5,11.5,11.45,11.5,5800,2026-09-14,,,,,,,,
1789359660,11.5,11.5,11.45,11.5,14500,2026-09-14,,,,,,,,
1789359720,11.5,11.5,11.45,11.5,112200,2026-09-14,,,,,,,,
1789359780,11.5,11.5,11.45,11.5,47100,2026-09-14,,,,,,,,
1789359840,11.5,11.5,11.45,11.45,2900,2026-09-14,,,,,,,,
1789359900,11.45,11.5,11.45,11.45,21000,2026-09-14,,,,,,,,
1789359960,11.5,11.5,11.45,11.5,22100,2026-09-14,,,,,,,,
1789360020,11.5,11.5,11.45,11.45,49800,2026-09-14,,,,,,,,
1789360080,11.5,11.5,11.5,11.5,14400,2026-09-14,,,,,,,,
1789360140,11.5,11.5,11.45,11.5,22800,2026-09-14,,,,,,,,
1789365600,11.5,11.5,11.45,11.5,316300,2026-09-14,,,,,,,,
1789365660,11.5,11.5,11.45,11.5,11300,2026-09-14,,,,,,,,
1789365720,11.5,11.5,11.45,11.5,23500,2026-09-14,,,,,,,,
1789365780,11.5,11.5,11.45,11.5,61800,2026-09-14,,,,,,,,
1789365840,11.5,11.5,11.5,11.5,7600,2026-09-14,,,,,,,,
1789365900,11.5,11.5,11.5,11.5,142900,2026-09-14,,,,,,,,
1789365960,11.5,11.5,11.45,11.5,55900,2026-09-14,,,,,,,,
1789366020,11.5,11.5,11.45,11.5,52900,2026-09-14,,,,,,,,
1789366080,11.5,11.5,11.45,11.5,30000,2026-09-14,,,,,,,,
1789366140,11.45,11.5,11.45,11.5,27100,2026-09-14,,,,,,,,
1789366200,11.5,11.5,11.45,11.5,11200,2026-09-14,,,,,,,,
1789366260,11.5,11.5,11.45,11.5,4500,2026-09-14,,,,,,,,
1789366320,11.45,11.5,11.45,11.5,45300,2026-09-14,,,,,,,,
1789366380,11.45,11.5,11.45,11.5,31700,2026-09-14,,,,,,,,
1789366440,11.45,11.5,11.45,11.45,11300,2026-09-14,,,,,,,,
1789366500,11.45,11.5,11.45,11.45,169500,2026-09-14,,,,,,,,
1789366560,11.45,11.5,11.45,11.45,36100,2026-09-14,,,,,,,,
1789366620,11.45,11.5,11.45,11.45,29500,2026-09-14,,,,,,,,
1789366680,11.45,11.5,11.45,11.45,157400,2026-09-14,,,,,,,,
1789366740,11.5,11.5,11.45,11.5,213000,2026-09-14,,,,,,,,
1789366800,11.45,11.5,11.45,11.5,99200,2026-09-14,,,,,,,,
1789366860,11.5,11.5,11.45,11.45,21100,2026-09-14,,,,,,,,
1789366920,11.45,11.5,11.45,11.5,107100,2026-09-14,,,,,,,,
1789366980,11.45,11.5,11.45,11.5,39200,2026-09-14,,,,,,,,
1789367040,11.5,11.5,11.5,11.5,57200,2026-09-14,,,,,,,,
1789367100,11.5,11.5,11.45,11.45,28200,2026-09-14,,,,,,,,
1789367160,11.45,11.5,11.45,11.45,22400,2026-09-14,,,,,,,,
1789367220,11.45,11.5,11.45,11.45,2000,2026-09-14,,,,,,,,
1789367280,11.45,11.5,11.45,11.5,116500,2026-09-14,,,,,,,,
1789367340,11.5,11.5,11.45,11.45,14600,2026-09-14,,,,,,,,
1789367400,11.45,11.5,11.45,11.45,116200,2026-09-14,,,,,,,,
1789367460,11.5,11.5,11.45,11.45,39000,2026-09-14,,,,,,,,
1789367520,11.45,11.5,11.45,11.5,257700,2026-09-14,,,,,,,,
1789367580,11.5,11.5,11.45,11.45,37100,2026-09-14,,,,,,,,
1789367640,11.45,11.5,11.45,11.5,19000,2026-09-14,,,,,,,,
1789367700,11.5,11.5,11.45,11.45,70200,2026-09-14,,,,,,,,
1789367760,11.45,11.5,11.45,11.5,59300,2026-09-14,,,,,,,,
1789367820,11.5,11.5,11.45,11.45,24000,2026-09-14,,,,,,,,
1789367880,11.45,11.5,11.4,11.45,942500,2026-09-14,,,,,,,,
1789367940,11.45,11.45,11.4,11.4,80900,2026-09-14,,,,,,,,
1789368000,11.4,11.45,11.4,11.45,137000,2026-09-14,,,,,,,,
1789368060,11.45,11.45,11.4,11.45,210100,2026-09-14,,,,,,,,
1789368120,11.45,11.45,11.4,11.45,91700,2026-09-14,,,,,,,,
1789368180,11.4,11.45,11.4,11.45,376800,2026-09-14,,,,,,,,
1789368240,11.45,11.45,11.4,11.45,236700,2026-09-14,,,,,,,,
1789368300,11.45,11.45,11.4,11.4,134200,2026-09-14,,,,,,,,
1789368360,11.4,11.45,11.4,11.4,163400,2026-09-14,,,,,,,,
1789368420,11.4,11.45,11.35,11.4,1379100,2026-09-14,,,,,,,,
1789368480,11.35,11.4,11.3,11.35,2019700,2026-09-14,,,,,,,,
1789368540,11.35,11.35,11.3,11.35,220700,2026-09-14,,,,,,,,
1789368600,11.35,11.4,11.3,11.4,401600,2026-09-14,,,,,,,,
1789368660,11.35,11.35,11.3,11.35,1745300,2026-09-14,,,,,,,,
1789368720,11.3,11.35,11.3,11.35,942500,2026-09-14,,,,,,,,
1789368780,11.35,11.4,11.3,11.35,544000,2026-09-14,,,,,,,,
1789368840,11.35,11.4,11.3,11.35,2126700,2026-09-14,,,,,,,,
1789368900,11.35,11.35,11.3,11.35,106300,2026-09-14,,,,,,,,
1789368960,11.35,11.35,11.3,11.35,162700,2026-09-14,,,,,,,,
1789369020,11.35,11.35,11.35,11.35,644600,2026-09-14,,,,,,,,
1789369080,11.35,11.4,11.35,11.35,2108000,2026-09-14,,,,,,,,
1789369140,11.35,11.4,11.3,11.4,1107600,2026-09-14,,,,,,,,
1789369200,11.35,11.4,11.35,11.35,891200,2026-09-14,,,,,,,,
1789369260,11.35,11.4,11.35,11.4,170300,2026-09-14,,,,,,,,
1789369320,11.4,11.4,11.35,11.4,57700,2026-09-14,,,,,,,,
1789369380,11.35,11.4,11.35,11.35,32800,2026-09-14,,,,,,,,
1789369440,11.4,11.4,11.35,11.4,26000,2026-09-14,,,,,,,,
1789369500,11.4,11.4,11.35,11.35,29100,2026-09-14,,,,,,,,
1789369560,11.4,11.4,11.35,11.4,59300,2026-09-14,,,,,,,,
1789369620,11.35,11.4,11.35,11.35,313200,2026-09-14,,,,,,,,
1789369680,11.4,11.4,11.3,11.3,136400,2026-09-14,,,,,,,,
1789369740,11.3,11.35,11.3,11.3,28100,2026-09-14,,,,,,,,
1789369800,11.3,11.35,11.3,11.3,37100,2026-09-14,,,,,,,,
1789369860,11.3,11.35,11.3,11.3,145000,2026-09-14,,,,,,,,
1789369920,11.3,11.35,11.3,11.3,43400,2026-09-14,,,,,,,,
1789369980,11.35,11.35,11.3,11.3,80900,2026-09-14,,,,,,,,
1789370040,11.35,11.35,11.3,11.3,61400,2026-09-14,,,,,,,,
1789370100,11.3,11.35,11.3,11.35,79100,2026-09-14,,,,,,,,
1789370160,11.3,11.35,11.3,11.35,44700,2026-09-14,,,,,,,,
1789370220,11.35,11.35,11.3,11.3,392100,2026-09-14,,,,,,,,
1789370280,11.3,11.4,11.3,11.35,148800,2026-09-14,,,,,,,,
1789370340,11.35,11.4,11.35,11.4,234900,2026-09-14,,,,,,,,
1789370400,11.35,11.5,11.35,11.45,3119200,2026-09-14,,,,,,,,
1789370460,11.45,11.5,11.4,11.4,1855100,2026-09-14,,,,,,,,
1789370520,11.45,11.45,11.35,11.35,1357900,2026-09-14,,,,,,,,
1789370580,11.35,11.45,11.35,11.4,1252900,2026-09-14,,,,,,,,
1789370640,11.4,11.45,11.4,11.45,342100,2026-09-14,,,,,,,,
1789370700,11.4,11.45,11.4,11.4,78500,2026-09-14,,,,,,,,
1789370760,11.45,11.45,11.35,11.4,663400,2026-09-14,,,,,,,,
1789370820,11.4,11.45,11.35,11.4,891000,2026-09-14,,,,,,,,
1789370880,11.4,11.45,11.4,11.4,1213100,2026-09-14,,,,,,,,
1789370940,11.45,11.45,11.4,11.4,133900,2026-09-14,,,,,,,,
1789371900,11.4,11.4,11.4,11.4,6122700,2026-09-14,,,,,,,,
1789438500,11.45,11.45,11.4,11.45,186100,2026-09-15,,,,,,,,
1789438560,11.45,11.45,11.4,11.45,3100,2026-09-15,,,,,,,,
1789438620,11.45,11.5,11.45,11.5,70000,2026-09-15,,,,,,,,
1789438680,11.45,11.5,11.45,11.5,83100,2026-09-15,,,,,,,,
1789438740,11.5,11.5,11.4,11.45,98000,2026-09-15,,,,,,,,
1789438800,11.45,11.45,11.4,11.45,114800,2026-09-15,,,,,,,,
1789438860,11.45,11.45,11.4,11.45,52400,2026-09-15,,,,,,,,
1789438920,11.45,11.5,11.45,11.5,297900,2026-09-15,,,,,,,,
1789438980,11.5,11.5,11.45,11.45,822500,2026-09-15,,,,,,,,
1789439040,11.45,11.5,11.4,11.45,534400,2026-09-15,,,,,,,,
1789439100,11.45,11.45,11.4,11.45,1013700,2026-09-15,,,,,,,,
1789439160,11.45,11.45,11.45,11.45,14000,2026-09-15,,,,,,,,
1789439220,11.45,11.45,11.4,11.45,252700,2026-09-15,,,,,,,,
1789439280,11.4,11.45,11.4,11.45,182300,2026-09-15,,,,,,,,
1789439340,11.45,11.45,11.4,11.45,155600,2026-09-15,,,,,,,,
1789439400,11.45,11.45,11.4,11.45,59700,2026-09-15,,,,,,,,
1789439460,11.45,11.45,11.4,11.4,87300,2026-09-15,,,,,,,,
1789439520,11.45,11.45,11.4,11.45,222900,2026-09-15,,,,,,,,
1789439580,11.4,11.45,11.4,11.4,232200,2026-09-15,,,,,,,,
1789439640,11.45,11.45,11.45,11.45,7400,2026-09-15,,,,,,,,
1789439700,11.45,11.45,11.4,11.45,112100,2026-09-15,,,,,,,,
1789439760,11.45,11.45,11.4,11.45,24000,2026-09-15,,,,,,,,
1789439820,11.45,11.45,11.45,11.45,27700,2026-09-15,,,,,,,,
1789439880,11.4,11.45,11.4,11.4,19200,2026-09-15,,,,,,,,
1789439940,11.4,11.45,11.4,11.45,142700,2026-09-15,,,,,,,,
1789440000,11.4,11.45,11.4,11.45,69300,2026-09-15,,,,,,,,
1789440060,11.4,11.45,11.4,11.45,136700,2026-09-15,,,,,,,,
1789440120,11.4,11.45,11.4,11.4,121000,2026-09-15,,,,,,,,
1789440180,11.45,11.45,11.4,11.4,607900,2026-09-15,,,,,,,,
1789440240,11.4,11.4,11.35,11.4,459900,2026-09-15,,,,,,,,
1789440300,11.4,11.4,11.35,11.4,251200,2026-09-15,,,,,,,,
1789440360,11.4,11.4,11.35,11.4,243900,2026-09-15,,,,,,,,
1789440420,11.4,11.4,11.35,11.4,357300,2026-09-15,,,,,,,,
1789440480,11.4,11.4,11.35,11.4,218300,2026-09-15,,,,,,,,
1789440540,11.4,11.4,11.35,11.4,124200,2026-09-15,,,,,,,,
1789440600,11.4,11.4,11.35,11.4,355000,2026-09-15,,,,,,,,
1789440660,11.4,11.4,11.35,11.4,200300,2026-09-15,,,,,,,,
1789440720,11.35,11.4,11.35,11.4,45500,2026-09-15,,,,,,,,
1789440780,11.4,11.4,11.35,11.4,159900,2026-09-15,,,,,,,,
1789440840,11.4,11.4,11.35,11.35,115000,2026-09-15,,,,,,,,
1789440900,11.35,11.4,11.35,11.4,71100,2026-09-15,,,,,,,,
1789440960,11.4,11.4,11.35,11.4,43800,2026-09-15,,,,,,,,
1789441020,11.4,11.4,11.35,11.4,48200,2026-09-15,,,,,,,,
1789441080,11.4,11.4,11.4,11.4,20600,2026-09-15,,,,,,,,
1789441140,11.4,11.4,11.35,11.4,11100,2026-09-15,,,,,,,,
1789441200,11.4,11.4,11.35,11.35,144400,2026-09-15,,,,,,,,
1789441260,11.4,11.4,11.35,11.35,71800,2026-09-15,,,,,,,,
1789441320,11.4,11.4,11.4,11.4,11600,2026-09-15,,,,,,,,
1789441380,11.4,11.4,11.4,11.4,12200,2026-09-15,,,,,,,,
1789441440,11.4,11.4,11.4,11.4,2200,2026-09-15,,,,,,,,
1789441500,11.4,11.4,11.35,11.4,267800,2026-09-15,,,,,,,,
1789441560,11.4,11.4,11.4,11.4,12200,2026-09-15,,,,,,,,
1789441620,11.4,11.4,11.35,11.4,149900,2026-09-15,,,,,,,,
1789441680,11.4,11.4,11.35,11.4,8900,2026-09-15,,,,,,,,
1789441740,11.4,11.4,11.35,11.4,127000,2026-09-15,,,,,,,,
1789441800,11.4,11.45,11.35,11.45,648800,2026-09-15,,,,,,,,
1789441860,11.45,11.45,11.4,11.45,24000,2026-09-15,,,,,,,,
1789441920,11.45,11.45,11.4,11.45,39900,2026-09-15,,,,,,,,
1789441980,11.4,11.45,11.4,11.4,24400,2026-09-15,,,,,,,,
1789442040,11.45,11.45,11.4,11.45,27700,2026-09-15,,,,,,,,
1789442100,11.4,11.45,11.4,11.45,64700,2026-09-15,,,,,,,,
1789442160,11.45,11.45,11.4,11.4,16400,2026-09-15,,,,,,,,
1789442220,11.45,11.45,11.4,11.45,25200,2026-09-15,,,,,,,,
1789442280,11.45,11.45,11.4,11.45,70400,2026-09-15,,,,,,,,
1789442340,11.45,11.45,11.4,11.4,52400,2026-09-15,,,,,,,,
1789442400,11.4,11.45,11.4,11.45,3100,2026-09-15,,,,,,,,
1789442460,11.45,11.45,11.4,11.45,6000,2026-09-15,,,,,,,,
1789442520,11.45,11.45,11.4,11.45,47700,2026-09-15,,,,,,,,
1789442580,11.4,11.45,11.4,11.45,16500,2026-09-15,,,,,,,,
1789442640,11.45,11.45,11.4,11.45,4600,2026-09-15,,,,,,,,
1789442700,11.45,11.45,11.45,11.45,10500,2026-09-15,,,,,,,,
1789442760,11.45,11.45,11.4,11.45,13900,2026-09-15,,,,,,,,
1789442820,11.4,11.45,11.4,11.45,17400,2026-09-15,,,,,,,,
1789442880,11.45,11.45,11.4,11.45,41900,2026-09-15,,,,,,,,
1789442940,11.45,11.45,11.4,11.45,6200,2026-09-15,,,,,,,,
1789443000,11.45,11.45,11.4,11.45,55900,2026-09-15,,,,,,,,
1789443060,11.45,11.45,11.4,11.4,10100,2026-09-15,,,,,,,,
1789443120,11.4,11.4,11.4,11.4,300,2026-09-15,,,,,,,,
1789443180,11.45,11.45,11.4,11.4,12800,2026-09-15,,,,,,,,
1789443240,11.45,11.45,11.4,11.45,41900,2026-09-15,,,,,,,,
1789443300,11.4,11.45,11.4,11.45,400,2026-09-15,,,,,,,,
1789443360,11.45,11.45,11.4,11.45,3200,2026-09-15,,,,,,,,
1789443420,11.45,11.45,11.45,11.45,5400,2026-09-15,,,,,,,,
1789443480,11.4,11.45,11.4,11.45,3300,2026-09-15,,,,,,,,
1789443540,11.45,11.45,11.45,11.45,12500,2026-09-15,,,,,,,,
1789443600,11.4,11.45,11.4,11.4,2100,2026-09-15,,,,,,,,
1789443660,11.45,11.45,11.4,11.4,119500,2026-09-15,,,,,,,,
1789443720,11.45,11.45,11.4,11.45,105800,2026-09-15,,,,,,,,
1789443780,11.45,11.45,11.4,11.4,9300,2026-09-15,,,,,,,,
1789443840,11.45,11.45,11.4,11.45,109000,2026-09-15,,,,,,,,
1789443900,11.45,11.45,11.4,11.45,11100,2026-09-15,,,,,,,,
1789443960,11.4,11.45,11.4,11.45,4900,2026-09-15,,,,,,,,
1789444020,11.45,11.45,11.4,11.45,49600,2026-09-15,,,,,,,,
1789444080,11.4,11.45,11.4,11.4,121400,2026-09-15,,,,,,,,
1789444140,11.45,11.45,11.4,11.45,16600,2026-09-15,,,,,,,,
1789444200,11.45,11.45,11.4,11.4,13200,2026-09-15,,,,,,,,
1789444260,11.45,11.45,11.4,11.45,44700,2026-09-15,,,,,,,,
1789444320,11.4,11.4,11.4,11.4,40500,2026-09-15,,,,,,,,
1789444380,11.4,11.45,11.4,11.45,20200,2026-09-15,,,,,,,,
1789444440,11.4,11.45,11.4,11.4,7300,2026-09-15,,,,,,,,
1789444500,11.45,11.45,11.4,11.45,66000,2026-09-15,,,,,,,,
1789444560,11.45,11.45,11.4,11.45,20800,2026-09-15,,,,,,,,
1789444620,11.45,11.45,11.4,11.4,30600,2026-09-15,,,,,,,,
1789444680,11.45,11.45,11.4,11.45,4300,2026-09-15,,,,,,,,
1789444740,11.45,11.45,11.4,11.4,8100,2026-09-15,,,,,,,,
1789444800,11.45,11.45,11.4,11.4,13800,2026-09-15,,,,,,,,
1789444860,11.45,11.45,11.4,11.45,13500,2026-09-15,,,,,,,,
1789444920,11.45,11.45,11.4,11.45,7800,2026-09-15,,,,,,,,
1789444980,11.4,11.45,11.4,11.45,11200,2026-09-15,,,,,,,,
1789445040,11.4,11.45,11.4,11.4,190300,2026-09-15,,,,,,,,
1789445100,11.4,11.45,11.4,11.45,19300,2026-09-15,,,,,,,,
1789445160,11.4,11.45,11.4,11.4,102700,2026-09-15,,,,,,,,
1789445220,11.45,11.45,11.45,11.45,200,2026-09-15,,,,,,,,
1789445280,11.45,11.45,11.4,11.45,2400,2026-09-15,,,,,,,,
1789445340,11.45,11.45,11.4,11.4,102500,2026-09-15,,,,,,,,
1789445400,11.4,11.45,11.4,11.45,16200,2026-09-15,,,,,,,,
1789445460,11.45,11.45,11.4,11.4,511200,2026-09-15,,,,,,,,
1789445520,11.4,11.45,11.4,11.45,331100,2026-09-15,,,,,,,,
1789445580,11.45,11.45,11.4,11.45,100600,2026-09-15,,,,,,,,
1789445640,11.4,11.45,11.4,11.4,24300,2026-09-15,,,,,,,,
1789445700,11.45,11.45,11.4,11.45,271500,2026-09-15,,,,,,,,
1789445760,11.4,11.45,11.4,11.4,51200,2026-09-15,,,,,,,,
1789445820,11.45,11.45,11.4,11.45,30800,2026-09-15,,,,,,,,
1789445880,11.45,11.45,11.4,11.4,200,2026-09-15,,,,,,,,
1789445940,11.45,11.45,11.45,11.45,200,2026-09-15,,,,,,,,
1789446000,11.45,11.45,11.4,11.4,110000,2026-09-15,,,,,,,,
1789446060,11.4,11.4,11.4,11.4,6200,2026-09-15,,,,,,,,
1789446120,11.4,11.4,11.4,11.4,11100,2026-09-15,,,,,,,,
1789446180,11.4,11.4,11.4,11.4,1700,2026-09-15,,,,,,,,
1789446240,11.4,11.4,11.4,11.4,22900,2026-09-15,,,,,,,,
1789446300,11.4,11.45,11.4,11.4,455500,2026-09-15,,,,,,,,
1789446360,11.4,11.45,11.4,11.4,12700,2026-09-15,,,,,,,,
1789446420,11.4,11.45,11.4,11.4,15700,2026-09-15,,,,,,,,
1789446480,11.4,11.4,11.4,11.4,1800,2026-09-15,,,,,,,,
1789446540,11.4,11.4,11.4,11.4,13500,2026-09-15,,,,,,,,
1789452000,11.45,11.45,11.4,11.4,1008600,2026-09-15,,,,,,,,
1789452060,11.4,11.4,11.35,11.4,27800,2026-09-15,,,,,,,,
1789452120,11.4,11.4,11.4,11.4,41200,2026-09-15,,,,,,,,
1789452180,11.4,11.4,11.35,11.4,503000,2026-09-15,,,,,,,,
1789452240,11.4,11.45,11.35,11.4,105700,2026-09-15,,,,,,,,
1789452300,11.4,11.4,11.4,11.4,53000,2026-09-15,,,,,,,,
1789452360,11.4,11.4,11.4,11.4,348600,2026-09-15,,,,,,,,
1789452420,11.4,11.4,11.35,11.4,73200,2026-09-15,,,,,,,,
1789452480,11.4,11.4,11.35,11.4,87600,2026-09-15,,,,,,,,
1789452540,11.4,11.4,11.4,11.4,223300,2026-09-15,,,,,,,,
1789452600,11.4,11.4,11.35,11.4,347200,2026-09-15,,,,,,,,
1789452660,11.4,11.4,11.4,11.4,646800,2026-09-15,,,,,,,,
1789452720,11.4,11.4,11.4,11.4,269700,2026-09-15,,,,,,,,
1789452780,11.4,11.45,11.4,11.4,537200,2026-09-15,,,,,,,,
1789452840,11.4,11.45,11.35,11.4,395000,2026-09-15,,,,,,,,
1789452900,11.4,11.4,11.35,11.4,78900,2026-09-15,,,,,,,,
1789452960,11.4,11.4,11.35,11.4,553000,2026-09-15,,,,,,,,
1789453020,11.45,11.45,11.4,11.4,692000,2026-09-15,,,,,,,,
1789453080,11.4,11.4,11.4,11.4,310300,2026-09-15,,,,,,,,
1789453140,11.4,11.4,11.4,11.4,95200,2026-09-15,,,,,,,,
1789453200,11.4,11.45,11.4,11.4,474500,2026-09-15,,,,,,,,
1789453260,11.4,11.4,11.4,11.4,215300,2026-09-15,,,,,,,,
1789453320,11.4,11.4,11.35,11.4,204300,2026-09-15,,,,,,,,
1789453380,11.4,11.4,11.4,11.4,337800,2026-09-15,,,,,,,,
1789453440,11.4,11.45,11.4,11.4,562600,2026-09-15,,,,,,,,
1789453500,11.4,11.45,11.4,11.45,1821000,2026-09-15,,,,,,,,
1789453560,11.4,11.45,11.4,11.4,2609900,2026-09-15,,,,,,,,
1789453620,11.45,11.45,11.4,11.4,966200,2026-09-15,,,,,,,,
1789453680,11.35,11.4,11.35,11.4,168700,2026-09-15,,,,,,,,
1789453740,11.4,11.45,11.4,11.4,221800,2026-09-15,,,,,,,,
1789453800,11.4,11.4,11.35,11.4,226600,2026-09-15,,,,,,,,
1789453860,11.4,11.4,11.4,11.4,752900,2026-09-15,,,,,,,,
1789453920,11.4,11.45,11.35,11.4,2490800,2026-09-15,,,,,,,,
1789453980,11.4,11.4,11.35,11.4,150500,2026-09-15,,,,,,,,
1789454040,11.4,11.4,11.4,11.4,194800,2026-09-15,,,,,,,,
1789454100,11.4,11.4,11.4,11.4,499600,2026-09-15,,,,,,,,
1789454160,11.4,11.4,11.35,11.4,285600,2026-09-15,,,,,,,,
1789454220,11.4,11.4,11.4,11.4,64600,2026-09-15,,,,,,,,
1789454280,11.4,11.4,11.35,11.4,36500,2026-09-15,,,,,,,,
1789454340,11.4,11.4,11.4,11.4,119600,2026-09-15,,,,,,,,
1789454400,11.4,11.4,11.4,11.4,75100,2026-09-15,,,,,,,,
1789454460,11.4,11.4,11.4,11.4,203400,2026-09-15,,,,,,,,
1789454520,11.4,11.4,11.4,11.4,832400,2026-09-15,,,,,,,,
1789454580,11.4,11.45,11.4,11.45,1079100,2026-09-15,,,,,,,,
1789454640,11.45,11.45,11.4,11.4,312300,2026-09-15,,,,,,,,
1789454700,11.4,11.4,11.4,11.4,530900,2026-09-15,,,,,,,,
1789454760,11.4,11.45,11.4,11.4,1828300,2026-09-15,,,,,,,,
1789454820,11.45,11.45,11.4,11.45,1017400,2026-09-15,,,,,,,,
1789454880,11.45,11.45,11.4,11.4,2366100,2026-09-15,,,,,,,,
1789454940,11.45,11.45,11.4,11.45,9500,2026-09-15,,,,,,,,
1789455000,11.45,11.45,11.4,11.45,24900,2026-09-15,,,,,,,,
1789455060,11.45,11.45,11.4,11.45,45700,2026-09-15,,,,,,,,
1789455120,11.45,11.45,11.4,11.45,15900,2026-09-15,,,,,,,,
1789455180,11.45,11.45,11.4,11.45,313500,2026-09-15,,,,,,,,
1789455240,11.45,11.5,11.45,11.5,1282900,2026-09-15,,,,,,,,
1789455300,11.5,11.5,11.45,11.5,68100,2026-09-15,,,,,,,,
1789455360,11.5,11.5,11.45,11.5,38900,2026-09-15,,,,,,,,
1789455420,11.5,11.5,11.45,11.5,49200,2026-09-15,,,,,,,,
1789455480,11.45,11.5,11.45,11.45,37000,2026-09-15,,,,,,,,
1789455540,11.5,11.5,11.45,11.5,57700,2026-09-15,,,,,,,,
1789455600,11.5,11.5,11.45,11.5,42200,2026-09-15,,,,,,,,
1789455660,11.5,11.5,11.45,11.5,65100,2026-09-15,,,,,,,,
1789455720,11.5,11.5,11.5,11.5,32000,2026-09-15,,,,,,,,
1789455780,11.45,11.5,11.45,11.5,55800,2026-09-15,,,,,,,,
1789455840,11.5,11.5,11.45,11.5,46300,2026-09-15,,,,,,,,
1789455900,11.5,11.5,11.5,11.5,951300,2026-09-15,,,,,,,,
1789455960,11.5,11.5,11.45,11.5,182100,2026-09-15,,,,,,,,
1789456020,11.5,11.5,11.45,11.5,67800,2026-09-15,,,,,,,,
1789456080,11.5,11.5,11.45,11.5,47600,2026-09-15,,,,,,,,
1789456140,11.5,11.5,11.45,11.45,36000,2026-09-15,,,,,,,,
1789456200,11.5,11.5,11.45,11.5,438900,2026-09-15,,,,,,,,
1789456260,11.5,11.5,11.45,11.5,165600,2026-09-15,,,,,,,,
1789456320,11.5,11.55,11.45,11.55,370500,2026-09-15,,,,,,,,
1789456380,11.55,11.55,11.5,11.55,92500,2026-09-15,,,,,,,,
1789456440,11.55,11.55,11.5,11.55,115600,2026-09-15,,,,,,,,
1789456500,11.55,11.55,11.5,11.55,56000,2026-09-15,,,,,,,,
1789456560,11.55,11.55,11.5,11.5,66700,2026-09-15,,,,,,,,
1789456620,11.5,11.55,11.5,11.55,68800,2026-09-15,,,,,,,,
1789456680,11.55,11.55,11.5,11.5,51200,2026-09-15,,,,,,,,
1789456740,11.55,11.55,11.45,11.5,1620200,2026-09-15,,,,,,,,
1789456800,11.5,11.5,11.45,11.5,20500,2026-09-15,,,,,,,,
1789456860,11.5,11.5,11.45,11.5,36800,2026-09-15,,,,,,,,
1789456920,11.5,11.5,11.45,11.45,103200,2026-09-15,,,,,,,,
1789456980,11.5,11.5,11.45,11.5,69400,2026-09-15,,,,,,,,
1789457040,11.5,11.5,11.45,11.5,96200,2026-09-15,,,,,,,,
1789457100,11.45,11.5,11.45,11.5,94000,2026-09-15,,,,,,,,
1789457160,11.5,11.5,11.45,11.5,135500,2026-09-15,,,,,,,,
1789457220,11.5,11.5,11.45,11.5,96900,2026-09-15,,,,,,,,
1789457280,11.5,11.5,11.45,11.5,458000,2026-09-15,,,,,,,,
1789457340,11.5,11.5,11.45,11.5,464100,2026-09-15,,,,,,,,
1789458300,11.55,11.55,11.55,11.55,7451200,2026-09-15,,,,,,,,
1789524900,11.5,11.55,11.5,11.55,595300,2026-09-16,,,,,,,,
1789524960,11.55,11.55,11.5,11.55,14900,2026-09-16,,,,,,,,
1789525020,11.55,11.55,11.55,11.55,6100,2026-09-16,,,,,,,,
1789525080,11.55,11.55,11.5,11.55,72400,2026-09-16,,,,,,,,
1789525140,11.55,11.55,11.5,11.55,9300,2026-09-16,,,,,,,,
1789525200,11.55,11.55,11.5,11.5,81800,2026-09-16,,,,,,,,
1789525260,11.5,11.55,11.5,11.5,146100,2026-09-16,,,,,,,,
1789525320,11.5,11.5,11.5,11.5,73200,2026-09-16,,,,,,,,
1789525380,11.5,11.55,11.5,11.5,146800,2026-09-16,,,,,,,,
1789525440,11.5,11.5,11.45,11.5,68200,2026-09-16,,,,,,,,
1789525500,11.5,11.5,11.5,11.5,5300,2026-09-16,,,,,,,,
1789525560,11.5,11.5,11.45,11.5,17300,2026-09-16,,,,,,,,
1789525620,11.45,11.5,11.45,11.5,33000,2026-09-16,,,,,,,,
1789525680,11.5,11.5,11.5,11.5,34000,2026-09-16,,,,,,,,
1789525740,11.5,11.5,11.45,11.5,26600,2026-09-16,,,,,,,,
1789525800,11.5,11.5,11.45,11.5,12700,2026-09-16,,,,,,,,
1789525860,11.5,11.5,11.5,11.5,10500,2026-09-16,,,,,,,,
1789525920,11.5,11.5,11.5,11.5,13100,2026-09-16,,,,,,,,
1789525980,11.5,11.5,11.5,11.5,14400,2026-09-16,,,,,,,,
1789526040,11.5,11.5,11.45,11.5,12300,2026-09-16,,,,,,,,
1789526100,11.5,11.5,11.5,11.5,22700,2026-09-16,,,,,,,,
1789526160,11.45,11.5,11.45,11.5,17000,2026-09-16,,,,,,,,
1789526220,11.5,11.5,11.45,11.5,97300,2026-09-16,,,,,,,,
1789526280,11.5,11.5,11.45,11.45,12100,2026-09-16,,,,,,,,
1789526340,11.5,11.5,11.5,11.5,2500,2026-09-16,,,,,,,,
1789526400,11.5,11.5,11.45,11.5,63300,2026-09-16,,,,,,,,
1789526460,11.5,11.5,11.5,11.5,11100,2026-09-16,,,,,,,,
1789526520,11.5,11.5,11.45,11.5,13000,2026-09-16,,,,,,,,
1789526580,11.5,11.5,11.45,11.45,23000,2026-09-16,,,,,,,,
1789526640,11.5,11.5,11.5,11.5,188100,2026-09-16,,,,,,,,
1789526700,11.5,11.5,11.5,11.5,71900,2026-09-16,,,,,,,,
1789526760,11.5,11.55,11.45,11.5,157100,2026-09-16,,,,,,,,
1789526820,11.5,11.5,11.5,11.5,21400,2026-09-16,,,,,,,,
1789526880,11.5,11.5,11.5,11.5,10100,2026-09-16,,,,,,,,
1789526940,11.5,11.5,11.5,11.5,3800,2026-09-16,,,,,,,,
1789527000,11.5,11.5,11.45,11.5,6700,2026-09-16,,,,,,,,
1789527060,11.45,11.5,11.45,11.5,15000,2026-09-16,,,,,,,,
1789527120,11.5,11.5,11.5,11.5,15100,2026-09-16,,,,,,,,
1789527180,11.5,11.5,11.5,11.5,4100,2026-09-16,,,,,,,,
1789527240,11.5,11.5,11.45,11.45,56400,2026-09-16,,,,,,,,
1789527300,11.5,11.5,11.45,11.45,12400,2026-09-16,,,,,,,,
1789527360,11.5,11.5,11.5,11.5,8500,2026-09-16,,,,,,,,
1789527420,11.5,11.5,11.45,11.45,6800,2026-09-16,,,,,,,,
1789527480,11.5,11.5,11.45,11.5,7900,2026-09-16,,,,,,,,
1789527540,11.5,11.5,11.45,11.45,1600,2026-09-16,,,,,,,,
1789527600,11.45,11.5,11.45,11.5,2100,2026-09-16,,,,,,,,
1789527660,11.5,11.5,11.5,11.5,9900,2026-09-16,,,,,,,,
1789527720,11.5,11.5,11.45,11.5,5300,2026-09-16,,,,,,,,
1789527780,11.5,11.5,11.45,11.5,2300,2026-09-16,,,,,,,,
1789527840,11.5,11.5,11.5,11.5,1100,2026-09-16,,,,,,,,
1789527900,11.5,11.5,11.45,11.5,4000,2026-09-16,,,,,,,,
1789527960,11.45,11.5,11.45,11.45,10200,2026-09-16,,,,,,,,
1789528020,11.45,11.5,11.45,11.5,50200,2026-09-16,,,,,,,,
1789528140,11.5,11.5,11.45,11.5,7800,2026-09-16,,,,,,,,
1789528200,11.45,11.45,11.45,11.45,4900,2026-09-16,,,,,,,,
1789528260,11.5,11.5,11.45,11.5,14200,2026-09-16,,,,,,,,
1789528320,11.5,11.5,11.45,11.5,504400,2026-09-16,,,,,,,,
1789528380,11.5,11.5,11.45,11.45,57000,2026-09-16,,,,,,,,
1789528440,11.45,11.5,11.45,11.45,6800,2026-09-16,,,,,,,,
1789528500,11.45,11.5,11.45,11.45,12300,2026-09-16,,,,,,,,
1789528560,11.45,11.5,11.45,11.45,7100,2026-09-16,,,,,,,,
1789528620,11.5,11.5,11.45,11.5,16500,2026-09-16,,,,,,,,
1789528680,11.5,11.5,11.45,11.5,15800,2026-09-16,,,,,,,,
1789528740,11.45,11.5,11.45,11.45,10100,2026-09-16,,,,,,,,
1789528800,11.45,11.45,11.45,11.45,400,2026-09-16,,,,,,,,
1789528860,11.45,11.45,11.45,11.45,1000,2026-09-16,,,,,,,,
1789528920,11.45,11.5,11.45,11.45,47400,2026-09-16,,,,,,,,
1789528980,11.5,11.5,11.45,11.5,50500,2026-09-16,,,,,,,,
1789529040,11.5,11.5,11.45,11.45,112200,2026-09-16,,,,,,,,
1789529100,11.5,11.5,11.45,11.5,150200,2026-09-16,,,,,,,,
1789529160,11.45,11.45,11.4,11.45,330600,2026-09-16,,,,,,,,
1789529220,11.45,11.45,11.45,11.45,58900,2026-09-16,,,,,,,,
1789529280,11.45,11.45,11.45,11.45,730800,2026-09-16,,,,,,,,
1789529340,11.45,11.45,11.4,11.45,34000,2026-09-16,,,,,,,,
1789529400,11.45,11.45,11.4,11.45,74200,2026-09-16,,,,,,,,
1789529460,11.45,11.45,11.4,11.45,11600,2026-09-16,,,,,,,,
1789529520,11.45,11.45,11.45,11.45,6100,2026-09-16,,,,,,,,
1789529580,11.45,11.45,11.45,11.45,15500,2026-09-16,,,,,,,,
1789529640,11.45,11.45,11.4,11.45,124300,2026-09-16,,,,,,,,
1789529700,11.45,11.45,11.4,11.45,4900,2026-09-16,,,,,,,,
1789529760,11.4,11.45,11.4,11.45,7400,2026-09-16,,,,,,,,
1789529820,11.45,11.45,11.45,11.45,17400,2026-09-16,,,,,,,,
1789529880,11.45,11.45,11.4,11.45,59000,2026-09-16,,,,,,,,
1789529940,11.45,11.45,11.45,11.45,20800,2026-09-16,,,,,,,,
1789530000,11.45,11.45,11.45,11.45,2700,2026-09-16,,,,,,,,
1789530060,11.45,11.45,11.45,11.45,2000,2026-09-16,,,,,,,,
1789530120,11.45,11.45,11.4,11.45,18300,2026-09-16,,,,,,,,
1789530180,11.45,11.45,11.4,11.45,7400,2026-09-16,,,,,,,,
1789530240,11.45,11.45,11.45,11.45,8500,2026-09-16,,,,,,,,
1789530300,11.45,11.45,11.4,11.45,16900,2026-09-16,,,,,,,,
1789530360,11.4,11.45,11.4,11.4,48600,2026-09-16,,,,,,,,
1789530420,11.45,11.45,11.45,11.45,14900,2026-09-16,,,,,,,,
1789530480,11.45,11.45,11.45,11.45,5600,2026-09-16,,,,,,,,
1789530540,11.45,11.45,11.45,11.45,4700,2026-09-16,,,,,,,,
1789530600,11.45,11.45,11.4,11.45,41100,2026-09-16,,,,,,,,
1789530660,11.45,11.45,11.4,11.45,7100,2026-09-16,,,,,,,,
1789530720,11.45,11.45,11.4,11.45,18200,2026-09-16,,,,,,,,
1789530780,11.4,11.45,11.4,11.45,12700,2026-09-16,,,,,,,,
1789530840,11.45,11.45,11.4,11.45,27000,2026-09-16,,,,,,,,
1789530900,11.45,11.45,11.4,11.45,3300,2026-09-16,,,,,,,,
1789530960,11.45,11.45,11.45,11.45,3100,2026-09-16,,,,,,,,
1789531020,11.45,11.45,11.45,11.45,9000,2026-09-16,,,,,,,,
1789531080,11.45,11.45,11.4,11.4,6500,2026-09-16,,,,,,,,
1789531140,11.45,11.45,11.4,11.45,11500,2026-09-16,,,,,,,,
1789531200,11.45,11.45,11.45,11.45,10800,2026-09-16,,,,,,,,
1789531260,11.45,11.45,11.4,11.45,3500,2026-09-16,,,,,,,,
1789531320,11.45,11.45,11.4,11.45,6400,2026-09-16,,,,,,,,
1789531380,11.45,11.45,11.4,11.4,13900,2026-09-16,,,,,,,,
1789531440,11.45,11.45,11.4,11.45,33400,2026-09-16,,,,,,,,
1789531500,11.45,11.45,11.45,11.45,2400,2026-09-16,,,,,,,,
1789531560,11.45,11.45,11.4,11.45,7300,2026-09-16,,,,,,,,
1789531620,11.45,11.45,11.45,11.45,2800,2026-09-16,,,,,,,,
1789531680,11.45,11.45,11.45,11.45,4400,2026-09-16,,,,,,,,
1789531740,11.45,11.45,11.4,11.4,12600,2026-09-16,,,,,,,,
1789531800,11.4,11.45,11.4,11.45,11000,2026-09-16,,,,,,,,
1789531860,11.45,11.45,11.4,11.4,12000,2026-09-16,,,,,,,,
1789531920,11.45,11.45,11.4,11.4,20200,2026-09-16,,,,,,,,
1789531980,11.45,11.45,11.45,11.45,9300,2026-09-16,,,,,,,,
1789532040,11.4,11.45,11.4,11.4,6200,2026-09-16,,,,,,,,
1789532100,11.4,11.4,11.4,11.4,15200,2026-09-16,,,,,,,,
1789532160,11.4,11.4,11.4,11.4,4100,2026-09-16,,,,,,,,
1789532220,11.45,11.45,11.45,11.45,4200,2026-09-16,,,,,,,,
1789532280,11.45,11.45,11.4,11.4,15400,2026-09-16,,,,,,,,
1789532340,11.45,11.45,11.45,11.45,100,2026-09-16,,,,,,,,
1789532400,11.45,11.45,11.4,11.4,5000,2026-09-16,,,,,,,,
1789532460,11.4,11.45,11.4,11.4,31100,2026-09-16,,,,,,,,
1789532520,11.4,11.4,11.4,11.4,3700,2026-09-16,,,,,,,,
1789532580,11.4,11.4,11.4,11.4,400,2026-09-16,,,,,,,,
1789532640,11.4,11.45,11.4,11.4,26000,2026-09-16,,,,,,,,
1789532700,11.45,11.45,11.4,11.4,51900,2026-09-16,,,,,,,,
1789532760,11.45,11.45,11.4,11.45,64600,2026-09-16,,,,,,,,
1789532820,11.45,11.45,11.4,11.45,11400,2026-09-16,,,,,,,,
1789532880,11.45,11.45,11.45,11.45,10200,2026-09-16,,,,,,,,
1789532940,11.4,11.45,11.4,11.45,2900,2026-09-16,,,,,,,,
1789538400,11.45,11.45,11.4,11.45,35900,2026-09-16,,,,,,,,
1789538460,11.4,11.45,11.4,11.45,5300,2026-09-16,,,,,,,,
1789538520,11.45,11.45,11.4,11.4,2868800,2026-09-16,,,,,,,,
1789538580,11.4,11.4,11.35,11.4,149700,2026-09-16,,,,,,,,
1789538640,11.4,11.4,11.35,11.4,18300,2026-09-16,,,,,,,,
1789538700,11.4,11.4,11.35,11.4,22800,2026-09-16,,,,,,,,
1789538760,11.4,11.4,11.35,11.4,208100,2026-09-16,,,,,,,,
1789538820,11.4,11.45,11.4,11.4,1068100,2026-09-16,,,,,,,,
1789538880,11.4,11.4,11.35,11.4,555000,2026-09-16,,,,,,,,
1789538940,11.4,11.45,11.35,11.45,752700,2026-09-16,,,,,,,,
1789539000,11.45,11.45,11.4,11.4,2420800,2026-09-16,,,,,,,,
1789539060,11.4,11.4,11.4,11.4,180500,2026-09-16,,,,,,,,
1789539120,11.4,11.45,11.35,11.4,231300,2026-09-16,,,,,,,,
1789539180,11.4,11.45,11.35,11.45,133300,2026-09-16,,,,,,,,
1789539240,11.4,11.45,11.35,11.4,89000,2026-09-16,,,,,,,,
1789539300,11.4,11.4,11.35,11.4,59300,2026-09-16,,,,,,,,
1789539360,11.4,11.4,11.35,11.4,243400,2026-09-16,,,,,,,,
1789539420,11.35,11.4,11.35,11.4,138400,2026-09-16,,,,,,,,
1789539480,11.4,11.4,11.35,11.4,41500,2026-09-16,,,,,,,,
1789539540,11.4,11.4,11.35,11.4,390700,2026-09-16,,,,,,,,
1789539600,11.4,11.4,11.35,11.4,424600,2026-09-16,,,,,,,,
1789539660,11.4,11.4,11.35,11.4,78900,2026-09-16,,,,,,,,
1789539720,11.4,11.4,11.4,11.4,52300,2026-09-16,,,,,,,,
1789539780,11.4,11.4,11.4,11.4,39800,2026-09-16,,,,,,,,
1789539840,11.4,11.4,11.35,11.4,74900,2026-09-16,,,,,,,,
1789539900,11.4,11.4,11.4,11.4,69300,2026-09-16,,,,,,,,
1789539960,11.4,11.45,11.4,11.4,324400,2026-09-16,,,,,,,,
1789540020,11.4,11.4,11.4,11.4,633200,2026-09-16,,,,,,,,
1789540080,11.4,11.45,11.35,11.4,134700,2026-09-16,,,,,,,,
1789540140,11.4,11.4,11.4,11.4,179300,2026-09-16,,,,,,,,
1789540200,11.4,11.4,11.4,11.4,86200,2026-09-16,,,,,,,,
1789540260,11.4,11.4,11.35,11.4,220200,2026-09-16,,,,,,,,
1789540320,11.4,11.4,11.35,11.4,66100,2026-09-16,,,,,,,,
1789540380,11.4,11.4,11.35,11.35,37600,2026-09-16,,,,,,,,
1789540440,11.4,11.4,11.35,11.35,22500,2026-09-16,,,,,,,,
1789540500,11.4,11.4,11.35,11.4,4800,2026-09-16,,,,,,,,
1789540560,11.4,11.4,11.35,11.35,38400,2026-09-16,,,,,,,,
1789540620,11.4,11.4,11.4,11.4,176000,2026-09-16,,,,,,,,
1789540680,11.4,11.4,11.35,11.4,31500,2026-09-16,,,,,,,,
1789540740,11.4,11.4,11.4,11.4,124200,2026-09-16,,,,,,,,
1789540800,11.4,11.4,11.35,11.4,71100,2026-09-16,,,,,,,,
1789540860,11.4,11.4,11.4,11.4,27500,2026-09-16,,,,,,,,
1789540920,11.4,11.4,11.4,11.4,57000,2026-09-16,,,,,,,,
1789540980,11.4,11.4,11.4,11.4,124300,2026-09-16,,,,,,,,
1789541040,11.4,11.4,11.35,11.4,81300,2026-09-16,,,,,,,,
1789541100,11.4,11.4,11.4,11.4,22300,2026-09-16,,,,,,,,
1789541160,11.4,11.4,11.35,11.4,34800,2026-09-16,,,,,,,,
1789541220,11.4,11.4,11.4,11.4,36700,2026-09-16,,,,,,,,
1789541280,11.4,11.4,11.35,11.4,61900,2026-09-16,,,,,,,,
1789541340,11.4,11.4,11.35,11.35,76600,2026-09-16,,,,,,,,
1789541400,11.4,11.45,11.35,11.4,556500,2026-09-16,,,,,,,,
1789541460,11.4,11.4,11.4,11.4,50400,2026-09-16,,,,,,,,
1789541520,11.4,11.4,11.35,11.4,32800,2026-09-16,,,,,,,,
1789541580,11.4,11.4,11.35,11.4,18700,2026-09-16,,,,,,,,
1789541640,11.4,11.4,11.35,11.4,36600,2026-09-16,,,,,,,,
1789541700,11.4,11.4,11.35,11.4,25200,2026-09-16,,,,,,,,
1789541760,11.4,11.4,11.35,11.35,68600,2026-09-16,,,,,,,,
1789541820,11.4,11.4,11.35,11.4,78100,2026-09-16,,,,,,,,
1789541880,11.4,11.4,11.4,11.4,34700,2026-09-16,,,,,,,,
1789541940,11.4,11.4,11.35,11.35,14400,2026-09-16,,,,,,,,
1789542000,11.4,11.4,11.35,11.4,196000,2026-09-16,,,,,,,,
1789542060,11.4,11.45,11.35,11.45,302700,2026-09-16,,,,,,,,
1789542120,11.45,11.45,11.4,11.45,26200,2026-09-16,,,,,,,,
1789542180,11.45,11.45,11.45,11.45,19700,2026-09-16,,,,,,,,
1789542240,11.45,11.45,11.4,11.4,33200,2026-09-16,,,,,,,,
1789542300,11.45,11.45,11.4,11.45,26500,2026-09-16,,,,,,,,
1789542360,11.45,11.45,11.4,11.45,60700,2026-09-16,,,,,,,,
1789542420,11.45,11.45,11.4,11.45,38100,2026-09-16,,,,,,,,
1789542480,11.45,11.45,11.4,11.45,35800,2026-09-16,,,,,,,,
1789542540,11.45,11.45,11.4,11.45,16200,2026-09-16,,,,,,,,
1789542600,11.45,11.45,11.4,11.45,18600,2026-09-16,,,,,,,,
1789542660,11.45,11.45,11.4,11.45,31900,2026-09-16,,,,,,,,
1789542720,11.45,11.45,11.4,11.45,17000,2026-09-16,,,,,,,,
1789542780,11.45,11.45,11.4,11.45,20000,2026-09-16,,,,,,,,
1789542840,11.45,11.45,11.45,11.45,67700,2026-09-16,,,,,,,,
1789542900,11.45,11.45,11.4,11.45,29000,2026-09-16,,,,,,,,
1789542960,11.45,11.45,11.4,11.45,19500,2026-09-16,,,,,,,,
1789543020,11.45,11.45,11.4,11.45,23500,2026-09-16,,,,,,,,
1789543080,11.45,11.45,11.4,11.4,34900,2026-09-16,,,,,,,,
1789543140,11.45,11.45,11.45,11.45,23700,2026-09-16,,,,,,,,
1789543200,11.45,11.45,11.4,11.45,35200,2026-09-16,,,,,,,,
1789543260,11.45,11.45,11.45,11.45,29100,2026-09-16,,,,,,,,
1789543320,11.45,11.45,11.4,11.45,43700,2026-09-16,,,,,,,,
1789543380,11.45,11.45,11.4,11.45,28500,2026-09-16,,,,,,,,
1789543440,11.45,11.45,11.4,11.45,36000,2026-09-16,,,,,,,,
1789543500,11.45,11.45,11.4,11.45,106900,2026-09-16,,,,,,,,
1789543560,11.45,11.45,11.4,11.45,985600,2026-09-16,,,,,,,,
1789543620,11.45,11.45,11.4,11.45,190600,2026-09-16,,,,,,,,
1789543680,11.45,11.45,11.4,11.45,228100,2026-09-16,,,,,,,,
1789543740,11.45,11.45,11.4,11.45,1037500,2026-09-16,,,,,,,,
1789544700,11.5,11.5,11.5,11.5,22829600,2026-09-16,,,,,,,,
1789611300,11.4,11.45,11.4,11.4,829900,2026-09-17,,,,,,,,
1789611360,11.4,11.4,11.35,11.4,34400,2026-09-17,,,,,,,,
1789611420,11.4,11.45,11.35,11.4,311300,2026-09-17,,,,,,,,
1789611480,11.4,11.45,11.4,11.4,274800,2026-09-17,,,,,,,,
1789611540,11.4,11.4,11.4,11.4,89900,2026-09-17,,,,,,,,
1789611600,11.4,11.4,11.35,11.4,196100,2026-09-17,,,,,,,,
1789611660,11.4,11.4,11.4,11.4,465400,2026-09-17,,,,,,,,
1789611720,11.45,11.45,11.4,11.4,213300,2026-09-17,,,,,,,,
1789611780,11.4,11.4,11.35,11.4,110100,2026-09-17,,,,,,,,
1789611840,11.4,11.4,11.4,11.4,48100,2026-09-17,,,,,,,,
1789611900,11.4,11.4,11.4,11.4,306100,2026-09-17,,,,,,,,
1789611960,11.4,11.4,11.4,11.4,401800,2026-09-17,,,,,,,,
1789612020,11.4,11.4,11.4,11.4,688900,2026-09-17,,,,,,,,
1789612080,11.4,11.4,11.4,11.4,254900,2026-09-17,,,,,,,,
1789612140,11.4,11.45,11.4,11.45,384000,2026-09-17,,,,,,,,
1789612200,11.4,11.4,11.35,11.4,351900,2026-09-17,,,,,,,,
1789612260,11.4,11.4,11.4,11.4,328200,2026-09-17,,,,,,,,
1789612320,11.4,11.45,11.4,11.4,301200,2026-09-17,,,,,,,,
1789612380,11.4,11.4,11.4,11.4,400600,2026-09-17,,,,,,,,
1789612440,11.4,11.45,11.35,11.4,174700,2026-09-17,,,,,,,,
1789612500,11.4,11.4,11.35,11.4,105100,2026-09-17,,,,,,,,
1789612560,11.4,11.4,11.4,11.4,422800,2026-09-17,,,,,,,,
1789612620,11.4,11.45,11.4,11.45,1157100,2026-09-17,,,,,,,,
1789612680,11.4,11.45,11.4,11.4,1570300,2026-09-17,,,,,,,,
1789612740,11.4,11.4,11.4,11.4,1162300,2026-09-17,,,,,,,,
1789612800,11.4,11.45,11.4,11.4,13900,2026-09-17,,,,,,,,
1789612860,11.45,11.45,11.4,11.4,55900,2026-09-17,,,,,,,,
1789612920,11.45,11.45,11.45,11.45,5600,2026-09-17,,,,,,,,
1789612980,11.45,11.45,11.4,11.45,22900,2026-09-17,,,,,,,,
1789613040,11.45,11.45,11.45,11.45,24100,2026-09-17,,,,,,,,
1789613100,11.45,11.45,11.4,11.45,10800,2026-09-17,,,,,,,,
1789613160,11.45,11.45,11.45,11.45,17800,2026-09-17,,,,,,,,
1789613220,11.45,11.45,11.45,11.45,13200,2026-09-17,,,,,,,,
1789613280,11.4,11.45,11.4,11.45,10000,2026-09-17,,,,,,,,
1789613340,11.45,11.45,11.4,11.45,80400,2026-09-17,,,,,,,,
1789613400,11.45,11.45,11.45,11.45,49200,2026-09-17,,,,,,,,
1789613460,11.45,11.45,11.45,11.45,189200,2026-09-17,,,,,,,,
1789613520,11.45,11.45,11.4,11.45,318600,2026-09-17,,,,,,,,
1789613580,11.45,11.5,11.45,11.45,99400,2026-09-17,,,,,,,,
1789613640,11.45,11.45,11.45,11.45,104300,2026-09-17,,,,,,,,
1789613700,11.45,11.5,11.45,11.5,4800,2026-09-17,,,,,,,,
1789613760,11.5,11.5,11.5,11.5,5100,2026-09-17,,,,,,,,
1789613820,11.5,11.5,11.45,11.5,37200,2026-09-17,,,,,,,,
1789613880,11.5,11.5,11.5,11.5,15700,2026-09-17,,,,,,,,
1789613940,11.5,11.5,11.5,11.5,25400,2026-09-17,,,,,,,,
1789614000,11.5,11.5,11.45,11.5,33900,2026-09-17,,,,,,,,
1789614060,11.5,11.5,11.5,11.5,7800,2026-09-17,,,,,,,,
1789614120,11.5,11.5,11.45,11.5,6600,2026-09-17,,,,,,,,
1789614180,11.5,11.5,11.5,11.5,4000,2026-09-17,,,,,,,,
1789614240,11.5,11.5,11.45,11.5,54700,2026-09-17,,,,,,,,
1789614300,11.5,11.5,11.45,11.5,36000,2026-09-17,,,,,,,,
1789614360,11.5,11.5,11.45,11.5,240600,2026-09-17,,,,,,,,
1789614420,11.5,11.5,11.5,11.5,267300,2026-09-17,,,,,,,,
1789614480,11.5,11.5,11.45,11.5,83000,2026-09-17,,,,,,,,
1789614540,11.5,11.5,11.5,11.5,41100,2026-09-17,,,,,,,,
1789614600,11.5,11.55,11.5,11.55,214500,2026-09-17,,,,,,,,
1789614660,11.55,11.55,11.5,11.55,12700,2026-09-17,,,,,,,,
1789614720,11.55,11.55,11.5,11.55,133800,2026-09-17,,,,,,,,
1789614780,11.55,11.55,11.5,11.55,113700,2026-09-17,,,,,,,,
1789614840,11.55,11.55,11.5,11.55,77300,2026-09-17,,,,,,,,
1789614900,11.55,11.55,11.55,11.55,285900,2026-09-17,,,,,,,,
1789614960,11.55,11.55,11.55,11.55,295900,2026-09-17,,,,,,,,
1789615020,11.55,11.55,11.55,11.55,183300,2026-09-17,,,,,,,,
1789615080,11.55,11.55,11.55,11.55,115600,2026-09-17,,,,,,,,
1789615140,11.55,11.55,11.5,11.55,49200,2026-09-17,,,,,,,,
1789615200,11.55,11.55,11.5,11.5,37600,2026-09-17,,,,,,,,
1789615260,11.55,11.55,11.5,11.55,17400,2026-09-17,,,,,,,,
1789615320,11.55,11.55,11.5,11.55,180800,2026-09-17,,,,,,,,
1789615380,11.55,11.6,11.55,11.6,588700,2026-09-17,,,,,,,,
1789615440,11.6,11.6,11.55,11.6,568700,2026-09-17,,,,,,,,
1789615500,11.6,11.6,11.55,11.6,60800,2026-09-17,,,,,,,,
1789615560,11.6,11.6,11.55,11.55,32500,2026-09-17,,,,,,,,
1789615620,11.55,11.6,11.55,11.55,112500,2026-09-17,,,,,,,,
1789615680,11.55,11.6,11.55,11.6,11200,2026-09-17,,,,,,,,
1789615740,11.6,11.6,11.55,11.6,52900,2026-09-17,,,,,,,,
1789615800,11.6,11.6,11.6,11.6,715800,2026-09-17,,,,,,,,
1789615860,11.6,11.6,11.55,11.6,780500,2026-09-17,,,,,,,,
1789615920,11.6,11.6,11.6,11.6,644200,2026-09-17,,,,,,,,
1789615980,11.6,11.6,11.6,11.6,39000,2026-09-17,,,,,,,,
1789616040,11.6,11.6,11.55,11.6,2743000,2026-09-17,,,,,,,,
1789616100,11.55,11.6,11.5,11.55,88500,2026-09-17,,,,,,,,
1789616160,11.5,11.6,11.5,11.55,289900,2026-09-17,,,,,,,,
1789616220,11.55,11.6,11.55,11.6,165600,2026-09-17,,,,,,,,
1789616280,11.6,11.6,11.5,11.55,72000,2026-09-17,,,,,,,,
1789616340,11.55,11.6,11.55,11.6,18100,2026-09-17,,,,,,,,
1789616400,11.55,11.6,11.55,11.55,61800,2026-09-17,,,,,,,,
1789616460,11.55,11.6,11.55,11.6,15900,2026-09-17,,,,,,,,
1789616520,11.55,11.6,11.55,11.55,242900,2026-09-17,,,,,,,,
1789616580,11.55,11.6,11.55,11.6,10200,2026-09-17,,,,,,,,
1789616640,11.6,11.6,11.55,11.55,66400,2026-09-17,,,,,,,,
1789616700,11.55,11.55,11.55,11.55,6600,2026-09-17,,,,,,,,
1789616760,11.55,11.55,11.55,11.55,29100,2026-09-17,,,,,,,,
1789616820,11.55,11.6,11.55,11.6,62200,2026-09-17,,,,,,,,
1789616880,11.6,11.6,11.55,11.6,30400,2026-09-17,,,,,,,,
1789616940,11.6,11.6,11.55,11.6,15000,2026-09-17,,,,,,,,
1789617000,11.6,11.6,11.55,11.55,2800,2026-09-17,,,,,,,,
1789617060,11.55,11.6,11.55,11.55,75400,2026-09-17,,,,,,,,
1789617120,11.6,11.6,11.55,11.55,50900,2026-09-17,,,,,,,,
1789617180,11.5,11.6,11.5,11.6,69400,2026-09-17,,,,,,,,
1789617240,11.55,11.6,11.55,11.6,24400,2026-09-17,,,,,,,,
1789617300,11.6,11.6,11.55,11.55,95500,2026-09-17,,,,,,,,
1789617360,11.55,11.55,11.55,11.55,77900,2026-09-17,,,,,,,,
1789617420,11.55,11.6,11.55,11.55,44300,2026-09-17,,,,,,,,
1789617480,11.6,11.6,11.55,11.55,49200,2026-09-17,,,,,,,,
1789617540,11.55,11.6,11.55,11.55,61300,2026-09-17,,,,,,,,
1789617600,11.55,11.6,11.55,11.55,31500,2026-09-17,,,,,,,,
1789617660,11.55,11.6,11.55,11.6,8700,2026-09-17,,,,,,,,
1789617720,11.6,11.6,11.6,11.6,4300,2026-09-17,,,,,,,,
1789617780,11.6,11.6,11.55,11.6,24200,2026-09-17,,,,,,,,
1789617840,11.55,11.6,11.55,11.6,8300,2026-09-17,,,,,,,,
1789617900,11.6,11.6,11.6,11.6,6600,2026-09-17,,,,,,,,
1789617960,11.6,11.6,11.6,11.6,17100,2026-09-17,,,,,,,,
1789618020,11.6,11.6,11.55,11.6,14300,2026-09-17,,,,,,,,
1789618080,11.6,11.6,11.55,11.6,43700,2026-09-17,,,,,,,,
1789618140,11.6,11.6,11.55,11.6,39400,2026-09-17,,,,,,,,
1789618200,11.6,11.6,11.6,11.6,9800,2026-09-17,,,,,,,,
1789618260,11.55,11.6,11.55,11.55,18800,2026-09-17,,,,,,,,
1789618320,11.55,11.6,11.55,11.55,7300,2026-09-17,,,,,,,,
1789618380,11.55,11.6,11.55,11.55,6300,2026-09-17,,,,,,,,
1789618440,11.55,11.6,11.55,11.6,15800,2026-09-17,,,,,,,,
1789618500,11.6,11.6,11.55,11.55,6400,2026-09-17,,,,,,,,
1789618560,11.55,11.55,11.55,11.55,1400,2026-09-17,,,,,,,,
1789618620,11.55,11.6,11.55,11.55,11300,2026-09-17,,,,,,,,
1789618680,11.6,11.6,11.55,11.55,4200,2026-09-17,,,,,,,,
1789618740,11.6,11.6,11.55,11.6,46600,2026-09-17,,,,,,,,
1789618800,11.6,11.6,11.6,11.6,3700,2026-09-17,,,,,,,,
1789618860,11.6,11.6,11.55,11.55,64600,2026-09-17,,,,,,,,
1789618920,11.6,11.6,11.55,11.6,27100,2026-09-17,,,,,,,,
1789618980,11.6,11.6,11.6,11.6,800,2026-09-17,,,,,,,,
1789619040,11.6,11.6,11.55,11.55,3600,2026-09-17,,,,,,,,
1789619100,11.6,11.6,11.55,11.6,6600,2026-09-17,,,,,,,,
1789619160,11.6,11.6,11.55,11.6,9900,2026-09-17,,,,,,,,
1789619220,11.55,11.6,11.55,11.6,41200,2026-09-17,,,,,,,,
1789619280,11.6,11.6,11.55,11.6,17400,2026-09-17,,,,,,,,
1789619340,11.6,11.6,11.55,11.6,24200,2026-09-17,,,,,,,,
1789624800,11.6,11.6,11.5,11.55,673400,2026-09-17,,,,,,,,
1789624860,11.55,11.55,11.5,11.55,54400,2026-09-17,,,,,,,,
1789624920,11.55,11.6,11.55,11.55,732600,2026-09-17,,,,,,,,
1789624980,11.55,11.6,11.5,11.55,109000,2026-09-17,,,,,,,,
1789625040,11.55,11.6,11.55,11.55,1067700,2026-09-17,,,,,,,,
1789625100,11.55,11.6,11.5,11.55,928600,2026-09-17,,,,,,,,
1789625160,11.55,11.55,11.5,11.55,975900,2026-09-17,,,,,,,,
1789625220,11.55,11.55,11.55,11.55,229300,2026-09-17,,,,,,,,
1789625280,11.55,11.55,11.5,11.55,46500,2026-09-17,,,,,,,,
1789625340,11.55,11.55,11.55,11.55,47500,2026-09-17,,,,,,,,
1789625400,11.55,11.55,11.5,11.55,112500,2026-09-17,,,,,,,,
1789625460,11.55,11.55,11.5,11.55,158500,2026-09-17,,,,,,,,
1789625520,11.55,11.55,11.5,11.55,64600,2026-09-17,,,,,,,,
1789625580,11.55,11.55,11.5,11.55,579800,2026-09-17,,,,,,,,
1789625640,11.55,11.55,11.55,11.55,34200,2026-09-17,,,,,,,,
1789625700,11.55,11.55,11.5,11.55,45100,2026-09-17,,,,,,,,
1789625760,11.55,11.55,11.5,11.55,147800,2026-09-17,,,,,,,,
1789625820,11.55,11.55,11.55,11.55,436800,2026-09-17,,,,,,,,
1789625880,11.55,11.55,11.55,11.55,376500,2026-09-17,,,,,,,,
1789625940,11.55,11.55,11.5,11.55,57000,2026-09-17,,,,,,,,
1789626000,11.55,11.55,11.5,11.55,458500,2026-09-17,,,,,,,,
1789626060,11.55,11.55,11.5,11.5,44600,2026-09-17,,,,,,,,
1789626120,11.55,11.55,11.5,11.55,64100,2026-09-17,,,,,,,,
1789626180,11.55,11.55,11.55,11.55,18100,2026-09-17,,,,,,,,
1789626240,11.55,11.55,11.55,11.55,5800,2026-09-17,,,,,,,,
1789626300,11.55,11.55,11.5,11.55,30700,2026-09-17,,,,,,,,
1789626360,11.55,11.55,11.5,11.5,71600,2026-09-17,,,,,,,,
1789626420,11.5,11.55,11.5,11.5,28400,2026-09-17,,,,,,,,
1789626480,11.5,11.55,11.5,11.55,5500,2026-09-17,,,,,,,,
1789626540,11.55,11.55,11.5,11.55,83600,2026-09-17,,,,,,,,
1789626600,11.55,11.55,11.5,11.55,8600,2026-09-17,,,,,,,,
1789626660,11.55,11.55,11.55,11.55,11500,2026-09-17,,,,,,,,
1789626720,11.55,11.55,11.5,11.55,31900,2026-09-17,,,,,,,,
1789626780,11.55,11.55,11.55,11.55,45800,2026-09-17,,,,,,,,
1789626840,11.55,11.6,11.5,11.55,1527000,2026-09-17,,,,,,,,
1789626900,11.55,11.55,11.5,11.55,175600,2026-09-17,,,,,,,,
1789626960,11.55,11.55,11.55,11.55,164500,2026-09-17,,,,,,,,
1789627020,11.55,11.55,11.55,11.55,146500,2026-09-17,,,,,,,,
1789627080,11.55,11.55,11.5,11.55,97900,2026-09-17,,,,,,,,
1789627140,11.55,11.55,11.5,11.55,151100,2026-09-17,,,,,,,,
1789627200,11.55,11.55,11.5,11.5,52200,2026-09-17,,,,,,,,
1789627260,11.55,11.55,11.5,11.5,34100,2026-09-17,,,,,,,,
1789627320,11.55,11.55,11.5,11.55,44500,2026-09-17,,,,,,,,
1789627380,11.55,11.55,11.5,11.5,250200,2026-09-17,,,,,,,,
1789627440,11.5,11.55,11.5,11.5,67000,2026-09-17,,,,,,,,
1789627500,11.5,11.55,11.5,11.5,85700,2026-09-17,,,,,,,,
1789627560,11.5,11.55,11.5,11.55,103400,2026-09-17,,,,,,,,
1789627620,11.55,11.55,11.5,11.5,30800,2026-09-17,,,,,,,,
1789627680,11.5,11.55,11.5,11.55,208000,2026-09-17,,,,,,,,
1789627740,11.5,11.55,11.5,11.5,6800,2026-09-17,,,,,,,,
1789627800,11.5,11.55,11.5,11.55,18300,2026-09-17,,,,,,,,
1789627860,11.5,11.55,11.5,11.5,17800,2026-09-17,,,,,,,,
1789627920,11.5,11.55,11.5,11.5,16400,2026-09-17,,,,,,,,
1789627980,11.55,11.55,11.5,11.5,13400,2026-09-17,,,,,,,,
1789628040,11.5,11.55,11.5,11.5,127600,2026-09-17,,,,,,,,
1789628100,11.55,11.55,11.5,11.5,24900,2026-09-17,,,,,,,,
1789628160,11.5,11.55,11.5,11.5,107200,2026-09-17,,,,,,,,
1789628220,11.55,11.55,11.5,11.55,55100,2026-09-17,,,,,,,,
1789628280,11.5,11.55,11.5,11.55,59000,2026-09-17,,,,,,,,
1789628340,11.5,11.55,11.5,11.5,17700,2026-09-17,,,,,,,,
1789628400,11.5,11.55,11.5,11.5,26000,2026-09-17,,,,,,,,
1789628460,11.5,11.55,11.5,11.5,36000,2026-09-17,,,,,,,,
1789628520,11.55,11.55,11.55,11.55,18100,2026-09-17,,,,,,,,
1789628580,11.55,11.55,11.5,11.55,37000,2026-09-17,,,,,,,,
1789628640,11.55,11.55,11.5,11.55,16500,2026-09-17,,,,,,,,
1789628700,11.55,11.55,11.5,11.5,5900,2026-09-17,,,,,,,,
1789628760,11.5,11.55,11.5,11.55,7800,2026-09-17,,,,,,,,
1789628820,11.55,11.55,11.5,11.55,40800,2026-09-17,,,,,,,,
1789628880,11.5,11.55,11.5,11.55,58700,2026-09-17,,,,,,,,
1789628940,11.55,11.55,11.5,11.55,21900,2026-09-17,,,,,,,,
1789629000,11.55,11.55,11.55,11.55,75000,2026-09-17,,,,,,,,
1789629060,11.55,11.55,11.5,11.55,5100,2026-09-17,,,,,,,,
1789629120,11.55,11.55,11.55,11.55,2300,2026-09-17,,,,,,,,
1789629180,11.55,11.55,11.5,11.55,24500,2026-09-17,,,,,,,,
1789629240,11.55,11.55,11.5,11.55,3300,2026-09-17,,,,,,,,
1789629300,11.55,11.55,11.5,11.55,59500,2026-09-17,,,,,,,,
1789629360,11.55,11.55,11.5,11.5,85300,2026-09-17,,,,,,,,
1789629420,11.55,11.55,11.5,11.55,61700,2026-09-17,,,,,,,,
1789629480,11.55,11.55,11.5,11.55,74100,2026-09-17,,,,,,,,
1789629540,11.55,11.55,11.5,11.55,210200,2026-09-17,,,,,,,,
1789629600,11.55,11.55,11.5,11.55,305200,2026-09-17,,,,,,,,
1789629660,11.55,11.55,11.5,11.55,182000,2026-09-17,,,,,,,,
1789629720,11.55,11.55,11.5,11.55,113900,2026-09-17,,,,,,,,
1789629780,11.55,11.55,11.5,11.55,91400,2026-09-17,,,,,,,,
1789629840,11.55,11.55,11.5,11.55,107900,2026-09-17,,,,,,,,
1789629900,11.55,11.55,11.5,11.5,455500,2026-09-17,,,,,,,,
1789629960,11.55,11.55,11.5,11.55,121400,2026-09-17,,,,,,,,
1789630020,11.55,11.55,11.5,11.55,87500,2026-09-17,,,,,,,,
1789630080,11.55,11.55,11.5,11.55,121300,2026-09-17,,,,,,,,
1789630140,11.55,11.6,11.55,11.6,148700,2026-09-17,,,,,,,,
1789631100,11.6,11.6,11.6,11.6,10640000,2026-09-17,,,,,,,,
1789697700,11.6,11.6,11.6,11.6,903100,2026-09-18,,,,,,,,
1789697760,11.6,11.65,11.6,11.6,426800,2026-09-18,,,,,,,,
1789697820,11.6,11.6,11.6,11.6,158000,2026-09-18,,,,,,,,
1789697880,11.6,11.6,11.55,11.6,269800,2026-09-18,,,,,,,,
1789697940,11.6,11.6,11.6,11.6,58200,2026-09-18,,,,,,,,
1789698000,11.6,11.6,11.55,11.55,58100,2026-09-18,,,,,,,,
1789698060,11.6,11.6,11.55,11.6,24900,2026-09-18,,,,,,,,
1789698120,11.6,11.6,11.55,11.6,128400,2026-09-18,,,,,,,,
1789698180,11.6,11.6,11.6,11.6,52900,2026-09-18,,,,,,,,
1789698240,11.6,11.6,11.55,11.6,164800,2026-09-18,,,,,,,,
1789698300,11.55,11.6,11.55,11.6,41900,2026-09-18,,,,,,,,
1789698360,11.55,11.6,11.55,11.55,20000,2026-09-18,,,,,,,,
1789698420,11.55,11.6,11.55,11.6,40100,2026-09-18,,,,,,,,
1789698480,11.55,11.6,11.55,11.6,60100,2026-09-18,,,,,,,,
1789698540,11.6,11.6,11.6,11.6,21000,2026-09-18,,,,,,,,
1789698600,11.6,11.6,11.55,11.6,11800,2026-09-18,,,,,,,,
1789698660,11.6,11.6,11.55,11.6,5900,2026-09-18,,,,,,,,
1789698720,11.6,11.6,11.6,11.6,18300,2026-09-18,,,,,,,,
1789698780,11.6,11.6,11.55,11.6,11100,2026-09-18,,,,,,,,
1789698840,11.6,11.6,11.55,11.6,28900,2026-09-18,,,,,,,,
1789698900,11.6,11.6,11.6,11.6,2600,2026-09-18,,,,,,,,
1789698960,11.6,11.6,11.6,11.6,2000,2026-09-18,,,,,,,,
1789699020,11.6,11.6,11.6,11.6,12300,2026-09-18,,,,,,,,
1789699080,11.6,11.6,11.6,11.6,9500,2026-09-18,,,,,,,,
1789699140,11.6,11.6,11.55,11.55,19500,2026-09-18,,,,,,,,
1789699200,11.55,11.6,11.55,11.6,46000,2026-09-18,,,,,,,,
1789699260,11.6,11.6,11.55,11.6,22400,2026-09-18,,,,,,,,
1789699320,11.6,11.6,11.55,11.6,6500,2026-09-18,,,,,,,,
1789699380,11.55,11.6,11.55,11.55,14000,2026-09-18,,,,,,,,
1789699440,11.55,11.6,11.55,11.55,24700,2026-09-18,,,,,,,,
1789699500,11.6,11.6,11.55,11.55,104200,2026-09-18,,,,,,,,
1789699560,11.6,11.6,11.55,11.55,22900,2026-09-18,,,,,,,,
1789699620,11.6,11.6,11.55,11.6,64400,2026-09-18,,,,,,,,
1789699680,11.6,11.6,11.55,11.6,29000,2026-09-18,,,,,,,,
1789699740,11.6,11.6,11.55,11.6,25900,2026-09-18,,,,,,,,
1789699800,11.6,11.6,11.55,11.55,12600,2026-09-18,,,,,,,,
1789699860,11.6,11.6,11.55,11.55,14400,2026-09-18,,,,,,,,
1789699920,11.6,11.6,11.55,11.6,13400,2026-09-18,,,,,,,,
1789699980,11.6,11.6,11.55,11.55,26700,2026-09-18,,,,,,,,
1789700040,11.6,11.6,11.55,11.55,1073200,2026-09-18,,,,,,,,
1789700100,11.55,11.6,11.5,11.55,696200,2026-09-18,,,,,,,,
1789700160,11.55,11.6,11.55,11.6,12600,2026-09-18,,,,,,,,
1789700220,11.6,11.6,11.55,11.6,18300,2026-09-18,,,,,,,,
1789700280,11.55,11.6,11.55,11.55,12500,2026-09-18,,,,,,,,
1789700340,11.6,11.6,11.55,11.55,54300,2026-09-18,,,,,,,,
1789700400,11.6,11.6,11.55,11.6,15000,2026-09-18,,,,,,,,
1789700460,11.6,11.6,11.6,11.6,17100,2026-09-18,,,,,,,,
1789700520,11.6,11.6,11.6,11.6,22300,2026-09-18,,,,,,,,
1789700580,11.6,11.6,11.55,11.6,15700,2026-09-18,,,,,,,,
1789700640,11.55,11.6,11.55,11.6,18200,2026-09-18,,,,,,,,
1789700700,11.6,11.6,11.6,11.6,35500,2026-09-18,,,,,,,,
1789700760,11.6,11.6,11.6,11.6,63000,2026-09-18,,,,,,,,
1789700820,11.6,11.6,11.55,11.6,127500,2026-09-18,,,,,,,,
1789700880,11.6,11.6,11.6,11.6,23000,2026-09-18,,,,,,,,
1789700940,11.6,11.6,11.55,11.6,29500,2026-09-18,,,,,,,,
1789701000,11.6,11.6,11.6,11.6,55900,2026-09-18,,,,,,,,
1789701060,11.6,11.6,11.55,11.55,42100,2026-09-18,,,,,,,,
1789701120,11.6,11.6,11.55,11.6,15000,2026-09-18,,,,,,,,
1789701180,11.6,11.6,11.6,11.6,17900,2026-09-18,,,,,,,,
1789701240,11.6,11.6,11.55,11.6,18900,2026-09-18,,,,,,,,
1789701300,11.6,11.6,11.55,11.6,79500,2026-09-18,,,,,,,,
1789701360,11.6,11.6,11.55,11.6,113500,2026-09-18,,,,,,,,
1789701420,11.6,11.6,11.55,11.6,165700,2026-09-18,,,,,,,,
1789701480,11.6,11.65,11.6,11.65,342100,2026-09-18,,,,,,,,
1789701540,11.65,11.65,11.6,11.65,33600,2026-09-18,,,,,,,,
1789701600,11.65,11.65,11.6,11.65,33100,2026-09-18,,,,,,,,
1789701660,11.65,11.65,11.6,11.6,34200,2026-09-18,,,,,,,,
1789701720,11.65,11.65,11.6,11.65,24800,2026-09-18,,,,,,,,
1789701780,11.65,11.65,11.6,11.65,50600,2026-09-18,,,,,,,,
1789701840,11.65,11.65,11.65,11.65,15900,2026-09-18,,,,,,,,
1789701900,11.65,11.65,11.6,11.65,14800,2026-09-18,,,,,,,,
1789701960,11.6,11.65,11.6,11.65,10800,2026-09-18,,,,,,,,
1789702020,11.65,11.65,11.6,11.65,13200,2026-09-18,,,,,,,,
1789702080,11.6,11.65,11.6,11.6,45400,2026-09-18,,,,,,,,
1789702140,11.6,11.65,11.6,11.65,14900,2026-09-18,,,,,,,,
1789702200,11.65,11.65,11.6,11.6,9600,2026-09-18,,,,,,,,
1789702260,11.6,11.65,11.6,11.65,14500,2026-09-18,,,,,,,,
1789702320,11.65,11.65,11.6,11.65,224000,2026-09-18,,,,,,,,
1789702380,11.6,11.65,11.6,11.6,116500,2026-09-18,,,,,,,,
1789702440,11.65,11.65,11.6,11.65,39900,2026-09-18,,,,,,,,
1789702500,11.65,11.65,11.6,11.65,52800,2026-09-18,,,,,,,,
1789702560,11.65,11.65,11.6,11.65,35000,2026-09-18,,,,,,,,
1789702620,11.65,11.65,11.6,11.6,14000,2026-09-18,,,,,,,,
1789702680,11.65,11.65,11.65,11.65,39900,2026-09-18,,,,,,,,
1789702740,11.65,11.65,11.6,11.65,37300,2026-09-18,,,,,,,,
1789702800,11.65,11.65,11.65,11.65,15700,2026-09-18,,,,,,,,
1789702860,11.65,11.65,11.6,11.6,109800,2026-09-18,,,,,,,,
1789702920,11.65,11.65,11.6,11.65,98700,2026-09-18,,,,,,,,
1789702980,11.65,11.65,11.6,11.65,39000,2026-09-18,,,,,,,,
1789703040,11.65,11.7,11.65,11.7,1246600,2026-09-18,,,,,,,,
1789703100,11.7,11.7,11.65,11.7,43100,2026-09-18,,,,,,,,
1789703160,11.7,11.7,11.65,11.7,146500,2026-09-18,,,,,,,,
1789703220,11.7,11.75,11.65,11.75,1353000,2026-09-18,,,,,,,,
1789703280,11.75,11.75,11.7,11.75,199000,2026-09-18,,,,,,,,
1789703340,11.75,11.75,11.7,11.75,1240400,2026-09-18,,,,,,,,
1789703400,11.75,11.8,11.7,11.75,410000,2026-09-18,,,,,,,,
1789703460,11.75,11.75,11.75,11.75,86800,2026-09-18,,,,,,,,
1789703520,11.75,11.8,11.75,11.8,568500,2026-09-18,,,,,,,,
1789703580,11.8,11.8,11.7,11.75,1056600,2026-09-18,,,,,,,,
1789703640,11.75,11.8,11.75,11.75,365800,2026-09-18,,,,,,,,
1789703700,11.75,11.75,11.75,11.75,225500,2026-09-18,,,,,,,,
1789703760,11.75,11.75,11.7,11.75,89700,2026-09-18,,,,,,,,
1789703820,11.75,11.75,11.75,11.75,45000,2026-09-18,,,,,,,,
1789703880,11.75,11.75,11.7,11.7,38400,2026-09-18,,,,,,,,
1789703940,11.75,11.75,11.75,11.75,145000,2026-09-18,,,,,,,,
1789704000,11.75,11.75,11.7,11.75,49600,2026-09-18,,,,,,,,
1789704060,11.7,11.75,11.7,11.75,34400,2026-09-18,,,,,,,,
1789704120,11.75,11.75,11.75,11.75,36600,2026-09-18,,,,,,,,
1789704180,11.75,11.75,11.7,11.75,22400,2026-09-18,,,,,,,,
1789704240,11.7,11.75,11.7,11.75,28000,2026-09-18,,,,,,,,
1789704300,11.75,11.75,11.7,11.75,269700,2026-09-18,,,,,,,,
1789704360,11.7,11.75,11.7,11.7,29700,2026-09-18,,,,,,,,
1789704420,11.75,11.75,11.7,11.75,26700,2026-09-18,,,,,,,,
1789704480,11.75,11.75,11.7,11.7,26000,2026-09-18,,,,,,,,
1789704540,11.75,11.75,11.7,11.75,28200,2026-09-18,,,,,,,,
1789704600,11.75,11.75,11.75,11.75,12000,2026-09-18,,,,,,,,
1789704660,11.75,11.75,11.7,11.7,2131400,2026-09-18,,,,,,,,
1789704720,11.7,11.75,11.65,11.7,65500,2026-09-18,,,,,,,,
1789704780,11.7,11.7,11.7,11.7,84100,2026-09-18,,,,,,,,
1789704840,11.7,11.7,11.65,11.7,20500,2026-09-18,,,,,,,,
1789704900,11.7,11.7,11.7,11.7,22700,2026-09-18,,,,,,,,
1789704960,11.7,11.7,11.65,11.65,44100,2026-09-18,,,,,,,,
1789705020,11.7,11.7,11.65,11.7,49500,2026-09-18,,,,,,,,
1789705080,11.7,11.7,11.7,11.7,161400,2026-09-18,,,,,,,,
1789705140,11.7,11.75,11.7,11.75,165000,2026-09-18,,,,,,,,
1789705200,11.75,11.75,11.7,11.75,39600,2026-09-18,,,,,,,,
1789705260,11.75,11.75,11.7,11.75,83500,2026-09-18,,,,,,,,
1789705320,11.75,11.75,11.7,11.7,18900,2026-09-18,,,,,,,,
1789705380,11.75,11.75,11.7,11.75,14700,2026-09-18,,,,,,,,
1789705440,11.75,11.75,11.75,11.75,8000,2026-09-18,,,,,,,,
1789705500,11.75,11.75,11.75,11.75,12400,2026-09-18,,,,,,,,
1789705560,11.75,11.75,11.7,11.75,14500,2026-09-18,,,,,,,,
1789705620,11.75,11.75,11.75,11.75,13600,2026-09-18,,,,,,,,
1789705680,11.7,11.75,11.7,11.75,81300,2026-09-18,,,,,,,,
1789705740,11.75,11.75,11.7,11.75,19100,2026-09-18,,,,,,,,
1789711200,11.75,11.75,11.7,11.7,1201600,2026-09-18,,,,,,,,
1789711260,11.7,11.7,11.7,11.7,2231000,2026-09-18,,,,,,,,
1789711320,11.7,11.7,11.65,11.7,325700,2026-09-18,,,,,,,,
1789711380,11.7,11.7,11.65,11.7,64100,2026-09-18,,,,,,,,
1789711440,11.7,11.7,11.65,11.7,173900,2026-09-18,,,,,,,,
1789711500,11.7,11.7,11.7,11.7,62100,2026-09-18,,,,,,,,
1789711560,11.7,11.7,11.65,11.7,648000,2026-09-18,,,,,,,,
1789711620,11.7,11.75,11.65,11.7,253000,2026-09-18,,,,,,,,
1789711680,11.7,11.7,11.65,11.7,26900,2026-09-18,,,,,,,,
1789711740,11.7,11.7,11.7,11.7,67900,2026-09-18,,,,,,,,
1789711800,11.65,11.7,11.65,11.65,31600,2026-09-18,,,,,,,,
1789711860,11.7,11.7,11.65,11.7,29500,2026-09-18,,,,,,,,
1789711920,11.7,11.7,11.7,11.7,516700,2026-09-18,,,,,,,,
1789711980,11.7,11.7,11.65,11.7,346800,2026-09-18,,,,,,,,
1789712040,11.7,11.75,11.7,11.75,201600,2026-09-18,,,,,,,,
1789712100,11.7,11.75,11.7,11.75,71500,2026-09-18,,,,,,,,
1789712160,11.75,11.75,11.7,11.75,29900,2026-09-18,,,,,,,,
1789712220,11.7,11.75,11.7,11.7,118000,2026-09-18,,,,,,,,
1789712280,11.7,11.75,11.7,11.7,103600,2026-09-18,,,,,,,,
1789712340,11.75,11.75,11.7,11.7,148700,2026-09-18,,,,,,,,
1789712400,11.7,11.75,11.7,11.75,70000,2026-09-18,,,,,,,,
1789712460,11.7,11.75,11.7,11.7,292000,2026-09-18,,,,,,,,
1789712520,11.7,11.7,11.65,11.7,52600,2026-09-18,,,,,,,,
1789712580,11.7,11.75,11.7,11.75,463500,2026-09-18,,,,,,,,
1789712640,11.7,11.7,11.65,11.7,1024800,2026-09-18,,,,,,,,
1789712700,11.7,11.7,11.65,11.65,187300,2026-09-18,,,,,,,,
1789712760,11.7,11.7,11.65,11.7,70000,2026-09-18,,,,,,,,
1789712820,11.7,11.7,11.7,11.7,64600,2026-09-18,,,,,,,,
1789712880,11.7,11.7,11.7,11.7,74000,2026-09-18,,,,,,,,
1789712940,11.7,11.7,11.65,11.65,39200,2026-09-18,,,,,,,,
1789713000,11.65,11.7,11.65,11.7,38600,2026-09-18,,,,,,,,
1789713060,11.65,11.7,11.65,11.7,50800,2026-09-18,,,,,,,,
1789713120,11.65,11.7,11.65,11.7,62100,2026-09-18,,,,,,,,
1789713180,11.65,11.7,11.65,11.7,54400,2026-09-18,,,,,,,,
1789713240,11.65,11.7,11.65,11.7,25600,2026-09-18,,,,,,,,
1789713300,11.65,11.7,11.65,11.7,51800,2026-09-18,,,,,,,,
1789713360,11.7,11.7,11.65,11.7,25700,2026-09-18,,,,,,,,
1789713420,11.7,11.7,11.7,11.7,20000,2026-09-18,,,,,,,,
1789713480,11.7,11.7,11.65,11.7,39100,2026-09-18,,,,,,,,
1789713540,11.7,11.7,11.7,11.7,92100,2026-09-18,,,,,,,,
1789713600,11.7,11.7,11.65,11.7,56200,2026-09-18,,,,,,,,
1789713660,11.7,11.7,11.65,11.65,37200,2026-09-18,,,,,,,,
1789713720,11.7,11.7,11.65,11.65,35200,2026-09-18,,,,,,,,
1789713780,11.7,11.7,11.65,11.65,61600,2026-09-18,,,,,,,,
1789713840,11.65,11.7,11.65,11.65,135300,2026-09-18,,,,,,,,
1789713900,11.65,11.7,11.65,11.65,31400,2026-09-18,,,,,,,,
1789713960,11.7,11.7,11.65,11.7,99400,2026-09-18,,,,,,,,
1789714020,11.7,11.7,11.65,11.7,36000,2026-09-18,,,,,,,,
1789714080,11.7,11.7,11.65,11.7,62600,2026-09-18,,,,,,,,
1789714140,11.7,11.7,11.65,11.7,92100,2026-09-18,,,,,,,,
1789714200,11.7,11.75,11.65,11.65,288100,2026-09-18,,,,,,,,
1789714260,11.65,11.7,11.65,11.65,37100,2026-09-18,,,,,,,,
1789714320,11.65,11.7,11.65,11.65,30100,2026-09-18,,,,,,,,
1789714380,11.7,11.7,11.65,11.7,29400,2026-09-18,,,,,,,,
1789714440,11.7,11.7,11.7,11.7,136800,2026-09-18,,,,,,,,
1789714500,11.7,11.7,11.65,11.7,58700,2026-09-18,,,,,,,,
1789714560,11.7,11.7,11.65,11.7,47100,2026-09-18,,,,,,,,
1789714620,11.7,11.7,11.7,11.7,27700,2026-09-18,,,,,,,,
1789714680,11.7,11.7,11.65,11.65,43900,2026-09-18,,,,,,,,
1789714740,11.65,11.7,11.65,11.65,48000,2026-09-18,,,,,,,,
1789714800,11.7,11.7,11.65,11.7,72700,2026-09-18,,,,,,,,
1789714860,11.65,11.7,11.65,11.65,63200,2026-09-18,,,,,,,,
1789714920,11.7,11.7,11.65,11.65,67800,2026-09-18,,,,,,,,
1789714980,11.7,11.7,11.65,11.7,54400,2026-09-18,,,,,,,,
1789715040,11.7,11.7,11.65,11.7,55000,2026-09-18,,,,,,,,
1789715100,11.7,11.7,11.65,11.65,69300,2026-09-18,,,,,,,,
1789715160,11.65,11.7,11.65,11.65,47200,2026-09-18,,,,,,,,
1789715220,11.7,11.7,11.65,11.7,28700,2026-09-18,,,,,,,,
1789715280,11.7,11.7,11.65,11.7,47300,2026-09-18,,,,,,,,
1789715340,11.7,11.7,11.65,11.65,34600,2026-09-18,,,,,,,,
1789715400,11.7,11.7,11.65,11.65,45000,2026-09-18,,,,,,,,
1789715460,11.65,11.7,11.65,11.65,62400,2026-09-18,,,,,,,,
1789715520,11.7,11.7,11.65,11.7,36700,2026-09-18,,,,,,,,
1789715580,11.7,11.7,11.65,11.7,46600,2026-09-18,,,,,,,,
1789715640,11.7,11.7,11.65,11.65,49700,2026-09-18,,,,,,,,
1789715700,11.7,11.7,11.65,11.7,106000,2026-09-18,,,,,,,,
1789715760,11.7,11.7,11.65,11.65,36200,2026-09-18,,,,,,,,
1789715820,11.7,11.7,11.65,11.65,49000,2026-09-18,,,,,,,,
1789715880,11.7,11.7,11.65,11.7,38000,2026-09-18,,,,,,,,
1789715940,11.7,11.7,11.65,11.7,227800,2026-09-18,,,,,,,,
1789716000,11.7,11.7,11.65,11.65,46000,2026-09-18,,,,,,,,
1789716060,11.65,11.7,11.65,11.65,45600,2026-09-18,,,,,,,,
1789716120,11.7,11.7,11.65,11.65,77400,2026-09-18,,,,,,,,
1789716180,11.65,11.7,11.65,11.7,61600,2026-09-18,,,,,,,,
1789716240,11.7,11.7,11.65,11.65,72700,2026-09-18,,,,,,,,
1789716300,11.7,11.7,11.65,11.65,72400,2026-09-18,,,,,,,,
1789716360,11.7,11.7,11.65,11.65,1234200,2026-09-18,,,,,,,,
1789716420,11.7,11.7,11.65,11.7,29600,2026-09-18,,,,,,,,
1789716480,11.7,11.7,11.65,11.7,133700,2026-09-18,,,,,,,,
1789716540,11.65,11.7,11.65,11.7,38900,2026-09-18,,,,,,,,
1789717500,11.8,11.8,11.8,11.8,16544200,2026-09-18,,,,,,,,
1789956900,11.8,11.8,11.7,11.75,564500,2026-09-21,,,,,,,,
1789956960,11.75,11.8,11.7,11.75,202400,2026-09-21,,,,,,,,
1789957020,11.75,11.75,11.7,11.75,46900,2026-09-21,,,,,,,,
1789957080,11.7,11.75,11.7,11.7,33500,2026-09-21,,,,,,,,
1789957140,11.75,11.75,11.7,11.75,144700,2026-09-21,,,,,,,,
1789957200,11.7,11.75,11.7,11.7,94400,2026-09-21,,,,,,,,
1789957260,11.75,11.75,11.7,11.7,22300,2026-09-21,,,,,,,,
1789957320,11.75,11.75,11.7,11.7,24100,2026-09-21,,,,,,,,
1789957380,11.7,11.75,11.7,11.7,18900,2026-09-21,,,,,,,,
1789957440,11.75,11.75,11.7,11.7,13400,2026-09-21,,,,,,,,
1789957500,11.75,11.75,11.7,11.7,33300,2026-09-21,,,,,,,,
1789957560,11.7,11.75,11.7,11.75,122200,2026-09-21,,,,,,,,
1789957620,11.7,11.7,11.7,11.7,6300,2026-09-21,,,,,,,,
1789957680,11.7,11.75,11.7,11.7,40600,2026-09-21,,,,,,,,
1789957740,11.75,11.75,11.7,11.7,10700,2026-09-21,,,,,,,,
1789957800,11.7,11.75,11.7,11.7,16700,2026-09-21,,,,,,,,
1789957860,11.7,11.75,11.7,11.7,11300,2026-09-21,,,,,,,,
1789957920,11.7,11.75,11.7,11.7,14500,2026-09-21,,,,,,,,
1789957980,11.75,11.75,11.7,11.7,19900,2026-09-21,,,,,,,,
1789958040,11.7,11.75,11.7,11.7,43100,2026-09-21,,,,,,,,
1789958100,11.7,11.75,11.7,11.7,12200,2026-09-21,,,,,,,,
1789958160,11.7,11.75,11.7,11.7,72800,2026-09-21,,,,,,,,
1789958220,11.7,11.75,11.7,11.7,61900,2026-09-21,,,,,,,,
1789958280,11.7,11.75,11.7,11.7,122200,2026-09-21,,,,,,,,
1789958340,11.7,11.75,11.7,11.7,3800,2026-09-21,,,,,,,,
1789958400,11.7,11.75,11.7,11.7,14200,2026-09-21,,,,,,,,
1789958460,11.7,11.75,11.7,11.7,16400,2026-09-21,,,,,,,,
1789958520,11.7,11.75,11.7,11.7,11200,2026-09-21,,,,,,,,
1789958580,11.7,11.75,11.7,11.7,218100,2026-09-21,,,,,,,,
1789958640,11.7,11.75,11.7,11.7,54500,2026-09-21,,,,,,,,
1789958700,11.7,11.75,11.7,11.7,37000,2026-09-21,,,,,,,,
1789958760,11.7,11.75,11.7,11.75,208300,2026-09-21,,,,,,,,
1789958820,11.75,11.75,11.65,11.65,513600,2026-09-21,,,,,,,,
1789958880,11.65,11.7,11.65,11.7,13500,2026-09-21,,,,,,,,
1789958940,11.65,11.7,11.65,11.65,19400,2026-09-21,,,,,,,,
1789959000,11.65,11.7,11.65,11.7,64500,2026-09-21,,,,,,,,
1789959060,11.7,11.7,11.65,11.7,14100,2026-09-21,,,,,,,,
1789959120,11.65,11.7,11.65,11.65,15600,2026-09-21,,,,,,,,
1789959180,11.65,11.7,11.65,11.65,5800,2026-09-21,,,,,,,,
1789959240,11.65,11.7,11.65,11.65,6300,2026-09-21,,,,,,,,
1789959300,11.65,11.7,11.65,11.7,46300,2026-09-21,,,,,,,,
1789959360,11.65,11.7,11.65,11.7,8200,2026-09-21,,,,,,,,
1789959420,11.65,11.7,11.65,11.65,44200,2026-09-21,,,,,,,,
1789959480,11.65,11.7,11.65,11.65,51700,2026-09-21,,,,,,,,
1789959540,11.65,11.7,11.65,11.65,29100,2026-09-21,,,,,,,,
1789959600,11.65,11.7,11.65,11.7,22300,2026-09-21,,,,,,,,
1789959660,11.65,11.7,11.65,11.65,1200,2026-09-21,,,,,,,,
1789959720,11.7,11.7,11.65,11.65,3700,2026-09-21,,,,,,,,
1789959780,11.65,11.7,11.65,11.65,13100,2026-09-21,,,,,,,,
1789959840,11.65,11.7,11.65,11.65,5900,2026-09-21,,,,,,,,
1789959900,11.65,11.7,11.65,11.7,11000,2026-09-21,,,,,,,,
1789959960,11.65,11.7,11.65,11.65,9800,2026-09-21,,,,,,,,
1789960020,11.65,11.65,11.65,11.65,13300,2026-09-21,,,,,,,,
1789960080,11.65,11.7,11.65,11.65,9200,2026-09-21,,,,,,,,
1789960140,11.65,11.7,11.65,11.7,2300,2026-09-21,,,,,,,,
1789960200,11.65,11.7,11.65,11.65,2800,2026-09-21,,,,,,,,
1789960260,11.65,11.7,11.65,11.65,20700,2026-09-21,,,,,,,,
1789960320,11.65,11.7,11.65,11.7,34000,2026-09-21,,,,,,,,
1789960380,11.65,11.7,11.65,11.65,13500,2026-09-21,,,,,,,,
1789960440,11.65,11.7,11.65,11.65,4500,2026-09-21,,,,,,,,
1789960500,11.65,11.7,11.65,11.7,5000,2026-09-21,,,,,,,,
1789960560,11.65,11.7,11.65,11.65,16800,2026-09-21,,,,,,,,
1789960620,11.65,11.7,11.65,11.65,107400,2026-09-21,,,,,,,,
1789960680,11.65,11.7,11.65,11.65,1400,2026-09-21,,,,,,,,
1789960740,11.65,11.7,11.65,11.65,1600,2026-09-21,,,,,,,,
1789960800,11.65,11.7,11.65,11.65,11800,2026-09-21,,,,,,,,
1789960860,11.7,11.7,11.65,11.7,6600,2026-09-21,,,,,,,,
1789960920,11.65,11.65,11.65,11.65,55200,2026-09-21,,,,,,,,
1789960980,11.65,11.7,11.65,11.65,3700,2026-09-21,,,,,,,,
1789961040,11.65,11.7,11.65,11.65,23400,2026-09-21,,,,,,,,
1789961100,11.65,11.7,11.65,11.7,1800,2026-09-21,,,,,,,,
1789961160,11.65,11.7,11.65,11.65,4700,2026-09-21,,,,,,,,
1789961220,11.65,11.65,11.65,11.65,7900,2026-09-21,,,,,,,,
1789961280,11.65,11.7,11.65,11.65,10300,2026-09-21,,,,,,,,
1789961340,11.65,11.7,11.65,11.7,4900,2026-09-21,,,,,,,,
1789961400,11.65,11.7,11.65,11.65,1300,2026-09-21,,,,,,,,
1789961460,11.7,11.7,11.65,11.7,69400,2026-09-21,,,,,,,,
1789961520,11.65,11.7,11.65,11.65,7800,2026-09-21,,,,,,,,
1789961580,11.65,11.7,11.65,11.65,6800,2026-09-21,,,,,,,,
1789961640,11.65,11.7,11.65,11.7,6600,2026-09-21,,,,,,,,
1789961700,11.65,11.7,11.65,11.7,7000,2026-09-21,,,,,,,,
1789961760,11.65,11.7,11.65,11.65,5000,2026-09-21,,,,,,,,
1789961820,11.65,11.7,11.65,11.7,1700,2026-09-21,,,,,,,,
1789961880,11.65,11.65,11.65,11.65,1800,2026-09-21,,,,,,,,
1789961940,11.65,11.7,11.65,11.65,7900,2026-09-21,,,,,,,,
1789962000,11.65,11.65,11.65,11.65,1400,2026-09-21,,,,,,,,
1789962060,11.7,11.7,11.65,11.65,6000,2026-09-21,,,,,,,,
1789962120,11.65,11.65,11.65,11.65,7800,2026-09-21,,,,,,,,
1789962180,11.65,11.7,11.65,11.65,2600,2026-09-21,,,,,,,,
1789962240,11.65,11.7,11.65,11.65,10500,2026-09-21,,,,,,,,
1789962300,11.7,11.7,11.65,11.65,7500,2026-09-21,,,,,,,,
1789962360,11.65,11.7,11.65,11.65,5700,2026-09-21,,,,,,,,
1789962420,11.65,11.7,11.65,11.65,1000,2026-09-21,,,,,,,,
1789962480,11.65,11.7,11.65,11.65,13000,2026-09-21,,,,,,,,
1789962540,11.7,11.7,11.65,11.65,101800,2026-09-21,,,,,,,,
1789962600,11.65,11.7,11.65,11.65,14200,2026-09-21,,,,,,,,
1789962660,11.7,11.7,11.65,11.65,21800,2026-09-21,,,,,,,,
1789962720,11.65,11.7,11.65,11.65,4700,2026-09-21,,,,,,,,
1789962780,11.7,11.7,11.65,11.65,5200,2026-09-21,,,,,,,,
1789962840,11.65,11.7,11.65,11.65,11900,2026-09-21,,,,,,,,
1789962900,11.65,11.7,11.65,11.65,1100,2026-09-21,,,,,,,,
1789962960,11.65,11.7,11.65,11.7,2200,2026-09-21,,,,,,,,
1789963020,11.65,11.7,11.65,11.65,6800,2026-09-21,,,,,,,,
1789963080,11.65,11.7,11.65,11.65,4400,2026-09-21,,,,,,,,
1789963140,11.65,11.7,11.65,11.65,2200,2026-09-21,,,,,,,,
1789963200,11.65,11.7,11.65,11.65,54500,2026-09-21,,,,,,,,
1789963260,11.65,11.65,11.65,11.65,5700,2026-09-21,,,,,,,,
1789963320,11.65,11.7,11.65,11.65,3500,2026-09-21,,,,,,,,
1789963380,11.7,11.7,11.65,11.65,13300,2026-09-21,,,,,,,,
1789963440,11.7,11.7,11.65,11.65,39500,2026-09-21,,,,,,,,
1789963500,11.65,11.7,11.65,11.65,3900,2026-09-21,,,,,,,,
1789963560,11.65,11.7,11.65,11.7,19600,2026-09-21,,,,,,,,
1789963620,11.65,11.7,11.65,11.65,12500,2026-09-21,,,,,,,,
1789963680,11.7,11.7,11.6,11.65,3107100,2026-09-21,,,,,,,,
1789963740,11.65,11.65,11.6,11.6,19600,2026-09-21,,,,,,,,
1789963800,11.6,11.65,11.6,11.6,109200,2026-09-21,,,,,,,,
1789963860,11.6,11.65,11.6,11.6,1240600,2026-09-21,,,,,,,,
1789963920,11.65,11.65,11.6,11.65,309200,2026-09-21,,,,,,,,
1789963980,11.6,11.65,11.6,11.65,28100,2026-09-21,,,,,,,,
1789964040,11.65,11.65,11.6,11.6,10600,2026-09-21,,,,,,,,
1789964100,11.6,11.65,11.6,11.6,22200,2026-09-21,,,,,,,,
1789964160,11.6,11.65,11.6,11.6,9500,2026-09-21,,,,,,,,
1789964220,11.6,11.65,11.6,11.6,8200,2026-09-21,,,,,,,,
1789964280,11.65,11.65,11.6,11.6,32700,2026-09-21,,,,,,,,
1789964340,11.6,11.65,11.6,11.6,18000,2026-09-21,,,,,,,,
1789964400,11.6,11.65,11.6,11.6,4400,2026-09-21,,,,,,,,
1789964460,11.6,11.65,11.6,11.6,8600,2026-09-21,,,,,,,,
1789964520,11.6,11.65,11.6,11.65,2600,2026-09-21,,,,,,,,
1789964580,11.6,11.65,11.6,11.6,3700,2026-09-21,,,,,,,,
1789964640,11.6,11.65,11.6,11.6,7300,2026-09-21,,,,,,,,
1789964700,11.6,11.65,11.6,11.6,20300,2026-09-21,,,,,,,,
1789964760,11.6,11.65,11.6,11.6,12200,2026-09-21,,,,,,,,
1789964820,11.6,11.65,11.6,11.6,26200,2026-09-21,,,,,,,,
1789964880,11.6,11.65,11.6,11.6,1400,2026-09-21,,,,,,,,
1789964940,11.6,11.65,11.6,11.65,15000,2026-09-21,,,,,,,,
1789970400,11.65,11.65,11.6,11.65,338500,2026-09-21,,,,,,,,
1789970460,11.65,11.65,11.6,11.65,585400,2026-09-21,,,,,,,,
1789970520,11.65,11.65,11.6,11.65,277900,2026-09-21,,,,,,,,
1789970580,11.6,11.65,11.6,11.6,551300,2026-09-21,,,,,,,,
1789970640,11.65,11.65,11.6,11.65,59900,2026-09-21,,,,,,,,
1789970700,11.65,11.65,11.6,11.6,14100,2026-09-21,,,,,,,,
1789970760,11.65,11.65,11.6,11.65,43800,2026-09-21,,,,,,,,
1789970820,11.6,11.65,11.6,11.65,24200,2026-09-21,,,,,,,,
1789970880,11.65,11.65,11.6,11.6,13200,2026-09-21,,,,,,,,
1789970940,11.6,11.65,11.6,11.6,5500,2026-09-21,,,,,,,,
1789971000,11.6,11.65,11.6,11.6,12700,2026-09-21,,,,,,,,
1789971060,11.6,11.65,11.6,11.6,16400,2026-09-21,,,,,,,,
1789971120,11.65,11.65,11.6,11.6,38300,2026-09-21,,,,,,,,
1789971180,11.6,11.65,11.6,11.6,13800,2026-09-21,,,,,,,,
1789971240,11.6,11.65,11.6,11.6,94200,2026-09-21,,,,,,,,
1789971300,11.6,11.65,11.6,11.6,48800,2026-09-21,,,,,,,,
1789971360,11.6,11.65,11.6,11.65,52800,2026-09-21,,,,,,,,
1789971420,11.6,11.65,11.6,11.6,42100,2026-09-21,,,,,,,,
1789971480,11.6,11.65,11.6,11.65,19300,2026-09-21,,,,,,,,
1789971540,11.6,11.65,11.6,11.65,35300,2026-09-21,,,,,,,,
1789971600,11.6,11.65,11.6,11.6,17200,2026-09-21,,,,,,,,
1789971660,11.6,11.65,11.6,11.6,31600,2026-09-21,,,,,,,,
1789971720,11.6,11.65,11.6,11.65,69000,2026-09-21,,,,,,,,
1789971780,11.65,11.65,11.55,11.55,4795800,2026-09-21,,,,,,,,
1789971840,11.6,11.6,11.55,11.55,450800,2026-09-21,,,,,,,,
1789971900,11.6,11.6,11.55,11.6,1432200,2026-09-21,,,,,,,,
1789971960,11.6,11.6,11.55,11.55,23400,2026-09-21,,,,,,,,
1789972020,11.55,11.6,11.55,11.55,6800,2026-09-21,,,,,,,,
1789972080,11.6,11.6,11.55,11.6,25700,2026-09-21,,,,,,,,
1789972140,11.6,11.6,11.55,11.6,979400,2026-09-21,,,,,,,,
1789972200,11.55,11.6,11.55,11.55,460400,2026-09-21,,,,,,,,
1789972260,11.55,11.6,11.55,11.55,303100,2026-09-21,,,,,,,,
1789972320,11.6,11.6,11.55,11.6,59500,2026-09-21,,,,,,,,
1789972380,11.55,11.6,11.55,11.55,34300,2026-09-21,,,,,,,,
1789972440,11.6,11.6,11.55,11.55,4200,2026-09-21,,,,,,,,
1789972500,11.55,11.6,11.55,11.55,24300,2026-09-21,,,,,,,,
1789972560,11.6,11.6,11.55,11.6,40500,2026-09-21,,,,,,,,
1789972620,11.55,11.6,11.55,11.55,23900,2026-09-21,,,,,,,,
1789972680,11.55,11.6,11.55,11.6,10600,2026-09-21,,,,,,,,
1789972740,11.6,11.6,11.55,11.55,5600,2026-09-21,,,,,,,,
1789972800,11.6,11.6,11.6,11.6,25300,2026-09-21,,,,,,,,
1789972860,11.55,11.6,11.55,11.6,43000,2026-09-21,,,,,,,,
1789972920,11.6,11.6,11.55,11.6,16400,2026-09-21,,,,,,,,
1789972980,11.6,11.6,11.55,11.6,2000,2026-09-21,,,,,,,,
1789973040,11.6,11.6,11.6,11.6,1400,2026-09-21,,,,,,,,
1789973100,11.6,11.6,11.55,11.6,32300,2026-09-21,,,,,,,,
1789973160,11.6,11.6,11.55,11.55,8900,2026-09-21,,,,,,,,
1789973220,11.6,11.6,11.55,11.6,69800,2026-09-21,,,,,,,,
1789973280,11.55,11.6,11.55,11.55,11300,2026-09-21,,,,,,,,
1789973340,11.55,11.6,11.55,11.55,70100,2026-09-21,,,,,,,,
1789973400,11.55,11.6,11.55,11.6,20200,2026-09-21,,,,,,,,
1789973460,11.55,11.6,11.55,11.55,20900,2026-09-21,,,,,,,,
1789973520,11.55,11.6,11.55,11.55,58400,2026-09-21,,,,,,,,
1789973580,11.55,11.6,11.55,11.55,88700,2026-09-21,,,,,,,,
1789973640,11.55,11.55,11.55,11.55,31700,2026-09-21,,,,,,,,
1789973700,11.6,11.6,11.55,11.6,56400,2026-09-21,,,,,,,,
1789973760,11.55,11.6,11.55,11.6,3939500,2026-09-21,,,,,,,,
1789973820,11.55,11.55,11.5,11.5,157000,2026-09-21,,,,,,,,
1789973880,11.55,11.55,11.5,11.55,781200,2026-09-21,,,,,,,,
1789973940,11.55,11.55,11.5,11.55,324900,2026-09-21,,,,,,,,
1789974000,11.55,11.6,11.5,11.55,50700,2026-09-21,,,,,,,,
1789974060,11.55,11.6,11.55,11.55,82200,2026-09-21,,,,,,,,
1789974120,11.55,11.6,11.55,11.55,471000,2026-09-21,,,,,,,,
1789974180,11.55,11.55,11.5,11.5,66800,2026-09-21,,,,,,,,
1789974240,11.55,11.55,11.5,11.55,115600,2026-09-21,,,,,,,,
1789974300,11.55,11.65,11.55,11.65,4535400,2026-09-21,,,,,,,,
1789974360,11.6,11.65,11.6,11.6,1568400,2026-09-21,,,,,,,,
1789974420,11.6,11.65,11.6,11.65,620500,2026-09-21,,,,,,,,
1789974480,11.65,11.65,11.6,11.6,1062100,2026-09-21,,,,,,,,
1789974540,11.6,11.65,11.6,11.6,58700,2026-09-21,,,,,,,,
1789974600,11.6,11.65,11.55,11.65,133700,2026-09-21,,,,,,,,
1789974660,11.65,11.65,11.55,11.6,129400,2026-09-21,,,,,,,,
1789974720,11.6,11.65,11.55,11.6,127700,2026-09-21,,,,,,,,
1789974780,11.6,11.6,11.55,11.55,21300,2026-09-21,,,,,,,,
1789974840,11.55,11.6,11.55,11.6,76600,2026-09-21,,,,,,,,
1789974900,11.55,11.6,11.55,11.55,54300,2026-09-21,,,,,,,,
1789974960,11.55,11.6,11.55,11.55,52700,2026-09-21,,,,,,,,
1789975020,11.55,11.6,11.55,11.55,77900,2026-09-21,,,,,,,,
1789975080,11.55,11.6,11.55,11.55,34300,2026-09-21,,,,,,,,
1789975140,11.55,11.6,11.5,11.5,2604500,2026-09-21,,,,,,,,
1789975200,11.5,11.55,11.5,11.55,2123200,2026-09-21,,,,,,,,
1789975260,11.6,11.6,11.55,11.55,24300,2026-09-21,,,,,,,,
1789975320,11.55,11.6,11.55,11.55,299000,2026-09-21,,,,,,,,
1789975380,11.55,11.6,11.55,11.55,411800,2026-09-21,,,,,,,,
1789975440,11.55,11.6,11.5,11.55,582100,2026-09-21,,,,,,,,
1789975500,11.55,11.6,11.55,11.55,65000,2026-09-21,,,,,,,,
1789975560,11.55,11.6,11.55,11.6,26300,2026-09-21,,,,,,,,
1789975620,11.55,11.6,11.55,11.55,35800,2026-09-21,,,,,,,,
1789975680,11.55,11.6,11.55,11.55,28200,2026-09-21,,,,,,,,
1789975740,11.55,11.6,11.55,11.6,121300,2026-09-21,,,,,,,,
1789976700,11.6,11.6,11.6,11.6,5757000,2026-09-21,11.55,11.6,127110.0,129350.0,307100.0,182310.0,197320.0,186090.0
