t,open,high,low,close,volume,date_vn,best_bid,best_ask,bid_volume_1,ask_volume_1,bid_volume_2,ask_volume_2,bid_volume_3,ask_volume_3
1788401700,75.3,75.4,75.2,75.2,38600,2026-09-03,,,,,,,,
1788401760,75.2,75.5,75.2,75.5,10800,2026-09-03,,,,,,,,
1788401820,75.5,75.5,75.4,75.4,29100,2026-09-03,,,,,,,,
1788401880,75.4,75.5,75.4,75.5,8900,2026-09-03,,,,,,,,
1788401940,75.5,75.6,75.4,75.5,46500,2026-09-03,,,,,,,,
1788402000,75.5,75.5,75.5,75.5,5100,2026-09-03,,,,,,,,
1788402060,75.5,75.5,75.4,75.4,2800,2026-09-03,,,,,,,,
1788402120,75.4,75.4,75.4,75.4,3000,2026-09-03,,,,,,,,
1788402180,75.4,75.5,75.4,75.5,11500,2026-09-03,,,,,,,,
1788402240,75.5,75.5,75.3,75.3,11800,2026-09-03,,,,,,,,
1788402300,75.5,75.6,75.5,75.6,47200,2026-09-03,,,,,,,,
1788402360,75.6,75.6,75.6,75.6,12000,2026-09-03,,,,,,,,
1788402420,75.6,75.9,75.6,75.9,21300,2026-09-03,,,,,,,,
1788402480,75.9,75.9,75.7,75.9,16200,2026-09-03,,,,,,,,
1788402540,75.9,75.9,75.8,75.8,1500,2026-09-03,,,,,,,,
1788402600,75.8,75.8,75.7,75.8,10800,2026-09-03,,,,,,,,
1788402660,75.8,75.8,75.6,75.6,25200,2026-09-03,,,,,,,,
1788402720,75.6,75.7,75.6,75.7,22900,2026-09-03,,,,,,,,
1788402780,75.7,75.7,75.6,75.6,12000,2026-09-03,,,,,,,,
1788402840,75.6,75.6,75.6,75.6,2800,2026-09-03,,,,,,,,
1788402900,75.6,75.6,75.6,75.6,9300,2026-09-03,,,,,,,,
1788402960,75.6,75.7,75.6,75.7,1300,2026-09-03,,,,,,,,
1788403020,75.7,75.7,75.6,75.6,6000,2026-09-03,,,,,,,,
1788403080,75.6,75.7,75.6,75.7,1700,2026-09-03,,,,,,,,
1788403140,75.7,75.7,75.6,75.6,8100,2026-09-03,,,,,,,,
1788403200,75.6,75.6,75.6,75.6,20900,2026-09-03,,,,,,,,
1788403260,75.6,75.6,75.6,75.6,7700,2026-09-03,,,,,,,,
1788403320,75.6,75.6,75.6,75.6,3000,2026-09-03,,,,,,,,
1788403380,75.6,75.7,75.6,75.7,6400,2026-09-03,,,,,,,,
1788403440,75.7,75.7,75.6,75.6,9100,2026-09-03,,,,,,,,
1788403500,75.6,75.6,75.5,75.5,15900,2026-09-03,,,,,,,,
1788403560,75.5,75.5,75.4,75.4,10000,2026-09-03,,,,,,,,
1788403620,75.4,75.4,75.4,75.4,1900,2026-09-03,,,,,,,,
1788403680,75.4,75.4,75.4,75.4,8700,2026-09-03,,,,,,,,
1788403740,75.4,75.5,75.4,75.5,1900,2026-09-03,,,,,,,,
1788403800,75.5,75.6,75.5,75.6,12600,2026-09-03,,,,,,,,
1788403860,75.6,75.6,75.6,75.6,200,2026-09-03,,,,,,,,
1788403920,75.6,75.6,75.4,75.4,13900,2026-09-03,,,,,,,,
1788403980,75.4,75.4,75.4,75.4,20300,2026-09-03,,,,,,,,
1788404040,75.4,75.4,75.4,75.4,12000,2026-09-03,,,,,,,,
1788404100,75.4,75.4,75.4,75.4,3600,2026-09-03,,,,,,,,
1788404160,75.4,75.4,75.4,75.4,7800,2026-09-03,,,,,,,,
1788404220,75.4,75.4,75.4,75.4,1100,2026-09-03,,,,,,,,
1788404280,75.4,75.4,75.4,75.4,7400,2026-09-03,,,,,,,,
1788404340,75.4,75.4,75.4,75.4,11800,2026-09-03,,,,,,,,
1788404400,75.3,75.4,75.3,75.4,11100,2026-09-03,,,,,,,,
1788404460,75.4,75.4,75.4,75.4,6100,2026-09-03,,,,,,,,
1788404520,75.4,75.4,75.4,75.4,1600,2026-09-03,,,,,,,,
1788404580,75.4,75.4,75.4,75.4,6500,2026-09-03,,,,,,,,
1788404640,75.4,75.4,75.4,75.4,600,2026-09-03,,,,,,,,
1788404700,75.3,75.4,75.3,75.3,11600,2026-09-03,,,,,,,,
1788404760,75.3,75.3,75.3,75.3,1400,2026-09-03,,,,,,,,
1788404820,75.3,75.3,75.3,75.3,11100,2026-09-03,,,,,,,,
1788404880,75.3,75.4,75.3,75.4,4000,2026-09-03,,,,,,,,
1788404940,75.4,75.4,75.3,75.3,6800,2026-09-03,,,,,,,,
1788405000,75.3,75.3,75.3,75.3,8700,2026-09-03,,,,,,,,
1788405060,75.3,75.3,75.3,75.3,7000,2026-09-03,,,,,,,,
1788405120,75.4,75.4,75.3,75.4,3700,2026-09-03,,,,,,,,
1788405180,75.3,75.3,75.2,75.2,14800,2026-09-03,,,,,,,,
1788405240,75.2,75.3,75.1,75.2,23300,2026-09-03,,,,,,,,
1788405300,75.4,75.4,75.2,75.4,8400,2026-09-03,,,,,,,,
1788405360,75.4,75.4,75.0,75.0,70000,2026-09-03,,,,,,,,
1788405420,75.3,75.3,75.3,75.3,2300,2026-09-03,,,,,,,,
1788405480,75.0,75.3,74.9,74.9,5800,2026-09-03,,,,,,,,
1788405540,74.9,75.3,74.9,75.2,6900,2026-09-03,,,,,,,,
1788405600,75.0,75.2,75.0,75.0,2700,2026-09-03,,,,,,,,
1788405660,75.0,75.0,74.9,74.9,4300,2026-09-03,,,,,,,,
1788405720,75.0,75.0,74.9,74.9,25800,2026-09-03,,,,,,,,
1788405780,74.9,75.1,74.9,75.1,3400,2026-09-03,,,,,,,,
1788405840,75.1,75.1,75.0,75.0,8200,2026-09-03,,,,,,,,
1788405900,75.1,75.1,75.0,75.0,13300,2026-09-03,,,,,,,,
1788405960,75.0,75.1,75.0,75.0,20100,2026-09-03,,,,,,,,
1788406020,75.0,75.1,75.0,75.1,2300,2026-09-03,,,,,,,,
1788406080,75.0,75.1,75.0,75.1,6800,2026-09-03,,,,,,,,
1788406140,75.1,75.1,75.0,75.0,6900,2026-09-03,,,,,,,,
1788406200,75.0,75.0,75.0,75.0,7500,2026-09-03,,,,,,,,
1788406260,75.0,75.0,75.0,75.0,6500,2026-09-03,,,,,,,,
1788406320,75.0,75.0,75.0,75.0,2800,2026-09-03,,,,,,,,
1788406380,75.0,75.0,75.0,75.0,12100,2026-09-03,,,,,,,,
1788406500,75.0,75.0,75.0,75.0,14200,2026-09-03,,,,,,,,
1788406560,74.9,75.0,74.9,75.0,3600,2026-09-03,,,,,,,,
1788406620,75.0,75.0,74.9,74.9,9900,2026-09-03,,,,,,,,
1788406680,74.8,75.0,74.8,74.9,9800,2026-09-03,,,,,,,,
1788406740,74.9,74.9,74.8,74.8,22200,2026-09-03,,,,,,,,
1788406800,74.8,74.8,74.7,74.8,16200,2026-09-03,,,,,,,,
1788406860,74.9,74.9,74.9,74.9,3900,2026-09-03,,,,,,,,
1788406920,74.9,74.9,74.9,74.9,600,2026-09-03,,,,,,,,
1788406980,75.0,75.0,75.0,75.0,12200,2026-09-03,,,,,,,,
1788407040,74.9,74.9,74.9,74.9,3800,2026-09-03,,,,,,,,
1788407160,75.0,75.0,74.9,74.9,5500,2026-09-03,,,,,,,,
1788407220,74.9,74.9,74.8,74.8,5100,2026-09-03,,,,,,,,
1788407280,74.9,74.9,74.9,74.9,10400,2026-09-03,,,,,,,,
1788407340,74.9,74.9,74.8,74.9,4300,2026-09-03,,,,,,,,
1788407400,74.9,75.0,74.9,75.0,20800,2026-09-03,,,,,,,,
1788407460,75.0,75.0,75.0,75.0,6000,2026-09-03,,,,,,,,
1788407520,75.0,75.0,75.0,75.0,300,2026-09-03,,,,,,,,
1788407580,74.9,74.9,74.9,74.9,3000,2026-09-03,,,,,,,,
1788407640,74.9,75.0,74.9,74.9,5100,2026-09-03,,,,,,,,
1788407700,75.0,75.0,75.0,75.0,1500,2026-09-03,,,,,,,,
1788407760,74.9,74.9,74.9,74.9,12000,2026-09-03,,,,,,,,
1788407820,74.9,74.9,74.9,74.9,3400,2026-09-03,,,,,,,,
1788407940,74.9,74.9,74.8,74.8,30100,2026-09-03,,,,,,,,
1788408000,74.9,74.9,74.8,74.8,9100,2026-09-03,,,,,,,,
1788408060,74.9,74.9,74.8,74.8,700,2026-09-03,,,,,,,,
1788408120,74.8,74.8,74.8,74.8,1900,2026-09-03,,,,,,,,
1788408180,74.8,74.8,74.8,74.8,1700,2026-09-03,,,,,,,,
1788408240,74.9,74.9,74.9,74.9,23100,2026-09-03,,,,,,,,
1788408300,74.9,74.9,74.9,74.9,2500,2026-09-03,,,,,,,,
1788408360,74.9,74.9,74.9,74.9,4100,2026-09-03,,,,,,,,
1788408420,74.9,74.9,74.9,74.9,1700,2026-09-03,,,,,,,,
1788408480,74.9,74.9,74.9,74.9,1900,2026-09-03,,,,,,,,
1788408540,74.9,74.9,74.9,74.9,4100,2026-09-03,,,,,,,,
1788408600,74.9,74.9,74.9,74.9,1700,2026-09-03,,,,,,,,
1788408660,75.0,75.0,74.9,74.9,300,2026-09-03,,,,,,,,
1788408720,74.9,75.0,74.9,74.9,19200,2026-09-03,,,,,,,,
1788408780,74.8,74.9,74.8,74.9,7100,2026-09-03,,,,,,,,
1788408840,74.9,74.9,74.8,74.9,17900,2026-09-03,,,,,,,,
1788408900,74.9,74.9,74.8,74.8,11900,2026-09-03,,,,,,,,
1788408960,74.8,74.9,74.8,74.9,9800,2026-09-03,,,,,,,,
1788409020,74.9,75.0,74.9,74.9,3700,2026-09-03,,,,,,,,
1788409080,74.9,74.9,74.9,74.9,3700,2026-09-03,,,,,,,,
1788409140,74.9,74.9,74.9,74.9,1700,2026-09-03,,,,,,,,
1788409200,74.9,74.9,74.9,74.9,18600,2026-09-03,,,,,,,,
1788409260,74.9,74.9,74.9,74.9,1700,2026-09-03,,,,,,,,
1788409380,74.9,74.9,74.9,74.9,2300,2026-09-03,,,,,,,,
1788409440,74.9,74.9,74.9,74.9,11800,2026-09-03,,,,,,,,
1788409500,74.9,74.9,74.8,74.8,2300,2026-09-03,,,,,,,,
1788409560,74.9,74.9,74.9,74.9,3900,2026-09-03,,,,,,,,
1788409620,74.9,74.9,74.9,74.9,200,2026-09-03,,,,,,,,
1788409680,74.9,74.9,74.9,74.9,1900,2026-09-03,,,,,,,,
1788409740,74.9,74.9,74.9,74.9,2900,2026-09-03,,,,,,,,
1788415200,74.9,75.0,74.9,74.9,12200,2026-09-03,,,,,,,,
1788415260,75.0,75.0,74.9,74.9,36000,2026-09-03,,,,,,,,
1788415320,74.8,74.8,74.8,74.8,8500,2026-09-03,,,,,,,,
1788415380,74.8,74.8,74.8,74.8,4700,2026-09-03,,,,,,,,
1788415440,74.8,74.8,74.8,74.8,2400,2026-09-03,,,,,,,,
1788415500,74.8,74.8,74.8,74.8,24200,2026-09-03,,,,,,,,
1788415560,74.8,74.8,74.7,74.8,7600,2026-09-03,,,,,,,,
1788415620,74.8,74.9,74.8,74.8,15100,2026-09-03,,,,,,,,
1788415680,74.8,74.8,74.8,74.8,500,2026-09-03,,,,,,,,
1788415740,74.8,74.8,74.8,74.8,2100,2026-09-03,,,,,,,,
1788415800,74.8,74.8,74.8,74.8,2900,2026-09-03,,,,,,,,
1788415860,74.8,74.8,74.8,74.8,5600,2026-09-03,,,,,,,,
1788415920,74.8,74.8,74.8,74.8,11300,2026-09-03,,,,,,,,
1788415980,74.8,74.8,74.7,74.7,2400,2026-09-03,,,,,,,,
1788416040,74.8,74.8,74.8,74.8,200,2026-09-03,,,,,,,,
1788416100,74.7,74.8,74.7,74.8,2800,2026-09-03,,,,,,,,
1788416160,74.7,74.7,74.7,74.7,7300,2026-09-03,,,,,,,,
1788416220,74.8,74.8,74.7,74.7,1900,2026-09-03,,,,,,,,
1788416280,74.7,74.7,74.7,74.7,2000,2026-09-03,,,,,,,,
1788416340,74.7,74.7,74.6,74.6,18300,2026-09-03,,,,,,,,
1788416400,74.6,74.6,74.4,74.5,115300,2026-09-03,,,,,,,,
1788416460,74.5,74.6,74.4,74.5,61200,2026-09-03,,,,,,,,
1788416520,74.5,74.6,74.4,74.6,61300,2026-09-03,,,,,,,,
1788416580,74.6,74.6,74.5,74.5,2400,2026-09-03,,,,,,,,
1788416640,74.5,74.6,74.5,74.5,11100,2026-09-03,,,,,,,,
1788416700,74.5,74.5,74.5,74.5,400,2026-09-03,,,,,,,,
1788416760,74.5,74.6,74.5,74.5,2000,2026-09-03,,,,,,,,
1788416820,74.5,74.6,74.5,74.5,26800,2026-09-03,,,,,,,,
1788416880,74.5,74.6,74.5,74.6,122600,2026-09-03,,,,,,,,
1788416940,74.6,74.6,74.3,74.5,48700,2026-09-03,,,,,,,,
1788417000,74.5,74.5,74.4,74.5,22500,2026-09-03,,,,,,,,
1788417060,74.5,74.5,74.5,74.5,3400,2026-09-03,,,,,,,,
1788417120,74.5,74.6,74.5,74.6,1600,2026-09-03,,,,,,,,
1788417180,74.6,74.6,74.5,74.5,2100,2026-09-03,,,,,,,,
1788417240,74.5,74.5,74.5,74.5,1400,2026-09-03,,,,,,,,
1788417300,74.6,74.6,74.5,74.5,2700,2026-09-03,,,,,,,,
1788417360,74.5,74.5,74.5,74.5,500,2026-09-03,,,,,,,,
1788417420,74.5,74.5,74.5,74.5,2900,2026-09-03,,,,,,,,
1788417480,74.5,74.5,74.5,74.5,15500,2026-09-03,,,,,,,,
1788417540,74.5,74.5,74.4,74.5,31400,2026-09-03,,,,,,,,
1788417600,74.5,74.5,74.5,74.5,6600,2026-09-03,,,,,,,,
1788417660,74.5,74.5,74.5,74.5,300,2026-09-03,,,,,,,,
1788417720,74.5,74.6,74.5,74.5,3000,2026-09-03,,,,,,,,
1788417780,74.5,74.5,74.5,74.5,11500,2026-09-03,,,,,,,,
1788417840,74.5,74.6,74.5,74.6,25100,2026-09-03,,,,,,,,
1788417900,74.6,74.6,74.6,74.6,1600,2026-09-03,,,,,,,,
1788417960,74.6,74.6,74.5,74.5,4300,2026-09-03,,,,,,,,
1788418020,74.6,74.6,74.6,74.6,8200,2026-09-03,,,,,,,,
1788418080,74.6,74.6,74.6,74.6,1900,2026-09-03,,,,,,,,
1788418140,74.6,74.6,74.6,74.6,1400,2026-09-03,,,,,,,,
1788418200,74.6,74.6,74.6,74.6,1500,2026-09-03,,,,,,,,
1788418260,74.6,74.7,74.6,74.6,10100,2026-09-03,,,,,,,,
1788418320,74.6,74.6,74.6,74.6,2800,2026-09-03,,,,,,,,
1788418380,74.6,74.6,74.6,74.6,2500,2026-09-03,,,,,,,,
1788418440,74.6,74.6,74.6,74.6,1900,2026-09-03,,,,,,,,
1788418500,74.6,74.6,74.6,74.6,1500,2026-09-03,,,,,,,,
1788418560,74.7,74.7,74.6,74.7,1600,2026-09-03,,,,,,,,
1788418620,74.7,74.7,74.6,74.6,2200,2026-09-03,,,,,,,,
1788418680,74.6,74.7,74.6,74.7,400,2026-09-03,,,,,,,,
1788418740,74.7,74.7,74.6,74.7,2200,2026-09-03,,,,,,,,
1788418800,74.6,74.7,74.6,74.7,1900,2026-09-03,,,,,,,,
1788418860,74.7,74.7,74.6,74.7,3100,2026-09-03,,,,,,,,
1788418920,74.7,74.7,74.6,74.6,1800,2026-09-03,,,,,,,,
1788418980,74.6,74.7,74.6,74.7,1100,2026-09-03,,,,,,,,
1788419040,74.6,74.7,74.6,74.6,3500,2026-09-03,,,,,,,,
1788419100,74.6,74.6,74.6,74.6,1500,2026-09-03,,,,,,,,
1788419160,74.6,74.6,74.6,74.6,1400,2026-09-03,,,,,,,,
1788419220,74.6,74.6,74.6,74.6,11600,2026-09-03,,,,,,,,
1788419280,74.6,74.6,74.6,74.6,16400,2026-09-03,,,,,,,,
1788419340,74.6,74.6,74.6,74.6,500,2026-09-03,,,,,,,,
1788419400,74.6,74.7,74.6,74.6,2100,2026-09-03,,,,,,,,
1788419460,74.6,74.6,74.6,74.6,1500,2026-09-03,,,,,,,,
1788419520,74.6,74.6,74.6,74.6,6200,2026-09-03,,,,,,,,
1788419580,74.6,74.6,74.6,74.6,2300,2026-09-03,,,,,,,,
1788419640,74.6,74.7,74.6,74.6,3400,2026-09-03,,,,,,,,
1788419700,74.6,74.6,74.6,74.6,1800,2026-09-03,,,,,,,,
1788419760,74.6,74.7,74.6,74.6,1100,2026-09-03,,,,,,,,
1788419820,74.6,74.6,74.6,74.6,800,2026-09-03,,,,,,,,
1788419880,74.6,74.7,74.6,74.6,5700,2026-09-03,,,,,,,,
1788419940,74.6,74.6,74.6,74.6,7200,2026-09-03,,,,,,,,
1788420000,74.6,74.6,74.6,74.6,7200,2026-09-03,,,,,,,,
1788420060,74.6,74.7,74.6,74.6,1300,2026-09-03,,,,,,,,
1788420120,74.6,74.7,74.6,74.6,13400,2026-09-03,,,,,,,,
1788420180,74.6,74.6,74.6,74.6,400,2026-09-03,,,,,,,,
1788420240,74.7,74.7,74.6,74.6,1300,2026-09-03,,,,,,,,
1788420300,74.6,74.7,74.6,74.7,2800,2026-09-03,,,,,,,,
1788420360,74.6,74.7,74.6,74.6,2700,2026-09-03,,,,,,,,
1788420420,74.6,74.7,74.6,74.6,700,2026-09-03,,,,,,,,
1788420480,74.7,74.7,74.6,74.7,11900,2026-09-03,,,,,,,,
1788420540,74.6,74.7,74.6,74.7,1400,2026-09-03,,,,,,,,
1788421500,74.5,74.5,74.5,74.5,401100,2026-09-03,,,,,,,,
1788488100,74.5,74.6,74.5,74.6,76400,2026-09-04,,,,,,,,
1788488160,74.6,74.7,74.6,74.6,14800,2026-09-04,,,,,,,,
1788488220,74.6,74.8,74.6,74.8,10900,2026-09-04,,,,,,,,
1788488280,74.8,74.8,74.7,74.8,5500,2026-09-04,,,,,,,,
1788488340,74.8,74.8,74.8,74.8,5300,2026-09-04,,,,,,,,
1788488400,74.8,74.8,74.8,74.8,5100,2026-09-04,,,,,,,,
1788488460,74.8,74.8,74.8,74.8,200,2026-09-04,,,,,,,,
1788488520,74.8,74.8,74.7,74.8,2500,2026-09-04,,,,,,,,
1788488580,74.8,74.8,74.8,74.8,1500,2026-09-04,,,,,,,,
1788488640,74.8,74.8,74.8,74.8,200,2026-09-04,,,,,,,,
1788488700,74.8,74.8,74.8,74.8,600,2026-09-04,,,,,,,,
1788488820,74.8,74.8,74.7,74.8,1900,2026-09-04,,,,,,,,
1788488880,74.8,74.8,74.7,74.7,5900,2026-09-04,,,,,,,,
1788488940,74.7,74.8,74.7,74.8,10500,2026-09-04,,,,,,,,
1788489000,74.8,74.9,74.8,74.9,16000,2026-09-04,,,,,,,,
1788489060,74.8,75.0,74.8,74.9,28400,2026-09-04,,,,,,,,
1788489120,74.9,74.9,74.9,74.9,1100,2026-09-04,,,,,,,,
1788489180,74.9,74.9,74.9,74.9,900,2026-09-04,,,,,,,,
1788489240,74.9,74.9,74.9,74.9,600,2026-09-04,,,,,,,,
1788489300,74.9,74.9,74.9,74.9,200,2026-09-04,,,,,,,,
1788489420,74.9,74.9,74.9,74.9,800,2026-09-04,,,,,,,,
1788489480,74.9,74.9,74.6,74.6,24200,2026-09-04,,,,,,,,
1788489660,74.7,74.7,74.6,74.6,19800,2026-09-04,,,,,,,,
1788489720,74.6,74.6,74.6,74.6,200,2026-09-04,,,,,,,,
1788489840,74.7,74.7,74.7,74.7,1100,2026-09-04,,,,,,,,
1788489900,74.7,74.7,74.7,74.7,100,2026-09-04,,,,,,,,
1788489960,74.8,74.8,74.8,74.8,5100,2026-09-04,,,,,,,,
1788490020,74.8,74.8,74.8,74.8,800,2026-09-04,,,,,,,,
1788490080,74.8,74.8,74.8,74.8,2800,2026-09-04,,,,,,,,
1788490200,74.8,74.8,74.8,74.8,5300,2026-09-04,,,,,,,,
1788490260,74.8,74.8,74.8,74.8,100,2026-09-04,,,,,,,,
1788490320,74.7,74.7,74.7,74.7,20900,2026-09-04,,,,,,,,
1788490380,74.6,74.6,74.6,74.6,4600,2026-09-04,,,,,,,,
1788490500,74.6,74.6,74.6,74.6,300,2026-09-04,,,,,,,,
1788490560,74.6,74.6,74.6,74.6,3800,2026-09-04,,,,,,,,
1788490620,74.6,74.7,74.6,74.7,1800,2026-09-04,,,,,,,,
1788490680,74.7,74.7,74.7,74.7,6000,2026-09-04,,,,,,,,
1788490740,74.7,74.7,74.7,74.7,200,2026-09-04,,,,,,,,
1788490800,74.7,74.7,74.7,74.7,1200,2026-09-04,,,,,,,,
1788490860,74.7,74.8,74.7,74.8,2400,2026-09-04,,,,,,,,
1788490920,74.8,74.9,74.8,74.9,17000,2026-09-04,,,,,,,,
1788490980,74.9,74.9,74.8,74.8,1700,2026-09-04,,,,,,,,
1788491040,74.8,74.9,74.8,74.9,400,2026-09-04,,,,,,,,
1788491100,74.9,74.9,74.9,74.9,31000,2026-09-04,,,,,,,,
1788491160,74.9,75.0,74.8,75.0,2500,2026-09-04,,,,,,,,
1788491220,74.9,74.9,74.8,74.9,1100,2026-09-04,,,,,,,,
1788491280,74.9,74.9,74.9,74.9,400,2026-09-04,,,,,,,,
1788491340,74.9,74.9,74.9,74.9,200,2026-09-04,,,,,,,,
1788491400,74.9,74.9,74.8,74.8,5500,2026-09-04,,,,,,,,
1788491460,74.8,74.8,74.8,74.8,1200,2026-09-04,,,,,,,,
1788491520,74.8,74.8,74.8,74.8,100,2026-09-04,,,,,,,,
1788491580,74.8,74.9,74.8,74.9,10000,2026-09-04,,,,,,,,
1788491640,74.8,74.8,74.8,74.8,300,2026-09-04,,,,,,,,
1788491700,74.8,74.8,74.8,74.8,100,2026-09-04,,,,,,,,
1788491760,74.8,74.8,74.8,74.8,6700,2026-09-04,,,,,,,,
1788491940,74.8,74.8,74.8,74.8,1000,2026-09-04,,,,,,,,
1788492000,74.8,74.8,74.8,74.8,100,2026-09-04,,,,,,,,
1788492060,74.8,74.8,74.8,74.8,3000,2026-09-04,,,,,,,,
1788492120,74.8,74.8,74.8,74.8,800,2026-09-04,,,,,,,,
1788492180,74.8,74.8,74.8,74.8,600,2026-09-04,,,,,,,,
1788492240,74.9,74.9,74.9,74.9,2000,2026-09-04,,,,,,,,
1788492300,74.9,74.9,74.8,74.8,6500,2026-09-04,,,,,,,,
1788492540,74.8,74.8,74.8,74.8,2100,2026-09-04,,,,,,,,
1788492600,74.8,74.8,74.8,74.8,2600,2026-09-04,,,,,,,,
1788492780,74.9,74.9,74.9,74.9,300,2026-09-04,,,,,,,,
1788492960,74.9,74.9,74.9,74.9,3600,2026-09-04,,,,,,,,
1788493020,74.9,74.9,74.9,74.9,100,2026-09-04,,,,,,,,
1788493080,74.9,74.9,74.9,74.9,200,2026-09-04,,,,,,,,
1788493140,74.8,74.8,74.8,74.8,3900,2026-09-04,,,,,,,,
1788493200,74.8,74.8,74.8,74.8,100,2026-09-04,,,,,,,,
1788493260,74.8,74.8,74.8,74.8,200,2026-09-04,,,,,,,,
1788493320,74.8,74.8,74.8,74.8,800,2026-09-04,,,,,,,,
1788493560,74.9,74.9,74.9,74.9,8700,2026-09-04,,,,,,,,
1788493620,74.8,74.8,74.8,74.8,600,2026-09-04,,,,,,,,
1788493680,74.9,74.9,74.8,74.8,5800,2026-09-04,,,,,,,,
1788493740,74.8,74.8,74.8,74.8,12600,2026-09-04,,,,,,,,
1788493800,74.8,74.8,74.8,74.8,4400,2026-09-04,,,,,,,,
1788493860,74.8,74.8,74.8,74.8,1100,2026-09-04,,,,,,,,
1788493920,74.8,74.8,74.8,74.8,100,2026-09-04,,,,,,,,
1788494040,74.9,74.9,74.9,74.9,300,2026-09-04,,,,,,,,
1788494160,74.8,74.8,74.8,74.8,100,2026-09-04,,,,,,,,
1788494220,74.8,74.8,74.8,74.8,100,2026-09-04,,,,,,,,
1788494280,74.8,74.8,74.8,74.8,14900,2026-09-04,,,,,,,,
1788494340,74.8,74.8,74.8,74.8,2400,2026-09-04,,,,,,,,
1788494400,74.8,74.8,74.8,74.8,1200,2026-09-04,,,,,,,,
1788494460,74.8,74.8,74.8,74.8,1200,2026-09-04,,,,,,,,
1788494520,74.8,74.8,74.8,74.8,1500,2026-09-04,,,,,,,,
1788494580,74.8,74.8,74.8,74.8,2400,2026-09-04,,,,,,,,
1788494640,74.8,74.8,74.8,74.8,1200,2026-09-04,,,,,,,,
1788494700,74.8,74.8,74.8,74.8,1200,2026-09-04,,,,,,,,
1788494760,74.8,74.8,74.8,74.8,1600,2026-09-04,,,,,,,,
1788494820,74.8,74.8,74.8,74.8,2400,2026-09-04,,,,,,,,
1788494880,74.8,74.8,74.8,74.8,1200,2026-09-04,,,,,,,,
1788494940,74.8,74.8,74.8,74.8,1200,2026-09-04,,,,,,,,
1788495000,74.8,74.8,74.8,74.8,1100,2026-09-04,,,,,,,,
1788495060,74.9,74.9,74.8,74.8,2700,2026-09-04,,,,,,,,
1788495120,74.9,74.9,74.9,74.9,200,2026-09-04,,,,,,,,
1788495180,74.8,74.8,74.8,74.8,1000,2026-09-04,,,,,,,,
1788495240,74.8,74.8,74.8,74.8,5200,2026-09-04,,,,,,,,
1788495300,74.8,74.8,74.8,74.8,13900,2026-09-04,,,,,,,,
1788495360,74.8,74.8,74.8,74.8,5200,2026-09-04,,,,,,,,
1788495420,74.8,74.8,74.8,74.8,10100,2026-09-04,,,,,,,,
1788495480,74.8,74.8,74.8,74.8,100,2026-09-04,,,,,,,,
1788495600,74.8,74.8,74.8,74.8,10800,2026-09-04,,,,,,,,
1788495660,74.8,74.8,74.8,74.8,2100,2026-09-04,,,,,,,,
1788495720,74.8,74.8,74.8,74.8,5100,2026-09-04,,,,,,,,
1788495780,74.8,74.8,74.8,74.8,1100,2026-09-04,,,,,,,,
1788495840,74.8,74.8,74.8,74.8,2300,2026-09-04,,,,,,,,
1788495900,74.8,74.9,74.8,74.9,4600,2026-09-04,,,,,,,,
1788495960,74.8,74.8,74.8,74.8,20000,2026-09-04,,,,,,,,
1788496020,74.8,74.8,74.8,74.8,4600,2026-09-04,,,,,,,,
1788496080,74.8,74.8,74.8,74.8,1900,2026-09-04,,,,,,,,
1788496140,74.8,74.8,74.8,74.8,1000,2026-09-04,,,,,,,,
1788501600,74.8,75.0,74.8,75.0,126600,2026-09-04,,,,,,,,
1788501660,75.1,75.5,75.1,75.5,159700,2026-09-04,,,,,,,,
1788501720,75.5,75.6,75.5,75.5,29800,2026-09-04,,,,,,,,
1788501780,75.5,75.7,75.5,75.6,23400,2026-09-04,,,,,,,,
1788501840,75.6,75.6,75.5,75.5,20600,2026-09-04,,,,,,,,
1788501900,75.5,75.6,75.5,75.5,15700,2026-09-04,,,,,,,,
1788501960,75.4,75.4,75.4,75.4,23800,2026-09-04,,,,,,,,
1788502020,75.4,75.4,75.3,75.4,2500,2026-09-04,,,,,,,,
1788502080,75.4,75.5,75.4,75.5,5300,2026-09-04,,,,,,,,
1788502140,75.5,75.5,75.5,75.5,42500,2026-09-04,,,,,,,,
1788502200,75.5,75.6,75.5,75.6,53300,2026-09-04,,,,,,,,
1788502260,75.6,75.7,75.6,75.7,33500,2026-09-04,,,,,,,,
1788502320,75.6,75.7,75.6,75.7,700,2026-09-04,,,,,,,,
1788502380,75.6,75.6,75.6,75.6,11100,2026-09-04,,,,,,,,
1788502440,75.6,75.6,75.4,75.6,39900,2026-09-04,,,,,,,,
1788502500,75.6,75.7,75.6,75.7,7700,2026-09-04,,,,,,,,
1788502560,75.7,75.7,75.6,75.6,24400,2026-09-04,,,,,,,,
1788502620,75.6,75.7,75.5,75.5,56600,2026-09-04,,,,,,,,
1788502680,75.6,75.6,75.5,75.6,3700,2026-09-04,,,,,,,,
1788502740,75.6,75.6,75.5,75.5,3000,2026-09-04,,,,,,,,
1788502800,75.6,75.6,75.5,75.5,1500,2026-09-04,,,,,,,,
1788502860,75.6,75.8,75.5,75.8,151900,2026-09-04,,,,,,,,
1788502920,75.7,75.7,75.6,75.7,2000,2026-09-04,,,,,,,,
1788502980,75.7,75.8,75.7,75.7,10400,2026-09-04,,,,,,,,
1788503040,75.8,75.8,75.7,75.7,4300,2026-09-04,,,,,,,,
1788503100,75.6,75.7,75.6,75.6,13900,2026-09-04,,,,,,,,
1788503160,75.7,75.7,75.6,75.6,5800,2026-09-04,,,,,,,,
1788503220,75.6,75.6,75.6,75.6,2400,2026-09-04,,,,,,,,
1788503280,75.7,75.7,75.5,75.6,31100,2026-09-04,,,,,,,,
1788503340,75.5,75.6,75.5,75.5,17700,2026-09-04,,,,,,,,
1788503400,75.6,76.1,75.6,76.1,240300,2026-09-04,,,,,,,,
1788503460,75.9,76.0,75.9,75.9,22300,2026-09-04,,,,,,,,
1788503520,76.0,76.1,76.0,76.1,93200,2026-09-04,,,,,,,,
1788503580,76.1,76.1,75.9,75.9,8000,2026-09-04,,,,,,,,
1788503640,76.0,76.1,76.0,76.0,52500,2026-09-04,,,,,,,,
1788503700,76.0,76.1,76.0,76.0,24200,2026-09-04,,,,,,,,
1788503760,76.0,76.1,76.0,76.1,81900,2026-09-04,,,,,,,,
1788503820,76.1,76.2,76.1,76.1,2300,2026-09-04,,,,,,,,
1788503880,76.1,76.1,76.1,76.1,4600,2026-09-04,,,,,,,,
1788503940,76.1,76.1,76.0,76.0,6700,2026-09-04,,,,,,,,
1788504000,76.0,76.1,76.0,76.1,16500,2026-09-04,,,,,,,,
1788504060,76.0,76.1,76.0,76.1,5500,2026-09-04,,,,,,,,
1788504120,76.0,76.4,76.0,76.4,153600,2026-09-04,,,,,,,,
1788504180,76.4,76.5,76.0,76.2,8400,2026-09-04,,,,,,,,
1788504240,76.3,76.4,76.2,76.3,33500,2026-09-04,,,,,,,,
1788504300,76.3,76.4,76.2,76.3,28700,2026-09-04,,,,,,,,
1788504360,76.3,76.5,76.3,76.5,1300,2026-09-04,,,,,,,,
1788504420,76.4,76.4,76.4,76.4,4500,2026-09-04,,,,,,,,
1788504480,76.4,76.4,76.2,76.2,26400,2026-09-04,,,,,,,,
1788504540,76.2,76.3,76.2,76.3,700,2026-09-04,,,,,,,,
1788504600,76.3,76.5,76.3,76.5,128000,2026-09-04,,,,,,,,
1788504660,76.5,76.5,76.4,76.5,28300,2026-09-04,,,,,,,,
1788504720,76.5,76.6,76.5,76.6,63500,2026-09-04,,,,,,,,
1788504780,76.5,76.7,76.5,76.6,16000,2026-09-04,,,,,,,,
1788504840,76.6,76.7,76.5,76.5,8100,2026-09-04,,,,,,,,
1788504900,76.5,76.6,76.5,76.6,4700,2026-09-04,,,,,,,,
1788504960,76.6,76.6,76.3,76.3,29300,2026-09-04,,,,,,,,
1788505020,76.3,76.5,76.3,76.5,15800,2026-09-04,,,,,,,,
1788505080,76.5,76.6,76.4,76.5,26100,2026-09-04,,,,,,,,
1788505140,76.5,76.5,76.5,76.5,100,2026-09-04,,,,,,,,
1788505200,76.5,76.8,76.5,76.7,161000,2026-09-04,,,,,,,,
1788505260,76.7,76.9,76.7,76.8,16700,2026-09-04,,,,,,,,
1788505320,76.8,76.9,76.8,76.8,21600,2026-09-04,,,,,,,,
1788505380,76.9,76.9,76.8,76.9,19900,2026-09-04,,,,,,,,
1788505440,76.9,77.0,76.0,76.5,370100,2026-09-04,,,,,,,,
1788505500,76.5,76.8,76.5,76.8,4400,2026-09-04,,,,,,,,
1788505560,76.8,76.8,76.8,76.8,2700,2026-09-04,,,,,,,,
1788505620,76.7,76.7,76.5,76.6,29700,2026-09-04,,,,,,,,
1788505680,76.5,77.0,76.2,77.0,287200,2026-09-04,,,,,,,,
1788505740,76.9,77.0,76.6,76.8,30400,2026-09-04,,,,,,,,
1788505800,76.9,77.0,76.8,76.9,19700,2026-09-04,,,,,,,,
1788505860,76.9,76.9,76.7,76.8,9200,2026-09-04,,,,,,,,
1788505920,76.8,77.1,76.8,77.1,325800,2026-09-04,,,,,,,,
1788505980,77.0,77.0,76.3,77.0,139000,2026-09-04,,,,,,,,
1788506040,77.0,77.0,76.7,76.7,13400,2026-09-04,,,,,,,,
1788506100,76.7,76.9,76.7,76.9,4500,2026-09-04,,,,,,,,
1788506160,76.9,76.9,76.9,76.9,9500,2026-09-04,,,,,,,,
1788506220,76.9,77.0,76.9,76.9,6500,2026-09-04,,,,,,,,
1788506280,76.8,76.9,76.8,76.9,17500,2026-09-04,,,,,,,,
1788506340,76.9,76.9,76.8,76.9,4100,2026-09-04,,,,,,,,
1788506400,76.8,76.9,76.8,76.9,6600,2026-09-04,,,,,,,,
1788506460,76.9,76.9,76.9,76.9,9300,2026-09-04,,,,,,,,
1788506520,76.9,77.0,76.7,77.0,212300,2026-09-04,,,,,,,,
1788506580,77.0,77.0,76.9,77.0,12600,2026-09-04,,,,,,,,
1788506640,77.0,77.1,77.0,77.0,26200,2026-09-04,,,,,,,,
1788506700,77.0,77.3,76.6,77.1,140200,2026-09-04,,,,,,,,
1788506760,77.1,77.2,76.7,76.7,107300,2026-09-04,,,,,,,,
1788506820,76.7,77.3,76.7,77.3,234700,2026-09-04,,,,,,,,
1788506880,77.0,77.4,76.8,76.8,26100,2026-09-04,,,,,,,,
1788506940,77.1,77.4,76.8,77.4,24600,2026-09-04,,,,,,,,
1788507900,77.3,77.3,77.3,77.3,608900,2026-09-04,,,,,,,,
1788747300,77.5,77.6,77.4,77.5,89700,2026-09-07,,,,,,,,
1788747360,77.5,77.7,77.5,77.5,17500,2026-09-07,,,,,,,,
1788747420,77.5,77.6,77.5,77.5,6900,2026-09-07,,,,,,,,
1788747480,77.5,77.5,77.4,77.4,39200,2026-09-07,,,,,,,,
1788747540,77.4,77.4,77.3,77.3,6900,2026-09-07,,,,,,,,
1788747600,77.4,77.4,77.3,77.3,7100,2026-09-07,,,,,,,,
1788747660,77.3,77.3,77.1,77.1,12100,2026-09-07,,,,,,,,
1788747720,77.0,77.0,76.8,76.8,15500,2026-09-07,,,,,,,,
1788747780,76.8,76.9,76.8,76.8,5300,2026-09-07,,,,,,,,
1788747840,76.8,76.8,76.5,76.6,7500,2026-09-07,,,,,,,,
1788747900,76.8,76.8,76.6,76.6,7000,2026-09-07,,,,,,,,
1788747960,76.7,76.7,76.7,76.7,3600,2026-09-07,,,,,,,,
1788748020,76.8,76.8,76.7,76.8,3800,2026-09-07,,,,,,,,
1788748080,76.7,76.7,76.7,76.7,14300,2026-09-07,,,,,,,,
1788748140,76.6,76.7,76.6,76.7,2700,2026-09-07,,,,,,,,
1788748200,76.7,76.8,76.7,76.7,4700,2026-09-07,,,,,,,,
1788748260,76.7,76.7,76.6,76.6,2200,2026-09-07,,,,,,,,
1788748320,76.6,76.7,76.6,76.6,5100,2026-09-07,,,,,,,,
1788748380,76.7,76.7,76.7,76.7,2000,2026-09-07,,,,,,,,
1788748440,76.7,76.8,76.7,76.8,5500,2026-09-07,,,,,,,,
1788748500,76.8,76.8,76.8,76.8,4000,2026-09-07,,,,,,,,
1788748560,76.8,76.9,76.8,76.8,10500,2026-09-07,,,,,,,,
1788748620,76.9,76.9,76.7,76.8,17600,2026-09-07,,,,,,,,
1788748680,76.9,76.9,76.8,76.8,8800,2026-09-07,,,,,,,,
1788748740,76.8,76.9,76.8,76.9,3700,2026-09-07,,,,,,,,
1788748800,76.9,76.9,76.8,76.8,7700,2026-09-07,,,,,,,,
1788748860,76.8,77.0,76.8,77.0,5800,2026-09-07,,,,,,,,
1788748920,77.0,77.0,76.9,77.0,1200,2026-09-07,,,,,,,,
1788748980,77.0,77.0,76.9,77.0,9900,2026-09-07,,,,,,,,
1788749040,77.0,77.0,76.9,76.9,13100,2026-09-07,,,,,,,,
1788749100,77.0,77.0,76.9,76.9,2100,2026-09-07,,,,,,,,
1788749160,76.9,77.0,76.9,76.9,8400,2026-09-07,,,,,,,,
1788749220,76.9,77.0,76.8,77.0,31500,2026-09-07,,,,,,,,
1788749280,77.0,77.0,76.9,77.0,6900,2026-09-07,,,,,,,,
1788749340,76.9,77.0,76.9,77.0,3100,2026-09-07,,,,,,,,
1788749400,77.0,77.0,76.9,76.9,7600,2026-09-07,,,,,,,,
1788749460,76.9,77.0,76.8,77.0,3400,2026-09-07,,,,,,,,
1788749520,76.8,76.9,76.8,76.8,1400,2026-09-07,,,,,,,,
1788749580,76.8,76.8,76.8,76.8,1300,2026-09-07,,,,,,,,
1788749640,76.8,76.9,76.8,76.9,3400,2026-09-07,,,,,,,,
1788749700,76.9,77.0,76.9,77.0,2400,2026-09-07,,,,,,,,
1788749760,76.9,77.0,76.9,76.9,9600,2026-09-07,,,,,,,,
1788749820,76.9,77.0,76.9,77.0,16800,2026-09-07,,,,,,,,
1788749880,77.0,77.0,76.8,76.9,13900,2026-09-07,,,,,,,,
1788749940,77.0,77.1,77.0,77.1,9400,2026-09-07,,,,,,,,
1788750000,77.1,77.1,77.0,77.1,9700,2026-09-07,,,,,,,,
1788750060,77.1,77.1,77.1,77.1,10200,2026-09-07,,,,,,,,
1788750120,77.1,77.1,77.1,77.1,2000,2026-09-07,,,,,,,,
1788750180,77.1,77.1,77.0,77.1,5400,2026-09-07,,,,,,,,
1788750240,77.1,77.1,77.0,77.1,2700,2026-09-07,,,,,,,,
1788750300,77.1,77.1,77.1,77.1,1300,2026-09-07,,,,,,,,
1788750360,77.0,77.1,77.0,77.1,3600,2026-09-07,,,,,,,,
1788750420,77.1,77.1,77.0,77.1,22200,2026-09-07,,,,,,,,
1788750480,77.1,77.1,77.1,77.1,700,2026-09-07,,,,,,,,
1788750540,77.0,77.1,77.0,77.1,29000,2026-09-07,,,,,,,,
1788750600,77.1,77.1,76.9,76.9,500,2026-09-07,,,,,,,,
1788750660,77.1,77.1,77.1,77.1,2300,2026-09-07,,,,,,,,
1788750720,77.1,77.1,77.1,77.1,100,2026-09-07,,,,,,,,
1788750780,77.1,77.1,77.1,77.1,400,2026-09-07,,,,,,,,
1788750840,77.0,77.0,76.9,77.0,8800,2026-09-07,,,,,,,,
1788750900,77.0,77.0,77.0,77.0,200,2026-09-07,,,,,,,,
1788750960,77.0,77.1,77.0,77.1,19800,2026-09-07,,,,,,,,
1788751020,77.1,77.1,77.1,77.1,300,2026-09-07,,,,,,,,
1788751080,77.1,77.2,77.1,77.2,2500,2026-09-07,,,,,,,,
1788751140,77.1,77.1,77.1,77.1,9600,2026-09-07,,,,,,,,
1788751200,77.1,77.2,77.1,77.1,6700,2026-09-07,,,,,,,,
1788751260,77.2,77.2,77.1,77.2,1600,2026-09-07,,,,,,,,
1788751320,77.2,77.2,77.2,77.2,400,2026-09-07,,,,,,,,
1788751380,77.1,77.2,77.1,77.2,2100,2026-09-07,,,,,,,,
1788751500,77.1,77.1,77.1,77.1,1000,2026-09-07,,,,,,,,
1788751560,77.1,77.1,77.1,77.1,400,2026-09-07,,,,,,,,
1788751620,77.1,77.1,77.0,77.1,4200,2026-09-07,,,,,,,,
1788751680,77.1,77.1,77.1,77.1,400,2026-09-07,,,,,,,,
1788751740,77.0,77.0,77.0,77.0,1800,2026-09-07,,,,,,,,
1788751800,77.0,77.0,77.0,77.0,22100,2026-09-07,,,,,,,,
1788751860,77.0,77.0,77.0,77.0,2900,2026-09-07,,,,,,,,
1788751920,77.0,77.0,77.0,77.0,1400,2026-09-07,,,,,,,,
1788751980,77.0,77.0,77.0,77.0,11900,2026-09-07,,,,,,,,
1788752040,77.0,77.1,77.0,77.1,3300,2026-09-07,,,,,,,,
1788752100,77.1,77.1,77.1,77.1,400,2026-09-07,,,,,,,,
1788752220,77.1,77.1,77.1,77.1,18200,2026-09-07,,,,,,,,
1788752280,77.1,77.1,77.1,77.1,2800,2026-09-07,,,,,,,,
1788752340,77.1,77.1,77.1,77.1,10600,2026-09-07,,,,,,,,
1788752400,77.1,77.1,77.1,77.1,2300,2026-09-07,,,,,,,,
1788752460,77.0,77.0,77.0,77.0,2600,2026-09-07,,,,,,,,
1788752520,77.0,77.0,77.0,77.0,2700,2026-09-07,,,,,,,,
1788752580,77.0,77.2,77.0,77.2,3500,2026-09-07,,,,,,,,
1788752640,77.2,77.2,77.2,77.2,500,2026-09-07,,,,,,,,
1788752700,77.1,77.1,77.1,77.1,100,2026-09-07,,,,,,,,
1788752760,77.1,77.1,77.1,77.1,1400,2026-09-07,,,,,,,,
1788752820,77.1,77.1,77.1,77.1,400,2026-09-07,,,,,,,,
1788752940,77.1,77.1,77.1,77.1,7100,2026-09-07,,,,,,,,
1788753000,77.1,77.1,77.1,77.1,1800,2026-09-07,,,,,,,,
1788753060,77.1,77.1,77.1,77.1,1200,2026-09-07,,,,,,,,
1788753120,77.1,77.1,77.1,77.1,1300,2026-09-07,,,,,,,,
1788753180,77.1,77.1,77.1,77.1,13600,2026-09-07,,,,,,,,
1788753240,77.1,77.1,77.1,77.1,2100,2026-09-07,,,,,,,,
1788753300,77.1,77.2,77.1,77.2,13000,2026-09-07,,,,,,,,
1788753360,77.2,77.2,77.2,77.2,600,2026-09-07,,,,,,,,
1788753420,77.1,77.1,77.1,77.1,4800,2026-09-07,,,,,,,,
1788753480,77.1,77.2,77.1,77.2,2400,2026-09-07,,,,,,,,
1788753540,77.1,77.1,77.1,77.1,11400,2026-09-07,,,,,,,,
1788753600,77.1,77.1,77.1,77.1,1300,2026-09-07,,,,,,,,
1788753660,77.1,77.1,77.1,77.1,11100,2026-09-07,,,,,,,,
1788753720,77.1,77.1,77.1,77.1,400,2026-09-07,,,,,,,,
1788753840,77.1,77.1,77.1,77.1,2800,2026-09-07,,,,,,,,
1788753900,77.1,77.1,77.1,77.1,400,2026-09-07,,,,,,,,
1788754020,77.1,77.1,77.1,77.1,400,2026-09-07,,,,,,,,
1788754080,77.1,77.1,77.1,77.1,2700,2026-09-07,,,,,,,,
1788754140,77.1,77.1,77.1,77.1,15500,2026-09-07,,,,,,,,
1788754200,77.1,77.1,77.1,77.1,1200,2026-09-07,,,,,,,,
1788754260,77.1,77.1,77.1,77.1,1300,2026-09-07,,,,,,,,
1788754320,77.1,77.2,77.1,77.2,24300,2026-09-07,,,,,,,,
1788754380,77.2,77.2,77.2,77.2,400,2026-09-07,,,,,,,,
1788754440,77.2,77.2,77.2,77.2,400,2026-09-07,,,,,,,,
1788754500,77.2,77.2,77.2,77.2,2400,2026-09-07,,,,,,,,
1788754560,77.2,77.2,77.2,77.2,400,2026-09-07,,,,,,,,
1788754620,77.2,77.2,77.2,77.2,400,2026-09-07,,,,,,,,
1788754680,77.1,77.1,77.1,77.1,1400,2026-09-07,,,,,,,,
1788754740,77.1,77.2,77.1,77.2,13400,2026-09-07,,,,,,,,
1788754800,77.1,77.1,77.1,77.1,6200,2026-09-07,,,,,,,,
1788754860,77.2,77.2,77.2,77.2,2300,2026-09-07,,,,,,,,
1788754920,77.2,77.2,77.2,77.2,10900,2026-09-07,,,,,,,,
1788754980,77.1,77.1,77.1,77.1,8600,2026-09-07,,,,,,,,
1788755040,77.1,77.1,77.1,77.1,2200,2026-09-07,,,,,,,,
1788755100,77.1,77.1,77.1,77.1,1900,2026-09-07,,,,,,,,
1788755160,77.1,77.2,77.1,77.2,2700,2026-09-07,,,,,,,,
1788755220,77.2,77.3,77.2,77.3,12300,2026-09-07,,,,,,,,
1788755280,77.3,77.3,77.3,77.3,2600,2026-09-07,,,,,,,,
1788755340,77.3,77.3,77.3,77.3,1400,2026-09-07,,,,,,,,
1788760800,77.1,77.2,77.1,77.2,4900,2026-09-07,,,,,,,,
1788760860,77.2,77.2,77.1,77.2,5700,2026-09-07,,,,,,,,
1788760920,77.2,77.2,77.1,77.1,29400,2026-09-07,,,,,,,,
1788760980,77.1,77.2,77.1,77.2,1700,2026-09-07,,,,,,,,
1788761040,77.2,77.2,77.2,77.2,27000,2026-09-07,,,,,,,,
1788761100,77.2,77.2,77.1,77.2,3400,2026-09-07,,,,,,,,
1788761160,77.2,77.2,77.1,77.2,33200,2026-09-07,,,,,,,,
1788761220,77.2,77.3,77.2,77.2,5100,2026-09-07,,,,,,,,
1788761280,77.2,77.3,77.2,77.3,2600,2026-09-07,,,,,,,,
1788761340,77.3,77.3,77.3,77.3,2300,2026-09-07,,,,,,,,
1788761400,77.3,77.3,77.3,77.3,1600,2026-09-07,,,,,,,,
1788761460,77.3,77.3,77.3,77.3,1300,2026-09-07,,,,,,,,
1788761520,77.2,77.2,76.9,77.2,81500,2026-09-07,,,,,,,,
1788761580,77.1,77.2,77.1,77.2,14600,2026-09-07,,,,,,,,
1788761640,77.1,77.2,77.1,77.1,5100,2026-09-07,,,,,,,,
1788761700,77.1,77.2,77.1,77.1,4400,2026-09-07,,,,,,,,
1788761760,77.1,77.2,77.1,77.1,2600,2026-09-07,,,,,,,,
1788761820,77.1,77.2,77.1,77.2,17000,2026-09-07,,,,,,,,
1788761880,77.2,77.3,77.1,77.1,5800,2026-09-07,,,,,,,,
1788761940,77.2,77.3,77.2,77.3,4300,2026-09-07,,,,,,,,
1788762000,77.2,77.3,77.2,77.3,2300,2026-09-07,,,,,,,,
1788762060,77.2,77.3,77.2,77.3,15200,2026-09-07,,,,,,,,
1788762120,77.3,77.3,77.2,77.2,3000,2026-09-07,,,,,,,,
1788762180,77.2,77.3,77.2,77.3,1800,2026-09-07,,,,,,,,
1788762240,77.3,77.4,77.2,77.4,33200,2026-09-07,,,,,,,,
1788762300,77.3,77.4,77.3,77.3,2600,2026-09-07,,,,,,,,
1788762360,77.3,77.4,77.3,77.3,23800,2026-09-07,,,,,,,,
1788762420,77.3,77.4,77.3,77.3,3100,2026-09-07,,,,,,,,
1788762480,77.3,77.4,77.2,77.3,5900,2026-09-07,,,,,,,,
1788762540,77.3,77.4,77.3,77.4,5600,2026-09-07,,,,,,,,
1788762600,77.4,77.4,77.3,77.3,900,2026-09-07,,,,,,,,
1788762660,77.4,77.4,77.4,77.4,3000,2026-09-07,,,,,,,,
1788762720,77.3,77.4,77.3,77.4,10400,2026-09-07,,,,,,,,
1788762780,77.3,77.4,77.3,77.3,4700,2026-09-07,,,,,,,,
1788762840,77.3,77.4,77.3,77.3,13500,2026-09-07,,,,,,,,
1788762900,77.4,77.4,77.3,77.4,5400,2026-09-07,,,,,,,,
1788762960,77.3,77.4,77.3,77.3,1700,2026-09-07,,,,,,,,
1788763020,77.3,77.3,77.3,77.3,3000,2026-09-07,,,,,,,,
1788763080,77.3,77.3,77.3,77.3,2200,2026-09-07,,,,,,,,
1788763140,77.3,77.3,77.3,77.3,2600,2026-09-07,,,,,,,,
1788763200,77.3,77.4,77.3,77.3,10600,2026-09-07,,,,,,,,
1788763260,77.3,77.3,77.3,77.3,400,2026-09-07,,,,,,,,
1788763320,77.2,77.3,77.2,77.3,3400,2026-09-07,,,,,,,,
1788763380,77.2,77.3,77.2,77.3,8300,2026-09-07,,,,,,,,
1788763440,77.3,77.3,77.3,77.3,1100,2026-09-07,,,,,,,,
1788763500,77.3,77.3,77.3,77.3,1100,2026-09-07,,,,,,,,
1788763560,77.3,77.4,77.3,77.4,3700,2026-09-07,,,,,,,,
1788763620,77.4,77.4,77.4,77.4,400,2026-09-07,,,,,,,,
1788763680,77.4,77.4,77.3,77.4,15800,2026-09-07,,,,,,,,
1788763740,77.4,77.4,77.3,77.4,12500,2026-09-07,,,,,,,,
1788763800,77.3,77.3,77.2,77.2,22200,2026-09-07,,,,,,,,
1788763860,77.2,77.2,77.2,77.2,3300,2026-09-07,,,,,,,,
1788763920,77.2,77.2,77.2,77.2,5200,2026-09-07,,,,,,,,
1788763980,77.2,77.2,77.2,77.2,5100,2026-09-07,,,,,,,,
1788764040,77.2,77.3,77.2,77.3,30200,2026-09-07,,,,,,,,
1788764100,77.3,77.3,77.3,77.3,15200,2026-09-07,,,,,,,,
1788764160,77.3,77.3,77.3,77.3,17500,2026-09-07,,,,,,,,
1788764220,77.3,77.3,77.2,77.2,6200,2026-09-07,,,,,,,,
1788764280,77.2,77.2,77.2,77.2,16800,2026-09-07,,,,,,,,
1788764340,77.2,77.2,77.1,77.1,3800,2026-09-07,,,,,,,,
1788764400,77.1,77.1,77.1,77.1,17700,2026-09-07,,,,,,,,
1788764460,77.1,77.1,77.1,77.1,2900,2026-09-07,,,,,,,,
1788764520,77.1,77.2,77.1,77.2,15100,2026-09-07,,,,,,,,
1788764580,77.1,77.2,77.1,77.1,9300,2026-09-07,,,,,,,,
1788764640,77.1,77.1,77.1,77.1,3200,2026-09-07,,,,,,,,
1788764700,77.1,77.1,77.1,77.1,5700,2026-09-07,,,,,,,,
1788764760,77.1,77.2,77.1,77.1,10900,2026-09-07,,,,,,,,
1788764820,77.1,77.2,77.1,77.2,9600,2026-09-07,,,,,,,,
1788764880,77.2,77.2,77.2,77.2,5400,2026-09-07,,,,,,,,
1788764940,77.2,77.2,77.1,77.1,19400,2026-09-07,,,,,,,,
1788765000,77.1,77.1,77.0,77.0,17400,2026-09-07,,,,,,,,
1788765060,77.0,77.0,77.0,77.0,4400,2026-09-07,,,,,,,,
1788765120,77.0,77.1,77.0,77.0,28400,2026-09-07,,,,,,,,
1788765180,77.0,77.1,77.0,77.0,17600,2026-09-07,,,,,,,,
1788765240,77.0,77.0,76.9,76.9,20300,2026-09-07,,,,,,,,
1788765300,76.9,76.9,76.9,76.9,6300,2026-09-07,,,,,,,,
1788765360,76.9,77.0,76.9,77.0,17300,2026-09-07,,,,,,,,
1788765420,77.0,77.0,76.7,76.7,21500,2026-09-07,,,,,,,,
1788765480,76.8,76.8,76.7,76.8,6400,2026-09-07,,,,,,,,
1788765540,76.8,77.0,76.8,76.8,12300,2026-09-07,,,,,,,,
1788765600,76.8,76.8,76.8,76.8,3700,2026-09-07,,,,,,,,
1788765660,76.8,76.9,76.8,76.8,3800,2026-09-07,,,,,,,,
1788765720,76.8,76.8,76.8,76.8,4100,2026-09-07,,,,,,,,
1788765780,76.8,76.8,76.7,76.7,15600,2026-09-07,,,,,,,,
1788765840,76.8,76.8,76.7,76.7,19600,2026-09-07,,,,,,,,
1788765900,76.7,76.7,76.6,76.6,29600,2026-09-07,,,,,,,,
1788765960,76.6,76.7,76.6,76.6,21500,2026-09-07,,,,,,,,
1788766020,76.7,76.7,76.6,76.6,18600,2026-09-07,,,,,,,,
1788766080,76.6,76.7,76.6,76.6,4000,2026-09-07,,,,,,,,
1788766140,76.6,76.7,76.6,76.7,10100,2026-09-07,,,,,,,,
1788767100,76.6,76.6,76.6,76.6,302200,2026-09-07,,,,,,,,
1788833700,76.5,76.6,76.5,76.5,86100,2026-09-08,,,,,,,,
1788833760,76.5,76.6,76.5,76.6,10500,2026-09-08,,,,,,,,
1788833820,76.6,76.7,76.6,76.7,1700,2026-09-08,,,,,,,,
1788833880,76.7,76.8,76.7,76.8,12500,2026-09-08,,,,,,,,
1788833940,76.8,76.8,76.8,76.8,500,2026-09-08,,,,,,,,
1788834000,76.8,76.8,76.6,76.8,3900,2026-09-08,,,,,,,,
1788834060,76.8,76.8,76.7,76.7,7300,2026-09-08,,,,,,,,
1788834120,76.7,76.8,76.3,76.3,26200,2026-09-08,,,,,,,,
1788834180,76.3,76.6,76.3,76.3,3700,2026-09-08,,,,,,,,
1788834240,76.4,76.4,76.2,76.2,16000,2026-09-08,,,,,,,,
1788834300,76.2,76.3,76.1,76.2,8000,2026-09-08,,,,,,,,
1788834360,76.3,76.3,76.2,76.2,3000,2026-09-08,,,,,,,,
1788834420,76.2,76.2,76.2,76.2,2100,2026-09-08,,,,,,,,
1788834480,76.2,76.2,76.1,76.2,700,2026-09-08,,,,,,,,
1788834540,76.1,76.2,76.1,76.2,4200,2026-09-08,,,,,,,,
1788834600,76.2,76.2,76.1,76.1,3200,2026-09-08,,,,,,,,
1788834660,76.2,76.2,76.2,76.2,1600,2026-09-08,,,,,,,,
1788834720,76.2,76.2,76.1,76.2,2600,2026-09-08,,,,,,,,
1788834780,76.2,76.2,76.1,76.2,2000,2026-09-08,,,,,,,,
1788834840,76.2,76.2,76.2,76.2,600,2026-09-08,,,,,,,,
1788834900,76.2,76.2,76.2,76.2,3300,2026-09-08,,,,,,,,
1788834960,76.2,76.2,76.2,76.2,6700,2026-09-08,,,,,,,,
1788835020,76.2,76.2,76.2,76.2,3500,2026-09-08,,,,,,,,
1788835080,76.2,76.2,76.2,76.2,2100,2026-09-08,,,,,,,,
1788835140,76.2,76.2,76.2,76.2,2600,2026-09-08,,,,,,,,
1788835200,76.1,76.1,75.9,75.9,50200,2026-09-08,,,,,,,,
1788835260,75.9,76.1,75.9,76.1,16600,2026-09-08,,,,,,,,
1788835320,76.1,76.1,76.0,76.1,4800,2026-09-08,,,,,,,,
1788835380,76.1,76.1,76.1,76.1,600,2026-09-08,,,,,,,,
1788835440,76.1,76.1,76.1,76.1,1400,2026-09-08,,,,,,,,
1788835500,76.1,76.1,76.0,76.0,4200,2026-09-08,,,,,,,,
1788835560,76.0,76.1,76.0,76.1,3200,2026-09-08,,,,,,,,
1788835620,76.1,76.1,76.1,76.1,400,2026-09-08,,,,,,,,
1788835680,76.1,76.1,76.0,76.0,5800,2026-09-08,,,,,,,,
1788835740,76.0,76.1,76.0,76.1,2600,2026-09-08,,,,,,,,
1788835800,76.1,76.1,76.1,76.1,400,2026-09-08,,,,,,,,
1788835860,76.1,76.1,76.1,76.1,1200,2026-09-08,,,,,,,,
1788835920,76.0,76.1,76.0,76.1,2300,2026-09-08,,,,,,,,
1788835980,76.1,76.1,76.1,76.1,800,2026-09-08,,,,,,,,
1788836040,76.1,76.1,76.0,76.1,3500,2026-09-08,,,,,,,,
1788836100,76.1,76.1,76.0,76.1,800,2026-09-08,,,,,,,,
1788836160,76.1,76.1,76.1,76.1,400,2026-09-08,,,,,,,,
1788836220,76.1,76.1,76.1,76.1,800,2026-09-08,,,,,,,,
1788836280,76.1,76.1,76.1,76.1,1200,2026-09-08,,,,,,,,
1788836340,76.1,76.1,76.1,76.1,1300,2026-09-08,,,,,,,,
1788836400,76.1,76.1,76.1,76.1,900,2026-09-08,,,,,,,,
1788836460,76.1,76.1,76.0,76.0,2500,2026-09-08,,,,,,,,
1788836520,76.0,76.1,76.0,76.1,10700,2026-09-08,,,,,,,,
1788836580,76.1,76.1,76.1,76.1,600,2026-09-08,,,,,,,,
1788836640,76.1,76.1,76.1,76.1,32400,2026-09-08,,,,,,,,
1788836700,76.2,76.2,76.2,76.2,600,2026-09-08,,,,,,,,
1788836760,76.2,76.2,76.2,76.2,1100,2026-09-08,,,,,,,,
1788836820,76.2,76.2,76.2,76.2,1000,2026-09-08,,,,,,,,
1788836880,76.2,76.2,76.2,76.2,11900,2026-09-08,,,,,,,,
1788836940,76.2,76.2,76.2,76.2,1200,2026-09-08,,,,,,,,
1788837000,76.2,76.2,76.2,76.2,1100,2026-09-08,,,,,,,,
1788837060,76.2,76.3,76.2,76.3,8300,2026-09-08,,,,,,,,
1788837120,76.3,76.3,76.3,76.3,5500,2026-09-08,,,,,,,,
1788837180,76.3,76.3,76.3,76.3,600,2026-09-08,,,,,,,,
1788837240,76.2,76.3,76.2,76.3,9500,2026-09-08,,,,,,,,
1788837300,76.3,76.3,76.3,76.3,300,2026-09-08,,,,,,,,
1788837360,76.3,76.3,76.3,76.3,900,2026-09-08,,,,,,,,
1788837420,76.3,76.3,76.3,76.3,500,2026-09-08,,,,,,,,
1788837480,76.3,76.3,76.3,76.3,8400,2026-09-08,,,,,,,,
1788837540,76.3,76.3,76.3,76.3,5200,2026-09-08,,,,,,,,
1788837600,76.3,76.4,76.3,76.4,15400,2026-09-08,,,,,,,,
1788837660,76.4,76.4,76.4,76.4,5400,2026-09-08,,,,,,,,
1788837720,76.4,76.5,76.4,76.5,8000,2026-09-08,,,,,,,,
1788837780,76.5,76.5,76.5,76.5,10400,2026-09-08,,,,,,,,
1788837840,76.5,76.5,76.5,76.5,900,2026-09-08,,,,,,,,
1788837900,76.5,76.5,76.4,76.5,2200,2026-09-08,,,,,,,,
1788837960,76.5,76.5,76.5,76.5,5300,2026-09-08,,,,,,,,
1788838020,76.5,76.5,76.5,76.5,1100,2026-09-08,,,,,,,,
1788838080,76.5,76.5,76.5,76.5,4500,2026-09-08,,,,,,,,
1788838140,76.5,76.5,76.5,76.5,600,2026-09-08,,,,,,,,
1788838200,76.5,76.5,76.5,76.5,4400,2026-09-08,,,,,,,,
1788838260,76.5,76.6,76.5,76.6,1400,2026-09-08,,,,,,,,
1788838320,76.6,76.6,76.5,76.6,17000,2026-09-08,,,,,,,,
1788838380,76.6,76.6,76.5,76.5,5900,2026-09-08,,,,,,,,
1788838440,76.5,76.5,76.5,76.5,10600,2026-09-08,,,,,,,,
1788838500,76.5,76.6,76.5,76.5,2200,2026-09-08,,,,,,,,
1788838560,76.5,76.6,76.5,76.6,3300,2026-09-08,,,,,,,,
1788838620,76.6,76.6,76.6,76.6,300,2026-09-08,,,,,,,,
1788838680,76.6,76.6,76.6,76.6,700,2026-09-08,,,,,,,,
1788838740,76.6,76.6,76.6,76.6,500,2026-09-08,,,,,,,,
1788838800,76.6,76.6,76.6,76.6,600,2026-09-08,,,,,,,,
1788838860,76.6,76.6,76.5,76.6,22400,2026-09-08,,,,,,,,
1788838920,76.6,76.6,76.5,76.6,11600,2026-09-08,,,,,,,,
1788838980,76.6,76.6,76.6,76.6,400,2026-09-08,,,,,,,,
1788839040,76.6,76.6,76.6,76.6,800,2026-09-08,,,,,,,,
1788839100,76.6,76.6,76.6,76.6,700,2026-09-08,,,,,,,,
1788839160,76.6,76.6,76.6,76.6,500,2026-09-08,,,,,,,,
1788839220,76.6,76.6,76.5,76.5,2700,2026-09-08,,,,,,,,
1788839280,76.5,76.6,76.5,76.5,2600,2026-09-08,,,,,,,,
1788839340,76.5,76.6,76.5,76.6,1500,2026-09-08,,,,,,,,
1788839400,76.6,76.6,76.6,76.6,400,2026-09-08,,,,,,,,
1788839460,76.6,76.6,76.6,76.6,400,2026-09-08,,,,,,,,
1788839520,76.6,76.6,76.6,76.6,600,2026-09-08,,,,,,,,
1788839580,76.6,76.6,76.5,76.5,600,2026-09-08,,,,,,,,
1788839640,76.6,76.6,76.6,76.6,700,2026-09-08,,,,,,,,
1788839700,76.6,76.6,76.6,76.6,5500,2026-09-08,,,,,,,,
1788839760,76.6,76.6,76.6,76.6,900,2026-09-08,,,,,,,,
1788839820,76.6,76.6,76.6,76.6,400,2026-09-08,,,,,,,,
1788839880,76.6,76.6,76.5,76.6,2500,2026-09-08,,,,,,,,
1788839940,76.5,76.6,76.5,76.6,2000,2026-09-08,,,,,,,,
1788840000,76.6,76.6,76.5,76.6,7500,2026-09-08,,,,,,,,
1788840060,76.5,76.6,76.5,76.6,2500,2026-09-08,,,,,,,,
1788840120,76.6,76.6,76.6,76.6,500,2026-09-08,,,,,,,,
1788840180,76.6,76.6,76.5,76.5,2600,2026-09-08,,,,,,,,
1788840240,76.5,76.6,76.5,76.6,1900,2026-09-08,,,,,,,,
1788840300,76.6,76.6,76.6,76.6,600,2026-09-08,,,,,,,,
1788840360,76.6,76.6,76.6,76.6,400,2026-09-08,,,,,,,,
1788840420,76.6,76.6,76.5,76.5,500,2026-09-08,,,,,,,,
1788840480,76.6,76.6,76.6,76.6,400,2026-09-08,,,,,,,,
1788840540,76.6,76.6,76.6,76.6,400,2026-09-08,,,,,,,,
1788840600,76.5,76.6,76.5,76.6,900,2026-09-08,,,,,,,,
1788840660,76.6,76.6,76.6,76.6,800,2026-09-08,,,,,,,,
1788840720,76.6,76.6,76.6,76.6,500,2026-09-08,,,,,,,,
1788840780,76.5,76.6,76.5,76.6,2300,2026-09-08,,,,,,,,
1788840840,76.5,76.6,76.5,76.5,2000,2026-09-08,,,,,,,,
1788840900,76.5,76.6,76.5,76.6,3900,2026-09-08,,,,,,,,
1788840960,76.6,76.6,76.5,76.6,1500,2026-09-08,,,,,,,,
1788841020,76.6,76.6,76.6,76.6,600,2026-09-08,,,,,,,,
1788841080,76.6,76.6,76.5,76.5,18300,2026-09-08,,,,,,,,
1788841140,76.6,76.6,76.6,76.6,600,2026-09-08,,,,,,,,
1788841200,76.6,76.6,76.6,76.6,400,2026-09-08,,,,,,,,
1788841260,76.5,76.5,76.5,76.5,7700,2026-09-08,,,,,,,,
1788841320,76.5,76.6,76.5,76.6,2500,2026-09-08,,,,,,,,
1788841380,76.6,76.6,76.6,76.6,1800,2026-09-08,,,,,,,,
1788841440,76.6,76.6,76.6,76.6,5200,2026-09-08,,,,,,,,
1788841500,76.6,76.6,76.5,76.6,5800,2026-09-08,,,,,,,,
1788841560,76.6,76.6,76.5,76.5,14000,2026-09-08,,,,,,,,
1788841620,76.6,76.6,76.5,76.5,16500,2026-09-08,,,,,,,,
1788841680,76.5,76.6,76.5,76.6,6900,2026-09-08,,,,,,,,
1788841740,76.5,76.5,76.5,76.5,7000,2026-09-08,,,,,,,,
1788847200,76.5,76.5,76.4,76.5,25700,2026-09-08,,,,,,,,
1788847260,76.6,76.6,76.6,76.6,600,2026-09-08,,,,,,,,
1788847320,76.6,76.6,76.6,76.6,700,2026-09-08,,,,,,,,
1788847380,76.6,76.6,76.6,76.6,400,2026-09-08,,,,,,,,
1788847440,76.6,76.6,76.5,76.5,1800,2026-09-08,,,,,,,,
1788847500,76.5,76.6,76.5,76.6,19200,2026-09-08,,,,,,,,
1788847560,76.6,76.6,76.5,76.5,1600,2026-09-08,,,,,,,,
1788847620,76.5,76.6,76.5,76.5,3900,2026-09-08,,,,,,,,
1788847680,76.5,76.6,76.5,76.5,2600,2026-09-08,,,,,,,,
1788847740,76.6,76.6,76.5,76.5,3400,2026-09-08,,,,,,,,
1788847800,76.5,76.6,76.5,76.6,2100,2026-09-08,,,,,,,,
1788847860,76.5,76.6,76.5,76.5,2300,2026-09-08,,,,,,,,
1788847920,76.5,76.6,76.5,76.5,8000,2026-09-08,,,,,,,,
1788847980,76.5,76.6,76.5,76.6,57900,2026-09-08,,,,,,,,
1788848040,76.5,76.6,76.5,76.5,2700,2026-09-08,,,,,,,,
1788848100,76.5,76.6,76.5,76.5,31200,2026-09-08,,,,,,,,
1788848160,76.5,76.6,76.5,76.6,4900,2026-09-08,,,,,,,,
1788848220,76.6,76.7,76.6,76.7,3500,2026-09-08,,,,,,,,
1788848280,76.6,76.7,76.6,76.7,4400,2026-09-08,,,,,,,,
1788848340,76.6,76.7,76.6,76.6,4900,2026-09-08,,,,,,,,
1788848400,76.7,76.7,76.6,76.7,3500,2026-09-08,,,,,,,,
1788848460,76.7,76.8,76.6,76.7,13200,2026-09-08,,,,,,,,
1788848520,76.8,76.8,76.6,76.6,6700,2026-09-08,,,,,,,,
1788848580,76.8,76.8,76.6,76.8,2400,2026-09-08,,,,,,,,
1788848640,76.6,76.8,76.6,76.7,2900,2026-09-08,,,,,,,,
1788848700,76.8,76.8,76.7,76.7,2900,2026-09-08,,,,,,,,
1788848760,76.8,76.8,76.7,76.7,8300,2026-09-08,,,,,,,,
1788848820,76.7,76.9,76.7,76.8,4800,2026-09-08,,,,,,,,
1788848880,76.8,76.9,76.8,76.8,3600,2026-09-08,,,,,,,,
1788848940,76.8,76.9,76.8,76.9,3700,2026-09-08,,,,,,,,
1788849000,76.8,76.9,76.8,76.9,2400,2026-09-08,,,,,,,,
1788849060,76.9,76.9,76.9,76.9,12500,2026-09-08,,,,,,,,
1788849120,76.9,77.0,76.9,77.0,3800,2026-09-08,,,,,,,,
1788849180,77.0,77.0,76.9,76.9,3200,2026-09-08,,,,,,,,
1788849240,76.9,77.0,76.9,77.0,4300,2026-09-08,,,,,,,,
1788849300,76.9,76.9,76.8,76.9,14600,2026-09-08,,,,,,,,
1788849360,76.9,76.9,76.7,76.8,6400,2026-09-08,,,,,,,,
1788849420,76.8,76.8,76.7,76.7,1600,2026-09-08,,,,,,,,
1788849480,76.8,76.9,76.7,76.9,24400,2026-09-08,,,,,,,,
1788849540,76.9,76.9,76.9,76.9,500,2026-09-08,,,,,,,,
1788849600,76.8,76.9,76.8,76.9,29800,2026-09-08,,,,,,,,
1788849660,76.9,76.9,76.8,76.8,15300,2026-09-08,,,,,,,,
1788849720,76.8,76.9,76.8,76.9,1600,2026-09-08,,,,,,,,
1788849780,76.9,76.9,76.9,76.9,1600,2026-09-08,,,,,,,,
1788849840,76.9,76.9,76.8,76.9,5200,2026-09-08,,,,,,,,
1788849900,76.8,76.9,76.8,76.8,500,2026-09-08,,,,,,,,
1788849960,76.9,76.9,76.9,76.9,500,2026-09-08,,,,,,,,
1788850020,76.9,76.9,76.8,76.8,2600,2026-09-08,,,,,,,,
1788850080,76.8,76.9,76.8,76.8,14100,2026-09-08,,,,,,,,
1788850140,76.9,76.9,76.9,76.9,500,2026-09-08,,,,,,,,
1788850200,76.9,76.9,76.8,76.9,12600,2026-09-08,,,,,,,,
1788850260,76.8,76.9,76.8,76.8,28300,2026-09-08,,,,,,,,
1788850320,76.8,76.9,76.8,76.9,36700,2026-09-08,,,,,,,,
1788850380,76.9,76.9,76.8,76.9,1400,2026-09-08,,,,,,,,
1788850440,76.8,76.8,76.6,76.8,27000,2026-09-08,,,,,,,,
1788850500,76.8,76.9,76.8,76.8,3000,2026-09-08,,,,,,,,
1788850560,76.8,76.9,76.8,76.8,14300,2026-09-08,,,,,,,,
1788850620,76.8,76.8,76.6,76.6,11600,2026-09-08,,,,,,,,
1788850680,76.6,76.9,76.5,76.9,30000,2026-09-08,,,,,,,,
1788850740,76.9,76.9,76.8,76.8,800,2026-09-08,,,,,,,,
1788850800,76.9,76.9,76.8,76.9,1700,2026-09-08,,,,,,,,
1788850860,76.8,76.9,76.8,76.9,2500,2026-09-08,,,,,,,,
1788850920,76.9,76.9,76.9,76.9,500,2026-09-08,,,,,,,,
1788850980,76.9,76.9,76.9,76.9,700,2026-09-08,,,,,,,,
1788851040,76.8,76.8,76.8,76.8,7500,2026-09-08,,,,,,,,
1788851100,76.7,76.9,76.7,76.9,46300,2026-09-08,,,,,,,,
1788851160,76.9,77.0,76.9,77.0,15100,2026-09-08,,,,,,,,
1788851220,76.9,77.0,76.9,76.9,19700,2026-09-08,,,,,,,,
1788851280,76.9,77.0,76.9,76.9,13400,2026-09-08,,,,,,,,
1788851340,76.9,77.0,76.9,77.0,8500,2026-09-08,,,,,,,,
1788851400,77.0,77.0,76.9,76.9,5500,2026-09-08,,,,,,,,
1788851460,77.0,77.0,76.9,77.0,14600,2026-09-08,,,,,,,,
1788851520,77.0,77.0,76.9,77.0,1100,2026-09-08,,,,,,,,
1788851580,77.0,77.0,76.8,76.8,15500,2026-09-08,,,,,,,,
1788851640,76.8,76.9,76.8,76.9,2000,2026-09-08,,,,,,,,
1788851700,76.9,76.9,76.8,76.8,1400,2026-09-08,,,,,,,,
1788851760,76.9,76.9,76.8,76.9,2400,2026-09-08,,,,,,,,
1788851820,76.8,76.9,76.8,76.9,4100,2026-09-08,,,,,,,,
1788851880,76.8,76.9,76.8,76.9,6100,2026-09-08,,,,,,,,
1788851940,76.9,76.9,76.9,76.9,500,2026-09-08,,,,,,,,
1788852000,76.9,77.0,76.8,76.9,59300,2026-09-08,,,,,,,,
1788852060,77.0,77.0,76.9,77.0,6900,2026-09-08,,,,,,,,
1788852120,77.0,77.0,76.9,76.9,22700,2026-09-08,,,,,,,,
1788852180,76.9,77.0,76.7,76.7,14300,2026-09-08,,,,,,,,
1788852240,76.7,76.9,76.7,76.7,12400,2026-09-08,,,,,,,,
1788852300,76.9,76.9,76.6,76.6,21700,2026-09-08,,,,,,,,
1788852360,76.6,76.9,76.5,76.5,15900,2026-09-08,,,,,,,,
1788852420,76.5,76.9,76.5,76.8,7400,2026-09-08,,,,,,,,
1788852480,76.6,76.9,76.5,76.5,21500,2026-09-08,,,,,,,,
1788852540,76.8,76.8,76.5,76.6,6800,2026-09-08,,,,,,,,
1788853500,76.1,76.1,76.1,76.1,534300,2026-09-08,,,,,,,,
1788920100,76.2,76.4,76.2,76.3,38500,2026-09-09,,,,,,,,
1788920160,76.3,76.4,76.2,76.4,14500,2026-09-09,,,,,,,,
1788920220,76.3,76.4,76.2,76.4,3400,2026-09-09,,,,,,,,
1788920280,76.4,76.4,76.3,76.3,1100,2026-09-09,,,,,,,,
1788920340,76.3,76.3,76.2,76.3,800,2026-09-09,,,,,,,,
1788920400,76.3,76.3,76.2,76.2,6200,2026-09-09,,,,,,,,
1788920460,76.2,76.3,76.2,76.3,2600,2026-09-09,,,,,,,,
1788920520,76.2,76.4,76.2,76.4,23200,2026-09-09,,,,,,,,
1788920580,76.4,76.4,76.4,76.4,11300,2026-09-09,,,,,,,,
1788920640,76.5,76.5,76.4,76.5,1600,2026-09-09,,,,,,,,
1788920700,76.5,76.5,76.5,76.5,200,2026-09-09,,,,,,,,
1788920760,76.5,76.5,76.4,76.5,1600,2026-09-09,,,,,,,,
1788920820,76.5,76.5,76.4,76.4,6300,2026-09-09,,,,,,,,
1788920880,76.4,76.4,76.3,76.3,1400,2026-09-09,,,,,,,,
1788920940,76.4,76.4,76.3,76.4,2100,2026-09-09,,,,,,,,
1788921000,76.4,76.4,76.3,76.4,1700,2026-09-09,,,,,,,,
1788921060,76.3,76.4,76.3,76.4,700,2026-09-09,,,,,,,,
1788921120,76.4,76.5,76.4,76.5,15700,2026-09-09,,,,,,,,
1788921180,76.5,76.5,76.5,76.5,700,2026-09-09,,,,,,,,
1788921240,76.5,76.5,76.4,76.5,5500,2026-09-09,,,,,,,,
1788921300,76.5,76.5,76.5,76.5,600,2026-09-09,,,,,,,,
1788921360,76.5,76.6,76.4,76.4,20000,2026-09-09,,,,,,,,
1788921420,76.4,76.6,76.4,76.6,3800,2026-09-09,,,,,,,,
1788921480,76.6,76.6,76.6,76.6,1500,2026-09-09,,,,,,,,
1788921540,76.6,76.6,76.6,76.6,400,2026-09-09,,,,,,,,
1788921600,76.6,76.6,76.6,76.6,5800,2026-09-09,,,,,,,,
1788921660,76.6,76.6,76.6,76.6,500,2026-09-09,,,,,,,,
1788921720,76.6,76.6,76.6,76.6,300,2026-09-09,,,,,,,,
1788921780,76.5,76.5,76.5,76.5,41500,2026-09-09,,,,,,,,
1788921840,76.5,76.6,76.5,76.6,12500,2026-09-09,,,,,,,,
1788921900,76.6,76.6,76.5,76.5,25300,2026-09-09,,,,,,,,
1788921960,76.5,76.5,76.5,76.5,5800,2026-09-09,,,,,,,,
1788922020,76.5,76.5,76.4,76.4,2700,2026-09-09,,,,,,,,
1788922080,76.4,76.5,76.4,76.5,6600,2026-09-09,,,,,,,,
1788922140,76.5,76.5,76.5,76.5,400,2026-09-09,,,,,,,,
1788922200,76.5,76.5,76.5,76.5,400,2026-09-09,,,,,,,,
1788922260,76.5,76.5,76.5,76.5,3500,2026-09-09,,,,,,,,
1788922320,76.5,76.5,76.5,76.5,11300,2026-09-09,,,,,,,,
1788922380,76.5,76.5,76.4,76.5,7200,2026-09-09,,,,,,,,
1788922440,76.5,76.6,76.5,76.6,500,2026-09-09,,,,,,,,
1788922500,76.6,76.6,76.6,76.6,300,2026-09-09,,,,,,,,
1788922560,76.6,76.6,76.6,76.6,600,2026-09-09,,,,,,,,
1788922620,76.5,76.6,76.5,76.6,700,2026-09-09,,,,,,,,
1788922680,76.6,76.6,76.6,76.6,200,2026-09-09,,,,,,,,
1788922740,76.6,76.6,76.5,76.6,1100,2026-09-09,,,,,,,,
1788922800,76.6,76.6,76.5,76.5,2300,2026-09-09,,,,,,,,
1788922860,76.5,76.6,76.5,76.6,2500,2026-09-09,,,,,,,,
1788922920,76.6,76.6,76.6,76.6,2100,2026-09-09,,,,,,,,
1788922980,76.6,76.6,76.6,76.6,36500,2026-09-09,,,,,,,,
1788923040,76.6,76.7,76.6,76.7,2900,2026-09-09,,,,,,,,
1788923100,76.7,76.7,76.6,76.7,2600,2026-09-09,,,,,,,,
1788923160,76.7,76.7,76.7,76.7,900,2026-09-09,,,,,,,,
1788923220,76.7,76.7,76.6,76.7,3700,2026-09-09,,,,,,,,
1788923280,76.7,76.7,76.7,76.7,200,2026-09-09,,,,,,,,
1788923340,76.7,76.7,76.6,76.7,1500,2026-09-09,,,,,,,,
1788923400,76.7,76.7,76.6,76.7,7600,2026-09-09,,,,,,,,
1788923460,76.7,76.7,76.7,76.7,200,2026-09-09,,,,,,,,
1788923520,76.7,76.7,76.7,76.7,500,2026-09-09,,,,,,,,
1788923580,76.6,76.7,76.6,76.7,7900,2026-09-09,,,,,,,,
1788923640,76.6,76.7,76.6,76.6,8100,2026-09-09,,,,,,,,
1788923700,76.7,76.7,76.7,76.7,500,2026-09-09,,,,,,,,
1788923760,76.7,76.7,76.6,76.7,2000,2026-09-09,,,,,,,,
1788923820,76.7,76.7,76.7,76.7,200,2026-09-09,,,,,,,,
1788923880,76.7,76.7,76.7,76.7,400,2026-09-09,,,,,,,,
1788923940,76.7,76.7,76.7,76.7,600,2026-09-09,,,,,,,,
1788924000,76.7,76.7,76.7,76.7,400,2026-09-09,,,,,,,,
1788924060,76.7,76.7,76.6,76.7,24700,2026-09-09,,,,,,,,
1788924120,76.7,76.7,76.6,76.6,4600,2026-09-09,,,,,,,,
1788924180,76.6,76.7,76.6,76.7,5400,2026-09-09,,,,,,,,
1788924240,76.7,76.7,76.6,76.7,5400,2026-09-09,,,,,,,,
1788924300,76.6,76.6,76.6,76.6,30400,2026-09-09,,,,,,,,
1788924360,76.6,76.6,76.6,76.6,10600,2026-09-09,,,,,,,,
1788924420,76.6,76.6,76.6,76.6,200,2026-09-09,,,,,,,,
1788924480,76.6,76.6,76.5,76.5,1800,2026-09-09,,,,,,,,
1788924540,76.5,76.6,76.5,76.6,1800,2026-09-09,,,,,,,,
1788924600,76.6,76.6,76.5,76.5,2400,2026-09-09,,,,,,,,
1788924660,76.6,76.6,76.5,76.6,8200,2026-09-09,,,,,,,,
1788924720,76.5,76.6,76.5,76.5,24200,2026-09-09,,,,,,,,
1788924780,76.4,76.5,76.4,76.5,11800,2026-09-09,,,,,,,,
1788924840,76.5,76.5,76.4,76.4,3800,2026-09-09,,,,,,,,
1788924900,76.5,76.5,76.4,76.5,900,2026-09-09,,,,,,,,
1788924960,76.5,76.6,76.5,76.6,21400,2026-09-09,,,,,,,,
1788925020,76.6,76.6,76.6,76.6,800,2026-09-09,,,,,,,,
1788925080,76.6,76.6,76.5,76.6,5300,2026-09-09,,,,,,,,
1788925140,76.5,76.6,76.5,76.6,12500,2026-09-09,,,,,,,,
1788925200,76.6,76.6,76.6,76.6,800,2026-09-09,,,,,,,,
1788925260,76.6,76.6,76.6,76.6,1400,2026-09-09,,,,,,,,
1788925320,76.6,76.7,76.6,76.7,27600,2026-09-09,,,,,,,,
1788925380,76.7,76.7,76.6,76.7,1800,2026-09-09,,,,,,,,
1788925440,76.7,76.7,76.7,76.7,800,2026-09-09,,,,,,,,
1788925500,76.7,76.7,76.6,76.6,27000,2026-09-09,,,,,,,,
1788925560,76.6,76.6,76.6,76.6,400,2026-09-09,,,,,,,,
1788925620,76.6,76.6,76.6,76.6,1100,2026-09-09,,,,,,,,
1788925680,76.5,76.7,76.5,76.6,10700,2026-09-09,,,,,,,,
1788925740,76.6,76.7,76.6,76.7,1700,2026-09-09,,,,,,,,
1788925800,76.7,76.7,76.7,76.7,600,2026-09-09,,,,,,,,
1788925860,76.7,76.7,76.7,76.7,900,2026-09-09,,,,,,,,
1788925920,76.7,76.7,76.6,76.7,12900,2026-09-09,,,,,,,,
1788925980,76.7,76.7,76.7,76.7,9700,2026-09-09,,,,,,,,
1788926040,76.7,76.8,76.7,76.8,27800,2026-09-09,,,,,,,,
1788926100,76.8,76.8,76.8,76.8,7500,2026-09-09,,,,,,,,
1788926160,76.9,76.9,76.8,76.8,1800,2026-09-09,,,,,,,,
1788926220,76.9,76.9,76.8,76.8,20000,2026-09-09,,,,,,,,
1788926280,76.8,76.9,76.8,76.9,11300,2026-09-09,,,,,,,,
1788926340,76.9,76.9,76.8,76.8,15100,2026-09-09,,,,,,,,
1788926400,76.8,76.8,76.8,76.8,19500,2026-09-09,,,,,,,,
1788926460,76.8,76.9,76.8,76.9,2100,2026-09-09,,,,,,,,
1788926520,76.9,76.9,76.9,76.9,2000,2026-09-09,,,,,,,,
1788926580,76.9,76.9,76.8,76.9,2400,2026-09-09,,,,,,,,
1788926640,76.9,76.9,76.9,76.9,1400,2026-09-09,,,,,,,,
1788926700,76.9,76.9,76.9,76.9,1200,2026-09-09,,,,,,,,
1788926760,76.8,76.9,76.8,76.9,1600,2026-09-09,,,,,,,,
1788926820,76.9,76.9,76.9,76.9,900,2026-09-09,,,,,,,,
1788926880,76.9,76.9,76.9,76.9,2400,2026-09-09,,,,,,,,
1788926940,76.9,76.9,76.9,76.9,600,2026-09-09,,,,,,,,
1788927000,76.9,76.9,76.9,76.9,900,2026-09-09,,,,,,,,
1788927060,76.9,76.9,76.7,76.7,11900,2026-09-09,,,,,,,,
1788927120,76.7,76.9,76.7,76.7,6000,2026-09-09,,,,,,,,
1788927180,76.9,76.9,76.8,76.8,800,2026-09-09,,,,,,,,
1788927240,76.8,76.9,76.8,76.9,6600,2026-09-09,,,,,,,,
1788927300,76.9,76.9,76.9,76.9,800,2026-09-09,,,,,,,,
1788927360,76.9,76.9,76.9,76.9,800,2026-09-09,,,,,,,,
1788927420,76.8,76.8,76.8,76.8,16200,2026-09-09,,,,,,,,
1788927480,76.8,76.8,76.7,76.8,1800,2026-09-09,,,,,,,,
1788927540,76.8,76.9,76.8,76.8,24400,2026-09-09,,,,,,,,
1788927600,76.9,76.9,76.8,76.8,1500,2026-09-09,,,,,,,,
1788927660,76.8,76.9,76.6,76.6,5600,2026-09-09,,,,,,,,
1788927720,76.9,76.9,76.6,76.8,1600,2026-09-09,,,,,,,,
1788927780,76.8,76.8,76.8,76.8,800,2026-09-09,,,,,,,,
1788927840,76.8,76.8,76.6,76.8,12600,2026-09-09,,,,,,,,
1788927900,76.6,76.8,76.6,76.8,700,2026-09-09,,,,,,,,
1788927960,76.8,76.8,76.8,76.8,800,2026-09-09,,,,,,,,
1788928020,76.8,76.8,76.8,76.8,800,2026-09-09,,,,,,,,
1788928080,76.8,76.8,76.8,76.8,500,2026-09-09,,,,,,,,
1788928140,76.8,76.8,76.8,76.8,100,2026-09-09,,,,,,,,
1788933600,76.8,76.8,76.7,76.7,900,2026-09-09,,,,,,,,
1788933660,76.7,76.7,76.6,76.6,11700,2026-09-09,,,,,,,,
1788933720,76.6,76.7,76.6,76.6,5300,2026-09-09,,,,,,,,
1788933780,76.6,76.6,76.5,76.5,2100,2026-09-09,,,,,,,,
1788933840,76.6,76.8,76.6,76.8,19600,2026-09-09,,,,,,,,
1788933900,76.8,76.8,76.8,76.8,800,2026-09-09,,,,,,,,
1788933960,76.8,76.8,76.7,76.8,12000,2026-09-09,,,,,,,,
1788934020,76.8,76.8,76.7,76.7,15200,2026-09-09,,,,,,,,
1788934080,76.7,76.7,76.6,76.7,7100,2026-09-09,,,,,,,,
1788934140,76.7,76.7,76.5,76.5,14100,2026-09-09,,,,,,,,
1788934200,76.5,76.7,76.4,76.4,29500,2026-09-09,,,,,,,,
1788934260,76.4,76.6,76.2,76.2,22500,2026-09-09,,,,,,,,
1788934320,76.6,76.7,76.2,76.7,7900,2026-09-09,,,,,,,,
1788934380,76.6,76.8,76.5,76.5,40900,2026-09-09,,,,,,,,
1788934440,76.5,76.9,76.5,76.8,12200,2026-09-09,,,,,,,,
1788934500,76.9,76.9,76.3,76.3,10000,2026-09-09,,,,,,,,
1788934560,76.9,77.0,76.5,76.8,61100,2026-09-09,,,,,,,,
1788934620,76.5,76.9,76.5,76.9,19900,2026-09-09,,,,,,,,
1788934680,76.9,77.0,76.9,77.0,1900,2026-09-09,,,,,,,,
1788934740,77.0,77.0,76.6,76.6,19400,2026-09-09,,,,,,,,
1788934800,76.6,77.0,76.6,76.6,2200,2026-09-09,,,,,,,,
1788934860,76.6,77.0,76.6,76.6,1900,2026-09-09,,,,,,,,
1788934920,76.6,76.9,76.4,76.4,12500,2026-09-09,,,,,,,,
1788934980,76.9,77.0,76.4,77.0,122200,2026-09-09,,,,,,,,
1788935040,77.0,77.0,76.6,76.6,3100,2026-09-09,,,,,,,,
1788935100,76.6,77.0,76.6,77.0,4100,2026-09-09,,,,,,,,
1788935160,77.0,77.0,76.7,76.9,4900,2026-09-09,,,,,,,,
1788935220,76.9,77.0,76.7,76.7,51000,2026-09-09,,,,,,,,
1788935280,77.0,77.1,77.0,77.1,38600,2026-09-09,,,,,,,,
1788935340,77.1,77.1,76.7,77.0,2800,2026-09-09,,,,,,,,
1788935400,77.0,77.0,76.7,77.0,9200,2026-09-09,,,,,,,,
1788935460,76.7,77.1,76.7,77.1,6500,2026-09-09,,,,,,,,
1788935520,77.0,77.1,76.9,77.0,18600,2026-09-09,,,,,,,,
1788935580,76.9,77.2,76.9,77.2,41500,2026-09-09,,,,,,,,
1788935640,77.2,77.2,77.0,77.1,16600,2026-09-09,,,,,,,,
1788935700,77.1,77.2,76.8,76.9,33700,2026-09-09,,,,,,,,
1788935760,76.8,77.3,76.8,77.3,81700,2026-09-09,,,,,,,,
1788935820,77.3,77.3,76.8,76.8,17200,2026-09-09,,,,,,,,
1788935880,77.0,77.4,77.0,77.4,45300,2026-09-09,,,,,,,,
1788935940,77.4,77.4,77.1,77.1,12600,2026-09-09,,,,,,,,
1788936000,77.3,77.4,77.0,77.4,10600,2026-09-09,,,,,,,,
1788936060,77.2,77.2,76.9,77.2,9100,2026-09-09,,,,,,,,
1788936120,77.0,77.4,76.8,77.4,76400,2026-09-09,,,,,,,,
1788936180,77.3,77.3,76.9,77.1,3200,2026-09-09,,,,,,,,
1788936240,77.1,77.1,76.9,77.0,8800,2026-09-09,,,,,,,,
1788936300,76.9,77.4,76.9,77.3,34500,2026-09-09,,,,,,,,
1788936360,77.0,77.6,77.0,77.6,249900,2026-09-09,,,,,,,,
1788936420,77.5,77.6,77.5,77.5,26500,2026-09-09,,,,,,,,
1788936480,77.5,77.5,77.0,77.1,13400,2026-09-09,,,,,,,,
1788936540,77.1,77.4,77.0,77.0,5300,2026-09-09,,,,,,,,
1788936600,77.0,77.5,76.9,77.5,56300,2026-09-09,,,,,,,,
1788936660,77.0,77.6,77.0,77.4,71800,2026-09-09,,,,,,,,
1788936720,77.2,77.7,77.1,77.2,93200,2026-09-09,,,,,,,,
1788936780,77.2,77.5,77.2,77.3,2600,2026-09-09,,,,,,,,
1788936840,77.5,77.8,77.4,77.5,101000,2026-09-09,,,,,,,,
1788936900,77.6,77.6,77.2,77.6,12200,2026-09-09,,,,,,,,
1788936960,77.2,77.9,77.2,77.8,211200,2026-09-09,,,,,,,,
1788937020,77.8,78.0,77.8,78.0,144700,2026-09-09,,,,,,,,
1788937080,78.0,78.0,77.9,77.9,14600,2026-09-09,,,,,,,,
1788937140,77.9,77.9,77.5,77.6,20000,2026-09-09,,,,,,,,
1788937200,77.6,77.9,77.3,77.9,69000,2026-09-09,,,,,,,,
1788937260,77.9,78.0,77.9,77.9,130600,2026-09-09,,,,,,,,
1788937320,78.0,78.0,77.9,77.9,39400,2026-09-09,,,,,,,,
1788937380,77.9,77.9,77.7,77.7,46500,2026-09-09,,,,,,,,
1788937440,77.7,77.9,77.6,77.6,36100,2026-09-09,,,,,,,,
1788937500,77.8,77.8,77.6,77.6,4100,2026-09-09,,,,,,,,
1788937560,77.6,77.7,77.5,77.5,7800,2026-09-09,,,,,,,,
1788937620,77.5,77.7,77.5,77.7,7700,2026-09-09,,,,,,,,
1788937680,77.6,77.7,77.6,77.6,8600,2026-09-09,,,,,,,,
1788937740,77.6,77.9,77.6,77.6,150200,2026-09-09,,,,,,,,
1788937800,77.6,77.9,77.6,77.7,9800,2026-09-09,,,,,,,,
1788937860,77.8,78.0,77.6,77.9,263600,2026-09-09,,,,,,,,
1788937920,77.8,77.8,77.6,77.6,33100,2026-09-09,,,,,,,,
1788937980,77.7,77.7,77.5,77.5,3800,2026-09-09,,,,,,,,
1788938040,77.5,77.7,77.5,77.6,9100,2026-09-09,,,,,,,,
1788938100,77.6,77.6,77.5,77.6,6400,2026-09-09,,,,,,,,
1788938160,77.7,77.7,77.6,77.6,11700,2026-09-09,,,,,,,,
1788938220,77.6,77.7,77.6,77.6,3400,2026-09-09,,,,,,,,
1788938280,77.6,77.7,77.6,77.6,10100,2026-09-09,,,,,,,,
1788938340,77.6,77.6,77.5,77.5,35800,2026-09-09,,,,,,,,
1788938400,77.5,77.6,77.5,77.5,17500,2026-09-09,,,,,,,,
1788938460,77.5,77.5,77.4,77.4,800,2026-09-09,,,,,,,,
1788938520,77.4,77.5,77.4,77.4,6100,2026-09-09,,,,,,,,
1788938580,77.4,77.4,77.3,77.3,16600,2026-09-09,,,,,,,,
1788938640,77.3,77.4,77.3,77.3,8500,2026-09-09,,,,,,,,
1788938700,77.4,77.4,77.2,77.4,38100,2026-09-09,,,,,,,,
1788938760,77.3,77.3,77.0,77.3,86400,2026-09-09,,,,,,,,
1788938820,77.2,77.3,77.2,77.3,6300,2026-09-09,,,,,,,,
1788938880,77.2,77.3,77.2,77.2,34500,2026-09-09,,,,,,,,
1788938940,77.2,77.3,77.1,77.3,11600,2026-09-09,,,,,,,,
1788939900,76.7,76.7,76.7,76.7,424700,2026-09-09,,,,,,,,
1789006500,76.7,77.0,76.7,77.0,50200,2026-09-10,,,,,,,,
1789006560,77.0,77.0,76.8,76.8,20400,2026-09-10,,,,,,,,
1789006620,77.0,77.0,76.8,76.8,2100,2026-09-10,,,,,,,,
1789006680,76.9,77.0,76.8,76.8,1600,2026-09-10,,,,,,,,
1789006740,76.9,76.9,76.9,76.9,900,2026-09-10,,,,,,,,
1789006800,77.0,77.0,77.0,77.0,6300,2026-09-10,,,,,,,,
1789006860,77.0,77.2,77.0,77.0,24600,2026-09-10,,,,,,,,
1789006920,77.0,77.0,76.9,76.9,5900,2026-09-10,,,,,,,,
1789006980,77.1,77.1,77.1,77.1,4500,2026-09-10,,,,,,,,
1789007040,77.1,77.1,77.1,77.1,400,2026-09-10,,,,,,,,
1789007100,77.1,77.2,77.0,77.2,20800,2026-09-10,,,,,,,,
1789007160,77.2,77.3,77.2,77.2,14400,2026-09-10,,,,,,,,
1789007220,77.2,77.3,77.2,77.3,6100,2026-09-10,,,,,,,,
1789007280,77.3,77.3,77.2,77.3,3600,2026-09-10,,,,,,,,
1789007340,77.3,77.4,77.3,77.4,6200,2026-09-10,,,,,,,,
1789007400,77.4,77.4,77.2,77.2,1500,2026-09-10,,,,,,,,
1789007460,77.4,77.5,77.2,77.2,6400,2026-09-10,,,,,,,,
1789007520,77.2,77.4,77.2,77.4,400,2026-09-10,,,,,,,,
1789007580,77.4,77.4,77.4,77.4,400,2026-09-10,,,,,,,,
1789007640,77.3,77.4,77.3,77.4,1100,2026-09-10,,,,,,,,
1789007700,77.4,77.4,77.3,77.4,600,2026-09-10,,,,,,,,
1789007760,77.4,77.4,77.3,77.3,1300,2026-09-10,,,,,,,,
1789007820,77.4,77.4,77.4,77.4,500,2026-09-10,,,,,,,,
1789007880,77.3,77.3,77.1,77.1,17700,2026-09-10,,,,,,,,
1789007940,77.1,77.3,77.1,77.3,400,2026-09-10,,,,,,,,
1789008000,77.3,77.3,76.7,77.2,20600,2026-09-10,,,,,,,,
1789008060,77.2,77.2,77.2,77.2,300,2026-09-10,,,,,,,,
1789008120,77.2,77.2,77.0,77.2,500,2026-09-10,,,,,,,,
1789008180,77.2,77.2,77.2,77.2,600,2026-09-10,,,,,,,,
1789008240,77.2,77.2,77.1,77.1,400,2026-09-10,,,,,,,,
1789008300,77.1,77.1,77.1,77.1,700,2026-09-10,,,,,,,,
1789008360,77.1,77.1,77.0,77.0,3200,2026-09-10,,,,,,,,
1789008420,77.1,77.1,77.0,77.1,9800,2026-09-10,,,,,,,,
1789008480,77.2,77.2,77.2,77.2,800,2026-09-10,,,,,,,,
1789008540,77.3,77.3,77.2,77.2,3900,2026-09-10,,,,,,,,
1789008600,77.3,77.3,77.3,77.3,600,2026-09-10,,,,,,,,
1789008660,77.3,77.3,77.2,77.2,400,2026-09-10,,,,,,,,
1789008720,77.3,77.4,77.3,77.4,500,2026-09-10,,,,,,,,
1789008780,77.4,77.4,77.3,77.3,2500,2026-09-10,,,,,,,,
1789008840,77.4,77.4,77.3,77.4,800,2026-09-10,,,,,,,,
1789008900,77.4,77.5,77.3,77.4,20800,2026-09-10,,,,,,,,
1789008960,77.4,77.5,77.4,77.5,800,2026-09-10,,,,,,,,
1789009020,77.4,77.5,77.4,77.5,1300,2026-09-10,,,,,,,,
1789009080,77.5,77.5,77.4,77.5,600,2026-09-10,,,,,,,,
1789009140,77.5,77.5,77.5,77.5,500,2026-09-10,,,,,,,,
1789009200,77.4,77.5,77.4,77.5,300,2026-09-10,,,,,,,,
1789009260,77.4,77.5,77.4,77.5,9000,2026-09-10,,,,,,,,
1789009320,77.5,77.5,77.4,77.5,1000,2026-09-10,,,,,,,,
1789009380,77.5,77.5,77.4,77.5,1600,2026-09-10,,,,,,,,
1789009440,77.5,77.5,77.5,77.5,17500,2026-09-10,,,,,,,,
1789009500,77.5,77.6,77.5,77.5,8700,2026-09-10,,,,,,,,
1789009560,77.6,77.6,77.5,77.6,2900,2026-09-10,,,,,,,,
1789009620,77.6,77.6,77.5,77.5,15900,2026-09-10,,,,,,,,
1789009680,77.5,77.6,77.5,77.6,15800,2026-09-10,,,,,,,,
1789009740,77.6,77.6,77.6,77.6,500,2026-09-10,,,,,,,,
1789009800,77.6,77.6,77.6,77.6,300,2026-09-10,,,,,,,,
1789009860,77.7,77.7,77.6,77.7,800,2026-09-10,,,,,,,,
1789009920,77.7,77.7,77.5,77.5,2800,2026-09-10,,,,,,,,
1789009980,77.5,77.7,77.5,77.7,6400,2026-09-10,,,,,,,,
1789010040,77.6,77.7,77.6,77.6,1400,2026-09-10,,,,,,,,
1789010100,77.7,77.7,77.6,77.7,6100,2026-09-10,,,,,,,,
1789010160,77.7,77.9,77.7,77.9,63600,2026-09-10,,,,,,,,
1789010220,77.9,78.0,77.9,77.9,2400,2026-09-10,,,,,,,,
1789010280,78.0,78.0,77.9,78.0,900,2026-09-10,,,,,,,,
1789010340,78.0,78.0,77.9,77.9,5900,2026-09-10,,,,,,,,
1789010400,77.9,78.0,77.5,77.5,21600,2026-09-10,,,,,,,,
1789010460,77.6,77.9,77.5,77.8,5500,2026-09-10,,,,,,,,
1789010520,77.9,77.9,77.6,77.9,1800,2026-09-10,,,,,,,,
1789010580,77.9,77.9,77.9,77.9,200,2026-09-10,,,,,,,,
1789010640,77.9,77.9,77.8,77.9,5600,2026-09-10,,,,,,,,
1789010700,77.9,78.0,77.9,78.0,2100,2026-09-10,,,,,,,,
1789010760,78.0,78.0,77.9,77.9,25900,2026-09-10,,,,,,,,
1789010820,77.9,77.9,77.8,77.9,12700,2026-09-10,,,,,,,,
1789010880,77.9,77.9,77.8,77.8,400,2026-09-10,,,,,,,,
1789010940,77.8,77.9,77.8,77.9,500,2026-09-10,,,,,,,,
1789011000,77.9,77.9,77.8,77.9,2300,2026-09-10,,,,,,,,
1789011060,77.8,77.9,77.8,77.9,3000,2026-09-10,,,,,,,,
1789011120,77.9,77.9,77.8,77.8,3500,2026-09-10,,,,,,,,
1789011180,77.8,77.9,77.8,77.9,26400,2026-09-10,,,,,,,,
1789011240,78.0,78.0,78.0,78.0,5700,2026-09-10,,,,,,,,
1789011300,78.0,78.0,77.9,77.9,300,2026-09-10,,,,,,,,
1789011360,77.9,77.9,77.6,77.6,10800,2026-09-10,,,,,,,,
1789011420,77.8,77.8,77.8,77.8,400,2026-09-10,,,,,,,,
1789011480,77.8,78.0,77.8,78.0,21700,2026-09-10,,,,,,,,
1789011540,78.0,78.0,77.9,77.9,11100,2026-09-10,,,,,,,,
1789011600,77.9,78.0,77.9,78.0,26000,2026-09-10,,,,,,,,
1789011660,77.9,78.0,77.9,78.0,1300,2026-09-10,,,,,,,,
1789011720,77.9,78.0,77.9,78.0,11900,2026-09-10,,,,,,,,
1789011780,77.9,77.9,77.9,77.9,1200,2026-09-10,,,,,,,,
1789011840,77.9,78.0,77.9,77.9,20500,2026-09-10,,,,,,,,
1789011900,77.9,78.0,77.8,78.0,112200,2026-09-10,,,,,,,,
1789011960,78.0,78.2,78.0,78.0,50100,2026-09-10,,,,,,,,
1789012020,78.1,78.4,78.0,78.2,76700,2026-09-10,,,,,,,,
1789012080,78.3,78.3,78.2,78.2,13000,2026-09-10,,,,,,,,
1789012140,78.2,78.2,78.1,78.1,1600,2026-09-10,,,,,,,,
1789012200,78.2,78.3,78.2,78.2,21100,2026-09-10,,,,,,,,
1789012260,78.3,78.3,78.2,78.3,7600,2026-09-10,,,,,,,,
1789012320,78.3,78.4,78.3,78.4,5000,2026-09-10,,,,,,,,
1789012380,78.4,78.4,78.3,78.4,141900,2026-09-10,,,,,,,,
1789012440,78.4,78.5,78.4,78.4,21300,2026-09-10,,,,,,,,
1789012500,78.4,78.5,78.4,78.5,5700,2026-09-10,,,,,,,,
1789012560,78.4,78.4,78.4,78.4,2600,2026-09-10,,,,,,,,
1789012620,78.4,78.5,78.4,78.5,5800,2026-09-10,,,,,,,,
1789012680,78.4,78.5,78.1,78.3,13400,2026-09-10,,,,,,,,
1789012740,78.4,78.4,78.4,78.4,2200,2026-09-10,,,,,,,,
1789012800,78.4,78.4,78.3,78.3,5300,2026-09-10,,,,,,,,
1789012860,78.2,78.5,78.2,78.5,134000,2026-09-10,,,,,,,,
1789012920,78.6,78.7,78.5,78.7,44000,2026-09-10,,,,,,,,
1789012980,78.7,78.7,78.5,78.6,26900,2026-09-10,,,,,,,,
1789013040,78.4,78.6,78.1,78.5,13800,2026-09-10,,,,,,,,
1789013100,78.6,78.6,78.5,78.6,24900,2026-09-10,,,,,,,,
1789013160,78.6,78.6,78.6,78.6,800,2026-09-10,,,,,,,,
1789013220,78.6,78.7,78.6,78.6,31800,2026-09-10,,,,,,,,
1789013280,78.6,78.8,78.5,78.8,22300,2026-09-10,,,,,,,,
1789013340,78.8,78.8,78.8,78.8,1000,2026-09-10,,,,,,,,
1789013400,78.7,78.8,78.5,78.5,5200,2026-09-10,,,,,,,,
1789013460,78.5,78.8,78.5,78.7,7400,2026-09-10,,,,,,,,
1789013520,78.7,78.8,78.7,78.7,2600,2026-09-10,,,,,,,,
1789013580,78.7,78.7,78.7,78.7,600,2026-09-10,,,,,,,,
1789013640,78.5,78.7,78.5,78.5,7400,2026-09-10,,,,,,,,
1789013700,78.6,78.7,78.5,78.5,10900,2026-09-10,,,,,,,,
1789013760,78.5,78.6,78.4,78.4,2200,2026-09-10,,,,,,,,
1789013820,78.4,78.6,78.4,78.6,600,2026-09-10,,,,,,,,
1789013880,78.6,78.6,78.5,78.6,2300,2026-09-10,,,,,,,,
1789013940,78.4,78.5,78.4,78.5,1600,2026-09-10,,,,,,,,
1789014000,78.5,78.6,78.5,78.6,1100,2026-09-10,,,,,,,,
1789014060,78.4,78.6,78.4,78.6,1200,2026-09-10,,,,,,,,
1789014120,78.6,78.6,78.3,78.3,10400,2026-09-10,,,,,,,,
1789014180,78.4,78.5,78.4,78.5,500,2026-09-10,,,,,,,,
1789014240,78.4,78.5,78.4,78.4,3900,2026-09-10,,,,,,,,
1789014300,78.4,78.5,78.4,78.4,3100,2026-09-10,,,,,,,,
1789014360,78.5,78.5,78.4,78.4,1600,2026-09-10,,,,,,,,
1789014420,78.4,78.5,78.4,78.5,1200,2026-09-10,,,,,,,,
1789014480,78.5,78.5,78.4,78.5,1300,2026-09-10,,,,,,,,
1789014540,78.5,78.6,78.4,78.6,51100,2026-09-10,,,,,,,,
1789020000,78.4,78.6,78.4,78.5,44900,2026-09-10,,,,,,,,
1789020060,78.6,78.6,78.4,78.6,12500,2026-09-10,,,,,,,,
1789020120,78.6,78.6,78.5,78.6,9500,2026-09-10,,,,,,,,
1789020180,78.6,78.7,78.5,78.7,26000,2026-09-10,,,,,,,,
1789020240,78.7,78.9,78.7,78.9,133900,2026-09-10,,,,,,,,
1789020300,78.8,78.9,78.8,78.8,8200,2026-09-10,,,,,,,,
1789020360,78.9,79.0,78.9,79.0,92900,2026-09-10,,,,,,,,
1789020420,79.0,79.0,78.6,78.6,17000,2026-09-10,,,,,,,,
1789020480,78.5,79.0,78.5,78.9,40300,2026-09-10,,,,,,,,
1789020540,79.0,79.0,78.9,78.9,2200,2026-09-10,,,,,,,,
1789020600,78.9,79.0,78.7,79.0,50700,2026-09-10,,,,,,,,
1789020660,79.0,79.0,78.9,78.9,8000,2026-09-10,,,,,,,,
1789020720,78.9,79.0,78.9,79.0,3500,2026-09-10,,,,,,,,
1789020780,79.0,79.0,78.9,78.9,6600,2026-09-10,,,,,,,,
1789020840,79.0,79.0,78.8,78.9,9900,2026-09-10,,,,,,,,
1789020900,78.9,78.9,78.8,78.8,5600,2026-09-10,,,,,,,,
1789020960,78.9,78.9,78.8,78.9,1000,2026-09-10,,,,,,,,
1789021020,78.9,78.9,78.8,78.9,9500,2026-09-10,,,,,,,,
1789021080,78.8,78.9,78.5,78.9,7700,2026-09-10,,,,,,,,
1789021140,78.8,78.9,78.6,78.8,3700,2026-09-10,,,,,,,,
1789021200,78.8,78.8,78.8,78.8,1400,2026-09-10,,,,,,,,
1789021260,78.7,78.8,78.6,78.6,4300,2026-09-10,,,,,,,,
1789021320,78.8,78.8,78.6,78.6,700,2026-09-10,,,,,,,,
1789021380,78.8,78.8,78.6,78.8,1800,2026-09-10,,,,,,,,
1789021440,78.8,78.8,78.7,78.8,8500,2026-09-10,,,,,,,,
1789021500,78.7,78.8,78.7,78.7,24500,2026-09-10,,,,,,,,
1789021560,78.7,78.8,78.7,78.7,20400,2026-09-10,,,,,,,,
1789021620,78.6,78.7,78.6,78.7,18800,2026-09-10,,,,,,,,
1789021680,78.8,78.8,78.7,78.7,3300,2026-09-10,,,,,,,,
1789021740,78.8,78.8,78.7,78.8,900,2026-09-10,,,,,,,,
1789021800,78.7,78.8,78.7,78.7,7400,2026-09-10,,,,,,,,
1789021860,78.7,78.8,78.7,78.7,14400,2026-09-10,,,,,,,,
1789021920,78.6,78.7,78.6,78.6,800,2026-09-10,,,,,,,,
1789021980,78.6,78.7,78.6,78.7,600,2026-09-10,,,,,,,,
1789022040,78.7,78.7,78.6,78.6,2700,2026-09-10,,,,,,,,
1789022100,78.6,78.7,78.5,78.5,7600,2026-09-10,,,,,,,,
1789022160,78.5,78.6,78.4,78.4,6600,2026-09-10,,,,,,,,
1789022220,78.4,78.5,78.4,78.4,2100,2026-09-10,,,,,,,,
1789022280,78.4,78.5,78.3,78.5,11000,2026-09-10,,,,,,,,
1789022340,78.5,78.5,78.4,78.5,1300,2026-09-10,,,,,,,,
1789022400,78.5,78.5,78.3,78.5,2700,2026-09-10,,,,,,,,
1789022460,78.5,78.5,78.5,78.5,700,2026-09-10,,,,,,,,
1789022520,78.3,78.5,78.3,78.3,3400,2026-09-10,,,,,,,,
1789022580,78.5,78.5,78.2,78.5,14800,2026-09-10,,,,,,,,
1789022640,78.4,78.5,78.4,78.5,11300,2026-09-10,,,,,,,,
1789022700,78.4,78.5,78.3,78.4,18600,2026-09-10,,,,,,,,
1789022760,78.5,78.5,78.4,78.5,2700,2026-09-10,,,,,,,,
1789022820,78.4,78.6,78.4,78.6,20200,2026-09-10,,,,,,,,
1789022880,78.6,78.6,78.5,78.6,900,2026-09-10,,,,,,,,
1789022940,78.6,78.6,78.6,78.6,1900,2026-09-10,,,,,,,,
1789023000,78.6,78.7,78.6,78.6,9300,2026-09-10,,,,,,,,
1789023060,78.7,78.7,78.6,78.6,26600,2026-09-10,,,,,,,,
1789023120,78.7,78.7,78.6,78.7,700,2026-09-10,,,,,,,,
1789023180,78.7,78.7,78.6,78.7,2500,2026-09-10,,,,,,,,
1789023240,78.6,78.7,78.5,78.6,20200,2026-09-10,,,,,,,,
1789023300,78.6,78.6,78.6,78.6,15200,2026-09-10,,,,,,,,
1789023360,78.6,78.7,78.6,78.7,6100,2026-09-10,,,,,,,,
1789023420,78.7,78.7,78.6,78.7,5600,2026-09-10,,,,,,,,
1789023480,78.6,78.7,78.6,78.6,21800,2026-09-10,,,,,,,,
1789023540,78.7,78.7,78.6,78.6,15500,2026-09-10,,,,,,,,
1789023600,78.6,78.8,78.6,78.8,42300,2026-09-10,,,,,,,,
1789023660,78.6,78.8,78.5,78.5,26400,2026-09-10,,,,,,,,
1789023720,78.5,78.8,78.5,78.8,3100,2026-09-10,,,,,,,,
1789023780,78.8,78.8,78.7,78.7,1600,2026-09-10,,,,,,,,
1789023840,78.7,78.7,78.6,78.7,47800,2026-09-10,,,,,,,,
1789023900,78.5,78.7,78.5,78.7,400,2026-09-10,,,,,,,,
1789023960,78.7,78.7,78.6,78.7,46200,2026-09-10,,,,,,,,
1789024020,78.7,78.8,78.6,78.8,32100,2026-09-10,,,,,,,,
1789024080,78.8,78.8,78.7,78.7,6400,2026-09-10,,,,,,,,
1789024140,78.7,78.7,78.6,78.7,400,2026-09-10,,,,,,,,
1789024200,78.7,78.8,78.7,78.8,59200,2026-09-10,,,,,,,,
1789024260,78.7,78.8,78.6,78.7,7000,2026-09-10,,,,,,,,
1789024320,78.7,78.7,78.7,78.7,40300,2026-09-10,,,,,,,,
1789024380,78.7,78.7,78.6,78.7,3400,2026-09-10,,,,,,,,
1789024440,78.6,78.6,78.5,78.5,2600,2026-09-10,,,,,,,,
1789024500,78.4,78.5,78.3,78.5,18200,2026-09-10,,,,,,,,
1789024560,78.2,78.6,78.2,78.5,37400,2026-09-10,,,,,,,,
1789024620,78.6,78.6,78.5,78.5,18000,2026-09-10,,,,,,,,
1789024680,78.5,78.6,78.2,78.2,500,2026-09-10,,,,,,,,
1789024740,78.2,78.5,78.2,78.5,600,2026-09-10,,,,,,,,
1789024800,78.5,78.5,78.5,78.5,8200,2026-09-10,,,,,,,,
1789024860,78.5,78.8,78.5,78.8,55900,2026-09-10,,,,,,,,
1789024920,78.8,78.8,78.4,78.4,1000,2026-09-10,,,,,,,,
1789024980,78.8,78.8,78.4,78.4,3900,2026-09-10,,,,,,,,
1789025040,78.4,78.4,78.4,78.4,1600,2026-09-10,,,,,,,,
1789025100,78.3,78.5,78.3,78.5,7500,2026-09-10,,,,,,,,
1789025160,78.5,78.5,78.4,78.5,4000,2026-09-10,,,,,,,,
1789025220,78.4,78.5,78.3,78.5,6700,2026-09-10,,,,,,,,
1789025280,78.3,78.5,78.3,78.5,13700,2026-09-10,,,,,,,,
1789025340,78.5,78.5,78.2,78.2,9100,2026-09-10,,,,,,,,
1789026300,78.0,78.0,78.0,78.0,277600,2026-09-10,,,,,,,,
1789092900,78.2,78.4,78.1,78.4,26800,2026-09-11,,,,,,,,
1789092960,78.4,78.6,78.4,78.6,27100,2026-09-11,,,,,,,,
1789093020,78.4,78.4,78.4,78.4,5000,2026-09-11,,,,,,,,
1789093080,78.4,78.4,78.4,78.4,4100,2026-09-11,,,,,,,,
1789093140,78.4,78.4,78.4,78.4,200,2026-09-11,,,,,,,,
1789093200,78.5,78.5,78.4,78.4,700,2026-09-11,,,,,,,,
1789093260,78.4,78.5,78.4,78.4,3000,2026-09-11,,,,,,,,
1789093320,78.4,78.5,78.4,78.5,2400,2026-09-11,,,,,,,,
1789093380,78.6,78.6,78.5,78.5,5700,2026-09-11,,,,,,,,
1789093440,78.5,78.6,78.5,78.6,8300,2026-09-11,,,,,,,,
1789093500,78.6,78.7,78.6,78.6,21200,2026-09-11,,,,,,,,
1789093560,78.6,78.6,78.5,78.5,6700,2026-09-11,,,,,,,,
1789093620,78.5,78.5,78.5,78.5,400,2026-09-11,,,,,,,,
1789093680,78.5,78.5,78.4,78.4,2000,2026-09-11,,,,,,,,
1789093740,78.5,78.5,78.4,78.4,11200,2026-09-11,,,,,,,,
1789093800,78.4,78.4,78.1,78.1,19500,2026-09-11,,,,,,,,
1789093860,78.1,78.2,78.1,78.2,900,2026-09-11,,,,,,,,
1789093920,78.2,78.2,78.1,78.2,3000,2026-09-11,,,,,,,,
1789093980,78.1,78.2,78.1,78.2,1900,2026-09-11,,,,,,,,
1789094040,78.1,78.1,78.1,78.1,500,2026-09-11,,,,,,,,
1789094100,78.1,78.1,78.1,78.1,100,2026-09-11,,,,,,,,
1789094160,78.2,78.2,78.1,78.2,3700,2026-09-11,,,,,,,,
1789094220,78.2,78.3,78.2,78.2,400,2026-09-11,,,,,,,,
1789094280,78.2,78.2,78.2,78.2,100,2026-09-11,,,,,,,,
1789094340,78.2,78.2,78.2,78.2,1700,2026-09-11,,,,,,,,
1789094400,78.2,78.2,78.2,78.2,300,2026-09-11,,,,,,,,
1789094460,78.2,78.2,78.2,78.2,200,2026-09-11,,,,,,,,
1789094520,78.2,78.2,78.2,78.2,100,2026-09-11,,,,,,,,
1789094580,78.2,78.3,78.2,78.3,2800,2026-09-11,,,,,,,,
1789094640,78.2,78.3,78.2,78.2,800,2026-09-11,,,,,,,,
1789094700,78.3,78.4,78.2,78.4,14000,2026-09-11,,,,,,,,
1789094760,78.4,78.4,78.3,78.4,300,2026-09-11,,,,,,,,
1789094820,78.4,78.4,78.3,78.3,1000,2026-09-11,,,,,,,,
1789094880,78.3,78.4,78.3,78.3,1100,2026-09-11,,,,,,,,
1789094940,78.3,78.4,78.3,78.4,200,2026-09-11,,,,,,,,
1789095000,78.3,78.4,78.3,78.3,1200,2026-09-11,,,,,,,,
1789095060,78.3,78.3,78.3,78.3,1600,2026-09-11,,,,,,,,
1789095120,78.3,78.3,78.3,78.3,300,2026-09-11,,,,,,,,
1789095180,78.3,78.3,78.3,78.3,2700,2026-09-11,,,,,,,,
1789095240,78.3,78.3,78.3,78.3,6800,2026-09-11,,,,,,,,
1789095300,78.2,78.2,78.2,78.2,200,2026-09-11,,,,,,,,
1789095360,78.2,78.2,78.2,78.2,6000,2026-09-11,,,,,,,,
1789095420,78.2,78.2,78.2,78.2,2400,2026-09-11,,,,,,,,
1789095480,78.2,78.2,78.1,78.1,9700,2026-09-11,,,,,,,,
1789095540,78.1,78.1,78.0,78.0,5300,2026-09-11,,,,,,,,
1789095600,78.0,78.0,78.0,78.0,2500,2026-09-11,,,,,,,,
1789095660,78.0,78.0,78.0,78.0,5000,2026-09-11,,,,,,,,
1789095720,78.0,78.0,78.0,78.0,2800,2026-09-11,,,,,,,,
1789095780,78.0,78.0,78.0,78.0,6500,2026-09-11,,,,,,,,
1789095840,78.0,78.0,78.0,78.0,2600,2026-09-11,,,,,,,,
1789095900,78.0,78.0,77.9,78.0,25500,2026-09-11,,,,,,,,
1789095960,77.9,77.9,77.8,77.8,5300,2026-09-11,,,,,,,,
1789096020,77.8,77.8,77.6,77.6,16400,2026-09-11,,,,,,,,
1789096080,77.6,77.7,77.5,77.5,14700,2026-09-11,,,,,,,,
1789096140,77.5,77.6,77.5,77.5,9500,2026-09-11,,,,,,,,
1789096200,77.5,77.5,77.5,77.5,7800,2026-09-11,,,,,,,,
1789096260,77.6,77.6,77.5,77.5,8300,2026-09-11,,,,,,,,
1789096320,77.5,77.5,77.5,77.5,2700,2026-09-11,,,,,,,,
1789096380,77.5,77.6,77.5,77.6,3000,2026-09-11,,,,,,,,
1789096440,77.6,77.6,77.5,77.6,20400,2026-09-11,,,,,,,,
1789096500,77.6,77.6,77.5,77.6,4800,2026-09-11,,,,,,,,
1789096560,77.5,77.5,77.5,77.5,3500,2026-09-11,,,,,,,,
1789096620,77.5,77.6,77.5,77.5,2600,2026-09-11,,,,,,,,
1789096680,77.5,77.6,77.4,77.4,9800,2026-09-11,,,,,,,,
1789096740,77.4,77.4,77.4,77.4,1600,2026-09-11,,,,,,,,
1789096800,77.4,77.4,77.3,77.3,11600,2026-09-11,,,,,,,,
1789096860,77.2,77.3,77.2,77.3,2500,2026-09-11,,,,,,,,
1789096920,77.2,77.2,77.2,77.2,2300,2026-09-11,,,,,,,,
1789096980,77.2,77.2,77.2,77.2,4000,2026-09-11,,,,,,,,
1789097040,77.2,77.2,77.2,77.2,1400,2026-09-11,,,,,,,,
1789097100,77.2,77.2,77.2,77.2,3500,2026-09-11,,,,,,,,
1789097160,77.2,77.4,77.2,77.4,7400,2026-09-11,,,,,,,,
1789097220,77.3,77.3,77.2,77.3,4300,2026-09-11,,,,,,,,
1789097280,77.3,77.4,77.3,77.3,5800,2026-09-11,,,,,,,,
1789097340,77.3,77.3,77.3,77.3,1000,2026-09-11,,,,,,,,
1789097400,77.3,77.4,77.3,77.4,4900,2026-09-11,,,,,,,,
1789097460,77.3,77.3,77.3,77.3,2400,2026-09-11,,,,,,,,
1789097520,77.3,77.4,77.3,77.4,4800,2026-09-11,,,,,,,,
1789097580,77.4,77.6,77.4,77.6,14100,2026-09-11,,,,,,,,
1789097640,77.5,77.5,77.5,77.5,100,2026-09-11,,,,,,,,
1789097700,77.5,77.6,77.5,77.5,1700,2026-09-11,,,,,,,,
1789097760,77.5,77.7,77.5,77.7,6500,2026-09-11,,,,,,,,
1789097820,77.6,77.6,77.6,77.6,2500,2026-09-11,,,,,,,,
1789097880,77.6,77.8,77.6,77.8,12600,2026-09-11,,,,,,,,
1789097940,77.7,78.0,77.7,77.7,23300,2026-09-11,,,,,,,,
1789098000,78.0,78.2,78.0,78.2,14200,2026-09-11,,,,,,,,
1789098060,78.2,78.2,78.1,78.1,4300,2026-09-11,,,,,,,,
1789098120,78.1,78.1,78.1,78.1,3100,2026-09-11,,,,,,,,
1789098180,78.1,78.1,78.0,78.0,3500,2026-09-11,,,,,,,,
1789098240,78.0,78.0,78.0,78.0,1400,2026-09-11,,,,,,,,
1789098300,78.1,78.1,78.0,78.0,1400,2026-09-11,,,,,,,,
1789098360,77.9,77.9,77.9,77.9,2400,2026-09-11,,,,,,,,
1789098420,77.9,77.9,77.9,77.9,1200,2026-09-11,,,,,,,,
1789098480,77.9,77.9,77.9,77.9,1400,2026-09-11,,,,,,,,
1789098540,77.9,78.0,77.9,77.9,500,2026-09-11,,,,,,,,
1789098600,77.9,77.9,77.9,77.9,2400,2026-09-11,,,,,,,,
1789098660,77.9,77.9,77.9,77.9,100,2026-09-11,,,,,,,,
1789098720,78.0,78.0,77.9,77.9,7800,2026-09-11,,,,,,,,
1789098780,77.9,77.9,77.9,77.9,600,2026-09-11,,,,,,,,
1789098840,77.9,77.9,77.9,77.9,2500,2026-09-11,,,,,,,,
1789098900,77.9,77.9,77.9,77.9,1600,2026-09-11,,,,,,,,
1789098960,77.9,77.9,77.7,77.7,8300,2026-09-11,,,,,,,,
1789099020,77.7,78.2,77.7,78.2,54600,2026-09-11,,,,,,,,
1789099080,77.7,77.7,77.7,77.7,1400,2026-09-11,,,,,,,,
1789099140,77.9,77.9,77.8,77.8,200,2026-09-11,,,,,,,,
1789099200,77.8,77.8,77.7,77.7,2100,2026-09-11,,,,,,,,
1789099260,77.9,78.6,77.9,78.6,35100,2026-09-11,,,,,,,,
1789099320,78.1,78.6,78.1,78.1,1300,2026-09-11,,,,,,,,
1789099380,78.1,78.9,78.1,78.2,21300,2026-09-11,,,,,,,,
1789099440,78.5,78.5,78.5,78.5,200,2026-09-11,,,,,,,,
1789099500,78.8,78.9,78.3,78.9,5700,2026-09-11,,,,,,,,
1789099560,78.3,78.3,78.3,78.3,2500,2026-09-11,,,,,,,,
1789099620,78.3,79.0,78.3,78.3,32300,2026-09-11,,,,,,,,
1789099680,78.3,79.0,78.3,79.0,22200,2026-09-11,,,,,,,,
1789099740,79.0,79.0,78.6,78.6,2000,2026-09-11,,,,,,,,
1789099800,78.6,78.6,78.1,78.2,64500,2026-09-11,,,,,,,,
1789099860,78.2,79.0,78.2,79.0,47300,2026-09-11,,,,,,,,
1789099920,78.3,78.3,78.1,78.1,31400,2026-09-11,,,,,,,,
1789099980,78.2,78.2,78.2,78.2,300,2026-09-11,,,,,,,,
1789100040,78.4,79.0,78.2,78.2,60200,2026-09-11,,,,,,,,
1789100100,78.3,78.7,78.0,78.1,32100,2026-09-11,,,,,,,,
1789100160,78.1,79.0,78.1,78.1,91300,2026-09-11,,,,,,,,
1789100220,78.2,78.9,78.1,78.9,91300,2026-09-11,,,,,,,,
1789100280,78.3,78.3,78.2,78.3,1200,2026-09-11,,,,,,,,
1789100340,78.3,78.3,78.1,78.2,22400,2026-09-11,,,,,,,,
1789100400,78.2,78.2,78.1,78.1,92400,2026-09-11,,,,,,,,
1789100460,78.1,78.1,78.1,78.1,200,2026-09-11,,,,,,,,
1789100520,78.1,78.1,78.1,78.1,100,2026-09-11,,,,,,,,
1789100580,78.1,78.1,78.1,78.1,3100,2026-09-11,,,,,,,,
1789100640,78.0,78.0,77.9,77.9,36700,2026-09-11,,,,,,,,
1789100700,77.8,77.8,77.7,77.7,10800,2026-09-11,,,,,,,,
1789100760,77.9,78.1,77.7,77.9,21300,2026-09-11,,,,,,,,
1789100820,77.9,77.9,77.9,77.9,400,2026-09-11,,,,,,,,
1789100880,77.9,77.9,77.9,77.9,100,2026-09-11,,,,,,,,
1789100940,77.9,77.9,77.9,77.9,200,2026-09-11,,,,,,,,
1789106400,77.9,78.0,77.7,77.9,55500,2026-09-11,,,,,,,,
1789106460,77.8,78.0,77.8,77.9,47000,2026-09-11,,,,,,,,
1789106520,77.9,77.9,77.9,77.9,20500,2026-09-11,,,,,,,,
1789106640,77.7,77.7,77.7,77.7,300,2026-09-11,,,,,,,,
1789106700,77.8,78.0,77.7,77.7,64200,2026-09-11,,,,,,,,
1789106760,77.7,78.4,77.7,77.9,61300,2026-09-11,,,,,,,,
1789106820,77.9,78.5,77.9,78.0,50500,2026-09-11,,,,,,,,
1789106880,78.4,78.7,78.1,78.5,54100,2026-09-11,,,,,,,,
1789106940,78.5,78.7,78.5,78.5,30900,2026-09-11,,,,,,,,
1789107000,78.5,78.8,78.5,78.8,51000,2026-09-11,,,,,,,,
1789107060,78.5,78.9,78.5,78.9,110300,2026-09-11,,,,,,,,
1789107120,78.7,78.9,78.7,78.9,50000,2026-09-11,,,,,,,,
1789107180,78.7,78.7,78.7,78.7,700,2026-09-11,,,,,,,,
1789107240,78.6,78.6,78.4,78.4,4100,2026-09-11,,,,,,,,
1789107300,78.4,78.4,78.0,78.0,20900,2026-09-11,,,,,,,,
1789107360,78.0,78.0,77.7,77.7,48600,2026-09-11,,,,,,,,
1789107420,77.7,78.9,77.7,78.9,323700,2026-09-11,,,,,,,,
1789107480,78.0,78.9,78.0,78.1,103400,2026-09-11,,,,,,,,
1789107540,78.1,78.9,77.8,78.9,133900,2026-09-11,,,,,,,,
1789107600,78.1,78.9,77.8,78.8,82700,2026-09-11,,,,,,,,
1789107660,78.1,79.0,78.0,78.9,162400,2026-09-11,,,,,,,,
1789107720,78.1,79.0,78.0,78.1,152400,2026-09-11,,,,,,,,
1789107780,78.2,78.2,77.9,78.0,87300,2026-09-11,,,,,,,,
1789107840,77.9,78.0,77.7,78.0,43100,2026-09-11,,,,,,,,
1789107900,77.8,79.0,77.7,77.9,391500,2026-09-11,,,,,,,,
1789107960,78.6,78.9,78.0,78.6,83500,2026-09-11,,,,,,,,
1789108020,78.1,79.0,78.0,78.1,283800,2026-09-11,,,,,,,,
1789108080,78.3,78.3,78.1,78.1,33500,2026-09-11,,,,,,,,
1789108140,78.1,78.9,78.0,78.9,113800,2026-09-11,,,,,,,,
1789108200,78.7,79.0,77.9,79.0,331800,2026-09-11,,,,,,,,
1789108260,78.1,78.2,78.0,78.1,40300,2026-09-11,,,,,,,,
1789108320,78.2,78.2,78.0,78.0,43700,2026-09-11,,,,,,,,
1789108380,78.0,78.0,77.9,77.9,56800,2026-09-11,,,,,,,,
1789108440,77.9,78.9,77.7,78.9,215200,2026-09-11,,,,,,,,
1789108500,78.5,78.9,77.7,78.8,198700,2026-09-11,,,,,,,,
1789108560,78.0,79.0,77.9,78.0,331800,2026-09-11,,,,,,,,
1789108620,78.0,78.9,78.0,78.0,194800,2026-09-11,,,,,,,,
1789108680,78.1,78.9,77.9,78.1,218200,2026-09-11,,,,,,,,
1789108740,78.1,78.7,78.0,78.0,38700,2026-09-11,,,,,,,,
1789108800,78.0,78.9,78.0,78.1,111500,2026-09-11,,,,,,,,
1789108860,78.8,78.9,78.2,78.9,154500,2026-09-11,,,,,,,,
1789108920,78.9,79.0,78.4,78.4,11900,2026-09-11,,,,,,,,
1789108980,78.9,78.9,78.4,78.4,6400,2026-09-11,,,,,,,,
1789109040,78.9,78.9,78.2,78.3,23700,2026-09-11,,,,,,,,
1789109100,78.8,78.8,78.5,78.5,24200,2026-09-11,,,,,,,,
1789109160,78.5,78.7,78.2,78.5,31500,2026-09-11,,,,,,,,
1789109220,78.7,78.9,78.5,78.9,53300,2026-09-11,,,,,,,,
1789109280,78.9,78.9,78.9,78.9,26200,2026-09-11,,,,,,,,
1789109340,78.9,79.0,78.5,78.5,40600,2026-09-11,,,,,,,,
1789109400,78.5,78.5,78.5,78.5,7100,2026-09-11,,,,,,,,
1789109460,78.5,78.9,78.4,78.9,88300,2026-09-11,,,,,,,,
1789109520,78.5,78.5,78.4,78.4,6000,2026-09-11,,,,,,,,
1789109580,78.4,78.5,78.3,78.3,19000,2026-09-11,,,,,,,,
1789109640,78.8,78.9,78.3,78.3,46000,2026-09-11,,,,,,,,
1789109700,78.3,78.3,78.3,78.3,20300,2026-09-11,,,,,,,,
1789109760,78.3,78.9,78.2,78.2,67300,2026-09-11,,,,,,,,
1789109820,78.4,78.4,78.1,78.1,20400,2026-09-11,,,,,,,,
1789109880,78.6,78.9,78.2,78.3,177400,2026-09-11,,,,,,,,
1789109940,78.3,78.3,78.3,78.3,17300,2026-09-11,,,,,,,,
1789110000,78.3,78.9,78.3,78.3,69200,2026-09-11,,,,,,,,
1789110060,78.3,78.3,78.2,78.2,34000,2026-09-11,,,,,,,,
1789110120,78.3,78.3,78.2,78.2,6400,2026-09-11,,,,,,,,
1789110180,78.2,78.9,78.2,78.2,66400,2026-09-11,,,,,,,,
1789110240,78.2,78.3,78.1,78.2,12600,2026-09-11,,,,,,,,
1789110300,78.2,78.2,78.2,78.2,10000,2026-09-11,,,,,,,,
1789110360,78.2,78.9,78.2,78.2,66300,2026-09-11,,,,,,,,
1789110420,78.3,79.0,78.2,79.0,117300,2026-09-11,,,,,,,,
1789110480,78.3,78.9,78.2,78.3,19800,2026-09-11,,,,,,,,
1789110540,78.3,78.3,78.2,78.3,6600,2026-09-11,,,,,,,,
1789110600,78.3,78.9,78.2,78.2,56300,2026-09-11,,,,,,,,
1789110660,78.3,78.3,78.2,78.2,13700,2026-09-11,,,,,,,,
1789110720,78.1,78.1,78.0,78.1,37100,2026-09-11,,,,,,,,
1789110780,78.0,78.9,78.0,78.8,223500,2026-09-11,,,,,,,,
1789110840,78.1,78.2,78.1,78.2,6300,2026-09-11,,,,,,,,
1789110900,78.2,78.9,78.2,78.2,116300,2026-09-11,,,,,,,,
1789110960,78.2,78.3,78.1,78.1,38000,2026-09-11,,,,,,,,
1789111020,78.0,78.0,77.9,77.9,89000,2026-09-11,,,,,,,,
1789111080,77.9,77.9,77.8,77.8,53600,2026-09-11,,,,,,,,
1789111140,77.8,77.9,77.8,77.8,14300,2026-09-11,,,,,,,,
1789111200,77.8,77.8,77.7,77.7,46800,2026-09-11,,,,,,,,
1789111260,77.7,77.7,77.6,77.7,55500,2026-09-11,,,,,,,,
1789111320,77.7,77.7,77.6,77.7,24000,2026-09-11,,,,,,,,
1789111380,77.6,77.6,77.6,77.6,15700,2026-09-11,,,,,,,,
1789111440,77.6,77.7,77.6,77.6,13800,2026-09-11,,,,,,,,
1789111500,77.6,77.7,77.6,77.6,18400,2026-09-11,,,,,,,,
1789111560,77.6,77.6,77.6,77.6,1600,2026-09-11,,,,,,,,
1789111620,77.5,77.6,77.5,77.5,32500,2026-09-11,,,,,,,,
1789111680,77.5,77.6,77.5,77.6,31500,2026-09-11,,,,,,,,
1789111740,77.6,77.7,77.6,77.6,13400,2026-09-11,,,,,,,,
1789112700,77.3,77.3,77.3,77.3,401800,2026-09-11,,,,,,,,
1789352100,77.3,77.8,77.3,77.3,34600,2026-09-14,,,,,,,,
1789352160,77.3,77.3,77.3,77.3,200,2026-09-14,,,,,,,,
1789352220,77.4,77.4,77.4,77.4,3900,2026-09-14,,,,,,,,
1789352280,77.5,77.9,77.4,77.9,12300,2026-09-14,,,,,,,,
1789352340,77.7,77.7,77.7,77.7,100,2026-09-14,,,,,,,,
1789352400,77.9,77.9,77.7,77.9,4600,2026-09-14,,,,,,,,
1789352460,77.8,77.9,77.7,77.7,4600,2026-09-14,,,,,,,,
1789352520,77.7,77.7,77.7,77.7,600,2026-09-14,,,,,,,,
1789352580,77.7,77.9,77.7,77.9,2700,2026-09-14,,,,,,,,
1789352640,77.9,77.9,77.7,77.9,2400,2026-09-14,,,,,,,,
1789352700,77.9,77.9,77.8,77.8,19200,2026-09-14,,,,,,,,
1789352760,77.8,77.8,77.6,77.7,24500,2026-09-14,,,,,,,,
1789352820,77.6,77.7,77.6,77.7,11900,2026-09-14,,,,,,,,
1789352880,77.6,77.6,77.5,77.5,5100,2026-09-14,,,,,,,,
1789352940,77.4,77.5,77.4,77.5,400,2026-09-14,,,,,,,,
1789353000,77.4,77.5,77.4,77.4,800,2026-09-14,,,,,,,,
1789353060,77.5,77.7,77.4,77.4,4000,2026-09-14,,,,,,,,
1789353120,77.7,77.7,77.5,77.5,1000,2026-09-14,,,,,,,,
1789353180,77.5,77.5,77.5,77.5,100,2026-09-14,,,,,,,,
1789353240,77.5,77.5,77.5,77.5,400,2026-09-14,,,,,,,,
1789353300,77.5,77.5,77.4,77.4,300,2026-09-14,,,,,,,,
1789353360,77.4,77.4,77.4,77.4,100,2026-09-14,,,,,,,,
1789353420,77.4,77.4,77.4,77.4,400,2026-09-14,,,,,,,,
1789353480,77.4,77.4,77.4,77.4,100,2026-09-14,,,,,,,,
1789353540,77.4,77.4,77.4,77.4,300,2026-09-14,,,,,,,,
1789353600,77.5,77.5,77.3,77.3,20200,2026-09-14,,,,,,,,
1789353660,77.3,77.5,77.3,77.3,7600,2026-09-14,,,,,,,,
1789353720,77.3,77.5,77.3,77.5,600,2026-09-14,,,,,,,,
1789353780,77.3,77.5,77.3,77.4,400,2026-09-14,,,,,,,,
1789353840,77.3,77.5,77.3,77.5,3300,2026-09-14,,,,,,,,
1789353900,77.3,77.4,77.3,77.3,500,2026-09-14,,,,,,,,
1789353960,77.4,77.4,77.2,77.2,8900,2026-09-14,,,,,,,,
1789354020,77.3,77.3,77.2,77.2,800,2026-09-14,,,,,,,,
1789354080,77.3,77.3,77.2,77.2,900,2026-09-14,,,,,,,,
1789354140,77.3,77.3,77.2,77.2,1100,2026-09-14,,,,,,,,
1789354200,77.3,77.4,77.2,77.4,20800,2026-09-14,,,,,,,,
1789354260,77.4,77.4,77.2,77.2,15900,2026-09-14,,,,,,,,
1789354320,77.2,77.4,77.2,77.4,5300,2026-09-14,,,,,,,,
1789354380,77.2,77.4,77.2,77.4,2800,2026-09-14,,,,,,,,
1789354440,77.3,77.4,77.2,77.2,3700,2026-09-14,,,,,,,,
1789354500,77.4,77.4,77.1,77.2,52400,2026-09-14,,,,,,,,
1789354560,77.2,77.2,77.1,77.2,8200,2026-09-14,,,,,,,,
1789354620,77.2,77.2,77.1,77.1,4700,2026-09-14,,,,,,,,
1789354680,77.1,77.1,77.1,77.1,2500,2026-09-14,,,,,,,,
1789354740,77.0,77.0,76.9,76.9,16200,2026-09-14,,,,,,,,
1789354800,76.9,76.9,76.8,76.8,12800,2026-09-14,,,,,,,,
1789354860,76.8,76.9,76.8,76.8,6100,2026-09-14,,,,,,,,
1789354920,76.8,76.9,76.8,76.9,2700,2026-09-14,,,,,,,,
1789354980,76.8,76.9,76.8,76.8,2100,2026-09-14,,,,,,,,
1789355040,76.8,76.8,76.8,76.8,100,2026-09-14,,,,,,,,
1789355100,76.8,76.9,76.8,76.8,4500,2026-09-14,,,,,,,,
1789355160,76.8,76.8,76.8,76.8,1800,2026-09-14,,,,,,,,
1789355220,76.8,76.8,76.8,76.8,800,2026-09-14,,,,,,,,
1789355280,76.8,76.8,76.8,76.8,100,2026-09-14,,,,,,,,
1789355340,76.8,76.8,76.6,76.6,37400,2026-09-14,,,,,,,,
1789355400,76.6,76.7,76.6,76.6,9100,2026-09-14,,,,,,,,
1789355460,76.6,76.6,76.6,76.6,2900,2026-09-14,,,,,,,,
1789355520,76.6,76.6,76.6,76.6,1400,2026-09-14,,,,,,,,
1789355580,76.6,76.6,76.6,76.6,1100,2026-09-14,,,,,,,,
1789355640,76.6,76.6,76.6,76.6,1300,2026-09-14,,,,,,,,
1789355700,76.6,76.6,76.6,76.6,10600,2026-09-14,,,,,,,,
1789355760,76.6,76.6,76.5,76.6,15000,2026-09-14,,,,,,,,
1789355820,76.6,76.6,76.5,76.6,2500,2026-09-14,,,,,,,,
1789355880,76.5,76.6,76.5,76.5,13800,2026-09-14,,,,,,,,
1789355940,76.5,76.5,76.5,76.5,9600,2026-09-14,,,,,,,,
1789356000,76.5,76.5,76.5,76.5,3800,2026-09-14,,,,,,,,
1789356060,76.5,76.6,76.5,76.6,2400,2026-09-14,,,,,,,,
1789356120,76.5,76.6,76.5,76.6,10900,2026-09-14,,,,,,,,
1789356180,76.6,76.6,76.6,76.6,1000,2026-09-14,,,,,,,,
1789356240,76.8,77.0,76.8,77.0,26900,2026-09-14,,,,,,,,
1789356300,77.0,77.0,77.0,77.0,200,2026-09-14,,,,,,,,
1789356360,77.0,77.0,76.8,76.9,3700,2026-09-14,,,,,,,,
1789356420,77.0,77.1,77.0,77.1,9200,2026-09-14,,,,,,,,
1789356480,77.1,77.1,76.9,76.9,47600,2026-09-14,,,,,,,,
1789356540,76.9,76.9,76.9,76.9,400,2026-09-14,,,,,,,,
1789356600,76.9,76.9,76.9,76.9,200,2026-09-14,,,,,,,,
1789356660,76.9,76.9,76.9,76.9,2200,2026-09-14,,,,,,,,
1789356720,76.9,76.9,76.9,76.9,100,2026-09-14,,,,,,,,
1789356780,76.9,76.9,76.9,76.9,7100,2026-09-14,,,,,,,,
1789356840,76.9,76.9,76.9,76.9,200,2026-09-14,,,,,,,,
1789356900,76.9,76.9,76.9,76.9,2900,2026-09-14,,,,,,,,
1789356960,76.9,77.0,76.9,76.9,800,2026-09-14,,,,,,,,
1789357020,76.9,77.0,76.9,76.9,6000,2026-09-14,,,,,,,,
1789357080,76.9,77.0,76.9,77.0,57800,2026-09-14,,,,,,,,
1789357140,77.0,77.0,76.9,77.0,1300,2026-09-14,,,,,,,,
1789357200,76.9,76.9,76.9,76.9,100,2026-09-14,,,,,,,,
1789357260,76.9,76.9,76.9,76.9,2000,2026-09-14,,,,,,,,
1789357320,76.9,76.9,76.9,76.9,200,2026-09-14,,,,,,,,
1789357380,76.9,76.9,76.9,76.9,100,2026-09-14,,,,,,,,
1789357440,76.9,76.9,76.9,76.9,200,2026-09-14,,,,,,,,
1789357500,76.9,76.9,76.9,76.9,200,2026-09-14,,,,,,,,
1789357560,76.9,76.9,76.9,76.9,5200,2026-09-14,,,,,,,,
1789357620,76.9,76.9,76.9,76.9,1100,2026-09-14,,,,,,,,
1789357680,76.9,76.9,76.9,76.9,5200,2026-09-14,,,,,,,,
1789357740,76.9,76.9,76.9,76.9,29500,2026-09-14,,,,,,,,
1789357800,76.9,76.9,76.8,76.8,600,2026-09-14,,,,,,,,
1789357860,76.8,76.8,76.8,76.8,100,2026-09-14,,,,,,,,
1789357920,76.9,76.9,76.8,76.8,1400,2026-09-14,,,,,,,,
1789357980,76.8,76.8,76.8,76.8,100,2026-09-14,,,,,,,,
1789358040,76.8,76.9,76.8,76.8,400,2026-09-14,,,,,,,,
1789358100,76.8,76.8,76.8,76.8,100,2026-09-14,,,,,,,,
1789358160,76.8,76.8,76.8,76.8,2300,2026-09-14,,,,,,,,
1789358220,76.8,76.8,76.8,76.8,100,2026-09-14,,,,,,,,
1789358280,76.8,76.9,76.8,76.9,4300,2026-09-14,,,,,,,,
1789358340,76.9,76.9,76.9,76.9,2900,2026-09-14,,,,,,,,
1789358400,76.9,76.9,76.9,76.9,900,2026-09-14,,,,,,,,
1789358460,76.9,76.9,76.9,76.9,1200,2026-09-14,,,,,,,,
1789358520,76.9,76.9,76.9,76.9,100,2026-09-14,,,,,,,,
1789358580,76.9,76.9,76.9,76.9,100,2026-09-14,,,,,,,,
1789358640,76.9,76.9,76.9,76.9,300,2026-09-14,,,,,,,,
1789358700,76.9,76.9,76.9,76.9,2200,2026-09-14,,,,,,,,
1789358760,76.9,76.9,76.9,76.9,200,2026-09-14,,,,,,,,
1789358820,76.9,76.9,76.9,76.9,100,2026-09-14,,,,,,,,
1789358880,76.9,76.9,76.9,76.9,2100,2026-09-14,,,,,,,,
1789358940,76.9,76.9,76.9,76.9,200,2026-09-14,,,,,,,,
1789359000,76.9,76.9,76.9,76.9,200,2026-09-14,,,,,,,,
1789359060,76.9,76.9,76.9,76.9,500,2026-09-14,,,,,,,,
1789359120,76.9,76.9,76.9,76.9,100,2026-09-14,,,,,,,,
1789359180,76.9,76.9,76.9,76.9,100,2026-09-14,,,,,,,,
1789359240,76.9,76.9,76.9,76.9,200,2026-09-14,,,,,,,,
1789359300,76.9,76.9,76.8,76.8,9900,2026-09-14,,,,,,,,
1789359360,76.9,76.9,76.9,76.9,100,2026-09-14,,,,,,,,
1789359420,76.9,76.9,76.9,76.9,400,2026-09-14,,,,,,,,
1789359480,76.9,76.9,76.9,76.9,100,2026-09-14,,,,,,,,
1789359540,76.9,76.9,76.9,76.9,200,2026-09-14,,,,,,,,
1789359600,76.9,76.9,76.9,76.9,100,2026-09-14,,,,,,,,
1789359660,76.9,77.0,76.9,77.0,20100,2026-09-14,,,,,,,,
1789359720,77.0,77.0,76.9,76.9,20200,2026-09-14,,,,,,,,
1789359780,76.9,76.9,76.9,76.9,2400,2026-09-14,,,,,,,,
1789359840,76.9,76.9,76.9,76.9,700,2026-09-14,,,,,,,,
1789359900,76.9,77.0,76.9,77.0,300,2026-09-14,,,,,,,,
1789359960,76.9,77.0,76.9,77.0,500,2026-09-14,,,,,,,,
1789360020,76.9,77.0,76.9,77.0,200,2026-09-14,,,,,,,,
1789360080,76.9,76.9,76.9,76.9,300,2026-09-14,,,,,,,,
1789360140,76.9,76.9,76.9,76.9,200,2026-09-14,,,,,,,,
1789365600,76.9,77.0,76.6,76.6,47000,2026-09-14,,,,,,,,
1789365660,76.6,76.7,76.6,76.7,20900,2026-09-14,,,,,,,,
1789365720,76.7,76.8,76.7,76.8,9300,2026-09-14,,,,,,,,
1789365780,76.8,76.8,76.8,76.8,300,2026-09-14,,,,,,,,
1789365840,76.8,76.8,76.8,76.8,200,2026-09-14,,,,,,,,
1789365900,76.8,76.8,76.8,76.8,300,2026-09-14,,,,,,,,
1789365960,76.8,76.8,76.8,76.8,100,2026-09-14,,,,,,,,
1789366020,76.8,76.8,76.8,76.8,800,2026-09-14,,,,,,,,
1789366080,76.9,76.9,76.8,76.9,1200,2026-09-14,,,,,,,,
1789366140,76.8,76.8,76.8,76.8,900,2026-09-14,,,,,,,,
1789366200,76.8,76.8,76.8,76.8,700,2026-09-14,,,,,,,,
1789366260,76.8,76.8,76.8,76.8,15600,2026-09-14,,,,,,,,
1789366320,76.8,76.8,76.8,76.8,7000,2026-09-14,,,,,,,,
1789366380,76.8,76.8,76.8,76.8,7200,2026-09-14,,,,,,,,
1789366440,76.8,76.8,76.6,76.8,40200,2026-09-14,,,,,,,,
1789366500,76.8,76.8,76.8,76.8,700,2026-09-14,,,,,,,,
1789366560,76.8,76.8,76.8,76.8,1600,2026-09-14,,,,,,,,
1789366620,76.8,76.8,76.8,76.8,700,2026-09-14,,,,,,,,
1789366680,76.8,76.8,76.8,76.8,800,2026-09-14,,,,,,,,
1789366740,76.8,76.8,76.8,76.8,500,2026-09-14,,,,,,,,
1789366800,76.8,76.8,76.8,76.8,700,2026-09-14,,,,,,,,
1789366860,76.8,76.8,76.8,76.8,8700,2026-09-14,,,,,,,,
1789366920,76.8,76.8,76.7,76.8,32900,2026-09-14,,,,,,,,
1789366980,76.8,76.8,76.8,76.8,500,2026-09-14,,,,,,,,
1789367040,76.8,76.8,76.8,76.8,4800,2026-09-14,,,,,,,,
1789367100,76.8,76.8,76.8,76.8,1100,2026-09-14,,,,,,,,
1789367160,76.8,76.8,76.8,76.8,7200,2026-09-14,,,,,,,,
1789367220,76.8,76.8,76.8,76.8,600,2026-09-14,,,,,,,,
1789367280,76.8,76.8,76.8,76.8,32100,2026-09-14,,,,,,,,
1789367340,76.8,76.9,76.8,76.8,8700,2026-09-14,,,,,,,,
1789367400,76.8,76.9,76.8,76.8,3800,2026-09-14,,,,,,,,
1789367460,76.8,76.8,76.8,76.8,2800,2026-09-14,,,,,,,,
1789367520,76.8,76.9,76.8,76.8,34300,2026-09-14,,,,,,,,
1789367580,76.8,76.9,76.8,76.8,9900,2026-09-14,,,,,,,,
1789367640,76.8,76.8,76.8,76.8,1600,2026-09-14,,,,,,,,
1789367700,76.8,76.9,76.8,76.8,1700,2026-09-14,,,,,,,,
1789367760,76.8,76.9,76.8,76.8,22500,2026-09-14,,,,,,,,
1789367820,76.8,76.9,76.8,76.8,4800,2026-09-14,,,,,,,,
1789367880,76.8,76.8,76.7,76.8,34900,2026-09-14,,,,,,,,
1789367940,76.8,76.8,76.7,76.7,28600,2026-09-14,,,,,,,,
1789368000,76.7,76.8,76.7,76.7,18400,2026-09-14,,,,,,,,
1789368060,76.8,76.8,76.7,76.7,6000,2026-09-14,,,,,,,,
1789368120,76.7,76.7,76.7,76.7,8900,2026-09-14,,,,,,,,
1789368180,76.7,76.7,76.6,76.6,71300,2026-09-14,,,,,,,,
1789368240,76.7,76.7,76.4,76.5,201700,2026-09-14,,,,,,,,
1789368300,76.5,76.5,76.4,76.5,11600,2026-09-14,,,,,,,,
1789368360,76.4,76.5,76.2,76.3,118900,2026-09-14,,,,,,,,
1789368420,76.3,76.3,76.3,76.3,43100,2026-09-14,,,,,,,,
1789368480,76.3,76.3,75.9,76.0,148100,2026-09-14,,,,,,,,
1789368540,75.9,76.0,75.8,75.9,44700,2026-09-14,,,,,,,,
1789368600,75.9,76.0,75.9,75.9,26800,2026-09-14,,,,,,,,
1789368660,76.0,76.5,75.9,76.5,42900,2026-09-14,,,,,,,,
1789368720,76.5,76.7,76.1,76.7,25700,2026-09-14,,,,,,,,
1789368780,76.7,76.8,76.5,76.7,22800,2026-09-14,,,,,,,,
1789368840,76.7,76.7,76.6,76.6,10500,2026-09-14,,,,,,,,
1789368900,76.6,76.6,76.5,76.5,20300,2026-09-14,,,,,,,,
1789368960,76.6,76.6,76.5,76.5,7600,2026-09-14,,,,,,,,
1789369020,76.5,76.5,76.5,76.5,1200,2026-09-14,,,,,,,,
1789369080,76.5,76.6,76.5,76.5,2400,2026-09-14,,,,,,,,
1789369140,76.5,76.5,76.5,76.5,1000,2026-09-14,,,,,,,,
1789369200,76.5,76.5,76.5,76.5,15400,2026-09-14,,,,,,,,
1789369260,76.5,76.6,76.5,76.6,17600,2026-09-14,,,,,,,,
1789369320,76.6,76.7,76.6,76.6,5900,2026-09-14,,,,,,,,
1789369380,76.6,76.6,76.6,76.6,900,2026-09-14,,,,,,,,
1789369440,76.6,76.7,76.6,76.6,700,2026-09-14,,,,,,,,
1789369500,76.6,76.6,76.6,76.6,300,2026-09-14,,,,,,,,
1789369560,76.6,76.6,76.5,76.5,25000,2026-09-14,,,,,,,,
1789369620,76.4,76.4,76.1,76.2,8300,2026-09-14,,,,,,,,
1789369680,76.5,76.5,76.2,76.3,1500,2026-09-14,,,,,,,,
1789369740,76.3,76.4,76.2,76.2,16400,2026-09-14,,,,,,,,
1789369800,76.2,76.3,76.2,76.3,24400,2026-09-14,,,,,,,,
1789369860,76.3,76.3,76.2,76.2,29100,2026-09-14,,,,,,,,
1789369920,76.2,76.3,76.0,76.3,58100,2026-09-14,,,,,,,,
1789369980,76.3,76.3,76.3,76.3,1000,2026-09-14,,,,,,,,
1789370040,76.3,76.4,76.3,76.3,9800,2026-09-14,,,,,,,,
1789370100,76.3,76.4,76.3,76.3,5300,2026-09-14,,,,,,,,
1789370160,76.3,76.4,76.3,76.4,28900,2026-09-14,,,,,,,,
1789370220,76.3,76.3,76.2,76.2,12900,2026-09-14,,,,,,,,
1789370280,76.2,76.3,76.2,76.2,7400,2026-09-14,,,,,,,,
1789370340,76.2,76.2,76.2,76.2,2100,2026-09-14,,,,,,,,
1789370400,76.2,76.3,76.2,76.2,3300,2026-09-14,,,,,,,,
1789370460,76.2,76.3,76.2,76.3,11900,2026-09-14,,,,,,,,
1789370520,76.3,76.3,76.2,76.3,34100,2026-09-14,,,,,,,,
1789370580,76.3,76.4,76.3,76.3,5900,2026-09-14,,,,,,,,
1789370640,76.3,76.4,76.3,76.3,14100,2026-09-14,,,,,,,,
1789370700,76.3,76.4,76.3,76.3,20000,2026-09-14,,,,,,,,
1789370760,76.3,76.4,76.3,76.3,14100,2026-09-14,,,,,,,,
1789370820,76.3,76.5,76.3,76.5,27300,2026-09-14,,,,,,,,
1789370880,76.3,76.5,76.3,76.3,22600,2026-09-14,,,,,,,,
1789370940,76.3,76.4,76.3,76.4,9400,2026-09-14,,,,,,,,
1789371900,76.4,76.4,76.4,76.4,108600,2026-09-14,,,,,,,,
1789438500,76.7,76.9,76.7,76.8,41500,2026-09-15,,,,,,,,
1789438560,76.7,76.7,76.7,76.7,6200,2026-09-15,,,,,,,,
1789438620,76.7,76.7,76.6,76.7,7200,2026-09-15,,,,,,,,
1789438680,76.7,76.7,76.7,76.7,300,2026-09-15,,,,,,,,
1789438740,76.7,76.7,76.6,76.7,3700,2026-09-15,,,,,,,,
1789438800,76.7,76.8,76.7,76.8,15100,2026-09-15,,,,,,,,
1789438860,76.7,76.8,76.7,76.8,3700,2026-09-15,,,,,,,,
1789438920,76.7,76.7,76.7,76.7,200,2026-09-15,,,,,,,,
1789438980,76.8,76.8,76.8,76.8,1600,2026-09-15,,,,,,,,
1789439040,76.8,76.8,76.7,76.7,7100,2026-09-15,,,,,,,,
1789439100,76.7,76.7,76.5,76.5,9600,2026-09-15,,,,,,,,
1789439160,76.5,76.5,76.3,76.3,13400,2026-09-15,,,,,,,,
1789439220,76.4,76.4,76.3,76.3,1900,2026-09-15,,,,,,,,
1789439280,76.4,76.4,76.3,76.3,2000,2026-09-15,,,,,,,,
1789439400,76.5,76.5,76.3,76.4,1100,2026-09-15,,,,,,,,
1789439460,76.4,76.4,76.4,76.4,200,2026-09-15,,,,,,,,
1789439520,76.3,76.4,76.3,76.4,4900,2026-09-15,,,,,,,,
1789439580,76.5,76.5,76.5,76.5,600,2026-09-15,,,,,,,,
1789439640,76.4,76.4,76.4,76.4,4200,2026-09-15,,,,,,,,
1789439700,76.5,76.7,76.5,76.7,3100,2026-09-15,,,,,,,,
1789439760,76.8,76.9,76.8,76.9,500,2026-09-15,,,,,,,,
1789439820,76.7,76.9,76.7,76.9,1800,2026-09-15,,,,,,,,
1789439880,76.9,76.9,76.6,76.9,24500,2026-09-15,,,,,,,,
1789439940,76.9,77.0,76.6,76.7,4600,2026-09-15,,,,,,,,
1789440000,76.7,76.9,76.7,76.9,3400,2026-09-15,,,,,,,,
1789440060,76.8,76.8,76.8,76.8,100,2026-09-15,,,,,,,,
1789440120,76.9,76.9,76.8,76.9,3200,2026-09-15,,,,,,,,
1789440180,76.9,77.0,76.8,76.8,3500,2026-09-15,,,,,,,,
1789440240,77.0,77.0,76.8,77.0,6400,2026-09-15,,,,,,,,
1789440360,76.9,76.9,76.9,76.9,5000,2026-09-15,,,,,,,,
1789440420,76.8,76.8,76.8,76.8,2000,2026-09-15,,,,,,,,
1789440480,76.8,76.8,76.8,76.8,100,2026-09-15,,,,,,,,
1789440540,76.8,76.8,76.8,76.8,700,2026-09-15,,,,,,,,
1789440600,76.9,76.9,76.9,76.9,200,2026-09-15,,,,,,,,
1789440660,76.9,76.9,76.8,76.9,6200,2026-09-15,,,,,,,,
1789440720,76.9,76.9,76.9,76.9,6000,2026-09-15,,,,,,,,
1789440780,76.8,76.8,76.8,76.8,1000,2026-09-15,,,,,,,,
1789440840,76.8,76.8,76.8,76.8,4000,2026-09-15,,,,,,,,
1789440900,76.8,76.8,76.8,76.8,4000,2026-09-15,,,,,,,,
1789440960,76.8,76.9,76.8,76.9,1100,2026-09-15,,,,,,,,
1789441020,76.9,76.9,76.9,76.9,100,2026-09-15,,,,,,,,
1789441080,76.8,76.8,76.8,76.8,1000,2026-09-15,,,,,,,,
1789441200,76.8,76.8,76.8,76.8,4300,2026-09-15,,,,,,,,
1789441260,76.7,76.7,76.5,76.5,11600,2026-09-15,,,,,,,,
1789441320,76.7,76.8,76.7,76.8,5000,2026-09-15,,,,,,,,
1789441380,76.7,76.7,76.6,76.6,1200,2026-09-15,,,,,,,,
1789441440,76.6,76.7,76.6,76.6,4000,2026-09-15,,,,,,,,
1789441500,76.7,76.7,76.6,76.6,4600,2026-09-15,,,,,,,,
1789441560,76.7,76.7,76.7,76.7,6100,2026-09-15,,,,,,,,
1789441620,76.7,76.7,76.7,76.7,3000,2026-09-15,,,,,,,,
1789441680,76.7,76.7,76.7,76.7,1000,2026-09-15,,,,,,,,
1789441740,76.8,76.8,76.7,76.7,1400,2026-09-15,,,,,,,,
1789441800,76.6,76.7,76.6,76.7,1100,2026-09-15,,,,,,,,
1789441860,76.7,76.7,76.7,76.7,5900,2026-09-15,,,,,,,,
1789441920,76.6,76.6,76.6,76.6,1100,2026-09-15,,,,,,,,
1789441980,76.7,76.7,76.6,76.7,4400,2026-09-15,,,,,,,,
1789442040,76.6,76.6,76.6,76.6,1000,2026-09-15,,,,,,,,
1789442100,76.6,76.7,76.6,76.6,3500,2026-09-15,,,,,,,,
1789442220,76.7,76.8,76.6,76.6,4600,2026-09-15,,,,,,,,
1789442280,76.7,76.7,76.7,76.7,100,2026-09-15,,,,,,,,
1789442340,76.7,76.7,76.7,76.7,1000,2026-09-15,,,,,,,,
1789442460,76.7,76.8,76.7,76.8,1100,2026-09-15,,,,,,,,
1789442520,76.8,76.8,76.7,76.7,1200,2026-09-15,,,,,,,,
1789442640,76.8,76.8,76.7,76.7,1100,2026-09-15,,,,,,,,
1789442700,76.8,76.8,76.8,76.8,300,2026-09-15,,,,,,,,
1789442760,76.7,76.8,76.7,76.8,1700,2026-09-15,,,,,,,,
1789442820,76.8,76.8,76.8,76.8,200,2026-09-15,,,,,,,,
1789442880,76.8,76.8,76.7,76.7,1300,2026-09-15,,,,,,,,
1789442940,76.7,76.7,76.7,76.7,1000,2026-09-15,,,,,,,,
1789443000,76.8,76.8,76.8,76.8,600,2026-09-15,,,,,,,,
1789443060,76.8,76.8,76.7,76.7,4000,2026-09-15,,,,,,,,
1789443120,76.7,76.7,76.7,76.7,2700,2026-09-15,,,,,,,,
1789443180,76.6,76.6,76.6,76.6,2000,2026-09-15,,,,,,,,
1789443240,76.7,76.7,76.7,76.7,500,2026-09-15,,,,,,,,
1789443300,76.6,76.6,76.6,76.6,1000,2026-09-15,,,,,,,,
1789443360,76.6,76.6,76.6,76.6,1200,2026-09-15,,,,,,,,
1789443420,76.7,76.7,76.6,76.7,1400,2026-09-15,,,,,,,,
1789443480,76.6,76.6,76.6,76.6,1000,2026-09-15,,,,,,,,
1789443540,76.7,76.7,76.7,76.7,1400,2026-09-15,,,,,,,,
1789443600,76.7,76.7,76.6,76.7,1200,2026-09-15,,,,,,,,
1789443660,76.7,76.7,76.6,76.6,1700,2026-09-15,,,,,,,,
1789443720,76.6,76.6,76.6,76.6,22800,2026-09-15,,,,,,,,
1789443780,76.7,76.7,76.6,76.6,1400,2026-09-15,,,,,,,,
1789443840,76.7,76.7,76.7,76.7,300,2026-09-15,,,,,,,,
1789443900,76.6,76.6,76.6,76.6,14000,2026-09-15,,,,,,,,
1789444020,76.7,76.7,76.6,76.6,1200,2026-09-15,,,,,,,,
1789444080,76.6,76.6,76.6,76.6,200,2026-09-15,,,,,,,,
1789444140,76.6,76.7,76.6,76.7,3100,2026-09-15,,,,,,,,
1789444200,76.7,76.7,76.6,76.6,1300,2026-09-15,,,,,,,,
1789444260,76.6,76.6,76.6,76.6,7300,2026-09-15,,,,,,,,
1789444320,76.6,76.6,76.6,76.6,19900,2026-09-15,,,,,,,,
1789444380,76.6,76.7,76.6,76.7,3200,2026-09-15,,,,,,,,
1789444440,76.7,76.7,76.6,76.6,1200,2026-09-15,,,,,,,,
1789444560,76.6,76.6,76.6,76.6,4500,2026-09-15,,,,,,,,
1789444620,76.7,76.7,76.6,76.6,13400,2026-09-15,,,,,,,,
1789444680,76.7,76.7,76.6,76.6,5200,2026-09-15,,,,,,,,
1789444740,76.6,76.7,76.6,76.7,3600,2026-09-15,,,,,,,,
1789444800,76.7,76.7,76.7,76.7,15400,2026-09-15,,,,,,,,
1789444860,76.7,76.7,76.7,76.7,1000,2026-09-15,,,,,,,,
1789444920,76.8,76.8,76.8,76.8,300,2026-09-15,,,,,,,,
1789444980,76.7,76.7,76.6,76.6,1000,2026-09-15,,,,,,,,
1789445040,76.8,76.8,76.6,76.6,1100,2026-09-15,,,,,,,,
1789445100,76.6,76.6,76.6,76.6,100,2026-09-15,,,,,,,,
1789445160,76.8,76.8,76.6,76.6,1100,2026-09-15,,,,,,,,
1789445280,76.6,76.6,76.6,76.6,1000,2026-09-15,,,,,,,,
1789445340,76.6,76.6,76.6,76.6,400,2026-09-15,,,,,,,,
1789445400,76.6,76.8,76.6,76.8,1100,2026-09-15,,,,,,,,
1789445460,76.8,76.8,76.8,76.8,200,2026-09-15,,,,,,,,
1789445520,76.6,76.8,76.6,76.8,1100,2026-09-15,,,,,,,,
1789445580,76.6,76.6,76.6,76.6,2200,2026-09-15,,,,,,,,
1789445640,76.6,76.6,76.6,76.6,100,2026-09-15,,,,,,,,
1789445700,76.8,76.8,76.6,76.6,1200,2026-09-15,,,,,,,,
1789445760,76.6,76.6,76.6,76.6,200,2026-09-15,,,,,,,,
1789445820,76.6,76.7,76.6,76.7,1200,2026-09-15,,,,,,,,
1789445880,76.7,76.7,76.6,76.6,1200,2026-09-15,,,,,,,,
1789445940,76.6,76.6,76.6,76.6,24500,2026-09-15,,,,,,,,
1789446000,76.6,76.6,76.6,76.6,1000,2026-09-15,,,,,,,,
1789446120,76.6,76.6,76.5,76.5,6600,2026-09-15,,,,,,,,
1789446180,76.5,76.6,76.5,76.6,600,2026-09-15,,,,,,,,
1789446240,76.5,76.6,76.5,76.5,3200,2026-09-15,,,,,,,,
1789446300,76.6,76.6,76.6,76.6,30200,2026-09-15,,,,,,,,
1789446360,76.5,76.6,76.5,76.6,14300,2026-09-15,,,,,,,,
1789446420,76.6,76.6,76.6,76.6,3300,2026-09-15,,,,,,,,
1789446480,76.6,76.6,76.6,76.6,100,2026-09-15,,,,,,,,
1789446540,76.6,76.6,76.6,76.6,1400,2026-09-15,,,,,,,,
1789452000,76.6,76.7,76.5,76.5,27800,2026-09-15,,,,,,,,
1789452060,76.6,76.6,76.6,76.6,70200,2026-09-15,,,,,,,,
1789452120,76.7,76.7,76.6,76.6,30900,2026-09-15,,,,,,,,
1789452180,76.6,76.6,76.6,76.6,5500,2026-09-15,,,,,,,,
1789452240,76.6,76.7,76.6,76.7,35600,2026-09-15,,,,,,,,
1789452300,76.7,76.7,76.6,76.6,1200,2026-09-15,,,,,,,,
1789452420,76.7,76.7,76.6,76.7,1600,2026-09-15,,,,,,,,
1789452480,76.7,76.7,76.7,76.7,200,2026-09-15,,,,,,,,
1789452540,76.6,76.7,76.6,76.6,24600,2026-09-15,,,,,,,,
1789452600,76.6,76.7,76.6,76.7,9800,2026-09-15,,,,,,,,
1789452660,76.7,76.7,76.6,76.6,3300,2026-09-15,,,,,,,,
1789452720,76.6,76.6,76.6,76.6,1100,2026-09-15,,,,,,,,
1789452780,76.6,76.6,76.6,76.6,4000,2026-09-15,,,,,,,,
1789452840,76.5,76.7,76.5,76.6,31600,2026-09-15,,,,,,,,
1789452900,76.6,76.6,76.6,76.6,1700,2026-09-15,,,,,,,,
1789452960,76.6,76.6,76.4,76.5,48300,2026-09-15,,,,,,,,
1789453020,76.4,76.5,76.4,76.4,700,2026-09-15,,,,,,,,
1789453080,76.4,76.5,76.4,76.4,6700,2026-09-15,,,,,,,,
1789453140,76.4,76.4,76.4,76.4,5100,2026-09-15,,,,,,,,
1789453200,76.4,76.5,76.3,76.3,106900,2026-09-15,,,,,,,,
1789453260,76.4,76.4,76.1,76.2,24600,2026-09-15,,,,,,,,
1789453320,76.2,76.3,76.2,76.2,5200,2026-09-15,,,,,,,,
1789453380,76.3,76.3,76.3,76.3,8700,2026-09-15,,,,,,,,
1789453440,76.3,76.4,76.3,76.3,6100,2026-09-15,,,,,,,,
1789453500,76.3,76.3,76.3,76.3,24100,2026-09-15,,,,,,,,
1789453560,76.3,76.4,76.3,76.3,15100,2026-09-15,,,,,,,,
1789453620,76.3,76.4,76.2,76.2,16100,2026-09-15,,,,,,,,
1789453680,76.2,76.3,76.2,76.2,5900,2026-09-15,,,,,,,,
1789453740,76.2,76.3,76.2,76.2,39000,2026-09-15,,,,,,,,
1789453800,76.1,76.2,76.1,76.1,4300,2026-09-15,,,,,,,,
1789453860,76.1,76.2,76.1,76.1,53600,2026-09-15,,,,,,,,
1789453920,76.0,76.1,75.9,76.0,61700,2026-09-15,,,,,,,,
1789453980,75.9,76.0,75.9,75.9,11700,2026-09-15,,,,,,,,
1789454040,75.8,75.9,75.8,75.9,18600,2026-09-15,,,,,,,,
1789454100,76.0,76.0,75.9,76.0,32900,2026-09-15,,,,,,,,
1789454160,76.0,76.1,76.0,76.0,2100,2026-09-15,,,,,,,,
1789454220,76.1,76.1,76.0,76.0,13500,2026-09-15,,,,,,,,
1789454280,76.1,76.2,76.0,76.0,14200,2026-09-15,,,,,,,,
1789454340,76.1,76.1,76.0,76.0,10900,2026-09-15,,,,,,,,
1789454400,76.2,76.2,76.0,76.1,11100,2026-09-15,,,,,,,,
1789454460,76.2,76.3,76.1,76.2,43900,2026-09-15,,,,,,,,
1789454520,76.2,76.2,76.2,76.2,1900,2026-09-15,,,,,,,,
1789454580,76.2,76.3,76.2,76.2,1800,2026-09-15,,,,,,,,
1789454640,76.2,76.3,76.2,76.2,15900,2026-09-15,,,,,,,,
1789454700,76.3,76.3,76.2,76.2,3700,2026-09-15,,,,,,,,
1789454760,76.3,76.3,76.2,76.2,2600,2026-09-15,,,,,,,,
1789454820,76.2,76.3,76.2,76.2,2800,2026-09-15,,,,,,,,
1789454880,76.2,76.3,76.2,76.2,10600,2026-09-15,,,,,,,,
1789454940,76.2,76.2,76.2,76.2,1500,2026-09-15,,,,,,,,
1789455000,76.3,76.3,76.2,76.3,4800,2026-09-15,,,,,,,,
1789455060,76.3,76.3,76.3,76.3,17500,2026-09-15,,,,,,,,
1789455120,76.3,76.4,76.3,76.3,1200,2026-09-15,,,,,,,,
1789455180,76.3,76.4,76.3,76.3,1900,2026-09-15,,,,,,,,
1789455240,76.3,76.4,76.3,76.3,1000,2026-09-15,,,,,,,,
1789455300,76.3,76.3,76.2,76.3,35700,2026-09-15,,,,,,,,
1789455360,76.3,76.3,76.2,76.2,5300,2026-09-15,,,,,,,,
1789455420,76.3,76.3,76.2,76.3,50200,2026-09-15,,,,,,,,
1789455480,76.3,76.3,76.2,76.2,1200,2026-09-15,,,,,,,,
1789455540,76.2,76.3,76.2,76.3,13000,2026-09-15,,,,,,,,
1789455600,76.2,76.4,76.2,76.2,1600,2026-09-15,,,,,,,,
1789455660,76.2,76.2,76.2,76.2,600,2026-09-15,,,,,,,,
1789455720,76.2,76.3,76.2,76.3,2400,2026-09-15,,,,,,,,
1789455780,76.2,76.3,76.2,76.2,600,2026-09-15,,,,,,,,
1789455840,76.2,76.3,76.2,76.2,1900,2026-09-15,,,,,,,,
1789455900,76.2,76.3,76.2,76.3,21900,2026-09-15,,,,,,,,
1789455960,76.3,76.4,76.2,76.2,1800,2026-09-15,,,,,,,,
1789456020,76.2,76.3,76.2,76.3,2400,2026-09-15,,,,,,,,
1789456080,76.3,76.3,76.2,76.2,800,2026-09-15,,,,,,,,
1789456140,76.2,76.3,76.2,76.2,7500,2026-09-15,,,,,,,,
1789456200,76.2,76.3,76.2,76.3,3800,2026-09-15,,,,,,,,
1789456260,76.3,76.3,76.2,76.2,2500,2026-09-15,,,,,,,,
1789456320,76.2,76.3,76.2,76.3,10300,2026-09-15,,,,,,,,
1789456380,76.3,76.3,76.2,76.2,22400,2026-09-15,,,,,,,,
1789456440,76.2,76.3,76.1,76.2,13200,2026-09-15,,,,,,,,
1789456500,76.2,76.3,76.2,76.2,13100,2026-09-15,,,,,,,,
1789456560,76.3,76.3,76.2,76.2,14300,2026-09-15,,,,,,,,
1789456620,76.2,76.3,76.2,76.2,9700,2026-09-15,,,,,,,,
1789456680,76.3,76.3,76.2,76.2,6200,2026-09-15,,,,,,,,
1789456740,76.2,76.3,76.2,76.3,10300,2026-09-15,,,,,,,,
1789456800,76.2,76.3,76.2,76.3,32500,2026-09-15,,,,,,,,
1789456860,76.3,76.3,76.2,76.3,10300,2026-09-15,,,,,,,,
1789456920,76.3,76.3,76.2,76.2,17800,2026-09-15,,,,,,,,
1789456980,76.2,76.3,76.2,76.2,14400,2026-09-15,,,,,,,,
1789457040,76.3,76.4,76.2,76.3,18300,2026-09-15,,,,,,,,
1789457100,76.3,76.3,76.3,76.3,10400,2026-09-15,,,,,,,,
1789457160,76.3,76.3,76.3,76.3,10500,2026-09-15,,,,,,,,
1789457220,76.3,76.3,76.1,76.1,70800,2026-09-15,,,,,,,,
1789457280,76.1,76.1,76.1,76.1,13300,2026-09-15,,,,,,,,
1789457340,76.1,76.1,76.0,76.0,5700,2026-09-15,,,,,,,,
1789458300,76.0,76.0,76.0,76.0,500900,2026-09-15,,,,,,,,
1789524900,76.3,76.3,76.1,76.1,46100,2026-09-16,,,,,,,,
1789524960,76.2,76.2,76.2,76.2,200,2026-09-16,,,,,,,,
1789525020,76.1,76.2,76.1,76.2,1100,2026-09-16,,,,,,,,
1789525080,76.2,76.2,76.1,76.1,1100,2026-09-16,,,,,,,,
1789525140,76.0,76.1,76.0,76.1,19200,2026-09-16,,,,,,,,
1789525200,76.2,76.2,76.1,76.1,900,2026-09-16,,,,,,,,
1789525260,76.2,76.2,76.2,76.2,5700,2026-09-16,,,,,,,,
1789525320,76.2,76.2,76.1,76.1,1700,2026-09-16,,,,,,,,
1789525380,76.2,76.3,76.0,76.0,10500,2026-09-16,,,,,,,,
1789525440,76.3,76.3,76.3,76.3,300,2026-09-16,,,,,,,,
1789525500,76.3,76.3,76.3,76.3,9000,2026-09-16,,,,,,,,
1789525560,76.3,76.3,76.3,76.3,200,2026-09-16,,,,,,,,
1789525620,76.3,76.3,76.3,76.3,200,2026-09-16,,,,,,,,
1789525680,76.3,76.3,76.3,76.3,300,2026-09-16,,,,,,,,
1789525740,76.3,76.4,76.0,76.4,2300,2026-09-16,,,,,,,,
1789525800,76.4,76.4,76.3,76.3,2200,2026-09-16,,,,,,,,
1789525860,76.4,76.4,76.4,76.4,200,2026-09-16,,,,,,,,
1789525920,76.4,76.4,76.4,76.4,700,2026-09-16,,,,,,,,
1789525980,76.4,76.4,76.4,76.4,5600,2026-09-16,,,,,,,,
1789526040,76.4,76.4,76.4,76.4,300,2026-09-16,,,,,,,,
1789526100,76.4,76.4,76.4,76.4,200,2026-09-16,,,,,,,,
1789526160,76.4,76.4,76.3,76.3,300,2026-09-16,,,,,,,,
1789526220,76.4,76.4,76.4,76.4,200,2026-09-16,,,,,,,,
1789526280,76.4,76.4,76.3,76.3,4400,2026-09-16,,,,,,,,
1789526340,76.3,76.4,76.0,76.4,2300,2026-09-16,,,,,,,,
1789526400,76.4,76.5,76.4,76.5,2100,2026-09-16,,,,,,,,
1789526460,76.5,76.5,76.5,76.5,200,2026-09-16,,,,,,,,
1789526520,76.5,76.5,76.5,76.5,200,2026-09-16,,,,,,,,
1789526580,76.5,76.5,76.5,76.5,200,2026-09-16,,,,,,,,
1789526640,76.5,76.5,76.5,76.5,200,2026-09-16,,,,,,,,
1789526700,76.5,76.5,76.5,76.5,200,2026-09-16,,,,,,,,
1789526760,76.5,76.5,76.5,76.5,200,2026-09-16,,,,,,,,
1789526820,76.5,76.5,76.4,76.5,1200,2026-09-16,,,,,,,,
1789526880,76.4,76.4,76.1,76.1,5300,2026-09-16,,,,,,,,
1789526940,76.4,76.5,76.4,76.5,10400,2026-09-16,,,,,,,,
1789527000,76.5,76.5,76.5,76.5,500,2026-09-16,,,,,,,,
1789527060,76.5,76.5,76.5,76.5,500,2026-09-16,,,,,,,,
1789527120,76.5,76.5,76.4,76.5,1100,2026-09-16,,,,,,,,
1789527180,76.5,76.5,76.5,76.5,300,2026-09-16,,,,,,,,
1789527240,76.5,76.6,76.5,76.6,600,2026-09-16,,,,,,,,
1789527300,76.6,76.6,76.6,76.6,5600,2026-09-16,,,,,,,,
1789527360,76.6,76.6,76.5,76.5,700,2026-09-16,,,,,,,,
1789527420,76.6,76.6,76.6,76.6,400,2026-09-16,,,,,,,,
1789527480,76.6,76.6,76.6,76.6,200,2026-09-16,,,,,,,,
1789527540,76.6,76.6,76.5,76.5,14200,2026-09-16,,,,,,,,
1789527600,76.5,76.7,76.5,76.7,3100,2026-09-16,,,,,,,,
1789527660,76.6,76.6,76.6,76.6,1600,2026-09-16,,,,,,,,
1789527720,76.6,76.6,76.6,76.6,200,2026-09-16,,,,,,,,
1789527780,76.6,76.6,76.6,76.6,300,2026-09-16,,,,,,,,
1789527840,76.6,76.7,76.6,76.7,3900,2026-09-16,,,,,,,,
1789527900,76.7,76.7,76.7,76.7,4700,2026-09-16,,,,,,,,
1789527960,76.7,76.7,76.7,76.7,100,2026-09-16,,,,,,,,
1789528020,76.7,76.7,76.7,76.7,500,2026-09-16,,,,,,,,
1789528080,76.7,76.7,76.7,76.7,400,2026-09-16,,,,,,,,
1789528140,76.7,76.7,76.7,76.7,1100,2026-09-16,,,,,,,,
1789528200,76.7,76.8,76.7,76.8,18000,2026-09-16,,,,,,,,
1789528260,76.8,76.8,76.7,76.8,20600,2026-09-16,,,,,,,,
1789528320,76.8,76.8,76.5,76.8,9500,2026-09-16,,,,,,,,
1789528380,76.5,76.8,76.3,76.8,17400,2026-09-16,,,,,,,,
1789528440,76.7,76.8,76.3,76.3,3400,2026-09-16,,,,,,,,
1789528500,76.8,76.8,76.8,76.8,300,2026-09-16,,,,,,,,
1789528560,76.8,76.8,76.8,76.8,200,2026-09-16,,,,,,,,
1789528620,76.8,76.8,76.8,76.8,100,2026-09-16,,,,,,,,
1789528680,76.4,76.8,76.1,76.7,10300,2026-09-16,,,,,,,,
1789528740,76.7,76.7,76.7,76.7,1000,2026-09-16,,,,,,,,
1789528800,76.7,76.7,76.7,76.7,400,2026-09-16,,,,,,,,
1789528860,76.6,76.6,76.6,76.6,900,2026-09-16,,,,,,,,
1789528920,76.6,76.7,76.6,76.7,11700,2026-09-16,,,,,,,,
1789528980,76.7,76.8,76.7,76.8,9300,2026-09-16,,,,,,,,
1789529040,76.8,76.9,76.8,76.9,16400,2026-09-16,,,,,,,,
1789529100,76.8,76.9,76.8,76.9,7400,2026-09-16,,,,,,,,
1789529160,76.9,76.9,76.9,76.9,9600,2026-09-16,,,,,,,,
1789529220,76.9,76.9,76.4,76.9,6500,2026-09-16,,,,,,,,
1789529280,76.8,76.8,76.8,76.8,1500,2026-09-16,,,,,,,,
1789529340,76.8,76.8,76.8,76.8,3900,2026-09-16,,,,,,,,
1789529400,76.8,76.9,76.8,76.9,500,2026-09-16,,,,,,,,
1789529460,76.9,76.9,76.8,76.8,700,2026-09-16,,,,,,,,
1789529520,76.8,76.8,76.8,76.8,700,2026-09-16,,,,,,,,
1789529580,76.8,76.8,76.8,76.8,700,2026-09-16,,,,,,,,
1789529640,76.8,76.9,76.8,76.9,4300,2026-09-16,,,,,,,,
1789529700,76.9,76.9,76.9,76.9,1600,2026-09-16,,,,,,,,
1789529760,76.9,76.9,76.9,76.9,800,2026-09-16,,,,,,,,
1789529820,76.9,76.9,76.9,76.9,1000,2026-09-16,,,,,,,,
1789529880,76.9,76.9,76.9,76.9,1900,2026-09-16,,,,,,,,
1789529940,76.8,76.9,76.8,76.9,1500,2026-09-16,,,,,,,,
1789530000,76.9,76.9,76.8,76.8,1900,2026-09-16,,,,,,,,
1789530060,76.8,76.8,76.8,76.8,500,2026-09-16,,,,,,,,
1789530120,76.8,76.9,76.8,76.9,2400,2026-09-16,,,,,,,,
1789530180,76.9,76.9,76.9,76.9,500,2026-09-16,,,,,,,,
1789530240,76.9,76.9,76.9,76.9,800,2026-09-16,,,,,,,,
1789530300,76.9,76.9,76.8,76.9,2200,2026-09-16,,,,,,,,
1789530360,76.9,76.9,76.9,76.9,35600,2026-09-16,,,,,,,,
1789530420,76.9,76.9,76.9,76.9,6400,2026-09-16,,,,,,,,
1789530480,76.9,76.9,76.9,76.9,700,2026-09-16,,,,,,,,
1789530540,76.9,76.9,76.8,76.9,700,2026-09-16,,,,,,,,
1789530600,76.9,76.9,76.9,76.9,400,2026-09-16,,,,,,,,
1789530660,76.9,76.9,76.9,76.9,900,2026-09-16,,,,,,,,
1789530720,76.9,76.9,76.8,76.8,5400,2026-09-16,,,,,,,,
1789530780,76.9,76.9,76.9,76.9,600,2026-09-16,,,,,,,,
1789530840,76.9,76.9,76.8,76.8,2700,2026-09-16,,,,,,,,
1789530900,76.8,76.8,76.8,76.8,600,2026-09-16,,,,,,,,
1789530960,76.9,76.9,76.9,76.9,500,2026-09-16,,,,,,,,
1789531020,76.9,76.9,76.9,76.9,800,2026-09-16,,,,,,,,
1789531080,76.9,76.9,76.9,76.9,500,2026-09-16,,,,,,,,
1789531140,76.9,76.9,76.8,76.9,900,2026-09-16,,,,,,,,
1789531200,76.9,76.9,76.8,76.8,700,2026-09-16,,,,,,,,
1789531260,76.9,76.9,76.9,76.9,600,2026-09-16,,,,,,,,
1789531320,76.9,76.9,76.9,76.9,600,2026-09-16,,,,,,,,
1789531380,76.9,76.9,76.8,76.8,1000,2026-09-16,,,,,,,,
1789531440,76.9,76.9,76.8,76.9,600,2026-09-16,,,,,,,,
1789531500,76.8,76.9,76.8,76.9,1000,2026-09-16,,,,,,,,
1789531560,76.9,76.9,76.9,76.9,900,2026-09-16,,,,,,,,
1789531620,76.9,76.9,76.7,76.7,7600,2026-09-16,,,,,,,,
1789531680,76.7,76.7,76.5,76.7,2300,2026-09-16,,,,,,,,
1789531740,76.7,76.7,76.7,76.7,500,2026-09-16,,,,,,,,
1789531800,76.7,76.7,76.7,76.7,1800,2026-09-16,,,,,,,,
1789531860,76.7,76.7,76.7,76.7,500,2026-09-16,,,,,,,,
1789531920,76.7,76.7,76.7,76.7,400,2026-09-16,,,,,,,,
1789531980,76.8,76.8,76.8,76.8,1200,2026-09-16,,,,,,,,
1789532040,76.8,76.8,76.5,76.5,5300,2026-09-16,,,,,,,,
1789532100,76.8,76.8,76.8,76.8,800,2026-09-16,,,,,,,,
1789532160,76.8,76.8,76.8,76.8,1000,2026-09-16,,,,,,,,
1789532220,76.8,76.8,76.8,76.8,500,2026-09-16,,,,,,,,
1789532280,76.8,76.8,76.8,76.8,800,2026-09-16,,,,,,,,
1789532340,76.8,76.8,76.8,76.8,600,2026-09-16,,,,,,,,
1789532400,76.6,76.6,76.4,76.4,20000,2026-09-16,,,,,,,,
1789532460,76.6,76.6,76.6,76.6,400,2026-09-16,,,,,,,,
1789532520,76.6,76.7,76.6,76.7,1200,2026-09-16,,,,,,,,
1789532580,76.7,76.7,76.7,76.7,400,2026-09-16,,,,,,,,
1789532640,76.7,76.7,76.7,76.7,800,2026-09-16,,,,,,,,
1789532700,76.8,76.8,76.8,76.8,700,2026-09-16,,,,,,,,
1789532760,76.8,76.8,76.7,76.7,500,2026-09-16,,,,,,,,
1789532820,76.7,76.7,76.7,76.7,1800,2026-09-16,,,,,,,,
1789532880,76.7,76.8,76.7,76.8,600,2026-09-16,,,,,,,,
1789532940,76.8,76.8,76.8,76.8,500,2026-09-16,,,,,,,,
1789538400,76.7,76.7,76.6,76.7,3500,2026-09-16,,,,,,,,
1789538460,76.7,76.8,76.5,76.5,1500,2026-09-16,,,,,,,,
1789538520,76.8,76.8,76.6,76.8,600,2026-09-16,,,,,,,,
1789538580,76.8,76.8,76.8,76.8,800,2026-09-16,,,,,,,,
1789538640,76.8,76.8,76.8,76.8,600,2026-09-16,,,,,,,,
1789538700,76.8,76.8,76.8,76.8,5200,2026-09-16,,,,,,,,
1789538760,76.7,76.8,76.7,76.8,600,2026-09-16,,,,,,,,
1789538820,76.8,76.8,76.8,76.8,3700,2026-09-16,,,,,,,,
1789538880,76.8,76.8,76.6,76.8,7400,2026-09-16,,,,,,,,
1789538940,76.7,76.7,76.6,76.6,5800,2026-09-16,,,,,,,,
1789539000,76.7,76.7,76.7,76.7,8400,2026-09-16,,,,,,,,
1789539060,76.7,76.7,76.6,76.7,10600,2026-09-16,,,,,,,,
1789539120,76.8,76.8,76.8,76.8,500,2026-09-16,,,,,,,,
1789539180,76.7,76.8,76.7,76.8,5500,2026-09-16,,,,,,,,
1789539240,76.8,76.8,76.8,76.8,3800,2026-09-16,,,,,,,,
1789539300,76.8,76.8,76.8,76.8,800,2026-09-16,,,,,,,,
1789539360,76.8,76.8,76.7,76.7,700,2026-09-16,,,,,,,,
1789539420,76.7,76.7,76.6,76.6,17700,2026-09-16,,,,,,,,
1789539480,76.6,76.7,76.6,76.7,26100,2026-09-16,,,,,,,,
1789539540,76.7,76.7,76.6,76.6,11100,2026-09-16,,,,,,,,
1789539600,76.6,76.6,76.6,76.6,1500,2026-09-16,,,,,,,,
1789539660,76.6,76.6,76.5,76.6,24200,2026-09-16,,,,,,,,
1789539720,76.6,76.6,76.5,76.6,3900,2026-09-16,,,,,,,,
1789539780,76.5,76.6,76.5,76.6,9000,2026-09-16,,,,,,,,
1789539840,76.6,76.6,76.6,76.6,1100,2026-09-16,,,,,,,,
1789539900,76.6,76.7,76.6,76.7,13300,2026-09-16,,,,,,,,
1789539960,76.6,76.7,76.6,76.7,6600,2026-09-16,,,,,,,,
1789540020,76.7,76.7,76.7,76.7,700,2026-09-16,,,,,,,,
1789540080,76.7,76.7,76.7,76.7,500,2026-09-16,,,,,,,,
1789540140,76.7,76.7,76.6,76.6,10700,2026-09-16,,,,,,,,
1789540200,76.7,76.7,76.6,76.6,4500,2026-09-16,,,,,,,,
1789540260,76.6,76.6,76.5,76.6,1000,2026-09-16,,,,,,,,
1789540320,76.6,76.6,76.6,76.6,700,2026-09-16,,,,,,,,
1789540380,76.5,76.6,76.5,76.5,16600,2026-09-16,,,,,,,,
1789540440,76.6,76.6,76.5,76.5,11300,2026-09-16,,,,,,,,
1789540500,76.6,76.6,76.5,76.5,13900,2026-09-16,,,,,,,,
1789540560,76.5,76.5,76.4,76.5,15100,2026-09-16,,,,,,,,
1789540620,76.5,76.5,76.4,76.5,23600,2026-09-16,,,,,,,,
1789540680,76.5,76.5,76.4,76.5,5100,2026-09-16,,,,,,,,
1789540740,76.4,76.4,76.3,76.4,16100,2026-09-16,,,,,,,,
1789540800,76.4,76.4,76.4,76.4,3700,2026-09-16,,,,,,,,
1789540860,76.4,76.4,76.4,76.4,2000,2026-09-16,,,,,,,,
1789540920,76.4,76.4,76.3,76.4,37700,2026-09-16,,,,,,,,
1789540980,76.5,76.5,76.4,76.4,24900,2026-09-16,,,,,,,,
1789541040,76.4,76.5,76.4,76.5,18500,2026-09-16,,,,,,,,
1789541100,76.5,76.5,76.5,76.5,3800,2026-09-16,,,,,,,,
1789541160,76.5,76.5,76.4,76.5,9700,2026-09-16,,,,,,,,
1789541220,76.5,76.5,76.2,76.4,17200,2026-09-16,,,,,,,,
1789541280,76.3,76.3,76.3,76.3,2100,2026-09-16,,,,,,,,
1789541340,76.3,76.3,76.1,76.2,7800,2026-09-16,,,,,,,,
1789541400,76.2,76.3,76.2,76.3,5500,2026-09-16,,,,,,,,
1789541460,76.2,76.3,76.1,76.2,16600,2026-09-16,,,,,,,,
1789541520,76.0,76.2,76.0,76.1,63300,2026-09-16,,,,,,,,
1789541580,76.1,76.2,76.0,76.1,19300,2026-09-16,,,,,,,,
1789541640,76.1,76.1,76.0,76.0,11100,2026-09-16,,,,,,,,
1789541700,76.0,76.1,76.0,76.0,25500,2026-09-16,,,,,,,,
1789541760,75.9,76.0,75.6,75.8,39000,2026-09-16,,,,,,,,
1789541820,75.9,76.0,75.8,76.0,9600,2026-09-16,,,,,,,,
1789541880,75.9,76.0,75.9,76.0,5100,2026-09-16,,,,,,,,
1789541940,75.9,76.0,75.9,76.0,5400,2026-09-16,,,,,,,,
1789542000,76.0,76.0,75.8,75.8,25100,2026-09-16,,,,,,,,
1789542060,75.8,75.9,75.8,75.9,10100,2026-09-16,,,,,,,,
1789542120,75.9,75.9,75.8,75.9,13000,2026-09-16,,,,,,,,
1789542180,75.8,75.9,75.8,75.8,9900,2026-09-16,,,,,,,,
1789542240,75.8,75.9,75.8,75.9,11100,2026-09-16,,,,,,,,
1789542300,75.8,75.9,75.8,75.9,10900,2026-09-16,,,,,,,,
1789542360,75.8,76.0,75.8,76.0,28800,2026-09-16,,,,,,,,
1789542420,75.9,76.0,75.9,76.0,7000,2026-09-16,,,,,,,,
1789542480,75.9,76.0,75.9,75.9,24500,2026-09-16,,,,,,,,
1789542540,76.0,76.1,75.9,76.1,14600,2026-09-16,,,,,,,,
1789542600,76.0,76.1,75.9,76.1,24600,2026-09-16,,,,,,,,
1789542660,75.9,76.1,75.9,76.1,12800,2026-09-16,,,,,,,,
1789542720,76.1,76.1,76.0,76.1,7000,2026-09-16,,,,,,,,
1789542780,76.0,76.1,76.0,76.1,19100,2026-09-16,,,,,,,,
1789542840,76.1,76.1,76.0,76.1,31200,2026-09-16,,,,,,,,
1789542900,76.1,76.1,76.0,76.1,5600,2026-09-16,,,,,,,,
1789542960,76.1,76.2,76.1,76.2,123500,2026-09-16,,,,,,,,
1789543020,76.2,76.6,76.1,76.4,48900,2026-09-16,,,,,,,,
1789543080,76.4,76.7,76.3,76.4,14800,2026-09-16,,,,,,,,
1789543140,76.7,76.7,76.3,76.7,11500,2026-09-16,,,,,,,,
1789543200,76.7,76.7,76.5,76.6,16600,2026-09-16,,,,,,,,
1789543260,76.6,76.6,76.3,76.6,14700,2026-09-16,,,,,,,,
1789543320,76.6,76.6,76.4,76.4,10600,2026-09-16,,,,,,,,
1789543380,76.4,76.5,76.3,76.5,33800,2026-09-16,,,,,,,,
1789543440,76.4,76.5,76.4,76.5,11200,2026-09-16,,,,,,,,
1789543500,76.4,76.5,76.1,76.1,27700,2026-09-16,,,,,,,,
1789543560,76.4,76.5,76.1,76.2,23000,2026-09-16,,,,,,,,
1789543620,76.4,76.5,76.1,76.2,14800,2026-09-16,,,,,,,,
1789543680,76.2,76.5,76.2,76.5,9300,2026-09-16,,,,,,,,
1789543740,76.2,76.6,76.2,76.5,21800,2026-09-16,,,,,,,,
1789544700,75.8,75.8,75.8,75.8,976900,2026-09-16,,,,,,,,
1789611300,75.8,75.9,75.8,75.9,46600,2026-09-17,,,,,,,,
1789611360,76.0,76.0,76.0,76.0,8000,2026-09-17,,,,,,,,
1789611420,75.9,75.9,75.8,75.8,5900,2026-09-17,,,,,,,,
1789611480,75.8,75.8,75.7,75.7,6000,2026-09-17,,,,,,,,
1789611540,75.8,75.8,75.8,75.8,1300,2026-09-17,,,,,,,,
1789611600,75.8,76.0,75.8,76.0,5600,2026-09-17,,,,,,,,
1789611660,76.0,76.0,76.0,76.0,300,2026-09-17,,,,,,,,
1789611720,76.0,76.0,76.0,76.0,5500,2026-09-17,,,,,,,,
1789611780,76.0,76.0,76.0,76.0,300,2026-09-17,,,,,,,,
1789611840,76.1,76.1,76.1,76.1,2700,2026-09-17,,,,,,,,
1789611900,76.1,76.3,76.1,76.3,18000,2026-09-17,,,,,,,,
1789612020,76.3,76.3,76.3,76.3,1100,2026-09-17,,,,,,,,
1789612080,76.3,76.3,76.3,76.3,1000,2026-09-17,,,,,,,,
1789612140,76.3,76.4,76.3,76.3,11800,2026-09-17,,,,,,,,
1789612200,76.3,76.3,76.3,76.3,2200,2026-09-17,,,,,,,,
1789612260,76.3,76.3,76.3,76.3,5100,2026-09-17,,,,,,,,
1789612320,76.3,76.3,76.3,76.3,1500,2026-09-17,,,,,,,,
1789612380,76.3,76.3,76.3,76.3,600,2026-09-17,,,,,,,,
1789612440,76.3,76.4,76.3,76.3,1000,2026-09-17,,,,,,,,
1789612500,76.3,76.3,76.2,76.3,2300,2026-09-17,,,,,,,,
1789612560,76.2,76.2,76.2,76.2,900,2026-09-17,,,,,,,,
1789612620,76.2,76.2,76.2,76.2,700,2026-09-17,,,,,,,,
1789612680,76.1,76.1,76.1,76.1,100,2026-09-17,,,,,,,,
1789612740,76.1,76.1,76.1,76.1,100,2026-09-17,,,,,,,,
1789612800,76.2,76.2,76.2,76.2,4200,2026-09-17,,,,,,,,
1789612860,76.2,76.2,76.2,76.2,400,2026-09-17,,,,,,,,
1789612920,76.2,76.2,76.2,76.2,300,2026-09-17,,,,,,,,
1789612980,76.2,76.2,76.2,76.2,500,2026-09-17,,,,,,,,
1789613040,76.2,76.3,76.2,76.3,5200,2026-09-17,,,,,,,,
1789613100,76.3,76.3,76.3,76.3,300,2026-09-17,,,,,,,,
1789613160,76.3,76.3,76.3,76.3,6700,2026-09-17,,,,,,,,
1789613220,76.3,76.3,76.1,76.1,4500,2026-09-17,,,,,,,,
1789613280,76.3,76.3,76.3,76.3,1300,2026-09-17,,,,,,,,
1789613340,76.3,76.4,76.3,76.4,11800,2026-09-17,,,,,,,,
1789613400,76.4,76.4,76.4,76.4,5600,2026-09-17,,,,,,,,
1789613460,76.4,76.5,76.4,76.4,2700,2026-09-17,,,,,,,,
1789613520,76.5,76.5,76.4,76.4,1600,2026-09-17,,,,,,,,
1789613580,76.4,76.4,76.2,76.2,4000,2026-09-17,,,,,,,,
1789613640,76.4,76.4,76.4,76.4,400,2026-09-17,,,,,,,,
1789613700,76.4,76.5,76.4,76.5,800,2026-09-17,,,,,,,,
1789613760,76.4,76.4,76.4,76.4,900,2026-09-17,,,,,,,,
1789613820,76.5,76.5,76.5,76.5,1400,2026-09-17,,,,,,,,
1789613880,76.5,76.5,76.5,76.5,3500,2026-09-17,,,,,,,,
1789613940,76.5,76.6,76.5,76.6,900,2026-09-17,,,,,,,,
1789614000,76.6,76.6,76.4,76.6,4900,2026-09-17,,,,,,,,
1789614060,76.6,76.6,76.4,76.4,2200,2026-09-17,,,,,,,,
1789614120,76.4,76.6,76.4,76.4,7700,2026-09-17,,,,,,,,
1789614180,76.4,76.6,76.4,76.6,300,2026-09-17,,,,,,,,
1789614240,76.6,76.7,76.6,76.7,11900,2026-09-17,,,,,,,,
1789614300,76.7,76.7,76.7,76.7,4600,2026-09-17,,,,,,,,
1789614360,76.7,76.7,76.7,76.7,6700,2026-09-17,,,,,,,,
1789614480,76.7,76.7,76.6,76.7,12300,2026-09-17,,,,,,,,
1789614540,76.7,76.7,76.7,76.7,2600,2026-09-17,,,,,,,,
1789614600,76.7,76.7,76.7,76.7,1500,2026-09-17,,,,,,,,
1789614660,76.6,76.7,76.6,76.7,300,2026-09-17,,,,,,,,
1789614720,76.7,76.7,76.7,76.7,1200,2026-09-17,,,,,,,,
1789614780,76.6,76.6,76.5,76.5,1500,2026-09-17,,,,,,,,
1789614840,76.5,76.6,76.5,76.6,1400,2026-09-17,,,,,,,,
1789614900,76.6,76.7,76.6,76.7,16900,2026-09-17,,,,,,,,
1789614960,76.7,76.7,76.7,76.7,15000,2026-09-17,,,,,,,,
1789615020,76.7,76.7,76.7,76.7,11400,2026-09-17,,,,,,,,
1789615080,76.7,76.7,76.6,76.6,5600,2026-09-17,,,,,,,,
1789615140,76.6,76.7,76.6,76.7,14400,2026-09-17,,,,,,,,
1789615200,76.7,76.7,76.7,76.7,8900,2026-09-17,,,,,,,,
1789615260,76.7,76.8,76.7,76.8,3300,2026-09-17,,,,,,,,
1789615320,76.8,76.8,76.8,76.8,200,2026-09-17,,,,,,,,
1789615380,76.8,77.0,76.8,77.0,27100,2026-09-17,,,,,,,,
1789615440,77.0,77.0,77.0,77.0,14800,2026-09-17,,,,,,,,
1789615500,77.0,77.0,77.0,77.0,6900,2026-09-17,,,,,,,,
1789615560,76.9,77.1,76.9,76.9,6600,2026-09-17,,,,,,,,
1789615620,77.1,77.1,77.0,77.0,9000,2026-09-17,,,,,,,,
1789615680,76.9,77.0,76.9,76.9,5400,2026-09-17,,,,,,,,
1789615740,76.9,77.0,76.9,77.0,6400,2026-09-17,,,,,,,,
1789615800,77.0,77.0,77.0,77.0,21400,2026-09-17,,,,,,,,
1789615860,77.0,77.1,77.0,77.1,6900,2026-09-17,,,,,,,,
1789615920,77.1,77.1,76.9,76.9,3900,2026-09-17,,,,,,,,
1789615980,76.9,76.9,76.3,76.9,27400,2026-09-17,,,,,,,,
1789616040,76.3,76.9,76.1,76.8,20200,2026-09-17,,,,,,,,
1789616100,76.9,76.9,76.8,76.9,10200,2026-09-17,,,,,,,,
1789616160,76.8,76.8,76.8,76.8,42600,2026-09-17,,,,,,,,
1789616220,76.9,76.9,76.9,76.9,100,2026-09-17,,,,,,,,
1789616280,76.9,76.9,76.9,76.9,1100,2026-09-17,,,,,,,,
1789616340,76.9,76.9,76.8,76.9,9100,2026-09-17,,,,,,,,
1789616400,76.8,76.9,76.8,76.9,2100,2026-09-17,,,,,,,,
1789616460,76.9,76.9,76.9,76.9,3100,2026-09-17,,,,,,,,
1789616520,76.9,76.9,76.9,76.9,1100,2026-09-17,,,,,,,,
1789616580,76.8,76.8,76.8,76.8,200,2026-09-17,,,,,,,,
1789616640,76.9,76.9,76.8,76.8,17500,2026-09-17,,,,,,,,
1789616700,76.8,76.8,76.8,76.8,2200,2026-09-17,,,,,,,,
1789616760,76.8,76.8,76.7,76.7,14600,2026-09-17,,,,,,,,
1789616820,76.8,76.8,76.8,76.8,7400,2026-09-17,,,,,,,,
1789616880,76.8,76.8,76.7,76.7,9600,2026-09-17,,,,,,,,
1789616940,76.7,76.7,76.3,76.7,16500,2026-09-17,,,,,,,,
1789617000,76.7,76.7,76.7,76.7,1800,2026-09-17,,,,,,,,
1789617060,76.7,76.7,76.7,76.7,1000,2026-09-17,,,,,,,,
1789617120,76.7,76.7,76.7,76.7,500,2026-09-17,,,,,,,,
1789617180,76.7,76.8,76.7,76.8,6900,2026-09-17,,,,,,,,
1789617240,76.8,76.8,76.8,76.8,5600,2026-09-17,,,,,,,,
1789617300,76.8,76.8,76.4,76.8,11700,2026-09-17,,,,,,,,
1789617360,76.8,76.9,76.8,76.9,18100,2026-09-17,,,,,,,,
1789617420,76.8,76.9,76.8,76.9,2800,2026-09-17,,,,,,,,
1789617480,76.9,76.9,76.9,76.9,4400,2026-09-17,,,,,,,,
1789617540,76.9,76.9,76.9,76.9,10800,2026-09-17,,,,,,,,
1789617600,76.9,76.9,76.9,76.9,7400,2026-09-17,,,,,,,,
1789617660,76.9,76.9,76.9,76.9,1700,2026-09-17,,,,,,,,
1789617720,76.9,76.9,76.9,76.9,1500,2026-09-17,,,,,,,,
1789617780,76.9,76.9,76.9,76.9,6300,2026-09-17,,,,,,,,
1789617840,76.9,76.9,76.9,76.9,3300,2026-09-17,,,,,,,,
1789617900,76.8,76.8,76.8,76.8,2100,2026-09-17,,,,,,,,
1789617960,76.8,76.9,76.8,76.9,7200,2026-09-17,,,,,,,,
1789618020,76.9,76.9,76.9,76.9,200,2026-09-17,,,,,,,,
1789618080,76.8,76.8,76.8,76.8,3600,2026-09-17,,,,,,,,
1789618140,76.8,76.9,76.8,76.8,8000,2026-09-17,,,,,,,,
1789618200,76.8,76.8,76.8,76.8,5100,2026-09-17,,,,,,,,
1789618260,76.8,76.8,76.8,76.8,200,2026-09-17,,,,,,,,
1789618320,76.8,76.8,76.8,76.8,2000,2026-09-17,,,,,,,,
1789618380,76.8,76.8,76.8,76.8,100,2026-09-17,,,,,,,,
1789618440,76.8,76.8,76.8,76.8,800,2026-09-17,,,,,,,,
1789618500,76.8,76.8,76.8,76.8,400,2026-09-17,,,,,,,,
1789618560,76.8,76.8,76.8,76.8,900,2026-09-17,,,,,,,,
1789618620,76.8,76.8,76.8,76.8,100,2026-09-17,,,,,,,,
1789618680,76.8,76.8,76.8,76.8,1100,2026-09-17,,,,,,,,
1789618740,76.8,76.8,76.7,76.8,15000,2026-09-17,,,,,,,,
1789618800,76.8,76.8,76.8,76.8,3700,2026-09-17,,,,,,,,
1789618860,76.8,76.8,76.7,76.7,5100,2026-09-17,,,,,,,,
1789618920,76.8,76.8,76.8,76.8,2300,2026-09-17,,,,,,,,
1789618980,76.8,76.8,76.8,76.8,800,2026-09-17,,,,,,,,
1789619040,76.8,76.8,76.8,76.8,400,2026-09-17,,,,,,,,
1789619100,76.8,76.9,76.8,76.9,28100,2026-09-17,,,,,,,,
1789619160,76.7,76.8,76.6,76.8,8100,2026-09-17,,,,,,,,
1789619220,76.8,76.8,76.8,76.8,1000,2026-09-17,,,,,,,,
1789619280,76.8,76.8,76.7,76.8,3300,2026-09-17,,,,,,,,
1789619340,76.8,76.8,76.6,76.8,5800,2026-09-17,,,,,,,,
1789624800,76.6,76.7,76.6,76.7,1100,2026-09-17,,,,,,,,
1789624860,76.8,76.8,76.8,76.8,7300,2026-09-17,,,,,,,,
1789624920,76.9,76.9,76.6,76.6,18100,2026-09-17,,,,,,,,
1789624980,76.9,76.9,76.9,76.9,7900,2026-09-17,,,,,,,,
1789625040,76.9,76.9,76.9,76.9,14400,2026-09-17,,,,,,,,
1789625100,76.9,76.9,76.7,76.9,5700,2026-09-17,,,,,,,,
1789625160,76.9,76.9,76.8,76.8,1000,2026-09-17,,,,,,,,
1789625220,76.8,76.9,76.8,76.9,5100,2026-09-17,,,,,,,,
1789625280,76.9,76.9,76.8,76.8,16100,2026-09-17,,,,,,,,
1789625340,76.9,76.9,76.8,76.8,6800,2026-09-17,,,,,,,,
1789625400,76.8,76.8,76.7,76.7,10400,2026-09-17,,,,,,,,
1789625460,76.8,76.8,76.8,76.8,900,2026-09-17,,,,,,,,
1789625520,76.7,76.8,76.7,76.8,25400,2026-09-17,,,,,,,,
1789625580,76.8,76.8,76.8,76.8,6500,2026-09-17,,,,,,,,
1789625640,76.8,76.8,76.8,76.8,8100,2026-09-17,,,,,,,,
1789625700,76.8,76.8,76.8,76.8,700,2026-09-17,,,,,,,,
1789625760,76.8,76.8,76.8,76.8,10900,2026-09-17,,,,,,,,
1789625820,76.8,76.9,76.5,76.5,11700,2026-09-17,,,,,,,,
1789625880,76.8,76.8,76.8,76.8,1000,2026-09-17,,,,,,,,
1789625940,76.7,76.8,76.6,76.6,23200,2026-09-17,,,,,,,,
1789626000,76.6,76.8,76.5,76.8,4200,2026-09-17,,,,,,,,
1789626060,76.8,76.8,76.8,76.8,24400,2026-09-17,,,,,,,,
1789626120,76.8,76.8,76.5,76.5,46900,2026-09-17,,,,,,,,
1789626180,76.5,76.8,76.4,76.4,8200,2026-09-17,,,,,,,,
1789626240,76.4,76.7,76.4,76.7,3300,2026-09-17,,,,,,,,
1789626300,76.7,76.7,76.7,76.7,800,2026-09-17,,,,,,,,
1789626360,76.7,76.7,76.7,76.7,200,2026-09-17,,,,,,,,
1789626420,76.7,76.7,76.7,76.7,1100,2026-09-17,,,,,,,,
1789626480,76.7,76.7,76.6,76.7,2000,2026-09-17,,,,,,,,
1789626540,76.7,76.8,76.7,76.8,10500,2026-09-17,,,,,,,,
1789626600,76.8,76.8,76.7,76.7,2200,2026-09-17,,,,,,,,
1789626660,76.7,76.7,76.3,76.7,18300,2026-09-17,,,,,,,,
1789626720,76.7,76.7,76.7,76.7,3700,2026-09-17,,,,,,,,
1789626780,76.8,76.8,76.6,76.8,71800,2026-09-17,,,,,,,,
1789626840,76.7,76.9,76.4,76.8,28900,2026-09-17,,,,,,,,
1789626900,76.8,76.9,76.8,76.9,20600,2026-09-17,,,,,,,,
1789626960,76.9,76.9,76.9,76.9,13400,2026-09-17,,,,,,,,
1789627020,76.9,76.9,76.5,76.9,19600,2026-09-17,,,,,,,,
1789627080,76.9,76.9,76.5,76.9,16500,2026-09-17,,,,,,,,
1789627140,76.9,76.9,76.5,76.5,21300,2026-09-17,,,,,,,,
1789627200,76.9,76.9,76.5,76.5,16100,2026-09-17,,,,,,,,
1789627260,76.5,76.9,76.5,76.5,5700,2026-09-17,,,,,,,,
1789627320,76.5,76.9,76.5,76.8,40600,2026-09-17,,,,,,,,
1789627380,76.8,76.9,76.8,76.8,34500,2026-09-17,,,,,,,,
1789627440,76.8,76.9,76.8,76.8,49100,2026-09-17,,,,,,,,
1789627500,76.8,76.9,76.8,76.8,18200,2026-09-17,,,,,,,,
1789627560,76.8,76.9,76.5,76.8,15000,2026-09-17,,,,,,,,
1789627620,76.8,76.9,76.8,76.8,18500,2026-09-17,,,,,,,,
1789627680,76.8,76.9,76.8,76.8,9400,2026-09-17,,,,,,,,
1789627740,76.8,76.9,76.8,76.8,16500,2026-09-17,,,,,,,,
1789627800,76.8,76.9,76.8,76.9,1700,2026-09-17,,,,,,,,
1789627860,76.8,76.8,76.6,76.6,2600,2026-09-17,,,,,,,,
1789627920,76.7,76.8,76.6,76.6,1400,2026-09-17,,,,,,,,
1789627980,76.6,76.8,76.6,76.6,1100,2026-09-17,,,,,,,,
1789628040,76.6,76.8,76.5,76.5,21300,2026-09-17,,,,,,,,
1789628100,76.5,76.8,76.4,76.4,8900,2026-09-17,,,,,,,,
1789628160,76.4,76.8,76.4,76.5,1300,2026-09-17,,,,,,,,
1789628220,76.6,76.8,76.5,76.8,1200,2026-09-17,,,,,,,,
1789628280,76.5,76.8,76.4,76.4,57600,2026-09-17,,,,,,,,
1789628340,76.7,76.7,76.4,76.5,2700,2026-09-17,,,,,,,,
1789628400,76.5,76.7,76.4,76.7,1100,2026-09-17,,,,,,,,
1789628460,76.7,76.7,76.7,76.7,900,2026-09-17,,,,,,,,
1789628520,76.4,76.8,76.4,76.4,34600,2026-09-17,,,,,,,,
1789628580,76.5,76.7,76.4,76.6,5300,2026-09-17,,,,,,,,
1789628640,76.6,76.6,76.6,76.6,300,2026-09-17,,,,,,,,
1789628700,76.6,76.7,76.6,76.7,600,2026-09-17,,,,,,,,
1789628760,76.7,76.7,76.7,76.7,300,2026-09-17,,,,,,,,
1789628820,76.7,76.7,76.5,76.5,7300,2026-09-17,,,,,,,,
1789628880,76.5,76.7,76.4,76.7,16300,2026-09-17,,,,,,,,
1789628940,76.7,76.8,76.7,76.7,3400,2026-09-17,,,,,,,,
1789629000,76.4,76.7,76.2,76.7,26200,2026-09-17,,,,,,,,
1789629060,76.7,76.7,76.7,76.7,800,2026-09-17,,,,,,,,
1789629120,76.7,76.7,76.7,76.7,1900,2026-09-17,,,,,,,,
1789629180,76.6,76.7,76.6,76.6,7200,2026-09-17,,,,,,,,
1789629240,76.6,76.6,76.6,76.6,1600,2026-09-17,,,,,,,,
1789629300,76.6,76.7,76.6,76.7,25300,2026-09-17,,,,,,,,
1789629360,76.7,76.8,76.4,76.8,34000,2026-09-17,,,,,,,,
1789629420,76.8,76.9,76.8,76.9,24800,2026-09-17,,,,,,,,
1789629480,76.9,77.0,76.8,77.0,30100,2026-09-17,,,,,,,,
1789629540,77.0,77.0,76.9,76.9,26800,2026-09-17,,,,,,,,
1789629600,76.9,76.9,76.8,76.9,31900,2026-09-17,,,,,,,,
1789629660,76.9,77.0,76.9,77.0,25500,2026-09-17,,,,,,,,
1789629720,77.0,77.0,76.8,77.0,25700,2026-09-17,,,,,,,,
1789629780,77.0,77.0,76.5,76.9,33300,2026-09-17,,,,,,,,
1789629840,76.9,76.9,76.6,76.9,25800,2026-09-17,,,,,,,,
1789629900,76.9,77.0,76.6,76.9,28900,2026-09-17,,,,,,,,
1789629960,76.9,77.0,76.9,77.0,25100,2026-09-17,,,,,,,,
1789630020,77.0,77.0,76.9,77.0,25700,2026-09-17,,,,,,,,
1789630080,77.0,77.0,76.5,77.0,32000,2026-09-17,,,,,,,,
1789630140,77.0,77.0,77.0,77.0,26100,2026-09-17,,,,,,,,
1789631100,76.2,76.2,76.2,76.2,400000,2026-09-17,,,,,,,,
1789697700,76.5,76.6,76.5,76.6,44300,2026-09-18,,,,,,,,
1789697820,76.7,76.7,76.6,76.6,16400,2026-09-18,,,,,,,,
1789697880,76.6,76.6,76.6,76.6,2100,2026-09-18,,,,,,,,
1789697940,76.6,76.6,76.6,76.6,100,2026-09-18,,,,,,,,
1789698000,76.8,76.8,76.6,76.6,1200,2026-09-18,,,,,,,,
1789698060,76.8,76.8,76.7,76.7,9900,2026-09-18,,,,,,,,
1789698120,76.7,76.7,76.6,76.7,300,2026-09-18,,,,,,,,
1789698180,76.6,76.6,76.6,76.6,900,2026-09-18,,,,,,,,
1789698300,76.6,76.6,76.6,76.6,2200,2026-09-18,,,,,,,,
1789698360,76.6,76.7,76.6,76.7,1200,2026-09-18,,,,,,,,
1789698420,76.7,76.7,76.6,76.7,1300,2026-09-18,,,,,,,,
1789698480,76.6,76.6,76.6,76.6,11500,2026-09-18,,,,,,,,
1789698540,76.6,76.6,76.6,76.6,400,2026-09-18,,,,,,,,
1789698600,76.7,76.7,76.7,76.7,1600,2026-09-18,,,,,,,,
1789698660,76.7,76.7,76.6,76.6,800,2026-09-18,,,,,,,,
1789698720,76.7,76.7,76.7,76.7,100,2026-09-18,,,,,,,,
1789698780,76.6,76.6,76.6,76.6,1000,2026-09-18,,,,,,,,
1789698840,76.6,76.7,76.6,76.7,1300,2026-09-18,,,,,,,,
1789698960,76.6,76.6,76.6,76.6,1600,2026-09-18,,,,,,,,
1789699020,76.6,76.6,76.6,76.6,100,2026-09-18,,,,,,,,
1789699080,76.6,76.6,76.6,76.6,200,2026-09-18,,,,,,,,
1789699200,76.5,76.5,76.5,76.5,5800,2026-09-18,,,,,,,,
1789699440,76.6,76.6,76.6,76.6,300,2026-09-18,,,,,,,,
1789699500,76.3,76.5,76.2,76.3,31000,2026-09-18,,,,,,,,
1789699560,76.6,76.6,76.5,76.6,3200,2026-09-18,,,,,,,,
1789699620,76.5,76.6,76.5,76.6,22900,2026-09-18,,,,,,,,
1789699680,76.6,76.6,76.6,76.6,3900,2026-09-18,,,,,,,,
1789699740,76.6,76.7,76.5,76.7,8700,2026-09-18,,,,,,,,
1789699800,76.7,76.8,76.7,76.8,19900,2026-09-18,,,,,,,,
1789699860,76.8,76.8,76.7,76.8,2900,2026-09-18,,,,,,,,
1789699920,76.8,76.8,76.7,76.8,2700,2026-09-18,,,,,,,,
1789699980,76.8,76.8,76.7,76.8,4000,2026-09-18,,,,,,,,
1789700040,76.8,76.8,76.7,76.8,6400,2026-09-18,,,,,,,,
1789700100,76.8,76.8,76.7,76.8,2900,2026-09-18,,,,,,,,
1789700160,76.8,76.9,76.8,76.8,5500,2026-09-18,,,,,,,,
1789700220,76.9,76.9,76.8,76.8,2400,2026-09-18,,,,,,,,
1789700280,76.9,76.9,76.9,76.9,100,2026-09-18,,,,,,,,
1789700340,76.8,76.9,76.8,76.9,5500,2026-09-18,,,,,,,,
1789700400,76.9,76.9,76.9,76.9,600,2026-09-18,,,,,,,,
1789700460,76.9,76.9,76.8,76.9,900,2026-09-18,,,,,,,,
1789700520,76.9,76.9,76.9,76.9,100,2026-09-18,,,,,,,,
1789700580,76.8,76.9,76.8,76.8,1000,2026-09-18,,,,,,,,
1789700640,76.9,76.9,76.9,76.9,200,2026-09-18,,,,,,,,
1789700700,76.8,76.8,76.8,76.8,1000,2026-09-18,,,,,,,,
1789700820,76.8,76.8,76.8,76.8,600,2026-09-18,,,,,,,,
1789700940,76.8,76.8,76.8,76.8,1600,2026-09-18,,,,,,,,
1789701000,76.8,76.8,76.8,76.8,2500,2026-09-18,,,,,,,,
1789701180,76.8,76.8,76.8,76.8,4000,2026-09-18,,,,,,,,
1789701240,76.8,76.8,76.8,76.8,100,2026-09-18,,,,,,,,
1789701300,76.8,76.8,76.8,76.8,3200,2026-09-18,,,,,,,,
1789701360,76.8,76.9,76.8,76.9,4800,2026-09-18,,,,,,,,
1789701420,76.9,76.9,76.7,76.9,9300,2026-09-18,,,,,,,,
1789701480,76.9,77.0,76.9,77.0,8400,2026-09-18,,,,,,,,
1789701600,77.0,77.0,76.9,77.0,3800,2026-09-18,,,,,,,,
1789701660,77.0,77.0,76.9,77.0,4700,2026-09-18,,,,,,,,
1789701720,77.0,77.0,77.0,77.0,5100,2026-09-18,,,,,,,,
1789701780,77.0,77.0,77.0,77.0,3800,2026-09-18,,,,,,,,
1789701840,77.0,77.0,77.0,77.0,3700,2026-09-18,,,,,,,,
1789701900,77.0,77.0,77.0,77.0,100,2026-09-18,,,,,,,,
1789701960,76.9,76.9,76.9,76.9,2200,2026-09-18,,,,,,,,
1789702080,76.9,76.9,76.9,76.9,7200,2026-09-18,,,,,,,,
1789702140,76.9,76.9,76.9,76.9,7200,2026-09-18,,,,,,,,
1789702260,76.9,76.9,76.9,76.9,100,2026-09-18,,,,,,,,
1789702320,76.9,76.9,76.9,76.9,1000,2026-09-18,,,,,,,,
1789702380,77.0,77.0,77.0,77.0,9100,2026-09-18,,,,,,,,
1789702440,77.0,77.0,77.0,77.0,200,2026-09-18,,,,,,,,
1789702500,77.0,77.0,77.0,77.0,100,2026-09-18,,,,,,,,
1789702560,77.0,77.0,77.0,77.0,100,2026-09-18,,,,,,,,
1789702620,77.0,77.0,77.0,77.0,1100,2026-09-18,,,,,,,,
1789702680,76.9,77.0,76.9,77.0,1300,2026-09-18,,,,,,,,
1789702800,77.0,77.0,77.0,77.0,100,2026-09-18,,,,,,,,
1789702860,77.0,77.0,77.0,77.0,900,2026-09-18,,,,,,,,
1789702920,77.0,77.0,77.0,77.0,4000,2026-09-18,,,,,,,,
1789702980,77.1,77.2,77.1,77.2,25700,2026-09-18,,,,,,,,
1789703040,77.2,77.2,77.2,77.2,2000,2026-09-18,,,,,,,,
1789703160,77.1,77.3,77.1,77.2,6200,2026-09-18,,,,,,,,
1789703220,77.3,77.4,77.3,77.4,16000,2026-09-18,,,,,,,,
1789703280,77.4,77.4,77.4,77.4,2900,2026-09-18,,,,,,,,
1789703340,77.4,77.5,77.4,77.5,11300,2026-09-18,,,,,,,,
1789703400,77.5,77.5,77.5,77.5,10100,2026-09-18,,,,,,,,
1789703460,77.5,77.6,77.5,77.6,8000,2026-09-18,,,,,,,,
1789703520,77.6,77.6,77.5,77.6,9200,2026-09-18,,,,,,,,
1789703580,77.6,77.7,77.6,77.7,10400,2026-09-18,,,,,,,,
1789703640,77.6,77.6,77.6,77.6,19300,2026-09-18,,,,,,,,
1789703700,77.6,77.6,77.4,77.4,12600,2026-09-18,,,,,,,,
1789703760,77.5,77.5,77.4,77.5,6800,2026-09-18,,,,,,,,
1789703820,77.4,77.4,77.3,77.3,5500,2026-09-18,,,,,,,,
1789703880,77.3,77.3,77.0,77.0,26600,2026-09-18,,,,,,,,
1789703940,77.0,77.3,76.8,77.3,19400,2026-09-18,,,,,,,,
1789704000,77.4,77.4,77.4,77.4,1100,2026-09-18,,,,,,,,
1789704060,77.4,77.4,77.3,77.3,800,2026-09-18,,,,,,,,
1789704240,77.3,77.4,77.0,77.4,26900,2026-09-18,,,,,,,,
1789704300,77.3,77.3,77.3,77.3,700,2026-09-18,,,,,,,,
1789704360,77.3,77.3,77.3,77.3,700,2026-09-18,,,,,,,,
1789704420,77.3,77.3,77.3,77.3,600,2026-09-18,,,,,,,,
1789704480,77.3,77.3,77.3,77.3,300,2026-09-18,,,,,,,,
1789704540,77.3,77.3,77.3,77.3,600,2026-09-18,,,,,,,,
1789704600,77.3,77.3,77.3,77.3,300,2026-09-18,,,,,,,,
1789704660,77.3,77.3,77.3,77.3,6500,2026-09-18,,,,,,,,
1789704720,77.3,77.3,77.2,77.2,1400,2026-09-18,,,,,,,,
1789704780,77.1,77.1,77.1,77.1,3700,2026-09-18,,,,,,,,
1789704840,77.1,77.1,77.1,77.1,1000,2026-09-18,,,,,,,,
1789704900,77.1,77.1,77.1,77.1,7400,2026-09-18,,,,,,,,
1789704960,77.1,77.1,77.1,77.1,7600,2026-09-18,,,,,,,,
1789705080,77.3,77.3,77.3,77.3,600,2026-09-18,,,,,,,,
1789705140,77.3,77.3,77.3,77.3,8800,2026-09-18,,,,,,,,
1789705200,77.3,77.3,77.3,77.3,800,2026-09-18,,,,,,,,
1789705260,77.3,77.3,77.2,77.2,2100,2026-09-18,,,,,,,,
1789705320,77.2,77.2,77.2,77.2,200,2026-09-18,,,,,,,,
1789705380,77.2,77.2,77.2,77.2,600,2026-09-18,,,,,,,,
1789705440,77.3,77.3,77.3,77.3,38600,2026-09-18,,,,,,,,
1789705500,77.3,77.4,77.3,77.4,5100,2026-09-18,,,,,,,,
1789705560,77.4,77.4,77.4,77.4,600,2026-09-18,,,,,,,,
1789705620,77.4,77.4,77.4,77.4,12800,2026-09-18,,,,,,,,
1789705680,77.4,77.4,77.4,77.4,300,2026-09-18,,,,,,,,
1789705740,77.4,77.4,77.3,77.3,700,2026-09-18,,,,,,,,
1789711200,77.2,77.3,77.2,77.2,4500,2026-09-18,,,,,,,,
1789711260,77.2,77.3,77.2,77.3,1500,2026-09-18,,,,,,,,
1789711320,77.3,77.5,77.3,77.5,63300,2026-09-18,,,,,,,,
1789711380,77.5,77.6,77.5,77.5,900,2026-09-18,,,,,,,,
1789711440,77.5,77.6,77.5,77.6,24700,2026-09-18,,,,,,,,
1789711500,77.6,77.6,77.5,77.6,3100,2026-09-18,,,,,,,,
1789711560,77.6,77.6,77.6,77.6,21000,2026-09-18,,,,,,,,
1789711620,77.6,77.6,77.2,77.2,4100,2026-09-18,,,,,,,,
1789711680,77.2,77.2,77.2,77.2,5300,2026-09-18,,,,,,,,
1789711740,77.2,77.2,77.2,77.2,200,2026-09-18,,,,,,,,
1789711800,77.2,77.3,77.2,77.2,3500,2026-09-18,,,,,,,,
1789711860,77.2,77.4,77.2,77.2,900,2026-09-18,,,,,,,,
1789711920,77.3,77.3,77.2,77.3,15700,2026-09-18,,,,,,,,
1789711980,77.3,77.3,77.2,77.2,500,2026-09-18,,,,,,,,
1789712040,77.2,77.4,77.2,77.2,22700,2026-09-18,,,,,,,,
1789712100,77.2,77.2,77.1,77.2,5500,2026-09-18,,,,,,,,
1789712160,77.2,77.3,77.2,77.3,900,2026-09-18,,,,,,,,
1789712220,77.2,77.3,77.2,77.3,1500,2026-09-18,,,,,,,,
1789712280,77.3,77.3,77.2,77.2,32700,2026-09-18,,,,,,,,
1789712340,77.2,77.3,77.1,77.1,9800,2026-09-18,,,,,,,,
1789712400,77.1,77.1,77.1,77.1,2200,2026-09-18,,,,,,,,
1789712460,77.3,77.4,77.3,77.4,3600,2026-09-18,,,,,,,,
1789712520,77.4,77.4,77.4,77.4,600,2026-09-18,,,,,,,,
1789712580,77.4,77.4,77.3,77.3,4800,2026-09-18,,,,,,,,
1789712640,77.4,77.4,77.3,77.3,9300,2026-09-18,,,,,,,,
1789712700,77.3,77.3,77.3,77.3,400,2026-09-18,,,,,,,,
1789712760,77.3,77.3,77.2,77.2,4500,2026-09-18,,,,,,,,
1789712820,77.2,77.3,77.2,77.3,1200,2026-09-18,,,,,,,,
1789712880,77.3,77.3,77.3,77.3,2600,2026-09-18,,,,,,,,
1789712940,77.3,77.5,77.2,77.2,36400,2026-09-18,,,,,,,,
1789713000,77.2,77.2,77.2,77.2,600,2026-09-18,,,,,,,,
1789713060,77.2,77.2,77.1,77.1,11100,2026-09-18,,,,,,,,
1789713120,77.1,77.1,77.1,77.1,2000,2026-09-18,,,,,,,,
1789713180,77.1,77.2,77.1,77.1,900,2026-09-18,,,,,,,,
1789713240,77.1,77.4,77.1,77.1,22000,2026-09-18,,,,,,,,
1789713300,77.1,77.4,77.1,77.1,4900,2026-09-18,,,,,,,,
1789713360,77.3,77.4,77.3,77.4,2000,2026-09-18,,,,,,,,
1789713420,77.4,77.4,77.4,77.4,1000,2026-09-18,,,,,,,,
1789713480,77.5,77.6,77.4,77.6,39800,2026-09-18,,,,,,,,
1789713540,77.6,77.6,77.5,77.5,10300,2026-09-18,,,,,,,,
1789713600,77.5,77.5,77.1,77.2,7600,2026-09-18,,,,,,,,
1789713660,77.2,77.5,77.2,77.4,1500,2026-09-18,,,,,,,,
1789713720,77.4,77.5,77.3,77.3,2700,2026-09-18,,,,,,,,
1789713780,77.3,77.5,77.3,77.5,1200,2026-09-18,,,,,,,,
1789713840,77.3,77.5,77.3,77.3,1000,2026-09-18,,,,,,,,
1789713900,77.3,77.3,77.3,77.3,1200,2026-09-18,,,,,,,,
1789713960,77.5,77.5,77.5,77.5,1000,2026-09-18,,,,,,,,
1789714020,77.4,77.5,77.3,77.3,800,2026-09-18,,,,,,,,
1789714080,77.5,77.5,77.3,77.3,400,2026-09-18,,,,,,,,
1789714200,77.4,77.5,77.4,77.5,800,2026-09-18,,,,,,,,
1789714260,77.4,77.5,77.3,77.3,6700,2026-09-18,,,,,,,,
1789714320,77.3,77.5,77.3,77.3,50600,2026-09-18,,,,,,,,
1789714380,77.5,77.5,77.4,77.4,16900,2026-09-18,,,,,,,,
1789714440,77.5,77.5,77.3,77.3,7900,2026-09-18,,,,,,,,
1789714500,77.3,77.5,77.2,77.2,35300,2026-09-18,,,,,,,,
1789714560,77.2,77.4,77.1,77.4,8900,2026-09-18,,,,,,,,
1789714620,77.4,77.4,77.4,77.4,1000,2026-09-18,,,,,,,,
1789714680,77.4,77.5,77.4,77.4,2400,2026-09-18,,,,,,,,
1789714740,77.5,77.5,77.3,77.3,4200,2026-09-18,,,,,,,,
1789714800,77.3,77.4,77.1,77.1,16800,2026-09-18,,,,,,,,
1789714860,77.1,77.1,77.0,77.0,12600,2026-09-18,,,,,,,,
1789714920,77.1,77.3,77.0,77.3,3200,2026-09-18,,,,,,,,
1789714980,77.4,77.5,77.4,77.5,30400,2026-09-18,,,,,,,,
1789715040,77.5,77.5,76.9,76.9,37400,2026-09-18,,,,,,,,
1789715100,77.0,77.0,76.9,76.9,500,2026-09-18,,,,,,,,
1789715160,77.0,77.5,77.0,77.5,30900,2026-09-18,,,,,,,,
1789715220,77.5,77.6,77.4,77.5,23600,2026-09-18,,,,,,,,
1789715280,77.4,77.5,77.4,77.4,9000,2026-09-18,,,,,,,,
1789715340,77.4,77.4,77.4,77.4,1900,2026-09-18,,,,,,,,
1789715400,77.4,77.5,77.4,77.5,800,2026-09-18,,,,,,,,
1789715460,77.5,77.5,77.4,77.4,2900,2026-09-18,,,,,,,,
1789715520,77.5,77.5,77.4,77.4,800,2026-09-18,,,,,,,,
1789715580,77.4,77.4,76.9,76.9,20600,2026-09-18,,,,,,,,
1789715640,77.0,77.0,77.0,77.0,600,2026-09-18,,,,,,,,
1789715700,77.4,77.4,77.1,77.1,1700,2026-09-18,,,,,,,,
1789715760,77.3,77.5,77.0,77.0,58500,2026-09-18,,,,,,,,
1789715820,77.0,77.5,77.0,77.5,6600,2026-09-18,,,,,,,,
1789715880,77.4,77.5,77.1,77.4,7600,2026-09-18,,,,,,,,
1789715940,77.4,77.4,77.1,77.4,4000,2026-09-18,,,,,,,,
1789716000,77.4,77.4,77.1,77.4,900,2026-09-18,,,,,,,,
1789716060,77.4,77.5,77.1,77.5,50800,2026-09-18,,,,,,,,
1789716120,77.5,77.5,77.1,77.1,6800,2026-09-18,,,,,,,,
1789716180,77.4,77.4,77.1,77.1,700,2026-09-18,,,,,,,,
1789716240,77.4,77.4,77.2,77.3,1000,2026-09-18,,,,,,,,
1789716300,77.3,77.5,77.0,77.0,68300,2026-09-18,,,,,,,,
1789716360,77.1,77.4,77.0,77.1,4100,2026-09-18,,,,,,,,
1789716420,77.2,77.2,77.0,77.0,13200,2026-09-18,,,,,,,,
1789716480,77.0,77.1,77.0,77.0,2200,2026-09-18,,,,,,,,
1789716540,77.0,77.0,77.0,77.0,300,2026-09-18,,,,,,,,
1789717500,78.2,78.2,78.2,78.2,3492600,2026-09-18,,,,,,,,
1789956900,78.0,78.2,78.0,78.1,28900,2026-09-21,,,,,,,,
1789956960,78.1,78.2,78.1,78.1,19800,2026-09-21,,,,,,,,
1789957020,78.1,78.2,78.0,78.1,15600,2026-09-21,,,,,,,,
1789957080,78.1,78.1,78.0,78.0,4500,2026-09-21,,,,,,,,
1789957140,78.0,78.1,77.9,77.9,13300,2026-09-21,,,,,,,,
1789957200,77.9,77.9,77.9,77.9,400,2026-09-21,,,,,,,,
1789957260,77.9,78.1,77.9,78.0,7000,2026-09-21,,,,,,,,
1789957320,78.0,78.0,77.9,77.9,1100,2026-09-21,,,,,,,,
1789957380,77.9,77.9,77.9,77.9,7900,2026-09-21,,,,,,,,
1789957440,77.9,77.9,77.9,77.9,500,2026-09-21,,,,,,,,
1789957500,77.9,77.9,77.7,77.8,7600,2026-09-21,,,,,,,,
1789957560,77.7,77.7,77.7,77.7,13300,2026-09-21,,,,,,,,
1789957620,77.7,77.7,77.7,77.7,2700,2026-09-21,,,,,,,,
1789957680,77.7,77.7,77.7,77.7,1400,2026-09-21,,,,,,,,
1789957740,77.7,77.8,77.7,77.7,600,2026-09-21,,,,,,,,
1789957800,77.7,77.7,77.7,77.7,1000,2026-09-21,,,,,,,,
1789957860,77.7,77.7,77.6,77.6,7300,2026-09-21,,,,,,,,
1789957920,77.6,77.8,77.6,77.8,3400,2026-09-21,,,,,,,,
1789957980,77.6,77.6,77.6,77.6,2500,2026-09-21,,,,,,,,
1789958040,77.6,77.6,77.5,77.5,5100,2026-09-21,,,,,,,,
1789958100,77.5,77.5,77.5,77.5,900,2026-09-21,,,,,,,,
1789958160,77.5,77.5,77.5,77.5,11800,2026-09-21,,,,,,,,
1789958220,77.4,77.7,77.3,77.3,5200,2026-09-21,,,,,,,,
1789958280,77.3,77.3,77.3,77.3,1000,2026-09-21,,,,,,,,
1789958340,77.3,77.7,77.3,77.3,2200,2026-09-21,,,,,,,,
1789958400,77.3,77.3,77.3,77.3,400,2026-09-21,,,,,,,,
1789958460,77.3,77.7,77.3,77.4,1400,2026-09-21,,,,,,,,
1789958520,77.4,77.5,77.4,77.4,600,2026-09-21,,,,,,,,
1789958580,77.4,77.6,77.4,77.4,1100,2026-09-21,,,,,,,,
1789958640,77.4,77.7,77.4,77.4,1100,2026-09-21,,,,,,,,
1789958700,77.4,77.6,77.4,77.4,500,2026-09-21,,,,,,,,
1789958760,77.4,77.5,77.3,77.3,25800,2026-09-21,,,,,,,,
1789958820,77.3,77.3,77.3,77.3,3900,2026-09-21,,,,,,,,
1789958880,77.3,77.3,77.3,77.3,400,2026-09-21,,,,,,,,
1789958940,77.3,77.4,77.3,77.4,7600,2026-09-21,,,,,,,,
1789959000,77.4,77.4,77.2,77.2,22600,2026-09-21,,,,,,,,
1789959060,77.2,77.2,77.2,77.2,400,2026-09-21,,,,,,,,
1789959120,77.2,77.2,77.2,77.2,400,2026-09-21,,,,,,,,
1789959180,77.2,77.2,77.2,77.2,7500,2026-09-21,,,,,,,,
1789959240,77.2,77.3,77.2,77.3,4100,2026-09-21,,,,,,,,
1789959300,77.3,77.5,77.3,77.5,1800,2026-09-21,,,,,,,,
1789959360,77.5,77.5,77.4,77.5,800,2026-09-21,,,,,,,,
1789959420,77.5,77.6,77.5,77.5,2400,2026-09-21,,,,,,,,
1789959480,77.5,77.5,77.5,77.5,1700,2026-09-21,,,,,,,,
1789959540,77.5,77.5,77.5,77.5,500,2026-09-21,,,,,,,,
1789959600,77.5,77.6,77.5,77.5,800,2026-09-21,,,,,,,,
1789959660,77.5,77.5,77.5,77.5,500,2026-09-21,,,,,,,,
1789959720,77.5,77.5,77.5,77.5,400,2026-09-21,,,,,,,,
1789959780,77.5,77.5,77.4,77.4,7200,2026-09-21,,,,,,,,
1789959840,77.5,77.5,77.4,77.4,1200,2026-09-21,,,,,,,,
1789959900,77.4,77.5,77.4,77.4,500,2026-09-21,,,,,,,,
1789959960,77.4,77.5,77.4,77.4,1500,2026-09-21,,,,,,,,
1789960020,77.4,77.4,77.4,77.4,400,2026-09-21,,,,,,,,
1789960080,77.4,77.5,77.4,77.4,500,2026-09-21,,,,,,,,
1789960140,77.4,77.5,77.4,77.5,600,2026-09-21,,,,,,,,
1789960200,77.5,77.5,77.5,77.5,500,2026-09-21,,,,,,,,
1789960260,77.5,77.5,77.5,77.5,4900,2026-09-21,,,,,,,,
1789960320,77.5,77.5,77.5,77.5,400,2026-09-21,,,,,,,,
1789960380,77.5,77.5,77.5,77.5,400,2026-09-21,,,,,,,,
1789960440,77.5,77.5,77.5,77.5,400,2026-09-21,,,,,,,,
1789960500,77.5,77.5,77.5,77.5,1100,2026-09-21,,,,,,,,
1789960560,77.5,77.5,77.5,77.5,1000,2026-09-21,,,,,,,,
1789960620,77.5,77.5,77.5,77.5,1500,2026-09-21,,,,,,,,
1789960680,77.5,77.5,77.5,77.5,400,2026-09-21,,,,,,,,
1789960740,77.5,77.5,77.5,77.5,1200,2026-09-21,,,,,,,,
1789960800,77.5,77.5,77.4,77.4,3400,2026-09-21,,,,,,,,
1789960860,77.4,77.4,77.3,77.4,7100,2026-09-21,,,,,,,,
1789960920,77.3,77.4,77.3,77.3,400,2026-09-21,,,,,,,,
1789960980,77.3,77.5,77.3,77.5,13500,2026-09-21,,,,,,,,
1789961040,77.5,77.5,77.5,77.5,17800,2026-09-21,,,,,,,,
1789961100,77.5,77.5,77.5,77.5,400,2026-09-21,,,,,,,,
1789961160,77.5,77.5,77.5,77.5,400,2026-09-21,,,,,,,,
1789961220,77.5,77.7,77.5,77.6,19900,2026-09-21,,,,,,,,
1789961280,77.6,77.7,77.5,77.6,22600,2026-09-21,,,,,,,,
1789961340,77.6,77.6,77.6,77.6,400,2026-09-21,,,,,,,,
1789961400,77.6,77.7,77.6,77.6,1000,2026-09-21,,,,,,,,
1789961460,77.6,77.6,77.6,77.6,400,2026-09-21,,,,,,,,
1789961520,77.6,77.7,77.6,77.6,2200,2026-09-21,,,,,,,,
1789961580,77.6,77.7,77.6,77.7,1000,2026-09-21,,,,,,,,
1789961640,77.6,77.6,77.6,77.6,400,2026-09-21,,,,,,,,
1789961700,77.7,77.7,77.6,77.6,500,2026-09-21,,,,,,,,
1789961760,77.6,77.6,77.6,77.6,400,2026-09-21,,,,,,,,
1789961820,77.6,77.6,77.5,77.5,8800,2026-09-21,,,,,,,,
1789961880,77.5,77.5,77.5,77.5,400,2026-09-21,,,,,,,,
1789961940,77.5,77.6,77.5,77.6,4600,2026-09-21,,,,,,,,
1789962000,77.7,77.7,77.6,77.7,19700,2026-09-21,,,,,,,,
1789962060,77.7,77.7,77.7,77.7,1400,2026-09-21,,,,,,,,
1789962120,77.7,77.7,77.7,77.7,400,2026-09-21,,,,,,,,
1789962180,77.8,77.8,77.6,77.6,5400,2026-09-21,,,,,,,,
1789962240,77.6,77.6,77.6,77.6,400,2026-09-21,,,,,,,,
1789962300,77.6,77.6,77.6,77.6,500,2026-09-21,,,,,,,,
1789962360,77.6,77.6,77.6,77.6,400,2026-09-21,,,,,,,,
1789962420,77.6,77.6,77.6,77.6,400,2026-09-21,,,,,,,,
1789962480,77.6,77.6,77.6,77.6,400,2026-09-21,,,,,,,,
1789962540,77.6,77.6,77.6,77.6,400,2026-09-21,,,,,,,,
1789962600,77.6,77.7,77.6,77.6,10600,2026-09-21,,,,,,,,
1789962660,77.6,77.7,77.6,77.6,2400,2026-09-21,,,,,,,,
1789962720,77.6,77.6,77.6,77.6,400,2026-09-21,,,,,,,,
1789962780,77.6,77.6,77.6,77.6,400,2026-09-21,,,,,,,,
1789962840,77.6,77.8,77.6,77.6,1700,2026-09-21,,,,,,,,
1789962900,77.6,77.6,77.6,77.6,400,2026-09-21,,,,,,,,
1789962960,77.6,77.6,77.6,77.6,500,2026-09-21,,,,,,,,
1789963020,77.6,77.6,77.6,77.6,400,2026-09-21,,,,,,,,
1789963080,77.6,77.6,77.6,77.6,400,2026-09-21,,,,,,,,
1789963140,77.6,77.6,77.6,77.6,400,2026-09-21,,,,,,,,
1789963200,77.6,77.6,77.6,77.6,400,2026-09-21,,,,,,,,
1789963260,77.6,77.6,77.6,77.6,2700,2026-09-21,,,,,,,,
1789963320,77.6,77.6,77.6,77.6,400,2026-09-21,,,,,,,,
1789963380,77.6,77.7,77.6,77.7,10200,2026-09-21,,,,,,,,
1789963440,77.6,77.6,77.5,77.6,22400,2026-09-21,,,,,,,,
1789963500,77.6,77.6,77.5,77.6,1000,2026-09-21,,,,,,,,
1789963560,77.6,77.6,77.6,77.6,2600,2026-09-21,,,,,,,,
1789963620,77.6,77.6,77.6,77.6,500,2026-09-21,,,,,,,,
1789963680,77.6,77.6,77.6,77.6,2900,2026-09-21,,,,,,,,
1789963740,77.6,77.6,77.6,77.6,1100,2026-09-21,,,,,,,,
1789963800,77.6,77.6,77.5,77.6,13400,2026-09-21,,,,,,,,
1789963860,77.6,77.6,77.6,77.6,12800,2026-09-21,,,,,,,,
1789963920,77.5,77.5,77.5,77.5,2800,2026-09-21,,,,,,,,
1789963980,77.5,77.5,77.5,77.5,3200,2026-09-21,,,,,,,,
1789964040,77.5,77.5,77.5,77.5,400,2026-09-21,,,,,,,,
1789964100,77.5,77.5,77.5,77.5,500,2026-09-21,,,,,,,,
1789964160,77.5,77.5,77.4,77.5,17100,2026-09-21,,,,,,,,
1789964220,77.5,77.5,77.5,77.5,1100,2026-09-21,,,,,,,,
1789964280,77.5,77.5,77.5,77.5,3600,2026-09-21,,,,,,,,
1789964340,77.5,77.5,77.5,77.5,400,2026-09-21,,,,,,,,
1789964400,77.5,77.5,77.5,77.5,7400,2026-09-21,,,,,,,,
1789964460,77.5,77.6,77.5,77.5,7300,2026-09-21,,,,,,,,
1789964520,77.5,77.5,77.5,77.5,3400,2026-09-21,,,,,,,,
1789964580,77.5,77.5,77.5,77.5,3500,2026-09-21,,,,,,,,
1789964640,77.5,77.5,77.5,77.5,3400,2026-09-21,,,,,,,,
1789964700,77.5,77.5,77.5,77.5,1000,2026-09-21,,,,,,,,
1789964760,77.5,77.5,77.5,77.5,3400,2026-09-21,,,,,,,,
1789964820,77.5,77.5,77.5,77.5,400,2026-09-21,,,,,,,,
1789964880,77.5,77.6,77.5,77.5,4200,2026-09-21,,,,,,,,
1789964940,77.5,77.5,77.5,77.5,100,2026-09-21,,,,,,,,
1789970400,77.5,77.5,77.4,77.5,48400,2026-09-21,,,,,,,,
1789970460,77.5,77.5,77.5,77.5,1800,2026-09-21,,,,,,,,
1789970520,77.5,77.5,77.5,77.5,5400,2026-09-21,,,,,,,,
1789970580,77.5,77.5,77.4,77.4,18900,2026-09-21,,,,,,,,
1789970640,77.4,77.5,77.4,77.5,6900,2026-09-21,,,,,,,,
1789970700,77.5,77.6,77.5,77.5,1900,2026-09-21,,,,,,,,
1789970760,77.5,77.5,77.5,77.5,4300,2026-09-21,,,,,,,,
1789970820,77.5,77.5,77.5,77.5,400,2026-09-21,,,,,,,,
1789970880,77.6,77.6,77.5,77.5,4000,2026-09-21,,,,,,,,
1789970940,77.5,77.5,77.5,77.5,900,2026-09-21,,,,,,,,
1789971000,77.5,77.5,77.5,77.5,9700,2026-09-21,,,,,,,,
1789971060,77.5,77.5,77.5,77.5,700,2026-09-21,,,,,,,,
1789971120,77.5,77.5,77.4,77.5,26300,2026-09-21,,,,,,,,
1789971180,77.5,77.5,77.5,77.5,500,2026-09-21,,,,,,,,
1789971240,77.5,77.5,77.5,77.5,22300,2026-09-21,,,,,,,,
1789971300,77.5,77.5,77.5,77.5,9200,2026-09-21,,,,,,,,
1789971360,77.5,77.5,77.5,77.5,6900,2026-09-21,,,,,,,,
1789971420,77.5,77.5,77.5,77.5,700,2026-09-21,,,,,,,,
1789971480,77.5,77.5,77.5,77.5,9300,2026-09-21,,,,,,,,
1789971540,77.5,77.5,77.5,77.5,700,2026-09-21,,,,,,,,
1789971600,77.5,77.5,77.5,77.5,6600,2026-09-21,,,,,,,,
1789971660,77.5,77.5,77.5,77.5,3300,2026-09-21,,,,,,,,
1789971720,77.5,77.5,77.4,77.5,27000,2026-09-21,,,,,,,,
1789971780,77.5,77.5,77.5,77.5,12500,2026-09-21,,,,,,,,
1789971840,77.6,77.6,77.5,77.5,7500,2026-09-21,,,,,,,,
1789971900,77.5,77.6,77.5,77.6,32000,2026-09-21,,,,,,,,
1789971960,77.5,77.5,77.5,77.5,3900,2026-09-21,,,,,,,,
1789972020,77.5,77.5,77.5,77.5,5600,2026-09-21,,,,,,,,
1789972080,77.6,77.6,77.5,77.5,3100,2026-09-21,,,,,,,,
1789972140,77.6,77.6,77.5,77.5,11200,2026-09-21,,,,,,,,
1789972200,77.5,77.6,77.5,77.5,7300,2026-09-21,,,,,,,,
1789972260,77.5,77.5,77.5,77.5,2600,2026-09-21,,,,,,,,
1789972320,77.5,77.6,77.5,77.5,5500,2026-09-21,,,,,,,,
1789972380,77.5,77.6,77.5,77.5,18200,2026-09-21,,,,,,,,
1789972440,77.5,77.5,77.4,77.4,34500,2026-09-21,,,,,,,,
1789972500,77.4,77.5,77.4,77.4,3200,2026-09-21,,,,,,,,
1789972560,77.5,77.5,77.4,77.5,8200,2026-09-21,,,,,,,,
1789972620,77.5,77.5,77.4,77.4,800,2026-09-21,,,,,,,,
1789972680,77.4,77.4,77.4,77.4,3100,2026-09-21,,,,,,,,
1789972740,77.4,77.4,77.3,77.3,35800,2026-09-21,,,,,,,,
1789972800,77.3,77.4,77.3,77.4,32000,2026-09-21,,,,,,,,
1789972860,77.5,77.5,77.4,77.5,600,2026-09-21,,,,,,,,
1789972920,77.4,77.5,77.4,77.4,4400,2026-09-21,,,,,,,,
1789972980,77.4,77.4,77.4,77.4,5100,2026-09-21,,,,,,,,
1789973040,77.4,77.4,77.4,77.4,3000,2026-09-21,,,,,,,,
1789973100,77.5,77.5,77.4,77.4,300,2026-09-21,,,,,,,,
1789973160,77.4,77.4,77.4,77.4,3700,2026-09-21,,,,,,,,
1789973220,77.4,77.4,77.4,77.4,700,2026-09-21,,,,,,,,
1789973280,77.4,77.4,77.4,77.4,3000,2026-09-21,,,,,,,,
1789973340,77.4,77.5,77.4,77.5,500,2026-09-21,,,,,,,,
1789973400,77.5,77.5,77.4,77.5,3300,2026-09-21,,,,,,,,
1789973460,77.4,77.4,77.4,77.4,4300,2026-09-21,,,,,,,,
1789973520,77.4,77.4,77.4,77.4,5700,2026-09-21,,,,,,,,
1789973580,77.4,77.4,77.3,77.3,45300,2026-09-21,,,,,,,,
1789973640,77.3,77.4,77.3,77.3,37300,2026-09-21,,,,,,,,
1789973700,77.3,77.3,77.3,77.3,3000,2026-09-21,,,,,,,,
1789973760,77.3,77.3,77.2,77.2,25700,2026-09-21,,,,,,,,
1789973820,77.2,77.3,77.2,77.3,13300,2026-09-21,,,,,,,,
1789973880,77.3,77.3,77.2,77.2,27000,2026-09-21,,,,,,,,
1789973940,77.2,77.3,77.2,77.2,7200,2026-09-21,,,,,,,,
1789974000,77.2,77.3,77.2,77.2,6400,2026-09-21,,,,,,,,
1789974060,77.2,77.2,77.2,77.2,30700,2026-09-21,,,,,,,,
1789974120,77.2,77.3,77.2,77.3,25500,2026-09-21,,,,,,,,
1789974180,77.3,77.3,77.3,77.3,7300,2026-09-21,,,,,,,,
1789974240,77.3,77.4,77.2,77.2,17800,2026-09-21,,,,,,,,
1789974360,77.3,77.4,77.3,77.3,8900,2026-09-21,,,,,,,,
1789974420,77.3,77.3,77.3,77.3,2700,2026-09-21,,,,,,,,
1789974480,77.3,77.4,77.3,77.3,10200,2026-09-21,,,,,,,,
1789974540,77.3,77.3,77.3,77.3,5400,2026-09-21,,,,,,,,
1789974600,77.3,77.3,77.3,77.3,4300,2026-09-21,,,,,,,,
1789974660,77.3,77.3,77.3,77.3,3400,2026-09-21,,,,,,,,
1789974720,77.3,77.4,77.3,77.4,2100,2026-09-21,,,,,,,,
1789974780,77.3,77.3,77.3,77.3,2300,2026-09-21,,,,,,,,
1789974840,77.3,77.4,77.2,77.2,22000,2026-09-21,,,,,,,,
1789974900,77.2,77.3,77.2,77.2,12700,2026-09-21,,,,,,,,
1789974960,77.2,77.2,77.1,77.1,24500,2026-09-21,,,,,,,,
1789975020,77.1,77.1,77.1,77.1,26100,2026-09-21,,,,,,,,
1789975080,77.1,77.1,77.0,77.0,9400,2026-09-21,,,,,,,,
1789975140,77.0,77.1,77.0,77.1,16900,2026-09-21,,,,,,,,
1789975200,77.1,77.1,77.1,77.1,20200,2026-09-21,,,,,,,,
1789975260,77.1,77.1,77.1,77.1,2400,2026-09-21,,,,,,,,
1789975320,77.1,77.1,77.0,77.1,25500,2026-09-21,,,,,,,,
1789975380,77.1,77.2,77.1,77.1,3200,2026-09-21,,,,,,,,
1789975440,77.1,77.2,77.1,77.2,6600,2026-09-21,,,,,,,,
1789975500,77.2,77.2,77.1,77.1,6700,2026-09-21,,,,,,,,
1789975560,77.1,77.2,77.1,77.2,5600,2026-09-21,,,,,,,,
1789975620,77.2,77.2,77.1,77.1,4200,2026-09-21,,,,,,,,
1789975680,77.1,77.1,77.0,77.0,10000,2026-09-21,,,,,,,,
1789975740,77.0,77.1,76.9,76.9,26400,2026-09-21,,,,,,,,
1789976700,76.7,76.7,76.7,76.7,367500,2026-09-21,,,,,,,,
1790043300,76.7,76.8,76.7,76.8,22400,2026-09-22,,,,,,,,
1790043360,76.8,76.8,76.6,76.7,6600,2026-09-22,,,,,,,,
1790043420,76.7,76.7,76.7,76.7,6000,2026-09-22,,,,,,,,
1790043480,76.8,76.8,76.8,76.8,1100,2026-09-22,,,,,,,,
1790043540,76.8,76.8,76.8,76.8,10300,2026-09-22,,,,,,,,
1790043600,76.9,77.0,76.7,77.0,42200,2026-09-22,,,,,,,,
1790043660,76.9,77.1,76.9,77.1,12200,2026-09-22,,,,,,,,
1790043720,77.2,77.2,77.0,77.0,11400,2026-09-22,,,,,,,,
1790043780,77.0,77.3,77.0,77.2,28900,2026-09-22,,,,,,,,
1790043840,77.1,77.1,77.1,77.1,300,2026-09-22,,,,,,,,
1790043900,77.2,77.2,77.2,77.2,400,2026-09-22,,,,,,,,
1790043960,77.2,77.2,77.1,77.1,1000,2026-09-22,,,,,,,,
1790044020,77.1,77.2,77.1,77.1,800,2026-09-22,,,,,,,,
1790044080,77.1,77.4,77.1,77.4,5000,2026-09-22,,,,,,,,
1790044140,77.3,77.4,77.3,77.4,800,2026-09-22,,,,,,,,
1790044200,77.4,77.4,77.4,77.4,22200,2026-09-22,,,,,,,,
1790044260,77.4,77.5,77.4,77.4,1500,2026-09-22,,,,,,,,
1790044320,77.5,77.5,77.4,77.4,2700,2026-09-22,,,,,,,,
1790044440,77.4,77.5,77.4,77.4,1300,2026-09-22,,,,,,,,
1790044500,77.4,77.4,77.4,77.4,1400,2026-09-22,,,,,,,,
1790044560,77.4,77.4,77.3,77.3,700,2026-09-22,,,,,,,,
1790044620,77.4,77.4,77.4,77.4,3700,2026-09-22,,,,,,,,
1790044680,77.4,77.5,77.4,77.5,35100,2026-09-22,,,,,,,,
1790044740,77.4,77.6,77.4,77.4,18500,2026-09-22,,,,,,,,
1790044800,77.3,77.4,77.0,77.4,19900,2026-09-22,,,,,,,,
1790044860,77.4,77.5,77.4,77.4,500,2026-09-22,,,,,,,,
1790044920,77.4,77.5,77.4,77.4,3000,2026-09-22,,,,,,,,
1790044980,77.5,77.5,77.3,77.3,2300,2026-09-22,,,,,,,,
1790045040,77.3,77.3,77.3,77.3,500,2026-09-22,,,,,,,,
1790045100,77.4,77.4,77.3,77.3,2000,2026-09-22,,,,,,,,
1790045160,77.3,77.4,77.3,77.3,800,2026-09-22,,,,,,,,
1790045220,77.3,77.3,77.3,77.3,1900,2026-09-22,,,,,,,,
1790045280,77.2,77.5,77.2,77.4,9000,2026-09-22,,,,,,,,
1790045340,77.4,77.4,77.4,77.4,400,2026-09-22,,,,,,,,
1790045400,77.4,77.4,77.4,77.4,500,2026-09-22,,,,,,,,
1790045460,77.4,77.6,77.4,77.5,1100,2026-09-22,,,,,,,,
1790045520,77.4,77.5,77.4,77.4,1500,2026-09-22,,,,,,,,
1790045580,77.4,77.5,77.4,77.4,800,2026-09-22,,,,,,,,
1790045640,77.4,77.5,77.4,77.4,2900,2026-09-22,,,,,,,,
1790045700,77.4,77.5,77.4,77.4,2100,2026-09-22,,,,,,,,
1790045760,77.4,77.6,77.4,77.4,1800,2026-09-22,,,,,,,,
1790045820,77.4,77.6,77.4,77.5,1300,2026-09-22,,,,,,,,
1790045880,77.5,77.6,77.5,77.6,800,2026-09-22,,,,,,,,
1790045940,77.6,77.6,77.4,77.4,5900,2026-09-22,,,,,,,,
1790046000,77.5,77.6,77.5,77.5,5600,2026-09-22,,,,,,,,
1790046060,77.5,77.5,77.4,77.4,3200,2026-09-22,,,,,,,,
1790046120,77.4,77.4,77.2,77.4,28200,2026-09-22,,,,,,,,
1790046180,77.2,77.4,77.2,77.2,5800,2026-09-22,,,,,,,,
1790046240,77.3,77.4,77.2,77.2,3700,2026-09-22,,,,,,,,
1790046300,77.4,77.4,77.2,77.2,1700,2026-09-22,,,,,,,,
1790046360,77.2,77.2,77.2,77.2,3200,2026-09-22,,,,,,,,
1790046420,77.2,77.2,77.1,77.1,2300,2026-09-22,,,,,,,,
1790046480,77.1,77.1,77.1,77.1,900,2026-09-22,,,,,,,,
1790046540,77.1,77.2,77.1,77.2,1100,2026-09-22,,,,,,,,
1790046600,77.2,77.2,77.2,77.2,900,2026-09-22,,,,,,,,
1790046660,77.2,77.2,77.2,77.2,1800,2026-09-22,,,,,,,,
1790046720,77.2,77.3,77.2,77.2,1800,2026-09-22,,,,,,,,
1790046780,77.3,77.3,77.2,77.2,1700,2026-09-22,,,,,,,,
1790046840,77.2,77.2,77.2,77.2,900,2026-09-22,,,,,,,,
1790046900,77.2,77.2,77.2,77.2,1000,2026-09-22,,,,,,,,
1790047020,77.3,77.3,77.3,77.3,300,2026-09-22,,,,,,,,
1790047080,77.3,77.4,77.3,77.4,4700,2026-09-22,,,,,,,,
1790047140,77.5,77.5,77.5,77.5,300,2026-09-22,,,,,,,,
1790047200,77.5,77.5,77.5,77.5,1600,2026-09-22,,,,,,,,
1790047260,77.5,77.5,77.5,77.5,700,2026-09-22,,,,,,,,
1790047320,77.5,77.5,77.5,77.5,400,2026-09-22,,,,,,,,
1790047380,77.5,77.5,77.5,77.5,300,2026-09-22,,,,,,,,
1790047440,77.5,77.5,77.5,77.5,2200,2026-09-22,,,,,,,,
1790047500,77.6,77.6,77.6,77.6,700,2026-09-22,,,,,,,,
1790047560,77.6,77.6,77.6,77.6,400,2026-09-22,,,,,,,,
1790047620,77.6,77.6,77.6,77.6,400,2026-09-22,,,,,,,,
1790047680,77.6,77.6,77.6,77.6,1000,2026-09-22,,,,,,,,
1790047740,77.6,77.6,77.5,77.5,1300,2026-09-22,,,,,,,,
1790047800,77.5,77.6,77.4,77.4,4200,2026-09-22,,,,,,,,
1790047860,77.4,77.5,77.4,77.4,1000,2026-09-22,,,,,,,,
1790047980,77.5,77.5,77.5,77.5,400,2026-09-22,,,,,,,,
1790048040,77.5,77.5,77.5,77.5,1200,2026-09-22,,,,,,,,
1790048100,77.4,77.5,77.4,77.4,8100,2026-09-22,,,,,,,,
1790048280,77.3,77.4,77.3,77.4,2800,2026-09-22,,,,,,,,
1790048340,77.4,77.5,77.4,77.4,17600,2026-09-22,,,,,,,,
1790048400,77.5,77.5,77.5,77.5,400,2026-09-22,,,,,,,,
1790048460,77.5,77.5,77.4,77.4,1400,2026-09-22,,,,,,,,
1790048520,77.5,77.5,77.5,77.5,300,2026-09-22,,,,,,,,
1790048580,77.5,77.5,77.5,77.5,400,2026-09-22,,,,,,,,
1790048640,77.4,77.4,77.4,77.4,9200,2026-09-22,,,,,,,,
1790048760,77.3,77.4,77.3,77.4,1500,2026-09-22,,,,,,,,
1790048820,77.3,77.4,77.3,77.4,600,2026-09-22,,,,,,,,
1790048880,77.4,77.4,77.4,77.4,400,2026-09-22,,,,,,,,
1790048940,77.4,77.4,77.4,77.4,400,2026-09-22,,,,,,,,
1790049000,77.4,77.4,77.3,77.4,1500,2026-09-22,,,,,,,,
1790049060,77.4,77.5,77.4,77.5,400,2026-09-22,,,,,,,,
1790049120,77.5,77.5,77.5,77.5,300,2026-09-22,,,,,,,,
1790049180,77.5,77.5,77.4,77.4,500,2026-09-22,,,,,,,,
1790049240,77.5,77.5,77.3,77.3,6800,2026-09-22,,,,,,,,
1790049300,77.3,77.3,77.3,77.3,900,2026-09-22,,,,,,,,
1790049360,77.3,77.4,77.3,77.3,6200,2026-09-22,,,,,,,,
1790049420,77.3,77.3,77.2,77.3,11700,2026-09-22,,,,,,,,
1790049480,77.3,77.3,77.3,77.3,1300,2026-09-22,,,,,,,,
1790049540,77.3,77.4,77.3,77.3,2900,2026-09-22,,,,,,,,
1790049600,77.3,77.4,77.3,77.3,1400,2026-09-22,,,,,,,,
1790049660,77.3,77.4,77.3,77.3,1200,2026-09-22,,,,,,,,
1790049720,77.3,77.4,77.3,77.4,6900,2026-09-22,,,,,,,,
1790049780,77.3,77.3,77.3,77.3,1000,2026-09-22,,,,,,,,
1790049840,77.3,77.3,77.3,77.3,900,2026-09-22,,,,,,,,
1790049900,77.3,77.3,77.3,77.3,900,2026-09-22,,,,,,,,
1790049960,77.3,77.4,77.3,77.3,1700,2026-09-22,,,,,,,,
1790050020,77.3,77.4,77.3,77.3,4300,2026-09-22,,,,,,,,
1790050080,77.3,77.3,77.2,77.2,3500,2026-09-22,,,,,,,,
1790050140,77.2,77.2,77.2,77.2,1000,2026-09-22,,,,,,,,
1790050200,77.2,77.2,77.2,77.2,1100,2026-09-22,,,,,,,,
1790050260,77.2,77.3,77.2,77.2,1200,2026-09-22,,,,,,,,
1790050320,77.2,77.4,77.1,77.1,7900,2026-09-22,,,,,,,,
1790050380,77.1,77.2,77.1,77.2,1200,2026-09-22,,,,,,,,
1790050440,77.2,77.2,77.2,77.2,900,2026-09-22,,,,,,,,
1790050500,77.2,77.2,77.2,77.2,1000,2026-09-22,,,,,,,,
1790050560,77.2,77.2,77.2,77.2,2700,2026-09-22,,,,,,,,
1790050620,77.2,77.2,77.1,77.2,1400,2026-09-22,,,,,,,,
1790050680,77.2,77.2,77.2,77.2,900,2026-09-22,,,,,,,,
1790050740,77.2,77.2,77.2,77.2,1000,2026-09-22,,,,,,,,
1790050800,77.4,77.4,77.4,77.4,400,2026-09-22,,,,,,,,
1790050860,77.4,77.5,77.4,77.5,4000,2026-09-22,,,,,,,,
1790050920,77.5,77.5,77.5,77.5,4700,2026-09-22,,,,,,,,
1790050980,77.5,77.5,77.5,77.5,400,2026-09-22,,,,,,,,
1790051040,77.5,77.5,77.5,77.5,800,2026-09-22,,,,,,,,
1790051100,77.5,77.5,77.5,77.5,28400,2026-09-22,,,,,,,,
1790051160,77.6,77.6,77.6,77.6,36500,2026-09-22,,,,,,,,
1790051220,77.6,77.8,77.6,77.8,31300,2026-09-22,,,,,,,,
1790051280,77.8,77.8,77.8,77.8,5200,2026-09-22,,,,,,,,
1790051340,77.8,77.8,77.8,77.8,300,2026-09-22,,,,,,,,
1790056800,77.8,77.8,77.6,77.8,5600,2026-09-22,,,,,,,,
1790056860,77.8,77.8,77.7,77.8,15900,2026-09-22,,,,,,,,
1790056920,77.9,77.9,77.9,77.9,8000,2026-09-22,,,,,,,,
1790056980,77.8,77.8,77.8,77.8,2700,2026-09-22,,,,,,,,
1790057100,77.8,77.8,77.7,77.7,10200,2026-09-22,,,,,,,,
1790057160,77.7,77.7,77.7,77.7,900,2026-09-22,,,,,,,,
1790057220,77.7,77.7,77.7,77.7,3200,2026-09-22,,,,,,,,
1790057280,77.7,77.7,77.6,77.6,6000,2026-09-22,,,,,,,,
1790057340,77.6,77.6,77.6,77.6,1500,2026-09-22,,,,,,,,
1790057400,77.6,77.6,77.6,77.6,200,2026-09-22,,,,,,,,
1790057460,77.7,77.8,77.7,77.8,2500,2026-09-22,,,,,,,,
1790057520,77.7,77.7,77.6,77.6,29000,2026-09-22,,,,,,,,
1790057580,77.6,77.6,77.6,77.6,100,2026-09-22,,,,,,,,
1790057640,77.6,77.6,77.6,77.6,1200,2026-09-22,,,,,,,,
1790057700,77.7,77.7,77.7,77.7,16400,2026-09-22,,,,,,,,
1790057760,77.7,77.7,77.7,77.7,800,2026-09-22,,,,,,,,
1790057820,77.7,77.7,77.7,77.7,8500,2026-09-22,,,,,,,,
1790057880,77.6,77.7,77.6,77.6,1600,2026-09-22,,,,,,,,
1790057940,77.6,77.8,77.6,77.8,8800,2026-09-22,,,,,,,,
1790058000,77.7,77.8,77.7,77.7,3500,2026-09-22,,,,,,,,
1790058060,77.8,77.8,77.7,77.7,3100,2026-09-22,,,,,,,,
1790058120,77.7,77.8,77.7,77.7,2600,2026-09-22,,,,,,,,
1790058180,77.7,77.7,77.7,77.7,5000,2026-09-22,,,,,,,,
1790058240,77.7,77.7,77.7,77.7,700,2026-09-22,,,,,,,,
1790058300,77.7,77.8,77.7,77.8,3600,2026-09-22,,,,,,,,
1790058360,77.8,77.8,77.8,77.8,2600,2026-09-22,,,,,,,,
1790058420,77.8,77.8,77.7,77.7,700,2026-09-22,,,,,,,,
1790058480,77.8,77.8,77.6,77.6,130300,2026-09-22,,,,,,,,
1790058540,77.6,77.7,77.6,77.6,32500,2026-09-22,,,,,,,,
1790058600,77.6,77.6,77.5,77.5,32500,2026-09-22,,,,,,,,
1790058660,77.5,77.5,77.4,77.4,18100,2026-09-22,,,,,,,,
1790058720,77.2,77.3,77.2,77.3,15000,2026-09-22,,,,,,,,
1790058780,77.3,77.3,77.2,77.2,23300,2026-09-22,,,,,,,,
1790058840,77.2,77.2,77.1,77.2,37900,2026-09-22,,,,,,,,
1790058900,77.2,77.3,77.2,77.3,24500,2026-09-22,,,,,,,,
1790058960,77.3,77.3,77.3,77.3,12300,2026-09-22,,,,,,,,
1790059020,77.3,77.3,77.3,77.3,3400,2026-09-22,,,,,,,,
1790059080,77.3,77.3,77.3,77.3,18300,2026-09-22,,,,,,,,
1790059140,77.4,77.4,77.3,77.3,3300,2026-09-22,,,,,,,,
1790059200,77.4,77.4,77.4,77.4,1200,2026-09-22,,,,,,,,
1790059260,77.4,77.4,77.4,77.4,400,2026-09-22,,,,,,,,
1790059320,77.3,77.4,77.3,77.4,6100,2026-09-22,,,,,,,,
1790059380,77.3,77.5,77.3,77.4,13800,2026-09-22,,,,,,,,
1790059440,77.4,77.4,77.4,77.4,300,2026-09-22,,,,,,,,
1790059500,77.3,77.4,77.3,77.4,1300,2026-09-22,,,,,,,,
1790059560,77.4,77.4,77.4,77.4,8600,2026-09-22,,,,,,,,
1790059620,77.4,77.4,77.3,77.3,22400,2026-09-22,,,,,,,,
1790059680,77.3,77.3,77.3,77.3,3800,2026-09-22,,,,,,,,
1790059740,77.3,77.3,77.3,77.3,43500,2026-09-22,,,,,,,,
1790059800,77.3,77.3,77.3,77.3,900,2026-09-22,,,,,,,,
1790059860,77.3,77.3,77.3,77.3,19500,2026-09-22,,,,,,,,
1790059920,77.2,77.3,77.2,77.3,1100,2026-09-22,,,,,,,,
1790059980,77.3,77.3,77.2,77.2,5500,2026-09-22,,,,,,,,
1790060040,77.2,77.4,77.2,77.4,6500,2026-09-22,,,,,,,,
1790060100,77.4,77.4,77.3,77.3,9700,2026-09-22,,,,,,,,
1790060160,77.3,77.3,77.3,77.3,16300,2026-09-22,,,,,,,,
1790060220,77.3,77.3,77.3,77.3,3800,2026-09-22,,,,,,,,
1790060280,77.3,77.3,77.3,77.3,3500,2026-09-22,,,,,,,,
1790060340,77.3,77.3,77.3,77.3,5600,2026-09-22,,,,,,,,
1790060400,77.3,77.4,77.3,77.4,2000,2026-09-22,,,,,,,,
1790060460,77.4,77.4,77.4,77.4,7000,2026-09-22,,,,,,,,
1790060520,77.3,77.3,77.2,77.2,11400,2026-09-22,,,,,,,,
1790060580,77.2,77.2,77.1,77.1,1000,2026-09-22,,,,,,,,
1790060700,77.2,77.2,77.1,77.1,21200,2026-09-22,,,,,,,,
1790060760,77.1,77.1,77.0,77.0,17100,2026-09-22,,,,,,,,
1790060820,77.0,77.0,77.0,77.0,3400,2026-09-22,,,,,,,,
1790060880,77.0,77.0,77.0,77.0,4700,2026-09-22,,,,,,,,
1790060940,77.0,77.0,77.0,77.0,10400,2026-09-22,,,,,,,,
1790061000,77.0,77.1,77.0,77.0,2500,2026-09-22,,,,,,,,
1790061060,77.0,77.1,77.0,77.0,6600,2026-09-22,,,,,,,,
1790061120,77.0,77.0,77.0,77.0,500,2026-09-22,,,,,,,,
1790061180,77.1,77.1,77.0,77.0,2000,2026-09-22,,,,,,,,
1790061240,77.0,77.1,77.0,77.0,2100,2026-09-22,,,,,,,,
1790061300,77.0,77.1,77.0,77.0,7600,2026-09-22,,,,,,,,
1790061360,77.0,77.0,76.9,76.9,2300,2026-09-22,,,,,,,,
1790061420,76.9,77.0,76.9,77.0,2400,2026-09-22,,,,,,,,
1790061480,77.0,77.0,77.0,77.0,400,2026-09-22,,,,,,,,
1790061540,77.0,77.0,76.9,76.9,1500,2026-09-22,,,,,,,,
1790061600,76.9,77.0,76.9,76.9,2300,2026-09-22,,,,,,,,
1790061660,76.9,76.9,76.9,76.9,6600,2026-09-22,,,,,,,,
1790061720,76.9,76.9,76.9,76.9,300,2026-09-22,,,,,,,,
1790061780,77.0,77.2,77.0,77.2,50000,2026-09-22,,,,,,,,
1790061840,77.0,77.2,77.0,77.0,12100,2026-09-22,,,,,,,,
1790061900,77.0,77.0,77.0,77.0,4500,2026-09-22,,,,,,,,
1790061960,76.9,76.9,76.9,76.9,500,2026-09-22,,,,,,,,
1790062020,76.9,76.9,76.9,76.9,100,2026-09-22,,,,,,,,
1790062080,77.0,77.2,76.9,77.2,8400,2026-09-22,,,,,,,,
1790062140,77.1,77.1,76.9,76.9,1500,2026-09-22,,,,,,,,
1790063100,76.7,76.7,76.7,76.7,304700,2026-09-22,,,,,,,,
1790129700,76.9,77.0,76.9,77.0,31000,2026-09-23,,,,,,,,
1790129760,76.9,77.0,76.9,76.9,11200,2026-09-23,,,,,,,,
1790129820,76.9,77.0,76.8,76.8,21400,2026-09-23,,,,,,,,
1790129880,76.7,76.7,76.7,76.7,600,2026-09-23,,,,,,,,
1790129940,76.9,76.9,76.7,76.7,500,2026-09-23,,,,,,,,
1790130000,76.8,76.9,76.8,76.8,1200,2026-09-23,,,,,,,,
1790130060,76.8,76.9,76.8,76.8,1100,2026-09-23,,,,,,,,
1790130120,76.9,76.9,76.9,76.9,1300,2026-09-23,,,,,,,,
1790130180,76.9,76.9,76.9,76.9,700,2026-09-23,,,,,,,,
1790130300,76.9,76.9,76.9,76.9,400,2026-09-23,,,,,,,,
1790130360,76.9,76.9,76.9,76.9,800,2026-09-23,,,,,,,,
1790130420,76.9,76.9,76.8,76.9,9500,2026-09-23,,,,,,,,
1790130480,76.9,76.9,76.9,76.9,100,2026-09-23,,,,,,,,
1790130540,76.9,76.9,76.9,76.9,1700,2026-09-23,,,,,,,,
1790130600,76.9,76.9,76.9,76.9,2400,2026-09-23,,,,,,,,
1790130660,76.9,76.9,76.9,76.9,300,2026-09-23,,,,,,,,
1790130720,76.9,77.0,76.9,77.0,9800,2026-09-23,,,,,,,,
1790130780,76.9,77.1,76.9,76.9,5700,2026-09-23,,,,,,,,
1790130840,77.0,77.1,77.0,77.1,900,2026-09-23,,,,,,,,
1790130900,77.0,77.1,77.0,77.1,500,2026-09-23,,,,,,,,
1790130960,77.1,77.2,77.0,77.2,2400,2026-09-23,,,,,,,,
1790131020,77.2,77.2,77.1,77.2,800,2026-09-23,,,,,,,,
1790131080,77.1,77.3,77.1,77.2,16900,2026-09-23,,,,,,,,
1790131140,77.1,77.2,76.9,76.9,9300,2026-09-23,,,,,,,,
1790131200,76.9,77.1,76.9,77.1,1400,2026-09-23,,,,,,,,
1790131260,77.1,77.1,76.9,76.9,6800,2026-09-23,,,,,,,,
1790131320,77.0,77.0,76.9,76.9,4400,2026-09-23,,,,,,,,
1790131380,76.9,76.9,76.9,76.9,3100,2026-09-23,,,,,,,,
1790131440,76.9,77.1,76.9,77.0,1000,2026-09-23,,,,,,,,
1790131500,77.0,77.1,77.0,77.0,1300,2026-09-23,,,,,,,,
1790131560,77.0,77.0,77.0,77.0,500,2026-09-23,,,,,,,,
1790131620,77.0,77.0,77.0,77.0,400,2026-09-23,,,,,,,,
1790131680,77.0,77.0,77.0,77.0,500,2026-09-23,,,,,,,,
1790131740,77.0,77.0,77.0,77.0,400,2026-09-23,,,,,,,,
1790131800,77.0,77.1,77.0,77.1,5600,2026-09-23,,,,,,,,
1790131860,77.1,77.1,77.1,77.1,400,2026-09-23,,,,,,,,
1790131920,77.1,77.2,77.1,77.1,10100,2026-09-23,,,,,,,,
1790131980,77.1,77.1,77.1,77.1,4400,2026-09-23,,,,,,,,
1790132040,77.1,77.1,77.1,77.1,800,2026-09-23,,,,,,,,
1790132100,77.1,77.2,77.1,77.2,1100,2026-09-23,,,,,,,,
1790132160,77.2,77.2,77.1,77.1,1400,2026-09-23,,,,,,,,
1790132220,77.2,77.2,77.1,77.1,1500,2026-09-23,,,,,,,,
1790132280,77.2,77.2,77.2,77.2,400,2026-09-23,,,,,,,,
1790132340,77.2,77.2,77.1,77.1,2700,2026-09-23,,,,,,,,
1790132400,77.1,77.3,77.1,77.3,400,2026-09-23,,,,,,,,
1790132520,77.3,77.3,77.3,77.3,100,2026-09-23,,,,,,,,
1790132580,77.2,77.2,77.2,77.2,400,2026-09-23,,,,,,,,
1790132640,77.2,77.2,77.2,77.2,500,2026-09-23,,,,,,,,
1790132700,77.2,77.2,77.2,77.2,700,2026-09-23,,,,,,,,
1790132760,77.2,77.2,77.2,77.2,800,2026-09-23,,,,,,,,
1790132820,77.2,77.2,77.2,77.2,400,2026-09-23,,,,,,,,
1790132880,77.2,77.2,77.2,77.2,100,2026-09-23,,,,,,,,
1790132940,77.2,77.2,77.2,77.2,1100,2026-09-23,,,,,,,,
1790133120,77.2,77.2,77.2,77.2,6800,2026-09-23,,,,,,,,
1790133180,77.2,77.2,77.2,77.2,100,2026-09-23,,,,,,,,
1790133240,77.3,77.3,77.3,77.3,1100,2026-09-23,,,,,,,,
1790133300,77.2,77.2,77.1,77.1,9400,2026-09-23,,,,,,,,
1790133360,77.3,77.3,77.1,77.1,9300,2026-09-23,,,,,,,,
1790133420,77.1,77.3,77.1,77.1,1700,2026-09-23,,,,,,,,
1790133480,77.1,77.2,77.1,77.2,1200,2026-09-23,,,,,,,,
1790133540,77.2,77.3,77.2,77.2,2200,2026-09-23,,,,,,,,
1790133600,77.2,77.3,77.2,77.2,1500,2026-09-23,,,,,,,,
1790133660,77.2,77.2,77.1,77.1,6100,2026-09-23,,,,,,,,
1790133780,77.2,77.3,77.2,77.2,1500,2026-09-23,,,,,,,,
1790133840,77.2,77.2,77.1,77.1,22700,2026-09-23,,,,,,,,
1790133900,77.2,77.3,77.2,77.2,17800,2026-09-23,,,,,,,,
1790133960,77.2,77.2,77.1,77.2,16400,2026-09-23,,,,,,,,
1790134020,77.2,77.3,77.2,77.3,2000,2026-09-23,,,,,,,,
1790134080,77.3,77.3,77.3,77.3,1300,2026-09-23,,,,,,,,
1790134140,77.2,77.3,77.1,77.2,22800,2026-09-23,,,,,,,,
1790134200,77.2,77.2,77.2,77.2,1200,2026-09-23,,,,,,,,
1790134260,77.3,77.3,77.3,77.3,1100,2026-09-23,,,,,,,,
1790134320,77.3,77.3,77.3,77.3,2200,2026-09-23,,,,,,,,
1790134380,77.3,77.3,77.3,77.3,1200,2026-09-23,,,,,,,,
1790134440,77.2,77.3,77.2,77.3,1200,2026-09-23,,,,,,,,
1790134500,77.2,77.2,77.2,77.2,7400,2026-09-23,,,,,,,,
1790134560,77.2,77.2,77.2,77.2,1200,2026-09-23,,,,,,,,
1790134620,77.2,77.2,77.2,77.2,1200,2026-09-23,,,,,,,,
1790134680,77.2,77.2,77.2,77.2,1200,2026-09-23,,,,,,,,
1790134740,77.2,77.2,77.2,77.2,5700,2026-09-23,,,,,,,,
1790134800,77.2,77.2,77.2,77.2,1100,2026-09-23,,,,,,,,
1790134860,77.2,77.2,77.2,77.2,8800,2026-09-23,,,,,,,,
1790134920,77.1,77.2,77.1,77.2,1400,2026-09-23,,,,,,,,
1790134980,77.2,77.2,77.2,77.2,2300,2026-09-23,,,,,,,,
1790135040,77.2,77.2,77.2,77.2,1200,2026-09-23,,,,,,,,
1790135100,77.2,77.2,77.2,77.2,1200,2026-09-23,,,,,,,,
1790135160,77.2,77.2,77.2,77.2,1100,2026-09-23,,,,,,,,
1790135220,77.2,77.2,77.2,77.2,1600,2026-09-23,,,,,,,,
1790135280,77.2,77.2,77.2,77.2,1300,2026-09-23,,,,,,,,
1790135340,77.2,77.3,77.2,77.3,22100,2026-09-23,,,,,,,,
1790135400,77.2,77.3,77.2,77.3,1200,2026-09-23,,,,,,,,
1790135460,77.3,77.4,77.3,77.4,20300,2026-09-23,,,,,,,,
1790135520,77.4,77.4,77.4,77.4,10700,2026-09-23,,,,,,,,
1790135580,77.4,77.4,77.4,77.4,6000,2026-09-23,,,,,,,,
1790135640,77.4,77.4,77.4,77.4,1100,2026-09-23,,,,,,,,
1790135700,77.4,77.4,77.4,77.4,1100,2026-09-23,,,,,,,,
1790135760,77.4,77.4,77.4,77.4,1500,2026-09-23,,,,,,,,
1790135820,77.4,77.4,77.4,77.4,1100,2026-09-23,,,,,,,,
1790135880,77.4,77.4,77.4,77.4,1100,2026-09-23,,,,,,,,
1790135940,77.4,77.4,77.4,77.4,1100,2026-09-23,,,,,,,,
1790136000,77.4,77.6,77.4,77.6,46700,2026-09-23,,,,,,,,
1790136060,77.6,77.8,77.6,77.8,29700,2026-09-23,,,,,,,,
1790136120,77.6,77.8,77.6,77.6,29800,2026-09-23,,,,,,,,
1790136180,77.7,77.7,77.3,77.6,19700,2026-09-23,,,,,,,,
1790136240,77.6,77.6,77.6,77.6,5600,2026-09-23,,,,,,,,
1790136300,77.7,77.7,77.7,77.7,2200,2026-09-23,,,,,,,,
1790136360,77.6,77.6,77.6,77.6,10700,2026-09-23,,,,,,,,
1790136420,77.6,77.6,77.6,77.6,1100,2026-09-23,,,,,,,,
1790136480,77.6,77.6,77.6,77.6,1600,2026-09-23,,,,,,,,
1790136540,77.6,77.6,77.6,77.6,3300,2026-09-23,,,,,,,,
1790136600,77.6,77.6,77.6,77.6,1200,2026-09-23,,,,,,,,
1790136660,77.5,77.6,77.5,77.6,1200,2026-09-23,,,,,,,,
1790136720,77.6,77.6,77.6,77.6,1100,2026-09-23,,,,,,,,
1790136780,77.6,77.6,77.6,77.6,1700,2026-09-23,,,,,,,,
1790136840,77.6,77.6,77.6,77.6,1100,2026-09-23,,,,,,,,
1790136900,77.6,77.7,77.6,77.7,13000,2026-09-23,,,,,,,,
1790136960,77.6,77.6,77.6,77.6,1300,2026-09-23,,,,,,,,
1790137020,77.6,77.6,77.6,77.6,1100,2026-09-23,,,,,,,,
1790137080,77.5,77.6,77.5,77.6,12500,2026-09-23,,,,,,,,
1790137140,77.6,77.6,77.6,77.6,1100,2026-09-23,,,,,,,,
1790137200,77.6,77.6,77.5,77.5,9100,2026-09-23,,,,,,,,
1790137260,77.5,77.5,77.5,77.5,5400,2026-09-23,,,,,,,,
1790137320,77.5,77.5,77.5,77.5,900,2026-09-23,,,,,,,,
1790137380,77.5,77.6,77.5,77.5,7600,2026-09-23,,,,,,,,
1790137440,77.6,77.6,77.5,77.5,2600,2026-09-23,,,,,,,,
1790137500,77.6,77.6,77.6,77.6,1500,2026-09-23,,,,,,,,
1790137560,77.6,77.6,77.6,77.6,13100,2026-09-23,,,,,,,,
1790137620,77.6,77.7,77.6,77.6,12700,2026-09-23,,,,,,,,
1790137680,77.6,77.6,77.6,77.6,2000,2026-09-23,,,,,,,,
1790143200,77.5,77.6,77.5,77.6,5000,2026-09-23,,,,,,,,
1790143260,77.6,77.7,77.5,77.7,26100,2026-09-23,,,,,,,,
1790143320,77.7,77.7,77.7,77.7,8700,2026-09-23,,,,,,,,
1790143380,77.6,77.7,77.6,77.7,14400,2026-09-23,,,,,,,,
1790143440,77.7,77.7,77.7,77.7,13200,2026-09-23,,,,,,,,
1790143500,77.7,77.7,77.6,77.7,4600,2026-09-23,,,,,,,,
1790143560,77.7,77.7,77.6,77.6,3800,2026-09-23,,,,,,,,
1790143620,77.6,77.7,77.5,77.7,22500,2026-09-23,,,,,,,,
1790143680,77.4,77.4,77.4,77.4,2200,2026-09-23,,,,,,,,
1790143740,77.4,77.7,77.4,77.7,1100,2026-09-23,,,,,,,,
1790143800,77.6,77.6,77.4,77.5,5500,2026-09-23,,,,,,,,
1790143860,77.5,77.6,77.5,77.5,8300,2026-09-23,,,,,,,,
1790143920,77.7,77.7,77.5,77.5,4100,2026-09-23,,,,,,,,
1790143980,77.6,77.7,77.6,77.7,11400,2026-09-23,,,,,,,,
1790144040,77.6,77.7,77.6,77.7,4900,2026-09-23,,,,,,,,
1790144100,77.6,77.6,77.6,77.6,10300,2026-09-23,,,,,,,,
1790144160,77.7,77.7,77.7,77.7,1000,2026-09-23,,,,,,,,
1790144220,77.7,77.7,77.6,77.6,1400,2026-09-23,,,,,,,,
1790144280,77.6,77.7,77.6,77.7,1700,2026-09-23,,,,,,,,
1790144340,77.7,77.7,77.7,77.7,900,2026-09-23,,,,,,,,
1790144400,77.7,77.7,77.7,77.7,900,2026-09-23,,,,,,,,
1790144460,77.7,77.7,77.7,77.7,27100,2026-09-23,,,,,,,,
1790144520,77.7,77.8,77.7,77.8,25400,2026-09-23,,,,,,,,
1790144580,77.7,77.8,77.6,77.7,2100,2026-09-23,,,,,,,,
1790144640,77.7,77.8,77.6,77.7,4300,2026-09-23,,,,,,,,
1790144700,77.7,77.7,77.7,77.7,3600,2026-09-23,,,,,,,,
1790144760,77.7,77.7,77.7,77.7,900,2026-09-23,,,,,,,,
1790144820,77.7,77.7,77.7,77.7,1200,2026-09-23,,,,,,,,
1790144880,77.7,77.7,77.7,77.7,1200,2026-09-23,,,,,,,,
1790144940,77.7,77.7,77.6,77.6,2500,2026-09-23,,,,,,,,
1790145000,77.6,77.7,77.6,77.7,10300,2026-09-23,,,,,,,,
1790145060,77.6,77.7,77.6,77.6,5000,2026-09-23,,,,,,,,
1790145120,77.6,77.6,77.4,77.4,6700,2026-09-23,,,,,,,,
1790145180,77.4,77.5,77.4,77.5,1000,2026-09-23,,,,,,,,
1790145240,77.4,77.5,77.4,77.5,900,2026-09-23,,,,,,,,
1790145300,77.5,77.6,77.5,77.6,1400,2026-09-23,,,,,,,,
1790145360,77.6,77.6,77.6,77.6,900,2026-09-23,,,,,,,,
1790145420,77.5,77.7,77.5,77.7,11000,2026-09-23,,,,,,,,
1790145480,77.6,77.7,77.6,77.7,1400,2026-09-23,,,,,,,,
1790145540,77.7,77.7,77.7,77.7,1100,2026-09-23,,,,,,,,
1790145600,77.7,77.7,77.7,77.7,1900,2026-09-23,,,,,,,,
1790145660,77.6,77.6,77.6,77.6,13600,2026-09-23,,,,,,,,
1790145720,77.6,77.7,77.6,77.6,4100,2026-09-23,,,,,,,,
1790145780,77.6,77.7,77.6,77.6,6400,2026-09-23,,,,,,,,
1790145840,77.5,77.5,77.5,77.5,8100,2026-09-23,,,,,,,,
1790145960,77.5,77.5,77.5,77.5,800,2026-09-23,,,,,,,,
1790146020,77.5,77.5,77.4,77.4,2100,2026-09-23,,,,,,,,
1790146080,77.4,77.5,77.4,77.5,1800,2026-09-23,,,,,,,,
1790146140,77.4,77.5,77.4,77.4,3000,2026-09-23,,,,,,,,
1790146200,77.5,77.5,77.4,77.5,2400,2026-09-23,,,,,,,,
1790146260,77.5,77.5,77.4,77.4,14000,2026-09-23,,,,,,,,
1790146320,77.4,77.5,77.4,77.5,2400,2026-09-23,,,,,,,,
1790146380,77.4,77.5,77.4,77.5,2000,2026-09-23,,,,,,,,
1790146440,77.4,77.5,77.4,77.5,2100,2026-09-23,,,,,,,,
1790146500,77.4,77.5,77.4,77.4,8900,2026-09-23,,,,,,,,
1790146560,77.4,77.5,77.4,77.4,6100,2026-09-23,,,,,,,,
1790146620,77.3,77.3,77.3,77.3,13900,2026-09-23,,,,,,,,
1790146680,77.3,77.3,77.3,77.3,11800,2026-09-23,,,,,,,,
1790146740,77.3,77.4,77.3,77.3,2500,2026-09-23,,,,,,,,
1790146800,77.3,77.4,77.3,77.4,1900,2026-09-23,,,,,,,,
1790146860,77.3,77.4,77.3,77.3,15600,2026-09-23,,,,,,,,
1790146920,77.3,77.4,77.3,77.3,12000,2026-09-23,,,,,,,,
1790146980,77.3,77.4,77.3,77.3,8900,2026-09-23,,,,,,,,
1790147040,77.3,77.4,77.3,77.4,3300,2026-09-23,,,,,,,,
1790147100,77.3,77.4,77.3,77.3,3600,2026-09-23,,,,,,,,
1790147160,77.3,77.3,77.2,77.2,52500,2026-09-23,,,,,,,,
1790147220,77.2,77.2,77.1,77.2,11700,2026-09-23,,,,,,,,
1790147280,77.1,77.2,77.1,77.1,1600,2026-09-23,,,,,,,,
1790147340,77.1,77.2,77.1,77.1,1600,2026-09-23,,,,,,,,
1790147400,77.1,77.2,77.1,77.1,1600,2026-09-23,,,,,,,,
1790147460,77.1,77.2,77.1,77.1,2000,2026-09-23,,,,,,,,
1790147520,77.1,77.2,77.1,77.1,4300,2026-09-23,,,,,,,,
1790147580,77.1,77.2,77.1,77.1,7800,2026-09-23,,,,,,,,
1790147640,77.1,77.2,77.1,77.1,3900,2026-09-23,,,,,,,,
1790147700,77.2,77.2,77.1,77.2,3400,2026-09-23,,,,,,,,
1790147760,77.1,77.2,77.1,77.1,2700,2026-09-23,,,,,,,,
1790147820,77.1,77.1,77.0,77.0,10100,2026-09-23,,,,,,,,
1790147880,77.0,77.1,77.0,77.0,4800,2026-09-23,,,,,,,,
1790147940,77.0,77.2,77.0,77.1,7300,2026-09-23,,,,,,,,
1790148000,77.1,77.2,77.1,77.1,4500,2026-09-23,,,,,,,,
1790148060,77.1,77.2,77.1,77.1,4900,2026-09-23,,,,,,,,
1790148120,77.1,77.1,77.0,77.0,7400,2026-09-23,,,,,,,,
1790148180,77.0,77.1,77.0,77.0,5000,2026-09-23,,,,,,,,
1790148240,77.0,77.1,77.0,77.0,13000,2026-09-23,,,,,,,,
1790148300,77.0,77.1,77.0,77.0,9000,2026-09-23,,,,,,,,
1790148360,77.0,77.1,76.9,76.9,10700,2026-09-23,,,,,,,,
1790148420,76.9,77.1,76.9,76.9,9400,2026-09-23,,,,,,,,
1790148480,76.9,77.1,76.9,76.9,10700,2026-09-23,,,,,,,,
1790148540,76.9,77.1,76.9,76.9,9900,2026-09-23,,,,,,,,
1790149500,76.9,76.9,76.9,76.9,431800,2026-09-23,,,,,,,,
1790216100,77.1,77.5,77.1,77.5,18600,2026-09-24,,,,,,,,
1790216160,77.5,77.5,77.5,77.5,4200,2026-09-24,,,,,,,,
1790216220,77.5,77.5,77.5,77.5,700,2026-09-24,,,,,,,,
1790216280,77.5,77.5,77.5,77.5,400,2026-09-24,,,,,,,,
1790216340,77.5,77.6,77.5,77.5,600,2026-09-24,,,,,,,,
1790216400,77.5,77.6,77.5,77.6,4000,2026-09-24,,,,,,,,
1790216460,77.6,77.6,77.6,77.6,3800,2026-09-24,,,,,,,,
1790216520,77.6,77.6,77.6,77.6,4500,2026-09-24,,,,,,,,
1790216580,77.6,77.6,77.3,77.4,19600,2026-09-24,,,,,,,,
1790216640,77.4,77.4,77.3,77.3,3900,2026-09-24,,,,,,,,
1790216700,77.3,77.4,77.3,77.4,500,2026-09-24,,,,,,,,
1790216760,77.4,77.5,77.3,77.4,700,2026-09-24,,,,,,,,
1790216820,77.4,77.4,77.3,77.3,5200,2026-09-24,,,,,,,,
1790216880,77.3,77.3,77.3,77.3,900,2026-09-24,,,,,,,,
1790216940,77.3,77.3,77.3,77.3,400,2026-09-24,,,,,,,,
1790217000,77.3,77.3,77.3,77.3,1300,2026-09-24,,,,,,,,
1790217060,77.3,77.3,77.3,77.3,400,2026-09-24,,,,,,,,
1790217120,77.3,77.3,77.3,77.3,500,2026-09-24,,,,,,,,
1790217180,77.3,77.3,77.3,77.3,400,2026-09-24,,,,,,,,
1790217240,77.3,77.3,77.3,77.3,500,2026-09-24,,,,,,,,
1790217300,77.3,77.3,77.3,77.3,500,2026-09-24,,,,,,,,
1790217360,77.3,77.4,77.3,77.3,1000,2026-09-24,,,,,,,,
1790217420,77.3,77.3,77.3,77.3,500,2026-09-24,,,,,,,,
1790217480,77.3,77.4,77.3,77.4,400,2026-09-24,,,,,,,,
1790217540,77.4,77.4,77.3,77.3,2700,2026-09-24,,,,,,,,
1790217600,77.3,77.3,77.3,77.3,800,2026-09-24,,,,,,,,
1790217660,77.3,77.3,77.1,77.1,2800,2026-09-24,,,,,,,,
1790217720,77.1,77.1,77.1,77.1,400,2026-09-24,,,,,,,,
1790217780,77.1,77.1,77.1,77.1,500,2026-09-24,,,,,,,,
1790217840,77.1,77.1,77.0,77.0,500,2026-09-24,,,,,,,,
1790217900,77.0,77.0,77.0,77.0,10900,2026-09-24,,,,,,,,
1790217960,77.0,77.0,77.0,77.0,700,2026-09-24,,,,,,,,
1790218020,77.0,77.0,77.0,77.0,2000,2026-09-24,,,,,,,,
1790218080,77.0,77.1,77.0,77.1,1500,2026-09-24,,,,,,,,
1790218140,77.1,77.2,77.1,77.2,900,2026-09-24,,,,,,,,
1790218200,77.2,77.3,77.1,77.1,600,2026-09-24,,,,,,,,
1790218260,77.1,77.1,77.1,77.1,1300,2026-09-24,,,,,,,,
1790218320,77.1,77.3,77.1,77.1,800,2026-09-24,,,,,,,,
1790218380,77.1,77.1,77.1,77.1,500,2026-09-24,,,,,,,,
1790218440,77.1,77.1,76.9,76.9,20400,2026-09-24,,,,,,,,
1790218500,77.0,77.1,77.0,77.1,500,2026-09-24,,,,,,,,
1790218560,77.1,77.1,77.1,77.1,300,2026-09-24,,,,,,,,
1790218620,77.1,77.2,77.1,77.1,900,2026-09-24,,,,,,,,
1790218680,77.1,77.1,77.1,77.1,5800,2026-09-24,,,,,,,,
1790218740,77.1,77.1,77.0,77.0,2000,2026-09-24,,,,,,,,
1790218800,77.0,77.0,76.9,76.9,6500,2026-09-24,,,,,,,,
1790218860,76.9,77.0,76.9,76.9,600,2026-09-24,,,,,,,,
1790218920,76.9,76.9,76.9,76.9,4500,2026-09-24,,,,,,,,
1790218980,76.9,77.0,76.9,76.9,700,2026-09-24,,,,,,,,
1790219040,76.9,76.9,76.9,76.9,300,2026-09-24,,,,,,,,
1790219100,76.9,76.9,76.9,76.9,600,2026-09-24,,,,,,,,
1790219160,76.9,76.9,76.9,76.9,200,2026-09-24,,,,,,,,
1790219220,76.9,76.9,76.9,76.9,400,2026-09-24,,,,,,,,
1790219280,76.9,77.1,76.9,77.1,6500,2026-09-24,,,,,,,,
1790219340,76.9,76.9,76.9,76.9,200,2026-09-24,,,,,,,,
1790219460,77.1,77.1,77.0,77.0,3200,2026-09-24,,,,,,,,
1790219520,77.0,77.1,77.0,77.1,9100,2026-09-24,,,,,,,,
1790219580,77.2,77.2,77.2,77.2,700,2026-09-24,,,,,,,,
1790219640,77.1,77.1,77.1,77.1,200,2026-09-24,,,,,,,,
1790219700,77.2,77.2,77.2,77.2,1500,2026-09-24,,,,,,,,
1790219940,77.1,77.1,77.1,77.1,200,2026-09-24,,,,,,,,
1790220000,77.2,77.2,77.2,77.2,8700,2026-09-24,,,,,,,,
1790220060,77.2,77.2,77.2,77.2,2000,2026-09-24,,,,,,,,
1790220120,77.2,77.2,77.2,77.2,200,2026-09-24,,,,,,,,
1790220180,77.2,77.2,77.2,77.2,1700,2026-09-24,,,,,,,,
1790220240,77.3,77.3,77.2,77.2,2900,2026-09-24,,,,,,,,
1790220360,77.2,77.2,77.2,77.2,1000,2026-09-24,,,,,,,,
1790220540,77.2,77.2,77.2,77.2,5300,2026-09-24,,,,,,,,
1790220600,77.2,77.2,77.2,77.2,100,2026-09-24,,,,,,,,
1790220660,77.2,77.2,77.2,77.2,100,2026-09-24,,,,,,,,
1790220720,77.2,77.2,77.2,77.2,200,2026-09-24,,,,,,,,
1790220840,77.2,77.2,77.2,77.2,100,2026-09-24,,,,,,,,
1790220900,77.2,77.3,77.2,77.3,1600,2026-09-24,,,,,,,,
1790221080,77.2,77.2,77.2,77.2,100,2026-09-24,,,,,,,,
1790221320,77.2,77.3,77.2,77.3,1500,2026-09-24,,,,,,,,
1790221380,77.3,77.3,77.3,77.3,100,2026-09-24,,,,,,,,
1790221560,77.2,77.2,77.2,77.2,100,2026-09-24,,,,,,,,
1790221620,77.2,77.3,77.2,77.2,9000,2026-09-24,,,,,,,,
1790221680,77.2,77.3,77.2,77.3,5900,2026-09-24,,,,,,,,
1790221740,77.3,77.3,77.3,77.3,200,2026-09-24,,,,,,,,
1790221860,77.3,77.3,77.3,77.3,200,2026-09-24,,,,,,,,
1790221980,77.2,77.2,77.0,77.0,6900,2026-09-24,,,,,,,,
1790222040,77.0,77.2,76.9,77.2,2700,2026-09-24,,,,,,,,
1790222100,77.3,77.3,77.0,77.0,4400,2026-09-24,,,,,,,,
1790222160,76.9,77.0,76.8,76.8,43400,2026-09-24,,,,,,,,
1790222220,76.8,76.8,76.6,76.6,16100,2026-09-24,,,,,,,,
1790222280,76.8,76.8,76.6,76.8,12000,2026-09-24,,,,,,,,
1790222340,76.8,76.8,76.7,76.8,6800,2026-09-24,,,,,,,,
1790222400,76.8,76.8,76.5,76.8,7300,2026-09-24,,,,,,,,
1790222460,76.9,76.9,76.8,76.8,1200,2026-09-24,,,,,,,,
1790222520,76.8,76.8,76.5,76.5,118700,2026-09-24,,,,,,,,
1790222580,76.8,76.8,76.5,76.8,14700,2026-09-24,,,,,,,,
1790222640,76.8,76.9,76.8,76.9,5900,2026-09-24,,,,,,,,
1790222700,76.9,77.1,76.9,77.1,4500,2026-09-24,,,,,,,,
1790222760,77.2,77.2,77.2,77.2,1700,2026-09-24,,,,,,,,
1790222820,77.3,77.3,77.2,77.3,2400,2026-09-24,,,,,,,,
1790222880,77.2,77.3,77.2,77.3,3900,2026-09-24,,,,,,,,
1790222940,77.2,77.3,77.2,77.3,31500,2026-09-24,,,,,,,,
1790223000,77.3,77.4,77.3,77.4,1800,2026-09-24,,,,,,,,
1790223060,77.4,77.5,77.4,77.4,3600,2026-09-24,,,,,,,,
1790223120,77.3,77.4,77.3,77.4,1400,2026-09-24,,,,,,,,
1790223180,77.4,77.4,77.4,77.4,9100,2026-09-24,,,,,,,,
1790223240,77.4,77.4,77.4,77.4,1800,2026-09-24,,,,,,,,
1790223300,77.4,77.4,77.4,77.4,900,2026-09-24,,,,,,,,
1790223360,77.4,77.4,77.4,77.4,2400,2026-09-24,,,,,,,,
1790223420,77.4,77.4,77.3,77.3,1300,2026-09-24,,,,,,,,
1790223480,77.4,77.4,77.4,77.4,1800,2026-09-24,,,,,,,,
1790223540,77.3,77.4,77.3,77.4,2700,2026-09-24,,,,,,,,
1790223600,77.3,77.4,77.3,77.4,1700,2026-09-24,,,,,,,,
1790223660,77.4,77.4,77.4,77.4,1800,2026-09-24,,,,,,,,
1790223720,77.4,77.4,77.4,77.4,1800,2026-09-24,,,,,,,,
1790223780,77.4,77.4,77.4,77.4,900,2026-09-24,,,,,,,,
1790223840,77.4,77.4,77.3,77.4,1900,2026-09-24,,,,,,,,
1790223900,77.4,77.4,77.4,77.4,1800,2026-09-24,,,,,,,,
1790223960,77.4,77.4,77.4,77.4,1000,2026-09-24,,,,,,,,
1790224020,77.4,77.4,77.4,77.4,1800,2026-09-24,,,,,,,,
1790224080,77.4,77.4,77.4,77.4,900,2026-09-24,,,,,,,,
1790224140,77.4,77.4,77.4,77.4,2200,2026-09-24,,,,,,,,
1790229600,77.4,77.4,77.2,77.4,8900,2026-09-24,,,,,,,,
1790229660,77.4,77.5,77.3,77.5,18700,2026-09-24,,,,,,,,
1790229720,77.5,77.5,77.2,77.5,14200,2026-09-24,,,,,,,,
1790229780,77.5,77.5,77.5,77.5,7000,2026-09-24,,,,,,,,
1790229840,77.5,77.5,77.5,77.5,1800,2026-09-24,,,,,,,,
1790229900,77.4,77.4,77.3,77.3,2100,2026-09-24,,,,,,,,
1790229960,77.4,77.4,77.4,77.4,5100,2026-09-24,,,,,,,,
1790230020,77.4,77.5,77.3,77.5,6000,2026-09-24,,,,,,,,
1790230080,77.5,77.5,77.5,77.5,1800,2026-09-24,,,,,,,,
1790230140,77.4,77.5,77.4,77.5,5000,2026-09-24,,,,,,,,
1790230200,77.5,77.5,77.4,77.4,6600,2026-09-24,,,,,,,,
1790230260,77.5,77.5,77.5,77.5,13500,2026-09-24,,,,,,,,
1790230320,77.5,77.5,77.4,77.4,2400,2026-09-24,,,,,,,,
1790230380,77.4,77.5,77.4,77.5,1900,2026-09-24,,,,,,,,
1790230440,77.5,77.5,77.5,77.5,1000,2026-09-24,,,,,,,,
1790230500,77.5,77.5,77.3,77.3,7600,2026-09-24,,,,,,,,
1790230560,77.3,77.5,77.0,77.4,3700,2026-09-24,,,,,,,,
1790230620,77.4,77.4,77.4,77.4,900,2026-09-24,,,,,,,,
1790230680,77.4,77.4,77.4,77.4,3600,2026-09-24,,,,,,,,
1790230740,77.4,77.4,77.1,77.3,1500,2026-09-24,,,,,,,,
1790230800,77.3,77.3,77.3,77.3,1900,2026-09-24,,,,,,,,
1790230860,77.4,77.4,77.3,77.3,2100,2026-09-24,,,,,,,,
1790230920,77.3,77.4,77.3,77.4,18000,2026-09-24,,,,,,,,
1790230980,77.4,77.4,77.4,77.4,3600,2026-09-24,,,,,,,,
1790231040,77.2,77.5,77.2,77.5,14200,2026-09-24,,,,,,,,
1790231100,77.5,77.6,77.5,77.6,51300,2026-09-24,,,,,,,,
1790231160,77.7,77.7,77.6,77.6,12900,2026-09-24,,,,,,,,
1790231220,77.6,77.7,77.6,77.7,4700,2026-09-24,,,,,,,,
1790231280,77.7,77.7,77.7,77.7,1100,2026-09-24,,,,,,,,
1790231340,77.7,77.7,77.6,77.7,2000,2026-09-24,,,,,,,,
1790231400,77.6,77.8,77.6,77.8,28200,2026-09-24,,,,,,,,
1790231460,77.7,77.8,77.6,77.6,8100,2026-09-24,,,,,,,,
1790231520,77.7,77.8,77.4,77.4,19300,2026-09-24,,,,,,,,
1790231580,77.7,77.8,77.7,77.7,6000,2026-09-24,,,,,,,,
1790231640,77.7,77.7,77.7,77.7,1900,2026-09-24,,,,,,,,
1790231700,77.7,77.7,77.2,77.2,4900,2026-09-24,,,,,,,,
1790231760,77.7,77.7,77.7,77.7,1000,2026-09-24,,,,,,,,
1790231820,77.6,77.6,77.6,77.6,1800,2026-09-24,,,,,,,,
1790231880,77.6,77.8,77.6,77.8,14800,2026-09-24,,,,,,,,
1790231940,77.8,77.8,77.8,77.8,1100,2026-09-24,,,,,,,,
1790232000,77.7,77.7,77.6,77.7,36900,2026-09-24,,,,,,,,
1790232060,77.7,77.8,77.3,77.3,38300,2026-09-24,,,,,,,,
1790232120,77.2,77.7,77.2,77.2,74000,2026-09-24,,,,,,,,
1790232180,77.6,77.6,77.1,77.6,15200,2026-09-24,,,,,,,,
1790232240,77.6,77.7,77.6,77.7,2900,2026-09-24,,,,,,,,
1790232300,77.7,77.7,77.7,77.7,900,2026-09-24,,,,,,,,
1790232360,77.7,77.7,77.7,77.7,6200,2026-09-24,,,,,,,,
1790232420,77.6,77.7,77.1,77.1,7100,2026-09-24,,,,,,,,
1790232480,77.6,77.6,77.6,77.6,900,2026-09-24,,,,,,,,
1790232540,77.6,77.7,77.2,77.2,54200,2026-09-24,,,,,,,,
1790232600,77.2,77.6,77.2,77.6,10100,2026-09-24,,,,,,,,
1790232660,77.6,77.7,77.2,77.7,6400,2026-09-24,,,,,,,,
1790232720,77.6,77.7,77.6,77.7,1800,2026-09-24,,,,,,,,
1790232780,77.7,77.7,77.6,77.6,6200,2026-09-24,,,,,,,,
1790232840,77.7,77.7,77.7,77.7,1600,2026-09-24,,,,,,,,
1790232900,77.7,77.7,77.7,77.7,2900,2026-09-24,,,,,,,,
1790232960,77.7,77.7,77.7,77.7,14900,2026-09-24,,,,,,,,
1790233020,77.7,77.7,77.7,77.7,1000,2026-09-24,,,,,,,,
1790233080,77.7,77.7,77.7,77.7,6300,2026-09-24,,,,,,,,
1790233140,77.7,77.7,77.3,77.3,30100,2026-09-24,,,,,,,,
1790233200,77.8,77.8,77.7,77.7,1000,2026-09-24,,,,,,,,
1790233260,77.8,77.8,77.7,77.7,2900,2026-09-24,,,,,,,,
1790233320,77.7,77.7,77.7,77.7,1000,2026-09-24,,,,,,,,
1790233380,77.7,77.7,77.7,77.7,2300,2026-09-24,,,,,,,,
1790233440,77.7,77.7,77.7,77.7,1800,2026-09-24,,,,,,,,
1790233500,77.7,77.7,77.7,77.7,900,2026-09-24,,,,,,,,
1790233560,77.7,77.7,77.6,77.6,4000,2026-09-24,,,,,,,,
1790233620,77.6,77.7,77.3,77.3,23700,2026-09-24,,,,,,,,
1790233680,77.3,77.7,77.2,77.2,29500,2026-09-24,,,,,,,,
1790233740,77.3,77.6,77.2,77.2,7900,2026-09-24,,,,,,,,
1790233800,77.2,77.6,77.2,77.2,7900,2026-09-24,,,,,,,,
1790233860,77.2,77.5,77.2,77.2,7000,2026-09-24,,,,,,,,
1790233920,77.6,77.6,77.2,77.2,7800,2026-09-24,,,,,,,,
1790233980,77.2,77.7,77.2,77.2,58100,2026-09-24,,,,,,,,
1790234040,77.2,77.6,77.2,77.2,13800,2026-09-24,,,,,,,,
1790234100,77.2,77.6,77.2,77.2,7800,2026-09-24,,,,,,,,
1790234160,77.2,77.7,77.1,77.7,43800,2026-09-24,,,,,,,,
1790234220,77.7,77.7,77.2,77.7,44500,2026-09-24,,,,,,,,
1790234280,77.5,77.7,77.3,77.3,24600,2026-09-24,,,,,,,,
1790234340,77.3,77.6,77.2,77.3,9800,2026-09-24,,,,,,,,
1790234400,77.6,77.7,77.6,77.7,12600,2026-09-24,,,,,,,,
1790234460,77.6,77.7,77.2,77.2,60600,2026-09-24,,,,,,,,
1790234520,77.2,77.7,77.2,77.3,3500,2026-09-24,,,,,,,,
1790234580,77.7,77.7,77.2,77.2,90800,2026-09-24,,,,,,,,
1790234640,77.6,77.6,77.6,77.6,900,2026-09-24,,,,,,,,
1790234700,77.6,77.6,77.2,77.2,13700,2026-09-24,,,,,,,,
1790234760,77.2,77.2,77.1,77.1,10400,2026-09-24,,,,,,,,
1790234820,77.1,77.2,77.0,77.0,12900,2026-09-24,,,,,,,,
1790234880,77.0,77.1,77.0,77.0,27400,2026-09-24,,,,,,,,
1790234940,77.0,77.0,76.9,76.9,67300,2026-09-24,,,,,,,,
1790235900,76.9,76.9,76.9,76.9,266200,2026-09-24,,,,,,,,
1790302500,77.0,77.6,77.0,77.6,49900,2026-09-25,,,,,,,,
1790302560,77.6,77.6,77.6,77.6,900,2026-09-25,,,,,,,,
1790302620,77.6,77.6,77.5,77.5,2100,2026-09-25,,,,,,,,
1790302740,77.6,77.6,77.6,77.6,6000,2026-09-25,,,,,,,,
1790302800,77.7,77.7,77.3,77.3,11200,2026-09-25,,,,,,,,
1790302860,77.3,77.3,77.1,77.1,5000,2026-09-25,,,,,,,,
1790302920,77.5,77.5,77.5,77.5,1400,2026-09-25,,,,,,,,
1790303100,77.6,77.6,77.6,77.6,100,2026-09-25,,,,,,,,
1790303160,77.4,77.4,77.4,77.4,200,2026-09-25,,,,,,,,
1790303280,77.5,77.5,77.5,77.5,200,2026-09-25,,,,,,,,
1790303340,77.5,77.5,77.5,77.5,200,2026-09-25,,,,,,,,
1790303400,77.5,77.7,77.5,77.7,3200,2026-09-25,,,,,,,,
1790303460,77.7,77.8,77.7,77.8,26900,2026-09-25,,,,,,,,
1790303520,77.8,77.9,77.8,77.9,8000,2026-09-25,,,,,,,,
1790303580,77.9,77.9,77.9,77.9,10300,2026-09-25,,,,,,,,
1790303640,77.9,77.9,77.8,77.8,4400,2026-09-25,,,,,,,,
1790303700,77.8,77.8,77.6,77.6,1600,2026-09-25,,,,,,,,
1790303820,77.8,77.8,77.8,77.8,100,2026-09-25,,,,,,,,
1790304000,77.6,77.6,77.6,77.6,300,2026-09-25,,,,,,,,
1790304060,77.6,77.8,77.6,77.8,300,2026-09-25,,,,,,,,
1790304180,77.8,77.8,77.8,77.8,500,2026-09-25,,,,,,,,
1790304240,77.8,77.8,77.7,77.7,200,2026-09-25,,,,,,,,
1790304300,77.5,77.7,77.5,77.5,1300,2026-09-25,,,,,,,,
1790304360,77.5,77.5,77.5,77.5,1000,2026-09-25,,,,,,,,
1790304420,77.5,77.5,77.4,77.4,2600,2026-09-25,,,,,,,,
1790304480,77.4,77.6,77.4,77.6,6400,2026-09-25,,,,,,,,
1790304540,77.6,77.6,77.6,77.6,2300,2026-09-25,,,,,,,,
1790304600,77.6,77.6,77.6,77.6,700,2026-09-25,,,,,,,,
1790304660,77.6,77.6,77.6,77.6,1100,2026-09-25,,,,,,,,
1790304720,77.6,77.6,77.6,77.6,700,2026-09-25,,,,,,,,
1790304780,77.6,77.6,77.6,77.6,1100,2026-09-25,,,,,,,,
1790304840,77.6,77.6,77.4,77.4,800,2026-09-25,,,,,,,,
1790304900,77.4,77.4,77.4,77.4,800,2026-09-25,,,,,,,,
1790304960,77.4,77.4,77.4,77.4,300,2026-09-25,,,,,,,,
1790305020,77.4,77.7,77.4,77.7,800,2026-09-25,,,,,,,,
1790305080,77.7,77.7,77.7,77.7,2400,2026-09-25,,,,,,,,
1790305140,77.7,77.7,77.7,77.7,5800,2026-09-25,,,,,,,,
1790305200,77.5,77.5,77.5,77.5,700,2026-09-25,,,,,,,,
1790305260,77.5,77.5,77.5,77.5,300,2026-09-25,,,,,,,,
1790305320,77.5,77.5,77.5,77.5,900,2026-09-25,,,,,,,,
1790305380,77.5,77.5,77.5,77.5,300,2026-09-25,,,,,,,,
1790305440,77.5,77.5,77.5,77.5,700,2026-09-25,,,,,,,,
1790305500,77.5,77.5,77.5,77.5,300,2026-09-25,,,,,,,,
1790305560,77.5,77.6,77.5,77.6,500,2026-09-25,,,,,,,,
1790305740,77.5,77.5,77.5,77.5,1300,2026-09-25,,,,,,,,
1790305800,77.5,77.5,77.5,77.5,1700,2026-09-25,,,,,,,,
1790305860,77.5,77.6,77.5,77.6,500,2026-09-25,,,,,,,,
1790305980,77.5,77.5,77.5,77.5,1500,2026-09-25,,,,,,,,
1790306040,77.5,77.5,77.5,77.5,1800,2026-09-25,,,,,,,,
1790306100,77.5,77.5,77.5,77.5,200,2026-09-25,,,,,,,,
1790306220,77.5,77.5,77.5,77.5,1100,2026-09-25,,,,,,,,
1790306280,77.5,77.6,77.5,77.6,8000,2026-09-25,,,,,,,,
1790306340,77.6,77.7,77.5,77.7,7500,2026-09-25,,,,,,,,
1790306400,77.5,77.7,77.5,77.6,7400,2026-09-25,,,,,,,,
1790306460,77.5,77.5,77.5,77.5,1700,2026-09-25,,,,,,,,
1790306520,77.5,77.5,77.5,77.5,2100,2026-09-25,,,,,,,,
1790306580,77.4,77.4,77.4,77.4,400,2026-09-25,,,,,,,,
1790306640,77.5,77.6,77.4,77.4,6300,2026-09-25,,,,,,,,
1790306700,77.4,77.4,77.4,77.4,300,2026-09-25,,,,,,,,
1790306760,77.4,77.4,77.3,77.3,4500,2026-09-25,,,,,,,,
1790306820,77.3,77.3,77.3,77.3,400,2026-09-25,,,,,,,,
1790306880,77.3,77.3,77.3,77.3,600,2026-09-25,,,,,,,,
1790306940,77.3,77.3,77.3,77.3,400,2026-09-25,,,,,,,,
1790307000,77.3,77.3,77.3,77.3,600,2026-09-25,,,,,,,,
1790307060,77.3,77.3,77.3,77.3,700,2026-09-25,,,,,,,,
1790307120,77.3,77.3,77.3,77.3,1200,2026-09-25,,,,,,,,
1790307180,77.3,77.3,77.2,77.2,700,2026-09-25,,,,,,,,
1790307240,77.3,77.3,77.3,77.3,500,2026-09-25,,,,,,,,
1790307300,77.3,77.3,77.3,77.3,600,2026-09-25,,,,,,,,
1790307360,77.3,77.3,77.3,77.3,300,2026-09-25,,,,,,,,
1790307420,77.3,77.3,77.3,77.3,700,2026-09-25,,,,,,,,
1790307480,77.4,77.4,77.4,77.4,200,2026-09-25,,,,,,,,
1790307660,77.4,77.4,77.2,77.2,6400,2026-09-25,,,,,,,,
1790307720,77.1,77.1,77.1,77.1,800,2026-09-25,,,,,,,,
1790307780,77.2,77.2,77.2,77.2,400,2026-09-25,,,,,,,,
1790307840,77.2,77.2,77.0,77.0,42600,2026-09-25,,,,,,,,
1790307900,77.0,77.0,77.0,77.0,800,2026-09-25,,,,,,,,
1790307960,77.0,77.0,77.0,77.0,1000,2026-09-25,,,,,,,,
1790308020,77.0,77.0,77.0,77.0,700,2026-09-25,,,,,,,,
1790308080,77.0,77.2,77.0,77.2,700,2026-09-25,,,,,,,,
1790308140,77.0,77.1,77.0,77.1,600,2026-09-25,,,,,,,,
1790308200,77.1,77.1,77.0,77.1,600,2026-09-25,,,,,,,,
1790308260,77.0,77.1,77.0,77.1,700,2026-09-25,,,,,,,,
1790308320,77.1,77.1,77.1,77.1,700,2026-09-25,,,,,,,,
1790308380,77.1,77.1,77.1,77.1,700,2026-09-25,,,,,,,,
1790308440,77.1,77.2,77.1,77.2,700,2026-09-25,,,,,,,,
1790308500,77.2,77.2,77.2,77.2,700,2026-09-25,,,,,,,,
1790308560,77.2,77.2,77.2,77.2,300,2026-09-25,,,,,,,,
1790308620,77.2,77.2,77.2,77.2,800,2026-09-25,,,,,,,,
1790308680,77.2,77.2,77.2,77.2,400,2026-09-25,,,,,,,,
1790308740,77.2,77.2,77.2,77.2,700,2026-09-25,,,,,,,,
1790308800,77.2,77.2,77.2,77.2,300,2026-09-25,,,,,,,,
1790308860,77.2,77.2,77.2,77.2,600,2026-09-25,,,,,,,,
1790308920,77.2,77.2,77.2,77.2,700,2026-09-25,,,,,,,,
1790308980,77.2,77.2,77.2,77.2,600,2026-09-25,,,,,,,,
1790309040,77.2,77.2,77.2,77.2,700,2026-09-25,,,,,,,,
1790309100,77.2,77.2,77.2,77.2,400,2026-09-25,,,,,,,,
1790309160,77.2,77.2,77.2,77.2,700,2026-09-25,,,,,,,,
1790309220,77.2,77.2,77.2,77.2,300,2026-09-25,,,,,,,,
1790309280,77.2,77.2,77.2,77.2,1700,2026-09-25,,,,,,,,
1790309340,77.2,77.2,77.2,77.2,400,2026-09-25,,,,,,,,
1790309400,77.2,77.2,77.2,77.2,600,2026-09-25,,,,,,,,
1790309460,77.2,77.2,77.2,77.2,400,2026-09-25,,,,,,,,
1790309520,77.2,77.2,77.2,77.2,600,2026-09-25,,,,,,,,
1790309580,77.2,77.2,77.2,77.2,700,2026-09-25,,,,,,,,
1790309640,77.2,77.2,77.2,77.2,400,2026-09-25,,,,,,,,
1790309700,77.2,77.2,77.2,77.2,600,2026-09-25,,,,,,,,
1790309760,77.2,77.2,77.2,77.2,300,2026-09-25,,,,,,,,
1790309820,77.4,77.4,77.4,77.4,6900,2026-09-25,,,,,,,,
1790309880,77.4,77.4,77.4,77.4,500,2026-09-25,,,,,,,,
1790309940,77.4,77.4,77.4,77.4,600,2026-09-25,,,,,,,,
1790310000,77.4,77.4,77.4,77.4,300,2026-09-25,,,,,,,,
1790310060,77.4,77.4,77.4,77.4,600,2026-09-25,,,,,,,,
1790310120,77.4,77.4,77.4,77.4,400,2026-09-25,,,,,,,,
1790310180,77.4,77.4,77.4,77.4,900,2026-09-25,,,,,,,,
1790310240,77.4,77.4,77.4,77.4,3600,2026-09-25,,,,,,,,
1790310300,77.4,77.4,77.4,77.4,300,2026-09-25,,,,,,,,
1790310360,77.4,77.4,77.4,77.4,600,2026-09-25,,,,,,,,
1790310420,77.4,77.4,77.4,77.4,400,2026-09-25,,,,,,,,
1790310480,77.4,77.4,77.4,77.4,700,2026-09-25,,,,,,,,
1790310540,77.5,77.5,77.5,77.5,400,2026-09-25,,,,,,,,
1790316000,77.4,77.6,77.4,77.4,12600,2026-09-25,,,,,,,,
1790316060,77.4,77.6,77.4,77.4,900,2026-09-25,,,,,,,,
1790316120,77.4,77.5,77.4,77.5,1700,2026-09-25,,,,,,,,
1790316180,77.6,77.6,77.5,77.5,800,2026-09-25,,,,,,,,
1790316240,77.5,77.6,77.5,77.5,10000,2026-09-25,,,,,,,,
1790316300,77.5,77.5,77.5,77.5,800,2026-09-25,,,,,,,,
1790316360,77.5,77.6,77.4,77.6,11900,2026-09-25,,,,,,,,
1790316420,77.4,77.6,77.4,77.5,9200,2026-09-25,,,,,,,,
1790316480,77.5,77.5,77.4,77.4,2000,2026-09-25,,,,,,,,
1790316540,77.4,77.4,77.4,77.4,2600,2026-09-25,,,,,,,,
1790316600,77.4,77.4,77.4,77.4,1500,2026-09-25,,,,,,,,
1790316660,77.4,77.4,77.4,77.4,2800,2026-09-25,,,,,,,,
1790316720,77.4,77.4,77.4,77.4,1400,2026-09-25,,,,,,,,
1790316780,77.4,77.4,77.4,77.4,800,2026-09-25,,,,,,,,
1790316840,77.4,77.4,77.4,77.4,500,2026-09-25,,,,,,,,
1790316900,77.4,77.4,77.4,77.4,1000,2026-09-25,,,,,,,,
1790317020,77.3,77.3,77.2,77.2,5600,2026-09-25,,,,,,,,
1790317080,77.2,77.2,77.2,77.2,1200,2026-09-25,,,,,,,,
1790317140,77.2,77.2,77.2,77.2,900,2026-09-25,,,,,,,,
1790317200,77.2,77.4,77.2,77.4,1100,2026-09-25,,,,,,,,
1790317260,77.3,77.3,77.2,77.2,4700,2026-09-25,,,,,,,,
1790317320,77.2,77.2,77.1,77.2,19200,2026-09-25,,,,,,,,
1790317380,77.2,77.3,77.0,77.1,16100,2026-09-25,,,,,,,,
1790317440,77.1,77.3,77.0,77.0,6800,2026-09-25,,,,,,,,
1790317500,77.0,77.1,77.0,77.1,12000,2026-09-25,,,,,,,,
1790317560,77.1,77.2,77.1,77.1,1000,2026-09-25,,,,,,,,
1790317620,77.2,77.2,77.1,77.1,1200,2026-09-25,,,,,,,,
1790317680,77.1,77.1,77.1,77.1,1700,2026-09-25,,,,,,,,
1790317740,77.2,77.4,77.2,77.4,11900,2026-09-25,,,,,,,,
1790317800,77.4,77.4,77.4,77.4,2300,2026-09-25,,,,,,,,
1790317860,77.4,77.4,77.4,77.4,8600,2026-09-25,,,,,,,,
1790317920,77.4,77.4,77.4,77.4,2200,2026-09-25,,,,,,,,
1790317980,77.4,77.6,77.4,77.4,34700,2026-09-25,,,,,,,,
1790318040,77.4,77.5,77.4,77.5,4900,2026-09-25,,,,,,,,
1790318100,77.5,77.5,77.4,77.4,3700,2026-09-25,,,,,,,,
1790318160,77.4,77.4,77.4,77.4,2200,2026-09-25,,,,,,,,
1790318220,77.4,77.5,77.4,77.4,3900,2026-09-25,,,,,,,,
1790318280,77.4,77.4,77.4,77.4,3400,2026-09-25,,,,,,,,
1790318340,77.4,77.4,77.4,77.4,3400,2026-09-25,,,,,,,,
1790318400,77.4,77.4,77.4,77.4,7300,2026-09-25,,,,,,,,
1790318460,77.4,77.6,77.4,77.4,23300,2026-09-25,,,,,,,,
1790318520,77.4,77.4,77.4,77.4,2900,2026-09-25,,,,,,,,
1790318580,77.4,77.5,77.4,77.5,4800,2026-09-25,,,,,,,,
1790318640,77.5,77.6,77.5,77.5,3200,2026-09-25,,,,,,,,
1790318700,77.5,77.5,77.5,77.5,5200,2026-09-25,,,,,,,,
1790318760,77.5,77.5,77.5,77.5,4000,2026-09-25,,,,,,,,
1790318820,77.5,77.5,77.4,77.4,12400,2026-09-25,,,,,,,,
1790318880,77.4,77.5,77.4,77.5,3400,2026-09-25,,,,,,,,
1790318940,77.6,77.7,77.4,77.7,65400,2026-09-25,,,,,,,,
1790319000,77.7,77.7,77.4,77.4,4000,2026-09-25,,,,,,,,
1790319060,77.5,77.5,77.4,77.4,1400,2026-09-25,,,,,,,,
1790319120,77.4,77.4,77.4,77.4,1800,2026-09-25,,,,,,,,
1790319180,77.4,77.4,77.4,77.4,4500,2026-09-25,,,,,,,,
1790319240,77.4,77.4,77.4,77.4,2400,2026-09-25,,,,,,,,
1790319300,77.4,77.4,77.4,77.4,1200,2026-09-25,,,,,,,,
1790319360,77.4,77.7,77.4,77.4,52000,2026-09-25,,,,,,,,
1790319420,77.4,77.4,77.4,77.4,1800,2026-09-25,,,,,,,,
1790319480,77.4,77.4,77.4,77.4,2400,2026-09-25,,,,,,,,
1790319540,77.4,77.5,77.4,77.4,900,2026-09-25,,,,,,,,
1790319600,77.5,77.7,77.4,77.7,36100,2026-09-25,,,,,,,,
1790319660,77.7,77.8,77.4,77.8,4700,2026-09-25,,,,,,,,
1790319720,77.5,77.5,77.5,77.5,4200,2026-09-25,,,,,,,,
1790319780,77.5,77.5,77.5,77.5,700,2026-09-25,,,,,,,,
1790319840,77.5,77.5,77.4,77.4,2100,2026-09-25,,,,,,,,
1790319900,77.4,77.4,77.4,77.4,3600,2026-09-25,,,,,,,,
1790319960,77.4,77.5,77.4,77.5,1500,2026-09-25,,,,,,,,
1790320020,77.5,77.5,77.4,77.4,2100,2026-09-25,,,,,,,,
1790320080,77.7,77.7,77.5,77.7,30000,2026-09-25,,,,,,,,
1790320140,77.4,77.7,77.4,77.4,3700,2026-09-25,,,,,,,,
1790320200,77.4,77.5,77.4,77.5,700,2026-09-25,,,,,,,,
1790320260,77.4,77.5,77.4,77.5,1100,2026-09-25,,,,,,,,
1790320320,77.4,77.4,77.4,77.4,500,2026-09-25,,,,,,,,
1790320380,77.4,77.4,77.4,77.4,1900,2026-09-25,,,,,,,,
1790320440,77.6,77.7,77.4,77.4,30600,2026-09-25,,,,,,,,
1790320500,77.4,77.4,77.4,77.4,3500,2026-09-25,,,,,,,,
1790320560,77.4,77.4,77.4,77.4,2200,2026-09-25,,,,,,,,
1790320620,77.4,77.4,77.4,77.4,4400,2026-09-25,,,,,,,,
1790320680,77.4,77.4,77.4,77.4,1900,2026-09-25,,,,,,,,
1790320740,77.4,77.4,77.3,77.3,2900,2026-09-25,,,,,,,,
1790320800,77.4,77.7,77.4,77.4,48000,2026-09-25,,,,,,,,
1790320860,77.4,77.4,77.2,77.2,6700,2026-09-25,,,,,,,,
1790320920,77.2,77.2,77.2,77.2,900,2026-09-25,,,,,,,,
1790320980,77.2,77.2,77.1,77.1,2300,2026-09-25,,,,,,,,
1790321040,77.2,77.3,77.1,77.3,5700,2026-09-25,,,,,,,,
1790321100,77.2,77.2,77.1,77.1,1200,2026-09-25,,,,,,,,
1790321160,77.2,77.7,77.2,77.7,31100,2026-09-25,,,,,,,,
1790321220,77.4,77.4,77.3,77.3,4900,2026-09-25,,,,,,,,
1790321280,77.6,77.7,77.2,77.3,75400,2026-09-25,,,,,,,,
1790321340,77.3,77.3,77.1,77.2,12200,2026-09-25,,,,,,,,
1790322300,76.5,76.5,76.5,76.5,576900,2026-09-25,,,,,,,,
1790561700,77.1,77.1,77.0,77.0,21800,2026-09-28,,,,,,,,
1790561760,77.0,77.0,77.0,77.0,8100,2026-09-28,,,,,,,,
1790561820,77.1,77.1,77.1,77.1,100,2026-09-28,,,,,,,,
1790561880,76.9,77.1,76.9,77.1,23700,2026-09-28,,,,,,,,
1790562000,76.9,76.9,76.9,76.9,400,2026-09-28,,,,,,,,
1790562060,76.9,77.0,76.9,77.0,800,2026-09-28,,,,,,,,
1790562120,77.0,77.0,77.0,77.0,300,2026-09-28,,,,,,,,
1790562180,77.0,77.0,76.9,76.9,11000,2026-09-28,,,,,,,,
1790562240,76.9,77.0,76.9,77.0,300,2026-09-28,,,,,,,,
1790562300,77.0,77.1,77.0,77.1,700,2026-09-28,,,,,,,,
1790562360,77.0,77.0,77.0,77.0,500,2026-09-28,,,,,,,,
1790562420,77.0,77.0,77.0,77.0,5900,2026-09-28,,,,,,,,
1790562480,77.0,77.0,76.9,76.9,7800,2026-09-28,,,,,,,,
1790562540,76.9,76.9,76.8,76.9,19000,2026-09-28,,,,,,,,
1790562600,76.8,76.8,76.6,76.7,19600,2026-09-28,,,,,,,,
1790562660,76.7,76.7,76.7,76.7,7500,2026-09-28,,,,,,,,
1790562720,76.7,76.7,76.7,76.7,600,2026-09-28,,,,,,,,
1790562780,76.7,76.8,76.7,76.8,4200,2026-09-28,,,,,,,,
1790562840,76.8,76.9,76.7,76.7,2600,2026-09-28,,,,,,,,
1790562900,76.6,76.7,76.6,76.7,6700,2026-09-28,,,,,,,,
1790562960,76.8,76.8,76.7,76.7,2000,2026-09-28,,,,,,,,
1790563020,76.8,76.8,76.8,76.8,900,2026-09-28,,,,,,,,
1790563080,76.7,76.7,76.7,76.7,100,2026-09-28,,,,,,,,
1790563140,76.8,76.9,76.8,76.8,19400,2026-09-28,,,,,,,,
1790563200,76.8,76.9,76.8,76.9,2800,2026-09-28,,,,,,,,
1790563260,77.0,77.0,77.0,77.0,14500,2026-09-28,,,,,,,,
1790563320,77.0,77.0,77.0,77.0,2100,2026-09-28,,,,,,,,
1790563380,77.0,77.0,77.0,77.0,300,2026-09-28,,,,,,,,
1790563440,77.0,77.1,77.0,77.0,1300,2026-09-28,,,,,,,,
1790563500,77.0,77.1,77.0,77.0,600,2026-09-28,,,,,,,,
1790563560,77.0,77.1,77.0,77.0,900,2026-09-28,,,,,,,,
1790563620,77.0,77.0,77.0,77.0,10300,2026-09-28,,,,,,,,
1790563680,77.0,77.0,76.8,76.8,5000,2026-09-28,,,,,,,,
1790563740,76.8,76.9,76.7,76.7,8900,2026-09-28,,,,,,,,
1790563800,76.7,76.9,76.7,76.8,1700,2026-09-28,,,,,,,,
1790563860,76.9,77.2,76.8,77.2,24500,2026-09-28,,,,,,,,
1790563920,77.1,77.2,77.1,77.2,12500,2026-09-28,,,,,,,,
1790563980,77.1,77.2,77.1,77.1,3200,2026-09-28,,,,,,,,
1790564040,77.1,77.2,76.9,76.9,3800,2026-09-28,,,,,,,,
1790564100,77.1,77.2,76.9,76.9,1300,2026-09-28,,,,,,,,
1790564160,76.9,76.9,76.9,76.9,2800,2026-09-28,,,,,,,,
1790564220,76.9,76.9,76.9,76.9,800,2026-09-28,,,,,,,,
1790564280,76.9,76.9,76.8,76.8,23900,2026-09-28,,,,,,,,
1790564340,76.9,77.1,76.9,76.9,7200,2026-09-28,,,,,,,,
1790564400,76.9,76.9,76.9,76.9,2000,2026-09-28,,,,,,,,
1790564460,77.0,77.1,77.0,77.1,15100,2026-09-28,,,,,,,,
1790564520,77.2,77.2,77.0,77.0,17800,2026-09-28,,,,,,,,
1790564580,77.2,77.4,77.2,77.4,23100,2026-09-28,,,,,,,,
1790564640,77.4,77.4,77.3,77.3,1500,2026-09-28,,,,,,,,
1790564700,77.3,77.4,77.3,77.4,3000,2026-09-28,,,,,,,,
1790564760,77.5,77.6,77.4,77.6,76200,2026-09-28,,,,,,,,
1790564820,77.7,77.9,77.7,77.9,163300,2026-09-28,,,,,,,,
1790564880,77.8,77.8,77.6,77.7,23000,2026-09-28,,,,,,,,
1790564940,77.6,77.7,77.6,77.6,10900,2026-09-28,,,,,,,,
1790565000,77.6,77.7,77.6,77.6,38000,2026-09-28,,,,,,,,
1790565060,77.6,77.7,77.6,77.6,8400,2026-09-28,,,,,,,,
1790565120,77.7,77.9,77.6,77.7,70300,2026-09-28,,,,,,,,
1790565180,77.7,77.7,77.7,77.7,500,2026-09-28,,,,,,,,
1790565300,77.7,77.7,77.6,77.6,9600,2026-09-28,,,,,,,,
1790565360,77.7,77.7,77.6,77.6,800,2026-09-28,,,,,,,,
1790565420,77.7,77.7,77.6,77.6,1400,2026-09-28,,,,,,,,
1790565480,77.6,77.6,77.6,77.6,2200,2026-09-28,,,,,,,,
1790565540,77.6,77.6,77.6,77.6,3200,2026-09-28,,,,,,,,
1790565600,77.7,77.7,77.5,77.5,3900,2026-09-28,,,,,,,,
1790565660,77.5,77.6,77.5,77.6,3500,2026-09-28,,,,,,,,
1790565720,77.5,77.6,77.5,77.5,1400,2026-09-28,,,,,,,,
1790565780,77.5,77.5,77.5,77.5,1000,2026-09-28,,,,,,,,
1790565840,77.5,77.5,77.5,77.5,2500,2026-09-28,,,,,,,,
1790565900,77.5,77.5,77.3,77.3,24600,2026-09-28,,,,,,,,
1790565960,77.5,77.5,77.3,77.3,1300,2026-09-28,,,,,,,,
1790566020,77.3,77.3,77.3,77.3,900,2026-09-28,,,,,,,,
1790566080,77.4,77.4,77.3,77.3,1300,2026-09-28,,,,,,,,
1790566140,77.3,77.3,77.2,77.2,10000,2026-09-28,,,,,,,,
1790566200,77.2,77.2,77.2,77.2,8700,2026-09-28,,,,,,,,
1790566260,77.2,77.3,77.2,77.3,700,2026-09-28,,,,,,,,
1790566320,77.3,77.3,77.2,77.2,300,2026-09-28,,,,,,,,
1790566380,77.2,77.3,77.1,77.3,1100,2026-09-28,,,,,,,,
1790566500,77.2,77.2,77.2,77.2,9700,2026-09-28,,,,,,,,
1790566620,77.2,77.2,77.2,77.2,700,2026-09-28,,,,,,,,
1790566680,77.2,77.3,77.2,77.3,17400,2026-09-28,,,,,,,,
1790566740,77.3,77.3,77.3,77.3,300,2026-09-28,,,,,,,,
1790566800,77.3,77.3,77.3,77.3,200,2026-09-28,,,,,,,,
1790566980,77.3,77.3,77.3,77.3,300,2026-09-28,,,,,,,,
1790567040,77.3,77.3,77.3,77.3,200,2026-09-28,,,,,,,,
1790567100,77.3,77.3,77.3,77.3,700,2026-09-28,,,,,,,,
1790567160,77.3,77.3,77.3,77.3,700,2026-09-28,,,,,,,,
1790567220,77.3,77.4,77.3,77.3,2500,2026-09-28,,,,,,,,
1790567280,77.3,77.3,77.3,77.3,1000,2026-09-28,,,,,,,,
1790567340,77.3,77.3,77.3,77.3,400,2026-09-28,,,,,,,,
1790567400,77.3,77.3,77.3,77.3,2400,2026-09-28,,,,,,,,
1790567460,77.3,77.3,77.3,77.3,200,2026-09-28,,,,,,,,
1790567520,77.3,77.3,77.3,77.3,1300,2026-09-28,,,,,,,,
1790567580,77.3,77.3,77.3,77.3,2700,2026-09-28,,,,,,,,
1790567640,77.4,77.4,77.3,77.3,900,2026-09-28,,,,,,,,
1790567700,77.3,77.3,77.3,77.3,2300,2026-09-28,,,,,,,,
1790567760,77.3,77.3,77.3,77.3,200,2026-09-28,,,,,,,,
1790567820,77.3,77.3,77.3,77.3,2200,2026-09-28,,,,,,,,
1790567880,77.4,77.4,77.4,77.4,100,2026-09-28,,,,,,,,
1790568000,77.3,77.3,77.3,77.3,11500,2026-09-28,,,,,,,,
1790568060,77.3,77.4,77.3,77.3,1400,2026-09-28,,,,,,,,
1790568120,77.3,77.4,77.3,77.3,14200,2026-09-28,,,,,,,,
1790568180,77.3,77.3,77.3,77.3,1800,2026-09-28,,,,,,,,
1790568240,77.3,77.3,77.2,77.2,16300,2026-09-28,,,,,,,,
1790568300,77.2,77.2,77.2,77.2,500,2026-09-28,,,,,,,,
1790568360,77.2,77.3,77.2,77.3,4100,2026-09-28,,,,,,,,
1790568420,77.3,77.3,77.3,77.3,2800,2026-09-28,,,,,,,,
1790568480,77.3,77.4,77.3,77.4,7900,2026-09-28,,,,,,,,
1790568540,77.4,77.5,77.3,77.3,9100,2026-09-28,,,,,,,,
1790568600,77.3,77.3,77.3,77.3,600,2026-09-28,,,,,,,,
1790568660,77.3,77.4,77.3,77.3,3100,2026-09-28,,,,,,,,
1790568720,77.3,77.3,77.3,77.3,1400,2026-09-28,,,,,,,,
1790568780,77.3,77.3,77.3,77.3,1200,2026-09-28,,,,,,,,
1790568840,77.3,77.3,77.3,77.3,3000,2026-09-28,,,,,,,,
1790568900,77.3,77.3,77.3,77.3,1000,2026-09-28,,,,,,,,
1790568960,77.3,77.3,77.3,77.3,2900,2026-09-28,,,,,,,,
1790569020,77.3,77.3,77.3,77.3,2300,2026-09-28,,,,,,,,
1790569080,77.3,77.3,77.3,77.3,2800,2026-09-28,,,,,,,,
1790569140,77.3,77.3,77.3,77.3,3100,2026-09-28,,,,,,,,
1790569200,77.3,77.3,77.3,77.3,3000,2026-09-28,,,,,,,,
1790569260,77.3,77.3,77.3,77.3,1100,2026-09-28,,,,,,,,
1790569320,77.3,77.4,77.3,77.3,4100,2026-09-28,,,,,,,,
1790569380,77.3,77.3,77.3,77.3,3500,2026-09-28,,,,,,,,
1790569440,77.3,77.3,77.2,77.2,1100,2026-09-28,,,,,,,,
1790569500,77.2,77.3,77.2,77.2,12400,2026-09-28,,,,,,,,
1790569560,77.2,77.2,77.2,77.2,600,2026-09-28,,,,,,,,
1790569620,77.2,77.3,77.2,77.2,3600,2026-09-28,,,,,,,,
1790569680,77.2,77.2,77.1,77.1,800,2026-09-28,,,,,,,,
1790569740,77.3,77.4,77.3,77.3,4100,2026-09-28,,,,,,,,
1790575200,77.1,77.5,77.1,77.3,23000,2026-09-28,,,,,,,,
1790575260,77.5,77.5,77.2,77.5,6500,2026-09-28,,,,,,,,
1790575320,77.2,77.2,77.2,77.2,400,2026-09-28,,,,,,,,
1790575380,77.1,77.4,77.1,77.4,24700,2026-09-28,,,,,,,,
1790575440,77.4,77.4,77.4,77.4,14400,2026-09-28,,,,,,,,
1790575500,77.4,77.5,77.4,77.5,5600,2026-09-28,,,,,,,,
1790575560,77.4,77.5,77.4,77.5,16200,2026-09-28,,,,,,,,
1790575620,77.4,77.5,77.4,77.4,5700,2026-09-28,,,,,,,,
1790575680,77.4,77.6,77.4,77.6,21800,2026-09-28,,,,,,,,
1790575740,77.6,77.6,77.4,77.4,1500,2026-09-28,,,,,,,,
1790575800,77.4,77.4,77.4,77.4,3700,2026-09-28,,,,,,,,
1790575860,77.4,77.5,77.4,77.4,1200,2026-09-28,,,,,,,,
1790575920,77.4,77.6,77.4,77.6,16300,2026-09-28,,,,,,,,
1790575980,77.6,77.6,77.6,77.6,2500,2026-09-28,,,,,,,,
1790576040,77.6,77.6,77.6,77.6,4400,2026-09-28,,,,,,,,
1790576100,77.6,77.6,77.6,77.6,600,2026-09-28,,,,,,,,
1790576160,77.6,77.6,77.6,77.6,10700,2026-09-28,,,,,,,,
1790576220,77.5,77.5,77.2,77.4,4500,2026-09-28,,,,,,,,
1790576280,77.4,77.4,77.4,77.4,600,2026-09-28,,,,,,,,
1790576340,77.4,77.4,77.4,77.4,4000,2026-09-28,,,,,,,,
1790576400,77.4,77.4,77.4,77.4,3400,2026-09-28,,,,,,,,
1790576460,77.4,77.4,77.4,77.4,6800,2026-09-28,,,,,,,,
1790576520,77.4,77.4,77.4,77.4,3700,2026-09-28,,,,,,,,
1790576580,77.4,77.4,77.2,77.2,1400,2026-09-28,,,,,,,,
1790576640,77.2,77.4,77.2,77.4,4000,2026-09-28,,,,,,,,
1790576700,77.3,77.4,77.3,77.4,9400,2026-09-28,,,,,,,,
1790576760,77.5,77.5,77.5,77.5,11100,2026-09-28,,,,,,,,
1790576820,77.5,77.5,77.5,77.5,2300,2026-09-28,,,,,,,,
1790576880,77.5,77.5,77.5,77.5,4100,2026-09-28,,,,,,,,
1790576940,77.5,77.5,77.1,77.2,7400,2026-09-28,,,,,,,,
1790577000,77.2,77.8,77.2,77.7,87000,2026-09-28,,,,,,,,
1790577060,77.5,77.5,77.2,77.2,2300,2026-09-28,,,,,,,,
1790577120,77.3,77.3,77.3,77.3,1400,2026-09-28,,,,,,,,
1790577180,77.3,77.5,77.3,77.4,34000,2026-09-28,,,,,,,,
1790577240,77.4,77.4,77.4,77.4,900,2026-09-28,,,,,,,,
1790577300,77.4,77.7,77.4,77.4,23300,2026-09-28,,,,,,,,
1790577360,77.4,77.5,77.4,77.5,14000,2026-09-28,,,,,,,,
1790577420,77.7,77.8,77.5,77.5,14700,2026-09-28,,,,,,,,
1790577480,77.5,77.8,77.5,77.8,3300,2026-09-28,,,,,,,,
1790577540,77.5,77.8,77.5,77.8,11000,2026-09-28,,,,,,,,
1790577600,77.7,77.7,77.4,77.7,4200,2026-09-28,,,,,,,,
1790577660,77.7,77.7,77.4,77.5,1700,2026-09-28,,,,,,,,
1790577720,77.5,77.5,77.4,77.5,4600,2026-09-28,,,,,,,,
1790577780,77.4,77.4,77.4,77.4,700,2026-09-28,,,,,,,,
1790577840,77.4,77.4,77.4,77.4,3700,2026-09-28,,,,,,,,
1790577900,77.4,77.8,77.4,77.4,51000,2026-09-28,,,,,,,,
1790577960,77.4,77.5,77.4,77.4,2700,2026-09-28,,,,,,,,
1790578020,77.4,77.4,77.4,77.4,2900,2026-09-28,,,,,,,,
1790578080,77.4,77.8,77.4,77.8,51700,2026-09-28,,,,,,,,
1790578140,77.4,77.5,77.4,77.5,3500,2026-09-28,,,,,,,,
1790578200,77.5,77.8,77.5,77.8,1700,2026-09-28,,,,,,,,
1790578260,77.5,77.5,77.4,77.4,3800,2026-09-28,,,,,,,,
1790578320,77.8,77.8,77.4,77.4,121300,2026-09-28,,,,,,,,
1790578380,77.4,77.4,77.4,77.4,1100,2026-09-28,,,,,,,,
1790578440,77.4,77.4,77.3,77.4,3700,2026-09-28,,,,,,,,
1790578500,77.3,77.7,77.3,77.4,21500,2026-09-28,,,,,,,,
1790578560,77.4,77.4,77.3,77.3,3000,2026-09-28,,,,,,,,
1790578620,77.3,77.3,77.2,77.2,1600,2026-09-28,,,,,,,,
1790578680,77.2,77.3,77.2,77.2,24300,2026-09-28,,,,,,,,
1790578740,77.2,77.3,77.1,77.1,17900,2026-09-28,,,,,,,,
1790578800,77.1,77.1,77.1,77.1,1200,2026-09-28,,,,,,,,
1790578860,77.1,77.1,77.1,77.1,12500,2026-09-28,,,,,,,,
1790578920,77.1,77.1,77.1,77.1,2900,2026-09-28,,,,,,,,
1790578980,77.1,77.3,77.1,77.2,2900,2026-09-28,,,,,,,,
1790579040,77.2,77.3,77.2,77.2,3000,2026-09-28,,,,,,,,
1790579100,77.2,77.3,77.2,77.3,2900,2026-09-28,,,,,,,,
1790579160,77.4,77.8,77.4,77.4,72300,2026-09-28,,,,,,,,
1790579220,77.4,77.4,77.4,77.4,1400,2026-09-28,,,,,,,,
1790579280,77.4,77.4,77.4,77.4,3100,2026-09-28,,,,,,,,
1790579340,77.4,77.5,77.4,77.4,3900,2026-09-28,,,,,,,,
1790579400,77.4,77.4,77.4,77.4,6000,2026-09-28,,,,,,,,
1790579460,77.4,77.4,77.4,77.4,7400,2026-09-28,,,,,,,,
1790579520,77.4,77.4,77.4,77.4,7200,2026-09-28,,,,,,,,
1790579580,77.4,77.4,77.4,77.4,1100,2026-09-28,,,,,,,,
1790579640,77.4,77.4,77.4,77.4,800,2026-09-28,,,,,,,,
1790579700,77.4,77.4,77.2,77.2,22700,2026-09-28,,,,,,,,
1790579760,77.3,77.3,77.3,77.3,100,2026-09-28,,,,,,,,
1790579820,77.3,77.3,77.3,77.3,1500,2026-09-28,,,,,,,,
1790579880,77.3,77.3,77.3,77.3,1200,2026-09-28,,,,,,,,
1790579940,77.3,77.3,77.3,77.3,300,2026-09-28,,,,,,,,
1790580000,77.3,77.3,77.2,77.2,6300,2026-09-28,,,,,,,,
1790580060,77.2,77.2,77.0,77.0,74000,2026-09-28,,,,,,,,
1790580120,77.0,77.1,77.0,77.0,2500,2026-09-28,,,,,,,,
1790580180,77.0,77.1,77.0,77.0,12300,2026-09-28,,,,,,,,
1790580240,77.0,77.0,77.0,77.0,1600,2026-09-28,,,,,,,,
1790580300,77.1,77.1,77.0,77.1,2500,2026-09-28,,,,,,,,
1790580360,77.2,77.2,77.1,77.1,8600,2026-09-28,,,,,,,,
1790580420,77.1,77.1,77.1,77.1,7200,2026-09-28,,,,,,,,
1790580480,77.1,77.1,77.1,77.1,200,2026-09-28,,,,,,,,
1790580540,77.1,77.1,77.1,77.1,5000,2026-09-28,,,,,,,,
1790581500,77.2,77.2,77.2,77.2,211200,2026-09-28,,,,,,,,
1790648100,77.5,77.6,77.4,77.6,28900,2026-09-29,,,,,,,,
1790648160,77.4,77.4,77.4,77.4,400,2026-09-29,,,,,,,,
1790648220,77.4,77.4,77.4,77.4,300,2026-09-29,,,,,,,,
1790648280,77.4,77.4,77.4,77.4,300,2026-09-29,,,,,,,,
1790648340,77.4,77.4,77.4,77.4,200,2026-09-29,,,,,,,,
1790648400,77.4,77.4,77.4,77.4,400,2026-09-29,,,,,,,,
1790648460,77.5,77.5,77.5,77.5,300,2026-09-29,,,,,,,,
1790648520,77.5,77.5,77.5,77.5,900,2026-09-29,,,,,,,,
1790648580,77.5,77.5,77.5,77.5,2300,2026-09-29,,,,,,,,
1790648640,77.5,77.6,77.5,77.6,6100,2026-09-29,,,,,,,,
1790648700,77.6,77.6,77.6,77.6,1400,2026-09-29,,,,,,,,
1790648760,77.6,77.6,77.6,77.6,1300,2026-09-29,,,,,,,,
1790648820,77.6,77.6,77.6,77.6,1400,2026-09-29,,,,,,,,
1790648880,77.6,77.7,77.6,77.7,1200,2026-09-29,,,,,,,,
1790648940,77.6,77.6,77.6,77.6,200,2026-09-29,,,,,,,,
1790649000,77.6,77.6,77.6,77.6,6400,2026-09-29,,,,,,,,
1790649060,77.5,77.5,77.5,77.5,400,2026-09-29,,,,,,,,
1790649120,77.6,77.6,77.5,77.5,5900,2026-09-29,,,,,,,,
1790649180,77.5,77.5,77.5,77.5,4100,2026-09-29,,,,,,,,
1790649240,77.5,77.5,77.5,77.5,200,2026-09-29,,,,,,,,
1790649300,77.5,77.5,77.5,77.5,700,2026-09-29,,,,,,,,
1790649360,77.5,77.5,77.5,77.5,5200,2026-09-29,,,,,,,,
1790649420,77.4,77.4,77.4,77.4,300,2026-09-29,,,,,,,,
1790649480,77.6,77.6,77.4,77.4,2500,2026-09-29,,,,,,,,
1790649540,77.4,77.4,77.4,77.4,200,2026-09-29,,,,,,,,
1790649600,77.4,77.4,77.4,77.4,300,2026-09-29,,,,,,,,
1790649660,77.4,77.6,77.4,77.6,4700,2026-09-29,,,,,,,,
1790649720,77.6,77.6,77.6,77.6,2200,2026-09-29,,,,,,,,
1790649780,77.6,77.6,77.6,77.6,200,2026-09-29,,,,,,,,
1790649840,77.6,77.6,77.2,77.2,11300,2026-09-29,,,,,,,,
1790649900,77.3,77.3,77.3,77.3,300,2026-09-29,,,,,,,,
1790649960,77.3,77.3,77.3,77.3,300,2026-09-29,,,,,,,,
1790650020,77.3,77.3,77.3,77.3,300,2026-09-29,,,,,,,,
1790650080,77.6,77.6,77.3,77.6,600,2026-09-29,,,,,,,,
1790650140,77.6,77.6,77.3,77.3,2200,2026-09-29,,,,,,,,
1790650200,77.3,77.6,77.3,77.6,900,2026-09-29,,,,,,,,
1790650260,77.6,77.6,77.3,77.3,600,2026-09-29,,,,,,,,
1790650320,77.3,77.3,77.3,77.3,1200,2026-09-29,,,,,,,,
1790650380,77.3,77.3,77.3,77.3,200,2026-09-29,,,,,,,,
1790650440,77.3,77.3,77.3,77.3,500,2026-09-29,,,,,,,,
1790650560,77.3,77.3,77.3,77.3,300,2026-09-29,,,,,,,,
1790650620,77.3,77.3,77.3,77.3,1800,2026-09-29,,,,,,,,
1790650680,77.3,77.5,77.3,77.5,2300,2026-09-29,,,,,,,,
1790650740,77.4,77.5,77.4,77.5,2200,2026-09-29,,,,,,,,
1790650800,77.4,77.5,77.4,77.5,1200,2026-09-29,,,,,,,,
1790650860,77.5,77.5,77.4,77.5,4000,2026-09-29,,,,,,,,
1790650920,77.5,77.6,77.4,77.6,9700,2026-09-29,,,,,,,,
1790650980,77.6,77.7,77.5,77.7,14400,2026-09-29,,,,,,,,
1790651040,77.7,77.7,77.6,77.7,3700,2026-09-29,,,,,,,,
1790651100,77.6,77.7,77.6,77.7,1100,2026-09-29,,,,,,,,
1790651160,77.6,77.7,77.6,77.7,1100,2026-09-29,,,,,,,,
1790651220,77.7,77.7,77.6,77.6,1900,2026-09-29,,,,,,,,
1790651280,77.6,77.7,77.6,77.6,2300,2026-09-29,,,,,,,,
1790651340,77.7,77.7,77.6,77.6,600,2026-09-29,,,,,,,,
1790651400,77.7,77.7,77.6,77.7,1800,2026-09-29,,,,,,,,
1790651460,77.6,77.7,77.6,77.7,800,2026-09-29,,,,,,,,
1790651520,77.7,77.7,77.7,77.7,1800,2026-09-29,,,,,,,,
1790651580,77.6,77.7,77.6,77.6,1800,2026-09-29,,,,,,,,
1790651640,77.6,77.7,77.6,77.6,800,2026-09-29,,,,,,,,
1790651700,77.7,77.7,77.6,77.6,1200,2026-09-29,,,,,,,,
1790651760,77.7,77.7,77.7,77.7,700,2026-09-29,,,,,,,,
1790651820,77.6,77.7,77.6,77.7,1000,2026-09-29,,,,,,,,
1790651880,77.6,77.7,77.6,77.7,1100,2026-09-29,,,,,,,,
1790651940,77.7,77.8,77.6,77.8,7200,2026-09-29,,,,,,,,
1790652000,77.6,77.8,77.6,77.8,1100,2026-09-29,,,,,,,,
1790652060,77.6,77.8,77.6,77.8,1100,2026-09-29,,,,,,,,
1790652120,77.6,77.7,77.6,77.6,1900,2026-09-29,,,,,,,,
1790652180,77.5,77.5,77.5,77.5,400,2026-09-29,,,,,,,,
1790652240,77.5,77.6,77.5,77.6,2000,2026-09-29,,,,,,,,
1790652300,77.5,77.6,77.5,77.5,2300,2026-09-29,,,,,,,,
1790652360,77.6,77.6,77.5,77.5,1000,2026-09-29,,,,,,,,
1790652420,77.6,77.8,77.5,77.5,34500,2026-09-29,,,,,,,,
1790652480,77.4,77.4,77.4,77.4,300,2026-09-29,,,,,,,,
1790652540,77.7,77.7,77.4,77.4,1000,2026-09-29,,,,,,,,
1790652600,77.7,77.7,77.4,77.4,900,2026-09-29,,,,,,,,
1790652660,77.5,77.5,77.4,77.5,1800,2026-09-29,,,,,,,,
1790652720,77.5,77.5,77.4,77.5,1100,2026-09-29,,,,,,,,
1790652780,77.5,77.5,77.5,77.5,500,2026-09-29,,,,,,,,
1790652840,77.5,77.6,77.5,77.5,1300,2026-09-29,,,,,,,,
1790652900,77.6,77.6,77.5,77.5,800,2026-09-29,,,,,,,,
1790652960,77.6,77.6,77.6,77.6,500,2026-09-29,,,,,,,,
1790653020,77.5,77.6,77.5,77.5,1500,2026-09-29,,,,,,,,
1790653080,77.4,77.4,77.4,77.4,2200,2026-09-29,,,,,,,,
1790653140,77.4,77.4,77.4,77.4,200,2026-09-29,,,,,,,,
1790653200,77.3,77.4,77.3,77.4,1000,2026-09-29,,,,,,,,
1790653260,77.3,77.4,77.3,77.4,900,2026-09-29,,,,,,,,
1790653320,77.4,77.4,77.4,77.4,800,2026-09-29,,,,,,,,
1790653380,77.4,77.5,77.3,77.5,3500,2026-09-29,,,,,,,,
1790653440,77.5,77.6,77.5,77.6,4900,2026-09-29,,,,,,,,
1790653500,77.5,77.6,77.5,77.6,900,2026-09-29,,,,,,,,
1790653560,77.6,77.6,77.1,77.1,28700,2026-09-29,,,,,,,,
1790653620,77.1,77.1,77.0,77.1,8200,2026-09-29,,,,,,,,
1790653680,77.1,77.4,77.1,77.4,1100,2026-09-29,,,,,,,,
1790653740,77.1,77.4,77.0,77.0,6100,2026-09-29,,,,,,,,
1790653800,77.1,77.1,77.1,77.1,300,2026-09-29,,,,,,,,
1790653860,77.1,77.1,77.0,77.0,1500,2026-09-29,,,,,,,,
1790653920,77.4,77.4,77.1,77.4,6400,2026-09-29,,,,,,,,
1790653980,77.4,77.4,77.4,77.4,9000,2026-09-29,,,,,,,,
1790654040,77.4,77.4,77.4,77.4,600,2026-09-29,,,,,,,,
1790654100,77.4,77.5,77.4,77.4,1600,2026-09-29,,,,,,,,
1790654160,77.4,77.5,77.4,77.4,2900,2026-09-29,,,,,,,,
1790654220,77.4,77.4,77.4,77.4,1100,2026-09-29,,,,,,,,
1790654280,77.4,77.5,77.4,77.4,2100,2026-09-29,,,,,,,,
1790654340,77.5,77.5,77.4,77.4,1500,2026-09-29,,,,,,,,
1790654400,77.4,77.5,77.4,77.5,1900,2026-09-29,,,,,,,,
1790654460,77.4,77.5,77.4,77.5,700,2026-09-29,,,,,,,,
1790654520,77.4,77.5,77.4,77.5,8800,2026-09-29,,,,,,,,
1790654580,77.4,77.5,77.4,77.5,6300,2026-09-29,,,,,,,,
1790654640,77.4,77.5,77.4,77.5,1000,2026-09-29,,,,,,,,
1790654700,77.5,77.5,77.0,77.0,20900,2026-09-29,,,,,,,,
1790654760,77.0,77.0,77.0,77.0,300,2026-09-29,,,,,,,,
1790654820,77.2,77.4,77.1,77.1,9100,2026-09-29,,,,,,,,
1790654880,77.1,77.1,77.0,77.0,13400,2026-09-29,,,,,,,,
1790654940,77.0,77.0,77.0,77.0,400,2026-09-29,,,,,,,,
1790655000,77.4,77.4,77.0,77.0,1100,2026-09-29,,,,,,,,
1790655060,77.4,77.4,77.0,77.0,900,2026-09-29,,,,,,,,
1790655120,77.3,77.3,77.3,77.3,700,2026-09-29,,,,,,,,
1790655180,77.3,77.3,77.1,77.1,1000,2026-09-29,,,,,,,,
1790655240,77.1,77.2,77.1,77.2,2900,2026-09-29,,,,,,,,
1790655300,77.2,77.3,77.2,77.2,6700,2026-09-29,,,,,,,,
1790655360,77.4,77.4,77.2,77.2,900,2026-09-29,,,,,,,,
1790655420,77.2,77.4,77.2,77.2,1200,2026-09-29,,,,,,,,
1790655480,77.4,77.4,77.4,77.4,700,2026-09-29,,,,,,,,
1790655540,77.2,77.4,77.2,77.4,900,2026-09-29,,,,,,,,
1790655600,77.2,77.5,77.2,77.5,1900,2026-09-29,,,,,,,,
1790655660,77.3,77.5,77.3,77.5,3100,2026-09-29,,,,,,,,
1790655720,77.3,77.4,77.3,77.3,2200,2026-09-29,,,,,,,,
1790655780,77.3,77.3,77.3,77.3,300,2026-09-29,,,,,,,,
1790655840,77.4,77.4,77.3,77.3,1000,2026-09-29,,,,,,,,
1790655900,77.4,77.4,77.3,77.4,1700,2026-09-29,,,,,,,,
1790655960,77.3,77.3,77.3,77.3,14500,2026-09-29,,,,,,,,
1790656020,77.2,77.3,77.2,77.3,1500,2026-09-29,,,,,,,,
1790656080,77.2,77.2,77.2,77.2,1000,2026-09-29,,,,,,,,
1790661600,77.1,77.3,77.1,77.3,6400,2026-09-29,,,,,,,,
1790661660,77.3,77.3,77.1,77.3,1200,2026-09-29,,,,,,,,
1790661720,77.1,77.3,77.1,77.2,7100,2026-09-29,,,,,,,,
1790661780,77.1,77.2,77.1,77.2,2300,2026-09-29,,,,,,,,
1790661840,77.1,77.2,77.1,77.2,1500,2026-09-29,,,,,,,,
1790661900,77.1,77.2,77.1,77.2,900,2026-09-29,,,,,,,,
1790661960,77.1,77.3,77.1,77.2,19500,2026-09-29,,,,,,,,
1790662020,77.2,77.2,77.1,77.1,6700,2026-09-29,,,,,,,,
1790662080,77.1,77.3,77.1,77.3,4300,2026-09-29,,,,,,,,
1790662140,77.3,77.3,77.2,77.2,3800,2026-09-29,,,,,,,,
1790662200,77.3,77.3,77.2,77.2,400,2026-09-29,,,,,,,,
1790662260,77.2,77.3,77.2,77.2,900,2026-09-29,,,,,,,,
1790662320,77.3,77.3,77.2,77.3,1200,2026-09-29,,,,,,,,
1790662380,77.3,77.3,77.2,77.2,1000,2026-09-29,,,,,,,,
1790662440,77.1,77.1,76.9,76.9,22000,2026-09-29,,,,,,,,
1790662500,76.9,77.0,76.9,77.0,1200,2026-09-29,,,,,,,,
1790662560,77.1,77.1,76.9,77.0,3100,2026-09-29,,,,,,,,
1790662620,76.9,77.0,76.9,76.9,22600,2026-09-29,,,,,,,,
1790662680,77.0,77.0,76.9,77.0,1600,2026-09-29,,,,,,,,
1790662740,77.0,77.0,76.9,76.9,1200,2026-09-29,,,,,,,,
1790662800,76.9,77.0,76.9,76.9,37300,2026-09-29,,,,,,,,
1790662860,76.9,76.9,76.9,76.9,400,2026-09-29,,,,,,,,
1790662920,76.9,76.9,76.9,76.9,26300,2026-09-29,,,,,,,,
1790662980,77.0,77.1,76.9,76.9,6100,2026-09-29,,,,,,,,
1790663040,76.9,76.9,76.9,76.9,200,2026-09-29,,,,,,,,
1790663100,76.9,77.0,76.9,76.9,1600,2026-09-29,,,,,,,,
1790663160,76.9,77.0,76.9,76.9,15800,2026-09-29,,,,,,,,
1790663220,76.9,76.9,76.9,76.9,1700,2026-09-29,,,,,,,,
1790663280,76.8,76.9,76.8,76.9,59600,2026-09-29,,,,,,,,
1790663340,76.7,76.9,76.7,76.8,2000,2026-09-29,,,,,,,,
1790663400,76.8,76.9,76.7,76.8,6300,2026-09-29,,,,,,,,
1790663460,76.8,76.9,76.8,76.8,27400,2026-09-29,,,,,,,,
1790663520,76.8,76.8,76.7,76.7,400,2026-09-29,,,,,,,,
1790663580,76.7,76.9,76.7,76.9,5600,2026-09-29,,,,,,,,
1790663640,76.8,76.9,76.7,76.9,4900,2026-09-29,,,,,,,,
1790663700,76.8,76.9,76.8,76.9,3300,2026-09-29,,,,,,,,
1790663760,76.8,76.8,76.6,76.6,30600,2026-09-29,,,,,,,,
1790663820,76.7,76.7,76.6,76.7,20600,2026-09-29,,,,,,,,
1790663880,76.7,76.7,76.6,76.7,1700,2026-09-29,,,,,,,,
1790663940,76.7,76.7,76.6,76.7,14500,2026-09-29,,,,,,,,
1790664000,76.7,76.7,76.6,76.6,1500,2026-09-29,,,,,,,,
1790664060,76.6,76.7,76.6,76.6,4300,2026-09-29,,,,,,,,
1790664120,76.7,76.7,76.6,76.7,2900,2026-09-29,,,,,,,,
1790664180,76.7,76.7,76.6,76.7,9300,2026-09-29,,,,,,,,
1790664240,76.7,76.7,76.6,76.6,5200,2026-09-29,,,,,,,,
1790664300,76.7,76.7,76.7,76.7,4700,2026-09-29,,,,,,,,
1790664360,76.7,76.7,76.5,76.6,90100,2026-09-29,,,,,,,,
1790664420,76.5,76.6,76.4,76.4,67000,2026-09-29,,,,,,,,
1790664480,76.4,76.6,76.3,76.3,27900,2026-09-29,,,,,,,,
1790664540,76.4,76.4,76.3,76.3,5300,2026-09-29,,,,,,,,
1790664600,76.4,76.4,76.2,76.3,17500,2026-09-29,,,,,,,,
1790664660,76.3,76.3,76.2,76.3,22500,2026-09-29,,,,,,,,
1790664720,76.3,76.3,76.2,76.3,11800,2026-09-29,,,,,,,,
1790664780,76.3,76.3,76.2,76.3,7500,2026-09-29,,,,,,,,
1790664840,76.3,76.4,76.3,76.4,16400,2026-09-29,,,,,,,,
1790664900,76.4,76.4,76.3,76.3,12400,2026-09-29,,,,,,,,
1790664960,76.4,76.5,76.3,76.4,2300,2026-09-29,,,,,,,,
1790665020,76.5,76.5,76.3,76.3,6700,2026-09-29,,,,,,,,
1790665080,76.3,76.4,76.3,76.4,7200,2026-09-29,,,,,,,,
1790665140,76.4,76.4,76.3,76.4,1500,2026-09-29,,,,,,,,
1790665200,76.4,76.4,76.3,76.3,50400,2026-09-29,,,,,,,,
1790665260,76.3,76.3,76.2,76.2,39800,2026-09-29,,,,,,,,
1790665320,76.3,76.3,76.1,76.1,108000,2026-09-29,,,,,,,,
1790665380,76.1,76.1,76.0,76.0,91700,2026-09-29,,,,,,,,
1790665440,76.0,76.0,75.8,75.8,35400,2026-09-29,,,,,,,,
1790665500,75.8,75.9,75.7,75.8,31200,2026-09-29,,,,,,,,
1790665560,75.7,75.7,75.6,75.7,23800,2026-09-29,,,,,,,,
1790665620,75.7,75.8,75.7,75.8,10100,2026-09-29,,,,,,,,
1790665680,75.8,75.9,75.7,75.9,33900,2026-09-29,,,,,,,,
1790665740,75.9,75.9,75.8,75.8,7700,2026-09-29,,,,,,,,
1790665800,75.9,75.9,75.8,75.9,15000,2026-09-29,,,,,,,,
1790665860,75.8,75.9,75.8,75.9,18500,2026-09-29,,,,,,,,
1790665920,75.9,75.9,75.8,75.9,7800,2026-09-29,,,,,,,,
1790665980,75.9,75.9,75.8,75.9,8100,2026-09-29,,,,,,,,
1790666040,75.9,75.9,75.8,75.8,7900,2026-09-29,,,,,,,,
1790666100,75.9,75.9,75.8,75.8,13000,2026-09-29,,,,,,,,
1790666160,75.9,75.9,75.8,75.9,7900,2026-09-29,,,,,,,,
1790666220,75.8,75.9,75.8,75.9,6100,2026-09-29,,,,,,,,
1790666280,75.9,75.9,75.8,75.9,12200,2026-09-29,,,,,,,,
1790666340,75.9,76.0,75.8,75.9,9600,2026-09-29,,,,,,,,
1790666400,76.0,76.0,75.9,75.9,20200,2026-09-29,,,,,,,,
1790666460,75.8,76.0,75.8,76.0,19200,2026-09-29,,,,,,,,
1790666520,76.0,76.0,75.9,76.0,10500,2026-09-29,,,,,,,,
1790666580,76.0,76.0,75.9,75.9,3000,2026-09-29,,,,,,,,
1790666640,76.0,76.0,75.9,76.0,4000,2026-09-29,,,,,,,,
1790666700,75.9,76.0,75.9,75.9,34500,2026-09-29,,,,,,,,
1790666760,75.9,76.0,75.9,75.9,20800,2026-09-29,,,,,,,,
1790666820,75.9,75.9,75.8,75.9,8700,2026-09-29,,,,,,,,
1790666880,75.9,75.9,75.8,75.9,4900,2026-09-29,,,,,,,,
1790666940,75.9,76.0,75.9,76.0,6000,2026-09-29,,,,,,,,
1790667900,75.8,75.8,75.8,75.8,1157800,2026-09-29,,,,,,,,
1790734500,75.9,76.2,75.9,76.2,47600,2026-09-30,,,,,,,,
1790734560,76.2,76.3,76.2,76.3,11100,2026-09-30,,,,,,,,
1790734620,76.0,76.1,76.0,76.1,3000,2026-09-30,,,,,,,,
1790734740,76.1,76.2,76.1,76.1,5900,2026-09-30,,,,,,,,
1790734800,76.2,76.3,76.2,76.3,8900,2026-09-30,,,,,,,,
1790734860,76.3,76.3,76.0,76.2,8300,2026-09-30,,,,,,,,
1790734920,76.2,76.2,76.2,76.2,100,2026-09-30,,,,,,,,
1790734980,76.1,76.2,76.1,76.1,5600,2026-09-30,,,,,,,,
1790735040,76.1,76.1,76.1,76.1,100,2026-09-30,,,,,,,,
1790735100,76.1,76.1,76.1,76.1,6600,2026-09-30,,,,,,,,
1790735160,76.1,76.2,76.1,76.2,3600,2026-09-30,,,,,,,,
1790735220,76.2,76.3,76.1,76.3,4100,2026-09-30,,,,,,,,
1790735280,76.3,76.3,76.1,76.2,1400,2026-09-30,,,,,,,,
1790735400,76.2,76.3,76.2,76.3,11300,2026-09-30,,,,,,,,
1790735460,76.1,76.3,76.1,76.3,5100,2026-09-30,,,,,,,,
1790735520,76.3,76.3,76.3,76.3,200,2026-09-30,,,,,,,,
1790735580,76.3,76.3,76.3,76.3,200,2026-09-30,,,,,,,,
1790735640,76.2,76.2,76.2,76.2,100,2026-09-30,,,,,,,,
1790735700,76.1,76.2,76.1,76.2,3900,2026-09-30,,,,,,,,
1790735760,76.2,76.2,76.2,76.2,300,2026-09-30,,,,,,,,
1790735820,76.2,76.2,76.2,76.2,100,2026-09-30,,,,,,,,
1790735880,76.2,76.2,76.1,76.1,5300,2026-09-30,,,,,,,,
1790735940,76.2,76.2,76.1,76.1,8500,2026-09-30,,,,,,,,
1790736000,76.2,76.2,76.1,76.1,3100,2026-09-30,,,,,,,,
1790736060,76.2,76.2,76.1,76.1,600,2026-09-30,,,,,,,,
1790736120,76.1,76.2,76.1,76.1,3600,2026-09-30,,,,,,,,
1790736180,76.1,76.2,76.0,76.1,9800,2026-09-30,,,,,,,,
1790736240,76.2,76.2,76.2,76.2,1000,2026-09-30,,,,,,,,
1790736300,76.2,76.2,76.1,76.1,4500,2026-09-30,,,,,,,,
1790736360,76.0,76.0,76.0,76.0,3400,2026-09-30,,,,,,,,
1790736420,76.1,76.1,76.1,76.1,300,2026-09-30,,,,,,,,
1790736480,76.1,76.2,76.1,76.1,6300,2026-09-30,,,,,,,,
1790736540,76.2,76.2,76.2,76.2,100,2026-09-30,,,,,,,,
1790736600,76.2,76.2,76.0,76.0,5000,2026-09-30,,,,,,,,
1790736660,76.1,76.1,76.0,76.1,1300,2026-09-30,,,,,,,,
1790736720,76.0,76.1,76.0,76.1,400,2026-09-30,,,,,,,,
1790736840,76.1,76.1,75.9,75.9,21700,2026-09-30,,,,,,,,
1790736900,75.9,76.0,75.9,76.0,2100,2026-09-30,,,,,,,,
1790737020,75.9,76.0,75.9,76.0,1900,2026-09-30,,,,,,,,
1790737080,76.0,76.0,75.9,75.9,4500,2026-09-30,,,,,,,,
1790737140,76.0,76.0,75.7,75.7,19000,2026-09-30,,,,,,,,
1790737200,75.7,75.8,75.7,75.8,6000,2026-09-30,,,,,,,,
1790737260,75.8,75.9,75.8,75.9,3500,2026-09-30,,,,,,,,
1790737320,75.9,75.9,75.7,75.7,7400,2026-09-30,,,,,,,,
1790737380,75.9,75.9,75.7,75.8,2800,2026-09-30,,,,,,,,
1790737440,75.9,75.9,75.9,75.9,14100,2026-09-30,,,,,,,,
1790737500,75.9,76.0,75.9,76.0,8800,2026-09-30,,,,,,,,
1790737560,75.9,76.0,75.7,75.7,4100,2026-09-30,,,,,,,,
1790737620,75.9,75.9,75.8,75.8,1200,2026-09-30,,,,,,,,
1790737680,75.9,75.9,75.7,75.7,500,2026-09-30,,,,,,,,
1790737740,75.8,75.8,75.8,75.8,300,2026-09-30,,,,,,,,
1790737800,75.8,75.9,75.7,75.7,4100,2026-09-30,,,,,,,,
1790737860,75.9,75.9,75.7,75.9,9400,2026-09-30,,,,,,,,
1790737920,75.7,75.9,75.7,75.8,2300,2026-09-30,,,,,,,,
1790737980,75.8,75.9,75.8,75.9,500,2026-09-30,,,,,,,,
1790738040,75.8,75.8,75.7,75.7,4200,2026-09-30,,,,,,,,
1790738100,75.8,75.9,75.8,75.9,500,2026-09-30,,,,,,,,
1790738280,75.8,75.8,75.8,75.8,3600,2026-09-30,,,,,,,,
1790738340,75.9,75.9,75.8,75.9,8200,2026-09-30,,,,,,,,
1790738400,75.9,75.9,75.9,75.9,1100,2026-09-30,,,,,,,,
1790738460,75.9,75.9,75.9,75.9,100,2026-09-30,,,,,,,,
1790738520,75.8,75.8,75.8,75.8,3500,2026-09-30,,,,,,,,
1790738580,75.9,75.9,75.7,75.8,900,2026-09-30,,,,,,,,
1790738640,75.7,75.7,75.7,75.7,400,2026-09-30,,,,,,,,
1790738700,75.7,75.8,75.7,75.8,200,2026-09-30,,,,,,,,
1790738760,75.8,75.9,75.7,75.8,7800,2026-09-30,,,,,,,,
1790738820,75.8,75.8,75.8,75.8,200,2026-09-30,,,,,,,,
1790738940,75.8,75.8,75.7,75.7,200,2026-09-30,,,,,,,,
1790739000,75.8,75.8,75.7,75.8,5200,2026-09-30,,,,,,,,
1790739060,75.8,75.8,75.8,75.8,200,2026-09-30,,,,,,,,
1790739120,75.8,75.9,75.8,75.9,6000,2026-09-30,,,,,,,,
1790739180,75.9,75.9,75.7,75.7,600,2026-09-30,,,,,,,,
1790739240,75.9,75.9,75.7,75.9,5200,2026-09-30,,,,,,,,
1790739300,75.9,75.9,75.9,75.9,100,2026-09-30,,,,,,,,
1790739420,75.8,75.8,75.8,75.8,100,2026-09-30,,,,,,,,
1790739480,75.8,75.9,75.7,75.9,5100,2026-09-30,,,,,,,,
1790739540,75.9,75.9,75.9,75.9,100,2026-09-30,,,,,,,,
1790739600,75.7,75.7,75.7,75.7,200,2026-09-30,,,,,,,,
1790739660,75.7,75.7,75.7,75.7,300,2026-09-30,,,,,,,,
1790739720,75.9,75.9,75.6,75.8,3800,2026-09-30,,,,,,,,
1790739840,75.6,75.8,75.6,75.6,2400,2026-09-30,,,,,,,,
1790739900,75.9,75.9,75.6,75.8,900,2026-09-30,,,,,,,,
1790739960,75.6,75.6,75.6,75.6,3400,2026-09-30,,,,,,,,
1790740020,75.6,75.6,75.6,75.6,2400,2026-09-30,,,,,,,,
1790740080,75.6,75.6,75.6,75.6,400,2026-09-30,,,,,,,,
1790740140,75.6,75.7,75.6,75.7,12900,2026-09-30,,,,,,,,
1790740200,75.6,75.6,75.6,75.6,3600,2026-09-30,,,,,,,,
1790740260,75.6,75.6,75.6,75.6,700,2026-09-30,,,,,,,,
1790740320,75.6,75.6,75.6,75.6,3000,2026-09-30,,,,,,,,
1790740380,75.6,75.6,75.6,75.6,100,2026-09-30,,,,,,,,
1790740440,75.6,75.6,75.6,75.6,5600,2026-09-30,,,,,,,,
1790740500,75.6,75.7,75.6,75.7,1100,2026-09-30,,,,,,,,
1790740680,75.6,75.6,75.6,75.6,5400,2026-09-30,,,,,,,,
1790740740,75.7,75.7,75.7,75.7,500,2026-09-30,,,,,,,,
1790740800,75.7,75.7,75.7,75.7,2000,2026-09-30,,,,,,,,
1790740860,75.6,75.6,75.6,75.6,200,2026-09-30,,,,,,,,
1790740920,75.6,75.6,75.6,75.6,4100,2026-09-30,,,,,,,,
1790740980,75.6,75.6,75.6,75.6,1100,2026-09-30,,,,,,,,
1790741040,75.6,75.6,75.6,75.6,100,2026-09-30,,,,,,,,
1790741100,75.6,75.6,75.6,75.6,100,2026-09-30,,,,,,,,
1790741160,75.6,75.7,75.5,75.7,11300,2026-09-30,,,,,,,,
1790741220,75.5,75.5,75.5,75.5,1700,2026-09-30,,,,,,,,
1790741280,75.5,75.6,75.5,75.5,1600,2026-09-30,,,,,,,,
1790741340,75.7,75.7,75.7,75.7,6000,2026-09-30,,,,,,,,
1790741400,75.5,75.7,75.5,75.7,9300,2026-09-30,,,,,,,,
1790741460,75.7,75.7,75.5,75.5,1800,2026-09-30,,,,,,,,
1790741520,75.5,75.5,75.5,75.5,600,2026-09-30,,,,,,,,
1790741580,75.6,75.6,75.5,75.5,1300,2026-09-30,,,,,,,,
1790741640,75.5,75.5,75.5,75.5,4400,2026-09-30,,,,,,,,
1790741700,75.5,75.5,75.5,75.5,9200,2026-09-30,,,,,,,,
1790741760,75.5,75.5,75.4,75.4,16800,2026-09-30,,,,,,,,
1790741820,75.4,75.4,75.4,75.4,11600,2026-09-30,,,,,,,,
1790741880,75.4,75.4,75.4,75.4,6000,2026-09-30,,,,,,,,
1790741940,75.4,75.4,75.3,75.3,6600,2026-09-30,,,,,,,,
1790742000,75.3,75.3,75.3,75.3,800,2026-09-30,,,,,,,,
1790742060,75.4,75.4,75.3,75.3,2800,2026-09-30,,,,,,,,
1790742120,75.3,75.3,75.3,75.3,10400,2026-09-30,,,,,,,,
1790742180,75.3,75.3,75.3,75.3,1700,2026-09-30,,,,,,,,
1790742240,75.3,75.3,75.3,75.3,2600,2026-09-30,,,,,,,,
1790742300,75.3,75.3,75.3,75.3,10500,2026-09-30,,,,,,,,
1790742360,75.3,75.3,75.2,75.3,5300,2026-09-30,,,,,,,,
1790742420,75.3,75.3,75.2,75.2,1600,2026-09-30,,,,,,,,
1790742480,75.2,75.3,75.2,75.3,1500,2026-09-30,,,,,,,,
1790742540,75.3,75.3,75.2,75.3,8300,2026-09-30,,,,,,,,
1790748000,75.3,75.3,75.2,75.3,59400,2026-09-30,,,,,,,,
1790748060,75.3,75.3,75.2,75.3,28100,2026-09-30,,,,,,,,
1790748120,75.3,75.3,75.3,75.3,10900,2026-09-30,,,,,,,,
1790748180,75.3,75.3,75.2,75.2,35200,2026-09-30,,,,,,,,
1790748240,75.2,75.2,75.1,75.1,20400,2026-09-30,,,,,,,,
1790748300,75.1,75.1,75.1,75.1,46900,2026-09-30,,,,,,,,
1790748360,75.0,75.1,75.0,75.1,9500,2026-09-30,,,,,,,,
1790748420,75.1,75.1,75.1,75.1,2900,2026-09-30,,,,,,,,
1790748480,75.1,75.1,75.0,75.0,20400,2026-09-30,,,,,,,,
1790748540,75.0,75.2,75.0,75.1,18300,2026-09-30,,,,,,,,
1790748600,75.1,75.2,75.0,75.1,4500,2026-09-30,,,,,,,,
1790748660,75.1,75.1,75.1,75.1,2600,2026-09-30,,,,,,,,
1790748720,75.1,75.2,75.1,75.2,2900,2026-09-30,,,,,,,,
1790748780,75.1,75.2,75.1,75.2,5700,2026-09-30,,,,,,,,
1790748840,75.1,75.2,75.1,75.2,800,2026-09-30,,,,,,,,
1790748900,75.1,75.2,75.1,75.2,1300,2026-09-30,,,,,,,,
1790748960,75.1,75.2,75.1,75.1,1400,2026-09-30,,,,,,,,
1790749020,75.1,75.2,75.1,75.2,4700,2026-09-30,,,,,,,,
1790749080,75.2,75.2,75.0,75.0,82600,2026-09-30,,,,,,,,
1790749140,75.0,75.1,75.0,75.0,4800,2026-09-30,,,,,,,,
1790749200,75.0,75.0,74.9,74.9,88900,2026-09-30,,,,,,,,
1790749260,74.9,74.9,74.9,74.9,28600,2026-09-30,,,,,,,,
1790749320,74.8,74.9,74.7,74.7,45300,2026-09-30,,,,,,,,
1790749380,74.7,74.7,74.7,74.7,23300,2026-09-30,,,,,,,,
1790749440,74.7,74.9,74.7,74.8,39300,2026-09-30,,,,,,,,
1790749500,74.8,74.9,74.8,74.8,3600,2026-09-30,,,,,,,,
1790749560,74.8,74.9,74.8,74.8,1400,2026-09-30,,,,,,,,
1790749620,74.8,74.8,74.8,74.8,12700,2026-09-30,,,,,,,,
1790749680,74.8,74.9,74.8,74.8,16300,2026-09-30,,,,,,,,
1790749740,74.8,74.9,74.8,74.9,1100,2026-09-30,,,,,,,,
1790749800,74.8,74.9,74.8,74.8,36700,2026-09-30,,,,,,,,
1790749860,74.8,74.8,74.7,74.8,26500,2026-09-30,,,,,,,,
1790749920,74.7,74.7,74.7,74.7,26300,2026-09-30,,,,,,,,
1790749980,74.7,74.7,74.7,74.7,23000,2026-09-30,,,,,,,,
1790750040,74.7,74.8,74.7,74.7,9200,2026-09-30,,,,,,,,
1790750100,74.7,74.8,74.7,74.7,4700,2026-09-30,,,,,,,,
1790750160,74.7,74.7,74.7,74.7,6100,2026-09-30,,,,,,,,
1790750220,74.7,74.8,74.7,74.7,3800,2026-09-30,,,,,,,,
1790750280,74.7,74.8,74.7,74.7,42500,2026-09-30,,,,,,,,
1790750340,74.7,74.8,74.6,74.6,23600,2026-09-30,,,,,,,,
1790750400,74.6,74.7,74.5,74.6,52700,2026-09-30,,,,,,,,
1790750460,74.6,74.7,74.5,74.5,22200,2026-09-30,,,,,,,,
1790750520,74.5,74.6,74.5,74.5,15600,2026-09-30,,,,,,,,
1790750580,74.5,74.6,74.5,74.5,12400,2026-09-30,,,,,,,,
1790750640,74.5,74.5,74.4,74.5,33900,2026-09-30,,,,,,,,
1790750700,74.5,74.5,74.3,74.3,13600,2026-09-30,,,,,,,,
1790750760,74.3,74.5,74.3,74.4,9000,2026-09-30,,,,,,,,
1790750820,74.3,74.4,74.3,74.3,3800,2026-09-30,,,,,,,,
1790750880,74.4,74.4,74.1,74.1,101100,2026-09-30,,,,,,,,
1790750940,74.0,74.1,73.9,74.1,175200,2026-09-30,,,,,,,,
1790751000,74.0,74.2,74.0,74.2,22500,2026-09-30,,,,,,,,
1790751060,74.2,74.2,74.0,74.2,20800,2026-09-30,,,,,,,,
1790751120,74.2,74.2,74.1,74.2,20000,2026-09-30,,,,,,,,
1790751180,74.2,74.2,74.1,74.2,5200,2026-09-30,,,,,,,,
1790751240,74.1,74.3,74.1,74.3,19100,2026-09-30,,,,,,,,
1790751300,74.2,74.3,74.2,74.2,4900,2026-09-30,,,,,,,,
1790751360,74.2,74.3,74.2,74.3,10200,2026-09-30,,,,,,,,
1790751420,74.2,74.3,74.2,74.2,11300,2026-09-30,,,,,,,,
1790751480,74.2,74.3,74.2,74.2,6300,2026-09-30,,,,,,,,
1790751540,74.2,74.2,74.2,74.2,27100,2026-09-30,,,,,,,,
1790751600,74.2,74.3,74.2,74.2,8300,2026-09-30,,,,,,,,
1790751660,74.2,74.2,74.1,74.2,10200,2026-09-30,,,,,,,,
1790751720,74.2,74.2,74.1,74.2,6800,2026-09-30,,,,,,,,
1790751780,74.2,74.3,74.2,74.2,3800,2026-09-30,,,,,,,,
1790751840,74.2,74.2,74.2,74.2,11800,2026-09-30,,,,,,,,
1790751900,74.2,74.2,74.2,74.2,16100,2026-09-30,,,,,,,,
1790751960,74.2,74.2,74.2,74.2,3600,2026-09-30,,,,,,,,
1790752020,74.2,74.3,74.2,74.2,9000,2026-09-30,,,,,,,,
1790752080,74.2,74.2,74.1,74.1,34300,2026-09-30,,,,,,,,
1790752140,74.1,74.2,74.1,74.2,21000,2026-09-30,,,,,,,,
1790752200,74.2,74.2,74.2,74.2,6800,2026-09-30,,,,,,,,
1790752260,74.2,74.2,74.2,74.2,25200,2026-09-30,,,,,,,,
1790752320,74.2,74.2,74.2,74.2,8100,2026-09-30,,,,,,,,
1790752380,74.2,74.3,74.2,74.2,9600,2026-09-30,,,,,,,,
1790752440,74.2,74.3,74.1,74.1,29000,2026-09-30,,,,,,,,
1790752500,74.1,74.2,74.1,74.2,7900,2026-09-30,,,,,,,,
1790752560,74.2,74.2,74.2,74.2,3100,2026-09-30,,,,,,,,
1790752620,74.2,74.2,74.2,74.2,7200,2026-09-30,,,,,,,,
1790752680,74.3,74.3,74.2,74.2,7000,2026-09-30,,,,,,,,
1790752740,74.2,74.3,74.2,74.2,4800,2026-09-30,,,,,,,,
1790752800,74.2,74.2,74.1,74.1,18500,2026-09-30,,,,,,,,
1790752860,74.1,74.2,74.1,74.2,40300,2026-09-30,,,,,,,,
1790752920,74.2,74.2,74.2,74.2,3600,2026-09-30,,,,,,,,
1790752980,74.2,74.3,74.2,74.2,10300,2026-09-30,,,,,,,,
1790753040,74.2,74.3,74.2,74.3,10000,2026-09-30,,,,,,,,
1790753100,74.2,74.3,74.2,74.2,14500,2026-09-30,,,,,,,,
1790753160,74.2,74.3,74.2,74.2,6500,2026-09-30,,,,,,,,
1790753220,74.2,74.3,74.2,74.2,11400,2026-09-30,,,,,,,,
1790753280,74.2,74.3,74.2,74.2,33200,2026-09-30,,,,,,,,
1790753340,74.2,74.2,74.1,74.2,15300,2026-09-30,,,,,,,,
1790754300,74.0,74.0,74.0,74.0,397300,2026-09-30,,,,,,,,
1790820900,74.1,74.1,74.0,74.0,16500,2026-10-01,,,,,,,,
1790820960,74.1,74.1,74.1,74.1,8000,2026-10-01,,,,,,,,
1790821020,74.1,74.1,74.1,74.1,1600,2026-10-01,,,,,,,,
1790821080,74.1,74.2,74.1,74.2,1500,2026-10-01,,,,,,,,
1790821140,74.2,74.2,74.2,74.2,4100,2026-10-01,,,,,,,,
1790821200,74.1,74.1,74.1,74.1,500,2026-10-01,,,,,,,,
1790821260,74.2,74.2,74.1,74.1,1200,2026-10-01,,,,,,,,
1790821320,74.1,74.2,74.1,74.2,1400,2026-10-01,,,,,,,,
1790821380,74.2,74.2,74.1,74.1,2900,2026-10-01,,,,,,,,
1790821440,74.1,74.1,74.1,74.1,300,2026-10-01,,,,,,,,
1790821500,74.1,74.2,74.1,74.1,1900,2026-10-01,,,,,,,,
1790821560,74.1,74.1,74.1,74.1,25000,2026-10-01,,,,,,,,
1790821620,74.0,74.2,74.0,74.0,5800,2026-10-01,,,,,,,,
1790821680,74.0,74.1,74.0,74.0,2400,2026-10-01,,,,,,,,
1790821740,74.0,74.0,74.0,74.0,100,2026-10-01,,,,,,,,
1790821800,74.1,74.2,74.1,74.2,2200,2026-10-01,,,,,,,,
1790821860,74.2,74.2,74.2,74.2,300,2026-10-01,,,,,,,,
1790821920,74.1,74.1,74.1,74.1,100,2026-10-01,,,,,,,,
1790821980,74.2,74.2,74.1,74.1,400,2026-10-01,,,,,,,,
1790822040,74.1,74.2,74.1,74.2,11000,2026-10-01,,,,,,,,
1790822100,74.2,74.3,74.2,74.3,6400,2026-10-01,,,,,,,,
1790822160,74.3,74.3,74.3,74.3,2600,2026-10-01,,,,,,,,
1790822220,74.3,74.4,74.3,74.3,19800,2026-10-01,,,,,,,,
1790822280,74.2,74.2,74.2,74.2,900,2026-10-01,,,,,,,,
1790822340,74.2,74.2,74.1,74.2,13000,2026-10-01,,,,,,,,
1790822400,74.2,74.2,74.1,74.1,3400,2026-10-01,,,,,,,,
1790822460,74.1,74.1,74.1,74.1,800,2026-10-01,,,,,,,,
1790822520,74.1,74.1,74.1,74.1,500,2026-10-01,,,,,,,,
1790822580,74.1,74.1,74.1,74.1,300,2026-10-01,,,,,,,,
1790822640,74.1,74.1,74.1,74.1,800,2026-10-01,,,,,,,,
1790822700,74.1,74.1,74.1,74.1,900,2026-10-01,,,,,,,,
1790822760,74.1,74.3,74.1,74.2,14300,2026-10-01,,,,,,,,
1790822820,74.2,74.3,74.1,74.1,2500,2026-10-01,,,,,,,,
1790822880,74.1,74.2,74.1,74.2,1800,2026-10-01,,,,,,,,
1790822940,74.1,74.2,74.1,74.2,7700,2026-10-01,,,,,,,,
1790823000,74.2,74.2,74.2,74.2,1100,2026-10-01,,,,,,,,
1790823060,74.1,74.1,74.1,74.1,400,2026-10-01,,,,,,,,
1790823120,74.2,74.2,74.1,74.2,8200,2026-10-01,,,,,,,,
1790823180,74.2,74.3,74.1,74.1,1700,2026-10-01,,,,,,,,
1790823240,74.1,74.1,74.1,74.1,1100,2026-10-01,,,,,,,,
1790823300,74.1,74.1,74.1,74.1,500,2026-10-01,,,,,,,,
1790823360,74.2,74.2,74.1,74.1,800,2026-10-01,,,,,,,,
1790823420,74.2,74.2,74.1,74.2,5200,2026-10-01,,,,,,,,
1790823480,74.2,74.3,74.1,74.2,3700,2026-10-01,,,,,,,,
1790823540,74.2,74.2,74.2,74.2,400,2026-10-01,,,,,,,,
1790823600,74.2,74.2,74.2,74.2,200,2026-10-01,,,,,,,,
1790823660,74.2,74.3,74.2,74.3,2300,2026-10-01,,,,,,,,
1790823720,74.2,74.3,74.2,74.3,1600,2026-10-01,,,,,,,,
1790823840,74.3,74.3,74.3,74.3,600,2026-10-01,,,,,,,,
1790824020,74.3,74.3,74.3,74.3,12500,2026-10-01,,,,,,,,
1790824080,74.3,74.4,74.3,74.4,2100,2026-10-01,,,,,,,,
1790824140,74.4,74.4,74.4,74.4,500,2026-10-01,,,,,,,,
1790824200,74.4,74.4,74.4,74.4,2400,2026-10-01,,,,,,,,
1790824260,74.4,74.4,74.4,74.4,100,2026-10-01,,,,,,,,
1790824320,74.4,74.4,74.4,74.4,4300,2026-10-01,,,,,,,,
1790824380,74.4,74.4,74.4,74.4,8200,2026-10-01,,,,,,,,
1790824440,74.4,74.4,74.3,74.3,600,2026-10-01,,,,,,,,
1790824500,74.3,74.3,74.3,74.3,700,2026-10-01,,,,,,,,
1790824560,74.3,74.3,74.3,74.3,1100,2026-10-01,,,,,,,,
1790824620,74.4,74.4,74.4,74.4,200,2026-10-01,,,,,,,,
1790824740,74.4,74.4,74.4,74.4,4400,2026-10-01,,,,,,,,
1790824800,74.4,74.4,74.4,74.4,3700,2026-10-01,,,,,,,,
1790824920,74.4,74.4,74.4,74.4,200,2026-10-01,,,,,,,,
1790824980,74.3,74.3,74.0,74.0,25400,2026-10-01,,,,,,,,
1790825040,74.0,74.0,74.0,74.0,2300,2026-10-01,,,,,,,,
1790825100,74.0,74.0,74.0,74.0,21700,2026-10-01,,,,,,,,
1790825160,74.0,74.0,74.0,74.0,1600,2026-10-01,,,,,,,,
1790825220,74.0,74.0,74.0,74.0,300,2026-10-01,,,,,,,,
1790825280,74.0,74.0,74.0,74.0,1400,2026-10-01,,,,,,,,
1790825340,74.0,74.0,74.0,74.0,200,2026-10-01,,,,,,,,
1790825400,74.0,74.0,74.0,74.0,1200,2026-10-01,,,,,,,,
1790825460,74.0,74.0,74.0,74.0,600,2026-10-01,,,,,,,,
1790825520,74.0,74.0,74.0,74.0,200,2026-10-01,,,,,,,,
1790825580,73.9,73.9,73.9,73.9,2600,2026-10-01,,,,,,,,
1790825640,73.8,73.9,73.8,73.8,25400,2026-10-01,,,,,,,,
1790825700,73.8,73.8,73.8,73.8,3400,2026-10-01,,,,,,,,
1790825760,73.8,73.8,73.7,73.7,12300,2026-10-01,,,,,,,,
1790825820,73.7,73.7,73.6,73.7,8800,2026-10-01,,,,,,,,
1790825880,73.6,73.7,73.6,73.7,800,2026-10-01,,,,,,,,
1790825940,73.7,73.7,73.1,73.2,179000,2026-10-01,,,,,,,,
1790826000,73.3,73.3,73.2,73.3,10500,2026-10-01,,,,,,,,
1790826060,73.3,73.4,73.3,73.3,3600,2026-10-01,,,,,,,,
1790826120,73.3,73.4,73.3,73.4,11700,2026-10-01,,,,,,,,
1790826180,73.4,73.4,73.3,73.3,17400,2026-10-01,,,,,,,,
1790826240,73.2,73.2,73.2,73.2,7800,2026-10-01,,,,,,,,
1790826300,73.2,73.2,73.1,73.2,24900,2026-10-01,,,,,,,,
1790826360,73.2,73.2,73.2,73.2,3600,2026-10-01,,,,,,,,
1790826420,73.2,73.2,73.1,73.1,4200,2026-10-01,,,,,,,,
1790826480,73.1,73.2,73.1,73.2,7100,2026-10-01,,,,,,,,
1790826540,73.2,73.2,73.2,73.2,900,2026-10-01,,,,,,,,
1790826600,73.1,73.2,73.1,73.2,3700,2026-10-01,,,,,,,,
1790826660,73.2,73.2,73.1,73.1,12400,2026-10-01,,,,,,,,
1790826720,73.1,73.2,73.1,73.2,10200,2026-10-01,,,,,,,,
1790826780,73.2,73.2,73.2,73.2,3600,2026-10-01,,,,,,,,
1790826840,73.2,73.3,73.1,73.2,15300,2026-10-01,,,,,,,,
1790826900,73.2,73.2,73.2,73.2,4200,2026-10-01,,,,,,,,
1790826960,73.2,73.2,73.2,73.2,4300,2026-10-01,,,,,,,,
1790827020,73.3,73.3,73.3,73.3,1000,2026-10-01,,,,,,,,
1790827080,73.3,73.3,73.2,73.2,6100,2026-10-01,,,,,,,,
1790827140,73.2,73.2,73.2,73.2,5000,2026-10-01,,,,,,,,
1790827200,73.2,73.2,73.0,73.0,21400,2026-10-01,,,,,,,,
1790827260,73.0,73.2,73.0,73.1,8100,2026-10-01,,,,,,,,
1790827320,73.1,73.1,73.0,73.0,1900,2026-10-01,,,,,,,,
1790827380,73.1,73.1,73.0,73.0,3400,2026-10-01,,,,,,,,
1790827440,73.1,73.1,73.0,73.1,18300,2026-10-01,,,,,,,,
1790827500,73.1,73.2,73.1,73.2,1100,2026-10-01,,,,,,,,
1790827560,73.2,73.2,73.1,73.1,3900,2026-10-01,,,,,,,,
1790827620,73.2,73.2,73.1,73.1,5400,2026-10-01,,,,,,,,
1790827680,73.1,73.1,73.1,73.1,3700,2026-10-01,,,,,,,,
1790827740,73.1,73.2,73.1,73.1,3200,2026-10-01,,,,,,,,
1790827800,73.1,73.2,73.1,73.2,3100,2026-10-01,,,,,,,,
1790827860,73.1,73.1,73.1,73.1,3600,2026-10-01,,,,,,,,
1790827920,73.1,73.1,73.1,73.1,3600,2026-10-01,,,,,,,,
1790827980,73.2,73.2,73.1,73.2,5300,2026-10-01,,,,,,,,
1790828160,73.1,73.2,73.1,73.2,2800,2026-10-01,,,,,,,,
1790828220,73.2,73.2,73.2,73.2,200,2026-10-01,,,,,,,,
1790828280,73.1,73.1,73.1,73.1,100,2026-10-01,,,,,,,,
1790828340,73.1,73.1,73.1,73.1,10000,2026-10-01,,,,,,,,
1790828400,73.1,73.2,73.0,73.0,17400,2026-10-01,,,,,,,,
1790828460,73.0,73.0,73.0,73.0,19500,2026-10-01,,,,,,,,
1790828520,73.0,73.1,73.0,73.1,900,2026-10-01,,,,,,,,
1790828580,73.1,73.1,73.0,73.1,15600,2026-10-01,,,,,,,,
1790828640,73.1,73.1,73.0,73.0,3200,2026-10-01,,,,,,,,
1790828700,73.0,73.1,73.0,73.0,13000,2026-10-01,,,,,,,,
1790828760,73.0,73.1,73.0,73.0,6700,2026-10-01,,,,,,,,
1790828820,72.9,73.0,72.9,73.0,5400,2026-10-01,,,,,,,,
1790828880,73.0,73.0,73.0,73.0,600,2026-10-01,,,,,,,,
1790828940,73.0,73.0,72.8,72.8,231000,2026-10-01,,,,,,,,
1790834400,72.8,72.9,72.7,72.8,32700,2026-10-01,,,,,,,,
1790834460,72.8,72.8,72.7,72.8,11900,2026-10-01,,,,,,,,
1790834520,72.8,72.8,72.7,72.8,4800,2026-10-01,,,,,,,,
1790834580,72.7,72.9,72.6,72.9,37500,2026-10-01,,,,,,,,
1790834640,72.9,72.9,72.8,72.8,300,2026-10-01,,,,,,,,
1790834700,72.8,72.9,72.8,72.8,2800,2026-10-01,,,,,,,,
1790834760,72.8,72.8,72.8,72.8,3800,2026-10-01,,,,,,,,
1790834820,72.8,72.8,72.8,72.8,300,2026-10-01,,,,,,,,
1790834880,72.7,72.8,72.6,72.6,14900,2026-10-01,,,,,,,,
1790834940,72.6,72.6,72.4,72.4,114800,2026-10-01,,,,,,,,
1790835000,72.4,72.4,72.4,72.4,21600,2026-10-01,,,,,,,,
1790835060,72.4,72.5,72.4,72.5,7300,2026-10-01,,,,,,,,
1790835120,72.4,72.4,72.4,72.4,3000,2026-10-01,,,,,,,,
1790835180,72.4,72.5,72.4,72.4,18000,2026-10-01,,,,,,,,
1790835240,72.3,72.4,72.3,72.4,21200,2026-10-01,,,,,,,,
1790835300,72.3,72.5,72.0,72.0,273800,2026-10-01,,,,,,,,
1790835360,72.1,72.1,72.0,72.1,19400,2026-10-01,,,,,,,,
1790835420,72.0,72.1,72.0,72.0,32800,2026-10-01,,,,,,,,
1790835480,72.0,72.0,71.8,71.9,60000,2026-10-01,,,,,,,,
1790835540,71.9,71.9,71.8,71.9,16400,2026-10-01,,,,,,,,
1790835600,71.9,72.1,71.9,72.0,71600,2026-10-01,,,,,,,,
1790835660,72.0,72.1,71.8,71.9,51000,2026-10-01,,,,,,,,
1790835720,71.9,71.9,71.8,71.8,3100,2026-10-01,,,,,,,,
1790835780,71.8,71.9,71.7,71.8,27400,2026-10-01,,,,,,,,
1790835840,71.7,71.7,71.1,71.3,110300,2026-10-01,,,,,,,,
1790835900,71.4,71.4,71.2,71.3,31600,2026-10-01,,,,,,,,
1790835960,71.4,71.6,71.3,71.6,14800,2026-10-01,,,,,,,,
1790836020,71.6,71.7,71.6,71.6,27100,2026-10-01,,,,,,,,
1790836080,71.6,71.6,71.5,71.5,18000,2026-10-01,,,,,,,,
1790836140,71.5,71.5,71.2,71.3,174100,2026-10-01,,,,,,,,
1790836200,71.3,71.3,71.2,71.3,1600,2026-10-01,,,,,,,,
1790836260,71.2,71.4,71.2,71.4,22000,2026-10-01,,,,,,,,
1790836320,71.4,71.4,71.4,71.4,9400,2026-10-01,,,,,,,,
1790836380,71.4,71.5,71.4,71.4,8000,2026-10-01,,,,,,,,
1790836440,71.4,71.4,71.3,71.4,6100,2026-10-01,,,,,,,,
1790836500,71.4,71.4,71.4,71.4,3200,2026-10-01,,,,,,,,
1790836560,71.4,71.5,71.4,71.4,14700,2026-10-01,,,,,,,,
1790836620,71.4,71.5,71.4,71.4,9100,2026-10-01,,,,,,,,
1790836680,71.4,71.5,71.4,71.4,15600,2026-10-01,,,,,,,,
1790836740,71.4,71.4,71.3,71.4,30800,2026-10-01,,,,,,,,
1790836800,71.3,71.4,71.3,71.4,5200,2026-10-01,,,,,,,,
1790836860,71.3,71.4,71.0,71.0,165300,2026-10-01,,,,,,,,
1790836920,71.0,71.2,71.0,71.0,10100,2026-10-01,,,,,,,,
1790836980,71.0,71.1,71.0,71.0,29100,2026-10-01,,,,,,,,
1790837040,70.9,71.0,70.6,70.7,26800,2026-10-01,,,,,,,,
1790837100,70.7,70.8,70.5,70.7,79700,2026-10-01,,,,,,,,
1790837160,70.6,70.6,70.3,70.4,31800,2026-10-01,,,,,,,,
1790837220,70.4,70.8,70.4,70.7,39100,2026-10-01,,,,,,,,
1790837280,70.8,70.8,70.7,70.8,42300,2026-10-01,,,,,,,,
1790837340,70.7,70.8,70.6,70.8,22200,2026-10-01,,,,,,,,
1790837400,70.8,70.8,70.4,70.8,132200,2026-10-01,,,,,,,,
1790837460,70.8,70.8,70.5,70.7,9800,2026-10-01,,,,,,,,
1790837520,70.6,70.8,70.6,70.7,12600,2026-10-01,,,,,,,,
1790837580,70.7,70.9,70.6,70.8,49600,2026-10-01,,,,,,,,
1790837640,70.9,70.9,70.5,70.5,140700,2026-10-01,,,,,,,,
1790837700,70.4,70.5,70.0,70.3,303300,2026-10-01,,,,,,,,
1790837760,70.3,70.4,70.0,70.3,46400,2026-10-01,,,,,,,,
1790837820,70.3,70.4,70.2,70.3,50000,2026-10-01,,,,,,,,
1790837880,70.4,70.4,70.3,70.3,22600,2026-10-01,,,,,,,,
1790837940,70.4,70.4,70.3,70.4,50300,2026-10-01,,,,,,,,
1790838000,70.3,70.4,70.2,70.3,43900,2026-10-01,,,,,,,,
1790838060,70.3,70.4,70.3,70.3,97000,2026-10-01,,,,,,,,
1790838120,70.3,70.4,70.3,70.3,16900,2026-10-01,,,,,,,,
1790838180,70.3,70.4,70.3,70.3,59100,2026-10-01,,,,,,,,
1790838240,70.3,70.4,70.2,70.3,45500,2026-10-01,,,,,,,,
1790838300,70.2,70.3,70.2,70.3,35200,2026-10-01,,,,,,,,
1790838360,70.3,70.4,70.3,70.3,28200,2026-10-01,,,,,,,,
1790838420,70.3,70.4,70.3,70.3,52700,2026-10-01,,,,,,,,
1790838480,70.3,70.4,70.3,70.3,18500,2026-10-01,,,,,,,,
1790838540,70.3,70.4,70.3,70.3,11800,2026-10-01,,,,,,,,
1790838600,70.3,70.4,70.3,70.3,11500,2026-10-01,,,,,,,,
1790838660,70.3,70.3,70.2,70.3,27800,2026-10-01,,,,,,,,
1790838720,70.2,70.3,70.2,70.3,37100,2026-10-01,,,,,,,,
1790838780,70.3,70.3,70.2,70.3,27300,2026-10-01,,,,,,,,
1790838840,70.3,70.4,70.3,70.3,33100,2026-10-01,,,,,,,,
1790838900,70.2,70.4,70.2,70.2,29500,2026-10-01,,,,,,,,
1790838960,70.3,70.4,70.2,70.3,26800,2026-10-01,,,,,,,,
1790839020,70.3,70.4,70.2,70.3,45100,2026-10-01,,,,,,,,
1790839080,70.3,70.4,70.3,70.3,20600,2026-10-01,,,,,,,,
1790839140,70.3,70.4,70.3,70.3,13200,2026-10-01,,,,,,,,
1790839200,70.3,70.4,70.3,70.3,38300,2026-10-01,,,,,,,,
1790839260,70.2,70.3,70.2,70.2,15200,2026-10-01,,,,,,,,
1790839320,70.3,70.3,70.2,70.2,49100,2026-10-01,,,,,,,,
1790839380,70.1,70.2,70.1,70.2,18500,2026-10-01,,,,,,,,
1790839440,70.2,70.3,70.2,70.2,21700,2026-10-01,,,,,,,,
1790839500,70.3,70.3,70.2,70.3,19900,2026-10-01,,,,,,,,
1790839560,70.2,70.3,70.2,70.2,27400,2026-10-01,,,,,,,,
1790839620,70.3,70.3,70.1,70.2,51200,2026-10-01,,,,,,,,
1790839680,70.2,70.3,70.1,70.2,17600,2026-10-01,,,,,,,,
1790839740,70.1,70.3,70.0,70.3,165500,2026-10-01,,,,,,,,
1790840700,70.3,70.3,70.3,70.3,255800,2026-10-01,,,,,,,,
1790907300,70.4,70.5,70.1,70.2,130900,2026-10-02,,,,,,,,
1790907360,70.3,70.3,70.2,70.3,17100,2026-10-02,,,,,,,,
1790907420,70.2,70.3,70.2,70.2,4500,2026-10-02,,,,,,,,
1790907480,70.3,70.3,70.3,70.3,9100,2026-10-02,,,,,,,,
1790907540,70.4,70.4,70.3,70.4,5400,2026-10-02,,,,,,,,
1790907600,70.4,70.4,70.3,70.4,7300,2026-10-02,,,,,,,,
1790907660,70.4,70.5,70.3,70.5,37300,2026-10-02,,,,,,,,
1790907720,70.5,70.5,70.3,70.3,13300,2026-10-02,,,,,,,,
1790907780,70.4,70.5,70.4,70.4,13300,2026-10-02,,,,,,,,
1790907840,70.4,70.5,70.3,70.3,46500,2026-10-02,,,,,,,,
1790907900,70.4,70.4,70.3,70.4,1800,2026-10-02,,,,,,,,
1790907960,70.3,70.4,70.3,70.4,11300,2026-10-02,,,,,,,,
1790908020,70.4,70.5,70.3,70.4,13700,2026-10-02,,,,,,,,
1790908080,70.4,70.4,70.3,70.4,1700,2026-10-02,,,,,,,,
1790908140,70.4,70.4,70.3,70.3,3000,2026-10-02,,,,,,,,
1790908200,70.4,70.4,70.3,70.3,34100,2026-10-02,,,,,,,,
1790908260,70.2,70.3,70.2,70.3,26200,2026-10-02,,,,,,,,
1790908320,70.3,70.3,70.2,70.2,1800,2026-10-02,,,,,,,,
1790908380,70.2,70.3,70.2,70.2,23400,2026-10-02,,,,,,,,
1790908440,70.2,70.2,70.1,70.2,24600,2026-10-02,,,,,,,,
1790908500,70.2,70.2,70.1,70.1,16300,2026-10-02,,,,,,,,
1790908560,70.1,70.2,70.1,70.2,5000,2026-10-02,,,,,,,,
1790908620,70.2,70.2,70.0,70.0,28000,2026-10-02,,,,,,,,
1790908680,70.0,70.1,69.9,69.9,27500,2026-10-02,,,,,,,,
1790908740,69.9,69.9,69.8,69.8,6200,2026-10-02,,,,,,,,
1790908800,69.8,69.8,69.6,69.6,3500,2026-10-02,,,,,,,,
1790908860,69.6,69.8,69.6,69.8,9000,2026-10-02,,,,,,,,
1790908920,69.8,69.9,69.8,69.9,1600,2026-10-02,,,,,,,,
1790908980,69.9,69.9,69.7,69.7,8900,2026-10-02,,,,,,,,
1790909040,69.8,69.8,69.6,69.8,3300,2026-10-02,,,,,,,,
1790909100,69.8,69.8,69.7,69.7,1100,2026-10-02,,,,,,,,
1790909160,69.7,69.7,69.5,69.6,10600,2026-10-02,,,,,,,,
1790909220,69.6,69.6,69.5,69.6,8200,2026-10-02,,,,,,,,
1790909280,69.6,69.6,69.5,69.6,4700,2026-10-02,,,,,,,,
1790909340,69.6,69.6,69.3,69.3,16100,2026-10-02,,,,,,,,
1790909400,69.5,69.5,69.3,69.3,4900,2026-10-02,,,,,,,,
1790909460,69.3,69.4,69.2,69.4,27700,2026-10-02,,,,,,,,
1790909520,69.4,69.4,69.2,69.2,22900,2026-10-02,,,,,,,,
1790909580,69.2,69.3,69.2,69.2,33300,2026-10-02,,,,,,,,
1790909640,69.1,69.2,69.0,69.0,115300,2026-10-02,,,,,,,,
1790909700,69.0,69.0,68.9,68.9,10600,2026-10-02,,,,,,,,
1790909760,68.9,68.9,68.6,68.6,22500,2026-10-02,,,,,,,,
1790909820,68.6,68.8,68.6,68.6,14100,2026-10-02,,,,,,,,
1790909880,68.7,68.8,68.7,68.8,7400,2026-10-02,,,,,,,,
1790909940,68.8,68.9,68.7,68.9,30800,2026-10-02,,,,,,,,
1790910000,68.9,68.9,68.8,68.9,6500,2026-10-02,,,,,,,,
1790910060,68.9,68.9,68.9,68.9,3300,2026-10-02,,,,,,,,
1790910120,68.9,69.2,68.9,69.1,42000,2026-10-02,,,,,,,,
1790910180,69.1,69.2,69.1,69.2,3800,2026-10-02,,,,,,,,
1790910240,69.1,69.2,69.0,69.0,8200,2026-10-02,,,,,,,,
1790910300,69.1,69.1,69.0,69.1,5500,2026-10-02,,,,,,,,
1790910360,69.1,69.1,69.0,69.1,2000,2026-10-02,,,,,,,,
1790910420,69.1,69.1,69.0,69.1,6100,2026-10-02,,,,,,,,
1790910480,69.1,69.1,69.0,69.0,4900,2026-10-02,,,,,,,,
1790910540,69.1,69.1,69.0,69.0,5500,2026-10-02,,,,,,,,
1790910600,69.0,69.1,68.9,68.9,15600,2026-10-02,,,,,,,,
1790910660,69.1,69.1,69.0,69.1,3600,2026-10-02,,,,,,,,
1790910720,69.1,69.1,68.9,69.1,7800,2026-10-02,,,,,,,,
1790910780,69.1,69.1,69.0,69.1,4100,2026-10-02,,,,,,,,
1790910840,69.1,69.1,69.0,69.1,12200,2026-10-02,,,,,,,,
1790910900,69.1,69.3,69.1,69.3,23700,2026-10-02,,,,,,,,
1790910960,69.3,69.3,69.3,69.3,2700,2026-10-02,,,,,,,,
1790911020,69.3,69.3,69.2,69.3,13500,2026-10-02,,,,,,,,
1790911080,69.3,69.4,69.2,69.4,13900,2026-10-02,,,,,,,,
1790911140,69.4,69.4,69.3,69.3,2300,2026-10-02,,,,,,,,
1790911200,69.3,69.4,69.2,69.4,15100,2026-10-02,,,,,,,,
1790911260,69.4,69.4,69.4,69.4,5000,2026-10-02,,,,,,,,
1790911320,69.4,69.4,69.3,69.4,4500,2026-10-02,,,,,,,,
1790911380,69.4,69.4,69.3,69.4,4700,2026-10-02,,,,,,,,
1790911440,69.4,69.4,69.3,69.3,2900,2026-10-02,,,,,,,,
1790911500,69.4,69.4,69.3,69.4,4600,2026-10-02,,,,,,,,
1790911560,69.4,69.4,69.3,69.3,7600,2026-10-02,,,,,,,,
1790911620,69.3,69.4,69.3,69.4,5400,2026-10-02,,,,,,,,
1790911680,69.4,69.4,69.3,69.4,7300,2026-10-02,,,,,,,,
1790911740,69.4,69.4,69.3,69.4,9000,2026-10-02,,,,,,,,
1790911800,69.4,69.4,69.3,69.4,4100,2026-10-02,,,,,,,,
1790911860,69.4,69.4,69.3,69.3,18400,2026-10-02,,,,,,,,
1790911920,69.3,69.4,69.3,69.4,2700,2026-10-02,,,,,,,,
1790911980,69.4,69.4,69.3,69.4,5500,2026-10-02,,,,,,,,
1790912040,69.4,69.4,69.3,69.4,11700,2026-10-02,,,,,,,,
1790912100,69.3,69.3,69.2,69.3,3900,2026-10-02,,,,,,,,
1790912160,69.3,69.3,69.2,69.3,4400,2026-10-02,,,,,,,,
1790912220,69.3,69.3,69.2,69.3,9600,2026-10-02,,,,,,,,
1790912280,69.3,69.3,69.2,69.3,6700,2026-10-02,,,,,,,,
1790912340,69.3,69.3,69.2,69.3,2300,2026-10-02,,,,,,,,
1790912400,69.3,69.3,69.1,69.1,36700,2026-10-02,,,,,,,,
1790912460,69.1,69.3,69.0,69.1,4900,2026-10-02,,,,,,,,
1790912520,69.1,69.1,69.0,69.0,7600,2026-10-02,,,,,,,,
1790912580,69.1,69.1,69.0,69.1,28800,2026-10-02,,,,,,,,
1790912640,69.1,69.1,68.9,68.9,15400,2026-10-02,,,,,,,,
1790912700,68.9,68.9,68.8,68.9,7800,2026-10-02,,,,,,,,
1790912760,68.9,68.9,68.8,68.8,16800,2026-10-02,,,,,,,,
1790912820,68.9,68.9,68.8,68.9,5300,2026-10-02,,,,,,,,
1790912880,68.9,68.9,68.8,68.9,20600,2026-10-02,,,,,,,,
1790912940,68.9,68.9,68.8,68.9,4900,2026-10-02,,,,,,,,
1790913000,68.9,68.9,68.7,68.8,10300,2026-10-02,,,,,,,,
1790913060,68.8,68.8,68.7,68.7,13000,2026-10-02,,,,,,,,
1790913120,68.7,68.7,68.6,68.7,13100,2026-10-02,,,,,,,,
1790913180,68.7,68.7,68.6,68.6,12300,2026-10-02,,,,,,,,
1790913240,68.7,68.7,68.6,68.6,13300,2026-10-02,,,,,,,,
1790913300,68.6,68.7,68.6,68.6,17100,2026-10-02,,,,,,,,
1790913360,68.7,68.7,68.2,68.2,111700,2026-10-02,,,,,,,,
1790913420,68.3,68.3,68.1,68.3,34600,2026-10-02,,,,,,,,
1790913480,68.2,68.3,68.1,68.2,13600,2026-10-02,,,,,,,,
1790913540,68.2,68.2,68.1,68.2,19700,2026-10-02,,,,,,,,
1790913600,68.2,68.2,68.1,68.2,11900,2026-10-02,,,,,,,,
1790913660,68.2,68.3,68.1,68.3,20000,2026-10-02,,,,,,,,
1790913720,68.3,68.4,68.3,68.4,19400,2026-10-02,,,,,,,,
1790913780,68.4,68.5,68.4,68.5,23200,2026-10-02,,,,,,,,
1790913840,68.4,68.5,68.3,68.4,25500,2026-10-02,,,,,,,,
1790913900,68.4,68.4,68.3,68.4,3300,2026-10-02,,,,,,,,
1790913960,68.3,68.4,68.2,68.4,16200,2026-10-02,,,,,,,,
1790914020,68.4,68.4,68.2,68.3,8700,2026-10-02,,,,,,,,
1790914080,68.3,68.3,68.2,68.3,14700,2026-10-02,,,,,,,,
1790914140,68.3,68.3,68.1,68.2,11700,2026-10-02,,,,,,,,
1790914200,68.1,68.2,68.1,68.1,13200,2026-10-02,,,,,,,,
1790914260,68.2,68.2,68.1,68.1,35400,2026-10-02,,,,,,,,
1790914320,68.2,68.2,68.1,68.2,14800,2026-10-02,,,,,,,,
1790914380,68.2,68.2,68.1,68.2,29800,2026-10-02,,,,,,,,
1790914440,68.2,68.2,68.1,68.2,20900,2026-10-02,,,,,,,,
1790914500,68.2,68.2,68.1,68.2,25500,2026-10-02,,,,,,,,
1790914560,68.1,68.3,68.1,68.3,19300,2026-10-02,,,,,,,,
1790914620,68.3,68.3,68.2,68.3,8700,2026-10-02,,,,,,,,
1790914680,68.3,68.3,68.1,68.2,27700,2026-10-02,,,,,,,,
1790914740,68.2,68.3,68.1,68.2,20300,2026-10-02,,,,,,,,
1790914800,68.1,68.2,68.1,68.1,31400,2026-10-02,,,,,,,,
1790914860,68.2,68.2,68.1,68.2,13000,2026-10-02,,,,,,,,
1790914920,68.1,68.2,68.1,68.2,19800,2026-10-02,,,,,,,,
1790914980,68.2,68.2,68.1,68.1,13700,2026-10-02,,,,,,,,
1790915040,68.1,68.2,68.1,68.2,29200,2026-10-02,,,,,,,,
1790915100,68.1,68.2,68.0,68.0,33000,2026-10-02,,,,,,,,
1790915160,68.1,68.2,68.0,68.1,60800,2026-10-02,,,,,,,,
1790915220,68.1,68.2,68.0,68.1,21700,2026-10-02,,,,,,,,
1790915280,68.0,68.2,68.0,68.2,22900,2026-10-02,,,,,,,,
1790915340,68.1,68.2,68.0,68.0,17800,2026-10-02,,,,,,,,
1790920800,68.1,68.2,68.0,68.0,37600,2026-10-02,,,,,,,,
1790920860,68.1,68.1,67.9,68.1,19100,2026-10-02,,,,,,,,
1790920920,68.1,68.1,67.9,68.1,12500,2026-10-02,,,,,,,,
1790920980,68.1,68.1,67.9,68.1,20200,2026-10-02,,,,,,,,
1790921040,68.0,68.1,67.8,67.8,14800,2026-10-02,,,,,,,,
1790921100,68.1,68.1,67.9,68.0,16200,2026-10-02,,,,,,,,
1790921160,68.0,68.1,68.0,68.1,9800,2026-10-02,,,,,,,,
1790921220,68.1,68.1,68.0,68.0,10300,2026-10-02,,,,,,,,
1790921280,68.0,68.1,67.9,67.9,28400,2026-10-02,,,,,,,,
1790921340,68.0,68.0,67.8,67.9,11400,2026-10-02,,,,,,,,
1790921400,67.9,67.9,67.7,67.9,29800,2026-10-02,,,,,,,,
1790921460,67.8,67.9,67.7,67.7,40400,2026-10-02,,,,,,,,
1790921520,67.7,67.9,67.7,67.9,38800,2026-10-02,,,,,,,,
1790921580,67.9,67.9,67.7,67.8,17100,2026-10-02,,,,,,,,
1790921640,67.9,67.9,67.8,67.9,6400,2026-10-02,,,,,,,,
1790921700,67.9,68.0,67.8,68.0,43200,2026-10-02,,,,,,,,
1790921760,68.0,68.0,67.9,68.0,10600,2026-10-02,,,,,,,,
1790921820,68.0,68.0,67.9,67.9,22400,2026-10-02,,,,,,,,
1790921880,68.0,68.0,67.9,68.0,11500,2026-10-02,,,,,,,,
1790921940,68.0,68.5,68.0,68.5,216100,2026-10-02,,,,,,,,
1790922000,68.5,68.6,68.4,68.6,40500,2026-10-02,,,,,,,,
1790922060,68.6,68.8,68.6,68.7,52200,2026-10-02,,,,,,,,
1790922120,68.7,69.0,68.7,69.0,27100,2026-10-02,,,,,,,,
1790922180,69.0,69.0,68.8,68.9,24200,2026-10-02,,,,,,,,
1790922240,68.8,68.9,68.7,68.9,31900,2026-10-02,,,,,,,,
1790922300,68.9,69.0,68.9,69.0,22100,2026-10-02,,,,,,,,
1790922360,69.0,69.0,68.9,69.0,19500,2026-10-02,,,,,,,,
1790922420,69.0,69.1,68.9,69.1,18200,2026-10-02,,,,,,,,
1790922480,69.0,69.1,68.7,69.0,17800,2026-10-02,,,,,,,,
1790922540,69.0,69.0,68.8,68.9,6500,2026-10-02,,,,,,,,
1790922600,68.8,68.9,68.7,68.8,12600,2026-10-02,,,,,,,,
1790922660,68.8,68.8,68.4,68.4,28700,2026-10-02,,,,,,,,
1790922720,68.4,68.8,68.2,68.8,27100,2026-10-02,,,,,,,,
1790922780,68.8,68.9,68.7,68.7,62200,2026-10-02,,,,,,,,
1790922840,68.7,68.9,68.6,68.9,18500,2026-10-02,,,,,,,,
1790922900,68.9,68.9,68.7,68.8,17400,2026-10-02,,,,,,,,
1790922960,68.8,68.9,68.7,68.7,18300,2026-10-02,,,,,,,,
1790923020,68.8,68.9,68.6,68.8,19500,2026-10-02,,,,,,,,
1790923080,68.8,68.8,68.6,68.6,10800,2026-10-02,,,,,,,,
1790923140,68.8,68.8,68.6,68.8,18700,2026-10-02,,,,,,,,
1790923200,68.8,68.8,68.7,68.7,8500,2026-10-02,,,,,,,,
1790923260,68.7,68.8,68.6,68.8,18400,2026-10-02,,,,,,,,
1790923320,68.6,68.8,68.6,68.7,15200,2026-10-02,,,,,,,,
1790923380,68.7,68.8,68.6,68.8,15300,2026-10-02,,,,,,,,
1790923440,68.8,68.8,68.7,68.8,9100,2026-10-02,,,,,,,,
1790923500,68.7,68.8,68.7,68.8,12300,2026-10-02,,,,,,,,
1790923560,68.8,68.8,68.7,68.7,13900,2026-10-02,,,,,,,,
1790923620,68.8,68.8,68.7,68.8,22000,2026-10-02,,,,,,,,
1790923680,68.7,68.8,68.7,68.7,9700,2026-10-02,,,,,,,,
1790923740,68.8,68.8,68.6,68.8,10300,2026-10-02,,,,,,,,
1790923800,68.8,68.8,68.5,68.5,17400,2026-10-02,,,,,,,,
1790923860,68.6,68.6,68.5,68.6,17500,2026-10-02,,,,,,,,
1790923920,68.6,68.6,68.4,68.4,25200,2026-10-02,,,,,,,,
1790923980,68.4,68.6,68.3,68.4,31500,2026-10-02,,,,,,,,
1790924040,68.4,68.6,68.3,68.5,14900,2026-10-02,,,,,,,,
1790924100,68.4,68.6,68.4,68.5,39000,2026-10-02,,,,,,,,
1790924160,68.5,68.6,68.4,68.6,11300,2026-10-02,,,,,,,,
1790924220,68.6,68.6,68.5,68.6,12400,2026-10-02,,,,,,,,
1790924280,68.6,68.6,68.4,68.4,29100,2026-10-02,,,,,,,,
1790924340,68.4,68.6,68.4,68.6,19700,2026-10-02,,,,,,,,
1790924400,68.4,68.6,68.4,68.5,19800,2026-10-02,,,,,,,,
1790924460,68.5,68.5,68.4,68.5,12400,2026-10-02,,,,,,,,
1790924520,68.4,68.5,68.4,68.5,31500,2026-10-02,,,,,,,,
1790924580,68.4,68.6,68.4,68.6,19100,2026-10-02,,,,,,,,
1790924640,68.6,68.6,68.4,68.6,35700,2026-10-02,,,,,,,,
1790924700,68.6,68.6,68.4,68.5,22300,2026-10-02,,,,,,,,
1790924760,68.5,68.5,68.4,68.5,66000,2026-10-02,,,,,,,,
1790924820,68.4,68.5,68.4,68.4,14700,2026-10-02,,,,,,,,
1790924880,68.5,68.5,68.3,68.4,27600,2026-10-02,,,,,,,,
1790924940,68.4,68.4,68.3,68.4,49700,2026-10-02,,,,,,,,
1790925000,68.4,68.4,68.3,68.4,12500,2026-10-02,,,,,,,,
1790925060,68.4,68.4,68.3,68.4,15900,2026-10-02,,,,,,,,
1790925120,68.4,68.5,68.2,68.5,61300,2026-10-02,,,,,,,,
1790925180,68.5,68.5,68.3,68.5,12100,2026-10-02,,,,,,,,
1790925240,68.5,68.6,68.4,68.6,16300,2026-10-02,,,,,,,,
1790925300,68.6,68.6,68.4,68.6,24100,2026-10-02,,,,,,,,
1790925360,68.6,68.8,68.5,68.5,65500,2026-10-02,,,,,,,,
1790925420,68.8,68.8,68.5,68.6,14400,2026-10-02,,,,,,,,
1790925480,68.6,68.8,68.2,68.7,33700,2026-10-02,,,,,,,,
1790925540,68.7,68.8,68.5,68.8,10600,2026-10-02,,,,,,,,
1790925600,68.5,68.8,68.4,68.4,25700,2026-10-02,,,,,,,,
1790925660,68.4,68.8,68.4,68.8,13200,2026-10-02,,,,,,,,
1790925720,68.8,68.8,68.5,68.8,13100,2026-10-02,,,,,,,,
1790925780,68.9,68.9,68.6,68.9,18100,2026-10-02,,,,,,,,
1790925840,68.7,68.9,68.3,68.8,31100,2026-10-02,,,,,,,,
1790925900,68.8,68.9,68.4,68.9,8000,2026-10-02,,,,,,,,
1790925960,68.5,68.8,68.5,68.8,11800,2026-10-02,,,,,,,,
1790926020,68.8,68.9,68.8,68.9,6600,2026-10-02,,,,,,,,
1790926080,68.8,68.9,68.5,68.5,29100,2026-10-02,,,,,,,,
1790926140,68.9,68.9,68.5,68.5,10600,2026-10-02,,,,,,,,
1790927100,68.4,68.4,68.4,68.4,705600,2026-10-02,68.3,68.4,1420.0,1190.0,960.0,2230.0,8220.0,1510.0
