t,open,high,low,close,volume,date_vn,best_bid,best_ask,bid_volume_1,ask_volume_1,bid_volume_2,ask_volume_2,bid_volume_3,ask_volume_3
1788920100,252.0,253.0,251.6,252.5,14300,2026-09-09,,,,,,,,
1788920160,252.5,252.6,252.5,252.5,10200,2026-09-09,,,,,,,,
1788920220,252.4,252.5,252.0,252.1,9500,2026-09-09,,,,,,,,
1788920280,252.1,252.3,252.1,252.3,4400,2026-09-09,,,,,,,,
1788920340,252.3,252.7,252.3,252.7,9100,2026-09-09,,,,,,,,
1788920400,252.7,252.7,252.1,252.1,16900,2026-09-09,,,,,,,,
1788920460,252.1,252.6,252.0,252.5,7200,2026-09-09,,,,,,,,
1788920520,252.4,252.4,252.0,252.4,5900,2026-09-09,,,,,,,,
1788920580,252.4,252.4,252.3,252.4,6400,2026-09-09,,,,,,,,
1788920640,252.4,252.4,252.4,252.4,9900,2026-09-09,,,,,,,,
1788920700,252.4,252.5,252.0,252.0,9600,2026-09-09,,,,,,,,
1788920760,252.0,252.5,252.0,252.5,13300,2026-09-09,,,,,,,,
1788920820,252.4,252.5,252.4,252.5,5400,2026-09-09,,,,,,,,
1788920880,252.5,252.5,252.3,252.3,4900,2026-09-09,,,,,,,,
1788920940,252.3,252.5,252.3,252.4,5500,2026-09-09,,,,,,,,
1788921000,252.4,252.7,252.4,252.7,13400,2026-09-09,,,,,,,,
1788921060,252.7,253.0,252.7,253.0,4200,2026-09-09,,,,,,,,
1788921120,253.0,253.0,252.9,252.9,6600,2026-09-09,,,,,,,,
1788921180,253.0,253.2,253.0,253.2,6700,2026-09-09,,,,,,,,
1788921240,253.3,253.5,253.2,253.5,6200,2026-09-09,,,,,,,,
1788921300,253.5,254.5,253.5,254.5,8100,2026-09-09,,,,,,,,
1788921360,254.7,255.1,254.7,255.1,37100,2026-09-09,,,,,,,,
1788921420,255.2,255.8,255.1,255.6,5500,2026-09-09,,,,,,,,
1788921480,255.6,255.8,255.6,255.7,13900,2026-09-09,,,,,,,,
1788921540,255.6,255.7,255.0,255.0,10900,2026-09-09,,,,,,,,
1788921600,255.1,255.1,254.0,254.5,4000,2026-09-09,,,,,,,,
1788921660,254.5,254.8,254.3,254.3,3000,2026-09-09,,,,,,,,
1788921720,254.3,254.5,254.1,254.5,2100,2026-09-09,,,,,,,,
1788921780,254.8,255.0,254.5,254.8,3800,2026-09-09,,,,,,,,
1788921840,255.0,255.0,254.7,254.7,5800,2026-09-09,,,,,,,,
1788921900,255.0,255.0,254.7,254.7,3300,2026-09-09,,,,,,,,
1788921960,255.0,255.0,254.8,254.8,2700,2026-09-09,,,,,,,,
1788922020,255.0,255.0,254.8,254.8,2100,2026-09-09,,,,,,,,
1788922080,255.0,255.4,255.0,255.3,22300,2026-09-09,,,,,,,,
1788922140,255.3,255.5,255.1,255.5,11600,2026-09-09,,,,,,,,
1788922200,255.6,255.7,255.6,255.6,10300,2026-09-09,,,,,,,,
1788922260,255.5,255.6,254.8,255.0,10000,2026-09-09,,,,,,,,
1788922320,255.0,255.1,253.9,254.9,19200,2026-09-09,,,,,,,,
1788922380,253.9,254.6,253.9,254.5,11600,2026-09-09,,,,,,,,
1788922440,253.9,253.9,252.2,252.3,14400,2026-09-09,,,,,,,,
1788922500,252.4,253.0,252.4,253.0,3500,2026-09-09,,,,,,,,
1788922560,252.5,253.9,252.5,253.9,3300,2026-09-09,,,,,,,,
1788922620,253.9,254.0,253.9,254.0,1500,2026-09-09,,,,,,,,
1788922680,253.9,254.0,253.8,253.8,3900,2026-09-09,,,,,,,,
1788922740,253.8,254.4,253.1,254.4,2000,2026-09-09,,,,,,,,
1788922800,254.3,254.3,253.5,254.3,1700,2026-09-09,,,,,,,,
1788922860,254.4,254.4,254.3,254.4,2200,2026-09-09,,,,,,,,
1788922920,253.6,254.4,253.3,253.3,1400,2026-09-09,,,,,,,,
1788922980,253.5,254.3,253.3,253.9,4400,2026-09-09,,,,,,,,
1788923040,254.0,254.0,253.0,253.0,2500,2026-09-09,,,,,,,,
1788923100,253.7,254.0,252.9,254.0,7400,2026-09-09,,,,,,,,
1788923160,252.8,254.0,252.8,253.7,12300,2026-09-09,,,,,,,,
1788923220,253.6,253.9,252.9,253.9,3000,2026-09-09,,,,,,,,
1788923280,253.0,254.0,253.0,254.0,1500,2026-09-09,,,,,,,,
1788923340,253.9,254.0,253.0,253.0,2600,2026-09-09,,,,,,,,
1788923400,253.1,254.0,253.1,253.9,2000,2026-09-09,,,,,,,,
1788923460,253.8,253.8,253.1,253.8,5400,2026-09-09,,,,,,,,
1788923520,253.4,253.4,253.0,253.0,5500,2026-09-09,,,,,,,,
1788923580,253.0,253.0,252.8,253.0,5600,2026-09-09,,,,,,,,
1788923640,252.7,252.9,252.1,252.1,22700,2026-09-09,,,,,,,,
1788923700,252.0,252.0,251.2,251.2,16700,2026-09-09,,,,,,,,
1788923760,252.0,252.0,251.3,251.3,2700,2026-09-09,,,,,,,,
1788923820,252.0,252.2,252.0,252.2,1000,2026-09-09,,,,,,,,
1788923880,252.2,252.7,252.2,252.4,3000,2026-09-09,,,,,,,,
1788923940,252.2,253.0,252.2,252.2,2600,2026-09-09,,,,,,,,
1788924000,252.5,252.5,252.0,252.5,3800,2026-09-09,,,,,,,,
1788924060,252.5,252.5,252.2,252.2,1600,2026-09-09,,,,,,,,
1788924120,252.5,252.5,252.0,252.5,5300,2026-09-09,,,,,,,,
1788924180,252.5,252.5,252.0,252.0,1100,2026-09-09,,,,,,,,
1788924240,252.2,252.5,251.5,251.5,3500,2026-09-09,,,,,,,,
1788924300,252.3,252.4,251.4,252.4,3200,2026-09-09,,,,,,,,
1788924360,252.0,252.0,250.9,250.9,15500,2026-09-09,,,,,,,,
1788924420,251.0,252.0,250.9,252.0,2200,2026-09-09,,,,,,,,
1788924480,251.0,252.0,251.0,252.0,2200,2026-09-09,,,,,,,,
1788924540,252.0,252.1,252.0,252.1,3400,2026-09-09,,,,,,,,
1788924600,252.2,252.5,252.1,252.1,6800,2026-09-09,,,,,,,,
1788924660,252.5,252.5,250.9,250.9,6500,2026-09-09,,,,,,,,
1788924720,250.9,251.0,250.5,250.6,10300,2026-09-09,,,,,,,,
1788924780,250.5,251.5,250.2,251.4,7500,2026-09-09,,,,,,,,
1788924840,251.5,251.5,251.3,251.3,3100,2026-09-09,,,,,,,,
1788924900,251.3,251.3,251.0,251.2,1900,2026-09-09,,,,,,,,
1788924960,251.5,251.5,251.0,251.4,1700,2026-09-09,,,,,,,,
1788925020,251.3,251.3,251.3,251.3,2100,2026-09-09,,,,,,,,
1788925080,251.4,251.5,251.4,251.5,1900,2026-09-09,,,,,,,,
1788925140,251.5,251.5,251.3,251.3,3700,2026-09-09,,,,,,,,
1788925200,251.3,251.3,251.0,251.0,3800,2026-09-09,,,,,,,,
1788925260,250.7,251.2,250.6,251.1,3600,2026-09-09,,,,,,,,
1788925320,251.0,251.4,250.4,251.4,3300,2026-09-09,,,,,,,,
1788925380,250.5,251.4,250.4,250.4,7100,2026-09-09,,,,,,,,
1788925440,251.2,251.2,250.2,251.0,5800,2026-09-09,,,,,,,,
1788925500,251.0,251.0,251.0,251.0,1000,2026-09-09,,,,,,,,
1788925560,251.1,251.3,250.2,251.0,8500,2026-09-09,,,,,,,,
1788925620,251.0,251.0,251.0,251.0,1800,2026-09-09,,,,,,,,
1788925680,251.0,251.0,251.0,251.0,2400,2026-09-09,,,,,,,,
1788925740,251.0,251.0,250.4,250.9,2100,2026-09-09,,,,,,,,
1788925800,250.5,251.0,250.5,251.0,2500,2026-09-09,,,,,,,,
1788925860,251.0,251.0,250.9,250.9,1700,2026-09-09,,,,,,,,
1788925920,250.9,250.9,250.3,250.5,7700,2026-09-09,,,,,,,,
1788925980,250.5,251.0,250.2,251.0,2400,2026-09-09,,,,,,,,
1788926040,251.0,251.0,251.0,251.0,1900,2026-09-09,,,,,,,,
1788926100,251.0,251.0,251.0,251.0,2400,2026-09-09,,,,,,,,
1788926160,251.1,251.1,250.9,251.0,1500,2026-09-09,,,,,,,,
1788926220,251.0,251.0,251.0,251.0,2200,2026-09-09,,,,,,,,
1788926280,251.0,251.0,250.5,250.5,2000,2026-09-09,,,,,,,,
1788926340,250.9,250.9,250.6,250.6,2500,2026-09-09,,,,,,,,
1788926400,250.8,251.0,250.8,251.0,2400,2026-09-09,,,,,,,,
1788926460,251.0,251.0,251.0,251.0,1500,2026-09-09,,,,,,,,
1788926520,250.9,251.0,250.9,251.0,2200,2026-09-09,,,,,,,,
1788926580,251.0,251.0,250.9,251.0,2600,2026-09-09,,,,,,,,
1788926640,251.0,251.0,250.9,251.0,3700,2026-09-09,,,,,,,,
1788926700,251.0,251.0,250.8,251.0,4600,2026-09-09,,,,,,,,
1788926760,251.0,251.0,250.9,251.0,2200,2026-09-09,,,,,,,,
1788926820,251.0,251.0,251.0,251.0,1600,2026-09-09,,,,,,,,
1788926880,251.0,251.0,251.0,251.0,2000,2026-09-09,,,,,,,,
1788926940,251.0,251.0,250.9,251.0,2300,2026-09-09,,,,,,,,
1788927000,251.0,251.0,250.4,250.6,9300,2026-09-09,,,,,,,,
1788927060,250.8,250.8,250.8,250.8,2500,2026-09-09,,,,,,,,
1788927120,250.8,250.8,250.1,250.1,5600,2026-09-09,,,,,,,,
1788927180,250.2,250.5,249.0,250.0,35600,2026-09-09,,,,,,,,
1788927240,249.6,250.0,249.6,249.6,3000,2026-09-09,,,,,,,,
1788927300,249.6,249.6,249.6,249.6,1800,2026-09-09,,,,,,,,
1788927360,249.5,249.9,249.5,249.9,2000,2026-09-09,,,,,,,,
1788927420,249.9,249.9,249.1,249.1,8000,2026-09-09,,,,,,,,
1788927480,249.1,249.5,249.0,249.5,8600,2026-09-09,,,,,,,,
1788927540,249.4,249.4,248.0,248.4,8100,2026-09-09,,,,,,,,
1788927600,248.4,248.5,248.0,248.5,4700,2026-09-09,,,,,,,,
1788927660,248.7,249.6,248.7,249.3,26300,2026-09-09,,,,,,,,
1788927720,249.5,250.0,249.5,250.0,3100,2026-09-09,,,,,,,,
1788927780,250.0,250.1,250.0,250.1,1800,2026-09-09,,,,,,,,
1788927840,250.1,250.9,250.1,250.9,2300,2026-09-09,,,,,,,,
1788927900,250.9,251.0,250.5,251.0,4800,2026-09-09,,,,,,,,
1788927960,250.7,250.9,250.3,250.9,1800,2026-09-09,,,,,,,,
1788928020,250.9,251.0,250.8,251.0,4300,2026-09-09,,,,,,,,
1788928080,251.0,251.0,250.8,251.0,3900,2026-09-09,,,,,,,,
1788928140,250.7,250.7,250.5,250.5,1800,2026-09-09,,,,,,,,
1788933600,250.3,250.5,250.2,250.5,5000,2026-09-09,,,,,,,,
1788933660,250.5,251.0,250.5,251.0,3200,2026-09-09,,,,,,,,
1788933720,251.0,251.1,250.5,251.1,8100,2026-09-09,,,,,,,,
1788933780,251.1,251.1,251.0,251.1,2500,2026-09-09,,,,,,,,
1788933840,251.1,251.8,251.1,251.5,21800,2026-09-09,,,,,,,,
1788933900,251.5,251.8,251.5,251.7,14100,2026-09-09,,,,,,,,
1788933960,251.5,251.5,251.1,251.4,2500,2026-09-09,,,,,,,,
1788934020,251.1,251.3,250.9,251.3,14200,2026-09-09,,,,,,,,
1788934080,250.9,251.0,250.6,250.9,14400,2026-09-09,,,,,,,,
1788934140,251.0,251.3,250.9,251.0,3500,2026-09-09,,,,,,,,
1788934200,251.0,251.3,251.0,251.2,4800,2026-09-09,,,,,,,,
1788934260,251.0,251.2,251.0,251.2,1900,2026-09-09,,,,,,,,
1788934320,251.0,251.2,250.9,251.1,6600,2026-09-09,,,,,,,,
1788934380,251.2,251.2,251.1,251.2,10600,2026-09-09,,,,,,,,
1788934440,251.3,251.3,251.2,251.3,4600,2026-09-09,,,,,,,,
1788934500,251.2,251.4,251.1,251.2,13400,2026-09-09,,,,,,,,
1788934560,251.3,251.3,251.1,251.1,10600,2026-09-09,,,,,,,,
1788934620,251.1,251.2,250.9,250.9,28800,2026-09-09,,,,,,,,
1788934680,250.9,251.0,250.7,250.9,12000,2026-09-09,,,,,,,,
1788934740,250.7,250.8,250.2,250.2,7100,2026-09-09,,,,,,,,
1788934800,250.2,250.5,250.2,250.5,4500,2026-09-09,,,,,,,,
1788934860,250.2,250.5,250.2,250.5,2800,2026-09-09,,,,,,,,
1788934920,250.2,250.4,250.1,250.4,5900,2026-09-09,,,,,,,,
1788934980,250.5,250.5,250.1,250.1,11200,2026-09-09,,,,,,,,
1788935040,250.4,250.4,250.0,250.1,2700,2026-09-09,,,,,,,,
1788935100,250.4,250.4,249.8,249.9,6800,2026-09-09,,,,,,,,
1788935160,250.0,250.0,249.5,249.8,20000,2026-09-09,,,,,,,,
1788935220,249.5,249.8,249.5,249.5,13100,2026-09-09,,,,,,,,
1788935280,249.6,249.6,249.3,249.6,25000,2026-09-09,,,,,,,,
1788935340,249.8,249.8,249.5,249.6,15900,2026-09-09,,,,,,,,
1788935400,249.6,249.8,249.6,249.8,2900,2026-09-09,,,,,,,,
1788935460,249.6,249.8,249.6,249.8,11300,2026-09-09,,,,,,,,
1788935520,249.7,249.9,249.7,249.9,11000,2026-09-09,,,,,,,,
1788935580,250.0,250.0,249.8,250.0,5200,2026-09-09,,,,,,,,
1788935640,250.0,250.0,249.9,250.0,14200,2026-09-09,,,,,,,,
1788935700,250.2,250.2,250.0,250.1,23400,2026-09-09,,,,,,,,
1788935760,250.1,250.1,249.9,250.0,7200,2026-09-09,,,,,,,,
1788935820,249.9,250.0,249.9,250.0,3900,2026-09-09,,,,,,,,
1788935880,250.0,250.0,249.9,249.9,7800,2026-09-09,,,,,,,,
1788935940,250.0,250.0,249.9,250.0,1800,2026-09-09,,,,,,,,
1788936000,250.0,250.1,249.9,249.9,22500,2026-09-09,,,,,,,,
1788936060,249.9,249.9,249.6,249.9,19400,2026-09-09,,,,,,,,
1788936120,249.6,249.9,249.4,249.7,34600,2026-09-09,,,,,,,,
1788936180,249.7,249.7,249.5,249.7,12900,2026-09-09,,,,,,,,
1788936240,249.7,249.7,249.5,249.6,17000,2026-09-09,,,,,,,,
1788936300,249.5,249.6,249.5,249.5,10800,2026-09-09,,,,,,,,
1788936360,249.6,249.7,249.5,249.6,12600,2026-09-09,,,,,,,,
1788936420,249.6,249.7,249.4,249.4,33400,2026-09-09,,,,,,,,
1788936480,249.5,249.6,249.4,249.6,50900,2026-09-09,,,,,,,,
1788936540,249.7,249.7,249.2,249.2,29700,2026-09-09,,,,,,,,
1788936600,249.2,249.4,249.2,249.4,42500,2026-09-09,,,,,,,,
1788936660,249.4,249.6,249.4,249.4,41700,2026-09-09,,,,,,,,
1788936720,249.3,249.4,249.1,249.1,15100,2026-09-09,,,,,,,,
1788936780,249.1,249.6,249.1,249.6,21900,2026-09-09,,,,,,,,
1788936840,249.5,249.6,249.3,249.5,22400,2026-09-09,,,,,,,,
1788936900,249.6,249.6,249.4,249.6,13900,2026-09-09,,,,,,,,
1788936960,249.6,249.6,249.3,249.6,9700,2026-09-09,,,,,,,,
1788937020,249.5,249.6,249.2,249.2,26500,2026-09-09,,,,,,,,
1788937080,249.2,249.6,249.1,249.5,34900,2026-09-09,,,,,,,,
1788937140,249.4,249.5,249.2,249.2,26500,2026-09-09,,,,,,,,
1788937200,249.2,249.4,249.1,249.1,17100,2026-09-09,,,,,,,,
1788937260,249.0,249.1,248.1,248.8,38100,2026-09-09,,,,,,,,
1788937320,248.5,248.7,248.0,248.7,13300,2026-09-09,,,,,,,,
1788937380,248.5,249.0,248.4,248.8,18900,2026-09-09,,,,,,,,
1788937440,248.9,249.3,248.7,248.8,40200,2026-09-09,,,,,,,,
1788937500,249.0,249.0,248.6,248.8,59000,2026-09-09,,,,,,,,
1788937560,248.8,248.8,248.5,248.7,26800,2026-09-09,,,,,,,,
1788937620,248.6,248.7,248.4,248.4,52600,2026-09-09,,,,,,,,
1788937680,248.4,248.5,248.0,248.2,53000,2026-09-09,,,,,,,,
1788937740,248.1,248.1,247.5,247.5,24000,2026-09-09,,,,,,,,
1788937800,247.5,247.8,247.0,247.0,21400,2026-09-09,,,,,,,,
1788937860,247.0,247.6,246.2,246.8,9200,2026-09-09,,,,,,,,
1788937920,246.8,247.4,246.6,247.0,7800,2026-09-09,,,,,,,,
1788937980,247.0,247.5,247.0,247.4,12400,2026-09-09,,,,,,,,
1788938040,247.4,247.4,247.0,247.1,24200,2026-09-09,,,,,,,,
1788938100,247.1,247.4,247.0,247.4,20700,2026-09-09,,,,,,,,
1788938160,247.4,247.4,246.9,246.9,35100,2026-09-09,,,,,,,,
1788938220,247.0,247.2,246.8,247.2,45900,2026-09-09,,,,,,,,
1788938280,247.0,247.1,246.9,247.0,56800,2026-09-09,,,,,,,,
1788938340,247.0,247.0,246.8,247.0,35300,2026-09-09,,,,,,,,
1788938400,247.0,247.0,246.8,246.9,29400,2026-09-09,,,,,,,,
1788938460,246.9,246.9,246.6,246.6,33400,2026-09-09,,,,,,,,
1788938520,246.7,246.9,246.5,246.9,70400,2026-09-09,,,,,,,,
1788938580,246.8,246.9,246.7,246.8,60100,2026-09-09,,,,,,,,
1788938640,246.8,246.8,246.0,246.5,45700,2026-09-09,,,,,,,,
1788938700,246.0,246.5,246.0,246.0,67300,2026-09-09,,,,,,,,
1788938760,246.0,246.0,245.8,245.9,77000,2026-09-09,,,,,,,,
1788938820,245.9,245.9,245.6,245.7,15700,2026-09-09,,,,,,,,
1788938880,245.6,245.6,244.8,244.8,64300,2026-09-09,,,,,,,,
1788938940,244.8,245.3,244.6,245.0,83800,2026-09-09,,,,,,,,
1788939900,247.7,247.7,247.7,247.7,3341800,2026-09-09,,,,,,,,
1789006500,247.7,247.7,245.2,247.0,12900,2026-09-10,,,,,,,,
1789006560,246.1,246.9,246.1,246.3,2900,2026-09-10,,,,,,,,
1789006620,246.2,246.4,244.5,244.8,18300,2026-09-10,,,,,,,,
1789006680,244.6,244.8,244.4,244.5,8900,2026-09-10,,,,,,,,
1789006740,244.4,244.6,244.4,244.6,35700,2026-09-10,,,,,,,,
1789006800,245.0,246.4,245.0,246.2,2000,2026-09-10,,,,,,,,
1789006860,245.8,246.7,245.8,246.5,5600,2026-09-10,,,,,,,,
1789006920,246.0,246.3,245.3,245.5,3000,2026-09-10,,,,,,,,
1789006980,245.6,246.3,245.5,245.5,2200,2026-09-10,,,,,,,,
1789007040,246.0,246.0,245.6,245.6,1700,2026-09-10,,,,,,,,
1789007100,246.0,246.4,246.0,246.3,1100,2026-09-10,,,,,,,,
1789007160,246.3,246.3,246.1,246.3,4000,2026-09-10,,,,,,,,
1789007220,246.3,246.3,246.3,246.3,700,2026-09-10,,,,,,,,
1789007280,246.5,246.9,246.2,246.9,1800,2026-09-10,,,,,,,,
1789007340,246.9,246.9,246.5,246.7,1300,2026-09-10,,,,,,,,
1789007400,246.7,246.9,246.7,246.8,6000,2026-09-10,,,,,,,,
1789007460,246.9,248.0,246.0,248.0,12400,2026-09-10,,,,,,,,
1789007520,246.0,247.7,245.8,247.7,11700,2026-09-10,,,,,,,,
1789007580,246.0,247.4,246.0,246.9,2100,2026-09-10,,,,,,,,
1789007640,247.0,247.0,246.1,246.1,1400,2026-09-10,,,,,,,,
1789007700,246.9,246.9,246.9,246.9,800,2026-09-10,,,,,,,,
1789007760,246.9,246.9,246.1,246.7,4300,2026-09-10,,,,,,,,
1789007820,246.7,247.0,246.6,246.9,1100,2026-09-10,,,,,,,,
1789007880,246.9,246.9,246.6,246.9,1200,2026-09-10,,,,,,,,
1789007940,246.9,247.0,246.6,247.0,700,2026-09-10,,,,,,,,
1789008000,247.0,247.6,246.6,247.6,1600,2026-09-10,,,,,,,,
1789008060,247.5,247.6,246.1,247.3,7700,2026-09-10,,,,,,,,
1789008120,246.9,247.0,246.9,247.0,1600,2026-09-10,,,,,,,,
1789008180,246.9,247.0,246.9,246.9,1400,2026-09-10,,,,,,,,
1789008240,246.6,247.0,246.6,247.0,1500,2026-09-10,,,,,,,,
1789008300,246.6,247.0,246.6,247.0,1100,2026-09-10,,,,,,,,
1789008360,247.0,247.0,246.9,246.9,700,2026-09-10,,,,,,,,
1789008420,247.0,247.0,246.4,246.9,3200,2026-09-10,,,,,,,,
1789008480,246.5,246.5,246.0,246.5,10800,2026-09-10,,,,,,,,
1789008540,246.0,246.4,246.0,246.4,1600,2026-09-10,,,,,,,,
1789008600,246.0,246.0,246.0,246.0,1100,2026-09-10,,,,,,,,
1789008660,246.5,246.5,246.0,246.4,1000,2026-09-10,,,,,,,,
1789008720,246.5,246.9,246.5,246.9,1300,2026-09-10,,,,,,,,
1789008780,246.9,247.0,246.9,247.0,1300,2026-09-10,,,,,,,,
1789008840,247.0,247.5,246.9,246.9,7600,2026-09-10,,,,,,,,
1789008900,246.8,246.9,246.8,246.8,1200,2026-09-10,,,,,,,,
1789008960,246.8,246.8,246.7,246.7,800,2026-09-10,,,,,,,,
1789009020,246.8,246.8,246.8,246.8,700,2026-09-10,,,,,,,,
1789009080,246.8,247.0,246.2,246.9,2200,2026-09-10,,,,,,,,
1789009140,247.0,247.0,246.9,247.0,900,2026-09-10,,,,,,,,
1789009200,247.0,247.0,247.0,247.0,800,2026-09-10,,,,,,,,
1789009260,247.0,247.0,246.9,246.9,1400,2026-09-10,,,,,,,,
1789009320,247.0,247.0,247.0,247.0,1700,2026-09-10,,,,,,,,
1789009380,246.9,247.0,246.9,246.9,1500,2026-09-10,,,,,,,,
1789009440,247.0,247.0,246.9,247.0,1600,2026-09-10,,,,,,,,
1789009500,247.0,247.0,246.9,247.0,5800,2026-09-10,,,,,,,,
1789009560,246.8,247.0,246.1,246.9,5300,2026-09-10,,,,,,,,
1789009620,246.9,246.9,246.9,246.9,900,2026-09-10,,,,,,,,
1789009680,246.1,246.8,246.1,246.8,600,2026-09-10,,,,,,,,
1789009740,246.9,246.9,246.2,246.6,1000,2026-09-10,,,,,,,,
1789009800,246.6,246.6,246.6,246.6,300,2026-09-10,,,,,,,,
1789009860,246.6,246.6,246.2,246.6,700,2026-09-10,,,,,,,,
1789009920,246.5,246.5,246.2,246.5,500,2026-09-10,,,,,,,,
1789009980,246.5,246.6,246.2,246.6,900,2026-09-10,,,,,,,,
1789010040,246.6,246.6,246.4,246.4,500,2026-09-10,,,,,,,,
1789010100,246.6,246.6,246.6,246.6,400,2026-09-10,,,,,,,,
1789010160,246.5,246.6,246.5,246.6,1100,2026-09-10,,,,,,,,
1789010220,246.6,246.6,246.5,246.6,2100,2026-09-10,,,,,,,,
1789010280,246.5,246.6,246.4,246.6,1000,2026-09-10,,,,,,,,
1789010340,246.6,246.6,246.5,246.5,1400,2026-09-10,,,,,,,,
1789010400,246.5,246.6,246.5,246.6,1000,2026-09-10,,,,,,,,
1789010460,246.6,246.6,246.5,246.6,1500,2026-09-10,,,,,,,,
1789010520,246.5,246.6,246.5,246.5,3900,2026-09-10,,,,,,,,
1789010580,246.5,246.6,246.5,246.5,5400,2026-09-10,,,,,,,,
1789010640,246.5,246.6,246.5,246.6,700,2026-09-10,,,,,,,,
1789010700,246.5,246.6,246.5,246.6,1100,2026-09-10,,,,,,,,
1789010760,246.6,246.6,246.5,246.5,1200,2026-09-10,,,,,,,,
1789010820,246.6,246.6,246.4,246.6,1500,2026-09-10,,,,,,,,
1789010880,246.6,246.6,246.3,246.6,13100,2026-09-10,,,,,,,,
1789010940,246.5,246.5,246.5,246.5,700,2026-09-10,,,,,,,,
1789011000,246.3,246.5,246.3,246.5,1100,2026-09-10,,,,,,,,
1789011060,246.5,246.5,246.3,246.3,1800,2026-09-10,,,,,,,,
1789011120,246.4,246.5,246.4,246.4,7100,2026-09-10,,,,,,,,
1789011180,246.4,246.4,246.3,246.4,5800,2026-09-10,,,,,,,,
1789011240,246.4,246.4,246.3,246.4,4500,2026-09-10,,,,,,,,
1789011300,246.4,246.4,246.4,246.4,3500,2026-09-10,,,,,,,,
1789011360,246.4,246.4,246.3,246.3,600,2026-09-10,,,,,,,,
1789011420,246.4,246.4,246.4,246.4,1200,2026-09-10,,,,,,,,
1789011480,246.4,246.4,246.2,246.3,13500,2026-09-10,,,,,,,,
1789011540,246.3,246.4,246.2,246.4,13400,2026-09-10,,,,,,,,
1789011600,246.2,246.4,246.2,246.2,7100,2026-09-10,,,,,,,,
1789011660,246.1,246.2,246.1,246.2,1200,2026-09-10,,,,,,,,
1789011720,246.1,246.2,246.0,246.0,11500,2026-09-10,,,,,,,,
1789011780,246.1,246.1,246.0,246.0,2500,2026-09-10,,,,,,,,
1789011840,246.1,246.1,245.7,245.8,17500,2026-09-10,,,,,,,,
1789011900,245.6,245.6,245.2,245.2,6200,2026-09-10,,,,,,,,
1789011960,245.4,245.4,244.6,244.7,26700,2026-09-10,,,,,,,,
1789012020,244.6,245.2,244.6,245.0,20300,2026-09-10,,,,,,,,
1789012080,245.0,245.0,244.8,244.9,4000,2026-09-10,,,,,,,,
1789012140,244.8,244.8,244.7,244.8,3400,2026-09-10,,,,,,,,
1789012200,244.6,244.8,244.6,244.8,3400,2026-09-10,,,,,,,,
1789012260,244.8,244.8,244.4,244.4,14600,2026-09-10,,,,,,,,
1789012320,244.5,244.8,244.5,244.8,1800,2026-09-10,,,,,,,,
1789012380,244.8,244.8,244.6,244.7,1700,2026-09-10,,,,,,,,
1789012440,244.7,244.7,244.7,244.7,8500,2026-09-10,,,,,,,,
1789012500,244.6,244.8,244.6,244.8,13900,2026-09-10,,,,,,,,
1789012560,244.8,244.9,244.8,244.8,10500,2026-09-10,,,,,,,,
1789012620,244.7,244.8,244.7,244.7,4800,2026-09-10,,,,,,,,
1789012680,244.8,244.9,244.8,244.8,3400,2026-09-10,,,,,,,,
1789012740,244.8,244.9,244.8,244.9,1000,2026-09-10,,,,,,,,
1789012800,244.9,245.0,244.8,245.0,5400,2026-09-10,,,,,,,,
1789012860,245.0,245.0,244.9,245.0,800,2026-09-10,,,,,,,,
1789012920,244.9,245.0,244.9,245.0,2300,2026-09-10,,,,,,,,
1789012980,244.8,245.0,244.7,244.7,5800,2026-09-10,,,,,,,,
1789013040,245.0,245.0,244.9,244.9,800,2026-09-10,,,,,,,,
1789013100,244.9,244.9,244.7,244.8,1600,2026-09-10,,,,,,,,
1789013160,244.8,244.8,244.7,244.8,800,2026-09-10,,,,,,,,
1789013220,244.9,245.0,244.8,245.0,3500,2026-09-10,,,,,,,,
1789013280,245.0,245.0,244.9,245.0,3800,2026-09-10,,,,,,,,
1789013340,245.0,245.0,244.8,244.9,12300,2026-09-10,,,,,,,,
1789013400,245.0,245.0,244.9,245.0,33600,2026-09-10,,,,,,,,
1789013460,245.0,245.0,244.9,245.0,10700,2026-09-10,,,,,,,,
1789013520,245.0,245.0,244.9,245.0,1000,2026-09-10,,,,,,,,
1789013580,245.0,245.0,245.0,245.0,7800,2026-09-10,,,,,,,,
1789013640,246.0,246.0,245.9,245.9,1000,2026-09-10,,,,,,,,
1789013700,245.9,245.9,245.5,245.6,600,2026-09-10,,,,,,,,
1789013760,245.6,245.8,245.6,245.8,1900,2026-09-10,,,,,,,,
1789013820,245.9,246.6,245.9,246.6,2500,2026-09-10,,,,,,,,
1789013880,246.6,247.0,246.6,247.0,3500,2026-09-10,,,,,,,,
1789013940,247.0,247.5,246.9,247.0,4400,2026-09-10,,,,,,,,
1789014000,247.5,247.5,247.0,247.3,700,2026-09-10,,,,,,,,
1789014060,247.3,247.3,247.2,247.2,2200,2026-09-10,,,,,,,,
1789014120,247.2,247.3,247.0,247.2,1100,2026-09-10,,,,,,,,
1789014180,247.2,247.2,247.0,247.0,3100,2026-09-10,,,,,,,,
1789014240,247.2,247.2,247.2,247.2,900,2026-09-10,,,,,,,,
1789014300,247.2,247.4,247.1,247.4,3400,2026-09-10,,,,,,,,
1789014360,247.4,247.5,247.4,247.5,800,2026-09-10,,,,,,,,
1789014420,247.5,247.5,247.3,247.5,700,2026-09-10,,,,,,,,
1789014480,247.5,247.5,247.3,247.5,1800,2026-09-10,,,,,,,,
1789014540,247.3,249.2,247.3,249.2,15900,2026-09-10,,,,,,,,
1789020000,249.1,249.5,248.8,248.8,34300,2026-09-10,,,,,,,,
1789020060,249.0,249.0,247.8,247.8,16500,2026-09-10,,,,,,,,
1789020120,247.8,248.8,247.8,248.8,14400,2026-09-10,,,,,,,,
1789020180,248.9,248.9,248.0,248.3,18900,2026-09-10,,,,,,,,
1789020240,248.6,248.6,248.1,248.1,20400,2026-09-10,,,,,,,,
1789020300,248.1,248.3,247.9,248.0,12600,2026-09-10,,,,,,,,
1789020360,248.0,248.0,247.3,247.3,12700,2026-09-10,,,,,,,,
1789020420,247.6,247.7,246.8,247.5,9400,2026-09-10,,,,,,,,
1789020480,247.5,247.5,247.1,247.1,2900,2026-09-10,,,,,,,,
1789020540,247.3,247.3,246.8,247.3,8600,2026-09-10,,,,,,,,
1789020600,247.3,247.7,247.3,247.6,35100,2026-09-10,,,,,,,,
1789020660,247.6,247.6,247.4,247.6,53500,2026-09-10,,,,,,,,
1789020720,247.6,247.7,247.5,247.6,29900,2026-09-10,,,,,,,,
1789020780,247.6,247.6,247.3,247.3,30200,2026-09-10,,,,,,,,
1789020840,247.4,247.4,247.1,247.1,31800,2026-09-10,,,,,,,,
1789020900,247.0,247.0,247.0,247.0,11200,2026-09-10,,,,,,,,
1789020960,246.9,247.0,246.8,246.9,29900,2026-09-10,,,,,,,,
1789021020,246.9,247.2,246.9,247.2,20400,2026-09-10,,,,,,,,
1789021080,247.2,247.2,247.1,247.1,21300,2026-09-10,,,,,,,,
1789021140,247.1,247.1,247.0,247.0,5700,2026-09-10,,,,,,,,
1789021200,247.0,247.0,247.0,247.0,8000,2026-09-10,,,,,,,,
1789021260,247.0,247.1,247.0,247.1,4400,2026-09-10,,,,,,,,
1789021320,247.1,247.1,247.0,247.0,6900,2026-09-10,,,,,,,,
1789021380,247.0,247.0,246.8,247.0,17700,2026-09-10,,,,,,,,
1789021440,247.1,247.3,247.0,247.2,39000,2026-09-10,,,,,,,,
1789021500,247.1,247.5,247.1,247.5,38900,2026-09-10,,,,,,,,
1789021560,247.5,247.7,247.5,247.7,28600,2026-09-10,,,,,,,,
1789021620,247.7,247.7,247.6,247.6,18800,2026-09-10,,,,,,,,
1789021680,247.6,247.7,247.6,247.6,16500,2026-09-10,,,,,,,,
1789021740,247.6,247.6,247.4,247.6,8400,2026-09-10,,,,,,,,
1789021800,247.4,247.6,247.4,247.6,27000,2026-09-10,,,,,,,,
1789021860,247.6,247.7,247.6,247.7,7100,2026-09-10,,,,,,,,
1789021920,247.7,247.8,247.6,247.8,13400,2026-09-10,,,,,,,,
1789021980,247.8,247.8,247.7,247.8,9000,2026-09-10,,,,,,,,
1789022040,247.8,247.8,247.7,247.8,8800,2026-09-10,,,,,,,,
1789022100,247.8,247.9,247.8,247.9,9100,2026-09-10,,,,,,,,
1789022160,247.9,247.9,247.7,247.8,20600,2026-09-10,,,,,,,,
1789022220,247.8,247.8,247.8,247.8,11900,2026-09-10,,,,,,,,
1789022280,247.9,248.0,247.8,248.0,23900,2026-09-10,,,,,,,,
1789022340,248.0,248.0,247.8,247.9,25100,2026-09-10,,,,,,,,
1789022400,247.9,248.0,247.9,247.9,4500,2026-09-10,,,,,,,,
1789022460,248.0,248.0,247.9,247.9,10000,2026-09-10,,,,,,,,
1789022520,248.0,248.0,247.8,247.8,25700,2026-09-10,,,,,,,,
1789022580,248.0,248.0,247.7,247.7,11100,2026-09-10,,,,,,,,
1789022640,247.7,247.8,247.7,247.8,2200,2026-09-10,,,,,,,,
1789022700,247.7,247.8,247.7,247.8,3600,2026-09-10,,,,,,,,
1789022760,247.8,247.8,247.7,247.8,2600,2026-09-10,,,,,,,,
1789022820,247.8,247.9,247.7,247.9,10200,2026-09-10,,,,,,,,
1789022880,247.9,247.9,247.9,247.9,3700,2026-09-10,,,,,,,,
1789022940,247.8,247.9,247.8,247.9,2100,2026-09-10,,,,,,,,
1789023000,247.9,247.9,247.8,247.8,18600,2026-09-10,,,,,,,,
1789023060,247.8,247.9,247.7,247.8,12800,2026-09-10,,,,,,,,
1789023120,247.8,247.8,247.6,247.7,23200,2026-09-10,,,,,,,,
1789023180,247.7,247.7,247.5,247.5,12300,2026-09-10,,,,,,,,
1789023240,247.5,247.6,247.5,247.6,7400,2026-09-10,,,,,,,,
1789023300,247.6,247.7,247.5,247.6,13300,2026-09-10,,,,,,,,
1789023360,247.7,247.7,247.6,247.6,7400,2026-09-10,,,,,,,,
1789023420,247.7,247.7,247.2,247.6,17800,2026-09-10,,,,,,,,
1789023480,247.5,247.7,247.2,247.7,19900,2026-09-10,,,,,,,,
1789023540,247.7,247.8,247.7,247.7,2800,2026-09-10,,,,,,,,
1789023600,247.8,248.0,247.7,248.0,36900,2026-09-10,,,,,,,,
1789023660,248.0,248.3,248.0,248.0,53900,2026-09-10,,,,,,,,
1789023720,248.0,248.1,247.8,247.8,15200,2026-09-10,,,,,,,,
1789023780,247.8,247.9,247.7,247.8,6300,2026-09-10,,,,,,,,
1789023840,247.8,247.8,247.7,247.8,5600,2026-09-10,,,,,,,,
1789023900,247.8,247.8,247.6,247.7,34800,2026-09-10,,,,,,,,
1789023960,247.7,247.8,247.6,247.7,42100,2026-09-10,,,,,,,,
1789024020,247.7,247.7,247.6,247.6,29500,2026-09-10,,,,,,,,
1789024080,247.5,247.7,247.5,247.6,50700,2026-09-10,,,,,,,,
1789024140,247.5,247.6,247.4,247.5,34600,2026-09-10,,,,,,,,
1789024200,247.5,247.7,247.5,247.6,20200,2026-09-10,,,,,,,,
1789024260,247.7,247.7,247.6,247.7,2200,2026-09-10,,,,,,,,
1789024320,247.6,247.7,247.5,247.6,69800,2026-09-10,,,,,,,,
1789024380,247.6,247.7,247.5,247.6,32300,2026-09-10,,,,,,,,
1789024440,247.6,247.7,247.4,247.6,25900,2026-09-10,,,,,,,,
1789024500,247.6,247.6,247.5,247.5,19300,2026-09-10,,,,,,,,
1789024560,247.5,247.7,247.5,247.6,44800,2026-09-10,,,,,,,,
1789024620,247.5,247.6,247.4,247.5,41600,2026-09-10,,,,,,,,
1789024680,247.6,247.6,247.5,247.6,70900,2026-09-10,,,,,,,,
1789024740,247.6,247.6,247.4,247.6,80200,2026-09-10,,,,,,,,
1789024800,247.6,247.7,247.6,247.7,19700,2026-09-10,,,,,,,,
1789024860,247.6,247.7,247.5,247.6,44200,2026-09-10,,,,,,,,
1789024920,247.5,247.7,247.5,247.6,49500,2026-09-10,,,,,,,,
1789024980,247.6,247.8,247.5,247.7,75900,2026-09-10,,,,,,,,
1789025040,247.8,248.2,247.8,248.0,78600,2026-09-10,,,,,,,,
1789025100,248.0,248.1,247.9,248.1,64200,2026-09-10,,,,,,,,
1789025160,248.0,248.2,248.0,248.0,75900,2026-09-10,,,,,,,,
1789025220,248.1,248.6,248.1,248.6,124100,2026-09-10,,,,,,,,
1789025280,248.4,249.2,248.4,249.1,137200,2026-09-10,,,,,,,,
1789025340,249.1,249.2,249.0,249.1,88400,2026-09-10,,,,,,,,
1789026300,247.7,247.7,247.7,247.7,1430300,2026-09-10,,,,,,,,
1789092900,244.3,246.1,244.3,246.1,13000,2026-09-11,,,,,,,,
1789092960,246.2,246.4,245.9,245.9,12300,2026-09-11,,,,,,,,
1789093020,245.6,245.9,245.5,245.6,2300,2026-09-11,,,,,,,,
1789093080,245.6,246.1,245.6,246.0,6100,2026-09-11,,,,,,,,
1789093140,246.0,246.0,245.8,245.8,1500,2026-09-11,,,,,,,,
1789093200,246.0,246.0,245.9,245.9,8700,2026-09-11,,,,,,,,
1789093260,245.8,245.9,245.8,245.9,2200,2026-09-11,,,,,,,,
1789093320,245.9,246.0,245.8,245.9,2600,2026-09-11,,,,,,,,
1789093380,245.9,245.9,245.7,245.8,12100,2026-09-11,,,,,,,,
1789093440,245.6,245.9,245.6,245.7,4800,2026-09-11,,,,,,,,
1789093500,245.8,245.8,245.7,245.7,1100,2026-09-11,,,,,,,,
1789093560,245.7,245.7,245.7,245.7,1200,2026-09-11,,,,,,,,
1789093620,245.8,245.8,245.8,245.8,2800,2026-09-11,,,,,,,,
1789093680,245.8,245.9,245.8,245.8,2000,2026-09-11,,,,,,,,
1789093740,245.8,245.8,245.8,245.8,2400,2026-09-11,,,,,,,,
1789093800,245.8,245.8,245.8,245.8,1900,2026-09-11,,,,,,,,
1789093860,245.8,245.9,245.8,245.8,3000,2026-09-11,,,,,,,,
1789093920,245.7,245.8,245.7,245.8,1800,2026-09-11,,,,,,,,
1789093980,245.8,245.8,245.8,245.8,4200,2026-09-11,,,,,,,,
1789094040,245.8,246.5,245.8,246.3,25000,2026-09-11,,,,,,,,
1789094100,246.3,246.4,246.1,246.1,6400,2026-09-11,,,,,,,,
1789094160,246.0,246.1,245.9,246.0,4700,2026-09-11,,,,,,,,
1789094220,246.1,246.1,246.0,246.1,2000,2026-09-11,,,,,,,,
1789094280,246.1,246.2,246.0,246.2,4500,2026-09-11,,,,,,,,
1789094340,246.2,246.2,246.0,246.1,3500,2026-09-11,,,,,,,,
1789094400,246.1,246.2,246.1,246.2,800,2026-09-11,,,,,,,,
1789094460,246.2,246.2,246.2,246.2,2200,2026-09-11,,,,,,,,
1789094520,246.2,246.2,246.1,246.1,4300,2026-09-11,,,,,,,,
1789094580,246.2,246.2,246.1,246.2,500,2026-09-11,,,,,,,,
1789094640,246.2,246.2,246.1,246.2,1600,2026-09-11,,,,,,,,
1789094700,246.2,246.4,246.2,246.4,2800,2026-09-11,,,,,,,,
1789094760,246.4,246.4,246.1,246.1,6900,2026-09-11,,,,,,,,
1789094820,246.1,246.1,245.7,246.0,33500,2026-09-11,,,,,,,,
1789094880,245.7,246.0,245.7,245.7,1100,2026-09-11,,,,,,,,
1789094940,245.7,245.9,245.7,245.7,3000,2026-09-11,,,,,,,,
1789095000,246.0,246.0,245.7,245.7,1400,2026-09-11,,,,,,,,
1789095060,245.8,245.8,245.6,245.6,6900,2026-09-11,,,,,,,,
1789095120,245.7,245.7,245.6,245.6,9000,2026-09-11,,,,,,,,
1789095180,245.6,245.6,245.1,245.1,7600,2026-09-11,,,,,,,,
1789095240,245.1,245.4,245.1,245.4,2900,2026-09-11,,,,,,,,
1789095300,245.3,245.4,245.3,245.4,2800,2026-09-11,,,,,,,,
1789095360,245.5,245.6,245.5,245.6,2000,2026-09-11,,,,,,,,
1789095420,245.6,245.7,245.6,245.7,5500,2026-09-11,,,,,,,,
1789095480,245.7,245.9,245.7,245.9,5900,2026-09-11,,,,,,,,
1789095540,245.9,246.0,245.8,245.8,5800,2026-09-11,,,,,,,,
1789095600,245.9,246.0,245.8,245.9,4700,2026-09-11,,,,,,,,
1789095660,246.0,246.0,245.9,245.9,5600,2026-09-11,,,,,,,,
1789095720,245.9,246.1,245.9,246.1,5300,2026-09-11,,,,,,,,
1789095780,246.0,246.1,246.0,246.0,2000,2026-09-11,,,,,,,,
1789095840,246.0,246.1,246.0,246.1,5500,2026-09-11,,,,,,,,
1789095900,246.1,246.1,245.9,246.1,10700,2026-09-11,,,,,,,,
1789095960,246.0,246.1,246.0,246.0,8600,2026-09-11,,,,,,,,
1789096020,246.0,246.1,245.7,245.7,10100,2026-09-11,,,,,,,,
1789096080,245.6,246.1,245.6,246.1,6700,2026-09-11,,,,,,,,
1789096140,246.0,246.1,246.0,246.0,2200,2026-09-11,,,,,,,,
1789096200,246.0,246.0,246.0,246.0,4800,2026-09-11,,,,,,,,
1789096260,246.0,246.0,245.9,245.9,5700,2026-09-11,,,,,,,,
1789096320,245.9,245.9,245.9,245.9,1900,2026-09-11,,,,,,,,
1789096380,245.8,246.0,245.8,245.9,18100,2026-09-11,,,,,,,,
1789096440,245.9,245.9,245.8,245.9,1600,2026-09-11,,,,,,,,
1789096500,245.9,245.9,245.9,245.9,1100,2026-09-11,,,,,,,,
1789096560,245.9,246.0,245.9,246.0,12700,2026-09-11,,,,,,,,
1789096620,245.9,246.1,245.9,246.1,400,2026-09-11,,,,,,,,
1789096680,246.0,246.1,246.0,246.0,8100,2026-09-11,,,,,,,,
1789096740,245.9,246.0,245.9,246.0,200,2026-09-11,,,,,,,,
1789096800,246.0,246.0,245.9,245.9,7800,2026-09-11,,,,,,,,
1789096860,245.9,245.9,245.9,245.9,1500,2026-09-11,,,,,,,,
1789096920,245.9,245.9,245.8,245.8,5100,2026-09-11,,,,,,,,
1789096980,245.9,245.9,245.8,245.9,3200,2026-09-11,,,,,,,,
1789097040,245.9,246.0,245.9,246.0,1200,2026-09-11,,,,,,,,
1789097100,245.9,246.0,245.9,245.9,1400,2026-09-11,,,,,,,,
1789097160,245.9,245.9,245.9,245.9,1400,2026-09-11,,,,,,,,
1789097220,245.9,246.4,245.9,246.4,29400,2026-09-11,,,,,,,,
1789097280,246.2,246.9,246.2,246.7,9600,2026-09-11,,,,,,,,
1789097340,246.8,247.0,246.8,247.0,7600,2026-09-11,,,,,,,,
1789097400,247.1,247.1,246.7,246.7,11700,2026-09-11,,,,,,,,
1789097460,247.0,247.0,246.5,246.5,6000,2026-09-11,,,,,,,,
1789097520,246.6,247.2,246.6,247.2,1800,2026-09-11,,,,,,,,
1789097580,247.3,248.0,247.3,248.0,5600,2026-09-11,,,,,,,,
1789097640,248.0,248.0,247.8,247.8,6900,2026-09-11,,,,,,,,
1789097700,247.8,247.8,247.8,247.8,2200,2026-09-11,,,,,,,,
1789097760,247.8,247.8,247.3,247.7,5600,2026-09-11,,,,,,,,
1789097820,247.6,247.6,246.9,247.0,2500,2026-09-11,,,,,,,,
1789097880,247.0,247.0,247.0,247.0,700,2026-09-11,,,,,,,,
1789097940,247.0,247.0,246.9,246.9,3200,2026-09-11,,,,,,,,
1789098000,246.9,246.9,246.9,246.9,2600,2026-09-11,,,,,,,,
1789098060,247.0,247.0,246.9,246.9,1000,2026-09-11,,,,,,,,
1789098120,246.9,246.9,246.8,246.8,8500,2026-09-11,,,,,,,,
1789098180,246.8,246.8,246.7,246.7,2300,2026-09-11,,,,,,,,
1789098240,246.7,246.7,246.7,246.7,800,2026-09-11,,,,,,,,
1789098300,246.7,246.7,246.5,246.5,16900,2026-09-11,,,,,,,,
1789098360,246.5,246.5,246.4,246.4,2300,2026-09-11,,,,,,,,
1789098420,246.4,246.4,246.2,246.2,3100,2026-09-11,,,,,,,,
1789098480,246.2,246.2,246.1,246.1,900,2026-09-11,,,,,,,,
1789098540,246.1,246.1,246.1,246.1,1100,2026-09-11,,,,,,,,
1789098600,246.1,246.1,246.0,246.0,2500,2026-09-11,,,,,,,,
1789098660,246.1,246.1,246.1,246.1,100,2026-09-11,,,,,,,,
1789098720,246.1,246.1,246.0,246.0,900,2026-09-11,,,,,,,,
1789098780,246.1,246.7,246.1,246.7,17300,2026-09-11,,,,,,,,
1789098840,246.7,246.8,246.7,246.7,4800,2026-09-11,,,,,,,,
1789098900,246.7,246.7,246.7,246.7,4900,2026-09-11,,,,,,,,
1789098960,246.8,246.8,246.5,246.6,12400,2026-09-11,,,,,,,,
1789099020,246.6,246.6,246.5,246.5,2800,2026-09-11,,,,,,,,
1789099080,246.5,246.5,246.5,246.5,1500,2026-09-11,,,,,,,,
1789099140,246.5,246.5,246.5,246.5,800,2026-09-11,,,,,,,,
1789099200,246.6,246.6,246.5,246.5,300,2026-09-11,,,,,,,,
1789099260,246.5,246.5,246.5,246.5,2300,2026-09-11,,,,,,,,
1789099320,246.5,246.6,246.4,246.4,3300,2026-09-11,,,,,,,,
1789099380,246.5,246.5,246.5,246.5,200,2026-09-11,,,,,,,,
1789099440,246.5,246.5,246.5,246.5,800,2026-09-11,,,,,,,,
1789099500,246.6,246.6,246.5,246.6,6300,2026-09-11,,,,,,,,
1789099560,246.6,246.6,246.5,246.5,1900,2026-09-11,,,,,,,,
1789099620,246.5,246.5,246.5,246.5,700,2026-09-11,,,,,,,,
1789099680,246.5,246.6,246.5,246.5,4200,2026-09-11,,,,,,,,
1789099740,246.5,246.6,246.5,246.5,6000,2026-09-11,,,,,,,,
1789099800,246.5,246.6,246.5,246.6,1000,2026-09-11,,,,,,,,
1789099860,246.6,246.6,246.6,246.6,1700,2026-09-11,,,,,,,,
1789099920,246.6,246.7,246.5,246.5,15800,2026-09-11,,,,,,,,
1789099980,246.5,246.6,246.5,246.6,1000,2026-09-11,,,,,,,,
1789100040,246.6,246.6,246.5,246.5,400,2026-09-11,,,,,,,,
1789100100,246.5,246.5,246.4,246.4,3000,2026-09-11,,,,,,,,
1789100160,246.5,246.6,246.4,246.6,4400,2026-09-11,,,,,,,,
1789100220,246.6,246.6,246.4,246.4,2900,2026-09-11,,,,,,,,
1789100280,246.6,246.6,246.4,246.4,2700,2026-09-11,,,,,,,,
1789100340,246.4,246.4,246.4,246.4,100,2026-09-11,,,,,,,,
1789100400,246.4,246.5,246.4,246.4,2800,2026-09-11,,,,,,,,
1789100460,246.5,246.5,246.4,246.4,21200,2026-09-11,,,,,,,,
1789100520,246.4,246.4,246.3,246.3,2700,2026-09-11,,,,,,,,
1789100580,246.3,246.4,246.3,246.4,3100,2026-09-11,,,,,,,,
1789100640,246.4,246.4,246.3,246.3,6300,2026-09-11,,,,,,,,
1789100700,246.4,246.4,246.3,246.4,5500,2026-09-11,,,,,,,,
1789100760,246.3,246.3,246.3,246.3,1400,2026-09-11,,,,,,,,
1789100820,246.3,247.3,246.3,247.3,67400,2026-09-11,,,,,,,,
1789100880,247.3,247.3,247.1,247.1,4600,2026-09-11,,,,,,,,
1789100940,247.1,247.5,247.0,247.5,29600,2026-09-11,,,,,,,,
1789106400,247.4,247.5,247.2,247.2,16700,2026-09-11,,,,,,,,
1789106460,247.4,247.4,247.0,247.1,17300,2026-09-11,,,,,,,,
1789106520,247.0,247.0,246.9,247.0,8500,2026-09-11,,,,,,,,
1789106580,247.0,247.0,246.8,246.8,19100,2026-09-11,,,,,,,,
1789106640,246.7,246.7,246.6,246.7,10400,2026-09-11,,,,,,,,
1789106700,246.7,246.7,246.6,246.6,1100,2026-09-11,,,,,,,,
1789106760,246.7,246.7,246.6,246.6,1000,2026-09-11,,,,,,,,
1789106820,246.6,247.1,246.6,247.1,41200,2026-09-11,,,,,,,,
1789106880,247.1,247.1,246.9,247.0,17000,2026-09-11,,,,,,,,
1789106940,246.9,246.9,246.8,246.8,6600,2026-09-11,,,,,,,,
1789107000,246.9,247.1,246.8,247.1,11600,2026-09-11,,,,,,,,
1789107060,247.0,247.1,246.9,247.1,38300,2026-09-11,,,,,,,,
1789107120,247.0,247.0,247.0,247.0,3400,2026-09-11,,,,,,,,
1789107180,247.0,247.1,246.9,247.1,26200,2026-09-11,,,,,,,,
1789107240,247.2,247.2,246.9,246.9,26500,2026-09-11,,,,,,,,
1789107300,247.1,247.3,247.0,247.3,29400,2026-09-11,,,,,,,,
1789107360,247.4,247.4,247.2,247.2,1500,2026-09-11,,,,,,,,
1789107420,247.2,247.4,247.1,247.4,19900,2026-09-11,,,,,,,,
1789107480,247.3,247.7,247.2,247.5,42900,2026-09-11,,,,,,,,
1789107540,247.6,247.8,247.6,247.6,26800,2026-09-11,,,,,,,,
1789107600,247.7,247.7,247.3,247.3,26200,2026-09-11,,,,,,,,
1789107660,247.3,247.5,247.2,247.2,6900,2026-09-11,,,,,,,,
1789107720,247.3,247.5,247.0,247.5,81100,2026-09-11,,,,,,,,
1789107780,247.5,247.8,247.3,247.8,50300,2026-09-11,,,,,,,,
1789107840,247.7,247.8,247.6,247.6,10100,2026-09-11,,,,,,,,
1789107900,247.6,247.7,247.5,247.5,9600,2026-09-11,,,,,,,,
1789107960,247.5,247.8,247.4,247.8,32900,2026-09-11,,,,,,,,
1789108020,247.7,247.9,247.7,247.7,10400,2026-09-11,,,,,,,,
1789108080,247.9,248.3,247.7,248.3,41200,2026-09-11,,,,,,,,
1789108140,248.2,248.3,248.0,248.0,20400,2026-09-11,,,,,,,,
1789108200,248.0,248.0,247.9,247.9,19300,2026-09-11,,,,,,,,
1789108260,247.9,248.0,247.7,248.0,51200,2026-09-11,,,,,,,,
1789108320,248.0,248.0,247.8,247.8,15000,2026-09-11,,,,,,,,
1789108380,248.0,248.0,247.6,247.7,23900,2026-09-11,,,,,,,,
1789108440,247.6,247.7,247.6,247.6,9200,2026-09-11,,,,,,,,
1789108500,247.7,247.7,247.4,247.7,8900,2026-09-11,,,,,,,,
1789108560,247.5,247.8,247.4,247.6,27600,2026-09-11,,,,,,,,
1789108620,247.6,247.7,247.5,247.6,15200,2026-09-11,,,,,,,,
1789108680,247.6,247.6,247.4,247.5,18900,2026-09-11,,,,,,,,
1789108740,247.4,247.5,247.3,247.4,10900,2026-09-11,,,,,,,,
1789108800,247.3,247.4,247.2,247.4,6800,2026-09-11,,,,,,,,
1789108860,247.2,247.4,247.1,247.1,8600,2026-09-11,,,,,,,,
1789108920,247.4,247.7,247.1,247.7,49900,2026-09-11,,,,,,,,
1789108980,247.7,247.7,247.5,247.5,8200,2026-09-11,,,,,,,,
1789109040,247.5,247.6,247.3,247.3,13800,2026-09-11,,,,,,,,
1789109100,247.4,247.4,247.2,247.3,19300,2026-09-11,,,,,,,,
1789109160,247.3,247.5,247.3,247.4,29900,2026-09-11,,,,,,,,
1789109220,247.3,247.3,247.1,247.3,12300,2026-09-11,,,,,,,,
1789109280,247.3,247.3,247.3,247.3,800,2026-09-11,,,,,,,,
1789109340,247.3,247.5,247.3,247.5,28600,2026-09-11,,,,,,,,
1789109400,247.6,247.6,247.4,247.6,1300,2026-09-11,,,,,,,,
1789109460,247.6,247.6,247.4,247.6,3400,2026-09-11,,,,,,,,
1789109520,247.6,247.7,247.5,247.7,64100,2026-09-11,,,,,,,,
1789109580,247.7,247.7,247.7,247.7,5900,2026-09-11,,,,,,,,
1789109640,247.7,247.7,247.7,247.7,3900,2026-09-11,,,,,,,,
1789109700,247.7,247.7,247.6,247.6,24900,2026-09-11,,,,,,,,
1789109760,247.6,247.7,247.5,247.5,29000,2026-09-11,,,,,,,,
1789109820,247.5,247.5,247.4,247.4,2600,2026-09-11,,,,,,,,
1789109880,247.4,247.5,247.4,247.5,1500,2026-09-11,,,,,,,,
1789109940,247.4,247.5,247.4,247.5,600,2026-09-11,,,,,,,,
1789110000,247.4,247.5,247.4,247.4,2700,2026-09-11,,,,,,,,
1789110060,247.4,247.5,247.4,247.5,17900,2026-09-11,,,,,,,,
1789110120,247.5,247.7,247.4,247.6,35200,2026-09-11,,,,,,,,
1789110180,247.7,247.7,247.5,247.5,5700,2026-09-11,,,,,,,,
1789110240,247.7,247.7,247.5,247.5,23300,2026-09-11,,,,,,,,
1789110300,247.6,247.6,247.5,247.5,4300,2026-09-11,,,,,,,,
1789110360,247.6,247.7,247.6,247.7,40700,2026-09-11,,,,,,,,
1789110420,247.6,247.7,247.6,247.7,19200,2026-09-11,,,,,,,,
1789110480,247.6,247.7,247.5,247.5,18200,2026-09-11,,,,,,,,
1789110540,247.5,247.6,246.9,247.1,130700,2026-09-11,,,,,,,,
1789110600,247.1,247.5,246.9,247.4,15800,2026-09-11,,,,,,,,
1789110660,247.5,247.6,247.3,247.4,47200,2026-09-11,,,,,,,,
1789110720,247.3,247.4,247.0,247.0,32400,2026-09-11,,,,,,,,
1789110780,247.1,247.2,246.9,247.0,14400,2026-09-11,,,,,,,,
1789110840,246.9,246.9,245.9,245.9,49500,2026-09-11,,,,,,,,
1789110900,245.9,246.0,245.7,246.0,8100,2026-09-11,,,,,,,,
1789110960,246.0,246.5,245.7,246.0,12600,2026-09-11,,,,,,,,
1789111020,246.6,246.6,246.0,246.3,2000,2026-09-11,,,,,,,,
1789111080,246.3,246.6,246.0,246.2,35000,2026-09-11,,,,,,,,
1789111140,246.3,246.4,245.8,245.8,30700,2026-09-11,,,,,,,,
1789111200,245.8,245.8,245.3,245.4,30000,2026-09-11,,,,,,,,
1789111260,245.4,245.4,244.9,245.0,78000,2026-09-11,,,,,,,,
1789111320,245.0,245.1,244.8,245.1,77200,2026-09-11,,,,,,,,
1789111380,245.1,245.1,245.0,245.0,63800,2026-09-11,,,,,,,,
1789111440,245.0,245.1,244.8,244.9,56200,2026-09-11,,,,,,,,
1789111500,244.8,244.8,244.4,244.6,42300,2026-09-11,,,,,,,,
1789111560,244.5,244.5,243.8,244.0,48300,2026-09-11,,,,,,,,
1789111620,244.0,244.0,243.8,243.9,15000,2026-09-11,,,,,,,,
1789111680,243.9,243.9,243.4,243.6,31800,2026-09-11,,,,,,,,
1789111740,243.6,244.3,243.5,243.9,164800,2026-09-11,,,,,,,,
1789112700,243.3,243.3,243.3,243.3,1236200,2026-09-11,,,,,,,,
1789352100,242.3,243.0,242.0,242.0,11100,2026-09-14,,,,,,,,
1789352160,242.9,242.9,241.7,241.7,2200,2026-09-14,,,,,,,,
1789352220,241.5,241.5,241.0,241.1,8600,2026-09-14,,,,,,,,
1789352280,241.1,241.3,241.0,241.0,14200,2026-09-14,,,,,,,,
1789352340,240.9,241.0,240.1,241.0,6400,2026-09-14,,,,,,,,
1789352400,241.2,242.0,241.2,241.5,11400,2026-09-14,,,,,,,,
1789352460,241.6,242.0,241.5,241.9,2500,2026-09-14,,,,,,,,
1789352520,242.0,242.0,241.9,242.0,2400,2026-09-14,,,,,,,,
1789352580,242.0,242.0,242.0,242.0,1200,2026-09-14,,,,,,,,
1789352640,242.0,242.0,241.8,241.8,4700,2026-09-14,,,,,,,,
1789352700,241.8,241.8,241.6,241.7,2300,2026-09-14,,,,,,,,
1789352760,241.7,241.7,241.7,241.7,400,2026-09-14,,,,,,,,
1789352820,241.7,242.5,241.5,242.1,13000,2026-09-14,,,,,,,,
1789352880,242.0,242.0,241.5,242.0,2000,2026-09-14,,,,,,,,
1789352940,242.0,242.7,242.0,242.0,3900,2026-09-14,,,,,,,,
1789353000,242.7,242.8,242.7,242.8,900,2026-09-14,,,,,,,,
1789353060,242.8,242.9,242.8,242.9,6200,2026-09-14,,,,,,,,
1789353120,242.9,242.9,242.5,242.8,4700,2026-09-14,,,,,,,,
1789353180,242.8,242.8,242.8,242.8,1000,2026-09-14,,,,,,,,
1789353240,242.8,242.8,242.5,242.5,4000,2026-09-14,,,,,,,,
1789353300,242.2,242.2,242.0,242.0,16300,2026-09-14,,,,,,,,
1789353360,242.0,242.0,241.5,241.5,5300,2026-09-14,,,,,,,,
1789353420,241.5,241.5,241.3,241.3,4600,2026-09-14,,,,,,,,
1789353480,241.3,241.3,241.2,241.2,400,2026-09-14,,,,,,,,
1789353540,241.2,241.2,240.8,240.8,9700,2026-09-14,,,,,,,,
1789353600,240.8,240.8,239.9,240.0,54600,2026-09-14,,,,,,,,
1789353660,240.0,240.0,239.8,239.9,3800,2026-09-14,,,,,,,,
1789353720,239.9,240.0,239.8,239.8,7200,2026-09-14,,,,,,,,
1789353780,239.9,239.9,239.8,239.8,4900,2026-09-14,,,,,,,,
1789353840,239.8,239.9,239.8,239.9,4500,2026-09-14,,,,,,,,
1789353900,239.8,239.9,238.8,238.9,34600,2026-09-14,,,,,,,,
1789353960,238.9,238.9,238.5,238.5,12400,2026-09-14,,,,,,,,
1789354020,238.4,238.5,238.3,238.5,6600,2026-09-14,,,,,,,,
1789354080,238.5,238.5,238.3,238.4,8100,2026-09-14,,,,,,,,
1789354140,238.3,238.4,238.3,238.4,7100,2026-09-14,,,,,,,,
1789354200,238.4,238.4,238.2,238.3,11000,2026-09-14,,,,,,,,
1789354260,238.3,238.9,238.3,238.9,15600,2026-09-14,,,,,,,,
1789354320,238.9,239.5,238.7,238.9,10100,2026-09-14,,,,,,,,
1789354380,238.8,238.8,238.4,238.5,9500,2026-09-14,,,,,,,,
1789354440,238.5,238.6,238.1,238.2,21100,2026-09-14,,,,,,,,
1789354500,238.0,238.2,237.7,237.7,29800,2026-09-14,,,,,,,,
1789354560,237.7,237.8,237.3,237.4,11000,2026-09-14,,,,,,,,
1789354620,237.4,237.5,237.3,237.4,7300,2026-09-14,,,,,,,,
1789354680,237.4,238.0,237.2,237.5,23800,2026-09-14,,,,,,,,
1789354740,237.5,237.6,237.5,237.5,4500,2026-09-14,,,,,,,,
1789354800,237.5,237.8,237.5,237.7,4600,2026-09-14,,,,,,,,
1789354860,237.7,238.0,237.6,237.6,10700,2026-09-14,,,,,,,,
1789354920,237.6,237.6,237.5,237.6,3000,2026-09-14,,,,,,,,
1789354980,237.6,237.8,237.5,237.8,4100,2026-09-14,,,,,,,,
1789355040,237.9,238.0,237.6,237.6,8300,2026-09-14,,,,,,,,
1789355100,237.6,237.6,237.1,237.4,17100,2026-09-14,,,,,,,,
1789355160,237.2,237.2,236.8,236.8,20000,2026-09-14,,,,,,,,
1789355220,236.8,236.8,235.9,235.9,26600,2026-09-14,,,,,,,,
1789355280,235.9,236.0,235.6,236.0,26300,2026-09-14,,,,,,,,
1789355340,236.2,236.5,236.0,236.5,4500,2026-09-14,,,,,,,,
1789355400,236.5,237.0,236.5,237.0,6100,2026-09-14,,,,,,,,
1789355460,236.8,237.0,236.8,237.0,4200,2026-09-14,,,,,,,,
1789355520,237.0,237.0,236.6,236.9,5700,2026-09-14,,,,,,,,
1789355580,236.9,236.9,236.6,236.6,5900,2026-09-14,,,,,,,,
1789355640,236.8,236.8,236.5,236.5,3900,2026-09-14,,,,,,,,
1789355700,236.5,236.6,236.0,236.0,8700,2026-09-14,,,,,,,,
1789355760,236.0,236.0,235.8,235.8,10700,2026-09-14,,,,,,,,
1789355820,235.9,236.1,235.8,236.0,15200,2026-09-14,,,,,,,,
1789355880,236.0,236.5,236.0,236.5,8600,2026-09-14,,,,,,,,
1789355940,236.5,236.6,236.1,236.4,4500,2026-09-14,,,,,,,,
1789356000,236.4,236.5,236.2,236.3,6500,2026-09-14,,,,,,,,
1789356060,236.2,236.7,236.2,236.5,3200,2026-09-14,,,,,,,,
1789356120,236.7,237.0,236.7,236.7,18600,2026-09-14,,,,,,,,
1789356180,236.8,237.1,236.8,237.1,4700,2026-09-14,,,,,,,,
1789356240,237.2,238.6,237.2,238.6,11600,2026-09-14,,,,,,,,
1789356300,238.6,239.5,238.6,239.5,12500,2026-09-14,,,,,,,,
1789356360,239.6,240.0,239.5,239.9,23900,2026-09-14,,,,,,,,
1789356420,240.1,241.0,240.1,240.9,14700,2026-09-14,,,,,,,,
1789356480,241.0,241.0,240.2,240.4,53000,2026-09-14,,,,,,,,
1789356540,240.1,240.1,239.0,239.1,4500,2026-09-14,,,,,,,,
1789356600,239.1,240.0,239.0,239.2,3500,2026-09-14,,,,,,,,
1789356660,239.2,239.5,238.8,238.8,7000,2026-09-14,,,,,,,,
1789356720,238.8,238.8,237.0,237.5,11000,2026-09-14,,,,,,,,
1789356780,237.9,238.8,237.5,238.4,6300,2026-09-14,,,,,,,,
1789356840,238.4,238.4,238.0,238.0,3800,2026-09-14,,,,,,,,
1789356900,238.0,238.4,238.0,238.4,2700,2026-09-14,,,,,,,,
1789356960,238.4,238.4,238.1,238.1,4100,2026-09-14,,,,,,,,
1789357020,238.2,238.2,237.9,237.9,4300,2026-09-14,,,,,,,,
1789357080,237.9,237.9,237.5,237.5,4500,2026-09-14,,,,,,,,
1789357140,237.3,237.6,237.1,237.2,10900,2026-09-14,,,,,,,,
1789357200,237.2,237.6,237.2,237.4,5300,2026-09-14,,,,,,,,
1789357260,237.5,237.7,237.4,237.7,5200,2026-09-14,,,,,,,,
1789357320,237.7,237.8,237.7,237.8,5500,2026-09-14,,,,,,,,
1789357380,237.8,238.5,237.8,238.5,5700,2026-09-14,,,,,,,,
1789357440,238.5,239.0,238.5,239.0,3300,2026-09-14,,,,,,,,
1789357500,239.0,239.8,239.0,239.2,4400,2026-09-14,,,,,,,,
1789357560,239.6,240.1,239.6,240.0,14800,2026-09-14,,,,,,,,
1789357620,240.0,240.4,239.8,239.8,5300,2026-09-14,,,,,,,,
1789357680,240.0,240.2,239.7,239.8,5900,2026-09-14,,,,,,,,
1789357740,239.7,239.8,239.6,239.8,4600,2026-09-14,,,,,,,,
1789357800,239.8,239.8,239.5,239.5,2400,2026-09-14,,,,,,,,
1789357860,239.5,239.6,239.2,239.2,4200,2026-09-14,,,,,,,,
1789357920,239.2,239.3,239.2,239.3,2900,2026-09-14,,,,,,,,
1789357980,239.2,239.2,239.0,239.0,1900,2026-09-14,,,,,,,,
1789358040,239.0,239.0,238.6,238.6,2200,2026-09-14,,,,,,,,
1789358100,238.9,238.9,238.2,238.2,3600,2026-09-14,,,,,,,,
1789358160,238.5,238.6,238.2,238.2,5500,2026-09-14,,,,,,,,
1789358220,238.2,238.8,238.2,238.2,4000,2026-09-14,,,,,,,,
1789358280,238.3,238.9,238.3,238.5,3500,2026-09-14,,,,,,,,
1789358340,238.5,239.0,238.5,239.0,7100,2026-09-14,,,,,,,,
1789358400,238.5,238.5,238.2,238.2,3900,2026-09-14,,,,,,,,
1789358460,238.2,238.2,238.0,238.0,1200,2026-09-14,,,,,,,,
1789358520,238.0,238.4,238.0,238.2,4100,2026-09-14,,,,,,,,
1789358580,238.3,238.5,238.3,238.3,3900,2026-09-14,,,,,,,,
1789358640,238.3,238.7,238.2,238.3,8500,2026-09-14,,,,,,,,
1789358700,238.3,238.5,238.3,238.5,2500,2026-09-14,,,,,,,,
1789358760,238.6,238.7,238.3,238.3,2100,2026-09-14,,,,,,,,
1789358820,238.4,238.4,238.2,238.3,4600,2026-09-14,,,,,,,,
1789358880,238.3,238.3,238.1,238.1,4100,2026-09-14,,,,,,,,
1789358940,238.1,238.1,238.0,238.0,4500,2026-09-14,,,,,,,,
1789359000,238.0,238.0,238.0,238.0,4200,2026-09-14,,,,,,,,
1789359060,238.0,239.0,238.0,238.6,13500,2026-09-14,,,,,,,,
1789359120,238.8,239.6,238.8,239.0,9400,2026-09-14,,,,,,,,
1789359180,239.0,239.8,239.0,239.3,3600,2026-09-14,,,,,,,,
1789359240,239.2,239.3,239.0,239.2,7400,2026-09-14,,,,,,,,
1789359300,239.2,240.2,239.2,240.0,14800,2026-09-14,,,,,,,,
1789359360,240.0,240.4,240.0,240.0,4500,2026-09-14,,,,,,,,
1789359420,240.0,240.0,239.8,239.8,12200,2026-09-14,,,,,,,,
1789359480,239.7,239.9,239.6,239.6,6500,2026-09-14,,,,,,,,
1789359540,239.6,239.8,239.5,239.8,8000,2026-09-14,,,,,,,,
1789359600,239.8,239.8,239.4,239.5,7100,2026-09-14,,,,,,,,
1789359660,239.5,239.5,239.4,239.4,3900,2026-09-14,,,,,,,,
1789359720,239.4,239.5,239.3,239.3,9800,2026-09-14,,,,,,,,
1789359780,239.2,239.3,239.1,239.3,8400,2026-09-14,,,,,,,,
1789359840,239.1,239.3,238.9,238.9,11100,2026-09-14,,,,,,,,
1789359900,238.9,239.0,238.9,238.9,3800,2026-09-14,,,,,,,,
1789359960,238.9,238.9,238.8,238.8,3900,2026-09-14,,,,,,,,
1789360020,238.9,239.0,238.7,238.7,7300,2026-09-14,,,,,,,,
1789360080,238.7,238.7,238.2,238.3,21900,2026-09-14,,,,,,,,
1789360140,238.3,238.3,238.1,238.1,5800,2026-09-14,,,,,,,,
1789365600,238.1,238.6,238.1,238.4,9200,2026-09-14,,,,,,,,
1789365660,238.3,238.3,238.2,238.2,2300,2026-09-14,,,,,,,,
1789365720,238.4,240.0,238.4,240.0,21400,2026-09-14,,,,,,,,
1789365780,240.1,241.3,240.1,241.0,33600,2026-09-14,,,,,,,,
1789365840,241.1,241.8,241.0,241.8,3300,2026-09-14,,,,,,,,
1789365900,241.7,241.8,241.4,241.4,15300,2026-09-14,,,,,,,,
1789365960,241.5,241.5,241.2,241.2,15500,2026-09-14,,,,,,,,
1789366020,241.2,241.3,241.1,241.1,12100,2026-09-14,,,,,,,,
1789366080,241.2,241.2,241.0,241.1,12700,2026-09-14,,,,,,,,
1789366140,241.0,241.1,240.9,241.0,10600,2026-09-14,,,,,,,,
1789366200,240.9,241.0,240.9,241.0,12100,2026-09-14,,,,,,,,
1789366260,240.9,240.9,240.7,240.8,10700,2026-09-14,,,,,,,,
1789366320,240.7,240.7,240.5,240.5,10900,2026-09-14,,,,,,,,
1789366380,240.5,240.5,240.2,240.2,16500,2026-09-14,,,,,,,,
1789366440,240.0,240.6,240.0,240.6,30200,2026-09-14,,,,,,,,
1789366500,240.6,241.1,240.6,241.0,43700,2026-09-14,,,,,,,,
1789366560,241.0,241.1,240.8,241.1,6800,2026-09-14,,,,,,,,
1789366620,241.2,242.3,241.2,242.1,22300,2026-09-14,,,,,,,,
1789366680,242.1,242.1,241.8,241.9,22300,2026-09-14,,,,,,,,
1789366740,241.8,241.9,241.7,241.7,15900,2026-09-14,,,,,,,,
1789366800,241.7,241.7,241.6,241.6,11200,2026-09-14,,,,,,,,
1789366860,241.6,241.7,241.5,241.7,13200,2026-09-14,,,,,,,,
1789366920,241.8,243.2,241.8,243.2,89600,2026-09-14,,,,,,,,
1789366980,243.2,243.2,242.9,243.2,44700,2026-09-14,,,,,,,,
1789367040,243.2,243.2,243.0,243.0,15500,2026-09-14,,,,,,,,
1789367100,242.9,242.9,242.8,242.8,8000,2026-09-14,,,,,,,,
1789367160,242.7,242.7,242.3,242.3,9000,2026-09-14,,,,,,,,
1789367220,242.3,242.8,242.1,242.8,22600,2026-09-14,,,,,,,,
1789367280,242.8,243.3,242.8,243.2,51900,2026-09-14,,,,,,,,
1789367340,243.2,243.2,242.9,242.9,16900,2026-09-14,,,,,,,,
1789367400,242.9,242.9,242.7,242.7,7700,2026-09-14,,,,,,,,
1789367460,242.8,242.8,242.7,242.7,3700,2026-09-14,,,,,,,,
1789367520,242.6,242.6,242.4,242.4,12700,2026-09-14,,,,,,,,
1789367580,242.5,242.5,242.3,242.5,5200,2026-09-14,,,,,,,,
1789367640,242.5,242.5,242.2,242.2,7600,2026-09-14,,,,,,,,
1789367700,242.2,242.3,242.0,242.1,12500,2026-09-14,,,,,,,,
1789367760,242.0,242.1,241.9,241.9,4700,2026-09-14,,,,,,,,
1789367820,241.9,241.9,241.8,241.8,8500,2026-09-14,,,,,,,,
1789367880,241.8,241.8,241.5,241.5,12300,2026-09-14,,,,,,,,
1789367940,241.5,241.5,241.4,241.4,14200,2026-09-14,,,,,,,,
1789368000,241.4,241.4,241.1,241.1,10400,2026-09-14,,,,,,,,
1789368060,241.1,241.1,240.9,240.9,12400,2026-09-14,,,,,,,,
1789368120,240.9,241.6,240.9,241.6,43600,2026-09-14,,,,,,,,
1789368180,241.5,241.6,241.3,241.3,22400,2026-09-14,,,,,,,,
1789368240,241.2,241.2,240.7,240.7,22000,2026-09-14,,,,,,,,
1789368300,240.7,240.7,240.5,240.5,9000,2026-09-14,,,,,,,,
1789368360,240.5,240.5,240.2,240.2,27700,2026-09-14,,,,,,,,
1789368420,240.2,240.2,239.8,239.8,20700,2026-09-14,,,,,,,,
1789368480,239.8,239.9,239.6,239.6,20100,2026-09-14,,,,,,,,
1789368540,239.6,240.2,239.5,240.2,60500,2026-09-14,,,,,,,,
1789368600,240.1,240.6,240.1,240.5,49100,2026-09-14,,,,,,,,
1789368660,240.4,240.6,240.3,240.5,25500,2026-09-14,,,,,,,,
1789368720,240.6,241.1,240.5,241.0,58800,2026-09-14,,,,,,,,
1789368780,241.0,241.1,240.9,241.0,33800,2026-09-14,,,,,,,,
1789368840,241.0,241.3,240.9,240.9,65800,2026-09-14,,,,,,,,
1789368900,240.8,240.9,240.8,240.8,3300,2026-09-14,,,,,,,,
1789368960,240.8,241.0,240.8,241.0,16000,2026-09-14,,,,,,,,
1789369020,241.0,241.0,240.9,240.9,12300,2026-09-14,,,,,,,,
1789369080,240.9,241.1,240.9,241.0,40600,2026-09-14,,,,,,,,
1789369140,241.1,241.3,241.1,241.2,13600,2026-09-14,,,,,,,,
1789369200,241.2,241.2,241.0,241.0,10300,2026-09-14,,,,,,,,
1789369260,241.0,241.0,240.9,240.9,3400,2026-09-14,,,,,,,,
1789369320,241.1,241.5,241.1,241.4,45300,2026-09-14,,,,,,,,
1789369380,241.5,241.5,241.4,241.5,6900,2026-09-14,,,,,,,,
1789369440,241.5,242.0,241.4,241.8,36600,2026-09-14,,,,,,,,
1789369500,241.8,241.8,241.5,241.5,17800,2026-09-14,,,,,,,,
1789369560,241.4,241.4,241.2,241.2,15600,2026-09-14,,,,,,,,
1789369620,241.2,241.2,241.0,241.0,13700,2026-09-14,,,,,,,,
1789369680,241.0,241.1,240.9,240.9,5200,2026-09-14,,,,,,,,
1789369740,240.9,240.9,240.8,240.8,9300,2026-09-14,,,,,,,,
1789369800,240.8,241.5,240.8,241.5,45300,2026-09-14,,,,,,,,
1789369860,241.5,241.5,241.2,241.2,7500,2026-09-14,,,,,,,,
1789369920,241.2,241.2,240.9,241.0,12100,2026-09-14,,,,,,,,
1789369980,241.0,241.0,240.9,240.9,4200,2026-09-14,,,,,,,,
1789370040,240.9,241.1,240.9,241.0,17600,2026-09-14,,,,,,,,
1789370100,240.9,241.0,240.9,240.9,4400,2026-09-14,,,,,,,,
1789370160,240.9,241.1,240.9,241.1,16800,2026-09-14,,,,,,,,
1789370220,241.0,241.2,240.9,240.9,27200,2026-09-14,,,,,,,,
1789370280,241.0,241.2,240.9,241.2,44200,2026-09-14,,,,,,,,
1789370340,241.3,241.3,241.0,241.0,38900,2026-09-14,,,,,,,,
1789370400,241.0,241.5,240.9,241.4,51000,2026-09-14,,,,,,,,
1789370460,241.4,241.4,241.1,241.3,37500,2026-09-14,,,,,,,,
1789370520,241.3,241.5,241.2,241.2,33900,2026-09-14,,,,,,,,
1789370580,241.2,241.3,240.9,241.3,32900,2026-09-14,,,,,,,,
1789370640,241.3,241.6,241.2,241.4,58200,2026-09-14,,,,,,,,
1789370700,241.4,241.8,241.3,241.6,116100,2026-09-14,,,,,,,,
1789370760,241.8,242.1,241.5,241.5,36000,2026-09-14,,,,,,,,
1789370820,241.5,241.5,241.3,241.3,10600,2026-09-14,,,,,,,,
1789370880,241.3,241.5,241.0,241.1,19400,2026-09-14,,,,,,,,
1789370940,241.0,241.1,240.2,240.2,6700,2026-09-14,,,,,,,,
1789371900,241.4,241.4,241.4,241.4,945900,2026-09-14,,,,,,,,
1789438500,242.0,242.7,242.0,242.7,4400,2026-09-15,,,,,,,,
1789438560,242.7,242.7,242.7,242.7,300,2026-09-15,,,,,,,,
1789438620,242.7,242.7,242.7,242.7,2300,2026-09-15,,,,,,,,
1789438680,242.5,242.6,242.4,242.5,2300,2026-09-15,,,,,,,,
1789438740,242.5,242.5,242.4,242.5,1400,2026-09-15,,,,,,,,
1789438800,242.5,242.5,242.3,242.4,4000,2026-09-15,,,,,,,,
1789438860,242.4,242.6,242.4,242.6,5700,2026-09-15,,,,,,,,
1789438920,242.6,242.9,242.6,242.9,8000,2026-09-15,,,,,,,,
1789438980,242.9,243.2,242.8,243.2,6700,2026-09-15,,,,,,,,
1789439040,243.2,243.2,242.4,242.6,9400,2026-09-15,,,,,,,,
1789439100,242.6,242.6,241.4,241.4,12500,2026-09-15,,,,,,,,
1789439160,241.5,241.6,241.5,241.6,2400,2026-09-15,,,,,,,,
1789439220,241.6,242.5,241.6,242.5,500,2026-09-15,,,,,,,,
1789439280,241.7,242.4,241.7,242.3,2100,2026-09-15,,,,,,,,
1789439340,241.9,242.1,241.8,241.8,2100,2026-09-15,,,,,,,,
1789439400,241.8,242.1,241.7,241.7,2900,2026-09-15,,,,,,,,
1789439460,241.6,241.7,241.6,241.7,3300,2026-09-15,,,,,,,,
1789439520,241.7,242.0,241.7,241.7,1500,2026-09-15,,,,,,,,
1789439580,241.7,241.9,241.7,241.9,500,2026-09-15,,,,,,,,
1789439640,241.9,241.9,241.7,241.9,3600,2026-09-15,,,,,,,,
1789439700,241.9,241.9,241.8,241.8,1900,2026-09-15,,,,,,,,
1789439760,241.8,242.1,241.8,242.1,1200,2026-09-15,,,,,,,,
1789439820,241.9,242.2,241.9,242.1,4500,2026-09-15,,,,,,,,
1789439880,242.1,242.1,241.8,241.8,10400,2026-09-15,,,,,,,,
1789439940,241.8,241.8,241.4,241.4,8100,2026-09-15,,,,,,,,
1789440000,241.2,241.4,241.0,241.2,3400,2026-09-15,,,,,,,,
1789440060,241.2,241.4,241.2,241.4,9500,2026-09-15,,,,,,,,
1789440120,241.4,241.9,241.4,241.4,9800,2026-09-15,,,,,,,,
1789440180,241.4,241.9,241.4,241.4,7800,2026-09-15,,,,,,,,
1789440240,241.4,241.6,241.4,241.5,4000,2026-09-15,,,,,,,,
1789440300,241.4,241.6,241.4,241.6,1500,2026-09-15,,,,,,,,
1789440360,241.6,241.6,241.6,241.6,300,2026-09-15,,,,,,,,
1789440420,241.5,241.6,241.5,241.5,800,2026-09-15,,,,,,,,
1789440480,241.5,241.6,241.4,241.6,9000,2026-09-15,,,,,,,,
1789440540,241.6,241.7,241.6,241.7,6100,2026-09-15,,,,,,,,
1789440600,241.7,241.7,241.7,241.7,600,2026-09-15,,,,,,,,
1789440660,241.7,241.7,241.7,241.7,2100,2026-09-15,,,,,,,,
1789440720,241.6,241.7,241.6,241.7,900,2026-09-15,,,,,,,,
1789440780,241.7,241.7,241.7,241.7,1200,2026-09-15,,,,,,,,
1789440840,241.8,241.8,241.7,241.7,1900,2026-09-15,,,,,,,,
1789440900,241.5,242.0,241.5,242.0,6300,2026-09-15,,,,,,,,
1789440960,242.0,242.0,242.0,242.0,400,2026-09-15,,,,,,,,
1789441020,242.0,242.0,242.0,242.0,400,2026-09-15,,,,,,,,
1789441080,242.0,242.0,241.7,242.0,9000,2026-09-15,,,,,,,,
1789441140,242.0,242.1,242.0,242.1,1000,2026-09-15,,,,,,,,
1789441200,242.0,242.1,242.0,242.1,700,2026-09-15,,,,,,,,
1789441260,242.1,242.2,242.1,242.2,3400,2026-09-15,,,,,,,,
1789441320,242.2,242.2,242.2,242.2,1100,2026-09-15,,,,,,,,
1789441380,242.2,242.2,242.2,242.2,700,2026-09-15,,,,,,,,
1789441440,242.1,242.1,242.0,242.0,3200,2026-09-15,,,,,,,,
1789441500,242.0,242.1,241.9,242.1,800,2026-09-15,,,,,,,,
1789441560,242.1,242.1,241.9,242.1,800,2026-09-15,,,,,,,,
1789441620,242.1,242.2,242.1,242.2,7800,2026-09-15,,,,,,,,
1789441680,242.3,242.6,242.3,242.5,9800,2026-09-15,,,,,,,,
1789441740,242.6,242.6,242.5,242.5,2000,2026-09-15,,,,,,,,
1789441800,242.5,242.5,242.4,242.5,2000,2026-09-15,,,,,,,,
1789441860,242.5,242.5,242.4,242.4,3000,2026-09-15,,,,,,,,
1789441920,242.3,242.5,242.3,242.5,2800,2026-09-15,,,,,,,,
1789441980,242.4,242.4,242.4,242.4,1500,2026-09-15,,,,,,,,
1789442040,242.5,242.5,242.4,242.5,1100,2026-09-15,,,,,,,,
1789442100,242.5,242.5,242.4,242.5,3600,2026-09-15,,,,,,,,
1789442160,242.5,242.5,242.5,242.5,700,2026-09-15,,,,,,,,
1789442220,242.5,242.6,242.5,242.6,7000,2026-09-15,,,,,,,,
1789442280,242.6,242.7,242.5,242.7,4500,2026-09-15,,,,,,,,
1789442340,242.7,242.8,242.6,242.8,4700,2026-09-15,,,,,,,,
1789442400,242.8,242.8,242.8,242.8,600,2026-09-15,,,,,,,,
1789442460,242.8,242.8,242.6,242.7,3000,2026-09-15,,,,,,,,
1789442520,242.7,243.1,242.7,243.1,19200,2026-09-15,,,,,,,,
1789442580,243.1,243.1,243.1,243.1,1100,2026-09-15,,,,,,,,
1789442640,243.1,243.1,243.0,243.0,1000,2026-09-15,,,,,,,,
1789442700,243.0,243.0,243.0,243.0,2000,2026-09-15,,,,,,,,
1789442760,242.9,242.9,242.9,242.9,2600,2026-09-15,,,,,,,,
1789442820,242.9,242.9,242.9,242.9,1900,2026-09-15,,,,,,,,
1789442880,242.9,242.9,242.8,242.9,3800,2026-09-15,,,,,,,,
1789442940,242.8,242.8,242.8,242.8,300,2026-09-15,,,,,,,,
1789443000,242.8,242.8,242.6,242.7,6700,2026-09-15,,,,,,,,
1789443060,242.6,242.6,242.5,242.5,6800,2026-09-15,,,,,,,,
1789443120,242.4,242.5,242.4,242.5,1800,2026-09-15,,,,,,,,
1789443180,242.5,242.6,242.5,242.6,1800,2026-09-15,,,,,,,,
1789443240,242.6,242.6,242.6,242.6,5300,2026-09-15,,,,,,,,
1789443300,242.7,242.7,242.7,242.7,700,2026-09-15,,,,,,,,
1789443360,242.7,242.7,242.6,242.6,1200,2026-09-15,,,,,,,,
1789443420,242.6,242.7,242.5,242.7,11400,2026-09-15,,,,,,,,
1789443480,242.6,242.6,242.6,242.6,1500,2026-09-15,,,,,,,,
1789443540,242.6,242.6,242.6,242.6,1500,2026-09-15,,,,,,,,
1789443600,242.6,242.6,242.5,242.6,1800,2026-09-15,,,,,,,,
1789443660,242.6,242.6,242.5,242.6,2900,2026-09-15,,,,,,,,
1789443720,242.5,242.6,242.5,242.5,12300,2026-09-15,,,,,,,,
1789443780,242.5,242.5,242.5,242.5,1600,2026-09-15,,,,,,,,
1789443840,242.5,242.5,242.5,242.5,500,2026-09-15,,,,,,,,
1789443900,242.4,242.5,242.3,242.3,9900,2026-09-15,,,,,,,,
1789443960,242.3,242.3,242.3,242.3,400,2026-09-15,,,,,,,,
1789444020,242.2,242.3,242.2,242.3,2900,2026-09-15,,,,,,,,
1789444080,242.2,242.3,242.2,242.3,3300,2026-09-15,,,,,,,,
1789444140,242.1,242.1,242.0,242.0,7800,2026-09-15,,,,,,,,
1789444200,242.0,242.1,242.0,242.1,7200,2026-09-15,,,,,,,,
1789444260,242.0,242.0,241.7,241.7,18400,2026-09-15,,,,,,,,
1789444320,241.7,241.9,241.4,241.4,22000,2026-09-15,,,,,,,,
1789444380,241.4,241.4,241.3,241.4,9000,2026-09-15,,,,,,,,
1789444440,241.4,241.5,241.3,241.4,13900,2026-09-15,,,,,,,,
1789444500,241.3,241.5,241.3,241.5,9800,2026-09-15,,,,,,,,
1789444560,241.4,241.5,241.3,241.5,16600,2026-09-15,,,,,,,,
1789444620,241.5,241.5,241.4,241.4,8600,2026-09-15,,,,,,,,
1789444680,241.5,241.5,241.4,241.5,2300,2026-09-15,,,,,,,,
1789444740,241.4,241.5,241.4,241.5,9500,2026-09-15,,,,,,,,
1789444800,241.5,241.6,241.5,241.6,4500,2026-09-15,,,,,,,,
1789444860,241.6,241.6,241.6,241.6,2700,2026-09-15,,,,,,,,
1789444920,241.5,241.5,241.5,241.5,3400,2026-09-15,,,,,,,,
1789444980,241.6,241.6,241.6,241.6,2900,2026-09-15,,,,,,,,
1789445040,241.6,241.7,241.6,241.7,1700,2026-09-15,,,,,,,,
1789445100,241.7,241.7,241.6,241.6,3700,2026-09-15,,,,,,,,
1789445160,241.6,241.7,241.6,241.6,2600,2026-09-15,,,,,,,,
1789445220,241.6,241.6,241.6,241.6,1700,2026-09-15,,,,,,,,
1789445280,241.6,241.7,241.5,241.7,4500,2026-09-15,,,,,,,,
1789445340,241.7,241.8,241.7,241.8,6400,2026-09-15,,,,,,,,
1789445400,241.8,241.9,241.8,241.9,2600,2026-09-15,,,,,,,,
1789445460,241.7,241.7,241.6,241.6,6300,2026-09-15,,,,,,,,
1789445520,241.6,241.6,241.5,241.6,6200,2026-09-15,,,,,,,,
1789445580,241.6,241.7,241.6,241.7,2700,2026-09-15,,,,,,,,
1789445640,241.7,241.7,241.7,241.7,1200,2026-09-15,,,,,,,,
1789445700,241.7,241.7,241.5,241.7,3100,2026-09-15,,,,,,,,
1789445760,241.7,241.7,241.4,241.4,3200,2026-09-15,,,,,,,,
1789445820,241.6,241.6,241.4,241.6,11500,2026-09-15,,,,,,,,
1789445880,241.7,241.9,241.7,241.8,2300,2026-09-15,,,,,,,,
1789445940,241.8,241.8,241.6,241.8,1100,2026-09-15,,,,,,,,
1789446000,241.8,241.8,241.5,241.7,8500,2026-09-15,,,,,,,,
1789446060,241.5,241.7,241.5,241.7,4300,2026-09-15,,,,,,,,
1789446120,241.5,241.6,241.5,241.5,2800,2026-09-15,,,,,,,,
1789446180,241.5,241.5,241.4,241.5,2900,2026-09-15,,,,,,,,
1789446240,241.5,241.5,241.4,241.5,11400,2026-09-15,,,,,,,,
1789446300,241.5,241.7,241.5,241.6,7900,2026-09-15,,,,,,,,
1789446360,241.6,241.6,241.5,241.6,4200,2026-09-15,,,,,,,,
1789446420,241.6,241.6,241.5,241.6,3200,2026-09-15,,,,,,,,
1789446480,241.6,241.6,241.5,241.5,1900,2026-09-15,,,,,,,,
1789446540,241.4,241.5,241.4,241.5,4600,2026-09-15,,,,,,,,
1789452000,241.5,241.7,241.4,241.4,10300,2026-09-15,,,,,,,,
1789452060,241.5,241.6,241.5,241.6,3400,2026-09-15,,,,,,,,
1789452120,241.6,241.6,241.4,241.4,1400,2026-09-15,,,,,,,,
1789452180,241.4,241.6,241.4,241.4,5300,2026-09-15,,,,,,,,
1789452240,241.4,241.6,241.3,241.5,9700,2026-09-15,,,,,,,,
1789452300,241.4,241.6,241.4,241.6,6600,2026-09-15,,,,,,,,
1789452360,241.4,241.6,241.4,241.6,2200,2026-09-15,,,,,,,,
1789452420,241.4,241.6,241.4,241.4,2200,2026-09-15,,,,,,,,
1789452480,241.4,241.6,241.4,241.5,4500,2026-09-15,,,,,,,,
1789452540,241.5,241.5,241.4,241.5,6400,2026-09-15,,,,,,,,
1789452600,241.5,241.5,241.4,241.5,4300,2026-09-15,,,,,,,,
1789452660,241.5,241.5,241.4,241.4,1500,2026-09-15,,,,,,,,
1789452720,241.4,241.4,241.3,241.4,8800,2026-09-15,,,,,,,,
1789452780,241.4,241.4,241.2,241.2,6700,2026-09-15,,,,,,,,
1789452840,241.2,241.4,241.2,241.2,4600,2026-09-15,,,,,,,,
1789452900,241.2,241.6,241.2,241.6,13200,2026-09-15,,,,,,,,
1789452960,241.6,241.6,241.5,241.6,2400,2026-09-15,,,,,,,,
1789453020,241.6,241.6,241.5,241.6,12400,2026-09-15,,,,,,,,
1789453080,241.7,241.7,241.5,241.7,1200,2026-09-15,,,,,,,,
1789453140,241.7,241.8,241.6,241.8,6300,2026-09-15,,,,,,,,
1789453200,241.8,241.8,241.7,241.8,3300,2026-09-15,,,,,,,,
1789453260,241.8,241.8,241.7,241.7,1900,2026-09-15,,,,,,,,
1789453320,241.6,241.7,241.5,241.6,23300,2026-09-15,,,,,,,,
1789453380,241.5,241.6,241.5,241.6,12100,2026-09-15,,,,,,,,
1789453440,241.6,241.7,241.5,241.7,13800,2026-09-15,,,,,,,,
1789453500,241.7,241.7,241.6,241.6,1800,2026-09-15,,,,,,,,
1789453560,241.6,241.7,241.5,241.6,6400,2026-09-15,,,,,,,,
1789453620,241.5,241.6,241.4,241.4,15600,2026-09-15,,,,,,,,
1789453680,241.3,241.5,241.3,241.4,23200,2026-09-15,,,,,,,,
1789453740,241.3,241.4,241.3,241.3,8200,2026-09-15,,,,,,,,
1789453800,241.4,241.6,241.4,241.4,21900,2026-09-15,,,,,,,,
1789453860,241.5,241.5,241.3,241.5,33900,2026-09-15,,,,,,,,
1789453920,241.5,241.5,241.2,241.4,42100,2026-09-15,,,,,,,,
1789453980,241.3,241.4,241.3,241.4,43800,2026-09-15,,,,,,,,
1789454040,241.4,241.5,241.3,241.3,38700,2026-09-15,,,,,,,,
1789454100,241.3,241.3,241.2,241.3,8100,2026-09-15,,,,,,,,
1789454160,241.2,241.5,241.2,241.4,46600,2026-09-15,,,,,,,,
1789454220,241.4,241.4,241.2,241.4,19600,2026-09-15,,,,,,,,
1789454280,241.4,241.5,241.4,241.5,43300,2026-09-15,,,,,,,,
1789454340,241.4,241.5,241.4,241.4,7700,2026-09-15,,,,,,,,
1789454400,241.3,241.4,241.3,241.4,23600,2026-09-15,,,,,,,,
1789454460,241.4,241.5,241.4,241.4,22800,2026-09-15,,,,,,,,
1789454520,241.3,241.4,241.2,241.3,22700,2026-09-15,,,,,,,,
1789454580,241.3,241.3,241.1,241.2,54700,2026-09-15,,,,,,,,
1789454640,241.2,241.2,241.0,241.0,53800,2026-09-15,,,,,,,,
1789454700,241.0,241.4,241.0,241.3,58100,2026-09-15,,,,,,,,
1789454760,241.3,241.3,241.2,241.2,14100,2026-09-15,,,,,,,,
1789454820,241.2,241.4,241.1,241.3,42300,2026-09-15,,,,,,,,
1789454880,241.3,241.3,241.2,241.2,22200,2026-09-15,,,,,,,,
1789454940,241.2,241.3,241.1,241.2,17300,2026-09-15,,,,,,,,
1789455000,241.2,241.4,241.2,241.3,36400,2026-09-15,,,,,,,,
1789455060,241.3,241.4,241.2,241.3,27500,2026-09-15,,,,,,,,
1789455120,241.2,241.4,241.2,241.3,38200,2026-09-15,,,,,,,,
1789455180,241.2,241.3,240.9,240.9,43100,2026-09-15,,,,,,,,
1789455240,241.0,241.0,240.8,241.0,29000,2026-09-15,,,,,,,,
1789455300,241.0,241.2,241.0,241.1,60000,2026-09-15,,,,,,,,
1789455360,241.1,241.2,240.9,241.1,63200,2026-09-15,,,,,,,,
1789455420,241.2,241.4,241.2,241.4,53400,2026-09-15,,,,,,,,
1789455480,241.3,241.3,241.2,241.3,8400,2026-09-15,,,,,,,,
1789455540,241.3,241.4,241.2,241.2,32600,2026-09-15,,,,,,,,
1789455600,241.3,241.3,241.1,241.3,45300,2026-09-15,,,,,,,,
1789455660,241.3,241.3,241.2,241.2,21800,2026-09-15,,,,,,,,
1789455720,241.3,241.3,241.2,241.2,17000,2026-09-15,,,,,,,,
1789455780,241.2,241.3,241.1,241.2,18600,2026-09-15,,,,,,,,
1789455840,241.2,241.3,241.2,241.3,32800,2026-09-15,,,,,,,,
1789455900,241.2,241.4,241.2,241.3,29500,2026-09-15,,,,,,,,
1789455960,241.4,241.4,241.3,241.4,1900,2026-09-15,,,,,,,,
1789456020,241.4,241.4,241.2,241.3,13200,2026-09-15,,,,,,,,
1789456080,241.3,241.3,241.1,241.3,38500,2026-09-15,,,,,,,,
1789456140,241.3,241.3,241.1,241.2,11100,2026-09-15,,,,,,,,
1789456200,241.2,241.4,241.1,241.4,26500,2026-09-15,,,,,,,,
1789456260,241.4,241.4,241.2,241.2,5500,2026-09-15,,,,,,,,
1789456320,241.3,241.3,241.2,241.3,45800,2026-09-15,,,,,,,,
1789456380,241.2,241.3,241.1,241.2,9600,2026-09-15,,,,,,,,
1789456440,241.2,241.2,241.1,241.2,22300,2026-09-15,,,,,,,,
1789456500,241.2,241.4,241.2,241.3,31800,2026-09-15,,,,,,,,
1789456560,241.2,241.3,241.1,241.2,12700,2026-09-15,,,,,,,,
1789456620,241.2,241.2,241.1,241.2,11000,2026-09-15,,,,,,,,
1789456680,241.2,241.2,241.0,241.1,26800,2026-09-15,,,,,,,,
1789456740,241.1,241.3,241.0,241.2,40700,2026-09-15,,,,,,,,
1789456800,241.3,241.3,241.2,241.3,2600,2026-09-15,,,,,,,,
1789456860,241.3,241.3,241.1,241.2,17400,2026-09-15,,,,,,,,
1789456920,241.1,241.2,241.0,241.1,17100,2026-09-15,,,,,,,,
1789456980,241.1,241.1,240.9,241.1,16100,2026-09-15,,,,,,,,
1789457040,241.0,241.0,240.8,240.9,33400,2026-09-15,,,,,,,,
1789457100,240.8,241.1,240.8,241.0,50900,2026-09-15,,,,,,,,
1789457160,241.0,241.0,240.9,240.9,6300,2026-09-15,,,,,,,,
1789457220,241.0,241.1,240.9,241.1,31400,2026-09-15,,,,,,,,
1789457280,241.2,241.2,241.0,241.0,8400,2026-09-15,,,,,,,,
1789457340,241.2,241.2,241.0,241.0,10100,2026-09-15,,,,,,,,
1789458300,241.3,241.3,241.3,241.3,3375800,2026-09-15,,,,,,,,
1789524900,240.9,241.0,239.4,239.4,25400,2026-09-16,,,,,,,,
1789524960,239.4,239.4,239.0,239.3,8600,2026-09-16,,,,,,,,
1789525020,239.3,239.4,238.8,238.9,7800,2026-09-16,,,,,,,,
1789525080,239.0,239.0,237.9,237.9,12900,2026-09-16,,,,,,,,
1789525140,238.1,238.2,237.6,238.2,12200,2026-09-16,,,,,,,,
1789525200,238.0,238.6,238.0,238.6,5900,2026-09-16,,,,,,,,
1789525260,238.4,241.0,238.4,241.0,14300,2026-09-16,,,,,,,,
1789525320,241.2,241.2,240.0,241.2,3500,2026-09-16,,,,,,,,
1789525380,241.0,241.2,241.0,241.2,1300,2026-09-16,,,,,,,,
1789525440,241.2,241.3,241.0,241.0,1800,2026-09-16,,,,,,,,
1789525500,241.0,241.0,240.8,241.0,2400,2026-09-16,,,,,,,,
1789525560,241.0,241.2,240.9,241.0,4200,2026-09-16,,,,,,,,
1789525620,241.2,241.3,241.2,241.2,3600,2026-09-16,,,,,,,,
1789525680,241.2,241.6,241.2,241.6,4300,2026-09-16,,,,,,,,
1789525740,241.4,242.2,241.4,242.2,3800,2026-09-16,,,,,,,,
1789525800,242.2,242.5,241.6,242.5,2000,2026-09-16,,,,,,,,
1789525860,242.5,242.8,241.6,241.8,8600,2026-09-16,,,,,,,,
1789525920,241.8,242.5,241.8,242.0,1000,2026-09-16,,,,,,,,
1789525980,242.0,242.0,241.9,241.9,500,2026-09-16,,,,,,,,
1789526040,241.9,242.0,241.8,241.8,1000,2026-09-16,,,,,,,,
1789526100,241.8,241.8,241.6,241.8,800,2026-09-16,,,,,,,,
1789526160,241.8,241.9,241.7,241.9,2200,2026-09-16,,,,,,,,
1789526220,242.0,242.0,241.7,241.8,2000,2026-09-16,,,,,,,,
1789526280,241.8,242.3,241.8,242.3,4300,2026-09-16,,,,,,,,
1789526340,242.4,242.5,242.2,242.5,6000,2026-09-16,,,,,,,,
1789526400,242.4,242.6,242.4,242.5,8700,2026-09-16,,,,,,,,
1789526460,242.5,242.5,242.2,242.2,800,2026-09-16,,,,,,,,
1789526520,242.4,242.5,242.3,242.3,2300,2026-09-16,,,,,,,,
1789526580,242.3,242.3,242.2,242.2,1600,2026-09-16,,,,,,,,
1789526640,242.2,242.2,242.2,242.2,500,2026-09-16,,,,,,,,
1789526700,242.2,242.3,242.2,242.2,1500,2026-09-16,,,,,,,,
1789526760,242.2,242.2,242.2,242.2,2400,2026-09-16,,,,,,,,
1789526820,242.0,242.0,241.9,241.9,3400,2026-09-16,,,,,,,,
1789526880,241.8,242.0,241.8,242.0,800,2026-09-16,,,,,,,,
1789526940,241.8,242.0,241.7,241.8,900,2026-09-16,,,,,,,,
1789527000,241.8,242.0,241.8,242.0,1900,2026-09-16,,,,,,,,
1789527060,242.0,242.0,241.8,242.0,400,2026-09-16,,,,,,,,
1789527120,242.0,242.0,241.7,241.7,800,2026-09-16,,,,,,,,
1789527180,241.7,241.7,241.4,241.5,3000,2026-09-16,,,,,,,,
1789527240,241.4,241.4,241.1,241.3,7300,2026-09-16,,,,,,,,
1789527300,241.3,241.4,241.2,241.3,3800,2026-09-16,,,,,,,,
1789527360,241.3,241.4,241.3,241.4,1000,2026-09-16,,,,,,,,
1789527420,241.4,241.4,241.3,241.4,900,2026-09-16,,,,,,,,
1789527480,241.3,241.4,241.2,241.3,3300,2026-09-16,,,,,,,,
1789527540,241.3,241.3,241.2,241.2,400,2026-09-16,,,,,,,,
1789527600,241.2,241.3,241.2,241.2,700,2026-09-16,,,,,,,,
1789527660,241.2,241.3,241.2,241.2,1500,2026-09-16,,,,,,,,
1789527720,241.2,241.3,241.2,241.2,400,2026-09-16,,,,,,,,
1789527780,241.3,241.3,241.1,241.2,4500,2026-09-16,,,,,,,,
1789527840,241.2,241.2,241.1,241.1,900,2026-09-16,,,,,,,,
1789527900,241.2,241.3,241.2,241.2,3900,2026-09-16,,,,,,,,
1789527960,241.3,241.4,241.3,241.3,500,2026-09-16,,,,,,,,
1789528020,241.3,241.3,241.3,241.3,1000,2026-09-16,,,,,,,,
1789528080,241.2,241.3,241.2,241.3,2300,2026-09-16,,,,,,,,
1789528140,241.2,241.2,241.0,241.0,17700,2026-09-16,,,,,,,,
1789528200,241.3,241.3,241.1,241.3,1000,2026-09-16,,,,,,,,
1789528260,241.3,241.3,241.1,241.1,1800,2026-09-16,,,,,,,,
1789528320,241.1,241.3,241.1,241.3,400,2026-09-16,,,,,,,,
1789528380,241.1,241.3,241.1,241.3,300,2026-09-16,,,,,,,,
1789528440,241.3,241.3,241.1,241.2,1000,2026-09-16,,,,,,,,
1789528500,241.2,241.2,241.0,241.1,4900,2026-09-16,,,,,,,,
1789528560,241.0,241.1,241.0,241.0,6600,2026-09-16,,,,,,,,
1789528620,241.1,241.1,241.0,241.1,1300,2026-09-16,,,,,,,,
1789528680,241.1,241.3,241.1,241.1,9600,2026-09-16,,,,,,,,
1789528740,241.0,241.2,241.0,241.2,400,2026-09-16,,,,,,,,
1789528800,241.2,241.2,241.0,241.0,1300,2026-09-16,,,,,,,,
1789528860,241.2,241.2,241.1,241.1,1300,2026-09-16,,,,,,,,
1789528920,241.1,241.3,241.1,241.3,6400,2026-09-16,,,,,,,,
1789528980,241.3,241.3,241.2,241.3,8500,2026-09-16,,,,,,,,
1789529040,241.4,241.5,241.3,241.5,8700,2026-09-16,,,,,,,,
1789529100,241.5,241.7,241.4,241.4,10700,2026-09-16,,,,,,,,
1789529160,241.7,242.0,241.7,242.0,6400,2026-09-16,,,,,,,,
1789529220,241.7,242.0,241.5,241.5,2800,2026-09-16,,,,,,,,
1789529280,241.5,241.7,241.3,241.7,3400,2026-09-16,,,,,,,,
1789529340,241.7,241.7,241.3,241.6,2600,2026-09-16,,,,,,,,
1789529400,241.6,241.6,241.3,241.6,2500,2026-09-16,,,,,,,,
1789529460,241.6,241.6,241.5,241.5,300,2026-09-16,,,,,,,,
1789529520,241.6,241.7,241.6,241.7,1800,2026-09-16,,,,,,,,
1789529580,241.7,241.7,241.6,241.7,3300,2026-09-16,,,,,,,,
1789529640,241.7,241.8,241.7,241.8,4900,2026-09-16,,,,,,,,
1789529700,241.7,241.8,241.6,241.7,4700,2026-09-16,,,,,,,,
1789529760,241.7,242.0,241.7,241.8,5100,2026-09-16,,,,,,,,
1789529820,241.8,242.1,241.8,242.0,15300,2026-09-16,,,,,,,,
1789529880,242.0,242.0,241.9,241.9,1600,2026-09-16,,,,,,,,
1789529940,241.9,242.0,241.9,242.0,1700,2026-09-16,,,,,,,,
1789530000,242.0,242.0,241.8,241.9,3500,2026-09-16,,,,,,,,
1789530060,241.9,241.9,241.8,241.8,1400,2026-09-16,,,,,,,,
1789530120,241.9,242.0,241.9,241.9,7800,2026-09-16,,,,,,,,
1789530180,242.0,242.0,241.9,242.0,4900,2026-09-16,,,,,,,,
1789530240,242.0,242.3,242.0,242.3,25000,2026-09-16,,,,,,,,
1789530300,242.3,242.3,242.1,242.2,6500,2026-09-16,,,,,,,,
1789530360,242.2,242.4,242.2,242.4,4900,2026-09-16,,,,,,,,
1789530420,242.5,242.8,242.4,242.8,20800,2026-09-16,,,,,,,,
1789530480,242.5,242.8,242.5,242.5,4700,2026-09-16,,,,,,,,
1789530540,242.6,243.3,242.6,243.3,48600,2026-09-16,,,,,,,,
1789530600,243.3,243.6,243.1,243.5,16000,2026-09-16,,,,,,,,
1789530660,243.5,243.8,243.5,243.6,10500,2026-09-16,,,,,,,,
1789530720,243.6,243.8,243.6,243.7,26000,2026-09-16,,,,,,,,
1789530780,243.7,243.7,243.5,243.6,4700,2026-09-16,,,,,,,,
1789530840,243.6,243.6,243.5,243.5,3900,2026-09-16,,,,,,,,
1789530900,243.5,243.5,243.0,243.3,6500,2026-09-16,,,,,,,,
1789530960,243.3,243.5,243.3,243.4,6600,2026-09-16,,,,,,,,
1789531020,243.4,243.4,243.0,243.0,2200,2026-09-16,,,,,,,,
1789531080,243.3,243.3,243.0,243.3,500,2026-09-16,,,,,,,,
1789531140,243.2,243.3,242.9,242.9,4800,2026-09-16,,,,,,,,
1789531200,242.9,243.1,242.9,243.1,1300,2026-09-16,,,,,,,,
1789531260,243.1,243.3,243.1,243.1,3400,2026-09-16,,,,,,,,
1789531320,243.3,243.3,243.1,243.3,2100,2026-09-16,,,,,,,,
1789531380,243.4,243.4,243.3,243.3,7400,2026-09-16,,,,,,,,
1789531440,243.4,243.4,243.3,243.3,6600,2026-09-16,,,,,,,,
1789531500,243.3,243.4,243.3,243.3,2500,2026-09-16,,,,,,,,
1789531560,243.4,243.5,243.4,243.4,17300,2026-09-16,,,,,,,,
1789531620,243.4,243.5,243.4,243.4,8000,2026-09-16,,,,,,,,
1789531680,243.4,243.5,243.4,243.4,4000,2026-09-16,,,,,,,,
1789531740,243.4,243.4,243.4,243.4,7700,2026-09-16,,,,,,,,
1789531800,243.3,243.3,243.3,243.3,8300,2026-09-16,,,,,,,,
1789531860,243.1,243.1,243.1,243.1,200,2026-09-16,,,,,,,,
1789531920,243.2,243.2,243.0,243.0,13800,2026-09-16,,,,,,,,
1789531980,243.0,243.0,242.9,242.9,4900,2026-09-16,,,,,,,,
1789532040,242.9,243.0,242.9,243.0,2300,2026-09-16,,,,,,,,
1789532100,243.0,243.0,242.9,243.0,1100,2026-09-16,,,,,,,,
1789532160,243.0,243.0,242.9,242.9,3200,2026-09-16,,,,,,,,
1789532220,243.0,243.0,242.9,242.9,1100,2026-09-16,,,,,,,,
1789532280,243.0,243.0,242.9,242.9,4000,2026-09-16,,,,,,,,
1789532340,242.9,243.0,242.9,242.9,1800,2026-09-16,,,,,,,,
1789532400,242.9,243.0,242.9,243.0,1200,2026-09-16,,,,,,,,
1789532460,243.0,243.0,242.9,242.9,6900,2026-09-16,,,,,,,,
1789532520,243.0,243.1,242.9,243.0,12400,2026-09-16,,,,,,,,
1789532580,243.0,243.0,242.9,242.9,8500,2026-09-16,,,,,,,,
1789532640,242.9,243.0,242.9,242.9,400,2026-09-16,,,,,,,,
1789532700,242.9,243.0,242.9,242.9,2400,2026-09-16,,,,,,,,
1789532760,243.0,243.0,243.0,243.0,4900,2026-09-16,,,,,,,,
1789532820,243.1,243.1,242.9,243.0,9500,2026-09-16,,,,,,,,
1789532880,243.0,243.0,243.0,243.0,2200,2026-09-16,,,,,,,,
1789532940,243.0,243.0,242.9,242.9,6000,2026-09-16,,,,,,,,
1789538400,242.8,242.8,242.5,242.8,16300,2026-09-16,,,,,,,,
1789538460,242.7,242.8,242.4,242.6,2400,2026-09-16,,,,,,,,
1789538520,242.6,242.7,242.3,242.3,8500,2026-09-16,,,,,,,,
1789538580,242.4,242.6,242.4,242.5,4100,2026-09-16,,,,,,,,
1789538640,242.4,242.6,242.4,242.6,4000,2026-09-16,,,,,,,,
1789538700,242.6,242.6,242.4,242.6,3600,2026-09-16,,,,,,,,
1789538760,242.6,242.6,242.4,242.5,1800,2026-09-16,,,,,,,,
1789538820,242.5,242.5,242.4,242.5,5500,2026-09-16,,,,,,,,
1789538880,242.5,242.5,242.2,242.3,2200,2026-09-16,,,,,,,,
1789538940,242.2,242.3,242.1,242.3,3100,2026-09-16,,,,,,,,
1789539000,242.3,242.4,242.2,242.2,8300,2026-09-16,,,,,,,,
1789539060,242.3,242.4,242.3,242.4,7900,2026-09-16,,,,,,,,
1789539120,242.3,242.4,242.3,242.4,2600,2026-09-16,,,,,,,,
1789539180,242.4,242.4,242.3,242.3,5800,2026-09-16,,,,,,,,
1789539240,242.3,242.3,242.1,242.1,37100,2026-09-16,,,,,,,,
1789539300,242.1,242.2,242.0,242.1,35400,2026-09-16,,,,,,,,
1789539360,242.0,242.1,242.0,242.0,7900,2026-09-16,,,,,,,,
1789539420,242.0,242.0,241.9,242.0,2300,2026-09-16,,,,,,,,
1789539480,241.9,242.0,241.8,242.0,2100,2026-09-16,,,,,,,,
1789539540,242.0,242.0,241.7,242.0,1800,2026-09-16,,,,,,,,
1789539600,242.0,242.0,241.8,241.9,4300,2026-09-16,,,,,,,,
1789539660,242.0,242.0,241.7,242.0,9900,2026-09-16,,,,,,,,
1789539720,242.0,242.0,241.8,242.0,5800,2026-09-16,,,,,,,,
1789539780,242.0,242.1,241.9,242.0,3700,2026-09-16,,,,,,,,
1789539840,242.0,242.1,241.9,242.0,3900,2026-09-16,,,,,,,,
1789539900,242.1,242.2,242.0,242.1,12100,2026-09-16,,,,,,,,
1789539960,242.2,242.2,242.2,242.2,7900,2026-09-16,,,,,,,,
1789540020,242.1,242.2,242.1,242.2,2800,2026-09-16,,,,,,,,
1789540080,242.2,242.2,242.1,242.1,6800,2026-09-16,,,,,,,,
1789540140,242.1,242.1,241.9,242.0,10800,2026-09-16,,,,,,,,
1789540200,242.0,242.0,241.9,242.0,4000,2026-09-16,,,,,,,,
1789540260,242.0,242.0,241.9,242.0,3200,2026-09-16,,,,,,,,
1789540320,241.9,242.0,241.9,242.0,2100,2026-09-16,,,,,,,,
1789540380,242.0,242.0,241.8,241.9,6000,2026-09-16,,,,,,,,
1789540440,241.9,241.9,241.6,241.7,6500,2026-09-16,,,,,,,,
1789540500,241.6,241.7,241.4,241.5,14200,2026-09-16,,,,,,,,
1789540560,241.5,241.6,241.5,241.6,8200,2026-09-16,,,,,,,,
1789540620,241.6,241.6,241.4,241.5,5800,2026-09-16,,,,,,,,
1789540680,241.5,241.5,241.3,241.3,13000,2026-09-16,,,,,,,,
1789540740,241.3,241.3,241.1,241.2,11800,2026-09-16,,,,,,,,
1789540800,241.3,241.5,241.3,241.5,11500,2026-09-16,,,,,,,,
1789540860,241.4,241.4,241.2,241.2,12700,2026-09-16,,,,,,,,
1789540920,241.3,241.4,241.3,241.4,8700,2026-09-16,,,,,,,,
1789540980,241.4,241.4,241.3,241.3,9300,2026-09-16,,,,,,,,
1789541040,241.2,241.3,241.2,241.2,17500,2026-09-16,,,,,,,,
1789541100,241.3,241.3,241.1,241.2,14900,2026-09-16,,,,,,,,
1789541160,241.2,241.2,241.1,241.1,7800,2026-09-16,,,,,,,,
1789541220,241.1,241.1,241.0,241.1,36300,2026-09-16,,,,,,,,
1789541280,241.1,241.3,241.1,241.3,19200,2026-09-16,,,,,,,,
1789541340,241.2,241.3,241.1,241.2,16800,2026-09-16,,,,,,,,
1789541400,241.2,241.3,241.2,241.3,16000,2026-09-16,,,,,,,,
1789541460,241.2,241.3,241.2,241.3,11600,2026-09-16,,,,,,,,
1789541520,241.3,241.3,241.1,241.1,14700,2026-09-16,,,,,,,,
1789541580,241.2,241.3,241.2,241.3,11000,2026-09-16,,,,,,,,
1789541640,241.3,241.3,241.1,241.1,7000,2026-09-16,,,,,,,,
1789541700,241.1,241.2,241.0,241.1,17400,2026-09-16,,,,,,,,
1789541760,241.2,241.3,241.1,241.1,20300,2026-09-16,,,,,,,,
1789541820,241.2,241.2,241.2,241.2,4600,2026-09-16,,,,,,,,
1789541880,241.1,241.2,241.1,241.2,4600,2026-09-16,,,,,,,,
1789541940,241.2,241.2,241.1,241.1,8000,2026-09-16,,,,,,,,
1789542000,241.1,241.2,241.0,241.2,11800,2026-09-16,,,,,,,,
1789542060,241.2,241.2,241.0,241.1,8800,2026-09-16,,,,,,,,
1789542120,241.1,241.2,241.0,241.2,18700,2026-09-16,,,,,,,,
1789542180,241.2,241.3,241.1,241.3,27700,2026-09-16,,,,,,,,
1789542240,241.3,241.3,241.1,241.2,11100,2026-09-16,,,,,,,,
1789542300,241.3,241.3,241.1,241.3,20700,2026-09-16,,,,,,,,
1789542360,241.3,241.3,241.1,241.3,21100,2026-09-16,,,,,,,,
1789542420,241.3,241.3,241.2,241.3,22500,2026-09-16,,,,,,,,
1789542480,241.3,241.3,241.1,241.2,23100,2026-09-16,,,,,,,,
1789542540,241.2,241.3,241.1,241.3,33000,2026-09-16,,,,,,,,
1789542600,241.1,241.3,241.1,241.2,9400,2026-09-16,,,,,,,,
1789542660,241.2,241.2,241.1,241.2,51500,2026-09-16,,,,,,,,
1789542720,241.2,241.3,241.2,241.3,16900,2026-09-16,,,,,,,,
1789542780,241.3,241.4,241.3,241.3,13200,2026-09-16,,,,,,,,
1789542840,241.3,241.4,241.2,241.2,18600,2026-09-16,,,,,,,,
1789542900,241.3,241.3,241.2,241.3,7100,2026-09-16,,,,,,,,
1789542960,241.3,241.3,241.2,241.2,18200,2026-09-16,,,,,,,,
1789543020,241.2,241.3,241.1,241.2,43800,2026-09-16,,,,,,,,
1789543080,241.2,241.2,241.0,241.1,33700,2026-09-16,,,,,,,,
1789543140,241.1,241.1,241.0,241.1,18900,2026-09-16,,,,,,,,
1789543200,241.1,241.3,241.1,241.3,44700,2026-09-16,,,,,,,,
1789543260,241.3,241.3,241.2,241.3,11100,2026-09-16,,,,,,,,
1789543320,241.3,241.4,241.2,241.3,14200,2026-09-16,,,,,,,,
1789543380,241.3,241.4,241.1,241.3,47300,2026-09-16,,,,,,,,
1789543440,241.4,241.5,241.3,241.4,35700,2026-09-16,,,,,,,,
1789543500,241.5,241.5,241.3,241.4,20200,2026-09-16,,,,,,,,
1789543560,241.3,241.5,241.3,241.3,46200,2026-09-16,,,,,,,,
1789543620,241.3,241.4,241.2,241.4,61800,2026-09-16,,,,,,,,
1789543680,241.3,241.4,241.2,241.3,72000,2026-09-16,,,,,,,,
1789543740,241.3,241.4,241.2,241.3,77500,2026-09-16,,,,,,,,
1789544700,241.2,241.2,241.2,241.2,2337500,2026-09-16,,,,,,,,
1789611300,240.9,240.9,239.8,239.8,18500,2026-09-17,,,,,,,,
1789611360,240.0,241.4,239.8,241.4,18000,2026-09-17,,,,,,,,
1789611420,241.3,241.7,241.3,241.7,1000,2026-09-17,,,,,,,,
1789611480,241.8,241.9,241.4,241.4,5200,2026-09-17,,,,,,,,
1789611540,241.3,241.3,241.2,241.2,5000,2026-09-17,,,,,,,,
1789611600,241.2,241.2,241.0,241.0,3100,2026-09-17,,,,,,,,
1789611660,241.2,241.2,240.7,241.2,8900,2026-09-17,,,,,,,,
1789611720,241.1,241.3,241.1,241.3,7600,2026-09-17,,,,,,,,
1789611780,241.3,241.3,241.3,241.3,100,2026-09-17,,,,,,,,
1789611840,241.3,241.6,241.2,241.6,5100,2026-09-17,,,,,,,,
1789611900,241.6,242.6,241.6,242.6,36100,2026-09-17,,,,,,,,
1789611960,242.6,242.9,242.5,242.7,15900,2026-09-17,,,,,,,,
1789612020,242.6,242.7,242.6,242.7,24500,2026-09-17,,,,,,,,
1789612080,242.6,242.7,242.6,242.7,6500,2026-09-17,,,,,,,,
1789612140,242.7,242.7,242.6,242.6,13400,2026-09-17,,,,,,,,
1789612200,242.6,242.6,242.3,242.3,4000,2026-09-17,,,,,,,,
1789612260,242.4,242.5,242.2,242.4,900,2026-09-17,,,,,,,,
1789612320,242.4,242.4,242.2,242.2,3200,2026-09-17,,,,,,,,
1789612380,242.2,242.2,242.0,242.0,34600,2026-09-17,,,,,,,,
1789612440,242.0,242.0,242.0,242.0,600,2026-09-17,,,,,,,,
1789612500,242.0,242.0,242.0,242.0,100,2026-09-17,,,,,,,,
1789612560,241.8,241.8,241.8,241.8,7200,2026-09-17,,,,,,,,
1789612620,241.8,241.9,241.8,241.9,400,2026-09-17,,,,,,,,
1789612680,241.8,241.9,241.8,241.8,6800,2026-09-17,,,,,,,,
1789612740,241.9,242.0,241.8,242.0,8500,2026-09-17,,,,,,,,
1789612800,242.0,242.0,242.0,242.0,4200,2026-09-17,,,,,,,,
1789612860,242.0,242.0,242.0,242.0,1200,2026-09-17,,,,,,,,
1789612920,241.9,242.0,241.9,241.9,5200,2026-09-17,,,,,,,,
1789612980,241.9,242.0,241.9,241.9,1800,2026-09-17,,,,,,,,
1789613040,241.9,242.0,241.9,242.0,4000,2026-09-17,,,,,,,,
1789613100,242.0,242.1,242.0,242.1,10600,2026-09-17,,,,,,,,
1789613160,242.1,242.2,242.1,242.1,5500,2026-09-17,,,,,,,,
1789613220,242.2,242.2,242.1,242.2,8500,2026-09-17,,,,,,,,
1789613280,242.2,242.2,242.1,242.2,15800,2026-09-17,,,,,,,,
1789613340,242.2,242.3,242.2,242.3,6800,2026-09-17,,,,,,,,
1789613400,242.3,242.4,242.3,242.4,9400,2026-09-17,,,,,,,,
1789613460,242.4,242.5,242.4,242.5,6000,2026-09-17,,,,,,,,
1789613520,242.5,242.5,242.4,242.5,5600,2026-09-17,,,,,,,,
1789613580,242.5,242.5,242.4,242.5,700,2026-09-17,,,,,,,,
1789613640,242.5,242.5,242.5,242.5,800,2026-09-17,,,,,,,,
1789613700,242.5,242.5,242.3,242.4,5200,2026-09-17,,,,,,,,
1789613760,242.3,242.4,242.1,242.3,3600,2026-09-17,,,,,,,,
1789613820,242.2,242.2,242.0,242.1,5400,2026-09-17,,,,,,,,
1789613880,242.1,242.1,242.1,242.1,2000,2026-09-17,,,,,,,,
1789613940,242.1,242.1,242.0,242.1,1700,2026-09-17,,,,,,,,
1789614000,242.1,242.1,242.1,242.1,1800,2026-09-17,,,,,,,,
1789614060,242.1,242.1,242.0,242.1,1500,2026-09-17,,,,,,,,
1789614120,242.0,242.1,241.9,242.0,6000,2026-09-17,,,,,,,,
1789614180,242.0,242.1,241.9,242.1,1200,2026-09-17,,,,,,,,
1789614240,242.1,242.1,242.0,242.0,8800,2026-09-17,,,,,,,,
1789614300,242.0,242.1,242.0,242.1,5500,2026-09-17,,,,,,,,
1789614360,242.1,242.1,242.1,242.1,6000,2026-09-17,,,,,,,,
1789614420,242.1,242.1,242.0,242.1,2800,2026-09-17,,,,,,,,
1789614480,242.1,242.1,242.0,242.1,2200,2026-09-17,,,,,,,,
1789614540,242.1,242.2,242.1,242.2,5100,2026-09-17,,,,,,,,
1789614600,242.2,242.3,242.2,242.2,3800,2026-09-17,,,,,,,,
1789614660,242.3,242.3,242.2,242.3,1100,2026-09-17,,,,,,,,
1789614720,242.2,242.3,242.2,242.2,2400,2026-09-17,,,,,,,,
1789614780,242.2,242.3,242.2,242.3,1100,2026-09-17,,,,,,,,
1789614840,242.3,242.3,242.3,242.3,1400,2026-09-17,,,,,,,,
1789614900,242.3,242.4,242.3,242.4,10000,2026-09-17,,,,,,,,
1789614960,242.4,242.5,242.4,242.5,4700,2026-09-17,,,,,,,,
1789615020,242.5,242.5,242.4,242.5,12100,2026-09-17,,,,,,,,
1789615080,242.5,242.6,242.5,242.6,3000,2026-09-17,,,,,,,,
1789615140,242.6,242.7,242.6,242.7,11000,2026-09-17,,,,,,,,
1789615200,242.7,242.7,242.6,242.7,10500,2026-09-17,,,,,,,,
1789615260,242.7,242.8,242.7,242.8,4400,2026-09-17,,,,,,,,
1789615320,242.8,242.9,242.8,242.8,6300,2026-09-17,,,,,,,,
1789615380,242.9,243.0,242.8,243.0,15400,2026-09-17,,,,,,,,
1789615440,242.9,243.0,242.9,243.0,17000,2026-09-17,,,,,,,,
1789615500,243.0,243.0,243.0,243.0,14800,2026-09-17,,,,,,,,
1789615560,243.0,243.0,242.9,242.9,4000,2026-09-17,,,,,,,,
1789615620,243.0,243.0,242.9,242.9,3700,2026-09-17,,,,,,,,
1789615680,242.9,242.9,242.7,242.8,1600,2026-09-17,,,,,,,,
1789615740,242.8,242.8,242.6,242.7,4800,2026-09-17,,,,,,,,
1789615800,242.6,242.7,242.6,242.6,15900,2026-09-17,,,,,,,,
1789615860,242.6,242.7,242.5,242.6,20700,2026-09-17,,,,,,,,
1789615920,242.5,242.5,242.5,242.5,600,2026-09-17,,,,,,,,
1789615980,242.5,242.5,242.3,242.4,8100,2026-09-17,,,,,,,,
1789616040,242.4,242.4,242.3,242.4,5600,2026-09-17,,,,,,,,
1789616100,242.4,242.5,242.3,242.5,1000,2026-09-17,,,,,,,,
1789616160,242.5,242.5,242.0,242.2,26300,2026-09-17,,,,,,,,
1789616220,242.3,242.3,242.3,242.3,4700,2026-09-17,,,,,,,,
1789616280,242.4,242.4,242.3,242.3,2900,2026-09-17,,,,,,,,
1789616340,242.4,242.4,242.3,242.4,3100,2026-09-17,,,,,,,,
1789616400,242.3,242.4,242.3,242.4,10900,2026-09-17,,,,,,,,
1789616460,242.3,242.3,242.2,242.3,13400,2026-09-17,,,,,,,,
1789616520,242.1,242.3,242.1,242.3,9000,2026-09-17,,,,,,,,
1789616580,242.0,242.2,242.0,242.1,4800,2026-09-17,,,,,,,,
1789616640,242.2,242.2,242.1,242.2,2800,2026-09-17,,,,,,,,
1789616700,242.2,242.2,242.2,242.2,1600,2026-09-17,,,,,,,,
1789616760,242.2,242.3,242.2,242.3,800,2026-09-17,,,,,,,,
1789616820,242.3,242.3,242.3,242.3,5000,2026-09-17,,,,,,,,
1789616880,242.2,242.2,242.1,242.2,5900,2026-09-17,,,,,,,,
1789616940,242.2,242.2,242.2,242.2,900,2026-09-17,,,,,,,,
1789617000,242.2,242.2,242.0,242.2,5200,2026-09-17,,,,,,,,
1789617060,242.2,242.2,241.9,242.1,1200,2026-09-17,,,,,,,,
1789617120,242.0,242.0,241.7,242.0,4700,2026-09-17,,,,,,,,
1789617180,241.9,242.0,241.9,242.0,4800,2026-09-17,,,,,,,,
1789617240,242.0,242.0,241.9,242.0,5900,2026-09-17,,,,,,,,
1789617300,242.0,242.1,242.0,242.1,6200,2026-09-17,,,,,,,,
1789617360,242.1,242.1,242.0,242.1,5200,2026-09-17,,,,,,,,
1789617420,242.1,242.1,242.1,242.1,2600,2026-09-17,,,,,,,,
1789617480,242.1,242.2,242.1,242.2,3400,2026-09-17,,,,,,,,
1789617540,242.2,242.3,242.2,242.3,10200,2026-09-17,,,,,,,,
1789617600,242.3,242.4,242.1,242.1,6000,2026-09-17,,,,,,,,
1789617660,242.4,242.4,242.1,242.4,1400,2026-09-17,,,,,,,,
1789617720,242.4,242.4,242.3,242.3,1100,2026-09-17,,,,,,,,
1789617780,242.3,242.3,242.2,242.3,5300,2026-09-17,,,,,,,,
1789617840,242.3,242.4,242.3,242.4,2300,2026-09-17,,,,,,,,
1789617900,242.4,242.4,242.3,242.4,1700,2026-09-17,,,,,,,,
1789617960,242.4,242.4,242.4,242.4,5400,2026-09-17,,,,,,,,
1789618020,242.4,242.4,242.4,242.4,1300,2026-09-17,,,,,,,,
1789618080,242.4,242.4,242.3,242.4,2400,2026-09-17,,,,,,,,
1789618140,242.4,242.4,242.4,242.4,7000,2026-09-17,,,,,,,,
1789618200,242.4,242.4,242.4,242.4,2400,2026-09-17,,,,,,,,
1789618260,242.4,242.4,242.4,242.4,1600,2026-09-17,,,,,,,,
1789618320,242.4,242.5,242.2,242.5,800,2026-09-17,,,,,,,,
1789618380,242.5,242.5,242.5,242.5,2200,2026-09-17,,,,,,,,
1789618440,242.5,242.5,242.5,242.5,400,2026-09-17,,,,,,,,
1789618500,242.5,242.5,242.4,242.5,4300,2026-09-17,,,,,,,,
1789618560,242.5,242.5,242.4,242.5,4400,2026-09-17,,,,,,,,
1789618620,242.5,242.5,242.4,242.4,1900,2026-09-17,,,,,,,,
1789618680,242.4,242.4,242.4,242.4,500,2026-09-17,,,,,,,,
1789618740,242.4,242.5,242.4,242.5,10000,2026-09-17,,,,,,,,
1789618800,242.5,242.5,242.5,242.5,4700,2026-09-17,,,,,,,,
1789618860,242.5,242.5,242.5,242.5,2000,2026-09-17,,,,,,,,
1789618920,242.4,242.6,242.4,242.6,2700,2026-09-17,,,,,,,,
1789618980,242.5,242.5,242.5,242.5,600,2026-09-17,,,,,,,,
1789619040,242.5,242.5,242.5,242.5,900,2026-09-17,,,,,,,,
1789619100,242.5,242.5,242.5,242.5,1500,2026-09-17,,,,,,,,
1789619160,242.5,242.5,242.4,242.4,3600,2026-09-17,,,,,,,,
1789619220,242.4,242.4,242.4,242.4,500,2026-09-17,,,,,,,,
1789619280,242.4,242.4,242.4,242.4,2800,2026-09-17,,,,,,,,
1789619340,242.3,242.5,242.3,242.4,13500,2026-09-17,,,,,,,,
1789624800,242.4,242.5,242.2,242.5,10900,2026-09-17,,,,,,,,
1789624860,242.5,242.6,242.4,242.6,5100,2026-09-17,,,,,,,,
1789624920,242.6,242.6,242.6,242.6,12200,2026-09-17,,,,,,,,
1789624980,242.6,242.7,242.6,242.7,13400,2026-09-17,,,,,,,,
1789625040,242.7,242.8,242.7,242.8,15700,2026-09-17,,,,,,,,
1789625100,242.8,242.8,242.7,242.7,6800,2026-09-17,,,,,,,,
1789625160,242.7,242.7,242.4,242.4,21800,2026-09-17,,,,,,,,
1789625220,242.5,242.5,242.2,242.2,2300,2026-09-17,,,,,,,,
1789625280,242.3,242.3,242.2,242.3,3000,2026-09-17,,,,,,,,
1789625340,242.4,242.4,242.3,242.4,3300,2026-09-17,,,,,,,,
1789625400,242.5,242.5,242.5,242.5,3000,2026-09-17,,,,,,,,
1789625460,242.5,242.5,242.5,242.5,2100,2026-09-17,,,,,,,,
1789625520,242.5,242.8,242.5,242.7,16900,2026-09-17,,,,,,,,
1789625580,242.7,242.8,242.7,242.8,4900,2026-09-17,,,,,,,,
1789625640,242.8,242.9,242.7,242.8,8300,2026-09-17,,,,,,,,
1789625700,242.9,242.9,242.9,242.9,2100,2026-09-17,,,,,,,,
1789625760,242.9,242.9,242.7,242.7,4300,2026-09-17,,,,,,,,
1789625820,242.8,242.8,242.6,242.6,6300,2026-09-17,,,,,,,,
1789625880,242.7,242.7,242.5,242.5,1500,2026-09-17,,,,,,,,
1789625940,242.6,242.7,242.6,242.6,5900,2026-09-17,,,,,,,,
1789626000,242.6,242.6,242.6,242.6,2700,2026-09-17,,,,,,,,
1789626060,242.6,242.6,242.3,242.3,10600,2026-09-17,,,,,,,,
1789626120,242.5,242.5,242.5,242.5,2400,2026-09-17,,,,,,,,
1789626180,242.5,242.5,242.4,242.4,4800,2026-09-17,,,,,,,,
1789626240,242.4,242.4,242.3,242.4,700,2026-09-17,,,,,,,,
1789626300,242.4,242.4,242.3,242.4,2400,2026-09-17,,,,,,,,
1789626360,242.4,242.4,242.3,242.3,12300,2026-09-17,,,,,,,,
1789626420,242.3,242.4,242.2,242.3,7400,2026-09-17,,,,,,,,
1789626480,242.3,242.4,242.3,242.4,16800,2026-09-17,,,,,,,,
1789626540,242.4,242.5,242.4,242.4,9500,2026-09-17,,,,,,,,
1789626600,242.4,242.4,242.4,242.4,6100,2026-09-17,,,,,,,,
1789626660,242.5,242.5,242.5,242.5,15600,2026-09-17,,,,,,,,
1789626720,242.5,242.6,242.4,242.4,6600,2026-09-17,,,,,,,,
1789626780,242.3,242.5,242.3,242.4,11800,2026-09-17,,,,,,,,
1789626840,242.4,242.5,242.3,242.4,23200,2026-09-17,,,,,,,,
1789626900,242.4,242.6,242.4,242.6,28500,2026-09-17,,,,,,,,
1789626960,242.6,242.7,242.6,242.7,13800,2026-09-17,,,,,,,,
1789627020,242.6,242.8,242.6,242.8,25900,2026-09-17,,,,,,,,
1789627080,242.8,242.9,242.7,242.9,22300,2026-09-17,,,,,,,,
1789627140,242.9,243.0,242.8,242.9,28900,2026-09-17,,,,,,,,
1789627200,242.9,243.1,242.8,243.1,30300,2026-09-17,,,,,,,,
1789627260,243.0,243.2,243.0,243.1,13700,2026-09-17,,,,,,,,
1789627320,243.1,243.6,243.0,243.6,60800,2026-09-17,,,,,,,,
1789627380,243.2,243.9,243.2,243.8,20400,2026-09-17,,,,,,,,
1789627440,243.9,244.1,243.8,244.1,39000,2026-09-17,,,,,,,,
1789627500,244.0,244.1,243.9,244.0,32300,2026-09-17,,,,,,,,
1789627560,244.0,244.0,243.8,243.8,34800,2026-09-17,,,,,,,,
1789627620,243.9,243.9,243.6,243.6,18900,2026-09-17,,,,,,,,
1789627680,243.6,243.8,243.5,243.6,17200,2026-09-17,,,,,,,,
1789627740,243.7,243.7,243.3,243.4,5500,2026-09-17,,,,,,,,
1789627800,243.4,243.5,243.3,243.3,1800,2026-09-17,,,,,,,,
1789627860,243.4,243.4,243.3,243.4,1900,2026-09-17,,,,,,,,
1789627920,243.3,243.4,243.3,243.3,9800,2026-09-17,,,,,,,,
1789627980,243.4,243.4,243.1,243.2,4700,2026-09-17,,,,,,,,
1789628040,243.2,243.2,242.9,242.9,50100,2026-09-17,,,,,,,,
1789628100,242.9,242.9,242.4,242.4,14100,2026-09-17,,,,,,,,
1789628160,242.4,242.5,242.2,242.4,11500,2026-09-17,,,,,,,,
1789628220,242.4,242.5,242.2,242.3,10500,2026-09-17,,,,,,,,
1789628280,242.2,242.5,242.2,242.3,5400,2026-09-17,,,,,,,,
1789628340,242.3,242.3,242.2,242.2,13900,2026-09-17,,,,,,,,
1789628400,242.2,242.3,242.2,242.3,1300,2026-09-17,,,,,,,,
1789628460,242.3,242.3,242.2,242.3,4200,2026-09-17,,,,,,,,
1789628520,242.3,242.4,242.2,242.4,3800,2026-09-17,,,,,,,,
1789628580,242.4,242.4,242.4,242.4,6500,2026-09-17,,,,,,,,
1789628640,242.4,242.4,242.2,242.2,20300,2026-09-17,,,,,,,,
1789628700,242.3,242.4,242.0,242.0,19000,2026-09-17,,,,,,,,
1789628760,242.1,242.1,242.0,242.0,6800,2026-09-17,,,,,,,,
1789628820,242.1,242.3,241.8,242.3,29200,2026-09-17,,,,,,,,
1789628880,242.2,242.3,242.0,242.0,9100,2026-09-17,,,,,,,,
1789628940,242.0,242.0,241.9,242.0,8900,2026-09-17,,,,,,,,
1789629000,242.0,242.1,242.0,242.0,11100,2026-09-17,,,,,,,,
1789629060,242.0,242.0,241.8,242.0,10100,2026-09-17,,,,,,,,
1789629120,242.0,242.0,242.0,242.0,3400,2026-09-17,,,,,,,,
1789629180,242.0,242.0,241.8,241.9,10200,2026-09-17,,,,,,,,
1789629240,241.9,241.9,241.3,241.6,47900,2026-09-17,,,,,,,,
1789629300,241.6,242.0,241.5,242.0,27700,2026-09-17,,,,,,,,
1789629360,242.0,242.1,241.9,242.1,23700,2026-09-17,,,,,,,,
1789629420,242.1,242.1,242.0,242.0,33400,2026-09-17,,,,,,,,
1789629480,242.0,242.0,242.0,242.0,25000,2026-09-17,,,,,,,,
1789629540,242.0,242.1,242.0,242.0,31200,2026-09-17,,,,,,,,
1789629600,242.0,242.0,241.7,241.8,27800,2026-09-17,,,,,,,,
1789629660,241.8,241.9,241.7,241.8,41900,2026-09-17,,,,,,,,
1789629720,241.8,241.9,241.7,241.8,24600,2026-09-17,,,,,,,,
1789629780,241.8,241.9,241.6,241.9,39600,2026-09-17,,,,,,,,
1789629840,241.9,241.9,241.9,241.9,28100,2026-09-17,,,,,,,,
1789629900,241.9,241.9,241.8,241.9,42600,2026-09-17,,,,,,,,
1789629960,241.9,241.9,241.6,241.9,35100,2026-09-17,,,,,,,,
1789630020,241.9,241.9,241.8,241.9,29100,2026-09-17,,,,,,,,
1789630080,241.9,241.9,241.7,241.8,27500,2026-09-17,,,,,,,,
1789630140,241.8,241.8,241.7,241.8,60400,2026-09-17,,,,,,,,
1789631100,241.2,241.2,241.2,241.2,1661500,2026-09-17,,,,,,,,
1789697700,244.5,244.5,243.0,243.0,31800,2026-09-18,,,,,,,,
1789697760,243.9,243.9,243.2,243.2,7600,2026-09-18,,,,,,,,
1789697820,243.2,243.2,243.2,243.2,300,2026-09-18,,,,,,,,
1789697880,243.6,243.6,243.3,243.5,7400,2026-09-18,,,,,,,,
1789697940,243.5,243.5,243.4,243.4,1500,2026-09-18,,,,,,,,
1789698000,243.5,243.5,243.4,243.5,3500,2026-09-18,,,,,,,,
1789698060,243.4,243.6,243.4,243.6,3700,2026-09-18,,,,,,,,
1789698120,243.6,243.6,243.5,243.6,5700,2026-09-18,,,,,,,,
1789698180,243.6,243.7,243.6,243.7,3000,2026-09-18,,,,,,,,
1789698240,243.6,243.6,243.5,243.6,5300,2026-09-18,,,,,,,,
1789698300,243.4,243.5,243.3,243.4,1600,2026-09-18,,,,,,,,
1789698360,243.3,243.3,243.3,243.3,2400,2026-09-18,,,,,,,,
1789698420,243.3,243.5,243.3,243.5,6900,2026-09-18,,,,,,,,
1789698480,243.6,243.6,243.3,243.3,3000,2026-09-18,,,,,,,,
1789698540,243.3,243.3,242.9,242.9,13200,2026-09-18,,,,,,,,
1789698600,242.9,243.0,242.9,243.0,800,2026-09-18,,,,,,,,
1789698660,242.9,242.9,242.9,242.9,100,2026-09-18,,,,,,,,
1789698720,243.0,243.0,243.0,243.0,5900,2026-09-18,,,,,,,,
1789698780,243.1,243.1,243.1,243.1,1000,2026-09-18,,,,,,,,
1789698840,243.2,243.2,243.1,243.1,500,2026-09-18,,,,,,,,
1789698900,243.1,243.2,243.1,243.2,4600,2026-09-18,,,,,,,,
1789698960,243.1,243.1,243.0,243.0,2300,2026-09-18,,,,,,,,
1789699020,243.1,243.1,243.0,243.0,14900,2026-09-18,,,,,,,,
1789699080,243.0,243.0,243.0,243.0,400,2026-09-18,,,,,,,,
1789699140,243.0,243.0,242.9,242.9,1800,2026-09-18,,,,,,,,
1789699200,242.9,242.9,242.9,242.9,200,2026-09-18,,,,,,,,
1789699260,242.9,242.9,242.8,242.8,3800,2026-09-18,,,,,,,,
1789699320,242.7,242.7,242.7,242.7,200,2026-09-18,,,,,,,,
1789699380,242.7,242.7,242.5,242.5,3200,2026-09-18,,,,,,,,
1789699440,242.5,242.5,242.5,242.5,800,2026-09-18,,,,,,,,
1789699500,242.4,242.4,242.3,242.3,900,2026-09-18,,,,,,,,
1789699560,242.3,242.5,242.2,242.5,4800,2026-09-18,,,,,,,,
1789699620,242.3,242.3,242.1,242.1,10000,2026-09-18,,,,,,,,
1789699680,242.1,242.6,242.1,242.6,10400,2026-09-18,,,,,,,,
1789699740,242.6,242.8,242.6,242.7,10800,2026-09-18,,,,,,,,
1789699800,242.7,242.8,242.7,242.8,6700,2026-09-18,,,,,,,,
1789699860,242.8,242.9,242.7,242.7,7500,2026-09-18,,,,,,,,
1789699920,242.8,242.8,242.8,242.8,5400,2026-09-18,,,,,,,,
1789699980,242.9,242.9,242.9,242.9,5300,2026-09-18,,,,,,,,
1789700040,242.9,242.9,242.9,242.9,8200,2026-09-18,,,,,,,,
1789700100,242.9,243.0,242.8,242.9,9800,2026-09-18,,,,,,,,
1789700160,242.9,242.9,242.8,242.8,4300,2026-09-18,,,,,,,,
1789700220,242.9,243.0,242.9,243.0,2500,2026-09-18,,,,,,,,
1789700280,242.9,243.0,242.9,243.0,6300,2026-09-18,,,,,,,,
1789700340,243.0,243.0,243.0,243.0,8300,2026-09-18,,,,,,,,
1789700400,243.1,243.1,243.0,243.1,9300,2026-09-18,,,,,,,,
1789700460,243.1,243.3,243.1,243.3,21100,2026-09-18,,,,,,,,
1789700520,243.3,243.3,243.2,243.3,8100,2026-09-18,,,,,,,,
1789700580,243.3,243.5,243.3,243.5,13400,2026-09-18,,,,,,,,
1789700640,243.5,243.6,243.5,243.6,10300,2026-09-18,,,,,,,,
1789700700,243.7,243.7,243.7,243.7,7900,2026-09-18,,,,,,,,
1789700760,243.7,243.8,243.7,243.8,8000,2026-09-18,,,,,,,,
1789700820,243.8,243.9,243.8,243.9,15200,2026-09-18,,,,,,,,
1789700880,244.0,244.1,244.0,244.1,26500,2026-09-18,,,,,,,,
1789700940,244.0,244.2,244.0,244.2,9200,2026-09-18,,,,,,,,
1789701000,244.2,244.3,243.8,243.8,16800,2026-09-18,,,,,,,,
1789701060,244.0,244.0,244.0,244.0,7600,2026-09-18,,,,,,,,
1789701120,243.8,243.9,243.8,243.9,3600,2026-09-18,,,,,,,,
1789701180,243.9,243.9,243.8,243.8,900,2026-09-18,,,,,,,,
1789701240,243.7,243.7,243.5,243.5,5500,2026-09-18,,,,,,,,
1789701300,243.5,243.8,243.5,243.8,2400,2026-09-18,,,,,,,,
1789701360,243.8,243.8,243.8,243.8,3400,2026-09-18,,,,,,,,
1789701420,243.9,244.1,243.8,244.1,18700,2026-09-18,,,,,,,,
1789701480,244.1,244.1,244.1,244.1,8000,2026-09-18,,,,,,,,
1789701540,244.1,244.1,244.0,244.0,3400,2026-09-18,,,,,,,,
1789701600,244.0,244.0,244.0,244.0,400,2026-09-18,,,,,,,,
1789701660,244.0,244.0,243.9,243.9,600,2026-09-18,,,,,,,,
1789701720,243.9,243.9,243.8,243.8,3500,2026-09-18,,,,,,,,
1789701780,243.9,243.9,243.8,243.8,600,2026-09-18,,,,,,,,
1789701840,243.8,243.8,243.6,243.6,2400,2026-09-18,,,,,,,,
1789701900,243.7,243.7,243.6,243.6,800,2026-09-18,,,,,,,,
1789701960,243.6,243.6,243.6,243.6,3300,2026-09-18,,,,,,,,
1789702080,243.7,243.7,243.7,243.7,600,2026-09-18,,,,,,,,
1789702140,243.7,243.7,243.5,243.5,8400,2026-09-18,,,,,,,,
1789702200,243.5,243.5,243.5,243.5,600,2026-09-18,,,,,,,,
1789702260,243.5,243.5,243.3,243.3,3100,2026-09-18,,,,,,,,
1789702320,243.3,243.3,243.3,243.3,900,2026-09-18,,,,,,,,
1789702380,243.2,243.2,243.0,243.0,11400,2026-09-18,,,,,,,,
1789702440,243.0,243.0,242.9,242.9,17100,2026-09-18,,,,,,,,
1789702500,243.0,243.0,243.0,243.0,3200,2026-09-18,,,,,,,,
1789702560,243.0,243.0,242.9,242.9,5700,2026-09-18,,,,,,,,
1789702620,242.9,242.9,242.8,242.9,1200,2026-09-18,,,,,,,,
1789702680,242.9,242.9,242.9,242.9,2600,2026-09-18,,,,,,,,
1789702740,242.9,243.0,242.9,243.0,1300,2026-09-18,,,,,,,,
1789702800,243.0,243.0,243.0,243.0,100,2026-09-18,,,,,,,,
1789702860,243.0,243.0,242.9,242.9,300,2026-09-18,,,,,,,,
1789702920,242.9,242.9,242.9,242.9,1700,2026-09-18,,,,,,,,
1789702980,242.9,242.9,242.9,242.9,2500,2026-09-18,,,,,,,,
1789703040,243.0,243.0,242.9,242.9,5400,2026-09-18,,,,,,,,
1789703100,242.8,242.8,242.8,242.8,7600,2026-09-18,,,,,,,,
1789703160,242.8,242.9,242.8,242.9,7100,2026-09-18,,,,,,,,
1789703220,242.9,242.9,242.8,242.8,6500,2026-09-18,,,,,,,,
1789703280,242.8,242.8,242.8,242.8,300,2026-09-18,,,,,,,,
1789703340,242.8,242.8,242.8,242.8,4600,2026-09-18,,,,,,,,
1789703400,242.8,242.8,242.8,242.8,4100,2026-09-18,,,,,,,,
1789703460,242.8,242.8,242.7,242.8,4700,2026-09-18,,,,,,,,
1789703520,242.8,242.8,242.8,242.8,1300,2026-09-18,,,,,,,,
1789703580,242.8,242.8,242.8,242.8,4900,2026-09-18,,,,,,,,
1789703640,242.8,242.8,242.7,242.8,6200,2026-09-18,,,,,,,,
1789703700,242.8,242.8,242.8,242.8,2800,2026-09-18,,,,,,,,
1789703760,242.7,242.7,242.7,242.7,8900,2026-09-18,,,,,,,,
1789703820,242.7,242.7,242.7,242.7,1700,2026-09-18,,,,,,,,
1789703880,242.7,242.7,242.7,242.7,3100,2026-09-18,,,,,,,,
1789703940,242.7,242.7,242.6,242.7,600,2026-09-18,,,,,,,,
1789704000,242.7,242.7,242.6,242.7,1100,2026-09-18,,,,,,,,
1789704060,242.7,242.7,242.6,242.6,6600,2026-09-18,,,,,,,,
1789704120,242.7,242.7,242.6,242.6,4900,2026-09-18,,,,,,,,
1789704180,242.6,242.6,242.5,242.5,1700,2026-09-18,,,,,,,,
1789704240,242.5,242.6,242.5,242.6,7000,2026-09-18,,,,,,,,
1789704300,242.6,242.6,242.6,242.6,100,2026-09-18,,,,,,,,
1789704360,242.6,242.6,242.5,242.5,6000,2026-09-18,,,,,,,,
1789704420,242.5,242.5,242.4,242.5,3400,2026-09-18,,,,,,,,
1789704480,242.5,242.5,242.5,242.5,2100,2026-09-18,,,,,,,,
1789704540,242.5,242.5,242.5,242.5,2000,2026-09-18,,,,,,,,
1789704600,242.6,242.6,242.5,242.5,900,2026-09-18,,,,,,,,
1789704660,242.6,242.6,242.6,242.6,1200,2026-09-18,,,,,,,,
1789704720,242.6,242.6,242.6,242.6,300,2026-09-18,,,,,,,,
1789704780,242.6,242.6,242.6,242.6,2700,2026-09-18,,,,,,,,
1789704840,242.6,242.6,242.4,242.4,4200,2026-09-18,,,,,,,,
1789704900,242.4,242.5,242.4,242.5,1700,2026-09-18,,,,,,,,
1789704960,242.5,242.5,242.5,242.5,700,2026-09-18,,,,,,,,
1789705020,242.5,242.5,242.5,242.5,500,2026-09-18,,,,,,,,
1789705080,242.5,242.5,242.5,242.5,6200,2026-09-18,,,,,,,,
1789705140,242.6,242.6,242.6,242.6,1700,2026-09-18,,,,,,,,
1789705200,242.6,242.6,242.5,242.6,1500,2026-09-18,,,,,,,,
1789705260,242.5,242.6,242.5,242.5,7400,2026-09-18,,,,,,,,
1789705320,242.5,242.5,242.5,242.5,800,2026-09-18,,,,,,,,
1789705380,242.5,242.5,242.5,242.5,700,2026-09-18,,,,,,,,
1789705440,242.5,242.5,242.5,242.5,3000,2026-09-18,,,,,,,,
1789705500,242.5,242.5,242.5,242.5,1200,2026-09-18,,,,,,,,
1789705560,242.5,242.5,242.5,242.5,1100,2026-09-18,,,,,,,,
1789705620,242.5,242.5,242.5,242.5,200,2026-09-18,,,,,,,,
1789705680,242.5,242.6,242.5,242.6,1200,2026-09-18,,,,,,,,
1789705740,242.6,242.6,242.6,242.6,3300,2026-09-18,,,,,,,,
1789711200,242.6,242.6,242.5,242.6,15500,2026-09-18,,,,,,,,
1789711260,242.5,242.5,242.4,242.5,7400,2026-09-18,,,,,,,,
1789711320,242.5,242.5,242.5,242.5,300,2026-09-18,,,,,,,,
1789711380,242.5,242.5,242.5,242.5,400,2026-09-18,,,,,,,,
1789711440,242.5,242.5,242.3,242.3,10700,2026-09-18,,,,,,,,
1789711500,242.3,242.3,242.1,242.1,15100,2026-09-18,,,,,,,,
1789711560,242.1,242.1,242.0,242.0,29600,2026-09-18,,,,,,,,
1789711620,242.0,242.0,241.9,241.9,8400,2026-09-18,,,,,,,,
1789711680,242.0,242.0,241.9,242.0,4700,2026-09-18,,,,,,,,
1789711740,242.0,242.1,242.0,242.1,2100,2026-09-18,,,,,,,,
1789711800,242.0,242.1,242.0,242.1,2900,2026-09-18,,,,,,,,
1789711860,242.0,242.0,241.9,241.9,12200,2026-09-18,,,,,,,,
1789711920,241.9,241.9,241.8,241.8,1300,2026-09-18,,,,,,,,
1789711980,241.8,241.8,241.7,241.7,5300,2026-09-18,,,,,,,,
1789712040,241.7,241.9,241.7,241.8,1000,2026-09-18,,,,,,,,
1789712100,241.9,241.9,241.8,241.9,8200,2026-09-18,,,,,,,,
1789712160,241.9,242.0,241.8,241.8,13000,2026-09-18,,,,,,,,
1789712220,241.7,241.9,241.7,241.8,4100,2026-09-18,,,,,,,,
1789712280,241.8,241.8,241.6,241.6,8400,2026-09-18,,,,,,,,
1789712340,241.6,241.7,241.6,241.6,5500,2026-09-18,,,,,,,,
1789712400,241.7,241.7,241.5,241.6,8700,2026-09-18,,,,,,,,
1789712460,241.6,241.8,241.6,241.6,30500,2026-09-18,,,,,,,,
1789712520,241.6,241.6,241.6,241.6,1200,2026-09-18,,,,,,,,
1789712580,241.6,241.7,241.6,241.7,1300,2026-09-18,,,,,,,,
1789712640,241.7,241.7,241.6,241.7,9300,2026-09-18,,,,,,,,
1789712700,241.7,241.7,241.6,241.6,3200,2026-09-18,,,,,,,,
1789712760,241.6,241.7,241.6,241.6,2800,2026-09-18,,,,,,,,
1789712820,241.6,241.6,241.5,241.6,2800,2026-09-18,,,,,,,,
1789712880,241.6,241.7,241.6,241.7,10100,2026-09-18,,,,,,,,
1789712940,241.7,241.7,241.7,241.7,11700,2026-09-18,,,,,,,,
1789713000,241.7,241.7,241.6,241.6,24600,2026-09-18,,,,,,,,
1789713060,241.7,241.7,241.5,241.6,3500,2026-09-18,,,,,,,,
1789713120,241.6,241.6,241.3,241.4,18000,2026-09-18,,,,,,,,
1789713180,241.4,241.4,241.3,241.4,3400,2026-09-18,,,,,,,,
1789713240,241.4,241.5,241.3,241.3,14900,2026-09-18,,,,,,,,
1789713300,241.3,241.6,241.3,241.5,21400,2026-09-18,,,,,,,,
1789713360,241.5,241.7,241.5,241.6,11500,2026-09-18,,,,,,,,
1789713420,241.6,241.6,241.5,241.6,8100,2026-09-18,,,,,,,,
1789713480,241.6,241.6,241.5,241.6,10600,2026-09-18,,,,,,,,
1789713540,241.6,241.6,241.5,241.5,1800,2026-09-18,,,,,,,,
1789713600,241.5,241.6,241.4,241.6,6500,2026-09-18,,,,,,,,
1789713660,241.6,241.7,241.6,241.7,12900,2026-09-18,,,,,,,,
1789713720,241.7,241.8,241.7,241.8,17600,2026-09-18,,,,,,,,
1789713780,241.7,241.8,241.5,241.5,8300,2026-09-18,,,,,,,,
1789713840,241.5,241.5,241.4,241.4,15100,2026-09-18,,,,,,,,
1789713900,241.4,241.5,241.4,241.5,1100,2026-09-18,,,,,,,,
1789713960,241.5,241.5,241.5,241.5,2000,2026-09-18,,,,,,,,
1789714020,241.5,241.6,241.5,241.5,25100,2026-09-18,,,,,,,,
1789714080,241.5,241.5,241.3,241.3,21100,2026-09-18,,,,,,,,
1789714140,241.3,241.4,241.3,241.4,2800,2026-09-18,,,,,,,,
1789714200,241.4,241.4,241.3,241.3,6900,2026-09-18,,,,,,,,
1789714260,241.3,241.3,241.2,241.2,3700,2026-09-18,,,,,,,,
1789714320,241.2,241.4,241.2,241.3,4000,2026-09-18,,,,,,,,
1789714380,241.3,241.3,241.3,241.3,1800,2026-09-18,,,,,,,,
1789714440,241.3,241.4,241.3,241.4,6000,2026-09-18,,,,,,,,
1789714500,241.3,241.4,241.3,241.3,6900,2026-09-18,,,,,,,,
1789714560,241.2,241.3,241.2,241.3,6000,2026-09-18,,,,,,,,
1789714620,241.2,241.3,241.2,241.3,1700,2026-09-18,,,,,,,,
1789714680,241.3,241.4,241.3,241.3,17200,2026-09-18,,,,,,,,
1789714740,241.3,241.3,241.2,241.2,2700,2026-09-18,,,,,,,,
1789714800,241.2,241.3,241.1,241.1,26500,2026-09-18,,,,,,,,
1789714860,241.1,241.2,241.0,241.0,7200,2026-09-18,,,,,,,,
1789714920,241.1,241.2,241.1,241.2,36400,2026-09-18,,,,,,,,
1789714980,241.2,241.2,241.2,241.2,13400,2026-09-18,,,,,,,,
1789715040,241.2,241.2,241.1,241.1,20900,2026-09-18,,,,,,,,
1789715100,241.1,241.3,241.1,241.1,28000,2026-09-18,,,,,,,,
1789715160,241.2,241.2,241.1,241.2,20900,2026-09-18,,,,,,,,
1789715220,241.1,241.2,241.1,241.1,9200,2026-09-18,,,,,,,,
1789715280,241.2,241.2,241.1,241.1,6300,2026-09-18,,,,,,,,
1789715340,241.1,241.2,241.1,241.1,5600,2026-09-18,,,,,,,,
1789715400,241.1,241.2,241.1,241.1,9300,2026-09-18,,,,,,,,
1789715460,241.1,241.1,241.0,241.0,17900,2026-09-18,,,,,,,,
1789715520,241.0,241.0,240.9,241.0,62700,2026-09-18,,,,,,,,
1789715580,241.0,241.1,241.0,241.0,10600,2026-09-18,,,,,,,,
1789715640,241.0,241.1,241.0,241.0,23200,2026-09-18,,,,,,,,
1789715700,241.0,241.0,240.9,240.9,10400,2026-09-18,,,,,,,,
1789715760,241.0,241.1,240.9,240.9,25800,2026-09-18,,,,,,,,
1789715820,240.9,241.0,240.8,240.8,23700,2026-09-18,,,,,,,,
1789715880,240.9,241.1,240.7,240.7,28600,2026-09-18,,,,,,,,
1789715940,240.7,240.9,240.6,240.6,9600,2026-09-18,,,,,,,,
1789716000,240.8,240.8,240.5,240.5,25000,2026-09-18,,,,,,,,
1789716060,240.5,240.8,240.5,240.5,13300,2026-09-18,,,,,,,,
1789716120,240.5,240.6,240.5,240.6,14700,2026-09-18,,,,,,,,
1789716180,240.6,240.7,240.5,240.5,22600,2026-09-18,,,,,,,,
1789716240,240.5,240.7,240.5,240.5,23200,2026-09-18,,,,,,,,
1789716300,240.5,240.6,240.3,240.3,17800,2026-09-18,,,,,,,,
1789716360,240.4,240.6,240.4,240.5,9600,2026-09-18,,,,,,,,
1789716420,240.5,240.8,240.5,240.8,23900,2026-09-18,,,,,,,,
1789716480,240.8,241.0,240.5,241.0,38300,2026-09-18,,,,,,,,
1789716540,240.9,241.0,240.7,240.8,9900,2026-09-18,,,,,,,,
1789717500,241.2,241.2,241.2,241.2,11478000,2026-09-18,,,,,,,,
1789956900,243.4,243.4,241.4,241.4,53300,2026-09-21,,,,,,,,
1789956960,241.5,242.7,241.5,242.0,1000,2026-09-21,,,,,,,,
1789957020,242.0,242.6,242.0,242.4,6900,2026-09-21,,,,,,,,
1789957080,242.6,242.7,242.4,242.5,22600,2026-09-21,,,,,,,,
1789957140,242.5,242.5,241.9,241.9,9100,2026-09-21,,,,,,,,
1789957200,241.9,241.9,241.1,241.2,26800,2026-09-21,,,,,,,,
1789957260,241.2,241.3,241.1,241.3,6300,2026-09-21,,,,,,,,
1789957320,241.3,241.5,241.1,241.1,22500,2026-09-21,,,,,,,,
1789957380,241.1,241.3,241.1,241.3,3400,2026-09-21,,,,,,,,
1789957440,241.3,241.4,241.3,241.3,6400,2026-09-21,,,,,,,,
1789957500,241.3,241.3,240.5,240.5,19900,2026-09-21,,,,,,,,
1789957560,240.5,240.5,239.4,239.4,13200,2026-09-21,,,,,,,,
1789957620,239.4,239.7,238.7,239.0,9000,2026-09-21,,,,,,,,
1789957680,239.0,239.9,239.0,239.8,6400,2026-09-21,,,,,,,,
1789957740,239.2,239.8,239.0,239.1,23200,2026-09-21,,,,,,,,
1789957800,239.5,239.8,239.3,239.3,4400,2026-09-21,,,,,,,,
1789957860,239.3,239.5,239.2,239.5,2500,2026-09-21,,,,,,,,
1789957920,239.5,239.9,239.5,239.9,5300,2026-09-21,,,,,,,,
1789957980,239.9,240.0,239.8,240.0,3300,2026-09-21,,,,,,,,
1789958040,240.0,240.1,240.0,240.1,5000,2026-09-21,,,,,,,,
1789958100,240.1,240.1,239.6,239.9,12200,2026-09-21,,,,,,,,
1789958160,239.9,239.9,239.6,239.7,13200,2026-09-21,,,,,,,,
1789958220,239.6,239.7,239.3,239.5,21400,2026-09-21,,,,,,,,
1789958280,239.5,239.8,239.3,239.8,3600,2026-09-21,,,,,,,,
1789958340,239.6,239.8,239.5,239.5,9200,2026-09-21,,,,,,,,
1789958400,239.5,239.6,239.2,239.3,12600,2026-09-21,,,,,,,,
1789958460,239.3,239.4,239.3,239.4,2500,2026-09-21,,,,,,,,
1789958520,239.4,239.5,239.2,239.5,7200,2026-09-21,,,,,,,,
1789958580,239.5,239.5,239.2,239.2,12600,2026-09-21,,,,,,,,
1789958640,239.2,239.2,239.1,239.1,9100,2026-09-21,,,,,,,,
1789958700,239.1,239.2,238.8,238.8,39600,2026-09-21,,,,,,,,
1789958760,238.7,238.7,237.0,237.0,41100,2026-09-21,,,,,,,,
1789958820,237.1,237.7,237.0,237.7,7900,2026-09-21,,,,,,,,
1789958880,237.7,238.0,237.7,238.0,3900,2026-09-21,,,,,,,,
1789958940,237.9,238.0,237.7,237.7,5800,2026-09-21,,,,,,,,
1789959000,237.8,237.9,237.6,237.7,14000,2026-09-21,,,,,,,,
1789959060,237.7,237.7,237.6,237.7,3100,2026-09-21,,,,,,,,
1789959120,237.7,238.0,237.7,238.0,6300,2026-09-21,,,,,,,,
1789959180,238.0,238.2,237.7,237.8,22400,2026-09-21,,,,,,,,
1789959240,238.0,238.3,238.0,238.3,1500,2026-09-21,,,,,,,,
1789959300,238.3,238.3,237.8,237.8,9100,2026-09-21,,,,,,,,
1789959360,238.2,238.2,238.0,238.0,1400,2026-09-21,,,,,,,,
1789959420,238.0,238.2,238.0,238.1,3000,2026-09-21,,,,,,,,
1789959480,238.0,238.1,237.8,237.8,13300,2026-09-21,,,,,,,,
1789959540,237.8,238.0,237.7,238.0,1700,2026-09-21,,,,,,,,
1789959600,237.8,238.0,237.8,237.9,1600,2026-09-21,,,,,,,,
1789959660,237.9,237.9,237.8,237.9,2700,2026-09-21,,,,,,,,
1789959720,237.9,237.9,237.8,237.9,5200,2026-09-21,,,,,,,,
1789959780,237.9,237.9,237.7,237.8,10200,2026-09-21,,,,,,,,
1789959840,237.8,237.9,237.6,237.6,7100,2026-09-21,,,,,,,,
1789959900,237.8,237.8,237.3,237.3,16800,2026-09-21,,,,,,,,
1789959960,237.2,237.6,237.2,237.6,1500,2026-09-21,,,,,,,,
1789960020,237.5,237.6,237.5,237.6,1700,2026-09-21,,,,,,,,
1789960080,237.6,237.8,237.6,237.8,1400,2026-09-21,,,,,,,,
1789960140,237.8,237.8,237.7,237.8,4300,2026-09-21,,,,,,,,
1789960200,237.9,238.6,237.8,237.9,3300,2026-09-21,,,,,,,,
1789960260,238.0,238.5,238.0,238.5,3900,2026-09-21,,,,,,,,
1789960320,238.1,238.1,238.1,238.1,1100,2026-09-21,,,,,,,,
1789960380,238.6,238.8,238.0,238.1,8300,2026-09-21,,,,,,,,
1789960440,238.2,238.5,238.1,238.5,3200,2026-09-21,,,,,,,,
1789960500,238.5,238.8,238.5,238.6,8900,2026-09-21,,,,,,,,
1789960560,238.6,238.7,238.6,238.6,4600,2026-09-21,,,,,,,,
1789960620,238.6,238.6,238.1,238.1,3200,2026-09-21,,,,,,,,
1789960680,238.1,238.5,238.1,238.5,2800,2026-09-21,,,,,,,,
1789960740,238.5,238.5,238.2,238.2,1400,2026-09-21,,,,,,,,
1789960800,238.3,238.5,238.2,238.5,1300,2026-09-21,,,,,,,,
1789960860,238.5,238.5,238.2,238.2,1300,2026-09-21,,,,,,,,
1789960920,238.2,238.3,238.2,238.2,1700,2026-09-21,,,,,,,,
1789960980,238.2,238.3,238.2,238.3,400,2026-09-21,,,,,,,,
1789961040,238.3,238.3,238.3,238.3,1400,2026-09-21,,,,,,,,
1789961100,238.3,238.3,238.2,238.3,3400,2026-09-21,,,,,,,,
1789961160,238.5,238.5,238.3,238.3,700,2026-09-21,,,,,,,,
1789961220,238.3,238.5,238.3,238.4,700,2026-09-21,,,,,,,,
1789961280,238.4,238.4,238.4,238.4,600,2026-09-21,,,,,,,,
1789961340,238.4,238.4,238.3,238.3,700,2026-09-21,,,,,,,,
1789961400,238.4,238.4,238.3,238.3,2700,2026-09-21,,,,,,,,
1789961460,238.3,238.3,238.3,238.3,2400,2026-09-21,,,,,,,,
1789961520,238.3,238.6,238.3,238.6,4400,2026-09-21,,,,,,,,
1789961580,238.6,238.8,238.6,238.7,2600,2026-09-21,,,,,,,,
1789961640,238.7,238.7,238.6,238.6,1300,2026-09-21,,,,,,,,
1789961700,238.6,238.8,238.6,238.8,1000,2026-09-21,,,,,,,,
1789961760,238.8,238.9,238.7,238.9,1800,2026-09-21,,,,,,,,
1789961820,238.8,239.0,238.8,238.8,2000,2026-09-21,,,,,,,,
1789961880,238.7,239.0,238.7,239.0,12400,2026-09-21,,,,,,,,
1789961940,238.8,239.0,238.8,238.8,1500,2026-09-21,,,,,,,,
1789962000,238.8,238.9,238.8,238.9,2100,2026-09-21,,,,,,,,
1789962060,239.0,239.5,239.0,239.3,1100,2026-09-21,,,,,,,,
1789962120,239.3,239.4,239.3,239.4,1100,2026-09-21,,,,,,,,
1789962180,239.4,239.5,239.3,239.3,5800,2026-09-21,,,,,,,,
1789962240,239.3,239.4,239.3,239.3,800,2026-09-21,,,,,,,,
1789962300,239.3,239.3,239.3,239.3,1200,2026-09-21,,,,,,,,
1789962360,239.2,239.2,239.0,239.2,1200,2026-09-21,,,,,,,,
1789962420,239.0,239.1,239.0,239.1,700,2026-09-21,,,,,,,,
1789962480,239.1,239.1,239.0,239.0,1400,2026-09-21,,,,,,,,
1789962540,239.1,239.2,239.1,239.1,1800,2026-09-21,,,,,,,,
1789962600,239.1,239.1,239.1,239.1,400,2026-09-21,,,,,,,,
1789962660,239.1,239.5,239.1,239.5,2100,2026-09-21,,,,,,,,
1789962720,239.5,239.5,239.1,239.1,1900,2026-09-21,,,,,,,,
1789962780,239.1,239.2,239.1,239.2,800,2026-09-21,,,,,,,,
1789962840,239.2,239.5,239.2,239.5,3400,2026-09-21,,,,,,,,
1789962900,239.5,239.5,239.2,239.2,800,2026-09-21,,,,,,,,
1789962960,239.2,239.2,239.1,239.1,6500,2026-09-21,,,,,,,,
1789963020,239.1,239.1,239.0,239.0,700,2026-09-21,,,,,,,,
1789963080,239.0,239.1,239.0,239.1,2100,2026-09-21,,,,,,,,
1789963140,239.1,239.3,239.1,239.3,2900,2026-09-21,,,,,,,,
1789963200,239.3,239.3,239.1,239.1,800,2026-09-21,,,,,,,,
1789963260,239.1,239.2,238.9,238.9,11900,2026-09-21,,,,,,,,
1789963320,238.9,238.9,238.9,238.9,500,2026-09-21,,,,,,,,
1789963380,238.9,238.9,238.8,238.8,10400,2026-09-21,,,,,,,,
1789963440,238.8,238.8,238.1,238.1,27500,2026-09-21,,,,,,,,
1789963500,238.1,238.1,238.0,238.0,16900,2026-09-21,,,,,,,,
1789963560,238.0,238.1,237.9,238.1,4900,2026-09-21,,,,,,,,
1789963620,238.1,238.1,237.9,238.0,3100,2026-09-21,,,,,,,,
1789963680,238.0,238.1,238.0,238.1,1400,2026-09-21,,,,,,,,
1789963740,238.0,238.0,237.9,237.9,6400,2026-09-21,,,,,,,,
1789963800,237.8,237.8,237.3,237.3,29000,2026-09-21,,,,,,,,
1789963860,237.3,237.3,237.1,237.3,9000,2026-09-21,,,,,,,,
1789963920,237.2,237.3,237.2,237.2,2600,2026-09-21,,,,,,,,
1789963980,237.3,237.5,237.2,237.4,6600,2026-09-21,,,,,,,,
1789964040,237.4,237.5,237.3,237.3,3700,2026-09-21,,,,,,,,
1789964100,237.3,237.8,237.3,237.5,6300,2026-09-21,,,,,,,,
1789964160,237.8,238.3,237.8,238.1,17000,2026-09-21,,,,,,,,
1789964220,238.3,238.3,238.1,238.3,800,2026-09-21,,,,,,,,
1789964280,238.3,238.3,238.1,238.3,2300,2026-09-21,,,,,,,,
1789964340,238.3,238.7,238.3,238.4,1900,2026-09-21,,,,,,,,
1789964400,238.4,238.5,238.4,238.5,600,2026-09-21,,,,,,,,
1789964460,238.5,238.5,238.4,238.5,1100,2026-09-21,,,,,,,,
1789964520,238.5,238.7,238.5,238.5,1600,2026-09-21,,,,,,,,
1789964580,238.5,238.5,238.5,238.5,1000,2026-09-21,,,,,,,,
1789964640,238.4,238.5,238.3,238.5,2700,2026-09-21,,,,,,,,
1789964700,238.5,239.0,238.0,238.0,24500,2026-09-21,,,,,,,,
1789964760,238.0,238.1,238.0,238.0,11600,2026-09-21,,,,,,,,
1789964820,238.0,238.0,237.9,237.9,2200,2026-09-21,,,,,,,,
1789964880,237.9,238.0,237.9,238.0,1900,2026-09-21,,,,,,,,
1789964940,237.9,238.0,237.9,238.0,7600,2026-09-21,,,,,,,,
1789970400,238.0,238.4,238.0,238.0,7300,2026-09-21,,,,,,,,
1789970460,238.1,238.1,237.8,237.8,8300,2026-09-21,,,,,,,,
1789970520,237.8,237.8,237.7,237.8,10600,2026-09-21,,,,,,,,
1789970580,237.7,237.8,237.7,237.7,2000,2026-09-21,,,,,,,,
1789970640,237.7,238.0,237.7,237.7,2900,2026-09-21,,,,,,,,
1789970700,237.8,238.0,237.7,238.0,2100,2026-09-21,,,,,,,,
1789970760,238.0,238.1,238.0,238.1,3100,2026-09-21,,,,,,,,
1789970820,238.1,238.4,238.1,238.4,1800,2026-09-21,,,,,,,,
1789970880,238.4,238.4,238.2,238.2,900,2026-09-21,,,,,,,,
1789970940,238.2,238.2,238.1,238.1,1300,2026-09-21,,,,,,,,
1789971000,238.1,238.2,237.9,238.0,8500,2026-09-21,,,,,,,,
1789971060,238.0,238.0,237.8,237.8,6400,2026-09-21,,,,,,,,
1789971120,237.9,238.0,237.8,237.8,6400,2026-09-21,,,,,,,,
1789971180,237.8,237.8,237.5,237.5,25500,2026-09-21,,,,,,,,
1789971240,237.4,237.4,237.0,237.2,36400,2026-09-21,,,,,,,,
1789971300,237.2,237.5,237.1,237.3,11800,2026-09-21,,,,,,,,
1789971360,237.6,237.6,237.2,237.3,16000,2026-09-21,,,,,,,,
1789971420,237.3,237.3,236.6,236.8,77000,2026-09-21,,,,,,,,
1789971480,237.0,237.0,236.5,236.9,31100,2026-09-21,,,,,,,,
1789971540,236.9,237.1,236.7,236.9,27400,2026-09-21,,,,,,,,
1789971600,236.8,236.9,236.7,236.8,58800,2026-09-21,,,,,,,,
1789971660,236.8,236.9,236.5,236.5,32400,2026-09-21,,,,,,,,
1789971720,236.5,236.5,236.3,236.5,21500,2026-09-21,,,,,,,,
1789971780,236.5,236.5,236.0,236.1,35800,2026-09-21,,,,,,,,
1789971840,236.1,236.2,235.9,236.0,55500,2026-09-21,,,,,,,,
1789971900,235.9,236.1,235.9,236.0,15400,2026-09-21,,,,,,,,
1789971960,236.0,236.1,236.0,236.1,15800,2026-09-21,,,,,,,,
1789972020,236.1,236.2,236.0,236.1,63400,2026-09-21,,,,,,,,
1789972080,236.1,236.1,236.0,236.1,30700,2026-09-21,,,,,,,,
1789972140,236.1,236.1,235.7,235.9,23300,2026-09-21,,,,,,,,
1789972200,235.8,235.9,235.7,235.8,25200,2026-09-21,,,,,,,,
1789972260,235.8,235.9,235.6,235.8,26100,2026-09-21,,,,,,,,
1789972320,235.7,235.8,235.6,235.6,10600,2026-09-21,,,,,,,,
1789972380,235.6,235.7,235.0,235.0,39100,2026-09-21,,,,,,,,
1789972440,235.1,235.4,235.0,235.4,6900,2026-09-21,,,,,,,,
1789972500,235.4,235.4,235.3,235.3,15000,2026-09-21,,,,,,,,
1789972560,235.3,235.3,234.8,234.8,60300,2026-09-21,,,,,,,,
1789972620,234.8,235.0,234.7,234.7,6600,2026-09-21,,,,,,,,
1789972680,234.6,234.8,234.5,234.8,28500,2026-09-21,,,,,,,,
1789972740,234.8,235.2,234.8,235.1,29800,2026-09-21,,,,,,,,
1789972800,235.2,236.0,235.2,235.9,4200,2026-09-21,,,,,,,,
1789972860,235.9,236.0,235.5,235.8,12400,2026-09-21,,,,,,,,
1789972920,235.8,236.0,235.5,235.6,6600,2026-09-21,,,,,,,,
1789972980,235.6,235.6,235.3,235.4,2800,2026-09-21,,,,,,,,
1789973040,235.5,235.6,235.4,235.5,9400,2026-09-21,,,,,,,,
1789973100,235.5,235.7,235.0,235.6,21300,2026-09-21,,,,,,,,
1789973160,235.6,235.6,235.0,235.0,13900,2026-09-21,,,,,,,,
1789973220,235.3,235.5,235.0,235.5,6900,2026-09-21,,,,,,,,
1789973280,235.7,235.9,235.5,235.7,10000,2026-09-21,,,,,,,,
1789973340,235.7,235.7,235.7,235.7,1700,2026-09-21,,,,,,,,
1789973400,235.7,235.9,235.7,235.9,2900,2026-09-21,,,,,,,,
1789973460,235.9,236.0,235.7,235.7,5800,2026-09-21,,,,,,,,
1789973520,235.8,235.8,235.5,235.5,11200,2026-09-21,,,,,,,,
1789973580,235.7,235.7,235.4,235.4,12900,2026-09-21,,,,,,,,
1789973640,235.4,235.5,235.0,235.0,24300,2026-09-21,,,,,,,,
1789973700,235.0,235.1,234.7,234.8,33300,2026-09-21,,,,,,,,
1789973760,234.8,235.0,234.6,235.0,7200,2026-09-21,,,,,,,,
1789973820,235.0,235.1,235.0,235.1,5200,2026-09-21,,,,,,,,
1789973880,235.0,235.1,234.9,235.1,9100,2026-09-21,,,,,,,,
1789973940,235.1,235.1,234.8,235.0,24900,2026-09-21,,,,,,,,
1789974000,235.0,235.1,234.9,235.0,14000,2026-09-21,,,,,,,,
1789974060,235.0,235.1,234.6,234.7,36400,2026-09-21,,,,,,,,
1789974120,234.6,235.0,234.5,234.9,21200,2026-09-21,,,,,,,,
1789974180,234.7,234.9,234.2,234.2,20400,2026-09-21,,,,,,,,
1789974240,234.3,234.6,234.2,234.3,7600,2026-09-21,,,,,,,,
1789974300,234.3,234.5,233.9,234.0,34200,2026-09-21,,,,,,,,
1789974360,234.2,235.0,234.2,234.5,9100,2026-09-21,,,,,,,,
1789974420,234.9,235.0,234.5,234.6,7900,2026-09-21,,,,,,,,
1789974480,234.6,235.0,234.4,235.0,10000,2026-09-21,,,,,,,,
1789974540,235.0,235.0,234.3,235.0,3900,2026-09-21,,,,,,,,
1789974600,234.4,235.0,234.4,234.6,7300,2026-09-21,,,,,,,,
1789974660,234.6,235.1,234.6,235.1,3300,2026-09-21,,,,,,,,
1789974720,235.1,235.3,235.0,235.1,8100,2026-09-21,,,,,,,,
1789974780,235.5,235.8,235.2,235.8,5900,2026-09-21,,,,,,,,
1789974840,235.8,235.9,235.1,235.3,21500,2026-09-21,,,,,,,,
1789974900,235.3,235.3,234.4,234.5,12600,2026-09-21,,,,,,,,
1789974960,234.5,235.0,234.4,234.5,14700,2026-09-21,,,,,,,,
1789975020,234.4,234.9,234.2,234.4,17200,2026-09-21,,,,,,,,
1789975080,234.4,234.7,234.0,234.0,30600,2026-09-21,,,,,,,,
1789975140,234.1,234.1,233.4,233.5,26100,2026-09-21,,,,,,,,
1789975200,233.4,233.5,232.9,232.9,35800,2026-09-21,,,,,,,,
1789975260,232.9,233.0,232.8,233.0,16200,2026-09-21,,,,,,,,
1789975320,233.0,233.4,232.9,233.4,10400,2026-09-21,,,,,,,,
1789975380,233.2,233.6,233.2,233.3,13200,2026-09-21,,,,,,,,
1789975440,233.3,235.0,233.3,235.0,26000,2026-09-21,,,,,,,,
1789975500,235.0,235.1,233.4,235.0,28000,2026-09-21,,,,,,,,
1789975560,234.2,235.0,234.0,235.0,33700,2026-09-21,,,,,,,,
1789975620,235.0,235.0,234.0,234.3,37400,2026-09-21,,,,,,,,
1789975680,235.0,235.1,234.0,234.2,35300,2026-09-21,,,,,,,,
1789975740,235.1,235.1,233.8,234.0,34200,2026-09-21,,,,,,,,
1789976700,235.0,235.0,235.0,235.0,2126600,2026-09-21,,,,,,,,
1790043300,235.0,235.5,233.9,233.9,18100,2026-09-22,,,,,,,,
1790043360,233.9,233.9,233.7,233.7,1900,2026-09-22,,,,,,,,
1790043420,234.0,234.5,233.9,234.5,4000,2026-09-22,,,,,,,,
1790043480,234.5,234.8,234.5,234.8,3300,2026-09-22,,,,,,,,
1790043540,234.6,234.6,234.1,234.1,1500,2026-09-22,,,,,,,,
1790043600,234.4,234.5,234.2,234.5,500,2026-09-22,,,,,,,,
1790043660,234.4,234.4,234.4,234.4,3600,2026-09-22,,,,,,,,
1790043720,234.5,234.5,234.3,234.3,4800,2026-09-22,,,,,,,,
1790043780,234.2,234.3,234.1,234.1,900,2026-09-22,,,,,,,,
1790043840,234.1,234.2,233.5,233.5,9800,2026-09-22,,,,,,,,
1790043900,233.7,233.7,232.6,232.6,7900,2026-09-22,,,,,,,,
1790043960,232.6,232.6,231.0,231.9,12500,2026-09-22,,,,,,,,
1790044020,231.1,231.8,230.4,231.0,29400,2026-09-22,,,,,,,,
1790044080,230.8,232.0,230.2,232.0,9300,2026-09-22,,,,,,,,
1790044140,232.0,233.0,231.2,232.0,10400,2026-09-22,,,,,,,,
1790044200,232.0,232.0,231.8,232.0,17700,2026-09-22,,,,,,,,
1790044260,232.0,232.0,231.8,232.0,4500,2026-09-22,,,,,,,,
1790044320,232.0,233.1,232.0,233.0,14400,2026-09-22,,,,,,,,
1790044380,233.0,233.0,233.0,233.0,3400,2026-09-22,,,,,,,,
1790044440,233.0,233.9,233.0,233.0,3000,2026-09-22,,,,,,,,
1790044500,233.6,233.8,233.0,233.1,3900,2026-09-22,,,,,,,,
1790044560,233.1,233.2,233.1,233.2,300,2026-09-22,,,,,,,,
1790044620,233.2,233.6,233.2,233.6,2500,2026-09-22,,,,,,,,
1790044680,233.8,234.0,233.6,234.0,2500,2026-09-22,,,,,,,,
1790044740,234.0,234.0,233.6,234.0,2800,2026-09-22,,,,,,,,
1790044800,234.1,234.3,234.0,234.3,3300,2026-09-22,,,,,,,,
1790044860,234.5,235.5,234.5,235.5,8400,2026-09-22,,,,,,,,
1790044920,235.5,235.9,235.5,235.9,2200,2026-09-22,,,,,,,,
1790044980,236.0,237.0,236.0,237.0,14300,2026-09-22,,,,,,,,
1790045040,236.1,237.0,236.1,236.8,9900,2026-09-22,,,,,,,,
1790045100,236.8,237.0,236.8,236.9,4100,2026-09-22,,,,,,,,
1790045160,237.0,237.0,236.9,236.9,4600,2026-09-22,,,,,,,,
1790045220,236.9,237.0,236.9,237.0,8900,2026-09-22,,,,,,,,
1790045280,237.0,237.2,237.0,237.2,4900,2026-09-22,,,,,,,,
1790045340,237.2,237.5,237.2,237.5,1900,2026-09-22,,,,,,,,
1790045400,237.5,238.5,237.5,238.0,3600,2026-09-22,,,,,,,,
1790045460,238.4,238.4,238.1,238.1,900,2026-09-22,,,,,,,,
1790045520,238.4,238.5,238.1,238.5,3000,2026-09-22,,,,,,,,
1790045580,238.5,239.2,238.4,239.2,6100,2026-09-22,,,,,,,,
1790045640,239.2,239.5,239.2,239.5,9300,2026-09-22,,,,,,,,
1790045700,239.3,239.8,239.3,239.6,10900,2026-09-22,,,,,,,,
1790045760,239.6,240.5,239.6,240.5,17000,2026-09-22,,,,,,,,
1790045820,240.5,241.0,239.9,240.0,23800,2026-09-22,,,,,,,,
1790045880,240.0,240.4,239.8,239.8,8600,2026-09-22,,,,,,,,
1790045940,239.9,239.9,239.5,239.6,7300,2026-09-22,,,,,,,,
1790046000,239.6,239.6,239.0,239.0,7000,2026-09-22,,,,,,,,
1790046060,239.0,239.3,238.7,238.7,5200,2026-09-22,,,,,,,,
1790046120,238.7,239.0,237.6,238.9,7700,2026-09-22,,,,,,,,
1790046180,239.2,239.2,237.6,237.7,4600,2026-09-22,,,,,,,,
1790046240,237.7,238.0,237.6,238.0,2800,2026-09-22,,,,,,,,
1790046300,238.0,238.9,238.0,238.1,1900,2026-09-22,,,,,,,,
1790046360,238.2,238.9,238.1,238.9,3100,2026-09-22,,,,,,,,
1790046420,238.2,239.0,238.2,239.0,1000,2026-09-22,,,,,,,,
1790046480,238.9,238.9,238.3,238.4,800,2026-09-22,,,,,,,,
1790046540,238.2,238.2,238.2,238.2,900,2026-09-22,,,,,,,,
1790046600,238.2,238.2,238.1,238.1,900,2026-09-22,,,,,,,,
1790046660,238.1,238.2,238.1,238.2,600,2026-09-22,,,,,,,,
1790046720,238.2,238.8,238.1,238.1,900,2026-09-22,,,,,,,,
1790046780,238.1,238.5,238.0,238.0,1200,2026-09-22,,,,,,,,
1790046840,238.5,238.5,238.0,238.0,3100,2026-09-22,,,,,,,,
1790046900,238.2,238.4,238.0,238.4,900,2026-09-22,,,,,,,,
1790046960,238.4,238.5,238.1,238.5,2000,2026-09-22,,,,,,,,
1790047020,238.5,238.7,238.5,238.7,500,2026-09-22,,,,,,,,
1790047080,238.7,238.7,238.1,238.1,1200,2026-09-22,,,,,,,,
1790047260,238.1,238.1,238.1,238.1,700,2026-09-22,,,,,,,,
1790047320,238.2,238.2,238.2,238.2,100,2026-09-22,,,,,,,,
1790047380,238.2,238.3,238.2,238.3,500,2026-09-22,,,,,,,,
1790047440,238.5,238.5,238.5,238.5,1800,2026-09-22,,,,,,,,
1790047500,238.7,238.7,238.5,238.5,300,2026-09-22,,,,,,,,
1790047560,238.7,238.7,238.7,238.7,1600,2026-09-22,,,,,,,,
1790047620,238.7,238.7,238.7,238.7,200,2026-09-22,,,,,,,,
1790047680,238.8,238.8,238.8,238.8,300,2026-09-22,,,,,,,,
1790047740,238.8,238.8,238.5,238.5,1000,2026-09-22,,,,,,,,
1790047800,238.5,238.5,238.2,238.2,2700,2026-09-22,,,,,,,,
1790047860,238.2,238.2,238.2,238.2,700,2026-09-22,,,,,,,,
1790047920,238.3,238.3,238.3,238.3,400,2026-09-22,,,,,,,,
1790047980,238.3,238.3,238.3,238.3,800,2026-09-22,,,,,,,,
1790048040,238.3,238.4,238.3,238.3,2200,2026-09-22,,,,,,,,
1790048100,238.3,238.6,238.3,238.3,1300,2026-09-22,,,,,,,,
1790048160,238.3,238.3,238.3,238.3,400,2026-09-22,,,,,,,,
1790048220,238.3,238.5,238.3,238.5,1800,2026-09-22,,,,,,,,
1790048280,238.5,238.5,238.4,238.4,300,2026-09-22,,,,,,,,
1790048340,238.4,238.4,238.4,238.4,1400,2026-09-22,,,,,,,,
1790048400,238.5,238.6,238.5,238.6,5200,2026-09-22,,,,,,,,
1790048460,238.7,238.8,238.7,238.8,6400,2026-09-22,,,,,,,,
1790048520,238.8,238.9,238.7,238.9,1500,2026-09-22,,,,,,,,
1790048580,238.9,238.9,238.9,238.9,700,2026-09-22,,,,,,,,
1790048640,238.9,238.9,238.9,238.9,500,2026-09-22,,,,,,,,
1790048700,238.9,239.0,238.9,239.0,700,2026-09-22,,,,,,,,
1790048760,239.0,239.0,238.6,238.6,1000,2026-09-22,,,,,,,,
1790048820,238.6,239.0,238.6,239.0,2300,2026-09-22,,,,,,,,
1790048880,239.0,239.0,239.0,239.0,1400,2026-09-22,,,,,,,,
1790048940,238.9,239.0,238.9,238.9,2100,2026-09-22,,,,,,,,
1790049000,238.9,238.9,238.9,238.9,400,2026-09-22,,,,,,,,
1790049060,238.9,238.9,238.8,238.8,1400,2026-09-22,,,,,,,,
1790049120,238.6,238.6,238.4,238.4,1100,2026-09-22,,,,,,,,
1790049180,238.4,238.9,238.4,238.4,800,2026-09-22,,,,,,,,
1790049240,238.8,238.8,238.4,238.7,1600,2026-09-22,,,,,,,,
1790049300,238.4,238.8,238.4,238.8,1500,2026-09-22,,,,,,,,
1790049360,238.8,238.9,238.2,238.2,4200,2026-09-22,,,,,,,,
1790049420,238.1,238.5,238.0,238.0,9300,2026-09-22,,,,,,,,
1790049480,238.0,238.8,238.0,238.0,2800,2026-09-22,,,,,,,,
1790049540,238.1,238.8,238.1,238.2,1600,2026-09-22,,,,,,,,
1790049600,238.2,238.9,238.1,238.1,4600,2026-09-22,,,,,,,,
1790049660,238.2,238.3,238.1,238.1,1500,2026-09-22,,,,,,,,
1790049720,238.1,238.8,238.1,238.8,1400,2026-09-22,,,,,,,,
1790049780,238.1,238.8,238.1,238.1,1500,2026-09-22,,,,,,,,
1790049840,238.1,238.5,238.1,238.1,900,2026-09-22,,,,,,,,
1790049900,238.8,238.8,238.0,238.1,1800,2026-09-22,,,,,,,,
1790049960,238.0,238.8,238.0,238.0,2200,2026-09-22,,,,,,,,
1790050020,238.0,238.8,238.0,238.0,1300,2026-09-22,,,,,,,,
1790050080,238.0,238.7,238.0,238.0,800,2026-09-22,,,,,,,,
1790050140,238.0,238.8,238.0,238.0,1600,2026-09-22,,,,,,,,
1790050200,238.0,238.8,237.8,238.8,1800,2026-09-22,,,,,,,,
1790050260,237.9,238.7,237.9,237.9,1100,2026-09-22,,,,,,,,
1790050320,237.9,238.5,237.4,237.4,6800,2026-09-22,,,,,,,,
1790050380,237.4,237.9,237.4,237.5,1200,2026-09-22,,,,,,,,
1790050440,237.5,238.3,237.4,237.4,1000,2026-09-22,,,,,,,,
1790050500,237.4,238.4,237.4,238.4,1500,2026-09-22,,,,,,,,
1790050560,237.5,238.5,237.5,238.5,2300,2026-09-22,,,,,,,,
1790050620,238.5,238.5,237.5,237.6,1200,2026-09-22,,,,,,,,
1790050680,238.5,238.5,237.6,238.4,1200,2026-09-22,,,,,,,,
1790050740,237.6,238.4,237.6,237.7,1600,2026-09-22,,,,,,,,
1790050800,237.7,238.4,237.7,238.1,500,2026-09-22,,,,,,,,
1790050860,238.4,238.4,238.4,238.4,700,2026-09-22,,,,,,,,
1790050920,238.4,238.7,238.4,238.7,5200,2026-09-22,,,,,,,,
1790050980,238.7,238.7,238.5,238.7,1000,2026-09-22,,,,,,,,
1790051040,238.7,238.8,238.7,238.8,1300,2026-09-22,,,,,,,,
1790051100,238.8,239.8,238.8,239.8,44300,2026-09-22,,,,,,,,
1790051160,239.7,240.1,239.7,240.1,8500,2026-09-22,,,,,,,,
1790051220,240.1,240.2,240.1,240.1,1600,2026-09-22,,,,,,,,
1790051280,240.3,240.3,240.0,240.0,2300,2026-09-22,,,,,,,,
1790051340,239.9,240.0,239.8,240.0,2900,2026-09-22,,,,,,,,
1790056800,239.8,240.3,238.0,240.3,16900,2026-09-22,,,,,,,,
1790056860,240.3,240.8,240.0,240.0,13300,2026-09-22,,,,,,,,
1790056920,240.0,240.6,238.9,239.0,12900,2026-09-22,,,,,,,,
1790056980,238.9,238.9,238.4,238.8,3100,2026-09-22,,,,,,,,
1790057040,238.9,240.0,238.8,240.0,1200,2026-09-22,,,,,,,,
1790057100,240.0,240.0,239.8,240.0,1600,2026-09-22,,,,,,,,
1790057160,239.8,239.8,239.0,239.0,3600,2026-09-22,,,,,,,,
1790057220,239.7,239.8,239.7,239.8,900,2026-09-22,,,,,,,,
1790057280,239.0,239.6,239.0,239.0,2800,2026-09-22,,,,,,,,
1790057340,239.6,239.6,239.0,239.0,1000,2026-09-22,,,,,,,,
1790057400,239.5,239.7,239.5,239.7,800,2026-09-22,,,,,,,,
1790057460,239.3,239.7,239.1,239.1,1200,2026-09-22,,,,,,,,
1790057520,239.7,239.7,239.6,239.6,1100,2026-09-22,,,,,,,,
1790057580,239.6,239.7,239.6,239.7,1100,2026-09-22,,,,,,,,
1790057640,239.7,239.7,239.2,239.7,1100,2026-09-22,,,,,,,,
1790057700,239.7,239.7,239.7,239.7,700,2026-09-22,,,,,,,,
1790057760,239.8,239.8,239.7,239.7,1300,2026-09-22,,,,,,,,
1790057820,239.7,239.8,239.2,239.5,3100,2026-09-22,,,,,,,,
1790057880,239.5,239.5,239.2,239.3,1200,2026-09-22,,,,,,,,
1790057940,239.3,239.4,239.2,239.4,1700,2026-09-22,,,,,,,,
1790058000,239.1,239.2,239.1,239.2,1500,2026-09-22,,,,,,,,
1790058060,239.1,239.2,239.1,239.1,1200,2026-09-22,,,,,,,,
1790058120,239.1,239.2,238.8,238.8,10000,2026-09-22,,,,,,,,
1790058180,238.8,238.8,238.8,238.8,1700,2026-09-22,,,,,,,,
1790058240,238.9,239.0,238.8,239.0,3300,2026-09-22,,,,,,,,
1790058300,238.8,239.3,238.8,239.3,4300,2026-09-22,,,,,,,,
1790058360,239.4,239.5,239.4,239.5,3500,2026-09-22,,,,,,,,
1790058420,239.6,240.0,239.6,240.0,9500,2026-09-22,,,,,,,,
1790058480,239.9,239.9,239.7,239.8,1700,2026-09-22,,,,,,,,
1790058540,239.7,239.8,239.7,239.8,2700,2026-09-22,,,,,,,,
1790058600,239.7,239.9,239.7,239.9,2600,2026-09-22,,,,,,,,
1790058660,239.8,239.9,239.7,239.7,1600,2026-09-22,,,,,,,,
1790058720,239.7,239.8,239.7,239.8,2800,2026-09-22,,,,,,,,
1790058780,239.7,239.9,239.5,239.5,10400,2026-09-22,,,,,,,,
1790058840,239.5,239.8,239.5,239.7,2100,2026-09-22,,,,,,,,
1790058900,239.6,239.8,239.6,239.8,1800,2026-09-22,,,,,,,,
1790058960,239.7,239.7,239.7,239.7,400,2026-09-22,,,,,,,,
1790059020,239.7,239.8,239.7,239.8,900,2026-09-22,,,,,,,,
1790059080,239.8,240.0,239.7,240.0,5700,2026-09-22,,,,,,,,
1790059140,240.0,240.5,240.0,240.2,16700,2026-09-22,,,,,,,,
1790059200,240.5,240.5,240.2,240.4,1200,2026-09-22,,,,,,,,
1790059260,240.3,240.4,240.0,240.3,1000,2026-09-22,,,,,,,,
1790059320,240.3,240.5,240.1,240.5,3900,2026-09-22,,,,,,,,
1790059380,240.5,240.6,240.1,240.6,17100,2026-09-22,,,,,,,,
1790059440,240.6,240.7,240.5,240.7,3700,2026-09-22,,,,,,,,
1790059500,240.8,241.0,240.7,241.0,16400,2026-09-22,,,,,,,,
1790059560,241.0,241.9,241.0,241.9,7500,2026-09-22,,,,,,,,
1790059620,241.9,242.0,241.0,241.4,8700,2026-09-22,,,,,,,,
1790059680,241.2,241.5,241.2,241.4,5300,2026-09-22,,,,,,,,
1790059740,241.4,241.5,241.3,241.5,7200,2026-09-22,,,,,,,,
1790059800,241.5,241.8,241.3,241.7,8800,2026-09-22,,,,,,,,
1790059860,241.7,241.9,241.6,241.8,13300,2026-09-22,,,,,,,,
1790059920,241.8,242.1,241.8,242.1,33100,2026-09-22,,,,,,,,
1790059980,242.1,242.3,242.0,242.3,6600,2026-09-22,,,,,,,,
1790060040,242.2,242.4,242.0,242.0,5800,2026-09-22,,,,,,,,
1790060100,242.1,242.2,241.8,241.8,36600,2026-09-22,,,,,,,,
1790060160,241.8,242.0,241.5,241.7,7000,2026-09-22,,,,,,,,
1790060220,241.8,242.2,241.7,242.2,5900,2026-09-22,,,,,,,,
1790060280,242.3,242.3,242.2,242.3,4100,2026-09-22,,,,,,,,
1790060340,242.2,242.5,242.2,242.4,4600,2026-09-22,,,,,,,,
1790060400,242.4,242.6,242.3,242.5,7700,2026-09-22,,,,,,,,
1790060460,242.5,243.2,242.5,243.2,29900,2026-09-22,,,,,,,,
1790060520,243.2,243.2,243.0,243.1,7400,2026-09-22,,,,,,,,
1790060580,243.2,243.2,243.0,243.1,3300,2026-09-22,,,,,,,,
1790060640,243.1,243.2,243.0,243.2,6800,2026-09-22,,,,,,,,
1790060700,243.2,243.2,243.0,243.0,18000,2026-09-22,,,,,,,,
1790060760,243.0,243.1,242.0,242.5,23700,2026-09-22,,,,,,,,
1790060820,242.5,242.8,242.2,242.4,11600,2026-09-22,,,,,,,,
1790060880,242.4,243.0,242.4,242.4,7700,2026-09-22,,,,,,,,
1790060940,242.4,243.0,242.0,243.0,16500,2026-09-22,,,,,,,,
1790061000,242.9,243.0,242.1,242.4,8300,2026-09-22,,,,,,,,
1790061060,242.4,243.0,242.4,243.0,16900,2026-09-22,,,,,,,,
1790061120,243.0,243.0,242.6,242.9,5200,2026-09-22,,,,,,,,
1790061180,243.0,243.0,242.7,242.7,5600,2026-09-22,,,,,,,,
1790061240,242.8,242.9,242.6,242.6,6200,2026-09-22,,,,,,,,
1790061300,242.6,242.9,242.6,242.7,4300,2026-09-22,,,,,,,,
1790061360,242.8,242.8,242.5,242.5,4700,2026-09-22,,,,,,,,
1790061420,242.5,242.6,242.5,242.6,1800,2026-09-22,,,,,,,,
1790061480,242.5,242.5,242.4,242.5,8000,2026-09-22,,,,,,,,
1790061540,242.5,242.5,242.4,242.4,7900,2026-09-22,,,,,,,,
1790061600,242.5,242.6,242.4,242.4,8500,2026-09-22,,,,,,,,
1790061660,242.4,242.6,242.4,242.5,2000,2026-09-22,,,,,,,,
1790061720,242.6,242.7,242.5,242.7,2000,2026-09-22,,,,,,,,
1790061780,242.6,242.7,242.5,242.7,5000,2026-09-22,,,,,,,,
1790061840,242.7,242.9,242.7,242.9,16200,2026-09-22,,,,,,,,
1790061900,242.8,243.0,242.7,243.0,12100,2026-09-22,,,,,,,,
1790061960,242.9,243.3,242.8,243.3,44500,2026-09-22,,,,,,,,
1790062020,243.4,243.8,243.3,243.7,25800,2026-09-22,,,,,,,,
1790062080,243.6,243.7,243.3,243.7,15400,2026-09-22,,,,,,,,
1790062140,243.7,243.7,243.4,243.6,11000,2026-09-22,,,,,,,,
1790063100,243.8,243.8,243.8,243.8,254300,2026-09-22,,,,,,,,
1790129700,244.3,244.7,244.3,244.6,36300,2026-09-23,,,,,,,,
1790129760,244.6,246.4,244.6,246.4,77700,2026-09-23,,,,,,,,
1790129820,246.4,246.4,245.0,245.9,26300,2026-09-23,,,,,,,,
1790129880,245.9,245.9,245.4,245.5,11700,2026-09-23,,,,,,,,
1790129940,245.5,245.5,245.0,245.0,17500,2026-09-23,,,,,,,,
1790130000,245.0,245.0,244.0,244.0,5500,2026-09-23,,,,,,,,
1790130060,244.4,244.5,244.1,244.5,2300,2026-09-23,,,,,,,,
1790130120,244.4,244.7,244.4,244.7,3400,2026-09-23,,,,,,,,
1790130180,244.8,245.0,244.6,244.6,24500,2026-09-23,,,,,,,,
1790130240,244.8,244.9,244.8,244.9,18000,2026-09-23,,,,,,,,
1790130300,244.9,244.9,244.5,244.9,1800,2026-09-23,,,,,,,,
1790130360,244.9,244.9,244.5,244.5,4700,2026-09-23,,,,,,,,
1790130420,244.5,244.7,244.5,244.7,16800,2026-09-23,,,,,,,,
1790130480,244.8,244.8,244.5,244.5,2900,2026-09-23,,,,,,,,
1790130540,244.4,244.5,244.4,244.5,1800,2026-09-23,,,,,,,,
1790130600,244.6,244.6,244.4,244.5,3600,2026-09-23,,,,,,,,
1790130660,244.4,244.5,244.3,244.3,1700,2026-09-23,,,,,,,,
1790130720,244.3,244.3,244.0,244.0,14500,2026-09-23,,,,,,,,
1790130780,244.0,244.0,243.9,243.9,5400,2026-09-23,,,,,,,,
1790130840,243.9,244.2,243.8,244.0,2100,2026-09-23,,,,,,,,
1790130900,244.0,244.1,243.9,243.9,5900,2026-09-23,,,,,,,,
1790130960,243.8,243.9,243.8,243.9,12200,2026-09-23,,,,,,,,
1790131020,243.8,243.9,243.5,243.9,2000,2026-09-23,,,,,,,,
1790131080,243.9,244.0,243.8,243.8,11600,2026-09-23,,,,,,,,
1790131140,243.8,243.8,243.2,243.3,7500,2026-09-23,,,,,,,,
1790131200,243.4,243.4,243.0,243.0,5500,2026-09-23,,,,,,,,
1790131260,243.0,243.1,243.0,243.0,12200,2026-09-23,,,,,,,,
1790131320,243.0,243.0,242.5,242.5,9700,2026-09-23,,,,,,,,
1790131380,242.5,243.0,242.5,242.5,4000,2026-09-23,,,,,,,,
1790131440,242.6,242.9,242.5,242.9,2500,2026-09-23,,,,,,,,
1790131500,242.9,243.0,242.9,242.9,12600,2026-09-23,,,,,,,,
1790131560,242.9,242.9,242.9,242.9,1000,2026-09-23,,,,,,,,
1790131620,242.9,243.0,242.9,243.0,900,2026-09-23,,,,,,,,
1790131680,243.0,243.0,242.9,242.9,1700,2026-09-23,,,,,,,,
1790131740,242.9,243.0,242.9,242.9,700,2026-09-23,,,,,,,,
1790131800,242.9,243.1,242.9,243.1,5400,2026-09-23,,,,,,,,
1790131860,243.0,243.5,243.0,243.5,17300,2026-09-23,,,,,,,,
1790131920,243.7,244.3,243.7,244.0,9000,2026-09-23,,,,,,,,
1790131980,244.0,244.3,244.0,244.1,800,2026-09-23,,,,,,,,
1790132040,244.3,244.3,244.1,244.2,900,2026-09-23,,,,,,,,
1790132100,244.1,244.2,243.8,243.8,8000,2026-09-23,,,,,,,,
1790132160,243.8,243.8,243.8,243.8,1000,2026-09-23,,,,,,,,
1790132220,243.8,243.8,243.8,243.8,6900,2026-09-23,,,,,,,,
1790132280,243.8,243.8,243.5,243.8,9500,2026-09-23,,,,,,,,
1790132340,243.5,243.5,243.5,243.5,4800,2026-09-23,,,,,,,,
1790132400,243.5,243.7,243.5,243.6,500,2026-09-23,,,,,,,,
1790132460,243.7,243.7,243.6,243.6,1300,2026-09-23,,,,,,,,
1790132520,243.6,243.7,243.6,243.7,500,2026-09-23,,,,,,,,
1790132580,243.6,243.6,243.6,243.6,1500,2026-09-23,,,,,,,,
1790132640,243.6,243.6,243.6,243.6,700,2026-09-23,,,,,,,,
1790132700,243.6,243.7,243.6,243.6,1700,2026-09-23,,,,,,,,
1790132760,243.6,243.8,243.6,243.6,2300,2026-09-23,,,,,,,,
1790132820,243.6,243.6,243.6,243.6,300,2026-09-23,,,,,,,,
1790132880,243.6,243.6,243.5,243.5,2000,2026-09-23,,,,,,,,
1790132940,243.6,243.6,243.5,243.5,700,2026-09-23,,,,,,,,
1790133000,243.5,243.5,243.5,243.5,400,2026-09-23,,,,,,,,
1790133120,243.4,243.4,243.3,243.4,300,2026-09-23,,,,,,,,
1790133180,243.3,243.3,243.1,243.1,1000,2026-09-23,,,,,,,,
1790133240,243.1,243.3,243.1,243.3,1700,2026-09-23,,,,,,,,
1790133300,243.1,243.3,243.0,243.0,20000,2026-09-23,,,,,,,,
1790133360,243.0,243.1,242.8,242.9,10200,2026-09-23,,,,,,,,
1790133420,242.9,243.0,242.9,242.9,13600,2026-09-23,,,,,,,,
1790133480,242.9,243.0,242.8,242.8,8900,2026-09-23,,,,,,,,
1790133540,242.8,242.8,242.7,242.7,5400,2026-09-23,,,,,,,,
1790133600,242.7,242.8,242.7,242.8,4000,2026-09-23,,,,,,,,
1790133660,242.8,242.8,242.7,242.8,3500,2026-09-23,,,,,,,,
1790133720,242.8,242.8,242.7,242.7,3000,2026-09-23,,,,,,,,
1790133780,242.7,242.7,242.5,242.5,9400,2026-09-23,,,,,,,,
1790133840,242.4,242.4,242.2,242.2,9200,2026-09-23,,,,,,,,
1790133900,242.2,242.2,241.5,241.5,8100,2026-09-23,,,,,,,,
1790133960,242.0,242.0,241.2,241.7,10100,2026-09-23,,,,,,,,
1790134020,241.7,242.0,241.7,241.7,3500,2026-09-23,,,,,,,,
1790134080,241.8,241.8,241.7,241.8,3300,2026-09-23,,,,,,,,
1790134140,241.8,241.8,241.6,241.7,6100,2026-09-23,,,,,,,,
1790134200,241.7,241.7,241.7,241.7,7400,2026-09-23,,,,,,,,
1790134260,241.7,241.8,241.7,241.7,2600,2026-09-23,,,,,,,,
1790134320,241.7,241.7,241.6,241.6,3600,2026-09-23,,,,,,,,
1790134380,241.6,241.6,241.5,241.5,4700,2026-09-23,,,,,,,,
1790134440,241.5,241.6,241.2,241.2,16700,2026-09-23,,,,,,,,
1790134500,241.2,241.2,241.1,241.1,2900,2026-09-23,,,,,,,,
1790134560,241.0,241.1,241.0,241.0,2500,2026-09-23,,,,,,,,
1790134620,241.0,241.5,241.0,241.1,5500,2026-09-23,,,,,,,,
1790134680,241.2,241.3,241.0,241.3,8300,2026-09-23,,,,,,,,
1790134740,241.3,241.6,241.1,241.6,8000,2026-09-23,,,,,,,,
1790134800,241.6,241.6,241.3,241.3,3700,2026-09-23,,,,,,,,
1790134860,241.4,241.5,241.3,241.3,2800,2026-09-23,,,,,,,,
1790134920,241.3,241.4,241.2,241.2,3700,2026-09-23,,,,,,,,
1790134980,241.2,241.2,241.2,241.2,2500,2026-09-23,,,,,,,,
1790135040,241.3,241.3,241.1,241.1,27500,2026-09-23,,,,,,,,
1790135100,241.2,241.2,241.0,241.0,9200,2026-09-23,,,,,,,,
1790135160,241.0,241.0,240.9,241.0,1700,2026-09-23,,,,,,,,
1790135220,241.0,241.1,241.0,241.1,700,2026-09-23,,,,,,,,
1790135280,241.1,241.2,241.1,241.2,1500,2026-09-23,,,,,,,,
1790135340,241.3,241.4,241.3,241.4,7100,2026-09-23,,,,,,,,
1790135400,241.4,241.4,241.4,241.4,3400,2026-09-23,,,,,,,,
1790135460,241.5,241.7,241.4,241.7,12900,2026-09-23,,,,,,,,
1790135520,241.7,241.7,241.5,241.5,7300,2026-09-23,,,,,,,,
1790135580,241.5,241.5,241.5,241.5,5700,2026-09-23,,,,,,,,
1790135640,241.5,241.5,241.5,241.5,3000,2026-09-23,,,,,,,,
1790135700,241.5,241.7,241.5,241.7,12600,2026-09-23,,,,,,,,
1790135760,241.7,241.8,241.7,241.8,5500,2026-09-23,,,,,,,,
1790135820,241.8,241.8,241.8,241.8,4700,2026-09-23,,,,,,,,
1790135880,241.9,241.9,241.7,241.7,11100,2026-09-23,,,,,,,,
1790135940,241.7,241.8,241.5,241.5,3400,2026-09-23,,,,,,,,
1790136000,241.8,242.1,241.8,242.0,30400,2026-09-23,,,,,,,,
1790136060,242.1,242.1,241.8,242.1,71600,2026-09-23,,,,,,,,
1790136120,242.2,242.4,242.1,242.4,18500,2026-09-23,,,,,,,,
1790136180,242.4,242.4,242.0,242.0,1800,2026-09-23,,,,,,,,
1790136240,242.0,242.0,242.0,242.0,200,2026-09-23,,,,,,,,
1790136300,242.2,242.2,242.0,242.0,7200,2026-09-23,,,,,,,,
1790136360,242.0,242.0,242.0,242.0,3800,2026-09-23,,,,,,,,
1790136420,241.9,241.9,241.8,241.8,2600,2026-09-23,,,,,,,,
1790136480,241.8,241.8,241.8,241.8,200,2026-09-23,,,,,,,,
1790136540,241.8,241.9,241.8,241.9,6200,2026-09-23,,,,,,,,
1790136600,241.9,241.9,241.6,241.6,6600,2026-09-23,,,,,,,,
1790136660,241.8,241.8,241.8,241.8,100,2026-09-23,,,,,,,,
1790136720,241.7,241.7,241.6,241.7,2200,2026-09-23,,,,,,,,
1790136780,241.7,241.7,241.5,241.5,1500,2026-09-23,,,,,,,,
1790136840,241.5,241.5,241.4,241.4,3000,2026-09-23,,,,,,,,
1790136900,241.3,241.6,241.3,241.4,9200,2026-09-23,,,,,,,,
1790136960,241.5,241.5,241.4,241.4,600,2026-09-23,,,,,,,,
1790137020,241.4,241.4,241.3,241.3,5000,2026-09-23,,,,,,,,
1790137080,241.5,241.5,241.5,241.5,200,2026-09-23,,,,,,,,
1790137140,241.4,241.5,241.3,241.3,6800,2026-09-23,,,,,,,,
1790137260,241.4,241.4,241.4,241.4,500,2026-09-23,,,,,,,,
1790137320,241.4,241.4,241.4,241.4,500,2026-09-23,,,,,,,,
1790137380,241.4,241.4,241.3,241.4,5300,2026-09-23,,,,,,,,
1790137440,241.4,241.5,241.4,241.4,1200,2026-09-23,,,,,,,,
1790137500,241.4,241.4,241.4,241.4,2500,2026-09-23,,,,,,,,
1790137560,241.4,241.4,241.3,241.3,6800,2026-09-23,,,,,,,,
1790137620,241.4,241.4,241.4,241.4,5000,2026-09-23,,,,,,,,
1790137680,241.3,241.3,241.2,241.3,4400,2026-09-23,,,,,,,,
1790137740,241.4,241.4,241.4,241.4,4400,2026-09-23,,,,,,,,
1790143200,241.4,241.4,241.1,241.2,6500,2026-09-23,,,,,,,,
1790143260,241.2,241.4,241.2,241.4,15100,2026-09-23,,,,,,,,
1790143320,241.4,241.4,241.2,241.4,6600,2026-09-23,,,,,,,,
1790143380,241.4,241.4,241.2,241.2,9100,2026-09-23,,,,,,,,
1790143440,241.2,241.3,241.1,241.3,8000,2026-09-23,,,,,,,,
1790143500,241.1,241.2,241.0,241.0,11700,2026-09-23,,,,,,,,
1790143560,240.9,241.0,240.8,240.8,4200,2026-09-23,,,,,,,,
1790143620,240.8,241.0,240.8,240.9,2400,2026-09-23,,,,,,,,
1790143680,240.9,240.9,240.7,240.9,2300,2026-09-23,,,,,,,,
1790143740,240.7,240.7,240.4,240.4,18800,2026-09-23,,,,,,,,
1790143800,240.4,240.4,240.0,240.4,5000,2026-09-23,,,,,,,,
1790143860,240.1,240.4,240.0,240.1,18500,2026-09-23,,,,,,,,
1790143920,240.3,240.3,240.1,240.1,6600,2026-09-23,,,,,,,,
1790143980,240.1,240.1,239.9,239.9,7500,2026-09-23,,,,,,,,
1790144040,239.9,239.9,239.6,239.8,4000,2026-09-23,,,,,,,,
1790144100,239.8,239.8,239.8,239.8,2500,2026-09-23,,,,,,,,
1790144160,239.8,239.9,239.8,239.9,6800,2026-09-23,,,,,,,,
1790144220,239.9,240.1,239.8,240.0,13100,2026-09-23,,,,,,,,
1790144280,240.0,240.1,240.0,240.1,6200,2026-09-23,,,,,,,,
1790144340,240.1,240.2,240.0,240.1,6600,2026-09-23,,,,,,,,
1790144400,240.1,240.2,240.0,240.0,46400,2026-09-23,,,,,,,,
1790144460,240.0,240.0,239.9,240.0,57000,2026-09-23,,,,,,,,
1790144520,239.8,239.9,239.6,239.7,32500,2026-09-23,,,,,,,,
1790144580,239.5,239.8,239.4,239.5,8900,2026-09-23,,,,,,,,
1790144640,239.5,239.5,239.2,239.4,8000,2026-09-23,,,,,,,,
1790144700,239.4,239.5,239.4,239.4,9500,2026-09-23,,,,,,,,
1790144760,239.4,239.4,239.3,239.4,6200,2026-09-23,,,,,,,,
1790144820,239.3,239.4,239.2,239.3,9200,2026-09-23,,,,,,,,
1790144880,239.3,239.4,239.2,239.4,3600,2026-09-23,,,,,,,,
1790144940,239.4,239.5,239.4,239.5,6900,2026-09-23,,,,,,,,
1790145000,239.5,239.6,239.5,239.6,16600,2026-09-23,,,,,,,,
1790145060,239.6,239.6,239.6,239.6,4400,2026-09-23,,,,,,,,
1790145120,239.6,239.6,239.4,239.4,41600,2026-09-23,,,,,,,,
1790145180,239.4,239.4,239.2,239.4,18100,2026-09-23,,,,,,,,
1790145240,239.3,239.3,239.2,239.2,13000,2026-09-23,,,,,,,,
1790145300,239.1,239.2,238.9,239.0,35500,2026-09-23,,,,,,,,
1790145360,239.0,239.0,239.0,239.0,12400,2026-09-23,,,,,,,,
1790145420,239.1,239.1,239.0,239.1,7700,2026-09-23,,,,,,,,
1790145480,239.1,239.1,238.9,239.0,14400,2026-09-23,,,,,,,,
1790145540,238.9,239.0,238.9,238.9,11800,2026-09-23,,,,,,,,
1790145600,238.9,239.0,238.9,238.9,8300,2026-09-23,,,,,,,,
1790145660,238.9,238.9,238.8,238.8,10400,2026-09-23,,,,,,,,
1790145720,238.8,238.9,238.6,238.7,27600,2026-09-23,,,,,,,,
1790145780,238.7,238.8,238.6,238.6,20900,2026-09-23,,,,,,,,
1790145840,238.6,238.6,238.2,238.2,11800,2026-09-23,,,,,,,,
1790145900,238.3,238.3,238.1,238.1,3800,2026-09-23,,,,,,,,
1790145960,238.2,238.4,238.2,238.4,21800,2026-09-23,,,,,,,,
1790146020,238.4,238.5,238.3,238.4,25100,2026-09-23,,,,,,,,
1790146080,238.5,238.5,238.4,238.4,8800,2026-09-23,,,,,,,,
1790146140,238.5,238.5,238.4,238.4,4000,2026-09-23,,,,,,,,
1790146200,238.4,238.4,238.3,238.4,19700,2026-09-23,,,,,,,,
1790146260,238.4,238.5,238.4,238.5,4600,2026-09-23,,,,,,,,
1790146320,238.4,238.5,238.4,238.5,4700,2026-09-23,,,,,,,,
1790146380,238.5,238.6,238.5,238.6,7200,2026-09-23,,,,,,,,
1790146440,238.4,238.6,238.4,238.6,8800,2026-09-23,,,,,,,,
1790146500,238.6,238.7,238.6,238.7,7700,2026-09-23,,,,,,,,
1790146560,238.7,238.7,238.6,238.7,14100,2026-09-23,,,,,,,,
1790146620,238.7,238.7,238.5,238.5,12900,2026-09-23,,,,,,,,
1790146680,238.4,238.5,238.2,238.2,40100,2026-09-23,,,,,,,,
1790146740,238.2,238.2,238.1,238.1,9500,2026-09-23,,,,,,,,
1790146800,238.2,238.2,238.0,238.1,25100,2026-09-23,,,,,,,,
1790146860,238.1,238.1,237.8,237.9,22500,2026-09-23,,,,,,,,
1790146920,237.8,237.9,237.6,237.9,10600,2026-09-23,,,,,,,,
1790146980,237.9,237.9,237.8,237.9,6100,2026-09-23,,,,,,,,
1790147040,237.9,238.0,237.9,238.0,9300,2026-09-23,,,,,,,,
1790147100,237.9,238.0,237.7,237.7,21000,2026-09-23,,,,,,,,
1790147160,237.8,238.0,237.7,237.9,7800,2026-09-23,,,,,,,,
1790147220,238.0,238.0,237.8,237.9,10700,2026-09-23,,,,,,,,
1790147280,237.9,238.0,237.8,237.9,4200,2026-09-23,,,,,,,,
1790147340,237.9,237.9,237.7,237.7,10500,2026-09-23,,,,,,,,
1790147400,237.7,237.9,237.7,237.8,6700,2026-09-23,,,,,,,,
1790147460,237.8,237.9,237.7,237.8,22600,2026-09-23,,,,,,,,
1790147520,237.7,237.7,237.5,237.7,28700,2026-09-23,,,,,,,,
1790147580,237.6,237.7,237.3,237.5,34100,2026-09-23,,,,,,,,
1790147640,237.5,237.5,237.2,237.4,20700,2026-09-23,,,,,,,,
1790147700,237.4,237.5,237.3,237.5,11400,2026-09-23,,,,,,,,
1790147760,237.5,237.5,237.2,237.2,14000,2026-09-23,,,,,,,,
1790147820,237.4,237.4,237.1,237.2,26300,2026-09-23,,,,,,,,
1790147880,237.2,237.3,236.9,237.0,72700,2026-09-23,,,,,,,,
1790147940,237.0,237.0,236.8,236.9,17300,2026-09-23,,,,,,,,
1790148000,236.9,237.0,236.9,237.0,9600,2026-09-23,,,,,,,,
1790148060,237.1,237.5,237.1,237.5,15400,2026-09-23,,,,,,,,
1790148120,237.5,237.5,237.3,237.4,11000,2026-09-23,,,,,,,,
1790148180,237.3,237.4,237.0,237.0,23900,2026-09-23,,,,,,,,
1790148240,237.2,237.3,237.0,237.0,10500,2026-09-23,,,,,,,,
1790148300,237.1,237.1,236.9,236.9,20300,2026-09-23,,,,,,,,
1790148360,237.0,237.0,236.8,236.9,14800,2026-09-23,,,,,,,,
1790148420,236.9,237.0,236.8,236.9,50000,2026-09-23,,,,,,,,
1790148480,236.8,237.0,236.8,237.0,19900,2026-09-23,,,,,,,,
1790148540,237.0,237.1,236.8,237.0,47900,2026-09-23,,,,,,,,
1790149500,236.0,236.0,236.0,236.0,664900,2026-09-23,,,,,,,,
1790216100,235.9,235.9,235.6,235.6,6700,2026-09-24,,,,,,,,
1790216160,235.5,235.5,234.0,234.1,8300,2026-09-24,,,,,,,,
1790216220,234.4,234.5,234.1,234.4,3300,2026-09-24,,,,,,,,
1790216280,234.4,234.4,234.0,234.1,9800,2026-09-24,,,,,,,,
1790216340,234.2,234.3,234.1,234.3,2400,2026-09-24,,,,,,,,
1790216400,234.3,234.6,234.2,234.5,2900,2026-09-24,,,,,,,,
1790216460,234.8,235.8,234.6,235.8,2900,2026-09-24,,,,,,,,
1790216520,235.8,235.8,235.0,235.0,5800,2026-09-24,,,,,,,,
1790216580,235.1,235.1,234.2,234.2,13200,2026-09-24,,,,,,,,
1790216640,234.2,234.2,234.0,234.0,13900,2026-09-24,,,,,,,,
1790216700,234.0,234.1,234.0,234.0,2700,2026-09-24,,,,,,,,
1790216760,234.1,234.8,234.1,234.5,3700,2026-09-24,,,,,,,,
1790216820,234.4,234.4,234.1,234.3,2500,2026-09-24,,,,,,,,
1790216880,234.3,234.3,234.2,234.2,1000,2026-09-24,,,,,,,,
1790216940,234.3,234.3,234.1,234.2,3700,2026-09-24,,,,,,,,
1790217000,234.2,234.4,234.1,234.1,6000,2026-09-24,,,,,,,,
1790217060,234.1,234.2,234.1,234.2,1200,2026-09-24,,,,,,,,
1790217120,234.2,234.2,234.2,234.2,2000,2026-09-24,,,,,,,,
1790217180,234.2,234.4,234.2,234.2,2100,2026-09-24,,,,,,,,
1790217240,234.3,234.4,234.2,234.2,2900,2026-09-24,,,,,,,,
1790217300,234.4,234.4,234.2,234.2,4000,2026-09-24,,,,,,,,
1790217360,234.3,234.3,234.2,234.2,3000,2026-09-24,,,,,,,,
1790217420,234.2,234.4,234.2,234.2,7000,2026-09-24,,,,,,,,
1790217480,234.2,234.3,234.1,234.1,8600,2026-09-24,,,,,,,,
1790217540,234.1,234.1,233.5,234.0,42000,2026-09-24,,,,,,,,
1790217600,234.0,234.0,233.5,233.6,5000,2026-09-24,,,,,,,,
1790217660,233.6,233.6,233.0,233.0,10500,2026-09-24,,,,,,,,
1790217720,233.0,233.0,232.1,232.3,16800,2026-09-24,,,,,,,,
1790217780,232.1,232.1,231.5,231.8,36900,2026-09-24,,,,,,,,
1790217840,231.7,231.7,231.1,231.1,31000,2026-09-24,,,,,,,,
1790217900,231.1,231.1,230.6,230.7,25500,2026-09-24,,,,,,,,
1790217960,230.7,231.0,230.6,230.9,21900,2026-09-24,,,,,,,,
1790218020,230.9,231.4,230.9,231.4,22300,2026-09-24,,,,,,,,
1790218080,231.4,232.5,231.4,232.4,8300,2026-09-24,,,,,,,,
1790218140,233.0,234.2,232.9,234.2,41000,2026-09-24,,,,,,,,
1790218200,234.2,234.3,233.5,233.5,17600,2026-09-24,,,,,,,,
1790218260,233.1,233.8,233.1,233.2,3200,2026-09-24,,,,,,,,
1790218320,233.2,233.2,233.0,233.1,3500,2026-09-24,,,,,,,,
1790218380,233.0,233.1,232.9,233.0,4800,2026-09-24,,,,,,,,
1790218440,232.9,233.0,232.9,233.0,900,2026-09-24,,,,,,,,
1790218500,232.9,232.9,232.8,232.8,3500,2026-09-24,,,,,,,,
1790218560,232.9,232.9,232.5,232.6,5000,2026-09-24,,,,,,,,
1790218620,232.5,232.7,232.5,232.7,4400,2026-09-24,,,,,,,,
1790218680,232.6,232.6,232.0,232.1,7800,2026-09-24,,,,,,,,
1790218740,232.0,232.3,232.0,232.1,4600,2026-09-24,,,,,,,,
1790218800,232.1,232.3,232.1,232.2,4500,2026-09-24,,,,,,,,
1790218860,232.2,232.3,232.1,232.1,5500,2026-09-24,,,,,,,,
1790218920,232.1,232.1,232.1,232.1,2000,2026-09-24,,,,,,,,
1790218980,232.1,232.2,232.1,232.2,4100,2026-09-24,,,,,,,,
1790219040,232.2,232.5,232.2,232.5,8300,2026-09-24,,,,,,,,
1790219100,232.5,232.5,232.5,232.5,1600,2026-09-24,,,,,,,,
1790219160,232.5,232.5,232.5,232.5,1000,2026-09-24,,,,,,,,
1790219220,232.5,232.5,232.5,232.5,2600,2026-09-24,,,,,,,,
1790219280,232.5,232.5,232.3,232.4,6300,2026-09-24,,,,,,,,
1790219340,232.4,232.4,232.2,232.2,4000,2026-09-24,,,,,,,,
1790219400,232.2,232.2,232.0,232.0,12700,2026-09-24,,,,,,,,
1790219460,232.0,232.0,231.8,231.8,7100,2026-09-24,,,,,,,,
1790219520,231.8,232.0,231.8,231.9,4400,2026-09-24,,,,,,,,
1790219580,232.0,232.0,231.6,231.8,3000,2026-09-24,,,,,,,,
1790219640,231.6,231.9,231.5,231.5,5000,2026-09-24,,,,,,,,
1790219700,231.6,231.6,231.5,231.5,1900,2026-09-24,,,,,,,,
1790219760,231.6,231.6,231.5,231.6,2700,2026-09-24,,,,,,,,
1790219820,231.6,231.6,231.1,231.6,10300,2026-09-24,,,,,,,,
1790219880,231.5,231.6,231.5,231.5,1100,2026-09-24,,,,,,,,
1790219940,231.5,231.6,231.2,231.6,2400,2026-09-24,,,,,,,,
1790220000,231.6,231.9,231.5,231.5,6500,2026-09-24,,,,,,,,
1790220060,231.6,231.6,231.0,231.2,32900,2026-09-24,,,,,,,,
1790220120,231.5,231.5,231.3,231.5,2100,2026-09-24,,,,,,,,
1790220180,231.5,231.6,231.5,231.6,5600,2026-09-24,,,,,,,,
1790220240,231.5,231.6,231.3,231.5,12300,2026-09-24,,,,,,,,
1790220300,231.5,231.5,231.3,231.3,1000,2026-09-24,,,,,,,,
1790220360,231.5,231.5,231.4,231.5,5000,2026-09-24,,,,,,,,
1790220420,231.5,231.5,231.3,231.3,6400,2026-09-24,,,,,,,,
1790220480,231.4,231.4,231.3,231.4,5600,2026-09-24,,,,,,,,
1790220540,231.4,231.4,231.4,231.4,2000,2026-09-24,,,,,,,,
1790220600,231.4,231.5,231.3,231.5,3300,2026-09-24,,,,,,,,
1790220660,231.5,231.6,231.5,231.6,1400,2026-09-24,,,,,,,,
1790220720,231.6,231.6,231.6,231.6,1200,2026-09-24,,,,,,,,
1790220780,231.6,231.6,231.5,231.5,3200,2026-09-24,,,,,,,,
1790220840,231.5,231.5,231.4,231.5,2900,2026-09-24,,,,,,,,
1790220900,231.4,231.5,231.3,231.3,1800,2026-09-24,,,,,,,,
1790220960,231.3,231.4,231.3,231.4,2300,2026-09-24,,,,,,,,
1790221020,231.3,231.4,231.3,231.4,3400,2026-09-24,,,,,,,,
1790221080,231.4,231.4,231.4,231.4,300,2026-09-24,,,,,,,,
1790221140,231.5,231.5,231.4,231.5,1200,2026-09-24,,,,,,,,
1790221200,231.5,231.5,231.4,231.4,3900,2026-09-24,,,,,,,,
1790221260,231.4,231.4,231.2,231.2,11600,2026-09-24,,,,,,,,
1790221320,231.1,231.1,230.9,230.9,47300,2026-09-24,,,,,,,,
1790221380,231.0,231.0,230.8,230.9,8400,2026-09-24,,,,,,,,
1790221440,230.9,230.9,230.8,230.8,12200,2026-09-24,,,,,,,,
1790221500,230.9,231.0,230.9,231.0,10400,2026-09-24,,,,,,,,
1790221560,230.9,231.0,230.9,231.0,9600,2026-09-24,,,,,,,,
1790221620,231.0,231.0,230.8,230.9,9100,2026-09-24,,,,,,,,
1790221680,230.9,231.0,230.9,230.9,10900,2026-09-24,,,,,,,,
1790221740,231.0,231.0,230.8,230.8,16300,2026-09-24,,,,,,,,
1790221800,230.9,230.9,230.7,230.8,9900,2026-09-24,,,,,,,,
1790221860,230.8,230.8,230.7,230.8,1900,2026-09-24,,,,,,,,
1790221920,230.8,230.8,230.6,230.6,19900,2026-09-24,,,,,,,,
1790221980,230.6,230.7,230.5,230.6,16800,2026-09-24,,,,,,,,
1790222040,230.6,230.7,230.4,230.4,21500,2026-09-24,,,,,,,,
1790222100,230.5,230.5,230.4,230.4,6900,2026-09-24,,,,,,,,
1790222160,230.4,230.4,230.1,230.1,31400,2026-09-24,,,,,,,,
1790222220,230.0,230.1,229.3,229.3,129900,2026-09-24,,,,,,,,
1790222280,229.2,229.3,229.0,229.1,50000,2026-09-24,,,,,,,,
1790222340,229.1,229.5,229.0,229.2,41100,2026-09-24,,,,,,,,
1790222400,229.1,229.5,229.1,229.5,17300,2026-09-24,,,,,,,,
1790222460,229.5,229.7,229.2,229.7,8400,2026-09-24,,,,,,,,
1790222520,229.7,230.0,229.5,229.6,14900,2026-09-24,,,,,,,,
1790222580,229.9,230.8,229.9,230.3,28900,2026-09-24,,,,,,,,
1790222640,230.3,230.8,230.3,230.7,7000,2026-09-24,,,,,,,,
1790222700,230.7,230.7,230.4,230.4,4100,2026-09-24,,,,,,,,
1790222760,230.4,230.5,230.0,230.0,11000,2026-09-24,,,,,,,,
1790222820,230.1,230.5,230.1,230.1,5400,2026-09-24,,,,,,,,
1790222880,230.1,230.3,230.1,230.1,4500,2026-09-24,,,,,,,,
1790222940,230.4,230.4,230.1,230.1,3000,2026-09-24,,,,,,,,
1790223000,230.3,230.3,230.2,230.2,500,2026-09-24,,,,,,,,
1790223060,230.4,230.4,230.4,230.4,1200,2026-09-24,,,,,,,,
1790223120,230.4,230.5,230.4,230.4,13700,2026-09-24,,,,,,,,
1790223180,230.5,230.6,230.4,230.6,4800,2026-09-24,,,,,,,,
1790223240,230.7,230.8,230.6,230.8,4700,2026-09-24,,,,,,,,
1790223300,230.8,230.9,230.7,230.7,10200,2026-09-24,,,,,,,,
1790223360,230.7,230.9,230.7,230.8,2900,2026-09-24,,,,,,,,
1790223420,230.9,231.0,230.9,231.0,11300,2026-09-24,,,,,,,,
1790223480,231.0,231.1,230.7,230.7,19200,2026-09-24,,,,,,,,
1790223540,230.7,231.0,230.7,231.0,5200,2026-09-24,,,,,,,,
1790223600,230.7,231.8,230.7,231.3,13900,2026-09-24,,,,,,,,
1790223660,230.9,231.3,230.9,231.0,1700,2026-09-24,,,,,,,,
1790223720,231.0,231.2,230.7,231.2,5800,2026-09-24,,,,,,,,
1790223780,231.0,231.0,231.0,231.0,500,2026-09-24,,,,,,,,
1790223840,231.0,231.0,230.9,230.9,2500,2026-09-24,,,,,,,,
1790223900,230.9,230.9,230.7,230.7,4100,2026-09-24,,,,,,,,
1790223960,230.7,230.8,230.6,230.6,5700,2026-09-24,,,,,,,,
1790224020,230.7,230.7,230.4,230.4,9100,2026-09-24,,,,,,,,
1790224080,230.4,230.4,230.2,230.3,5000,2026-09-24,,,,,,,,
1790224140,230.5,230.5,230.5,230.5,2300,2026-09-24,,,,,,,,
1790229600,230.4,230.5,230.0,230.1,42300,2026-09-24,,,,,,,,
1790229660,230.1,230.2,230.0,230.2,26100,2026-09-24,,,,,,,,
1790229720,230.0,230.2,229.8,229.8,44700,2026-09-24,,,,,,,,
1790229780,229.8,230.2,229.8,230.0,10900,2026-09-24,,,,,,,,
1790229840,230.0,230.0,229.5,229.5,28400,2026-09-24,,,,,,,,
1790229900,229.5,229.5,229.3,229.5,10400,2026-09-24,,,,,,,,
1790229960,229.3,230.0,229.3,230.0,16300,2026-09-24,,,,,,,,
1790230020,229.6,230.0,229.5,229.6,8700,2026-09-24,,,,,,,,
1790230080,229.7,229.7,229.6,229.6,10800,2026-09-24,,,,,,,,
1790230140,229.6,229.6,229.4,229.5,10200,2026-09-24,,,,,,,,
1790230200,229.4,230.0,229.4,229.5,7500,2026-09-24,,,,,,,,
1790230260,230.0,230.0,229.5,230.0,17400,2026-09-24,,,,,,,,
1790230320,230.0,230.0,229.6,229.6,2000,2026-09-24,,,,,,,,
1790230380,229.9,229.9,229.7,229.8,3600,2026-09-24,,,,,,,,
1790230440,229.8,230.0,229.5,229.5,26100,2026-09-24,,,,,,,,
1790230500,229.6,229.9,229.5,229.8,8900,2026-09-24,,,,,,,,
1790230560,229.8,229.8,229.6,229.6,2000,2026-09-24,,,,,,,,
1790230620,229.7,229.8,229.7,229.8,1300,2026-09-24,,,,,,,,
1790230680,229.7,229.9,229.7,229.9,9100,2026-09-24,,,,,,,,
1790230740,230.0,230.0,229.8,230.0,3000,2026-09-24,,,,,,,,
1790230800,230.0,230.0,229.8,229.8,4000,2026-09-24,,,,,,,,
1790230860,229.9,229.9,229.5,229.5,15800,2026-09-24,,,,,,,,
1790230920,229.5,229.8,229.5,229.7,7400,2026-09-24,,,,,,,,
1790230980,229.7,229.7,229.5,229.7,17700,2026-09-24,,,,,,,,
1790231040,229.7,229.8,229.6,229.8,10800,2026-09-24,,,,,,,,
1790231100,229.8,230.1,229.8,230.1,52700,2026-09-24,,,,,,,,
1790231160,230.1,230.7,230.1,230.7,26600,2026-09-24,,,,,,,,
1790231220,230.7,231.0,230.7,230.9,18000,2026-09-24,,,,,,,,
1790231280,230.9,230.9,230.8,230.8,12200,2026-09-24,,,,,,,,
1790231340,230.8,230.9,230.6,230.6,13600,2026-09-24,,,,,,,,
1790231400,230.6,230.7,230.5,230.7,18900,2026-09-24,,,,,,,,
1790231460,230.8,231.0,230.8,230.9,8100,2026-09-24,,,,,,,,
1790231520,231.0,231.0,230.7,230.7,26500,2026-09-24,,,,,,,,
1790231580,230.9,231.0,230.7,231.0,9100,2026-09-24,,,,,,,,
1790231640,230.9,231.0,230.7,231.0,10300,2026-09-24,,,,,,,,
1790231700,231.0,231.0,230.7,230.7,9700,2026-09-24,,,,,,,,
1790231760,230.7,230.8,230.7,230.7,5300,2026-09-24,,,,,,,,
1790231820,230.7,230.7,230.4,230.5,10200,2026-09-24,,,,,,,,
1790231880,230.5,230.5,230.2,230.2,6400,2026-09-24,,,,,,,,
1790231940,230.1,230.2,230.0,230.1,10400,2026-09-24,,,,,,,,
1790232000,230.0,230.2,230.0,230.2,10400,2026-09-24,,,,,,,,
1790232060,230.1,230.1,230.0,230.1,5500,2026-09-24,,,,,,,,
1790232120,230.0,230.2,230.0,230.2,7700,2026-09-24,,,,,,,,
1790232180,230.2,230.2,230.0,230.0,8400,2026-09-24,,,,,,,,
1790232240,230.0,230.0,230.0,230.0,6400,2026-09-24,,,,,,,,
1790232300,230.0,230.0,229.8,229.9,6400,2026-09-24,,,,,,,,
1790232360,229.8,229.9,229.7,229.7,7800,2026-09-24,,,,,,,,
1790232420,229.7,229.9,229.7,229.8,4800,2026-09-24,,,,,,,,
1790232480,229.8,230.0,229.8,230.0,9400,2026-09-24,,,,,,,,
1790232540,230.0,230.4,229.9,230.0,8800,2026-09-24,,,,,,,,
1790232600,230.4,230.5,230.0,230.0,6700,2026-09-24,,,,,,,,
1790232660,230.1,230.1,229.8,230.0,10200,2026-09-24,,,,,,,,
1790232720,230.0,230.0,229.9,230.0,10200,2026-09-24,,,,,,,,
1790232780,229.9,230.0,229.9,229.9,3300,2026-09-24,,,,,,,,
1790232840,229.9,230.0,229.8,230.0,8000,2026-09-24,,,,,,,,
1790232900,229.9,230.1,229.9,230.0,12800,2026-09-24,,,,,,,,
1790232960,229.9,230.7,229.9,230.1,14400,2026-09-24,,,,,,,,
1790233020,230.1,230.1,229.9,230.0,7200,2026-09-24,,,,,,,,
1790233080,230.0,230.0,230.0,230.0,5900,2026-09-24,,,,,,,,
1790233140,230.0,230.0,229.9,230.0,6400,2026-09-24,,,,,,,,
1790233200,229.9,230.0,229.9,230.0,3200,2026-09-24,,,,,,,,
1790233260,230.0,230.0,229.9,230.0,2700,2026-09-24,,,,,,,,
1790233320,230.0,230.0,229.9,230.0,2900,2026-09-24,,,,,,,,
1790233380,230.0,230.6,229.9,230.0,15400,2026-09-24,,,,,,,,
1790233440,230.0,230.5,230.0,230.1,4900,2026-09-24,,,,,,,,
1790233500,230.1,230.1,230.0,230.0,11000,2026-09-24,,,,,,,,
1790233560,230.0,230.1,229.9,230.0,12300,2026-09-24,,,,,,,,
1790233620,230.0,230.0,229.8,229.9,8000,2026-09-24,,,,,,,,
1790233680,230.0,230.0,229.9,229.9,3500,2026-09-24,,,,,,,,
1790233740,229.9,230.0,229.8,229.9,6800,2026-09-24,,,,,,,,
1790233800,229.8,229.9,229.8,229.9,6000,2026-09-24,,,,,,,,
1790233860,229.9,230.0,229.8,229.9,12900,2026-09-24,,,,,,,,
1790233920,229.8,229.9,229.8,229.9,23300,2026-09-24,,,,,,,,
1790233980,229.9,229.9,229.8,229.9,9600,2026-09-24,,,,,,,,
1790234040,229.8,229.8,229.7,229.8,13900,2026-09-24,,,,,,,,
1790234100,229.8,229.9,229.7,229.9,41400,2026-09-24,,,,,,,,
1790234160,230.0,230.0,229.9,229.9,12700,2026-09-24,,,,,,,,
1790234220,229.9,229.9,229.7,229.7,8100,2026-09-24,,,,,,,,
1790234280,229.7,229.7,229.7,229.7,8300,2026-09-24,,,,,,,,
1790234340,229.7,229.8,229.7,229.7,16400,2026-09-24,,,,,,,,
1790234400,229.7,229.9,229.7,229.9,22900,2026-09-24,,,,,,,,
1790234460,229.8,229.9,229.7,229.8,10900,2026-09-24,,,,,,,,
1790234520,229.8,229.8,229.7,229.7,31300,2026-09-24,,,,,,,,
1790234580,229.8,229.8,229.5,229.5,28200,2026-09-24,,,,,,,,
1790234640,229.5,229.6,229.2,229.2,32300,2026-09-24,,,,,,,,
1790234700,229.2,229.4,229.2,229.2,35300,2026-09-24,,,,,,,,
1790234760,229.1,229.3,229.1,229.1,32700,2026-09-24,,,,,,,,
1790234820,229.1,229.3,229.0,229.0,106600,2026-09-24,,,,,,,,
1790234880,228.9,228.9,228.1,228.1,45800,2026-09-24,,,,,,,,
1790234940,228.3,229.0,228.1,228.4,32800,2026-09-24,,,,,,,,
1790235900,230.0,230.0,230.0,230.0,326300,2026-09-24,,,,,,,,
1790302500,228.2,229.7,228.2,229.0,23700,2026-09-25,,,,,,,,
1790302560,229.0,229.0,228.9,229.0,6400,2026-09-25,,,,,,,,
1790302620,229.0,229.0,228.9,229.0,10800,2026-09-25,,,,,,,,
1790302680,229.0,229.8,229.0,229.8,3200,2026-09-25,,,,,,,,
1790302740,229.9,230.2,229.9,230.2,7200,2026-09-25,,,,,,,,
1790302800,230.2,232.0,230.0,231.9,9800,2026-09-25,,,,,,,,
1790302860,231.8,232.0,231.7,231.8,8900,2026-09-25,,,,,,,,
1790302920,231.8,231.8,230.7,231.0,8100,2026-09-25,,,,,,,,
1790302980,231.0,231.0,230.5,230.8,1200,2026-09-25,,,,,,,,
1790303040,230.5,230.6,230.0,230.0,8700,2026-09-25,,,,,,,,
1790303100,230.0,230.0,228.9,229.0,16100,2026-09-25,,,,,,,,
1790303160,229.1,229.1,228.6,228.9,5800,2026-09-25,,,,,,,,
1790303220,228.9,229.0,228.9,229.0,6000,2026-09-25,,,,,,,,
1790303280,229.2,229.4,229.0,229.0,3600,2026-09-25,,,,,,,,
1790303340,229.3,229.3,229.0,229.0,6100,2026-09-25,,,,,,,,
1790303400,229.0,229.3,229.0,229.3,4600,2026-09-25,,,,,,,,
1790303460,229.4,229.4,229.2,229.4,13500,2026-09-25,,,,,,,,
1790303520,229.4,229.5,229.2,229.3,6700,2026-09-25,,,,,,,,
1790303580,229.3,229.3,229.3,229.3,1000,2026-09-25,,,,,,,,
1790303640,229.3,229.5,229.3,229.5,3100,2026-09-25,,,,,,,,
1790303700,229.4,229.5,229.1,229.5,10800,2026-09-25,,,,,,,,
1790303760,229.5,229.5,229.0,229.4,3500,2026-09-25,,,,,,,,
1790303820,229.0,229.0,228.5,228.6,14100,2026-09-25,,,,,,,,
1790303880,228.6,228.7,228.6,228.7,900,2026-09-25,,,,,,,,
1790303940,228.7,228.7,228.7,228.7,2100,2026-09-25,,,,,,,,
1790304000,228.6,228.7,228.6,228.6,4700,2026-09-25,,,,,,,,
1790304060,228.6,228.6,228.4,228.4,10800,2026-09-25,,,,,,,,
1790304120,228.5,228.6,228.4,228.6,1200,2026-09-25,,,,,,,,
1790304180,228.5,228.5,228.3,228.4,5100,2026-09-25,,,,,,,,
1790304240,228.4,228.5,228.4,228.5,1800,2026-09-25,,,,,,,,
1790304300,228.4,228.5,228.2,228.3,3800,2026-09-25,,,,,,,,
1790304360,228.2,228.3,228.0,228.0,9300,2026-09-25,,,,,,,,
1790304420,228.1,228.2,227.9,227.9,10300,2026-09-25,,,,,,,,
1790304480,228.0,228.1,227.9,228.1,11500,2026-09-25,,,,,,,,
1790304540,228.1,228.2,228.0,228.0,2600,2026-09-25,,,,,,,,
1790304600,228.1,228.1,228.0,228.0,1800,2026-09-25,,,,,,,,
1790304660,228.0,228.2,228.0,228.1,6200,2026-09-25,,,,,,,,
1790304720,228.1,228.1,228.0,228.0,1800,2026-09-25,,,,,,,,
1790304780,228.0,228.1,228.0,228.1,1700,2026-09-25,,,,,,,,
1790304840,228.1,228.1,227.9,228.0,4700,2026-09-25,,,,,,,,
1790304900,228.1,228.1,227.9,228.0,4400,2026-09-25,,,,,,,,
1790304960,228.0,228.0,227.9,227.9,1800,2026-09-25,,,,,,,,
1790305020,227.9,228.0,227.9,228.0,1100,2026-09-25,,,,,,,,
1790305080,227.9,228.0,227.9,228.0,4600,2026-09-25,,,,,,,,
1790305140,228.0,228.1,228.0,228.1,5200,2026-09-25,,,,,,,,
1790305200,228.1,228.3,228.1,228.3,12600,2026-09-25,,,,,,,,
1790305260,228.3,228.3,228.3,228.3,700,2026-09-25,,,,,,,,
1790305320,228.3,228.3,228.1,228.1,3400,2026-09-25,,,,,,,,
1790305380,228.3,228.3,228.1,228.1,2100,2026-09-25,,,,,,,,
1790305440,228.3,228.3,228.3,228.3,1900,2026-09-25,,,,,,,,
1790305500,228.3,228.4,228.3,228.4,2800,2026-09-25,,,,,,,,
1790305560,228.3,228.3,228.1,228.3,2500,2026-09-25,,,,,,,,
1790305620,228.3,228.3,228.1,228.1,2600,2026-09-25,,,,,,,,
1790305680,228.1,228.3,228.0,228.3,1700,2026-09-25,,,,,,,,
1790305740,228.3,228.3,228.3,228.3,600,2026-09-25,,,,,,,,
1790305800,228.2,228.2,228.0,228.2,2200,2026-09-25,,,,,,,,
1790305860,228.2,228.2,228.1,228.1,2300,2026-09-25,,,,,,,,
1790305920,228.1,228.3,228.1,228.3,7600,2026-09-25,,,,,,,,
1790305980,228.3,228.3,228.0,228.0,3300,2026-09-25,,,,,,,,
1790306040,228.3,228.3,228.2,228.2,700,2026-09-25,,,,,,,,
1790306100,228.2,228.2,228.0,228.0,4100,2026-09-25,,,,,,,,
1790306160,228.0,228.1,228.0,228.0,1200,2026-09-25,,,,,,,,
1790306220,228.0,228.2,228.0,228.1,3600,2026-09-25,,,,,,,,
1790306280,228.2,228.3,228.2,228.3,6600,2026-09-25,,,,,,,,
1790306340,228.3,228.6,228.3,228.4,5900,2026-09-25,,,,,,,,
1790306400,228.4,228.7,228.4,228.7,5100,2026-09-25,,,,,,,,
1790306460,228.7,228.7,228.1,228.7,3500,2026-09-25,,,,,,,,
1790306520,228.6,228.7,228.6,228.7,1500,2026-09-25,,,,,,,,
1790306580,228.7,228.8,228.7,228.8,2800,2026-09-25,,,,,,,,
1790306640,228.8,229.8,228.8,229.8,9400,2026-09-25,,,,,,,,
1790306700,229.5,229.8,229.1,229.7,2300,2026-09-25,,,,,,,,
1790306760,229.7,229.7,229.6,229.6,1000,2026-09-25,,,,,,,,
1790306820,229.6,229.7,229.6,229.7,600,2026-09-25,,,,,,,,
1790306880,229.6,229.7,229.6,229.7,800,2026-09-25,,,,,,,,
1790306940,229.6,229.6,229.1,229.6,2800,2026-09-25,,,,,,,,
1790307000,229.6,229.6,229.6,229.6,3000,2026-09-25,,,,,,,,
1790307060,229.3,229.6,229.3,229.6,800,2026-09-25,,,,,,,,
1790307120,229.6,229.7,229.6,229.6,8100,2026-09-25,,,,,,,,
1790307180,229.6,230.0,229.6,230.0,8700,2026-09-25,,,,,,,,
1790307240,230.0,230.0,229.7,230.0,3900,2026-09-25,,,,,,,,
1790307300,230.0,230.0,230.0,230.0,14300,2026-09-25,,,,,,,,
1790307360,230.0,230.5,229.8,230.5,4800,2026-09-25,,,,,,,,
1790307420,230.5,230.5,230.0,230.5,7800,2026-09-25,,,,,,,,
1790307480,230.5,230.5,230.4,230.4,1800,2026-09-25,,,,,,,,
1790307540,230.4,230.4,230.1,230.4,1600,2026-09-25,,,,,,,,
1790307600,230.4,230.4,230.0,230.0,4000,2026-09-25,,,,,,,,
1790307660,230.0,230.0,230.0,230.0,1700,2026-09-25,,,,,,,,
1790307720,230.1,230.1,230.0,230.0,6100,2026-09-25,,,,,,,,
1790307780,230.0,230.0,230.0,230.0,1100,2026-09-25,,,,,,,,
1790307840,229.9,230.0,229.8,229.8,4900,2026-09-25,,,,,,,,
1790307900,229.7,229.7,229.7,229.7,100,2026-09-25,,,,,,,,
1790307960,229.7,229.7,229.6,229.6,400,2026-09-25,,,,,,,,
1790308020,229.6,229.6,229.1,229.1,2600,2026-09-25,,,,,,,,
1790308080,229.2,229.6,229.1,229.6,2200,2026-09-25,,,,,,,,
1790308140,229.2,229.2,229.2,229.2,100,2026-09-25,,,,,,,,
1790308200,229.2,229.2,229.2,229.2,300,2026-09-25,,,,,,,,
1790308260,229.2,229.2,229.0,229.0,2500,2026-09-25,,,,,,,,
1790308320,229.2,229.2,229.0,229.0,4200,2026-09-25,,,,,,,,
1790308380,229.0,229.2,229.0,229.2,800,2026-09-25,,,,,,,,
1790308500,229.2,229.2,229.1,229.2,2600,2026-09-25,,,,,,,,
1790308560,229.0,229.2,229.0,229.2,7500,2026-09-25,,,,,,,,
1790308620,229.2,229.2,229.0,229.1,1000,2026-09-25,,,,,,,,
1790308680,229.1,229.1,229.1,229.1,100,2026-09-25,,,,,,,,
1790308740,229.1,229.1,229.0,229.0,3600,2026-09-25,,,,,,,,
1790308800,229.0,229.1,229.0,229.1,1100,2026-09-25,,,,,,,,
1790308860,229.1,229.1,229.0,229.1,900,2026-09-25,,,,,,,,
1790308920,229.1,229.1,229.0,229.1,2300,2026-09-25,,,,,,,,
1790308980,229.1,229.1,229.0,229.0,1900,2026-09-25,,,,,,,,
1790309040,229.0,229.1,229.0,229.1,2000,2026-09-25,,,,,,,,
1790309160,229.1,229.1,228.6,228.6,3900,2026-09-25,,,,,,,,
1790309220,228.6,228.6,228.6,228.6,1300,2026-09-25,,,,,,,,
1790309280,228.6,228.7,228.6,228.6,1100,2026-09-25,,,,,,,,
1790309340,228.6,228.7,228.6,228.7,1200,2026-09-25,,,,,,,,
1790309400,228.7,228.7,228.5,228.7,3600,2026-09-25,,,,,,,,
1790309460,228.7,228.7,228.5,228.5,2100,2026-09-25,,,,,,,,
1790309520,229.0,229.0,228.5,229.0,600,2026-09-25,,,,,,,,
1790309580,229.0,229.0,229.0,229.0,400,2026-09-25,,,,,,,,
1790309640,228.7,229.0,228.5,229.0,2600,2026-09-25,,,,,,,,
1790309760,229.0,229.0,229.0,229.0,400,2026-09-25,,,,,,,,
1790309820,229.0,229.0,229.0,229.0,1100,2026-09-25,,,,,,,,
1790309880,228.8,228.8,228.6,228.6,3300,2026-09-25,,,,,,,,
1790309940,229.0,229.0,229.0,229.0,200,2026-09-25,,,,,,,,
1790310060,229.0,229.0,228.5,228.5,3600,2026-09-25,,,,,,,,
1790310120,228.5,228.8,228.5,228.8,500,2026-09-25,,,,,,,,
1790310180,228.8,229.0,228.8,228.8,1300,2026-09-25,,,,,,,,
1790310300,228.8,228.8,228.6,228.6,2900,2026-09-25,,,,,,,,
1790310360,228.6,228.7,228.5,228.7,10100,2026-09-25,,,,,,,,
1790310420,228.8,229.0,228.8,229.0,2800,2026-09-25,,,,,,,,
1790310480,228.8,228.8,228.3,228.5,5300,2026-09-25,,,,,,,,
1790310540,228.3,228.3,228.2,228.2,4000,2026-09-25,,,,,,,,
1790316000,228.5,229.0,228.0,229.0,26000,2026-09-25,,,,,,,,
1790316060,229.0,229.0,229.0,229.0,200,2026-09-25,,,,,,,,
1790316120,228.9,229.1,228.9,229.1,13600,2026-09-25,,,,,,,,
1790316180,229.1,229.5,229.0,229.2,5000,2026-09-25,,,,,,,,
1790316240,229.5,229.9,229.5,229.9,4000,2026-09-25,,,,,,,,
1790316300,229.8,230.0,229.7,230.0,10600,2026-09-25,,,,,,,,
1790316360,230.1,230.4,230.1,230.4,9500,2026-09-25,,,,,,,,
1790316420,230.4,231.0,230.4,231.0,22900,2026-09-25,,,,,,,,
1790316480,231.1,231.9,231.1,231.9,5600,2026-09-25,,,,,,,,
1790316540,231.9,231.9,231.6,231.6,9600,2026-09-25,,,,,,,,
1790316600,231.6,231.6,231.0,231.0,5500,2026-09-25,,,,,,,,
1790316660,231.0,231.0,230.0,231.0,3600,2026-09-25,,,,,,,,
1790316720,231.0,231.0,230.5,231.0,5400,2026-09-25,,,,,,,,
1790316780,231.0,231.4,231.0,231.1,7000,2026-09-25,,,,,,,,
1790316840,231.1,231.4,231.1,231.4,5100,2026-09-25,,,,,,,,
1790316900,231.4,231.4,231.1,231.2,1600,2026-09-25,,,,,,,,
1790316960,231.4,231.4,231.3,231.4,500,2026-09-25,,,,,,,,
1790317020,231.3,231.4,231.3,231.3,4800,2026-09-25,,,,,,,,
1790317080,231.3,231.3,231.2,231.2,5300,2026-09-25,,,,,,,,
1790317140,231.3,231.6,231.3,231.6,22400,2026-09-25,,,,,,,,
1790317200,231.6,232.3,231.6,232.3,20400,2026-09-25,,,,,,,,
1790317260,232.3,234.0,232.3,234.0,16500,2026-09-25,,,,,,,,
1790317320,234.0,234.8,234.0,234.5,21600,2026-09-25,,,,,,,,
1790317380,234.5,234.5,233.5,233.5,7500,2026-09-25,,,,,,,,
1790317440,233.5,233.5,232.2,232.3,9200,2026-09-25,,,,,,,,
1790317500,232.3,233.0,232.3,233.0,7200,2026-09-25,,,,,,,,
1790317560,233.0,233.4,233.0,233.0,11000,2026-09-25,,,,,,,,
1790317620,233.2,233.4,233.0,233.4,10400,2026-09-25,,,,,,,,
1790317680,233.4,233.5,233.4,233.4,2400,2026-09-25,,,,,,,,
1790317740,233.4,233.5,233.0,233.0,6100,2026-09-25,,,,,,,,
1790317800,233.1,233.3,233.1,233.1,3000,2026-09-25,,,,,,,,
1790317860,233.1,234.0,233.1,233.6,21600,2026-09-25,,,,,,,,
1790317920,233.6,234.0,233.5,233.9,6700,2026-09-25,,,,,,,,
1790317980,233.9,234.2,233.8,233.9,10800,2026-09-25,,,,,,,,
1790318040,234.0,234.0,233.9,233.9,12700,2026-09-25,,,,,,,,
1790318100,233.9,233.9,233.8,233.8,6500,2026-09-25,,,,,,,,
1790318160,233.8,233.9,233.7,233.8,4200,2026-09-25,,,,,,,,
1790318220,233.8,233.8,233.7,233.7,6300,2026-09-25,,,,,,,,
1790318280,233.7,233.7,233.6,233.6,5400,2026-09-25,,,,,,,,
1790318340,233.7,233.7,233.6,233.6,9000,2026-09-25,,,,,,,,
1790318400,233.6,233.8,233.6,233.7,4500,2026-09-25,,,,,,,,
1790318460,233.7,233.8,233.6,233.6,5500,2026-09-25,,,,,,,,
1790318520,233.7,233.7,233.5,233.5,6300,2026-09-25,,,,,,,,
1790318580,233.6,233.6,233.3,233.3,6500,2026-09-25,,,,,,,,
1790318640,233.2,233.3,232.3,232.3,17800,2026-09-25,,,,,,,,
1790318700,232.3,232.3,232.0,232.0,8400,2026-09-25,,,,,,,,
1790318760,232.0,232.3,232.0,232.1,22300,2026-09-25,,,,,,,,
1790318820,232.1,232.3,232.0,232.2,5100,2026-09-25,,,,,,,,
1790318880,232.3,232.5,232.1,232.1,8000,2026-09-25,,,,,,,,
1790318940,232.3,232.5,232.1,232.5,2100,2026-09-25,,,,,,,,
1790319000,232.5,232.6,232.5,232.5,2100,2026-09-25,,,,,,,,
1790319060,232.5,232.7,232.5,232.7,2900,2026-09-25,,,,,,,,
1790319120,232.6,232.7,232.3,232.3,2900,2026-09-25,,,,,,,,
1790319180,232.3,232.7,232.2,232.2,2400,2026-09-25,,,,,,,,
1790319240,232.2,232.3,232.2,232.3,5200,2026-09-25,,,,,,,,
1790319300,232.3,232.7,232.3,232.7,2200,2026-09-25,,,,,,,,
1790319360,232.5,232.6,232.3,232.6,4900,2026-09-25,,,,,,,,
1790319420,232.7,232.7,232.6,232.6,2000,2026-09-25,,,,,,,,
1790319480,232.6,232.8,232.6,232.8,3300,2026-09-25,,,,,,,,
1790319540,232.8,233.0,232.7,233.0,6900,2026-09-25,,,,,,,,
1790319600,232.9,233.8,232.9,233.8,6100,2026-09-25,,,,,,,,
1790319660,233.8,234.0,233.8,233.9,9500,2026-09-25,,,,,,,,
1790319720,233.8,234.2,233.8,234.2,13400,2026-09-25,,,,,,,,
1790319780,234.2,234.2,234.0,234.0,11700,2026-09-25,,,,,,,,
1790319840,234.0,234.1,234.0,234.0,7300,2026-09-25,,,,,,,,
1790319900,233.9,234.0,233.8,233.8,4500,2026-09-25,,,,,,,,
1790319960,233.6,233.6,233.5,233.5,900,2026-09-25,,,,,,,,
1790320020,233.6,233.6,233.4,233.4,600,2026-09-25,,,,,,,,
1790320080,233.4,233.5,233.4,233.5,3400,2026-09-25,,,,,,,,
1790320140,233.5,233.6,233.4,233.5,4300,2026-09-25,,,,,,,,
1790320200,233.6,233.6,233.5,233.5,1200,2026-09-25,,,,,,,,
1790320260,233.6,233.8,233.4,233.4,1300,2026-09-25,,,,,,,,
1790320320,233.5,234.0,233.5,234.0,8700,2026-09-25,,,,,,,,
1790320380,233.5,234.0,233.5,233.9,2600,2026-09-25,,,,,,,,
1790320440,233.9,233.9,233.7,233.7,3700,2026-09-25,,,,,,,,
1790320500,233.7,233.7,233.7,233.7,3700,2026-09-25,,,,,,,,
1790320560,233.7,233.8,233.6,233.6,7000,2026-09-25,,,,,,,,
1790320620,233.7,233.7,233.5,233.7,2400,2026-09-25,,,,,,,,
1790320680,233.6,233.6,233.4,233.5,5400,2026-09-25,,,,,,,,
1790320740,233.6,233.6,233.2,233.3,4700,2026-09-25,,,,,,,,
1790320800,233.3,233.3,232.7,232.7,22000,2026-09-25,,,,,,,,
1790320860,232.9,232.9,232.5,232.5,35100,2026-09-25,,,,,,,,
1790320920,232.4,232.5,232.2,232.2,7500,2026-09-25,,,,,,,,
1790320980,232.2,232.5,232.2,232.3,4700,2026-09-25,,,,,,,,
1790321040,232.3,233.0,232.3,232.4,4000,2026-09-25,,,,,,,,
1790321100,232.9,233.0,232.4,233.0,4100,2026-09-25,,,,,,,,
1790321160,232.8,233.4,232.5,233.4,4100,2026-09-25,,,,,,,,
1790321220,233.4,233.4,232.8,233.0,3600,2026-09-25,,,,,,,,
1790321280,233.0,233.4,232.8,233.0,2400,2026-09-25,,,,,,,,
1790321340,232.9,233.0,232.9,232.9,4400,2026-09-25,,,,,,,,
1790322300,232.0,232.0,232.0,232.0,138500,2026-09-25,,,,,,,,
1790561700,232.0,233.1,229.0,229.0,23200,2026-09-28,,,,,,,,
1790561760,229.1,230.6,229.1,230.6,3900,2026-09-28,,,,,,,,
1790561820,229.6,230.6,229.6,230.6,1700,2026-09-28,,,,,,,,
1790561880,230.1,230.1,230.0,230.0,700,2026-09-28,,,,,,,,
1790561940,230.3,230.4,230.1,230.4,1000,2026-09-28,,,,,,,,
1790562000,230.2,230.6,230.2,230.6,3300,2026-09-28,,,,,,,,
1790562060,230.6,231.0,230.6,230.8,3100,2026-09-28,,,,,,,,
1790562120,232.0,232.4,230.8,232.0,1300,2026-09-28,,,,,,,,
1790562180,232.0,232.0,232.0,232.0,2700,2026-09-28,,,,,,,,
1790562240,232.0,232.0,231.2,232.0,2300,2026-09-28,,,,,,,,
1790562300,231.3,231.4,231.2,231.4,600,2026-09-28,,,,,,,,
1790562360,231.4,231.8,231.2,231.2,6100,2026-09-28,,,,,,,,
1790562420,231.1,231.8,231.1,231.2,1600,2026-09-28,,,,,,,,
1790562480,231.2,231.2,231.1,231.1,4600,2026-09-28,,,,,,,,
1790562540,231.1,231.1,230.5,230.5,11700,2026-09-28,,,,,,,,
1790562600,230.5,230.5,230.0,230.0,7200,2026-09-28,,,,,,,,
1790562660,230.0,230.1,230.0,230.0,1900,2026-09-28,,,,,,,,
1790562720,230.2,230.2,230.0,230.1,1500,2026-09-28,,,,,,,,
1790562780,230.0,230.2,230.0,230.1,1000,2026-09-28,,,,,,,,
1790562840,230.1,230.4,230.1,230.4,1100,2026-09-28,,,,,,,,
1790562900,230.2,230.2,230.0,230.2,3000,2026-09-28,,,,,,,,
1790562960,230.2,230.2,229.9,229.9,5300,2026-09-28,,,,,,,,
1790563020,229.9,229.9,229.6,229.6,4700,2026-09-28,,,,,,,,
1790563080,229.5,229.5,229.0,229.0,18300,2026-09-28,,,,,,,,
1790563140,229.0,229.1,229.0,229.0,2100,2026-09-28,,,,,,,,
1790563200,229.1,229.1,229.0,229.0,7700,2026-09-28,,,,,,,,
1790563260,229.2,229.6,229.2,229.4,2100,2026-09-28,,,,,,,,
1790563320,229.5,230.0,229.5,230.0,1200,2026-09-28,,,,,,,,
1790563380,229.9,230.2,229.9,230.2,1900,2026-09-28,,,,,,,,
1790563440,230.0,230.0,229.9,230.0,1400,2026-09-28,,,,,,,,
1790563500,230.0,230.0,229.9,230.0,2100,2026-09-28,,,,,,,,
1790563560,230.0,230.3,230.0,230.0,1300,2026-09-28,,,,,,,,
1790563620,230.0,230.1,229.6,230.1,4200,2026-09-28,,,,,,,,
1790563680,230.0,230.1,229.8,229.8,400,2026-09-28,,,,,,,,
1790563740,229.8,229.8,229.5,229.5,500,2026-09-28,,,,,,,,
1790563800,229.6,229.6,229.4,229.5,3500,2026-09-28,,,,,,,,
1790563860,229.5,229.5,229.4,229.5,7600,2026-09-28,,,,,,,,
1790563920,229.5,229.7,229.5,229.5,800,2026-09-28,,,,,,,,
1790563980,229.5,229.7,229.5,229.7,900,2026-09-28,,,,,,,,
1790564040,229.5,229.6,229.4,229.4,2400,2026-09-28,,,,,,,,
1790564100,229.4,229.5,229.0,229.0,9200,2026-09-28,,,,,,,,
1790564160,229.1,229.1,229.0,229.1,1900,2026-09-28,,,,,,,,
1790564220,229.1,229.5,229.0,229.1,1000,2026-09-28,,,,,,,,
1790564280,229.2,229.2,229.1,229.1,1300,2026-09-28,,,,,,,,
1790564340,229.1,229.1,229.0,229.1,4300,2026-09-28,,,,,,,,
1790564400,229.1,229.2,229.1,229.1,2600,2026-09-28,,,,,,,,
1790564460,229.1,229.2,229.1,229.2,2800,2026-09-28,,,,,,,,
1790564520,229.4,229.6,229.4,229.6,1800,2026-09-28,,,,,,,,
1790564580,229.6,229.6,229.6,229.6,100,2026-09-28,,,,,,,,
1790564640,229.6,229.6,229.2,229.5,2200,2026-09-28,,,,,,,,
1790564700,229.4,229.5,229.4,229.5,1700,2026-09-28,,,,,,,,
1790564760,229.5,229.6,229.5,229.6,4100,2026-09-28,,,,,,,,
1790564820,229.6,229.6,229.5,229.6,7400,2026-09-28,,,,,,,,
1790564880,229.6,229.6,229.5,229.6,800,2026-09-28,,,,,,,,
1790564940,229.5,229.5,229.4,229.5,3500,2026-09-28,,,,,,,,
1790565000,229.6,229.6,229.6,229.6,3100,2026-09-28,,,,,,,,
1790565060,229.6,229.6,229.5,229.5,1600,2026-09-28,,,,,,,,
1790565120,229.5,229.5,229.4,229.5,17800,2026-09-28,,,,,,,,
1790565180,229.6,229.6,229.5,229.6,2700,2026-09-28,,,,,,,,
1790565240,229.7,230.4,229.7,230.4,32700,2026-09-28,,,,,,,,
1790565300,230.3,230.7,230.0,230.7,4200,2026-09-28,,,,,,,,
1790565360,230.7,231.0,230.7,231.0,3200,2026-09-28,,,,,,,,
1790565420,231.0,231.1,231.0,231.1,1800,2026-09-28,,,,,,,,
1790565480,231.2,231.7,231.2,231.7,1900,2026-09-28,,,,,,,,
1790565540,231.3,231.7,231.2,231.5,600,2026-09-28,,,,,,,,
1790565600,231.5,231.7,231.5,231.5,3400,2026-09-28,,,,,,,,
1790565660,231.7,231.9,231.5,231.6,7800,2026-09-28,,,,,,,,
1790565720,231.7,231.7,231.4,231.4,7000,2026-09-28,,,,,,,,
1790565780,231.2,231.2,231.1,231.1,2300,2026-09-28,,,,,,,,
1790565840,231.1,231.3,231.0,231.0,2900,2026-09-28,,,,,,,,
1790565900,231.0,231.0,231.0,231.0,700,2026-09-28,,,,,,,,
1790565960,231.0,231.0,231.0,231.0,1300,2026-09-28,,,,,,,,
1790566020,231.0,231.4,231.0,231.3,3700,2026-09-28,,,,,,,,
1790566080,231.4,231.4,231.3,231.3,11000,2026-09-28,,,,,,,,
1790566140,231.3,231.3,231.0,231.0,1300,2026-09-28,,,,,,,,
1790566200,231.0,231.0,230.9,230.9,3000,2026-09-28,,,,,,,,
1790566260,230.9,230.9,230.9,230.9,500,2026-09-28,,,,,,,,
1790566380,230.9,230.9,230.9,230.9,800,2026-09-28,,,,,,,,
1790566440,230.9,230.9,230.9,230.9,8800,2026-09-28,,,,,,,,
1790566500,230.7,230.7,230.4,230.4,1700,2026-09-28,,,,,,,,
1790566560,230.4,230.4,230.3,230.3,400,2026-09-28,,,,,,,,
1790566620,230.3,230.3,230.3,230.3,800,2026-09-28,,,,,,,,
1790566680,230.3,230.3,230.3,230.3,100,2026-09-28,,,,,,,,
1790566740,230.3,230.3,230.3,230.3,100,2026-09-28,,,,,,,,
1790566800,230.1,230.1,230.1,230.1,500,2026-09-28,,,,,,,,
1790566860,230.1,231.0,230.1,231.0,4500,2026-09-28,,,,,,,,
1790566920,231.1,231.1,231.1,231.1,500,2026-09-28,,,,,,,,
1790566980,231.1,231.1,231.1,231.1,100,2026-09-28,,,,,,,,
1790567040,231.2,231.2,231.1,231.1,200,2026-09-28,,,,,,,,
1790567100,231.1,231.2,231.1,231.1,700,2026-09-28,,,,,,,,
1790567160,231.1,231.2,231.1,231.1,2000,2026-09-28,,,,,,,,
1790567220,231.0,231.0,230.4,230.4,400,2026-09-28,,,,,,,,
1790567280,230.4,230.4,230.4,230.4,600,2026-09-28,,,,,,,,
1790567340,230.5,230.5,230.5,230.5,1100,2026-09-28,,,,,,,,
1790567400,230.6,230.6,230.6,230.6,400,2026-09-28,,,,,,,,
1790567460,230.6,230.6,230.6,230.6,100,2026-09-28,,,,,,,,
1790567520,230.6,230.6,230.6,230.6,700,2026-09-28,,,,,,,,
1790567640,230.7,230.7,230.7,230.7,100,2026-09-28,,,,,,,,
1790567760,230.7,230.7,230.7,230.7,100,2026-09-28,,,,,,,,
1790567940,230.7,230.7,230.7,230.7,100,2026-09-28,,,,,,,,
1790568000,230.7,230.7,230.7,230.7,800,2026-09-28,,,,,,,,
1790568060,230.7,230.7,230.6,230.6,500,2026-09-28,,,,,,,,
1790568120,230.6,230.6,230.5,230.5,5200,2026-09-28,,,,,,,,
1790568180,230.4,230.4,230.1,230.1,4200,2026-09-28,,,,,,,,
1790568240,230.1,230.1,230.1,230.1,1200,2026-09-28,,,,,,,,
1790568300,230.1,230.1,230.0,230.0,2100,2026-09-28,,,,,,,,
1790568360,230.0,230.0,229.8,229.8,8900,2026-09-28,,,,,,,,
1790568420,229.9,229.9,229.9,229.9,100,2026-09-28,,,,,,,,
1790568480,230.0,231.0,230.0,231.0,6400,2026-09-28,,,,,,,,
1790568540,231.0,231.7,231.0,231.0,2600,2026-09-28,,,,,,,,
1790568600,231.0,231.5,231.0,231.5,400,2026-09-28,,,,,,,,
1790568660,231.5,231.6,231.5,231.6,1300,2026-09-28,,,,,,,,
1790568720,231.4,231.4,231.3,231.3,1200,2026-09-28,,,,,,,,
1790568780,231.3,231.3,231.2,231.2,400,2026-09-28,,,,,,,,
1790568900,231.2,231.2,231.2,231.2,1000,2026-09-28,,,,,,,,
1790568960,231.2,231.2,231.0,231.0,400,2026-09-28,,,,,,,,
1790569140,231.0,231.0,231.0,231.0,1200,2026-09-28,,,,,,,,
1790569200,231.0,231.0,231.0,231.0,600,2026-09-28,,,,,,,,
1790569260,231.0,231.0,230.0,230.0,11100,2026-09-28,,,,,,,,
1790569320,231.0,231.0,231.0,231.0,400,2026-09-28,,,,,,,,
1790569440,230.5,230.5,230.5,230.5,1500,2026-09-28,,,,,,,,
1790569500,230.5,231.0,230.5,231.0,2200,2026-09-28,,,,,,,,
1790569560,231.0,231.0,230.9,230.9,200,2026-09-28,,,,,,,,
1790569680,230.9,230.9,230.9,230.9,1200,2026-09-28,,,,,,,,
1790569740,231.0,231.0,231.0,231.0,2600,2026-09-28,,,,,,,,
1790575200,230.7,231.4,230.6,231.4,18600,2026-09-28,,,,,,,,
1790575260,231.5,231.5,231.1,231.5,5400,2026-09-28,,,,,,,,
1790575320,231.4,231.4,230.5,230.5,3500,2026-09-28,,,,,,,,
1790575380,230.6,230.6,230.6,230.6,200,2026-09-28,,,,,,,,
1790575440,230.7,230.7,230.3,230.3,2400,2026-09-28,,,,,,,,
1790575500,230.3,230.3,230.0,230.3,2300,2026-09-28,,,,,,,,
1790575560,230.3,230.7,230.0,230.7,8400,2026-09-28,,,,,,,,
1790575620,230.7,230.9,230.7,230.9,2800,2026-09-28,,,,,,,,
1790575680,230.9,230.9,230.0,230.1,4700,2026-09-28,,,,,,,,
1790575740,230.2,230.3,230.1,230.1,1500,2026-09-28,,,,,,,,
1790575800,230.1,230.1,230.0,230.0,1200,2026-09-28,,,,,,,,
1790575860,230.1,230.2,230.0,230.0,1400,2026-09-28,,,,,,,,
1790575920,230.2,230.3,230.2,230.3,1200,2026-09-28,,,,,,,,
1790575980,230.2,230.4,230.0,230.0,2100,2026-09-28,,,,,,,,
1790576040,230.1,230.5,230.1,230.5,1300,2026-09-28,,,,,,,,
1790576100,230.2,230.2,230.0,230.1,4700,2026-09-28,,,,,,,,
1790576160,230.4,230.4,230.1,230.1,1100,2026-09-28,,,,,,,,
1790576220,230.1,230.1,230.1,230.1,200,2026-09-28,,,,,,,,
1790576280,230.2,230.2,230.1,230.1,1600,2026-09-28,,,,,,,,
1790576340,230.1,230.1,230.1,230.1,900,2026-09-28,,,,,,,,
1790576400,230.1,230.1,230.1,230.1,500,2026-09-28,,,,,,,,
1790576460,230.1,230.2,230.1,230.2,1100,2026-09-28,,,,,,,,
1790576520,230.2,230.2,230.1,230.1,900,2026-09-28,,,,,,,,
1790576580,230.2,230.2,230.1,230.2,400,2026-09-28,,,,,,,,
1790576640,230.1,230.1,230.1,230.1,2500,2026-09-28,,,,,,,,
1790576700,230.1,230.1,230.1,230.1,1200,2026-09-28,,,,,,,,
1790576760,230.1,230.1,230.1,230.1,2500,2026-09-28,,,,,,,,
1790576820,230.1,230.2,230.1,230.1,3200,2026-09-28,,,,,,,,
1790576880,230.1,230.1,230.1,230.1,1900,2026-09-28,,,,,,,,
1790576940,230.2,230.2,230.2,230.2,400,2026-09-28,,,,,,,,
1790577000,230.2,230.6,230.2,230.6,10100,2026-09-28,,,,,,,,
1790577060,230.7,230.7,230.7,230.7,900,2026-09-28,,,,,,,,
1790577120,230.7,230.8,230.7,230.8,3500,2026-09-28,,,,,,,,
1790577180,230.5,230.7,230.1,230.7,6000,2026-09-28,,,,,,,,
1790577240,230.7,230.7,230.7,230.7,400,2026-09-28,,,,,,,,
1790577300,230.4,230.4,230.4,230.4,100,2026-09-28,,,,,,,,
1790577360,230.5,230.7,230.4,230.4,11200,2026-09-28,,,,,,,,
1790577420,230.7,230.9,230.4,230.9,13000,2026-09-28,,,,,,,,
1790577480,230.9,231.4,230.9,231.4,6200,2026-09-28,,,,,,,,
1790577540,231.3,231.4,231.3,231.4,600,2026-09-28,,,,,,,,
1790577600,231.4,231.4,231.3,231.3,500,2026-09-28,,,,,,,,
1790577660,231.4,231.4,231.3,231.4,600,2026-09-28,,,,,,,,
1790577720,231.3,231.3,231.2,231.2,8700,2026-09-28,,,,,,,,
1790577780,231.1,231.1,230.9,230.9,7700,2026-09-28,,,,,,,,
1790577840,230.9,231.0,230.8,230.9,2600,2026-09-28,,,,,,,,
1790577900,230.9,230.9,230.9,230.9,200,2026-09-28,,,,,,,,
1790577960,230.9,230.9,230.8,230.9,3300,2026-09-28,,,,,,,,
1790578020,230.9,230.9,230.9,230.9,1000,2026-09-28,,,,,,,,
1790578080,230.9,230.9,230.9,230.9,1200,2026-09-28,,,,,,,,
1790578140,230.9,230.9,230.9,230.9,3300,2026-09-28,,,,,,,,
1790578200,230.8,230.8,230.8,230.8,1000,2026-09-28,,,,,,,,
1790578260,230.8,230.8,230.6,230.6,2000,2026-09-28,,,,,,,,
1790578320,230.6,230.7,230.6,230.7,2700,2026-09-28,,,,,,,,
1790578380,230.6,230.8,230.6,230.8,3000,2026-09-28,,,,,,,,
1790578440,230.8,230.8,230.7,230.7,200,2026-09-28,,,,,,,,
1790578500,230.7,230.8,230.7,230.8,700,2026-09-28,,,,,,,,
1790578560,230.8,230.8,230.8,230.8,1700,2026-09-28,,,,,,,,
1790578620,230.8,230.8,230.8,230.8,100,2026-09-28,,,,,,,,
1790578680,230.8,230.9,230.8,230.9,300,2026-09-28,,,,,,,,
1790578740,230.8,230.9,230.8,230.9,700,2026-09-28,,,,,,,,
1790578800,230.8,230.9,230.8,230.8,2400,2026-09-28,,,,,,,,
1790578860,230.7,230.7,230.6,230.6,5600,2026-09-28,,,,,,,,
1790578920,230.6,230.6,230.6,230.6,800,2026-09-28,,,,,,,,
1790578980,230.7,230.7,230.7,230.7,100,2026-09-28,,,,,,,,
1790579040,230.6,230.8,230.6,230.8,3300,2026-09-28,,,,,,,,
1790579100,230.8,230.9,230.8,230.9,7100,2026-09-28,,,,,,,,
1790579160,231.0,231.3,231.0,231.3,6500,2026-09-28,,,,,,,,
1790579220,231.2,231.2,231.2,231.2,1500,2026-09-28,,,,,,,,
1790579280,231.2,231.3,231.2,231.3,3200,2026-09-28,,,,,,,,
1790579340,231.3,231.3,231.2,231.3,1000,2026-09-28,,,,,,,,
1790579400,231.2,231.3,231.2,231.2,3800,2026-09-28,,,,,,,,
1790579460,231.2,231.2,231.0,231.1,6100,2026-09-28,,,,,,,,
1790579520,231.1,231.1,231.0,231.0,1800,2026-09-28,,,,,,,,
1790579580,231.0,231.0,230.9,231.0,4700,2026-09-28,,,,,,,,
1790579640,231.0,231.0,230.9,231.0,7300,2026-09-28,,,,,,,,
1790579700,231.0,231.0,231.0,231.0,5900,2026-09-28,,,,,,,,
1790579760,231.0,231.0,231.0,231.0,100,2026-09-28,,,,,,,,
1790579820,230.9,230.9,230.6,230.7,13400,2026-09-28,,,,,,,,
1790579880,230.7,230.7,230.6,230.6,6000,2026-09-28,,,,,,,,
1790579940,230.7,230.7,230.6,230.6,14300,2026-09-28,,,,,,,,
1790580000,230.6,230.6,230.4,230.4,2400,2026-09-28,,,,,,,,
1790580060,230.4,230.4,230.3,230.4,3600,2026-09-28,,,,,,,,
1790580120,230.4,231.0,230.2,231.0,18000,2026-09-28,,,,,,,,
1790580180,231.0,231.0,230.6,231.0,12500,2026-09-28,,,,,,,,
1790580240,231.1,231.3,231.1,231.3,15500,2026-09-28,,,,,,,,
1790580300,231.3,231.5,231.3,231.5,16800,2026-09-28,,,,,,,,
1790580360,231.5,231.6,231.3,231.5,14500,2026-09-28,,,,,,,,
1790580420,231.5,231.5,231.4,231.5,13900,2026-09-28,,,,,,,,
1790580480,231.5,231.6,231.5,231.5,18700,2026-09-28,,,,,,,,
1790580540,231.6,231.7,231.5,231.6,9000,2026-09-28,,,,,,,,
1790581500,231.9,231.9,231.9,231.9,62300,2026-09-28,,,,,,,,
1790648100,232.0,232.0,231.9,232.0,13400,2026-09-29,,,,,,,,
1790648160,232.1,232.1,232.0,232.1,5500,2026-09-29,,,,,,,,
1790648220,232.0,232.1,231.9,232.0,1800,2026-09-29,,,,,,,,
1790648280,232.0,232.1,232.0,232.1,2100,2026-09-29,,,,,,,,
1790648340,232.0,232.1,232.0,232.1,800,2026-09-29,,,,,,,,
1790648400,232.0,232.1,232.0,232.0,700,2026-09-29,,,,,,,,
1790648460,232.1,232.1,232.0,232.1,1000,2026-09-29,,,,,,,,
1790648520,232.0,232.0,231.9,232.0,4400,2026-09-29,,,,,,,,
1790648580,232.0,232.0,231.9,232.0,4800,2026-09-29,,,,,,,,
1790648640,232.0,232.0,231.9,232.0,9800,2026-09-29,,,,,,,,
1790648700,232.0,232.0,231.9,231.9,5500,2026-09-29,,,,,,,,
1790648760,231.9,231.9,231.9,231.9,400,2026-09-29,,,,,,,,
1790648820,231.8,231.8,231.8,231.8,500,2026-09-29,,,,,,,,
1790648880,231.8,231.8,231.6,231.6,7000,2026-09-29,,,,,,,,
1790648940,231.6,231.6,231.2,231.2,1900,2026-09-29,,,,,,,,
1790649000,231.1,231.2,230.8,230.8,3100,2026-09-29,,,,,,,,
1790649060,230.8,230.8,230.5,230.5,400,2026-09-29,,,,,,,,
1790649120,230.5,230.8,230.5,230.5,3700,2026-09-29,,,,,,,,
1790649180,230.5,230.6,230.4,230.4,2100,2026-09-29,,,,,,,,
1790649240,230.4,230.4,230.3,230.4,2300,2026-09-29,,,,,,,,
1790649300,230.3,230.4,230.1,230.1,4100,2026-09-29,,,,,,,,
1790649360,230.2,230.2,230.1,230.1,2300,2026-09-29,,,,,,,,
1790649420,230.2,230.3,230.2,230.3,1100,2026-09-29,,,,,,,,
1790649480,230.4,230.7,230.4,230.5,1400,2026-09-29,,,,,,,,
1790649540,230.7,230.8,230.7,230.7,700,2026-09-29,,,,,,,,
1790649600,230.5,230.5,230.3,230.3,1000,2026-09-29,,,,,,,,
1790649660,230.4,230.4,230.4,230.4,700,2026-09-29,,,,,,,,
1790649720,230.4,230.7,230.4,230.7,900,2026-09-29,,,,,,,,
1790649780,230.7,230.8,230.7,230.7,800,2026-09-29,,,,,,,,
1790649840,230.7,230.8,230.7,230.8,1400,2026-09-29,,,,,,,,
1790649900,230.7,230.7,230.7,230.7,200,2026-09-29,,,,,,,,
1790649960,230.7,230.8,230.7,230.7,1000,2026-09-29,,,,,,,,
1790650020,230.7,230.7,230.7,230.7,2000,2026-09-29,,,,,,,,
1790650080,230.8,230.8,230.6,230.6,2800,2026-09-29,,,,,,,,
1790650140,230.6,230.7,230.5,230.6,2000,2026-09-29,,,,,,,,
1790650200,230.5,230.5,230.4,230.4,1900,2026-09-29,,,,,,,,
1790650260,230.4,230.4,230.3,230.3,3300,2026-09-29,,,,,,,,
1790650320,230.3,230.3,230.2,230.2,1300,2026-09-29,,,,,,,,
1790650380,230.1,230.2,230.1,230.1,4600,2026-09-29,,,,,,,,
1790650440,230.1,230.1,230.1,230.1,2900,2026-09-29,,,,,,,,
1790650500,230.1,230.2,230.1,230.1,3300,2026-09-29,,,,,,,,
1790650560,230.1,230.2,230.1,230.2,5000,2026-09-29,,,,,,,,
1790650620,230.1,230.1,230.1,230.1,200,2026-09-29,,,,,,,,
1790650680,230.2,230.4,230.2,230.4,4100,2026-09-29,,,,,,,,
1790650740,230.4,230.4,230.3,230.3,300,2026-09-29,,,,,,,,
1790650800,230.4,230.5,230.4,230.4,700,2026-09-29,,,,,,,,
1790650860,230.4,230.8,230.4,230.8,4800,2026-09-29,,,,,,,,
1790650920,230.8,231.0,230.8,230.9,8200,2026-09-29,,,,,,,,
1790650980,231.1,231.2,231.0,231.0,3400,2026-09-29,,,,,,,,
1790651040,230.9,231.3,230.9,231.3,800,2026-09-29,,,,,,,,
1790651100,231.3,231.3,231.3,231.3,500,2026-09-29,,,,,,,,
1790651160,231.3,232.0,231.3,232.0,5900,2026-09-29,,,,,,,,
1790651220,231.4,231.9,231.4,231.9,4200,2026-09-29,,,,,,,,
1790651280,231.4,231.9,231.4,231.9,600,2026-09-29,,,,,,,,
1790651340,231.5,231.7,231.4,231.4,1100,2026-09-29,,,,,,,,
1790651400,231.4,231.4,231.4,231.4,200,2026-09-29,,,,,,,,
1790651460,231.5,231.6,231.4,231.4,1200,2026-09-29,,,,,,,,
1790651520,231.4,231.7,231.4,231.7,3100,2026-09-29,,,,,,,,
1790651580,231.7,231.7,231.7,231.7,500,2026-09-29,,,,,,,,
1790651640,231.7,231.9,231.7,231.9,3400,2026-09-29,,,,,,,,
1790651700,231.7,231.7,231.7,231.7,200,2026-09-29,,,,,,,,
1790651760,231.7,231.7,231.6,231.7,3900,2026-09-29,,,,,,,,
1790651820,231.6,231.8,231.6,231.8,400,2026-09-29,,,,,,,,
1790651880,231.8,231.8,231.6,231.6,4000,2026-09-29,,,,,,,,
1790651940,231.8,231.8,231.7,231.7,2100,2026-09-29,,,,,,,,
1790652000,231.7,231.7,231.6,231.6,400,2026-09-29,,,,,,,,
1790652060,231.6,231.6,231.6,231.6,900,2026-09-29,,,,,,,,
1790652120,231.6,231.6,231.6,231.6,600,2026-09-29,,,,,,,,
1790652180,231.6,231.6,231.6,231.6,700,2026-09-29,,,,,,,,
1790652240,231.5,231.5,231.4,231.4,600,2026-09-29,,,,,,,,
1790652300,231.3,231.3,231.3,231.3,200,2026-09-29,,,,,,,,
1790652360,231.3,231.4,231.3,231.3,400,2026-09-29,,,,,,,,
1790652420,231.5,231.5,231.4,231.4,2000,2026-09-29,,,,,,,,
1790652540,231.3,231.3,231.1,231.1,1100,2026-09-29,,,,,,,,
1790652600,231.2,231.2,231.0,231.0,1400,2026-09-29,,,,,,,,
1790652660,231.1,231.1,231.0,231.0,500,2026-09-29,,,,,,,,
1790652720,231.0,231.4,231.0,231.1,2700,2026-09-29,,,,,,,,
1790652780,231.1,231.2,231.1,231.2,500,2026-09-29,,,,,,,,
1790652840,231.2,231.2,231.2,231.2,300,2026-09-29,,,,,,,,
1790652900,231.2,231.2,231.2,231.2,300,2026-09-29,,,,,,,,
1790652960,231.2,231.2,231.2,231.2,1200,2026-09-29,,,,,,,,
1790653020,231.2,231.2,231.2,231.2,1200,2026-09-29,,,,,,,,
1790653080,231.2,231.2,231.1,231.1,400,2026-09-29,,,,,,,,
1790653140,231.1,231.1,231.0,231.0,1700,2026-09-29,,,,,,,,
1790653200,230.9,231.0,230.9,230.9,2000,2026-09-29,,,,,,,,
1790653260,230.9,230.9,230.7,230.7,2900,2026-09-29,,,,,,,,
1790653320,230.7,230.8,230.6,230.7,2700,2026-09-29,,,,,,,,
1790653380,230.7,230.7,230.6,230.7,400,2026-09-29,,,,,,,,
1790653440,230.7,231.0,230.7,230.9,4500,2026-09-29,,,,,,,,
1790653500,230.9,230.9,230.9,230.9,800,2026-09-29,,,,,,,,
1790653560,231.1,231.1,230.9,230.9,800,2026-09-29,,,,,,,,
1790653620,231.0,231.0,231.0,231.0,200,2026-09-29,,,,,,,,
1790653680,231.1,231.1,231.1,231.1,800,2026-09-29,,,,,,,,
1790653740,231.3,231.3,231.1,231.1,800,2026-09-29,,,,,,,,
1790653800,231.2,231.2,231.1,231.1,700,2026-09-29,,,,,,,,
1790653860,231.3,231.3,231.2,231.2,1200,2026-09-29,,,,,,,,
1790653920,231.2,231.3,231.1,231.3,8000,2026-09-29,,,,,,,,
1790653980,231.3,231.3,231.1,231.3,3700,2026-09-29,,,,,,,,
1790654040,231.2,231.2,231.2,231.2,1200,2026-09-29,,,,,,,,
1790654100,231.2,231.2,231.0,231.0,8300,2026-09-29,,,,,,,,
1790654160,231.0,231.0,231.0,231.0,1200,2026-09-29,,,,,,,,
1790654220,230.9,230.9,230.7,230.8,2300,2026-09-29,,,,,,,,
1790654280,230.8,230.8,230.6,230.6,5000,2026-09-29,,,,,,,,
1790654340,230.6,230.6,230.5,230.6,2500,2026-09-29,,,,,,,,
1790654400,230.6,230.6,230.5,230.6,1300,2026-09-29,,,,,,,,
1790654460,230.6,230.6,230.5,230.5,1500,2026-09-29,,,,,,,,
1790654520,230.6,230.6,230.5,230.5,3000,2026-09-29,,,,,,,,
1790654580,230.5,230.5,230.5,230.5,900,2026-09-29,,,,,,,,
1790654640,230.5,230.5,230.4,230.4,1600,2026-09-29,,,,,,,,
1790654700,230.4,230.4,230.2,230.2,12600,2026-09-29,,,,,,,,
1790654760,230.2,230.3,230.2,230.3,1900,2026-09-29,,,,,,,,
1790654820,230.3,230.3,230.2,230.2,3000,2026-09-29,,,,,,,,
1790654880,230.2,230.2,230.2,230.2,3900,2026-09-29,,,,,,,,
1790654940,230.2,230.2,230.2,230.2,1700,2026-09-29,,,,,,,,
1790655000,230.2,230.3,230.2,230.2,1300,2026-09-29,,,,,,,,
1790655060,230.3,230.6,230.3,230.6,4800,2026-09-29,,,,,,,,
1790655120,230.7,230.8,230.7,230.7,3300,2026-09-29,,,,,,,,
1790655180,230.7,230.9,230.6,230.6,2300,2026-09-29,,,,,,,,
1790655240,230.6,230.6,230.6,230.6,100,2026-09-29,,,,,,,,
1790655300,230.7,231.0,230.7,231.0,1500,2026-09-29,,,,,,,,
1790655360,230.7,230.7,230.7,230.7,200,2026-09-29,,,,,,,,
1790655420,231.0,231.0,230.7,230.7,5200,2026-09-29,,,,,,,,
1790655480,230.7,230.7,230.7,230.7,600,2026-09-29,,,,,,,,
1790655540,230.6,230.6,230.6,230.6,300,2026-09-29,,,,,,,,
1790655600,230.6,230.6,230.5,230.5,1100,2026-09-29,,,,,,,,
1790655660,230.5,230.5,230.4,230.4,3700,2026-09-29,,,,,,,,
1790655720,230.3,230.3,230.3,230.3,400,2026-09-29,,,,,,,,
1790655780,230.3,230.3,230.3,230.3,900,2026-09-29,,,,,,,,
1790655840,230.4,230.4,230.4,230.4,700,2026-09-29,,,,,,,,
1790655900,230.5,231.1,230.5,230.8,7000,2026-09-29,,,,,,,,
1790655960,230.8,231.2,230.8,230.9,900,2026-09-29,,,,,,,,
1790656020,230.9,230.9,230.5,230.7,5600,2026-09-29,,,,,,,,
1790656080,230.7,230.7,230.5,230.5,500,2026-09-29,,,,,,,,
1790656140,230.5,230.7,230.5,230.7,600,2026-09-29,,,,,,,,
1790661600,230.7,230.9,230.5,230.8,7400,2026-09-29,,,,,,,,
1790661660,230.5,230.5,230.5,230.5,1400,2026-09-29,,,,,,,,
1790661720,230.5,231.2,230.5,230.6,6300,2026-09-29,,,,,,,,
1790661780,230.6,231.0,230.6,231.0,1600,2026-09-29,,,,,,,,
1790661840,230.7,230.7,230.6,230.6,1100,2026-09-29,,,,,,,,
1790661900,230.6,230.6,230.5,230.5,1400,2026-09-29,,,,,,,,
1790661960,230.6,230.6,230.5,230.6,3400,2026-09-29,,,,,,,,
1790662020,230.6,230.8,230.5,230.8,9100,2026-09-29,,,,,,,,
1790662080,230.9,231.4,230.8,231.1,5500,2026-09-29,,,,,,,,
1790662140,231.1,231.4,231.1,231.3,2700,2026-09-29,,,,,,,,
1790662200,231.3,231.4,231.3,231.4,2600,2026-09-29,,,,,,,,
1790662260,231.4,231.5,231.3,231.4,3400,2026-09-29,,,,,,,,
1790662320,231.4,231.4,231.2,231.2,2300,2026-09-29,,,,,,,,
1790662380,231.1,231.1,231.0,231.0,2600,2026-09-29,,,,,,,,
1790662440,231.0,231.1,230.8,230.8,1900,2026-09-29,,,,,,,,
1790662500,230.8,230.9,230.7,230.7,4800,2026-09-29,,,,,,,,
1790662560,230.7,230.9,230.7,230.9,3700,2026-09-29,,,,,,,,
1790662620,230.9,230.9,230.7,230.7,900,2026-09-29,,,,,,,,
1790662680,230.9,230.9,230.6,230.7,4900,2026-09-29,,,,,,,,
1790662740,230.6,230.7,230.6,230.6,1800,2026-09-29,,,,,,,,
1790662800,230.6,230.6,230.5,230.5,3200,2026-09-29,,,,,,,,
1790662860,230.5,230.5,230.4,230.5,4600,2026-09-29,,,,,,,,
1790662920,230.4,230.5,230.4,230.4,2800,2026-09-29,,,,,,,,
1790662980,230.4,230.4,230.3,230.3,7500,2026-09-29,,,,,,,,
1790663040,230.3,230.3,230.2,230.2,2800,2026-09-29,,,,,,,,
1790663100,230.2,230.2,230.2,230.2,7300,2026-09-29,,,,,,,,
1790663160,230.2,230.4,230.2,230.2,4500,2026-09-29,,,,,,,,
1790663220,230.2,230.2,230.2,230.2,1400,2026-09-29,,,,,,,,
1790663280,230.2,230.3,230.2,230.3,5100,2026-09-29,,,,,,,,
1790663340,230.3,230.5,230.2,230.5,3800,2026-09-29,,,,,,,,
1790663400,230.5,230.5,230.3,230.5,1700,2026-09-29,,,,,,,,
1790663460,230.5,230.6,230.5,230.6,1500,2026-09-29,,,,,,,,
1790663520,230.5,230.6,230.3,230.6,1300,2026-09-29,,,,,,,,
1790663580,230.4,230.6,230.4,230.4,1000,2026-09-29,,,,,,,,
1790663640,230.6,230.6,230.4,230.4,3600,2026-09-29,,,,,,,,
1790663700,230.4,230.4,230.3,230.3,5700,2026-09-29,,,,,,,,
1790663760,230.3,230.4,230.3,230.3,2300,2026-09-29,,,,,,,,
1790663820,230.3,230.3,230.2,230.3,3200,2026-09-29,,,,,,,,
1790663880,230.3,230.3,230.2,230.2,1900,2026-09-29,,,,,,,,
1790663940,230.2,230.2,230.2,230.2,700,2026-09-29,,,,,,,,
1790664000,230.2,230.2,230.1,230.2,12500,2026-09-29,,,,,,,,
1790664060,230.1,230.2,230.1,230.1,6600,2026-09-29,,,,,,,,
1790664120,230.1,230.2,230.1,230.1,4200,2026-09-29,,,,,,,,
1790664180,230.1,230.1,230.0,230.0,13100,2026-09-29,,,,,,,,
1790664240,230.0,230.1,229.9,229.9,22100,2026-09-29,,,,,,,,
1790664300,229.9,230.0,229.9,229.9,5000,2026-09-29,,,,,,,,
1790664360,229.9,230.0,229.9,229.9,5800,2026-09-29,,,,,,,,
1790664420,229.9,230.0,229.9,229.9,4600,2026-09-29,,,,,,,,
1790664480,229.9,229.9,229.8,229.8,4100,2026-09-29,,,,,,,,
1790664540,229.8,230.0,229.8,229.9,3900,2026-09-29,,,,,,,,
1790664600,230.0,230.0,229.8,229.8,12000,2026-09-29,,,,,,,,
1790664660,229.8,229.9,229.8,229.8,6400,2026-09-29,,,,,,,,
1790664720,229.8,229.9,229.8,229.9,3200,2026-09-29,,,,,,,,
1790664780,229.9,229.9,229.8,229.9,2100,2026-09-29,,,,,,,,
1790664840,229.8,229.9,229.8,229.9,9200,2026-09-29,,,,,,,,
1790664900,230.0,230.0,229.9,229.9,10600,2026-09-29,,,,,,,,
1790664960,229.9,230.0,229.9,229.9,1200,2026-09-29,,,,,,,,
1790665020,230.0,230.0,229.9,229.9,2700,2026-09-29,,,,,,,,
1790665080,229.9,230.0,229.9,230.0,5300,2026-09-29,,,,,,,,
1790665140,230.0,230.1,230.0,230.0,2600,2026-09-29,,,,,,,,
1790665200,230.0,230.1,230.0,230.1,2200,2026-09-29,,,,,,,,
1790665260,230.0,230.1,230.0,230.0,4400,2026-09-29,,,,,,,,
1790665320,230.0,230.1,230.0,230.0,1300,2026-09-29,,,,,,,,
1790665380,230.0,230.2,230.0,230.1,4500,2026-09-29,,,,,,,,
1790665440,230.1,230.2,230.1,230.1,3100,2026-09-29,,,,,,,,
1790665500,230.1,230.2,230.0,230.0,14600,2026-09-29,,,,,,,,
1790665560,230.0,230.1,230.0,230.0,5200,2026-09-29,,,,,,,,
1790665620,230.0,230.2,229.9,229.9,10800,2026-09-29,,,,,,,,
1790665680,229.9,230.0,229.9,230.0,6200,2026-09-29,,,,,,,,
1790665740,229.9,230.0,229.9,229.9,8200,2026-09-29,,,,,,,,
1790665800,229.9,230.0,229.9,229.9,17100,2026-09-29,,,,,,,,
1790665860,229.9,230.0,229.8,229.8,4300,2026-09-29,,,,,,,,
1790665920,229.8,229.9,229.8,229.8,7900,2026-09-29,,,,,,,,
1790665980,229.8,229.8,229.8,229.8,11500,2026-09-29,,,,,,,,
1790666040,229.8,229.8,229.7,229.7,7700,2026-09-29,,,,,,,,
1790666100,229.7,229.7,229.6,229.6,5600,2026-09-29,,,,,,,,
1790666160,229.6,229.7,229.5,229.6,5900,2026-09-29,,,,,,,,
1790666220,229.6,229.6,229.5,229.6,5600,2026-09-29,,,,,,,,
1790666280,229.6,229.6,229.5,229.5,1800,2026-09-29,,,,,,,,
1790666340,229.5,229.7,229.5,229.7,14400,2026-09-29,,,,,,,,
1790666400,229.6,229.7,229.5,229.7,6800,2026-09-29,,,,,,,,
1790666460,229.6,229.7,229.5,229.5,15200,2026-09-29,,,,,,,,
1790666520,229.7,229.7,229.6,229.7,2900,2026-09-29,,,,,,,,
1790666580,229.7,229.7,229.6,229.6,8500,2026-09-29,,,,,,,,
1790666640,229.6,229.6,229.5,229.5,5300,2026-09-29,,,,,,,,
1790666700,229.5,229.6,229.5,229.5,12700,2026-09-29,,,,,,,,
1790666760,229.5,229.7,229.5,229.7,5800,2026-09-29,,,,,,,,
1790666820,229.7,229.8,229.6,229.7,17800,2026-09-29,,,,,,,,
1790666880,229.7,229.8,229.6,229.7,18200,2026-09-29,,,,,,,,
1790666940,229.8,229.8,229.6,229.7,3600,2026-09-29,,,,,,,,
1790667900,230.0,230.0,230.0,230.0,234300,2026-09-29,,,,,,,,
1790734500,229.7,232.0,229.7,231.0,39600,2026-09-30,,,,,,,,
1790734560,231.9,232.4,231.0,231.8,4500,2026-09-30,,,,,,,,
1790734620,231.8,231.8,230.2,230.2,1200,2026-09-30,,,,,,,,
1790734680,230.1,230.1,230.0,230.0,5300,2026-09-30,,,,,,,,
1790734740,230.0,230.0,229.5,229.5,2100,2026-09-30,,,,,,,,
1790734800,229.5,231.0,229.5,231.0,6600,2026-09-30,,,,,,,,
1790734860,230.1,230.1,230.1,230.1,100,2026-09-30,,,,,,,,
1790734920,229.6,229.9,229.5,229.9,1500,2026-09-30,,,,,,,,
1790734980,230.0,230.0,229.8,229.8,4300,2026-09-30,,,,,,,,
1790735040,229.8,229.8,229.6,229.8,1100,2026-09-30,,,,,,,,
1790735100,229.9,230.0,229.9,230.0,3900,2026-09-30,,,,,,,,
1790735160,230.0,230.0,230.0,230.0,1000,2026-09-30,,,,,,,,
1790735220,230.0,230.0,230.0,230.0,600,2026-09-30,,,,,,,,
1790735280,230.0,230.0,229.9,229.9,2100,2026-09-30,,,,,,,,
1790735340,230.0,230.1,230.0,230.1,2700,2026-09-30,,,,,,,,
1790735400,230.0,231.0,230.0,231.0,7400,2026-09-30,,,,,,,,
1790735460,231.0,231.0,231.0,231.0,600,2026-09-30,,,,,,,,
1790735520,230.7,230.7,230.7,230.7,100,2026-09-30,,,,,,,,
1790735580,230.7,231.0,230.7,231.0,1700,2026-09-30,,,,,,,,
1790735640,230.8,230.8,230.5,230.5,3800,2026-09-30,,,,,,,,
1790735700,230.5,230.6,230.5,230.6,300,2026-09-30,,,,,,,,
1790735760,230.5,230.5,230.3,230.3,1100,2026-09-30,,,,,,,,
1790735820,230.3,230.3,230.2,230.2,500,2026-09-30,,,,,,,,
1790735880,230.3,230.3,230.2,230.2,1000,2026-09-30,,,,,,,,
1790735940,230.2,230.3,230.2,230.3,600,2026-09-30,,,,,,,,
1790736000,230.2,230.4,230.2,230.4,2500,2026-09-30,,,,,,,,
1790736060,230.3,230.5,230.3,230.5,6600,2026-09-30,,,,,,,,
1790736120,230.5,230.5,230.5,230.5,500,2026-09-30,,,,,,,,
1790736180,230.6,230.7,230.6,230.7,1300,2026-09-30,,,,,,,,
1790736240,230.7,230.8,230.6,230.7,3200,2026-09-30,,,,,,,,
1790736300,230.7,230.8,230.7,230.8,500,2026-09-30,,,,,,,,
1790736360,230.8,230.8,230.6,230.6,2200,2026-09-30,,,,,,,,
1790736420,230.5,230.6,230.0,230.0,6900,2026-09-30,,,,,,,,
1790736480,230.0,230.0,230.0,230.0,400,2026-09-30,,,,,,,,
1790736540,230.5,230.5,230.5,230.5,200,2026-09-30,,,,,,,,
1790736600,230.4,230.4,230.4,230.4,1000,2026-09-30,,,,,,,,
1790736660,230.2,230.3,230.2,230.2,2300,2026-09-30,,,,,,,,
1790736720,230.3,230.6,230.3,230.6,5200,2026-09-30,,,,,,,,
1790736840,230.6,230.6,230.5,230.5,600,2026-09-30,,,,,,,,
1790736900,230.6,230.9,230.2,230.2,4500,2026-09-30,,,,,,,,
1790736960,230.2,230.2,230.2,230.2,300,2026-09-30,,,,,,,,
1790737020,230.3,230.3,230.2,230.2,500,2026-09-30,,,,,,,,
1790737080,230.2,230.6,230.2,230.6,400,2026-09-30,,,,,,,,
1790737140,230.2,230.2,230.0,230.2,3600,2026-09-30,,,,,,,,
1790737200,230.0,230.0,230.0,230.0,4100,2026-09-30,,,,,,,,
1790737260,230.0,230.0,229.9,230.0,2900,2026-09-30,,,,,,,,
1790737320,230.0,230.0,230.0,230.0,200,2026-09-30,,,,,,,,
1790737380,229.9,230.0,229.9,230.0,3400,2026-09-30,,,,,,,,
1790737440,230.0,230.0,230.0,230.0,6900,2026-09-30,,,,,,,,
1790737500,230.0,230.9,230.0,230.0,8100,2026-09-30,,,,,,,,
1790737560,230.0,230.0,230.0,230.0,1800,2026-09-30,,,,,,,,
1790737620,230.0,230.0,230.0,230.0,5800,2026-09-30,,,,,,,,
1790737680,230.0,230.0,230.0,230.0,1500,2026-09-30,,,,,,,,
1790737740,230.0,230.0,230.0,230.0,3600,2026-09-30,,,,,,,,
1790737800,230.0,230.0,230.0,230.0,400,2026-09-30,,,,,,,,
1790737860,230.0,230.6,230.0,230.6,6400,2026-09-30,,,,,,,,
1790737980,230.5,230.5,230.1,230.1,1200,2026-09-30,,,,,,,,
1790738040,230.1,230.1,230.1,230.1,1300,2026-09-30,,,,,,,,
1790738100,230.0,230.0,230.0,230.0,5800,2026-09-30,,,,,,,,
1790738160,230.0,230.0,230.0,230.0,200,2026-09-30,,,,,,,,
1790738220,229.9,229.9,229.9,229.9,3400,2026-09-30,,,,,,,,
1790738280,229.9,229.9,229.8,229.8,2100,2026-09-30,,,,,,,,
1790738340,229.9,229.9,229.8,229.9,4800,2026-09-30,,,,,,,,
1790738400,229.8,229.8,229.7,229.7,5600,2026-09-30,,,,,,,,
1790738460,229.7,229.7,229.6,229.6,2300,2026-09-30,,,,,,,,
1790738520,229.6,229.7,229.6,229.6,1700,2026-09-30,,,,,,,,
1790738580,229.7,229.7,229.5,229.7,11100,2026-09-30,,,,,,,,
1790738640,229.7,229.7,229.7,229.7,200,2026-09-30,,,,,,,,
1790738700,229.7,229.7,229.6,229.6,1400,2026-09-30,,,,,,,,
1790738760,229.6,229.7,229.5,229.5,10700,2026-09-30,,,,,,,,
1790738820,229.5,229.5,229.5,229.5,5900,2026-09-30,,,,,,,,
1790738880,229.5,229.6,229.2,229.2,5100,2026-09-30,,,,,,,,
1790738940,229.2,229.3,229.0,229.0,19900,2026-09-30,,,,,,,,
1790739000,229.0,229.0,228.7,228.7,4400,2026-09-30,,,,,,,,
1790739060,228.6,228.6,228.3,228.3,4600,2026-09-30,,,,,,,,
1790739120,228.3,228.4,228.2,228.3,5900,2026-09-30,,,,,,,,
1790739180,228.3,228.3,228.3,228.3,3700,2026-09-30,,,,,,,,
1790739240,228.3,228.8,228.3,228.8,6400,2026-09-30,,,,,,,,
1790739300,228.8,229.2,228.8,229.2,16000,2026-09-30,,,,,,,,
1790739360,229.2,229.3,229.2,229.3,2300,2026-09-30,,,,,,,,
1790739420,229.3,229.3,229.2,229.2,200,2026-09-30,,,,,,,,
1790739480,229.2,229.3,229.2,229.2,2500,2026-09-30,,,,,,,,
1790739540,229.2,229.3,229.2,229.3,1600,2026-09-30,,,,,,,,
1790739600,229.3,229.3,229.3,229.3,1300,2026-09-30,,,,,,,,
1790739660,229.2,229.2,229.2,229.2,3000,2026-09-30,,,,,,,,
1790739720,229.2,229.3,229.1,229.3,3400,2026-09-30,,,,,,,,
1790739780,229.3,229.3,229.1,229.3,1500,2026-09-30,,,,,,,,
1790739840,229.3,229.3,229.1,229.1,300,2026-09-30,,,,,,,,
1790739900,229.1,229.1,229.1,229.1,6900,2026-09-30,,,,,,,,
1790739960,229.1,229.1,229.0,229.0,2300,2026-09-30,,,,,,,,
1790740020,229.0,229.0,228.9,228.9,3200,2026-09-30,,,,,,,,
1790740080,228.9,228.9,228.8,228.8,5500,2026-09-30,,,,,,,,
1790740140,228.8,228.9,228.8,228.9,2100,2026-09-30,,,,,,,,
1790740200,228.8,228.9,228.8,228.9,2000,2026-09-30,,,,,,,,
1790740260,228.9,228.9,228.8,228.8,2200,2026-09-30,,,,,,,,
1790740320,228.8,228.8,228.8,228.8,4600,2026-09-30,,,,,,,,
1790740380,228.7,228.8,228.7,228.7,900,2026-09-30,,,,,,,,
1790740440,228.7,228.7,228.7,228.7,400,2026-09-30,,,,,,,,
1790740500,228.7,228.8,228.7,228.8,2200,2026-09-30,,,,,,,,
1790740560,228.8,228.9,228.8,228.9,3800,2026-09-30,,,,,,,,
1790740620,228.8,229.0,228.8,229.0,2300,2026-09-30,,,,,,,,
1790740680,229.0,229.1,229.0,229.1,1100,2026-09-30,,,,,,,,
1790740740,229.3,229.3,229.3,229.3,5000,2026-09-30,,,,,,,,
1790740800,229.3,229.3,229.0,229.0,600,2026-09-30,,,,,,,,
1790740860,229.0,229.3,229.0,229.3,4500,2026-09-30,,,,,,,,
1790740920,229.2,229.3,229.0,229.0,2400,2026-09-30,,,,,,,,
1790740980,229.3,229.3,229.3,229.3,200,2026-09-30,,,,,,,,
1790741040,229.1,229.1,228.9,228.9,4600,2026-09-30,,,,,,,,
1790741100,228.9,229.0,228.9,229.0,1700,2026-09-30,,,,,,,,
1790741160,229.0,229.0,228.9,228.9,2700,2026-09-30,,,,,,,,
1790741220,228.9,228.9,228.9,228.9,1100,2026-09-30,,,,,,,,
1790741280,228.9,228.9,228.9,228.9,3100,2026-09-30,,,,,,,,
1790741340,229.0,229.1,229.0,229.0,4500,2026-09-30,,,,,,,,
1790741400,228.9,229.6,228.8,229.6,6700,2026-09-30,,,,,,,,
1790741460,229.6,229.7,229.3,229.3,600,2026-09-30,,,,,,,,
1790741520,229.3,229.3,229.1,229.1,1100,2026-09-30,,,,,,,,
1790741580,229.1,229.1,229.0,229.0,1900,2026-09-30,,,,,,,,
1790741640,229.0,229.3,229.0,229.3,1900,2026-09-30,,,,,,,,
1790741700,229.0,229.0,228.9,228.9,400,2026-09-30,,,,,,,,
1790741760,228.9,229.0,228.9,228.9,2100,2026-09-30,,,,,,,,
1790741820,228.9,229.0,228.8,228.8,4400,2026-09-30,,,,,,,,
1790741880,228.8,229.0,228.8,229.0,1500,2026-09-30,,,,,,,,
1790741940,229.0,229.0,228.8,229.0,1200,2026-09-30,,,,,,,,
1790742000,228.8,229.0,228.8,228.8,2700,2026-09-30,,,,,,,,
1790742060,228.8,229.0,228.8,229.0,1800,2026-09-30,,,,,,,,
1790742120,229.0,229.0,228.8,228.8,1000,2026-09-30,,,,,,,,
1790742180,228.8,229.0,228.8,229.0,1000,2026-09-30,,,,,,,,
1790742240,228.8,228.9,228.8,228.8,2200,2026-09-30,,,,,,,,
1790742300,228.8,229.0,228.8,228.9,1800,2026-09-30,,,,,,,,
1790742360,228.9,228.9,228.8,228.8,1400,2026-09-30,,,,,,,,
1790742420,228.8,228.8,228.7,228.7,4200,2026-09-30,,,,,,,,
1790742480,228.7,228.9,228.7,228.9,1100,2026-09-30,,,,,,,,
1790742540,228.9,229.0,228.9,228.9,1600,2026-09-30,,,,,,,,
1790748000,228.9,229.0,228.8,229.0,8200,2026-09-30,,,,,,,,
1790748060,229.0,229.3,229.0,229.3,14200,2026-09-30,,,,,,,,
1790748120,229.3,229.3,228.8,229.3,5400,2026-09-30,,,,,,,,
1790748180,228.9,228.9,228.8,228.8,1000,2026-09-30,,,,,,,,
1790748240,228.8,228.9,228.8,228.8,1700,2026-09-30,,,,,,,,
1790748300,228.8,228.9,228.8,228.8,3900,2026-09-30,,,,,,,,
1790748360,228.8,228.8,228.7,228.8,3500,2026-09-30,,,,,,,,
1790748420,228.9,228.9,228.8,228.9,3100,2026-09-30,,,,,,,,
1790748480,228.8,228.9,228.8,228.9,1700,2026-09-30,,,,,,,,
1790748540,228.8,229.0,228.8,229.0,6700,2026-09-30,,,,,,,,
1790748600,229.0,229.0,228.7,228.7,5000,2026-09-30,,,,,,,,
1790748660,228.7,228.8,228.7,228.7,2400,2026-09-30,,,,,,,,
1790748720,228.7,228.8,228.7,228.7,2600,2026-09-30,,,,,,,,
1790748780,228.8,228.8,228.7,228.8,5200,2026-09-30,,,,,,,,
1790748840,228.8,228.8,228.7,228.8,4200,2026-09-30,,,,,,,,
1790748900,228.8,228.8,228.8,228.8,900,2026-09-30,,,,,,,,
1790748960,228.8,229.0,228.7,229.0,5600,2026-09-30,,,,,,,,
1790749020,229.0,229.0,229.0,229.0,1800,2026-09-30,,,,,,,,
1790749080,229.0,229.0,229.0,229.0,3900,2026-09-30,,,,,,,,
1790749140,229.0,229.2,229.0,229.2,3800,2026-09-30,,,,,,,,
1790749200,229.0,229.0,229.0,229.0,700,2026-09-30,,,,,,,,
1790749260,228.9,229.0,228.9,228.9,700,2026-09-30,,,,,,,,
1790749320,228.9,228.9,228.9,228.9,1100,2026-09-30,,,,,,,,
1790749380,228.9,229.1,228.9,229.0,4500,2026-09-30,,,,,,,,
1790749440,229.0,229.1,229.0,229.0,3700,2026-09-30,,,,,,,,
1790749500,229.0,229.1,229.0,229.0,6700,2026-09-30,,,,,,,,
1790749560,229.0,229.1,229.0,229.1,4400,2026-09-30,,,,,,,,
1790749620,229.1,229.1,229.0,229.0,2000,2026-09-30,,,,,,,,
1790749680,229.0,229.0,229.0,229.0,2100,2026-09-30,,,,,,,,
1790749740,229.0,229.1,229.0,229.0,5000,2026-09-30,,,,,,,,
1790749800,229.1,229.1,229.0,229.0,900,2026-09-30,,,,,,,,
1790749860,229.0,229.1,229.0,229.0,1700,2026-09-30,,,,,,,,
1790749920,229.1,230.2,229.1,230.2,59600,2026-09-30,,,,,,,,
1790749980,230.2,230.2,229.2,230.1,45500,2026-09-30,,,,,,,,
1790750040,230.0,230.1,230.0,230.0,6100,2026-09-30,,,,,,,,
1790750100,230.0,230.1,229.3,229.3,7600,2026-09-30,,,,,,,,
1790750160,229.3,229.5,229.3,229.5,5800,2026-09-30,,,,,,,,
1790750220,229.5,229.6,229.5,229.6,3700,2026-09-30,,,,,,,,
1790750280,229.5,229.6,229.5,229.5,5800,2026-09-30,,,,,,,,
1790750340,229.5,229.6,229.5,229.5,7700,2026-09-30,,,,,,,,
1790750400,229.6,229.6,229.4,229.5,16600,2026-09-30,,,,,,,,
1790750460,229.4,229.4,229.3,229.3,3200,2026-09-30,,,,,,,,
1790750520,229.3,229.3,229.2,229.2,1800,2026-09-30,,,,,,,,
1790750580,229.2,229.3,229.1,229.1,3600,2026-09-30,,,,,,,,
1790750640,229.1,229.2,229.1,229.2,6200,2026-09-30,,,,,,,,
1790750700,229.2,229.3,229.1,229.1,5400,2026-09-30,,,,,,,,
1790750760,229.1,229.1,229.0,229.1,4400,2026-09-30,,,,,,,,
1790750820,229.0,229.1,229.0,229.0,4400,2026-09-30,,,,,,,,
1790750880,229.0,229.1,229.0,229.1,2500,2026-09-30,,,,,,,,
1790750940,229.0,229.1,228.9,228.9,15600,2026-09-30,,,,,,,,
1790751000,228.9,229.0,228.9,228.9,6100,2026-09-30,,,,,,,,
1790751060,229.0,229.0,228.7,228.7,14200,2026-09-30,,,,,,,,
1790751120,228.7,228.8,228.7,228.8,8600,2026-09-30,,,,,,,,
1790751180,228.8,228.8,228.7,228.7,6200,2026-09-30,,,,,,,,
1790751240,228.6,229.0,228.6,228.7,6700,2026-09-30,,,,,,,,
1790751300,228.7,228.8,228.7,228.8,3200,2026-09-30,,,,,,,,
1790751360,228.7,228.8,228.7,228.7,2500,2026-09-30,,,,,,,,
1790751420,228.7,228.8,228.7,228.8,3000,2026-09-30,,,,,,,,
1790751480,228.8,228.8,228.7,228.7,11500,2026-09-30,,,,,,,,
1790751540,228.7,228.8,228.6,228.8,5600,2026-09-30,,,,,,,,
1790751600,228.6,229.0,228.6,228.9,2900,2026-09-30,,,,,,,,
1790751660,228.8,228.8,228.8,228.8,5800,2026-09-30,,,,,,,,
1790751720,228.8,228.8,228.8,228.8,4200,2026-09-30,,,,,,,,
1790751780,228.8,228.8,228.7,228.7,8800,2026-09-30,,,,,,,,
1790751840,228.7,228.7,228.6,228.6,6000,2026-09-30,,,,,,,,
1790751900,228.6,228.6,228.6,228.6,3800,2026-09-30,,,,,,,,
1790751960,228.6,228.6,228.5,228.5,7800,2026-09-30,,,,,,,,
1790752020,228.5,228.6,228.5,228.6,9600,2026-09-30,,,,,,,,
1790752080,228.6,228.7,228.6,228.6,8900,2026-09-30,,,,,,,,
1790752140,228.7,228.7,228.5,228.5,4800,2026-09-30,,,,,,,,
1790752200,228.5,228.7,228.5,228.6,5900,2026-09-30,,,,,,,,
1790752260,228.5,228.5,228.5,228.5,3600,2026-09-30,,,,,,,,
1790752320,228.5,228.6,228.5,228.5,3800,2026-09-30,,,,,,,,
1790752380,228.6,228.6,228.5,228.5,15500,2026-09-30,,,,,,,,
1790752440,228.4,228.5,228.4,228.4,3300,2026-09-30,,,,,,,,
1790752500,228.4,228.5,228.2,228.2,49500,2026-09-30,,,,,,,,
1790752560,228.2,228.4,228.2,228.2,7600,2026-09-30,,,,,,,,
1790752620,228.2,228.3,228.2,228.3,5800,2026-09-30,,,,,,,,
1790752680,228.3,228.3,228.2,228.2,7200,2026-09-30,,,,,,,,
1790752740,228.2,228.3,228.2,228.3,4900,2026-09-30,,,,,,,,
1790752800,228.3,228.3,228.1,228.1,13600,2026-09-30,,,,,,,,
1790752860,228.2,228.3,228.1,228.1,7100,2026-09-30,,,,,,,,
1790752920,228.1,228.2,228.1,228.1,22400,2026-09-30,,,,,,,,
1790752980,228.1,228.2,227.9,227.9,44400,2026-09-30,,,,,,,,
1790753040,228.0,228.0,227.7,227.7,11700,2026-09-30,,,,,,,,
1790753100,227.7,227.8,227.5,227.7,15100,2026-09-30,,,,,,,,
1790753160,227.7,227.9,227.6,227.8,13500,2026-09-30,,,,,,,,
1790753220,227.8,228.0,227.7,227.9,7300,2026-09-30,,,,,,,,
1790753280,227.8,228.2,227.8,228.0,8500,2026-09-30,,,,,,,,
1790753340,228.1,228.1,227.8,227.9,13900,2026-09-30,,,,,,,,
1790754300,227.9,227.9,227.9,227.9,435800,2026-09-30,,,,,,,,
1790820900,226.9,227.7,226.1,226.2,23200,2026-10-01,,,,,,,,
1790820960,226.6,226.6,226.1,226.4,6400,2026-10-01,,,,,,,,
1790821020,226.1,226.3,226.1,226.3,700,2026-10-01,,,,,,,,
1790821080,226.2,226.3,226.2,226.3,2400,2026-10-01,,,,,,,,
1790821140,226.3,226.3,226.2,226.3,5500,2026-10-01,,,,,,,,
1790821200,226.2,226.3,226.1,226.1,9500,2026-10-01,,,,,,,,
1790821260,226.1,226.3,225.7,226.1,31800,2026-10-01,,,,,,,,
1790821320,226.2,226.2,225.7,226.0,3000,2026-10-01,,,,,,,,
1790821380,226.0,226.0,225.6,225.6,9200,2026-10-01,,,,,,,,
1790821440,225.6,225.6,225.2,225.2,34900,2026-10-01,,,,,,,,
1790821500,225.2,225.4,225.0,225.2,36000,2026-10-01,,,,,,,,
1790821560,225.0,225.0,224.4,224.4,13700,2026-10-01,,,,,,,,
1790821620,224.4,224.4,223.9,223.9,15800,2026-10-01,,,,,,,,
1790821680,224.0,224.1,223.9,224.0,5100,2026-10-01,,,,,,,,
1790821740,224.0,224.3,223.9,224.3,30100,2026-10-01,,,,,,,,
1790821800,224.2,225.0,224.2,224.9,29500,2026-10-01,,,,,,,,
1790821860,224.9,225.0,224.7,225.0,11100,2026-10-01,,,,,,,,
1790821920,225.0,225.0,224.9,225.0,12700,2026-10-01,,,,,,,,
1790821980,225.0,225.0,224.9,224.9,3400,2026-10-01,,,,,,,,
1790822040,224.8,224.9,224.7,224.7,1900,2026-10-01,,,,,,,,
1790822100,224.6,224.6,224.3,224.3,13600,2026-10-01,,,,,,,,
1790822160,224.3,224.3,224.1,224.3,11100,2026-10-01,,,,,,,,
1790822220,224.2,224.3,223.9,223.9,62800,2026-10-01,,,,,,,,
1790822280,223.9,224.0,223.8,223.8,22000,2026-10-01,,,,,,,,
1790822340,223.8,223.8,223.4,223.5,20100,2026-10-01,,,,,,,,
1790822400,223.4,223.4,223.0,223.1,18200,2026-10-01,,,,,,,,
1790822460,223.0,223.1,223.0,223.1,27900,2026-10-01,,,,,,,,
1790822520,223.1,223.1,222.9,222.9,23400,2026-10-01,,,,,,,,
1790822580,222.8,222.9,222.6,222.7,25500,2026-10-01,,,,,,,,
1790822640,222.6,222.6,222.4,222.5,17800,2026-10-01,,,,,,,,
1790822700,222.5,222.5,222.3,222.5,18400,2026-10-01,,,,,,,,
1790822760,222.5,223.1,222.4,223.0,15800,2026-10-01,,,,,,,,
1790822820,223.1,223.5,223.0,223.1,5600,2026-10-01,,,,,,,,
1790822880,223.1,223.3,223.0,223.3,4200,2026-10-01,,,,,,,,
1790822940,223.2,223.5,223.2,223.4,7900,2026-10-01,,,,,,,,
1790823000,223.3,223.6,223.3,223.6,10400,2026-10-01,,,,,,,,
1790823060,223.6,223.8,223.6,223.7,7400,2026-10-01,,,,,,,,
1790823120,223.6,224.1,223.6,224.1,8900,2026-10-01,,,,,,,,
1790823180,224.2,224.3,224.0,224.0,12400,2026-10-01,,,,,,,,
1790823240,224.0,224.1,223.9,224.0,2800,2026-10-01,,,,,,,,
1790823300,224.0,224.0,223.9,224.0,3400,2026-10-01,,,,,,,,
1790823360,223.9,224.0,223.9,223.9,8700,2026-10-01,,,,,,,,
1790823420,223.9,223.9,223.8,223.9,2700,2026-10-01,,,,,,,,
1790823480,223.9,223.9,223.6,223.6,11600,2026-10-01,,,,,,,,
1790823540,223.6,223.7,223.4,223.5,5100,2026-10-01,,,,,,,,
1790823600,223.4,223.6,223.4,223.5,2700,2026-10-01,,,,,,,,
1790823660,223.5,223.6,223.5,223.6,4000,2026-10-01,,,,,,,,
1790823720,223.6,223.6,223.4,223.4,4500,2026-10-01,,,,,,,,
1790823780,223.4,223.4,223.3,223.3,2100,2026-10-01,,,,,,,,
1790823840,223.3,223.3,223.2,223.2,4800,2026-10-01,,,,,,,,
1790823900,223.2,223.3,223.1,223.3,3400,2026-10-01,,,,,,,,
1790823960,223.3,223.3,223.1,223.3,4800,2026-10-01,,,,,,,,
1790824020,223.3,223.3,223.2,223.3,2100,2026-10-01,,,,,,,,
1790824080,223.4,223.4,223.3,223.4,1800,2026-10-01,,,,,,,,
1790824140,223.4,223.4,223.2,223.2,4300,2026-10-01,,,,,,,,
1790824200,223.2,223.4,223.2,223.4,2100,2026-10-01,,,,,,,,
1790824260,223.4,223.5,223.3,223.5,5800,2026-10-01,,,,,,,,
1790824320,223.5,223.5,223.4,223.5,6300,2026-10-01,,,,,,,,
1790824380,223.5,223.6,223.4,223.6,4800,2026-10-01,,,,,,,,
1790824440,223.6,223.6,223.5,223.6,3300,2026-10-01,,,,,,,,
1790824500,223.6,223.8,223.5,223.6,5800,2026-10-01,,,,,,,,
1790824560,223.6,223.9,223.6,223.9,8600,2026-10-01,,,,,,,,
1790824620,223.9,224.1,223.9,224.1,20400,2026-10-01,,,,,,,,
1790824680,224.1,224.6,224.0,224.1,21800,2026-10-01,,,,,,,,
1790824740,224.0,224.1,223.9,224.1,6700,2026-10-01,,,,,,,,
1790824800,224.0,224.1,224.0,224.1,6600,2026-10-01,,,,,,,,
1790824860,224.0,224.4,223.9,224.4,3800,2026-10-01,,,,,,,,
1790824920,224.4,224.4,223.9,224.4,4500,2026-10-01,,,,,,,,
1790824980,224.4,224.5,224.2,224.4,7200,2026-10-01,,,,,,,,
1790825040,224.4,224.5,224.4,224.5,4200,2026-10-01,,,,,,,,
1790825100,224.5,224.5,224.4,224.4,3600,2026-10-01,,,,,,,,
1790825160,224.3,224.5,224.1,224.1,6400,2026-10-01,,,,,,,,
1790825220,224.1,224.4,223.9,224.3,7500,2026-10-01,,,,,,,,
1790825280,224.0,224.4,224.0,224.4,2800,2026-10-01,,,,,,,,
1790825340,224.4,224.5,224.3,224.3,8000,2026-10-01,,,,,,,,
1790825400,224.3,224.4,224.3,224.3,2000,2026-10-01,,,,,,,,
1790825460,224.3,224.4,224.0,224.3,16900,2026-10-01,,,,,,,,
1790825520,224.3,224.4,224.0,224.3,4800,2026-10-01,,,,,,,,
1790825580,224.3,224.3,224.1,224.1,1900,2026-10-01,,,,,,,,
1790825640,224.1,224.1,224.0,224.0,2000,2026-10-01,,,,,,,,
1790825700,224.0,224.1,224.0,224.1,3800,2026-10-01,,,,,,,,
1790825760,224.0,224.1,224.0,224.0,4300,2026-10-01,,,,,,,,
1790825820,224.0,224.0,223.9,224.0,1800,2026-10-01,,,,,,,,
1790825880,223.9,223.9,223.7,223.7,3400,2026-10-01,,,,,,,,
1790825940,223.7,223.7,223.6,223.6,1900,2026-10-01,,,,,,,,
1790826000,223.6,223.6,223.5,223.5,3500,2026-10-01,,,,,,,,
1790826060,223.5,223.5,223.4,223.4,6300,2026-10-01,,,,,,,,
1790826120,223.4,223.6,223.4,223.6,2800,2026-10-01,,,,,,,,
1790826180,223.6,223.6,223.3,223.3,5800,2026-10-01,,,,,,,,
1790826240,223.3,223.6,223.2,223.2,6300,2026-10-01,,,,,,,,
1790826300,223.2,223.5,223.1,223.2,8500,2026-10-01,,,,,,,,
1790826360,223.4,223.4,223.1,223.1,5400,2026-10-01,,,,,,,,
1790826420,223.1,223.4,223.0,223.0,29500,2026-10-01,,,,,,,,
1790826480,223.0,223.4,222.8,222.9,8500,2026-10-01,,,,,,,,
1790826540,222.8,222.9,222.7,222.8,1600,2026-10-01,,,,,,,,
1790826600,222.8,222.9,222.8,222.9,2000,2026-10-01,,,,,,,,
1790826660,222.8,222.9,222.8,222.9,2400,2026-10-01,,,,,,,,
1790826720,222.9,223.0,222.9,223.0,5800,2026-10-01,,,,,,,,
1790826780,223.0,223.0,222.8,222.9,11700,2026-10-01,,,,,,,,
1790826840,222.9,223.0,222.8,223.0,29100,2026-10-01,,,,,,,,
1790826900,223.0,223.0,222.8,222.8,6400,2026-10-01,,,,,,,,
1790826960,222.8,222.9,222.8,222.9,4300,2026-10-01,,,,,,,,
1790827020,222.9,222.9,222.8,222.8,5000,2026-10-01,,,,,,,,
1790827080,222.8,222.9,222.8,222.8,8600,2026-10-01,,,,,,,,
1790827140,222.8,222.9,222.7,222.9,6500,2026-10-01,,,,,,,,
1790827200,222.9,222.9,222.8,222.8,6200,2026-10-01,,,,,,,,
1790827260,222.8,222.9,222.8,222.8,4600,2026-10-01,,,,,,,,
1790827320,222.8,222.8,222.7,222.7,6300,2026-10-01,,,,,,,,
1790827380,222.7,222.8,222.6,222.6,13200,2026-10-01,,,,,,,,
1790827440,222.6,222.7,222.6,222.7,2800,2026-10-01,,,,,,,,
1790827500,222.6,222.6,222.5,222.6,14600,2026-10-01,,,,,,,,
1790827560,222.5,222.6,222.5,222.6,4000,2026-10-01,,,,,,,,
1790827620,222.6,222.6,222.5,222.6,6100,2026-10-01,,,,,,,,
1790827680,222.6,222.6,222.4,222.4,17500,2026-10-01,,,,,,,,
1790827740,222.4,222.5,222.3,222.3,12300,2026-10-01,,,,,,,,
1790827800,222.3,222.5,222.3,222.4,2400,2026-10-01,,,,,,,,
1790827860,222.3,222.4,222.3,222.4,6500,2026-10-01,,,,,,,,
1790827920,222.4,222.4,222.3,222.4,4700,2026-10-01,,,,,,,,
1790827980,222.4,222.4,222.3,222.4,5900,2026-10-01,,,,,,,,
1790828040,222.4,222.4,222.3,222.4,5200,2026-10-01,,,,,,,,
1790828100,222.3,222.5,222.3,222.5,4400,2026-10-01,,,,,,,,
1790828160,222.4,222.4,222.3,222.4,8800,2026-10-01,,,,,,,,
1790828220,222.4,222.5,222.4,222.5,1700,2026-10-01,,,,,,,,
1790828280,222.5,222.5,222.4,222.5,5600,2026-10-01,,,,,,,,
1790828340,222.4,222.5,222.4,222.4,6600,2026-10-01,,,,,,,,
1790828400,222.4,222.5,222.3,222.4,6200,2026-10-01,,,,,,,,
1790828460,222.3,222.4,222.3,222.4,4200,2026-10-01,,,,,,,,
1790828520,222.4,222.4,222.3,222.4,3500,2026-10-01,,,,,,,,
1790828580,222.3,222.4,222.3,222.4,5100,2026-10-01,,,,,,,,
1790828640,222.4,222.4,222.3,222.3,4200,2026-10-01,,,,,,,,
1790828700,222.4,222.5,222.4,222.4,13300,2026-10-01,,,,,,,,
1790828760,222.5,222.6,222.4,222.5,4300,2026-10-01,,,,,,,,
1790828820,222.5,222.5,222.4,222.5,3700,2026-10-01,,,,,,,,
1790828880,222.5,222.6,222.5,222.6,4400,2026-10-01,,,,,,,,
1790828940,222.7,222.8,222.6,222.8,4200,2026-10-01,,,,,,,,
1790834400,222.9,223.4,222.7,223.3,11400,2026-10-01,,,,,,,,
1790834460,223.4,223.4,223.0,223.0,2800,2026-10-01,,,,,,,,
1790834520,223.0,223.4,222.9,223.0,5100,2026-10-01,,,,,,,,
1790834580,223.5,224.0,223.3,223.3,6800,2026-10-01,,,,,,,,
1790834640,223.9,223.9,223.0,223.0,3300,2026-10-01,,,,,,,,
1790834700,223.1,223.1,223.0,223.1,1700,2026-10-01,,,,,,,,
1790834760,223.1,223.8,223.1,223.3,1000,2026-10-01,,,,,,,,
1790834820,223.6,223.8,223.3,223.8,4500,2026-10-01,,,,,,,,
1790834880,223.8,223.8,223.3,223.4,2200,2026-10-01,,,,,,,,
1790834940,223.4,223.8,223.3,223.4,2200,2026-10-01,,,,,,,,
1790835000,223.4,223.6,223.3,223.3,3400,2026-10-01,,,,,,,,
1790835060,223.6,223.6,223.4,223.4,2900,2026-10-01,,,,,,,,
1790835120,223.4,223.6,223.3,223.4,5200,2026-10-01,,,,,,,,
1790835180,223.4,223.6,223.3,223.3,1800,2026-10-01,,,,,,,,
1790835240,223.4,223.4,223.1,223.3,3100,2026-10-01,,,,,,,,
1790835300,223.2,223.3,223.0,223.2,4400,2026-10-01,,,,,,,,
1790835360,223.2,223.6,223.2,223.6,9700,2026-10-01,,,,,,,,
1790835420,223.7,223.8,223.5,223.5,6200,2026-10-01,,,,,,,,
1790835480,223.5,223.7,223.5,223.6,13000,2026-10-01,,,,,,,,
1790835540,223.6,223.6,223.5,223.5,7400,2026-10-01,,,,,,,,
1790835600,223.5,223.5,223.2,223.2,7600,2026-10-01,,,,,,,,
1790835660,223.2,223.3,223.1,223.2,3400,2026-10-01,,,,,,,,
1790835720,223.2,223.2,223.0,223.0,8800,2026-10-01,,,,,,,,
1790835780,222.9,223.0,222.8,222.8,3300,2026-10-01,,,,,,,,
1790835840,222.8,222.9,222.7,222.7,4900,2026-10-01,,,,,,,,
1790835900,222.8,222.8,222.6,222.6,5300,2026-10-01,,,,,,,,
1790835960,222.6,222.9,222.6,222.9,7000,2026-10-01,,,,,,,,
1790836020,222.8,223.0,222.8,222.9,18600,2026-10-01,,,,,,,,
1790836080,222.9,222.9,222.8,222.8,10100,2026-10-01,,,,,,,,
1790836140,222.8,222.9,222.7,222.9,2900,2026-10-01,,,,,,,,
1790836200,222.7,222.9,222.7,222.7,2400,2026-10-01,,,,,,,,
1790836260,222.7,222.8,222.7,222.7,4400,2026-10-01,,,,,,,,
1790836320,222.7,222.8,222.7,222.8,2800,2026-10-01,,,,,,,,
1790836380,222.7,222.8,222.6,222.7,6900,2026-10-01,,,,,,,,
1790836440,222.7,222.7,222.5,222.5,14600,2026-10-01,,,,,,,,
1790836500,222.6,222.6,222.5,222.5,5400,2026-10-01,,,,,,,,
1790836560,222.5,222.5,222.4,222.5,11700,2026-10-01,,,,,,,,
1790836620,222.5,222.5,222.4,222.4,17300,2026-10-01,,,,,,,,
1790836680,222.4,222.5,222.2,222.4,37800,2026-10-01,,,,,,,,
1790836740,222.3,222.4,222.2,222.3,19000,2026-10-01,,,,,,,,
1790836800,222.2,222.4,222.1,222.1,11700,2026-10-01,,,,,,,,
1790836860,222.1,222.2,222.1,222.1,6800,2026-10-01,,,,,,,,
1790836920,222.1,222.2,222.1,222.1,5800,2026-10-01,,,,,,,,
1790836980,222.1,222.2,222.1,222.1,26300,2026-10-01,,,,,,,,
1790837040,222.1,222.2,222.0,222.1,22600,2026-10-01,,,,,,,,
1790837100,222.1,222.3,222.0,222.1,10600,2026-10-01,,,,,,,,
1790837160,222.1,222.1,221.9,221.9,96800,2026-10-01,,,,,,,,
1790837220,221.9,221.9,221.7,221.7,18500,2026-10-01,,,,,,,,
1790837280,221.7,221.7,221.4,221.4,26700,2026-10-01,,,,,,,,
1790837340,221.5,221.7,221.4,221.7,12300,2026-10-01,,,,,,,,
1790837400,221.5,222.0,221.5,222.0,14100,2026-10-01,,,,,,,,
1790837460,221.9,222.0,221.9,222.0,13300,2026-10-01,,,,,,,,
1790837520,222.0,222.0,221.9,222.0,22600,2026-10-01,,,,,,,,
1790837580,222.0,222.0,221.9,222.0,2500,2026-10-01,,,,,,,,
1790837640,222.0,222.0,221.9,222.0,21800,2026-10-01,,,,,,,,
1790837700,221.9,222.0,221.9,222.0,2700,2026-10-01,,,,,,,,
1790837760,221.9,222.0,221.9,221.9,13400,2026-10-01,,,,,,,,
1790837820,221.9,221.9,221.6,221.7,8300,2026-10-01,,,,,,,,
1790837880,221.6,221.7,221.5,221.7,2700,2026-10-01,,,,,,,,
1790837940,221.5,221.7,221.3,221.4,29000,2026-10-01,,,,,,,,
1790838000,221.3,221.3,221.0,221.3,39600,2026-10-01,,,,,,,,
1790838060,221.2,221.2,220.7,220.7,19700,2026-10-01,,,,,,,,
1790838120,220.7,220.8,220.4,220.4,47700,2026-10-01,,,,,,,,
1790838180,220.4,220.4,220.0,220.1,113900,2026-10-01,,,,,,,,
1790838240,220.1,220.2,219.7,219.7,20200,2026-10-01,,,,,,,,
1790838300,219.9,220.0,219.8,220.0,9400,2026-10-01,,,,,,,,
1790838360,220.0,220.0,219.9,220.0,19200,2026-10-01,,,,,,,,
1790838420,220.0,221.0,219.9,221.0,83500,2026-10-01,,,,,,,,
1790838480,221.0,221.1,220.4,221.0,30400,2026-10-01,,,,,,,,
1790838540,221.0,221.0,220.6,220.8,16700,2026-10-01,,,,,,,,
1790838600,221.0,221.1,220.8,221.0,7000,2026-10-01,,,,,,,,
1790838660,221.0,221.1,220.8,220.9,14500,2026-10-01,,,,,,,,
1790838720,220.9,221.0,220.6,220.8,16700,2026-10-01,,,,,,,,
1790838780,220.7,220.8,220.6,220.6,7400,2026-10-01,,,,,,,,
1790838840,220.7,220.7,219.9,220.0,48800,2026-10-01,,,,,,,,
1790838900,220.0,220.3,219.9,219.9,14700,2026-10-01,,,,,,,,
1790838960,219.9,220.1,219.8,220.0,45500,2026-10-01,,,,,,,,
1790839020,220.0,220.1,219.9,220.0,14300,2026-10-01,,,,,,,,
1790839080,220.0,220.0,219.9,220.0,12500,2026-10-01,,,,,,,,
1790839140,220.0,220.0,219.9,220.0,37300,2026-10-01,,,,,,,,
1790839200,220.0,220.1,219.8,220.0,44300,2026-10-01,,,,,,,,
1790839260,220.0,220.1,219.9,220.0,55100,2026-10-01,,,,,,,,
1790839320,220.0,220.1,219.9,220.0,57300,2026-10-01,,,,,,,,
1790839380,220.0,220.1,219.9,220.1,81200,2026-10-01,,,,,,,,
1790839440,220.0,220.1,219.9,220.0,59700,2026-10-01,,,,,,,,
1790839500,220.1,220.1,220.0,220.1,22100,2026-10-01,,,,,,,,
1790839560,220.0,220.3,220.0,220.3,45900,2026-10-01,,,,,,,,
1790839620,220.3,220.6,220.3,220.5,32500,2026-10-01,,,,,,,,
1790839680,220.6,220.8,220.4,220.8,37100,2026-10-01,,,,,,,,
1790839740,220.8,221.0,220.5,220.7,40100,2026-10-01,,,,,,,,
1790840700,220.0,220.0,220.0,220.0,1271500,2026-10-01,,,,,,,,
1790907300,218.5,219.0,218.0,218.5,22900,2026-10-02,,,,,,,,
1790907360,218.3,218.8,218.2,218.8,8500,2026-10-02,,,,,,,,
1790907420,218.9,219.7,218.9,219.7,8800,2026-10-02,,,,,,,,
1790907480,219.7,219.8,219.4,219.8,4500,2026-10-02,,,,,,,,
1790907540,219.8,219.8,219.6,219.8,3400,2026-10-02,,,,,,,,
1790907600,219.8,219.9,219.7,219.9,3700,2026-10-02,,,,,,,,
1790907660,219.9,220.0,219.8,220.0,10900,2026-10-02,,,,,,,,
1790907720,219.9,220.0,219.9,220.0,800,2026-10-02,,,,,,,,
1790907780,220.0,220.0,219.8,219.8,3600,2026-10-02,,,,,,,,
1790907840,219.8,219.8,219.1,219.2,9000,2026-10-02,,,,,,,,
1790907900,219.2,219.2,218.5,218.9,13100,2026-10-02,,,,,,,,
1790907960,218.6,218.9,218.6,218.8,2600,2026-10-02,,,,,,,,
1790908020,218.8,218.9,218.7,218.9,1800,2026-10-02,,,,,,,,
1790908080,218.8,218.9,218.7,218.7,2100,2026-10-02,,,,,,,,
1790908140,218.7,218.7,218.6,218.7,2500,2026-10-02,,,,,,,,
1790908200,218.7,218.7,218.7,218.7,4000,2026-10-02,,,,,,,,
1790908260,218.7,218.8,218.6,218.6,6200,2026-10-02,,,,,,,,
1790908320,218.6,218.6,218.3,218.3,9300,2026-10-02,,,,,,,,
1790908380,218.2,218.2,217.9,217.9,18200,2026-10-02,,,,,,,,
1790908440,217.8,217.9,217.1,217.1,8800,2026-10-02,,,,,,,,
1790908500,217.1,217.2,217.0,217.1,17600,2026-10-02,,,,,,,,
1790908560,217.1,217.2,217.0,217.1,4300,2026-10-02,,,,,,,,
1790908620,217.1,218.0,217.1,218.0,6200,2026-10-02,,,,,,,,
1790908680,217.9,217.9,217.0,217.1,7600,2026-10-02,,,,,,,,
1790908740,217.1,217.1,216.8,216.8,19600,2026-10-02,,,,,,,,
1790908800,216.6,216.9,216.5,216.5,7300,2026-10-02,,,,,,,,
1790908860,216.5,216.7,216.5,216.7,7200,2026-10-02,,,,,,,,
1790908920,216.7,216.9,216.7,216.8,4700,2026-10-02,,,,,,,,
1790908980,216.8,217.1,216.8,217.1,6400,2026-10-02,,,,,,,,
1790909040,217.0,217.1,216.9,217.0,4700,2026-10-02,,,,,,,,
1790909100,217.0,217.1,216.5,217.0,17600,2026-10-02,,,,,,,,
1790909160,216.8,217.0,216.6,217.0,6400,2026-10-02,,,,,,,,
1790909220,217.0,217.1,216.9,217.0,4900,2026-10-02,,,,,,,,
1790909280,217.0,217.0,217.0,217.0,5800,2026-10-02,,,,,,,,
1790909340,217.0,217.0,216.8,216.9,6700,2026-10-02,,,,,,,,
1790909400,216.8,217.0,216.8,217.0,2800,2026-10-02,,,,,,,,
1790909460,216.9,216.9,216.8,216.8,2200,2026-10-02,,,,,,,,
1790909520,216.9,217.0,216.8,216.9,6600,2026-10-02,,,,,,,,
1790909580,216.8,217.0,216.8,216.9,2600,2026-10-02,,,,,,,,
1790909640,216.9,217.0,216.8,216.8,10800,2026-10-02,,,,,,,,
1790909700,216.7,216.9,216.6,216.7,6500,2026-10-02,,,,,,,,
1790909760,216.6,216.7,216.6,216.7,1700,2026-10-02,,,,,,,,
1790909820,216.6,216.8,216.6,216.7,1300,2026-10-02,,,,,,,,
1790909880,216.6,216.7,216.3,216.3,19900,2026-10-02,,,,,,,,
1790909940,216.3,216.3,216.0,216.0,7400,2026-10-02,,,,,,,,
1790910000,216.2,216.2,216.0,216.2,3900,2026-10-02,,,,,,,,
1790910060,216.2,216.2,216.0,216.0,18900,2026-10-02,,,,,,,,
1790910120,216.1,216.1,215.9,215.9,4000,2026-10-02,,,,,,,,
1790910180,215.9,215.9,215.6,215.6,3500,2026-10-02,,,,,,,,
1790910240,215.6,215.6,215.5,215.5,9700,2026-10-02,,,,,,,,
1790910300,215.5,215.5,215.2,215.2,8700,2026-10-02,,,,,,,,
1790910360,215.1,215.2,215.0,215.1,15700,2026-10-02,,,,,,,,
1790910420,215.1,215.3,215.1,215.1,15300,2026-10-02,,,,,,,,
1790910480,215.1,215.2,215.1,215.2,3600,2026-10-02,,,,,,,,
1790910540,215.2,215.5,215.1,215.5,18800,2026-10-02,,,,,,,,
1790910600,215.5,216.0,215.5,216.0,14000,2026-10-02,,,,,,,,
1790910660,216.0,217.1,216.0,217.1,18600,2026-10-02,,,,,,,,
1790910720,217.0,218.0,217.0,218.0,9600,2026-10-02,,,,,,,,
1790910780,218.0,218.1,217.9,218.0,31700,2026-10-02,,,,,,,,
1790910840,218.0,218.1,217.9,218.1,2900,2026-10-02,,,,,,,,
1790910900,218.1,218.2,218.0,218.0,6300,2026-10-02,,,,,,,,
1790910960,218.0,218.2,217.5,217.5,3700,2026-10-02,,,,,,,,
1790911020,217.4,217.4,216.7,216.9,6300,2026-10-02,,,,,,,,
1790911080,216.9,217.0,216.7,216.9,4100,2026-10-02,,,,,,,,
1790911140,216.9,217.0,216.9,217.0,2600,2026-10-02,,,,,,,,
1790911200,217.0,217.3,217.0,217.3,4200,2026-10-02,,,,,,,,
1790911260,217.3,217.3,217.1,217.1,1100,2026-10-02,,,,,,,,
1790911320,217.0,217.0,216.8,217.0,5300,2026-10-02,,,,,,,,
1790911380,216.9,217.0,216.6,216.7,9500,2026-10-02,,,,,,,,
1790911440,216.5,216.7,216.3,216.7,5400,2026-10-02,,,,,,,,
1790911500,216.7,216.7,216.6,216.6,5300,2026-10-02,,,,,,,,
1790911560,216.5,216.6,216.5,216.5,9800,2026-10-02,,,,,,,,
1790911620,216.5,216.6,216.5,216.5,12700,2026-10-02,,,,,,,,
1790911680,216.3,216.5,216.3,216.5,1200,2026-10-02,,,,,,,,
1790911740,216.5,216.5,216.3,216.4,4400,2026-10-02,,,,,,,,
1790911800,216.4,216.4,216.3,216.4,1900,2026-10-02,,,,,,,,
1790911860,216.4,216.4,216.3,216.4,2500,2026-10-02,,,,,,,,
1790911920,216.3,216.4,216.3,216.3,21900,2026-10-02,,,,,,,,
1790911980,216.3,216.3,216.2,216.3,1300,2026-10-02,,,,,,,,
1790912040,216.3,216.3,216.3,216.3,900,2026-10-02,,,,,,,,
1790912100,216.3,216.5,216.3,216.5,3100,2026-10-02,,,,,,,,
1790912160,216.4,216.5,216.3,216.5,4000,2026-10-02,,,,,,,,
1790912220,216.5,216.5,216.5,216.5,900,2026-10-02,,,,,,,,
1790912280,216.5,216.5,216.5,216.5,100,2026-10-02,,,,,,,,
1790912340,216.5,216.5,216.3,216.5,800,2026-10-02,,,,,,,,
1790912400,216.5,216.5,216.2,216.4,3600,2026-10-02,,,,,,,,
1790912460,216.4,216.4,216.4,216.4,300,2026-10-02,,,,,,,,
1790912520,216.3,216.4,216.3,216.4,900,2026-10-02,,,,,,,,
1790912580,216.3,216.4,216.3,216.4,2200,2026-10-02,,,,,,,,
1790912640,216.4,216.4,216.3,216.3,7200,2026-10-02,,,,,,,,
1790912700,216.3,216.4,216.3,216.4,1300,2026-10-02,,,,,,,,
1790912760,216.3,216.4,216.3,216.3,2500,2026-10-02,,,,,,,,
1790912820,216.3,216.4,216.3,216.4,10900,2026-10-02,,,,,,,,
1790912880,216.3,216.3,216.3,216.3,1800,2026-10-02,,,,,,,,
1790912940,216.3,216.3,216.3,216.3,4400,2026-10-02,,,,,,,,
1790913000,216.3,216.4,216.3,216.3,1600,2026-10-02,,,,,,,,
1790913060,216.3,216.3,216.2,216.2,1000,2026-10-02,,,,,,,,
1790913120,216.2,216.3,216.2,216.3,2300,2026-10-02,,,,,,,,
1790913180,216.3,216.3,216.3,216.3,1800,2026-10-02,,,,,,,,
1790913240,216.3,216.3,216.3,216.3,700,2026-10-02,,,,,,,,
1790913300,216.3,216.3,216.3,216.3,100,2026-10-02,,,,,,,,
1790913360,216.2,216.2,216.2,216.2,1500,2026-10-02,,,,,,,,
1790913420,216.2,216.3,216.2,216.3,9400,2026-10-02,,,,,,,,
1790913480,216.4,216.5,216.4,216.5,15800,2026-10-02,,,,,,,,
1790913540,216.5,216.6,216.5,216.6,12000,2026-10-02,,,,,,,,
1790913600,216.6,216.8,216.6,216.6,900,2026-10-02,,,,,,,,
1790913660,216.6,216.6,216.5,216.6,3800,2026-10-02,,,,,,,,
1790913720,216.8,217.3,216.8,217.3,26100,2026-10-02,,,,,,,,
1790913780,217.4,217.8,217.3,217.3,10500,2026-10-02,,,,,,,,
1790913840,217.5,217.5,217.0,217.1,22600,2026-10-02,,,,,,,,
1790913900,217.1,217.1,217.0,217.1,10600,2026-10-02,,,,,,,,
1790913960,217.1,217.2,217.1,217.2,4800,2026-10-02,,,,,,,,
1790914020,217.2,217.2,217.1,217.2,5300,2026-10-02,,,,,,,,
1790914080,217.2,217.4,217.2,217.4,20100,2026-10-02,,,,,,,,
1790914140,217.4,217.4,217.4,217.4,4300,2026-10-02,,,,,,,,
1790914200,217.4,217.4,217.3,217.3,3800,2026-10-02,,,,,,,,
1790914260,217.4,217.4,217.3,217.4,4500,2026-10-02,,,,,,,,
1790914320,217.4,217.4,217.2,217.3,3500,2026-10-02,,,,,,,,
1790914380,217.3,217.3,217.2,217.3,3500,2026-10-02,,,,,,,,
1790914440,217.2,217.3,217.1,217.1,13600,2026-10-02,,,,,,,,
1790914500,217.1,217.1,217.0,217.0,6200,2026-10-02,,,,,,,,
1790914560,217.0,217.3,216.9,217.3,12500,2026-10-02,,,,,,,,
1790914620,217.3,217.4,217.3,217.3,8700,2026-10-02,,,,,,,,
1790914680,217.3,217.4,217.2,217.2,2500,2026-10-02,,,,,,,,
1790914740,217.2,217.5,217.2,217.5,8300,2026-10-02,,,,,,,,
1790914800,217.5,217.5,217.3,217.3,600,2026-10-02,,,,,,,,
1790914860,217.7,218.3,217.7,218.3,18800,2026-10-02,,,,,,,,
1790914920,218.4,219.5,218.4,219.5,23700,2026-10-02,,,,,,,,
1790914980,219.7,220.3,219.7,220.0,41500,2026-10-02,,,,,,,,
1790915040,220.1,220.1,219.9,219.9,27800,2026-10-02,,,,,,,,
1790915100,219.9,220.2,219.9,220.0,56400,2026-10-02,,,,,,,,
1790915160,220.1,220.1,219.9,220.0,23500,2026-10-02,,,,,,,,
1790915220,220.0,220.2,219.9,220.0,36300,2026-10-02,,,,,,,,
1790915280,220.0,220.2,220.0,220.0,18000,2026-10-02,,,,,,,,
1790915340,220.0,220.1,220.0,220.0,35800,2026-10-02,,,,,,,,
1790920800,220.0,220.1,219.9,219.9,22500,2026-10-02,,,,,,,,
1790920860,219.9,219.9,219.8,219.8,2600,2026-10-02,,,,,,,,
1790920920,219.8,219.8,219.6,219.6,11400,2026-10-02,,,,,,,,
1790920980,219.6,220.0,219.6,220.0,31700,2026-10-02,,,,,,,,
1790921040,220.0,220.5,220.0,220.5,64600,2026-10-02,,,,,,,,
1790921100,220.5,220.7,220.5,220.7,22600,2026-10-02,,,,,,,,
1790921160,220.6,220.7,220.5,220.5,7100,2026-10-02,,,,,,,,
1790921220,220.4,220.6,220.4,220.5,23500,2026-10-02,,,,,,,,
1790921280,220.5,220.6,220.3,220.6,33600,2026-10-02,,,,,,,,
1790921340,220.6,221.3,220.6,221.3,54800,2026-10-02,,,,,,,,
1790921400,221.3,222.1,221.3,222.1,35800,2026-10-02,,,,,,,,
1790921460,222.1,222.1,221.0,221.8,20600,2026-10-02,,,,,,,,
1790921520,221.8,221.8,220.8,220.9,23600,2026-10-02,,,,,,,,
1790921580,221.2,221.3,220.9,220.9,7600,2026-10-02,,,,,,,,
1790921640,221.0,221.3,221.0,221.3,8000,2026-10-02,,,,,,,,
1790921700,221.1,221.2,221.1,221.2,8700,2026-10-02,,,,,,,,
1790921760,221.2,222.0,221.2,222.0,62900,2026-10-02,,,,,,,,
1790921820,222.0,222.6,222.0,222.6,32900,2026-10-02,,,,,,,,
1790921880,222.8,223.0,222.8,222.9,16400,2026-10-02,,,,,,,,
1790921940,222.9,223.6,222.9,223.4,21300,2026-10-02,,,,,,,,
1790922000,223.3,223.9,223.3,223.9,12200,2026-10-02,,,,,,,,
1790922060,223.9,224.7,223.9,224.7,13800,2026-10-02,,,,,,,,
1790922120,224.6,224.9,224.6,224.6,23600,2026-10-02,,,,,,,,
1790922180,224.6,224.7,224.3,224.6,38800,2026-10-02,,,,,,,,
1790922240,224.6,224.7,224.3,224.3,7300,2026-10-02,,,,,,,,
1790922300,224.2,224.5,224.0,224.3,21100,2026-10-02,,,,,,,,
1790922360,224.3,224.6,224.2,224.3,22700,2026-10-02,,,,,,,,
1790922420,224.6,224.7,224.5,224.6,41500,2026-10-02,,,,,,,,
1790922480,224.6,224.7,224.5,224.6,8900,2026-10-02,,,,,,,,
1790922540,224.6,224.6,224.5,224.5,10100,2026-10-02,,,,,,,,
1790922600,224.4,224.5,224.3,224.4,25000,2026-10-02,,,,,,,,
1790922660,224.4,224.5,224.0,224.0,8600,2026-10-02,,,,,,,,
1790922720,224.0,224.0,223.4,223.4,6600,2026-10-02,,,,,,,,
1790922780,223.5,223.5,222.5,222.5,9800,2026-10-02,,,,,,,,
1790922840,222.5,222.5,221.9,222.0,15000,2026-10-02,,,,,,,,
1790922900,222.0,222.0,221.8,221.8,6700,2026-10-02,,,,,,,,
1790922960,221.8,221.9,221.7,221.7,7500,2026-10-02,,,,,,,,
1790923020,221.7,221.9,221.5,221.6,2700,2026-10-02,,,,,,,,
1790923080,221.6,221.7,221.5,221.7,5200,2026-10-02,,,,,,,,
1790923140,221.7,222.2,221.6,222.2,19600,2026-10-02,,,,,,,,
1790923200,222.1,222.3,222.1,222.3,6400,2026-10-02,,,,,,,,
1790923260,222.3,222.5,222.3,222.4,2700,2026-10-02,,,,,,,,
1790923320,222.6,222.6,222.3,222.5,5500,2026-10-02,,,,,,,,
1790923380,222.5,222.7,222.5,222.7,8600,2026-10-02,,,,,,,,
1790923440,222.9,223.3,222.9,223.3,12000,2026-10-02,,,,,,,,
1790923500,223.2,223.3,223.0,223.1,11900,2026-10-02,,,,,,,,
1790923560,223.0,223.1,223.0,223.0,11400,2026-10-02,,,,,,,,
1790923620,223.0,223.0,222.9,223.0,1700,2026-10-02,,,,,,,,
1790923680,223.0,223.0,222.9,223.0,6000,2026-10-02,,,,,,,,
1790923740,223.0,223.1,223.0,223.1,13800,2026-10-02,,,,,,,,
1790923800,223.0,223.1,222.8,222.8,15000,2026-10-02,,,,,,,,
1790923860,222.8,223.0,222.8,223.0,12700,2026-10-02,,,,,,,,
1790923920,223.0,223.1,222.8,222.8,10900,2026-10-02,,,,,,,,
1790923980,222.8,223.5,222.8,223.5,54100,2026-10-02,,,,,,,,
1790924040,223.6,223.7,223.6,223.7,6800,2026-10-02,,,,,,,,
1790924100,223.7,224.2,223.6,224.2,39800,2026-10-02,,,,,,,,
1790924160,224.1,224.2,223.9,224.0,22400,2026-10-02,,,,,,,,
1790924220,224.0,224.2,224.0,224.0,9300,2026-10-02,,,,,,,,
1790924280,224.0,224.0,224.0,224.0,13200,2026-10-02,,,,,,,,
1790924340,224.0,224.0,223.7,224.0,39200,2026-10-02,,,,,,,,
1790924400,223.9,224.0,223.9,224.0,40500,2026-10-02,,,,,,,,
1790924460,224.0,224.1,224.0,224.0,22300,2026-10-02,,,,,,,,
1790924520,223.9,224.1,223.9,224.0,10100,2026-10-02,,,,,,,,
1790924580,224.0,224.1,224.0,224.0,20000,2026-10-02,,,,,,,,
1790924640,224.0,224.2,224.0,224.1,28100,2026-10-02,,,,,,,,
1790924700,224.2,224.2,224.0,224.0,11900,2026-10-02,,,,,,,,
1790924760,224.0,224.0,223.5,223.5,31800,2026-10-02,,,,,,,,
1790924820,223.4,223.6,223.1,223.1,18400,2026-10-02,,,,,,,,
1790924880,223.2,223.6,223.0,223.1,12500,2026-10-02,,,,,,,,
1790924940,223.2,223.6,223.1,223.1,6200,2026-10-02,,,,,,,,
1790925000,223.1,223.9,223.0,223.9,12300,2026-10-02,,,,,,,,
1790925060,224.0,224.3,224.0,224.2,39700,2026-10-02,,,,,,,,
1790925120,224.3,224.4,224.2,224.3,18800,2026-10-02,,,,,,,,
1790925180,224.4,224.4,224.1,224.3,32500,2026-10-02,,,,,,,,
1790925240,224.3,224.4,224.2,224.3,24100,2026-10-02,,,,,,,,
1790925300,224.4,224.4,224.3,224.3,6000,2026-10-02,,,,,,,,
1790925360,224.4,224.4,224.2,224.2,14500,2026-10-02,,,,,,,,
1790925420,224.2,224.5,224.2,224.4,24500,2026-10-02,,,,,,,,
1790925480,224.4,224.5,224.4,224.5,33000,2026-10-02,,,,,,,,
1790925540,224.5,224.5,224.4,224.4,6800,2026-10-02,,,,,,,,
1790925600,224.4,224.5,224.4,224.4,17700,2026-10-02,,,,,,,,
1790925660,224.4,224.4,224.2,224.2,18600,2026-10-02,,,,,,,,
1790925720,224.2,224.4,224.2,224.4,24800,2026-10-02,,,,,,,,
1790925780,224.3,224.4,224.2,224.2,12500,2026-10-02,,,,,,,,
1790925840,224.3,224.5,224.3,224.3,30100,2026-10-02,,,,,,,,
1790925900,224.3,224.5,224.3,224.4,17900,2026-10-02,,,,,,,,
1790925960,224.5,224.7,224.4,224.6,25500,2026-10-02,,,,,,,,
1790926020,224.7,224.7,224.5,224.5,12800,2026-10-02,,,,,,,,
1790926080,224.5,224.6,224.3,224.3,10000,2026-10-02,,,,,,,,
1790926140,224.5,224.6,224.3,224.5,14800,2026-10-02,,,,,,,,
1790927100,224.0,224.0,224.0,224.0,305300,2026-10-02,,,,,,,,
1791166500,224.1,224.6,224.1,224.6,5900,2026-10-05,,,,,,,,
1791166560,224.9,226.0,224.9,226.0,4000,2026-10-05,,,,,,,,
1791166620,226.0,226.5,226.0,226.5,6100,2026-10-05,,,,,,,,
1791166680,226.7,227.3,226.5,227.3,12200,2026-10-05,,,,,,,,
1791166740,227.4,227.5,226.5,226.5,14000,2026-10-05,,,,,,,,
1791166800,226.9,227.0,226.0,226.2,7000,2026-10-05,,,,,,,,
1791166860,226.2,226.5,226.2,226.2,8100,2026-10-05,,,,,,,,
1791166920,226.3,226.5,226.0,226.0,5200,2026-10-05,,,,,,,,
1791166980,226.0,226.4,226.0,226.1,5800,2026-10-05,,,,,,,,
1791167040,226.3,226.3,226.0,226.1,3400,2026-10-05,,,,,,,,
1791167100,226.0,226.1,226.0,226.0,12500,2026-10-05,,,,,,,,
1791167160,226.0,226.1,225.8,226.1,11300,2026-10-05,,,,,,,,
1791167220,226.0,226.0,226.0,226.0,1200,2026-10-05,,,,,,,,
1791167280,226.0,226.2,226.0,226.1,14700,2026-10-05,,,,,,,,
1791167340,226.2,227.2,226.2,227.2,23900,2026-10-05,,,,,,,,
1791167400,227.0,227.2,226.9,227.2,7200,2026-10-05,,,,,,,,
1791167460,227.1,227.2,226.9,226.9,2100,2026-10-05,,,,,,,,
1791167520,227.1,227.5,226.6,227.5,33300,2026-10-05,,,,,,,,
1791167580,227.5,227.8,227.5,227.7,12000,2026-10-05,,,,,,,,
1791167640,227.7,227.8,227.7,227.7,3800,2026-10-05,,,,,,,,
1791167700,227.8,228.5,227.8,228.5,20600,2026-10-05,,,,,,,,
1791167760,228.5,229.0,228.5,229.0,20400,2026-10-05,,,,,,,,
1791167820,229.0,229.0,228.0,228.2,5100,2026-10-05,,,,,,,,
1791167880,228.2,228.4,228.0,228.2,3100,2026-10-05,,,,,,,,
1791167940,228.2,228.4,228.1,228.1,2500,2026-10-05,,,,,,,,
1791168000,228.4,228.4,228.2,228.2,2000,2026-10-05,,,,,,,,
1791168060,228.2,228.3,228.2,228.3,3200,2026-10-05,,,,,,,,
1791168120,228.4,229.4,228.4,229.4,26200,2026-10-05,,,,,,,,
1791168180,229.4,229.5,229.1,229.5,6200,2026-10-05,,,,,,,,
1791168240,229.5,230.0,229.5,229.9,16000,2026-10-05,,,,,,,,
1791168300,229.9,229.9,229.1,229.1,12900,2026-10-05,,,,,,,,
1791168360,229.2,229.2,229.0,229.0,13000,2026-10-05,,,,,,,,
1791168420,229.1,229.1,228.4,228.9,11800,2026-10-05,,,,,,,,
1791168480,228.9,228.9,228.0,228.1,9700,2026-10-05,,,,,,,,
1791168540,228.1,228.2,228.0,228.0,3900,2026-10-05,,,,,,,,
1791168600,228.2,228.9,228.1,228.2,7800,2026-10-05,,,,,,,,
1791168660,228.3,228.9,228.2,228.9,1600,2026-10-05,,,,,,,,
1791168720,228.5,228.9,228.5,228.5,3500,2026-10-05,,,,,,,,
1791168780,228.5,228.9,228.2,228.6,13400,2026-10-05,,,,,,,,
1791168840,228.5,228.9,228.5,228.5,3600,2026-10-05,,,,,,,,
1791168900,228.6,228.9,228.6,228.6,5300,2026-10-05,,,,,,,,
1791168960,228.6,229.1,228.6,229.1,8800,2026-10-05,,,,,,,,
1791169020,229.0,229.2,228.9,229.0,8700,2026-10-05,,,,,,,,
1791169080,228.9,229.0,228.8,229.0,17200,2026-10-05,,,,,,,,
1791169140,229.0,229.1,228.9,228.9,2900,2026-10-05,,,,,,,,
1791169200,228.9,229.1,228.8,229.0,22900,2026-10-05,,,,,,,,
1791169260,229.0,229.0,228.8,228.8,4800,2026-10-05,,,,,,,,
1791169320,228.8,229.0,228.7,228.7,6100,2026-10-05,,,,,,,,
1791169380,228.7,228.8,228.7,228.7,6100,2026-10-05,,,,,,,,
1791169440,228.7,228.8,228.6,228.6,3300,2026-10-05,,,,,,,,
1791169500,228.6,228.7,228.5,228.5,6100,2026-10-05,,,,,,,,
1791169560,228.7,228.7,228.4,228.4,7600,2026-10-05,,,,,,,,
1791169620,228.4,228.6,228.4,228.4,2500,2026-10-05,,,,,,,,
1791169680,228.4,228.5,228.3,228.3,12100,2026-10-05,,,,,,,,
1791169740,228.3,228.4,228.3,228.3,2700,2026-10-05,,,,,,,,
1791169800,228.3,228.4,228.3,228.3,8800,2026-10-05,,,,,,,,
1791169860,228.3,228.5,228.3,228.3,1700,2026-10-05,,,,,,,,
1791169920,228.4,228.8,228.4,228.8,7300,2026-10-05,,,,,,,,
1791169980,228.7,228.7,228.5,228.6,1800,2026-10-05,,,,,,,,
1791170040,228.5,229.1,228.5,229.1,21100,2026-10-05,,,,,,,,
1791170100,229.2,229.2,229.0,229.0,3500,2026-10-05,,,,,,,,
1791170160,229.0,229.3,229.0,229.3,7400,2026-10-05,,,,,,,,
1791170220,229.0,229.5,229.0,229.5,10500,2026-10-05,,,,,,,,
1791170280,229.1,229.5,229.1,229.1,1500,2026-10-05,,,,,,,,
1791170340,229.3,229.5,229.3,229.3,1900,2026-10-05,,,,,,,,
1791170400,229.3,229.4,229.1,229.3,13700,2026-10-05,,,,,,,,
1791170460,229.1,229.3,229.1,229.2,2600,2026-10-05,,,,,,,,
1791170520,229.2,229.3,229.1,229.3,2000,2026-10-05,,,,,,,,
1791170580,229.3,229.3,229.1,229.1,1500,2026-10-05,,,,,,,,
1791170640,229.1,229.2,229.0,229.2,4400,2026-10-05,,,,,,,,
1791170700,229.0,229.0,228.9,228.9,3200,2026-10-05,,,,,,,,
1791170760,228.9,229.0,228.9,228.9,1200,2026-10-05,,,,,,,,
1791170820,228.9,228.9,228.8,228.8,5500,2026-10-05,,,,,,,,
1791170880,228.8,228.9,228.8,228.8,2000,2026-10-05,,,,,,,,
1791170940,228.8,228.8,228.7,228.7,4500,2026-10-05,,,,,,,,
1791171000,228.7,228.8,228.6,228.6,4300,2026-10-05,,,,,,,,
1791171060,228.6,228.7,228.6,228.6,6900,2026-10-05,,,,,,,,
1791171120,228.6,228.7,228.5,228.5,2400,2026-10-05,,,,,,,,
1791171180,228.5,228.5,228.4,228.4,4200,2026-10-05,,,,,,,,
1791171240,228.4,228.4,228.3,228.3,2200,2026-10-05,,,,,,,,
1791171300,228.3,228.4,228.3,228.3,9600,2026-10-05,,,,,,,,
1791171360,228.3,228.4,228.3,228.3,1400,2026-10-05,,,,,,,,
1791171420,228.3,228.4,228.3,228.3,1600,2026-10-05,,,,,,,,
1791171480,228.4,228.4,228.3,228.3,900,2026-10-05,,,,,,,,
1791171540,228.3,228.4,228.3,228.4,1000,2026-10-05,,,,,,,,
1791171600,228.4,228.4,228.3,228.3,1500,2026-10-05,,,,,,,,
1791171660,228.2,228.3,228.2,228.2,1600,2026-10-05,,,,,,,,
1791171720,228.2,228.2,228.2,228.2,5200,2026-10-05,,,,,,,,
1791171780,228.2,228.3,228.2,228.3,600,2026-10-05,,,,,,,,
1791171840,228.2,228.2,228.2,228.2,300,2026-10-05,,,,,,,,
1791171900,228.3,228.3,228.3,228.3,2800,2026-10-05,,,,,,,,
1791171960,228.3,228.3,228.2,228.3,500,2026-10-05,,,,,,,,
1791172020,228.3,228.3,228.3,228.3,3500,2026-10-05,,,,,,,,
1791172080,228.3,228.5,228.3,228.5,8000,2026-10-05,,,,,,,,
1791172140,228.6,228.9,228.5,228.9,11100,2026-10-05,,,,,,,,
1791172200,229.0,229.2,229.0,229.2,4100,2026-10-05,,,,,,,,
1791172260,229.2,229.3,229.2,229.3,2300,2026-10-05,,,,,,,,
1791172320,229.3,229.3,229.2,229.3,2900,2026-10-05,,,,,,,,
1791172380,229.3,229.3,229.3,229.3,1800,2026-10-05,,,,,,,,
1791172440,229.2,229.2,229.2,229.2,1500,2026-10-05,,,,,,,,
1791172500,229.1,229.4,229.0,229.4,8000,2026-10-05,,,,,,,,
1791172560,229.4,229.4,229.1,229.1,3200,2026-10-05,,,,,,,,
1791172620,229.3,229.4,229.1,229.1,2900,2026-10-05,,,,,,,,
1791172680,229.1,229.4,229.1,229.4,2300,2026-10-05,,,,,,,,
1791172740,229.4,229.4,229.2,229.4,1200,2026-10-05,,,,,,,,
1791172800,229.4,229.4,229.3,229.3,600,2026-10-05,,,,,,,,
1791172860,229.1,229.5,229.1,229.5,11600,2026-10-05,,,,,,,,
1791172920,229.4,229.5,229.4,229.4,6400,2026-10-05,,,,,,,,
1791172980,229.4,229.7,229.4,229.7,7900,2026-10-05,,,,,,,,
1791173040,229.7,229.7,229.5,229.5,1400,2026-10-05,,,,,,,,
1791173100,229.6,229.7,229.6,229.7,1800,2026-10-05,,,,,,,,
1791173160,229.7,229.7,229.6,229.7,5600,2026-10-05,,,,,,,,
1791173220,229.6,229.7,229.6,229.7,2900,2026-10-05,,,,,,,,
1791173280,229.7,229.7,229.6,229.6,800,2026-10-05,,,,,,,,
1791173340,229.7,229.7,229.6,229.6,600,2026-10-05,,,,,,,,
1791173400,229.6,229.9,229.6,229.9,13700,2026-10-05,,,,,,,,
1791173460,229.9,229.9,229.7,229.7,5400,2026-10-05,,,,,,,,
1791173520,229.9,229.9,229.7,229.7,1500,2026-10-05,,,,,,,,
1791173580,229.8,230.0,229.8,230.0,6300,2026-10-05,,,,,,,,
1791173640,230.0,230.1,230.0,230.1,37900,2026-10-05,,,,,,,,
1791173700,230.2,231.0,230.2,231.0,13000,2026-10-05,,,,,,,,
1791173760,231.0,231.0,230.9,230.9,13400,2026-10-05,,,,,,,,
1791173820,231.0,231.0,230.9,230.9,3900,2026-10-05,,,,,,,,
1791173880,230.9,230.9,230.3,230.5,3900,2026-10-05,,,,,,,,
1791173940,230.9,231.0,230.4,231.0,16800,2026-10-05,,,,,,,,
1791174000,230.5,230.9,230.5,230.9,4700,2026-10-05,,,,,,,,
1791174060,230.7,230.9,230.5,230.5,6100,2026-10-05,,,,,,,,
1791174120,230.5,231.1,230.5,231.1,14200,2026-10-05,,,,,,,,
1791174180,231.1,231.3,231.1,231.2,4100,2026-10-05,,,,,,,,
1791174240,231.3,231.7,231.3,231.5,15300,2026-10-05,,,,,,,,
1791174300,231.5,231.5,231.0,231.2,9500,2026-10-05,,,,,,,,
1791174360,231.1,231.2,230.9,231.1,4500,2026-10-05,,,,,,,,
1791174420,231.0,231.5,230.9,231.5,6400,2026-10-05,,,,,,,,
1791174480,231.6,231.7,231.1,231.6,7900,2026-10-05,,,,,,,,
1791174540,231.5,231.5,231.0,231.0,9000,2026-10-05,,,,,,,,
1791180000,231.0,231.0,230.7,230.8,28700,2026-10-05,,,,,,,,
1791180060,230.7,230.8,230.7,230.7,6900,2026-10-05,,,,,,,,
1791180120,230.7,230.7,230.0,230.0,20400,2026-10-05,,,,,,,,
1791180180,229.9,230.1,229.9,230.1,19700,2026-10-05,,,,,,,,
1791180240,230.2,230.3,230.1,230.2,20900,2026-10-05,,,,,,,,
1791180300,230.2,230.2,230.0,230.1,12800,2026-10-05,,,,,,,,
1791180360,230.1,230.1,229.9,230.0,7900,2026-10-05,,,,,,,,
1791180420,230.0,230.2,230.0,230.2,6500,2026-10-05,,,,,,,,
1791180480,230.2,230.5,230.1,230.5,28400,2026-10-05,,,,,,,,
1791180540,230.6,231.4,230.5,231.0,36400,2026-10-05,,,,,,,,
1791180600,231.0,231.1,230.8,231.0,15300,2026-10-05,,,,,,,,
1791180660,231.0,231.0,230.8,231.0,9100,2026-10-05,,,,,,,,
1791180720,230.8,230.8,230.5,230.5,25200,2026-10-05,,,,,,,,
1791180780,230.5,230.7,230.5,230.7,10000,2026-10-05,,,,,,,,
1791180840,230.7,230.8,230.7,230.8,3900,2026-10-05,,,,,,,,
1791180900,230.7,230.8,230.7,230.7,2800,2026-10-05,,,,,,,,
1791180960,230.6,230.7,230.6,230.6,5000,2026-10-05,,,,,,,,
1791181020,230.6,230.6,230.4,230.5,3500,2026-10-05,,,,,,,,
1791181080,230.4,230.5,230.2,230.2,12100,2026-10-05,,,,,,,,
1791181140,230.4,230.4,230.2,230.3,2800,2026-10-05,,,,,,,,
1791181200,230.3,230.3,230.2,230.2,2500,2026-10-05,,,,,,,,
1791181260,230.3,230.5,230.2,230.4,11200,2026-10-05,,,,,,,,
1791181320,230.5,230.8,230.5,230.5,50300,2026-10-05,,,,,,,,
1791181380,230.5,230.6,230.4,230.5,6600,2026-10-05,,,,,,,,
1791181440,230.5,230.6,230.5,230.5,6400,2026-10-05,,,,,,,,
1791181500,230.5,230.7,230.5,230.7,17400,2026-10-05,,,,,,,,
1791181560,230.7,230.7,230.6,230.7,20700,2026-10-05,,,,,,,,
1791181620,230.7,230.7,230.6,230.7,6500,2026-10-05,,,,,,,,
1791181680,230.6,230.7,230.6,230.7,7100,2026-10-05,,,,,,,,
1791181740,230.7,230.7,230.5,230.5,10300,2026-10-05,,,,,,,,
1791181800,230.5,230.5,230.4,230.5,16900,2026-10-05,,,,,,,,
1791181860,230.5,230.5,230.4,230.4,2300,2026-10-05,,,,,,,,
1791181920,230.4,230.4,230.4,230.4,5700,2026-10-05,,,,,,,,
1791181980,230.4,230.5,230.4,230.4,2100,2026-10-05,,,,,,,,
1791182040,230.5,230.6,230.5,230.5,4500,2026-10-05,,,,,,,,
1791182100,230.5,230.6,230.5,230.6,400,2026-10-05,,,,,,,,
1791182160,230.5,230.6,230.5,230.6,11500,2026-10-05,,,,,,,,
1791182220,230.5,231.0,230.5,231.0,23900,2026-10-05,,,,,,,,
1791182280,231.0,231.1,231.0,231.0,58700,2026-10-05,,,,,,,,
1791182340,231.0,231.1,230.9,231.1,28500,2026-10-05,,,,,,,,
1791182400,231.0,231.1,231.0,231.1,2200,2026-10-05,,,,,,,,
1791182460,231.0,231.1,230.9,231.0,21200,2026-10-05,,,,,,,,
1791182520,231.0,231.0,231.0,231.0,7300,2026-10-05,,,,,,,,
1791182580,231.0,231.0,231.0,231.0,3000,2026-10-05,,,,,,,,
1791182640,231.0,231.1,231.0,231.0,4700,2026-10-05,,,,,,,,
1791182700,231.0,231.1,231.0,231.0,6200,2026-10-05,,,,,,,,
1791182760,231.1,231.2,231.0,231.2,15000,2026-10-05,,,,,,,,
1791182820,231.2,231.2,231.1,231.2,900,2026-10-05,,,,,,,,
1791182880,231.2,231.2,231.1,231.2,6700,2026-10-05,,,,,,,,
1791182940,231.1,231.2,231.1,231.1,7000,2026-10-05,,,,,,,,
1791183000,231.2,231.2,231.1,231.2,7400,2026-10-05,,,,,,,,
1791183060,231.2,231.3,231.1,231.3,12000,2026-10-05,,,,,,,,
1791183120,231.1,231.1,231.0,231.1,3300,2026-10-05,,,,,,,,
1791183180,231.1,231.2,231.1,231.1,3300,2026-10-05,,,,,,,,
1791183240,231.2,231.4,231.2,231.4,23400,2026-10-05,,,,,,,,
1791183300,231.4,231.5,231.4,231.4,5200,2026-10-05,,,,,,,,
1791183360,231.4,231.5,231.4,231.5,25200,2026-10-05,,,,,,,,
1791183420,231.5,231.7,231.5,231.7,16500,2026-10-05,,,,,,,,
1791183480,231.6,231.7,231.5,231.5,13200,2026-10-05,,,,,,,,
1791183540,231.5,231.6,231.5,231.5,12300,2026-10-05,,,,,,,,
1791183600,231.6,231.6,231.5,231.5,2900,2026-10-05,,,,,,,,
1791183660,231.5,231.7,231.5,231.6,23600,2026-10-05,,,,,,,,
1791183720,231.6,231.7,231.6,231.6,11900,2026-10-05,,,,,,,,
1791183780,231.6,231.7,231.6,231.6,9100,2026-10-05,,,,,,,,
1791183840,231.6,231.6,231.4,231.4,12600,2026-10-05,,,,,,,,
1791183900,231.3,231.3,231.1,231.1,14100,2026-10-05,,,,,,,,
1791183960,231.1,231.2,231.0,231.0,23200,2026-10-05,,,,,,,,
1791184020,231.0,231.1,230.9,231.0,12200,2026-10-05,,,,,,,,
1791184080,231.0,231.1,231.0,231.0,19100,2026-10-05,,,,,,,,
1791184140,231.0,231.0,230.9,231.0,4300,2026-10-05,,,,,,,,
1791184200,230.9,231.1,230.9,231.1,14600,2026-10-05,,,,,,,,
1791184260,231.0,231.4,231.0,231.3,26000,2026-10-05,,,,,,,,
1791184320,231.4,231.5,231.3,231.3,10800,2026-10-05,,,,,,,,
1791184380,231.3,231.4,231.2,231.3,20400,2026-10-05,,,,,,,,
1791184440,231.4,231.4,231.4,231.4,10400,2026-10-05,,,,,,,,
1791184500,231.3,231.5,231.3,231.5,28000,2026-10-05,,,,,,,,
1791184560,231.5,231.6,231.5,231.6,6300,2026-10-05,,,,,,,,
1791184620,231.6,231.6,231.5,231.6,17300,2026-10-05,,,,,,,,
1791184680,231.6,231.7,231.6,231.7,5100,2026-10-05,,,,,,,,
1791184740,231.7,231.7,231.6,231.6,6500,2026-10-05,,,,,,,,
1791184800,231.6,231.7,231.6,231.6,19200,2026-10-05,,,,,,,,
1791184860,231.6,231.6,231.5,231.5,3700,2026-10-05,,,,,,,,
1791184920,231.5,231.6,231.3,231.4,14500,2026-10-05,,,,,,,,
1791184980,231.4,231.4,231.2,231.2,9000,2026-10-05,,,,,,,,
1791185040,231.4,231.6,231.4,231.6,23400,2026-10-05,,,,,,,,
1791185100,231.5,231.6,231.5,231.5,7900,2026-10-05,,,,,,,,
1791185160,231.4,231.5,231.4,231.4,8000,2026-10-05,,,,,,,,
1791185220,231.4,231.6,231.4,231.6,30500,2026-10-05,,,,,,,,
1791185280,231.5,231.7,231.5,231.7,19900,2026-10-05,,,,,,,,
1791185340,231.7,231.8,231.6,231.8,19300,2026-10-05,,,,,,,,
1791186300,232.0,232.0,232.0,232.0,99500,2026-10-05,,,,,,,,
1791252900,232.0,233.5,232.0,233.4,12200,2026-10-06,,,,,,,,
1791252960,232.5,233.4,232.5,233.0,1300,2026-10-06,,,,,,,,
1791253020,233.4,234.2,233.0,234.2,12700,2026-10-06,,,,,,,,
1791253080,234.5,234.9,234.2,234.9,10400,2026-10-06,,,,,,,,
1791253140,234.9,234.9,233.9,233.9,7800,2026-10-06,,,,,,,,
1791253200,233.8,234.4,233.1,233.6,8200,2026-10-06,,,,,,,,
1791253260,233.6,233.9,233.6,233.8,3000,2026-10-06,,,,,,,,
1791253320,233.8,233.8,233.6,233.6,5300,2026-10-06,,,,,,,,
1791253380,233.6,233.6,233.0,233.5,7300,2026-10-06,,,,,,,,
1791253440,233.5,233.5,233.2,233.4,1900,2026-10-06,,,,,,,,
1791253500,233.4,233.6,233.2,233.5,12800,2026-10-06,,,,,,,,
1791253560,233.7,233.7,233.5,233.5,5400,2026-10-06,,,,,,,,
1791253620,233.7,233.7,233.5,233.5,6100,2026-10-06,,,,,,,,
1791253680,233.6,233.6,233.5,233.6,1800,2026-10-06,,,,,,,,
1791253740,233.6,233.6,233.5,233.6,8600,2026-10-06,,,,,,,,
1791253800,233.6,233.9,233.6,233.9,5900,2026-10-06,,,,,,,,
1791253860,233.8,234.1,233.8,234.1,16300,2026-10-06,,,,,,,,
1791253920,234.2,234.7,234.2,234.7,42500,2026-10-06,,,,,,,,
1791253980,234.8,234.9,234.7,234.8,10000,2026-10-06,,,,,,,,
1791254040,234.8,234.8,234.7,234.7,6500,2026-10-06,,,,,,,,
1791254100,234.7,234.9,234.7,234.8,13800,2026-10-06,,,,,,,,
1791254160,235.0,235.0,234.9,234.9,3800,2026-10-06,,,,,,,,
1791254220,234.9,235.0,234.9,234.9,3000,2026-10-06,,,,,,,,
1791254280,235.0,235.0,234.9,235.0,3600,2026-10-06,,,,,,,,
1791254340,234.9,235.4,234.9,235.3,56200,2026-10-06,,,,,,,,
1791254400,235.4,235.5,235.0,235.5,23700,2026-10-06,,,,,,,,
1791254460,235.4,235.5,235.4,235.4,8600,2026-10-06,,,,,,,,
1791254520,235.4,235.5,235.4,235.4,8100,2026-10-06,,,,,,,,
1791254580,235.4,235.5,235.0,235.0,18000,2026-10-06,,,,,,,,
1791254640,235.1,235.1,234.9,235.0,2600,2026-10-06,,,,,,,,
1791254700,234.9,235.0,234.9,235.0,8100,2026-10-06,,,,,,,,
1791254760,234.9,235.0,234.9,235.0,2300,2026-10-06,,,,,,,,
1791254820,234.9,235.0,234.9,235.0,6000,2026-10-06,,,,,,,,
1791254880,235.0,235.0,234.9,234.9,3800,2026-10-06,,,,,,,,
1791254940,234.9,235.0,234.9,234.9,2800,2026-10-06,,,,,,,,
1791255000,235.0,235.0,234.9,235.0,3500,2026-10-06,,,,,,,,
1791255060,235.0,235.0,234.9,234.9,2600,2026-10-06,,,,,,,,
1791255120,234.9,235.0,234.9,235.0,1500,2026-10-06,,,,,,,,
1791255180,235.0,235.0,234.9,235.0,3200,2026-10-06,,,,,,,,
1791255240,235.0,235.2,235.0,235.2,14800,2026-10-06,,,,,,,,
1791255300,235.2,235.2,235.1,235.2,3300,2026-10-06,,,,,,,,
1791255360,235.2,235.2,235.1,235.2,5400,2026-10-06,,,,,,,,
1791255420,235.3,235.4,235.2,235.4,7400,2026-10-06,,,,,,,,
1791255480,235.4,235.5,235.4,235.4,20300,2026-10-06,,,,,,,,
1791255540,235.6,235.7,235.6,235.6,8100,2026-10-06,,,,,,,,
1791255600,235.6,235.7,235.6,235.7,5500,2026-10-06,,,,,,,,
1791255660,235.7,235.8,235.7,235.8,14600,2026-10-06,,,,,,,,
1791255720,235.8,236.9,235.8,236.6,38800,2026-10-06,,,,,,,,
1791255780,236.8,237.0,236.5,237.0,21600,2026-10-06,,,,,,,,
1791255840,237.0,237.8,237.0,237.8,16400,2026-10-06,,,,,,,,
1791255900,237.8,238.5,237.8,238.4,25600,2026-10-06,,,,,,,,
1791255960,238.5,238.5,238.3,238.4,13800,2026-10-06,,,,,,,,
1791256020,238.4,238.5,238.2,238.2,15900,2026-10-06,,,,,,,,
1791256080,238.2,238.2,238.1,238.2,11900,2026-10-06,,,,,,,,
1791256140,238.2,238.3,238.0,238.0,21000,2026-10-06,,,,,,,,
1791256200,238.0,238.1,237.5,238.0,21800,2026-10-06,,,,,,,,
1791256260,238.0,238.1,237.9,237.9,9800,2026-10-06,,,,,,,,
1791256320,237.9,238.0,237.8,237.8,11500,2026-10-06,,,,,,,,
1791256380,237.7,237.7,237.3,237.3,6700,2026-10-06,,,,,,,,
1791256440,237.3,237.3,236.6,236.7,15000,2026-10-06,,,,,,,,
1791256500,236.7,237.0,236.1,237.0,6000,2026-10-06,,,,,,,,
1791256560,236.5,237.0,236.5,236.6,2300,2026-10-06,,,,,,,,
1791256620,236.7,237.3,236.5,237.2,18100,2026-10-06,,,,,,,,
1791256680,237.2,237.7,237.2,237.6,22900,2026-10-06,,,,,,,,
1791256740,237.6,237.8,237.6,237.7,4000,2026-10-06,,,,,,,,
1791256800,237.6,237.8,237.6,237.7,5500,2026-10-06,,,,,,,,
1791256860,237.7,237.8,237.6,237.6,14000,2026-10-06,,,,,,,,
1791256920,237.5,237.6,237.5,237.5,4500,2026-10-06,,,,,,,,
1791256980,237.5,237.6,237.5,237.5,3600,2026-10-06,,,,,,,,
1791257040,237.5,237.5,237.4,237.5,3100,2026-10-06,,,,,,,,
1791257100,237.5,237.5,237.3,237.5,14800,2026-10-06,,,,,,,,
1791257160,237.4,237.4,237.3,237.4,6400,2026-10-06,,,,,,,,
1791257220,237.4,238.1,237.2,238.0,124500,2026-10-06,,,,,,,,
1791257280,238.1,238.3,238.1,238.2,6000,2026-10-06,,,,,,,,
1791257340,238.2,238.2,238.0,238.1,8700,2026-10-06,,,,,,,,
1791257400,238.1,238.4,238.1,238.3,9100,2026-10-06,,,,,,,,
1791257460,238.3,238.4,238.1,238.4,8900,2026-10-06,,,,,,,,
1791257520,238.4,238.4,238.3,238.3,5500,2026-10-06,,,,,,,,
1791257580,238.4,238.4,238.3,238.3,2200,2026-10-06,,,,,,,,
1791257640,238.4,238.4,238.1,238.1,9700,2026-10-06,,,,,,,,
1791257700,238.3,238.3,238.0,238.1,7200,2026-10-06,,,,,,,,
1791257760,238.0,238.1,238.0,238.1,5000,2026-10-06,,,,,,,,
1791257820,238.1,238.1,237.9,238.0,6900,2026-10-06,,,,,,,,
1791257880,238.0,238.0,237.9,238.0,7400,2026-10-06,,,,,,,,
1791257940,237.9,237.9,237.8,237.9,3300,2026-10-06,,,,,,,,
1791258000,237.7,237.9,237.7,237.9,3300,2026-10-06,,,,,,,,
1791258060,237.7,237.8,237.7,237.8,5700,2026-10-06,,,,,,,,
1791258120,237.8,237.9,237.7,237.8,1800,2026-10-06,,,,,,,,
1791258180,237.9,237.9,237.6,237.6,5800,2026-10-06,,,,,,,,
1791258240,237.9,237.9,237.6,237.6,1900,2026-10-06,,,,,,,,
1791258300,237.6,237.7,237.6,237.7,4400,2026-10-06,,,,,,,,
1791258360,237.8,237.8,237.6,237.8,1000,2026-10-06,,,,,,,,
1791258420,237.8,238.0,237.8,237.9,11600,2026-10-06,,,,,,,,
1791258480,237.9,238.0,237.9,237.9,5200,2026-10-06,,,,,,,,
1791258540,237.9,238.0,237.9,237.9,9500,2026-10-06,,,,,,,,
1791258600,237.9,237.9,237.7,237.9,11700,2026-10-06,,,,,,,,
1791258660,237.9,237.9,237.7,237.9,1400,2026-10-06,,,,,,,,
1791258720,237.9,237.9,237.8,237.8,2500,2026-10-06,,,,,,,,
1791258780,237.8,237.9,237.8,237.8,2800,2026-10-06,,,,,,,,
1791258840,237.9,237.9,237.7,237.7,2500,2026-10-06,,,,,,,,
1791258900,237.8,238.0,237.8,237.9,39900,2026-10-06,,,,,,,,
1791258960,237.9,238.0,237.8,237.8,4900,2026-10-06,,,,,,,,
1791259020,237.9,238.0,237.8,237.8,1900,2026-10-06,,,,,,,,
1791259080,237.8,237.9,237.7,237.7,7100,2026-10-06,,,,,,,,
1791259140,237.7,237.8,237.6,237.6,12100,2026-10-06,,,,,,,,
1791259200,237.6,237.7,237.4,237.5,20700,2026-10-06,,,,,,,,
1791259260,237.5,237.6,237.5,237.5,6800,2026-10-06,,,,,,,,
1791259320,237.5,237.6,237.4,237.4,3800,2026-10-06,,,,,,,,
1791259380,237.3,237.4,237.3,237.3,3000,2026-10-06,,,,,,,,
1791259440,237.3,237.3,237.1,237.1,5500,2026-10-06,,,,,,,,
1791259500,237.1,237.2,236.9,237.0,15000,2026-10-06,,,,,,,,
1791259560,236.9,237.0,236.9,236.9,16000,2026-10-06,,,,,,,,
1791259620,236.8,236.9,236.7,236.8,10500,2026-10-06,,,,,,,,
1791259680,236.7,236.8,236.6,236.7,16700,2026-10-06,,,,,,,,
1791259740,236.7,236.7,236.6,236.6,5300,2026-10-06,,,,,,,,
1791259800,236.6,236.6,236.5,236.6,7000,2026-10-06,,,,,,,,
1791259860,236.5,236.5,236.4,236.4,12800,2026-10-06,,,,,,,,
1791259920,236.4,236.4,236.0,236.0,26300,2026-10-06,,,,,,,,
1791259980,236.1,236.1,235.8,235.8,26600,2026-10-06,,,,,,,,
1791260040,235.7,235.7,235.3,235.4,40100,2026-10-06,,,,,,,,
1791260100,235.4,235.5,235.0,235.3,28400,2026-10-06,,,,,,,,
1791260160,235.3,235.4,235.2,235.3,7000,2026-10-06,,,,,,,,
1791260220,235.4,235.5,235.3,235.4,17400,2026-10-06,,,,,,,,
1791260280,235.4,235.5,235.0,235.2,24800,2026-10-06,,,,,,,,
1791260340,235.2,235.2,234.9,235.0,19700,2026-10-06,,,,,,,,
1791260400,235.0,235.1,235.0,235.1,20600,2026-10-06,,,,,,,,
1791260460,235.1,235.1,235.0,235.0,6000,2026-10-06,,,,,,,,
1791260520,234.9,235.0,234.8,234.8,14100,2026-10-06,,,,,,,,
1791260580,234.8,235.0,234.8,235.0,12400,2026-10-06,,,,,,,,
1791260640,235.0,235.1,235.0,235.1,3800,2026-10-06,,,,,,,,
1791260700,235.1,235.1,234.9,235.0,15000,2026-10-06,,,,,,,,
1791260760,235.0,235.0,234.9,235.0,2200,2026-10-06,,,,,,,,
1791260820,235.0,235.0,234.7,234.9,16400,2026-10-06,,,,,,,,
1791260880,234.9,234.9,234.8,234.8,6500,2026-10-06,,,,,,,,
1791260940,234.9,234.9,234.6,234.6,10800,2026-10-06,,,,,,,,
1791266400,234.5,234.8,233.9,233.9,21500,2026-10-06,,,,,,,,
1791266460,233.9,234.0,233.8,233.9,14400,2026-10-06,,,,,,,,
1791266520,233.8,233.8,233.7,233.7,11600,2026-10-06,,,,,,,,
1791266580,233.8,233.8,233.6,233.8,11500,2026-10-06,,,,,,,,
1791266640,233.7,234.5,233.7,234.5,18400,2026-10-06,,,,,,,,
1791266700,234.5,234.5,234.1,234.1,6500,2026-10-06,,,,,,,,
1791266760,234.0,234.1,233.8,233.8,13700,2026-10-06,,,,,,,,
1791266820,233.8,233.8,233.4,233.4,11700,2026-10-06,,,,,,,,
1791266880,233.5,233.5,233.1,233.3,22300,2026-10-06,,,,,,,,
1791266940,233.3,233.3,233.0,233.0,17900,2026-10-06,,,,,,,,
1791267000,233.1,233.1,232.8,232.8,9100,2026-10-06,,,,,,,,
1791267060,232.8,232.8,232.3,232.5,15400,2026-10-06,,,,,,,,
1791267120,232.5,232.6,232.5,232.5,7700,2026-10-06,,,,,,,,
1791267180,232.5,232.7,232.4,232.6,14200,2026-10-06,,,,,,,,
1791267240,232.7,233.1,232.6,233.0,36400,2026-10-06,,,,,,,,
1791267300,233.0,233.1,232.9,233.1,24300,2026-10-06,,,,,,,,
1791267360,233.0,233.0,232.8,232.9,15900,2026-10-06,,,,,,,,
1791267420,232.9,232.9,232.8,232.9,16900,2026-10-06,,,,,,,,
1791267480,232.9,233.1,232.8,233.0,21300,2026-10-06,,,,,,,,
1791267540,233.0,233.0,232.9,232.9,12200,2026-10-06,,,,,,,,
1791267600,232.8,233.0,232.8,232.9,18400,2026-10-06,,,,,,,,
1791267660,232.9,233.1,232.9,233.1,8600,2026-10-06,,,,,,,,
1791267720,233.1,233.1,232.9,232.9,12600,2026-10-06,,,,,,,,
1791267780,232.9,233.0,232.8,232.8,19500,2026-10-06,,,,,,,,
1791267840,232.8,232.9,232.8,232.9,6000,2026-10-06,,,,,,,,
1791267900,232.9,233.0,232.9,233.0,1800,2026-10-06,,,,,,,,
1791267960,232.9,233.0,232.9,233.0,6300,2026-10-06,,,,,,,,
1791268020,232.9,232.9,232.8,232.9,15000,2026-10-06,,,,,,,,
1791268080,232.9,232.9,232.8,232.9,6900,2026-10-06,,,,,,,,
1791268140,232.9,232.9,232.8,232.8,7100,2026-10-06,,,,,,,,
1791268200,232.9,232.9,232.7,232.8,9400,2026-10-06,,,,,,,,
1791268260,232.7,232.7,232.5,232.5,14700,2026-10-06,,,,,,,,
1791268320,232.5,232.6,232.4,232.6,9400,2026-10-06,,,,,,,,
1791268380,232.6,232.6,232.5,232.6,2800,2026-10-06,,,,,,,,
1791268440,232.6,232.7,232.6,232.7,4900,2026-10-06,,,,,,,,
1791268500,232.7,232.7,232.7,232.7,900,2026-10-06,,,,,,,,
1791268560,232.6,232.7,232.6,232.7,6400,2026-10-06,,,,,,,,
1791268620,232.7,232.7,232.5,232.5,19800,2026-10-06,,,,,,,,
1791268680,232.5,232.5,232.3,232.3,8900,2026-10-06,,,,,,,,
1791268740,232.3,232.4,232.2,232.2,10000,2026-10-06,,,,,,,,
1791268800,232.2,232.3,232.0,232.0,18900,2026-10-06,,,,,,,,
1791268860,232.0,232.2,232.0,232.2,24500,2026-10-06,,,,,,,,
1791268920,232.2,232.3,232.2,232.3,12600,2026-10-06,,,,,,,,
1791268980,232.3,232.7,232.3,232.6,27700,2026-10-06,,,,,,,,
1791269040,232.6,232.7,232.5,232.7,15700,2026-10-06,,,,,,,,
1791269100,232.7,232.8,232.7,232.8,9900,2026-10-06,,,,,,,,
1791269160,232.9,232.9,232.8,232.8,11700,2026-10-06,,,,,,,,
1791269220,232.7,232.8,232.6,232.7,12300,2026-10-06,,,,,,,,
1791269280,232.7,232.8,232.6,232.8,10300,2026-10-06,,,,,,,,
1791269340,232.8,233.0,232.8,233.0,18300,2026-10-06,,,,,,,,
1791269400,233.0,233.1,233.0,233.1,7000,2026-10-06,,,,,,,,
1791269460,233.1,233.1,233.0,233.1,17500,2026-10-06,,,,,,,,
1791269520,233.0,233.1,232.9,232.9,13400,2026-10-06,,,,,,,,
1791269580,233.0,233.0,232.6,232.8,35500,2026-10-06,,,,,,,,
1791269640,232.7,232.8,232.7,232.8,25400,2026-10-06,,,,,,,,
1791269700,232.7,232.8,232.6,232.6,16100,2026-10-06,,,,,,,,
1791269760,232.7,232.7,232.5,232.6,16000,2026-10-06,,,,,,,,
1791269820,232.6,232.7,232.5,232.6,36200,2026-10-06,,,,,,,,
1791269880,232.6,232.6,232.4,232.6,12000,2026-10-06,,,,,,,,
1791269940,232.7,232.7,232.5,232.7,20700,2026-10-06,,,,,,,,
1791270000,232.7,232.7,232.5,232.6,8700,2026-10-06,,,,,,,,
1791270060,232.6,232.6,232.4,232.6,21600,2026-10-06,,,,,,,,
1791270120,232.5,232.6,232.3,232.5,24800,2026-10-06,,,,,,,,
1791270180,232.5,232.5,232.3,232.4,5400,2026-10-06,,,,,,,,
1791270240,232.4,232.4,232.3,232.3,9100,2026-10-06,,,,,,,,
1791270300,232.2,232.4,232.2,232.3,18100,2026-10-06,,,,,,,,
1791270360,232.4,232.4,232.2,232.4,15600,2026-10-06,,,,,,,,
1791270420,232.4,232.4,232.2,232.3,23300,2026-10-06,,,,,,,,
1791270480,232.4,232.4,232.2,232.2,15600,2026-10-06,,,,,,,,
1791270540,232.3,232.3,232.2,232.2,7200,2026-10-06,,,,,,,,
1791270600,232.2,232.3,232.1,232.3,15600,2026-10-06,,,,,,,,
1791270660,232.3,232.3,232.1,232.2,8800,2026-10-06,,,,,,,,
1791270720,232.1,232.3,232.1,232.3,19500,2026-10-06,,,,,,,,
1791270780,232.2,232.4,232.1,232.4,27000,2026-10-06,,,,,,,,
1791270840,232.4,232.4,232.0,232.2,30000,2026-10-06,,,,,,,,
1791270900,232.0,232.2,232.0,232.1,32800,2026-10-06,,,,,,,,
1791270960,232.0,232.1,231.9,232.0,55200,2026-10-06,,,,,,,,
1791271020,232.0,232.1,231.9,232.0,34900,2026-10-06,,,,,,,,
1791271080,232.0,232.1,232.0,232.1,20700,2026-10-06,,,,,,,,
1791271140,232.1,232.1,232.0,232.0,22100,2026-10-06,,,,,,,,
1791271200,232.0,232.0,231.9,232.0,40700,2026-10-06,,,,,,,,
1791271260,232.0,232.1,231.9,232.0,13700,2026-10-06,,,,,,,,
1791271320,232.0,232.1,232.0,232.0,16200,2026-10-06,,,,,,,,
1791271380,232.0,232.1,231.9,232.1,42400,2026-10-06,,,,,,,,
1791271440,232.1,232.2,232.0,232.2,22100,2026-10-06,,,,,,,,
1791271500,232.2,232.4,232.1,232.3,49100,2026-10-06,,,,,,,,
1791271560,232.3,232.3,232.1,232.1,41700,2026-10-06,,,,,,,,
1791271620,232.1,232.2,232.0,232.1,20500,2026-10-06,,,,,,,,
1791271680,232.1,232.2,232.0,232.0,42800,2026-10-06,,,,,,,,
1791271740,232.1,232.1,232.0,232.0,48000,2026-10-06,,,,,,,,
1791272700,232.0,232.0,232.0,232.0,28100,2026-10-06,,,,,,,,
1791339300,232.0,232.0,229.2,229.2,46400,2026-10-07,,,,,,,,
1791339360,229.1,229.8,229.1,229.6,8000,2026-10-07,,,,,,,,
1791339420,230.0,230.0,229.6,229.8,3600,2026-10-07,,,,,,,,
1791339480,229.8,230.1,229.7,230.1,5600,2026-10-07,,,,,,,,
1791339540,230.1,230.4,230.1,230.4,600,2026-10-07,,,,,,,,
1791339600,230.7,231.7,230.7,231.7,16500,2026-10-07,,,,,,,,
1791339660,231.6,232.1,231.5,231.7,41700,2026-10-07,,,,,,,,
1791339720,231.7,232.0,231.6,231.6,6400,2026-10-07,,,,,,,,
1791339780,231.6,231.6,231.5,231.5,23500,2026-10-07,,,,,,,,
1791339840,231.4,231.5,231.4,231.4,2000,2026-10-07,,,,,,,,
1791339900,231.4,231.5,231.3,231.4,11200,2026-10-07,,,,,,,,
1791339960,231.4,231.5,231.3,231.3,2200,2026-10-07,,,,,,,,
1791340020,231.3,231.4,231.3,231.3,1100,2026-10-07,,,,,,,,
1791340080,231.3,231.3,231.3,231.3,2900,2026-10-07,,,,,,,,
1791340140,231.3,231.4,231.2,231.2,2300,2026-10-07,,,,,,,,
1791340200,231.3,231.3,231.2,231.2,3000,2026-10-07,,,,,,,,
1791340260,231.2,231.2,231.1,231.1,3300,2026-10-07,,,,,,,,
1791340320,231.1,231.3,231.1,231.3,5200,2026-10-07,,,,,,,,
1791340380,231.3,231.4,231.3,231.3,1300,2026-10-07,,,,,,,,
1791340440,231.3,231.4,231.3,231.3,800,2026-10-07,,,,,,,,
1791340500,231.4,231.4,231.2,231.2,2800,2026-10-07,,,,,,,,
1791340560,231.3,231.3,231.2,231.3,900,2026-10-07,,,,,,,,
1791340620,231.3,231.5,231.3,231.5,5300,2026-10-07,,,,,,,,
1791340680,231.5,231.5,231.3,231.3,7200,2026-10-07,,,,,,,,
1791340740,231.3,231.3,230.9,230.9,15900,2026-10-07,,,,,,,,
1791340800,231.0,231.0,230.8,230.8,11200,2026-10-07,,,,,,,,
1791340860,230.5,230.5,230.4,230.4,11600,2026-10-07,,,,,,,,
1791340920,230.2,230.5,230.0,230.0,7300,2026-10-07,,,,,,,,
1791340980,230.0,230.2,229.9,230.0,6900,2026-10-07,,,,,,,,
1791341040,229.9,229.9,229.7,229.7,11500,2026-10-07,,,,,,,,
1791341100,229.6,229.7,229.5,229.5,8200,2026-10-07,,,,,,,,
1791341160,229.6,229.6,229.2,229.3,14000,2026-10-07,,,,,,,,
1791341220,229.3,229.3,229.1,229.1,13000,2026-10-07,,,,,,,,
1791341280,229.1,229.1,229.0,229.0,15100,2026-10-07,,,,,,,,
1791341340,229.0,229.1,229.0,229.1,2900,2026-10-07,,,,,,,,
1791341400,229.1,229.1,229.0,229.0,3000,2026-10-07,,,,,,,,
1791341460,229.0,229.1,229.0,229.0,3500,2026-10-07,,,,,,,,
1791341520,229.0,229.1,229.0,229.0,4500,2026-10-07,,,,,,,,
1791341580,229.1,229.1,229.0,229.0,4300,2026-10-07,,,,,,,,
1791341640,229.1,229.1,228.9,228.9,11500,2026-10-07,,,,,,,,
1791341700,229.0,229.0,228.9,228.9,2800,2026-10-07,,,,,,,,
1791341760,229.0,229.1,228.9,229.1,7400,2026-10-07,,,,,,,,
1791341820,229.1,229.6,229.1,229.3,4000,2026-10-07,,,,,,,,
1791341880,229.3,229.6,229.3,229.3,900,2026-10-07,,,,,,,,
1791341940,229.4,229.4,229.2,229.3,8100,2026-10-07,,,,,,,,
1791342000,229.2,229.3,229.2,229.2,6200,2026-10-07,,,,,,,,
1791342060,229.2,229.3,229.1,229.1,1700,2026-10-07,,,,,,,,
1791342120,229.1,229.2,229.1,229.2,7700,2026-10-07,,,,,,,,
1791342180,229.2,229.3,229.2,229.2,800,2026-10-07,,,,,,,,
1791342240,229.2,229.5,229.2,229.5,1800,2026-10-07,,,,,,,,
1791342300,229.4,229.5,229.3,229.3,3400,2026-10-07,,,,,,,,
1791342360,229.3,229.3,229.3,229.3,5900,2026-10-07,,,,,,,,
1791342420,229.3,229.4,229.3,229.3,2100,2026-10-07,,,,,,,,
1791342480,229.3,229.4,229.3,229.3,1600,2026-10-07,,,,,,,,
1791342540,229.3,229.3,229.3,229.3,1700,2026-10-07,,,,,,,,
1791342600,229.3,229.3,229.3,229.3,1000,2026-10-07,,,,,,,,
1791342660,229.3,229.4,229.2,229.2,6700,2026-10-07,,,,,,,,
1791342720,229.2,229.2,229.1,229.1,6700,2026-10-07,,,,,,,,
1791342780,229.1,229.1,228.8,228.9,23100,2026-10-07,,,,,,,,
1791342840,228.9,228.9,228.7,228.7,6500,2026-10-07,,,,,,,,
1791342900,228.8,228.8,228.7,228.7,1100,2026-10-07,,,,,,,,
1791342960,228.8,228.9,228.7,228.9,4200,2026-10-07,,,,,,,,
1791343020,229.0,229.0,228.9,228.9,800,2026-10-07,,,,,,,,
1791343080,229.0,229.0,228.9,228.9,1100,2026-10-07,,,,,,,,
1791343140,228.9,228.9,228.8,228.9,1300,2026-10-07,,,,,,,,
1791343200,228.8,229.2,228.8,229.1,2800,2026-10-07,,,,,,,,
1791343260,229.1,229.1,228.9,228.9,3800,2026-10-07,,,,,,,,
1791343320,229.0,229.0,229.0,229.0,800,2026-10-07,,,,,,,,
1791343380,229.0,229.1,229.0,229.1,1200,2026-10-07,,,,,,,,
1791343440,229.1,229.2,229.1,229.2,9600,2026-10-07,,,,,,,,
1791343500,229.2,229.2,229.2,229.2,3600,2026-10-07,,,,,,,,
1791343560,229.2,229.2,229.2,229.2,100,2026-10-07,,,,,,,,
1791343620,229.2,229.3,229.2,229.3,300,2026-10-07,,,,,,,,
1791343680,229.3,229.3,229.2,229.3,1100,2026-10-07,,,,,,,,
1791343740,229.2,229.3,229.2,229.2,3400,2026-10-07,,,,,,,,
1791343800,229.2,229.2,229.2,229.2,600,2026-10-07,,,,,,,,
1791343860,229.2,229.3,229.2,229.3,700,2026-10-07,,,,,,,,
1791343920,229.3,229.3,229.2,229.2,6900,2026-10-07,,,,,,,,
1791343980,229.2,229.2,229.2,229.2,1100,2026-10-07,,,,,,,,
1791344040,229.3,229.3,229.2,229.3,600,2026-10-07,,,,,,,,
1791344100,229.3,229.3,229.2,229.3,1600,2026-10-07,,,,,,,,
1791344160,229.3,229.4,229.2,229.3,4200,2026-10-07,,,,,,,,
1791344220,229.3,229.4,229.3,229.4,200,2026-10-07,,,,,,,,
1791344280,229.4,229.4,229.4,229.4,600,2026-10-07,,,,,,,,
1791344340,229.4,229.4,229.1,229.2,12700,2026-10-07,,,,,,,,
1791344400,229.2,229.2,228.9,229.0,15300,2026-10-07,,,,,,,,
1791344460,229.0,229.0,229.0,229.0,400,2026-10-07,,,,,,,,
1791344520,228.9,229.0,228.9,229.0,11300,2026-10-07,,,,,,,,
1791344580,229.0,229.1,228.9,228.9,7200,2026-10-07,,,,,,,,
1791344640,228.9,229.0,228.8,228.8,5200,2026-10-07,,,,,,,,
1791344700,228.8,228.9,228.8,228.9,3600,2026-10-07,,,,,,,,
1791344760,228.9,229.0,228.9,228.9,2400,2026-10-07,,,,,,,,
1791344820,228.9,228.9,228.8,228.8,3000,2026-10-07,,,,,,,,
1791344880,228.8,228.9,228.8,228.9,1200,2026-10-07,,,,,,,,
1791344940,228.9,229.0,228.8,229.0,1300,2026-10-07,,,,,,,,
1791345000,228.9,229.0,228.8,228.8,14900,2026-10-07,,,,,,,,
1791345060,228.8,228.8,228.3,228.3,34400,2026-10-07,,,,,,,,
1791345120,228.3,228.4,228.3,228.3,700,2026-10-07,,,,,,,,
1791345180,228.3,228.5,228.3,228.5,7100,2026-10-07,,,,,,,,
1791345240,228.4,228.6,228.4,228.5,4300,2026-10-07,,,,,,,,
1791345300,228.5,228.6,228.5,228.5,4600,2026-10-07,,,,,,,,
1791345360,228.5,228.7,228.5,228.7,7100,2026-10-07,,,,,,,,
1791345420,228.6,228.7,228.6,228.7,500,2026-10-07,,,,,,,,
1791345480,228.6,228.6,228.6,228.6,1900,2026-10-07,,,,,,,,
1791345540,228.6,228.7,228.6,228.7,1400,2026-10-07,,,,,,,,
1791345600,228.7,228.8,228.6,228.7,10600,2026-10-07,,,,,,,,
1791345660,228.7,228.8,228.7,228.7,600,2026-10-07,,,,,,,,
1791345720,228.7,228.7,228.7,228.7,100,2026-10-07,,,,,,,,
1791345780,228.8,228.8,228.6,228.8,3100,2026-10-07,,,,,,,,
1791345840,228.8,228.8,228.6,228.7,1300,2026-10-07,,,,,,,,
1791345900,228.7,228.7,228.6,228.6,10500,2026-10-07,,,,,,,,
1791345960,228.6,228.6,228.6,228.6,1400,2026-10-07,,,,,,,,
1791346020,228.7,228.7,228.6,228.6,2300,2026-10-07,,,,,,,,
1791346080,228.7,228.7,228.7,228.7,700,2026-10-07,,,,,,,,
1791346140,228.8,228.8,228.8,228.8,1400,2026-10-07,,,,,,,,
1791346200,228.8,228.8,228.7,228.7,2800,2026-10-07,,,,,,,,
1791346320,228.8,228.9,228.7,228.7,5800,2026-10-07,,,,,,,,
1791346380,228.7,228.9,228.7,228.9,700,2026-10-07,,,,,,,,
1791346440,228.9,228.9,228.7,228.7,8500,2026-10-07,,,,,,,,
1791346500,228.6,228.7,228.5,228.5,39300,2026-10-07,,,,,,,,
1791346560,228.4,228.4,228.4,228.4,5900,2026-10-07,,,,,,,,
1791346620,228.4,228.4,228.2,228.3,12300,2026-10-07,,,,,,,,
1791346680,228.3,228.3,228.3,228.3,700,2026-10-07,,,,,,,,
1791346740,228.3,228.3,228.2,228.3,2300,2026-10-07,,,,,,,,
1791346800,228.3,228.3,228.1,228.1,19700,2026-10-07,,,,,,,,
1791346860,228.1,228.1,227.5,227.6,36000,2026-10-07,,,,,,,,
1791346920,227.6,228.0,227.5,228.0,4600,2026-10-07,,,,,,,,
1791346980,228.0,228.0,227.9,227.9,5000,2026-10-07,,,,,,,,
1791347040,227.8,227.9,227.7,227.9,7400,2026-10-07,,,,,,,,
1791347100,227.8,227.9,227.5,227.5,22200,2026-10-07,,,,,,,,
1791347160,227.5,227.5,227.4,227.5,15500,2026-10-07,,,,,,,,
1791347220,227.5,227.6,227.3,227.4,11600,2026-10-07,,,,,,,,
1791347280,227.4,227.4,227.3,227.3,9100,2026-10-07,,,,,,,,
1791347340,227.3,227.3,227.1,227.1,14800,2026-10-07,,,,,,,,
1791352800,227.1,227.2,226.9,226.9,43200,2026-10-07,,,,,,,,
1791352860,227.0,227.0,227.0,227.0,28200,2026-10-07,,,,,,,,
1791352920,227.0,227.6,227.0,227.6,30600,2026-10-07,,,,,,,,
1791352980,227.5,227.6,227.3,227.5,18300,2026-10-07,,,,,,,,
1791353040,227.5,227.6,227.4,227.4,17300,2026-10-07,,,,,,,,
1791353100,227.5,227.6,227.5,227.5,19200,2026-10-07,,,,,,,,
1791353160,227.5,227.6,227.4,227.4,3300,2026-10-07,,,,,,,,
1791353220,227.4,227.5,227.4,227.4,21000,2026-10-07,,,,,,,,
1791353280,227.4,227.4,227.3,227.4,3500,2026-10-07,,,,,,,,
1791353340,227.5,227.6,227.4,227.6,15400,2026-10-07,,,,,,,,
1791353400,227.6,227.7,227.6,227.7,30300,2026-10-07,,,,,,,,
1791353460,227.8,227.8,227.7,227.8,1500,2026-10-07,,,,,,,,
1791353520,227.8,227.9,227.7,227.8,21200,2026-10-07,,,,,,,,
1791353580,227.8,227.8,227.8,227.8,1500,2026-10-07,,,,,,,,
1791353640,227.8,227.8,227.6,227.6,9400,2026-10-07,,,,,,,,
1791353700,227.6,227.9,227.6,227.7,12700,2026-10-07,,,,,,,,
1791353760,227.8,227.9,227.8,227.9,17200,2026-10-07,,,,,,,,
1791353820,228.0,228.0,227.8,227.8,7700,2026-10-07,,,,,,,,
1791353880,228.0,228.0,227.9,228.0,11000,2026-10-07,,,,,,,,
1791353940,228.0,228.0,227.8,227.8,3200,2026-10-07,,,,,,,,
1791354000,227.9,227.9,227.8,227.9,7700,2026-10-07,,,,,,,,
1791354060,227.8,227.8,227.7,227.7,5700,2026-10-07,,,,,,,,
1791354120,227.7,227.8,227.6,227.6,4400,2026-10-07,,,,,,,,
1791354180,227.6,227.6,227.5,227.5,4500,2026-10-07,,,,,,,,
1791354240,227.5,227.9,227.5,227.9,20000,2026-10-07,,,,,,,,
1791354300,227.9,228.3,227.9,228.3,38500,2026-10-07,,,,,,,,
1791354360,228.3,228.7,228.3,228.7,48100,2026-10-07,,,,,,,,
1791354420,228.7,229.1,228.7,229.0,48000,2026-10-07,,,,,,,,
1791354480,229.1,229.2,229.0,229.2,20300,2026-10-07,,,,,,,,
1791354540,229.2,229.5,229.0,229.5,45300,2026-10-07,,,,,,,,
1791354600,229.5,230.0,229.5,229.9,15100,2026-10-07,,,,,,,,
1791354660,229.7,230.1,229.6,230.1,35300,2026-10-07,,,,,,,,
1791354720,230.1,230.3,230.0,230.0,15500,2026-10-07,,,,,,,,
1791354780,230.0,230.0,229.9,229.9,2500,2026-10-07,,,,,,,,
1791354840,230.0,230.1,229.9,230.0,13600,2026-10-07,,,,,,,,
1791354900,230.0,230.0,229.9,229.9,4300,2026-10-07,,,,,,,,
1791354960,229.9,230.0,229.8,229.9,23600,2026-10-07,,,,,,,,
1791355020,229.9,229.9,229.8,229.8,9400,2026-10-07,,,,,,,,
1791355080,229.8,229.8,229.6,229.6,13200,2026-10-07,,,,,,,,
1791355140,229.6,229.6,229.5,229.5,8900,2026-10-07,,,,,,,,
1791355200,229.5,229.8,229.2,229.8,55600,2026-10-07,,,,,,,,
1791355260,229.8,229.9,229.8,229.9,12800,2026-10-07,,,,,,,,
1791355320,229.8,229.8,229.6,229.8,12000,2026-10-07,,,,,,,,
1791355380,229.8,229.8,229.6,229.8,21400,2026-10-07,,,,,,,,
1791355440,229.8,230.1,229.6,230.0,37000,2026-10-07,,,,,,,,
1791355500,230.0,230.1,230.0,230.0,14500,2026-10-07,,,,,,,,
1791355560,230.0,230.0,229.8,229.9,15500,2026-10-07,,,,,,,,
1791355620,229.9,230.0,229.9,230.0,8300,2026-10-07,,,,,,,,
1791355680,229.9,230.0,229.9,229.9,19500,2026-10-07,,,,,,,,
1791355740,229.9,229.9,229.8,229.8,3400,2026-10-07,,,,,,,,
1791355800,229.9,229.9,229.8,229.8,1500,2026-10-07,,,,,,,,
1791355860,229.8,229.8,229.6,229.6,14000,2026-10-07,,,,,,,,
1791355920,229.5,229.5,229.3,229.5,20700,2026-10-07,,,,,,,,
1791355980,229.5,229.9,229.5,229.9,31900,2026-10-07,,,,,,,,
1791356040,229.9,230.0,229.8,229.8,5500,2026-10-07,,,,,,,,
1791356100,229.8,229.8,229.7,229.7,4300,2026-10-07,,,,,,,,
1791356160,229.7,229.7,229.6,229.6,5300,2026-10-07,,,,,,,,
1791356220,229.6,229.6,229.2,229.2,29400,2026-10-07,,,,,,,,
1791356280,229.2,229.2,229.0,229.0,51700,2026-10-07,,,,,,,,
1791356340,229.0,229.0,228.6,228.6,10200,2026-10-07,,,,,,,,
1791356400,228.6,228.6,228.4,228.4,14000,2026-10-07,,,,,,,,
1791356460,228.4,228.6,228.4,228.6,12700,2026-10-07,,,,,,,,
1791356520,228.9,229.1,228.7,229.1,23600,2026-10-07,,,,,,,,
1791356580,229.1,229.1,228.9,228.9,22400,2026-10-07,,,,,,,,
1791356640,229.0,229.0,228.8,228.8,16700,2026-10-07,,,,,,,,
1791356700,228.8,228.8,228.8,228.8,2300,2026-10-07,,,,,,,,
1791356760,229.0,229.1,229.0,229.1,18900,2026-10-07,,,,,,,,
1791356820,229.1,229.1,229.0,229.1,20700,2026-10-07,,,,,,,,
1791356880,229.1,229.2,229.1,229.1,13800,2026-10-07,,,,,,,,
1791356940,229.1,229.2,229.0,229.2,26200,2026-10-07,,,,,,,,
1791357000,229.2,229.2,229.0,229.1,8000,2026-10-07,,,,,,,,
1791357060,229.1,229.1,228.9,229.0,9600,2026-10-07,,,,,,,,
1791357120,229.0,229.0,228.8,228.8,4600,2026-10-07,,,,,,,,
1791357180,228.7,228.8,228.6,228.7,23800,2026-10-07,,,,,,,,
1791357240,228.7,228.7,228.6,228.6,9200,2026-10-07,,,,,,,,
1791357300,228.6,228.7,228.4,228.7,24200,2026-10-07,,,,,,,,
1791357360,228.7,228.9,228.7,228.9,18000,2026-10-07,,,,,,,,
1791357420,228.9,228.9,228.7,228.9,28400,2026-10-07,,,,,,,,
1791357480,228.9,228.9,228.8,228.8,5400,2026-10-07,,,,,,,,
1791357540,228.8,228.8,228.7,228.8,13600,2026-10-07,,,,,,,,
1791357600,228.8,228.8,228.8,228.8,9400,2026-10-07,,,,,,,,
1791357660,228.8,228.9,228.7,228.7,17400,2026-10-07,,,,,,,,
1791357720,228.7,228.8,228.6,228.7,29800,2026-10-07,,,,,,,,
1791357780,228.7,228.7,228.5,228.6,26400,2026-10-07,,,,,,,,
1791357840,228.6,228.8,228.5,228.8,58900,2026-10-07,,,,,,,,
1791357900,228.8,228.8,228.7,228.7,35200,2026-10-07,,,,,,,,
1791357960,228.7,229.3,228.7,229.2,108900,2026-10-07,,,,,,,,
1791358020,229.3,229.5,229.2,229.4,69900,2026-10-07,,,,,,,,
1791358080,229.5,229.7,229.5,229.7,88000,2026-10-07,,,,,,,,
1791358140,229.7,229.9,229.3,229.9,113600,2026-10-07,,,,,,,,
1791359100,230.0,230.0,230.0,230.0,1534700,2026-10-07,,,,,,,,
1791425700,228.1,228.1,227.5,227.5,17900,2026-10-08,,,,,,,,
1791425760,228.0,230.0,227.6,230.0,31100,2026-10-08,,,,,,,,
1791425820,230.0,230.1,230.0,230.1,10000,2026-10-08,,,,,,,,
1791425880,230.2,230.4,230.2,230.3,25700,2026-10-08,,,,,,,,
1791425940,230.3,230.4,230.3,230.3,2600,2026-10-08,,,,,,,,
1791426000,230.3,230.3,230.1,230.1,2300,2026-10-08,,,,,,,,
1791426060,230.1,230.2,230.1,230.1,1600,2026-10-08,,,,,,,,
1791426120,230.1,230.2,230.1,230.1,2600,2026-10-08,,,,,,,,
1791426180,230.1,230.2,230.1,230.2,4500,2026-10-08,,,,,,,,
1791426240,230.2,230.3,230.2,230.2,7400,2026-10-08,,,,,,,,
1791426300,230.3,230.3,230.2,230.2,800,2026-10-08,,,,,,,,
1791426360,230.2,230.3,230.2,230.3,600,2026-10-08,,,,,,,,
1791426420,230.3,230.3,230.2,230.3,7900,2026-10-08,,,,,,,,
1791426480,230.2,230.2,230.1,230.1,4100,2026-10-08,,,,,,,,
1791426540,230.1,230.1,230.1,230.1,1300,2026-10-08,,,,,,,,
1791426600,230.1,230.1,229.0,229.0,16000,2026-10-08,,,,,,,,
1791426660,229.0,229.9,229.0,229.0,8700,2026-10-08,,,,,,,,
1791426720,229.0,230.0,229.0,230.0,12300,2026-10-08,,,,,,,,
1791426780,230.0,230.1,230.0,230.0,2000,2026-10-08,,,,,,,,
1791426840,230.0,230.0,230.0,230.0,2500,2026-10-08,,,,,,,,
1791426900,230.0,230.1,230.0,230.0,8400,2026-10-08,,,,,,,,
1791426960,230.0,230.0,229.9,229.9,3800,2026-10-08,,,,,,,,
1791427020,229.9,229.9,229.9,229.9,5400,2026-10-08,,,,,,,,
1791427080,229.8,229.8,229.8,229.8,2100,2026-10-08,,,,,,,,
1791427140,229.8,229.8,229.7,229.7,4000,2026-10-08,,,,,,,,
1791427200,229.7,229.8,229.7,229.7,4400,2026-10-08,,,,,,,,
1791427260,229.7,230.0,229.7,230.0,23700,2026-10-08,,,,,,,,
1791427320,230.0,230.1,230.0,230.0,11200,2026-10-08,,,,,,,,
1791427380,230.0,230.1,230.0,230.0,5500,2026-10-08,,,,,,,,
1791427440,230.1,230.1,230.0,230.0,7200,2026-10-08,,,,,,,,
1791427500,230.0,230.1,230.0,230.0,5300,2026-10-08,,,,,,,,
1791427560,230.0,230.0,230.0,230.0,800,2026-10-08,,,,,,,,
1791427620,230.0,230.1,230.0,230.0,1000,2026-10-08,,,,,,,,
1791427680,230.0,230.1,230.0,230.0,2700,2026-10-08,,,,,,,,
1791427740,230.0,230.1,230.0,230.0,800,2026-10-08,,,,,,,,
1791427800,230.0,230.1,230.0,230.0,600,2026-10-08,,,,,,,,
1791427860,230.0,230.0,230.0,230.0,800,2026-10-08,,,,,,,,
1791427920,230.0,230.0,230.0,230.0,800,2026-10-08,,,,,,,,
1791427980,230.0,230.1,230.0,230.0,800,2026-10-08,,,,,,,,
1791428040,230.0,230.0,230.0,230.0,3200,2026-10-08,,,,,,,,
1791428100,230.0,230.0,230.0,230.0,3400,2026-10-08,,,,,,,,
1791428160,230.0,230.0,230.0,230.0,700,2026-10-08,,,,,,,,
1791428220,230.0,230.0,230.0,230.0,4300,2026-10-08,,,,,,,,
1791428280,230.0,230.0,229.9,229.9,3700,2026-10-08,,,,,,,,
1791428340,229.9,229.9,229.9,229.9,2400,2026-10-08,,,,,,,,
1791428400,229.9,229.9,229.8,229.9,4200,2026-10-08,,,,,,,,
1791428460,229.9,230.0,229.9,229.9,500,2026-10-08,,,,,,,,
1791428520,229.9,229.9,229.9,229.9,1800,2026-10-08,,,,,,,,
1791428580,229.9,229.9,229.8,229.8,2100,2026-10-08,,,,,,,,
1791428640,229.9,229.9,229.9,229.9,6000,2026-10-08,,,,,,,,
1791428700,229.9,229.9,229.8,229.8,10300,2026-10-08,,,,,,,,
1791428760,229.8,229.9,229.7,229.9,15400,2026-10-08,,,,,,,,
1791428820,229.9,229.9,229.8,229.8,1000,2026-10-08,,,,,,,,
1791428880,229.8,229.8,229.8,229.8,1500,2026-10-08,,,,,,,,
1791428940,229.8,229.8,229.8,229.8,600,2026-10-08,,,,,,,,
1791429000,229.8,229.9,229.8,229.9,9100,2026-10-08,,,,,,,,
1791429060,229.9,229.9,229.8,229.9,17400,2026-10-08,,,,,,,,
1791429120,229.9,229.9,229.9,229.9,3500,2026-10-08,,,,,,,,
1791429180,229.9,229.9,229.9,229.9,500,2026-10-08,,,,,,,,
1791429240,229.9,229.9,229.9,229.9,400,2026-10-08,,,,,,,,
1791429300,229.9,229.9,229.8,229.8,600,2026-10-08,,,,,,,,
1791429360,229.8,230.0,229.8,229.9,1400,2026-10-08,,,,,,,,
1791429420,229.9,229.9,229.9,229.9,500,2026-10-08,,,,,,,,
1791429480,229.9,229.9,229.9,229.9,500,2026-10-08,,,,,,,,
1791429540,229.9,229.9,229.8,229.8,1500,2026-10-08,,,,,,,,
1791429600,229.8,229.9,229.8,229.8,600,2026-10-08,,,,,,,,
1791429660,229.8,229.8,229.7,229.7,9100,2026-10-08,,,,,,,,
1791429720,229.8,229.8,229.7,229.7,4400,2026-10-08,,,,,,,,
1791429780,229.7,229.7,229.6,229.6,8000,2026-10-08,,,,,,,,
1791429840,229.6,229.6,229.5,229.6,8800,2026-10-08,,,,,,,,
1791429900,229.6,229.9,229.6,229.9,24700,2026-10-08,,,,,,,,
1791429960,229.9,230.0,229.9,230.0,2700,2026-10-08,,,,,,,,
1791430020,230.0,230.0,229.9,230.0,2300,2026-10-08,,,,,,,,
1791430080,229.9,229.9,229.8,229.9,2600,2026-10-08,,,,,,,,
1791430140,229.9,230.0,229.9,229.9,13200,2026-10-08,,,,,,,,
1791430200,229.9,229.9,229.9,229.9,200,2026-10-08,,,,,,,,
1791430260,229.9,229.9,229.9,229.9,1200,2026-10-08,,,,,,,,
1791430320,229.9,229.9,229.9,229.9,100,2026-10-08,,,,,,,,
1791430380,230.0,230.0,229.9,229.9,300,2026-10-08,,,,,,,,
1791430440,229.9,229.9,229.9,229.9,5300,2026-10-08,,,,,,,,
1791430500,229.9,230.0,229.9,229.9,3600,2026-10-08,,,,,,,,
1791430560,229.9,229.9,229.9,229.9,1400,2026-10-08,,,,,,,,
1791430620,229.9,230.0,229.9,229.9,12500,2026-10-08,,,,,,,,
1791430680,229.9,230.0,229.9,230.0,2600,2026-10-08,,,,,,,,
1791430740,229.9,229.9,229.9,229.9,500,2026-10-08,,,,,,,,
1791430800,229.9,230.0,229.9,230.0,11300,2026-10-08,,,,,,,,
1791430860,230.0,230.1,230.0,230.1,8100,2026-10-08,,,,,,,,
1791430920,230.1,230.2,230.1,230.2,3000,2026-10-08,,,,,,,,
1791430980,230.1,230.6,230.1,230.6,47500,2026-10-08,,,,,,,,
1791431040,230.7,230.7,230.6,230.7,6500,2026-10-08,,,,,,,,
1791431100,230.8,231.4,230.7,231.4,51300,2026-10-08,,,,,,,,
1791431160,231.4,231.5,231.1,231.1,4600,2026-10-08,,,,,,,,
1791431220,231.1,231.3,231.1,231.3,6900,2026-10-08,,,,,,,,
1791431280,231.3,231.3,231.2,231.3,7600,2026-10-08,,,,,,,,
1791431340,231.3,231.3,231.1,231.1,4500,2026-10-08,,,,,,,,
1791431400,231.1,231.1,231.0,231.0,4600,2026-10-08,,,,,,,,
1791431460,231.0,231.0,231.0,231.0,4000,2026-10-08,,,,,,,,
1791431520,231.0,231.1,231.0,231.1,3300,2026-10-08,,,,,,,,
1791431640,231.0,231.5,231.0,231.5,30500,2026-10-08,,,,,,,,
1791431700,231.5,232.9,231.5,232.9,36000,2026-10-08,,,,,,,,
1791431760,232.9,233.4,232.9,233.4,7300,2026-10-08,,,,,,,,
1791431820,233.0,233.9,233.0,233.9,3800,2026-10-08,,,,,,,,
1791431880,233.9,234.0,233.0,233.0,15400,2026-10-08,,,,,,,,
1791431940,232.9,233.0,232.3,232.8,19300,2026-10-08,,,,,,,,
1791432000,232.8,232.8,232.2,232.2,31800,2026-10-08,,,,,,,,
1791432060,232.2,232.3,232.2,232.3,1300,2026-10-08,,,,,,,,
1791432120,232.2,232.2,232.1,232.1,1200,2026-10-08,,,,,,,,
1791432180,232.1,232.2,231.9,231.9,2000,2026-10-08,,,,,,,,
1791432240,231.9,231.9,231.9,231.9,1400,2026-10-08,,,,,,,,
1791432300,231.9,231.9,231.8,231.8,4300,2026-10-08,,,,,,,,
1791432360,231.8,231.8,231.5,231.5,3100,2026-10-08,,,,,,,,
1791432420,231.5,231.5,231.2,231.2,3300,2026-10-08,,,,,,,,
1791432480,231.2,231.2,231.2,231.2,100,2026-10-08,,,,,,,,
1791432540,231.2,231.2,231.2,231.2,300,2026-10-08,,,,,,,,
1791432600,231.2,231.5,231.2,231.5,800,2026-10-08,,,,,,,,
1791432660,231.5,231.6,231.5,231.6,6800,2026-10-08,,,,,,,,
1791432720,231.6,231.6,231.5,231.5,2300,2026-10-08,,,,,,,,
1791432780,231.6,231.6,231.6,231.6,1200,2026-10-08,,,,,,,,
1791432840,231.6,231.6,231.6,231.6,200,2026-10-08,,,,,,,,
1791432960,231.5,231.5,231.5,231.5,5600,2026-10-08,,,,,,,,
1791433020,231.5,231.5,231.5,231.5,500,2026-10-08,,,,,,,,
1791433080,231.4,231.5,231.4,231.5,6800,2026-10-08,,,,,,,,
1791433140,231.5,231.5,231.4,231.4,5400,2026-10-08,,,,,,,,
1791433200,231.4,231.4,231.4,231.4,3100,2026-10-08,,,,,,,,
1791433260,231.4,231.4,231.2,231.2,2500,2026-10-08,,,,,,,,
1791433320,231.2,231.3,231.1,231.1,9800,2026-10-08,,,,,,,,
1791433380,231.0,231.2,231.0,231.0,5900,2026-10-08,,,,,,,,
1791433440,231.0,231.0,230.7,230.7,2900,2026-10-08,,,,,,,,
1791433500,230.7,230.7,230.7,230.7,400,2026-10-08,,,,,,,,
1791433560,230.7,230.7,230.7,230.7,200,2026-10-08,,,,,,,,
1791433620,230.5,230.5,230.5,230.5,200,2026-10-08,,,,,,,,
1791433680,230.5,230.7,230.5,230.7,700,2026-10-08,,,,,,,,
1791433740,230.6,230.6,230.6,230.6,100,2026-10-08,,,,,,,,
1791439200,230.6,230.6,230.1,230.1,10000,2026-10-08,,,,,,,,
1791439260,230.1,230.5,230.0,230.1,4200,2026-10-08,,,,,,,,
1791439320,230.1,230.4,230.1,230.1,500,2026-10-08,,,,,,,,
1791439380,230.1,230.4,230.1,230.1,2400,2026-10-08,,,,,,,,
1791439440,230.1,230.4,230.1,230.1,3900,2026-10-08,,,,,,,,
1791439500,230.1,230.4,230.1,230.1,1200,2026-10-08,,,,,,,,
1791439560,230.4,230.5,230.4,230.5,600,2026-10-08,,,,,,,,
1791439620,230.5,230.5,230.5,230.5,7100,2026-10-08,,,,,,,,
1791439680,230.5,230.5,230.3,230.3,3500,2026-10-08,,,,,,,,
1791439740,230.3,230.4,230.3,230.3,4600,2026-10-08,,,,,,,,
1791439800,230.3,230.4,230.3,230.3,1600,2026-10-08,,,,,,,,
1791439860,230.3,230.3,230.2,230.2,4300,2026-10-08,,,,,,,,
1791439920,230.2,230.3,230.2,230.2,1400,2026-10-08,,,,,,,,
1791439980,230.2,230.3,230.2,230.3,1400,2026-10-08,,,,,,,,
1791440040,230.3,230.3,230.3,230.3,2100,2026-10-08,,,,,,,,
1791440100,230.4,230.4,230.3,230.3,4800,2026-10-08,,,,,,,,
1791440160,230.3,230.4,230.2,230.2,5500,2026-10-08,,,,,,,,
1791440220,230.2,230.3,230.2,230.2,1500,2026-10-08,,,,,,,,
1791440280,230.2,230.3,230.1,230.1,11600,2026-10-08,,,,,,,,
1791440340,230.0,230.2,230.0,230.2,23500,2026-10-08,,,,,,,,
1791440400,230.1,230.2,230.1,230.1,3900,2026-10-08,,,,,,,,
1791440460,230.1,230.3,230.1,230.1,17400,2026-10-08,,,,,,,,
1791440520,230.1,230.2,230.1,230.1,2600,2026-10-08,,,,,,,,
1791440580,230.1,230.4,230.1,230.4,12700,2026-10-08,,,,,,,,
1791440640,230.4,230.4,230.2,230.2,9700,2026-10-08,,,,,,,,
1791440700,230.2,230.3,230.1,230.2,2300,2026-10-08,,,,,,,,
1791440760,230.3,230.3,230.1,230.2,2600,2026-10-08,,,,,,,,
1791440820,230.2,230.3,230.1,230.3,2900,2026-10-08,,,,,,,,
1791440880,230.3,230.3,230.1,230.1,11500,2026-10-08,,,,,,,,
1791440940,230.1,230.1,229.9,229.9,13500,2026-10-08,,,,,,,,
1791441000,230.0,230.1,229.9,230.0,12500,2026-10-08,,,,,,,,
1791441060,230.0,230.0,229.9,229.9,15000,2026-10-08,,,,,,,,
1791441120,229.9,229.9,229.7,229.8,12700,2026-10-08,,,,,,,,
1791441180,229.8,230.0,229.8,229.9,23500,2026-10-08,,,,,,,,
1791441240,229.8,230.0,229.8,229.8,6100,2026-10-08,,,,,,,,
1791441300,229.8,229.9,229.6,229.6,16800,2026-10-08,,,,,,,,
1791441360,229.6,229.8,229.6,229.7,16400,2026-10-08,,,,,,,,
1791441420,229.7,230.0,229.7,229.9,17800,2026-10-08,,,,,,,,
1791441480,230.0,230.0,229.8,229.9,15300,2026-10-08,,,,,,,,
1791441540,229.8,229.8,229.5,229.5,23500,2026-10-08,,,,,,,,
1791441600,229.5,229.6,229.3,229.4,20400,2026-10-08,,,,,,,,
1791441660,229.3,229.3,229.0,229.1,25200,2026-10-08,,,,,,,,
1791441720,229.1,229.2,229.0,229.2,7700,2026-10-08,,,,,,,,
1791441780,229.2,229.2,228.9,228.9,11500,2026-10-08,,,,,,,,
1791441840,228.9,229.0,228.9,228.9,16700,2026-10-08,,,,,,,,
1791441900,228.8,228.9,228.4,228.4,34200,2026-10-08,,,,,,,,
1791441960,228.4,228.6,228.4,228.5,4800,2026-10-08,,,,,,,,
1791442020,228.5,228.5,228.0,228.0,26800,2026-10-08,,,,,,,,
1791442080,228.0,228.1,227.9,228.0,38100,2026-10-08,,,,,,,,
1791442140,228.0,228.0,227.8,227.9,15300,2026-10-08,,,,,,,,
1791442200,227.8,227.9,227.7,227.8,6900,2026-10-08,,,,,,,,
1791442260,227.7,227.8,227.6,227.7,7900,2026-10-08,,,,,,,,
1791442320,227.7,227.9,227.7,227.9,10700,2026-10-08,,,,,,,,
1791442380,227.8,228.0,227.7,227.8,4500,2026-10-08,,,,,,,,
1791442440,227.8,228.0,227.7,228.0,4600,2026-10-08,,,,,,,,
1791442500,227.8,228.0,227.8,227.9,5900,2026-10-08,,,,,,,,
1791442560,227.9,228.1,227.8,228.0,15900,2026-10-08,,,,,,,,
1791442620,228.0,228.5,228.0,228.1,16400,2026-10-08,,,,,,,,
1791442680,228.3,228.3,228.1,228.1,14200,2026-10-08,,,,,,,,
1791442740,228.1,228.1,228.0,228.0,15000,2026-10-08,,,,,,,,
1791442800,228.1,228.1,227.7,227.8,26800,2026-10-08,,,,,,,,
1791442860,227.8,227.8,227.6,227.6,19400,2026-10-08,,,,,,,,
1791442920,227.6,227.8,227.6,227.8,24100,2026-10-08,,,,,,,,
1791442980,227.8,227.8,227.6,227.7,22400,2026-10-08,,,,,,,,
1791443040,227.6,227.6,227.5,227.5,41200,2026-10-08,,,,,,,,
1791443100,227.5,227.7,227.4,227.5,26300,2026-10-08,,,,,,,,
1791443160,227.5,227.8,227.3,227.6,38300,2026-10-08,,,,,,,,
1791443220,227.7,228.1,227.7,228.1,47700,2026-10-08,,,,,,,,
1791443280,228.1,228.2,228.0,228.0,22400,2026-10-08,,,,,,,,
1791443340,228.1,228.3,228.0,228.3,42500,2026-10-08,,,,,,,,
1791443400,228.2,228.2,228.0,228.2,31700,2026-10-08,,,,,,,,
1791443460,228.2,228.2,228.1,228.1,17400,2026-10-08,,,,,,,,
1791443520,228.1,228.2,228.0,228.2,34500,2026-10-08,,,,,,,,
1791443580,228.2,229.0,228.2,229.0,75500,2026-10-08,,,,,,,,
1791443640,229.1,229.4,229.1,229.3,43800,2026-10-08,,,,,,,,
1791443700,229.2,229.3,228.9,228.9,8800,2026-10-08,,,,,,,,
1791443760,228.9,228.9,228.5,228.7,7000,2026-10-08,,,,,,,,
1791443820,228.7,229.1,228.7,228.8,41200,2026-10-08,,,,,,,,
1791443880,229.0,229.1,228.9,229.0,27600,2026-10-08,,,,,,,,
1791443940,228.9,229.1,228.4,228.4,21200,2026-10-08,,,,,,,,
1791444000,228.4,228.5,228.2,228.2,9600,2026-10-08,,,,,,,,
1791444060,228.2,228.2,228.1,228.1,8800,2026-10-08,,,,,,,,
1791444120,228.2,228.2,227.8,227.8,29400,2026-10-08,,,,,,,,
1791444180,227.9,228.1,227.9,228.0,34500,2026-10-08,,,,,,,,
1791444240,228.0,228.1,227.7,227.7,27400,2026-10-08,,,,,,,,
1791444300,227.7,228.0,227.7,228.0,35900,2026-10-08,,,,,,,,
1791444360,227.8,227.8,227.6,227.8,26500,2026-10-08,,,,,,,,
1791444420,227.8,229.1,227.8,229.0,77200,2026-10-08,,,,,,,,
1791444480,229.0,229.0,228.6,228.6,16100,2026-10-08,,,,,,,,
1791444540,228.8,228.8,228.2,228.2,23200,2026-10-08,,,,,,,,
1791445500,228.0,228.0,228.0,228.0,29600,2026-10-08,228.0,228.1,1270.0,50.0,460.0,280.0,470.0,730.0
