t,open,high,low,close,volume,date_vn,best_bid,best_ask,bid_volume_1,ask_volume_1,bid_volume_2,ask_volume_2,bid_volume_3,ask_volume_3
1787537700,125.0,125.0,124.9,124.9,96000,2026-08-24,,,,,,,,
1787537760,124.9,124.9,124.9,124.9,5000,2026-08-24,,,,,,,,
1787537820,124.9,125.3,124.9,125.3,14500,2026-08-24,,,,,,,,
1787537880,125.3,125.4,124.9,124.9,18000,2026-08-24,,,,,,,,
1787537940,124.8,124.9,124.8,124.9,1300,2026-08-24,,,,,,,,
1787538000,124.8,125.0,124.7,124.8,22700,2026-08-24,,,,,,,,
1787538060,125.0,125.0,124.8,124.8,3100,2026-08-24,,,,,,,,
1787538120,124.8,125.0,124.8,125.0,11300,2026-08-24,,,,,,,,
1787538180,125.0,125.1,124.8,125.1,29900,2026-08-24,,,,,,,,
1787538240,125.0,125.1,124.8,124.8,13200,2026-08-24,,,,,,,,
1787538300,124.8,124.8,124.8,124.8,1600,2026-08-24,,,,,,,,
1787538360,124.8,124.9,124.8,124.9,1800,2026-08-24,,,,,,,,
1787538420,124.8,125.0,124.7,125.0,12500,2026-08-24,,,,,,,,
1787538480,124.8,124.8,124.8,124.8,400,2026-08-24,,,,,,,,
1787538540,124.9,124.9,124.9,124.9,500,2026-08-24,,,,,,,,
1787538600,124.8,124.8,124.0,124.0,14900,2026-08-24,,,,,,,,
1787538660,124.0,124.0,124.0,124.0,900,2026-08-24,,,,,,,,
1787538720,124.1,124.1,124.0,124.0,2100,2026-08-24,,,,,,,,
1787538780,124.0,124.0,124.0,124.0,400,2026-08-24,,,,,,,,
1787538840,124.1,124.1,124.1,124.1,200,2026-08-24,,,,,,,,
1787538900,124.1,124.1,124.1,124.1,100,2026-08-24,,,,,,,,
1787538960,124.1,124.2,124.1,124.2,900,2026-08-24,,,,,,,,
1787539020,124.2,124.2,124.2,124.2,200,2026-08-24,,,,,,,,
1787539080,124.2,124.2,124.2,124.2,300,2026-08-24,,,,,,,,
1787539140,124.2,124.2,124.2,124.2,200,2026-08-24,,,,,,,,
1787539200,124.2,124.2,124.0,124.0,5100,2026-08-24,,,,,,,,
1787539260,124.1,124.1,124.1,124.1,100,2026-08-24,,,,,,,,
1787539320,124.2,124.6,124.2,124.6,10600,2026-08-24,,,,,,,,
1787539440,124.6,124.6,124.6,124.6,500,2026-08-24,,,,,,,,
1787539500,124.8,124.8,124.5,124.5,6300,2026-08-24,,,,,,,,
1787539560,124.4,124.4,124.4,124.4,100,2026-08-24,,,,,,,,
1787539620,124.4,124.4,124.4,124.4,100,2026-08-24,,,,,,,,
1787539680,124.4,124.5,124.4,124.5,26300,2026-08-24,,,,,,,,
1787539740,124.5,124.5,124.3,124.3,49800,2026-08-24,,,,,,,,
1787539800,124.5,124.5,124.3,124.3,2100,2026-08-24,,,,,,,,
1787539860,124.5,124.5,124.5,124.5,22000,2026-08-24,,,,,,,,
1787539920,124.5,124.5,124.2,124.2,17600,2026-08-24,,,,,,,,
1787539980,124.2,124.5,124.2,124.2,28100,2026-08-24,,,,,,,,
1787540040,124.2,124.5,124.2,124.5,20700,2026-08-24,,,,,,,,
1787540100,124.2,124.5,124.1,124.5,7000,2026-08-24,,,,,,,,
1787540160,124.3,124.5,124.3,124.5,8700,2026-08-24,,,,,,,,
1787540340,124.5,124.5,124.5,124.5,100,2026-08-24,,,,,,,,
1787540400,124.5,124.5,124.5,124.5,100,2026-08-24,,,,,,,,
1787540460,124.5,124.5,124.5,124.5,200,2026-08-24,,,,,,,,
1787540520,124.5,124.5,124.3,124.4,5000,2026-08-24,,,,,,,,
1787540640,124.4,124.4,124.4,124.4,100,2026-08-24,,,,,,,,
1787540700,124.5,124.5,124.4,124.5,400,2026-08-24,,,,,,,,
1787540760,124.4,124.5,124.4,124.5,500,2026-08-24,,,,,,,,
1787540820,124.4,124.4,124.4,124.4,600,2026-08-24,,,,,,,,
1787540880,124.3,124.3,124.3,124.3,4800,2026-08-24,,,,,,,,
1787540940,124.4,124.5,124.3,124.5,1200,2026-08-24,,,,,,,,
1787541000,124.5,124.5,124.5,124.5,900,2026-08-24,,,,,,,,
1787541060,124.4,124.4,124.3,124.3,3100,2026-08-24,,,,,,,,
1787541120,124.3,124.3,124.3,124.3,2100,2026-08-24,,,,,,,,
1787541300,124.4,124.4,124.4,124.4,200,2026-08-24,,,,,,,,
1787541360,124.3,124.3,124.3,124.3,100,2026-08-24,,,,,,,,
1787541420,124.3,124.4,124.1,124.1,10600,2026-08-24,,,,,,,,
1787541480,124.1,124.5,124.0,124.4,13600,2026-08-24,,,,,,,,
1787541540,124.4,124.4,124.4,124.4,100,2026-08-24,,,,,,,,
1787541600,124.5,124.5,124.5,124.5,100,2026-08-24,,,,,,,,
1787541660,124.4,124.4,124.4,124.4,600,2026-08-24,,,,,,,,
1787541720,124.4,124.4,124.4,124.4,100,2026-08-24,,,,,,,,
1787541780,124.4,124.4,124.4,124.4,100,2026-08-24,,,,,,,,
1787541840,124.5,124.5,124.4,124.4,1200,2026-08-24,,,,,,,,
1787541900,124.4,124.5,124.4,124.5,1200,2026-08-24,,,,,,,,
1787541960,124.4,124.5,124.4,124.5,600,2026-08-24,,,,,,,,
1787542020,124.4,124.4,124.4,124.4,200,2026-08-24,,,,,,,,
1787542080,124.4,124.4,124.4,124.4,400,2026-08-24,,,,,,,,
1787542140,124.4,124.4,124.4,124.4,100,2026-08-24,,,,,,,,
1787542200,124.4,124.4,124.4,124.4,1400,2026-08-24,,,,,,,,
1787542260,124.4,124.4,124.3,124.3,200,2026-08-24,,,,,,,,
1787542320,124.3,124.4,124.3,124.4,200,2026-08-24,,,,,,,,
1787542380,124.3,124.3,124.3,124.3,100,2026-08-24,,,,,,,,
1787542440,124.3,124.3,124.3,124.3,5500,2026-08-24,,,,,,,,
1787542500,124.3,124.3,124.3,124.3,100,2026-08-24,,,,,,,,
1787542560,124.4,124.4,124.4,124.4,200,2026-08-24,,,,,,,,
1787542620,124.3,124.3,124.3,124.3,200,2026-08-24,,,,,,,,
1787542680,124.3,124.5,124.3,124.5,26500,2026-08-24,,,,,,,,
1787542740,124.5,124.5,124.3,124.5,7600,2026-08-24,,,,,,,,
1787542800,124.5,124.5,124.3,124.3,5900,2026-08-24,,,,,,,,
1787542860,124.5,124.5,124.2,124.2,1100,2026-08-24,,,,,,,,
1787542920,124.2,124.2,124.2,124.2,1700,2026-08-24,,,,,,,,
1787542980,124.2,124.2,124.0,124.1,23200,2026-08-24,,,,,,,,
1787543040,124.1,124.1,124.0,124.0,200,2026-08-24,,,,,,,,
1787543100,124.0,124.3,124.0,124.3,12600,2026-08-24,,,,,,,,
1787543160,124.4,124.4,124.1,124.1,8200,2026-08-24,,,,,,,,
1787543220,124.0,124.0,124.0,124.0,100,2026-08-24,,,,,,,,
1787543280,124.0,124.1,124.0,124.1,1900,2026-08-24,,,,,,,,
1787543340,124.1,124.1,124.1,124.1,100,2026-08-24,,,,,,,,
1787543400,124.1,124.1,124.1,124.1,100,2026-08-24,,,,,,,,
1787543460,124.2,124.2,124.2,124.2,400,2026-08-24,,,,,,,,
1787543520,124.1,124.1,124.1,124.1,100,2026-08-24,,,,,,,,
1787543580,124.1,124.1,124.1,124.1,100,2026-08-24,,,,,,,,
1787543640,124.1,124.1,124.1,124.1,200,2026-08-24,,,,,,,,
1787543700,124.1,124.1,124.1,124.1,200,2026-08-24,,,,,,,,
1787543760,124.1,124.2,124.1,124.1,1000,2026-08-24,,,,,,,,
1787543820,124.1,124.1,124.1,124.1,200,2026-08-24,,,,,,,,
1787543880,124.1,124.1,124.1,124.1,200,2026-08-24,,,,,,,,
1787543940,124.1,124.1,124.1,124.1,200,2026-08-24,,,,,,,,
1787544000,124.1,124.1,124.1,124.1,300,2026-08-24,,,,,,,,
1787544060,124.4,124.4,124.1,124.1,300,2026-08-24,,,,,,,,
1787544120,124.1,124.1,124.1,124.1,200,2026-08-24,,,,,,,,
1787544180,124.1,124.1,124.1,124.1,200,2026-08-24,,,,,,,,
1787544240,124.1,124.1,124.1,124.1,300,2026-08-24,,,,,,,,
1787544300,124.1,124.1,124.1,124.1,200,2026-08-24,,,,,,,,
1787544360,124.4,124.4,124.1,124.1,300,2026-08-24,,,,,,,,
1787544420,124.1,124.5,124.1,124.1,15200,2026-08-24,,,,,,,,
1787544480,124.1,124.5,124.1,124.5,1000,2026-08-24,,,,,,,,
1787544660,124.5,124.5,124.5,124.5,900,2026-08-24,,,,,,,,
1787544720,124.5,124.5,124.5,124.5,27000,2026-08-24,,,,,,,,
1787544780,124.5,124.5,124.5,124.5,1000,2026-08-24,,,,,,,,
1787545020,124.5,124.5,124.5,124.5,1600,2026-08-24,,,,,,,,
1787545200,124.5,124.5,124.5,124.5,300,2026-08-24,,,,,,,,
1787545260,124.5,124.5,124.5,124.5,1000,2026-08-24,,,,,,,,
1787545320,124.5,124.5,124.5,124.5,200,2026-08-24,,,,,,,,
1787545440,124.4,124.4,124.4,124.4,100,2026-08-24,,,,,,,,
1787545500,124.4,124.4,124.4,124.4,100,2026-08-24,,,,,,,,
1787545560,124.4,124.5,124.4,124.5,2800,2026-08-24,,,,,,,,
1787545620,124.3,124.3,124.3,124.3,100,2026-08-24,,,,,,,,
1787545680,124.5,124.5,124.3,124.3,1100,2026-08-24,,,,,,,,
1787551200,124.4,124.5,124.1,124.1,12500,2026-08-24,,,,,,,,
1787551260,124.4,124.4,124.1,124.4,8600,2026-08-24,,,,,,,,
1787551320,124.2,124.4,124.1,124.4,28000,2026-08-24,,,,,,,,
1787551380,124.1,124.4,124.1,124.4,3400,2026-08-24,,,,,,,,
1787551440,124.4,124.4,124.1,124.1,10400,2026-08-24,,,,,,,,
1787551500,124.2,124.3,124.2,124.3,6700,2026-08-24,,,,,,,,
1787551560,124.3,124.4,124.3,124.4,9300,2026-08-24,,,,,,,,
1787551620,124.3,124.3,124.3,124.3,16900,2026-08-24,,,,,,,,
1787551740,124.3,124.4,124.2,124.4,1200,2026-08-24,,,,,,,,
1787551800,124.4,124.5,124.4,124.5,26000,2026-08-24,,,,,,,,
1787551860,124.5,124.5,124.5,124.5,19300,2026-08-24,,,,,,,,
1787551920,124.3,124.5,124.3,124.5,1900,2026-08-24,,,,,,,,
1787551980,124.5,124.8,124.3,124.8,13900,2026-08-24,,,,,,,,
1787552040,124.8,124.9,124.4,124.4,10900,2026-08-24,,,,,,,,
1787552100,124.4,124.5,124.4,124.4,11000,2026-08-24,,,,,,,,
1787552160,124.4,124.6,124.4,124.6,15600,2026-08-24,,,,,,,,
1787552220,124.6,124.6,124.4,124.4,20300,2026-08-24,,,,,,,,
1787552280,124.4,124.5,124.4,124.5,19200,2026-08-24,,,,,,,,
1787552340,124.5,124.5,124.5,124.5,16100,2026-08-24,,,,,,,,
1787552400,124.4,124.5,124.4,124.4,7600,2026-08-24,,,,,,,,
1787552460,124.4,124.5,124.3,124.5,10500,2026-08-24,,,,,,,,
1787552520,124.3,124.4,124.3,124.3,14900,2026-08-24,,,,,,,,
1787552580,124.4,124.4,124.3,124.4,17400,2026-08-24,,,,,,,,
1787552640,124.4,124.5,124.4,124.5,13500,2026-08-24,,,,,,,,
1787552700,124.5,124.5,124.3,124.5,15900,2026-08-24,,,,,,,,
1787552760,124.5,124.5,124.3,124.5,8000,2026-08-24,,,,,,,,
1787552820,124.5,124.6,124.5,124.6,6400,2026-08-24,,,,,,,,
1787552880,124.6,124.7,124.5,124.7,6300,2026-08-24,,,,,,,,
1787552940,124.6,124.7,124.6,124.7,200,2026-08-24,,,,,,,,
1787553000,124.7,124.7,124.6,124.6,200,2026-08-24,,,,,,,,
1787553060,124.6,124.6,124.5,124.5,4600,2026-08-24,,,,,,,,
1787553120,124.4,124.4,124.4,124.4,100,2026-08-24,,,,,,,,
1787553180,124.5,124.5,124.4,124.5,31700,2026-08-24,,,,,,,,
1787553240,124.5,124.5,124.4,124.4,24300,2026-08-24,,,,,,,,
1787553360,124.4,124.4,124.3,124.4,11500,2026-08-24,,,,,,,,
1787553420,124.4,124.5,124.2,124.5,17100,2026-08-24,,,,,,,,
1787553480,124.3,124.5,124.3,124.3,1100,2026-08-24,,,,,,,,
1787553600,124.2,124.2,124.2,124.2,400,2026-08-24,,,,,,,,
1787553660,124.2,124.2,124.2,124.2,300,2026-08-24,,,,,,,,
1787553720,124.2,124.2,124.2,124.2,100,2026-08-24,,,,,,,,
1787553780,124.2,124.2,124.2,124.2,100,2026-08-24,,,,,,,,
1787553840,124.2,124.2,124.2,124.2,100,2026-08-24,,,,,,,,
1787553900,124.2,124.2,124.2,124.2,400,2026-08-24,,,,,,,,
1787553960,124.3,124.3,124.2,124.2,200,2026-08-24,,,,,,,,
1787554080,124.2,124.3,124.2,124.3,500,2026-08-24,,,,,,,,
1787554140,124.3,124.5,124.3,124.5,8900,2026-08-24,,,,,,,,
1787554200,124.6,124.7,124.5,124.5,13700,2026-08-24,,,,,,,,
1787554260,124.5,124.6,124.5,124.6,24000,2026-08-24,,,,,,,,
1787554320,124.5,124.7,124.5,124.7,36100,2026-08-24,,,,,,,,
1787554380,124.7,124.7,124.7,124.7,14000,2026-08-24,,,,,,,,
1787554440,124.5,124.5,124.4,124.4,6000,2026-08-24,,,,,,,,
1787554500,124.4,124.4,124.4,124.4,1300,2026-08-24,,,,,,,,
1787554560,124.5,124.5,124.4,124.4,5100,2026-08-24,,,,,,,,
1787554620,124.4,124.4,124.4,124.4,200,2026-08-24,,,,,,,,
1787554680,124.4,124.4,124.3,124.3,6900,2026-08-24,,,,,,,,
1787554740,124.2,124.2,124.2,124.2,1600,2026-08-24,,,,,,,,
1787554800,124.2,124.3,124.1,124.1,21100,2026-08-24,,,,,,,,
1787554860,124.1,124.5,124.1,124.5,10200,2026-08-24,,,,,,,,
1787554920,124.5,124.5,124.2,124.2,18200,2026-08-24,,,,,,,,
1787554980,124.5,124.5,124.2,124.2,4700,2026-08-24,,,,,,,,
1787555040,124.2,124.2,124.2,124.2,200,2026-08-24,,,,,,,,
1787555100,124.2,124.2,124.2,124.2,600,2026-08-24,,,,,,,,
1787555160,124.2,124.2,124.2,124.2,800,2026-08-24,,,,,,,,
1787555220,124.2,124.2,124.2,124.2,500,2026-08-24,,,,,,,,
1787555340,124.2,124.2,124.2,124.2,400,2026-08-24,,,,,,,,
1787555400,124.5,124.5,124.5,124.5,100,2026-08-24,,,,,,,,
1787555520,124.5,124.5,124.2,124.5,22400,2026-08-24,,,,,,,,
1787555580,124.2,124.2,124.2,124.2,100,2026-08-24,,,,,,,,
1787555640,124.5,124.5,124.5,124.5,200,2026-08-24,,,,,,,,
1787555700,124.2,124.2,124.2,124.2,100,2026-08-24,,,,,,,,
1787555760,124.2,124.2,124.2,124.2,100,2026-08-24,,,,,,,,
1787555880,124.3,124.3,124.3,124.3,400,2026-08-24,,,,,,,,
1787556000,124.4,124.4,124.4,124.4,1700,2026-08-24,,,,,,,,
1787556060,124.4,124.4,124.3,124.3,8700,2026-08-24,,,,,,,,
1787556120,124.3,124.3,124.3,124.3,300,2026-08-24,,,,,,,,
1787556180,124.3,124.3,124.2,124.2,19300,2026-08-24,,,,,,,,
1787556240,124.2,124.5,124.2,124.2,2200,2026-08-24,,,,,,,,
1787556300,124.2,124.2,124.2,124.2,200,2026-08-24,,,,,,,,
1787556360,124.3,124.3,124.3,124.3,900,2026-08-24,,,,,,,,
1787556420,124.3,124.3,124.2,124.2,400,2026-08-24,,,,,,,,
1787556480,124.2,124.3,124.2,124.3,1400,2026-08-24,,,,,,,,
1787556540,124.2,124.3,124.2,124.3,2900,2026-08-24,,,,,,,,
1787557500,124.5,124.5,124.5,124.5,55700,2026-08-24,,,,,,,,
1787624100,124.6,124.6,124.4,124.4,89400,2026-08-25,,,,,,,,
1787624160,124.4,124.5,124.4,124.5,2300,2026-08-25,,,,,,,,
1787624220,124.6,125.0,124.6,125.0,17900,2026-08-25,,,,,,,,
1787624280,124.9,124.9,124.6,124.8,9300,2026-08-25,,,,,,,,
1787624340,124.6,124.6,124.6,124.6,600,2026-08-25,,,,,,,,
1787624400,124.7,124.8,124.7,124.8,2200,2026-08-25,,,,,,,,
1787624460,124.8,125.0,124.8,125.0,6500,2026-08-25,,,,,,,,
1787624520,125.0,125.0,125.0,125.0,10100,2026-08-25,,,,,,,,
1787624640,125.0,125.0,125.0,125.0,2800,2026-08-25,,,,,,,,
1787624700,124.9,125.0,124.9,125.0,7700,2026-08-25,,,,,,,,
1787624760,124.9,125.0,124.9,125.0,400,2026-08-25,,,,,,,,
1787624820,124.7,124.7,124.7,124.7,4000,2026-08-25,,,,,,,,
1787624880,124.7,124.7,124.7,124.7,4600,2026-08-25,,,,,,,,
1787624940,124.7,124.7,124.7,124.7,200,2026-08-25,,,,,,,,
1787625000,124.6,124.7,124.6,124.7,300,2026-08-25,,,,,,,,
1787625060,124.6,124.7,124.6,124.7,22100,2026-08-25,,,,,,,,
1787625120,124.5,124.5,124.5,124.5,10200,2026-08-25,,,,,,,,
1787625180,124.5,124.5,124.5,124.5,12100,2026-08-25,,,,,,,,
1787625240,124.4,124.4,124.4,124.4,100,2026-08-25,,,,,,,,
1787625360,124.5,124.5,124.5,124.5,1000,2026-08-25,,,,,,,,
1787625420,124.5,124.5,124.5,124.5,900,2026-08-25,,,,,,,,
1787625480,124.5,124.7,124.5,124.7,1900,2026-08-25,,,,,,,,
1787625540,124.7,124.9,124.7,124.9,6100,2026-08-25,,,,,,,,
1787625600,124.9,125.0,124.9,125.0,4100,2026-08-25,,,,,,,,
1787625660,125.0,125.0,125.0,125.0,800,2026-08-25,,,,,,,,
1787625720,124.9,124.9,124.9,124.9,2900,2026-08-25,,,,,,,,
1787625780,124.9,124.9,124.8,124.9,24300,2026-08-25,,,,,,,,
1787625840,124.9,124.9,124.9,124.9,10800,2026-08-25,,,,,,,,
1787625900,124.9,124.9,124.9,124.9,1200,2026-08-25,,,,,,,,
1787625960,124.9,125.0,124.9,125.0,2800,2026-08-25,,,,,,,,
1787626020,125.0,125.0,124.9,125.0,4800,2026-08-25,,,,,,,,
1787626080,125.0,125.0,124.8,125.0,41100,2026-08-25,,,,,,,,
1787626140,124.8,124.9,124.8,124.9,9600,2026-08-25,,,,,,,,
1787626200,124.9,124.9,124.9,124.9,800,2026-08-25,,,,,,,,
1787626260,124.7,124.9,124.6,124.6,2500,2026-08-25,,,,,,,,
1787626320,124.6,124.9,124.6,124.9,1000,2026-08-25,,,,,,,,
1787626380,124.9,124.9,124.7,124.7,15900,2026-08-25,,,,,,,,
1787626440,124.6,124.6,124.5,124.6,35100,2026-08-25,,,,,,,,
1787626500,124.6,124.7,124.5,124.5,900,2026-08-25,,,,,,,,
1787626560,124.5,124.7,124.5,124.7,29800,2026-08-25,,,,,,,,
1787626620,124.7,124.7,124.7,124.7,800,2026-08-25,,,,,,,,
1787626680,124.6,124.6,124.6,124.6,800,2026-08-25,,,,,,,,
1787626740,124.5,124.7,124.5,124.7,2500,2026-08-25,,,,,,,,
1787626800,124.5,124.7,124.4,124.6,16100,2026-08-25,,,,,,,,
1787626860,124.5,124.5,124.5,124.5,6000,2026-08-25,,,,,,,,
1787626920,124.5,124.6,124.5,124.6,1800,2026-08-25,,,,,,,,
1787626980,124.6,124.6,124.6,124.6,1800,2026-08-25,,,,,,,,
1787627040,124.6,124.7,124.6,124.6,1600,2026-08-25,,,,,,,,
1787627100,124.6,124.6,124.6,124.6,800,2026-08-25,,,,,,,,
1787627160,124.6,124.8,124.6,124.8,1800,2026-08-25,,,,,,,,
1787627220,124.8,125.0,124.8,125.0,7100,2026-08-25,,,,,,,,
1787627280,125.0,125.1,125.0,125.0,12900,2026-08-25,,,,,,,,
1787627340,125.0,125.1,125.0,125.0,3300,2026-08-25,,,,,,,,
1787627400,125.0,125.1,125.0,125.1,2200,2026-08-25,,,,,,,,
1787627460,125.1,125.1,125.0,125.1,2400,2026-08-25,,,,,,,,
1787627520,125.0,125.0,124.9,125.0,1800,2026-08-25,,,,,,,,
1787627580,125.0,125.0,124.9,125.0,5500,2026-08-25,,,,,,,,
1787627640,124.9,125.0,124.7,125.0,21100,2026-08-25,,,,,,,,
1787627700,125.0,125.0,124.7,124.7,1400,2026-08-25,,,,,,,,
1787627760,124.9,125.0,124.7,124.7,900,2026-08-25,,,,,,,,
1787627820,125.0,125.0,124.9,125.0,2300,2026-08-25,,,,,,,,
1787627880,125.0,125.0,124.9,125.0,28300,2026-08-25,,,,,,,,
1787627940,125.0,125.0,124.9,124.9,16000,2026-08-25,,,,,,,,
1787628000,125.0,125.0,124.9,124.9,900,2026-08-25,,,,,,,,
1787628060,124.9,125.0,124.8,124.8,2200,2026-08-25,,,,,,,,
1787628120,124.8,125.0,124.8,125.0,3400,2026-08-25,,,,,,,,
1787628180,125.0,125.0,124.9,124.9,10600,2026-08-25,,,,,,,,
1787628240,125.0,125.0,125.0,125.0,3400,2026-08-25,,,,,,,,
1787628300,125.0,125.1,124.9,124.9,8400,2026-08-25,,,,,,,,
1787628360,125.0,125.0,124.9,124.9,200,2026-08-25,,,,,,,,
1787628420,125.1,125.1,124.9,124.9,900,2026-08-25,,,,,,,,
1787628480,125.0,125.0,124.9,125.0,900,2026-08-25,,,,,,,,
1787628540,125.0,125.0,124.9,124.9,1000,2026-08-25,,,,,,,,
1787628600,124.9,124.9,124.9,124.9,100,2026-08-25,,,,,,,,
1787628660,124.9,125.0,124.9,125.0,900,2026-08-25,,,,,,,,
1787628720,124.9,124.9,124.9,124.9,100,2026-08-25,,,,,,,,
1787628780,124.9,124.9,124.9,124.9,1300,2026-08-25,,,,,,,,
1787628840,125.0,125.0,124.9,124.9,1000,2026-08-25,,,,,,,,
1787628900,124.9,125.0,124.9,125.0,3100,2026-08-25,,,,,,,,
1787628960,125.0,125.0,124.8,124.8,2400,2026-08-25,,,,,,,,
1787629020,124.8,125.0,124.8,125.0,300,2026-08-25,,,,,,,,
1787629080,125.0,125.0,124.9,124.9,700,2026-08-25,,,,,,,,
1787629140,124.9,125.0,124.9,124.9,400,2026-08-25,,,,,,,,
1787629200,124.9,125.0,124.9,125.0,28000,2026-08-25,,,,,,,,
1787629260,124.9,124.9,124.9,124.9,200,2026-08-25,,,,,,,,
1787629320,124.9,124.9,124.9,124.9,200,2026-08-25,,,,,,,,
1787629380,124.9,124.9,124.9,124.9,1100,2026-08-25,,,,,,,,
1787629440,124.8,125.0,124.8,125.0,1400,2026-08-25,,,,,,,,
1787629500,124.8,124.8,124.7,124.7,2300,2026-08-25,,,,,,,,
1787629560,124.7,124.7,124.7,124.7,200,2026-08-25,,,,,,,,
1787629620,124.7,124.7,124.7,124.7,1400,2026-08-25,,,,,,,,
1787629680,124.7,124.7,124.7,124.7,200,2026-08-25,,,,,,,,
1787629740,124.7,124.7,124.7,124.7,200,2026-08-25,,,,,,,,
1787629800,124.7,124.7,124.6,124.6,200,2026-08-25,,,,,,,,
1787629860,124.6,124.6,124.6,124.6,200,2026-08-25,,,,,,,,
1787629920,124.5,124.6,124.5,124.6,1700,2026-08-25,,,,,,,,
1787629980,124.6,124.6,124.6,124.6,200,2026-08-25,,,,,,,,
1787630040,124.6,124.6,124.6,124.6,200,2026-08-25,,,,,,,,
1787630100,124.5,124.9,124.5,124.5,1100,2026-08-25,,,,,,,,
1787630160,124.7,124.7,124.5,124.6,1000,2026-08-25,,,,,,,,
1787630220,124.6,124.6,124.5,124.5,200,2026-08-25,,,,,,,,
1787630280,124.5,124.7,124.5,124.7,1000,2026-08-25,,,,,,,,
1787630340,124.5,124.7,124.5,124.7,1000,2026-08-25,,,,,,,,
1787630400,124.5,124.7,124.5,124.5,1000,2026-08-25,,,,,,,,
1787630460,124.5,124.7,124.5,124.7,1000,2026-08-25,,,,,,,,
1787630520,124.6,124.6,124.6,124.6,1200,2026-08-25,,,,,,,,
1787630580,124.6,124.6,124.6,124.6,300,2026-08-25,,,,,,,,
1787630640,124.6,124.7,124.6,124.7,1100,2026-08-25,,,,,,,,
1787630700,124.6,124.6,124.6,124.6,200,2026-08-25,,,,,,,,
1787630760,124.6,124.6,124.6,124.6,300,2026-08-25,,,,,,,,
1787630820,124.6,124.7,124.6,124.6,1000,2026-08-25,,,,,,,,
1787630880,124.6,124.7,124.6,124.7,300,2026-08-25,,,,,,,,
1787630940,124.7,124.7,124.7,124.7,700,2026-08-25,,,,,,,,
1787631000,124.7,124.7,124.7,124.7,200,2026-08-25,,,,,,,,
1787631060,124.7,124.7,124.7,124.7,400,2026-08-25,,,,,,,,
1787631120,124.7,124.7,124.7,124.7,200,2026-08-25,,,,,,,,
1787631180,124.7,124.7,124.7,124.7,300,2026-08-25,,,,,,,,
1787631240,124.7,124.7,124.7,124.7,200,2026-08-25,,,,,,,,
1787631300,124.7,124.7,124.7,124.7,700,2026-08-25,,,,,,,,
1787631360,124.7,124.9,124.7,124.9,10200,2026-08-25,,,,,,,,
1787631420,124.9,125.0,124.5,124.8,38200,2026-08-25,,,,,,,,
1787631480,124.8,124.8,124.5,124.5,14000,2026-08-25,,,,,,,,
1787631540,124.6,125.0,124.5,124.5,59000,2026-08-25,,,,,,,,
1787631600,124.5,125.0,124.5,125.0,2400,2026-08-25,,,,,,,,
1787631660,124.7,124.7,124.7,124.7,200,2026-08-25,,,,,,,,
1787631720,124.7,124.7,124.7,124.7,300,2026-08-25,,,,,,,,
1787631780,124.7,124.7,124.7,124.7,200,2026-08-25,,,,,,,,
1787631840,124.7,124.9,124.7,124.9,800,2026-08-25,,,,,,,,
1787631900,124.9,124.9,124.5,124.9,10400,2026-08-25,,,,,,,,
1787631960,124.9,125.0,124.9,124.9,1800,2026-08-25,,,,,,,,
1787632020,124.9,124.9,124.8,124.9,5500,2026-08-25,,,,,,,,
1787632080,124.8,125.0,124.8,125.0,25700,2026-08-25,,,,,,,,
1787632140,124.8,125.0,124.8,125.0,1100,2026-08-25,,,,,,,,
1787637600,124.8,125.0,124.6,124.6,6200,2026-08-25,,,,,,,,
1787637660,124.6,124.9,124.6,124.9,16300,2026-08-25,,,,,,,,
1787637720,124.9,124.9,124.6,124.6,16800,2026-08-25,,,,,,,,
1787637780,124.6,124.6,124.6,124.6,800,2026-08-25,,,,,,,,
1787637840,124.9,124.9,124.6,124.6,900,2026-08-25,,,,,,,,
1787637900,124.6,124.9,124.6,124.6,1200,2026-08-25,,,,,,,,
1787637960,124.9,124.9,124.6,124.9,1700,2026-08-25,,,,,,,,
1787638020,124.7,124.9,124.5,124.9,32600,2026-08-25,,,,,,,,
1787638080,124.8,124.8,124.5,124.7,11300,2026-08-25,,,,,,,,
1787638140,124.6,124.6,124.5,124.6,5400,2026-08-25,,,,,,,,
1787638200,124.5,124.8,124.5,124.8,7300,2026-08-25,,,,,,,,
1787638260,124.8,125.0,124.7,124.7,13400,2026-08-25,,,,,,,,
1787638320,124.7,124.7,124.6,124.6,36300,2026-08-25,,,,,,,,
1787638380,124.5,124.6,124.5,124.6,3000,2026-08-25,,,,,,,,
1787638440,124.6,124.6,124.5,124.6,2400,2026-08-25,,,,,,,,
1787638500,124.6,124.6,124.6,124.6,200,2026-08-25,,,,,,,,
1787638560,124.6,124.6,124.5,124.5,5700,2026-08-25,,,,,,,,
1787638620,124.5,124.5,124.5,124.5,8300,2026-08-25,,,,,,,,
1787638680,124.5,124.5,124.4,124.5,4700,2026-08-25,,,,,,,,
1787638740,124.4,124.6,124.4,124.6,6800,2026-08-25,,,,,,,,
1787638800,124.6,124.7,124.3,124.3,13300,2026-08-25,,,,,,,,
1787638860,124.3,124.4,124.3,124.3,800,2026-08-25,,,,,,,,
1787638920,124.3,124.3,124.3,124.3,400,2026-08-25,,,,,,,,
1787638980,124.3,124.3,124.3,124.3,300,2026-08-25,,,,,,,,
1787639040,124.3,124.4,124.3,124.4,700,2026-08-25,,,,,,,,
1787639100,124.3,124.4,124.3,124.4,900,2026-08-25,,,,,,,,
1787639160,124.4,124.4,124.3,124.3,400,2026-08-25,,,,,,,,
1787639220,124.3,124.3,124.3,124.3,600,2026-08-25,,,,,,,,
1787639280,124.3,124.3,124.2,124.2,1100,2026-08-25,,,,,,,,
1787639340,124.2,124.3,124.2,124.2,1100,2026-08-25,,,,,,,,
1787639400,124.2,124.2,124.2,124.2,500,2026-08-25,,,,,,,,
1787639460,124.2,124.5,124.2,124.2,5500,2026-08-25,,,,,,,,
1787639520,124.2,124.2,124.2,124.2,1400,2026-08-25,,,,,,,,
1787639580,124.2,124.4,124.2,124.4,7600,2026-08-25,,,,,,,,
1787639640,124.4,124.4,124.3,124.4,11600,2026-08-25,,,,,,,,
1787639700,124.5,124.5,124.4,124.5,8800,2026-08-25,,,,,,,,
1787639760,124.4,124.6,124.4,124.5,9300,2026-08-25,,,,,,,,
1787639820,124.6,124.6,124.4,124.4,13100,2026-08-25,,,,,,,,
1787639880,124.4,124.5,124.4,124.5,6900,2026-08-25,,,,,,,,
1787639940,124.5,124.5,124.4,124.4,8900,2026-08-25,,,,,,,,
1787640000,124.4,124.5,124.4,124.4,5000,2026-08-25,,,,,,,,
1787640060,124.4,124.5,124.4,124.5,13000,2026-08-25,,,,,,,,
1787640120,124.5,124.5,124.4,124.4,8500,2026-08-25,,,,,,,,
1787640180,124.4,124.5,124.4,124.4,1800,2026-08-25,,,,,,,,
1787640240,124.4,124.4,124.4,124.4,500,2026-08-25,,,,,,,,
1787640300,124.4,124.4,124.4,124.4,500,2026-08-25,,,,,,,,
1787640360,124.4,124.5,124.4,124.4,6100,2026-08-25,,,,,,,,
1787640420,124.4,124.5,124.3,124.3,26400,2026-08-25,,,,,,,,
1787640480,124.3,124.5,124.2,124.5,18000,2026-08-25,,,,,,,,
1787640540,124.2,124.4,124.2,124.4,26400,2026-08-25,,,,,,,,
1787640600,124.2,124.4,124.2,124.2,29200,2026-08-25,,,,,,,,
1787640660,124.2,124.5,124.2,124.5,18400,2026-08-25,,,,,,,,
1787640720,124.2,124.2,124.2,124.2,400,2026-08-25,,,,,,,,
1787640780,124.2,124.2,124.2,124.2,400,2026-08-25,,,,,,,,
1787640960,124.2,124.2,124.2,124.2,400,2026-08-25,,,,,,,,
1787641020,124.2,124.2,124.1,124.1,3600,2026-08-25,,,,,,,,
1787641080,124.2,124.3,124.2,124.2,1600,2026-08-25,,,,,,,,
1787641140,124.2,124.2,124.1,124.2,3300,2026-08-25,,,,,,,,
1787641200,124.1,124.1,124.0,124.1,5000,2026-08-25,,,,,,,,
1787641260,124.0,124.0,123.9,123.9,1800,2026-08-25,,,,,,,,
1787641320,123.9,123.9,123.8,123.8,4000,2026-08-25,,,,,,,,
1787641380,123.8,123.9,123.8,123.9,1200,2026-08-25,,,,,,,,
1787641440,123.9,123.9,123.8,123.8,500,2026-08-25,,,,,,,,
1787641500,123.8,123.9,123.8,123.8,1300,2026-08-25,,,,,,,,
1787641560,123.8,123.8,123.8,123.8,400,2026-08-25,,,,,,,,
1787641620,123.8,123.9,123.8,123.8,700,2026-08-25,,,,,,,,
1787641680,124.0,124.4,124.0,124.4,1100,2026-08-25,,,,,,,,
1787641740,124.4,124.5,124.4,124.5,2500,2026-08-25,,,,,,,,
1787641800,124.4,124.4,124.4,124.4,100,2026-08-25,,,,,,,,
1787641860,124.4,124.6,124.4,124.6,48500,2026-08-25,,,,,,,,
1787641920,124.6,124.9,124.6,124.9,9200,2026-08-25,,,,,,,,
1787641980,124.6,124.9,124.6,124.9,13500,2026-08-25,,,,,,,,
1787642040,124.7,124.9,124.7,124.8,3200,2026-08-25,,,,,,,,
1787642100,124.8,124.8,124.8,124.8,1200,2026-08-25,,,,,,,,
1787642160,124.8,124.8,124.8,124.8,1300,2026-08-25,,,,,,,,
1787642220,124.7,124.7,124.7,124.7,2200,2026-08-25,,,,,,,,
1787642280,124.6,124.6,124.6,124.6,100,2026-08-25,,,,,,,,
1787642340,124.6,124.6,124.6,124.6,600,2026-08-25,,,,,,,,
1787642400,124.6,124.7,124.6,124.7,1700,2026-08-25,,,,,,,,
1787642460,124.7,124.8,124.7,124.8,12300,2026-08-25,,,,,,,,
1787642520,124.8,124.9,124.6,124.9,33300,2026-08-25,,,,,,,,
1787642580,124.9,124.9,124.9,124.9,800,2026-08-25,,,,,,,,
1787642640,124.9,124.9,124.9,124.9,900,2026-08-25,,,,,,,,
1787642820,124.6,124.8,124.6,124.6,1100,2026-08-25,,,,,,,,
1787642880,124.6,124.6,124.5,124.5,44300,2026-08-25,,,,,,,,
1787642940,124.5,124.9,124.5,124.5,27000,2026-08-25,,,,,,,,
1787643900,124.7,124.7,124.7,124.7,50800,2026-08-25,,,,,,,,
1787710500,124.7,125.0,124.7,125.0,98800,2026-08-26,,,,,,,,
1787710560,124.9,125.0,124.9,125.0,1000,2026-08-26,,,,,,,,
1787710620,124.9,125.1,124.8,124.8,24700,2026-08-26,,,,,,,,
1787710680,124.8,124.8,124.8,124.8,2000,2026-08-26,,,,,,,,
1787710740,125.0,125.0,125.0,125.0,3400,2026-08-26,,,,,,,,
1787710860,125.0,125.0,125.0,125.0,300,2026-08-26,,,,,,,,
1787710920,125.0,125.0,124.9,124.9,1000,2026-08-26,,,,,,,,
1787710980,124.9,124.9,124.9,124.9,500,2026-08-26,,,,,,,,
1787711040,124.9,125.0,124.9,125.0,1500,2026-08-26,,,,,,,,
1787711100,124.9,125.0,124.9,125.0,6000,2026-08-26,,,,,,,,
1787711160,124.9,124.9,124.9,124.9,1000,2026-08-26,,,,,,,,
1787711220,124.9,124.9,124.9,124.9,4600,2026-08-26,,,,,,,,
1787711280,124.9,124.9,124.9,124.9,7400,2026-08-26,,,,,,,,
1787711340,124.9,124.9,124.9,124.9,8500,2026-08-26,,,,,,,,
1787711400,124.9,124.9,124.7,124.9,11600,2026-08-26,,,,,,,,
1787711460,124.7,124.7,124.7,124.7,3100,2026-08-26,,,,,,,,
1787711520,124.7,124.7,124.7,124.7,2500,2026-08-26,,,,,,,,
1787711580,124.6,124.7,124.6,124.6,4900,2026-08-26,,,,,,,,
1787711640,124.7,124.7,124.7,124.7,10500,2026-08-26,,,,,,,,
1787711700,124.8,124.8,124.8,124.8,3000,2026-08-26,,,,,,,,
1787711760,124.8,124.8,124.8,124.8,3600,2026-08-26,,,,,,,,
1787711880,124.8,124.8,124.8,124.8,11800,2026-08-26,,,,,,,,
1787711940,124.8,124.9,124.8,124.9,5700,2026-08-26,,,,,,,,
1787712000,124.9,124.9,124.9,124.9,7600,2026-08-26,,,,,,,,
1787712060,124.9,124.9,124.9,124.9,5500,2026-08-26,,,,,,,,
1787712120,124.9,124.9,124.9,124.9,3000,2026-08-26,,,,,,,,
1787712180,124.9,124.9,124.9,124.9,2300,2026-08-26,,,,,,,,
1787712240,124.9,124.9,124.9,124.9,2000,2026-08-26,,,,,,,,
1787712300,124.9,124.9,124.9,124.9,7100,2026-08-26,,,,,,,,
1787712360,124.8,124.8,124.8,124.8,11400,2026-08-26,,,,,,,,
1787712420,124.8,124.9,124.8,124.9,12000,2026-08-26,,,,,,,,
1787712480,124.9,124.9,124.9,124.9,5400,2026-08-26,,,,,,,,
1787712540,124.9,124.9,124.9,124.9,4100,2026-08-26,,,,,,,,
1787712600,124.9,124.9,124.8,124.8,6100,2026-08-26,,,,,,,,
1787712660,124.9,124.9,124.9,124.9,1000,2026-08-26,,,,,,,,
1787712780,124.9,124.9,124.9,124.9,1400,2026-08-26,,,,,,,,
1787712840,124.9,124.9,124.9,124.9,9100,2026-08-26,,,,,,,,
1787712900,124.9,124.9,124.9,124.9,5700,2026-08-26,,,,,,,,
1787712960,124.9,124.9,124.9,124.9,200,2026-08-26,,,,,,,,
1787713080,124.9,124.9,124.8,124.9,9100,2026-08-26,,,,,,,,
1787713140,124.9,124.9,124.9,124.9,9500,2026-08-26,,,,,,,,
1787713200,124.9,124.9,124.9,124.9,8700,2026-08-26,,,,,,,,
1787713260,124.9,125.0,124.9,125.0,12500,2026-08-26,,,,,,,,
1787713380,125.0,125.2,125.0,125.2,27600,2026-08-26,,,,,,,,
1787713440,125.3,125.7,125.3,125.7,31300,2026-08-26,,,,,,,,
1787713500,125.7,126.0,125.7,126.0,24100,2026-08-26,,,,,,,,
1787713560,125.9,126.0,125.8,125.8,1700,2026-08-26,,,,,,,,
1787713620,125.8,126.3,125.8,126.3,29400,2026-08-26,,,,,,,,
1787713680,126.2,126.6,126.2,126.6,43500,2026-08-26,,,,,,,,
1787713740,126.6,127.0,126.6,127.0,38100,2026-08-26,,,,,,,,
1787713800,126.9,126.9,126.9,126.9,5900,2026-08-26,,,,,,,,
1787713860,126.9,126.9,126.8,126.8,12800,2026-08-26,,,,,,,,
1787713920,126.8,126.8,126.2,126.2,11400,2026-08-26,,,,,,,,
1787713980,126.1,126.2,125.9,126.1,5600,2026-08-26,,,,,,,,
1787714040,126.1,126.2,126.1,126.1,3600,2026-08-26,,,,,,,,
1787714100,126.2,126.4,126.2,126.4,14600,2026-08-26,,,,,,,,
1787714160,126.4,126.8,126.3,126.8,15400,2026-08-26,,,,,,,,
1787714220,126.9,127.0,126.9,127.0,8700,2026-08-26,,,,,,,,
1787714280,126.9,126.9,126.9,126.9,1100,2026-08-26,,,,,,,,
1787714340,126.9,127.1,126.9,127.1,16900,2026-08-26,,,,,,,,
1787714400,127.0,127.1,127.0,127.1,13000,2026-08-26,,,,,,,,
1787714460,127.2,127.5,127.2,127.2,31500,2026-08-26,,,,,,,,
1787714520,127.1,127.1,126.9,126.9,12900,2026-08-26,,,,,,,,
1787714580,126.9,126.9,126.9,126.9,6700,2026-08-26,,,,,,,,
1787714640,126.8,126.8,126.6,126.6,5900,2026-08-26,,,,,,,,
1787714700,126.7,126.7,126.5,126.5,5900,2026-08-26,,,,,,,,
1787714760,126.4,126.4,126.4,126.4,1100,2026-08-26,,,,,,,,
1787714820,126.4,126.5,126.4,126.4,800,2026-08-26,,,,,,,,
1787714880,126.4,126.5,126.4,126.4,500,2026-08-26,,,,,,,,
1787714940,126.4,126.4,126.4,126.4,100,2026-08-26,,,,,,,,
1787715000,126.4,126.4,126.3,126.3,12700,2026-08-26,,,,,,,,
1787715060,126.3,126.3,126.2,126.3,400,2026-08-26,,,,,,,,
1787715120,126.3,126.3,126.3,126.3,1900,2026-08-26,,,,,,,,
1787715180,126.3,126.3,126.3,126.3,1000,2026-08-26,,,,,,,,
1787715240,126.4,126.7,126.4,126.7,7300,2026-08-26,,,,,,,,
1787715300,126.7,126.7,126.7,126.7,700,2026-08-26,,,,,,,,
1787715360,126.7,127.1,126.7,127.1,14900,2026-08-26,,,,,,,,
1787715420,127.1,127.1,127.1,127.1,6300,2026-08-26,,,,,,,,
1787715480,127.1,127.4,127.1,127.4,16700,2026-08-26,,,,,,,,
1787715540,127.4,127.5,126.9,126.9,19500,2026-08-26,,,,,,,,
1787715600,126.8,126.8,126.7,126.7,7100,2026-08-26,,,,,,,,
1787715660,126.6,126.6,126.6,126.6,100,2026-08-26,,,,,,,,
1787715720,126.7,126.7,126.6,126.6,1100,2026-08-26,,,,,,,,
1787715780,126.6,126.6,126.6,126.6,400,2026-08-26,,,,,,,,
1787715840,126.6,126.6,126.5,126.5,4800,2026-08-26,,,,,,,,
1787715900,126.5,126.5,126.5,126.5,2600,2026-08-26,,,,,,,,
1787716020,126.5,126.5,126.5,126.5,100,2026-08-26,,,,,,,,
1787716080,126.5,126.6,126.5,126.6,2900,2026-08-26,,,,,,,,
1787716140,126.7,126.9,126.4,126.4,19000,2026-08-26,,,,,,,,
1787716260,126.4,126.5,126.4,126.5,200,2026-08-26,,,,,,,,
1787716320,126.4,126.4,126.4,126.4,400,2026-08-26,,,,,,,,
1787716380,126.4,126.4,126.4,126.4,700,2026-08-26,,,,,,,,
1787716500,126.5,126.7,126.5,126.6,11500,2026-08-26,,,,,,,,
1787716560,126.5,126.7,126.4,126.7,16100,2026-08-26,,,,,,,,
1787716620,126.7,126.7,126.7,126.7,12000,2026-08-26,,,,,,,,
1787716740,126.6,126.6,126.5,126.5,2700,2026-08-26,,,,,,,,
1787716800,126.5,126.5,126.4,126.4,5200,2026-08-26,,,,,,,,
1787716860,126.4,126.4,126.3,126.3,1900,2026-08-26,,,,,,,,
1787716920,126.3,126.3,126.3,126.3,400,2026-08-26,,,,,,,,
1787716980,126.5,126.5,126.3,126.3,900,2026-08-26,,,,,,,,
1787717100,126.4,126.4,126.4,126.4,100,2026-08-26,,,,,,,,
1787717160,126.4,126.4,126.4,126.4,100,2026-08-26,,,,,,,,
1787717220,126.5,126.5,126.4,126.4,1900,2026-08-26,,,,,,,,
1787717280,126.5,126.5,126.5,126.5,400,2026-08-26,,,,,,,,
1787717340,126.5,126.6,126.5,126.6,900,2026-08-26,,,,,,,,
1787717400,126.5,126.6,126.5,126.6,1000,2026-08-26,,,,,,,,
1787717460,126.5,126.7,126.5,126.7,4100,2026-08-26,,,,,,,,
1787717520,126.7,126.9,126.7,126.9,5300,2026-08-26,,,,,,,,
1787717580,126.9,126.9,126.7,126.7,12500,2026-08-26,,,,,,,,
1787717640,126.7,126.9,126.7,126.9,1100,2026-08-26,,,,,,,,
1787717700,126.9,126.9,126.7,126.7,900,2026-08-26,,,,,,,,
1787717760,126.7,126.7,126.7,126.7,6900,2026-08-26,,,,,,,,
1787717820,126.6,126.6,126.6,126.6,100,2026-08-26,,,,,,,,
1787717880,126.6,126.7,126.6,126.7,1000,2026-08-26,,,,,,,,
1787717940,126.7,126.7,126.7,126.7,400,2026-08-26,,,,,,,,
1787718060,126.7,126.7,126.7,126.7,200,2026-08-26,,,,,,,,
1787718120,126.7,126.7,126.7,126.7,500,2026-08-26,,,,,,,,
1787718180,126.7,126.8,126.7,126.8,1000,2026-08-26,,,,,,,,
1787718240,126.9,126.9,126.8,126.8,5100,2026-08-26,,,,,,,,
1787718300,126.8,126.8,126.8,126.8,100,2026-08-26,,,,,,,,
1787718360,126.8,126.9,126.8,126.9,900,2026-08-26,,,,,,,,
1787718420,126.8,127.0,126.8,126.8,1400,2026-08-26,,,,,,,,
1787718480,126.8,127.0,126.8,127.0,600,2026-08-26,,,,,,,,
1787718540,126.9,126.9,126.9,126.9,100,2026-08-26,,,,,,,,
1787724000,126.9,127.0,126.8,126.8,15000,2026-08-26,,,,,,,,
1787724060,126.8,126.8,126.6,126.7,10100,2026-08-26,,,,,,,,
1787724120,126.7,126.7,126.7,126.7,1700,2026-08-26,,,,,,,,
1787724180,126.6,126.7,126.6,126.7,1100,2026-08-26,,,,,,,,
1787724240,126.7,127.0,126.7,126.7,25900,2026-08-26,,,,,,,,
1787724300,126.9,126.9,126.7,126.7,18500,2026-08-26,,,,,,,,
1787724360,126.6,126.7,126.6,126.7,900,2026-08-26,,,,,,,,
1787724420,126.6,126.8,126.5,126.5,3600,2026-08-26,,,,,,,,
1787724480,126.5,126.8,126.5,126.5,5200,2026-08-26,,,,,,,,
1787724600,126.5,126.5,126.5,126.5,100,2026-08-26,,,,,,,,
1787724660,126.5,126.5,126.5,126.5,100,2026-08-26,,,,,,,,
1787724720,126.5,126.5,126.5,126.5,100,2026-08-26,,,,,,,,
1787724780,126.5,126.5,126.5,126.5,500,2026-08-26,,,,,,,,
1787724900,126.5,126.8,126.5,126.8,2600,2026-08-26,,,,,,,,
1787724960,126.7,126.8,126.6,126.8,12400,2026-08-26,,,,,,,,
1787725020,126.6,126.6,126.6,126.6,100,2026-08-26,,,,,,,,
1787725080,126.6,126.6,126.5,126.5,5000,2026-08-26,,,,,,,,
1787725200,126.6,126.7,126.5,126.5,4000,2026-08-26,,,,,,,,
1787725260,126.6,126.6,126.6,126.6,1900,2026-08-26,,,,,,,,
1787725320,126.6,126.6,126.6,126.6,1200,2026-08-26,,,,,,,,
1787725500,126.5,126.5,126.5,126.5,200,2026-08-26,,,,,,,,
1787725620,126.5,126.5,126.4,126.4,2400,2026-08-26,,,,,,,,
1787725680,126.4,126.4,126.4,126.4,200,2026-08-26,,,,,,,,
1787725740,126.4,126.4,126.4,126.4,8100,2026-08-26,,,,,,,,
1787725800,126.4,126.4,126.3,126.3,200,2026-08-26,,,,,,,,
1787725860,126.3,126.3,126.3,126.3,1700,2026-08-26,,,,,,,,
1787725980,126.3,126.3,126.3,126.3,1100,2026-08-26,,,,,,,,
1787726040,126.3,126.3,126.3,126.3,200,2026-08-26,,,,,,,,
1787726100,126.4,126.7,126.4,126.7,38500,2026-08-26,,,,,,,,
1787726220,126.7,126.7,126.7,126.7,4000,2026-08-26,,,,,,,,
1787726280,126.6,126.6,126.6,126.6,1000,2026-08-26,,,,,,,,
1787726340,126.6,126.6,126.6,126.6,100,2026-08-26,,,,,,,,
1787726400,126.7,127.0,126.7,127.0,24200,2026-08-26,,,,,,,,
1787726460,127.0,127.0,126.9,126.9,10400,2026-08-26,,,,,,,,
1787726520,127.0,127.1,127.0,127.0,9900,2026-08-26,,,,,,,,
1787726580,127.0,127.0,126.5,126.5,15600,2026-08-26,,,,,,,,
1787726640,126.5,126.6,126.5,126.6,600,2026-08-26,,,,,,,,
1787726700,126.6,126.6,126.5,126.5,4200,2026-08-26,,,,,,,,
1787726820,126.6,126.8,126.5,126.8,2400,2026-08-26,,,,,,,,
1787726880,126.8,126.8,126.8,126.8,800,2026-08-26,,,,,,,,
1787726940,126.6,126.8,126.6,126.8,300,2026-08-26,,,,,,,,
1787727000,126.8,126.8,126.8,126.8,5600,2026-08-26,,,,,,,,
1787727060,126.9,127.0,126.9,127.0,2600,2026-08-26,,,,,,,,
1787727120,126.9,127.0,126.9,126.9,1600,2026-08-26,,,,,,,,
1787727180,126.9,126.9,126.9,126.9,3000,2026-08-26,,,,,,,,
1787727360,126.9,126.9,126.8,126.8,3700,2026-08-26,,,,,,,,
1787727420,126.8,126.8,126.8,126.8,2600,2026-08-26,,,,,,,,
1787727480,126.8,126.8,126.8,126.8,100,2026-08-26,,,,,,,,
1787727540,126.8,126.8,126.8,126.8,500,2026-08-26,,,,,,,,
1787727600,126.8,126.8,126.8,126.8,800,2026-08-26,,,,,,,,
1787727660,126.8,126.8,126.8,126.8,300,2026-08-26,,,,,,,,
1787727720,126.8,126.8,126.7,126.7,15000,2026-08-26,,,,,,,,
1787727840,126.7,126.9,126.7,126.9,32600,2026-08-26,,,,,,,,
1787727900,126.9,126.9,126.9,126.9,1700,2026-08-26,,,,,,,,
1787727960,126.9,126.9,126.7,126.7,16800,2026-08-26,,,,,,,,
1787728020,126.7,126.8,126.7,126.8,11500,2026-08-26,,,,,,,,
1787728080,126.8,126.8,126.7,126.8,8700,2026-08-26,,,,,,,,
1787728140,126.8,126.8,126.5,126.8,18300,2026-08-26,,,,,,,,
1787728200,126.8,126.8,126.8,126.8,6300,2026-08-26,,,,,,,,
1787728260,126.8,126.9,126.8,126.9,14300,2026-08-26,,,,,,,,
1787728320,126.9,126.9,126.8,126.9,8700,2026-08-26,,,,,,,,
1787728500,126.7,126.7,126.6,126.6,27400,2026-08-26,,,,,,,,
1787728560,126.6,126.6,126.4,126.4,12000,2026-08-26,,,,,,,,
1787728620,126.5,126.5,126.5,126.5,200,2026-08-26,,,,,,,,
1787728680,126.5,126.8,126.5,126.8,4700,2026-08-26,,,,,,,,
1787728740,126.8,126.9,126.8,126.9,6700,2026-08-26,,,,,,,,
1787728800,126.9,127.0,126.8,127.0,12100,2026-08-26,,,,,,,,
1787728860,127.0,127.0,126.9,127.0,4700,2026-08-26,,,,,,,,
1787728920,127.0,127.0,127.0,127.0,32100,2026-08-26,,,,,,,,
1787728980,127.0,127.0,126.9,126.9,1000,2026-08-26,,,,,,,,
1787729040,126.9,127.0,126.9,126.9,3200,2026-08-26,,,,,,,,
1787729100,127.0,127.0,126.9,127.0,2700,2026-08-26,,,,,,,,
1787729160,126.9,127.0,126.9,126.9,2300,2026-08-26,,,,,,,,
1787729220,126.9,126.9,126.9,126.9,600,2026-08-26,,,,,,,,
1787729280,126.9,127.0,126.9,127.0,8600,2026-08-26,,,,,,,,
1787729340,127.0,127.1,126.9,127.1,10200,2026-08-26,,,,,,,,
1787730300,127.0,127.0,127.0,127.0,61400,2026-08-26,,,,,,,,
1787796900,127.0,127.5,127.0,127.5,125400,2026-08-27,,,,,,,,
1787796960,127.6,128.0,127.3,127.3,28200,2026-08-27,,,,,,,,
1787797020,127.2,127.2,127.2,127.2,2500,2026-08-27,,,,,,,,
1787797080,127.2,127.2,127.2,127.2,800,2026-08-27,,,,,,,,
1787797200,127.2,127.2,127.2,127.2,1900,2026-08-27,,,,,,,,
1787797260,127.1,127.2,127.0,127.0,6400,2026-08-27,,,,,,,,
1787797320,127.2,127.3,127.1,127.2,2300,2026-08-27,,,,,,,,
1787797380,127.2,127.2,127.0,127.0,9700,2026-08-27,,,,,,,,
1787797440,126.9,127.0,126.9,127.0,200,2026-08-27,,,,,,,,
1787797500,127.0,127.0,126.8,126.8,22800,2026-08-27,,,,,,,,
1787797560,126.8,126.8,126.8,126.8,400,2026-08-27,,,,,,,,
1787797620,127.0,127.0,126.8,126.8,9800,2026-08-27,,,,,,,,
1787797680,126.8,126.9,126.8,126.9,2700,2026-08-27,,,,,,,,
1787797740,126.8,126.8,126.8,126.8,500,2026-08-27,,,,,,,,
1787797800,127.0,127.0,126.8,126.8,3100,2026-08-27,,,,,,,,
1787797860,127.0,127.0,126.9,127.0,1900,2026-08-27,,,,,,,,
1787797920,127.0,127.0,126.8,126.8,1100,2026-08-27,,,,,,,,
1787797980,127.0,127.1,127.0,127.1,900,2026-08-27,,,,,,,,
1787798040,127.0,127.0,127.0,127.0,100,2026-08-27,,,,,,,,
1787798100,127.0,127.0,126.6,126.6,10800,2026-08-27,,,,,,,,
1787798160,126.6,126.6,126.6,126.6,100,2026-08-27,,,,,,,,
1787798220,126.6,126.6,126.3,126.3,5500,2026-08-27,,,,,,,,
1787798280,126.3,126.3,126.2,126.2,800,2026-08-27,,,,,,,,
1787798340,126.3,126.3,126.2,126.2,900,2026-08-27,,,,,,,,
1787798400,126.3,126.3,126.2,126.2,1100,2026-08-27,,,,,,,,
1787798460,126.3,126.3,126.2,126.2,6300,2026-08-27,,,,,,,,
1787798520,126.2,126.2,126.1,126.2,11100,2026-08-27,,,,,,,,
1787798580,126.2,126.3,126.2,126.3,18700,2026-08-27,,,,,,,,
1787798640,126.3,126.3,126.2,126.3,9700,2026-08-27,,,,,,,,
1787798700,126.3,126.3,126.2,126.3,9100,2026-08-27,,,,,,,,
1787798760,126.3,126.3,126.2,126.2,10800,2026-08-27,,,,,,,,
1787798820,126.3,126.3,126.2,126.2,16900,2026-08-27,,,,,,,,
1787798880,126.3,126.3,126.2,126.3,11200,2026-08-27,,,,,,,,
1787798940,126.3,126.4,126.2,126.4,9200,2026-08-27,,,,,,,,
1787799000,126.3,126.4,126.3,126.4,12700,2026-08-27,,,,,,,,
1787799060,126.4,126.4,126.4,126.4,10300,2026-08-27,,,,,,,,
1787799120,126.4,126.4,126.4,126.4,15900,2026-08-27,,,,,,,,
1787799180,126.4,126.4,126.3,126.4,12700,2026-08-27,,,,,,,,
1787799240,126.4,126.4,126.4,126.4,13300,2026-08-27,,,,,,,,
1787799300,126.4,126.4,126.4,126.4,1200,2026-08-27,,,,,,,,
1787799360,126.4,126.4,126.4,126.4,100,2026-08-27,,,,,,,,
1787799420,126.4,126.4,126.4,126.4,100,2026-08-27,,,,,,,,
1787799480,126.4,126.4,126.4,126.4,200,2026-08-27,,,,,,,,
1787799540,126.4,126.4,126.4,126.4,1900,2026-08-27,,,,,,,,
1787799600,126.4,126.4,126.4,126.4,1900,2026-08-27,,,,,,,,
1787799660,126.4,126.4,126.4,126.4,200,2026-08-27,,,,,,,,
1787799720,126.4,126.4,126.4,126.4,400,2026-08-27,,,,,,,,
1787799780,126.4,126.4,126.4,126.4,300,2026-08-27,,,,,,,,
1787799840,126.4,126.5,126.4,126.5,1000,2026-08-27,,,,,,,,
1787799900,126.5,126.5,126.5,126.5,200,2026-08-27,,,,,,,,
1787799960,126.5,126.6,126.5,126.6,4400,2026-08-27,,,,,,,,
1787800020,126.9,127.0,126.5,126.5,15200,2026-08-27,,,,,,,,
1787800080,126.5,126.7,126.5,126.7,4200,2026-08-27,,,,,,,,
1787800140,126.8,126.8,126.5,126.5,1800,2026-08-27,,,,,,,,
1787800200,126.5,126.5,126.5,126.5,2000,2026-08-27,,,,,,,,
1787800320,126.5,126.5,126.5,126.5,100,2026-08-27,,,,,,,,
1787800440,126.5,126.5,126.5,126.5,800,2026-08-27,,,,,,,,
1787800500,126.4,126.4,126.4,126.4,500,2026-08-27,,,,,,,,
1787800560,126.4,126.7,126.4,126.7,2800,2026-08-27,,,,,,,,
1787800620,126.5,126.5,126.5,126.5,10500,2026-08-27,,,,,,,,
1787800680,126.5,126.5,126.5,126.5,100,2026-08-27,,,,,,,,
1787800740,126.5,126.5,126.5,126.5,800,2026-08-27,,,,,,,,
1787800920,126.5,126.8,126.5,126.8,7600,2026-08-27,,,,,,,,
1787800980,126.8,126.9,126.5,126.5,17200,2026-08-27,,,,,,,,
1787801040,126.5,126.5,126.5,126.5,4600,2026-08-27,,,,,,,,
1787801100,126.5,126.5,126.5,126.5,300,2026-08-27,,,,,,,,
1787801220,126.5,126.5,126.5,126.5,22000,2026-08-27,,,,,,,,
1787801280,126.4,126.4,126.4,126.4,14300,2026-08-27,,,,,,,,
1787801340,126.3,126.3,126.3,126.3,3000,2026-08-27,,,,,,,,
1787801400,126.2,126.3,126.1,126.1,15300,2026-08-27,,,,,,,,
1787801460,126.1,126.3,126.0,126.3,20700,2026-08-27,,,,,,,,
1787801520,126.3,126.3,126.0,126.0,5100,2026-08-27,,,,,,,,
1787801580,126.0,126.0,126.0,126.0,8700,2026-08-27,,,,,,,,
1787801640,126.1,126.1,126.0,126.0,15500,2026-08-27,,,,,,,,
1787801700,126.1,126.1,126.0,126.1,11500,2026-08-27,,,,,,,,
1787801760,126.1,126.1,126.1,126.1,10000,2026-08-27,,,,,,,,
1787801820,126.1,126.1,126.1,126.1,10900,2026-08-27,,,,,,,,
1787801880,126.1,126.1,126.1,126.1,100,2026-08-27,,,,,,,,
1787801940,126.1,126.1,126.1,126.1,200,2026-08-27,,,,,,,,
1787802060,126.1,126.1,126.1,126.1,800,2026-08-27,,,,,,,,
1787802180,126.1,126.1,126.0,126.1,1900,2026-08-27,,,,,,,,
1787802300,126.1,126.1,126.1,126.1,800,2026-08-27,,,,,,,,
1787802360,126.0,126.0,126.0,126.0,18200,2026-08-27,,,,,,,,
1787802420,126.0,126.1,126.0,126.0,11300,2026-08-27,,,,,,,,
1787802480,126.0,126.1,126.0,126.0,1000,2026-08-27,,,,,,,,
1787802540,126.0,126.0,126.0,126.0,100,2026-08-27,,,,,,,,
1787802600,125.9,126.0,125.9,126.0,600,2026-08-27,,,,,,,,
1787802660,125.9,125.9,125.9,125.9,300,2026-08-27,,,,,,,,
1787802840,125.9,125.9,125.8,125.8,5600,2026-08-27,,,,,,,,
1787802900,125.7,125.9,125.7,125.9,7400,2026-08-27,,,,,,,,
1787803080,125.9,125.9,125.9,125.9,1600,2026-08-27,,,,,,,,
1787803140,125.8,125.8,125.8,125.8,1000,2026-08-27,,,,,,,,
1787803200,125.8,125.8,125.6,125.6,1200,2026-08-27,,,,,,,,
1787803260,125.6,125.6,125.6,125.6,3200,2026-08-27,,,,,,,,
1787803320,125.6,125.6,125.6,125.6,5700,2026-08-27,,,,,,,,
1787803380,125.6,125.6,125.6,125.6,1300,2026-08-27,,,,,,,,
1787803440,125.6,125.6,125.6,125.6,300,2026-08-27,,,,,,,,
1787803680,125.8,125.8,125.8,125.8,900,2026-08-27,,,,,,,,
1787803740,125.9,126.0,125.9,126.0,12400,2026-08-27,,,,,,,,
1787803860,126.0,126.0,126.0,126.0,6900,2026-08-27,,,,,,,,
1787803920,126.0,126.0,126.0,126.0,2500,2026-08-27,,,,,,,,
1787803980,126.0,126.0,126.0,126.0,100,2026-08-27,,,,,,,,
1787804040,126.0,126.0,126.0,126.0,1000,2026-08-27,,,,,,,,
1787804100,125.9,125.9,125.9,125.9,600,2026-08-27,,,,,,,,
1787804160,125.9,126.2,125.9,126.2,9300,2026-08-27,,,,,,,,
1787804220,126.3,126.5,126.3,126.5,13200,2026-08-27,,,,,,,,
1787804280,126.5,127.0,126.5,127.0,14200,2026-08-27,,,,,,,,
1787804340,126.7,126.7,126.4,126.4,3500,2026-08-27,,,,,,,,
1787804400,126.4,126.4,126.3,126.3,2000,2026-08-27,,,,,,,,
1787804760,126.2,126.2,126.1,126.1,2600,2026-08-27,,,,,,,,
1787804820,126.0,126.0,126.0,126.0,200,2026-08-27,,,,,,,,
1787804880,126.1,126.2,126.1,126.2,3200,2026-08-27,,,,,,,,
1787804940,126.2,126.5,126.2,126.5,4900,2026-08-27,,,,,,,,
1787810400,126.1,126.3,126.0,126.0,2100,2026-08-27,,,,,,,,
1787810520,126.0,126.0,126.0,126.0,3500,2026-08-27,,,,,,,,
1787810580,125.9,125.9,125.7,125.7,7000,2026-08-27,,,,,,,,
1787810700,125.8,125.8,125.8,125.8,200,2026-08-27,,,,,,,,
1787810760,125.8,125.8,125.8,125.8,1100,2026-08-27,,,,,,,,
1787810820,125.8,125.8,125.8,125.8,100,2026-08-27,,,,,,,,
1787810880,125.7,125.7,125.6,125.6,4700,2026-08-27,,,,,,,,
1787810940,125.6,125.6,125.5,125.5,6700,2026-08-27,,,,,,,,
1787811000,125.5,125.5,125.5,125.5,400,2026-08-27,,,,,,,,
1787811060,125.5,125.5,125.5,125.5,4400,2026-08-27,,,,,,,,
1787811180,125.7,125.7,125.6,125.7,4000,2026-08-27,,,,,,,,
1787811240,125.7,125.7,125.7,125.7,5500,2026-08-27,,,,,,,,
1787811300,125.6,125.7,125.6,125.6,11200,2026-08-27,,,,,,,,
1787811360,125.6,125.6,125.6,125.6,5500,2026-08-27,,,,,,,,
1787811420,125.5,125.6,125.5,125.6,5100,2026-08-27,,,,,,,,
1787811480,125.5,125.6,125.5,125.5,13800,2026-08-27,,,,,,,,
1787811540,125.4,125.5,125.4,125.4,9000,2026-08-27,,,,,,,,
1787811600,125.5,125.5,125.4,125.4,7900,2026-08-27,,,,,,,,
1787811660,125.4,125.5,125.4,125.4,1500,2026-08-27,,,,,,,,
1787811720,125.4,125.4,125.4,125.4,200,2026-08-27,,,,,,,,
1787811780,125.5,125.6,125.5,125.5,5400,2026-08-27,,,,,,,,
1787811840,125.6,125.6,125.5,125.5,4700,2026-08-27,,,,,,,,
1787811900,125.6,125.7,125.5,125.7,10200,2026-08-27,,,,,,,,
1787811960,125.7,125.7,125.6,125.6,4000,2026-08-27,,,,,,,,
1787812020,125.6,125.6,125.6,125.6,200,2026-08-27,,,,,,,,
1787812080,125.6,125.6,125.6,125.6,5200,2026-08-27,,,,,,,,
1787812140,125.5,125.6,125.5,125.6,7400,2026-08-27,,,,,,,,
1787812200,125.6,125.6,125.6,125.6,2600,2026-08-27,,,,,,,,
1787812260,125.6,125.6,125.5,125.6,5700,2026-08-27,,,,,,,,
1787812320,125.6,125.6,125.5,125.5,9800,2026-08-27,,,,,,,,
1787812380,125.5,125.5,125.4,125.5,32800,2026-08-27,,,,,,,,
1787812440,125.5,125.5,125.4,125.4,30100,2026-08-27,,,,,,,,
1787812500,125.4,125.6,125.4,125.5,6900,2026-08-27,,,,,,,,
1787812560,125.5,125.5,125.4,125.5,12100,2026-08-27,,,,,,,,
1787812620,125.6,125.6,125.5,125.5,10000,2026-08-27,,,,,,,,
1787812680,125.6,125.6,125.5,125.6,10000,2026-08-27,,,,,,,,
1787812740,125.5,125.6,125.5,125.5,12200,2026-08-27,,,,,,,,
1787812800,125.5,125.6,125.5,125.6,200,2026-08-27,,,,,,,,
1787812860,125.5,125.5,125.5,125.5,100,2026-08-27,,,,,,,,
1787812920,125.5,126.0,125.5,126.0,10400,2026-08-27,,,,,,,,
1787812980,126.1,126.3,126.1,126.3,6400,2026-08-27,,,,,,,,
1787813040,126.2,126.5,126.2,126.5,15500,2026-08-27,,,,,,,,
1787813100,126.6,126.6,126.2,126.2,3400,2026-08-27,,,,,,,,
1787813160,126.2,126.2,125.7,125.7,10300,2026-08-27,,,,,,,,
1787813220,125.7,125.7,125.5,125.5,4300,2026-08-27,,,,,,,,
1787813280,125.6,125.6,125.4,125.4,16700,2026-08-27,,,,,,,,
1787813340,125.4,125.4,125.4,125.4,300,2026-08-27,,,,,,,,
1787813400,125.4,126.0,125.4,125.4,21300,2026-08-27,,,,,,,,
1787813460,125.4,125.8,125.3,125.3,16300,2026-08-27,,,,,,,,
1787813520,125.3,125.4,125.3,125.4,1300,2026-08-27,,,,,,,,
1787813580,125.4,125.8,125.3,125.8,6300,2026-08-27,,,,,,,,
1787813640,125.4,125.4,125.4,125.4,100,2026-08-27,,,,,,,,
1787813700,125.4,125.4,125.3,125.3,1600,2026-08-27,,,,,,,,
1787813760,125.3,125.3,125.3,125.3,600,2026-08-27,,,,,,,,
1787813820,125.4,125.4,125.4,125.4,100,2026-08-27,,,,,,,,
1787813880,125.4,125.7,125.4,125.7,37500,2026-08-27,,,,,,,,
1787813940,125.4,125.4,125.4,125.4,100,2026-08-27,,,,,,,,
1787814000,125.4,125.4,125.4,125.4,100,2026-08-27,,,,,,,,
1787814060,125.4,125.4,125.4,125.4,700,2026-08-27,,,,,,,,
1787814120,125.4,125.4,125.4,125.4,100,2026-08-27,,,,,,,,
1787814180,125.5,126.0,125.5,126.0,12200,2026-08-27,,,,,,,,
1787814240,126.0,126.6,126.0,126.6,21000,2026-08-27,,,,,,,,
1787814300,126.6,126.7,126.0,126.0,18500,2026-08-27,,,,,,,,
1787814360,125.9,126.2,125.9,126.2,1700,2026-08-27,,,,,,,,
1787814420,126.0,126.0,125.7,125.7,4800,2026-08-27,,,,,,,,
1787814480,125.6,125.7,125.6,125.7,3900,2026-08-27,,,,,,,,
1787814540,125.7,125.7,125.7,125.7,1500,2026-08-27,,,,,,,,
1787814600,125.6,125.7,125.5,125.7,3400,2026-08-27,,,,,,,,
1787814660,125.5,125.8,125.5,125.7,6000,2026-08-27,,,,,,,,
1787814720,125.5,126.0,125.4,125.4,31900,2026-08-27,,,,,,,,
1787814780,126.0,126.0,125.5,125.9,13700,2026-08-27,,,,,,,,
1787814840,125.5,125.9,125.4,125.9,2200,2026-08-27,,,,,,,,
1787814900,125.5,125.5,125.5,125.5,600,2026-08-27,,,,,,,,
1787814960,125.5,125.9,125.5,125.9,2500,2026-08-27,,,,,,,,
1787815020,125.5,125.5,125.4,125.4,1500,2026-08-27,,,,,,,,
1787815080,125.4,125.8,125.4,125.8,900,2026-08-27,,,,,,,,
1787815140,125.5,125.8,125.5,125.8,1500,2026-08-27,,,,,,,,
1787815200,125.8,125.9,125.8,125.9,800,2026-08-27,,,,,,,,
1787815260,125.8,125.8,125.8,125.8,500,2026-08-27,,,,,,,,
1787815320,125.9,126.0,125.7,125.7,1100,2026-08-27,,,,,,,,
1787815380,126.0,126.0,126.0,126.0,1000,2026-08-27,,,,,,,,
1787815440,126.0,126.0,126.0,126.0,800,2026-08-27,,,,,,,,
1787815500,125.9,126.3,125.9,126.3,11600,2026-08-27,,,,,,,,
1787815560,126.2,126.3,126.2,126.3,10800,2026-08-27,,,,,,,,
1787815620,126.2,126.5,126.2,126.5,25200,2026-08-27,,,,,,,,
1787815680,126.5,126.5,126.5,126.5,5800,2026-08-27,,,,,,,,
1787815740,126.4,126.5,126.4,126.5,600,2026-08-27,,,,,,,,
1787816700,126.5,126.5,126.5,126.5,73800,2026-08-27,,,,,,,,
1787883300,126.6,126.6,126.0,126.0,102400,2026-08-28,,,,,,,,
1787883360,126.0,126.0,126.0,126.0,2300,2026-08-28,,,,,,,,
1787883420,125.9,125.9,125.9,125.9,4000,2026-08-28,,,,,,,,
1787883480,125.9,126.0,125.8,126.0,13000,2026-08-28,,,,,,,,
1787883540,126.0,126.1,126.0,126.1,7300,2026-08-28,,,,,,,,
1787883600,126.1,126.1,126.0,126.0,9100,2026-08-28,,,,,,,,
1787883660,126.0,126.0,126.0,126.0,14800,2026-08-28,,,,,,,,
1787883720,126.0,126.0,125.9,125.9,9500,2026-08-28,,,,,,,,
1787883780,125.8,125.8,125.5,125.7,9300,2026-08-28,,,,,,,,
1787883840,125.7,125.7,125.6,125.6,6600,2026-08-28,,,,,,,,
1787883900,125.6,125.6,125.5,125.6,9300,2026-08-28,,,,,,,,
1787883960,125.6,125.6,125.4,125.5,8600,2026-08-28,,,,,,,,
1787884020,125.5,125.5,125.4,125.4,4700,2026-08-28,,,,,,,,
1787884080,125.3,125.3,125.3,125.3,3900,2026-08-28,,,,,,,,
1787884140,125.5,125.5,125.5,125.5,6800,2026-08-28,,,,,,,,
1787884200,125.5,125.5,125.5,125.5,7600,2026-08-28,,,,,,,,
1787884320,125.5,125.5,125.5,125.5,200,2026-08-28,,,,,,,,
1787884380,125.5,125.5,125.5,125.5,600,2026-08-28,,,,,,,,
1787884440,125.5,126.0,125.5,126.0,17300,2026-08-28,,,,,,,,
1787884500,126.0,126.5,126.0,126.0,27900,2026-08-28,,,,,,,,
1787884560,126.0,126.0,125.8,125.8,1400,2026-08-28,,,,,,,,
1787884740,125.8,125.8,125.5,125.5,9700,2026-08-28,,,,,,,,
1787884920,125.5,125.5,125.5,125.5,1100,2026-08-28,,,,,,,,
1787884980,125.5,125.5,125.5,125.5,100,2026-08-28,,,,,,,,
1787885040,125.4,125.4,125.4,125.4,200,2026-08-28,,,,,,,,
1787885100,125.5,125.7,125.5,125.7,23100,2026-08-28,,,,,,,,
1787885160,125.7,125.7,125.7,125.7,100,2026-08-28,,,,,,,,
1787885220,125.7,125.7,125.7,125.7,800,2026-08-28,,,,,,,,
1787885280,125.7,125.7,125.7,125.7,100,2026-08-28,,,,,,,,
1787885460,125.7,125.7,125.7,125.7,200,2026-08-28,,,,,,,,
1787885580,125.7,125.7,125.7,125.7,1000,2026-08-28,,,,,,,,
1787885640,125.7,125.8,125.7,125.8,2300,2026-08-28,,,,,,,,
1787885700,125.9,125.9,125.9,125.9,1200,2026-08-28,,,,,,,,
1787885760,125.9,125.9,125.9,125.9,100,2026-08-28,,,,,,,,
1787885820,125.9,125.9,125.9,125.9,200,2026-08-28,,,,,,,,
1787885880,125.8,126.0,125.8,126.0,17700,2026-08-28,,,,,,,,
1787885940,125.9,125.9,125.9,125.9,6700,2026-08-28,,,,,,,,
1787886000,125.7,125.7,125.7,125.7,100,2026-08-28,,,,,,,,
1787886120,125.7,125.7,125.7,125.7,300,2026-08-28,,,,,,,,
1787886240,125.9,125.9,125.5,125.5,3400,2026-08-28,,,,,,,,
1787886300,125.5,125.5,125.5,125.5,100,2026-08-28,,,,,,,,
1787886360,125.5,125.5,125.5,125.5,400,2026-08-28,,,,,,,,
1787886480,125.5,125.5,125.4,125.4,3200,2026-08-28,,,,,,,,
1787886540,125.4,125.4,125.3,125.4,1200,2026-08-28,,,,,,,,
1787886600,125.4,125.4,125.3,125.3,200,2026-08-28,,,,,,,,
1787886720,125.3,125.3,125.3,125.3,1700,2026-08-28,,,,,,,,
1787886780,125.3,125.3,125.3,125.3,600,2026-08-28,,,,,,,,
1787886840,125.3,125.4,125.3,125.4,20500,2026-08-28,,,,,,,,
1787886900,125.2,125.3,125.2,125.3,22200,2026-08-28,,,,,,,,
1787886960,125.3,125.4,125.3,125.4,200,2026-08-28,,,,,,,,
1787887080,125.4,125.4,125.3,125.3,1200,2026-08-28,,,,,,,,
1787887200,125.3,125.3,125.3,125.3,11100,2026-08-28,,,,,,,,
1787887260,125.3,125.4,125.2,125.2,16200,2026-08-28,,,,,,,,
1787887320,125.4,125.4,125.4,125.4,900,2026-08-28,,,,,,,,
1787887380,125.3,125.4,125.3,125.4,33000,2026-08-28,,,,,,,,
1787887440,125.4,125.6,125.4,125.6,20200,2026-08-28,,,,,,,,
1787887500,125.6,125.6,125.3,125.3,300,2026-08-28,,,,,,,,
1787887560,125.3,125.3,125.3,125.3,100,2026-08-28,,,,,,,,
1787887620,125.3,125.3,125.3,125.3,100,2026-08-28,,,,,,,,
1787887680,125.5,125.5,125.4,125.5,25100,2026-08-28,,,,,,,,
1787887740,125.5,125.5,125.5,125.5,8300,2026-08-28,,,,,,,,
1787887800,125.5,125.5,125.4,125.4,700,2026-08-28,,,,,,,,
1787887860,125.5,125.5,125.4,125.4,700,2026-08-28,,,,,,,,
1787887920,125.4,125.5,125.4,125.5,200,2026-08-28,,,,,,,,
1787887980,125.4,125.4,125.4,125.4,100,2026-08-28,,,,,,,,
1787888040,125.5,125.6,125.5,125.6,800,2026-08-28,,,,,,,,
1787888100,125.4,125.4,125.4,125.4,1100,2026-08-28,,,,,,,,
1787888160,125.6,125.6,125.4,125.4,900,2026-08-28,,,,,,,,
1787888220,125.4,125.4,125.4,125.4,100,2026-08-28,,,,,,,,
1787888280,125.4,125.4,125.3,125.3,600,2026-08-28,,,,,,,,
1787888340,125.3,125.3,125.3,125.3,100,2026-08-28,,,,,,,,
1787888460,125.3,125.3,125.3,125.3,100,2026-08-28,,,,,,,,
1787888520,125.3,125.3,125.3,125.3,5000,2026-08-28,,,,,,,,
1787888580,125.3,125.3,125.3,125.3,100,2026-08-28,,,,,,,,
1787888640,125.3,125.3,125.3,125.3,100,2026-08-28,,,,,,,,
1787888760,125.3,125.3,125.3,125.3,100,2026-08-28,,,,,,,,
1787888820,125.3,125.3,125.3,125.3,100,2026-08-28,,,,,,,,
1787888880,125.3,125.3,125.3,125.3,100,2026-08-28,,,,,,,,
1787888940,125.4,125.5,125.4,125.5,13200,2026-08-28,,,,,,,,
1787889000,125.5,125.5,125.5,125.5,19300,2026-08-28,,,,,,,,
1787889060,125.4,125.4,125.2,125.2,15000,2026-08-28,,,,,,,,
1787889120,125.3,125.3,125.1,125.3,4700,2026-08-28,,,,,,,,
1787889180,125.3,125.3,125.2,125.3,4300,2026-08-28,,,,,,,,
1787889240,125.2,125.3,125.2,125.2,2700,2026-08-28,,,,,,,,
1787889300,125.2,125.2,125.2,125.2,100,2026-08-28,,,,,,,,
1787889360,125.3,125.3,125.3,125.3,21800,2026-08-28,,,,,,,,
1787889420,125.3,125.3,125.2,125.3,14100,2026-08-28,,,,,,,,
1787889480,125.3,125.3,125.2,125.2,4600,2026-08-28,,,,,,,,
1787889540,125.2,125.2,125.2,125.2,200,2026-08-28,,,,,,,,
1787889600,125.3,125.3,125.2,125.2,400,2026-08-28,,,,,,,,
1787889660,125.2,125.2,125.2,125.2,800,2026-08-28,,,,,,,,
1787889720,125.2,125.2,125.1,125.1,1400,2026-08-28,,,,,,,,
1787889780,125.2,125.2,125.1,125.1,1700,2026-08-28,,,,,,,,
1787889840,125.1,125.1,125.1,125.1,500,2026-08-28,,,,,,,,
1787889900,125.2,125.2,125.1,125.1,1700,2026-08-28,,,,,,,,
1787889960,125.1,125.1,125.1,125.1,100,2026-08-28,,,,,,,,
1787890020,125.1,125.1,125.1,125.1,2200,2026-08-28,,,,,,,,
1787890080,125.1,125.1,125.1,125.1,300,2026-08-28,,,,,,,,
1787890200,125.1,125.1,125.1,125.1,3800,2026-08-28,,,,,,,,
1787890260,125.1,125.1,125.1,125.1,100,2026-08-28,,,,,,,,
1787890380,125.2,125.2,125.2,125.2,100,2026-08-28,,,,,,,,
1787890440,125.2,125.2,125.2,125.2,200,2026-08-28,,,,,,,,
1787890500,125.2,125.3,125.2,125.3,1600,2026-08-28,,,,,,,,
1787890560,125.2,125.2,125.2,125.2,300,2026-08-28,,,,,,,,
1787890620,125.3,125.3,125.3,125.3,100,2026-08-28,,,,,,,,
1787890680,125.2,125.2,125.2,125.2,100,2026-08-28,,,,,,,,
1787890740,125.2,125.2,125.2,125.2,500,2026-08-28,,,,,,,,
1787890800,125.2,125.2,125.2,125.2,100,2026-08-28,,,,,,,,
1787890860,125.3,125.4,125.2,125.4,27300,2026-08-28,,,,,,,,
1787890920,125.4,125.4,125.4,125.4,4400,2026-08-28,,,,,,,,
1787890980,125.3,125.3,125.3,125.3,100,2026-08-28,,,,,,,,
1787891040,125.3,125.3,125.2,125.2,1500,2026-08-28,,,,,,,,
1787891100,125.2,125.2,125.1,125.1,2400,2026-08-28,,,,,,,,
1787891160,125.1,125.1,125.1,125.1,2200,2026-08-28,,,,,,,,
1787891220,125.1,125.1,125.1,125.1,1000,2026-08-28,,,,,,,,
1787896800,125.2,125.2,125.0,125.0,14400,2026-08-28,,,,,,,,
1787896860,125.0,125.0,125.0,125.0,600,2026-08-28,,,,,,,,
1787896920,125.3,125.3,125.1,125.1,900,2026-08-28,,,,,,,,
1787896980,125.1,125.2,125.1,125.2,7400,2026-08-28,,,,,,,,
1787897040,125.3,125.3,125.2,125.2,10900,2026-08-28,,,,,,,,
1787897100,125.3,125.3,125.2,125.2,2700,2026-08-28,,,,,,,,
1787897160,125.2,125.3,125.2,125.2,1400,2026-08-28,,,,,,,,
1787897220,125.3,125.3,125.2,125.3,5800,2026-08-28,,,,,,,,
1787897280,125.2,125.3,125.2,125.3,6900,2026-08-28,,,,,,,,
1787897340,125.3,125.3,125.2,125.2,4000,2026-08-28,,,,,,,,
1787897400,125.2,125.3,125.1,125.1,7400,2026-08-28,,,,,,,,
1787897460,125.2,125.2,125.1,125.1,500,2026-08-28,,,,,,,,
1787897520,125.1,125.1,125.1,125.1,300,2026-08-28,,,,,,,,
1787897580,125.1,125.2,125.1,125.2,1500,2026-08-28,,,,,,,,
1787897640,125.2,125.2,125.2,125.2,300,2026-08-28,,,,,,,,
1787897700,125.2,125.3,125.2,125.2,1100,2026-08-28,,,,,,,,
1787897760,125.2,125.2,125.2,125.2,200,2026-08-28,,,,,,,,
1787897820,125.2,125.3,125.2,125.2,1700,2026-08-28,,,,,,,,
1787897880,125.2,125.2,125.2,125.2,200,2026-08-28,,,,,,,,
1787897940,125.2,125.2,125.2,125.2,300,2026-08-28,,,,,,,,
1787898000,125.3,126.0,125.3,126.0,29100,2026-08-28,,,,,,,,
1787898060,126.0,126.3,126.0,126.3,14400,2026-08-28,,,,,,,,
1787898120,126.3,126.5,126.3,126.3,5200,2026-08-28,,,,,,,,
1787898180,126.4,126.4,125.9,125.9,11900,2026-08-28,,,,,,,,
1787898240,126.1,126.2,125.9,126.2,2600,2026-08-28,,,,,,,,
1787898300,126.2,126.2,125.9,125.9,2500,2026-08-28,,,,,,,,
1787898360,125.9,126.0,125.9,125.9,1900,2026-08-28,,,,,,,,
1787898420,125.9,126.2,125.9,126.0,1000,2026-08-28,,,,,,,,
1787898480,126.2,126.3,125.9,126.3,1900,2026-08-28,,,,,,,,
1787898540,125.8,126.0,125.8,126.0,2500,2026-08-28,,,,,,,,
1787898600,126.0,126.3,126.0,126.3,4600,2026-08-28,,,,,,,,
1787898660,126.3,126.5,126.3,126.5,4200,2026-08-28,,,,,,,,
1787898720,126.5,126.5,126.2,126.5,4300,2026-08-28,,,,,,,,
1787898780,126.5,126.5,126.0,126.0,10600,2026-08-28,,,,,,,,
1787898840,126.0,126.0,125.9,125.9,1200,2026-08-28,,,,,,,,
1787898900,125.9,126.0,125.9,126.0,1700,2026-08-28,,,,,,,,
1787898960,126.0,126.0,125.9,126.0,2600,2026-08-28,,,,,,,,
1787899020,126.0,126.1,125.9,126.0,5700,2026-08-28,,,,,,,,
1787899080,126.0,126.0,125.9,126.0,5200,2026-08-28,,,,,,,,
1787899140,126.0,126.1,125.9,126.0,13000,2026-08-28,,,,,,,,
1787899200,126.0,126.1,125.9,126.0,9200,2026-08-28,,,,,,,,
1787899260,126.0,126.2,126.0,126.2,5200,2026-08-28,,,,,,,,
1787899320,126.2,126.2,126.0,126.2,13000,2026-08-28,,,,,,,,
1787899380,126.2,126.3,126.0,126.2,7400,2026-08-28,,,,,,,,
1787899440,126.3,126.3,126.2,126.2,7000,2026-08-28,,,,,,,,
1787899500,126.3,126.3,126.2,126.3,2700,2026-08-28,,,,,,,,
1787899560,126.2,126.5,126.2,126.2,5500,2026-08-28,,,,,,,,
1787899620,126.2,126.5,126.2,126.2,2100,2026-08-28,,,,,,,,
1787899680,126.5,126.5,126.2,126.5,2700,2026-08-28,,,,,,,,
1787899740,126.2,126.5,126.2,126.2,1000,2026-08-28,,,,,,,,
1787899800,126.2,126.5,126.1,126.1,2000,2026-08-28,,,,,,,,
1787899860,126.5,126.5,126.1,126.4,2700,2026-08-28,,,,,,,,
1787899920,126.4,126.4,125.9,126.0,7400,2026-08-28,,,,,,,,
1787899980,125.9,126.3,125.9,126.1,2800,2026-08-28,,,,,,,,
1787900040,126.0,126.1,126.0,126.0,2300,2026-08-28,,,,,,,,
1787900100,126.0,126.3,125.9,125.9,10600,2026-08-28,,,,,,,,
1787900160,125.9,126.4,125.9,125.9,8600,2026-08-28,,,,,,,,
1787900220,125.9,126.4,125.9,125.9,2700,2026-08-28,,,,,,,,
1787900280,125.9,126.1,125.9,125.9,5300,2026-08-28,,,,,,,,
1787900340,126.1,126.2,125.9,126.0,20300,2026-08-28,,,,,,,,
1787900400,126.0,126.0,125.9,126.0,18700,2026-08-28,,,,,,,,
1787900460,126.0,126.0,125.9,125.9,300,2026-08-28,,,,,,,,
1787900520,125.9,126.0,125.9,126.0,2100,2026-08-28,,,,,,,,
1787900580,126.0,126.0,126.0,126.0,100,2026-08-28,,,,,,,,
1787900700,126.0,126.0,126.0,126.0,1600,2026-08-28,,,,,,,,
1787900760,126.0,126.0,126.0,126.0,300,2026-08-28,,,,,,,,
1787900820,126.0,126.0,126.0,126.0,800,2026-08-28,,,,,,,,
1787900940,126.0,126.0,126.0,126.0,100,2026-08-28,,,,,,,,
1787901000,126.1,126.1,126.1,126.1,100,2026-08-28,,,,,,,,
1787901060,126.1,126.1,126.0,126.1,1500,2026-08-28,,,,,,,,
1787901120,125.9,126.0,125.9,126.0,200,2026-08-28,,,,,,,,
1787901180,126.0,126.0,126.0,126.0,500,2026-08-28,,,,,,,,
1787901240,126.2,126.2,126.0,126.0,800,2026-08-28,,,,,,,,
1787901300,126.1,126.1,125.9,126.1,400,2026-08-28,,,,,,,,
1787901360,126.1,126.1,125.8,125.8,3700,2026-08-28,,,,,,,,
1787901420,125.9,125.9,125.3,125.3,14400,2026-08-28,,,,,,,,
1787901480,125.3,125.3,125.2,125.2,2700,2026-08-28,,,,,,,,
1787901720,125.5,125.5,125.4,125.5,500,2026-08-28,,,,,,,,
1787901780,125.5,126.5,125.5,126.5,14200,2026-08-28,,,,,,,,
1787901840,126.2,126.5,126.2,126.4,1400,2026-08-28,,,,,,,,
1787901900,126.4,126.4,126.4,126.4,100,2026-08-28,,,,,,,,
1787901960,126.3,126.3,126.2,126.2,700,2026-08-28,,,,,,,,
1787902020,126.2,126.2,126.0,126.0,500,2026-08-28,,,,,,,,
1787902080,126.0,126.0,126.0,126.0,600,2026-08-28,,,,,,,,
1787902140,126.0,126.4,126.0,126.4,15500,2026-08-28,,,,,,,,
1787903100,125.0,125.0,125.0,125.0,195200,2026-08-28,,,,,,,,
1788401700,125.0,125.0,124.6,124.6,197800,2026-09-03,,,,,,,,
1788401760,124.5,124.8,124.5,124.8,3400,2026-09-03,,,,,,,,
1788401820,124.8,125.0,124.8,125.0,4600,2026-09-03,,,,,,,,
1788401880,125.0,125.3,125.0,125.3,14000,2026-09-03,,,,,,,,
1788401940,125.4,125.7,125.4,125.7,25500,2026-09-03,,,,,,,,
1788402000,125.7,125.8,125.7,125.8,6600,2026-09-03,,,,,,,,
1788402060,125.8,126.0,125.5,125.5,17500,2026-09-03,,,,,,,,
1788402120,125.5,125.5,125.3,125.5,3500,2026-09-03,,,,,,,,
1788402180,125.5,125.7,125.5,125.7,3100,2026-09-03,,,,,,,,
1788402240,125.7,125.7,125.6,125.6,3400,2026-09-03,,,,,,,,
1788402300,125.6,125.6,125.6,125.6,100,2026-09-03,,,,,,,,
1788402360,125.6,125.6,125.6,125.6,100,2026-09-03,,,,,,,,
1788402420,125.6,125.6,125.6,125.6,200,2026-09-03,,,,,,,,
1788402480,125.5,125.5,125.5,125.5,1400,2026-09-03,,,,,,,,
1788402540,125.6,125.6,125.6,125.6,200,2026-09-03,,,,,,,,
1788402600,125.5,125.5,125.3,125.3,6000,2026-09-03,,,,,,,,
1788402660,125.3,125.5,125.3,125.5,19600,2026-09-03,,,,,,,,
1788402720,125.4,125.4,125.4,125.4,100,2026-09-03,,,,,,,,
1788402780,125.4,125.4,125.4,125.4,100,2026-09-03,,,,,,,,
1788402840,125.4,125.4,125.4,125.4,200,2026-09-03,,,,,,,,
1788402900,125.4,125.5,125.4,125.5,5900,2026-09-03,,,,,,,,
1788402960,125.6,125.8,125.6,125.8,15000,2026-09-03,,,,,,,,
1788403020,125.8,126.0,125.8,126.0,13000,2026-09-03,,,,,,,,
1788403080,126.0,126.4,126.0,126.4,29000,2026-09-03,,,,,,,,
1788403140,126.5,126.5,126.4,126.4,4700,2026-09-03,,,,,,,,
1788403200,126.3,126.3,126.0,126.0,5500,2026-09-03,,,,,,,,
1788403260,126.0,126.0,125.9,125.9,400,2026-09-03,,,,,,,,
1788403320,125.9,125.9,125.9,125.9,1300,2026-09-03,,,,,,,,
1788403440,125.9,125.9,125.7,125.7,3800,2026-09-03,,,,,,,,
1788403500,125.6,125.7,125.5,125.7,3200,2026-09-03,,,,,,,,
1788403560,125.7,125.7,125.5,125.5,800,2026-09-03,,,,,,,,
1788403620,125.5,125.5,125.5,125.5,500,2026-09-03,,,,,,,,
1788403680,125.5,125.5,125.5,125.5,200,2026-09-03,,,,,,,,
1788403740,125.5,125.5,125.5,125.5,200,2026-09-03,,,,,,,,
1788403800,125.4,125.4,125.3,125.3,5200,2026-09-03,,,,,,,,
1788403920,125.3,125.3,125.3,125.3,100,2026-09-03,,,,,,,,
1788403980,125.3,125.3,125.3,125.3,200,2026-09-03,,,,,,,,
1788404040,125.3,125.3,125.3,125.3,2700,2026-09-03,,,,,,,,
1788404100,125.3,125.3,125.3,125.3,200,2026-09-03,,,,,,,,
1788404220,125.3,125.3,125.2,125.2,800,2026-09-03,,,,,,,,
1788404280,125.3,125.5,125.2,125.5,11400,2026-09-03,,,,,,,,
1788404340,125.5,125.5,125.5,125.5,30900,2026-09-03,,,,,,,,
1788404400,125.5,125.5,125.5,125.5,100,2026-09-03,,,,,,,,
1788404460,125.5,125.5,125.5,125.5,11100,2026-09-03,,,,,,,,
1788404520,125.5,125.5,125.5,125.5,14100,2026-09-03,,,,,,,,
1788404580,125.5,125.5,125.5,125.5,200,2026-09-03,,,,,,,,
1788404700,125.5,125.5,125.5,125.5,100,2026-09-03,,,,,,,,
1788404760,125.5,125.5,125.5,125.5,100,2026-09-03,,,,,,,,
1788404820,125.1,125.1,125.1,125.1,1600,2026-09-03,,,,,,,,
1788404880,125.1,125.5,125.1,125.5,1900,2026-09-03,,,,,,,,
1788404940,125.5,125.5,125.5,125.5,100,2026-09-03,,,,,,,,
1788405000,125.5,125.5,125.5,125.5,100,2026-09-03,,,,,,,,
1788405060,125.3,125.3,125.3,125.3,200,2026-09-03,,,,,,,,
1788405180,125.3,125.3,125.2,125.2,3200,2026-09-03,,,,,,,,
1788405240,125.2,125.2,125.2,125.2,1700,2026-09-03,,,,,,,,
1788405300,125.1,125.1,125.0,125.0,9900,2026-09-03,,,,,,,,
1788405360,125.0,125.0,125.0,125.0,100,2026-09-03,,,,,,,,
1788405480,125.0,125.3,125.0,125.1,28000,2026-09-03,,,,,,,,
1788405540,125.1,125.1,125.1,125.1,1000,2026-09-03,,,,,,,,
1788405660,125.4,125.5,125.4,125.5,48800,2026-09-03,,,,,,,,
1788405720,125.5,125.5,125.5,125.5,8400,2026-09-03,,,,,,,,
1788405780,125.5,125.5,125.5,125.5,100,2026-09-03,,,,,,,,
1788405840,125.5,125.5,125.5,125.5,100,2026-09-03,,,,,,,,
1788405900,125.4,125.4,125.4,125.4,100,2026-09-03,,,,,,,,
1788405960,125.3,125.6,125.3,125.6,16400,2026-09-03,,,,,,,,
1788406020,125.5,125.6,125.5,125.6,1100,2026-09-03,,,,,,,,
1788406080,125.6,125.6,125.6,125.6,2800,2026-09-03,,,,,,,,
1788406140,125.6,125.7,125.6,125.7,5900,2026-09-03,,,,,,,,
1788406200,125.7,125.7,125.5,125.5,5100,2026-09-03,,,,,,,,
1788406260,125.5,125.5,125.5,125.5,100,2026-09-03,,,,,,,,
1788406380,125.6,125.6,125.4,125.4,2600,2026-09-03,,,,,,,,
1788406500,125.4,125.4,125.4,125.4,100,2026-09-03,,,,,,,,
1788406560,125.4,125.4,125.4,125.4,100,2026-09-03,,,,,,,,
1788406620,125.4,125.4,125.4,125.4,100,2026-09-03,,,,,,,,
1788406680,125.4,125.5,125.3,125.3,22000,2026-09-03,,,,,,,,
1788406740,125.4,125.4,125.3,125.3,17000,2026-09-03,,,,,,,,
1788406800,125.3,125.5,125.3,125.5,2600,2026-09-03,,,,,,,,
1788406860,125.5,125.5,125.5,125.5,100,2026-09-03,,,,,,,,
1788406980,125.5,125.6,125.5,125.6,4100,2026-09-03,,,,,,,,
1788407040,125.6,125.6,125.6,125.6,100,2026-09-03,,,,,,,,
1788407100,125.5,125.6,125.5,125.6,16300,2026-09-03,,,,,,,,
1788407160,125.6,125.6,125.6,125.6,200,2026-09-03,,,,,,,,
1788407220,125.6,125.6,125.6,125.6,4900,2026-09-03,,,,,,,,
1788407280,125.6,125.6,125.6,125.6,100,2026-09-03,,,,,,,,
1788407340,125.6,125.6,125.6,125.6,100,2026-09-03,,,,,,,,
1788407400,125.6,125.6,125.6,125.6,100,2026-09-03,,,,,,,,
1788407520,125.6,125.6,125.6,125.6,200,2026-09-03,,,,,,,,
1788407580,125.6,125.6,125.6,125.6,100,2026-09-03,,,,,,,,
1788407640,125.6,125.6,125.3,125.3,900,2026-09-03,,,,,,,,
1788407940,125.3,125.3,125.2,125.2,3300,2026-09-03,,,,,,,,
1788408000,125.2,125.2,125.1,125.1,4900,2026-09-03,,,,,,,,
1788408060,125.2,125.2,125.2,125.2,800,2026-09-03,,,,,,,,
1788408180,125.2,125.5,125.2,125.5,1200,2026-09-03,,,,,,,,
1788408240,125.5,125.5,125.4,125.4,1000,2026-09-03,,,,,,,,
1788408300,125.4,125.4,125.4,125.4,300,2026-09-03,,,,,,,,
1788408360,125.2,125.2,125.2,125.2,1500,2026-09-03,,,,,,,,
1788408420,125.2,125.2,125.1,125.1,4600,2026-09-03,,,,,,,,
1788408540,125.2,125.2,125.1,125.1,1500,2026-09-03,,,,,,,,
1788408600,125.1,125.1,125.0,125.0,1600,2026-09-03,,,,,,,,
1788408780,125.1,125.5,125.0,125.5,40200,2026-09-03,,,,,,,,
1788408840,125.5,125.5,125.5,125.5,15100,2026-09-03,,,,,,,,
1788408900,125.5,125.5,125.5,125.5,8100,2026-09-03,,,,,,,,
1788409020,125.5,125.5,125.5,125.5,100,2026-09-03,,,,,,,,
1788409080,125.5,125.5,125.5,125.5,5800,2026-09-03,,,,,,,,
1788409200,125.5,125.6,125.4,125.6,26700,2026-09-03,,,,,,,,
1788409260,125.6,125.6,125.6,125.6,31100,2026-09-03,,,,,,,,
1788409320,125.6,125.6,125.6,125.6,23200,2026-09-03,,,,,,,,
1788409380,125.6,125.6,125.6,125.6,1100,2026-09-03,,,,,,,,
1788409440,125.6,125.7,125.6,125.7,4500,2026-09-03,,,,,,,,
1788409500,125.7,125.7,125.7,125.7,100,2026-09-03,,,,,,,,
1788409560,125.7,125.7,125.7,125.7,100,2026-09-03,,,,,,,,
1788409620,125.7,125.7,125.7,125.7,100,2026-09-03,,,,,,,,
1788409680,125.7,125.7,125.7,125.7,900,2026-09-03,,,,,,,,
1788415200,125.7,125.7,125.5,125.5,1100,2026-09-03,,,,,,,,
1788415260,125.5,125.5,125.4,125.4,2400,2026-09-03,,,,,,,,
1788415320,125.4,125.5,125.4,125.5,10100,2026-09-03,,,,,,,,
1788415380,125.3,125.6,125.3,125.6,21000,2026-09-03,,,,,,,,
1788415440,125.6,125.7,125.6,125.6,30900,2026-09-03,,,,,,,,
1788415500,125.6,125.6,125.6,125.6,13100,2026-09-03,,,,,,,,
1788415560,125.6,125.6,125.5,125.5,1100,2026-09-03,,,,,,,,
1788415680,125.6,125.6,125.6,125.6,2700,2026-09-03,,,,,,,,
1788415800,125.6,125.6,125.6,125.6,4900,2026-09-03,,,,,,,,
1788415860,125.6,125.7,125.6,125.7,10000,2026-09-03,,,,,,,,
1788415920,125.6,125.6,125.6,125.6,10500,2026-09-03,,,,,,,,
1788415980,125.6,125.6,125.6,125.6,16900,2026-09-03,,,,,,,,
1788416040,125.6,125.6,125.5,125.6,13700,2026-09-03,,,,,,,,
1788416100,125.5,125.5,125.5,125.5,9000,2026-09-03,,,,,,,,
1788416160,125.5,125.5,125.5,125.5,14400,2026-09-03,,,,,,,,
1788416220,125.5,125.5,125.4,125.5,21300,2026-09-03,,,,,,,,
1788416280,125.5,125.5,125.4,125.5,15900,2026-09-03,,,,,,,,
1788416340,125.5,125.5,125.5,125.5,9900,2026-09-03,,,,,,,,
1788416400,125.4,125.4,125.2,125.2,8300,2026-09-03,,,,,,,,
1788416460,125.2,125.2,124.9,124.9,12200,2026-09-03,,,,,,,,
1788416520,124.9,125.0,124.9,125.0,6900,2026-09-03,,,,,,,,
1788416580,125.1,125.1,125.1,125.1,2500,2026-09-03,,,,,,,,
1788416640,125.1,125.1,125.0,125.0,4600,2026-09-03,,,,,,,,
1788416700,125.0,125.2,125.0,125.2,17900,2026-09-03,,,,,,,,
1788416760,125.3,125.5,125.3,125.5,6200,2026-09-03,,,,,,,,
1788416820,125.5,125.6,125.5,125.6,14700,2026-09-03,,,,,,,,
1788416880,125.4,125.4,125.4,125.4,500,2026-09-03,,,,,,,,
1788417000,125.4,125.4,125.3,125.3,900,2026-09-03,,,,,,,,
1788417060,125.3,125.3,125.3,125.3,400,2026-09-03,,,,,,,,
1788417180,125.3,125.3,125.3,125.3,100,2026-09-03,,,,,,,,
1788417300,125.3,125.3,125.3,125.3,1100,2026-09-03,,,,,,,,
1788417420,125.3,125.3,125.3,125.3,500,2026-09-03,,,,,,,,
1788417480,125.3,125.3,125.2,125.2,700,2026-09-03,,,,,,,,
1788417540,125.2,125.2,125.2,125.2,2500,2026-09-03,,,,,,,,
1788417600,125.2,125.2,125.1,125.1,400,2026-09-03,,,,,,,,
1788417780,125.2,125.2,125.2,125.2,200,2026-09-03,,,,,,,,
1788417840,125.2,125.2,125.2,125.2,100,2026-09-03,,,,,,,,
1788417900,125.3,125.5,125.3,125.5,13100,2026-09-03,,,,,,,,
1788418020,125.5,125.5,125.5,125.5,100,2026-09-03,,,,,,,,
1788418080,125.5,125.5,125.5,125.5,100,2026-09-03,,,,,,,,
1788418140,125.4,125.4,125.4,125.4,100,2026-09-03,,,,,,,,
1788418200,125.3,125.4,125.3,125.4,21000,2026-09-03,,,,,,,,
1788418260,125.4,125.5,125.4,125.5,14600,2026-09-03,,,,,,,,
1788418320,125.5,125.5,125.2,125.2,1400,2026-09-03,,,,,,,,
1788418380,125.2,125.2,125.2,125.2,700,2026-09-03,,,,,,,,
1788418500,125.2,125.2,125.2,125.2,800,2026-09-03,,,,,,,,
1788418620,125.5,125.5,125.5,125.5,200,2026-09-03,,,,,,,,
1788418740,125.5,125.5,125.5,125.5,100,2026-09-03,,,,,,,,
1788418800,125.4,125.4,125.4,125.4,100,2026-09-03,,,,,,,,
1788418860,125.4,125.4,125.4,125.4,100,2026-09-03,,,,,,,,
1788418980,125.4,125.4,125.4,125.4,100,2026-09-03,,,,,,,,
1788419040,125.4,125.4,125.4,125.4,200,2026-09-03,,,,,,,,
1788419100,125.3,125.4,125.2,125.4,1500,2026-09-03,,,,,,,,
1788419160,125.4,125.5,125.4,125.5,8600,2026-09-03,,,,,,,,
1788419220,125.5,125.5,125.5,125.5,7100,2026-09-03,,,,,,,,
1788419280,125.5,125.5,125.0,125.1,14700,2026-09-03,,,,,,,,
1788419340,125.1,125.1,125.1,125.1,200,2026-09-03,,,,,,,,
1788419400,125.5,125.5,125.4,125.5,16600,2026-09-03,,,,,,,,
1788419520,125.5,125.5,125.5,125.5,100,2026-09-03,,,,,,,,
1788419580,125.5,125.5,125.5,125.5,100,2026-09-03,,,,,,,,
1788419640,125.4,125.5,125.4,125.5,900,2026-09-03,,,,,,,,
1788419760,125.4,125.4,125.4,125.4,100,2026-09-03,,,,,,,,
1788419820,125.4,125.4,125.2,125.2,900,2026-09-03,,,,,,,,
1788419880,125.5,125.5,125.1,125.1,2400,2026-09-03,,,,,,,,
1788419940,125.1,125.1,125.1,125.1,1600,2026-09-03,,,,,,,,
1788420000,125.2,125.2,125.2,125.2,100,2026-09-03,,,,,,,,
1788420060,125.2,125.2,125.2,125.2,500,2026-09-03,,,,,,,,
1788420120,125.2,125.2,125.2,125.2,400,2026-09-03,,,,,,,,
1788420180,125.2,125.2,125.2,125.2,8900,2026-09-03,,,,,,,,
1788420240,125.3,125.3,125.1,125.1,7400,2026-09-03,,,,,,,,
1788420300,125.1,125.1,125.1,125.1,900,2026-09-03,,,,,,,,
1788420360,125.4,125.4,125.4,125.4,100,2026-09-03,,,,,,,,
1788420420,125.2,125.2,125.2,125.2,200,2026-09-03,,,,,,,,
1788420480,125.5,125.5,125.5,125.5,100,2026-09-03,,,,,,,,
1788420540,125.4,125.4,125.0,125.4,700,2026-09-03,,,,,,,,
1788421500,125.6,125.6,125.6,125.6,102600,2026-09-03,,,,,,,,
1788488100,125.7,125.9,125.7,125.9,174700,2026-09-04,,,,,,,,
1788488160,126.0,126.0,125.9,125.9,2000,2026-09-04,,,,,,,,
1788488220,125.8,125.8,125.6,125.6,11300,2026-09-04,,,,,,,,
1788488340,125.6,125.9,125.6,125.8,9000,2026-09-04,,,,,,,,
1788488400,125.9,125.9,125.9,125.9,200,2026-09-04,,,,,,,,
1788488460,125.9,126.0,125.8,125.8,14500,2026-09-04,,,,,,,,
1788488580,125.8,125.9,125.8,125.9,57500,2026-09-04,,,,,,,,
1788488640,125.9,125.9,125.9,125.9,40200,2026-09-04,,,,,,,,
1788488700,125.9,125.9,125.9,125.9,2500,2026-09-04,,,,,,,,
1788488760,125.9,125.9,125.9,125.9,500,2026-09-04,,,,,,,,
1788488820,125.9,125.9,125.9,125.9,1600,2026-09-04,,,,,,,,
1788489000,125.9,125.9,125.9,125.9,400,2026-09-04,,,,,,,,
1788489060,125.9,125.9,125.9,125.9,900,2026-09-04,,,,,,,,
1788489120,125.9,125.9,125.9,125.9,1000,2026-09-04,,,,,,,,
1788489180,125.9,125.9,125.9,125.9,500,2026-09-04,,,,,,,,
1788489240,125.9,125.9,125.7,125.8,6400,2026-09-04,,,,,,,,
1788489360,125.6,125.6,125.6,125.6,300,2026-09-04,,,,,,,,
1788489480,125.6,125.6,125.6,125.6,1500,2026-09-04,,,,,,,,
1788489600,125.6,125.6,125.6,125.6,3000,2026-09-04,,,,,,,,
1788489660,125.5,125.5,125.5,125.5,400,2026-09-04,,,,,,,,
1788489780,125.5,125.5,125.5,125.5,600,2026-09-04,,,,,,,,
1788489840,125.6,125.6,125.6,125.6,600,2026-09-04,,,,,,,,
1788489900,125.6,125.8,125.6,125.6,19300,2026-09-04,,,,,,,,
1788489960,125.6,125.6,125.6,125.6,3500,2026-09-04,,,,,,,,
1788490020,125.6,125.7,125.6,125.6,21900,2026-09-04,,,,,,,,
1788490080,125.6,125.6,125.6,125.6,4100,2026-09-04,,,,,,,,
1788490200,125.6,125.6,125.6,125.6,500,2026-09-04,,,,,,,,
1788490320,125.6,125.6,125.6,125.6,7500,2026-09-04,,,,,,,,
1788490500,125.6,125.6,125.6,125.6,1800,2026-09-04,,,,,,,,
1788490680,125.5,125.6,125.5,125.5,2900,2026-09-04,,,,,,,,
1788490740,125.6,125.6,125.5,125.5,600,2026-09-04,,,,,,,,
1788490800,125.5,125.5,125.5,125.5,600,2026-09-04,,,,,,,,
1788490860,125.6,125.7,125.6,125.7,19200,2026-09-04,,,,,,,,
1788490920,125.6,125.6,125.6,125.6,25500,2026-09-04,,,,,,,,
1788490980,125.6,125.6,125.6,125.6,4500,2026-09-04,,,,,,,,
1788491040,125.6,125.7,125.6,125.7,8600,2026-09-04,,,,,,,,
1788491160,125.6,125.6,125.6,125.6,12000,2026-09-04,,,,,,,,
1788491220,125.6,125.6,125.6,125.6,14600,2026-09-04,,,,,,,,
1788491280,125.6,125.6,125.5,125.5,900,2026-09-04,,,,,,,,
1788491340,125.5,125.5,125.5,125.5,7000,2026-09-04,,,,,,,,
1788491400,125.5,125.5,125.5,125.5,600,2026-09-04,,,,,,,,
1788491460,125.5,125.5,125.5,125.5,100,2026-09-04,,,,,,,,
1788491520,125.5,125.5,125.5,125.5,300,2026-09-04,,,,,,,,
1788491580,125.6,125.6,125.6,125.6,100,2026-09-04,,,,,,,,
1788491640,125.6,125.6,125.4,125.5,12700,2026-09-04,,,,,,,,
1788491700,125.5,125.5,125.5,125.5,800,2026-09-04,,,,,,,,
1788491820,125.5,125.6,125.5,125.6,5000,2026-09-04,,,,,,,,
1788491880,125.6,125.6,125.6,125.6,1000,2026-09-04,,,,,,,,
1788492000,125.5,125.5,125.3,125.3,3400,2026-09-04,,,,,,,,
1788492060,125.3,125.3,125.3,125.3,1900,2026-09-04,,,,,,,,
1788492120,125.4,125.4,125.2,125.2,2100,2026-09-04,,,,,,,,
1788492180,125.1,125.1,125.0,125.1,3700,2026-09-04,,,,,,,,
1788492240,125.2,125.2,125.2,125.2,200,2026-09-04,,,,,,,,
1788492300,125.1,125.1,125.1,125.1,100,2026-09-04,,,,,,,,
1788492360,125.1,125.1,125.0,125.0,10300,2026-09-04,,,,,,,,
1788492420,125.0,125.0,124.9,124.9,2500,2026-09-04,,,,,,,,
1788492480,124.9,124.9,124.9,124.9,100,2026-09-04,,,,,,,,
1788492540,124.9,124.9,124.9,124.9,1400,2026-09-04,,,,,,,,
1788492600,125.0,125.0,124.9,125.0,36800,2026-09-04,,,,,,,,
1788492660,125.0,125.0,124.9,125.0,28300,2026-09-04,,,,,,,,
1788492720,125.0,125.0,125.0,125.0,7100,2026-09-04,,,,,,,,
1788492780,125.0,125.0,125.0,125.0,1400,2026-09-04,,,,,,,,
1788492840,125.0,125.0,125.0,125.0,200,2026-09-04,,,,,,,,
1788492900,125.0,125.0,125.0,125.0,200,2026-09-04,,,,,,,,
1788492960,125.0,125.0,125.0,125.0,200,2026-09-04,,,,,,,,
1788493080,125.0,125.0,125.0,125.0,300,2026-09-04,,,,,,,,
1788493140,125.0,125.0,125.0,125.0,2300,2026-09-04,,,,,,,,
1788493200,125.0,125.0,125.0,125.0,100,2026-09-04,,,,,,,,
1788493260,125.0,125.0,125.0,125.0,600,2026-09-04,,,,,,,,
1788493380,125.1,125.3,125.1,125.3,7700,2026-09-04,,,,,,,,
1788493440,125.4,125.4,125.2,125.2,13600,2026-09-04,,,,,,,,
1788493500,125.2,125.4,125.2,125.4,10900,2026-09-04,,,,,,,,
1788493560,125.1,125.1,125.0,125.0,19000,2026-09-04,,,,,,,,
1788493620,125.0,125.0,125.0,125.0,12500,2026-09-04,,,,,,,,
1788493800,125.0,125.0,125.0,125.0,100,2026-09-04,,,,,,,,
1788493860,125.0,125.0,125.0,125.0,100,2026-09-04,,,,,,,,
1788493920,125.2,125.2,125.2,125.2,100,2026-09-04,,,,,,,,
1788493980,125.2,125.2,125.2,125.2,800,2026-09-04,,,,,,,,
1788494160,125.2,125.2,125.2,125.2,100,2026-09-04,,,,,,,,
1788494340,125.2,125.2,125.2,125.2,300,2026-09-04,,,,,,,,
1788494760,125.0,125.0,125.0,125.0,4500,2026-09-04,,,,,,,,
1788495000,125.1,125.1,125.1,125.1,100,2026-09-04,,,,,,,,
1788495060,125.0,125.0,125.0,125.0,100,2026-09-04,,,,,,,,
1788495120,125.0,125.0,125.0,125.0,1300,2026-09-04,,,,,,,,
1788495180,125.0,125.0,125.0,125.0,500,2026-09-04,,,,,,,,
1788495240,125.0,125.0,125.0,125.0,500,2026-09-04,,,,,,,,
1788495360,124.9,124.9,124.9,124.9,100,2026-09-04,,,,,,,,
1788495480,124.9,124.9,124.9,124.9,100,2026-09-04,,,,,,,,
1788495540,125.0,125.0,125.0,125.0,400,2026-09-04,,,,,,,,
1788495600,125.0,125.0,125.0,125.0,600,2026-09-04,,,,,,,,
1788495660,125.0,125.0,125.0,125.0,100,2026-09-04,,,,,,,,
1788495720,125.0,125.0,125.0,125.0,2100,2026-09-04,,,,,,,,
1788495780,125.0,125.0,125.0,125.0,1000,2026-09-04,,,,,,,,
1788495900,125.1,125.1,125.1,125.1,1600,2026-09-04,,,,,,,,
1788495960,125.0,125.0,125.0,125.0,100,2026-09-04,,,,,,,,
1788496020,125.0,125.0,125.0,125.0,1300,2026-09-04,,,,,,,,
1788496080,125.0,125.0,125.0,125.0,100,2026-09-04,,,,,,,,
1788496140,125.0,125.0,125.0,125.0,100,2026-09-04,,,,,,,,
1788501600,125.0,125.3,125.0,125.3,5500,2026-09-04,,,,,,,,
1788501660,125.3,125.7,125.3,125.7,19900,2026-09-04,,,,,,,,
1788501720,125.6,125.6,125.2,125.2,9700,2026-09-04,,,,,,,,
1788501780,125.3,125.3,125.3,125.3,800,2026-09-04,,,,,,,,
1788501840,125.3,125.5,125.3,125.3,21500,2026-09-04,,,,,,,,
1788501900,125.3,125.5,125.3,125.3,15400,2026-09-04,,,,,,,,
1788501960,125.3,125.4,125.3,125.4,6900,2026-09-04,,,,,,,,
1788502020,125.5,125.5,125.1,125.1,10000,2026-09-04,,,,,,,,
1788502080,125.5,125.6,125.3,125.3,3700,2026-09-04,,,,,,,,
1788502140,125.3,125.3,125.3,125.3,2000,2026-09-04,,,,,,,,
1788502200,125.2,125.2,125.2,125.2,300,2026-09-04,,,,,,,,
1788502260,125.3,125.5,125.3,125.5,10100,2026-09-04,,,,,,,,
1788502320,125.2,125.2,125.2,125.2,100,2026-09-04,,,,,,,,
1788502380,125.2,125.2,125.2,125.2,9200,2026-09-04,,,,,,,,
1788502500,125.2,125.2,125.2,125.2,800,2026-09-04,,,,,,,,
1788502620,125.2,125.2,125.1,125.1,5200,2026-09-04,,,,,,,,
1788502680,125.0,125.0,125.0,125.0,1600,2026-09-04,,,,,,,,
1788502740,125.0,125.0,125.0,125.0,1800,2026-09-04,,,,,,,,
1788502800,125.0,125.0,124.9,124.9,2600,2026-09-04,,,,,,,,
1788502920,125.0,125.0,125.0,125.0,11200,2026-09-04,,,,,,,,
1788502980,125.0,125.0,125.0,125.0,300,2026-09-04,,,,,,,,
1788503040,125.0,125.0,125.0,125.0,4200,2026-09-04,,,,,,,,
1788503100,125.0,125.1,125.0,125.1,3200,2026-09-04,,,,,,,,
1788503160,125.1,125.1,125.1,125.1,100,2026-09-04,,,,,,,,
1788503220,125.0,125.0,125.0,125.0,2000,2026-09-04,,,,,,,,
1788503280,125.1,125.3,125.1,125.3,11700,2026-09-04,,,,,,,,
1788503340,125.1,125.1,125.0,125.1,4500,2026-09-04,,,,,,,,
1788503580,125.0,125.0,125.0,125.0,10700,2026-09-04,,,,,,,,
1788503640,124.9,124.9,124.9,124.9,100,2026-09-04,,,,,,,,
1788503820,124.9,125.0,124.9,125.0,200,2026-09-04,,,,,,,,
1788503880,125.0,125.0,125.0,125.0,800,2026-09-04,,,,,,,,
1788503940,124.9,125.0,124.9,125.0,1000,2026-09-04,,,,,,,,
1788504060,125.1,125.1,125.1,125.1,100,2026-09-04,,,,,,,,
1788504120,125.0,125.0,125.0,125.0,200,2026-09-04,,,,,,,,
1788504180,125.1,125.4,125.1,125.4,10400,2026-09-04,,,,,,,,
1788504240,125.5,125.5,125.3,125.3,12000,2026-09-04,,,,,,,,
1788504300,125.4,125.4,125.4,125.4,100,2026-09-04,,,,,,,,
1788504360,125.4,125.5,125.4,125.4,5400,2026-09-04,,,,,,,,
1788504420,125.4,125.4,125.3,125.3,6800,2026-09-04,,,,,,,,
1788504600,125.3,125.3,125.1,125.1,7500,2026-09-04,,,,,,,,
1788504660,125.3,125.5,125.3,125.5,16000,2026-09-04,,,,,,,,
1788504720,125.6,125.6,125.5,125.5,1300,2026-09-04,,,,,,,,
1788504780,125.6,125.6,125.6,125.6,100,2026-09-04,,,,,,,,
1788504900,125.6,125.6,125.6,125.6,2000,2026-09-04,,,,,,,,
1788504960,125.6,125.6,125.4,125.4,4900,2026-09-04,,,,,,,,
1788505020,125.4,125.4,125.4,125.4,200,2026-09-04,,,,,,,,
1788505080,125.3,125.3,125.3,125.3,2600,2026-09-04,,,,,,,,
1788505140,125.3,125.3,125.3,125.3,100,2026-09-04,,,,,,,,
1788505200,125.3,125.4,125.3,125.4,5000,2026-09-04,,,,,,,,
1788505260,125.4,125.4,125.4,125.4,2100,2026-09-04,,,,,,,,
1788505320,125.4,125.5,125.2,125.5,10500,2026-09-04,,,,,,,,
1788505440,125.4,125.4,125.2,125.2,1800,2026-09-04,,,,,,,,
1788505500,125.2,125.2,125.2,125.2,200,2026-09-04,,,,,,,,
1788505560,125.2,125.2,125.2,125.2,600,2026-09-04,,,,,,,,
1788505620,125.2,125.2,125.2,125.2,100,2026-09-04,,,,,,,,
1788505680,125.2,125.2,125.1,125.1,800,2026-09-04,,,,,,,,
1788505740,125.2,125.2,125.2,125.2,100,2026-09-04,,,,,,,,
1788505800,125.3,125.3,125.1,125.1,400,2026-09-04,,,,,,,,
1788505920,125.4,125.6,125.4,125.6,7700,2026-09-04,,,,,,,,
1788506040,125.1,125.1,125.1,125.1,100,2026-09-04,,,,,,,,
1788506100,125.1,125.1,125.0,125.0,6200,2026-09-04,,,,,,,,
1788506280,125.3,125.4,125.3,125.3,2400,2026-09-04,,,,,,,,
1788506340,125.2,125.2,125.2,125.2,100,2026-09-04,,,,,,,,
1788506400,125.3,125.3,125.1,125.3,10600,2026-09-04,,,,,,,,
1788506460,125.3,125.3,125.3,125.3,2000,2026-09-04,,,,,,,,
1788506520,125.2,125.3,125.0,125.3,7300,2026-09-04,,,,,,,,
1788506580,125.3,125.3,125.3,125.3,15300,2026-09-04,,,,,,,,
1788506640,125.3,125.5,125.3,125.5,10400,2026-09-04,,,,,,,,
1788506700,125.1,125.4,125.0,125.4,9000,2026-09-04,,,,,,,,
1788506940,125.0,125.4,125.0,125.4,900,2026-09-04,,,,,,,,
1788507900,124.5,124.5,124.5,124.5,55500,2026-09-04,,,,,,,,
1788747300,124.7,124.7,124.5,124.5,125900,2026-09-07,,,,,,,,
1788747360,124.5,124.5,124.5,124.5,100,2026-09-07,,,,,,,,
1788747420,124.5,124.5,124.5,124.5,5200,2026-09-07,,,,,,,,
1788747480,124.5,124.5,124.0,124.0,2500,2026-09-07,,,,,,,,
1788747540,124.2,124.2,124.0,124.0,16800,2026-09-07,,,,,,,,
1788747600,124.0,124.5,124.0,124.5,10100,2026-09-07,,,,,,,,
1788747660,124.1,124.8,124.1,124.8,8200,2026-09-07,,,,,,,,
1788747720,124.8,125.0,124.8,125.0,21400,2026-09-07,,,,,,,,
1788747840,125.0,125.0,124.5,124.5,10500,2026-09-07,,,,,,,,
1788747900,124.4,124.4,124.1,124.1,5200,2026-09-07,,,,,,,,
1788747960,124.0,124.1,124.0,124.0,5400,2026-09-07,,,,,,,,
1788748080,124.0,124.0,124.0,124.0,800,2026-09-07,,,,,,,,
1788748140,124.1,124.1,124.1,124.1,400,2026-09-07,,,,,,,,
1788748200,124.1,124.1,124.1,124.1,600,2026-09-07,,,,,,,,
1788748380,124.1,124.2,124.1,124.2,17500,2026-09-07,,,,,,,,
1788748440,124.2,124.3,124.0,124.0,15000,2026-09-07,,,,,,,,
1788748620,124.0,124.0,124.0,124.0,2000,2026-09-07,,,,,,,,
1788748680,124.1,124.1,124.1,124.1,200,2026-09-07,,,,,,,,
1788748860,124.1,124.3,123.8,124.3,18300,2026-09-07,,,,,,,,
1788748920,124.2,124.3,124.2,124.3,1200,2026-09-07,,,,,,,,
1788748980,124.2,124.2,123.8,123.8,27200,2026-09-07,,,,,,,,
1788749040,124.0,124.2,123.9,124.2,10400,2026-09-07,,,,,,,,
1788749100,124.3,124.5,124.0,124.0,26200,2026-09-07,,,,,,,,
1788749160,124.0,124.0,123.8,124.0,16300,2026-09-07,,,,,,,,
1788749220,124.2,124.8,124.2,124.8,18000,2026-09-07,,,,,,,,
1788749280,124.8,124.9,124.2,124.2,22600,2026-09-07,,,,,,,,
1788749340,124.1,124.1,124.0,124.0,8300,2026-09-07,,,,,,,,
1788749400,124.0,124.0,124.0,124.0,1500,2026-09-07,,,,,,,,
1788749460,124.0,124.0,124.0,124.0,15000,2026-09-07,,,,,,,,
1788749520,124.1,124.1,124.1,124.1,1400,2026-09-07,,,,,,,,
1788749580,124.1,124.1,124.1,124.1,400,2026-09-07,,,,,,,,
1788749700,124.1,124.1,124.1,124.1,200,2026-09-07,,,,,,,,
1788749760,124.1,124.1,124.1,124.1,1100,2026-09-07,,,,,,,,
1788749820,124.2,124.2,124.2,124.2,200,2026-09-07,,,,,,,,
1788749880,124.2,124.2,124.2,124.2,100,2026-09-07,,,,,,,,
1788750120,124.2,124.5,124.2,124.5,10000,2026-09-07,,,,,,,,
1788750180,124.5,124.5,124.5,124.5,100,2026-09-07,,,,,,,,
1788750240,124.4,124.5,124.4,124.5,1000,2026-09-07,,,,,,,,
1788750300,124.5,124.7,124.5,124.7,10800,2026-09-07,,,,,,,,
1788750540,124.7,124.7,124.7,124.7,200,2026-09-07,,,,,,,,
1788750840,124.7,124.7,124.7,124.7,400,2026-09-07,,,,,,,,
1788750900,124.6,124.6,124.5,124.5,7000,2026-09-07,,,,,,,,
1788750960,124.5,124.5,124.5,124.5,300,2026-09-07,,,,,,,,
1788751080,124.5,124.6,124.5,124.6,2800,2026-09-07,,,,,,,,
1788751140,124.7,125.0,124.7,125.0,10800,2026-09-07,,,,,,,,
1788751260,124.9,124.9,124.9,124.9,100,2026-09-07,,,,,,,,
1788751320,124.9,124.9,124.8,124.8,4800,2026-09-07,,,,,,,,
1788751500,124.8,124.8,124.8,124.8,100,2026-09-07,,,,,,,,
1788751560,124.8,124.8,124.8,124.8,200,2026-09-07,,,,,,,,
1788751620,124.8,125.0,124.7,124.7,14200,2026-09-07,,,,,,,,
1788751680,125.0,125.2,125.0,125.2,20100,2026-09-07,,,,,,,,
1788751740,125.2,125.5,125.2,125.5,21500,2026-09-07,,,,,,,,
1788751800,125.6,125.6,125.6,125.6,2900,2026-09-07,,,,,,,,
1788751860,125.7,126.0,125.7,126.0,24300,2026-09-07,,,,,,,,
1788751920,126.0,126.2,125.9,126.1,18600,2026-09-07,,,,,,,,
1788751980,126.1,126.5,126.1,126.2,6400,2026-09-07,,,,,,,,
1788752040,126.2,126.2,126.0,126.1,2500,2026-09-07,,,,,,,,
1788752100,126.0,126.0,125.8,125.8,8900,2026-09-07,,,,,,,,
1788752220,125.7,125.7,125.7,125.7,100,2026-09-07,,,,,,,,
1788752280,125.7,125.7,125.7,125.7,1000,2026-09-07,,,,,,,,
1788752460,125.6,125.6,125.6,125.6,2300,2026-09-07,,,,,,,,
1788752520,125.6,125.7,125.6,125.7,500,2026-09-07,,,,,,,,
1788752700,125.7,125.7,125.7,125.7,500,2026-09-07,,,,,,,,
1788752820,125.6,125.6,125.6,125.6,200,2026-09-07,,,,,,,,
1788752880,125.7,125.7,125.7,125.7,1000,2026-09-07,,,,,,,,
1788752940,125.7,125.9,125.7,125.9,8100,2026-09-07,,,,,,,,
1788753000,125.9,125.9,125.9,125.9,300,2026-09-07,,,,,,,,
1788753060,125.9,125.9,125.9,125.9,300,2026-09-07,,,,,,,,
1788753120,125.9,125.9,125.9,125.9,2400,2026-09-07,,,,,,,,
1788753180,125.9,126.0,125.9,126.0,11000,2026-09-07,,,,,,,,
1788753240,126.0,126.0,126.0,126.0,29200,2026-09-07,,,,,,,,
1788753300,126.0,126.0,126.0,126.0,1000,2026-09-07,,,,,,,,
1788753360,125.8,125.8,125.8,125.8,100,2026-09-07,,,,,,,,
1788753420,125.8,125.8,125.8,125.8,400,2026-09-07,,,,,,,,
1788753480,125.9,125.9,125.9,125.9,100,2026-09-07,,,,,,,,
1788753540,125.8,125.9,125.8,125.8,500,2026-09-07,,,,,,,,
1788753600,125.9,125.9,125.9,125.9,200,2026-09-07,,,,,,,,
1788753660,125.9,125.9,125.9,125.9,100,2026-09-07,,,,,,,,
1788753720,125.9,125.9,125.9,125.9,100,2026-09-07,,,,,,,,
1788753780,125.8,125.8,125.8,125.8,100,2026-09-07,,,,,,,,
1788753960,125.8,126.4,125.8,126.4,26000,2026-09-07,,,,,,,,
1788754020,126.4,126.5,126.0,126.0,27200,2026-09-07,,,,,,,,
1788754080,126.0,126.0,126.0,126.0,100,2026-09-07,,,,,,,,
1788754260,125.9,126.0,125.8,126.0,14200,2026-09-07,,,,,,,,
1788754320,126.0,126.1,126.0,126.0,11500,2026-09-07,,,,,,,,
1788754380,126.0,126.0,126.0,126.0,14800,2026-09-07,,,,,,,,
1788754440,126.0,126.0,126.0,126.0,1100,2026-09-07,,,,,,,,
1788754500,126.0,126.4,126.0,126.0,4400,2026-09-07,,,,,,,,
1788754620,125.9,125.9,125.9,125.9,2000,2026-09-07,,,,,,,,
1788754680,125.9,125.9,125.9,125.9,400,2026-09-07,,,,,,,,
1788754740,126.0,126.0,126.0,126.0,1600,2026-09-07,,,,,,,,
1788754800,126.0,126.0,125.9,125.9,1200,2026-09-07,,,,,,,,
1788754920,125.9,125.9,125.9,125.9,100,2026-09-07,,,,,,,,
1788754980,125.9,126.0,125.9,126.0,12100,2026-09-07,,,,,,,,
1788755040,126.0,126.0,126.0,126.0,13200,2026-09-07,,,,,,,,
1788755220,125.8,125.8,125.8,125.8,100,2026-09-07,,,,,,,,
1788755280,125.8,126.0,125.8,126.0,22800,2026-09-07,,,,,,,,
1788755340,126.0,126.0,125.8,126.0,8900,2026-09-07,,,,,,,,
1788760860,125.7,125.7,125.6,125.6,11800,2026-09-07,,,,,,,,
1788760980,125.7,125.8,125.7,125.8,300,2026-09-07,,,,,,,,
1788761100,125.8,125.9,125.8,125.9,2300,2026-09-07,,,,,,,,
1788761160,125.9,125.9,125.9,125.9,800,2026-09-07,,,,,,,,
1788761220,125.8,125.8,125.8,125.8,200,2026-09-07,,,,,,,,
1788761280,125.8,125.9,125.8,125.9,2100,2026-09-07,,,,,,,,
1788761340,125.9,125.9,125.9,125.9,800,2026-09-07,,,,,,,,
1788761400,126.0,126.3,126.0,126.3,16400,2026-09-07,,,,,,,,
1788761460,126.4,126.4,126.4,126.4,1000,2026-09-07,,,,,,,,
1788761520,126.3,126.3,126.0,126.0,8700,2026-09-07,,,,,,,,
1788761640,125.9,126.0,125.9,125.9,12000,2026-09-07,,,,,,,,
1788761700,125.9,125.9,125.9,125.9,300,2026-09-07,,,,,,,,
1788761760,125.9,126.0,125.9,126.0,5500,2026-09-07,,,,,,,,
1788761820,125.9,125.9,125.9,125.9,200,2026-09-07,,,,,,,,
1788761880,125.9,125.9,125.9,125.9,200,2026-09-07,,,,,,,,
1788761940,125.9,125.9,125.8,125.9,5200,2026-09-07,,,,,,,,
1788762000,125.9,126.0,125.9,126.0,7100,2026-09-07,,,,,,,,
1788762060,126.0,126.0,125.9,125.9,7000,2026-09-07,,,,,,,,
1788762120,125.9,125.9,125.9,125.9,7400,2026-09-07,,,,,,,,
1788762180,125.9,125.9,125.9,125.9,7400,2026-09-07,,,,,,,,
1788762240,125.9,125.9,125.9,125.9,7700,2026-09-07,,,,,,,,
1788762300,125.8,125.9,125.7,125.8,6500,2026-09-07,,,,,,,,
1788762360,125.8,125.9,125.8,125.9,5300,2026-09-07,,,,,,,,
1788762420,125.9,125.9,125.8,125.9,10200,2026-09-07,,,,,,,,
1788762480,125.9,125.9,125.9,125.9,9700,2026-09-07,,,,,,,,
1788762540,125.9,125.9,125.5,125.5,16000,2026-09-07,,,,,,,,
1788762600,125.5,125.5,125.5,125.5,3700,2026-09-07,,,,,,,,
1788762660,125.5,125.5,125.5,125.5,9600,2026-09-07,,,,,,,,
1788762720,125.5,125.6,125.5,125.5,13800,2026-09-07,,,,,,,,
1788762780,125.5,125.5,125.5,125.5,7200,2026-09-07,,,,,,,,
1788762840,125.5,125.5,125.5,125.5,8200,2026-09-07,,,,,,,,
1788762900,125.5,125.5,125.5,125.5,3400,2026-09-07,,,,,,,,
1788762960,125.5,125.5,125.5,125.5,200,2026-09-07,,,,,,,,
1788763140,125.5,125.5,125.5,125.5,300,2026-09-07,,,,,,,,
1788763260,125.5,125.5,125.5,125.5,900,2026-09-07,,,,,,,,
1788763320,125.5,125.5,125.5,125.5,300,2026-09-07,,,,,,,,
1788763380,125.5,125.5,125.5,125.5,100,2026-09-07,,,,,,,,
1788763440,125.5,125.5,125.5,125.5,35000,2026-09-07,,,,,,,,
1788763560,125.6,125.6,125.5,125.5,15200,2026-09-07,,,,,,,,
1788763680,125.5,125.6,125.5,125.6,2200,2026-09-07,,,,,,,,
1788763860,125.6,125.9,125.5,125.9,24900,2026-09-07,,,,,,,,
1788763920,125.9,125.9,125.5,125.9,30200,2026-09-07,,,,,,,,
1788763980,125.9,125.9,125.5,125.5,14500,2026-09-07,,,,,,,,
1788764040,125.5,125.5,125.3,125.3,2500,2026-09-07,,,,,,,,
1788764100,125.4,125.4,125.3,125.3,13200,2026-09-07,,,,,,,,
1788764160,125.3,125.3,125.3,125.3,700,2026-09-07,,,,,,,,
1788764220,125.3,125.5,125.3,125.3,1600,2026-09-07,,,,,,,,
1788764280,125.3,125.3,124.9,125.0,21500,2026-09-07,,,,,,,,
1788764340,125.0,125.0,124.9,124.9,400,2026-09-07,,,,,,,,
1788764400,124.9,124.9,124.6,124.6,3900,2026-09-07,,,,,,,,
1788764460,124.6,124.6,124.6,124.6,400,2026-09-07,,,,,,,,
1788764520,124.7,124.7,124.5,124.5,5900,2026-09-07,,,,,,,,
1788764580,124.5,124.6,124.5,124.6,2400,2026-09-07,,,,,,,,
1788764640,124.7,125.0,124.7,125.0,1800,2026-09-07,,,,,,,,
1788764700,125.0,125.0,124.9,124.9,1700,2026-09-07,,,,,,,,
1788764760,124.9,124.9,124.7,124.7,3100,2026-09-07,,,,,,,,
1788764820,124.7,124.7,124.7,124.7,400,2026-09-07,,,,,,,,
1788764880,124.7,124.7,124.7,124.7,900,2026-09-07,,,,,,,,
1788764940,124.7,124.7,124.7,124.7,400,2026-09-07,,,,,,,,
1788765000,124.7,124.7,124.7,124.7,400,2026-09-07,,,,,,,,
1788765060,124.7,124.7,124.5,124.5,9900,2026-09-07,,,,,,,,
1788765120,124.5,124.5,124.4,124.4,1600,2026-09-07,,,,,,,,
1788765180,124.4,124.5,124.4,124.5,1300,2026-09-07,,,,,,,,
1788765240,124.5,124.5,124.5,124.5,500,2026-09-07,,,,,,,,
1788765300,124.5,124.5,124.5,124.5,400,2026-09-07,,,,,,,,
1788765360,124.5,124.5,124.5,124.5,400,2026-09-07,,,,,,,,
1788765420,124.5,125.0,124.4,124.4,23500,2026-09-07,,,,,,,,
1788765480,124.5,124.9,124.4,124.5,13400,2026-09-07,,,,,,,,
1788765540,124.5,124.5,124.5,124.5,400,2026-09-07,,,,,,,,
1788765600,124.5,124.8,124.5,124.6,1500,2026-09-07,,,,,,,,
1788765660,124.8,125.0,124.6,124.6,15500,2026-09-07,,,,,,,,
1788765720,124.6,124.6,124.6,124.6,400,2026-09-07,,,,,,,,
1788765780,124.6,124.6,124.6,124.6,500,2026-09-07,,,,,,,,
1788765840,124.6,124.6,124.5,124.5,3400,2026-09-07,,,,,,,,
1788765900,124.5,124.5,124.5,124.5,400,2026-09-07,,,,,,,,
1788765960,124.5,124.5,124.5,124.5,500,2026-09-07,,,,,,,,
1788766020,124.5,124.5,124.5,124.5,400,2026-09-07,,,,,,,,
1788766080,124.5,124.5,124.4,124.4,2400,2026-09-07,,,,,,,,
1788766140,124.4,124.5,124.4,124.4,700,2026-09-07,,,,,,,,
1788767100,125.0,125.0,125.0,125.0,60500,2026-09-07,,,,,,,,
1788833700,125.1,125.3,125.1,125.3,86700,2026-09-08,,,,,,,,
1788833760,125.4,125.6,125.4,125.6,10700,2026-09-08,,,,,,,,
1788833820,125.7,126.0,125.7,126.0,10600,2026-09-08,,,,,,,,
1788833880,126.2,126.4,126.0,126.0,8200,2026-09-08,,,,,,,,
1788833940,125.9,126.0,125.9,126.0,4900,2026-09-08,,,,,,,,
1788834000,126.0,126.0,126.0,126.0,4500,2026-09-08,,,,,,,,
1788834060,126.0,126.0,126.0,126.0,2000,2026-09-08,,,,,,,,
1788834120,126.0,126.0,125.8,125.9,14900,2026-09-08,,,,,,,,
1788834180,125.9,125.9,125.9,125.9,300,2026-09-08,,,,,,,,
1788834240,125.8,126.0,125.8,126.0,8400,2026-09-08,,,,,,,,
1788834300,126.0,126.0,126.0,126.0,7500,2026-09-08,,,,,,,,
1788834360,126.0,126.0,126.0,126.0,4800,2026-09-08,,,,,,,,
1788834420,125.9,125.9,125.5,125.5,13600,2026-09-08,,,,,,,,
1788834480,125.6,125.9,125.6,125.9,12800,2026-09-08,,,,,,,,
1788834540,125.9,125.9,125.9,125.9,7500,2026-09-08,,,,,,,,
1788834600,125.8,125.8,125.5,125.5,6600,2026-09-08,,,,,,,,
1788834660,125.5,125.5,125.5,125.5,10500,2026-09-08,,,,,,,,
1788834720,125.4,125.5,125.4,125.5,2600,2026-09-08,,,,,,,,
1788834780,125.5,125.5,125.4,125.5,11100,2026-09-08,,,,,,,,
1788834840,125.5,125.5,125.5,125.5,5100,2026-09-08,,,,,,,,
1788834900,125.6,125.6,125.6,125.6,1000,2026-09-08,,,,,,,,
1788834960,125.5,125.5,125.5,125.5,600,2026-09-08,,,,,,,,
1788835020,125.5,125.5,125.5,125.5,300,2026-09-08,,,,,,,,
1788835080,125.6,125.6,125.6,125.6,1900,2026-09-08,,,,,,,,
1788835140,125.7,125.9,125.6,125.6,8800,2026-09-08,,,,,,,,
1788835200,125.6,125.7,125.6,125.7,4300,2026-09-08,,,,,,,,
1788835260,125.7,125.8,125.7,125.8,3500,2026-09-08,,,,,,,,
1788835320,125.8,125.8,125.8,125.8,1600,2026-09-08,,,,,,,,
1788835380,125.8,125.9,125.8,125.8,14300,2026-09-08,,,,,,,,
1788835440,125.7,125.7,125.6,125.6,2200,2026-09-08,,,,,,,,
1788835680,125.6,125.6,125.6,125.6,1700,2026-09-08,,,,,,,,
1788835740,125.5,125.5,125.5,125.5,300,2026-09-08,,,,,,,,
1788835860,125.5,125.5,125.5,125.5,15000,2026-09-08,,,,,,,,
1788835920,125.5,125.5,125.5,125.5,3700,2026-09-08,,,,,,,,
1788836040,125.4,125.4,125.4,125.4,100,2026-09-08,,,,,,,,
1788836100,125.5,125.5,125.5,125.5,4800,2026-09-08,,,,,,,,
1788836160,125.4,125.4,125.4,125.4,10000,2026-09-08,,,,,,,,
1788836220,125.5,125.5,125.5,125.5,10800,2026-09-08,,,,,,,,
1788836280,125.5,125.5,125.4,125.5,14400,2026-09-08,,,,,,,,
1788836340,125.5,125.7,125.4,125.6,10600,2026-09-08,,,,,,,,
1788836400,125.5,125.5,125.5,125.5,8800,2026-09-08,,,,,,,,
1788836460,125.4,125.5,125.4,125.5,11300,2026-09-08,,,,,,,,
1788836520,125.5,125.5,125.4,125.5,17200,2026-09-08,,,,,,,,
1788836580,125.5,125.5,125.5,125.5,3400,2026-09-08,,,,,,,,
1788836640,125.5,125.5,125.4,125.5,6600,2026-09-08,,,,,,,,
1788836700,125.7,125.7,125.7,125.7,100,2026-09-08,,,,,,,,
1788836760,125.7,125.7,125.7,125.7,200,2026-09-08,,,,,,,,
1788836820,125.7,125.7,125.7,125.7,100,2026-09-08,,,,,,,,
1788836880,125.7,125.8,125.7,125.8,4200,2026-09-08,,,,,,,,
1788836940,125.8,126.0,125.8,126.0,13900,2026-09-08,,,,,,,,
1788837000,126.0,126.0,125.9,126.0,40400,2026-09-08,,,,,,,,
1788837060,126.0,126.0,126.0,126.0,1400,2026-09-08,,,,,,,,
1788837120,126.1,126.1,126.0,126.0,3800,2026-09-08,,,,,,,,
1788837180,126.0,126.0,126.0,126.0,400,2026-09-08,,,,,,,,
1788837240,125.9,125.9,125.9,125.9,100,2026-09-08,,,,,,,,
1788837420,125.9,125.9,125.9,125.9,2000,2026-09-08,,,,,,,,
1788837480,125.9,126.0,125.9,126.0,800,2026-09-08,,,,,,,,
1788837540,125.8,126.0,125.8,126.0,500,2026-09-08,,,,,,,,
1788837600,126.0,126.3,126.0,126.3,13200,2026-09-08,,,,,,,,
1788837660,126.3,126.3,126.2,126.3,3300,2026-09-08,,,,,,,,
1788837720,126.2,126.3,126.2,126.2,1700,2026-09-08,,,,,,,,
1788837780,126.2,126.2,126.2,126.2,1300,2026-09-08,,,,,,,,
1788837840,126.1,126.2,126.1,126.2,800,2026-09-08,,,,,,,,
1788837900,126.2,126.2,126.2,126.2,700,2026-09-08,,,,,,,,
1788837960,126.2,126.2,126.2,126.2,400,2026-09-08,,,,,,,,
1788838020,126.1,126.1,126.0,126.0,2600,2026-09-08,,,,,,,,
1788838080,126.0,126.0,126.0,126.0,100,2026-09-08,,,,,,,,
1788838140,125.9,125.9,125.9,125.9,600,2026-09-08,,,,,,,,
1788838260,125.9,125.9,125.9,125.9,1200,2026-09-08,,,,,,,,
1788838320,125.8,125.8,125.8,125.8,3300,2026-09-08,,,,,,,,
1788838380,125.8,125.9,125.8,125.9,1800,2026-09-08,,,,,,,,
1788838440,125.7,125.7,125.7,125.7,2900,2026-09-08,,,,,,,,
1788838500,125.7,125.7,125.7,125.7,500,2026-09-08,,,,,,,,
1788838560,125.7,125.7,125.7,125.7,100,2026-09-08,,,,,,,,
1788838620,125.7,125.7,125.7,125.7,100,2026-09-08,,,,,,,,
1788838680,125.7,125.7,125.7,125.7,100,2026-09-08,,,,,,,,
1788838740,125.6,125.6,125.6,125.6,100,2026-09-08,,,,,,,,
1788838800,125.6,125.6,125.6,125.6,400,2026-09-08,,,,,,,,
1788839100,125.6,125.6,125.6,125.6,200,2026-09-08,,,,,,,,
1788839220,125.9,125.9,125.9,125.9,400,2026-09-08,,,,,,,,
1788839280,125.9,125.9,125.9,125.9,1300,2026-09-08,,,,,,,,
1788839340,125.9,125.9,125.9,125.9,100,2026-09-08,,,,,,,,
1788839460,125.9,126.0,125.9,126.0,4500,2026-09-08,,,,,,,,
1788839520,126.0,126.0,126.0,126.0,100,2026-09-08,,,,,,,,
1788839640,126.0,126.0,126.0,126.0,100,2026-09-08,,,,,,,,
1788839760,126.0,126.0,125.8,125.8,4700,2026-09-08,,,,,,,,
1788839880,125.7,125.7,125.7,125.7,200,2026-09-08,,,,,,,,
1788840180,125.8,125.8,125.8,125.8,200,2026-09-08,,,,,,,,
1788840240,125.8,125.8,125.8,125.8,100,2026-09-08,,,,,,,,
1788840300,125.7,125.7,125.5,125.5,8100,2026-09-08,,,,,,,,
1788840360,125.5,125.5,125.5,125.5,100,2026-09-08,,,,,,,,
1788840480,125.5,125.5,125.5,125.5,100,2026-09-08,,,,,,,,
1788840540,125.5,125.5,125.5,125.5,100,2026-09-08,,,,,,,,
1788840600,125.5,125.5,125.5,125.5,100,2026-09-08,,,,,,,,
1788840660,125.5,125.5,125.5,125.5,10800,2026-09-08,,,,,,,,
1788840780,125.5,125.5,125.5,125.5,6700,2026-09-08,,,,,,,,
1788840960,125.5,125.5,125.5,125.5,100,2026-09-08,,,,,,,,
1788841080,125.5,125.5,125.5,125.5,400,2026-09-08,,,,,,,,
1788841140,125.4,125.4,125.4,125.4,200,2026-09-08,,,,,,,,
1788841200,125.5,125.5,125.5,125.5,2800,2026-09-08,,,,,,,,
1788841260,125.5,125.9,125.5,125.9,18600,2026-09-08,,,,,,,,
1788841320,125.9,125.9,125.4,125.4,10500,2026-09-08,,,,,,,,
1788841380,125.4,125.6,125.4,125.4,21000,2026-09-08,,,,,,,,
1788841440,125.4,125.8,125.4,125.8,21000,2026-09-08,,,,,,,,
1788841500,125.8,126.0,125.7,126.0,1900,2026-09-08,,,,,,,,
1788841560,125.9,126.0,125.7,125.9,12600,2026-09-08,,,,,,,,
1788841620,125.9,125.9,125.8,125.9,11300,2026-09-08,,,,,,,,
1788841680,125.9,125.9,125.9,125.9,100,2026-09-08,,,,,,,,
1788847200,125.9,125.9,125.7,125.7,400,2026-09-08,,,,,,,,
1788847260,125.5,125.5,125.3,125.5,15000,2026-09-08,,,,,,,,
1788847380,125.6,125.6,125.6,125.6,4500,2026-09-08,,,,,,,,
1788847440,125.7,126.0,125.7,126.0,17700,2026-09-08,,,,,,,,
1788847500,125.9,126.0,125.7,125.9,21400,2026-09-08,,,,,,,,
1788847560,125.9,126.0,125.6,125.6,12300,2026-09-08,,,,,,,,
1788847620,125.6,125.9,125.6,125.8,14200,2026-09-08,,,,,,,,
1788847680,125.8,125.8,125.6,125.7,16000,2026-09-08,,,,,,,,
1788847740,125.7,125.7,125.4,125.5,12200,2026-09-08,,,,,,,,
1788847800,125.6,125.7,125.6,125.7,11300,2026-09-08,,,,,,,,
1788847860,125.7,125.7,125.6,125.7,13200,2026-09-08,,,,,,,,
1788847920,125.7,125.7,125.6,125.7,13400,2026-09-08,,,,,,,,
1788847980,125.7,125.7,125.5,125.5,5000,2026-09-08,,,,,,,,
1788848040,125.5,125.5,125.5,125.5,200,2026-09-08,,,,,,,,
1788848100,125.5,125.5,125.5,125.5,300,2026-09-08,,,,,,,,
1788848160,125.5,125.5,125.5,125.5,300,2026-09-08,,,,,,,,
1788848220,125.5,125.5,125.5,125.5,400,2026-09-08,,,,,,,,
1788848280,125.5,125.5,125.4,125.4,600,2026-09-08,,,,,,,,
1788848340,125.4,125.4,125.3,125.3,300,2026-09-08,,,,,,,,
1788848400,125.3,125.4,125.3,125.4,300,2026-09-08,,,,,,,,
1788848460,125.4,125.4,125.3,125.3,500,2026-09-08,,,,,,,,
1788848520,125.3,125.4,125.3,125.3,400,2026-09-08,,,,,,,,
1788848580,125.4,125.8,125.4,125.8,29600,2026-09-08,,,,,,,,
1788848640,125.6,125.8,125.6,125.8,600,2026-09-08,,,,,,,,
1788848700,125.8,125.8,125.5,125.5,1200,2026-09-08,,,,,,,,
1788848760,125.5,125.5,125.5,125.5,100,2026-09-08,,,,,,,,
1788848820,125.5,125.8,125.5,125.5,300,2026-09-08,,,,,,,,
1788848880,125.8,125.8,125.5,125.5,300,2026-09-08,,,,,,,,
1788848940,125.5,125.6,125.5,125.6,700,2026-09-08,,,,,,,,
1788849000,125.5,125.5,125.5,125.5,400,2026-09-08,,,,,,,,
1788849120,125.5,125.5,125.5,125.5,100,2026-09-08,,,,,,,,
1788849180,125.5,125.5,125.4,125.4,600,2026-09-08,,,,,,,,
1788849240,125.5,125.5,125.5,125.5,25400,2026-09-08,,,,,,,,
1788849300,125.7,125.7,125.4,125.4,15900,2026-09-08,,,,,,,,
1788849360,125.3,125.4,125.3,125.3,1500,2026-09-08,,,,,,,,
1788849420,125.3,125.3,125.3,125.3,1000,2026-09-08,,,,,,,,
1788849480,125.3,125.9,125.3,125.9,22600,2026-09-08,,,,,,,,
1788849540,125.9,125.9,125.8,125.8,2900,2026-09-08,,,,,,,,
1788849600,125.8,126.0,125.8,126.0,15400,2026-09-08,,,,,,,,
1788849660,126.0,126.0,126.0,126.0,8200,2026-09-08,,,,,,,,
1788849720,126.0,126.0,126.0,126.0,1600,2026-09-08,,,,,,,,
1788849780,126.0,126.0,126.0,126.0,600,2026-09-08,,,,,,,,
1788849900,125.9,125.9,125.8,125.8,1700,2026-09-08,,,,,,,,
1788849960,125.8,125.8,125.7,125.7,3600,2026-09-08,,,,,,,,
1788850080,125.6,125.7,125.6,125.6,1700,2026-09-08,,,,,,,,
1788850140,125.6,125.6,125.6,125.6,100,2026-09-08,,,,,,,,
1788850200,125.5,125.5,125.5,125.5,200,2026-09-08,,,,,,,,
1788850440,125.5,125.5,125.5,125.5,1000,2026-09-08,,,,,,,,
1788850500,125.5,125.5,125.5,125.5,1000,2026-09-08,,,,,,,,
1788850620,125.6,125.6,125.6,125.6,300,2026-09-08,,,,,,,,
1788850680,125.6,125.6,125.6,125.6,100,2026-09-08,,,,,,,,
1788850740,125.6,125.8,125.6,125.7,6900,2026-09-08,,,,,,,,
1788850800,125.6,125.8,125.6,125.8,31100,2026-09-08,,,,,,,,
1788850860,125.8,125.8,125.8,125.8,3600,2026-09-08,,,,,,,,
1788850920,125.8,125.8,125.8,125.8,100,2026-09-08,,,,,,,,
1788850980,125.8,125.8,125.8,125.8,100,2026-09-08,,,,,,,,
1788851100,125.8,125.8,125.8,125.8,200,2026-09-08,,,,,,,,
1788851160,125.8,125.8,125.6,125.6,1200,2026-09-08,,,,,,,,
1788851280,125.8,126.0,125.8,126.0,26900,2026-09-08,,,,,,,,
1788851340,126.0,126.0,125.7,126.0,2000,2026-09-08,,,,,,,,
1788851400,126.0,126.0,126.0,126.0,100,2026-09-08,,,,,,,,
1788851460,125.6,125.7,125.6,125.7,200,2026-09-08,,,,,,,,
1788851520,125.6,125.6,125.5,125.5,1300,2026-09-08,,,,,,,,
1788851580,125.5,125.5,125.5,125.5,600,2026-09-08,,,,,,,,
1788851640,125.5,125.5,125.5,125.5,500,2026-09-08,,,,,,,,
1788851760,125.6,125.6,125.6,125.6,1000,2026-09-08,,,,,,,,
1788851820,125.6,125.6,125.6,125.6,2000,2026-09-08,,,,,,,,
1788851880,125.7,125.7,125.7,125.7,100,2026-09-08,,,,,,,,
1788851940,125.7,125.7,125.7,125.7,100,2026-09-08,,,,,,,,
1788852000,125.7,125.7,125.7,125.7,2000,2026-09-08,,,,,,,,
1788852060,125.8,125.8,125.7,125.7,1700,2026-09-08,,,,,,,,
1788852120,125.7,125.7,125.7,125.7,300,2026-09-08,,,,,,,,
1788852180,125.8,125.9,125.8,125.9,1000,2026-09-08,,,,,,,,
1788852240,125.9,125.9,125.9,125.9,100,2026-09-08,,,,,,,,
1788852360,125.8,125.8,125.8,125.8,500,2026-09-08,,,,,,,,
1788852420,125.8,125.8,125.8,125.8,1800,2026-09-08,,,,,,,,
1788852480,125.8,126.0,125.8,126.0,4700,2026-09-08,,,,,,,,
1788852540,125.9,126.0,125.9,126.0,2800,2026-09-08,,,,,,,,
1788853500,126.0,126.0,126.0,126.0,55400,2026-09-08,,,,,,,,
1788920100,126.0,126.5,126.0,126.5,90500,2026-09-09,,,,,,,,
1788920160,126.5,126.5,126.0,126.0,13500,2026-09-09,,,,,,,,
1788920340,125.9,125.9,125.9,125.9,100,2026-09-09,,,,,,,,
1788920400,125.9,125.9,125.8,125.8,1600,2026-09-09,,,,,,,,
1788920460,125.8,125.8,125.5,125.5,6600,2026-09-09,,,,,,,,
1788920760,125.4,125.5,125.4,125.5,7400,2026-09-09,,,,,,,,
1788920820,125.4,125.5,125.4,125.4,11100,2026-09-09,,,,,,,,
1788920880,125.5,125.5,125.4,125.4,13400,2026-09-09,,,,,,,,
1788920940,125.5,125.6,125.5,125.5,14100,2026-09-09,,,,,,,,
1788921000,125.4,125.5,125.4,125.5,8100,2026-09-09,,,,,,,,
1788921060,125.5,125.5,125.4,125.5,18200,2026-09-09,,,,,,,,
1788921120,125.5,125.5,125.5,125.5,14900,2026-09-09,,,,,,,,
1788921180,125.5,125.6,125.5,125.6,6700,2026-09-09,,,,,,,,
1788921240,125.6,126.1,125.6,126.1,7400,2026-09-09,,,,,,,,
1788921360,126.1,126.2,126.1,126.2,9500,2026-09-09,,,,,,,,
1788921420,126.2,126.2,126.2,126.2,100,2026-09-09,,,,,,,,
1788921480,126.2,126.2,126.0,126.0,7000,2026-09-09,,,,,,,,
1788921540,126.0,126.1,126.0,126.1,200,2026-09-09,,,,,,,,
1788921600,126.1,126.1,126.1,126.1,400,2026-09-09,,,,,,,,
1788921660,126.1,126.1,126.0,126.0,400,2026-09-09,,,,,,,,
1788921720,126.0,126.4,126.0,126.3,17600,2026-09-09,,,,,,,,
1788921780,126.3,126.3,126.3,126.3,2000,2026-09-09,,,,,,,,
1788921840,126.2,126.4,126.2,126.4,5000,2026-09-09,,,,,,,,
1788921900,126.3,126.3,126.3,126.3,9800,2026-09-09,,,,,,,,
1788921960,126.3,126.3,126.3,126.3,1000,2026-09-09,,,,,,,,
1788922140,126.3,126.3,126.2,126.3,7500,2026-09-09,,,,,,,,
1788922200,126.3,126.3,126.3,126.3,1500,2026-09-09,,,,,,,,
1788922260,126.3,126.3,126.3,126.3,8700,2026-09-09,,,,,,,,
1788922320,126.3,126.3,126.2,126.3,6500,2026-09-09,,,,,,,,
1788922380,126.2,126.3,126.2,126.2,7800,2026-09-09,,,,,,,,
1788922440,126.2,126.2,126.2,126.2,8200,2026-09-09,,,,,,,,
1788922500,126.2,126.3,126.2,126.3,3800,2026-09-09,,,,,,,,
1788922560,126.3,126.3,126.3,126.3,6700,2026-09-09,,,,,,,,
1788922620,126.2,126.3,126.2,126.3,4400,2026-09-09,,,,,,,,
1788922680,126.2,126.3,126.2,126.3,500,2026-09-09,,,,,,,,
1788922800,126.1,126.1,126.1,126.1,600,2026-09-09,,,,,,,,
1788922920,126.1,126.1,126.1,126.1,100,2026-09-09,,,,,,,,
1788922980,126.1,126.1,126.1,126.1,200,2026-09-09,,,,,,,,
1788923040,126.0,126.0,126.0,126.0,200,2026-09-09,,,,,,,,
1788923160,126.0,126.0,126.0,126.0,400,2026-09-09,,,,,,,,
1788923220,126.1,126.2,126.1,126.2,11400,2026-09-09,,,,,,,,
1788923280,126.2,126.2,126.2,126.2,12500,2026-09-09,,,,,,,,
1788923400,126.1,126.1,126.1,126.1,1300,2026-09-09,,,,,,,,
1788923460,126.0,126.0,126.0,126.0,1700,2026-09-09,,,,,,,,
1788923580,126.0,126.0,126.0,126.0,500,2026-09-09,,,,,,,,
1788923640,125.9,125.9,125.9,125.9,300,2026-09-09,,,,,,,,
1788923700,125.9,125.9,125.9,125.9,900,2026-09-09,,,,,,,,
1788923880,125.8,125.8,125.8,125.8,2500,2026-09-09,,,,,,,,
1788923940,125.8,125.8,125.5,125.5,9400,2026-09-09,,,,,,,,
1788924000,125.4,125.4,125.4,125.4,1100,2026-09-09,,,,,,,,
1788924060,125.4,125.4,125.4,125.4,200,2026-09-09,,,,,,,,
1788924180,125.5,125.5,125.5,125.5,300,2026-09-09,,,,,,,,
1788924420,125.5,125.5,125.5,125.5,100,2026-09-09,,,,,,,,
1788924720,125.6,126.0,125.5,125.9,34900,2026-09-09,,,,,,,,
1788924780,125.9,126.0,125.9,126.0,4500,2026-09-09,,,,,,,,
1788924960,125.5,125.5,125.5,125.5,500,2026-09-09,,,,,,,,
1788925020,125.5,125.5,125.5,125.5,15700,2026-09-09,,,,,,,,
1788925080,125.5,125.8,125.5,125.7,16800,2026-09-09,,,,,,,,
1788925140,125.6,125.7,125.6,125.7,11600,2026-09-09,,,,,,,,
1788925200,125.6,125.7,125.6,125.7,9900,2026-09-09,,,,,,,,
1788925260,125.6,125.7,125.6,125.7,8000,2026-09-09,,,,,,,,
1788925440,125.4,125.4,125.4,125.4,700,2026-09-09,,,,,,,,
1788925500,125.4,125.4,125.4,125.4,100,2026-09-09,,,,,,,,
1788925560,125.7,125.7,125.7,125.7,3000,2026-09-09,,,,,,,,
1788925680,125.7,125.7,125.7,125.7,200,2026-09-09,,,,,,,,
1788925860,125.4,125.5,125.4,125.5,9100,2026-09-09,,,,,,,,
1788925920,125.5,125.5,125.5,125.5,15700,2026-09-09,,,,,,,,
1788925980,125.5,125.5,125.5,125.5,4000,2026-09-09,,,,,,,,
1788926100,125.5,125.5,125.5,125.5,400,2026-09-09,,,,,,,,
1788926160,125.5,125.5,125.5,125.5,300,2026-09-09,,,,,,,,
1788926280,125.5,125.5,125.5,125.5,200,2026-09-09,,,,,,,,
1788926640,125.5,125.5,125.5,125.5,600,2026-09-09,,,,,,,,
1788926700,125.5,125.5,125.5,125.5,100,2026-09-09,,,,,,,,
1788926880,125.7,125.7,125.7,125.7,400,2026-09-09,,,,,,,,
1788926940,125.7,125.8,125.7,125.8,2000,2026-09-09,,,,,,,,
1788927120,125.8,125.8,125.8,125.8,400,2026-09-09,,,,,,,,
1788927240,125.8,125.8,125.8,125.8,400,2026-09-09,,,,,,,,
1788927540,125.8,125.8,125.8,125.8,100,2026-09-09,,,,,,,,
1788927780,125.7,125.7,125.7,125.7,1100,2026-09-09,,,,,,,,
1788927840,125.6,125.6,125.6,125.6,100,2026-09-09,,,,,,,,
1788928020,125.6,125.6,125.6,125.6,1400,2026-09-09,,,,,,,,
1788933600,125.5,125.5,125.4,125.4,9800,2026-09-09,,,,,,,,
1788933660,125.4,125.4,125.4,125.4,6000,2026-09-09,,,,,,,,
1788933720,125.3,125.3,125.2,125.2,3800,2026-09-09,,,,,,,,
1788933780,125.2,125.2,125.2,125.2,100,2026-09-09,,,,,,,,
1788933960,125.2,125.4,125.2,125.4,8000,2026-09-09,,,,,,,,
1788934020,125.4,125.4,125.2,125.2,6500,2026-09-09,,,,,,,,
1788934080,125.2,125.2,125.2,125.2,1900,2026-09-09,,,,,,,,
1788934140,125.4,125.4,125.3,125.4,13000,2026-09-09,,,,,,,,
1788934200,125.2,125.2,125.0,125.0,15000,2026-09-09,,,,,,,,
1788934260,125.0,125.0,125.0,125.0,500,2026-09-09,,,,,,,,
1788934320,125.1,125.1,125.0,125.0,5100,2026-09-09,,,,,,,,
1788934380,125.0,125.0,125.0,125.0,100,2026-09-09,,,,,,,,
1788934440,125.1,125.1,125.0,125.0,16600,2026-09-09,,,,,,,,
1788934500,125.0,125.2,125.0,125.0,8500,2026-09-09,,,,,,,,
1788934620,125.1,125.1,125.1,125.1,100,2026-09-09,,,,,,,,
1788934680,125.0,125.1,125.0,125.0,1600,2026-09-09,,,,,,,,
1788934740,125.0,125.1,125.0,125.1,5100,2026-09-09,,,,,,,,
1788934800,125.1,125.1,125.1,125.1,12800,2026-09-09,,,,,,,,
1788934860,125.1,125.1,125.0,125.1,20700,2026-09-09,,,,,,,,
1788934920,125.0,125.0,125.0,125.0,500,2026-09-09,,,,,,,,
1788934980,124.9,125.2,124.9,125.2,200,2026-09-09,,,,,,,,
1788935040,125.2,125.2,125.2,125.2,100,2026-09-09,,,,,,,,
1788935100,124.9,124.9,124.9,124.9,100,2026-09-09,,,,,,,,
1788935160,125.1,125.4,125.0,125.0,3100,2026-09-09,,,,,,,,
1788935220,125.3,125.4,125.3,125.3,8100,2026-09-09,,,,,,,,
1788935280,125.3,125.5,125.0,125.4,17900,2026-09-09,,,,,,,,
1788935400,125.3,125.6,125.0,125.6,300,2026-09-09,,,,,,,,
1788935460,125.3,125.3,125.3,125.3,200,2026-09-09,,,,,,,,
1788935520,125.0,125.0,125.0,125.0,200,2026-09-09,,,,,,,,
1788935580,125.0,125.0,125.0,125.0,100,2026-09-09,,,,,,,,
1788935640,125.0,125.0,125.0,125.0,100,2026-09-09,,,,,,,,
1788935700,125.0,125.0,125.0,125.0,100,2026-09-09,,,,,,,,
1788935760,125.1,125.1,125.1,125.1,100,2026-09-09,,,,,,,,
1788935820,125.1,125.1,125.0,125.0,200,2026-09-09,,,,,,,,
1788935880,125.1,125.1,125.1,125.1,300,2026-09-09,,,,,,,,
1788935940,125.1,125.1,125.1,125.1,100,2026-09-09,,,,,,,,
1788936000,125.1,125.6,125.1,125.6,10100,2026-09-09,,,,,,,,
1788936060,125.2,125.6,125.0,125.0,15100,2026-09-09,,,,,,,,
1788936120,125.2,125.6,125.2,125.6,5000,2026-09-09,,,,,,,,
1788936180,125.0,125.0,125.0,125.0,100,2026-09-09,,,,,,,,
1788936240,125.1,125.1,125.1,125.1,100,2026-09-09,,,,,,,,
1788936300,125.5,125.5,125.5,125.5,200,2026-09-09,,,,,,,,
1788936360,125.0,125.0,125.0,125.0,100,2026-09-09,,,,,,,,
1788936420,125.4,125.4,125.4,125.4,6000,2026-09-09,,,,,,,,
1788936480,125.4,125.4,125.0,125.0,7600,2026-09-09,,,,,,,,
1788936540,125.4,125.4,125.1,125.3,7800,2026-09-09,,,,,,,,
1788936600,125.3,125.3,125.0,125.0,8700,2026-09-09,,,,,,,,
1788936660,125.0,125.1,125.0,125.0,4900,2026-09-09,,,,,,,,
1788936720,125.1,125.2,125.0,125.0,17900,2026-09-09,,,,,,,,
1788936780,125.2,125.2,125.0,125.2,19300,2026-09-09,,,,,,,,
1788936840,125.2,125.2,125.0,125.0,23100,2026-09-09,,,,,,,,
1788936900,125.0,125.2,124.9,125.1,10900,2026-09-09,,,,,,,,
1788936960,125.0,125.1,125.0,125.1,5700,2026-09-09,,,,,,,,
1788937020,124.9,124.9,124.9,124.9,200,2026-09-09,,,,,,,,
1788937080,124.9,125.0,124.9,125.0,1000,2026-09-09,,,,,,,,
1788937140,125.0,125.1,125.0,125.1,7100,2026-09-09,,,,,,,,
1788937200,125.0,125.0,124.9,124.9,800,2026-09-09,,,,,,,,
1788937260,124.9,124.9,124.8,124.8,4000,2026-09-09,,,,,,,,
1788937320,124.8,124.8,124.7,124.7,900,2026-09-09,,,,,,,,
1788937380,124.7,124.7,124.7,124.7,100,2026-09-09,,,,,,,,
1788937440,124.7,124.7,124.7,124.7,100,2026-09-09,,,,,,,,
1788937500,124.7,124.7,124.7,124.7,300,2026-09-09,,,,,,,,
1788937620,124.8,124.8,124.8,124.8,100,2026-09-09,,,,,,,,
1788937680,124.8,124.8,124.8,124.8,300,2026-09-09,,,,,,,,
1788937740,124.7,124.8,124.5,124.5,9200,2026-09-09,,,,,,,,
1788937800,124.5,124.5,124.5,124.5,4300,2026-09-09,,,,,,,,
1788937860,124.6,124.7,124.6,124.7,300,2026-09-09,,,,,,,,
1788937980,124.7,124.7,124.7,124.7,100,2026-09-09,,,,,,,,
1788938040,124.7,124.7,124.6,124.6,200,2026-09-09,,,,,,,,
1788938100,124.7,124.7,124.6,124.6,400,2026-09-09,,,,,,,,
1788938160,124.6,124.6,124.6,124.6,700,2026-09-09,,,,,,,,
1788938220,124.6,124.7,124.6,124.7,700,2026-09-09,,,,,,,,
1788938280,124.7,124.7,124.7,124.7,200,2026-09-09,,,,,,,,
1788938340,124.8,124.9,124.7,124.7,1200,2026-09-09,,,,,,,,
1788938400,124.7,124.7,124.7,124.7,100,2026-09-09,,,,,,,,
1788938460,124.7,124.7,124.7,124.7,100,2026-09-09,,,,,,,,
1788938520,124.8,124.8,124.8,124.8,100,2026-09-09,,,,,,,,
1788938580,124.8,124.8,124.7,124.7,700,2026-09-09,,,,,,,,
1788938640,124.8,124.8,124.8,124.8,500,2026-09-09,,,,,,,,
1788938700,124.9,124.9,124.7,124.7,500,2026-09-09,,,,,,,,
1788938760,124.7,124.7,124.7,124.7,100,2026-09-09,,,,,,,,
1788938820,124.7,125.1,124.7,125.1,6000,2026-09-09,,,,,,,,
1788938880,124.6,124.6,124.6,124.6,100,2026-09-09,,,,,,,,
1788938940,124.6,125.0,124.6,125.0,1600,2026-09-09,,,,,,,,
1788939900,125.0,125.0,125.0,125.0,33200,2026-09-09,,,,,,,,
1789006500,125.1,125.1,124.5,124.5,88800,2026-09-10,,,,,,,,
1789006560,124.4,124.4,124.4,124.4,500,2026-09-10,,,,,,,,
1789006620,124.4,124.4,124.4,124.4,600,2026-09-10,,,,,,,,
1789006680,124.4,124.4,124.3,124.3,1700,2026-09-10,,,,,,,,
1789006800,124.3,124.3,124.3,124.3,200,2026-09-10,,,,,,,,
1789006860,124.3,124.7,124.3,124.5,10000,2026-09-10,,,,,,,,
1789006920,124.4,124.4,124.3,124.3,5000,2026-09-10,,,,,,,,
1789006980,124.4,124.4,124.4,124.4,1100,2026-09-10,,,,,,,,
1789007040,124.3,124.3,124.3,124.3,500,2026-09-10,,,,,,,,
1789007160,124.4,124.4,124.4,124.4,100,2026-09-10,,,,,,,,
1789007280,124.4,124.4,124.4,124.4,800,2026-09-10,,,,,,,,
1789007340,124.4,124.4,124.4,124.4,100,2026-09-10,,,,,,,,
1789007400,124.5,124.5,124.5,124.5,1600,2026-09-10,,,,,,,,
1789007460,124.5,124.9,124.5,124.9,9800,2026-09-10,,,,,,,,
1789007520,124.9,125.3,124.9,125.3,14900,2026-09-10,,,,,,,,
1789007580,125.4,125.5,124.5,124.5,11500,2026-09-10,,,,,,,,
1789007760,124.5,124.5,124.5,124.5,500,2026-09-10,,,,,,,,
1789007820,124.5,124.5,124.5,124.5,100,2026-09-10,,,,,,,,
1789007880,124.4,124.4,124.4,124.4,1800,2026-09-10,,,,,,,,
1789008000,124.4,124.4,124.4,124.4,8000,2026-09-10,,,,,,,,
1789008060,124.4,124.4,124.4,124.4,8000,2026-09-10,,,,,,,,
1789008120,124.4,124.4,124.3,124.4,11800,2026-09-10,,,,,,,,
1789008180,124.4,124.4,124.4,124.4,8700,2026-09-10,,,,,,,,
1789008240,124.4,124.4,124.4,124.4,4800,2026-09-10,,,,,,,,
1789008300,124.4,124.4,124.4,124.4,3500,2026-09-10,,,,,,,,
1789008360,124.4,124.4,124.4,124.4,6900,2026-09-10,,,,,,,,
1789008420,124.4,124.4,124.4,124.4,3200,2026-09-10,,,,,,,,
1789008480,124.4,124.4,124.4,124.4,7100,2026-09-10,,,,,,,,
1789008540,124.4,124.4,124.4,124.4,7900,2026-09-10,,,,,,,,
1789008600,124.4,124.4,124.4,124.4,11100,2026-09-10,,,,,,,,
1789008660,124.3,124.3,124.3,124.3,1100,2026-09-10,,,,,,,,
1789008720,124.4,124.4,124.4,124.4,2600,2026-09-10,,,,,,,,
1789008780,124.4,124.4,124.4,124.4,9700,2026-09-10,,,,,,,,
1789008840,124.4,124.4,124.4,124.4,5500,2026-09-10,,,,,,,,
1789009140,124.4,124.4,124.4,124.4,100,2026-09-10,,,,,,,,
1789009200,124.3,124.3,124.3,124.3,100,2026-09-10,,,,,,,,
1789009320,124.3,124.3,124.3,124.3,100,2026-09-10,,,,,,,,
1789009380,124.3,124.3,124.3,124.3,2500,2026-09-10,,,,,,,,
1789009440,124.2,124.2,124.2,124.2,2500,2026-09-10,,,,,,,,
1789009500,124.2,124.5,124.2,124.5,15000,2026-09-10,,,,,,,,
1789009680,124.5,124.5,124.5,124.5,100,2026-09-10,,,,,,,,
1789009740,124.2,124.2,124.2,124.2,600,2026-09-10,,,,,,,,
1789009800,124.5,124.5,124.5,124.5,100,2026-09-10,,,,,,,,
1789010040,124.5,124.5,124.5,124.5,200,2026-09-10,,,,,,,,
1789010100,124.4,124.4,124.4,124.4,8000,2026-09-10,,,,,,,,
1789010160,124.4,124.4,124.1,124.1,6100,2026-09-10,,,,,,,,
1789010220,124.1,124.1,124.0,124.0,16400,2026-09-10,,,,,,,,
1789010340,124.4,124.4,124.4,124.4,100,2026-09-10,,,,,,,,
1789010460,124.3,124.4,124.3,124.4,200,2026-09-10,,,,,,,,
1789010520,124.4,124.4,124.4,124.4,9400,2026-09-10,,,,,,,,
1789010580,124.4,124.4,124.3,124.3,15000,2026-09-10,,,,,,,,
1789010700,124.3,124.3,124.3,124.3,5500,2026-09-10,,,,,,,,
1789010760,124.3,124.3,124.2,124.2,3900,2026-09-10,,,,,,,,
1789010820,124.2,124.3,124.2,124.2,6300,2026-09-10,,,,,,,,
1789010880,124.2,124.2,124.2,124.2,800,2026-09-10,,,,,,,,
1789010940,124.3,124.4,124.3,124.4,5000,2026-09-10,,,,,,,,
1789011060,124.2,124.2,124.2,124.2,2000,2026-09-10,,,,,,,,
1789011120,124.2,124.2,124.2,124.2,1100,2026-09-10,,,,,,,,
1789011180,124.3,124.3,124.3,124.3,100,2026-09-10,,,,,,,,
1789011360,124.3,124.5,124.1,124.5,14100,2026-09-10,,,,,,,,
1789011420,124.4,124.5,124.4,124.5,3500,2026-09-10,,,,,,,,
1789011480,124.2,124.4,124.2,124.2,6300,2026-09-10,,,,,,,,
1789011600,124.1,124.1,124.1,124.1,200,2026-09-10,,,,,,,,
1789011660,124.1,124.1,124.1,124.1,100,2026-09-10,,,,,,,,
1789011720,124.2,124.2,124.2,124.2,200,2026-09-10,,,,,,,,
1789011840,124.4,124.4,124.4,124.4,100,2026-09-10,,,,,,,,
1789011900,124.1,124.1,124.1,124.1,1100,2026-09-10,,,,,,,,
1789011960,124.1,124.1,124.1,124.1,200,2026-09-10,,,,,,,,
1789012020,124.1,124.1,124.1,124.1,100,2026-09-10,,,,,,,,
1789012080,124.0,124.0,124.0,124.0,2600,2026-09-10,,,,,,,,
1789012140,124.1,124.1,124.1,124.1,200,2026-09-10,,,,,,,,
1789012200,124.3,124.3,124.3,124.3,100,2026-09-10,,,,,,,,
1789012260,124.2,124.3,124.2,124.3,5000,2026-09-10,,,,,,,,
1789012380,124.0,124.3,124.0,124.3,4100,2026-09-10,,,,,,,,
1789012440,124.3,124.3,124.3,124.3,10300,2026-09-10,,,,,,,,
1789012500,124.3,124.3,124.3,124.3,2900,2026-09-10,,,,,,,,
1789012560,124.3,124.3,124.3,124.3,4100,2026-09-10,,,,,,,,
1789012620,124.3,124.3,124.0,124.3,9700,2026-09-10,,,,,,,,
1789012680,124.2,124.3,124.2,124.3,4700,2026-09-10,,,,,,,,
1789012860,124.4,124.4,124.4,124.4,100,2026-09-10,,,,,,,,
1789012980,124.4,124.4,124.4,124.4,400,2026-09-10,,,,,,,,
1789013040,124.4,124.4,124.3,124.4,4600,2026-09-10,,,,,,,,
1789013100,124.4,124.4,124.4,124.4,4900,2026-09-10,,,,,,,,
1789013160,124.3,124.3,124.3,124.3,100,2026-09-10,,,,,,,,
1789013220,124.5,124.5,124.5,124.5,100,2026-09-10,,,,,,,,
1789013460,124.4,124.5,124.4,124.5,1700,2026-09-10,,,,,,,,
1789013580,124.5,124.5,124.4,124.4,400,2026-09-10,,,,,,,,
1789013700,124.4,124.4,124.4,124.4,500,2026-09-10,,,,,,,,
1789013820,124.5,124.5,124.5,124.5,300,2026-09-10,,,,,,,,
1789013880,124.5,124.5,124.5,124.5,100,2026-09-10,,,,,,,,
1789014000,124.4,124.4,124.4,124.4,100,2026-09-10,,,,,,,,
1789014240,124.4,124.4,124.4,124.4,100,2026-09-10,,,,,,,,
1789014300,124.4,124.4,124.4,124.4,400,2026-09-10,,,,,,,,
1789014480,124.4,124.4,124.4,124.4,100,2026-09-10,,,,,,,,
1789014540,124.4,124.7,124.4,124.7,8200,2026-09-10,,,,,,,,
1789020000,124.7,124.9,124.7,124.9,8800,2026-09-10,,,,,,,,
1789020060,124.9,125.0,124.9,125.0,2000,2026-09-10,,,,,,,,
1789020120,124.9,125.0,124.9,125.0,3300,2026-09-10,,,,,,,,
1789020180,124.9,125.0,124.9,125.0,6400,2026-09-10,,,,,,,,
1789020240,125.0,125.3,125.0,125.3,11100,2026-09-10,,,,,,,,
1789020300,125.2,125.3,125.2,125.2,2200,2026-09-10,,,,,,,,
1789020360,125.1,125.2,125.1,125.2,400,2026-09-10,,,,,,,,
1789020420,125.1,125.1,125.0,125.0,3300,2026-09-10,,,,,,,,
1789020480,124.9,124.9,124.9,124.9,300,2026-09-10,,,,,,,,
1789020540,124.9,124.9,124.9,124.9,100,2026-09-10,,,,,,,,
1789020600,124.8,124.8,124.6,124.6,5600,2026-09-10,,,,,,,,
1789020720,124.6,124.6,124.6,124.6,100,2026-09-10,,,,,,,,
1789020780,124.4,124.4,124.3,124.3,1200,2026-09-10,,,,,,,,
1789020840,124.4,124.4,124.4,124.4,100,2026-09-10,,,,,,,,
1789020900,124.5,124.6,124.5,124.5,9800,2026-09-10,,,,,,,,
1789020960,124.4,124.4,124.4,124.4,3300,2026-09-10,,,,,,,,
1789021020,124.4,124.5,124.4,124.5,4000,2026-09-10,,,,,,,,
1789021080,124.5,124.5,124.5,124.5,200,2026-09-10,,,,,,,,
1789021140,124.4,124.4,124.4,124.4,500,2026-09-10,,,,,,,,
1789021200,124.3,124.3,124.3,124.3,2000,2026-09-10,,,,,,,,
1789021260,124.5,124.5,124.5,124.5,100,2026-09-10,,,,,,,,
1789021320,124.4,124.4,124.4,124.4,5000,2026-09-10,,,,,,,,
1789021380,124.4,124.4,124.4,124.4,15000,2026-09-10,,,,,,,,
1789021440,124.5,124.5,124.5,124.5,100,2026-09-10,,,,,,,,
1789021500,124.5,124.5,124.4,124.4,3000,2026-09-10,,,,,,,,
1789021560,124.3,124.3,124.3,124.3,1400,2026-09-10,,,,,,,,
1789021620,124.5,124.5,124.3,124.3,400,2026-09-10,,,,,,,,
1789021680,124.5,124.5,124.5,124.5,200,2026-09-10,,,,,,,,
1789021740,124.5,124.5,124.5,124.5,300,2026-09-10,,,,,,,,
1789021800,124.5,124.5,124.4,124.4,300,2026-09-10,,,,,,,,
1789021860,124.5,124.5,124.5,124.5,600,2026-09-10,,,,,,,,
1789021980,124.5,124.5,124.5,124.5,100,2026-09-10,,,,,,,,
1789022160,124.5,124.5,124.5,124.5,100,2026-09-10,,,,,,,,
1789022280,124.5,125.0,124.5,125.0,13800,2026-09-10,,,,,,,,
1789022340,125.0,125.0,124.8,124.8,1100,2026-09-10,,,,,,,,
1789022460,124.8,124.8,124.8,124.8,100,2026-09-10,,,,,,,,
1789022520,125.0,125.0,125.0,125.0,100,2026-09-10,,,,,,,,
1789022640,125.0,125.0,124.8,125.0,17100,2026-09-10,,,,,,,,
1789022700,124.8,124.8,124.4,124.4,8300,2026-09-10,,,,,,,,
1789022760,124.5,124.6,124.5,124.6,11500,2026-09-10,,,,,,,,
1789022820,124.6,124.8,124.6,124.8,17100,2026-09-10,,,,,,,,
1789022880,124.8,124.8,124.8,124.8,200,2026-09-10,,,,,,,,
1789023000,124.8,124.8,124.7,124.7,4300,2026-09-10,,,,,,,,
1789023060,124.6,124.7,124.6,124.7,300,2026-09-10,,,,,,,,
1789023120,124.7,124.7,124.7,124.7,2000,2026-09-10,,,,,,,,
1789023180,124.7,124.7,124.6,124.7,22200,2026-09-10,,,,,,,,
1789023240,124.7,124.7,124.7,124.7,2100,2026-09-10,,,,,,,,
1789023300,124.6,124.6,124.6,124.6,100,2026-09-10,,,,,,,,
1789023360,124.7,124.8,124.7,124.8,2000,2026-09-10,,,,,,,,
1789023420,124.8,125.0,124.8,125.0,10000,2026-09-10,,,,,,,,
1789023480,125.0,125.1,125.0,125.0,13300,2026-09-10,,,,,,,,
1789023600,125.0,125.0,125.0,125.0,12900,2026-09-10,,,,,,,,
1789023660,125.0,125.1,125.0,125.0,6400,2026-09-10,,,,,,,,
1789023780,125.1,125.1,125.1,125.1,400,2026-09-10,,,,,,,,
1789023840,125.1,125.1,125.1,125.1,100,2026-09-10,,,,,,,,
1789023960,125.1,125.1,125.0,125.0,12400,2026-09-10,,,,,,,,
1789024020,125.0,125.1,125.0,125.1,12500,2026-09-10,,,,,,,,
1789024080,125.1,125.2,125.1,125.2,1200,2026-09-10,,,,,,,,
1789024260,125.2,125.2,125.2,125.2,100,2026-09-10,,,,,,,,
1789024380,125.2,125.2,125.2,125.2,300,2026-09-10,,,,,,,,
1789024440,125.0,125.2,125.0,125.0,300,2026-09-10,,,,,,,,
1789024500,125.2,125.2,125.0,125.0,1200,2026-09-10,,,,,,,,
1789024560,125.2,125.2,125.2,125.2,500,2026-09-10,,,,,,,,
1789024620,125.2,125.5,125.2,125.5,6900,2026-09-10,,,,,,,,
1789024680,125.5,125.6,125.4,125.5,6700,2026-09-10,,,,,,,,
1789024740,125.5,125.8,125.3,125.3,10600,2026-09-10,,,,,,,,
1789024800,125.3,125.3,125.3,125.3,2400,2026-09-10,,,,,,,,
1789024860,125.3,125.3,125.3,125.3,200,2026-09-10,,,,,,,,
1789024920,125.4,125.4,125.3,125.3,200,2026-09-10,,,,,,,,
1789024980,125.3,125.3,125.3,125.3,1000,2026-09-10,,,,,,,,
1789025160,125.3,125.7,125.3,125.7,6000,2026-09-10,,,,,,,,
1789025220,125.8,125.9,125.7,125.7,4100,2026-09-10,,,,,,,,
1789025280,125.7,125.7,125.7,125.7,1200,2026-09-10,,,,,,,,
1789025340,125.7,125.7,125.7,125.7,1000,2026-09-10,,,,,,,,
1789026300,125.2,125.2,125.2,125.2,26100,2026-09-10,,,,,,,,
1789092900,124.9,124.9,124.4,124.4,85300,2026-09-11,,,,,,,,
1789092960,124.2,124.2,123.9,123.9,9300,2026-09-11,,,,,,,,
1789093020,124.0,124.1,124.0,124.1,4400,2026-09-11,,,,,,,,
1789093080,124.2,124.5,124.2,124.5,5300,2026-09-11,,,,,,,,
1789093140,124.5,124.5,124.5,124.5,100,2026-09-11,,,,,,,,
1789093200,124.5,124.5,124.3,124.3,5500,2026-09-11,,,,,,,,
1789093260,124.2,124.3,124.2,124.3,1000,2026-09-11,,,,,,,,
1789093380,124.2,124.2,124.2,124.2,4900,2026-09-11,,,,,,,,
1789093440,124.2,124.2,124.2,124.2,700,2026-09-11,,,,,,,,
1789093500,124.2,124.2,124.1,124.1,900,2026-09-11,,,,,,,,
1789093560,124.2,124.2,124.2,124.2,100,2026-09-11,,,,,,,,
1789093620,124.2,124.2,124.2,124.2,900,2026-09-11,,,,,,,,
1789093680,124.4,124.6,124.4,124.5,18100,2026-09-11,,,,,,,,
1789093740,124.5,124.5,124.5,124.5,12000,2026-09-11,,,,,,,,
1789093800,124.2,124.2,124.2,124.2,100,2026-09-11,,,,,,,,
1789093920,124.2,124.2,124.2,124.2,400,2026-09-11,,,,,,,,
1789094040,124.2,124.2,124.2,124.2,300,2026-09-11,,,,,,,,
1789094220,124.2,124.2,124.2,124.2,100,2026-09-11,,,,,,,,
1789094280,124.5,124.5,124.5,124.5,6000,2026-09-11,,,,,,,,
1789094340,124.4,124.5,124.2,124.2,5100,2026-09-11,,,,,,,,
1789094400,124.4,124.4,124.4,124.4,3000,2026-09-11,,,,,,,,
1789094460,124.4,124.4,124.4,124.4,1100,2026-09-11,,,,,,,,
1789094520,124.3,124.3,124.3,124.3,200,2026-09-11,,,,,,,,
1789094640,124.3,124.3,124.3,124.3,100,2026-09-11,,,,,,,,
1789094700,124.3,124.5,124.3,124.3,11700,2026-09-11,,,,,,,,
1789094760,124.2,124.2,124.2,124.2,100,2026-09-11,,,,,,,,
1789094820,124.2,124.2,124.0,124.0,15400,2026-09-11,,,,,,,,
1789094880,124.1,124.1,124.0,124.0,20000,2026-09-11,,,,,,,,
1789094940,124.0,124.5,124.0,124.5,3300,2026-09-11,,,,,,,,
1789095000,124.5,124.5,124.2,124.2,2200,2026-09-11,,,,,,,,
1789095060,124.2,124.2,124.2,124.2,100,2026-09-11,,,,,,,,
1789095180,124.2,124.2,124.1,124.1,1900,2026-09-11,,,,,,,,
1789095300,124.1,124.1,124.1,124.1,100,2026-09-11,,,,,,,,
1789095360,124.1,124.3,124.1,124.3,1000,2026-09-11,,,,,,,,
1789095420,124.5,124.7,124.4,124.4,19100,2026-09-11,,,,,,,,
1789095480,124.3,124.3,124.1,124.1,28200,2026-09-11,,,,,,,,
1789095540,124.1,124.1,124.0,124.0,4100,2026-09-11,,,,,,,,
1789095600,124.0,124.0,124.0,124.0,3200,2026-09-11,,,,,,,,
1789095660,124.0,124.0,124.0,124.0,13900,2026-09-11,,,,,,,,
1789095720,124.0,124.0,124.0,124.0,12500,2026-09-11,,,,,,,,
1789095780,124.0,124.0,124.0,124.0,22300,2026-09-11,,,,,,,,
1789095840,124.0,124.0,124.0,124.0,800,2026-09-11,,,,,,,,
1789095900,124.0,124.0,124.0,124.0,4500,2026-09-11,,,,,,,,
1789095960,124.0,124.0,124.0,124.0,1900,2026-09-11,,,,,,,,
1789096020,124.0,124.0,123.9,123.9,1800,2026-09-11,,,,,,,,
1789096080,123.9,123.9,123.9,123.9,1700,2026-09-11,,,,,,,,
1789096140,123.9,123.9,123.9,123.9,600,2026-09-11,,,,,,,,
1789096200,123.9,123.9,123.9,123.9,9900,2026-09-11,,,,,,,,
1789096260,123.9,123.9,123.8,123.8,1700,2026-09-11,,,,,,,,
1789096380,123.8,123.8,123.8,123.8,200,2026-09-11,,,,,,,,
1789096500,123.8,123.8,123.8,123.8,100,2026-09-11,,,,,,,,
1789096560,123.8,123.8,123.8,123.8,800,2026-09-11,,,,,,,,
1789096620,123.8,123.8,123.8,123.8,1100,2026-09-11,,,,,,,,
1789096680,123.8,123.8,123.8,123.8,600,2026-09-11,,,,,,,,
1789096740,123.9,123.9,123.8,123.8,500,2026-09-11,,,,,,,,
1789096800,123.9,123.9,123.8,123.8,1300,2026-09-11,,,,,,,,
1789096860,123.9,123.9,123.9,123.9,100,2026-09-11,,,,,,,,
1789096920,124.0,124.0,123.9,123.9,900,2026-09-11,,,,,,,,
1789096980,123.8,123.8,123.8,123.8,100,2026-09-11,,,,,,,,
1789097040,124.0,124.0,124.0,124.0,15000,2026-09-11,,,,,,,,
1789097100,124.0,124.0,123.8,123.8,9100,2026-09-11,,,,,,,,
1789097220,123.9,123.9,123.8,123.8,900,2026-09-11,,,,,,,,
1789097280,123.8,123.8,123.8,123.8,800,2026-09-11,,,,,,,,
1789097340,123.8,123.8,123.8,123.8,100,2026-09-11,,,,,,,,
1789097400,123.8,124.3,123.8,124.3,8500,2026-09-11,,,,,,,,
1789097460,124.3,124.5,124.2,124.5,16800,2026-09-11,,,,,,,,
1789097580,124.4,124.5,124.3,124.5,13800,2026-09-11,,,,,,,,
1789097640,124.5,124.5,124.5,124.5,200,2026-09-11,,,,,,,,
1789097700,124.5,124.5,124.3,124.3,500,2026-09-11,,,,,,,,
1789097760,124.3,124.3,124.3,124.3,800,2026-09-11,,,,,,,,
1789097820,124.3,124.3,124.3,124.3,1000,2026-09-11,,,,,,,,
1789097880,124.5,124.8,124.5,124.5,20000,2026-09-11,,,,,,,,
1789097940,124.5,124.5,124.2,124.2,13900,2026-09-11,,,,,,,,
1789098000,124.5,124.5,124.2,124.5,13300,2026-09-11,,,,,,,,
1789098060,124.5,124.5,124.2,124.2,5100,2026-09-11,,,,,,,,
1789098120,124.2,124.2,124.0,124.0,3800,2026-09-11,,,,,,,,
1789098180,124.0,124.0,124.0,124.0,900,2026-09-11,,,,,,,,
1789098240,124.2,124.2,124.2,124.2,100,2026-09-11,,,,,,,,
1789098300,124.0,124.0,124.0,124.0,900,2026-09-11,,,,,,,,
1789098360,124.1,124.1,124.0,124.0,900,2026-09-11,,,,,,,,
1789098420,124.0,124.0,124.0,124.0,900,2026-09-11,,,,,,,,
1789098480,124.0,124.0,124.0,124.0,100,2026-09-11,,,,,,,,
1789098540,124.0,124.0,124.0,124.0,100,2026-09-11,,,,,,,,
1789098600,124.0,124.0,124.0,124.0,800,2026-09-11,,,,,,,,
1789098660,124.1,124.3,124.0,124.3,26100,2026-09-11,,,,,,,,
1789098780,124.0,124.0,124.0,124.0,100,2026-09-11,,,,,,,,
1789098840,124.2,124.3,124.1,124.2,12300,2026-09-11,,,,,,,,
1789098900,124.2,124.3,124.1,124.1,10500,2026-09-11,,,,,,,,
1789098960,124.2,124.2,124.1,124.2,8300,2026-09-11,,,,,,,,
1789099020,124.2,124.2,124.0,124.0,16400,2026-09-11,,,,,,,,
1789099140,124.0,124.0,124.0,124.0,100,2026-09-11,,,,,,,,
1789099200,124.0,124.0,124.0,124.0,100,2026-09-11,,,,,,,,
1789099260,124.0,124.0,124.0,124.0,500,2026-09-11,,,,,,,,
1789099320,124.0,124.1,124.0,124.1,900,2026-09-11,,,,,,,,
1789099380,124.0,124.0,124.0,124.0,100,2026-09-11,,,,,,,,
1789099500,124.0,124.1,124.0,124.1,400,2026-09-11,,,,,,,,
1789099560,124.0,124.0,124.0,124.0,800,2026-09-11,,,,,,,,
1789099620,124.1,124.1,124.1,124.1,1600,2026-09-11,,,,,,,,
1789099740,124.1,124.1,124.1,124.1,600,2026-09-11,,,,,,,,
1789099860,124.1,124.1,124.1,124.1,900,2026-09-11,,,,,,,,
1789099920,124.0,124.0,124.0,124.0,100,2026-09-11,,,,,,,,
1789099980,124.0,124.0,124.0,124.0,100,2026-09-11,,,,,,,,
1789100040,124.1,124.1,124.1,124.1,100,2026-09-11,,,,,,,,
1789100100,124.0,124.0,124.0,124.0,900,2026-09-11,,,,,,,,
1789100160,124.0,124.0,124.0,124.0,200,2026-09-11,,,,,,,,
1789100220,124.0,124.0,124.0,124.0,900,2026-09-11,,,,,,,,
1789100280,124.0,124.1,124.0,124.1,1100,2026-09-11,,,,,,,,
1789100340,124.0,124.0,124.0,124.0,100,2026-09-11,,,,,,,,
1789100400,124.0,124.0,124.0,124.0,1100,2026-09-11,,,,,,,,
1789100460,124.1,124.1,124.0,124.0,200,2026-09-11,,,,,,,,
1789100580,124.1,124.2,124.0,124.0,800,2026-09-11,,,,,,,,
1789100640,124.0,124.0,124.0,124.0,900,2026-09-11,,,,,,,,
1789100700,124.0,124.0,124.0,124.0,3900,2026-09-11,,,,,,,,
1789100820,124.0,124.0,124.0,124.0,100,2026-09-11,,,,,,,,
1789100880,124.0,124.0,124.0,124.0,2700,2026-09-11,,,,,,,,
1789100940,124.0,124.0,124.0,124.0,100,2026-09-11,,,,,,,,
1789106400,124.1,124.1,124.0,124.0,600,2026-09-11,,,,,,,,
1789106460,124.0,124.0,124.0,124.0,3100,2026-09-11,,,,,,,,
1789106520,123.9,124.0,123.9,124.0,27900,2026-09-11,,,,,,,,
1789106640,123.9,123.9,123.9,123.9,400,2026-09-11,,,,,,,,
1789106700,123.9,123.9,123.8,123.8,300,2026-09-11,,,,,,,,
1789106760,123.9,123.9,123.9,123.9,100,2026-09-11,,,,,,,,
1789106820,123.8,123.8,123.7,123.8,12500,2026-09-11,,,,,,,,
1789106880,123.9,124.0,123.9,124.0,1400,2026-09-11,,,,,,,,
1789107060,124.0,124.2,124.0,124.2,6300,2026-09-11,,,,,,,,
1789107120,124.2,124.2,124.2,124.2,300,2026-09-11,,,,,,,,
1789107180,124.2,124.2,124.2,124.2,400,2026-09-11,,,,,,,,
1789107240,124.1,124.1,123.8,123.8,3900,2026-09-11,,,,,,,,
1789107300,123.9,124.2,123.8,123.9,14500,2026-09-11,,,,,,,,
1789107360,123.9,124.1,123.8,123.8,14700,2026-09-11,,,,,,,,
1789107420,123.8,123.8,123.8,123.8,500,2026-09-11,,,,,,,,
1789107480,123.8,123.8,123.8,123.8,400,2026-09-11,,,,,,,,
1789107540,123.8,123.9,123.8,123.9,1100,2026-09-11,,,,,,,,
1789107600,123.9,124.1,123.9,124.1,13400,2026-09-11,,,,,,,,
1789107660,124.0,124.1,124.0,124.1,14200,2026-09-11,,,,,,,,
1789107720,124.1,124.1,123.9,124.1,8100,2026-09-11,,,,,,,,
1789107780,124.0,124.2,123.9,123.9,6800,2026-09-11,,,,,,,,
1789107900,123.9,124.2,123.9,124.1,4200,2026-09-11,,,,,,,,
1789107960,124.2,124.5,123.9,124.5,6800,2026-09-11,,,,,,,,
1789108020,124.5,124.6,124.4,124.6,5700,2026-09-11,,,,,,,,
1789108080,124.6,125.0,124.6,124.8,13200,2026-09-11,,,,,,,,
1789108140,125.0,125.2,124.8,125.0,12400,2026-09-11,,,,,,,,
1789108200,124.9,124.9,124.5,124.5,11700,2026-09-11,,,,,,,,
1789108260,124.4,124.4,124.4,124.4,900,2026-09-11,,,,,,,,
1789108320,124.4,124.4,124.4,124.4,100,2026-09-11,,,,,,,,
1789108440,124.4,124.5,124.3,124.5,11400,2026-09-11,,,,,,,,
1789108500,124.5,124.5,124.5,124.5,2000,2026-09-11,,,,,,,,
1789108560,124.5,124.5,124.3,124.5,15100,2026-09-11,,,,,,,,
1789108620,124.5,124.5,124.5,124.5,200,2026-09-11,,,,,,,,
1789108680,124.3,124.3,124.3,124.3,2200,2026-09-11,,,,,,,,
1789108740,124.3,124.3,124.0,124.1,10000,2026-09-11,,,,,,,,
1789108860,124.0,124.4,124.0,124.3,4000,2026-09-11,,,,,,,,
1789108920,124.3,124.5,124.3,124.5,3900,2026-09-11,,,,,,,,
1789108980,124.4,124.5,124.4,124.5,17600,2026-09-11,,,,,,,,
1789109040,124.5,124.5,124.5,124.5,100,2026-09-11,,,,,,,,
1789109100,124.5,124.5,124.5,124.5,200,2026-09-11,,,,,,,,
1789109160,124.5,124.5,124.3,124.3,2700,2026-09-11,,,,,,,,
1789109220,124.5,124.6,124.5,124.6,1800,2026-09-11,,,,,,,,
1789109340,124.6,124.8,124.6,124.8,14200,2026-09-11,,,,,,,,
1789109400,124.8,124.8,124.4,124.8,12800,2026-09-11,,,,,,,,
1789109460,124.8,124.8,124.8,124.8,3000,2026-09-11,,,,,,,,
1789109520,124.5,124.5,124.4,124.4,6000,2026-09-11,,,,,,,,
1789109580,124.4,124.4,124.4,124.4,6000,2026-09-11,,,,,,,,
1789109640,124.5,124.5,124.5,124.5,12000,2026-09-11,,,,,,,,
1789109700,124.3,124.5,124.3,124.5,5800,2026-09-11,,,,,,,,
1789109760,124.5,124.5,124.3,124.5,11100,2026-09-11,,,,,,,,
1789109820,124.5,124.5,124.3,124.3,2100,2026-09-11,,,,,,,,
1789109880,124.3,124.3,124.3,124.3,2300,2026-09-11,,,,,,,,
1789109940,124.2,124.2,124.2,124.2,100,2026-09-11,,,,,,,,
1789110000,124.2,124.5,124.1,124.1,12600,2026-09-11,,,,,,,,
1789110060,124.1,124.1,124.0,124.0,1300,2026-09-11,,,,,,,,
1789110120,124.0,124.4,124.0,124.4,6100,2026-09-11,,,,,,,,
1789110180,124.1,124.4,124.0,124.0,15100,2026-09-11,,,,,,,,
1789110240,124.0,124.1,124.0,124.1,1000,2026-09-11,,,,,,,,
1789110300,124.0,124.0,124.0,124.0,100,2026-09-11,,,,,,,,
1789110360,124.1,124.1,124.0,124.0,1600,2026-09-11,,,,,,,,
1789110420,124.0,124.0,124.0,124.0,2100,2026-09-11,,,,,,,,
1789110480,124.1,124.2,124.0,124.0,1300,2026-09-11,,,,,,,,
1789110540,124.0,124.0,124.0,124.0,100,2026-09-11,,,,,,,,
1789110600,124.0,124.0,124.0,124.0,500,2026-09-11,,,,,,,,
1789110660,124.0,124.0,123.8,123.8,22600,2026-09-11,,,,,,,,
1789110720,123.8,123.8,123.8,123.8,1800,2026-09-11,,,,,,,,
1789110780,123.8,123.8,123.8,123.8,100,2026-09-11,,,,,,,,
1789110840,123.9,124.2,123.9,123.9,2500,2026-09-11,,,,,,,,
1789110900,123.9,123.9,123.8,123.8,7400,2026-09-11,,,,,,,,
1789110960,123.8,123.8,123.8,123.8,1700,2026-09-11,,,,,,,,
1789111020,123.8,123.8,123.8,123.8,200,2026-09-11,,,,,,,,
1789111080,123.8,123.8,123.8,123.8,1000,2026-09-11,,,,,,,,
1789111140,123.8,124.3,123.8,124.3,900,2026-09-11,,,,,,,,
1789111200,124.2,124.2,124.2,124.2,200,2026-09-11,,,,,,,,
1789111320,123.9,123.9,123.8,123.8,2400,2026-09-11,,,,,,,,
1789111380,123.8,123.8,123.8,123.8,5700,2026-09-11,,,,,,,,
1789111440,123.9,123.9,123.9,123.9,100,2026-09-11,,,,,,,,
1789111560,123.9,124.4,123.8,123.9,4900,2026-09-11,,,,,,,,
1789111620,123.9,123.9,123.9,123.9,300,2026-09-11,,,,,,,,
1789111680,123.8,124.4,123.8,124.4,900,2026-09-11,,,,,,,,
1789111740,124.3,124.3,124.3,124.3,600,2026-09-11,,,,,,,,
1789112700,124.7,124.7,124.7,124.7,148400,2026-09-11,,,,,,,,
1789352100,124.6,124.7,124.6,124.7,82900,2026-09-14,,,,,,,,
1789352160,124.7,124.8,124.5,124.5,8000,2026-09-14,,,,,,,,
1789352220,124.2,124.2,123.9,124.0,15000,2026-09-14,,,,,,,,
1789352280,124.0,124.2,124.0,124.2,1600,2026-09-14,,,,,,,,
1789352340,124.2,124.3,124.1,124.3,5100,2026-09-14,,,,,,,,
1789352400,124.1,124.1,124.1,124.1,2800,2026-09-14,,,,,,,,
1789352460,124.1,124.1,124.1,124.1,2300,2026-09-14,,,,,,,,
1789352520,124.2,124.2,124.2,124.2,2100,2026-09-14,,,,,,,,
1789352580,124.3,124.4,124.3,124.4,5500,2026-09-14,,,,,,,,
1789352640,124.5,124.5,123.9,123.9,15700,2026-09-14,,,,,,,,
1789352700,123.7,124.0,123.7,124.0,10400,2026-09-14,,,,,,,,
1789352760,123.8,124.0,123.7,123.7,10100,2026-09-14,,,,,,,,
1789352820,124.0,124.0,124.0,124.0,20000,2026-09-14,,,,,,,,
1789352880,124.0,124.0,124.0,124.0,9100,2026-09-14,,,,,,,,
1789352940,124.0,124.3,123.9,124.3,13200,2026-09-14,,,,,,,,
1789353000,124.3,124.3,124.1,124.1,8900,2026-09-14,,,,,,,,
1789353060,124.4,124.4,124.1,124.1,1500,2026-09-14,,,,,,,,
1789353120,124.4,124.7,124.4,124.7,10700,2026-09-14,,,,,,,,
1789353180,124.6,124.6,124.4,124.4,5300,2026-09-14,,,,,,,,
1789353240,124.3,124.3,124.3,124.3,600,2026-09-14,,,,,,,,
1789353360,124.3,124.3,124.3,124.3,100,2026-09-14,,,,,,,,
1789353420,124.3,124.3,124.0,124.0,9900,2026-09-14,,,,,,,,
1789353480,123.9,124.7,123.9,124.5,12100,2026-09-14,,,,,,,,
1789353540,124.5,124.5,124.3,124.3,4000,2026-09-14,,,,,,,,
1789353660,124.2,124.2,124.2,124.2,1900,2026-09-14,,,,,,,,
1789353720,124.2,124.2,124.2,124.2,100,2026-09-14,,,,,,,,
1789353780,124.3,124.5,124.3,124.5,16100,2026-09-14,,,,,,,,
1789353840,124.3,124.3,124.0,124.0,11200,2026-09-14,,,,,,,,
1789353900,124.0,124.0,123.9,124.0,600,2026-09-14,,,,,,,,
1789353960,123.9,124.2,123.9,124.2,2800,2026-09-14,,,,,,,,
1789354020,124.2,124.5,124.2,124.2,13000,2026-09-14,,,,,,,,
1789354080,124.5,124.5,124.1,124.1,7300,2026-09-14,,,,,,,,
1789354140,124.1,124.1,124.1,124.1,100,2026-09-14,,,,,,,,
1789354200,124.1,124.3,124.1,124.2,2500,2026-09-14,,,,,,,,
1789354260,124.3,124.4,124.3,124.4,2300,2026-09-14,,,,,,,,
1789354320,124.4,124.4,124.4,124.4,1400,2026-09-14,,,,,,,,
1789354380,124.2,124.4,124.2,124.4,200,2026-09-14,,,,,,,,
1789354440,124.4,124.4,124.4,124.4,500,2026-09-14,,,,,,,,
1789354500,124.2,124.5,124.2,124.4,3300,2026-09-14,,,,,,,,
1789354560,124.5,124.7,124.5,124.7,5800,2026-09-14,,,,,,,,
1789354620,124.7,124.7,124.3,124.3,10200,2026-09-14,,,,,,,,
1789354680,124.2,124.2,124.2,124.2,100,2026-09-14,,,,,,,,
1789354740,124.2,124.2,124.2,124.2,800,2026-09-14,,,,,,,,
1789354800,124.0,124.0,124.0,124.0,2700,2026-09-14,,,,,,,,
1789354860,124.0,124.0,124.0,124.0,200,2026-09-14,,,,,,,,
1789354920,123.9,123.9,123.9,123.9,100,2026-09-14,,,,,,,,
1789354980,123.9,123.9,123.9,123.9,100,2026-09-14,,,,,,,,
1789355100,123.9,123.9,123.9,123.9,3800,2026-09-14,,,,,,,,
1789355220,123.8,123.8,123.8,123.8,100,2026-09-14,,,,,,,,
1789355340,123.8,123.8,123.8,123.8,2800,2026-09-14,,,,,,,,
1789355400,123.7,124.0,123.7,123.8,1500,2026-09-14,,,,,,,,
1789355520,123.7,123.7,123.7,123.7,100,2026-09-14,,,,,,,,
1789355580,123.7,123.7,123.7,123.7,400,2026-09-14,,,,,,,,
1789355640,123.7,123.7,123.7,123.7,900,2026-09-14,,,,,,,,
1789355700,123.7,123.7,123.7,123.7,600,2026-09-14,,,,,,,,
1789355760,123.7,123.7,123.7,123.7,600,2026-09-14,,,,,,,,
1789355820,123.7,124.0,123.7,124.0,9000,2026-09-14,,,,,,,,
1789355940,123.6,123.6,123.6,123.6,100,2026-09-14,,,,,,,,
1789356120,123.6,123.6,123.6,123.6,100,2026-09-14,,,,,,,,
1789356240,123.8,123.8,123.6,123.6,900,2026-09-14,,,,,,,,
1789356360,123.7,123.7,123.5,123.5,8000,2026-09-14,,,,,,,,
1789356420,123.5,123.5,123.5,123.5,100,2026-09-14,,,,,,,,
1789356480,123.9,123.9,123.9,123.9,9000,2026-09-14,,,,,,,,
1789356540,123.9,123.9,123.6,123.8,11200,2026-09-14,,,,,,,,
1789356600,123.8,123.9,123.8,123.8,6200,2026-09-14,,,,,,,,
1789356660,123.8,123.8,123.8,123.8,7000,2026-09-14,,,,,,,,
1789356720,123.6,123.6,123.6,123.6,100,2026-09-14,,,,,,,,
1789356780,123.8,123.9,123.6,123.9,8200,2026-09-14,,,,,,,,
1789356840,123.6,123.6,123.6,123.6,100,2026-09-14,,,,,,,,
1789356960,123.6,123.6,123.5,123.5,5000,2026-09-14,,,,,,,,
1789357020,123.4,123.5,123.4,123.5,900,2026-09-14,,,,,,,,
1789357080,123.5,123.7,123.4,123.7,3900,2026-09-14,,,,,,,,
1789357140,123.4,123.4,123.4,123.4,100,2026-09-14,,,,,,,,
1789357200,123.4,123.4,123.4,123.4,300,2026-09-14,,,,,,,,
1789357320,123.4,123.4,123.4,123.4,100,2026-09-14,,,,,,,,
1789357440,123.4,123.4,123.4,123.4,100,2026-09-14,,,,,,,,
1789357560,123.7,124.0,123.7,123.7,13400,2026-09-14,,,,,,,,
1789357620,124.0,124.0,124.0,124.0,25000,2026-09-14,,,,,,,,
1789357680,124.0,124.0,123.7,124.0,13500,2026-09-14,,,,,,,,
1789357740,123.7,123.7,123.7,123.7,100,2026-09-14,,,,,,,,
1789357860,123.7,123.7,123.7,123.7,200,2026-09-14,,,,,,,,
1789358040,123.8,123.8,123.8,123.8,100,2026-09-14,,,,,,,,
1789358100,123.9,123.9,123.9,123.9,100,2026-09-14,,,,,,,,
1789358160,123.8,123.8,123.8,123.8,100,2026-09-14,,,,,,,,
1789358280,123.9,123.9,123.8,123.8,300,2026-09-14,,,,,,,,
1789358340,123.8,123.8,123.7,123.7,1200,2026-09-14,,,,,,,,
1789358460,123.7,123.7,123.7,123.7,300,2026-09-14,,,,,,,,
1789358580,123.7,123.7,123.7,123.7,100,2026-09-14,,,,,,,,
1789358640,123.7,123.7,123.7,123.7,100,2026-09-14,,,,,,,,
1789358760,123.8,123.8,123.8,123.8,100,2026-09-14,,,,,,,,
1789358940,123.8,123.8,123.8,123.8,100,2026-09-14,,,,,,,,
1789359000,123.8,123.8,123.8,123.8,100,2026-09-14,,,,,,,,
1789359060,123.8,123.8,123.8,123.8,100,2026-09-14,,,,,,,,
1789359240,123.7,123.8,123.7,123.8,400,2026-09-14,,,,,,,,
1789359300,123.7,123.7,123.7,123.7,200,2026-09-14,,,,,,,,
1789359360,123.7,123.7,123.7,123.7,100,2026-09-14,,,,,,,,
1789359420,123.8,123.9,123.8,123.9,1000,2026-09-14,,,,,,,,
1789359540,123.9,124.0,123.7,123.7,1100,2026-09-14,,,,,,,,
1789359600,123.9,123.9,123.9,123.9,18700,2026-09-14,,,,,,,,
1789359660,123.9,123.9,123.8,123.8,5600,2026-09-14,,,,,,,,
1789359720,123.9,123.9,123.9,123.9,4500,2026-09-14,,,,,,,,
1789359780,123.9,123.9,123.7,123.9,10100,2026-09-14,,,,,,,,
1789359840,123.9,123.9,123.5,123.5,8800,2026-09-14,,,,,,,,
1789359960,123.5,123.5,123.5,123.5,300,2026-09-14,,,,,,,,
1789365600,123.9,123.9,123.5,123.6,3700,2026-09-14,,,,,,,,
1789365660,123.5,123.5,123.5,123.5,100,2026-09-14,,,,,,,,
1789365720,123.5,123.5,123.5,123.5,100,2026-09-14,,,,,,,,
1789365780,123.5,123.5,123.5,123.5,100,2026-09-14,,,,,,,,
1789365840,123.5,123.5,123.5,123.5,100,2026-09-14,,,,,,,,
1789365900,123.5,123.5,123.5,123.5,200,2026-09-14,,,,,,,,
1789365960,123.5,123.5,123.5,123.5,100,2026-09-14,,,,,,,,
1789366020,123.5,123.8,123.5,123.8,3700,2026-09-14,,,,,,,,
1789366080,123.8,123.9,123.5,123.9,18100,2026-09-14,,,,,,,,
1789366140,123.9,124.0,123.5,123.9,6100,2026-09-14,,,,,,,,
1789366200,123.9,123.9,123.9,123.9,4000,2026-09-14,,,,,,,,
1789366260,123.5,123.5,123.5,123.5,100,2026-09-14,,,,,,,,
1789366320,123.5,123.5,123.5,123.5,300,2026-09-14,,,,,,,,
1789366380,123.5,123.5,123.4,123.4,4100,2026-09-14,,,,,,,,
1789366440,123.5,123.5,123.5,123.5,200,2026-09-14,,,,,,,,
1789366500,123.5,123.5,123.4,123.4,200,2026-09-14,,,,,,,,
1789366560,123.4,123.4,123.4,123.4,200,2026-09-14,,,,,,,,
1789366620,123.4,123.4,123.4,123.4,200,2026-09-14,,,,,,,,
1789366680,123.4,123.4,123.4,123.4,200,2026-09-14,,,,,,,,
1789366740,123.4,123.4,123.4,123.4,500,2026-09-14,,,,,,,,
1789366800,123.4,123.4,123.4,123.4,100,2026-09-14,,,,,,,,
1789366860,123.4,123.6,123.4,123.6,300,2026-09-14,,,,,,,,
1789366920,123.4,123.4,123.4,123.4,300,2026-09-14,,,,,,,,
1789366980,123.5,123.5,123.5,123.5,100,2026-09-14,,,,,,,,
1789367040,123.6,123.9,123.5,123.5,1300,2026-09-14,,,,,,,,
1789367100,123.5,123.5,123.5,123.5,1900,2026-09-14,,,,,,,,
1789367160,123.5,123.5,123.4,123.4,3200,2026-09-14,,,,,,,,
1789367220,123.4,123.4,123.4,123.4,200,2026-09-14,,,,,,,,
1789367280,123.4,123.4,123.4,123.4,500,2026-09-14,,,,,,,,
1789367340,123.4,123.5,123.3,123.3,1200,2026-09-14,,,,,,,,
1789367400,123.3,123.3,123.3,123.3,600,2026-09-14,,,,,,,,
1789367460,123.3,123.6,123.3,123.3,15400,2026-09-14,,,,,,,,
1789367520,123.4,123.6,123.3,123.3,5300,2026-09-14,,,,,,,,
1789367580,123.3,123.3,123.3,123.3,300,2026-09-14,,,,,,,,
1789367640,123.3,123.6,123.3,123.3,400,2026-09-14,,,,,,,,
1789367700,123.3,123.3,123.3,123.3,200,2026-09-14,,,,,,,,
1789367760,123.3,123.3,123.3,123.3,300,2026-09-14,,,,,,,,
1789367820,123.3,123.3,123.3,123.3,300,2026-09-14,,,,,,,,
1789367880,123.3,123.3,123.3,123.3,1000,2026-09-14,,,,,,,,
1789367940,123.3,123.4,123.3,123.3,700,2026-09-14,,,,,,,,
1789368000,123.5,123.5,123.3,123.5,18300,2026-09-14,,,,,,,,
1789368060,123.5,123.5,123.3,123.5,6200,2026-09-14,,,,,,,,
1789368120,123.3,123.5,123.3,123.3,1400,2026-09-14,,,,,,,,
1789368180,123.3,123.3,123.3,123.3,800,2026-09-14,,,,,,,,
1789368240,123.3,123.4,123.2,123.2,12500,2026-09-14,,,,,,,,
1789368300,123.2,123.4,123.2,123.4,3500,2026-09-14,,,,,,,,
1789368360,123.2,123.2,123.2,123.2,200,2026-09-14,,,,,,,,
1789368420,123.2,123.2,123.2,123.2,200,2026-09-14,,,,,,,,
1789368480,123.2,123.2,123.2,123.2,700,2026-09-14,,,,,,,,
1789368540,123.3,123.3,123.2,123.3,11600,2026-09-14,,,,,,,,
1789368600,123.3,123.6,123.1,123.6,5300,2026-09-14,,,,,,,,
1789368660,123.6,123.6,123.1,123.6,4000,2026-09-14,,,,,,,,
1789368720,123.6,123.6,123.6,123.6,3300,2026-09-14,,,,,,,,
1789368780,123.1,123.6,123.1,123.6,2300,2026-09-14,,,,,,,,
1789368840,123.7,123.7,123.1,123.1,8000,2026-09-14,,,,,,,,
1789368900,123.1,123.1,123.1,123.1,100,2026-09-14,,,,,,,,
1789368960,123.1,123.1,123.1,123.1,100,2026-09-14,,,,,,,,
1789369020,123.2,123.5,123.2,123.5,4100,2026-09-14,,,,,,,,
1789369080,123.5,123.6,123.2,123.2,2500,2026-09-14,,,,,,,,
1789369200,123.2,123.2,123.2,123.2,100,2026-09-14,,,,,,,,
1789369260,123.2,123.2,123.2,123.2,800,2026-09-14,,,,,,,,
1789369320,123.2,123.2,123.2,123.2,100,2026-09-14,,,,,,,,
1789369380,123.5,123.7,123.5,123.7,23400,2026-09-14,,,,,,,,
1789369440,123.5,123.5,123.0,123.1,13500,2026-09-14,,,,,,,,
1789369500,123.1,123.6,123.1,123.1,8200,2026-09-14,,,,,,,,
1789369560,123.2,123.6,123.0,123.0,11500,2026-09-14,,,,,,,,
1789369620,123.0,123.0,123.0,123.0,8800,2026-09-14,,,,,,,,
1789369680,123.0,123.2,123.0,123.0,4500,2026-09-14,,,,,,,,
1789369740,123.0,123.0,123.0,123.0,2300,2026-09-14,,,,,,,,
1789369800,123.0,123.0,123.0,123.0,600,2026-09-14,,,,,,,,
1789369860,122.9,123.3,122.9,123.3,13600,2026-09-14,,,,,,,,
1789369920,123.0,123.3,123.0,123.3,9000,2026-09-14,,,,,,,,
1789369980,123.0,123.0,123.0,123.0,15400,2026-09-14,,,,,,,,
1789370040,123.0,123.0,123.0,123.0,400,2026-09-14,,,,,,,,
1789370100,123.0,123.1,123.0,123.0,300,2026-09-14,,,,,,,,
1789370160,123.0,123.2,122.9,123.0,21100,2026-09-14,,,,,,,,
1789370220,122.9,122.9,122.9,122.9,700,2026-09-14,,,,,,,,
1789370280,122.9,123.0,122.9,123.0,900,2026-09-14,,,,,,,,
1789370340,123.0,123.3,123.0,123.0,10400,2026-09-14,,,,,,,,
1789370400,123.0,123.0,123.0,123.0,1000,2026-09-14,,,,,,,,
1789370460,123.0,123.0,122.9,122.9,2000,2026-09-14,,,,,,,,
1789370520,123.0,123.0,122.9,122.9,17400,2026-09-14,,,,,,,,
1789370580,122.9,122.9,122.9,122.9,1100,2026-09-14,,,,,,,,
1789370640,122.9,122.9,122.8,122.8,2300,2026-09-14,,,,,,,,
1789370700,122.8,122.8,122.7,122.7,2100,2026-09-14,,,,,,,,
1789370760,122.8,123.1,122.7,122.7,5200,2026-09-14,,,,,,,,
1789370820,122.7,123.3,122.5,122.7,9800,2026-09-14,,,,,,,,
1789370880,122.7,123.3,122.5,122.5,4700,2026-09-14,,,,,,,,
1789370940,122.6,122.6,122.5,122.6,1200,2026-09-14,,,,,,,,
1789371900,122.9,122.9,122.9,122.9,71700,2026-09-14,,,,,,,,
1789438500,123.3,123.5,122.9,123.5,90900,2026-09-15,,,,,,,,
1789438560,123.6,123.9,123.5,123.9,6200,2026-09-15,,,,,,,,
1789438620,123.9,124.0,123.9,124.0,2000,2026-09-15,,,,,,,,
1789438800,123.9,123.9,123.9,123.9,100,2026-09-15,,,,,,,,
1789438860,123.9,123.9,123.9,123.9,7800,2026-09-15,,,,,,,,
1789438920,123.7,123.7,123.5,123.5,3900,2026-09-15,,,,,,,,
1789438980,123.5,123.5,123.4,123.4,4500,2026-09-15,,,,,,,,
1789439040,123.3,123.3,123.3,123.3,800,2026-09-15,,,,,,,,
1789439100,123.3,123.3,123.3,123.3,800,2026-09-15,,,,,,,,
1789439160,123.3,123.3,123.2,123.2,4200,2026-09-15,,,,,,,,
1789439220,123.4,123.5,123.3,123.5,24700,2026-09-15,,,,,,,,
1789439280,123.4,123.4,123.4,123.4,100,2026-09-15,,,,,,,,
1789439400,123.5,123.6,123.5,123.6,4200,2026-09-15,,,,,,,,
1789439460,123.7,124.0,123.7,124.0,5000,2026-09-15,,,,,,,,
1789439520,124.0,124.4,124.0,124.4,19100,2026-09-15,,,,,,,,
1789439580,124.5,124.5,124.0,124.0,9400,2026-09-15,,,,,,,,
1789439760,124.0,124.0,124.0,124.0,100,2026-09-15,,,,,,,,
1789439820,124.0,124.0,124.0,124.0,500,2026-09-15,,,,,,,,
1789439880,123.9,123.9,123.8,123.8,2800,2026-09-15,,,,,,,,
1789439940,123.8,123.8,123.8,123.8,800,2026-09-15,,,,,,,,
1789440000,123.8,123.8,123.5,123.5,6400,2026-09-15,,,,,,,,
1789440060,123.5,123.8,123.5,123.8,7900,2026-09-15,,,,,,,,
1789440120,123.8,124.0,123.8,124.0,8500,2026-09-15,,,,,,,,
1789440180,123.8,123.9,123.6,123.6,6300,2026-09-15,,,,,,,,
1789440240,123.6,123.6,123.5,123.6,1400,2026-09-15,,,,,,,,
1789440600,123.7,123.7,123.7,123.7,300,2026-09-15,,,,,,,,
1789440840,123.9,123.9,123.9,123.9,200,2026-09-15,,,,,,,,
1789440900,123.7,123.7,123.6,123.6,800,2026-09-15,,,,,,,,
1789440960,123.9,123.9,123.9,123.9,1100,2026-09-15,,,,,,,,
1789441260,123.6,123.6,123.6,123.6,100,2026-09-15,,,,,,,,
1789441320,123.6,123.7,123.6,123.7,6500,2026-09-15,,,,,,,,
1789441380,123.7,123.7,123.7,123.7,700,2026-09-15,,,,,,,,
1789441440,123.7,123.7,123.7,123.7,1000,2026-09-15,,,,,,,,
1789441620,123.7,123.7,123.7,123.7,1100,2026-09-15,,,,,,,,
1789441680,123.7,124.0,123.7,124.0,10600,2026-09-15,,,,,,,,
1789441740,123.9,123.9,123.9,123.9,4500,2026-09-15,,,,,,,,
1789441800,123.9,124.0,123.7,123.7,10200,2026-09-15,,,,,,,,
1789441860,123.7,123.8,123.7,123.8,10600,2026-09-15,,,,,,,,
1789441920,123.8,123.9,123.7,123.7,5600,2026-09-15,,,,,,,,
1789441980,123.7,123.8,123.7,123.8,9700,2026-09-15,,,,,,,,
1789442040,123.8,123.8,123.7,123.7,9400,2026-09-15,,,,,,,,
1789442100,123.8,123.8,123.7,123.7,3500,2026-09-15,,,,,,,,
1789442160,123.7,123.8,123.7,123.8,6500,2026-09-15,,,,,,,,
1789442220,123.8,123.8,123.6,123.6,1300,2026-09-15,,,,,,,,
1789442280,123.9,124.0,123.8,123.8,4400,2026-09-15,,,,,,,,
1789442340,123.8,123.8,123.8,123.8,1600,2026-09-15,,,,,,,,
1789442520,124.0,124.0,124.0,124.0,100,2026-09-15,,,,,,,,
1789442880,124.0,124.0,123.8,123.8,400,2026-09-15,,,,,,,,
1789443300,123.9,123.9,123.9,123.9,6000,2026-09-15,,,,,,,,
1789443360,123.9,123.9,123.7,123.7,12500,2026-09-15,,,,,,,,
1789443420,123.7,123.7,123.7,123.7,10400,2026-09-15,,,,,,,,
1789443480,123.7,123.7,123.7,123.7,5300,2026-09-15,,,,,,,,
1789443540,123.7,123.7,123.7,123.7,2000,2026-09-15,,,,,,,,
1789443660,123.7,123.7,123.7,123.7,11000,2026-09-15,,,,,,,,
1789443720,123.6,123.7,123.6,123.7,9900,2026-09-15,,,,,,,,
1789443780,123.7,123.7,123.5,123.5,9000,2026-09-15,,,,,,,,
1789443840,123.5,123.7,123.5,123.6,9900,2026-09-15,,,,,,,,
1789443900,123.7,123.7,123.6,123.7,9700,2026-09-15,,,,,,,,
1789443960,123.7,123.7,123.6,123.6,6200,2026-09-15,,,,,,,,
1789444020,123.6,123.7,123.6,123.7,3600,2026-09-15,,,,,,,,
1789444260,123.5,123.5,123.5,123.5,2300,2026-09-15,,,,,,,,
1789444320,123.4,123.4,123.2,123.2,6600,2026-09-15,,,,,,,,
1789444380,123.2,123.2,123.1,123.1,900,2026-09-15,,,,,,,,
1789444560,123.1,123.1,123.1,123.1,1000,2026-09-15,,,,,,,,
1789444620,123.1,123.3,122.9,123.3,12300,2026-09-15,,,,,,,,
1789444680,123.3,123.3,122.9,122.9,5300,2026-09-15,,,,,,,,
1789444740,123.0,123.2,122.9,123.2,8700,2026-09-15,,,,,,,,
1789444800,123.2,123.3,123.2,123.3,7500,2026-09-15,,,,,,,,
1789444860,123.2,123.3,123.2,123.3,9200,2026-09-15,,,,,,,,
1789444920,123.3,123.3,123.3,123.3,300,2026-09-15,,,,,,,,
1789444980,123.3,123.3,123.3,123.3,1100,2026-09-15,,,,,,,,
1789445520,123.0,123.0,123.0,123.0,100,2026-09-15,,,,,,,,
1789445760,123.0,123.0,123.0,123.0,2100,2026-09-15,,,,,,,,
1789445820,123.3,123.4,123.3,123.4,1800,2026-09-15,,,,,,,,
1789446000,123.1,123.1,123.1,123.1,700,2026-09-15,,,,,,,,
1789446060,123.3,123.5,123.3,123.3,11500,2026-09-15,,,,,,,,
1789446120,123.3,123.4,123.3,123.4,7100,2026-09-15,,,,,,,,
1789446180,123.4,123.4,123.4,123.4,18800,2026-09-15,,,,,,,,
1789446240,123.4,123.4,123.4,123.4,1000,2026-09-15,,,,,,,,
1789446360,123.4,123.4,123.4,123.4,200,2026-09-15,,,,,,,,
1789446420,123.4,123.4,123.4,123.4,1000,2026-09-15,,,,,,,,
1789452000,123.4,123.4,123.3,123.3,3000,2026-09-15,,,,,,,,
1789452120,123.3,123.4,123.3,123.4,1300,2026-09-15,,,,,,,,
1789452300,123.4,123.4,123.4,123.4,100,2026-09-15,,,,,,,,
1789452360,123.4,123.7,123.4,123.7,9000,2026-09-15,,,,,,,,
1789452480,123.7,123.7,123.7,123.7,4900,2026-09-15,,,,,,,,
1789452540,123.7,123.7,123.7,123.7,11100,2026-09-15,,,,,,,,
1789452600,123.8,123.8,123.8,123.8,10900,2026-09-15,,,,,,,,
1789452660,123.8,123.8,123.8,123.8,7100,2026-09-15,,,,,,,,
1789452720,123.8,123.8,123.8,123.8,3700,2026-09-15,,,,,,,,
1789452780,123.8,124.0,123.8,124.0,32700,2026-09-15,,,,,,,,
1789452840,124.0,124.0,124.0,124.0,1500,2026-09-15,,,,,,,,
1789452960,124.0,124.0,124.0,124.0,300,2026-09-15,,,,,,,,
1789453080,123.9,123.9,123.9,123.9,100,2026-09-15,,,,,,,,
1789453200,123.9,124.0,123.9,124.0,3600,2026-09-15,,,,,,,,
1789453260,124.0,124.0,124.0,124.0,2400,2026-09-15,,,,,,,,
1789453320,123.8,123.8,123.8,123.8,5000,2026-09-15,,,,,,,,
1789453380,123.8,123.9,123.8,123.8,10000,2026-09-15,,,,,,,,
1789453440,123.8,123.9,123.8,123.9,7400,2026-09-15,,,,,,,,
1789453500,123.9,124.0,123.9,124.0,2100,2026-09-15,,,,,,,,
1789453620,123.9,124.0,123.9,124.0,1100,2026-09-15,,,,,,,,
1789453680,123.9,123.9,123.9,123.9,100,2026-09-15,,,,,,,,
1789453740,123.9,124.0,123.9,124.0,500,2026-09-15,,,,,,,,
1789453800,123.9,123.9,123.7,123.9,9300,2026-09-15,,,,,,,,
1789453860,123.6,123.6,123.6,123.6,1100,2026-09-15,,,,,,,,
1789453920,123.6,123.6,123.5,123.5,4500,2026-09-15,,,,,,,,
1789453980,123.5,123.5,123.4,123.4,1700,2026-09-15,,,,,,,,
1789454040,123.6,123.6,123.6,123.6,100,2026-09-15,,,,,,,,
1789454100,123.6,123.7,123.6,123.7,400,2026-09-15,,,,,,,,
1789454160,123.7,123.7,123.7,123.7,100,2026-09-15,,,,,,,,
1789454220,123.6,123.6,123.6,123.6,16300,2026-09-15,,,,,,,,
1789454280,123.6,123.6,123.5,123.5,13100,2026-09-15,,,,,,,,
1789454340,123.5,123.6,123.5,123.5,14000,2026-09-15,,,,,,,,
1789454400,123.5,123.5,123.5,123.5,8100,2026-09-15,,,,,,,,
1789454460,123.5,123.5,123.5,123.5,100,2026-09-15,,,,,,,,
1789454520,123.5,123.5,123.5,123.5,100,2026-09-15,,,,,,,,
1789454580,123.5,123.6,123.5,123.5,800,2026-09-15,,,,,,,,
1789454820,123.5,123.6,123.5,123.5,900,2026-09-15,,,,,,,,
1789454940,123.5,123.5,123.5,123.5,300,2026-09-15,,,,,,,,
1789455000,123.5,123.7,123.5,123.7,3500,2026-09-15,,,,,,,,
1789455060,123.7,123.9,123.7,123.9,3700,2026-09-15,,,,,,,,
1789455120,123.9,124.0,123.9,124.0,7800,2026-09-15,,,,,,,,
1789455240,124.0,124.0,124.0,124.0,200,2026-09-15,,,,,,,,
1789455300,124.0,124.0,123.7,124.0,6100,2026-09-15,,,,,,,,
1789455360,124.0,124.0,123.9,123.9,17300,2026-09-15,,,,,,,,
1789455420,124.0,124.0,124.0,124.0,14500,2026-09-15,,,,,,,,
1789455480,124.0,124.0,124.0,124.0,5500,2026-09-15,,,,,,,,
1789455540,124.0,124.0,124.0,124.0,3000,2026-09-15,,,,,,,,
1789455600,124.0,124.0,124.0,124.0,200,2026-09-15,,,,,,,,
1789455660,123.9,123.9,123.9,123.9,200,2026-09-15,,,,,,,,
1789455780,123.6,123.6,123.6,123.6,3000,2026-09-15,,,,,,,,
1789455840,123.5,123.5,123.5,123.5,2000,2026-09-15,,,,,,,,
1789455900,123.7,123.7,123.7,123.7,15100,2026-09-15,,,,,,,,
1789455960,123.7,123.7,123.7,123.7,8000,2026-09-15,,,,,,,,
1789456020,123.7,123.7,123.7,123.7,10000,2026-09-15,,,,,,,,
1789456080,123.7,123.7,123.7,123.7,7600,2026-09-15,,,,,,,,
1789456260,123.7,123.7,123.7,123.7,100,2026-09-15,,,,,,,,
1789456380,123.7,123.8,123.7,123.8,5800,2026-09-15,,,,,,,,
1789456440,123.7,123.7,123.7,123.7,10300,2026-09-15,,,,,,,,
1789456500,123.8,123.8,123.8,123.8,800,2026-09-15,,,,,,,,
1789456560,123.8,123.8,123.8,123.8,200,2026-09-15,,,,,,,,
1789456620,123.8,123.8,123.8,123.8,1300,2026-09-15,,,,,,,,
1789456680,123.7,124.1,123.6,124.1,32400,2026-09-15,,,,,,,,
1789456740,124.0,124.0,124.0,124.0,600,2026-09-15,,,,,,,,
1789456860,124.0,124.0,124.0,124.0,1200,2026-09-15,,,,,,,,
1789456920,123.9,123.9,123.9,123.9,2000,2026-09-15,,,,,,,,
1789456980,123.8,123.8,123.8,123.8,2300,2026-09-15,,,,,,,,
1789457040,123.9,123.9,123.7,123.7,2000,2026-09-15,,,,,,,,
1789457100,124.0,124.0,124.0,124.0,100,2026-09-15,,,,,,,,
1789457160,123.8,123.8,123.8,123.8,100,2026-09-15,,,,,,,,
1789457220,123.7,123.7,123.7,123.7,100,2026-09-15,,,,,,,,
1789457280,123.8,123.8,123.8,123.8,100,2026-09-15,,,,,,,,
1789457340,123.7,123.7,123.7,123.7,600,2026-09-15,,,,,,,,
1789458300,124.4,124.4,124.4,124.4,150600,2026-09-15,,,,,,,,
1789524900,124.3,124.3,124.3,124.3,74800,2026-09-16,,,,,,,,
1789524960,124.3,124.5,124.3,124.5,10000,2026-09-16,,,,,,,,
1789525020,124.5,124.6,124.1,124.1,10200,2026-09-16,,,,,,,,
1789525080,124.0,124.0,123.9,123.9,2400,2026-09-16,,,,,,,,
1789525140,123.8,123.8,123.5,123.5,5200,2026-09-16,,,,,,,,
1789525200,123.5,123.5,123.5,123.5,1300,2026-09-16,,,,,,,,
1789525260,123.5,123.5,123.5,123.5,5000,2026-09-16,,,,,,,,
1789525320,123.5,123.5,123.5,123.5,21800,2026-09-16,,,,,,,,
1789525380,123.5,123.5,123.5,123.5,300,2026-09-16,,,,,,,,
1789525440,123.5,123.5,123.5,123.5,4700,2026-09-16,,,,,,,,
1789525500,123.5,123.5,123.5,123.5,2900,2026-09-16,,,,,,,,
1789525620,123.5,123.5,123.5,123.5,200,2026-09-16,,,,,,,,
1789525860,123.5,123.5,123.4,123.4,1200,2026-09-16,,,,,,,,
1789525980,123.4,123.4,123.4,123.4,500,2026-09-16,,,,,,,,
1789526100,123.4,123.5,123.4,123.5,1200,2026-09-16,,,,,,,,
1789526220,123.5,123.5,123.5,123.5,100,2026-09-16,,,,,,,,
1789526280,123.5,123.5,123.5,123.5,800,2026-09-16,,,,,,,,
1789526340,123.5,123.5,123.4,123.4,600,2026-09-16,,,,,,,,
1789526400,123.4,123.4,123.4,123.4,700,2026-09-16,,,,,,,,
1789526520,123.4,123.4,123.4,123.4,100,2026-09-16,,,,,,,,
1789526700,123.4,123.4,123.4,123.4,500,2026-09-16,,,,,,,,
1789526760,123.5,123.5,123.5,123.5,4800,2026-09-16,,,,,,,,
1789526820,123.5,123.5,123.4,123.4,1700,2026-09-16,,,,,,,,
1789526880,123.4,123.5,123.4,123.5,2700,2026-09-16,,,,,,,,
1789526940,123.5,123.5,123.5,123.5,100,2026-09-16,,,,,,,,
1789527060,123.5,123.5,123.5,123.5,5600,2026-09-16,,,,,,,,
1789527120,123.5,123.5,123.4,123.4,5900,2026-09-16,,,,,,,,
1789527180,123.4,123.4,123.4,123.4,100,2026-09-16,,,,,,,,
1789527240,123.4,123.4,123.4,123.4,400,2026-09-16,,,,,,,,
1789527360,123.4,123.5,123.4,123.5,22000,2026-09-16,,,,,,,,
1789527420,123.5,123.5,123.3,123.3,16300,2026-09-16,,,,,,,,
1789527480,123.3,123.3,123.3,123.3,100,2026-09-16,,,,,,,,
1789527540,123.4,123.4,123.4,123.4,100,2026-09-16,,,,,,,,
1789527660,123.4,123.4,123.4,123.4,100,2026-09-16,,,,,,,,
1789527780,123.3,123.5,123.3,123.5,8100,2026-09-16,,,,,,,,
1789527840,123.5,123.5,123.5,123.5,7000,2026-09-16,,,,,,,,
1789527900,123.5,123.5,123.5,123.5,11000,2026-09-16,,,,,,,,
1789527960,123.5,123.5,123.5,123.5,7000,2026-09-16,,,,,,,,
1789528020,123.5,123.5,123.5,123.5,5000,2026-09-16,,,,,,,,
1789528260,123.4,123.4,123.4,123.4,800,2026-09-16,,,,,,,,
1789528320,123.4,123.4,123.4,123.4,200,2026-09-16,,,,,,,,
1789528380,123.4,123.4,123.4,123.4,200,2026-09-16,,,,,,,,
1789528440,123.4,123.4,123.4,123.4,200,2026-09-16,,,,,,,,
1789528560,123.4,123.4,123.4,123.4,100,2026-09-16,,,,,,,,
1789528620,123.4,123.4,123.4,123.4,400,2026-09-16,,,,,,,,
1789528680,123.4,123.6,123.4,123.6,8100,2026-09-16,,,,,,,,
1789528740,123.6,123.6,123.6,123.6,700,2026-09-16,,,,,,,,
1789528860,123.5,123.5,123.4,123.4,3300,2026-09-16,,,,,,,,
1789528920,123.4,123.5,123.4,123.5,11000,2026-09-16,,,,,,,,
1789528980,123.5,123.5,123.5,123.5,2300,2026-09-16,,,,,,,,
1789529040,123.5,123.6,123.5,123.6,2600,2026-09-16,,,,,,,,
1789529100,123.6,123.6,123.4,123.5,3600,2026-09-16,,,,,,,,
1789529160,123.5,123.5,123.5,123.5,2000,2026-09-16,,,,,,,,
1789529220,123.5,123.5,123.5,123.5,900,2026-09-16,,,,,,,,
1789529280,123.5,123.5,123.5,123.5,300,2026-09-16,,,,,,,,
1789529340,123.5,123.5,123.5,123.5,300,2026-09-16,,,,,,,,
1789529400,123.5,123.5,123.5,123.5,200,2026-09-16,,,,,,,,
1789529460,123.5,124.1,123.5,124.1,20200,2026-09-16,,,,,,,,
1789529520,124.1,124.1,123.6,123.6,11700,2026-09-16,,,,,,,,
1789529640,123.6,123.9,123.6,123.9,9400,2026-09-16,,,,,,,,
1789529700,123.9,124.0,123.9,124.0,6300,2026-09-16,,,,,,,,
1789529760,124.0,124.0,124.0,124.0,300,2026-09-16,,,,,,,,
1789529820,124.0,124.0,124.0,124.0,100,2026-09-16,,,,,,,,
1789529880,124.0,124.0,124.0,124.0,200,2026-09-16,,,,,,,,
1789529940,124.0,124.0,124.0,124.0,1200,2026-09-16,,,,,,,,
1789530000,123.9,123.9,123.6,123.9,17100,2026-09-16,,,,,,,,
1789530060,123.9,123.9,123.6,123.6,4100,2026-09-16,,,,,,,,
1789530120,123.6,123.8,123.6,123.8,2100,2026-09-16,,,,,,,,
1789530300,123.6,123.6,123.5,123.5,4000,2026-09-16,,,,,,,,
1789530360,123.5,123.5,123.5,123.5,800,2026-09-16,,,,,,,,
1789530420,123.5,123.7,123.5,123.7,3400,2026-09-16,,,,,,,,
1789530540,123.7,123.7,123.7,123.7,200,2026-09-16,,,,,,,,
1789530660,123.7,123.7,123.7,123.7,300,2026-09-16,,,,,,,,
1789530780,123.7,123.7,123.7,123.7,200,2026-09-16,,,,,,,,
1789530840,123.7,123.8,123.7,123.8,4600,2026-09-16,,,,,,,,
1789530900,123.8,123.8,123.5,123.6,13300,2026-09-16,,,,,,,,
1789530960,123.6,123.7,123.6,123.7,2500,2026-09-16,,,,,,,,
1789531020,123.7,123.7,123.7,123.7,200,2026-09-16,,,,,,,,
1789531080,123.7,123.7,123.7,123.7,300,2026-09-16,,,,,,,,
1789531200,123.7,123.7,123.7,123.7,300,2026-09-16,,,,,,,,
1789531320,123.7,123.7,123.7,123.7,300,2026-09-16,,,,,,,,
1789531380,123.7,123.8,123.5,123.8,7200,2026-09-16,,,,,,,,
1789531440,123.8,123.8,123.8,123.8,10700,2026-09-16,,,,,,,,
1789531500,123.8,123.8,123.8,123.8,100,2026-09-16,,,,,,,,
1789531560,123.8,123.8,123.8,123.8,500,2026-09-16,,,,,,,,
1789531620,123.8,123.8,123.8,123.8,100,2026-09-16,,,,,,,,
1789531680,123.8,123.8,123.8,123.8,200,2026-09-16,,,,,,,,
1789531740,123.8,123.8,123.8,123.8,100,2026-09-16,,,,,,,,
1789531800,123.8,123.8,123.5,123.5,2500,2026-09-16,,,,,,,,
1789531860,123.8,123.8,123.8,123.8,2200,2026-09-16,,,,,,,,
1789531920,123.8,123.9,123.8,123.9,13700,2026-09-16,,,,,,,,
1789531980,123.9,123.9,123.9,123.9,7700,2026-09-16,,,,,,,,
1789532040,123.9,123.9,123.9,123.9,4000,2026-09-16,,,,,,,,
1789532100,123.9,123.9,123.9,123.9,200,2026-09-16,,,,,,,,
1789532160,123.9,123.9,123.9,123.9,100,2026-09-16,,,,,,,,
1789532220,123.9,123.9,123.9,123.9,200,2026-09-16,,,,,,,,
1789532340,123.8,123.9,123.8,123.9,200,2026-09-16,,,,,,,,
1789532400,123.9,123.9,123.9,123.9,100,2026-09-16,,,,,,,,
1789532460,123.9,123.9,123.9,123.9,200,2026-09-16,,,,,,,,
1789532520,123.6,123.6,123.6,123.6,200,2026-09-16,,,,,,,,
1789532760,123.6,123.6,123.6,123.6,100,2026-09-16,,,,,,,,
1789538400,123.6,123.8,123.6,123.6,1400,2026-09-16,,,,,,,,
1789538460,123.6,123.8,123.6,123.8,500,2026-09-16,,,,,,,,
1789538580,123.8,123.8,123.8,123.8,2400,2026-09-16,,,,,,,,
1789538700,123.8,123.8,123.8,123.8,1800,2026-09-16,,,,,,,,
1789538760,123.8,123.8,123.8,123.8,5000,2026-09-16,,,,,,,,
1789538820,123.8,123.8,123.8,123.8,9300,2026-09-16,,,,,,,,
1789538880,123.8,123.8,123.7,123.8,6000,2026-09-16,,,,,,,,
1789538940,123.8,123.8,123.5,123.5,24700,2026-09-16,,,,,,,,
1789539000,123.8,123.9,123.8,123.9,13700,2026-09-16,,,,,,,,
1789539060,123.9,124.0,123.9,124.0,11200,2026-09-16,,,,,,,,
1789539120,124.0,124.0,124.0,124.0,200,2026-09-16,,,,,,,,
1789539180,124.0,124.0,124.0,124.0,9800,2026-09-16,,,,,,,,
1789539240,124.0,124.1,124.0,124.1,1500,2026-09-16,,,,,,,,
1789539360,123.9,124.0,123.9,124.0,300,2026-09-16,,,,,,,,
1789539480,124.0,124.0,123.9,123.9,300,2026-09-16,,,,,,,,
1789539600,123.9,123.9,123.9,123.9,500,2026-09-16,,,,,,,,
1789539660,123.9,124.0,123.9,124.0,12500,2026-09-16,,,,,,,,
1789539720,123.9,123.9,123.9,123.9,8400,2026-09-16,,,,,,,,
1789539780,123.9,124.0,123.9,124.0,3700,2026-09-16,,,,,,,,
1789539840,124.0,124.0,123.9,123.9,10300,2026-09-16,,,,,,,,
1789539900,124.0,124.0,123.9,124.0,7900,2026-09-16,,,,,,,,
1789539960,124.0,124.0,124.0,124.0,2900,2026-09-16,,,,,,,,
1789540020,123.9,124.0,123.9,124.0,7500,2026-09-16,,,,,,,,
1789540080,124.0,124.0,123.8,123.8,7200,2026-09-16,,,,,,,,
1789540140,123.7,123.8,123.5,123.8,15200,2026-09-16,,,,,,,,
1789540200,123.9,123.9,123.9,123.9,2900,2026-09-16,,,,,,,,
1789540260,123.9,123.9,123.9,123.9,12900,2026-09-16,,,,,,,,
1789540320,123.9,123.9,123.9,123.9,10600,2026-09-16,,,,,,,,
1789540380,123.9,123.9,123.6,123.6,5700,2026-09-16,,,,,,,,
1789540440,123.5,123.7,123.5,123.7,10800,2026-09-16,,,,,,,,
1789540500,123.7,123.8,123.7,123.8,13500,2026-09-16,,,,,,,,
1789540560,123.8,123.9,123.8,123.9,11500,2026-09-16,,,,,,,,
1789540620,123.9,123.9,123.8,123.8,1800,2026-09-16,,,,,,,,
1789540680,123.8,123.8,123.8,123.8,4500,2026-09-16,,,,,,,,
1789540740,123.8,123.8,123.8,123.8,900,2026-09-16,,,,,,,,
1789540800,123.7,123.9,123.7,123.9,2900,2026-09-16,,,,,,,,
1789540860,123.7,123.9,123.7,123.9,1000,2026-09-16,,,,,,,,
1789540920,123.9,123.9,123.9,123.9,1000,2026-09-16,,,,,,,,
1789540980,123.9,123.9,123.9,123.9,900,2026-09-16,,,,,,,,
1789541040,123.9,123.9,123.9,123.9,200,2026-09-16,,,,,,,,
1789541100,123.9,124.0,123.9,124.0,1600,2026-09-16,,,,,,,,
1789541160,124.0,124.0,123.9,124.0,1100,2026-09-16,,,,,,,,
1789541220,124.0,124.0,123.9,123.9,1000,2026-09-16,,,,,,,,
1789541280,123.9,124.0,123.9,124.0,1800,2026-09-16,,,,,,,,
1789541340,124.0,124.1,124.0,124.1,1300,2026-09-16,,,,,,,,
1789541400,124.1,124.1,124.1,124.1,1700,2026-09-16,,,,,,,,
1789541460,124.1,124.1,124.0,124.1,1900,2026-09-16,,,,,,,,
1789541520,124.1,124.1,124.1,124.1,1700,2026-09-16,,,,,,,,
1789541580,124.1,124.1,124.1,124.1,1000,2026-09-16,,,,,,,,
1789541640,124.1,124.1,124.1,124.1,100,2026-09-16,,,,,,,,
1789541700,124.1,124.1,124.1,124.1,1100,2026-09-16,,,,,,,,
1789541760,124.1,124.2,124.1,124.2,800,2026-09-16,,,,,,,,
1789541820,124.2,124.2,124.2,124.2,1100,2026-09-16,,,,,,,,
1789541880,124.2,124.4,124.2,124.4,8700,2026-09-16,,,,,,,,
1789541940,124.4,124.5,124.1,124.1,10700,2026-09-16,,,,,,,,
1789542000,124.0,124.4,124.0,124.4,19100,2026-09-16,,,,,,,,
1789542060,124.4,124.4,124.4,124.4,1700,2026-09-16,,,,,,,,
1789542120,124.4,124.4,124.4,124.4,34000,2026-09-16,,,,,,,,
1789542180,124.4,124.4,124.2,124.4,26900,2026-09-16,,,,,,,,
1789542240,124.4,124.4,124.4,124.4,4600,2026-09-16,,,,,,,,
1789542300,124.4,124.5,124.4,124.4,16300,2026-09-16,,,,,,,,
1789542360,124.4,124.4,124.4,124.4,3100,2026-09-16,,,,,,,,
1789542420,124.4,124.5,124.2,124.5,2100,2026-09-16,,,,,,,,
1789542480,124.5,124.5,124.5,124.5,2200,2026-09-16,,,,,,,,
1789542540,124.5,124.5,124.5,124.5,6700,2026-09-16,,,,,,,,
1789542600,124.5,124.5,124.4,124.4,1100,2026-09-16,,,,,,,,
1789542660,124.5,124.5,124.4,124.5,2900,2026-09-16,,,,,,,,
1789542720,124.5,124.5,124.4,124.5,2100,2026-09-16,,,,,,,,
1789542780,124.5,124.5,124.4,124.5,2500,2026-09-16,,,,,,,,
1789542840,124.5,124.6,124.5,124.6,10200,2026-09-16,,,,,,,,
1789542900,124.6,124.7,124.6,124.7,13400,2026-09-16,,,,,,,,
1789542960,124.6,124.7,124.6,124.7,1800,2026-09-16,,,,,,,,
1789543020,124.7,124.7,124.7,124.7,2600,2026-09-16,,,,,,,,
1789543080,124.7,124.7,124.6,124.7,4600,2026-09-16,,,,,,,,
1789543140,124.6,124.8,124.6,124.8,5900,2026-09-16,,,,,,,,
1789543200,124.8,124.9,124.8,124.9,4500,2026-09-16,,,,,,,,
1789543260,124.7,124.7,124.7,124.7,4300,2026-09-16,,,,,,,,
1789543320,124.7,124.7,124.7,124.7,2400,2026-09-16,,,,,,,,
1789543380,124.7,124.7,124.6,124.6,3500,2026-09-16,,,,,,,,
1789543440,124.6,124.7,124.6,124.6,3900,2026-09-16,,,,,,,,
1789543500,124.7,124.8,124.5,124.5,3000,2026-09-16,,,,,,,,
1789543560,124.8,124.9,124.5,124.5,5000,2026-09-16,,,,,,,,
1789543620,124.8,124.9,124.5,124.5,5400,2026-09-16,,,,,,,,
1789543680,124.5,124.9,124.4,124.9,3900,2026-09-16,,,,,,,,
1789543740,124.4,124.9,124.4,124.4,6900,2026-09-16,,,,,,,,
1789544700,124.4,124.4,124.4,124.4,126800,2026-09-16,,,,,,,,
1789611300,124.0,124.0,124.0,124.0,78000,2026-09-17,,,,,,,,
1789611360,124.0,124.3,124.0,124.3,18200,2026-09-17,,,,,,,,
1789611420,124.3,124.5,124.3,124.5,7400,2026-09-17,,,,,,,,
1789611480,124.5,124.7,124.2,124.2,20200,2026-09-17,,,,,,,,
1789611540,124.1,124.1,124.1,124.1,100,2026-09-17,,,,,,,,
1789611600,124.2,124.3,124.2,124.3,10100,2026-09-17,,,,,,,,
1789611660,124.3,124.4,124.3,124.4,5900,2026-09-17,,,,,,,,
1789611720,124.1,124.1,124.1,124.1,200,2026-09-17,,,,,,,,
1789611780,124.1,124.1,124.1,124.1,100,2026-09-17,,,,,,,,
1789611840,124.4,124.4,124.4,124.4,900,2026-09-17,,,,,,,,
1789611900,124.4,124.4,124.4,124.4,8200,2026-09-17,,,,,,,,
1789611960,124.5,124.5,124.5,124.5,2600,2026-09-17,,,,,,,,
1789612020,124.5,124.5,124.0,124.0,16600,2026-09-17,,,,,,,,
1789612080,123.9,124.2,123.9,124.2,9800,2026-09-17,,,,,,,,
1789612140,124.3,124.4,124.3,124.4,5200,2026-09-17,,,,,,,,
1789612200,124.4,124.4,124.4,124.4,1100,2026-09-17,,,,,,,,
1789612260,124.5,124.5,124.5,124.5,1400,2026-09-17,,,,,,,,
1789612320,124.5,124.5,124.5,124.5,300,2026-09-17,,,,,,,,
1789612380,124.4,124.4,124.3,124.3,2900,2026-09-17,,,,,,,,
1789612440,124.2,124.2,124.2,124.2,900,2026-09-17,,,,,,,,
1789612560,124.2,124.4,124.0,124.4,22600,2026-09-17,,,,,,,,
1789612620,124.4,124.4,124.3,124.3,2600,2026-09-17,,,,,,,,
1789612680,124.2,124.2,124.2,124.2,100,2026-09-17,,,,,,,,
1789612740,124.2,124.2,124.2,124.2,300,2026-09-17,,,,,,,,
1789612800,124.3,124.3,124.2,124.3,2000,2026-09-17,,,,,,,,
1789612920,124.3,124.5,124.3,124.4,8300,2026-09-17,,,,,,,,
1789612980,124.4,124.4,124.4,124.4,14000,2026-09-17,,,,,,,,
1789613040,124.4,124.4,124.4,124.4,4800,2026-09-17,,,,,,,,
1789613100,124.4,124.4,124.4,124.4,7800,2026-09-17,,,,,,,,
1789613160,124.4,124.4,124.4,124.4,1100,2026-09-17,,,,,,,,
1789613220,124.4,124.4,124.4,124.4,800,2026-09-17,,,,,,,,
1789613340,124.4,124.4,124.4,124.4,11100,2026-09-17,,,,,,,,
1789613400,124.4,124.5,124.4,124.4,14300,2026-09-17,,,,,,,,
1789613460,124.4,124.5,124.4,124.5,10500,2026-09-17,,,,,,,,
1789613520,124.5,124.5,124.5,124.5,13300,2026-09-17,,,,,,,,
1789613580,124.5,124.5,124.5,124.5,200,2026-09-17,,,,,,,,
1789613640,124.5,124.5,124.4,124.4,1700,2026-09-17,,,,,,,,
1789613700,124.4,124.4,124.4,124.4,1300,2026-09-17,,,,,,,,
1789613760,124.4,124.4,124.4,124.4,100,2026-09-17,,,,,,,,
1789613820,124.4,124.4,124.4,124.4,400,2026-09-17,,,,,,,,
1789613880,124.4,124.5,124.4,124.5,3100,2026-09-17,,,,,,,,
1789613940,124.5,124.5,124.5,124.5,700,2026-09-17,,,,,,,,
1789614060,124.5,124.5,124.5,124.5,500,2026-09-17,,,,,,,,
1789614120,124.5,124.6,124.5,124.6,6500,2026-09-17,,,,,,,,
1789614180,124.7,124.7,124.7,124.7,1400,2026-09-17,,,,,,,,
1789614240,124.7,124.8,124.7,124.8,5800,2026-09-17,,,,,,,,
1789614300,124.8,124.8,124.8,124.8,1900,2026-09-17,,,,,,,,
1789614360,124.8,125.0,124.8,125.0,12400,2026-09-17,,,,,,,,
1789614480,124.9,124.9,124.9,124.9,300,2026-09-17,,,,,,,,
1789614540,125.0,125.0,125.0,125.0,800,2026-09-17,,,,,,,,
1789614600,125.0,125.0,125.0,125.0,200,2026-09-17,,,,,,,,
1789614660,125.0,125.0,125.0,125.0,6100,2026-09-17,,,,,,,,
1789614720,125.0,125.0,125.0,125.0,400,2026-09-17,,,,,,,,
1789614780,125.0,125.0,125.0,125.0,2000,2026-09-17,,,,,,,,
1789614840,125.0,125.0,125.0,125.0,400,2026-09-17,,,,,,,,
1789614900,125.0,125.0,125.0,125.0,3600,2026-09-17,,,,,,,,
1789614960,125.0,125.0,125.0,125.0,2400,2026-09-17,,,,,,,,
1789615020,125.0,125.2,125.0,125.2,24600,2026-09-17,,,,,,,,
1789615080,125.2,125.5,125.2,125.5,20200,2026-09-17,,,,,,,,
1789615140,125.5,125.5,125.0,125.5,16200,2026-09-17,,,,,,,,
1789615200,125.5,125.5,125.4,125.5,2200,2026-09-17,,,,,,,,
1789615260,125.5,125.5,125.5,125.5,7900,2026-09-17,,,,,,,,
1789615320,125.6,125.7,125.5,125.7,14600,2026-09-17,,,,,,,,
1789615380,125.6,125.8,125.6,125.8,5500,2026-09-17,,,,,,,,
1789615440,125.8,126.0,125.8,126.0,14100,2026-09-17,,,,,,,,
1789615500,126.0,126.0,125.9,126.0,1000,2026-09-17,,,,,,,,
1789615560,126.0,126.0,126.0,126.0,100,2026-09-17,,,,,,,,
1789615620,126.0,126.0,126.0,126.0,200,2026-09-17,,,,,,,,
1789615680,125.9,125.9,125.5,125.5,7400,2026-09-17,,,,,,,,
1789615740,125.5,125.5,125.4,125.4,2000,2026-09-17,,,,,,,,
1789615800,125.4,125.6,125.4,125.6,7300,2026-09-17,,,,,,,,
1789615860,125.5,125.5,125.5,125.5,18200,2026-09-17,,,,,,,,
1789615980,125.5,125.5,125.5,125.5,900,2026-09-17,,,,,,,,
1789616040,125.5,125.5,125.5,125.5,1400,2026-09-17,,,,,,,,
1789616100,125.5,125.5,125.5,125.5,300,2026-09-17,,,,,,,,
1789616160,125.5,125.5,125.5,125.5,200,2026-09-17,,,,,,,,
1789616220,125.3,125.3,125.3,125.3,100,2026-09-17,,,,,,,,
1789616280,125.3,125.3,125.3,125.3,800,2026-09-17,,,,,,,,
1789616340,125.4,125.4,125.4,125.4,5000,2026-09-17,,,,,,,,
1789616400,125.5,125.5,125.5,125.5,12900,2026-09-17,,,,,,,,
1789616460,125.5,125.5,125.5,125.5,10200,2026-09-17,,,,,,,,
1789616520,125.5,125.5,125.5,125.5,12600,2026-09-17,,,,,,,,
1789616580,125.5,125.5,125.5,125.5,6600,2026-09-17,,,,,,,,
1789616640,125.5,125.5,125.5,125.5,6900,2026-09-17,,,,,,,,
1789616760,125.5,125.5,125.5,125.5,400,2026-09-17,,,,,,,,
1789616820,125.5,125.6,125.5,125.6,2500,2026-09-17,,,,,,,,
1789616880,125.6,125.7,125.6,125.7,2800,2026-09-17,,,,,,,,
1789617000,125.7,125.7,125.7,125.7,200,2026-09-17,,,,,,,,
1789617060,125.7,125.7,125.7,125.7,300,2026-09-17,,,,,,,,
1789617180,125.7,125.7,125.7,125.7,2400,2026-09-17,,,,,,,,
1789617240,125.8,125.9,125.8,125.8,2700,2026-09-17,,,,,,,,
1789617300,125.8,125.9,125.8,125.9,3500,2026-09-17,,,,,,,,
1789617420,125.6,125.6,125.5,125.5,3300,2026-09-17,,,,,,,,
1789617480,125.5,125.5,125.5,125.5,1500,2026-09-17,,,,,,,,
1789617540,125.5,125.8,125.5,125.8,4000,2026-09-17,,,,,,,,
1789617600,125.8,125.8,125.8,125.8,2100,2026-09-17,,,,,,,,
1789617660,125.8,125.8,125.7,125.7,1200,2026-09-17,,,,,,,,
1789617780,125.7,125.9,125.7,125.9,2000,2026-09-17,,,,,,,,
1789617840,125.8,125.8,125.8,125.8,1000,2026-09-17,,,,,,,,
1789617900,125.8,125.8,125.8,125.8,600,2026-09-17,,,,,,,,
1789617960,125.8,125.9,125.8,125.9,2400,2026-09-17,,,,,,,,
1789618020,125.9,125.9,125.9,125.9,300,2026-09-17,,,,,,,,
1789618080,125.9,125.9,125.9,125.9,900,2026-09-17,,,,,,,,
1789618140,125.9,125.9,125.8,125.9,2700,2026-09-17,,,,,,,,
1789618200,125.9,125.9,125.9,125.9,1000,2026-09-17,,,,,,,,
1789618260,125.9,125.9,125.9,125.9,100,2026-09-17,,,,,,,,
1789618320,125.9,125.9,125.9,125.9,200,2026-09-17,,,,,,,,
1789618440,125.8,125.8,125.8,125.8,400,2026-09-17,,,,,,,,
1789618500,125.8,125.8,125.8,125.8,1000,2026-09-17,,,,,,,,
1789618560,125.8,125.8,125.8,125.8,11100,2026-09-17,,,,,,,,
1789618620,125.9,125.9,125.9,125.9,21000,2026-09-17,,,,,,,,
1789618680,125.9,125.9,125.9,125.9,300,2026-09-17,,,,,,,,
1789618740,125.9,125.9,125.8,125.9,4700,2026-09-17,,,,,,,,
1789618800,125.9,125.9,125.9,125.9,300,2026-09-17,,,,,,,,
1789618860,125.9,125.9,125.9,125.9,200,2026-09-17,,,,,,,,
1789618920,125.9,125.9,125.7,125.9,3000,2026-09-17,,,,,,,,
1789618980,125.9,125.9,125.9,125.9,200,2026-09-17,,,,,,,,
1789619040,125.7,125.7,125.7,125.7,100,2026-09-17,,,,,,,,
1789619100,125.8,125.9,125.8,125.9,700,2026-09-17,,,,,,,,
1789619220,125.8,125.9,125.8,125.9,200,2026-09-17,,,,,,,,
1789619280,125.9,125.9,125.9,125.9,1700,2026-09-17,,,,,,,,
1789619340,125.9,126.0,125.9,126.0,2500,2026-09-17,,,,,,,,
1789624800,126.0,126.0,125.8,126.0,400,2026-09-17,,,,,,,,
1789624860,126.0,126.0,126.0,126.0,2100,2026-09-17,,,,,,,,
1789624920,125.9,126.0,125.9,126.0,4300,2026-09-17,,,,,,,,
1789624980,126.0,126.0,125.9,125.9,2700,2026-09-17,,,,,,,,
1789625040,126.0,126.0,126.0,126.0,5800,2026-09-17,,,,,,,,
1789625100,126.0,126.0,126.0,126.0,15900,2026-09-17,,,,,,,,
1789625160,126.0,126.0,126.0,126.0,800,2026-09-17,,,,,,,,
1789625220,126.0,126.0,125.9,125.9,3100,2026-09-17,,,,,,,,
1789625280,125.9,125.9,125.8,125.8,2200,2026-09-17,,,,,,,,
1789625340,125.8,125.8,125.8,125.8,300,2026-09-17,,,,,,,,
1789625400,125.8,125.9,125.8,125.9,2200,2026-09-17,,,,,,,,
1789625460,125.9,126.0,125.9,125.9,900,2026-09-17,,,,,,,,
1789625520,125.9,125.9,125.9,125.9,2300,2026-09-17,,,,,,,,
1789625580,125.9,125.9,125.9,125.9,2000,2026-09-17,,,,,,,,
1789625640,126.0,126.0,126.0,126.0,2300,2026-09-17,,,,,,,,
1789625700,126.0,126.0,126.0,126.0,1100,2026-09-17,,,,,,,,
1789625760,126.0,126.0,126.0,126.0,1300,2026-09-17,,,,,,,,
1789625820,126.0,126.0,125.8,125.8,21000,2026-09-17,,,,,,,,
1789625940,125.9,126.0,125.9,126.0,2000,2026-09-17,,,,,,,,
1789626000,125.8,125.8,125.6,125.6,6600,2026-09-17,,,,,,,,
1789626060,125.6,125.6,125.6,125.6,600,2026-09-17,,,,,,,,
1789626180,125.7,125.7,125.7,125.7,3200,2026-09-17,,,,,,,,
1789626240,126.0,126.0,125.9,125.9,1200,2026-09-17,,,,,,,,
1789626300,125.9,125.9,125.9,125.9,300,2026-09-17,,,,,,,,
1789626360,126.0,126.0,126.0,126.0,15500,2026-09-17,,,,,,,,
1789626420,126.0,126.0,125.9,125.9,10300,2026-09-17,,,,,,,,
1789626480,126.0,126.0,125.8,126.0,36500,2026-09-17,,,,,,,,
1789626540,126.0,126.0,126.0,126.0,13200,2026-09-17,,,,,,,,
1789626600,126.0,126.0,126.0,126.0,100,2026-09-17,,,,,,,,
1789626660,126.0,126.0,126.0,126.0,1200,2026-09-17,,,,,,,,
1789626720,126.0,126.0,126.0,126.0,1800,2026-09-17,,,,,,,,
1789626780,126.0,126.0,126.0,126.0,1800,2026-09-17,,,,,,,,
1789626840,126.0,126.0,126.0,126.0,3300,2026-09-17,,,,,,,,
1789626900,126.0,126.1,126.0,126.1,5800,2026-09-17,,,,,,,,
1789626960,126.1,126.2,126.1,126.2,7300,2026-09-17,,,,,,,,
1789627020,126.2,126.2,126.2,126.2,5000,2026-09-17,,,,,,,,
1789627080,126.2,126.4,126.2,126.4,14600,2026-09-17,,,,,,,,
1789627140,126.1,126.5,126.1,126.5,10900,2026-09-17,,,,,,,,
1789627200,126.5,126.5,126.2,126.3,4200,2026-09-17,,,,,,,,
1789627260,126.4,126.4,126.4,126.4,700,2026-09-17,,,,,,,,
1789627320,126.5,126.5,126.4,126.4,7100,2026-09-17,,,,,,,,
1789627380,126.4,126.5,126.4,126.4,3900,2026-09-17,,,,,,,,
1789627440,126.4,126.6,126.4,126.6,13800,2026-09-17,,,,,,,,
1789627500,126.5,126.8,126.4,126.4,18700,2026-09-17,,,,,,,,
1789627560,126.3,126.5,126.0,126.0,11800,2026-09-17,,,,,,,,
1789627620,126.0,126.0,125.9,125.9,10400,2026-09-17,,,,,,,,
1789627680,125.9,125.9,125.8,125.8,1600,2026-09-17,,,,,,,,
1789627740,125.8,126.0,125.8,125.8,3200,2026-09-17,,,,,,,,
1789627800,125.8,125.8,125.8,125.8,300,2026-09-17,,,,,,,,
1789627860,125.8,125.8,125.8,125.8,300,2026-09-17,,,,,,,,
1789627920,125.8,125.9,125.8,125.9,400,2026-09-17,,,,,,,,
1789627980,125.9,125.9,125.9,125.9,300,2026-09-17,,,,,,,,
1789628040,125.9,125.9,125.9,125.9,400,2026-09-17,,,,,,,,
1789628100,125.9,125.9,125.9,125.9,1100,2026-09-17,,,,,,,,
1789628160,125.9,125.9,125.9,125.9,3800,2026-09-17,,,,,,,,
1789628220,125.8,126.0,125.8,125.8,19500,2026-09-17,,,,,,,,
1789628280,126.0,126.0,125.8,125.8,2300,2026-09-17,,,,,,,,
1789628340,125.8,126.0,125.8,126.0,6300,2026-09-17,,,,,,,,
1789628400,125.8,126.0,125.8,126.0,15300,2026-09-17,,,,,,,,
1789628460,126.0,126.0,125.8,126.0,14200,2026-09-17,,,,,,,,
1789628520,126.0,126.1,126.0,126.0,10000,2026-09-17,,,,,,,,
1789628580,125.9,126.0,125.9,126.0,15400,2026-09-17,,,,,,,,
1789628640,126.0,126.0,126.0,126.0,100,2026-09-17,,,,,,,,
1789628700,126.0,126.0,126.0,126.0,200,2026-09-17,,,,,,,,
1789628820,126.0,126.0,126.0,126.0,2300,2026-09-17,,,,,,,,
1789628880,126.0,126.0,126.0,126.0,3200,2026-09-17,,,,,,,,
1789628940,126.0,126.0,125.8,125.8,1600,2026-09-17,,,,,,,,
1789629000,126.0,126.0,126.0,126.0,2000,2026-09-17,,,,,,,,
1789629060,125.8,125.8,125.6,125.6,8300,2026-09-17,,,,,,,,
1789629120,125.7,125.7,125.7,125.7,500,2026-09-17,,,,,,,,
1789629180,125.7,125.8,125.7,125.8,2000,2026-09-17,,,,,,,,
1789629240,125.8,125.8,125.8,125.8,200,2026-09-17,,,,,,,,
1789629300,125.8,126.0,125.8,126.0,8300,2026-09-17,,,,,,,,
1789629360,126.0,126.2,126.0,126.2,9200,2026-09-17,,,,,,,,
1789629420,126.2,126.4,126.2,126.4,7400,2026-09-17,,,,,,,,
1789629480,126.4,126.5,126.4,126.5,8500,2026-09-17,,,,,,,,
1789629540,126.5,126.5,126.4,126.4,8200,2026-09-17,,,,,,,,
1789629600,126.5,126.9,126.4,126.9,25900,2026-09-17,,,,,,,,
1789629660,126.9,127.0,126.8,127.0,14000,2026-09-17,,,,,,,,
1789629720,127.0,127.0,126.9,127.0,9300,2026-09-17,,,,,,,,
1789629780,127.0,127.0,126.9,127.0,9100,2026-09-17,,,,,,,,
1789629840,127.0,127.0,126.5,126.8,17100,2026-09-17,,,,,,,,
1789629900,126.8,126.9,126.4,126.4,10900,2026-09-17,,,,,,,,
1789629960,126.4,126.8,126.3,126.8,8800,2026-09-17,,,,,,,,
1789630020,126.8,126.9,126.8,126.9,8000,2026-09-17,,,,,,,,
1789630080,126.9,127.0,126.9,127.0,9100,2026-09-17,,,,,,,,
1789630140,127.0,127.0,126.9,126.9,15900,2026-09-17,,,,,,,,
1789631100,126.8,126.8,126.8,126.8,48300,2026-09-17,,,,,,,,
1789697700,127.0,127.0,126.8,127.0,16900,2026-09-18,,,,,,,,
1789697760,127.0,127.0,127.0,127.0,14500,2026-09-18,,,,,,,,
1789697820,127.0,127.1,127.0,127.1,10100,2026-09-18,,,,,,,,
1789697880,127.1,127.2,127.1,127.2,1100,2026-09-18,,,,,,,,
1789697940,127.2,127.2,127.2,127.2,1200,2026-09-18,,,,,,,,
1789698000,127.2,127.5,127.2,127.2,8800,2026-09-18,,,,,,,,
1789698060,127.2,127.2,127.2,127.2,2800,2026-09-18,,,,,,,,
1789698120,127.1,127.1,126.9,126.9,4000,2026-09-18,,,,,,,,
1789698180,126.9,126.9,126.9,126.9,800,2026-09-18,,,,,,,,
1789698240,126.9,126.9,126.8,126.8,2100,2026-09-18,,,,,,,,
1789698300,126.8,126.8,126.8,126.8,3100,2026-09-18,,,,,,,,
1789698360,126.8,126.8,126.5,126.5,7700,2026-09-18,,,,,,,,
1789698480,126.8,126.8,126.8,126.8,6600,2026-09-18,,,,,,,,
1789698600,126.4,126.4,126.4,126.4,100,2026-09-18,,,,,,,,
1789698660,126.8,126.8,126.4,126.8,5600,2026-09-18,,,,,,,,
1789698780,126.8,126.8,126.8,126.8,3600,2026-09-18,,,,,,,,
1789698840,126.8,126.8,126.8,126.8,7000,2026-09-18,,,,,,,,
1789698900,126.7,126.7,126.5,126.6,12500,2026-09-18,,,,,,,,
1789698960,126.7,126.9,126.6,126.9,9800,2026-09-18,,,,,,,,
1789699020,126.8,126.8,126.6,126.8,12900,2026-09-18,,,,,,,,
1789699080,126.6,126.6,126.6,126.6,1600,2026-09-18,,,,,,,,
1789699200,126.6,126.6,126.6,126.6,400,2026-09-18,,,,,,,,
1789699260,126.7,126.7,126.6,126.7,1600,2026-09-18,,,,,,,,
1789699320,126.6,126.6,126.4,126.4,5400,2026-09-18,,,,,,,,
1789699380,126.4,126.4,126.0,126.0,6700,2026-09-18,,,,,,,,
1789699440,126.0,126.4,126.0,126.4,13200,2026-09-18,,,,,,,,
1789699500,126.4,126.5,126.4,126.4,4400,2026-09-18,,,,,,,,
1789699560,126.5,126.6,126.5,126.6,1900,2026-09-18,,,,,,,,
1789699620,126.6,126.6,126.6,126.6,2300,2026-09-18,,,,,,,,
1789699680,126.6,126.8,126.6,126.8,7800,2026-09-18,,,,,,,,
1789699740,126.8,126.8,126.8,126.8,1600,2026-09-18,,,,,,,,
1789699800,126.8,126.8,126.8,126.8,2100,2026-09-18,,,,,,,,
1789699860,126.8,126.9,126.8,126.9,4000,2026-09-18,,,,,,,,
1789699920,126.8,126.8,126.8,126.8,100,2026-09-18,,,,,,,,
1789699980,126.8,126.8,126.7,126.7,5200,2026-09-18,,,,,,,,
1789700040,126.7,126.7,126.7,126.7,500,2026-09-18,,,,,,,,
1789700100,126.7,126.7,126.6,126.6,1800,2026-09-18,,,,,,,,
1789700160,126.6,126.7,126.6,126.7,200,2026-09-18,,,,,,,,
1789700220,126.6,126.7,126.6,126.6,2000,2026-09-18,,,,,,,,
1789700340,126.6,126.7,126.5,126.5,9100,2026-09-18,,,,,,,,
1789700400,126.5,126.5,126.5,126.5,1300,2026-09-18,,,,,,,,
1789700460,126.5,126.6,126.5,126.6,3100,2026-09-18,,,,,,,,
1789700520,126.6,126.7,126.6,126.7,1500,2026-09-18,,,,,,,,
1789700580,126.7,126.8,126.7,126.8,1300,2026-09-18,,,,,,,,
1789700640,126.8,126.8,126.8,126.8,2400,2026-09-18,,,,,,,,
1789700700,126.8,126.9,126.8,126.9,6500,2026-09-18,,,,,,,,
1789700760,126.9,127.0,126.9,127.0,4800,2026-09-18,,,,,,,,
1789700820,127.0,127.0,127.0,127.0,2000,2026-09-18,,,,,,,,
1789700880,127.0,127.0,126.6,126.8,29800,2026-09-18,,,,,,,,
1789700940,126.8,127.0,126.8,127.0,2500,2026-09-18,,,,,,,,
1789701000,127.0,127.0,126.9,126.9,5500,2026-09-18,,,,,,,,
1789701060,126.9,126.9,126.9,126.9,1400,2026-09-18,,,,,,,,
1789701120,126.9,126.9,126.9,126.9,1600,2026-09-18,,,,,,,,
1789701180,126.9,127.0,126.9,127.0,1900,2026-09-18,,,,,,,,
1789701240,127.0,127.0,127.0,127.0,1300,2026-09-18,,,,,,,,
1789701300,127.0,127.0,127.0,127.0,1600,2026-09-18,,,,,,,,
1789701360,127.0,127.3,127.0,127.3,28800,2026-09-18,,,,,,,,
1789701420,127.3,127.9,127.3,127.9,45700,2026-09-18,,,,,,,,
1789701480,127.9,128.0,127.9,128.0,25200,2026-09-18,,,,,,,,
1789701540,128.1,128.1,128.0,128.0,3800,2026-09-18,,,,,,,,
1789701600,128.0,128.1,128.0,128.1,2300,2026-09-18,,,,,,,,
1789701660,128.1,128.1,128.0,128.0,1900,2026-09-18,,,,,,,,
1789701720,128.0,128.0,128.0,128.0,2400,2026-09-18,,,,,,,,
1789701780,128.0,128.1,128.0,128.1,5700,2026-09-18,,,,,,,,
1789701840,128.1,128.3,128.1,128.3,13600,2026-09-18,,,,,,,,
1789701900,128.3,128.5,128.3,128.5,12700,2026-09-18,,,,,,,,
1789701960,128.5,128.5,128.4,128.4,1800,2026-09-18,,,,,,,,
1789702020,128.4,128.5,128.3,128.3,4500,2026-09-18,,,,,,,,
1789702080,128.3,128.3,127.9,128.0,10300,2026-09-18,,,,,,,,
1789702140,128.0,128.0,128.0,128.0,2800,2026-09-18,,,,,,,,
1789702200,128.1,128.1,128.0,128.1,2200,2026-09-18,,,,,,,,
1789702260,128.0,128.2,128.0,128.2,1600,2026-09-18,,,,,,,,
1789702320,128.2,128.3,128.2,128.3,6300,2026-09-18,,,,,,,,
1789702380,128.3,128.3,128.3,128.3,1600,2026-09-18,,,,,,,,
1789702440,128.3,128.3,128.3,128.3,1600,2026-09-18,,,,,,,,
1789702500,128.3,128.5,128.3,128.5,2600,2026-09-18,,,,,,,,
1789702560,128.5,128.5,128.5,128.5,2000,2026-09-18,,,,,,,,
1789702620,128.2,128.2,128.2,128.2,5700,2026-09-18,,,,,,,,
1789702680,128.2,128.2,128.1,128.2,1600,2026-09-18,,,,,,,,
1789702740,128.2,128.2,128.2,128.2,1600,2026-09-18,,,,,,,,
1789702800,128.2,128.2,128.1,128.2,1800,2026-09-18,,,,,,,,
1789702860,128.2,128.4,128.2,128.4,1600,2026-09-18,,,,,,,,
1789702920,128.4,128.4,128.4,128.4,1600,2026-09-18,,,,,,,,
1789702980,128.4,128.4,128.4,128.4,1800,2026-09-18,,,,,,,,
1789703040,128.5,128.5,128.4,128.5,1600,2026-09-18,,,,,,,,
1789703100,128.4,128.4,128.4,128.4,800,2026-09-18,,,,,,,,
1789703160,128.4,128.5,128.4,128.5,2200,2026-09-18,,,,,,,,
1789703220,128.5,128.5,128.5,128.5,800,2026-09-18,,,,,,,,
1789703280,128.2,128.2,128.0,128.0,11500,2026-09-18,,,,,,,,
1789703340,128.0,128.0,128.0,128.0,10800,2026-09-18,,,,,,,,
1789703400,128.0,128.0,128.0,128.0,20900,2026-09-18,,,,,,,,
1789703460,128.0,128.0,127.9,127.9,1400,2026-09-18,,,,,,,,
1789703580,128.0,128.0,128.0,128.0,4000,2026-09-18,,,,,,,,
1789703640,128.0,128.0,128.0,128.0,500,2026-09-18,,,,,,,,
1789703760,128.0,128.0,128.0,128.0,100,2026-09-18,,,,,,,,
1789703820,127.9,127.9,127.9,127.9,100,2026-09-18,,,,,,,,
1789703880,127.9,127.9,127.9,127.9,100,2026-09-18,,,,,,,,
1789703940,127.9,127.9,127.6,127.6,6500,2026-09-18,,,,,,,,
1789704000,127.5,127.5,127.5,127.5,5500,2026-09-18,,,,,,,,
1789704180,127.4,127.4,127.4,127.4,100,2026-09-18,,,,,,,,
1789704240,127.4,127.4,127.2,127.2,2800,2026-09-18,,,,,,,,
1789704300,127.2,127.2,127.2,127.2,100,2026-09-18,,,,,,,,
1789704600,127.5,127.5,127.5,127.5,100,2026-09-18,,,,,,,,
1789704780,127.5,127.5,127.5,127.5,1100,2026-09-18,,,,,,,,
1789704840,127.3,127.3,127.3,127.3,100,2026-09-18,,,,,,,,
1789705260,127.3,127.3,127.3,127.3,1100,2026-09-18,,,,,,,,
1789705440,127.2,127.2,127.0,127.0,5400,2026-09-18,,,,,,,,
1789705500,127.0,127.5,127.0,127.5,2000,2026-09-18,,,,,,,,
1789705680,127.5,127.5,127.5,127.5,3000,2026-09-18,,,,,,,,
1789705740,127.5,127.5,127.5,127.5,300,2026-09-18,,,,,,,,
1789711200,127.3,127.3,127.3,127.3,1000,2026-09-18,,,,,,,,
1789711260,127.3,127.3,127.2,127.2,1300,2026-09-18,,,,,,,,
1789711320,127.1,127.1,127.1,127.1,300,2026-09-18,,,,,,,,
1789711440,127.4,127.4,127.4,127.4,2000,2026-09-18,,,,,,,,
1789711500,127.4,127.4,127.3,127.3,10800,2026-09-18,,,,,,,,
1789711680,127.1,127.1,127.0,127.0,6400,2026-09-18,,,,,,,,
1789711740,127.3,127.3,127.3,127.3,6000,2026-09-18,,,,,,,,
1789711800,127.0,127.3,127.0,127.0,3300,2026-09-18,,,,,,,,
1789711860,127.0,127.0,127.0,127.0,300,2026-09-18,,,,,,,,
1789711980,127.3,127.5,127.3,127.5,11100,2026-09-18,,,,,,,,
1789712040,127.5,127.5,127.3,127.3,5200,2026-09-18,,,,,,,,
1789712100,127.3,127.3,127.3,127.3,100,2026-09-18,,,,,,,,
1789712220,127.3,127.3,127.0,127.0,17700,2026-09-18,,,,,,,,
1789712280,127.2,127.5,127.0,127.0,5100,2026-09-18,,,,,,,,
1789712340,127.0,127.0,127.0,127.0,500,2026-09-18,,,,,,,,
1789712400,127.0,127.0,127.0,127.0,7100,2026-09-18,,,,,,,,
1789712760,127.0,127.0,127.0,127.0,100,2026-09-18,,,,,,,,
1789712820,127.0,127.0,127.0,127.0,2300,2026-09-18,,,,,,,,
1789712880,127.2,127.3,127.2,127.3,17500,2026-09-18,,,,,,,,
1789712940,127.3,127.3,127.0,127.0,5800,2026-09-18,,,,,,,,
1789713000,127.0,127.0,127.0,127.0,200,2026-09-18,,,,,,,,
1789713060,127.0,127.0,127.0,127.0,200,2026-09-18,,,,,,,,
1789713120,127.3,127.3,127.0,127.0,15400,2026-09-18,,,,,,,,
1789713180,127.3,127.3,127.0,127.0,12200,2026-09-18,,,,,,,,
1789713240,127.0,127.0,127.0,127.0,300,2026-09-18,,,,,,,,
1789713300,127.0,127.2,126.9,126.9,8300,2026-09-18,,,,,,,,
1789713360,127.2,127.2,127.2,127.2,100,2026-09-18,,,,,,,,
1789713480,127.1,127.2,127.1,127.2,4100,2026-09-18,,,,,,,,
1789713600,127.3,127.4,127.2,127.3,6000,2026-09-18,,,,,,,,
1789713660,127.4,127.4,127.3,127.3,1600,2026-09-18,,,,,,,,
1789713720,127.4,127.4,127.3,127.4,1500,2026-09-18,,,,,,,,
1789713780,127.3,127.5,127.3,127.5,1400,2026-09-18,,,,,,,,
1789713840,127.3,127.5,127.3,127.5,5100,2026-09-18,,,,,,,,
1789713900,127.5,127.5,127.3,127.5,800,2026-09-18,,,,,,,,
1789713960,127.5,127.5,127.5,127.5,1400,2026-09-18,,,,,,,,
1789714020,127.5,127.5,127.4,127.5,1200,2026-09-18,,,,,,,,
1789714080,127.5,127.6,127.5,127.6,3500,2026-09-18,,,,,,,,
1789714140,127.6,127.6,127.6,127.6,1700,2026-09-18,,,,,,,,
1789714200,127.6,127.7,127.5,127.5,1500,2026-09-18,,,,,,,,
1789714260,127.7,127.7,127.5,127.5,1500,2026-09-18,,,,,,,,
1789714320,127.7,127.7,127.5,127.7,1300,2026-09-18,,,,,,,,
1789714380,127.8,127.8,127.8,127.8,2500,2026-09-18,,,,,,,,
1789714440,127.9,127.9,127.8,127.9,3500,2026-09-18,,,,,,,,
1789714500,127.9,127.9,127.9,127.9,3700,2026-09-18,,,,,,,,
1789714560,127.9,127.9,127.8,127.8,5300,2026-09-18,,,,,,,,
1789714620,127.8,127.9,127.8,127.9,1400,2026-09-18,,,,,,,,
1789714680,127.9,127.9,127.9,127.9,1600,2026-09-18,,,,,,,,
1789714740,127.9,127.9,127.8,127.8,800,2026-09-18,,,,,,,,
1789714800,127.8,127.9,127.6,127.6,6100,2026-09-18,,,,,,,,
1789714860,127.6,127.8,127.6,127.7,3100,2026-09-18,,,,,,,,
1789714920,127.8,127.9,127.8,127.9,2200,2026-09-18,,,,,,,,
1789714980,127.9,127.9,127.9,127.9,700,2026-09-18,,,,,,,,
1789715040,127.9,127.9,127.9,127.9,3400,2026-09-18,,,,,,,,
1789715100,127.9,127.9,127.6,127.6,1600,2026-09-18,,,,,,,,
1789715160,127.9,128.0,127.6,128.0,3900,2026-09-18,,,,,,,,
1789715220,128.0,128.0,128.0,128.0,1900,2026-09-18,,,,,,,,
1789715280,128.0,128.0,127.7,128.0,12200,2026-09-18,,,,,,,,
1789715340,127.7,128.0,127.7,127.7,6000,2026-09-18,,,,,,,,
1789715400,128.0,128.0,128.0,128.0,1200,2026-09-18,,,,,,,,
1789715460,128.0,128.0,128.0,128.0,1200,2026-09-18,,,,,,,,
1789715520,128.0,128.0,128.0,128.0,4200,2026-09-18,,,,,,,,
1789715580,128.0,128.0,128.0,128.0,1600,2026-09-18,,,,,,,,
1789715640,128.0,128.0,128.0,128.0,700,2026-09-18,,,,,,,,
1789715700,128.0,128.0,127.7,128.0,6600,2026-09-18,,,,,,,,
1789715760,127.9,127.9,127.9,127.9,1400,2026-09-18,,,,,,,,
1789715820,128.0,128.0,127.9,128.0,6600,2026-09-18,,,,,,,,
1789715880,128.0,128.0,128.0,128.0,2800,2026-09-18,,,,,,,,
1789715940,128.0,128.0,127.9,127.9,2500,2026-09-18,,,,,,,,
1789716000,127.9,127.9,127.9,127.9,1400,2026-09-18,,,,,,,,
1789716060,127.9,127.9,127.9,127.9,1300,2026-09-18,,,,,,,,
1789716120,127.6,127.6,127.5,127.5,3500,2026-09-18,,,,,,,,
1789716180,127.5,127.9,127.5,127.9,2500,2026-09-18,,,,,,,,
1789716240,127.9,127.9,127.8,127.8,1400,2026-09-18,,,,,,,,
1789716300,127.8,127.8,127.3,127.3,21900,2026-09-18,,,,,,,,
1789716360,127.3,127.7,127.3,127.7,1600,2026-09-18,,,,,,,,
1789716420,127.8,127.8,127.8,127.8,100,2026-09-18,,,,,,,,
1789716480,127.4,127.8,127.4,127.8,1100,2026-09-18,,,,,,,,
1789717500,129.0,129.0,129.0,129.0,1095700,2026-09-18,,,,,,,,
1789956900,129.0,129.1,128.6,129.1,88300,2026-09-21,,,,,,,,
1789956960,128.4,128.4,127.9,127.9,3900,2026-09-21,,,,,,,,
1789957020,127.9,127.9,127.5,127.5,300,2026-09-21,,,,,,,,
1789957080,127.5,127.5,127.2,127.2,300,2026-09-21,,,,,,,,
1789957140,127.2,127.5,127.2,127.5,1900,2026-09-21,,,,,,,,
1789957200,127.5,127.6,127.5,127.6,1400,2026-09-21,,,,,,,,
1789957260,127.5,127.5,127.2,127.2,3200,2026-09-21,,,,,,,,
1789957320,127.2,127.2,126.9,126.9,4700,2026-09-21,,,,,,,,
1789957380,126.9,127.0,126.9,127.0,2100,2026-09-21,,,,,,,,
1789957440,127.0,127.0,126.9,127.0,9400,2026-09-21,,,,,,,,
1789957500,126.9,126.9,126.8,126.8,1100,2026-09-21,,,,,,,,
1789957560,126.8,126.8,126.7,126.7,6200,2026-09-21,,,,,,,,
1789957620,126.7,126.9,126.3,126.9,15500,2026-09-21,,,,,,,,
1789957680,126.4,126.4,126.4,126.4,200,2026-09-21,,,,,,,,
1789957740,126.3,127.0,126.3,127.0,5700,2026-09-21,,,,,,,,
1789957800,127.0,127.1,126.5,126.5,9300,2026-09-21,,,,,,,,
1789957860,126.5,126.5,126.4,126.4,5300,2026-09-21,,,,,,,,
1789957920,126.4,126.5,126.4,126.5,14300,2026-09-21,,,,,,,,
1789957980,126.7,126.7,126.6,126.6,900,2026-09-21,,,,,,,,
1789958040,126.6,126.6,126.4,126.4,1600,2026-09-21,,,,,,,,
1789958100,126.4,126.4,126.4,126.4,100,2026-09-21,,,,,,,,
1789958160,126.5,126.5,126.3,126.5,16000,2026-09-21,,,,,,,,
1789958220,126.4,126.5,126.3,126.5,12400,2026-09-21,,,,,,,,
1789958280,126.3,126.3,126.3,126.3,900,2026-09-21,,,,,,,,
1789958340,126.3,126.3,126.3,126.3,100,2026-09-21,,,,,,,,
1789958400,126.3,126.5,126.3,126.3,800,2026-09-21,,,,,,,,
1789958460,126.4,126.4,126.4,126.4,100,2026-09-21,,,,,,,,
1789958520,126.4,126.4,126.4,126.4,200,2026-09-21,,,,,,,,
1789958580,126.4,126.5,126.4,126.5,500,2026-09-21,,,,,,,,
1789958640,126.4,126.7,126.4,126.7,3700,2026-09-21,,,,,,,,
1789958700,126.8,127.2,126.8,127.2,14200,2026-09-21,,,,,,,,
1789958760,127.2,127.2,126.5,126.5,11700,2026-09-21,,,,,,,,
1789958820,126.5,126.5,126.3,126.3,7000,2026-09-21,,,,,,,,
1789958880,126.3,126.3,126.3,126.3,1700,2026-09-21,,,,,,,,
1789958940,126.2,126.3,126.2,126.2,3000,2026-09-21,,,,,,,,
1789959000,126.2,126.2,126.0,126.0,6900,2026-09-21,,,,,,,,
1789959060,126.4,126.4,125.9,125.9,25800,2026-09-21,,,,,,,,
1789959120,126.0,126.0,125.9,126.0,1300,2026-09-21,,,,,,,,
1789959180,125.9,126.0,125.9,125.9,1300,2026-09-21,,,,,,,,
1789959240,126.0,126.1,126.0,126.1,10300,2026-09-21,,,,,,,,
1789959300,126.1,126.7,126.0,126.6,10300,2026-09-21,,,,,,,,
1789959360,126.7,127.2,126.6,126.6,19500,2026-09-21,,,,,,,,
1789959420,127.0,127.5,127.0,127.5,13100,2026-09-21,,,,,,,,
1789959480,127.1,127.1,127.1,127.1,300,2026-09-21,,,,,,,,
1789959540,127.2,127.2,127.2,127.2,100,2026-09-21,,,,,,,,
1789959600,127.2,127.5,127.2,127.5,6100,2026-09-21,,,,,,,,
1789959660,127.5,127.6,126.9,127.6,28600,2026-09-21,,,,,,,,
1789959720,127.5,127.7,127.5,127.5,4200,2026-09-21,,,,,,,,
1789959780,127.4,127.4,127.4,127.4,200,2026-09-21,,,,,,,,
1789959840,127.5,127.5,127.5,127.5,100,2026-09-21,,,,,,,,
1789959900,127.5,127.8,127.5,127.7,11100,2026-09-21,,,,,,,,
1789959960,127.5,127.7,127.4,127.7,1000,2026-09-21,,,,,,,,
1789960020,127.4,127.4,127.4,127.4,100,2026-09-21,,,,,,,,
1789960080,127.4,127.4,127.4,127.4,100,2026-09-21,,,,,,,,
1789960140,127.4,127.4,127.4,127.4,300,2026-09-21,,,,,,,,
1789960200,127.3,127.3,127.3,127.3,100,2026-09-21,,,,,,,,
1789960260,127.3,127.3,127.3,127.3,200,2026-09-21,,,,,,,,
1789960320,127.3,127.3,127.3,127.3,300,2026-09-21,,,,,,,,
1789960380,127.3,127.6,127.2,127.6,10600,2026-09-21,,,,,,,,
1789960440,127.1,127.1,127.0,127.0,5600,2026-09-21,,,,,,,,
1789960500,126.9,127.0,126.8,127.0,9600,2026-09-21,,,,,,,,
1789960560,126.8,126.8,126.8,126.8,100,2026-09-21,,,,,,,,
1789960620,126.8,126.8,126.8,126.8,200,2026-09-21,,,,,,,,
1789960680,126.8,126.8,126.8,126.8,100,2026-09-21,,,,,,,,
1789960740,126.8,126.8,126.8,126.8,200,2026-09-21,,,,,,,,
1789960800,126.8,126.8,126.8,126.8,500,2026-09-21,,,,,,,,
1789960860,126.8,126.8,126.8,126.8,1300,2026-09-21,,,,,,,,
1789960920,126.7,126.7,126.7,126.7,200,2026-09-21,,,,,,,,
1789960980,126.7,126.7,126.6,126.6,3800,2026-09-21,,,,,,,,
1789961040,126.6,126.6,126.6,126.6,100,2026-09-21,,,,,,,,
1789961100,126.6,126.6,126.5,126.5,1400,2026-09-21,,,,,,,,
1789961160,126.5,126.5,126.5,126.5,100,2026-09-21,,,,,,,,
1789961220,126.5,126.6,126.5,126.5,300,2026-09-21,,,,,,,,
1789961280,126.5,126.5,126.5,126.5,100,2026-09-21,,,,,,,,
1789961340,126.6,126.6,126.5,126.6,500,2026-09-21,,,,,,,,
1789961400,126.5,126.6,126.5,126.6,1900,2026-09-21,,,,,,,,
1789961460,126.6,126.6,126.5,126.5,200,2026-09-21,,,,,,,,
1789961520,126.5,126.5,126.5,126.5,1500,2026-09-21,,,,,,,,
1789961580,126.5,127.0,126.4,126.4,11500,2026-09-21,,,,,,,,
1789961640,126.4,126.5,126.3,126.5,15200,2026-09-21,,,,,,,,
1789961700,126.5,126.5,126.3,126.3,8600,2026-09-21,,,,,,,,
1789961760,126.3,126.3,126.3,126.3,11100,2026-09-21,,,,,,,,
1789961820,126.3,126.3,126.3,126.3,20600,2026-09-21,,,,,,,,
1789961880,126.2,126.5,126.2,126.2,6600,2026-09-21,,,,,,,,
1789961940,126.2,126.2,126.2,126.2,1400,2026-09-21,,,,,,,,
1789962000,126.2,126.2,126.2,126.2,1400,2026-09-21,,,,,,,,
1789962060,126.2,126.5,126.1,126.4,20300,2026-09-21,,,,,,,,
1789962120,126.2,126.2,126.2,126.2,100,2026-09-21,,,,,,,,
1789962180,126.2,126.7,126.2,126.2,10200,2026-09-21,,,,,,,,
1789962240,126.7,127.0,126.2,126.2,29400,2026-09-21,,,,,,,,
1789962300,126.2,126.2,126.2,126.2,100,2026-09-21,,,,,,,,
1789962360,126.2,126.2,126.1,126.1,1500,2026-09-21,,,,,,,,
1789962420,126.1,126.7,126.1,126.3,5300,2026-09-21,,,,,,,,
1789962480,126.7,127.0,126.3,126.9,6300,2026-09-21,,,,,,,,
1789962540,126.6,126.9,126.6,126.9,5300,2026-09-21,,,,,,,,
1789962600,126.6,126.6,126.6,126.6,100,2026-09-21,,,,,,,,
1789962660,126.6,126.6,126.5,126.5,1200,2026-09-21,,,,,,,,
1789962720,126.6,126.9,126.5,126.5,1100,2026-09-21,,,,,,,,
1789962780,126.5,126.5,126.5,126.5,1200,2026-09-21,,,,,,,,
1789962840,126.4,126.4,126.4,126.4,1500,2026-09-21,,,,,,,,
1789962900,126.4,126.4,126.4,126.4,200,2026-09-21,,,,,,,,
1789962960,126.4,126.9,126.4,126.9,7400,2026-09-21,,,,,,,,
1789963020,126.4,126.5,126.3,126.3,400,2026-09-21,,,,,,,,
1789963080,126.4,126.4,126.3,126.3,1700,2026-09-21,,,,,,,,
1789963140,126.3,126.3,126.3,126.3,200,2026-09-21,,,,,,,,
1789963200,126.3,126.3,126.3,126.3,1400,2026-09-21,,,,,,,,
1789963260,126.3,126.3,126.2,126.2,2200,2026-09-21,,,,,,,,
1789963320,126.2,126.2,126.1,126.1,1000,2026-09-21,,,,,,,,
1789963380,126.1,126.8,126.1,126.1,10300,2026-09-21,,,,,,,,
1789963440,126.1,126.5,126.0,126.5,7300,2026-09-21,,,,,,,,
1789963500,126.1,126.8,126.1,126.1,5200,2026-09-21,,,,,,,,
1789963560,126.1,126.1,126.0,126.0,1400,2026-09-21,,,,,,,,
1789963620,126.0,126.7,126.0,126.3,2200,2026-09-21,,,,,,,,
1789963680,126.3,126.8,126.0,126.0,5200,2026-09-21,,,,,,,,
1789963740,126.2,126.8,126.1,126.8,2400,2026-09-21,,,,,,,,
1789963800,126.3,126.3,126.1,126.1,1000,2026-09-21,,,,,,,,
1789963860,126.1,126.1,126.1,126.1,1200,2026-09-21,,,,,,,,
1789963920,126.0,126.8,126.0,126.8,3100,2026-09-21,,,,,,,,
1789963980,126.8,126.8,126.8,126.8,2200,2026-09-21,,,,,,,,
1789964040,126.4,126.4,126.4,126.4,100,2026-09-21,,,,,,,,
1789964100,126.4,126.4,126.4,126.4,1500,2026-09-21,,,,,,,,
1789964160,126.4,126.4,126.4,126.4,400,2026-09-21,,,,,,,,
1789964220,126.3,126.3,126.3,126.3,1400,2026-09-21,,,,,,,,
1789964280,126.3,126.3,126.2,126.2,300,2026-09-21,,,,,,,,
1789964340,126.2,126.2,126.2,126.2,1400,2026-09-21,,,,,,,,
1789964400,126.4,126.7,126.2,126.2,1600,2026-09-21,,,,,,,,
1789964460,126.1,126.1,126.1,126.1,1500,2026-09-21,,,,,,,,
1789964520,126.1,126.1,126.1,126.1,100,2026-09-21,,,,,,,,
1789964580,126.1,126.9,126.0,126.5,11400,2026-09-21,,,,,,,,
1789964640,126.5,126.5,126.0,126.0,400,2026-09-21,,,,,,,,
1789964700,126.5,126.5,126.0,126.0,1500,2026-09-21,,,,,,,,
1789964760,126.0,126.0,126.0,126.0,1500,2026-09-21,,,,,,,,
1789964820,126.1,126.1,126.1,126.1,100,2026-09-21,,,,,,,,
1789964880,126.1,126.1,126.0,126.0,700,2026-09-21,,,,,,,,
1789964940,126.0,126.0,126.0,126.0,1400,2026-09-21,,,,,,,,
1789970400,126.1,126.1,126.0,126.1,3100,2026-09-21,,,,,,,,
1789970460,126.1,126.1,126.1,126.1,700,2026-09-21,,,,,,,,
1789970520,126.1,126.1,126.0,126.1,1800,2026-09-21,,,,,,,,
1789970580,126.0,126.0,126.0,126.0,1800,2026-09-21,,,,,,,,
1789970640,126.0,126.0,125.9,126.0,25000,2026-09-21,,,,,,,,
1789970700,125.9,125.9,125.9,125.9,1600,2026-09-21,,,,,,,,
1789970820,125.9,126.0,125.9,126.0,12300,2026-09-21,,,,,,,,
1789970880,125.9,126.0,125.9,126.0,3700,2026-09-21,,,,,,,,
1789970940,125.9,125.9,125.9,125.9,1600,2026-09-21,,,,,,,,
1789971000,126.0,126.2,125.9,126.1,7800,2026-09-21,,,,,,,,
1789971060,126.1,126.3,125.9,126.3,16400,2026-09-21,,,,,,,,
1789971120,126.3,126.3,125.9,125.9,7000,2026-09-21,,,,,,,,
1789971180,125.9,126.0,125.9,126.0,4400,2026-09-21,,,,,,,,
1789971240,126.1,126.1,125.9,125.9,11300,2026-09-21,,,,,,,,
1789971300,125.9,125.9,125.8,125.8,3100,2026-09-21,,,,,,,,
1789971360,125.8,125.8,125.7,125.7,1700,2026-09-21,,,,,,,,
1789971420,125.7,126.1,125.6,126.1,4900,2026-09-21,,,,,,,,
1789971480,125.6,125.6,125.6,125.6,1600,2026-09-21,,,,,,,,
1789971540,125.6,125.6,125.6,125.6,1500,2026-09-21,,,,,,,,
1789971600,125.6,126.1,125.6,125.6,12600,2026-09-21,,,,,,,,
1789971660,125.6,126.2,125.5,125.5,5400,2026-09-21,,,,,,,,
1789971720,125.5,125.5,125.5,125.5,2900,2026-09-21,,,,,,,,
1789971780,125.5,125.5,125.4,125.4,3800,2026-09-21,,,,,,,,
1789971840,125.4,125.9,125.4,125.9,800,2026-09-21,,,,,,,,
1789971900,125.5,126.0,125.5,126.0,4700,2026-09-21,,,,,,,,
1789971960,126.0,126.0,126.0,126.0,200,2026-09-21,,,,,,,,
1789972080,125.7,125.7,125.6,125.6,1700,2026-09-21,,,,,,,,
1789972140,125.9,126.3,125.6,125.6,25600,2026-09-21,,,,,,,,
1789972200,125.7,126.4,125.6,126.0,4100,2026-09-21,,,,,,,,
1789972260,126.0,126.0,125.9,125.9,7900,2026-09-21,,,,,,,,
1789972320,125.9,125.9,125.9,125.9,1300,2026-09-21,,,,,,,,
1789972380,125.8,125.8,125.5,125.5,5600,2026-09-21,,,,,,,,
1789972440,125.5,125.5,125.5,125.5,500,2026-09-21,,,,,,,,
1789972500,125.5,125.5,125.4,125.4,400,2026-09-21,,,,,,,,
1789972560,125.5,125.5,125.5,125.5,500,2026-09-21,,,,,,,,
1789972620,125.5,126.0,125.5,125.8,14500,2026-09-21,,,,,,,,
1789972740,125.8,125.8,125.5,125.5,21200,2026-09-21,,,,,,,,
1789972800,125.5,125.5,125.3,125.3,21200,2026-09-21,,,,,,,,
1789972860,125.3,125.3,125.3,125.3,1200,2026-09-21,,,,,,,,
1789972920,126.0,126.0,125.3,125.3,3000,2026-09-21,,,,,,,,
1789972980,125.3,125.4,125.3,125.3,5500,2026-09-21,,,,,,,,
1789973040,125.4,125.4,125.4,125.4,1200,2026-09-21,,,,,,,,
1789973100,125.4,125.5,125.3,125.3,22000,2026-09-21,,,,,,,,
1789973160,125.4,125.4,125.2,125.2,26300,2026-09-21,,,,,,,,
1789973220,125.5,125.5,125.5,125.5,100,2026-09-21,,,,,,,,
1789973280,125.5,125.5,125.5,125.5,100,2026-09-21,,,,,,,,
1789973340,125.5,125.5,125.5,125.5,2200,2026-09-21,,,,,,,,
1789973400,125.5,125.5,125.4,125.4,500,2026-09-21,,,,,,,,
1789973460,125.4,125.4,125.3,125.3,1700,2026-09-21,,,,,,,,
1789973520,125.3,125.4,125.3,125.4,400,2026-09-21,,,,,,,,
1789973580,125.4,125.4,125.2,125.2,7700,2026-09-21,,,,,,,,
1789973640,125.2,125.2,125.2,125.2,6100,2026-09-21,,,,,,,,
1789973700,125.2,125.2,125.2,125.2,1500,2026-09-21,,,,,,,,
1789973760,125.2,125.2,125.2,125.2,1000,2026-09-21,,,,,,,,
1789973820,125.1,125.1,125.1,125.1,400,2026-09-21,,,,,,,,
1789973880,125.1,125.1,125.1,125.1,1500,2026-09-21,,,,,,,,
1789973940,125.1,126.4,125.1,125.7,22100,2026-09-21,,,,,,,,
1789974000,125.7,126.8,125.7,126.8,12400,2026-09-21,,,,,,,,
1789974060,126.8,127.2,126.2,126.2,25700,2026-09-21,,,,,,,,
1789974120,126.2,126.6,126.0,126.0,3500,2026-09-21,,,,,,,,
1789974180,126.0,126.0,125.9,125.9,2100,2026-09-21,,,,,,,,
1789974240,125.9,126.4,125.9,126.4,5900,2026-09-21,,,,,,,,
1789974300,126.7,126.7,126.5,126.7,9700,2026-09-21,,,,,,,,
1789974360,126.8,129.0,126.8,129.0,36800,2026-09-21,,,,,,,,
1789974420,127.8,129.1,127.8,129.0,17000,2026-09-21,,,,,,,,
1789974480,129.0,129.0,128.2,128.2,4200,2026-09-21,,,,,,,,
1789974540,128.8,129.0,128.0,128.0,9300,2026-09-21,,,,,,,,
1789974600,128.2,128.9,128.2,128.9,5000,2026-09-21,,,,,,,,
1789974660,128.0,129.0,127.9,127.9,8500,2026-09-21,,,,,,,,
1789974720,127.9,129.0,127.9,128.1,3500,2026-09-21,,,,,,,,
1789974780,128.1,128.1,128.1,128.1,2900,2026-09-21,,,,,,,,
1789974840,128.8,129.0,127.6,127.6,11100,2026-09-21,,,,,,,,
1789974900,127.6,128.9,127.3,128.9,15200,2026-09-21,,,,,,,,
1789974960,128.9,128.9,127.8,127.8,4500,2026-09-21,,,,,,,,
1789975020,127.8,128.9,127.6,128.9,12300,2026-09-21,,,,,,,,
1789975080,127.4,129.0,127.4,128.2,11100,2026-09-21,,,,,,,,
1789975140,128.2,129.0,128.0,128.0,14400,2026-09-21,,,,,,,,
1789975200,127.5,127.5,127.2,127.3,4700,2026-09-21,,,,,,,,
1789975260,127.3,127.4,127.3,127.4,1900,2026-09-21,,,,,,,,
1789975320,127.4,127.4,127.3,127.3,2500,2026-09-21,,,,,,,,
1789975380,127.3,127.3,127.2,127.2,2200,2026-09-21,,,,,,,,
1789975440,127.2,129.0,127.2,127.3,3900,2026-09-21,,,,,,,,
1789975500,127.3,129.2,127.3,127.4,23900,2026-09-21,,,,,,,,
1789975560,127.4,128.1,127.4,128.1,1600,2026-09-21,,,,,,,,
1789975620,128.1,129.5,128.1,129.0,10400,2026-09-21,,,,,,,,
1789975680,129.0,129.4,128.8,129.1,4200,2026-09-21,,,,,,,,
1789975740,129.0,133.0,128.2,133.0,105800,2026-09-21,,,,,,,,
1789976700,138.0,138.0,138.0,138.0,756700,2026-09-21,137.1,0.0,14990.0,0.0,200.0,0.0,250.0,0.0
