t,open,high,low,close,volume,date_vn
1789005600,1830.48,1830.48,1830.48,1830.48,0,2026-09-10
1789005960,1827.95,1827.95,1827.95,1827.95,0,2026-09-10
1789006020,1827.81,1827.81,1827.81,1827.81,0,2026-09-10
1789006080,1827.75,1827.75,1827.75,1827.75,0,2026-09-10
1789006200,1827.53,1827.53,1827.53,1827.53,0,2026-09-10
1789006500,1827.12,1827.12,1821.17,1824.54,5486247,2026-09-10
1789006560,1825.35,1825.35,1823.46,1823.61,895571,2026-09-10
1789006620,1823.52,1823.52,1819.97,1820.08,1109493,2026-09-10
1789006680,1819.73,1819.78,1818.85,1818.86,1439367,2026-09-10
1789006740,1818.55,1818.6,1818.24,1818.6,1117045,2026-09-10
1789006800,1818.47,1821.84,1818.47,1821.37,1421843,2026-09-10
1789006860,1821.52,1822.67,1820.89,1821.2,1374996,2026-09-10
1789006920,1821.99,1821.99,1820.1,1820.65,1167925,2026-09-10
1789006980,1820.47,1820.83,1820.46,1820.64,918917,2026-09-10
1789007040,1820.71,1821.97,1820.71,1821.83,1192416,2026-09-10
1789007100,1821.25,1822.71,1821.25,1822.62,1214050,2026-09-10
1789007160,1822.55,1823.04,1822.52,1822.76,820706,2026-09-10
1789007220,1822.86,1823.24,1822.72,1823.24,1483510,2026-09-10
1789007280,1823.28,1824.05,1823.18,1824.05,1250734,2026-09-10
1789007340,1824.35,1824.76,1824.28,1824.47,966321,2026-09-10
1789007400,1824.4,1824.88,1824.32,1824.76,1151163,2026-09-10
1789007460,1825.0,1825.76,1823.45,1825.76,1173717,2026-09-10
1789007520,1826.6,1826.6,1822.89,1826.08,948406,2026-09-10
1789007580,1826.05,1826.05,1823.12,1825.25,1057442,2026-09-10
1789007640,1824.88,1825.25,1823.55,1823.62,928852,2026-09-10
1789007700,1823.73,1825.24,1823.73,1825.24,1000864,2026-09-10
1789007760,1825.08,1825.08,1823.43,1824.34,1129648,2026-09-10
1789007820,1824.51,1825.52,1824.41,1824.84,894070,2026-09-10
1789007880,1825.01,1825.32,1824.31,1824.31,684913,2026-09-10
1789007940,1824.88,1825.33,1824.58,1824.81,1175189,2026-09-10
1789008000,1824.63,1825.94,1824.48,1825.94,1162400,2026-09-10
1789008060,1825.66,1825.66,1823.35,1825.4,986473,2026-09-10
1789008120,1825.23,1825.31,1824.49,1825.31,637131,2026-09-10
1789008180,1825.4,1825.46,1824.87,1825.07,1171653,2026-09-10
1789008240,1824.98,1825.66,1824.54,1825.17,944345,2026-09-10
1789008300,1825.03,1825.03,1824.16,1824.82,1466806,2026-09-10
1789008360,1824.86,1825.05,1824.47,1824.47,1807381,2026-09-10
1789008420,1824.36,1824.48,1823.17,1823.51,1848024,2026-09-10
1789008480,1823.42,1823.42,1821.37,1821.97,1643240,2026-09-10
1789008540,1822.01,1822.01,1820.77,1821.51,1910185,2026-09-10
1789008600,1821.41,1821.41,1820.44,1821.36,1917988,2026-09-10
1789008660,1821.18,1822.63,1821.18,1822.11,1718645,2026-09-10
1789008720,1822.21,1823.03,1822.03,1822.9,2085183,2026-09-10
1789008780,1823.15,1823.9,1822.88,1823.87,1498457,2026-09-10
1789008840,1823.93,1824.1,1823.42,1823.67,1526428,2026-09-10
1789008900,1823.64,1823.7,1822.96,1823.38,1183684,2026-09-10
1789008960,1823.35,1823.5,1822.71,1822.84,937466,2026-09-10
1789009020,1823.3,1823.38,1822.89,1823.31,1167602,2026-09-10
1789009080,1823.23,1823.59,1823.02,1823.59,1767395,2026-09-10
1789009140,1823.49,1823.53,1823.16,1823.51,1071798,2026-09-10
1789009200,1823.53,1823.94,1823.53,1823.94,918390,2026-09-10
1789009260,1823.87,1824.13,1823.56,1823.56,1807797,2026-09-10
1789009320,1823.45,1824.01,1823.45,1823.79,1972033,2026-09-10
1789009380,1823.95,1824.13,1823.58,1823.58,1227190,2026-09-10
1789009440,1823.52,1823.77,1823.34,1823.44,1437290,2026-09-10
1789009500,1823.62,1823.95,1823.14,1823.29,1412465,2026-09-10
1789009560,1823.54,1823.69,1821.69,1822.06,1853706,2026-09-10
1789009620,1823.01,1823.32,1822.84,1823.08,1203132,2026-09-10
1789009680,1822.9,1823.35,1821.83,1823.35,1029787,2026-09-10
1789009740,1823.42,1823.67,1822.02,1822.02,1064339,2026-09-10
1789009800,1822.45,1822.77,1822.22,1822.47,1086771,2026-09-10
1789009860,1822.54,1822.93,1822.17,1822.77,967488,2026-09-10
1789009920,1822.67,1822.69,1822.27,1822.54,1042850,2026-09-10
1789009980,1822.75,1822.89,1821.99,1822.65,665219,2026-09-10
1789010040,1822.68,1822.9,1822.35,1822.43,926093,2026-09-10
1789010100,1822.15,1822.85,1822.15,1822.78,1502184,2026-09-10
1789010160,1822.89,1823.16,1822.37,1823.01,1027815,2026-09-10
1789010220,1822.87,1823.07,1822.45,1822.72,1081070,2026-09-10
1789010280,1822.68,1822.9,1822.44,1822.47,927751,2026-09-10
1789010340,1822.41,1822.71,1822.36,1822.56,1269855,2026-09-10
1789010400,1822.42,1822.56,1821.91,1821.96,1147360,2026-09-10
1789010460,1822.12,1822.42,1822.09,1822.42,937539,2026-09-10
1789010520,1822.21,1822.44,1821.87,1822.08,822527,2026-09-10
1789010580,1821.87,1822.26,1821.68,1821.68,1111463,2026-09-10
1789010640,1821.54,1821.92,1821.5,1821.5,1325410,2026-09-10
1789010700,1821.67,1822.02,1821.47,1821.49,1306483,2026-09-10
1789010760,1821.72,1821.77,1821.14,1821.15,954271,2026-09-10
1789010820,1821.31,1821.57,1820.99,1820.99,1247516,2026-09-10
1789010880,1821.32,1821.54,1821.14,1821.54,786355,2026-09-10
1789010940,1821.5,1821.78,1821.27,1821.57,992732,2026-09-10
1789011000,1821.45,1821.71,1821.22,1821.3,784271,2026-09-10
1789011060,1821.25,1821.56,1820.94,1820.95,1142806,2026-09-10
1789011120,1820.97,1821.07,1820.64,1820.64,2130290,2026-09-10
1789011180,1820.65,1820.65,1820.27,1820.44,1935294,2026-09-10
1789011240,1820.41,1820.71,1820.4,1820.58,1244651,2026-09-10
1789011300,1820.57,1820.71,1820.01,1820.01,1276967,2026-09-10
1789011360,1820.12,1820.14,1819.44,1819.59,1009428,2026-09-10
1789011420,1819.57,1819.98,1819.32,1819.82,1089996,2026-09-10
1789011480,1819.56,1819.64,1819.41,1819.41,2298150,2026-09-10
1789011540,1819.41,1819.55,1818.65,1818.65,1552541,2026-09-10
1789011600,1818.84,1819.0,1818.35,1818.38,1513929,2026-09-10
1789011660,1818.3,1818.54,1818.09,1818.09,1506383,2026-09-10
1789011720,1817.97,1818.06,1817.26,1817.43,1289658,2026-09-10
1789011780,1817.16,1817.39,1816.62,1816.71,2616182,2026-09-10
1789011840,1816.83,1817.0,1816.34,1816.41,1852937,2026-09-10
1789011900,1816.04,1816.04,1814.8,1815.07,2917129,2026-09-10
1789011960,1815.04,1815.04,1813.59,1813.59,1817122,2026-09-10
1789012020,1813.41,1814.5,1813.23,1814.44,1970799,2026-09-10
1789012080,1814.43,1814.48,1813.67,1813.85,1582905,2026-09-10
1789012140,1813.85,1813.85,1813.47,1813.62,1714914,2026-09-10
1789012200,1813.79,1813.87,1813.27,1813.51,1332508,2026-09-10
1789012260,1813.95,1814.01,1813.25,1813.73,1186580,2026-09-10
1789012320,1813.53,1814.06,1812.98,1813.87,1216091,2026-09-10
1789012380,1813.98,1813.98,1813.38,1813.94,2117377,2026-09-10
1789012440,1813.71,1814.14,1813.71,1814.14,1049877,2026-09-10
1789012500,1814.22,1814.53,1814.02,1814.26,1537050,2026-09-10
1789012560,1814.25,1814.45,1814.15,1814.45,1400960,2026-09-10
1789012620,1814.23,1814.66,1814.03,1814.47,1360447,2026-09-10
1789012680,1814.51,1814.99,1814.1,1814.36,1084735,2026-09-10
1789012740,1814.37,1814.71,1814.29,1814.62,768862,2026-09-10
1789012800,1814.95,1815.09,1814.4,1815.09,1372398,2026-09-10
1789012860,1815.0,1815.02,1814.47,1814.84,1294457,2026-09-10
1789012920,1814.8,1815.07,1814.56,1814.86,1628730,2026-09-10
1789012980,1814.8,1814.95,1814.28,1814.33,757225,2026-09-10
1789013040,1814.36,1814.75,1813.95,1814.64,682335,2026-09-10
1789013100,1814.73,1814.73,1814.02,1814.39,886185,2026-09-10
1789013160,1814.31,1814.5,1814.07,1814.37,1136545,2026-09-10
1789013220,1814.52,1815.09,1814.41,1814.84,1019020,2026-09-10
1789013280,1814.78,1815.37,1814.41,1815.37,540188,2026-09-10
1789013340,1815.22,1815.49,1815.02,1815.49,1148468,2026-09-10
1789013400,1815.06,1815.44,1814.93,1815.02,790047,2026-09-10
1789013460,1815.33,1815.75,1815.23,1815.56,1294133,2026-09-10
1789013520,1815.48,1815.77,1815.1,1815.39,744538,2026-09-10
1789013580,1815.28,1815.61,1814.92,1814.94,1237252,2026-09-10
1789013640,1815.31,1817.09,1815.31,1816.72,1831920,2026-09-10
1789013700,1816.68,1817.07,1816.0,1816.52,1084599,2026-09-10
1789013760,1816.32,1816.77,1816.32,1816.66,1048005,2026-09-10
1789013820,1816.72,1818.31,1816.72,1818.12,928820,2026-09-10
1789013880,1818.22,1818.37,1817.11,1818.37,1884713,2026-09-10
1789013940,1818.02,1818.55,1817.87,1818.55,1385112,2026-09-10
1789014000,1818.53,1819.53,1818.53,1818.63,945269,2026-09-10
1789014060,1819.31,1819.31,1818.97,1819.13,725081,2026-09-10
1789014120,1819.31,1819.54,1819.14,1819.49,815266,2026-09-10
1789014180,1819.39,1819.55,1819.06,1819.31,632176,2026-09-10
1789014240,1819.1,1819.73,1819.05,1819.61,784787,2026-09-10
1789014300,1819.72,1820.73,1819.72,1820.66,763049,2026-09-10
1789014360,1820.78,1820.84,1820.43,1820.59,1128441,2026-09-10
1789014420,1820.8,1821.06,1820.33,1821.06,689280,2026-09-10
1789014480,1820.87,1821.34,1820.79,1821.11,912878,2026-09-10
1789014540,1821.46,1825.83,1821.43,1825.79,1939987,2026-09-10
1789014600,1826.31,1826.31,1826.31,1826.31,100542,2026-09-10
1789020000,1825.51,1827.09,1825.51,1826.56,5772764,2026-09-10
1789020060,1826.39,1827.42,1825.26,1825.75,2794781,2026-09-10
1789020120,1825.12,1827.34,1824.75,1827.34,1402011,2026-09-10
1789020180,1827.52,1827.8,1826.82,1827.45,2927474,2026-09-10
1789020240,1826.95,1828.11,1826.95,1827.02,3129002,2026-09-10
1789020300,1827.03,1827.31,1826.24,1826.41,1143199,2026-09-10
1789020360,1826.21,1826.51,1824.99,1824.99,1119300,2026-09-10
1789020420,1824.93,1825.39,1823.85,1825.03,1223546,2026-09-10
1789020480,1824.73,1824.73,1823.68,1824.0,1385282,2026-09-10
1789020540,1823.43,1823.95,1822.77,1823.8,1315657,2026-09-10
1789020600,1823.63,1824.27,1823.56,1823.84,1530559,2026-09-10
1789020660,1823.73,1824.34,1823.34,1823.97,1290313,2026-09-10
1789020720,1823.98,1824.38,1823.92,1824.28,2027186,2026-09-10
1789020780,1824.56,1824.56,1823.76,1823.76,2212486,2026-09-10
1789020840,1823.6,1823.92,1822.97,1822.97,1691574,2026-09-10
1789020900,1823.34,1823.5,1823.14,1823.14,1430551,2026-09-10
1789020960,1823.19,1823.23,1822.85,1823.06,1390227,2026-09-10
1789021020,1823.21,1823.7,1822.88,1823.67,3156481,2026-09-10
1789021080,1823.67,1823.8,1823.38,1823.41,3571656,2026-09-10
1789021140,1823.43,1823.64,1822.95,1823.37,3180310,2026-09-10
1789021200,1823.19,1823.66,1822.85,1823.31,1978303,2026-09-10
1789021260,1822.86,1823.63,1822.86,1823.49,1701566,2026-09-10
1789021320,1823.2,1823.54,1822.74,1823.17,2180191,2026-09-10
1789021380,1822.84,1823.14,1822.78,1823.0,1834918,2026-09-10
1789021440,1822.83,1823.31,1822.83,1823.17,1259909,2026-09-10
1789021500,1823.14,1823.59,1822.85,1823.55,1625733,2026-09-10
1789021560,1823.83,1824.47,1823.8,1824.47,2092024,2026-09-10
1789021620,1824.43,1824.79,1824.18,1824.47,2048340,2026-09-10
1789021680,1824.6,1825.0,1824.51,1824.74,1604581,2026-09-10
1789021740,1824.94,1825.44,1824.48,1825.08,1354164,2026-09-10
1789021800,1825.12,1825.81,1824.79,1825.23,1423687,2026-09-10
1789021860,1825.65,1826.31,1825.38,1825.87,2847281,2026-09-10
1789021920,1825.85,1826.16,1825.69,1825.87,2355282,2026-09-10
1789021980,1825.86,1826.77,1825.86,1826.77,1332022,2026-09-10
1789022040,1826.53,1827.21,1826.17,1827.05,1924656,2026-09-10
1789022100,1826.89,1828.47,1826.89,1828.47,3205994,2026-09-10
1789022160,1828.5,1828.74,1828.06,1828.06,2991028,2026-09-10
1789022220,1828.13,1828.23,1827.61,1828.04,2230420,2026-09-10
1789022280,1828.0,1828.32,1827.7,1828.32,2081077,2026-09-10
1789022340,1828.48,1828.6,1827.81,1828.38,2352440,2026-09-10
1789022400,1828.05,1828.92,1828.05,1828.8,2862124,2026-09-10
1789022460,1828.85,1828.85,1828.12,1828.12,1695890,2026-09-10
1789022520,1828.65,1829.06,1828.26,1828.44,1579459,2026-09-10
1789022580,1828.69,1828.82,1828.18,1828.43,1820370,2026-09-10
1789022640,1828.16,1828.54,1828.04,1828.24,1443697,2026-09-10
1789022700,1828.44,1828.44,1826.97,1826.97,1471096,2026-09-10
1789022760,1827.39,1828.09,1827.33,1827.94,1855526,2026-09-10
1789022820,1827.86,1829.44,1827.86,1829.44,1653674,2026-09-10
1789022880,1829.68,1829.84,1829.5,1829.78,1254696,2026-09-10
1789022940,1829.7,1829.7,1829.15,1829.7,1156641,2026-09-10
1789023000,1829.47,1829.59,1829.11,1829.29,1063098,2026-09-10
1789023060,1829.42,1830.04,1829.0,1829.26,2003457,2026-09-10
1789023120,1829.41,1829.58,1828.47,1828.75,1469822,2026-09-10
1789023180,1828.62,1828.73,1827.88,1828.3,1400214,2026-09-10
1789023240,1828.19,1828.67,1827.79,1828.5,1221690,2026-09-10
1789023300,1828.06,1828.68,1828.06,1828.4,1073519,2026-09-10
1789023360,1828.27,1828.8,1828.25,1828.55,1273056,2026-09-10
1789023420,1828.22,1828.82,1828.14,1828.14,1945822,2026-09-10
1789023480,1828.52,1829.17,1828.19,1829.09,1949326,2026-09-10
1789023540,1829.27,1829.6,1829.06,1829.58,1337351,2026-09-10
1789023600,1829.22,1831.64,1829.22,1831.64,3239844,2026-09-10
1789023660,1831.96,1834.09,1831.96,1833.28,3015444,2026-09-10
1789023720,1833.08,1833.4,1832.4,1832.6,1695925,2026-09-10
1789023780,1832.54,1833.0,1832.35,1832.52,1486836,2026-09-10
1789023840,1832.53,1832.99,1832.53,1832.78,1320641,2026-09-10
1789023900,1832.96,1832.96,1831.65,1831.85,1677841,2026-09-10
1789023960,1831.98,1832.05,1831.36,1831.83,1364745,2026-09-10
1789024020,1832.0,1832.57,1831.68,1832.32,1934423,2026-09-10
1789024080,1832.56,1832.81,1832.09,1832.2,1782808,2026-09-10
1789024140,1832.42,1832.6,1832.09,1832.6,1085542,2026-09-10
1789024200,1832.17,1832.7,1832.17,1832.37,2083543,2026-09-10
1789024260,1832.8,1832.82,1832.25,1832.73,1410243,2026-09-10
1789024320,1832.85,1833.2,1832.58,1832.62,1356333,2026-09-10
1789024380,1832.8,1833.07,1832.26,1833.0,1769427,2026-09-10
1789024440,1833.23,1833.63,1832.37,1833.13,1614999,2026-09-10
1789024500,1833.19,1833.71,1832.96,1833.48,1761054,2026-09-10
1789024560,1834.13,1834.13,1833.28,1833.83,2859880,2026-09-10
1789024620,1833.81,1833.86,1832.91,1833.19,2014165,2026-09-10
1789024680,1833.29,1833.61,1832.67,1832.89,2822600,2026-09-10
1789024740,1832.88,1832.97,1832.5,1832.76,2188743,2026-09-10
1789024800,1832.67,1833.13,1832.13,1832.84,2999130,2026-09-10
1789024860,1832.71,1832.9,1832.4,1832.4,2913270,2026-09-10
1789024920,1832.39,1832.45,1831.19,1831.19,2255252,2026-09-10
1789024980,1831.41,1831.44,1830.73,1831.44,2413871,2026-09-10
1789025040,1831.04,1832.19,1831.04,1832.07,2183298,2026-09-10
1789025100,1832.24,1832.51,1831.9,1832.1,2492483,2026-09-10
1789025160,1832.44,1832.68,1832.18,1832.21,2282353,2026-09-10
1789025220,1832.41,1833.35,1832.41,1833.35,2491504,2026-09-10
1789025280,1833.49,1834.71,1833.26,1834.39,3375880,2026-09-10
1789025340,1834.92,1834.96,1834.41,1834.41,3220869,2026-09-10
1789025400,1830.4,1830.4,1830.4,1830.4,314800,2026-09-10
1789025460,1828.75,1828.75,1828.75,1828.75,0,2026-09-10
1789025640,1830.66,1830.66,1830.66,1830.66,0,2026-09-10
1789025700,1830.74,1830.74,1830.74,1830.74,0,2026-09-10
1789026060,1828.6,1828.6,1828.6,1828.6,0,2026-09-10
1789026300,1829.23,1829.23,1829.23,1829.23,28166551,2026-09-10
1789027500,1829.23,1829.23,1829.23,1829.23,0,2026-09-10
1789092120,1820.54,1820.54,1820.54,1820.54,0,2026-09-11
1789092480,1820.57,1820.57,1820.57,1820.57,0,2026-09-11
1789092540,1820.91,1820.91,1820.91,1820.91,0,2026-09-11
1789092660,1820.67,1820.67,1820.67,1820.67,0,2026-09-11
1789092720,1820.44,1820.44,1820.44,1820.44,0,2026-09-11
1789092900,1820.11,1822.34,1820.11,1821.63,7294076,2026-09-11
1789092960,1821.77,1822.15,1821.08,1821.15,3132536,2026-09-11
1789093020,1821.09,1821.6,1820.74,1821.13,1860428,2026-09-11
1789093080,1821.1,1822.17,1820.85,1821.78,1634404,2026-09-11
1789093140,1821.87,1821.87,1821.0,1821.22,1690033,2026-09-11
1789093200,1821.04,1821.45,1820.63,1820.79,1531338,2026-09-11
1789093260,1821.18,1821.18,1820.08,1820.08,2052160,2026-09-11
1789093320,1820.76,1821.14,1820.42,1821.14,1642139,2026-09-11
1789093380,1821.14,1821.31,1820.64,1820.8,1660045,2026-09-11
1789093440,1821.0,1821.26,1820.42,1820.69,1498579,2026-09-11
1789093500,1820.69,1821.05,1820.36,1820.59,1710995,2026-09-11
1789093560,1820.5,1820.73,1820.43,1820.64,1519888,2026-09-11
1789093620,1820.67,1820.79,1819.96,1820.18,2259326,2026-09-11
1789093680,1819.9,1820.02,1819.6,1819.65,1890297,2026-09-11
1789093740,1819.5,1819.85,1819.5,1819.69,1252563,2026-09-11
1789093800,1819.77,1819.82,1819.38,1819.53,1647580,2026-09-11
1789093860,1819.41,1819.74,1819.26,1819.66,2286720,2026-09-11
1789093920,1819.78,1819.78,1819.16,1819.4,2040181,2026-09-11
1789093980,1819.67,1819.82,1819.24,1819.78,1071418,2026-09-11
1789094040,1819.78,1821.27,1819.75,1821.03,1794494,2026-09-11
1789094100,1820.86,1821.06,1820.57,1820.98,1527900,2026-09-11
1789094160,1820.98,1821.1,1820.7,1821.07,2398252,2026-09-11
1789094220,1820.86,1821.85,1820.86,1821.85,1701032,2026-09-11
1789094280,1821.77,1822.41,1821.74,1822.14,1714206,2026-09-11
1789094340,1822.1,1822.44,1821.8,1822.19,2078107,2026-09-11
1789094400,1822.28,1822.28,1821.41,1821.65,2502549,2026-09-11
1789094460,1821.67,1821.96,1821.41,1821.41,1922281,2026-09-11
1789094520,1821.52,1821.52,1820.78,1821.37,1403895,2026-09-11
1789094580,1821.23,1821.58,1820.66,1820.87,1134659,2026-09-11
1789094640,1821.04,1821.46,1820.98,1821.22,1909589,2026-09-11
1789094700,1820.86,1821.51,1820.86,1821.51,1883397,2026-09-11
1789094760,1821.36,1821.36,1820.41,1820.5,1349594,2026-09-11
1789094820,1820.6,1820.75,1819.96,1819.99,1357789,2026-09-11
1789094880,1819.91,1820.44,1819.44,1819.85,1675235,2026-09-11
1789094940,1819.86,1819.88,1819.11,1819.69,2268542,2026-09-11
1789095000,1819.51,1820.22,1818.72,1818.84,1428979,2026-09-11
1789095060,1818.83,1819.13,1818.44,1818.44,3457314,2026-09-11
1789095120,1818.55,1818.75,1818.45,1818.49,2628087,2026-09-11
1789095180,1818.45,1818.51,1816.49,1816.77,4197489,2026-09-11
1789095240,1816.6,1816.61,1815.93,1816.61,4649350,2026-09-11
1789095300,1816.42,1816.61,1816.05,1816.11,3345102,2026-09-11
1789095360,1816.12,1816.58,1816.12,1816.58,3621887,2026-09-11
1789095420,1816.53,1816.99,1816.09,1816.66,4447910,2026-09-11
1789095480,1816.71,1816.92,1816.64,1816.87,4246293,2026-09-11
1789095540,1816.97,1817.08,1815.71,1815.88,3231008,2026-09-11
1789095600,1815.95,1816.25,1815.6,1815.85,2936664,2026-09-11
1789095660,1815.84,1815.88,1815.19,1815.54,2675215,2026-09-11
1789095720,1815.61,1816.07,1815.29,1816.07,2625885,2026-09-11
1789095780,1815.96,1816.02,1815.18,1815.37,2691637,2026-09-11
1789095840,1815.42,1815.75,1815.13,1815.13,4016924,2026-09-11
1789095900,1814.77,1815.13,1814.45,1814.9,4443077,2026-09-11
1789095960,1814.71,1814.71,1813.55,1813.55,5879832,2026-09-11
1789096020,1813.58,1813.58,1812.35,1812.46,4772354,2026-09-11
1789096080,1812.31,1812.66,1811.98,1812.34,5003259,2026-09-11
1789096140,1812.71,1812.71,1812.23,1812.3,5042237,2026-09-11
1789096200,1812.28,1812.28,1811.42,1811.68,3653524,2026-09-11
1789096260,1811.6,1811.81,1810.75,1811.22,3069057,2026-09-11
1789096320,1811.0,1811.62,1810.75,1811.22,3542330,2026-09-11
1789096380,1811.14,1811.58,1810.92,1811.56,2987541,2026-09-11
1789096440,1811.58,1811.77,1811.05,1811.46,3404599,2026-09-11
1789096500,1811.95,1812.21,1811.54,1811.93,2679152,2026-09-11
1789096560,1811.97,1812.18,1811.7,1812.15,3866239,2026-09-11
1789096620,1812.18,1812.76,1812.17,1812.49,2567383,2026-09-11
1789096680,1812.64,1812.64,1812.12,1812.3,1950051,2026-09-11
1789096740,1812.17,1812.39,1811.72,1812.39,3596230,2026-09-11
1789096800,1812.23,1812.23,1811.52,1811.54,1719048,2026-09-11
1789096860,1811.5,1811.96,1810.97,1811.96,1631840,2026-09-11
1789096920,1811.57,1811.68,1811.13,1811.34,1574823,2026-09-11
1789096980,1811.22,1811.54,1810.99,1811.54,2624279,2026-09-11
1789097040,1811.63,1812.13,1811.24,1812.01,1127963,2026-09-11
1789097100,1811.78,1811.94,1811.48,1811.86,1329891,2026-09-11
1789097160,1812.01,1812.17,1811.84,1811.9,1736793,2026-09-11
1789097220,1811.7,1812.4,1811.34,1812.35,1449675,2026-09-11
1789097280,1812.52,1813.13,1812.01,1812.7,1937923,2026-09-11
1789097340,1812.62,1814.3,1812.62,1814.3,2231924,2026-09-11
1789097400,1814.32,1814.46,1813.75,1813.96,2048481,2026-09-11
1789097460,1814.12,1814.55,1813.54,1813.75,1073637,2026-09-11
1789097520,1813.73,1814.81,1813.73,1814.81,1489882,2026-09-11
1789097580,1815.27,1817.03,1815.27,1817.03,1836356,2026-09-11
1789097640,1817.07,1817.38,1816.75,1817.2,2276924,2026-09-11
1789097700,1817.3,1817.72,1817.23,1817.56,775544,2026-09-11
1789097760,1817.61,1817.61,1816.42,1817.26,1415013,2026-09-11
1789097820,1817.11,1817.11,1815.86,1816.15,1239842,2026-09-11
1789097880,1816.23,1816.85,1816.23,1816.8,1343540,2026-09-11
1789097940,1816.66,1816.66,1815.72,1815.77,964749,2026-09-11
1789098000,1815.71,1815.99,1815.71,1815.99,2269179,2026-09-11
1789098060,1815.56,1815.98,1815.49,1815.8,1184643,2026-09-11
1789098120,1815.24,1815.58,1814.82,1814.85,1063999,2026-09-11
1789098180,1814.82,1815.29,1814.34,1814.34,993210,2026-09-11
1789098240,1814.38,1815.09,1814.34,1815.08,966658,2026-09-11
1789098300,1814.6,1814.74,1813.62,1813.62,2667312,2026-09-11
1789098360,1813.57,1814.18,1813.44,1813.44,1386576,2026-09-11
1789098420,1813.76,1814.26,1813.76,1813.76,1107040,2026-09-11
1789098480,1813.5,1813.65,1812.97,1813.06,1083471,2026-09-11
1789098540,1812.82,1813.41,1812.82,1812.85,782811,2026-09-11
1789098600,1813.07,1813.14,1812.43,1812.56,1377389,2026-09-11
1789098660,1812.42,1813.25,1812.33,1812.77,2521913,2026-09-11
1789098720,1813.07,1813.56,1813.07,1813.23,1068778,2026-09-11
1789098780,1813.3,1814.51,1813.25,1814.09,1165274,2026-09-11
1789098840,1814.34,1814.51,1813.94,1813.95,1480648,2026-09-11
1789098900,1814.06,1814.52,1814.06,1814.38,813549,2026-09-11
1789098960,1814.37,1814.43,1813.62,1814.1,1116930,2026-09-11
1789099020,1814.01,1814.01,1813.32,1813.32,1251558,2026-09-11
1789099080,1813.56,1813.89,1813.45,1813.83,1066744,2026-09-11
1789099140,1813.92,1814.19,1813.7,1813.77,636829,2026-09-11
1789099200,1813.89,1814.24,1813.43,1813.8,1358066,2026-09-11
1789099260,1813.99,1814.31,1813.51,1813.77,1303172,2026-09-11
1789099320,1813.72,1814.53,1813.36,1813.36,963332,2026-09-11
1789099380,1813.44,1813.93,1813.44,1813.93,1023319,2026-09-11
1789099440,1813.98,1814.02,1813.46,1813.49,692318,2026-09-11
1789099500,1813.66,1814.3,1813.63,1813.73,1023742,2026-09-11
1789099560,1813.9,1814.15,1813.29,1813.63,890049,2026-09-11
1789099620,1813.62,1814.16,1813.54,1813.76,1183759,2026-09-11
1789099680,1813.73,1814.01,1813.27,1813.91,932861,2026-09-11
1789099740,1813.97,1814.42,1813.79,1814.02,1387722,2026-09-11
1789099800,1814.16,1814.34,1814.0,1814.34,982971,2026-09-11
1789099860,1814.5,1814.55,1813.7,1813.7,762968,2026-09-11
1789099920,1814.04,1814.17,1813.66,1813.66,1670136,2026-09-11
1789099980,1813.89,1814.24,1813.84,1814.24,1692447,2026-09-11
1789100040,1814.52,1814.94,1814.06,1814.13,912613,2026-09-11
1789100100,1814.15,1814.46,1813.86,1813.88,1250333,2026-09-11
1789100160,1813.71,1814.07,1813.48,1813.76,1130758,2026-09-11
1789100220,1813.98,1813.98,1812.96,1813.5,1086564,2026-09-11
1789100280,1813.79,1814.32,1813.47,1813.65,858066,2026-09-11
1789100340,1813.9,1813.9,1813.34,1813.85,1042295,2026-09-11
1789100400,1813.87,1813.87,1813.34,1813.69,1116981,2026-09-11
1789100460,1813.86,1814.0,1813.15,1813.26,1690769,2026-09-11
1789100520,1813.36,1813.78,1813.18,1813.28,1112290,2026-09-11
1789100580,1813.26,1813.55,1813.13,1813.5,1656779,2026-09-11
1789100640,1813.35,1813.35,1812.01,1812.01,4203649,2026-09-11
1789100700,1811.85,1812.13,1811.59,1811.77,3626882,2026-09-11
1789100760,1811.6,1811.87,1811.41,1811.72,1973593,2026-09-11
1789100820,1811.68,1813.29,1811.66,1813.29,1773036,2026-09-11
1789100880,1813.47,1813.49,1812.74,1812.93,1699563,2026-09-11
1789100940,1812.9,1813.25,1812.13,1813.2,2003186,2026-09-11
1789101000,1813.28,1813.28,1813.28,1813.28,177168,2026-09-11
1789106400,1813.3,1813.3,1811.65,1812.06,6807861,2026-09-11
1789106460,1812.12,1812.47,1811.54,1811.54,1718638,2026-09-11
1789106520,1811.7,1811.7,1811.17,1811.49,1617787,2026-09-11
1789106580,1811.85,1811.92,1811.25,1811.46,1260328,2026-09-11
1789106640,1811.41,1811.41,1810.75,1810.75,1469159,2026-09-11
1789106700,1810.87,1811.06,1810.5,1810.52,1695394,2026-09-11
1789106760,1810.55,1810.7,1810.18,1810.38,1768521,2026-09-11
1789106820,1810.56,1811.65,1810.35,1811.65,2344827,2026-09-11
1789106880,1811.75,1812.12,1811.49,1812.06,1866567,2026-09-11
1789106940,1812.05,1812.29,1811.43,1811.68,1736248,2026-09-11
1789107000,1811.57,1812.37,1811.37,1812.24,1606634,2026-09-11
1789107060,1812.28,1812.71,1811.98,1812.71,1879255,2026-09-11
1789107120,1812.89,1812.89,1812.42,1812.45,1546738,2026-09-11
1789107180,1812.34,1812.34,1811.75,1812.34,1449850,2026-09-11
1789107240,1812.08,1812.08,1810.95,1811.17,1936176,2026-09-11
1789107300,1811.11,1811.16,1810.79,1810.97,1737254,2026-09-11
1789107360,1811.55,1811.55,1810.7,1810.7,2386933,2026-09-11
1789107420,1810.51,1811.23,1810.45,1810.51,2829163,2026-09-11
1789107480,1811.65,1812.11,1811.29,1811.81,2150646,2026-09-11
1789107540,1811.57,1812.78,1811.57,1812.78,2286988,2026-09-11
1789107600,1812.72,1812.9,1812.08,1812.65,5599963,2026-09-11
1789107660,1812.62,1813.2,1812.24,1812.94,3606027,2026-09-11
1789107720,1813.06,1813.2,1812.32,1813.18,3884056,2026-09-11
1789107780,1813.36,1813.82,1812.47,1813.61,2232346,2026-09-11
1789107840,1813.45,1814.15,1813.23,1813.94,6461608,2026-09-11
1789107900,1814.18,1814.37,1813.88,1814.29,7234214,2026-09-11
1789107960,1813.93,1814.38,1813.92,1814.38,2376131,2026-09-11
1789108020,1814.68,1815.02,1814.32,1814.56,3330645,2026-09-11
1789108080,1814.33,1814.69,1813.85,1814.23,2052928,2026-09-11
1789108140,1814.93,1814.93,1813.92,1814.14,2774498,2026-09-11
1789108200,1814.44,1814.8,1813.99,1814.22,2721511,2026-09-11
1789108260,1814.29,1814.29,1813.35,1813.7,2097570,2026-09-11
1789108320,1813.65,1814.02,1813.54,1813.63,2190402,2026-09-11
1789108380,1813.79,1814.24,1813.33,1813.67,2251114,2026-09-11
1789108440,1813.22,1813.46,1812.81,1813.09,2991483,2026-09-11
1789108500,1813.38,1813.51,1812.21,1812.79,2184372,2026-09-11
1789108560,1813.18,1813.31,1812.41,1813.09,3287114,2026-09-11
1789108620,1812.38,1813.2,1812.38,1813.2,2216560,2026-09-11
1789108680,1812.53,1812.76,1812.08,1812.67,2195173,2026-09-11
1789108740,1811.96,1812.23,1811.73,1812.08,2703031,2026-09-11
1789108800,1812.25,1812.25,1811.44,1811.98,3340039,2026-09-11
1789108860,1811.95,1812.27,1811.02,1811.98,2160569,2026-09-11
1789108920,1811.53,1812.33,1811.47,1812.33,2168023,2026-09-11
1789108980,1812.37,1812.85,1812.37,1812.82,2176353,2026-09-11
1789109040,1812.65,1813.08,1812.55,1812.69,2569660,2026-09-11
1789109100,1812.88,1813.02,1812.15,1812.17,2123963,2026-09-11
1789109160,1812.44,1813.0,1812.23,1812.98,1883210,2026-09-11
1789109220,1812.71,1813.59,1812.68,1813.29,1855651,2026-09-11
1789109280,1813.2,1813.58,1813.16,1813.57,1463910,2026-09-11
1789109340,1813.7,1814.37,1813.31,1814.28,1769260,2026-09-11
1789109400,1814.35,1814.46,1813.87,1813.98,2105429,2026-09-11
1789109460,1814.03,1814.26,1813.57,1814.16,1478853,2026-09-11
1789109520,1814.35,1814.83,1814.34,1814.83,1599738,2026-09-11
1789109580,1815.07,1815.09,1814.89,1814.99,1558891,2026-09-11
1789109640,1815.12,1815.49,1814.96,1814.99,1683216,2026-09-11
1789109700,1815.13,1815.13,1814.25,1814.79,1486375,2026-09-11
1789109760,1814.83,1814.83,1813.78,1813.84,2500716,2026-09-11
1789109820,1814.35,1814.35,1813.58,1813.77,1650164,2026-09-11
1789109880,1813.75,1814.15,1813.35,1813.83,1776211,2026-09-11
1789109940,1814.0,1814.1,1813.46,1813.53,2356231,2026-09-11
1789110000,1813.79,1813.79,1812.84,1812.85,2701861,2026-09-11
1789110060,1812.34,1812.34,1811.6,1812.0,3006062,2026-09-11
1789110120,1812.3,1812.54,1811.86,1812.44,2848241,2026-09-11
1789110180,1812.04,1812.22,1811.1,1811.89,2427906,2026-09-11
1789110240,1811.53,1812.03,1811.24,1811.35,1686228,2026-09-11
1789110300,1811.35,1811.61,1811.0,1811.13,3554222,2026-09-11
1789110360,1811.3,1812.02,1810.66,1811.55,3166619,2026-09-11
1789110420,1811.94,1811.94,1811.44,1811.52,5215315,2026-09-11
1789110480,1811.59,1811.59,1810.49,1810.56,6372407,2026-09-11
1789110540,1810.66,1810.76,1809.26,1809.29,6381872,2026-09-11
1789110600,1809.13,1809.54,1808.32,1809.43,6340269,2026-09-11
1789110660,1809.37,1809.53,1808.66,1808.66,5269418,2026-09-11
1789110720,1808.45,1808.53,1807.8,1807.87,5148780,2026-09-11
1789110780,1807.85,1807.85,1806.85,1807.57,5884208,2026-09-11
1789110840,1807.32,1807.32,1804.91,1804.91,5662925,2026-09-11
1789110900,1804.71,1805.2,1804.21,1804.72,6745296,2026-09-11
1789110960,1804.89,1805.53,1804.29,1804.96,3935485,2026-09-11
1789111020,1805.3,1806.01,1804.91,1806.01,3412039,2026-09-11
1789111080,1806.09,1806.47,1805.67,1805.98,3654127,2026-09-11
1789111140,1806.04,1806.5,1805.65,1805.86,2750690,2026-09-11
1789111200,1805.86,1805.86,1805.16,1805.44,3095738,2026-09-11
1789111260,1804.94,1805.04,1804.06,1804.29,3650761,2026-09-11
1789111320,1803.98,1804.09,1803.63,1803.91,3847068,2026-09-11
1789111380,1803.8,1803.85,1803.12,1803.12,3790190,2026-09-11
1789111440,1803.21,1803.21,1802.16,1802.53,5823815,2026-09-11
1789111500,1802.31,1802.31,1801.36,1801.5,6153901,2026-09-11
1789111560,1801.22,1801.47,1800.0,1800.0,6713547,2026-09-11
1789111620,1800.09,1800.09,1798.84,1799.18,6274122,2026-09-11
1789111680,1799.22,1799.22,1798.21,1798.33,9415240,2026-09-11
1789111740,1798.25,1799.45,1797.89,1798.47,10759468,2026-09-11
1789111800,1796.65,1796.65,1795.97,1795.97,675979,2026-09-11
1789112340,1794.87,1794.87,1794.87,1794.87,0,2026-09-11
1789112460,1794.22,1794.22,1794.22,1794.22,0,2026-09-11
1789112700,1797.18,1797.18,1795.21,1795.21,59734274,2026-09-11
1789113900,1795.21,1795.21,1795.21,1795.21,0,2026-09-11
1789351200,1786.52,1786.52,1786.52,1786.52,0,2026-09-14
1789351260,1789.38,1789.38,1789.38,1789.38,0,2026-09-14
1789351920,1787.72,1787.72,1787.72,1787.72,0,2026-09-14
1789351980,1785.99,1785.99,1785.99,1785.99,0,2026-09-14
1789352100,1795.21,1795.21,1791.94,1793.65,7363657,2026-09-14
1789352160,1792.29,1793.44,1792.29,1793.28,1856235,2026-09-14
1789352220,1792.81,1792.81,1792.13,1792.64,2386898,2026-09-14
1789352280,1792.32,1793.88,1792.28,1793.33,2109262,2026-09-14
1789352340,1793.34,1793.34,1791.6,1793.34,1533306,2026-09-14
1789352400,1793.5,1794.81,1793.42,1794.81,1657820,2026-09-14
1789352460,1794.25,1794.75,1793.66,1794.56,1411514,2026-09-14
1789352520,1794.55,1794.66,1794.15,1794.61,1400723,2026-09-14
1789352580,1794.69,1794.69,1794.48,1794.55,1849700,2026-09-14
1789352640,1794.71,1794.71,1793.82,1794.34,1473312,2026-09-14
1789352700,1793.97,1794.38,1793.39,1793.98,1505173,2026-09-14
1789352760,1794.12,1794.12,1793.4,1793.7,2617112,2026-09-14
1789352820,1793.62,1794.93,1793.57,1794.53,1917027,2026-09-14
1789352880,1795.69,1796.0,1794.66,1795.45,2497643,2026-09-14
1789352940,1795.54,1797.04,1795.46,1796.21,1894839,2026-09-14
1789353000,1796.41,1798.11,1796.41,1797.82,1844121,2026-09-14
1789353060,1797.93,1799.1,1797.86,1798.27,2036006,2026-09-14
1789353120,1798.3,1798.62,1797.73,1798.39,1943422,2026-09-14
1789353180,1798.34,1798.5,1798.09,1798.27,1789345,2026-09-14
1789353240,1798.14,1798.14,1797.24,1797.25,1509181,2026-09-14
1789353300,1797.22,1797.46,1796.42,1796.58,1245145,2026-09-14
1789353360,1796.44,1796.69,1795.49,1795.5,2109196,2026-09-14
1789353420,1795.39,1795.71,1795.2,1795.45,2674514,2026-09-14
1789353480,1795.26,1795.3,1794.86,1795.17,2455195,2026-09-14
1789353540,1794.77,1795.1,1794.11,1794.2,1587269,2026-09-14
1789353600,1793.93,1794.16,1792.32,1792.42,1189814,2026-09-14
1789353660,1792.54,1792.91,1792.28,1792.28,1877253,2026-09-14
1789353720,1792.12,1792.6,1791.82,1791.85,1574053,2026-09-14
1789353780,1792.14,1792.58,1792.0,1792.23,2129935,2026-09-14
1789353840,1792.33,1792.45,1791.85,1791.89,1525968,2026-09-14
1789353900,1792.45,1792.45,1790.09,1790.29,1578983,2026-09-14
1789353960,1790.15,1790.65,1789.09,1790.65,2281997,2026-09-14
1789354020,1790.28,1790.28,1789.33,1789.35,1635307,2026-09-14
1789354080,1789.08,1789.32,1788.52,1788.52,1449021,2026-09-14
1789354140,1788.78,1788.78,1787.61,1787.78,2759746,2026-09-14
1789354200,1787.59,1788.29,1787.01,1788.29,1838114,2026-09-14
1789354260,1788.1,1789.42,1787.87,1788.34,2282873,2026-09-14
1789354320,1789.22,1789.72,1788.97,1789.72,2561016,2026-09-14
1789354380,1789.75,1789.75,1788.5,1788.5,2333561,2026-09-14
1789354440,1789.15,1789.89,1788.26,1788.26,2516048,2026-09-14
1789354500,1789.08,1789.08,1787.26,1788.78,2062892,2026-09-14
1789354560,1788.1,1788.45,1786.91,1787.88,2009061,2026-09-14
1789354620,1787.69,1787.93,1786.78,1786.91,2465091,2026-09-14
1789354680,1786.77,1787.67,1786.43,1787.04,1619983,2026-09-14
1789354740,1787.03,1787.42,1786.78,1787.01,1579869,2026-09-14
1789354800,1786.53,1787.19,1786.53,1787.19,1684145,2026-09-14
1789354860,1787.19,1787.71,1786.77,1786.77,1939643,2026-09-14
1789354920,1786.68,1787.44,1786.68,1787.43,1449073,2026-09-14
1789354980,1787.48,1787.56,1786.91,1787.56,2179099,2026-09-14
1789355040,1787.5,1787.99,1787.23,1787.23,1364048,2026-09-14
1789355100,1787.04,1787.04,1786.13,1786.61,2016489,2026-09-14
1789355160,1786.41,1786.44,1785.13,1785.13,2655887,2026-09-14
1789355220,1784.87,1784.87,1783.02,1783.02,1554028,2026-09-14
1789355280,1782.84,1783.04,1782.09,1782.43,2675994,2026-09-14
1789355340,1782.59,1783.04,1782.36,1782.68,4294052,2026-09-14
1789355400,1782.87,1784.69,1782.87,1784.05,2062646,2026-09-14
1789355460,1783.85,1783.85,1783.35,1783.54,1217382,2026-09-14
1789355520,1783.59,1783.74,1782.86,1782.86,1832611,2026-09-14
1789355580,1782.89,1783.0,1782.55,1782.95,3121011,2026-09-14
1789355640,1782.45,1782.95,1782.13,1782.5,1725795,2026-09-14
1789355700,1782.61,1782.63,1781.16,1781.16,1692737,2026-09-14
1789355760,1781.21,1781.73,1780.66,1781.52,2197117,2026-09-14
1789355820,1781.13,1781.64,1781.11,1781.51,1928823,2026-09-14
1789355880,1781.29,1781.78,1781.04,1781.61,1374096,2026-09-14
1789355940,1781.9,1782.26,1781.65,1781.74,1255421,2026-09-14
1789356000,1781.59,1781.66,1781.29,1781.55,1820865,2026-09-14
1789356060,1781.81,1782.53,1781.66,1781.84,1345535,2026-09-14
1789356120,1781.76,1782.89,1781.76,1782.46,1129344,2026-09-14
1789356180,1782.36,1783.19,1782.24,1783.17,1630269,2026-09-14
1789356240,1783.56,1787.63,1783.56,1787.53,1884846,2026-09-14
1789356300,1788.08,1790.19,1788.06,1790.19,2562368,2026-09-14
1789356360,1790.26,1792.06,1790.26,1792.06,2550844,2026-09-14
1789356420,1792.58,1794.66,1792.43,1794.66,1559336,2026-09-14
1789356480,1794.58,1794.93,1793.38,1793.38,2260996,2026-09-14
1789356540,1793.24,1793.24,1790.24,1790.34,2188978,2026-09-14
1789356600,1790.41,1792.96,1790.41,1791.17,998055,2026-09-14
1789356660,1791.02,1791.76,1790.93,1791.11,1067930,2026-09-14
1789356720,1790.91,1790.96,1788.14,1788.96,944176,2026-09-14
1789356780,1789.54,1791.08,1789.54,1791.08,612484,2026-09-14
1789356840,1790.64,1790.64,1789.97,1790.29,1360531,2026-09-14
1789356900,1789.87,1790.86,1789.87,1790.51,748211,2026-09-14
1789356960,1790.6,1790.72,1790.18,1790.72,1444587,2026-09-14
1789357020,1790.38,1790.65,1789.95,1790.07,1201834,2026-09-14
1789357080,1790.33,1790.52,1789.49,1789.71,862617,2026-09-14
1789357140,1789.73,1789.73,1788.82,1788.82,1070028,2026-09-14
1789357200,1788.99,1789.88,1788.8,1789.08,1297920,2026-09-14
1789357260,1789.31,1789.58,1788.93,1789.47,901201,2026-09-14
1789357320,1789.82,1790.21,1789.81,1789.81,1120311,2026-09-14
1789357380,1789.98,1791.48,1789.96,1791.48,847537,2026-09-14
1789357440,1791.45,1792.61,1791.28,1792.61,957442,2026-09-14
1789357500,1792.53,1795.39,1792.53,1795.39,2231082,2026-09-14
1789357560,1794.28,1796.31,1794.17,1796.24,1857653,2026-09-14
1789357620,1795.94,1796.73,1795.62,1795.62,2432258,2026-09-14
1789357680,1795.88,1796.91,1795.59,1796.3,1546146,2026-09-14
1789357740,1796.1,1796.82,1795.58,1796.73,718080,2026-09-14
1789357800,1796.96,1796.98,1796.26,1796.42,1823415,2026-09-14
1789357860,1796.43,1796.49,1795.45,1795.45,1393313,2026-09-14
1789357920,1795.67,1795.73,1795.25,1795.49,1224759,2026-09-14
1789357980,1795.34,1795.98,1795.3,1795.44,1076754,2026-09-14
1789358040,1795.45,1795.45,1794.66,1794.83,1221161,2026-09-14
1789358100,1794.93,1795.37,1794.2,1794.2,1849271,2026-09-14
1789358160,1793.93,1794.54,1793.51,1793.51,1615625,2026-09-14
1789358220,1793.5,1794.55,1793.29,1793.87,823226,2026-09-14
1789358280,1793.54,1794.19,1793.41,1794.19,1060441,2026-09-14
1789358340,1793.24,1793.45,1792.86,1793.08,1822417,2026-09-14
1789358400,1794.05,1794.05,1792.56,1792.6,1471571,2026-09-14
1789358460,1792.59,1792.59,1791.81,1792.4,711025,2026-09-14
1789358520,1791.81,1792.37,1791.62,1792.36,903957,2026-09-14
1789358580,1792.3,1792.7,1792.17,1792.34,951715,2026-09-14
1789358640,1792.43,1793.41,1792.28,1793.02,626678,2026-09-14
1789358700,1792.4,1792.64,1792.25,1792.47,582203,2026-09-14
1789358760,1792.62,1793.13,1792.28,1792.28,780721,2026-09-14
1789358820,1791.99,1792.22,1791.71,1792.01,1071015,2026-09-14
1789358880,1792.3,1792.53,1791.89,1792.53,1041628,2026-09-14
1789358940,1792.09,1792.09,1791.48,1791.73,773383,2026-09-14
1789359000,1791.73,1791.86,1791.42,1791.58,509896,2026-09-14
1789359060,1791.57,1792.85,1791.3,1792.85,771741,2026-09-14
1789359120,1792.21,1793.74,1792.17,1793.67,641360,2026-09-14
1789359180,1792.99,1794.48,1792.98,1794.44,740411,2026-09-14
1789359240,1793.52,1793.54,1792.58,1792.76,925378,2026-09-14
1789359300,1793.27,1795.07,1793.16,1794.67,720400,2026-09-14
1789359360,1794.75,1795.82,1794.75,1795.19,790727,2026-09-14
1789359420,1795.13,1795.21,1794.47,1794.47,752814,2026-09-14
1789359480,1794.63,1795.1,1794.46,1794.97,576960,2026-09-14
1789359540,1794.71,1795.07,1794.37,1795.07,844938,2026-09-14
1789359600,1795.05,1795.05,1794.22,1794.26,595921,2026-09-14
1789359660,1794.27,1794.55,1794.19,1794.21,557510,2026-09-14
1789359720,1794.26,1794.38,1793.73,1793.73,1199541,2026-09-14
1789359780,1793.89,1793.92,1792.91,1792.91,694113,2026-09-14
1789359840,1793.49,1793.49,1792.59,1792.82,690528,2026-09-14
1789359900,1792.45,1793.07,1792.41,1792.41,801303,2026-09-14
1789359960,1792.38,1792.78,1792.06,1792.19,782959,2026-09-14
1789360020,1792.18,1792.47,1791.86,1792.22,716486,2026-09-14
1789360080,1792.12,1792.22,1791.25,1791.66,789384,2026-09-14
1789360140,1791.5,1791.75,1790.93,1790.93,742886,2026-09-14
1789360200,1790.8,1790.8,1790.8,1790.8,245380,2026-09-14
1789365600,1790.37,1790.85,1790.37,1790.69,5069665,2026-09-14
1789365660,1790.82,1790.99,1790.07,1790.5,1151256,2026-09-14
1789365720,1790.36,1792.88,1790.15,1792.88,1225526,2026-09-14
1789365780,1793.14,1795.37,1793.14,1795.09,933990,2026-09-14
1789365840,1794.86,1796.23,1794.86,1796.17,1813266,2026-09-14
1789365900,1796.18,1796.2,1795.55,1796.05,1677317,2026-09-14
1789365960,1795.75,1796.24,1795.5,1795.92,1083347,2026-09-14
1789366020,1795.62,1795.98,1795.27,1795.59,1184981,2026-09-14
1789366080,1795.91,1795.91,1795.48,1795.68,1598304,2026-09-14
1789366140,1795.25,1795.55,1795.14,1795.35,1114315,2026-09-14
1789366200,1795.15,1795.43,1795.07,1795.18,1527609,2026-09-14
1789366260,1795.06,1795.06,1794.38,1794.51,1076871,2026-09-14
1789366320,1794.49,1794.49,1792.94,1793.19,1821998,2026-09-14
1789366380,1793.11,1793.11,1792.09,1792.4,3472900,2026-09-14
1789366440,1792.2,1792.6,1791.57,1792.55,1948874,2026-09-14
1789366500,1792.82,1793.29,1792.73,1792.78,2798306,2026-09-14
1789366560,1793.13,1793.21,1792.25,1792.61,1803171,2026-09-14
1789366620,1792.63,1794.86,1792.63,1794.86,1852926,2026-09-14
1789366680,1794.13,1794.34,1793.51,1793.72,2725447,2026-09-14
1789366740,1793.68,1793.68,1792.72,1792.72,2642385,2026-09-14
1789366800,1793.0,1793.01,1792.28,1792.36,2502135,2026-09-14
1789366860,1792.52,1792.92,1792.37,1792.65,968274,2026-09-14
1789366920,1792.73,1795.68,1792.73,1795.53,2964201,2026-09-14
1789366980,1795.66,1795.68,1795.29,1795.56,2269991,2026-09-14
1789367040,1795.83,1796.0,1795.37,1795.6,2332522,2026-09-14
1789367100,1795.59,1795.59,1794.75,1794.75,1812856,2026-09-14
1789367160,1795.07,1795.07,1793.97,1793.97,1585924,2026-09-14
1789367220,1793.86,1794.21,1793.25,1794.17,1832093,2026-09-14
1789367280,1794.18,1795.03,1794.18,1794.48,3548740,2026-09-14
1789367340,1794.55,1794.73,1793.68,1793.68,2535911,2026-09-14
1789367400,1793.83,1793.91,1793.27,1793.27,3771467,2026-09-14
1789367460,1792.77,1793.56,1792.08,1792.08,3583789,2026-09-14
1789367520,1792.53,1792.6,1791.57,1791.74,5697288,2026-09-14
1789367580,1791.64,1791.81,1791.13,1791.13,4435853,2026-09-14
1789367640,1791.78,1791.78,1790.46,1790.7,3427177,2026-09-14
1789367700,1790.9,1790.9,1790.23,1790.23,1855702,2026-09-14
1789367760,1790.58,1790.68,1789.85,1789.85,2570495,2026-09-14
1789367820,1790.38,1790.43,1789.48,1789.48,2952908,2026-09-14
1789367880,1789.43,1789.63,1788.65,1788.65,3887456,2026-09-14
1789367940,1788.69,1788.8,1787.5,1787.62,2717667,2026-09-14
1789368000,1787.74,1787.74,1786.87,1787.0,4967247,2026-09-14
1789368060,1787.14,1787.14,1785.85,1785.91,4550826,2026-09-14
1789368120,1785.85,1786.18,1785.34,1786.1,7468680,2026-09-14
1789368180,1786.39,1786.51,1785.47,1785.68,5138518,2026-09-14
1789368240,1785.51,1785.53,1784.22,1784.22,7070740,2026-09-14
1789368300,1783.82,1784.08,1783.0,1783.0,7692730,2026-09-14
1789368360,1783.12,1783.12,1780.94,1780.94,9163077,2026-09-14
1789368420,1780.82,1780.82,1779.22,1779.37,12054846,2026-09-14
1789368480,1778.7,1779.09,1777.84,1777.84,12602328,2026-09-14
1789368540,1778.39,1778.39,1776.85,1777.68,14294867,2026-09-14
1789368600,1778.53,1778.94,1777.25,1778.94,12871893,2026-09-14
1789368660,1778.86,1779.22,1777.78,1778.86,13158607,2026-09-14
1789368720,1778.64,1781.31,1778.64,1781.31,8465025,2026-09-14
1789368780,1781.24,1782.55,1780.94,1782.55,6115785,2026-09-14
1789368840,1782.25,1782.89,1782.11,1782.6,6778935,2026-09-14
1789368900,1782.0,1782.49,1781.66,1781.81,4434852,2026-09-14
1789368960,1782.12,1782.57,1781.9,1782.53,4666402,2026-09-14
1789369020,1782.63,1782.63,1782.06,1782.18,6742793,2026-09-14
1789369080,1782.09,1782.88,1781.95,1782.36,4955376,2026-09-14
1789369140,1782.44,1783.15,1782.4,1782.88,4410533,2026-09-14
1789369200,1783.16,1783.75,1782.8,1783.39,4034092,2026-09-14
1789369260,1783.3,1783.66,1783.18,1783.66,3887960,2026-09-14
1789369320,1783.54,1785.33,1783.54,1785.33,2944187,2026-09-14
1789369380,1785.22,1786.06,1785.22,1785.91,2245873,2026-09-14
1789369440,1785.78,1786.76,1785.54,1785.8,3971637,2026-09-14
1789369500,1786.3,1786.52,1785.83,1785.83,3128365,2026-09-14
1789369560,1785.95,1786.21,1784.04,1784.04,4110534,2026-09-14
1789369620,1784.23,1784.23,1782.84,1783.26,4368023,2026-09-14
1789369680,1783.1,1783.22,1782.42,1782.42,4713736,2026-09-14
1789369740,1782.23,1782.29,1780.89,1781.08,5141028,2026-09-14
1789369800,1781.02,1781.57,1780.53,1780.87,3534650,2026-09-14
1789369860,1781.37,1781.38,1780.22,1780.89,4229429,2026-09-14
1789369920,1780.63,1780.76,1779.98,1780.13,5927204,2026-09-14
1789369980,1780.25,1780.25,1779.63,1780.09,4266348,2026-09-14
1789370040,1780.17,1780.39,1779.77,1779.91,5309155,2026-09-14
1789370100,1780.08,1780.08,1779.17,1779.37,4640021,2026-09-14
1789370160,1779.13,1779.47,1778.67,1779.26,5086284,2026-09-14
1789370220,1779.9,1779.92,1779.32,1779.32,4587495,2026-09-14
1789370280,1779.52,1780.77,1779.52,1780.77,4648616,2026-09-14
1789370340,1780.82,1781.91,1780.63,1780.87,5957250,2026-09-14
1789370400,1781.17,1782.89,1781.17,1782.89,7378024,2026-09-14
1789370460,1782.5,1782.64,1781.59,1782.64,6143804,2026-09-14
1789370520,1782.55,1783.76,1782.54,1783.47,5553386,2026-09-14
1789370580,1783.01,1784.1,1783.01,1784.1,5262644,2026-09-14
1789370640,1784.29,1786.2,1784.29,1786.12,6656364,2026-09-14
1789370700,1786.68,1787.97,1786.62,1787.97,6200429,2026-09-14
1789370760,1787.47,1788.81,1787.28,1788.81,6426098,2026-09-14
1789370820,1788.5,1788.94,1787.94,1788.64,7620645,2026-09-14
1789370880,1788.44,1789.2,1788.25,1788.73,7968541,2026-09-14
1789370940,1788.49,1788.49,1786.74,1787.31,6148248,2026-09-14
1789371000,1783.37,1783.37,1783.37,1783.37,453273,2026-09-14
1789371060,1783.77,1783.77,1783.77,1783.77,0,2026-09-14
1789371120,1783.35,1783.71,1783.35,1783.71,0,2026-09-14
1789371180,1784.17,1784.17,1783.6,1783.6,0,2026-09-14
1789371300,1783.71,1783.71,1783.71,1783.71,0,2026-09-14
1789371480,1784.24,1784.24,1784.24,1784.24,0,2026-09-14
1789371660,1783.73,1783.8,1783.73,1783.8,0,2026-09-14
1789371720,1784.02,1784.02,1784.02,1784.02,0,2026-09-14
1789371900,1785.98,1788.23,1785.98,1788.23,44569689,2026-09-14
1789373100,1788.23,1788.23,1788.23,1788.23,0,2026-09-14
1789437600,1789.91,1789.91,1789.25,1789.25,0,2026-09-15
1789437660,1789.22,1789.54,1789.07,1789.42,0,2026-09-15
1789437720,1789.4,1789.42,1789.4,1789.42,0,2026-09-15
1789437960,1791.2,1791.2,1791.2,1791.2,0,2026-09-15
1789438080,1791.09,1791.09,1791.09,1791.09,0,2026-09-15
1789438500,1788.23,1796.81,1788.23,1796.8,8456171,2026-09-15
1789438560,1796.96,1797.87,1796.96,1797.87,3037850,2026-09-15
1789438620,1798.01,1799.26,1798.01,1799.09,3123335,2026-09-15
1789438680,1799.27,1799.44,1798.77,1799.35,2575000,2026-09-15
1789438740,1799.5,1799.66,1799.08,1799.32,2854167,2026-09-15
1789438800,1798.91,1799.63,1798.91,1799.46,2363897,2026-09-15
1789438860,1799.91,1800.69,1799.86,1800.69,2117876,2026-09-15
1789438920,1800.78,1801.19,1800.43,1801.19,2247830,2026-09-15
1789438980,1801.37,1802.35,1801.24,1802.35,1742602,2026-09-15
1789439040,1802.43,1802.86,1801.07,1801.24,2619568,2026-09-15
1789439100,1801.39,1801.56,1798.45,1798.45,2421387,2026-09-15
1789439160,1798.06,1798.38,1797.83,1797.83,2478243,2026-09-15
1789439220,1797.93,1799.4,1797.49,1799.05,2730663,2026-09-15
1789439280,1798.73,1798.84,1797.36,1798.44,1625443,2026-09-15
1789439340,1798.3,1798.3,1797.04,1797.48,2482913,2026-09-15
1789439400,1797.46,1798.56,1797.36,1798.56,2198718,2026-09-15
1789439460,1797.95,1798.37,1797.75,1798.29,2538333,2026-09-15
1789439520,1798.52,1799.3,1798.51,1799.3,2402296,2026-09-15
1789439580,1799.27,1799.89,1799.27,1799.8,2811576,2026-09-15
1789439640,1800.0,1800.2,1799.54,1799.86,2439816,2026-09-15
1789439700,1800.04,1800.45,1800.0,1800.23,2762357,2026-09-15
1789439760,1800.58,1800.77,1800.27,1800.62,2086934,2026-09-15
1789439820,1800.82,1800.91,1800.16,1800.91,1831222,2026-09-15
1789439880,1800.67,1801.05,1799.47,1799.89,2005178,2026-09-15
1789439940,1800.24,1800.37,1799.04,1799.04,2274408,2026-09-15
1789440000,1798.8,1799.14,1798.29,1798.29,2052966,2026-09-15
1789440060,1798.75,1799.12,1798.5,1799.12,1565705,2026-09-15
1789440120,1798.99,1800.11,1798.85,1799.77,1801926,2026-09-15
1789440180,1799.69,1799.76,1798.54,1799.47,2065441,2026-09-15
1789440240,1798.18,1799.0,1798.15,1798.54,2789082,2026-09-15
1789440300,1798.49,1798.92,1798.29,1798.92,2018803,2026-09-15
1789440360,1799.14,1799.16,1798.68,1798.85,1460755,2026-09-15
1789440420,1798.8,1798.8,1797.84,1797.98,1411662,2026-09-15
1789440480,1798.12,1798.16,1797.58,1798.11,1587955,2026-09-15
1789440540,1798.1,1798.77,1798.1,1798.77,1908933,2026-09-15
1789440600,1798.77,1798.85,1798.44,1798.71,2214937,2026-09-15
1789440660,1798.97,1799.13,1798.65,1798.86,2888167,2026-09-15
1789440720,1798.74,1798.93,1798.53,1798.71,2270487,2026-09-15
1789440780,1798.91,1799.14,1798.26,1798.32,1981611,2026-09-15
1789440840,1798.45,1798.71,1798.12,1798.41,2359675,2026-09-15
1789440900,1797.55,1798.75,1797.55,1798.71,3228574,2026-09-15
1789440960,1798.88,1799.34,1798.72,1798.74,2724156,2026-09-15
1789441020,1798.65,1798.96,1798.44,1798.56,1481480,2026-09-15
1789441080,1798.61,1798.83,1798.0,1798.46,887535,2026-09-15
1789441140,1798.62,1799.2,1798.54,1799.15,1108783,2026-09-15
1789441200,1799.09,1799.09,1798.32,1798.32,1754256,2026-09-15
1789441260,1798.47,1798.68,1798.09,1798.2,1330857,2026-09-15
1789441320,1798.27,1799.27,1798.27,1798.99,1401138,2026-09-15
1789441380,1799.06,1799.34,1798.75,1799.34,1175554,2026-09-15
1789441440,1799.38,1799.38,1798.89,1798.89,2276541,2026-09-15
1789441500,1798.62,1799.28,1798.62,1799.28,1755066,2026-09-15
1789441560,1799.2,1800.09,1799.17,1800.09,2493805,2026-09-15
1789441620,1800.17,1800.28,1800.03,1800.28,3061745,2026-09-15
1789441680,1800.31,1801.53,1800.31,1801.44,4041664,2026-09-15
1789441740,1801.18,1801.76,1801.14,1801.62,3887014,2026-09-15
1789441800,1801.91,1802.21,1801.58,1801.98,3387718,2026-09-15
1789441860,1802.01,1802.49,1801.96,1802.48,2339000,2026-09-15
1789441920,1802.88,1803.0,1802.4,1802.95,2529092,2026-09-15
1789441980,1802.98,1802.98,1802.12,1802.12,2056342,2026-09-15
1789442040,1802.6,1803.87,1802.6,1803.87,2570383,2026-09-15
1789442100,1803.81,1804.51,1803.75,1804.32,2214791,2026-09-15
1789442160,1804.35,1804.49,1803.85,1804.1,1670679,2026-09-15
1789442220,1804.11,1804.98,1804.11,1804.83,1276050,2026-09-15
1789442280,1804.91,1805.35,1804.87,1805.35,1840852,2026-09-15
1789442340,1805.43,1805.43,1804.55,1805.23,1217546,2026-09-15
1789442400,1805.15,1805.42,1804.76,1805.0,1081681,2026-09-15
1789442460,1805.18,1805.18,1804.69,1805.03,1131282,2026-09-15
1789442520,1804.83,1805.53,1804.76,1805.34,1216272,2026-09-15
1789442580,1805.43,1805.53,1805.05,1805.31,1001306,2026-09-15
1789442640,1805.48,1805.88,1805.34,1805.67,1071815,2026-09-15
1789442700,1805.7,1806.02,1805.5,1805.54,1050590,2026-09-15
1789442760,1805.64,1805.85,1805.4,1805.85,855068,2026-09-15
1789442820,1805.73,1805.81,1805.44,1805.52,997489,2026-09-15
1789442880,1805.58,1805.81,1805.19,1805.75,1794730,2026-09-15
1789442940,1805.87,1805.87,1804.76,1804.76,1362472,2026-09-15
1789443000,1804.95,1805.35,1804.82,1804.98,1442112,2026-09-15
1789443060,1805.11,1805.11,1803.75,1804.26,1190264,2026-09-15
1789443120,1804.08,1804.23,1803.95,1804.09,1116367,2026-09-15
1789443180,1804.19,1804.55,1804.11,1804.55,1266697,2026-09-15
1789443240,1804.34,1805.0,1804.11,1804.76,1025625,2026-09-15
1789443300,1804.96,1805.3,1804.75,1804.92,759192,2026-09-15
1789443360,1804.72,1804.73,1804.23,1804.31,866512,2026-09-15
1789443420,1804.26,1805.01,1804.26,1804.87,1136350,2026-09-15
1789443480,1805.0,1805.0,1804.5,1804.64,872516,2026-09-15
1789443540,1804.67,1804.9,1804.5,1804.82,1026829,2026-09-15
1789443600,1804.81,1805.09,1804.73,1804.92,693275,2026-09-15
1789443660,1804.93,1805.14,1804.13,1804.57,1067708,2026-09-15
1789443720,1804.57,1804.71,1804.37,1804.53,1145025,2026-09-15
1789443780,1804.49,1804.57,1804.2,1804.2,1023210,2026-09-15
1789443840,1804.27,1804.69,1804.15,1804.58,783047,2026-09-15
1789443900,1804.71,1804.71,1804.03,1804.15,514856,2026-09-15
1789443960,1804.1,1804.15,1803.82,1804.12,853915,2026-09-15
1789444020,1804.11,1804.15,1803.35,1803.35,1026659,2026-09-15
1789444080,1803.48,1803.65,1803.3,1803.65,882992,2026-09-15
1789444140,1803.95,1804.01,1802.58,1802.77,1401968,2026-09-15
1789444200,1802.78,1803.17,1802.52,1802.97,1477791,2026-09-15
1789444260,1802.84,1802.85,1801.25,1801.25,1138813,2026-09-15
1789444320,1801.65,1801.82,1800.02,1800.19,1491003,2026-09-15
1789444380,1800.19,1800.85,1799.69,1800.68,1437780,2026-09-15
1789444440,1800.9,1800.9,1800.1,1800.28,557734,2026-09-15
1789444500,1800.28,1800.83,1800.22,1800.83,897936,2026-09-15
1789444560,1800.62,1800.75,1800.26,1800.61,760657,2026-09-15
1789444620,1800.68,1800.98,1799.53,1799.82,942767,2026-09-15
1789444680,1799.36,1800.61,1799.36,1800.33,958870,2026-09-15
1789444740,1799.49,1800.14,1799.4,1800.14,819546,2026-09-15
1789444800,1800.02,1800.55,1800.02,1800.55,694145,2026-09-15
1789444860,1800.57,1800.77,1800.47,1800.5,1124363,2026-09-15
1789444920,1800.8,1800.8,1800.23,1800.4,686044,2026-09-15
1789444980,1800.58,1800.58,1800.22,1800.34,752985,2026-09-15
1789445040,1800.4,1800.76,1800.38,1800.55,794856,2026-09-15
1789445100,1800.42,1801.13,1800.42,1800.98,701047,2026-09-15
1789445160,1800.84,1801.22,1800.69,1800.84,1197694,2026-09-15
1789445220,1800.71,1800.99,1800.51,1800.99,697911,2026-09-15
1789445280,1800.87,1801.08,1800.49,1801.08,810339,2026-09-15
1789445340,1801.1,1801.33,1800.89,1801.33,1463875,2026-09-15
1789445400,1801.57,1801.64,1801.17,1801.54,640082,2026-09-15
1789445460,1801.53,1801.53,1800.98,1801.08,994943,2026-09-15
1789445520,1801.1,1801.12,1800.8,1801.12,800169,2026-09-15
1789445580,1801.25,1801.25,1800.68,1801.15,437161,2026-09-15
1789445640,1801.07,1801.46,1800.95,1801.46,611671,2026-09-15
1789445700,1801.34,1801.34,1800.72,1801.07,1106483,2026-09-15
1789445760,1801.14,1801.14,1800.69,1800.92,632887,2026-09-15
1789445820,1800.27,1801.1,1800.27,1800.93,712227,2026-09-15
1789445880,1801.01,1801.55,1801.01,1801.27,488170,2026-09-15
1789445940,1801.28,1801.58,1801.06,1801.45,787488,2026-09-15
1789446000,1801.29,1801.46,1801.03,1801.46,659807,2026-09-15
1789446060,1801.65,1801.89,1801.43,1801.8,664331,2026-09-15
1789446120,1802.18,1802.23,1801.74,1801.95,820198,2026-09-15
1789446180,1802.0,1802.09,1801.65,1801.91,800262,2026-09-15
1789446240,1802.18,1802.18,1801.43,1801.5,527548,2026-09-15
1789446300,1801.64,1802.25,1801.62,1801.82,1356164,2026-09-15
1789446360,1801.59,1801.97,1801.47,1801.88,1306890,2026-09-15
1789446420,1801.39,1802.34,1801.36,1802.2,1554465,2026-09-15
1789446480,1802.05,1802.39,1801.86,1802.14,1193163,2026-09-15
1789446540,1802.11,1802.39,1801.85,1802.32,1367267,2026-09-15
1789446600,1802.34,1802.34,1802.34,1802.34,183603,2026-09-15
1789452000,1802.01,1802.36,1801.37,1801.37,6979066,2026-09-15
1789452060,1801.47,1802.42,1801.47,1802.21,1241571,2026-09-15
1789452120,1802.37,1802.37,1801.61,1801.8,1763471,2026-09-15
1789452180,1801.7,1801.98,1801.27,1801.5,1491462,2026-09-15
1789452240,1801.65,1801.91,1801.12,1801.39,1856251,2026-09-15
1789452300,1801.66,1801.78,1801.45,1801.78,1330069,2026-09-15
1789452360,1801.91,1802.15,1801.42,1802.15,2031159,2026-09-15
1789452420,1802.12,1802.49,1801.82,1802.26,1250281,2026-09-15
1789452480,1802.58,1803.14,1802.54,1803.14,1690090,2026-09-15
1789452540,1803.39,1803.39,1802.68,1802.82,2499718,2026-09-15
1789452600,1802.8,1803.7,1802.8,1803.7,2591213,2026-09-15
1789452660,1803.62,1803.78,1803.29,1803.69,2459276,2026-09-15
1789452720,1803.37,1803.63,1803.14,1803.3,2399085,2026-09-15
1789452780,1803.25,1803.25,1802.39,1802.39,1927296,2026-09-15
1789452840,1802.66,1803.2,1802.66,1802.82,3118685,2026-09-15
1789452900,1802.78,1803.74,1802.78,1803.74,1627139,2026-09-15
1789452960,1803.59,1803.87,1803.24,1803.87,1960846,2026-09-15
1789453020,1803.85,1803.85,1803.07,1803.62,2511377,2026-09-15
1789453080,1803.45,1804.2,1803.29,1804.2,2305355,2026-09-15
1789453140,1804.19,1804.47,1803.9,1804.47,1506884,2026-09-15
1789453200,1804.4,1804.97,1804.31,1804.84,2349400,2026-09-15
1789453260,1804.65,1805.26,1804.53,1805.26,2846259,2026-09-15
1789453320,1805.2,1805.26,1804.94,1805.04,3709477,2026-09-15
1789453380,1805.13,1805.69,1805.13,1805.53,3344356,2026-09-15
1789453440,1805.61,1805.82,1805.16,1805.82,3552841,2026-09-15
1789453500,1805.56,1805.78,1805.27,1805.78,3850617,2026-09-15
1789453560,1805.95,1805.95,1805.28,1805.73,5820915,2026-09-15
1789453620,1805.67,1805.93,1804.94,1805.19,3476444,2026-09-15
1789453680,1805.27,1805.5,1804.81,1805.32,3544527,2026-09-15
1789453740,1805.23,1805.25,1804.76,1804.78,2763219,2026-09-15
1789453800,1805.2,1805.48,1804.94,1805.48,2945169,2026-09-15
1789453860,1804.81,1805.25,1804.76,1804.82,3018751,2026-09-15
1789453920,1805.01,1805.15,1804.1,1804.1,4761910,2026-09-15
1789453980,1804.73,1805.22,1804.07,1804.67,1754320,2026-09-15
1789454040,1804.73,1804.73,1804.33,1804.38,1760193,2026-09-15
1789454100,1804.59,1804.81,1804.13,1804.13,3009773,2026-09-15
1789454160,1804.54,1805.2,1804.3,1804.8,3027514,2026-09-15
1789454220,1804.46,1804.64,1804.28,1804.33,1878441,2026-09-15
1789454280,1804.34,1804.65,1804.11,1804.54,1506480,2026-09-15
1789454340,1804.63,1804.78,1804.29,1804.58,1624769,2026-09-15
1789454400,1804.51,1804.78,1804.27,1804.73,1513471,2026-09-15
1789454460,1804.54,1804.9,1804.4,1804.76,1821307,2026-09-15
1789454520,1804.48,1804.83,1804.31,1804.71,2815587,2026-09-15
1789454580,1805.16,1805.16,1804.47,1804.82,3002725,2026-09-15
1789454640,1804.63,1804.63,1804.08,1804.34,2051967,2026-09-15
1789454700,1804.23,1805.37,1804.23,1805.37,3202657,2026-09-15
1789454760,1805.32,1805.45,1804.89,1805.29,3781747,2026-09-15
1789454820,1805.28,1806.28,1805.28,1806.28,3468882,2026-09-15
1789454880,1805.82,1806.51,1805.74,1806.23,5087060,2026-09-15
1789454940,1806.39,1806.82,1806.27,1806.82,3067941,2026-09-15
1789455000,1806.84,1807.39,1806.7,1806.88,3009264,2026-09-15
1789455060,1807.21,1807.39,1807.03,1807.17,3592100,2026-09-15
1789455120,1807.08,1807.9,1807.08,1807.87,3507880,2026-09-15
1789455180,1807.97,1808.17,1807.61,1807.9,3518012,2026-09-15
1789455240,1807.62,1808.11,1807.3,1807.62,4080905,2026-09-15
1789455300,1807.64,1807.78,1807.38,1807.38,2150278,2026-09-15
1789455360,1807.64,1807.8,1807.36,1807.6,3331209,2026-09-15
1789455420,1807.69,1808.29,1807.61,1807.93,1589999,2026-09-15
1789455480,1808.04,1808.15,1807.72,1807.8,1754254,2026-09-15
1789455540,1807.72,1808.2,1807.49,1807.93,4777329,2026-09-15
1789455600,1807.68,1808.31,1807.58,1807.82,3052462,2026-09-15
1789455660,1807.91,1808.21,1807.63,1807.88,1970475,2026-09-15
1789455720,1807.77,1808.11,1807.77,1808.05,1764785,2026-09-15
1789455780,1807.97,1808.19,1807.75,1807.78,1558949,2026-09-15
1789455840,1807.9,1808.26,1807.68,1807.74,1717833,2026-09-15
1789455900,1808.15,1808.62,1807.71,1808.15,2752304,2026-09-15
1789455960,1808.16,1808.7,1808.16,1808.53,2482171,2026-09-15
1789456020,1808.32,1809.38,1808.32,1809.16,2074331,2026-09-15
1789456080,1809.19,1809.5,1808.63,1809.5,2409065,2026-09-15
1789456140,1809.5,1809.59,1809.24,1809.4,2994630,2026-09-15
1789456200,1809.17,1809.96,1809.17,1809.95,5396277,2026-09-15
1789456260,1810.25,1810.87,1809.72,1810.71,3260862,2026-09-15
1789456320,1810.24,1810.96,1810.01,1810.96,2642399,2026-09-15
1789456380,1810.72,1810.79,1810.33,1810.35,2616715,2026-09-15
1789456440,1810.58,1810.99,1810.31,1810.87,3077693,2026-09-15
1789456500,1810.32,1811.49,1810.32,1811.49,3684228,2026-09-15
1789456560,1811.25,1811.25,1810.4,1811.1,2840724,2026-09-15
1789456620,1810.97,1811.15,1810.56,1810.9,2887797,2026-09-15
1789456680,1811.21,1811.31,1810.82,1811.15,3559755,2026-09-15
1789456740,1811.14,1811.53,1810.74,1811.46,4370127,2026-09-15
1789456800,1811.44,1812.03,1810.95,1812.03,2613350,2026-09-15
1789456860,1811.75,1811.96,1811.57,1811.84,3211598,2026-09-15
1789456920,1812.07,1812.07,1810.87,1810.87,3011770,2026-09-15
1789456980,1811.05,1811.5,1810.5,1811.2,2954519,2026-09-15
1789457040,1811.54,1811.57,1810.25,1810.73,3364986,2026-09-15
1789457100,1810.56,1811.61,1810.56,1811.02,2472326,2026-09-15
1789457160,1811.11,1811.18,1810.34,1810.34,3229571,2026-09-15
1789457220,1811.03,1811.03,1810.6,1810.6,3496178,2026-09-15
1789457280,1810.88,1811.5,1810.78,1810.78,3594050,2026-09-15
1789457340,1810.54,1811.58,1810.54,1811.3,3457689,2026-09-15
1789457400,1813.94,1813.94,1813.94,1813.94,521696,2026-09-15
1789457460,1776.88,1779.17,1776.88,1779.17,0,2026-09-15
1789457520,1785.39,1798.98,1785.39,1798.98,0,2026-09-15
1789457580,1799.48,1799.78,1799.48,1799.78,0,2026-09-15
1789457700,1799.56,1799.86,1799.56,1799.86,0,2026-09-15
1789457760,1800.12,1802.76,1800.12,1802.76,0,2026-09-15
1789457820,1804.35,1805.32,1804.35,1805.32,0,2026-09-15
1789457880,1804.71,1805.38,1804.71,1805.38,0,2026-09-15
1789457940,1805.96,1805.96,1805.96,1805.96,0,2026-09-15
1789458240,1810.56,1810.83,1810.56,1810.83,0,2026-09-15
1789458300,1810.67,1811.15,1810.67,1811.15,49541273,2026-09-15
1789459500,1811.15,1811.15,1811.15,1811.15,0,2026-09-15
1789524000,1812.02,1812.02,1812.02,1812.02,0,2026-09-16
1789524120,1811.28,1811.28,1811.08,1811.24,0,2026-09-16
1789524180,1811.28,1811.37,1811.28,1811.37,0,2026-09-16
1789524540,1811.87,1811.89,1811.84,1811.89,0,2026-09-16
1789524900,1811.15,1812.96,1811.15,1811.62,6602835,2026-09-16
1789524960,1811.46,1811.71,1810.64,1811.5,1371150,2026-09-16
1789525020,1811.32,1811.66,1810.61,1810.61,1740468,2026-09-16
1789525080,1810.65,1811.19,1808.82,1808.82,1680657,2026-09-16
1789525140,1808.34,1808.5,1807.34,1808.13,1743945,2026-09-16
1789525200,1808.18,1808.18,1807.31,1808.0,1800901,2026-09-16
1789525260,1807.97,1809.96,1807.61,1809.96,1856367,2026-09-16
1789525320,1811.64,1812.21,1809.83,1809.84,1342425,2026-09-16
1789525380,1811.98,1811.98,1811.53,1811.53,1288742,2026-09-16
1789525440,1811.46,1811.76,1811.34,1811.48,1119450,2026-09-16
1789525500,1811.01,1811.26,1810.84,1811.07,1199666,2026-09-16
1789525560,1810.88,1811.23,1810.65,1810.65,1134105,2026-09-16
1789525620,1810.87,1811.28,1810.87,1811.28,1124766,2026-09-16
1789525680,1811.2,1811.93,1811.19,1811.81,1306887,2026-09-16
1789525740,1811.82,1812.93,1811.65,1812.93,1405924,2026-09-16
1789525800,1812.86,1813.84,1812.86,1813.84,1282802,2026-09-16
1789525860,1813.5,1814.58,1812.37,1814.58,1826021,2026-09-16
1789525920,1813.24,1814.63,1813.19,1813.74,1038159,2026-09-16
1789525980,1813.84,1814.11,1813.39,1814.07,1028946,2026-09-16
1789526040,1813.93,1814.03,1813.43,1813.69,1374456,2026-09-16
1789526100,1813.64,1814.48,1813.56,1814.14,1393896,2026-09-16
1789526160,1814.02,1814.23,1813.86,1814.12,1558899,2026-09-16
1789526220,1814.55,1814.55,1814.01,1814.08,1248721,2026-09-16
1789526280,1814.14,1814.96,1813.99,1814.75,1166225,2026-09-16
1789526340,1815.27,1815.93,1815.19,1815.87,1401508,2026-09-16
1789526400,1816.03,1816.26,1815.62,1816.25,1689999,2026-09-16
1789526460,1816.09,1816.21,1815.15,1815.15,1366353,2026-09-16
1789526520,1815.42,1815.99,1815.12,1815.12,1374413,2026-09-16
1789526580,1815.14,1815.25,1814.92,1814.92,1008930,2026-09-16
1789526640,1814.7,1815.08,1814.7,1814.98,1299128,2026-09-16
1789526700,1814.96,1815.13,1814.51,1814.79,1531170,2026-09-16
1789526760,1814.98,1815.11,1814.32,1814.32,1234322,2026-09-16
1789526820,1814.31,1814.31,1813.81,1813.82,763208,2026-09-16
1789526880,1813.9,1814.2,1813.59,1814.01,981776,2026-09-16
1789526940,1814.07,1814.43,1813.39,1814.13,1130439,2026-09-16
1789527000,1813.9,1814.39,1813.78,1813.95,1147805,2026-09-16
1789527060,1814.09,1814.19,1813.61,1813.99,1819105,2026-09-16
1789527120,1814.06,1814.18,1813.62,1813.64,1188792,2026-09-16
1789527180,1813.58,1813.69,1812.93,1813.09,1114271,2026-09-16
1789527240,1813.09,1813.32,1812.61,1812.95,1605662,2026-09-16
1789527300,1812.84,1812.84,1812.26,1812.52,1161310,2026-09-16
1789527360,1812.59,1812.98,1812.59,1812.68,1259934,2026-09-16
1789527420,1812.61,1812.77,1812.08,1812.38,1600123,2026-09-16
1789527480,1812.37,1812.37,1811.84,1812.19,1165165,2026-09-16
1789527540,1812.14,1812.39,1811.89,1812.0,1356175,2026-09-16
1789527600,1811.66,1811.93,1811.56,1811.66,1546297,2026-09-16
1789527660,1811.7,1811.8,1811.47,1811.52,1596676,2026-09-16
1789527720,1811.48,1811.65,1811.44,1811.46,1343901,2026-09-16
1789527780,1811.33,1811.72,1811.33,1811.36,990360,2026-09-16
1789527840,1811.57,1811.57,1810.95,1810.97,1565083,2026-09-16
1789527900,1810.88,1811.01,1810.62,1810.62,1548907,2026-09-16
1789527960,1811.02,1811.02,1810.26,1810.46,1594870,2026-09-16
1789528020,1810.48,1810.67,1810.33,1810.33,1257663,2026-09-16
1789528080,1810.28,1810.87,1810.28,1810.6,1180790,2026-09-16
1789528140,1810.42,1810.42,1809.7,1809.7,2453867,2026-09-16
1789528200,1809.92,1810.6,1809.69,1810.17,3772416,2026-09-16
1789528260,1810.21,1810.69,1810.17,1810.4,2101268,2026-09-16
1789528320,1809.97,1811.07,1809.97,1810.94,2722541,2026-09-16
1789528380,1810.95,1811.25,1810.47,1810.5,1941190,2026-09-16
1789528440,1810.48,1810.59,1809.62,1809.62,1598515,2026-09-16
1789528500,1810.1,1810.1,1809.55,1809.55,1448630,2026-09-16
1789528560,1809.67,1809.67,1808.87,1808.87,1203125,2026-09-16
1789528620,1808.74,1809.22,1808.67,1808.78,1452231,2026-09-16
1789528680,1809.11,1809.11,1808.54,1808.54,1318487,2026-09-16
1789528740,1808.57,1808.97,1808.54,1808.83,1395796,2026-09-16
1789528800,1808.82,1809.1,1808.45,1808.45,1315219,2026-09-16
1789528860,1808.64,1808.83,1808.51,1808.62,1216732,2026-09-16
1789528920,1808.55,1810.17,1808.55,1810.03,1435899,2026-09-16
1789528980,1810.53,1811.33,1810.53,1811.33,2314226,2026-09-16
1789529040,1811.47,1811.97,1811.34,1811.74,2444529,2026-09-16
1789529100,1812.21,1812.7,1811.66,1812.7,1897082,2026-09-16
1789529160,1812.28,1813.53,1812.28,1813.53,1751591,2026-09-16
1789529220,1813.59,1813.59,1811.7,1812.03,1150217,2026-09-16
1789529280,1811.82,1812.17,1811.35,1812.05,2693185,2026-09-16
1789529340,1812.1,1812.1,1811.08,1811.73,1366473,2026-09-16
1789529400,1811.71,1811.8,1810.97,1811.73,1311823,2026-09-16
1789529460,1811.91,1812.09,1811.83,1812.03,1012121,2026-09-16
1789529520,1811.95,1812.26,1811.93,1812.19,1050339,2026-09-16
1789529580,1812.45,1812.66,1811.92,1812.66,841548,2026-09-16
1789529640,1812.54,1812.92,1812.48,1812.92,1019909,2026-09-16
1789529700,1812.99,1812.99,1812.48,1812.57,1080067,2026-09-16
1789529760,1812.54,1813.13,1812.54,1813.12,819278,2026-09-16
1789529820,1813.23,1813.98,1813.23,1813.65,752597,2026-09-16
1789529880,1813.62,1813.65,1812.96,1812.96,1200905,2026-09-16
1789529940,1813.09,1813.27,1812.67,1812.71,953299,2026-09-16
1789530000,1812.73,1812.93,1812.32,1812.43,903399,2026-09-16
1789530060,1812.83,1812.92,1812.27,1812.29,1385916,2026-09-16
1789530120,1812.28,1812.77,1812.28,1812.3,791085,2026-09-16
1789530180,1812.35,1812.58,1812.1,1812.43,1087926,2026-09-16
1789530240,1812.4,1812.78,1812.4,1812.78,738170,2026-09-16
1789530300,1813.03,1813.52,1812.39,1813.52,990097,2026-09-16
1789530360,1813.77,1814.08,1812.93,1812.93,1017733,2026-09-16
1789530420,1813.13,1814.54,1812.92,1814.54,1003658,2026-09-16
1789530480,1814.63,1814.63,1813.6,1813.68,695319,2026-09-16
1789530540,1813.53,1814.93,1813.53,1814.93,1017121,2026-09-16
1789530600,1814.93,1815.29,1814.49,1815.22,795704,2026-09-16
1789530660,1815.23,1816.03,1815.19,1815.76,769481,2026-09-16
1789530720,1815.68,1816.11,1815.09,1815.81,1002959,2026-09-16
1789530780,1815.74,1815.74,1815.45,1815.69,912541,2026-09-16
1789530840,1815.65,1815.88,1815.24,1815.41,828888,2026-09-16
1789530900,1815.32,1815.47,1814.78,1815.21,724412,2026-09-16
1789530960,1815.24,1815.69,1815.12,1815.12,1275388,2026-09-16
1789531020,1815.1,1815.39,1814.44,1814.81,953456,2026-09-16
1789531080,1814.8,1815.28,1814.66,1815.24,1306946,2026-09-16
1789531140,1815.28,1815.28,1814.28,1814.36,1364852,2026-09-16
1789531200,1814.45,1815.28,1814.45,1815.25,1029961,2026-09-16
1789531260,1814.86,1815.87,1814.86,1815.01,875718,2026-09-16
1789531320,1815.03,1815.45,1815.03,1815.44,1037792,2026-09-16
1789531380,1815.52,1815.68,1814.95,1815.17,860095,2026-09-16
1789531440,1815.05,1815.44,1814.84,1815.23,606503,2026-09-16
1789531500,1815.25,1815.44,1815.08,1815.23,632801,2026-09-16
1789531560,1815.24,1815.69,1815.16,1815.36,554981,2026-09-16
1789531620,1815.05,1815.33,1814.92,1814.92,589315,2026-09-16
1789531680,1814.99,1815.03,1814.67,1814.75,693145,2026-09-16
1789531740,1814.69,1815.25,1814.65,1815.11,766560,2026-09-16
1789531800,1815.26,1815.26,1814.54,1814.77,1053128,2026-09-16
1789531860,1814.77,1814.77,1814.12,1814.37,627802,2026-09-16
1789531920,1814.25,1814.4,1814.18,1814.19,662808,2026-09-16
1789531980,1814.36,1814.41,1813.93,1814.08,1012728,2026-09-16
1789532040,1814.29,1814.29,1813.92,1814.28,541269,2026-09-16
1789532100,1814.29,1814.29,1813.88,1814.15,779813,2026-09-16
1789532160,1814.06,1814.16,1813.85,1814.04,760054,2026-09-16
1789532220,1814.09,1814.44,1813.89,1814.44,538695,2026-09-16
1789532280,1814.33,1814.33,1813.9,1813.92,704296,2026-09-16
1789532340,1813.95,1814.33,1813.95,1813.98,799747,2026-09-16
1789532400,1814.1,1814.1,1813.44,1813.44,1009984,2026-09-16
1789532460,1813.54,1813.7,1813.27,1813.33,1078933,2026-09-16
1789532520,1813.47,1813.55,1813.17,1813.34,1177729,2026-09-16
1789532580,1813.18,1813.37,1812.95,1813.37,934283,2026-09-16
1789532640,1813.5,1813.67,1813.02,1813.19,713380,2026-09-16
1789532700,1813.36,1813.93,1813.36,1813.72,1158700,2026-09-16
1789532760,1813.68,1813.68,1813.3,1813.3,1562044,2026-09-16
1789532820,1813.28,1813.47,1813.15,1813.28,847923,2026-09-16
1789532880,1813.26,1813.48,1813.19,1813.48,777968,2026-09-16
1789532940,1813.34,1813.34,1813.02,1813.14,1250831,2026-09-16
1789533000,1813.04,1813.04,1813.04,1813.04,205964,2026-09-16
1789538400,1811.93,1811.93,1810.11,1810.95,5597526,2026-09-16
1789538460,1810.68,1811.13,1809.74,1810.4,2347066,2026-09-16
1789538520,1810.49,1811.29,1810.49,1810.73,4335982,2026-09-16
1789538580,1810.25,1810.87,1809.9,1809.95,2153218,2026-09-16
1789538640,1810.17,1810.89,1810.17,1810.81,1280344,2026-09-16
1789538700,1810.86,1810.96,1809.89,1810.79,2109665,2026-09-16
1789538760,1810.62,1810.62,1810.07,1810.07,2283826,2026-09-16
1789538820,1810.12,1810.14,1809.57,1809.57,2847952,2026-09-16
1789538880,1809.49,1809.7,1808.92,1808.92,2280536,2026-09-16
1789538940,1809.22,1809.29,1808.78,1809.06,2399295,2026-09-16
1789539000,1809.32,1810.04,1809.29,1809.71,4045989,2026-09-16
1789539060,1809.2,1810.05,1809.14,1810.04,2274280,2026-09-16
1789539120,1809.84,1809.95,1809.42,1809.95,1386431,2026-09-16
1789539180,1809.8,1810.06,1808.9,1809.94,2314324,2026-09-16
1789539240,1810.13,1810.34,1809.42,1809.42,1558671,2026-09-16
1789539300,1809.56,1809.82,1808.94,1808.94,1409759,2026-09-16
1789539360,1809.52,1809.53,1808.85,1809.01,1534959,2026-09-16
1789539420,1808.6,1808.69,1808.2,1808.2,2051856,2026-09-16
1789539480,1808.31,1808.47,1807.6,1807.6,1938770,2026-09-16
1789539540,1807.77,1808.26,1807.43,1807.84,2416128,2026-09-16
1789539600,1807.71,1807.86,1807.33,1807.33,2218523,2026-09-16
1789539660,1807.44,1808.07,1806.96,1807.96,2472444,2026-09-16
1789539720,1808.01,1808.18,1807.68,1807.93,1799161,2026-09-16
1789539780,1808.13,1808.58,1807.83,1808.23,1611620,2026-09-16
1789539840,1808.17,1808.89,1808.12,1808.19,1279304,2026-09-16
1789539900,1808.43,1809.39,1808.37,1809.35,2140656,2026-09-16
1789539960,1809.3,1810.03,1809.26,1809.98,3200772,2026-09-16
1789540020,1809.98,1810.61,1809.9,1810.61,2635079,2026-09-16
1789540080,1810.58,1811.01,1810.18,1810.67,1555020,2026-09-16
1789540140,1810.57,1810.83,1810.11,1810.11,1352124,2026-09-16
1789540200,1810.26,1810.81,1810.16,1810.46,1619290,2026-09-16
1789540260,1809.96,1810.56,1809.47,1810.3,1961065,2026-09-16
1789540320,1809.86,1809.86,1808.81,1809.43,1922531,2026-09-16
1789540380,1809.07,1809.26,1808.28,1808.28,1363648,2026-09-16
1789540440,1808.27,1808.8,1807.85,1807.98,1867626,2026-09-16
1789540500,1807.88,1808.2,1807.31,1807.31,1513503,2026-09-16
1789540560,1807.49,1808.23,1807.49,1808.15,2314497,2026-09-16
1789540620,1808.37,1808.59,1807.77,1807.77,1766914,2026-09-16
1789540680,1807.75,1808.52,1807.75,1808.37,1859353,2026-09-16
1789540740,1808.03,1808.05,1807.41,1808.0,2036676,2026-09-16
1789540800,1807.34,1808.35,1807.34,1808.2,2049928,2026-09-16
1789540860,1808.22,1808.24,1807.67,1807.71,1950806,2026-09-16
1789540920,1807.84,1807.95,1807.33,1807.51,1758745,2026-09-16
1789540980,1807.72,1807.79,1807.24,1807.28,1702640,2026-09-16
1789541040,1807.11,1807.24,1806.39,1806.39,2483007,2026-09-16
1789541100,1806.74,1806.81,1806.06,1806.29,2542569,2026-09-16
1789541160,1806.39,1806.53,1806.22,1806.49,2124977,2026-09-16
1789541220,1806.34,1806.34,1805.2,1805.27,2717812,2026-09-16
1789541280,1805.71,1806.08,1805.55,1806.08,2161059,2026-09-16
1789541340,1805.93,1806.41,1805.75,1805.75,2350473,2026-09-16
1789541400,1805.77,1806.74,1805.77,1806.65,2664961,2026-09-16
1789541460,1806.54,1807.11,1806.43,1806.69,1595149,2026-09-16
1789541520,1806.67,1807.24,1806.44,1806.89,1832866,2026-09-16
1789541580,1806.88,1807.07,1806.51,1806.99,1561221,2026-09-16
1789541640,1807.26,1807.3,1806.58,1807.07,1221746,2026-09-16
1789541700,1806.77,1806.77,1806.21,1806.56,1327614,2026-09-16
1789541760,1806.68,1806.95,1806.37,1806.84,1840868,2026-09-16
1789541820,1806.58,1807.11,1806.58,1806.9,2202253,2026-09-16
1789541880,1806.45,1807.18,1806.45,1806.64,1323373,2026-09-16
1789541940,1806.84,1806.91,1806.28,1806.61,1371188,2026-09-16
1789542000,1806.39,1806.84,1805.99,1806.72,2250672,2026-09-16
1789542060,1806.65,1807.08,1806.53,1806.6,2151848,2026-09-16
1789542120,1806.84,1807.56,1806.76,1807.56,1764757,2026-09-16
1789542180,1807.56,1807.63,1806.94,1807.29,1473908,2026-09-16
1789542240,1807.78,1808.38,1807.35,1808.38,1838552,2026-09-16
1789542300,1808.15,1808.79,1807.98,1808.79,1822795,2026-09-16
1789542360,1808.86,1809.04,1808.59,1808.65,2314461,2026-09-16
1789542420,1808.67,1808.96,1808.67,1808.84,1890680,2026-09-16
1789542480,1808.66,1809.34,1808.37,1808.76,1509281,2026-09-16
1789542540,1808.54,1809.16,1808.54,1809.16,2241782,2026-09-16
1789542600,1809.13,1809.26,1808.81,1808.83,1908686,2026-09-16
1789542660,1808.85,1809.21,1808.76,1809.21,1593291,2026-09-16
1789542720,1809.23,1809.58,1809.23,1809.58,2665877,2026-09-16
1789542780,1809.72,1810.03,1809.43,1809.88,2104133,2026-09-16
1789542840,1809.76,1810.13,1809.55,1809.97,2776362,2026-09-16
1789542900,1809.72,1810.13,1809.52,1809.89,1441755,2026-09-16
1789542960,1809.94,1809.98,1809.32,1809.32,2119651,2026-09-16
1789543020,1809.39,1810.07,1809.39,1810.03,1874659,2026-09-16
1789543080,1810.02,1810.02,1809.51,1809.89,1849571,2026-09-16
1789543140,1809.78,1810.24,1809.49,1810.05,2012855,2026-09-16
1789543200,1809.78,1810.59,1809.78,1810.59,2072624,2026-09-16
1789543260,1810.59,1810.79,1810.32,1810.32,1927387,2026-09-16
1789543320,1810.74,1811.28,1810.61,1811.17,2491566,2026-09-16
1789543380,1811.07,1811.66,1811.07,1811.57,3609842,2026-09-16
1789543440,1811.78,1812.33,1810.65,1812.33,3234630,2026-09-16
1789543500,1812.44,1812.67,1811.21,1812.67,3350937,2026-09-16
1789543560,1812.17,1812.79,1811.27,1811.73,4509692,2026-09-16
1789543620,1811.14,1812.14,1810.41,1810.86,4448095,2026-09-16
1789543680,1811.61,1811.61,1810.58,1810.72,4485818,2026-09-16
1789543740,1811.89,1812.39,1810.74,1810.76,4924159,2026-09-16
1789543800,1814.45,1814.45,1814.23,1814.23,371637,2026-09-16
1789543920,1805.0,1805.0,1805.0,1805.0,0,2026-09-16
1789544100,1813.58,1813.58,1813.58,1813.58,0,2026-09-16
1789544160,1812.92,1812.92,1812.92,1812.92,0,2026-09-16
1789544220,1812.55,1812.65,1812.15,1812.15,0,2026-09-16
1789544280,1812.08,1812.08,1812.08,1812.08,0,2026-09-16
1789544340,1812.58,1812.58,1812.58,1812.58,0,2026-09-16
1789544400,1812.29,1812.29,1812.29,1812.29,0,2026-09-16
1789544700,1811.91,1811.91,1810.11,1810.11,73161349,2026-09-16
1789545900,1810.11,1810.11,1810.11,1810.11,0,2026-09-16
1789610400,1805.15,1805.15,1805.15,1805.15,0,2026-09-17
1789610460,1805.03,1805.06,1805.03,1805.06,0,2026-09-17
1789611300,1810.11,1810.11,1801.42,1802.23,10558152,2026-09-17
1789611360,1801.97,1806.4,1801.97,1806.4,3178208,2026-09-17
1789611420,1806.39,1806.89,1806.13,1806.84,2866726,2026-09-17
1789611480,1807.41,1808.04,1807.41,1807.65,3021031,2026-09-17
1789611540,1807.5,1808.45,1807.45,1808.45,2187625,2026-09-17
1789611600,1808.5,1809.32,1808.37,1809.32,1875094,2026-09-17
1789611660,1808.96,1809.65,1808.6,1808.6,2306884,2026-09-17
1789611720,1809.54,1810.57,1809.54,1810.54,1904824,2026-09-17
1789611780,1810.8,1811.47,1810.8,1811.4,2231746,2026-09-17
1789611840,1811.47,1813.59,1811.47,1813.59,1787713,2026-09-17
1789611900,1813.27,1817.12,1813.27,1817.12,3199286,2026-09-17
1789611960,1817.06,1817.41,1816.87,1817.22,3156190,2026-09-17
1789612020,1817.02,1817.02,1816.34,1816.73,3792089,2026-09-17
1789612080,1816.95,1816.95,1816.24,1816.35,2759826,2026-09-17
1789612140,1816.51,1816.86,1816.4,1816.86,2610034,2026-09-17
1789612200,1817.01,1817.28,1816.56,1816.73,2443077,2026-09-17
1789612260,1816.7,1816.93,1816.04,1816.24,2365203,2026-09-17
1789612320,1816.34,1816.36,1815.92,1816.11,2093143,2026-09-17
1789612380,1815.93,1815.93,1814.59,1814.66,2290362,2026-09-17
1789612440,1814.56,1814.68,1814.2,1814.27,2061684,2026-09-17
1789612500,1814.02,1814.11,1813.57,1813.57,1634195,2026-09-17
1789612560,1813.65,1813.65,1812.77,1812.77,1964287,2026-09-17
1789612620,1812.56,1812.66,1812.26,1812.57,3471988,2026-09-17
1789612680,1812.99,1812.99,1811.72,1811.72,3168674,2026-09-17
1789612740,1811.87,1812.27,1811.55,1812.24,2415937,2026-09-17
1789612800,1812.13,1812.85,1811.93,1812.27,1620534,2026-09-17
1789612860,1812.27,1812.37,1811.93,1811.93,977492,2026-09-17
1789612920,1812.06,1812.38,1811.83,1811.83,938524,2026-09-17
1789612980,1811.8,1812.03,1811.57,1811.72,802898,2026-09-17
1789613040,1811.69,1812.15,1811.57,1812.1,1065202,2026-09-17
1789613100,1812.19,1812.31,1812.04,1812.23,1537458,2026-09-17
1789613160,1812.81,1812.9,1812.58,1812.86,1372941,2026-09-17
1789613220,1812.8,1813.8,1812.8,1813.78,3257507,2026-09-17
1789613280,1813.7,1814.21,1813.57,1814.21,3705717,2026-09-17
1789613340,1814.27,1816.02,1814.27,1815.96,4410263,2026-09-17
1789613400,1816.35,1816.7,1816.35,1816.62,3468124,2026-09-17
1789613460,1816.71,1817.69,1816.69,1817.69,3921887,2026-09-17
1789613520,1817.61,1817.69,1817.11,1817.55,3601367,2026-09-17
1789613580,1817.48,1817.84,1817.35,1817.39,2171309,2026-09-17
1789613640,1817.38,1817.38,1816.95,1817.08,1743360,2026-09-17
1789613700,1817.06,1817.14,1816.65,1816.83,1617030,2026-09-17
1789613760,1816.48,1816.75,1816.34,1816.56,1435514,2026-09-17
1789613820,1816.49,1816.49,1815.93,1816.19,1241214,2026-09-17
1789613880,1816.18,1816.44,1816.03,1816.22,1687702,2026-09-17
1789613940,1816.17,1817.16,1816.17,1817.08,2897177,2026-09-17
1789614000,1817.06,1817.84,1816.79,1817.54,2535579,2026-09-17
1789614060,1817.67,1817.86,1817.34,1817.53,3574405,2026-09-17
1789614120,1817.3,1817.58,1816.88,1817.34,3242043,2026-09-17
1789614180,1817.43,1817.8,1817.26,1817.46,2752874,2026-09-17
1789614240,1817.55,1818.33,1817.55,1818.33,3373417,2026-09-17
1789614300,1818.18,1818.98,1818.1,1818.98,3622634,2026-09-17
1789614360,1819.34,1819.9,1819.34,1819.86,4677201,2026-09-17
1789614420,1819.81,1819.93,1819.37,1819.7,4291264,2026-09-17
1789614480,1819.58,1819.75,1819.27,1819.27,2983511,2026-09-17
1789614540,1818.75,1820.02,1818.75,1819.6,2797344,2026-09-17
1789614600,1819.71,1819.92,1819.71,1819.73,1954293,2026-09-17
1789614660,1819.76,1820.28,1819.7,1820.04,1683472,2026-09-17
1789614720,1819.94,1820.06,1819.71,1819.95,1457868,2026-09-17
1789614780,1820.09,1820.28,1819.99,1820.21,1410656,2026-09-17
1789614840,1820.22,1820.47,1819.91,1820.36,1426228,2026-09-17
1789614900,1820.34,1820.85,1820.25,1820.68,1878124,2026-09-17
1789614960,1820.98,1821.59,1820.78,1821.37,2140097,2026-09-17
1789615020,1821.58,1821.78,1820.95,1821.78,1660105,2026-09-17
1789615080,1821.45,1822.18,1821.45,1822.09,1761668,2026-09-17
1789615140,1822.02,1823.17,1822.02,1823.17,1962373,2026-09-17
1789615200,1822.89,1824.12,1822.76,1823.89,1881009,2026-09-17
1789615260,1823.77,1824.22,1823.74,1824.01,5094003,2026-09-17
1789615320,1824.19,1824.79,1824.19,1824.78,5426282,2026-09-17
1789615380,1824.66,1826.82,1824.66,1826.82,7280297,2026-09-17
1789615440,1826.85,1827.7,1826.35,1827.7,6868787,2026-09-17
1789615500,1827.51,1827.74,1826.99,1827.56,4917200,2026-09-17
1789615560,1827.69,1827.69,1826.43,1826.85,4977600,2026-09-17
1789615620,1826.56,1826.83,1826.37,1826.37,3238360,2026-09-17
1789615680,1826.57,1826.57,1826.16,1826.27,2924325,2026-09-17
1789615740,1825.98,1826.37,1825.52,1825.82,2637360,2026-09-17
1789615800,1825.86,1827.06,1825.86,1826.95,4544110,2026-09-17
1789615860,1826.86,1826.86,1826.21,1826.6,3362878,2026-09-17
1789615920,1826.5,1826.5,1825.74,1826.02,2500112,2026-09-17
1789615980,1826.08,1826.08,1825.05,1825.05,2081853,2026-09-17
1789616040,1825.92,1825.92,1824.83,1825.43,5485080,2026-09-17
1789616100,1824.92,1825.26,1824.57,1824.94,1990951,2026-09-17
1789616160,1824.99,1824.99,1823.88,1824.42,2368963,2026-09-17
1789616220,1824.33,1824.37,1823.92,1824.21,1959858,2026-09-17
1789616280,1824.36,1824.41,1824.01,1824.22,2490862,2026-09-17
1789616340,1824.27,1825.12,1824.18,1825.12,1599957,2026-09-17
1789616400,1825.12,1825.12,1824.55,1824.81,2378264,2026-09-17
1789616460,1824.62,1825.31,1824.62,1824.99,1753360,2026-09-17
1789616520,1824.85,1824.88,1824.19,1824.46,1932467,2026-09-17
1789616580,1824.48,1824.77,1824.12,1824.73,2537120,2026-09-17
1789616640,1824.52,1824.99,1824.36,1824.77,2450066,2026-09-17
1789616700,1824.66,1824.79,1824.43,1824.64,2177783,2026-09-17
1789616760,1824.67,1824.67,1823.88,1824.4,1793832,2026-09-17
1789616820,1824.45,1825.42,1824.28,1825.11,1844301,2026-09-17
1789616880,1824.95,1825.24,1824.22,1825.09,1561090,2026-09-17
1789616940,1825.14,1825.14,1824.71,1824.94,1654152,2026-09-17
1789617000,1824.82,1824.88,1824.26,1824.68,1238506,2026-09-17
1789617060,1824.73,1824.73,1824.01,1824.61,1053584,2026-09-17
1789617120,1824.48,1824.48,1823.66,1824.48,1597642,2026-09-17
1789617180,1824.32,1824.82,1823.94,1824.82,1615572,2026-09-17
1789617240,1824.65,1824.9,1823.88,1824.9,1164953,2026-09-17
1789617300,1825.01,1825.01,1824.01,1824.96,1321961,2026-09-17
1789617360,1824.94,1824.94,1824.2,1824.44,1437554,2026-09-17
1789617420,1824.5,1824.67,1823.95,1824.38,1139264,2026-09-17
1789617480,1824.72,1825.16,1824.46,1824.47,965833,2026-09-17
1789617540,1824.42,1825.4,1824.36,1825.4,1123158,2026-09-17
1789617600,1825.44,1826.06,1825.06,1825.77,1212465,2026-09-17
1789617660,1825.49,1825.88,1825.16,1825.29,990063,2026-09-17
1789617720,1825.48,1825.88,1825.48,1825.66,1265335,2026-09-17
1789617780,1825.42,1826.0,1825.16,1826.0,1506215,2026-09-17
1789617840,1825.87,1825.92,1825.44,1825.92,1242325,2026-09-17
1789617900,1825.85,1825.85,1825.5,1825.8,895012,2026-09-17
1789617960,1825.65,1826.22,1825.65,1825.86,1572933,2026-09-17
1789618020,1825.66,1825.91,1825.56,1825.78,1203624,2026-09-17
1789618080,1825.98,1826.18,1825.69,1826.18,1148743,2026-09-17
1789618140,1826.07,1826.53,1825.79,1826.53,1511195,2026-09-17
1789618200,1826.45,1826.59,1825.99,1826.32,1531498,2026-09-17
1789618260,1826.42,1826.53,1825.99,1825.99,1080977,2026-09-17
1789618320,1826.31,1826.59,1825.96,1826.28,1543886,2026-09-17
1789618380,1826.29,1826.49,1826.17,1826.26,1368078,2026-09-17
1789618440,1826.27,1826.58,1825.89,1826.18,930746,2026-09-17
1789618500,1825.87,1825.98,1825.46,1825.91,2360821,2026-09-17
1789618560,1825.86,1825.92,1825.39,1825.39,1277084,2026-09-17
1789618620,1825.26,1825.87,1825.15,1825.22,1670559,2026-09-17
1789618680,1825.05,1825.28,1824.68,1824.91,1168156,2026-09-17
1789618740,1824.6,1825.7,1824.45,1825.56,1599499,2026-09-17
1789618800,1826.02,1826.02,1825.42,1825.71,1796842,2026-09-17
1789618860,1825.75,1825.75,1825.0,1825.3,946532,2026-09-17
1789618920,1825.32,1825.9,1824.92,1825.81,1341442,2026-09-17
1789618980,1825.73,1825.82,1825.11,1825.16,1236273,2026-09-17
1789619040,1825.3,1825.32,1824.78,1824.98,1022282,2026-09-17
1789619100,1825.74,1825.79,1824.97,1825.04,854811,2026-09-17
1789619160,1824.9,1825.19,1824.66,1824.96,1219606,2026-09-17
1789619220,1824.75,1824.75,1824.09,1824.16,1063231,2026-09-17
1789619280,1824.29,1824.59,1824.11,1824.32,924069,2026-09-17
1789619340,1824.47,1825.25,1824.3,1825.04,1291318,2026-09-17
1789619400,1824.93,1824.93,1824.93,1824.93,136507,2026-09-17
1789624800,1823.94,1823.94,1822.95,1823.02,5894276,2026-09-17
1789624860,1822.97,1823.71,1822.93,1823.71,2000552,2026-09-17
1789624920,1823.94,1824.9,1823.94,1824.82,2927924,2026-09-17
1789624980,1824.84,1825.46,1824.67,1825.07,1875811,2026-09-17
1789625040,1825.03,1826.24,1824.99,1825.94,3423089,2026-09-17
1789625100,1825.97,1826.09,1825.61,1825.75,4110020,2026-09-17
1789625160,1825.72,1825.87,1825.21,1825.39,2965300,2026-09-17
1789625220,1824.93,1825.28,1824.53,1824.63,2101567,2026-09-17
1789625280,1824.49,1824.51,1824.15,1824.4,1865168,2026-09-17
1789625340,1824.39,1824.7,1824.25,1824.25,1558457,2026-09-17
1789625400,1824.31,1824.68,1823.99,1824.44,3110176,2026-09-17
1789625460,1824.39,1824.97,1824.06,1824.06,1970508,2026-09-17
1789625520,1824.14,1825.45,1824.14,1824.97,2048929,2026-09-17
1789625580,1825.0,1825.89,1824.78,1825.31,2861285,2026-09-17
1789625640,1825.43,1826.32,1825.19,1825.56,1847652,2026-09-17
1789625700,1825.99,1825.99,1825.2,1825.39,1745054,2026-09-17
1789625760,1825.1,1825.77,1824.85,1824.85,1440431,2026-09-17
1789625820,1824.5,1824.85,1823.9,1823.9,2187984,2026-09-17
1789625880,1823.99,1824.44,1823.74,1823.74,2151220,2026-09-17
1789625940,1824.02,1824.78,1823.78,1824.11,2028720,2026-09-17
1789626000,1823.91,1823.98,1823.19,1823.19,2216679,2026-09-17
1789626060,1823.58,1823.72,1822.66,1822.66,2139265,2026-09-17
1789626120,1822.57,1822.94,1822.27,1822.36,2290145,2026-09-17
1789626180,1822.38,1822.89,1822.14,1822.14,1697960,2026-09-17
1789626240,1821.79,1821.92,1821.39,1821.85,1516078,2026-09-17
1789626300,1821.94,1822.03,1821.38,1821.86,1696991,2026-09-17
1789626360,1821.89,1822.19,1821.5,1821.5,1780055,2026-09-17
1789626420,1821.28,1821.78,1821.11,1821.56,1474354,2026-09-17
1789626480,1821.13,1821.77,1820.92,1821.13,1684818,2026-09-17
1789626540,1821.37,1821.81,1821.29,1821.3,2023286,2026-09-17
1789626600,1821.52,1821.64,1820.66,1820.84,2222623,2026-09-17
1789626660,1820.61,1821.95,1820.61,1821.67,2029918,2026-09-17
1789626720,1821.67,1822.27,1821.52,1821.88,1812347,2026-09-17
1789626780,1821.9,1822.48,1821.86,1822.48,2035707,2026-09-17
1789626840,1822.84,1822.84,1822.2,1822.35,3333726,2026-09-17
1789626900,1822.31,1823.63,1822.31,1823.39,2313691,2026-09-17
1789626960,1823.49,1824.58,1823.49,1823.89,2412109,2026-09-17
1789627020,1824.4,1825.05,1824.03,1825.05,2339938,2026-09-17
1789627080,1825.26,1826.33,1825.26,1826.0,2252462,2026-09-17
1789627140,1826.21,1826.21,1824.6,1826.11,2543096,2026-09-17
1789627200,1827.44,1827.7,1825.14,1825.86,1697239,2026-09-17
1789627260,1826.46,1826.67,1826.02,1826.09,1763374,2026-09-17
1789627320,1826.35,1828.34,1826.35,1828.34,2695497,2026-09-17
1789627380,1828.25,1829.94,1827.93,1829.94,2416162,2026-09-17
1789627440,1829.81,1830.35,1829.14,1829.14,3005166,2026-09-17
1789627500,1829.63,1829.95,1828.46,1828.67,2771337,2026-09-17
1789627560,1828.46,1828.77,1827.26,1827.82,3431652,2026-09-17
1789627620,1827.12,1827.14,1825.53,1825.96,3636616,2026-09-17
1789627680,1825.6,1826.5,1825.44,1826.15,2457068,2026-09-17
1789627740,1825.67,1825.9,1825.19,1825.19,2524831,2026-09-17
1789627800,1825.15,1825.88,1824.76,1824.76,1612546,2026-09-17
1789627860,1824.64,1824.64,1823.82,1823.88,1939293,2026-09-17
1789627920,1824.05,1824.55,1823.38,1823.39,2336998,2026-09-17
1789627980,1823.4,1823.63,1822.8,1822.8,1711488,2026-09-17
1789628040,1822.94,1823.22,1822.34,1822.37,1982080,2026-09-17
1789628100,1822.28,1822.37,1820.88,1820.92,2362528,2026-09-17
1789628160,1820.81,1821.16,1820.31,1820.67,2296386,2026-09-17
1789628220,1820.39,1820.8,1819.69,1819.69,2340939,2026-09-17
1789628280,1820.17,1820.17,1818.81,1819.06,2023034,2026-09-17
1789628340,1818.82,1819.32,1818.67,1818.91,2134990,2026-09-17
1789628400,1819.0,1819.49,1819.0,1819.29,2032123,2026-09-17
1789628460,1819.41,1820.09,1819.24,1820.09,2054252,2026-09-17
1789628520,1820.11,1820.39,1819.61,1819.61,1683776,2026-09-17
1789628580,1819.95,1820.08,1819.66,1819.85,1225138,2026-09-17
1789628640,1820.03,1820.42,1819.93,1820.08,2003137,2026-09-17
1789628700,1819.68,1820.41,1819.58,1819.58,1251947,2026-09-17
1789628760,1819.47,1820.17,1819.32,1819.32,2184593,2026-09-17
1789628820,1819.43,1820.54,1819.16,1820.22,2895849,2026-09-17
1789628880,1820.02,1820.63,1819.91,1819.91,2219728,2026-09-17
1789628940,1820.03,1820.73,1820.03,1820.32,1417864,2026-09-17
1789629000,1820.16,1821.23,1820.16,1820.83,1827888,2026-09-17
1789629060,1821.03,1821.25,1820.04,1820.04,2036991,2026-09-17
1789629120,1820.27,1820.68,1820.24,1820.24,1422120,2026-09-17
1789629180,1820.6,1820.95,1819.79,1820.2,2102840,2026-09-17
1789629240,1820.17,1820.17,1818.91,1818.91,1987043,2026-09-17
1789629300,1820.05,1821.03,1819.82,1821.02,3969551,2026-09-17
1789629360,1821.32,1822.76,1821.25,1822.76,2707203,2026-09-17
1789629420,1822.76,1822.94,1822.37,1822.37,2457241,2026-09-17
1789629480,1822.87,1823.68,1822.8,1823.68,2681406,2026-09-17
1789629540,1823.55,1824.09,1823.55,1823.83,2995665,2026-09-17
1789629600,1823.94,1824.57,1823.69,1824.33,3032596,2026-09-17
1789629660,1824.4,1824.9,1824.4,1824.44,2909173,2026-09-17
1789629720,1824.51,1824.56,1824.19,1824.23,3260376,2026-09-17
1789629780,1824.43,1825.12,1824.43,1825.1,3188889,2026-09-17
1789629840,1825.03,1825.56,1825.01,1825.56,3066571,2026-09-17
1789629900,1825.55,1825.55,1825.07,1825.07,4688813,2026-09-17
1789629960,1824.94,1825.23,1824.63,1825.13,3606725,2026-09-17
1789630020,1825.23,1825.54,1825.14,1825.43,3888428,2026-09-17
1789630080,1825.44,1825.78,1825.19,1825.37,4377883,2026-09-17
1789630140,1825.48,1825.94,1825.34,1825.34,4647537,2026-09-17
1789630200,1795.36,1795.49,1795.06,1795.49,427210,2026-09-17
1789630500,1820.82,1820.82,1820.21,1820.21,0,2026-09-17
1789630560,1819.59,1819.59,1819.56,1819.56,0,2026-09-17
1789630620,1821.33,1821.33,1821.33,1821.33,0,2026-09-17
1789630740,1822.46,1822.51,1822.46,1822.51,0,2026-09-17
1789630920,1822.13,1822.13,1821.88,1821.88,0,2026-09-17
1789630980,1821.7,1821.7,1821.7,1821.7,0,2026-09-17
1789631040,1822.55,1822.55,1822.55,1822.55,0,2026-09-17
1789631100,1823.67,1823.67,1822.77,1822.77,70995214,2026-09-17
1789632300,1822.77,1822.77,1822.77,1822.77,0,2026-09-17
1789696800,1832.38,1832.38,1832.38,1832.38,0,2026-09-18
1789697460,1835.98,1836.01,1835.98,1836.01,0,2026-09-18
1789697520,1836.07,1836.07,1836.01,1836.07,0,2026-09-18
1789697580,1836.07,1836.13,1836.07,1836.13,0,2026-09-18
1789697640,1836.08,1836.08,1836.08,1836.08,0,2026-09-18
1789697700,1835.32,1835.32,1833.86,1834.87,8165067,2026-09-18
1789697760,1833.85,1837.2,1833.85,1837.2,2791435,2026-09-18
1789697820,1835.81,1836.15,1835.57,1835.65,2967442,2026-09-18
1789697880,1836.11,1836.62,1835.75,1835.84,3206103,2026-09-18
1789697940,1836.14,1836.31,1835.39,1835.57,2753266,2026-09-18
1789698000,1835.87,1836.33,1835.87,1836.31,2221970,2026-09-18
1789698060,1836.16,1836.75,1836.16,1836.27,2318772,2026-09-18
1789698120,1836.35,1836.41,1835.56,1835.56,2333484,2026-09-18
1789698180,1835.5,1835.86,1835.41,1835.71,1857057,2026-09-18
1789698240,1835.74,1835.85,1835.07,1835.66,1817548,2026-09-18
1789698300,1835.47,1835.47,1834.47,1835.06,1666006,2026-09-18
1789698360,1834.78,1834.83,1834.3,1834.56,1629729,2026-09-18
1789698420,1834.61,1834.61,1834.15,1834.24,1517168,2026-09-18
1789698480,1834.24,1834.78,1834.18,1834.2,1368354,2026-09-18
1789698540,1834.24,1834.31,1833.6,1833.69,1069180,2026-09-18
1789698600,1833.56,1833.97,1833.46,1833.46,1061624,2026-09-18
1789698660,1833.64,1833.97,1833.28,1833.3,1175417,2026-09-18
1789698720,1833.33,1833.85,1833.33,1833.85,866499,2026-09-18
1789698780,1833.78,1834.06,1833.57,1833.8,1806289,2026-09-18
1789698840,1833.91,1834.06,1833.41,1833.41,1422819,2026-09-18
1789698900,1833.64,1833.86,1833.27,1833.6,1073386,2026-09-18
1789698960,1833.64,1833.64,1833.38,1833.46,1069098,2026-09-18
1789699020,1833.44,1833.73,1833.37,1833.48,1576711,2026-09-18
1789699080,1833.04,1833.47,1833.04,1833.4,1200015,2026-09-18
1789699140,1833.35,1833.51,1833.09,1833.19,1409542,2026-09-18
1789699200,1833.22,1833.52,1832.86,1832.86,1526941,2026-09-18
1789699260,1832.84,1832.98,1831.97,1832.21,1684708,2026-09-18
1789699320,1832.03,1832.29,1831.3,1831.3,1176201,2026-09-18
1789699380,1831.33,1831.36,1830.53,1830.63,1918329,2026-09-18
1789699440,1830.49,1830.94,1830.49,1830.7,1153794,2026-09-18
1789699500,1830.64,1830.77,1829.29,1829.86,2059358,2026-09-18
1789699560,1829.18,1830.4,1829.13,1830.39,1335861,2026-09-18
1789699620,1830.46,1830.9,1829.59,1829.66,1554715,2026-09-18
1789699680,1829.75,1830.79,1829.75,1830.0,1403871,2026-09-18
1789699740,1831.25,1832.14,1831.17,1831.58,1470898,2026-09-18
1789699800,1831.52,1831.94,1831.51,1831.67,1266244,2026-09-18
1789699860,1831.58,1832.27,1831.5,1831.94,1199129,2026-09-18
1789699920,1831.91,1832.03,1831.58,1832.03,1063763,2026-09-18
1789699980,1832.12,1832.43,1832.0,1832.43,1071468,2026-09-18
1789700040,1832.4,1832.5,1831.74,1832.38,2319244,2026-09-18
1789700100,1832.32,1832.6,1832.05,1832.6,1745641,2026-09-18
1789700160,1832.14,1832.74,1832.1,1832.58,1730439,2026-09-18
1789700220,1832.71,1833.03,1832.29,1832.55,1855328,2026-09-18
1789700280,1832.96,1833.41,1832.64,1833.41,2183966,2026-09-18
1789700340,1833.21,1833.3,1833.0,1833.15,2409377,2026-09-18
1789700400,1833.5,1833.81,1833.37,1833.55,1549385,2026-09-18
1789700460,1833.67,1833.92,1833.5,1833.92,1740587,2026-09-18
1789700520,1833.97,1834.03,1833.59,1833.85,1110558,2026-09-18
1789700580,1833.7,1833.9,1833.33,1833.9,1430752,2026-09-18
1789700640,1834.01,1834.22,1833.95,1834.22,1046103,2026-09-18
1789700700,1834.16,1834.49,1834.1,1834.19,1202900,2026-09-18
1789700760,1834.17,1834.82,1834.12,1834.82,3945840,2026-09-18
1789700820,1834.76,1835.02,1834.6,1834.87,2461361,2026-09-18
1789700880,1834.89,1835.41,1834.81,1835.41,3560823,2026-09-18
1789700940,1835.57,1835.95,1835.48,1835.89,3458638,2026-09-18
1789701000,1835.87,1836.1,1835.46,1835.46,2435019,2026-09-18
1789701060,1835.24,1835.8,1835.24,1835.72,1880327,2026-09-18
1789701120,1835.68,1835.82,1835.48,1835.7,1574067,2026-09-18
1789701180,1835.67,1835.71,1835.43,1835.71,1667632,2026-09-18
1789701240,1835.53,1835.53,1834.85,1834.89,1486510,2026-09-18
1789701300,1834.89,1835.57,1834.74,1835.56,2170581,2026-09-18
1789701360,1835.95,1837.2,1835.74,1837.2,3091768,2026-09-18
1789701420,1837.09,1838.45,1837.07,1838.24,4007229,2026-09-18
1789701480,1838.33,1838.8,1838.22,1838.22,3579300,2026-09-18
1789701540,1838.57,1838.57,1838.23,1838.45,2514498,2026-09-18
1789701600,1838.38,1838.83,1838.38,1838.57,1794697,2026-09-18
1789701660,1838.59,1838.83,1838.17,1838.38,1611373,2026-09-18
1789701720,1838.4,1838.41,1838.06,1838.34,2003040,2026-09-18
1789701780,1838.13,1838.22,1837.79,1837.97,2249798,2026-09-18
1789701840,1837.58,1837.9,1837.26,1837.48,1766661,2026-09-18
1789701900,1837.11,1837.48,1837.06,1837.43,2346147,2026-09-18
1789701960,1837.21,1837.43,1837.07,1837.24,1006668,2026-09-18
1789702020,1837.26,1837.42,1837.05,1837.15,1337531,2026-09-18
1789702080,1837.29,1837.81,1837.29,1837.38,1427570,2026-09-18
1789702140,1837.44,1837.48,1836.8,1836.8,1558925,2026-09-18
1789702200,1837.06,1837.47,1837.06,1837.47,1771901,2026-09-18
1789702260,1837.4,1837.4,1836.6,1836.62,1236329,2026-09-18
1789702320,1836.68,1837.02,1836.68,1836.91,2027508,2026-09-18
1789702380,1837.06,1837.06,1836.56,1836.73,2853478,2026-09-18
1789702440,1836.42,1836.8,1836.37,1836.64,2970986,2026-09-18
1789702500,1836.65,1836.88,1836.13,1836.13,1879013,2026-09-18
1789702560,1836.65,1836.72,1836.23,1836.34,1130024,2026-09-18
1789702620,1836.41,1836.69,1836.18,1836.25,1493810,2026-09-18
1789702680,1836.39,1836.8,1836.34,1836.8,1066414,2026-09-18
1789702740,1836.72,1836.82,1836.37,1836.51,1112692,2026-09-18
1789702800,1836.78,1836.83,1836.16,1836.62,1486405,2026-09-18
1789702860,1836.63,1836.82,1836.1,1836.1,1534135,2026-09-18
1789702920,1836.24,1836.71,1836.07,1836.57,1348143,2026-09-18
1789702980,1836.62,1836.97,1836.38,1836.97,1311184,2026-09-18
1789703040,1836.79,1837.19,1836.61,1837.09,2510324,2026-09-18
1789703100,1836.97,1837.48,1836.78,1836.78,2295588,2026-09-18
1789703160,1836.87,1838.19,1836.87,1838.08,1915832,2026-09-18
1789703220,1838.52,1838.75,1838.11,1838.41,2829317,2026-09-18
1789703280,1838.72,1839.15,1838.4,1839.14,1971494,2026-09-18
1789703340,1839.13,1839.77,1839.13,1839.61,3065318,2026-09-18
1789703400,1839.57,1840.02,1839.28,1839.95,2967284,2026-09-18
1789703460,1839.98,1840.76,1839.98,1840.76,1750376,2026-09-18
1789703520,1840.88,1841.15,1840.79,1840.96,2862513,2026-09-18
1789703580,1840.85,1841.2,1840.69,1840.94,3223935,2026-09-18
1789703640,1840.65,1841.14,1840.63,1840.77,3232455,2026-09-18
1789703700,1840.74,1840.85,1840.28,1840.38,3222502,2026-09-18
1789703760,1840.86,1840.93,1840.31,1840.4,3325809,2026-09-18
1789703820,1840.17,1840.23,1839.84,1840.07,1400189,2026-09-18
1789703880,1840.18,1840.18,1839.65,1839.73,1612860,2026-09-18
1789703940,1839.61,1839.9,1839.27,1839.51,1715304,2026-09-18
1789704000,1839.59,1839.59,1839.07,1839.45,1313215,2026-09-18
1789704060,1839.27,1839.29,1838.74,1839.01,1403972,2026-09-18
1789704120,1839.2,1839.29,1838.81,1839.22,1004984,2026-09-18
1789704180,1838.87,1838.97,1838.37,1838.68,1405287,2026-09-18
1789704240,1838.62,1838.9,1838.12,1838.63,2461062,2026-09-18
1789704300,1838.65,1838.74,1838.42,1838.56,2644321,2026-09-18
1789704360,1838.56,1838.64,1838.19,1838.47,2425865,2026-09-18
1789704420,1838.16,1838.76,1838.16,1838.16,2232421,2026-09-18
1789704480,1838.11,1838.59,1837.82,1838.32,1879876,2026-09-18
1789704540,1838.32,1838.32,1837.98,1838.32,1799361,2026-09-18
1789704600,1838.42,1838.91,1838.41,1838.73,1188316,2026-09-18
1789704660,1838.62,1838.83,1838.49,1838.7,3232755,2026-09-18
1789704720,1838.62,1838.8,1838.46,1838.79,1454959,2026-09-18
1789704780,1838.7,1838.83,1838.49,1838.53,1183077,2026-09-18
1789704840,1838.44,1839.03,1838.08,1838.34,1490682,2026-09-18
1789704900,1838.39,1838.71,1838.36,1838.64,1350554,2026-09-18
1789704960,1838.7,1839.05,1838.6,1838.73,1619412,2026-09-18
1789705020,1838.71,1839.05,1838.6,1838.6,1373175,2026-09-18
1789705080,1838.78,1839.13,1838.68,1838.96,1319485,2026-09-18
1789705140,1838.9,1839.26,1838.9,1839.0,1055373,2026-09-18
1789705200,1838.88,1839.33,1838.87,1839.2,1081574,2026-09-18
1789705260,1839.36,1839.37,1838.68,1838.68,1471597,2026-09-18
1789705320,1839.01,1839.5,1838.69,1839.04,1193827,2026-09-18
1789705380,1838.97,1839.47,1838.9,1838.97,1482211,2026-09-18
1789705440,1839.17,1839.3,1838.88,1838.92,1372569,2026-09-18
1789705500,1839.06,1839.42,1838.86,1839.16,1241514,2026-09-18
1789705560,1839.25,1839.51,1839.06,1839.48,896567,2026-09-18
1789705620,1839.55,1839.73,1839.28,1839.7,783455,2026-09-18
1789705680,1839.46,1839.99,1839.46,1839.99,913174,2026-09-18
1789705740,1839.89,1840.12,1839.53,1839.94,1023090,2026-09-18
1789705800,1839.67,1839.67,1839.67,1839.67,162694,2026-09-18
1789711200,1839.13,1839.13,1837.94,1837.97,8561435,2026-09-18
1789711260,1837.75,1837.99,1837.44,1837.87,3763087,2026-09-18
1789711320,1837.69,1837.8,1837.51,1837.52,2289450,2026-09-18
1789711380,1837.58,1837.66,1837.39,1837.48,1484174,2026-09-18
1789711440,1837.64,1837.82,1837.1,1837.6,2013584,2026-09-18
1789711500,1837.4,1837.4,1836.88,1837.05,1956923,2026-09-18
1789711560,1837.55,1837.55,1836.68,1836.91,2667984,2026-09-18
1789711620,1836.91,1837.04,1836.49,1836.49,2881889,2026-09-18
1789711680,1836.37,1836.46,1835.43,1836.42,2198553,2026-09-18
1789711740,1836.26,1836.4,1835.95,1835.95,2431754,2026-09-18
1789711800,1836.11,1836.11,1835.46,1835.76,1773010,2026-09-18
1789711860,1835.76,1835.83,1835.16,1835.16,1720110,2026-09-18
1789711920,1835.25,1835.73,1835.25,1835.55,2074843,2026-09-18
1789711980,1835.49,1835.56,1835.23,1835.45,4710201,2026-09-18
1789712040,1835.92,1835.92,1835.27,1835.8,2071658,2026-09-18
1789712100,1835.82,1836.06,1835.61,1835.71,2560038,2026-09-18
1789712160,1835.64,1836.27,1835.53,1836.05,2700167,2026-09-18
1789712220,1835.89,1836.15,1835.52,1835.78,2447058,2026-09-18
1789712280,1835.78,1836.03,1835.29,1835.48,1942577,2026-09-18
1789712340,1835.45,1835.72,1835.16,1835.64,2378655,2026-09-18
1789712400,1835.75,1835.85,1835.27,1835.79,2537660,2026-09-18
1789712460,1835.75,1836.03,1835.7,1835.76,2042891,2026-09-18
1789712520,1835.88,1836.06,1835.76,1835.76,2364040,2026-09-18
1789712580,1835.8,1836.14,1835.59,1835.71,2615448,2026-09-18
1789712640,1835.88,1836.12,1835.75,1836.0,2629128,2026-09-18
1789712700,1835.82,1835.82,1835.41,1835.6,2069505,2026-09-18
1789712760,1835.67,1835.68,1835.19,1835.68,2669351,2026-09-18
1789712820,1835.48,1835.56,1834.99,1834.99,1815520,2026-09-18
1789712880,1834.89,1835.32,1834.81,1835.16,3010194,2026-09-18
1789712940,1834.94,1835.27,1834.63,1834.99,2577208,2026-09-18
1789713000,1834.9,1834.9,1834.1,1834.25,1971590,2026-09-18
1789713060,1834.47,1834.73,1834.04,1834.62,2369606,2026-09-18
1789713120,1834.68,1834.68,1833.8,1834.07,1937601,2026-09-18
1789713180,1834.04,1834.24,1833.59,1834.11,2246024,2026-09-18
1789713240,1833.7,1833.88,1833.38,1833.8,2326553,2026-09-18
1789713300,1833.51,1834.33,1833.51,1833.95,1727991,2026-09-18
1789713360,1833.97,1834.83,1833.97,1834.83,1877942,2026-09-18
1789713420,1834.52,1834.98,1834.43,1834.58,1277040,2026-09-18
1789713480,1834.78,1834.99,1834.55,1834.99,1741621,2026-09-18
1789713540,1834.84,1835.26,1834.56,1835.26,1376092,2026-09-18
1789713600,1835.32,1835.41,1834.59,1834.9,1666810,2026-09-18
1789713660,1834.83,1835.17,1834.5,1834.75,1709869,2026-09-18
1789713720,1835.1,1835.1,1834.7,1835.1,1216409,2026-09-18
1789713780,1834.56,1835.05,1834.17,1834.39,1488242,2026-09-18
1789713840,1834.21,1834.21,1833.47,1833.47,1788053,2026-09-18
1789713900,1833.51,1834.57,1833.51,1834.22,1995245,2026-09-18
1789713960,1834.26,1834.39,1833.92,1833.92,1446553,2026-09-18
1789714020,1834.16,1834.42,1833.87,1833.95,1746014,2026-09-18
1789714080,1833.8,1834.07,1833.23,1833.24,1425423,2026-09-18
1789714140,1833.28,1834.1,1833.28,1834.1,1813560,2026-09-18
1789714200,1833.81,1833.96,1833.54,1833.6,1908616,2026-09-18
1789714260,1833.2,1833.2,1832.58,1832.58,2195222,2026-09-18
1789714320,1832.61,1832.7,1831.95,1832.67,2000030,2026-09-18
1789714380,1832.68,1832.72,1832.09,1832.54,1908538,2026-09-18
1789714440,1832.26,1832.3,1831.82,1831.82,2822419,2026-09-18
1789714500,1831.9,1831.99,1831.38,1831.7,2038709,2026-09-18
1789714560,1831.6,1831.8,1831.06,1831.8,2287043,2026-09-18
1789714620,1831.45,1831.85,1831.11,1831.55,2637479,2026-09-18
1789714680,1831.76,1831.76,1830.79,1831.41,2218357,2026-09-18
1789714740,1831.09,1831.5,1830.69,1830.69,1652014,2026-09-18
1789714800,1830.46,1830.66,1829.98,1830.25,2360512,2026-09-18
1789714860,1830.05,1830.38,1829.63,1830.09,1957469,2026-09-18
1789714920,1829.61,1830.25,1829.33,1830.05,2606310,2026-09-18
1789714980,1829.64,1830.45,1829.64,1829.72,3278579,2026-09-18
1789715040,1830.14,1830.31,1829.5,1829.53,1975741,2026-09-18
1789715100,1829.68,1830.2,1829.62,1829.67,1651664,2026-09-18
1789715160,1829.49,1830.19,1829.17,1829.43,2578063,2026-09-18
1789715220,1829.65,1830.03,1829.38,1829.53,1973534,2026-09-18
1789715280,1829.18,1829.61,1829.14,1829.26,2037391,2026-09-18
1789715340,1829.5,1829.6,1828.6,1829.0,3472558,2026-09-18
1789715400,1829.04,1829.09,1828.48,1828.48,3015380,2026-09-18
1789715460,1828.11,1828.38,1827.65,1827.76,2695469,2026-09-18
1789715520,1827.48,1827.86,1827.22,1827.53,2330944,2026-09-18
1789715580,1827.3,1827.38,1826.87,1827.08,3019904,2026-09-18
1789715640,1827.1,1827.66,1826.92,1827.1,2791935,2026-09-18
1789715700,1827.22,1827.42,1826.43,1826.43,2976905,2026-09-18
1789715760,1826.74,1827.77,1826.74,1827.38,2757980,2026-09-18
1789715820,1827.39,1828.05,1827.39,1828.05,3203719,2026-09-18
1789715880,1827.25,1828.02,1827.17,1827.54,2101615,2026-09-18
1789715940,1827.38,1827.89,1826.75,1826.75,2394245,2026-09-18
1789716000,1827.1,1827.35,1826.4,1827.18,2465093,2026-09-18
1789716060,1826.87,1827.53,1826.46,1827.1,3180989,2026-09-18
1789716120,1826.98,1827.25,1826.01,1827.25,2716271,2026-09-18
1789716180,1826.73,1827.58,1826.5,1826.84,3307217,2026-09-18
1789716240,1826.75,1827.07,1826.37,1826.87,3697226,2026-09-18
1789716300,1826.82,1827.73,1826.6,1827.73,3952553,2026-09-18
1789716360,1827.35,1828.04,1827.35,1827.64,4110088,2026-09-18
1789716420,1827.71,1828.16,1827.0,1827.72,3938538,2026-09-18
1789716480,1827.84,1829.12,1827.84,1829.12,4477750,2026-09-18
1789716540,1829.07,1829.44,1828.57,1829.04,3511851,2026-09-18
1789716600,1808.96,1808.96,1808.96,1808.96,380391,2026-09-18
1789717080,1821.68,1821.68,1821.68,1821.68,0,2026-09-18
1789717500,1820.86,1820.86,1815.66,1815.66,244756531,2026-09-18
1789718700,1815.66,1815.66,1815.66,1815.66,0,2026-09-18
1789956000,1826.35,1826.35,1826.35,1826.35,0,2026-09-21
1789956060,1829.87,1829.87,1829.87,1829.87,0,2026-09-21
1789956900,1829.03,1829.03,1825.19,1826.13,11258187,2026-09-21
1789956960,1826.06,1827.92,1825.64,1825.95,3651782,2026-09-21
1789957020,1826.31,1827.17,1826.24,1827.15,2525451,2026-09-21
1789957080,1826.82,1827.09,1826.34,1826.82,2753386,2026-09-21
1789957140,1826.53,1826.85,1825.76,1825.8,2171867,2026-09-21
1789957200,1825.28,1825.28,1823.07,1823.2,3139275,2026-09-21
1789957260,1823.15,1823.15,1821.99,1822.22,3713185,2026-09-21
1789957320,1822.23,1822.23,1820.99,1821.37,2290810,2026-09-21
1789957380,1820.69,1820.8,1819.69,1820.26,2455213,2026-09-21
1789957440,1820.33,1820.54,1820.01,1820.08,1947804,2026-09-21
1789957500,1820.26,1820.26,1818.77,1818.91,2542565,2026-09-21
1789957560,1818.35,1818.56,1816.2,1816.4,2448569,2026-09-21
1789957620,1816.26,1816.3,1814.92,1815.44,1878634,2026-09-21
1789957680,1815.76,1817.08,1815.46,1815.56,1939258,2026-09-21
1789957740,1816.27,1816.62,1815.13,1815.44,1749347,2026-09-21
1789957800,1815.27,1816.74,1815.27,1815.72,1263961,2026-09-21
1789957860,1815.6,1816.26,1815.35,1816.26,875996,2026-09-21
1789957920,1816.62,1817.27,1816.32,1817.27,1615175,2026-09-21
1789957980,1817.38,1817.83,1817.11,1817.35,2494670,2026-09-21
1789958040,1817.1,1817.42,1816.91,1816.94,1736558,2026-09-21
1789958100,1817.35,1817.57,1816.72,1816.72,1380242,2026-09-21
1789958160,1817.29,1817.41,1816.52,1816.69,2129500,2026-09-21
1789958220,1816.78,1817.12,1816.3,1816.54,1971750,2026-09-21
1789958280,1816.58,1816.86,1815.91,1816.44,2153027,2026-09-21
1789958340,1817.06,1817.06,1816.47,1817.0,2453059,2026-09-21
1789958400,1816.48,1816.96,1816.2,1816.37,1978154,2026-09-21
1789958460,1816.49,1817.49,1816.38,1817.34,1979889,2026-09-21
1789958520,1817.24,1817.42,1816.67,1816.96,1573974,2026-09-21
1789958580,1817.31,1817.45,1816.48,1816.91,2006878,2026-09-21
1789958640,1816.67,1817.13,1816.65,1816.75,1597297,2026-09-21
1789958700,1816.72,1817.11,1816.45,1816.45,1928941,2026-09-21
1789958760,1815.88,1815.91,1811.06,1811.06,3216365,2026-09-21
1789958820,1811.1,1811.7,1810.96,1811.7,3198852,2026-09-21
1789958880,1811.86,1812.09,1811.55,1811.86,1879980,2026-09-21
1789958940,1811.96,1811.96,1810.48,1810.48,2147685,2026-09-21
1789959000,1809.97,1810.5,1808.44,1808.67,3303754,2026-09-21
1789959060,1809.02,1809.02,1808.3,1808.3,1360413,2026-09-21
1789959120,1808.05,1808.98,1807.87,1808.81,1636497,2026-09-21
1789959180,1808.47,1808.98,1808.11,1808.77,1521071,2026-09-21
1789959240,1808.8,1810.11,1808.8,1810.11,1040302,2026-09-21
1789959300,1810.35,1810.56,1809.66,1809.89,1023997,2026-09-21
1789959360,1810.15,1810.66,1809.96,1810.53,918445,2026-09-21
1789959420,1810.59,1811.47,1810.45,1811.18,1427628,2026-09-21
1789959480,1810.85,1811.38,1810.39,1810.39,715906,2026-09-21
1789959540,1810.74,1810.76,1810.28,1810.55,829077,2026-09-21
1789959600,1810.93,1810.95,1810.27,1810.95,845007,2026-09-21
1789959660,1810.76,1811.11,1810.56,1810.71,857056,2026-09-21
1789959720,1810.97,1811.27,1810.67,1810.83,767025,2026-09-21
1789959780,1811.06,1811.19,1810.6,1810.72,655020,2026-09-21
1789959840,1810.73,1810.92,1810.17,1810.47,998293,2026-09-21
1789959900,1810.5,1810.55,1809.53,1809.76,820342,2026-09-21
1789959960,1809.92,1810.22,1808.93,1810.22,1403554,2026-09-21
1789960020,1810.1,1810.2,1809.83,1810.06,1451190,2026-09-21
1789960080,1810.18,1810.65,1809.93,1810.43,1030050,2026-09-21
1789960140,1810.18,1810.52,1810.01,1810.22,875377,2026-09-21
1789960200,1810.5,1811.49,1809.89,1809.89,1422327,2026-09-21
1789960260,1810.3,1811.01,1809.95,1810.91,1112098,2026-09-21
1789960320,1811.01,1811.12,1810.18,1810.37,989555,2026-09-21
1789960380,1810.46,1811.58,1810.09,1810.31,685759,2026-09-21
1789960440,1810.43,1811.22,1810.43,1810.46,774152,2026-09-21
1789960500,1810.88,1810.95,1810.18,1810.45,1170471,2026-09-21
1789960560,1810.09,1810.72,1810.08,1810.72,1007240,2026-09-21
1789960620,1810.41,1810.41,1809.38,1809.88,998824,2026-09-21
1789960680,1809.67,1810.23,1809.65,1809.77,878293,2026-09-21
1789960740,1810.22,1810.77,1809.63,1809.63,702683,2026-09-21
1789960800,1809.97,1810.4,1809.78,1810.36,590758,2026-09-21
1789960860,1810.37,1810.62,1809.68,1809.87,946830,2026-09-21
1789960920,1809.88,1810.1,1809.73,1809.92,679309,2026-09-21
1789960980,1809.68,1810.18,1809.68,1809.95,681787,2026-09-21
1789961040,1809.88,1810.06,1809.64,1809.64,926506,2026-09-21
1789961100,1809.9,1810.04,1809.52,1809.52,731885,2026-09-21
1789961160,1809.55,1809.84,1809.34,1809.35,850715,2026-09-21
1789961220,1809.29,1810.11,1809.29,1809.51,1087252,2026-09-21
1789961280,1809.61,1809.98,1809.54,1809.84,1164872,2026-09-21
1789961340,1809.89,1810.04,1809.51,1809.52,1441586,2026-09-21
1789961400,1809.92,1810.01,1809.33,1809.35,867428,2026-09-21
1789961460,1809.52,1809.81,1809.24,1809.32,972686,2026-09-21
1789961520,1809.39,1809.89,1809.18,1809.77,1024341,2026-09-21
1789961580,1809.67,1810.24,1809.66,1809.66,658544,2026-09-21
1789961640,1809.7,1809.9,1809.41,1809.41,560928,2026-09-21
1789961700,1809.54,1809.73,1809.05,1809.44,831825,2026-09-21
1789961760,1809.56,1809.91,1809.13,1809.64,528587,2026-09-21
1789961820,1809.62,1809.83,1809.35,1809.56,678991,2026-09-21
1789961880,1809.46,1810.13,1809.25,1810.13,932052,2026-09-21
1789961940,1809.88,1809.99,1809.46,1809.99,505417,2026-09-21
1789962000,1809.71,1810.38,1809.67,1809.93,1217501,2026-09-21
1789962060,1810.1,1810.78,1809.91,1810.78,893214,2026-09-21
1789962120,1810.59,1810.89,1810.5,1810.79,669977,2026-09-21
1789962180,1810.78,1811.49,1810.78,1811.06,958433,2026-09-21
1789962240,1810.91,1811.63,1810.54,1811.16,1087112,2026-09-21
1789962300,1810.99,1811.18,1810.84,1810.84,1034857,2026-09-21
1789962360,1810.91,1810.92,1810.54,1810.63,845190,2026-09-21
1789962420,1810.69,1810.69,1809.97,1810.48,946328,2026-09-21
1789962480,1810.55,1810.57,1810.22,1810.57,1027865,2026-09-21
1789962540,1810.4,1810.68,1810.3,1810.5,1009501,2026-09-21
1789962600,1810.6,1810.82,1810.41,1810.48,795616,2026-09-21
1789962660,1810.56,1811.33,1810.28,1811.3,1172363,2026-09-21
1789962720,1811.06,1811.54,1810.49,1810.49,609034,2026-09-21
1789962780,1810.43,1810.56,1810.13,1810.43,998116,2026-09-21
1789962840,1810.52,1811.18,1810.27,1811.18,1198121,2026-09-21
1789962900,1810.91,1810.93,1810.49,1810.87,1083254,2026-09-21
1789962960,1811.14,1811.34,1810.73,1811.34,1189189,2026-09-21
1789963020,1811.17,1811.32,1810.78,1811.05,1211284,2026-09-21
1789963080,1810.86,1811.17,1810.86,1811.07,1196330,2026-09-21
1789963140,1811.07,1811.57,1810.89,1811.53,1344272,2026-09-21
1789963200,1811.13,1811.32,1810.98,1811.24,1342744,2026-09-21
1789963260,1811.04,1811.19,1810.47,1810.62,1049528,2026-09-21
1789963320,1810.38,1810.88,1810.33,1810.33,857540,2026-09-21
1789963380,1810.34,1810.64,1809.73,1809.73,1061909,2026-09-21
1789963440,1810.01,1810.05,1808.35,1808.35,2362075,2026-09-21
1789963500,1808.39,1808.48,1807.75,1807.81,1527542,2026-09-21
1789963560,1807.71,1807.92,1807.24,1807.46,1761886,2026-09-21
1789963620,1807.79,1807.88,1806.85,1807.24,1384418,2026-09-21
1789963680,1807.01,1807.4,1807.01,1807.16,3860621,2026-09-21
1789963740,1807.36,1807.46,1806.87,1806.99,1096834,2026-09-21
1789963800,1807.3,1807.3,1805.61,1805.81,1859305,2026-09-21
1789963860,1805.68,1805.68,1804.94,1804.94,2390104,2026-09-21
1789963920,1805.13,1805.41,1804.79,1804.79,1547536,2026-09-21
1789963980,1804.69,1804.92,1804.46,1804.89,1019305,2026-09-21
1789964040,1804.89,1805.11,1804.32,1804.77,1548905,2026-09-21
1789964100,1804.53,1805.26,1804.49,1805.05,911155,2026-09-21
1789964160,1804.51,1806.2,1804.51,1806.2,1009148,2026-09-21
1789964220,1806.03,1806.83,1805.77,1806.83,949212,2026-09-21
1789964280,1806.54,1806.75,1806.05,1806.47,857451,2026-09-21
1789964340,1806.32,1807.25,1806.32,1806.9,956408,2026-09-21
1789964400,1807.03,1807.38,1806.81,1806.87,722700,2026-09-21
1789964460,1807.22,1807.31,1806.88,1807.28,1049471,2026-09-21
1789964520,1807.21,1807.61,1807.02,1807.35,656717,2026-09-21
1789964580,1807.58,1807.63,1807.1,1807.63,684827,2026-09-21
1789964640,1807.19,1807.52,1807.02,1807.52,938954,2026-09-21
1789964700,1807.39,1807.43,1806.37,1806.45,819764,2026-09-21
1789964760,1806.53,1806.59,1806.31,1806.4,833524,2026-09-21
1789964820,1806.93,1806.93,1805.97,1806.33,910693,2026-09-21
1789964880,1806.04,1806.38,1806.01,1806.19,1415745,2026-09-21
1789964940,1806.21,1806.6,1805.87,1806.54,758960,2026-09-21
1789965000,1806.44,1806.44,1806.44,1806.44,34063,2026-09-21
1789970400,1805.8,1806.16,1804.79,1804.79,9575852,2026-09-21
1789970460,1804.93,1804.93,1803.97,1804.16,2479600,2026-09-21
1789970520,1804.03,1804.03,1803.24,1803.24,2334331,2026-09-21
1789970580,1803.64,1803.64,1803.0,1803.0,3495777,2026-09-21
1789970640,1803.01,1803.76,1803.01,1803.38,1998512,2026-09-21
1789970700,1803.46,1804.05,1803.23,1804.05,1707670,2026-09-21
1789970760,1804.05,1804.73,1804.05,1804.73,1490457,2026-09-21
1789970820,1804.94,1805.83,1804.86,1805.77,1391948,2026-09-21
1789970880,1805.52,1805.78,1805.37,1805.39,1208616,2026-09-21
1789970940,1805.31,1805.36,1804.55,1804.55,1679009,2026-09-21
1789971000,1804.53,1805.05,1804.39,1804.55,2853884,2026-09-21
1789971060,1804.32,1804.71,1804.21,1804.36,3107909,2026-09-21
1789971120,1804.09,1804.46,1803.46,1803.85,2416715,2026-09-21
1789971180,1803.61,1803.63,1802.63,1803.02,3011494,2026-09-21
1789971240,1802.85,1802.85,1800.91,1801.3,3311820,2026-09-21
1789971300,1801.35,1801.93,1800.81,1801.44,3008041,2026-09-21
1789971360,1801.64,1801.81,1801.2,1801.3,2684577,2026-09-21
1789971420,1801.74,1801.74,1800.47,1800.47,3116341,2026-09-21
1789971480,1800.77,1801.32,1800.43,1801.07,3089957,2026-09-21
1789971540,1801.37,1801.37,1800.77,1800.77,2945807,2026-09-21
1789971600,1800.76,1800.76,1800.26,1800.39,2604932,2026-09-21
1789971660,1800.23,1800.41,1799.29,1799.76,2282246,2026-09-21
1789971720,1799.4,1799.55,1798.5,1798.71,3146491,2026-09-21
1789971780,1798.93,1799.02,1797.64,1797.64,7546406,2026-09-21
1789971840,1797.82,1797.82,1796.84,1797.08,3127623,2026-09-21
1789971900,1796.98,1798.24,1796.75,1797.98,3835657,2026-09-21
1789971960,1797.69,1798.77,1797.44,1798.77,2409394,2026-09-21
1789972020,1798.16,1798.85,1798.02,1798.6,2037366,2026-09-21
1789972080,1798.76,1799.1,1798.63,1799.0,1510143,2026-09-21
1789972140,1798.96,1799.5,1798.75,1799.07,2550013,2026-09-21
1789972200,1798.52,1798.52,1797.97,1798.08,1977859,2026-09-21
1789972260,1798.12,1798.19,1797.35,1798.18,1794923,2026-09-21
1789972320,1797.73,1797.89,1797.28,1797.3,1244867,2026-09-21
1789972380,1797.09,1797.35,1795.7,1795.7,1900363,2026-09-21
1789972440,1795.28,1795.87,1795.27,1795.56,2068856,2026-09-21
1789972500,1795.6,1795.99,1795.4,1795.4,2017261,2026-09-21
1789972560,1795.22,1795.79,1794.73,1794.73,1750511,2026-09-21
1789972620,1794.5,1794.77,1793.78,1793.78,1930316,2026-09-21
1789972680,1793.43,1794.55,1793.43,1794.26,1928386,2026-09-21
1789972740,1794.39,1794.95,1794.39,1794.9,2451494,2026-09-21
1789972800,1794.82,1796.05,1794.82,1795.77,1821865,2026-09-21
1789972860,1796.21,1796.73,1795.7,1796.48,1572453,2026-09-21
1789972920,1796.32,1797.3,1796.32,1796.46,1610000,2026-09-21
1789972980,1796.37,1796.86,1796.0,1796.4,1556943,2026-09-21
1789973040,1796.34,1797.19,1796.34,1796.78,1332801,2026-09-21
1789973100,1797.23,1797.27,1796.15,1796.4,1531604,2026-09-21
1789973160,1797.38,1797.38,1796.03,1796.12,1293785,2026-09-21
1789973220,1796.35,1797.13,1796.07,1797.13,1244496,2026-09-21
1789973280,1797.4,1798.1,1797.17,1797.74,1778287,2026-09-21
1789973340,1797.59,1797.93,1797.45,1797.82,1668965,2026-09-21
1789973400,1797.87,1798.13,1797.6,1798.13,1978742,2026-09-21
1789973460,1798.16,1798.16,1796.57,1796.57,2178494,2026-09-21
1789973520,1796.83,1796.83,1795.81,1796.05,2257754,2026-09-21
1789973580,1795.8,1796.16,1794.89,1794.89,2731001,2026-09-21
1789973640,1794.88,1795.14,1793.47,1793.52,4284642,2026-09-21
1789973700,1793.4,1793.55,1792.18,1792.18,3388740,2026-09-21
1789973760,1792.23,1792.23,1791.53,1791.74,7124981,2026-09-21
1789973820,1791.8,1791.98,1791.33,1791.47,2172561,2026-09-21
1789973880,1791.71,1791.73,1791.43,1791.48,2913733,2026-09-21
1789973940,1791.64,1792.23,1791.34,1791.81,2557314,2026-09-21
1789974000,1792.0,1792.25,1791.73,1791.78,2081656,2026-09-21
1789974060,1792.09,1792.26,1790.61,1790.95,2644947,2026-09-21
1789974120,1790.6,1790.83,1789.89,1790.54,3183966,2026-09-21
1789974180,1790.25,1790.52,1789.13,1789.29,2610421,2026-09-21
1789974240,1788.63,1789.65,1788.63,1789.65,2806206,2026-09-21
1789974300,1789.87,1790.41,1789.11,1789.35,6468099,2026-09-21
1789974360,1789.37,1791.72,1789.36,1791.18,4476420,2026-09-21
1789974420,1791.5,1792.19,1791.5,1792.06,3211350,2026-09-21
1789974480,1792.2,1792.99,1791.63,1792.03,2793540,2026-09-21
1789974540,1792.92,1793.12,1791.73,1792.52,2054483,2026-09-21
1789974600,1793.4,1793.67,1792.11,1793.5,2337335,2026-09-21
1789974660,1793.75,1794.35,1792.88,1794.35,2982363,2026-09-21
1789974720,1794.6,1794.92,1794.22,1794.92,3227803,2026-09-21
1789974780,1794.64,1795.79,1794.64,1795.51,1970924,2026-09-21
1789974840,1795.5,1795.7,1794.15,1794.15,1860127,2026-09-21
1789974900,1794.48,1794.48,1792.4,1792.45,3133291,2026-09-21
1789974960,1792.81,1793.51,1791.93,1791.93,2254945,2026-09-21
1789975020,1791.92,1792.13,1791.08,1791.76,3160266,2026-09-21
1789975080,1791.43,1791.65,1790.35,1790.53,2792569,2026-09-21
1789975140,1790.24,1790.71,1789.55,1789.55,5251900,2026-09-21
1789975200,1789.67,1789.67,1787.46,1787.54,6944600,2026-09-21
1789975260,1787.0,1787.39,1786.69,1787.29,2776445,2026-09-21
1789975320,1787.45,1787.45,1786.37,1787.04,4335139,2026-09-21
1789975380,1787.1,1787.46,1787.0,1787.46,4283831,2026-09-21
1789975440,1787.49,1790.29,1787.09,1790.29,3497431,2026-09-21
1789975500,1790.66,1792.96,1789.31,1792.96,3497075,2026-09-21
1789975560,1792.65,1794.52,1791.31,1793.06,3822577,2026-09-21
1789975620,1794.27,1795.44,1793.54,1794.78,3884211,2026-09-21
1789975680,1794.07,1796.06,1794.07,1794.58,4242704,2026-09-21
1789975740,1794.32,1795.13,1793.41,1793.41,3395179,2026-09-21
1789975800,1809.48,1809.48,1807.2,1807.29,474986,2026-09-21
1789975860,1805.59,1806.03,1805.48,1806.03,0,2026-09-21
1789975920,1788.53,1788.53,1788.02,1788.02,0,2026-09-21
1789975980,1787.43,1787.43,1787.05,1787.05,0,2026-09-21
1789976040,1785.05,1785.05,1785.05,1785.05,0,2026-09-21
1789976160,1784.32,1784.32,1784.32,1784.32,0,2026-09-21
1789976220,1783.79,1783.79,1783.79,1783.79,0,2026-09-21
1789976700,1795.54,1799.67,1795.54,1799.67,60240923,2026-09-21
1789977900,1799.67,1799.67,1799.67,1799.67,0,2026-09-21
1790042400,1794.3,1794.3,1794.3,1794.3,0,2026-09-22
1790043300,1799.67,1799.67,1796.78,1797.05,6445573,2026-09-22
1790043360,1796.54,1797.58,1796.27,1797.58,1625396,2026-09-22
1790043420,1797.53,1797.53,1795.78,1797.21,1505499,2026-09-22
1790043480,1797.17,1797.75,1796.92,1797.75,1216784,2026-09-22
1790043540,1797.55,1797.55,1796.29,1796.29,1326203,2026-09-22
1790043600,1796.25,1797.3,1796.25,1797.3,1437376,2026-09-22
1790043660,1797.49,1797.85,1797.24,1797.35,1421967,2026-09-22
1790043720,1797.23,1797.47,1797.06,1797.06,1116922,2026-09-22
1790043780,1797.11,1797.11,1795.92,1796.53,1499808,2026-09-22
1790043840,1796.41,1796.41,1795.52,1795.53,1089003,2026-09-22
1790043900,1795.35,1795.71,1794.12,1794.57,1864456,2026-09-22
1790043960,1793.95,1793.95,1790.44,1791.95,2252113,2026-09-22
1790044020,1791.52,1791.65,1788.82,1788.97,1742816,2026-09-22
1790044080,1789.05,1790.51,1787.62,1790.49,1734620,2026-09-22
1790044140,1791.92,1793.33,1791.76,1791.94,1616543,2026-09-22
1790044200,1791.98,1792.22,1791.4,1792.11,2258654,2026-09-22
1790044260,1792.28,1792.78,1792.13,1792.78,1447231,2026-09-22
1790044320,1792.83,1795.12,1792.82,1795.12,1742321,2026-09-22
1790044380,1794.99,1795.3,1794.72,1795.3,2007640,2026-09-22
1790044440,1795.17,1796.16,1794.92,1794.92,1578270,2026-09-22
1790044500,1795.21,1796.61,1795.19,1795.42,1376465,2026-09-22
1790044560,1795.48,1796.08,1795.48,1795.97,1400233,2026-09-22
1790044620,1795.97,1797.2,1795.97,1797.2,1546184,2026-09-22
1790044680,1797.32,1798.49,1797.26,1798.1,1843829,2026-09-22
1790044740,1798.55,1798.55,1797.51,1798.37,2606875,2026-09-22
1790044800,1798.53,1799.77,1798.47,1799.77,1850813,2026-09-22
1790044860,1799.89,1802.33,1799.89,1801.7,2071634,2026-09-22
1790044920,1802.43,1803.35,1802.42,1803.35,1611987,2026-09-22
1790044980,1803.75,1806.23,1803.75,1806.23,2012443,2026-09-22
1790045040,1806.14,1806.14,1804.48,1804.91,2567331,2026-09-22
1790045100,1804.92,1805.52,1804.79,1805.27,1799825,2026-09-22
1790045160,1805.23,1805.93,1805.23,1805.4,1679806,2026-09-22
1790045220,1805.51,1806.15,1805.44,1805.97,1770796,2026-09-22
1790045280,1806.23,1806.56,1805.88,1806.56,2061681,2026-09-22
1790045340,1805.95,1807.04,1805.95,1806.92,2117554,2026-09-22
1790045400,1807.12,1808.51,1806.93,1808.4,1778865,2026-09-22
1790045460,1807.74,1808.5,1807.63,1808.47,1880948,2026-09-22
1790045520,1808.28,1809.18,1808.02,1809.18,1548039,2026-09-22
1790045580,1809.21,1809.79,1808.89,1809.7,1399581,2026-09-22
1790045640,1810.13,1810.96,1809.99,1809.99,1956338,2026-09-22
1790045700,1810.92,1811.66,1810.6,1811.66,1454970,2026-09-22
1790045760,1811.66,1813.82,1811.66,1813.82,1269022,2026-09-22
1790045820,1813.7,1813.84,1812.89,1813.58,1818489,2026-09-22
1790045880,1813.12,1813.55,1812.78,1812.81,1738019,2026-09-22
1790045940,1812.66,1812.75,1811.91,1811.91,2179891,2026-09-22
1790046000,1812.29,1812.53,1810.86,1810.98,1897657,2026-09-22
1790046060,1810.85,1811.05,1810.14,1810.14,1312944,2026-09-22
1790046120,1809.99,1810.02,1807.58,1807.58,1451586,2026-09-22
1790046180,1809.65,1810.11,1806.9,1806.9,1481238,2026-09-22
1790046240,1806.95,1807.32,1806.38,1806.64,1564115,2026-09-22
1790046300,1807.16,1808.24,1806.64,1806.68,1270613,2026-09-22
1790046360,1806.95,1808.48,1806.84,1808.48,1053970,2026-09-22
1790046420,1808.57,1808.91,1807.24,1808.91,928250,2026-09-22
1790046480,1808.6,1808.6,1807.33,1807.35,971133,2026-09-22
1790046540,1807.79,1807.79,1806.89,1807.06,926975,2026-09-22
1790046600,1807.14,1807.37,1806.79,1806.79,897262,2026-09-22
1790046660,1806.67,1807.17,1806.49,1806.78,893620,2026-09-22
1790046720,1807.09,1808.47,1806.52,1806.76,965570,2026-09-22
1790046780,1806.57,1807.55,1806.57,1807.55,2367099,2026-09-22
1790046840,1807.62,1807.62,1806.05,1806.05,1455561,2026-09-22
1790046900,1806.1,1806.61,1806.04,1806.07,2090010,2026-09-22
1790046960,1806.62,1807.09,1806.5,1806.5,1301950,2026-09-22
1790047020,1807.2,1807.59,1806.92,1807.3,1261492,2026-09-22
1790047080,1807.81,1808.13,1806.49,1806.49,990290,2026-09-22
1790047140,1807.07,1807.43,1806.71,1807.27,774382,2026-09-22
1790047200,1807.2,1807.35,1806.72,1806.93,935312,2026-09-22
1790047260,1806.64,1807.07,1806.54,1807.02,798038,2026-09-22
1790047320,1806.81,1807.13,1806.69,1806.69,1803603,2026-09-22
1790047380,1806.85,1807.08,1806.54,1807.03,1587080,2026-09-22
1790047440,1806.92,1807.73,1806.92,1807.3,2880110,2026-09-22
1790047500,1807.58,1807.64,1806.83,1806.83,1103406,2026-09-22
1790047560,1807.42,1807.79,1806.97,1807.37,1129049,2026-09-22
1790047620,1807.19,1807.48,1807.19,1807.45,923845,2026-09-22
1790047680,1807.51,1807.66,1807.37,1807.37,846372,2026-09-22
1790047740,1807.64,1807.64,1807.06,1807.28,589155,2026-09-22
1790047800,1806.29,1806.61,1805.62,1806.02,1537036,2026-09-22
1790047860,1806.04,1806.08,1805.52,1806.08,1287750,2026-09-22
1790047920,1806.22,1806.35,1805.73,1806.05,936954,2026-09-22
1790047980,1805.78,1806.12,1805.54,1806.09,893120,2026-09-22
1790048040,1806.19,1806.21,1805.65,1805.95,1017723,2026-09-22
1790048100,1805.91,1806.6,1805.85,1806.03,921989,2026-09-22
1790048160,1806.12,1806.34,1805.58,1806.12,657187,2026-09-22
1790048220,1806.23,1806.92,1805.79,1805.89,1022114,2026-09-22
1790048280,1805.81,1806.48,1805.48,1806.07,1120318,2026-09-22
1790048340,1806.02,1806.02,1805.47,1805.61,998884,2026-09-22
1790048400,1805.58,1805.92,1805.56,1805.78,999552,2026-09-22
1790048460,1805.93,1806.3,1805.44,1806.23,960321,2026-09-22
1790048520,1805.93,1806.33,1805.47,1806.29,803583,2026-09-22
1790048580,1806.43,1806.57,1805.9,1806.24,796295,2026-09-22
1790048640,1806.19,1806.54,1805.95,1806.32,1185487,2026-09-22
1790048700,1806.12,1806.46,1806.01,1806.26,799874,2026-09-22
1790048760,1806.1,1806.62,1804.94,1805.91,1423815,2026-09-22
1790048820,1805.78,1806.23,1805.78,1806.0,647131,2026-09-22
1790048880,1805.89,1806.21,1805.59,1806.08,547982,2026-09-22
1790048940,1806.17,1806.41,1805.45,1805.52,875675,2026-09-22
1790049000,1805.31,1806.07,1805.23,1805.74,975722,2026-09-22
1790049060,1806.13,1806.17,1805.35,1805.35,688363,2026-09-22
1790049120,1805.51,1805.51,1804.43,1804.43,771208,2026-09-22
1790049180,1804.74,1806.01,1804.25,1804.44,537632,2026-09-22
1790049240,1804.21,1805.06,1803.73,1803.98,941197,2026-09-22
1790049300,1804.66,1804.66,1803.37,1803.5,867946,2026-09-22
1790049360,1804.15,1804.18,1802.93,1803.09,864923,2026-09-22
1790049420,1802.89,1802.94,1801.99,1802.07,1340303,2026-09-22
1790049480,1802.07,1803.27,1802.07,1802.07,1116728,2026-09-22
1790049540,1801.94,1803.22,1801.94,1802.04,920231,2026-09-22
1790049600,1802.21,1803.18,1801.76,1801.76,1012009,2026-09-22
1790049660,1801.64,1802.81,1801.62,1801.68,807906,2026-09-22
1790049720,1801.85,1802.62,1801.35,1801.52,843989,2026-09-22
1790049780,1803.15,1803.15,1801.27,1801.36,1024311,2026-09-22
1790049840,1801.12,1802.37,1801.07,1801.07,1038526,2026-09-22
1790049900,1801.35,1802.11,1800.76,1802.11,1016775,2026-09-22
1790049960,1801.0,1802.07,1800.62,1801.11,726631,2026-09-22
1790050020,1800.62,1802.52,1800.62,1802.52,862023,2026-09-22
1790050080,1800.9,1801.42,1800.66,1800.7,1000826,2026-09-22
1790050140,1800.91,1802.26,1800.82,1801.03,1155334,2026-09-22
1790050200,1801.14,1802.08,1800.42,1800.42,736988,2026-09-22
1790050260,1802.52,1802.52,1800.47,1800.51,670821,2026-09-22
1790050320,1800.78,1801.1,1799.54,1799.54,979671,2026-09-22
1790050380,1799.33,1800.32,1799.33,1799.74,1340952,2026-09-22
1790050440,1799.79,1801.56,1799.3,1799.38,1112075,2026-09-22
1790050500,1799.49,1801.61,1799.23,1800.22,946586,2026-09-22
1790050560,1801.28,1801.86,1799.57,1799.57,1210926,2026-09-22
1790050620,1801.32,1801.36,1799.67,1799.84,1393806,2026-09-22
1790050680,1799.8,1801.04,1799.5,1799.86,1203730,2026-09-22
1790050740,1801.12,1801.5,1800.21,1800.62,1660858,2026-09-22
1790050800,1801.12,1802.79,1800.74,1802.79,4030420,2026-09-22
1790050860,1802.54,1803.38,1802.21,1803.16,1043558,2026-09-22
1790050920,1803.27,1804.09,1803.03,1804.09,823472,2026-09-22
1790050980,1804.11,1804.5,1803.85,1804.4,912562,2026-09-22
1790051040,1804.14,1804.81,1804.14,1804.81,750161,2026-09-22
1790051100,1805.1,1808.28,1805.1,1808.21,2189029,2026-09-22
1790051160,1808.19,1809.54,1808.05,1809.5,1805524,2026-09-22
1790051220,1809.47,1809.64,1808.75,1808.75,969724,2026-09-22
1790051280,1808.76,1809.3,1808.45,1808.75,1172487,2026-09-22
1790051340,1809.06,1809.19,1808.55,1809.19,734959,2026-09-22
1790051400,1809.22,1809.22,1809.22,1809.22,162900,2026-09-22
1790056800,1805.06,1807.65,1805.06,1807.31,7777339,2026-09-22
1790056860,1807.64,1809.6,1807.58,1808.23,1923710,2026-09-22
1790056920,1808.08,1809.77,1806.5,1806.73,1415995,2026-09-22
1790056980,1806.71,1806.71,1805.49,1805.81,1753899,2026-09-22
1790057040,1805.86,1807.61,1805.45,1807.53,1754243,2026-09-22
1790057100,1807.56,1807.56,1806.77,1807.13,1067587,2026-09-22
1790057160,1807.02,1807.08,1805.31,1805.34,1995260,2026-09-22
1790057220,1805.86,1807.02,1805.86,1806.95,2713882,2026-09-22
1790057280,1806.85,1806.85,1805.54,1806.85,1141785,2026-09-22
1790057340,1805.99,1807.12,1805.99,1806.82,1529912,2026-09-22
1790057400,1805.77,1806.81,1805.72,1806.59,1039086,2026-09-22
1790057460,1806.63,1806.77,1805.38,1805.69,1482313,2026-09-22
1790057520,1805.55,1806.61,1805.48,1806.26,1500829,2026-09-22
1790057580,1806.09,1806.88,1806.09,1806.16,1168596,2026-09-22
1790057640,1806.32,1806.53,1805.95,1806.53,2214518,2026-09-22
1790057700,1806.46,1806.66,1806.26,1806.5,2024074,2026-09-22
1790057760,1806.57,1806.7,1806.03,1806.03,1036961,2026-09-22
1790057820,1805.94,1806.05,1805.16,1805.74,1180827,2026-09-22
1790057880,1805.39,1805.51,1804.73,1804.79,1155395,2026-09-22
1790057940,1805.18,1805.52,1804.99,1805.4,1222243,2026-09-22
1790058000,1805.24,1805.35,1803.94,1803.94,1715588,2026-09-22
1790058060,1804.31,1804.54,1803.68,1803.68,1951410,2026-09-22
1790058120,1803.73,1803.92,1803.08,1803.08,1065721,2026-09-22
1790058180,1802.93,1803.87,1802.92,1803.54,1083225,2026-09-22
1790058240,1803.34,1804.04,1803.27,1804.04,1957230,2026-09-22
1790058300,1803.92,1804.7,1803.58,1804.54,1319332,2026-09-22
1790058360,1804.54,1805.21,1804.54,1805.21,1157773,2026-09-22
1790058420,1805.08,1806.28,1805.08,1806.28,1288350,2026-09-22
1790058480,1806.44,1806.44,1805.71,1805.88,1279006,2026-09-22
1790058540,1805.82,1805.99,1805.47,1805.79,1189390,2026-09-22
1790058600,1805.66,1805.93,1804.78,1805.9,1481765,2026-09-22
1790058660,1805.27,1805.56,1804.68,1804.87,1579305,2026-09-22
1790058720,1804.69,1805.38,1804.6,1804.6,1437432,2026-09-22
1790058780,1804.91,1805.04,1804.03,1804.16,2050519,2026-09-22
1790058840,1804.09,1804.62,1803.63,1804.44,1537214,2026-09-22
1790058900,1804.67,1805.27,1804.18,1805.23,1273296,2026-09-22
1790058960,1805.13,1805.14,1804.85,1805.11,1672605,2026-09-22
1790059020,1805.15,1805.15,1804.57,1804.91,1067749,2026-09-22
1790059080,1804.91,1805.39,1804.55,1805.34,1250120,2026-09-22
1790059140,1805.48,1806.77,1805.48,1806.19,1703479,2026-09-22
1790059200,1806.28,1806.78,1806.13,1806.78,1400562,2026-09-22
1790059260,1807.17,1807.17,1806.79,1807.06,1344580,2026-09-22
1790059320,1807.06,1808.27,1806.88,1808.08,1756174,2026-09-22
1790059380,1808.37,1809.19,1808.31,1809.04,1959954,2026-09-22
1790059440,1809.04,1809.42,1808.83,1809.1,3502227,2026-09-22
1790059500,1809.03,1809.71,1809.03,1809.71,1337575,2026-09-22
1790059560,1809.46,1812.1,1809.05,1811.76,1563452,2026-09-22
1790059620,1811.53,1811.83,1810.51,1810.84,1624249,2026-09-22
1790059680,1810.88,1810.88,1810.22,1810.49,1894152,2026-09-22
1790059740,1810.78,1810.93,1810.33,1810.33,1689666,2026-09-22
1790059800,1810.67,1811.3,1810.45,1810.65,1693070,2026-09-22
1790059860,1810.87,1811.27,1810.78,1810.99,1890751,2026-09-22
1790059920,1811.11,1811.88,1810.85,1811.71,1829220,2026-09-22
1790059980,1811.9,1812.5,1811.7,1812.32,2977387,2026-09-22
1790060040,1812.52,1812.92,1812.3,1812.41,1954325,2026-09-22
1790060100,1812.54,1812.85,1812.16,1812.16,1999869,2026-09-22
1790060160,1811.96,1812.27,1811.54,1811.71,2163703,2026-09-22
1790060220,1811.93,1812.66,1811.59,1812.66,2231060,2026-09-22
1790060280,1812.41,1812.83,1812.13,1812.63,2020515,2026-09-22
1790060340,1813.08,1813.46,1812.7,1813.05,1653200,2026-09-22
1790060400,1813.1,1813.92,1813.07,1813.63,2258548,2026-09-22
1790060460,1813.92,1815.71,1813.72,1815.57,2056864,2026-09-22
1790060520,1815.46,1815.52,1814.87,1814.89,2081560,2026-09-22
1790060580,1815.15,1815.15,1814.78,1814.79,2468584,2026-09-22
1790060640,1814.65,1814.93,1814.55,1814.9,1643850,2026-09-22
1790060700,1814.68,1815.27,1813.27,1813.7,1829399,2026-09-22
1790060760,1813.45,1813.45,1810.92,1811.77,2302932,2026-09-22
1790060820,1811.56,1811.56,1810.6,1811.15,2501107,2026-09-22
1790060880,1810.83,1811.78,1810.52,1810.52,2477826,2026-09-22
1790060940,1810.77,1810.98,1809.19,1809.77,2580936,2026-09-22
1790061000,1811.06,1811.09,1809.6,1810.17,2248541,2026-09-22
1790061060,1809.85,1812.14,1809.76,1811.79,2159210,2026-09-22
1790061120,1811.61,1812.05,1811.42,1811.5,2676252,2026-09-22
1790061180,1811.59,1812.21,1810.83,1810.86,1615189,2026-09-22
1790061240,1810.66,1811.34,1810.55,1810.86,1632432,2026-09-22
1790061300,1810.45,1811.34,1810.45,1811.13,2069798,2026-09-22
1790061360,1810.74,1811.03,1810.24,1810.47,1856420,2026-09-22
1790061420,1809.96,1810.71,1809.83,1810.71,1671112,2026-09-22
1790061480,1810.99,1810.99,1810.53,1810.69,1733776,2026-09-22
1790061540,1810.78,1810.9,1809.9,1809.9,2117925,2026-09-22
1790061600,1810.09,1810.2,1809.6,1810.07,2052398,2026-09-22
1790061660,1809.77,1810.83,1809.76,1810.53,1996651,2026-09-22
1790061720,1810.59,1811.29,1810.59,1811.14,1877159,2026-09-22
1790061780,1811.08,1811.87,1810.97,1811.81,1564847,2026-09-22
1790061840,1812.08,1812.73,1811.87,1812.73,2147477,2026-09-22
1790061900,1812.8,1812.9,1812.46,1812.81,2482438,2026-09-22
1790061960,1812.9,1814.32,1812.9,1814.1,2439486,2026-09-22
1790062020,1814.11,1814.91,1814.11,1814.69,2782855,2026-09-22
1790062080,1814.1,1814.82,1813.79,1814.82,4421393,2026-09-22
1790062140,1814.85,1814.96,1814.04,1814.27,3252463,2026-09-22
1790062200,1821.44,1827.64,1821.44,1827.64,313679,2026-09-22
1790062380,1822.17,1822.17,1822.17,1822.17,0,2026-09-22
1790062500,1818.84,1818.84,1818.74,1818.75,0,2026-09-22
1790062620,1817.24,1817.24,1817.23,1817.23,0,2026-09-22
1790062680,1816.89,1816.89,1816.89,1816.89,0,2026-09-22
1790062800,1817.08,1817.11,1817.08,1817.11,0,2026-09-22
1790062980,1817.22,1817.22,1817.22,1817.22,0,2026-09-22
1790063100,1816.93,1816.93,1816.93,1816.93,35335262,2026-09-22
1790064300,1816.93,1816.93,1816.93,1816.93,0,2026-09-22
1790128800,1820.5,1820.72,1820.5,1820.72,0,2026-09-23
1790129040,1820.76,1820.76,1820.76,1820.76,0,2026-09-23
1790129220,1818.02,1818.02,1818.02,1818.02,0,2026-09-23
1790129340,1817.71,1817.71,1817.71,1817.71,0,2026-09-23
1790129700,1816.93,1818.06,1816.93,1817.86,5233638,2026-09-23
1790129760,1817.8,1819.65,1816.94,1818.6,2353668,2026-09-23
1790129820,1819.68,1819.68,1816.75,1817.54,2353321,2026-09-23
1790129880,1817.76,1818.28,1817.38,1817.81,1883937,2026-09-23
1790129940,1817.72,1818.47,1817.51,1818.17,1530056,2026-09-23
1790130000,1817.65,1818.37,1817.17,1817.52,1607881,2026-09-23
1790130060,1817.29,1818.88,1817.29,1818.88,1958632,2026-09-23
1790130120,1818.78,1819.88,1818.72,1819.62,2299118,2026-09-23
1790130180,1819.69,1820.77,1819.69,1820.26,1904813,2026-09-23
1790130240,1820.19,1820.66,1820.19,1820.66,1915313,2026-09-23
1790130300,1820.67,1820.77,1819.86,1820.49,2752988,2026-09-23
1790130360,1820.28,1820.63,1819.88,1819.88,2365052,2026-09-23
1790130420,1820.12,1820.7,1820.08,1820.64,2397368,2026-09-23
1790130480,1820.8,1820.87,1819.58,1819.58,1844566,2026-09-23
1790130540,1819.81,1819.81,1818.78,1819.29,1927466,2026-09-23
1790130600,1819.33,1819.33,1818.47,1818.7,2717484,2026-09-23
1790130660,1818.66,1818.96,1818.51,1818.6,2776000,2026-09-23
1790130720,1818.71,1819.08,1818.28,1818.58,2068922,2026-09-23
1790130780,1818.59,1818.74,1817.24,1817.24,1757652,2026-09-23
1790130840,1817.57,1818.01,1817.47,1817.81,1569229,2026-09-23
1790130900,1817.99,1818.01,1817.33,1817.61,2337451,2026-09-23
1790130960,1817.89,1818.17,1817.54,1818.08,2333005,2026-09-23
1790131020,1818.07,1818.92,1818.07,1818.91,1423415,2026-09-23
1790131080,1819.28,1819.97,1818.83,1819.96,3603158,2026-09-23
1790131140,1819.76,1819.76,1818.24,1818.33,2906751,2026-09-23
1790131200,1818.08,1818.93,1818.07,1818.07,1993770,2026-09-23
1790131260,1818.23,1818.31,1817.47,1817.53,3123405,2026-09-23
1790131320,1817.24,1817.36,1816.05,1816.05,1606177,2026-09-23
1790131380,1815.72,1816.42,1815.51,1816.41,2286523,2026-09-23
1790131440,1815.66,1816.39,1815.43,1816.08,2012313,2026-09-23
1790131500,1816.14,1816.37,1815.99,1816.09,1410471,2026-09-23
1790131560,1816.11,1816.27,1815.85,1816.27,1879781,2026-09-23
1790131620,1816.06,1816.45,1816.03,1816.45,1179968,2026-09-23
1790131680,1816.48,1816.48,1816.05,1816.44,4937334,2026-09-23
1790131740,1816.41,1816.82,1816.29,1816.62,4267185,2026-09-23
1790131800,1816.75,1816.89,1816.21,1816.86,2041198,2026-09-23
1790131860,1816.76,1817.98,1816.62,1817.63,4874295,2026-09-23
1790131920,1817.82,1819.63,1817.82,1819.6,3237896,2026-09-23
1790131980,1819.59,1820.51,1819.59,1820.11,3005744,2026-09-23
1790132040,1820.07,1820.79,1819.99,1820.57,3407493,2026-09-23
1790132100,1820.6,1820.88,1820.04,1820.17,2464951,2026-09-23
1790132160,1820.48,1820.98,1820.33,1820.51,2461343,2026-09-23
1790132220,1820.75,1821.24,1820.37,1820.92,3783827,2026-09-23
1790132280,1820.99,1821.68,1820.99,1821.68,4165190,2026-09-23
1790132340,1821.84,1821.84,1820.91,1821.58,3397267,2026-09-23
1790132400,1821.21,1822.24,1821.21,1822.24,3289300,2026-09-23
1790132460,1822.39,1822.62,1822.25,1822.31,2319101,2026-09-23
1790132520,1822.35,1822.67,1822.19,1822.67,2446173,2026-09-23
1790132580,1822.49,1822.57,1821.61,1821.85,2163448,2026-09-23
1790132640,1821.97,1821.98,1821.28,1821.52,2249934,2026-09-23
1790132700,1821.24,1822.13,1821.24,1821.47,1301550,2026-09-23
1790132760,1821.91,1821.91,1820.69,1820.69,1615502,2026-09-23
1790132820,1820.75,1821.39,1820.75,1821.16,1494902,2026-09-23
1790132880,1821.29,1821.33,1820.82,1821.26,1619058,2026-09-23
1790132940,1821.34,1821.52,1820.77,1821.0,1346922,2026-09-23
1790133000,1821.06,1821.15,1820.72,1820.92,1380404,2026-09-23
1790133060,1820.9,1821.23,1820.63,1820.63,1331083,2026-09-23
1790133120,1820.53,1820.76,1820.33,1820.39,1424245,2026-09-23
1790133180,1820.54,1820.82,1820.37,1820.7,1677583,2026-09-23
1790133240,1820.52,1820.52,1820.01,1820.47,1457151,2026-09-23
1790133300,1820.43,1820.43,1819.38,1819.47,1266568,2026-09-23
1790133360,1819.46,1819.5,1818.67,1818.75,1672542,2026-09-23
1790133420,1818.52,1818.78,1818.19,1818.19,2050639,2026-09-23
1790133480,1818.41,1818.69,1818.13,1818.48,2025505,2026-09-23
1790133540,1818.43,1818.54,1817.86,1817.86,1739746,2026-09-23
1790133600,1817.74,1818.06,1817.58,1818.06,2545261,2026-09-23
1790133660,1817.8,1818.21,1817.8,1817.88,2066324,2026-09-23
1790133720,1818.05,1818.31,1817.79,1817.79,1689198,2026-09-23
1790133780,1817.98,1817.98,1816.83,1816.83,1772468,2026-09-23
1790133840,1817.04,1817.04,1816.46,1816.46,2050602,2026-09-23
1790133900,1815.95,1816.09,1814.74,1814.74,1708122,2026-09-23
1790133960,1814.74,1815.27,1814.13,1815.27,2371946,2026-09-23
1790134020,1815.11,1815.7,1815.11,1815.24,1686662,2026-09-23
1790134080,1815.07,1815.25,1814.61,1814.91,1612801,2026-09-23
1790134140,1815.11,1815.11,1814.04,1814.1,1705209,2026-09-23
1790134200,1814.22,1814.52,1813.83,1814.19,1515400,2026-09-23
1790134260,1814.37,1814.44,1814.09,1814.13,1117415,2026-09-23
1790134320,1814.15,1814.15,1813.72,1814.02,1159544,2026-09-23
1790134380,1813.81,1814.0,1813.65,1813.69,1220748,2026-09-23
1790134440,1813.72,1813.92,1813.41,1813.54,1256312,2026-09-23
1790134500,1813.04,1813.14,1812.61,1812.96,1831010,2026-09-23
1790134560,1812.82,1812.96,1812.51,1812.64,1107423,2026-09-23
1790134620,1812.99,1813.21,1812.55,1813.17,878156,2026-09-23
1790134680,1813.03,1813.29,1812.66,1812.93,1051190,2026-09-23
1790134740,1813.31,1814.35,1813.28,1813.77,1656592,2026-09-23
1790134800,1813.93,1813.93,1813.51,1813.63,965288,2026-09-23
1790134860,1813.72,1813.85,1813.34,1813.45,774199,2026-09-23
1790134920,1813.38,1813.87,1813.19,1813.19,1243172,2026-09-23
1790134980,1813.11,1813.21,1812.82,1813.17,1108670,2026-09-23
1790135040,1813.28,1813.35,1812.79,1812.93,1308965,2026-09-23
1790135100,1813.02,1813.06,1812.74,1812.87,919820,2026-09-23
1790135160,1812.85,1812.85,1812.44,1812.75,900495,2026-09-23
1790135220,1812.94,1813.14,1812.78,1813.12,749585,2026-09-23
1790135280,1813.1,1813.35,1812.71,1813.33,1097994,2026-09-23
1790135340,1813.19,1813.96,1812.91,1813.72,1080148,2026-09-23
1790135400,1814.46,1814.46,1814.03,1814.31,1320796,2026-09-23
1790135460,1814.37,1815.28,1814.02,1815.07,1219672,2026-09-23
1790135520,1815.52,1815.69,1815.3,1815.44,1351829,2026-09-23
1790135580,1815.83,1816.29,1815.51,1815.97,1086349,2026-09-23
1790135640,1816.0,1816.18,1815.84,1816.15,1462992,2026-09-23
1790135700,1815.91,1816.17,1815.62,1815.71,749234,2026-09-23
1790135760,1815.78,1815.94,1815.34,1815.94,685875,2026-09-23
1790135820,1816.19,1816.34,1815.78,1815.83,687130,2026-09-23
1790135880,1815.82,1816.01,1815.34,1815.65,748474,2026-09-23
1790135940,1815.64,1815.69,1815.08,1815.36,820681,2026-09-23
1790136000,1815.34,1818.5,1815.34,1818.5,2403646,2026-09-23
1790136060,1818.57,1819.23,1818.03,1819.14,2106042,2026-09-23
1790136120,1819.16,1820.35,1819.08,1820.35,2380767,2026-09-23
1790136180,1820.04,1820.04,1818.95,1819.09,2243072,2026-09-23
1790136240,1818.82,1819.06,1818.74,1818.74,1730098,2026-09-23
1790136300,1818.86,1819.19,1818.66,1818.66,1110694,2026-09-23
1790136360,1818.78,1819.25,1818.78,1819.25,1877622,2026-09-23
1790136420,1818.85,1818.98,1818.69,1818.96,899823,2026-09-23
1790136480,1819.01,1819.15,1818.39,1818.91,889037,2026-09-23
1790136540,1818.85,1819.2,1818.64,1818.88,1787299,2026-09-23
1790136600,1819.17,1819.17,1818.22,1818.22,893319,2026-09-23
1790136660,1818.39,1819.09,1818.32,1819.09,949350,2026-09-23
1790136720,1819.02,1819.02,1818.15,1818.15,921475,2026-09-23
1790136780,1818.62,1818.78,1818.08,1818.14,693513,2026-09-23
1790136840,1818.5,1818.61,1818.21,1818.41,878920,2026-09-23
1790136900,1818.45,1819.32,1818.03,1818.58,1688632,2026-09-23
1790136960,1818.64,1818.76,1818.37,1818.5,656502,2026-09-23
1790137020,1818.58,1818.78,1818.49,1818.71,765417,2026-09-23
1790137080,1818.54,1818.8,1818.29,1818.46,1030942,2026-09-23
1790137140,1818.25,1818.49,1818.04,1818.32,589680,2026-09-23
1790137200,1817.99,1818.07,1817.59,1817.71,545597,2026-09-23
1790137260,1817.63,1818.34,1817.63,1818.07,1116114,2026-09-23
1790137320,1818.24,1818.34,1817.78,1817.87,1060631,2026-09-23
1790137380,1817.72,1817.91,1817.55,1817.74,1010612,2026-09-23
1790137440,1817.89,1818.26,1817.8,1818.15,790439,2026-09-23
1790137500,1818.19,1818.27,1817.93,1818.26,701788,2026-09-23
1790137560,1818.23,1819.39,1818.09,1819.01,1540062,2026-09-23
1790137620,1819.1,1819.64,1819.1,1819.43,1112494,2026-09-23
1790137680,1819.4,1819.59,1818.86,1818.96,781320,2026-09-23
1790137740,1818.91,1819.15,1818.81,1819.07,1120740,2026-09-23
1790137800,1819.14,1819.14,1819.14,1819.14,182406,2026-09-23
1790143200,1818.52,1818.61,1817.38,1817.38,9377083,2026-09-23
1790143260,1817.46,1819.09,1817.46,1818.75,2320607,2026-09-23
1790143320,1818.77,1819.11,1817.82,1818.89,1425479,2026-09-23
1790143380,1819.11,1819.37,1818.69,1818.69,2073766,2026-09-23
1790143440,1818.75,1819.29,1818.23,1818.7,2469040,2026-09-23
1790143500,1818.47,1818.56,1817.66,1817.73,2613781,2026-09-23
1790143560,1817.86,1817.86,1817.0,1817.0,3112132,2026-09-23
1790143620,1817.2,1817.27,1816.74,1816.92,2426853,2026-09-23
1790143680,1817.03,1817.31,1816.36,1816.36,2140315,2026-09-23
1790143740,1816.61,1816.61,1815.3,1815.55,2802352,2026-09-23
1790143800,1815.46,1815.61,1813.82,1814.6,3113671,2026-09-23
1790143860,1814.72,1814.72,1813.15,1814.14,2664083,2026-09-23
1790143920,1813.93,1814.07,1813.69,1813.81,2429820,2026-09-23
1790143980,1813.38,1813.49,1812.51,1812.68,2432812,2026-09-23
1790144040,1812.55,1812.55,1811.89,1812.41,2168384,2026-09-23
1790144100,1812.18,1812.61,1812.18,1812.39,1514313,2026-09-23
1790144160,1812.34,1813.0,1812.33,1812.73,1604650,2026-09-23
1790144220,1812.72,1813.15,1812.61,1813.05,1595760,2026-09-23
1790144280,1812.97,1813.42,1812.97,1813.31,1535868,2026-09-23
1790144340,1813.54,1813.56,1813.22,1813.49,1558511,2026-09-23
1790144400,1813.41,1813.67,1813.15,1813.2,1886050,2026-09-23
1790144460,1813.17,1813.5,1813.11,1813.5,1391121,2026-09-23
1790144520,1813.3,1813.3,1812.55,1812.56,1797854,2026-09-23
1790144580,1812.36,1812.36,1811.09,1811.76,1569813,2026-09-23
1790144640,1811.58,1811.58,1810.36,1810.92,2092951,2026-09-23
1790144700,1810.93,1810.94,1810.42,1810.81,2094352,2026-09-23
1790144760,1810.66,1810.88,1810.49,1810.54,1602271,2026-09-23
1790144820,1810.5,1810.6,1810.34,1810.4,1829823,2026-09-23
1790144880,1810.51,1811.19,1810.2,1811.19,1294555,2026-09-23
1790144940,1810.98,1811.11,1810.41,1810.64,1754934,2026-09-23
1790145000,1810.67,1811.18,1810.51,1810.98,1748619,2026-09-23
1790145060,1810.64,1810.72,1810.26,1810.26,1995924,2026-09-23
1790145120,1810.24,1810.36,1809.9,1810.15,1535385,2026-09-23
1790145180,1809.91,1810.37,1809.91,1810.37,3186883,2026-09-23
1790145240,1810.33,1810.33,1809.81,1810.13,2003656,2026-09-23
1790145300,1809.79,1809.94,1809.05,1809.21,1764791,2026-09-23
1790145360,1809.22,1809.49,1809.15,1809.27,1765275,2026-09-23
1790145420,1809.04,1809.8,1809.04,1809.55,1720869,2026-09-23
1790145480,1809.64,1809.72,1809.42,1809.42,1890885,2026-09-23
1790145540,1809.62,1809.72,1809.27,1809.33,2102641,2026-09-23
1790145600,1809.51,1809.71,1809.44,1809.49,1772112,2026-09-23
1790145660,1809.41,1809.57,1809.07,1809.07,1431626,2026-09-23
1790145720,1809.22,1809.28,1807.93,1807.93,1880434,2026-09-23
1790145780,1808.42,1808.42,1807.71,1807.99,1382165,2026-09-23
1790145840,1808.05,1808.05,1806.99,1806.99,1732578,2026-09-23
1790145900,1807.25,1807.43,1806.58,1806.59,2253360,2026-09-23
1790145960,1806.48,1807.23,1806.48,1807.15,2330657,2026-09-23
1790146020,1807.17,1807.17,1806.89,1807.06,1791175,2026-09-23
1790146080,1807.04,1807.48,1806.99,1807.17,2173836,2026-09-23
1790146140,1807.3,1807.66,1807.2,1807.54,1731093,2026-09-23
1790146200,1807.4,1807.54,1806.93,1807.0,1681459,2026-09-23
1790146260,1807.06,1807.5,1807.06,1807.29,1704438,2026-09-23
1790146320,1807.63,1807.69,1807.19,1807.45,1379298,2026-09-23
1790146380,1807.57,1807.71,1807.22,1807.29,1665489,2026-09-23
1790146440,1807.58,1807.6,1807.16,1807.55,1298444,2026-09-23
1790146500,1807.31,1807.93,1807.27,1807.93,960667,2026-09-23
1790146560,1807.75,1807.93,1807.52,1807.93,1259774,2026-09-23
1790146620,1808.03,1808.03,1807.39,1807.7,1865748,2026-09-23
1790146680,1807.66,1807.66,1806.89,1806.89,1274601,2026-09-23
1790146740,1807.01,1807.06,1806.14,1806.14,1705123,2026-09-23
1790146800,1806.15,1806.44,1806.15,1806.34,1979238,2026-09-23
1790146860,1806.0,1806.5,1805.76,1805.76,1614765,2026-09-23
1790146920,1805.96,1805.96,1805.09,1805.29,2007517,2026-09-23
1790146980,1805.33,1805.41,1804.91,1804.96,1999599,2026-09-23
1790147040,1804.98,1805.27,1804.81,1804.94,1917816,2026-09-23
1790147100,1804.68,1805.16,1803.99,1804.41,2329429,2026-09-23
1790147160,1803.51,1804.03,1803.5,1803.71,1777023,2026-09-23
1790147220,1803.95,1804.18,1803.63,1803.82,2956460,2026-09-23
1790147280,1804.3,1804.5,1803.95,1804.33,1879390,2026-09-23
1790147340,1804.17,1804.2,1803.72,1803.97,1994312,2026-09-23
1790147400,1804.29,1804.43,1803.85,1803.93,2261245,2026-09-23
1790147460,1803.75,1804.67,1803.75,1804.05,2564522,2026-09-23
1790147520,1804.24,1804.48,1803.33,1803.6,2956686,2026-09-23
1790147580,1803.84,1803.84,1802.8,1803.34,2738771,2026-09-23
1790147640,1803.12,1803.17,1802.39,1802.97,2428454,2026-09-23
1790147700,1803.14,1803.45,1802.92,1803.4,2707017,2026-09-23
1790147760,1803.47,1803.86,1802.95,1803.07,4172114,2026-09-23
1790147820,1802.89,1802.89,1801.97,1802.01,2739095,2026-09-23
1790147880,1802.3,1802.41,1801.76,1801.9,4451366,2026-09-23
1790147940,1801.86,1802.45,1801.68,1802.45,6779902,2026-09-23
1790148000,1802.17,1803.11,1802.17,1802.95,3330879,2026-09-23
1790148060,1802.9,1804.48,1802.9,1804.33,2515502,2026-09-23
1790148120,1804.36,1804.66,1803.97,1804.33,2800122,2026-09-23
1790148180,1804.27,1804.48,1803.85,1804.38,2473624,2026-09-23
1790148240,1803.12,1803.94,1803.12,1803.65,2543771,2026-09-23
1790148300,1803.24,1803.91,1803.14,1803.14,2541154,2026-09-23
1790148360,1803.18,1803.64,1802.7,1802.7,2476620,2026-09-23
1790148420,1803.72,1803.73,1802.77,1803.3,3901986,2026-09-23
1790148480,1803.33,1803.6,1802.99,1803.6,3890264,2026-09-23
1790148540,1803.63,1803.85,1803.29,1803.61,4453413,2026-09-23
1790148600,1801.17,1801.69,1801.17,1801.61,527355,2026-09-23
1790148660,1801.54,1801.54,1801.54,1801.54,0,2026-09-23
1790148720,1800.69,1800.69,1800.69,1800.69,0,2026-09-23
1790148780,1800.52,1800.75,1800.52,1800.75,0,2026-09-23
1790148840,1800.19,1800.19,1800.18,1800.18,0,2026-09-23
1790148900,1800.15,1800.15,1800.08,1800.08,0,2026-09-23
1790149020,1798.36,1798.36,1798.36,1798.36,0,2026-09-23
1790149140,1799.72,1799.72,1799.72,1799.72,0,2026-09-23
1790149320,1799.54,1799.54,1799.54,1799.54,0,2026-09-23
1790149500,1802.0,1802.0,1801.65,1801.65,33882565,2026-09-23
1790150700,1801.65,1801.65,1801.65,1801.65,0,2026-09-23
1790215200,1798.06,1798.06,1797.98,1797.98,0,2026-09-24
1790215440,1798.55,1798.55,1798.55,1798.55,0,2026-09-24
1790215560,1799.4,1799.4,1799.4,1799.4,0,2026-09-24
1790215680,1799.68,1799.68,1799.68,1799.68,0,2026-09-24
1790216100,1801.65,1801.65,1799.47,1799.47,6010232,2026-09-24
1790216160,1799.49,1799.49,1796.29,1796.29,2064259,2026-09-24
1790216220,1796.82,1798.19,1796.76,1798.19,2263810,2026-09-24
1790216280,1797.6,1798.29,1797.16,1797.33,2567805,2026-09-24
1790216340,1797.36,1797.81,1796.93,1797.49,1857101,2026-09-24
1790216400,1797.08,1797.9,1797.08,1797.36,1630950,2026-09-24
1790216460,1797.14,1799.51,1796.84,1799.51,1598462,2026-09-24
1790216520,1799.55,1799.55,1798.05,1798.05,1833143,2026-09-24
1790216580,1798.04,1798.04,1795.31,1795.31,2818803,2026-09-24
1790216640,1795.17,1795.74,1794.97,1795.16,2457843,2026-09-24
1790216700,1794.7,1795.09,1794.57,1794.57,2065339,2026-09-24
1790216760,1794.31,1795.29,1794.22,1794.24,1993795,2026-09-24
1790216820,1794.5,1794.55,1793.59,1794.55,2287686,2026-09-24
1790216880,1794.48,1794.48,1793.89,1794.03,1956306,2026-09-24
1790216940,1793.98,1794.22,1793.64,1794.22,1904754,2026-09-24
1790217000,1793.94,1794.31,1793.2,1793.73,2077617,2026-09-24
1790217060,1793.44,1794.3,1793.44,1794.3,2179448,2026-09-24
1790217120,1794.22,1794.73,1793.97,1794.54,2330110,2026-09-24
1790217180,1794.56,1795.02,1794.49,1794.85,2607884,2026-09-24
1790217240,1795.04,1795.57,1794.87,1795.38,1883598,2026-09-24
1790217300,1795.12,1795.96,1794.76,1794.76,1733375,2026-09-24
1790217360,1795.12,1795.62,1795.09,1795.26,1607373,2026-09-24
1790217420,1795.23,1795.35,1794.77,1794.77,1994318,2026-09-24
1790217480,1794.76,1795.11,1794.49,1794.49,1868581,2026-09-24
1790217540,1794.46,1794.74,1792.95,1793.93,2697940,2026-09-24
1790217600,1793.76,1794.0,1792.62,1793.24,2169730,2026-09-24
1790217660,1792.63,1792.85,1791.46,1791.46,2193900,2026-09-24
1790217720,1791.83,1791.97,1790.26,1790.26,2542825,2026-09-24
1790217780,1790.19,1790.19,1788.05,1788.05,3174711,2026-09-24
1790217840,1788.43,1788.43,1786.82,1787.05,2278057,2026-09-24
1790217900,1786.01,1786.11,1785.02,1785.25,3502337,2026-09-24
1790217960,1785.08,1785.46,1785.08,1785.44,2637179,2026-09-24
1790218020,1785.29,1786.39,1785.29,1786.39,2580736,2026-09-24
1790218080,1786.29,1788.75,1786.24,1788.75,2052512,2026-09-24
1790218140,1788.65,1792.43,1788.65,1792.43,1878003,2026-09-24
1790218200,1792.46,1793.02,1791.96,1793.02,1970876,2026-09-24
1790218260,1791.19,1792.63,1791.04,1791.78,1865890,2026-09-24
1790218320,1791.6,1792.14,1791.13,1791.28,1390377,2026-09-24
1790218380,1791.5,1791.5,1790.7,1790.92,1198503,2026-09-24
1790218440,1790.59,1790.86,1790.14,1790.28,2235905,2026-09-24
1790218500,1790.35,1790.53,1790.07,1790.15,1199697,2026-09-24
1790218560,1790.0,1790.44,1789.65,1789.65,2351151,2026-09-24
1790218620,1789.88,1790.14,1789.62,1790.08,1697701,2026-09-24
1790218680,1790.29,1790.29,1788.94,1788.96,1739756,2026-09-24
1790218740,1789.09,1789.1,1788.64,1788.76,1272018,2026-09-24
1790218800,1788.72,1789.29,1788.72,1789.21,1163545,2026-09-24
1790218860,1788.86,1789.12,1788.53,1788.7,1190781,2026-09-24
1790218920,1788.27,1788.65,1788.19,1788.3,1713151,2026-09-24
1790218980,1788.53,1788.67,1788.11,1788.28,1453509,2026-09-24
1790219040,1788.28,1788.9,1787.99,1788.38,1074708,2026-09-24
1790219100,1788.75,1788.78,1788.45,1788.6,2209213,2026-09-24
1790219160,1788.63,1788.77,1788.45,1788.6,1689677,2026-09-24
1790219220,1788.67,1788.67,1788.42,1788.65,1663707,2026-09-24
1790219280,1788.72,1788.8,1788.39,1788.65,1568865,2026-09-24
1790219340,1788.59,1788.61,1787.98,1788.03,1254854,2026-09-24
1790219400,1788.33,1788.44,1787.88,1787.88,1760051,2026-09-24
1790219460,1787.59,1787.77,1787.37,1787.67,2082826,2026-09-24
1790219520,1787.14,1787.6,1787.14,1787.6,1569909,2026-09-24
1790219580,1787.35,1787.48,1786.39,1787.01,1480569,2026-09-24
1790219640,1786.63,1787.05,1786.13,1786.13,2669786,2026-09-24
1790219700,1786.55,1786.76,1786.15,1786.15,1628229,2026-09-24
1790219760,1786.26,1786.34,1786.01,1786.3,1759542,2026-09-24
1790219820,1786.16,1786.35,1785.46,1785.67,1450589,2026-09-24
1790219880,1786.57,1786.57,1786.02,1786.31,1720899,2026-09-24
1790219940,1786.33,1786.53,1786.08,1786.37,1426401,2026-09-24
1790220000,1786.13,1787.44,1785.97,1786.39,1813797,2026-09-24
1790220060,1786.5,1786.67,1786.04,1786.04,1094806,2026-09-24
1790220120,1785.95,1786.71,1785.95,1786.55,1316237,2026-09-24
1790220180,1786.52,1786.81,1786.4,1786.68,1145844,2026-09-24
1790220240,1786.72,1786.72,1786.26,1786.68,1449495,2026-09-24
1790220300,1786.58,1786.58,1786.11,1786.23,1042696,2026-09-24
1790220360,1786.1,1786.88,1786.1,1786.88,1025999,2026-09-24
1790220420,1786.66,1786.9,1786.26,1786.87,1253375,2026-09-24
1790220480,1786.65,1786.71,1786.42,1786.64,1368325,2026-09-24
1790220540,1786.84,1786.84,1786.24,1786.35,928343,2026-09-24
1790220600,1786.54,1786.85,1786.49,1786.85,730660,2026-09-24
1790220660,1786.69,1787.06,1786.65,1786.65,893622,2026-09-24
1790220720,1786.94,1786.94,1786.25,1786.43,1138959,2026-09-24
1790220780,1786.22,1786.57,1785.93,1786.13,1165473,2026-09-24
1790220840,1786.12,1786.35,1785.84,1785.99,1178682,2026-09-24
1790220900,1786.14,1786.14,1785.66,1785.89,1377412,2026-09-24
1790220960,1785.91,1786.12,1785.54,1785.98,966785,2026-09-24
1790221020,1785.96,1785.96,1785.54,1785.81,1061834,2026-09-24
1790221080,1785.85,1786.03,1785.7,1785.8,1534341,2026-09-24
1790221140,1785.79,1785.99,1785.37,1785.99,1368202,2026-09-24
1790221200,1785.94,1785.94,1785.2,1785.43,1391465,2026-09-24
1790221260,1785.39,1785.43,1784.57,1784.69,1447743,2026-09-24
1790221320,1784.75,1784.84,1784.09,1784.09,1609231,2026-09-24
1790221380,1784.1,1784.21,1783.64,1784.12,1638805,2026-09-24
1790221440,1783.95,1784.18,1783.86,1783.9,1537702,2026-09-24
1790221500,1784.14,1784.21,1783.81,1783.93,1290184,2026-09-24
1790221560,1784.28,1784.28,1783.59,1784.13,1886059,2026-09-24
1790221620,1783.94,1783.98,1783.5,1783.63,1102513,2026-09-24
1790221680,1783.93,1783.98,1783.27,1783.54,1957363,2026-09-24
1790221740,1783.56,1783.64,1783.0,1783.64,1212027,2026-09-24
1790221800,1782.97,1783.23,1782.42,1782.42,1634197,2026-09-24
1790221860,1782.73,1782.73,1782.23,1782.49,1271500,2026-09-24
1790221920,1782.24,1782.38,1781.92,1781.97,1312792,2026-09-24
1790221980,1782.01,1782.25,1781.73,1781.74,2167343,2026-09-24
1790222040,1781.84,1782.0,1781.19,1781.19,1878929,2026-09-24
1790222100,1781.29,1781.71,1781.09,1781.38,1770003,2026-09-24
1790222160,1781.51,1781.51,1780.66,1780.67,1820950,2026-09-24
1790222220,1780.62,1780.74,1778.7,1778.7,2054502,2026-09-24
1790222280,1778.55,1778.55,1777.95,1778.42,1846667,2026-09-24
1790222340,1778.38,1779.35,1777.88,1777.88,2862987,2026-09-24
1790222400,1778.16,1778.36,1777.45,1778.36,1842737,2026-09-24
1790222460,1778.25,1778.25,1777.08,1778.04,1961137,2026-09-24
1790222520,1777.82,1779.44,1777.82,1778.68,2517583,2026-09-24
1790222580,1778.63,1781.89,1778.63,1781.2,2336607,2026-09-24
1790222640,1781.07,1781.82,1780.88,1781.24,1494214,2026-09-24
1790222700,1781.44,1781.61,1781.06,1781.55,971020,2026-09-24
1790222760,1781.38,1781.61,1780.13,1780.13,954270,2026-09-24
1790222820,1780.27,1780.73,1780.04,1780.73,1034276,2026-09-24
1790222880,1780.39,1780.47,1779.79,1779.89,741279,2026-09-24
1790222940,1779.92,1780.44,1779.91,1780.28,852798,2026-09-24
1790223000,1779.95,1780.46,1779.81,1780.25,1207575,2026-09-24
1790223060,1779.96,1780.46,1779.7,1779.7,1320147,2026-09-24
1790223120,1779.65,1780.1,1779.65,1779.67,1137338,2026-09-24
1790223180,1779.59,1780.4,1779.57,1780.37,1031585,2026-09-24
1790223240,1780.38,1780.69,1780.11,1780.6,890376,2026-09-24
1790223300,1780.74,1781.08,1780.62,1780.9,1401909,2026-09-24
1790223360,1780.64,1781.04,1780.56,1780.8,1210929,2026-09-24
1790223420,1780.74,1781.17,1780.74,1780.86,1284028,2026-09-24
1790223480,1780.9,1781.11,1780.13,1780.13,878714,2026-09-24
1790223540,1780.18,1780.87,1780.17,1780.44,1901324,2026-09-24
1790223600,1780.29,1782.07,1779.51,1780.32,1219935,2026-09-24
1790223660,1780.76,1781.06,1780.08,1780.08,1072196,2026-09-24
1790223720,1780.08,1780.91,1779.97,1780.51,1592915,2026-09-24
1790223780,1780.72,1780.72,1780.07,1780.38,988480,2026-09-24
1790223840,1780.28,1780.31,1779.75,1780.06,1308827,2026-09-24
1790223900,1779.96,1779.96,1779.28,1779.76,1137539,2026-09-24
1790223960,1779.85,1779.88,1779.37,1779.37,1737959,2026-09-24
1790224020,1779.61,1779.69,1779.0,1779.14,1175291,2026-09-24
1790224080,1778.86,1778.86,1778.24,1778.26,1032035,2026-09-24
1790224140,1778.38,1779.09,1778.33,1778.8,1120776,2026-09-24
1790224200,1779.25,1779.25,1779.25,1779.25,163729,2026-09-24
1790229600,1778.42,1778.42,1777.23,1777.63,8952600,2026-09-24
1790229660,1777.5,1778.13,1777.03,1777.5,2834220,2026-09-24
1790229720,1778.2,1778.52,1777.18,1777.18,2308011,2026-09-24
1790229780,1777.75,1778.53,1777.24,1777.24,2016681,2026-09-24
1790229840,1777.36,1777.36,1775.81,1775.84,3577992,2026-09-24
1790229900,1775.84,1776.08,1775.04,1775.04,2005725,2026-09-24
1790229960,1775.41,1776.16,1774.72,1775.79,2484315,2026-09-24
1790230020,1776.2,1777.12,1775.27,1775.99,3256325,2026-09-24
1790230080,1775.87,1775.98,1775.63,1775.89,1484134,2026-09-24
1790230140,1775.81,1776.23,1775.4,1776.15,1974947,2026-09-24
1790230200,1775.78,1776.5,1775.18,1776.5,1895399,2026-09-24
1790230260,1776.17,1777.75,1776.17,1777.24,3427729,2026-09-24
1790230320,1777.81,1778.12,1777.13,1778.12,2758451,2026-09-24
1790230380,1777.65,1778.06,1777.12,1778.06,1906531,2026-09-24
1790230440,1777.91,1778.16,1777.16,1777.16,1740214,2026-09-24
1790230500,1777.11,1777.79,1777.01,1777.54,1505092,2026-09-24
1790230560,1777.51,1777.51,1776.67,1776.74,1897300,2026-09-24
1790230620,1777.04,1777.31,1776.81,1776.87,2497788,2026-09-24
1790230680,1776.89,1777.86,1776.79,1777.64,2534591,2026-09-24
1790230740,1777.54,1777.66,1776.98,1776.98,2397883,2026-09-24
1790230800,1777.47,1777.47,1776.84,1776.96,1489408,2026-09-24
1790230860,1776.93,1777.22,1776.59,1776.85,1607697,2026-09-24
1790230920,1776.51,1777.23,1776.0,1776.74,2039395,2026-09-24
1790230980,1776.93,1777.19,1776.3,1776.47,1778351,2026-09-24
1790231040,1776.51,1777.75,1776.37,1777.55,2654800,2026-09-24
1790231100,1777.68,1779.82,1777.68,1779.44,3829298,2026-09-24
1790231160,1779.49,1781.54,1779.49,1780.66,2588089,2026-09-24
1790231220,1781.17,1782.64,1781.17,1782.64,1997620,2026-09-24
1790231280,1782.61,1783.23,1782.29,1783.2,4759490,2026-09-24
1790231340,1783.33,1784.66,1783.22,1784.28,3716107,2026-09-24
1790231400,1784.43,1784.51,1784.07,1784.4,2669036,2026-09-24
1790231460,1784.6,1785.02,1784.29,1784.31,2505107,2026-09-24
1790231520,1784.14,1784.14,1783.32,1783.32,2504004,2026-09-24
1790231580,1783.06,1783.42,1782.91,1783.12,1983183,2026-09-24
1790231640,1782.8,1783.24,1782.47,1782.57,1559323,2026-09-24
1790231700,1782.65,1782.65,1781.56,1781.56,1615880,2026-09-24
1790231760,1781.43,1781.63,1781.21,1781.48,1868989,2026-09-24
1790231820,1781.33,1781.42,1780.72,1781.21,1580689,2026-09-24
1790231880,1781.14,1781.14,1780.27,1780.43,2502068,2026-09-24
1790231940,1780.52,1780.52,1779.28,1779.44,2212634,2026-09-24
1790232000,1779.65,1779.92,1779.23,1779.53,1771687,2026-09-24
1790232060,1779.45,1779.45,1778.77,1778.83,1442821,2026-09-24
1790232120,1779.25,1779.25,1778.8,1778.8,1664401,2026-09-24
1790232180,1778.85,1779.44,1778.71,1778.85,1614157,2026-09-24
1790232240,1778.85,1779.48,1778.85,1779.36,1697480,2026-09-24
1790232300,1779.34,1779.34,1778.85,1778.85,1974937,2026-09-24
1790232360,1779.05,1779.92,1778.82,1779.41,2718677,2026-09-24
1790232420,1779.5,1779.67,1779.09,1779.6,2185002,2026-09-24
1790232480,1779.68,1780.56,1779.41,1780.56,2449969,2026-09-24
1790232540,1780.62,1781.54,1780.26,1780.62,1975910,2026-09-24
1790232600,1780.58,1781.71,1780.58,1780.88,1667436,2026-09-24
1790232660,1781.0,1781.03,1780.63,1780.85,2559935,2026-09-24
1790232720,1780.63,1780.86,1780.26,1780.65,1808997,2026-09-24
1790232780,1780.55,1780.95,1780.54,1780.81,1761961,2026-09-24
1790232840,1780.54,1780.79,1780.39,1780.55,1751262,2026-09-24
1790232900,1780.29,1781.29,1780.29,1781.29,2978593,2026-09-24
1790232960,1781.33,1783.48,1781.33,1782.14,3418202,2026-09-24
1790233020,1782.25,1782.52,1782.18,1782.28,3313036,2026-09-24
1790233080,1782.25,1782.31,1782.07,1782.17,3507601,2026-09-24
1790233140,1782.04,1782.29,1781.78,1782.23,4736203,2026-09-24
1790233200,1782.06,1782.58,1782.02,1782.02,3303404,2026-09-24
1790233260,1782.2,1782.74,1782.2,1782.44,1962825,2026-09-24
1790233320,1782.53,1782.91,1782.53,1782.91,1613096,2026-09-24
1790233380,1782.61,1782.95,1782.58,1782.71,3015506,2026-09-24
1790233440,1782.57,1783.42,1782.44,1782.57,2453009,2026-09-24
1790233500,1782.61,1782.91,1782.13,1782.33,2094426,2026-09-24
1790233560,1782.51,1782.61,1781.92,1781.94,1761328,2026-09-24
1790233620,1782.02,1782.02,1781.32,1781.32,1288134,2026-09-24
1790233680,1781.23,1781.57,1780.75,1780.8,2375373,2026-09-24
1790233740,1780.8,1781.07,1780.23,1780.3,3375778,2026-09-24
1790233800,1780.04,1780.46,1779.97,1780.46,4154665,2026-09-24
1790233860,1780.31,1780.31,1779.53,1779.65,2539950,2026-09-24
1790233920,1779.74,1780.01,1779.5,1779.86,3015743,2026-09-24
1790233980,1779.72,1780.02,1779.03,1779.24,3017470,2026-09-24
1790234040,1778.94,1778.94,1778.25,1778.34,3130741,2026-09-24
1790234100,1778.46,1778.57,1778.1,1778.44,3468602,2026-09-24
1790234160,1777.86,1778.05,1777.5,1777.71,3966343,2026-09-24
1790234220,1777.4,1777.4,1776.08,1776.36,5279880,2026-09-24
1790234280,1775.98,1776.04,1775.03,1775.03,4790825,2026-09-24
1790234340,1775.24,1775.38,1774.89,1775.17,3920799,2026-09-24
1790234400,1774.84,1776.12,1774.65,1776.12,4729222,2026-09-24
1790234460,1776.41,1776.41,1775.74,1776.25,3145857,2026-09-24
1790234520,1775.84,1776.04,1775.37,1775.63,3164484,2026-09-24
1790234580,1775.47,1775.92,1774.98,1775.47,3709274,2026-09-24
1790234640,1774.93,1775.4,1774.93,1775.02,3272524,2026-09-24
1790234700,1774.93,1775.05,1774.45,1774.76,2888476,2026-09-24
1790234760,1774.89,1774.89,1773.94,1773.98,3048846,2026-09-24
1790234820,1774.02,1774.29,1773.38,1773.5,3863487,2026-09-24
1790234880,1773.54,1773.54,1772.39,1772.5,3977404,2026-09-24
1790234940,1772.24,1773.56,1772.24,1773.02,4750353,2026-09-24
1790235000,1771.21,1772.54,1771.21,1772.54,484240,2026-09-24
1790235120,1773.39,1773.39,1773.39,1773.39,0,2026-09-24
1790235240,1773.11,1773.11,1773.11,1773.11,0,2026-09-24
1790235300,1772.73,1772.73,1772.73,1772.73,0,2026-09-24
1790235360,1772.87,1772.93,1772.87,1772.93,0,2026-09-24
1790235480,1770.47,1772.47,1770.47,1772.47,0,2026-09-24
1790235600,1772.42,1772.42,1772.42,1772.42,0,2026-09-24
1790235780,1772.54,1773.28,1772.54,1773.28,0,2026-09-24
1790235900,1773.59,1775.09,1773.59,1775.09,43342094,2026-09-24
1790237100,1775.09,1775.09,1775.09,1775.09,0,2026-09-24
1790302500,1773.36,1777.36,1773.36,1775.34,6535634,2026-09-25
1790302560,1776.06,1776.91,1776.06,1776.7,1032278,2026-09-25
1790302620,1776.66,1776.77,1776.22,1776.48,1584392,2026-09-25
1790302680,1776.41,1777.56,1776.32,1777.29,1707554,2026-09-25
1790302740,1777.72,1778.72,1777.61,1778.45,1548056,2026-09-25
1790302800,1778.87,1783.78,1778.85,1783.42,1492123,2026-09-25
1790302860,1783.1,1783.6,1782.84,1782.93,1422345,2026-09-25
1790302920,1782.91,1782.98,1781.94,1782.18,1653024,2026-09-25
1790302980,1782.08,1782.18,1780.79,1781.28,1332658,2026-09-25
1790303040,1781.34,1781.38,1779.86,1779.86,1247883,2026-09-25
1790303100,1778.99,1778.99,1776.86,1776.86,1092508,2026-09-25
1790303160,1776.84,1777.11,1776.22,1776.35,1804988,2026-09-25
1790303220,1776.4,1776.98,1776.23,1776.58,1464591,2026-09-25
1790303280,1776.46,1777.05,1776.42,1776.42,2039494,2026-09-25
1790303340,1776.7,1776.81,1776.51,1776.81,1652145,2026-09-25
1790303400,1776.61,1778.58,1776.61,1778.36,1392488,2026-09-25
1790303460,1778.27,1779.57,1778.27,1779.57,1640760,2026-09-25
1790303520,1780.05,1780.4,1779.46,1779.78,1581336,2026-09-25
1790303580,1779.71,1779.76,1779.34,1779.66,1074881,2026-09-25
1790303640,1779.83,1779.89,1779.45,1779.89,1145037,2026-09-25
1790303700,1780.38,1780.49,1779.82,1780.49,915003,2026-09-25
1790303760,1780.49,1780.49,1779.22,1779.81,1239385,2026-09-25
1790303820,1779.82,1779.82,1777.83,1778.07,1040057,2026-09-25
1790303880,1778.07,1778.09,1777.74,1777.92,1060113,2026-09-25
1790303940,1777.88,1778.03,1777.64,1777.78,1010441,2026-09-25
1790304000,1777.72,1777.72,1776.99,1776.99,1282838,2026-09-25
1790304060,1776.95,1776.99,1776.54,1776.54,799270,2026-09-25
1790304120,1776.64,1776.9,1776.39,1776.54,1067351,2026-09-25
1790304180,1776.91,1776.91,1776.01,1776.26,1380311,2026-09-25
1790304240,1776.36,1776.53,1776.06,1776.06,860904,2026-09-25
1790304300,1776.22,1776.22,1774.8,1774.85,1152357,2026-09-25
1790304360,1774.37,1774.83,1773.54,1773.66,1666064,2026-09-25
1790304420,1773.27,1773.59,1772.18,1772.18,2182725,2026-09-25
1790304480,1771.87,1773.65,1771.87,1773.65,1971107,2026-09-25
1790304540,1773.4,1773.69,1773.18,1773.54,1269487,2026-09-25
1790304600,1773.4,1773.98,1773.4,1773.49,1141959,2026-09-25
1790304660,1773.52,1773.88,1773.52,1773.56,1109321,2026-09-25
1790304720,1773.37,1773.6,1772.75,1772.86,1255160,2026-09-25
1790304780,1773.09,1773.09,1772.54,1772.64,2015215,2026-09-25
1790304840,1772.58,1772.82,1772.32,1772.73,945787,2026-09-25
1790304900,1772.56,1772.77,1772.1,1772.29,1115215,2026-09-25
1790304960,1772.39,1772.39,1771.87,1772.1,1006687,2026-09-25
1790305020,1772.46,1772.83,1772.17,1772.4,1074192,2026-09-25
1790305080,1772.73,1773.18,1772.34,1773.18,1123970,2026-09-25
1790305140,1773.75,1774.15,1773.53,1773.89,1503151,2026-09-25
1790305200,1773.75,1773.75,1773.4,1773.58,1203877,2026-09-25
1790305260,1773.47,1773.47,1773.16,1773.36,1719803,2026-09-25
1790305320,1773.36,1773.58,1773.0,1773.11,2008444,2026-09-25
1790305380,1773.15,1773.59,1772.86,1773.0,1169858,2026-09-25
1790305440,1772.99,1773.42,1772.96,1773.31,1398145,2026-09-25
1790305500,1773.21,1773.44,1772.96,1773.43,1605156,2026-09-25
1790305560,1773.23,1773.49,1773.06,1773.49,1017601,2026-09-25
1790305620,1773.6,1773.72,1772.8,1772.8,1172081,2026-09-25
1790305680,1772.89,1773.39,1772.71,1773.23,915381,2026-09-25
1790305740,1773.23,1773.66,1772.76,1773.1,1321328,2026-09-25
1790305800,1773.11,1773.17,1772.66,1773.01,1200515,2026-09-25
1790305860,1773.18,1773.45,1772.69,1773.28,1229281,2026-09-25
1790305920,1773.34,1773.53,1772.96,1773.3,953604,2026-09-25
1790305980,1773.1,1773.58,1772.92,1772.92,885258,2026-09-25
1790306040,1772.24,1773.3,1772.24,1772.8,1466904,2026-09-25
1790306100,1772.69,1772.69,1772.26,1772.26,1489944,2026-09-25
1790306160,1772.07,1772.25,1771.57,1771.73,1062480,2026-09-25
1790306220,1771.82,1771.97,1771.65,1771.95,845340,2026-09-25
1790306280,1771.91,1773.51,1771.91,1773.51,1323317,2026-09-25
1790306340,1773.3,1774.53,1772.97,1774.11,1541398,2026-09-25
1790306400,1773.66,1775.13,1773.32,1774.8,1128402,2026-09-25
1790306460,1774.83,1774.83,1773.77,1774.41,1224760,2026-09-25
1790306520,1774.28,1774.28,1773.87,1773.95,875924,2026-09-25
1790306580,1774.13,1774.18,1773.88,1774.18,905537,2026-09-25
1790306640,1774.6,1777.21,1774.6,1777.09,1657976,2026-09-25
1790306700,1776.68,1776.86,1776.38,1776.43,1198445,2026-09-25
1790306760,1776.36,1776.39,1775.88,1775.98,917316,2026-09-25
1790306820,1776.07,1776.65,1776.07,1776.65,1119753,2026-09-25
1790306880,1776.39,1776.83,1776.39,1776.75,836089,2026-09-25
1790306940,1777.0,1777.08,1775.84,1776.86,1420818,2026-09-25
1790307000,1777.21,1777.21,1776.78,1777.1,1752435,2026-09-25
1790307060,1777.08,1778.0,1776.53,1778.0,1880012,2026-09-25
1790307120,1778.06,1778.8,1777.95,1778.8,1629171,2026-09-25
1790307180,1778.58,1779.43,1778.58,1779.36,1537624,2026-09-25
1790307240,1779.41,1779.56,1778.87,1779.18,1046478,2026-09-25
1790307300,1779.11,1779.34,1778.86,1779.0,1150532,2026-09-25
1790307360,1779.05,1780.15,1778.99,1780.15,960645,2026-09-25
1790307420,1780.22,1780.22,1779.33,1779.99,901764,2026-09-25
1790307480,1780.1,1780.26,1779.8,1780.17,1158217,2026-09-25
1790307540,1780.13,1780.27,1779.72,1780.11,1076717,2026-09-25
1790307600,1780.07,1780.23,1779.13,1779.34,785595,2026-09-25
1790307660,1779.01,1779.14,1778.59,1778.59,799449,2026-09-25
1790307720,1778.55,1778.69,1777.91,1777.91,1201350,2026-09-25
1790307780,1777.94,1778.4,1777.92,1777.92,1004666,2026-09-25
1790307840,1778.0,1778.29,1777.54,1777.78,600875,2026-09-25
1790307900,1777.87,1777.99,1777.62,1777.99,901128,2026-09-25
1790307960,1777.9,1777.9,1777.12,1777.3,1026456,2026-09-25
1790308020,1777.32,1777.44,1776.59,1776.59,710087,2026-09-25
1790308080,1776.56,1777.08,1776.13,1777.08,1293696,2026-09-25
1790308140,1777.2,1777.2,1776.41,1776.72,883789,2026-09-25
1790308200,1776.43,1776.51,1776.18,1776.33,795965,2026-09-25
1790308260,1776.2,1776.56,1776.2,1776.56,1776674,2026-09-25
1790308320,1776.52,1776.92,1776.2,1776.37,661910,2026-09-25
1790308380,1776.33,1776.77,1776.22,1776.56,792776,2026-09-25
1790308440,1776.61,1776.73,1776.24,1776.53,568931,2026-09-25
1790308500,1776.74,1777.14,1776.13,1776.83,522815,2026-09-25
1790308560,1776.84,1776.87,1775.84,1776.45,603057,2026-09-25
1790308620,1776.4,1776.4,1775.41,1775.41,870009,2026-09-25
1790308680,1775.7,1776.15,1775.64,1775.64,766477,2026-09-25
1790308740,1775.69,1775.85,1775.06,1775.06,1428630,2026-09-25
1790308800,1775.28,1775.75,1775.11,1775.27,860959,2026-09-25
1790308860,1775.29,1775.8,1775.29,1775.8,2127842,2026-09-25
1790308920,1775.67,1775.85,1775.51,1775.85,900073,2026-09-25
1790308980,1775.74,1775.74,1775.11,1775.14,634456,2026-09-25
1790309040,1775.27,1775.87,1775.15,1775.87,1075445,2026-09-25
1790309100,1775.7,1776.11,1775.31,1776.11,708340,2026-09-25
1790309160,1776.01,1776.01,1774.67,1774.67,612455,2026-09-25
1790309220,1774.86,1775.14,1774.79,1775.01,1148353,2026-09-25
1790309280,1775.08,1775.31,1774.66,1774.9,635220,2026-09-25
1790309340,1775.07,1775.19,1774.82,1775.07,1051535,2026-09-25
1790309400,1774.86,1775.16,1774.7,1774.79,738895,2026-09-25
1790309460,1774.67,1774.97,1774.5,1774.5,679786,2026-09-25
1790309520,1774.68,1775.64,1774.64,1775.63,912129,2026-09-25
1790309580,1775.63,1775.99,1775.4,1775.65,701536,2026-09-25
1790309640,1775.63,1775.63,1774.4,1774.82,846967,2026-09-25
1790309700,1775.29,1775.6,1775.23,1775.54,649105,2026-09-25
1790309760,1775.61,1775.74,1774.92,1774.92,623675,2026-09-25
1790309820,1775.08,1775.38,1775.06,1775.06,1040956,2026-09-25
1790309880,1775.14,1775.14,1774.79,1774.9,801017,2026-09-25
1790309940,1774.92,1775.89,1774.9,1775.89,740106,2026-09-25
1790310000,1775.65,1775.85,1775.47,1775.68,591271,2026-09-25
1790310060,1775.66,1776.13,1775.15,1775.15,930130,2026-09-25
1790310120,1775.31,1775.8,1774.86,1775.72,888126,2026-09-25
1790310180,1775.59,1775.86,1775.17,1775.5,693118,2026-09-25
1790310240,1775.08,1775.36,1774.91,1775.01,929321,2026-09-25
1790310300,1775.02,1775.57,1774.89,1775.07,1208005,2026-09-25
1790310360,1774.87,1775.35,1774.64,1775.12,858513,2026-09-25
1790310420,1775.14,1775.61,1775.09,1775.09,552919,2026-09-25
1790310480,1775.5,1775.54,1774.55,1774.77,599001,2026-09-25
1790310540,1774.91,1775.06,1774.33,1774.65,860683,2026-09-25
1790310600,1774.57,1774.57,1774.57,1774.57,352932,2026-09-25
1790316000,1774.6,1777.7,1774.46,1777.7,12590038,2026-09-25
1790316060,1777.77,1777.77,1776.75,1777.26,4700507,2026-09-25
1790316120,1777.31,1777.76,1777.09,1777.59,3205165,2026-09-25
1790316180,1777.89,1778.14,1777.08,1777.14,3238971,2026-09-25
1790316240,1777.34,1778.85,1777.34,1778.85,2963445,2026-09-25
1790316300,1779.03,1780.11,1778.87,1780.11,2710261,2026-09-25
1790316360,1779.65,1782.08,1779.65,1782.08,3238154,2026-09-25
1790316420,1782.4,1783.74,1782.15,1783.52,3584943,2026-09-25
1790316480,1783.91,1784.74,1783.47,1784.66,3878224,2026-09-25
1790316540,1784.97,1785.25,1784.46,1784.6,2353108,2026-09-25
1790316600,1784.6,1784.89,1783.86,1783.86,2304333,2026-09-25
1790316660,1783.99,1784.18,1782.04,1784.04,2842998,2026-09-25
1790316720,1784.31,1784.56,1784.05,1784.28,2306924,2026-09-25
1790316780,1784.42,1784.64,1783.93,1784.49,1428323,2026-09-25
1790316840,1784.43,1784.97,1784.24,1784.96,1864944,2026-09-25
1790316900,1784.92,1784.98,1784.17,1784.22,2506699,2026-09-25
1790316960,1784.33,1784.59,1784.23,1784.51,2292863,2026-09-25
1790317020,1784.54,1785.27,1784.33,1784.84,2332966,2026-09-25
1790317080,1785.02,1785.51,1784.91,1785.51,2605740,2026-09-25
1790317140,1785.46,1787.72,1785.46,1787.72,5652355,2026-09-25
1790317200,1788.33,1791.3,1787.97,1791.3,5959660,2026-09-25
1790317260,1791.55,1794.57,1791.55,1794.57,8989475,2026-09-25
1790317320,1794.71,1796.22,1794.71,1796.22,7101447,2026-09-25
1790317380,1796.29,1796.29,1793.27,1793.71,5256971,2026-09-25
1790317440,1793.38,1793.38,1791.2,1791.37,4597685,2026-09-25
1790317500,1791.3,1792.87,1791.05,1792.49,3651969,2026-09-25
1790317560,1792.63,1792.86,1792.44,1792.48,2443673,2026-09-25
1790317620,1792.54,1793.22,1792.52,1792.95,2881742,2026-09-25
1790317680,1793.08,1793.3,1792.72,1792.95,2449987,2026-09-25
1790317740,1793.06,1793.56,1792.82,1793.56,2520696,2026-09-25
1790317800,1792.73,1793.35,1792.63,1793.18,2605213,2026-09-25
1790317860,1792.42,1793.99,1792.42,1793.4,1769904,2026-09-25
1790317920,1793.26,1794.37,1793.15,1794.13,3072374,2026-09-25
1790317980,1794.55,1794.77,1793.92,1793.92,2408350,2026-09-25
1790318040,1794.0,1794.58,1793.93,1794.48,2084145,2026-09-25
1790318100,1794.27,1794.64,1794.02,1794.56,1980511,2026-09-25
1790318160,1794.02,1794.27,1793.62,1793.89,2306498,2026-09-25
1790318220,1793.83,1794.24,1793.83,1793.98,2268745,2026-09-25
1790318280,1793.98,1794.25,1793.76,1794.07,2979779,2026-09-25
1790318340,1793.85,1794.3,1793.85,1794.13,2722363,2026-09-25
1790318400,1794.35,1794.35,1793.7,1793.97,3446772,2026-09-25
1790318460,1793.47,1793.75,1793.36,1793.67,3444979,2026-09-25
1790318520,1793.48,1793.48,1792.8,1792.8,2440618,2026-09-25
1790318580,1793.18,1793.28,1792.1,1792.1,3078910,2026-09-25
1790318640,1792.24,1792.24,1790.87,1790.87,2612680,2026-09-25
1790318700,1790.27,1790.27,1788.79,1788.95,2059275,2026-09-25
1790318760,1789.07,1789.07,1788.14,1788.17,2597022,2026-09-25
1790318820,1788.07,1788.81,1787.84,1788.81,2760030,2026-09-25
1790318880,1788.61,1789.35,1788.61,1788.63,3363519,2026-09-25
1790318940,1788.85,1789.86,1788.73,1789.37,1750629,2026-09-25
1790319000,1789.3,1789.43,1789.04,1789.25,1352525,2026-09-25
1790319060,1789.44,1789.7,1788.98,1789.48,1364959,2026-09-25
1790319120,1789.88,1790.25,1789.1,1789.1,1736107,2026-09-25
1790319180,1788.97,1789.43,1788.32,1788.49,1680596,2026-09-25
1790319240,1788.32,1788.79,1788.12,1788.56,2004239,2026-09-25
1790319300,1788.92,1789.44,1788.85,1789.42,1633685,2026-09-25
1790319360,1789.59,1789.79,1789.0,1789.25,1689220,2026-09-25
1790319420,1789.27,1789.82,1789.23,1789.23,1753034,2026-09-25
1790319480,1788.95,1789.86,1788.95,1789.67,2065619,2026-09-25
1790319540,1789.64,1790.48,1789.5,1790.16,1676367,2026-09-25
1790319600,1790.02,1792.28,1790.02,1792.28,1946412,2026-09-25
1790319660,1792.27,1793.54,1792.2,1793.06,3013676,2026-09-25
1790319720,1793.12,1793.51,1793.12,1793.18,1762972,2026-09-25
1790319780,1793.39,1793.39,1792.53,1793.0,1893831,2026-09-25
1790319840,1792.75,1792.75,1792.42,1792.42,1647720,2026-09-25
1790319900,1792.37,1792.37,1791.15,1791.15,2518987,2026-09-25
1790319960,1791.24,1791.53,1790.86,1791.07,2041644,2026-09-25
1790320020,1791.36,1791.36,1790.53,1790.53,1595842,2026-09-25
1790320080,1790.69,1791.36,1790.69,1791.03,1872391,2026-09-25
1790320140,1791.25,1791.37,1790.78,1791.23,1492926,2026-09-25
1790320200,1791.2,1791.27,1790.75,1790.75,2031835,2026-09-25
1790320260,1790.79,1791.08,1790.21,1790.53,2339159,2026-09-25
1790320320,1790.53,1791.64,1790.53,1791.23,2393954,2026-09-25
1790320380,1791.41,1791.41,1790.85,1790.85,1757651,2026-09-25
1790320440,1791.06,1791.1,1790.69,1790.69,2068239,2026-09-25
1790320500,1790.03,1790.75,1790.01,1790.01,2361055,2026-09-25
1790320560,1789.97,1790.54,1789.67,1789.67,2235467,2026-09-25
1790320620,1789.26,1790.0,1789.26,1789.85,2464814,2026-09-25
1790320680,1789.95,1789.95,1789.14,1789.17,2424355,2026-09-25
1790320740,1789.1,1789.1,1788.49,1788.49,3500982,2026-09-25
1790320800,1788.51,1788.71,1787.16,1787.16,3263682,2026-09-25
1790320860,1787.1,1787.19,1785.85,1785.85,3742039,2026-09-25
1790320920,1785.66,1785.95,1785.24,1785.95,4399726,2026-09-25
1790320980,1786.13,1786.13,1785.34,1785.94,3440207,2026-09-25
1790321040,1785.86,1786.88,1785.78,1786.88,2935698,2026-09-25
1790321100,1786.04,1786.97,1786.04,1786.97,3071132,2026-09-25
1790321160,1787.09,1787.99,1786.55,1787.27,2940609,2026-09-25
1790321220,1788.36,1788.36,1786.99,1787.86,3182481,2026-09-25
1790321280,1787.83,1788.81,1787.77,1788.19,3998519,2026-09-25
1790321340,1788.06,1788.1,1787.09,1787.34,4683667,2026-09-25
1790321400,1784.17,1784.91,1783.4,1784.91,315458,2026-09-25
1790321460,1784.26,1784.26,1784.26,1784.26,0,2026-09-25
1790321760,1783.92,1783.92,1783.92,1783.92,0,2026-09-25
1790321880,1783.47,1783.47,1783.47,1783.47,0,2026-09-25
1790322300,1786.8,1786.8,1785.11,1785.11,44994979,2026-09-25
1790323500,1785.11,1785.11,1785.11,1785.11,0,2026-09-25
1790561280,1786.1,1786.1,1786.09,1786.09,0,2026-09-28
1790561640,1786.01,1786.01,1786.01,1786.01,0,2026-09-28
1790561700,1785.11,1788.0,1780.56,1780.56,8393854,2026-09-28
1790561760,1779.15,1781.29,1778.52,1781.0,1873270,2026-09-28
1790561820,1781.02,1781.52,1779.81,1779.81,1609216,2026-09-28
1790561880,1781.55,1781.99,1781.34,1781.76,2088382,2026-09-28
1790561940,1780.75,1782.15,1780.75,1782.15,1945317,2026-09-28
1790562000,1782.51,1783.09,1781.33,1782.97,1839989,2026-09-28
1790562060,1782.53,1783.68,1782.2,1782.81,1908966,2026-09-28
1790562120,1782.81,1785.5,1782.67,1784.75,2401114,2026-09-28
1790562180,1785.04,1785.04,1784.24,1784.5,2220889,2026-09-28
1790562240,1784.51,1784.58,1781.73,1782.11,2504883,2026-09-28
1790562300,1783.28,1783.28,1781.74,1782.24,2265011,2026-09-28
1790562360,1782.47,1782.85,1781.63,1781.63,1989761,2026-09-28
1790562420,1781.74,1782.56,1781.19,1781.31,1651189,2026-09-28
1790562480,1781.3,1781.45,1780.72,1780.74,1953866,2026-09-28
1790562540,1780.55,1780.55,1778.85,1779.03,2817385,2026-09-28
1790562600,1778.95,1778.96,1777.21,1777.32,4834233,2026-09-28
1790562660,1777.21,1777.31,1776.42,1776.45,4934783,2026-09-28
1790562720,1776.39,1776.57,1776.16,1776.22,4589898,2026-09-28
1790562780,1776.03,1776.15,1775.13,1775.38,4150652,2026-09-28
1790562840,1775.05,1775.64,1775.04,1775.21,5061997,2026-09-28
1790562900,1775.02,1775.02,1773.32,1773.42,6354744,2026-09-28
1790562960,1773.3,1773.3,1771.77,1771.99,5540261,2026-09-28
1790563020,1771.86,1771.87,1770.24,1770.51,4084178,2026-09-28
1790563080,1770.53,1770.53,1769.35,1769.35,3464190,2026-09-28
1790563140,1769.33,1770.34,1769.33,1770.34,2764118,2026-09-28
1790563200,1770.0,1770.59,1770.0,1770.31,2919988,2026-09-28
1790563260,1770.55,1771.88,1770.55,1771.53,2192364,2026-09-28
1790563320,1771.72,1773.02,1771.49,1772.67,2787979,2026-09-28
1790563380,1772.67,1773.21,1772.67,1773.21,1812562,2026-09-28
1790563440,1773.35,1773.35,1772.7,1773.18,1761795,2026-09-28
1790563500,1772.67,1773.46,1772.59,1773.41,2053511,2026-09-28
1790563560,1773.48,1773.69,1772.72,1773.22,2348125,2026-09-28
1790563620,1773.13,1773.46,1772.16,1773.34,1728648,2026-09-28
1790563680,1773.35,1773.36,1772.89,1773.02,1705021,2026-09-28
1790563740,1772.45,1772.72,1772.34,1772.47,1978415,2026-09-28
1790563800,1772.25,1772.63,1771.91,1772.18,1677356,2026-09-28
1790563860,1772.13,1772.58,1771.98,1772.09,1921179,2026-09-28
1790563920,1772.47,1772.69,1771.93,1771.95,1713276,2026-09-28
1790563980,1772.02,1772.52,1771.49,1771.49,1984850,2026-09-28
1790564040,1772.01,1772.01,1770.68,1770.76,1947308,2026-09-28
1790564100,1770.48,1770.7,1769.31,1769.6,3004258,2026-09-28
1790564160,1769.39,1769.6,1768.91,1769.14,2791631,2026-09-28
1790564220,1769.08,1769.63,1768.5,1768.57,3518552,2026-09-28
1790564280,1768.44,1768.9,1768.17,1768.37,4002784,2026-09-28
1790564340,1767.93,1767.95,1767.3,1767.64,6221152,2026-09-28
1790564400,1767.36,1767.6,1767.29,1767.59,3824459,2026-09-28
1790564460,1767.44,1768.22,1767.44,1768.06,3207140,2026-09-28
1790564520,1768.14,1769.07,1768.08,1768.95,4091696,2026-09-28
1790564580,1769.07,1769.9,1769.06,1769.9,2577406,2026-09-28
1790564640,1770.11,1770.4,1769.87,1770.4,2221962,2026-09-28
1790564700,1770.55,1770.93,1770.33,1770.87,2346965,2026-09-28
1790564760,1770.83,1771.67,1770.83,1771.52,1736003,2026-09-28
1790564820,1771.52,1771.93,1771.5,1771.75,1770594,2026-09-28
1790564880,1771.5,1771.71,1771.15,1771.71,1563707,2026-09-28
1790564940,1771.71,1771.83,1770.72,1771.53,1591106,2026-09-28
1790565000,1771.47,1772.18,1771.47,1772.05,1716251,2026-09-28
1790565060,1772.08,1772.08,1771.31,1771.95,1718004,2026-09-28
1790565120,1771.98,1772.16,1771.44,1771.96,1726703,2026-09-28
1790565180,1772.06,1772.82,1772.0,1772.82,1256620,2026-09-28
1790565240,1772.65,1773.91,1772.44,1773.84,949560,2026-09-28
1790565300,1773.79,1773.95,1773.37,1773.49,1416514,2026-09-28
1790565360,1773.83,1774.33,1773.73,1774.22,1209195,2026-09-28
1790565420,1774.16,1774.92,1774.0,1774.6,951782,2026-09-28
1790565480,1774.55,1775.14,1774.25,1774.9,1474061,2026-09-28
1790565540,1775.53,1775.53,1774.81,1775.2,1056498,2026-09-28
1790565600,1775.42,1775.96,1775.18,1775.45,1947169,2026-09-28
1790565660,1775.14,1776.1,1775.14,1775.72,1166349,2026-09-28
1790565720,1775.77,1775.77,1775.13,1775.19,1501917,2026-09-28
1790565780,1775.19,1775.41,1774.64,1774.86,1099863,2026-09-28
1790565840,1774.77,1775.33,1773.98,1773.98,990059,2026-09-28
1790565900,1773.77,1774.09,1773.07,1773.07,1569995,2026-09-28
1790565960,1773.04,1773.41,1772.44,1772.44,2017526,2026-09-28
1790566020,1772.56,1773.58,1772.56,1773.53,1636267,2026-09-28
1790566080,1772.84,1773.51,1772.73,1772.73,1542618,2026-09-28
1790566140,1772.85,1773.37,1772.08,1772.08,848310,2026-09-28
1790566200,1772.64,1772.76,1771.96,1771.96,2489987,2026-09-28
1790566260,1771.99,1772.65,1771.91,1772.25,1063931,2026-09-28
1790566320,1772.32,1772.55,1772.18,1772.5,1236795,2026-09-28
1790566380,1772.58,1772.82,1772.04,1772.82,1315095,2026-09-28
1790566440,1772.77,1773.0,1772.56,1773.0,919028,2026-09-28
1790566500,1773.03,1773.03,1772.03,1772.23,1068059,2026-09-28
1790566560,1772.19,1772.57,1772.12,1772.54,762917,2026-09-28
1790566620,1772.47,1773.04,1772.31,1773.04,900713,2026-09-28
1790566680,1772.59,1772.72,1772.21,1772.42,1023694,2026-09-28
1790566740,1772.45,1772.58,1772.26,1772.39,1219066,2026-09-28
1790566800,1772.49,1772.49,1771.73,1771.94,1509547,2026-09-28
1790566860,1771.94,1773.55,1771.53,1773.55,1169738,2026-09-28
1790566920,1773.54,1773.64,1772.96,1773.15,1485195,2026-09-28
1790566980,1773.64,1774.19,1773.64,1773.88,1428097,2026-09-28
1790567040,1773.95,1774.28,1773.79,1773.93,820602,2026-09-28
1790567100,1773.86,1773.86,1772.66,1772.71,1027380,2026-09-28
1790567160,1772.85,1773.14,1772.5,1772.56,1398199,2026-09-28
1790567220,1772.3,1772.8,1771.07,1771.51,1110839,2026-09-28
1790567280,1771.37,1771.44,1771.0,1771.0,931042,2026-09-28
1790567340,1771.47,1771.56,1771.12,1771.47,1346641,2026-09-28
1790567400,1771.39,1771.4,1770.93,1770.95,1001518,2026-09-28
1790567460,1771.01,1771.38,1770.95,1771.11,1259077,2026-09-28
1790567520,1771.28,1771.43,1770.95,1771.43,843679,2026-09-28
1790567580,1771.57,1771.73,1771.05,1771.42,1073299,2026-09-28
1790567640,1771.03,1771.23,1770.91,1771.11,1134309,2026-09-28
1790567700,1771.29,1771.65,1771.21,1771.65,811375,2026-09-28
1790567760,1771.65,1771.82,1771.46,1771.47,1637023,2026-09-28
1790567820,1771.61,1771.61,1770.61,1770.62,1760730,2026-09-28
1790567880,1770.67,1771.02,1770.47,1770.47,1411293,2026-09-28
1790567940,1770.67,1770.97,1770.61,1770.61,2676600,2026-09-28
1790568000,1770.58,1770.58,1769.48,1769.48,3101077,2026-09-28
1790568060,1769.34,1769.58,1768.79,1768.79,2679033,2026-09-28
1790568120,1768.92,1769.17,1768.34,1768.34,1947268,2026-09-28
1790568180,1768.43,1768.43,1767.04,1767.27,1826759,2026-09-28
1790568240,1767.23,1767.23,1766.57,1766.93,2354309,2026-09-28
1790568300,1766.73,1766.93,1766.34,1766.34,2358971,2026-09-28
1790568360,1766.25,1766.7,1765.55,1765.79,2483259,2026-09-28
1790568420,1765.72,1766.09,1765.33,1766.08,2465442,2026-09-28
1790568480,1765.65,1768.38,1765.58,1768.22,2163895,2026-09-28
1790568540,1768.28,1770.21,1768.28,1768.75,1984943,2026-09-28
1790568600,1768.7,1769.49,1768.65,1769.44,1736233,2026-09-28
1790568660,1769.14,1770.11,1769.14,1769.7,1845560,2026-09-28
1790568720,1769.99,1769.99,1769.21,1769.21,1057619,2026-09-28
1790568780,1769.09,1769.82,1769.09,1769.69,1639657,2026-09-28
1790568840,1769.83,1770.18,1769.38,1769.41,1342912,2026-09-28
1790568900,1769.59,1769.59,1769.05,1769.27,854643,2026-09-28
1790568960,1769.27,1769.33,1768.82,1768.82,795189,2026-09-28
1790569020,1768.89,1768.95,1768.34,1768.68,1211711,2026-09-28
1790569080,1768.71,1768.85,1768.18,1768.55,1037568,2026-09-28
1790569140,1768.33,1768.33,1767.62,1767.62,1353941,2026-09-28
1790569200,1767.61,1767.93,1767.55,1767.73,1307422,2026-09-28
1790569260,1768.0,1768.01,1766.52,1766.53,1225381,2026-09-28
1790569320,1766.33,1768.83,1766.33,1768.51,1569089,2026-09-28
1790569380,1768.22,1768.48,1767.78,1767.88,1511414,2026-09-28
1790569440,1768.02,1768.29,1767.28,1767.47,1895695,2026-09-28
1790569500,1767.4,1769.0,1767.4,1768.75,1065323,2026-09-28
1790569560,1768.54,1768.95,1768.45,1768.47,1057264,2026-09-28
1790569620,1768.39,1768.57,1768.0,1768.0,1743767,2026-09-28
1790569680,1768.02,1768.16,1767.69,1767.81,1140262,2026-09-28
1790569740,1767.84,1768.95,1767.84,1768.9,1443025,2026-09-28
1790569800,1768.71,1768.71,1768.71,1768.71,136779,2026-09-28
1790575200,1767.59,1768.67,1766.94,1768.67,10627673,2026-09-28
1790575260,1768.37,1768.42,1767.54,1768.14,2900937,2026-09-28
1790575320,1768.3,1768.3,1765.97,1765.97,2264770,2026-09-28
1790575380,1766.19,1766.19,1765.18,1765.56,4866068,2026-09-28
1790575440,1765.62,1765.94,1764.36,1764.43,2055412,2026-09-28
1790575500,1764.41,1764.79,1763.83,1763.83,2636006,2026-09-28
1790575560,1763.84,1766.01,1763.62,1765.26,2906422,2026-09-28
1790575620,1766.05,1767.17,1766.05,1767.01,3891906,2026-09-28
1790575680,1766.96,1767.13,1765.61,1765.7,2083510,2026-09-28
1790575740,1766.15,1766.22,1765.88,1766.04,1478738,2026-09-28
1790575800,1765.92,1766.02,1765.56,1765.76,1444607,2026-09-28
1790575860,1765.85,1766.17,1765.6,1766.1,1470142,2026-09-28
1790575920,1765.86,1766.98,1765.86,1766.98,1587405,2026-09-28
1790575980,1766.91,1766.92,1766.2,1766.2,2132163,2026-09-28
1790576040,1766.09,1767.38,1766.09,1767.09,2216809,2026-09-28
1790576100,1767.09,1767.23,1766.36,1766.45,2284060,2026-09-28
1790576160,1766.51,1767.11,1766.4,1766.75,1836439,2026-09-28
1790576220,1766.72,1767.01,1766.42,1766.61,1620646,2026-09-28
1790576280,1766.46,1766.86,1766.38,1766.61,2372924,2026-09-28
1790576340,1766.52,1766.81,1766.42,1766.78,1748078,2026-09-28
1790576400,1766.74,1766.94,1766.63,1766.78,1801613,2026-09-28
1790576460,1766.68,1767.31,1766.61,1767.1,1903713,2026-09-28
1790576520,1767.19,1767.58,1766.95,1767.03,1720675,2026-09-28
1790576580,1767.06,1767.75,1767.0,1767.44,1348080,2026-09-28
1790576640,1767.61,1767.61,1767.17,1767.39,1664179,2026-09-28
1790576700,1767.58,1767.58,1767.14,1767.38,1619202,2026-09-28
1790576760,1767.37,1767.43,1766.89,1767.0,1549620,2026-09-28
1790576820,1767.06,1767.21,1766.64,1766.86,2622304,2026-09-28
1790576880,1766.78,1767.1,1766.48,1766.67,2635390,2026-09-28
1790576940,1766.78,1766.97,1766.45,1766.45,1525011,2026-09-28
1790577000,1766.56,1768.23,1766.34,1767.95,2031391,2026-09-28
1790577060,1767.9,1768.29,1767.76,1767.97,1763039,2026-09-28
1790577120,1768.13,1768.14,1767.88,1767.96,2193482,2026-09-28
1790577180,1768.19,1768.22,1766.95,1768.13,3229513,2026-09-28
1790577240,1768.15,1768.87,1767.99,1768.87,2854191,2026-09-28
1790577300,1768.36,1769.09,1768.36,1768.74,3506458,2026-09-28
1790577360,1768.62,1770.53,1768.56,1769.81,3828966,2026-09-28
1790577420,1769.61,1772.04,1769.61,1771.98,3318214,2026-09-28
1790577480,1771.86,1773.51,1771.8,1773.51,4021116,2026-09-28
1790577540,1773.66,1773.74,1773.46,1773.5,3164426,2026-09-28
1790577600,1773.81,1773.95,1773.55,1773.69,2619079,2026-09-28
1790577660,1773.91,1774.06,1773.75,1773.86,2016644,2026-09-28
1790577720,1773.96,1773.96,1773.49,1773.59,1795706,2026-09-28
1790577780,1773.58,1773.58,1772.51,1772.61,3404508,2026-09-28
1790577840,1772.62,1772.83,1772.27,1772.35,2914823,2026-09-28
1790577900,1772.54,1773.5,1772.54,1772.99,3353321,2026-09-28
1790577960,1773.04,1773.2,1772.77,1773.06,2763654,2026-09-28
1790578020,1773.29,1773.51,1773.07,1773.51,2287483,2026-09-28
1790578080,1773.44,1773.44,1773.05,1773.05,3081670,2026-09-28
1790578140,1773.34,1773.34,1772.92,1773.05,1859049,2026-09-28
1790578200,1773.14,1773.16,1772.62,1772.81,1688125,2026-09-28
1790578260,1772.88,1772.92,1772.04,1772.17,1757450,2026-09-28
1790578320,1772.21,1772.67,1772.01,1772.01,1956575,2026-09-28
1790578380,1772.38,1772.55,1772.0,1772.26,2512020,2026-09-28
1790578440,1772.42,1772.57,1772.16,1772.53,1915120,2026-09-28
1790578500,1772.48,1772.48,1771.89,1772.38,1713751,2026-09-28
1790578560,1772.08,1772.51,1772.08,1772.23,2681137,2026-09-28
1790578620,1772.25,1772.3,1771.96,1771.96,1863730,2026-09-28
1790578680,1771.87,1772.18,1771.76,1771.95,1525009,2026-09-28
1790578740,1771.71,1772.18,1771.71,1772.18,1297193,2026-09-28
1790578800,1772.18,1772.37,1771.75,1772.1,2102504,2026-09-28
1790578860,1772.15,1772.15,1771.77,1771.79,1374298,2026-09-28
1790578920,1771.72,1771.82,1771.39,1771.45,1261998,2026-09-28
1790578980,1771.7,1772.48,1771.7,1772.48,1591598,2026-09-28
1790579040,1772.39,1773.12,1772.21,1772.88,2166206,2026-09-28
1790579100,1772.96,1773.05,1772.51,1773.05,1217188,2026-09-28
1790579160,1773.45,1773.95,1772.98,1773.82,1568387,2026-09-28
1790579220,1773.79,1773.87,1773.57,1773.68,1412731,2026-09-28
1790579280,1773.85,1774.39,1773.76,1774.39,1171971,2026-09-28
1790579340,1774.18,1774.19,1773.93,1773.95,1428789,2026-09-28
1790579400,1774.06,1774.06,1772.79,1772.79,1849797,2026-09-28
1790579460,1772.58,1772.67,1771.92,1772.05,2797451,2026-09-28
1790579520,1772.04,1772.3,1771.83,1772.04,3218544,2026-09-28
1790579580,1772.17,1772.63,1771.99,1772.16,3425603,2026-09-28
1790579640,1772.03,1772.58,1772.03,1772.46,3004627,2026-09-28
1790579700,1772.11,1772.49,1772.11,1772.35,2955280,2026-09-28
1790579760,1772.22,1772.61,1772.07,1772.07,2746664,2026-09-28
1790579820,1772.46,1772.46,1771.76,1771.77,2206766,2026-09-28
1790579880,1771.73,1772.56,1771.73,1772.56,3243325,2026-09-28
1790579940,1772.29,1772.96,1772.27,1772.92,2745849,2026-09-28
1790580000,1772.68,1772.96,1771.96,1772.47,2201932,2026-09-28
1790580060,1772.2,1772.58,1772.16,1772.16,2890948,2026-09-28
1790580120,1772.41,1774.42,1772.41,1774.42,3039089,2026-09-28
1790580180,1774.42,1774.9,1774.28,1774.7,3382659,2026-09-28
1790580240,1774.81,1776.29,1774.81,1776.05,4700639,2026-09-28
1790580300,1776.2,1777.0,1776.2,1776.97,4639783,2026-09-28
1790580360,1776.65,1777.53,1776.65,1777.18,4219316,2026-09-28
1790580420,1777.05,1777.7,1776.85,1777.7,6237614,2026-09-28
1790580480,1777.8,1778.18,1777.63,1778.04,4784165,2026-09-28
1790580540,1777.6,1778.67,1777.6,1778.48,3923557,2026-09-28
1790580600,1773.68,1773.68,1773.68,1773.68,388455,2026-09-28
1790580660,1772.26,1772.26,1772.26,1772.26,0,2026-09-28
1790580840,1772.1,1772.1,1772.1,1772.1,0,2026-09-28
1790580960,1772.0,1772.0,1772.0,1772.0,0,2026-09-28
1790581140,1772.57,1772.57,1772.57,1772.57,0,2026-09-28
1790581260,1772.7,1772.7,1772.7,1772.7,0,2026-09-28
1790581380,1775.73,1776.4,1775.73,1776.4,0,2026-09-28
1790581440,1780.67,1780.67,1780.67,1780.67,0,2026-09-28
1790581500,1779.46,1780.68,1779.46,1780.68,41974449,2026-09-28
1790582700,1780.68,1780.68,1780.68,1780.68,0,2026-09-28
1790648100,1780.68,1781.23,1779.49,1781.23,17833117,2026-09-29
1790648160,1781.46,1781.46,1780.5,1781.41,1941357,2026-09-29
1790648220,1781.1,1781.89,1780.82,1781.89,1680936,2026-09-29
1790648280,1781.87,1782.34,1781.52,1782.27,1769487,2026-09-29
1790648340,1782.42,1782.55,1781.99,1782.55,2010712,2026-09-29
1790648400,1782.64,1782.65,1781.92,1782.17,1568457,2026-09-29
1790648460,1781.91,1782.3,1781.74,1781.87,1911842,2026-09-29
1790648520,1781.8,1782.05,1781.3,1781.92,1870553,2026-09-29
1790648580,1782.12,1782.26,1781.76,1782.11,1296121,2026-09-29
1790648640,1782.07,1782.21,1781.58,1781.69,1664026,2026-09-29
1790648700,1781.91,1782.14,1781.28,1781.46,1766403,2026-09-29
1790648760,1781.64,1781.64,1780.49,1780.63,1376764,2026-09-29
1790648820,1780.73,1780.85,1780.49,1780.54,1761334,2026-09-29
1790648880,1780.54,1780.61,1779.76,1779.99,1497514,2026-09-29
1790648940,1780.0,1780.22,1779.07,1779.11,1468102,2026-09-29
1790649000,1779.39,1779.39,1778.16,1778.23,1297800,2026-09-29
1790649060,1778.05,1778.25,1777.34,1777.34,997383,2026-09-29
1790649120,1777.3,1777.43,1777.15,1777.15,1635275,2026-09-29
1790649180,1777.09,1777.09,1776.25,1776.25,1504221,2026-09-29
1790649240,1776.13,1776.13,1775.68,1775.87,2406565,2026-09-29
1790649300,1775.79,1775.87,1774.97,1774.97,1416354,2026-09-29
1790649360,1774.55,1775.33,1774.55,1774.77,1275139,2026-09-29
1790649420,1774.83,1775.03,1774.51,1774.9,1610560,2026-09-29
1790649480,1775.07,1776.0,1775.07,1775.22,1267014,2026-09-29
1790649540,1775.32,1775.68,1775.25,1775.59,2029173,2026-09-29
1790649600,1775.55,1775.55,1774.84,1774.88,1316795,2026-09-29
1790649660,1774.6,1775.86,1774.45,1775.86,1654246,2026-09-29
1790649720,1775.91,1776.75,1775.58,1776.57,1588117,2026-09-29
1790649780,1776.75,1776.75,1776.2,1776.41,1521757,2026-09-29
1790649840,1776.68,1776.74,1776.15,1776.21,1578203,2026-09-29
1790649900,1776.25,1776.25,1775.54,1775.54,964456,2026-09-29
1790649960,1775.91,1775.91,1775.47,1775.53,1438026,2026-09-29
1790650020,1775.61,1775.95,1775.04,1775.1,1281777,2026-09-29
1790650080,1775.15,1775.49,1775.01,1775.2,2046930,2026-09-29
1790650140,1775.37,1775.66,1774.88,1774.88,1203659,2026-09-29
1790650200,1775.0,1775.03,1774.48,1774.53,2296343,2026-09-29
1790650260,1774.54,1774.73,1774.38,1774.38,1121449,2026-09-29
1790650320,1774.52,1774.66,1773.98,1774.35,1229566,2026-09-29
1790650380,1774.31,1774.31,1773.88,1773.98,1307997,2026-09-29
1790650440,1773.99,1774.19,1773.72,1774.19,1782658,2026-09-29
1790650500,1773.92,1774.3,1773.81,1773.9,1570866,2026-09-29
1790650560,1773.77,1774.14,1773.77,1773.94,1423233,2026-09-29
1790650620,1774.36,1774.42,1773.92,1773.92,983867,2026-09-29
1790650680,1773.72,1774.87,1773.71,1774.31,1307468,2026-09-29
1790650740,1774.46,1775.08,1774.46,1774.78,1830717,2026-09-29
1790650800,1774.57,1774.97,1774.55,1774.59,1306729,2026-09-29
1790650860,1774.54,1775.77,1774.54,1775.75,1305324,2026-09-29
1790650920,1775.72,1776.92,1775.46,1776.85,2385618,2026-09-29
1790650980,1776.8,1777.42,1776.45,1777.15,2087461,2026-09-29
1790651040,1777.43,1778.18,1777.08,1778.12,1734746,2026-09-29
1790651100,1778.41,1778.71,1778.14,1778.71,1525807,2026-09-29
1790651160,1778.7,1779.99,1778.27,1779.99,1918430,2026-09-29
1790651220,1779.92,1780.06,1779.08,1780.06,1986150,2026-09-29
1790651280,1779.98,1780.02,1779.11,1780.01,1940519,2026-09-29
1790651340,1780.19,1780.19,1779.37,1779.88,1628525,2026-09-29
1790651400,1779.93,1780.34,1779.67,1779.7,1973057,2026-09-29
1790651460,1779.65,1780.34,1779.57,1779.57,1319212,2026-09-29
1790651520,1779.6,1779.88,1779.43,1779.86,1574095,2026-09-29
1790651580,1780.02,1780.33,1779.84,1780.07,899201,2026-09-29
1790651640,1780.25,1780.55,1780.16,1780.42,1371306,2026-09-29
1790651700,1780.61,1780.61,1779.99,1780.15,1354915,2026-09-29
1790651760,1780.16,1780.55,1780.14,1780.44,1051451,2026-09-29
1790651820,1780.45,1780.45,1779.98,1780.4,963819,2026-09-29
1790651880,1780.38,1780.7,1780.14,1780.14,990038,2026-09-29
1790651940,1780.01,1780.24,1779.55,1779.77,1016462,2026-09-29
1790652000,1779.8,1779.86,1779.11,1779.27,1302108,2026-09-29
1790652060,1779.17,1779.29,1779.05,1779.28,862301,2026-09-29
1790652120,1779.11,1779.33,1778.94,1779.11,755402,2026-09-29
1790652180,1779.11,1779.43,1778.88,1779.24,930794,2026-09-29
1790652240,1779.33,1779.36,1778.43,1778.43,1048172,2026-09-29
1790652300,1778.73,1778.91,1778.39,1778.39,788406,2026-09-29
1790652360,1778.47,1778.72,1778.32,1778.44,902787,2026-09-29
1790652420,1778.25,1779.38,1778.25,1779.19,969752,2026-09-29
1790652480,1778.88,1778.88,1777.99,1778.15,1283446,2026-09-29
1790652540,1778.41,1778.41,1777.65,1777.65,1063478,2026-09-29
1790652600,1777.55,1778.06,1777.55,1777.72,906127,2026-09-29
1790652660,1777.26,1777.72,1777.26,1777.57,829953,2026-09-29
1790652720,1777.59,1778.18,1777.32,1777.48,904164,2026-09-29
1790652780,1777.63,1778.05,1777.23,1777.5,1088468,2026-09-29
1790652840,1777.77,1778.08,1777.68,1777.78,612799,2026-09-29
1790652900,1777.79,1777.88,1777.37,1777.37,847586,2026-09-29
1790652960,1777.49,1778.01,1777.4,1777.67,867979,2026-09-29
1790653020,1777.5,1777.91,1777.31,1777.44,689309,2026-09-29
1790653080,1777.63,1777.86,1777.29,1777.29,1168499,2026-09-29
1790653140,1777.1,1777.86,1777.1,1777.45,974764,2026-09-29
1790653200,1777.29,1777.29,1776.8,1777.24,919380,2026-09-29
1790653260,1776.93,1777.04,1776.62,1777.04,1539840,2026-09-29
1790653320,1776.8,1776.86,1776.32,1776.54,1108453,2026-09-29
1790653380,1776.53,1776.75,1776.36,1776.75,1487242,2026-09-29
1790653440,1776.73,1778.03,1776.73,1777.71,1524723,2026-09-29
1790653500,1777.58,1778.06,1777.44,1778.06,1814107,2026-09-29
1790653560,1777.95,1778.49,1777.92,1778.27,2069426,2026-09-29
1790653620,1778.21,1778.98,1778.02,1778.79,3349717,2026-09-29
1790653680,1778.82,1779.28,1778.66,1778.97,3074225,2026-09-29
1790653740,1779.04,1779.62,1778.71,1779.28,2013058,2026-09-29
1790653800,1779.05,1780.34,1779.05,1780.16,2690585,2026-09-29
1790653860,1780.0,1780.11,1779.48,1779.48,2303682,2026-09-29
1790653920,1779.26,1781.0,1779.26,1781.0,2177325,2026-09-29
1790653980,1781.16,1781.47,1780.88,1781.05,1787679,2026-09-29
1790654040,1781.25,1781.25,1780.93,1781.11,2118733,2026-09-29
1790654100,1781.21,1781.38,1780.95,1780.95,1073599,2026-09-29
1790654160,1780.88,1781.1,1780.55,1780.72,1088426,2026-09-29
1790654220,1780.68,1780.68,1780.14,1780.19,686111,2026-09-29
1790654280,1780.37,1780.37,1779.72,1779.94,825797,2026-09-29
1790654340,1779.7,1779.76,1779.42,1779.68,543753,2026-09-29
1790654400,1779.78,1779.81,1779.42,1779.42,714199,2026-09-29
1790654460,1779.58,1779.58,1778.94,1779.09,1748725,2026-09-29
1790654520,1779.15,1779.2,1778.68,1778.68,1018168,2026-09-29
1790654580,1778.79,1779.01,1778.58,1778.89,1084279,2026-09-29
1790654640,1779.06,1779.11,1778.56,1778.67,1059003,2026-09-29
1790654700,1778.42,1778.75,1778.13,1778.22,745585,2026-09-29
1790654760,1778.29,1778.56,1777.92,1778.42,934568,2026-09-29
1790654820,1778.48,1778.91,1777.93,1778.12,948859,2026-09-29
1790654880,1778.28,1778.28,1777.73,1777.73,684056,2026-09-29
1790654940,1777.66,1778.18,1777.49,1778.18,712629,2026-09-29
1790655000,1778.16,1778.16,1777.59,1777.59,739321,2026-09-29
1790655060,1777.6,1778.72,1777.6,1778.34,638402,2026-09-29
1790655120,1778.51,1779.07,1778.51,1778.9,1245354,2026-09-29
1790655180,1778.85,1779.39,1778.77,1779.21,882236,2026-09-29
1790655240,1778.8,1779.07,1778.79,1778.87,1459555,2026-09-29
1790655300,1778.89,1779.99,1778.79,1779.99,899906,2026-09-29
1790655360,1779.8,1779.84,1779.07,1779.07,637775,2026-09-29
1790655420,1778.9,1779.42,1778.8,1779.21,873446,2026-09-29
1790655480,1779.07,1779.43,1778.79,1778.98,766047,2026-09-29
1790655540,1778.88,1779.43,1778.82,1779.09,728952,2026-09-29
1790655600,1778.9,1778.93,1778.42,1778.68,553030,2026-09-29
1790655660,1778.67,1778.8,1778.48,1778.71,1275485,2026-09-29
1790655720,1778.38,1778.77,1778.14,1778.21,1037109,2026-09-29
1790655780,1778.57,1778.57,1778.09,1778.52,589655,2026-09-29
1790655840,1778.27,1778.79,1778.14,1778.69,764770,2026-09-29
1790655900,1778.72,1779.87,1778.41,1779.59,655921,2026-09-29
1790655960,1779.22,1779.62,1779.08,1779.62,938220,2026-09-29
1790656020,1779.71,1779.71,1779.04,1779.55,938669,2026-09-29
1790656080,1779.29,1779.36,1778.61,1778.61,668386,2026-09-29
1790656140,1778.64,1779.15,1778.43,1779.08,741251,2026-09-29
1790656200,1779.24,1779.24,1779.24,1779.24,64355,2026-09-29
1790661600,1779.07,1779.13,1778.11,1778.78,6700458,2026-09-29
1790661660,1778.54,1778.54,1776.97,1776.97,1633033,2026-09-29
1790661720,1777.13,1778.63,1777.13,1778.12,1479314,2026-09-29
1790661780,1778.19,1779.1,1777.49,1779.1,1975065,2026-09-29
1790661840,1778.85,1778.92,1777.75,1778.32,1326986,2026-09-29
1790661900,1778.25,1778.31,1777.72,1778.2,2124200,2026-09-29
1790661960,1777.97,1779.31,1777.74,1779.31,1361337,2026-09-29
1790662020,1779.18,1780.18,1778.79,1780.18,1756996,2026-09-29
1790662080,1780.24,1781.27,1780.15,1781.09,2717315,2026-09-29
1790662140,1781.11,1781.78,1781.11,1781.17,1454228,2026-09-29
1790662200,1781.13,1781.8,1780.95,1781.31,1983728,2026-09-29
1790662260,1781.46,1781.78,1780.9,1781.31,1962270,2026-09-29
1790662320,1781.29,1781.96,1781.27,1781.28,1771631,2026-09-29
1790662380,1781.22,1781.24,1780.7,1780.92,2220722,2026-09-29
1790662440,1780.72,1781.21,1780.56,1780.75,1790960,2026-09-29
1790662500,1780.44,1781.07,1779.94,1781.07,2623162,2026-09-29
1790662560,1780.56,1781.02,1780.54,1780.79,2133355,2026-09-29
1790662620,1780.97,1781.42,1780.94,1781.1,3439307,2026-09-29
1790662680,1781.13,1781.31,1780.64,1780.64,1947059,2026-09-29
1790662740,1780.9,1780.93,1780.5,1780.67,1902735,2026-09-29
1790662800,1780.52,1780.71,1780.05,1780.41,1684347,2026-09-29
1790662860,1780.38,1780.38,1779.79,1779.91,1742873,2026-09-29
1790662920,1779.81,1779.81,1779.21,1779.3,1452066,2026-09-29
1790662980,1779.16,1779.56,1779.12,1779.56,1649561,2026-09-29
1790663040,1779.19,1779.27,1778.92,1778.92,1360468,2026-09-29
1790663100,1779.03,1779.2,1778.63,1779.2,1588401,2026-09-29
1790663160,1779.21,1779.98,1779.03,1779.98,1598584,2026-09-29
1790663220,1779.39,1779.39,1778.97,1779.12,2018563,2026-09-29
1790663280,1779.18,1779.78,1778.85,1779.74,2324224,2026-09-29
1790663340,1779.69,1779.74,1778.77,1779.55,2210061,2026-09-29
1790663400,1779.39,1779.55,1778.73,1779.16,1801704,2026-09-29
1790663460,1778.97,1779.71,1778.73,1779.01,1590598,2026-09-29
1790663520,1778.99,1779.27,1778.37,1779.27,1330107,2026-09-29
1790663580,1779.23,1779.71,1778.78,1779.34,1787725,2026-09-29
1790663640,1779.12,1779.68,1778.66,1778.83,1277763,2026-09-29
1790663700,1779.01,1779.18,1778.38,1778.38,1266108,2026-09-29
1790663760,1778.39,1778.4,1777.57,1777.57,1325696,2026-09-29
1790663820,1777.44,1777.87,1777.27,1777.53,1460898,2026-09-29
1790663880,1777.43,1777.74,1777.13,1777.18,1272143,2026-09-29
1790663940,1777.23,1777.65,1776.83,1777.02,1259689,2026-09-29
1790664000,1776.68,1777.23,1776.68,1776.97,1033468,2026-09-29
1790664060,1776.69,1777.04,1776.53,1776.53,1492243,2026-09-29
1790664120,1776.76,1777.09,1776.69,1776.72,1401170,2026-09-29
1790664180,1776.81,1776.86,1776.37,1776.6,1393871,2026-09-29
1790664240,1776.26,1776.4,1775.9,1776.19,2078619,2026-09-29
1790664300,1776.35,1776.35,1775.68,1775.83,1262307,2026-09-29
1790664360,1775.62,1776.06,1775.35,1775.76,1608895,2026-09-29
1790664420,1775.72,1776.05,1775.5,1776.05,1415250,2026-09-29
1790664480,1775.91,1775.91,1775.3,1775.3,1310420,2026-09-29
1790664540,1775.3,1775.62,1775.17,1775.55,1791857,2026-09-29
1790664600,1775.24,1775.45,1774.95,1775.27,1565587,2026-09-29
1790664660,1775.22,1775.25,1774.8,1775.02,1233416,2026-09-29
1790664720,1775.04,1775.58,1774.7,1775.58,3013701,2026-09-29
1790664780,1775.31,1775.61,1775.09,1775.48,1770966,2026-09-29
1790664840,1775.69,1775.78,1775.2,1775.43,1275247,2026-09-29
1790664900,1775.71,1776.68,1775.51,1776.21,1509920,2026-09-29
1790664960,1776.13,1776.34,1775.83,1776.0,1294654,2026-09-29
1790665020,1776.28,1776.4,1775.77,1775.99,1447072,2026-09-29
1790665080,1775.97,1776.5,1775.65,1776.5,1411664,2026-09-29
1790665140,1776.38,1776.79,1776.16,1776.37,1376741,2026-09-29
1790665200,1776.23,1776.6,1776.09,1776.25,2296001,2026-09-29
1790665260,1776.37,1777.18,1776.29,1776.51,2788497,2026-09-29
1790665320,1776.51,1777.0,1776.49,1776.58,2089075,2026-09-29
1790665380,1776.56,1777.11,1776.56,1777.04,2251789,2026-09-29
1790665440,1776.85,1777.49,1776.5,1777.14,3195487,2026-09-29
1790665500,1776.94,1777.09,1776.36,1776.62,2163075,2026-09-29
1790665560,1776.68,1776.88,1776.31,1776.4,2993035,2026-09-29
1790665620,1776.31,1776.49,1775.49,1775.7,3015041,2026-09-29
1790665680,1775.66,1775.95,1775.27,1775.44,3057175,2026-09-29
1790665740,1775.48,1775.49,1775.01,1775.45,2862417,2026-09-29
1790665800,1775.67,1775.67,1774.84,1775.02,2409932,2026-09-29
1790665860,1775.09,1775.44,1774.87,1774.87,2331375,2026-09-29
1790665920,1774.78,1774.88,1774.59,1774.7,3470382,2026-09-29
1790665980,1774.42,1774.93,1774.03,1774.03,4803631,2026-09-29
1790666040,1774.08,1774.08,1773.17,1773.31,3793102,2026-09-29
1790666100,1773.21,1773.48,1772.94,1772.94,4426610,2026-09-29
1790666160,1773.19,1773.41,1772.74,1772.88,3053481,2026-09-29
1790666220,1773.1,1773.38,1772.58,1772.72,2930481,2026-09-29
1790666280,1773.17,1773.17,1772.55,1772.55,3021297,2026-09-29
1790666340,1773.08,1773.49,1772.54,1772.59,2817184,2026-09-29
1790666400,1773.16,1773.72,1773.02,1773.72,2194197,2026-09-29
1790666460,1774.07,1774.18,1773.54,1773.54,2127844,2026-09-29
1790666520,1773.66,1774.01,1773.62,1773.94,2535381,2026-09-29
1790666580,1774.34,1774.34,1773.64,1773.64,2641686,2026-09-29
1790666640,1773.46,1774.3,1773.37,1773.78,3600903,2026-09-29
1790666700,1774.14,1774.32,1773.76,1774.22,3007760,2026-09-29
1790666760,1774.16,1774.85,1773.74,1774.85,2565993,2026-09-29
1790666820,1774.89,1775.52,1774.63,1775.52,4006619,2026-09-29
1790666880,1775.37,1776.2,1775.37,1775.85,3552990,2026-09-29
1790666940,1775.83,1776.09,1775.26,1775.76,3771771,2026-09-29
1790667000,1769.81,1770.68,1769.81,1770.68,431646,2026-09-29
1790667120,1768.91,1769.04,1768.91,1769.04,0,2026-09-29
1790667240,1770.5,1770.95,1770.5,1770.95,0,2026-09-29
1790667300,1771.36,1771.49,1771.36,1771.49,0,2026-09-29
1790667360,1771.93,1771.93,1771.75,1771.75,0,2026-09-29
1790667420,1771.74,1772.06,1771.74,1772.06,0,2026-09-29
1790667480,1772.14,1772.14,1772.14,1772.14,0,2026-09-29
1790667540,1772.13,1772.13,1772.05,1772.05,0,2026-09-29
1790667600,1772.15,1772.26,1772.15,1772.26,0,2026-09-29
1790667660,1772.38,1772.38,1772.38,1772.38,0,2026-09-29
1790667720,1772.39,1772.39,1772.39,1772.39,0,2026-09-29
1790667840,1775.31,1775.68,1775.31,1775.68,0,2026-09-29
1790667900,1777.73,1777.73,1777.73,1777.73,42841719,2026-09-29
1790669100,1777.73,1777.73,1777.73,1777.73,0,2026-09-29
1790733600,1764.43,1764.43,1764.43,1764.43,0,2026-09-30
1790733960,1767.82,1767.82,1767.82,1767.82,0,2026-09-30
1790734020,1767.83,1767.83,1767.83,1767.83,0,2026-09-30
1790734500,1777.73,1784.6,1777.73,1784.6,59470136,2026-09-30
1790734560,1783.72,1786.2,1783.72,1784.27,4601282,2026-09-30
1790734620,1783.98,1783.98,1781.17,1781.17,3759858,2026-09-30
1790734680,1781.35,1781.35,1780.54,1780.65,3923692,2026-09-30
1790734740,1780.62,1780.62,1779.11,1779.69,3023367,2026-09-30
1790734800,1780.03,1783.12,1779.68,1782.96,2560357,2026-09-30
1790734860,1782.8,1783.11,1781.29,1781.9,2841569,2026-09-30
1790734920,1781.91,1782.47,1781.61,1782.47,2841407,2026-09-30
1790734980,1782.63,1782.89,1782.05,1782.05,1767226,2026-09-30
1790735040,1782.0,1782.0,1781.44,1781.92,1629836,2026-09-30
1790735100,1781.84,1782.88,1781.41,1782.43,1810091,2026-09-30
1790735160,1782.49,1782.49,1781.78,1781.78,1796304,2026-09-30
1790735220,1781.78,1782.22,1781.55,1781.59,1712993,2026-09-30
1790735280,1781.58,1781.92,1781.58,1781.7,1578353,2026-09-30
1790735340,1781.63,1782.17,1781.49,1781.99,1846919,2026-09-30
1790735400,1781.48,1784.56,1781.46,1784.45,3020281,2026-09-30
1790735460,1784.34,1784.39,1783.96,1784.19,1937874,2026-09-30
1790735520,1784.08,1784.3,1783.65,1783.69,2559508,2026-09-30
1790735580,1783.68,1784.41,1783.6,1784.16,2107874,2026-09-30
1790735640,1784.25,1784.25,1783.58,1783.58,1404002,2026-09-30
1790735700,1783.56,1783.77,1783.32,1783.5,2323738,2026-09-30
1790735760,1783.88,1783.88,1783.35,1783.35,1468293,2026-09-30
1790735820,1783.38,1783.38,1782.9,1783.08,1313358,2026-09-30
1790735880,1783.13,1783.13,1782.63,1782.63,1947071,2026-09-30
1790735940,1782.48,1783.04,1782.37,1783.04,1507213,2026-09-30
1790736000,1783.1,1783.1,1782.71,1783.05,1909978,2026-09-30
1790736060,1783.15,1783.66,1783.15,1783.62,2136711,2026-09-30
1790736120,1783.67,1783.68,1783.02,1783.44,1512861,2026-09-30
1790736180,1783.17,1783.64,1783.17,1783.55,1214042,2026-09-30
1790736240,1783.3,1783.61,1783.3,1783.39,974133,2026-09-30
1790736300,1783.55,1783.62,1783.17,1783.43,1552958,2026-09-30
1790736360,1783.42,1783.55,1782.95,1782.95,1320994,2026-09-30
1790736420,1782.97,1783.4,1782.39,1782.39,1278458,2026-09-30
1790736480,1782.39,1782.54,1782.37,1782.54,1543350,2026-09-30
1790736540,1782.02,1782.92,1781.96,1782.72,959567,2026-09-30
1790736600,1782.76,1783.06,1782.35,1782.57,2103267,2026-09-30
1790736660,1782.63,1783.21,1782.52,1783.21,1821042,2026-09-30
1790736720,1783.13,1783.85,1783.04,1783.15,1754864,2026-09-30
1790736780,1783.02,1783.1,1782.73,1782.73,1910117,2026-09-30
1790736840,1782.72,1782.84,1782.17,1782.17,1927593,2026-09-30
1790736900,1782.17,1782.7,1781.32,1781.32,2066644,2026-09-30
1790736960,1781.25,1781.48,1781.19,1781.43,1617487,2026-09-30
1790737020,1781.45,1781.53,1781.16,1781.25,1805050,2026-09-30
1790737080,1781.37,1782.28,1781.13,1781.79,1545699,2026-09-30
1790737140,1782.09,1782.09,1781.11,1781.3,1995453,2026-09-30
1790737200,1780.99,1781.14,1780.37,1781.06,1497972,2026-09-30
1790737260,1781.09,1781.27,1780.59,1780.59,1823858,2026-09-30
1790737320,1781.95,1781.95,1780.0,1780.0,1190528,2026-09-30
1790737380,1780.07,1780.89,1779.78,1780.62,1838484,2026-09-30
1790737440,1780.47,1782.2,1780.47,1781.84,1318618,2026-09-30
1790737500,1782.28,1783.96,1782.16,1783.46,1602999,2026-09-30
1790737560,1781.65,1781.99,1781.32,1781.32,1346395,2026-09-30
1790737620,1781.36,1781.71,1781.34,1781.34,753012,2026-09-30
1790737680,1781.4,1781.56,1781.07,1781.42,1696242,2026-09-30
1790737740,1781.29,1781.7,1781.29,1781.56,1850829,2026-09-30
1790737800,1781.78,1781.78,1781.05,1781.05,2265474,2026-09-30
1790737860,1781.06,1783.07,1780.52,1782.89,1627606,2026-09-30
1790737920,1782.83,1782.83,1781.83,1781.83,1043785,2026-09-30
1790737980,1781.62,1781.89,1780.52,1780.69,704232,2026-09-30
1790738040,1780.51,1780.58,1780.04,1780.53,876004,2026-09-30
1790738100,1780.56,1780.65,1779.92,1780.63,1944263,2026-09-30
1790738160,1780.75,1780.75,1780.02,1780.02,715517,2026-09-30
1790738220,1780.02,1780.29,1779.56,1780.29,866607,2026-09-30
1790738280,1779.94,1780.07,1779.65,1779.97,931400,2026-09-30
1790738340,1779.74,1781.32,1779.74,1781.05,1002454,2026-09-30
1790738400,1780.87,1780.87,1779.94,1780.2,1292805,2026-09-30
1790738460,1779.76,1780.13,1779.42,1779.42,1694453,2026-09-30
1790738520,1779.34,1780.25,1779.34,1779.86,1017449,2026-09-30
1790738580,1779.51,1779.83,1778.96,1779.21,1110514,2026-09-30
1790738640,1779.58,1779.94,1779.45,1779.94,856194,2026-09-30
1790738700,1779.71,1780.01,1779.47,1779.52,571614,2026-09-30
1790738760,1779.39,1779.58,1778.82,1778.93,1072206,2026-09-30
1790738820,1779.09,1779.09,1778.7,1778.93,613169,2026-09-30
1790738880,1778.94,1778.94,1778.12,1778.51,803137,2026-09-30
1790738940,1778.14,1778.82,1778.11,1778.11,685706,2026-09-30
1790739000,1778.13,1778.29,1777.31,1777.31,934736,2026-09-30
1790739060,1777.59,1777.82,1776.95,1776.95,677451,2026-09-30
1790739120,1776.97,1778.31,1776.97,1778.2,1109777,2026-09-30
1790739180,1778.07,1778.07,1777.07,1777.28,1213922,2026-09-30
1790739240,1777.14,1779.33,1777.14,1778.64,989354,2026-09-30
1790739300,1778.56,1779.22,1778.53,1778.6,571032,2026-09-30
1790739360,1778.74,1779.67,1778.74,1779.67,983187,2026-09-30
1790739420,1779.54,1779.74,1779.06,1779.2,872925,2026-09-30
1790739480,1779.22,1780.01,1779.21,1780.01,736407,2026-09-30
1790739540,1780.01,1780.53,1779.38,1780.26,1432893,2026-09-30
1790739600,1780.31,1780.31,1779.67,1779.67,845726,2026-09-30
1790739660,1779.54,1779.54,1778.7,1778.91,753608,2026-09-30
1790739720,1778.82,1779.04,1778.61,1779.04,533400,2026-09-30
1790739780,1779.29,1779.55,1779.13,1779.44,790261,2026-09-30
1790739840,1779.33,1779.33,1778.23,1778.23,908635,2026-09-30
1790739900,1778.26,1778.6,1778.07,1778.19,1009632,2026-09-30
1790739960,1778.39,1778.39,1777.64,1777.81,1213188,2026-09-30
1790740020,1777.77,1777.77,1776.99,1777.43,807671,2026-09-30
1790740080,1777.26,1777.26,1776.7,1777.02,1190329,2026-09-30
1790740140,1776.94,1777.15,1776.71,1776.88,2358050,2026-09-30
1790740200,1777.3,1777.3,1776.68,1776.89,1008737,2026-09-30
1790740260,1776.93,1777.14,1776.44,1776.44,908803,2026-09-30
1790740320,1776.48,1776.75,1776.32,1776.54,1103310,2026-09-30
1790740380,1776.85,1776.85,1776.01,1776.52,1108586,2026-09-30
1790740440,1776.5,1776.86,1776.24,1776.86,925228,2026-09-30
1790740500,1776.35,1776.86,1776.26,1776.62,886347,2026-09-30
1790740560,1776.5,1777.03,1776.5,1776.86,818122,2026-09-30
1790740620,1776.85,1777.42,1776.77,1777.42,544871,2026-09-30
1790740680,1777.7,1777.8,1777.27,1777.5,678001,2026-09-30
1790740740,1777.69,1778.33,1777.69,1778.11,522091,2026-09-30
1790740800,1778.12,1778.3,1777.03,1777.03,594826,2026-09-30
1790740860,1777.04,1777.52,1777.0,1777.52,874151,2026-09-30
1790740920,1777.93,1777.93,1777.2,1777.22,1229732,2026-09-30
1790740980,1776.87,1777.79,1776.87,1777.6,390745,2026-09-30
1790741040,1777.29,1777.41,1776.99,1777.15,521717,2026-09-30
1790741100,1777.04,1777.41,1776.84,1776.98,696873,2026-09-30
1790741160,1777.03,1777.03,1776.3,1776.74,1012321,2026-09-30
1790741220,1777.03,1777.03,1776.54,1776.79,1078080,2026-09-30
1790741280,1776.9,1777.19,1776.41,1776.41,1074160,2026-09-30
1790741340,1776.83,1778.61,1776.83,1778.14,806301,2026-09-30
1790741400,1778.19,1779.39,1776.96,1779.39,753750,2026-09-30
1790741460,1779.23,1779.44,1777.99,1778.11,841841,2026-09-30
1790741520,1778.13,1778.13,1777.16,1777.16,904574,2026-09-30
1790741580,1777.18,1777.55,1777.07,1777.31,529749,2026-09-30
1790741640,1777.49,1777.86,1776.89,1776.89,564782,2026-09-30
1790741700,1777.35,1777.57,1776.73,1776.9,675064,2026-09-30
1790741760,1776.88,1777.4,1776.72,1776.95,873799,2026-09-30
1790741820,1777.0,1777.4,1776.9,1777.31,1346765,2026-09-30
1790741880,1777.14,1777.63,1777.09,1777.63,765469,2026-09-30
1790741940,1777.61,1777.61,1777.01,1777.25,1395708,2026-09-30
1790742000,1777.33,1777.48,1776.85,1776.97,1272087,2026-09-30
1790742060,1777.17,1777.99,1777.01,1777.99,1401738,2026-09-30
1790742120,1777.99,1777.99,1777.36,1777.39,1485575,2026-09-30
1790742180,1777.4,1777.79,1777.1,1777.78,823086,2026-09-30
1790742240,1777.64,1777.64,1776.9,1777.03,1108233,2026-09-30
1790742300,1776.93,1777.82,1776.83,1777.34,2197546,2026-09-30
1790742360,1777.43,1777.43,1776.91,1777.15,2284516,2026-09-30
1790742420,1777.02,1777.08,1776.65,1776.65,531924,2026-09-30
1790742480,1776.67,1777.7,1776.56,1777.7,957101,2026-09-30
1790742540,1777.61,1778.27,1777.61,1777.98,1365875,2026-09-30
1790742600,1778.14,1778.14,1778.14,1778.14,187100,2026-09-30
1790748000,1777.18,1777.9,1776.67,1777.9,6108697,2026-09-30
1790748060,1777.49,1778.95,1777.49,1778.79,1598912,2026-09-30
1790748120,1779.02,1779.08,1777.4,1777.87,1798392,2026-09-30
1790748180,1777.75,1777.75,1776.47,1776.47,1397403,2026-09-30
1790748240,1776.44,1776.71,1775.69,1775.69,1259538,2026-09-30
1790748300,1775.72,1776.19,1775.6,1775.67,1174425,2026-09-30
1790748360,1775.58,1775.74,1775.11,1775.4,1738182,2026-09-30
1790748420,1775.19,1775.75,1775.08,1775.51,1656050,2026-09-30
1790748480,1775.51,1775.88,1775.13,1775.47,1402247,2026-09-30
1790748540,1775.39,1777.27,1775.19,1776.7,2237637,2026-09-30
1790748600,1776.74,1776.9,1775.8,1775.8,1502916,2026-09-30
1790748660,1775.98,1776.29,1775.59,1775.61,1239433,2026-09-30
1790748720,1775.79,1776.28,1775.79,1776.08,1480092,2026-09-30
1790748780,1776.11,1776.14,1775.58,1775.98,1570877,2026-09-30
1790748840,1775.82,1776.04,1775.63,1775.64,1326565,2026-09-30
1790748900,1775.64,1775.73,1775.24,1775.24,1817586,2026-09-30
1790748960,1775.35,1776.04,1775.29,1775.85,1429879,2026-09-30
1790749020,1776.0,1776.0,1775.52,1775.58,1094777,2026-09-30
1790749080,1775.85,1776.02,1775.61,1775.83,1463450,2026-09-30
1790749140,1775.89,1776.42,1775.76,1776.42,1537512,2026-09-30
1790749200,1776.46,1776.46,1775.59,1775.81,1430958,2026-09-30
1790749260,1775.61,1776.01,1775.49,1775.49,1527901,2026-09-30
1790749320,1775.56,1775.75,1775.33,1775.75,1253283,2026-09-30
1790749380,1776.07,1776.07,1775.63,1775.78,1461067,2026-09-30
1790749440,1775.95,1776.34,1775.95,1776.08,1270508,2026-09-30
1790749500,1776.04,1776.35,1775.92,1776.24,1041003,2026-09-30
1790749560,1776.07,1776.31,1775.99,1775.99,1660820,2026-09-30
1790749620,1776.25,1776.34,1775.93,1776.05,1164670,2026-09-30
1790749680,1775.99,1776.34,1775.98,1776.02,1442052,2026-09-30
1790749740,1776.06,1776.84,1776.03,1776.56,1688672,2026-09-30
1790749800,1776.46,1776.86,1776.34,1776.34,983162,2026-09-30
1790749860,1776.52,1777.22,1776.52,1777.22,2247969,2026-09-30
1790749920,1777.14,1779.32,1777.14,1778.25,2044788,2026-09-30
1790749980,1779.72,1779.79,1778.59,1779.59,3958645,2026-09-30
1790750040,1779.57,1779.9,1779.36,1779.9,2384650,2026-09-30
1790750100,1780.0,1780.0,1778.59,1778.59,2017879,2026-09-30
1790750160,1778.5,1779.04,1778.26,1778.26,1575655,2026-09-30
1790750220,1778.71,1779.24,1778.59,1779.04,1466181,2026-09-30
1790750280,1779.13,1779.28,1778.46,1778.5,1614979,2026-09-30
1790750340,1778.51,1778.63,1778.14,1778.32,1347432,2026-09-30
1790750400,1777.9,1778.29,1777.16,1777.16,2178714,2026-09-30
1790750460,1777.01,1777.09,1776.44,1776.8,1810955,2026-09-30
1790750520,1776.9,1776.9,1776.23,1776.61,1547185,2026-09-30
1790750580,1776.42,1776.54,1775.99,1776.45,1739228,2026-09-30
1790750640,1776.46,1776.77,1776.31,1776.39,2709964,2026-09-30
1790750700,1776.46,1776.76,1776.03,1776.36,2178770,2026-09-30
1790750760,1776.45,1776.54,1775.88,1776.11,1376134,2026-09-30
1790750820,1776.04,1776.21,1775.77,1775.86,1731214,2026-09-30
1790750880,1775.7,1775.81,1775.3,1775.3,2353424,2026-09-30
1790750940,1775.55,1775.55,1774.66,1774.85,2781231,2026-09-30
1790751000,1774.92,1774.92,1774.31,1774.6,2550832,2026-09-30
1790751060,1774.26,1774.56,1774.05,1774.23,1643282,2026-09-30
1790751120,1774.18,1774.18,1773.63,1773.89,3460453,2026-09-30
1790751180,1774.02,1774.02,1772.58,1772.8,3016088,2026-09-30
1790751240,1772.91,1772.91,1772.38,1772.63,2822722,2026-09-30
1790751300,1772.39,1772.85,1772.39,1772.61,2040887,2026-09-30
1790751360,1772.76,1773.46,1772.67,1772.94,2161057,2026-09-30
1790751420,1772.93,1772.99,1772.67,1772.72,1769005,2026-09-30
1790751480,1773.0,1773.0,1772.64,1772.86,2234141,2026-09-30
1790751540,1772.6,1772.87,1772.39,1772.87,1477061,2026-09-30
1790751600,1772.77,1773.2,1772.66,1772.92,2406520,2026-09-30
1790751660,1772.75,1772.86,1772.39,1772.51,1157006,2026-09-30
1790751720,1772.56,1772.91,1772.41,1772.52,1676786,2026-09-30
1790751780,1772.53,1772.66,1772.16,1772.6,3102042,2026-09-30
1790751840,1772.36,1772.44,1771.8,1771.8,2395188,2026-09-30
1790751900,1772.05,1772.15,1771.71,1772.15,2856454,2026-09-30
1790751960,1771.84,1772.07,1771.39,1771.49,4013798,2026-09-30
1790752020,1771.45,1771.83,1771.36,1771.55,2060492,2026-09-30
1790752080,1771.65,1771.83,1771.42,1771.42,2419885,2026-09-30
1790752140,1771.53,1772.09,1771.2,1771.2,1586122,2026-09-30
1790752200,1771.23,1771.48,1770.91,1771.35,1157825,2026-09-30
1790752260,1771.28,1771.28,1770.72,1770.81,2642355,2026-09-30
1790752320,1771.17,1771.28,1770.42,1770.65,4058306,2026-09-30
1790752380,1770.67,1770.83,1770.35,1770.38,4297299,2026-09-30
1790752440,1770.39,1771.03,1770.22,1770.64,3837806,2026-09-30
1790752500,1770.69,1770.92,1770.3,1770.81,2672680,2026-09-30
1790752560,1770.82,1770.86,1770.28,1770.55,2028915,2026-09-30
1790752620,1770.9,1770.99,1770.08,1770.08,2367676,2026-09-30
1790752680,1770.38,1770.38,1769.81,1769.81,3326839,2026-09-30
1790752740,1770.17,1770.28,1769.42,1769.58,1938948,2026-09-30
1790752800,1769.95,1769.99,1769.31,1769.48,2687629,2026-09-30
1790752860,1769.36,1769.49,1768.67,1769.22,3633064,2026-09-30
1790752920,1768.86,1768.97,1768.5,1768.54,3923357,2026-09-30
1790752980,1768.24,1768.77,1768.21,1768.21,3235446,2026-09-30
1790753040,1767.84,1768.12,1767.62,1767.75,4323746,2026-09-30
1790753100,1767.64,1768.11,1767.36,1768.0,3812875,2026-09-30
1790753160,1767.65,1769.09,1767.65,1768.96,3733261,2026-09-30
1790753220,1768.91,1769.62,1768.14,1769.54,3258876,2026-09-30
1790753280,1769.5,1770.17,1769.34,1770.05,4406475,2026-09-30
1790753340,1770.31,1770.31,1769.02,1769.68,4737562,2026-09-30
1790753400,1759.91,1760.01,1759.91,1760.01,421225,2026-09-30
1790753640,1761.92,1761.92,1761.92,1761.92,0,2026-09-30
1790753940,1759.61,1759.61,1759.61,1759.61,0,2026-09-30
1790754060,1760.54,1760.54,1760.54,1760.54,0,2026-09-30
1790754120,1760.51,1760.66,1760.51,1760.66,0,2026-09-30
1790754240,1766.45,1766.45,1766.45,1766.45,0,2026-09-30
1790754300,1768.33,1768.62,1768.33,1768.62,59113730,2026-09-30
1790755500,1768.62,1768.62,1768.62,1768.62,0,2026-09-30
1790820120,1766.01,1766.01,1766.01,1766.01,0,2026-10-01
1790820300,1766.76,1766.76,1766.76,1766.76,0,2026-10-01
1790820540,1765.68,1765.68,1765.68,1765.68,0,2026-10-01
1790820900,1765.71,1767.01,1765.5,1766.11,8657940,2026-10-01
1790820960,1765.97,1767.06,1765.97,1766.62,1413777,2026-10-01
1790821020,1766.55,1767.17,1766.55,1767.1,1656602,2026-10-01
1790821080,1767.45,1768.05,1767.45,1767.64,1006011,2026-10-01
1790821140,1767.61,1767.78,1766.66,1766.91,1139862,2026-10-01
1790821200,1767.18,1767.18,1765.97,1766.09,1202200,2026-10-01
1790821260,1766.0,1766.03,1765.15,1765.87,835802,2026-10-01
1790821320,1765.42,1765.98,1764.79,1765.79,2008759,2026-10-01
1790821380,1765.58,1765.8,1764.98,1764.98,1559665,2026-10-01
1790821440,1764.8,1765.25,1763.73,1764.08,1386586,2026-10-01
1790821500,1763.92,1764.26,1763.57,1763.95,1474747,2026-10-01
1790821560,1764.05,1764.05,1762.22,1762.28,1578662,2026-10-01
1790821620,1762.35,1762.35,1761.34,1761.34,2019443,2026-10-01
1790821680,1761.0,1761.4,1760.5,1760.5,1780282,2026-10-01
1790821740,1760.91,1761.19,1760.74,1761.19,2058880,2026-10-01
1790821800,1761.58,1763.61,1761.48,1763.16,1332521,2026-10-01
1790821860,1763.49,1764.1,1763.49,1763.96,1533085,2026-10-01
1790821920,1764.01,1764.11,1763.62,1764.11,1540540,2026-10-01
1790821980,1764.1,1764.21,1763.64,1764.07,1265914,2026-10-01
1790822040,1763.51,1763.68,1762.97,1763.34,1175074,2026-10-01
1790822100,1763.33,1763.33,1762.31,1762.32,903033,2026-10-01
1790822160,1762.25,1762.25,1761.25,1761.25,1137997,2026-10-01
1790822220,1761.6,1761.85,1760.75,1760.75,1792695,2026-10-01
1790822280,1760.65,1760.72,1760.21,1760.21,1999583,2026-10-01
1790822340,1759.98,1760.39,1759.53,1759.94,1619918,2026-10-01
1790822400,1759.35,1759.35,1758.0,1758.62,1998820,2026-10-01
1790822460,1758.55,1758.55,1757.82,1757.87,2201830,2026-10-01
1790822520,1757.81,1758.01,1757.06,1757.17,1878441,2026-10-01
1790822580,1756.99,1757.32,1756.56,1756.56,1964034,2026-10-01
1790822640,1756.66,1756.66,1755.16,1755.56,2469591,2026-10-01
1790822700,1755.57,1755.78,1755.16,1755.64,2654925,2026-10-01
1790822760,1755.8,1757.53,1755.48,1757.53,2705936,2026-10-01
1790822820,1756.61,1758.22,1756.61,1758.22,2005945,2026-10-01
1790822880,1758.15,1758.5,1757.6,1757.77,2586417,2026-10-01
1790822940,1758.29,1759.31,1758.06,1758.93,2036901,2026-10-01
1790823000,1759.05,1759.69,1758.75,1759.45,1356348,2026-10-01
1790823060,1759.57,1759.74,1759.01,1759.35,1765973,2026-10-01
1790823120,1759.23,1760.23,1758.81,1759.61,992619,2026-10-01
1790823180,1760.13,1760.66,1759.87,1760.46,1792130,2026-10-01
1790823240,1760.28,1760.67,1759.75,1760.41,1118236,2026-10-01
1790823300,1760.63,1760.63,1759.75,1760.26,1063081,2026-10-01
1790823360,1760.54,1760.54,1759.66,1759.85,983106,2026-10-01
1790823420,1760.06,1760.31,1759.52,1759.93,756155,2026-10-01
1790823480,1760.39,1760.39,1759.14,1759.99,1647364,2026-10-01
1790823540,1759.78,1759.83,1758.91,1759.04,1507801,2026-10-01
1790823600,1759.43,1760.03,1759.08,1759.74,1634250,2026-10-01
1790823660,1759.76,1760.51,1759.76,1760.35,1053779,2026-10-01
1790823720,1760.2,1760.48,1759.83,1759.96,1740400,2026-10-01
1790823780,1759.96,1760.04,1759.41,1759.47,1684075,2026-10-01
1790823840,1760.12,1760.12,1759.58,1759.58,1460685,2026-10-01
1790823900,1759.88,1760.03,1759.66,1759.66,1126277,2026-10-01
1790823960,1759.7,1760.09,1759.7,1760.0,1456760,2026-10-01
1790824020,1760.13,1760.5,1760.01,1760.11,950359,2026-10-01
1790824080,1760.69,1760.9,1760.28,1760.83,1147290,2026-10-01
1790824140,1760.97,1761.01,1760.27,1760.34,1492830,2026-10-01
1790824200,1760.39,1761.4,1760.39,1761.01,1336503,2026-10-01
1790824260,1760.98,1761.25,1760.82,1761.2,1511400,2026-10-01
1790824320,1761.24,1761.73,1761.24,1761.73,1339092,2026-10-01
1790824380,1761.51,1762.56,1761.51,1762.56,3111881,2026-10-01
1790824440,1762.79,1763.13,1762.52,1763.13,2841153,2026-10-01
1790824500,1763.13,1763.3,1762.81,1762.95,1271130,2026-10-01
1790824560,1762.57,1763.85,1762.53,1763.85,1568679,2026-10-01
1790824620,1763.83,1764.62,1763.83,1764.55,985227,2026-10-01
1790824680,1764.47,1765.57,1764.1,1764.1,1275792,2026-10-01
1790824740,1764.35,1765.11,1764.34,1765.11,1761946,2026-10-01
1790824800,1765.18,1765.62,1764.72,1765.29,994858,2026-10-01
1790824860,1765.32,1765.49,1764.83,1765.35,1084399,2026-10-01
1790824920,1765.71,1766.37,1765.18,1766.23,1022924,2026-10-01
1790824980,1766.17,1766.6,1766.15,1766.6,2612560,2026-10-01
1790825040,1766.16,1766.75,1765.98,1766.75,1132935,2026-10-01
1790825100,1766.43,1766.88,1766.43,1766.82,1104739,2026-10-01
1790825160,1766.57,1766.75,1765.34,1765.63,1099077,2026-10-01
1790825220,1765.4,1765.81,1765.4,1765.81,836094,2026-10-01
1790825280,1765.79,1766.22,1765.45,1765.85,1319139,2026-10-01
1790825340,1766.3,1766.32,1765.62,1765.62,1168416,2026-10-01
1790825400,1765.6,1765.6,1765.09,1765.12,1176022,2026-10-01
1790825460,1765.0,1765.22,1764.52,1764.52,1449666,2026-10-01
1790825520,1765.02,1765.02,1764.0,1764.43,983042,2026-10-01
1790825580,1764.4,1764.46,1763.63,1763.63,1176328,2026-10-01
1790825640,1763.7,1763.75,1763.15,1763.45,1098509,2026-10-01
1790825700,1763.49,1763.61,1763.23,1763.29,828994,2026-10-01
1790825760,1763.39,1763.62,1762.84,1762.84,741332,2026-10-01
1790825820,1763.23,1763.37,1762.58,1762.69,956082,2026-10-01
1790825880,1762.82,1762.96,1762.48,1762.48,637227,2026-10-01
1790825940,1762.44,1762.48,1761.79,1761.84,1105029,2026-10-01
1790826000,1762.0,1762.03,1761.45,1761.67,1466241,2026-10-01
1790826060,1761.79,1761.86,1761.52,1761.69,1531850,2026-10-01
1790826120,1761.74,1762.14,1761.56,1762.14,1018801,2026-10-01
1790826180,1762.14,1762.25,1761.75,1762.02,1275204,2026-10-01
1790826240,1761.46,1762.09,1761.31,1761.49,1388512,2026-10-01
1790826300,1761.38,1762.1,1761.29,1761.48,1234962,2026-10-01
1790826360,1761.47,1761.91,1761.15,1761.23,1165881,2026-10-01
1790826420,1761.24,1762.0,1761.18,1761.25,1320721,2026-10-01
1790826480,1761.18,1761.42,1760.71,1760.99,1240208,2026-10-01
1790826540,1761.13,1761.13,1760.72,1760.83,965045,2026-10-01
1790826600,1760.95,1761.36,1760.93,1761.34,855860,2026-10-01
1790826660,1761.31,1761.38,1760.95,1761.19,1097267,2026-10-01
1790826720,1761.18,1762.01,1761.01,1761.95,1416804,2026-10-01
1790826780,1761.78,1762.44,1761.74,1761.81,1643133,2026-10-01
1790826840,1761.64,1761.79,1761.39,1761.55,980183,2026-10-01
1790826900,1761.4,1761.69,1760.96,1761.17,648190,2026-10-01
1790826960,1760.87,1761.11,1760.62,1760.85,1244307,2026-10-01
1790827020,1760.95,1761.23,1760.78,1761.23,1363104,2026-10-01
1790827080,1761.24,1761.3,1760.86,1761.07,1040922,2026-10-01
1790827140,1761.19,1761.19,1760.63,1760.99,1012271,2026-10-01
1790827200,1760.95,1760.98,1759.71,1760.0,850584,2026-10-01
1790827260,1759.99,1760.43,1759.77,1760.43,791180,2026-10-01
1790827320,1760.16,1760.35,1759.35,1759.89,603605,2026-10-01
1790827380,1759.73,1760.39,1759.73,1759.75,1117609,2026-10-01
1790827440,1759.81,1759.97,1759.64,1759.94,1533110,2026-10-01
1790827500,1760.18,1760.26,1759.5,1759.7,1185884,2026-10-01
1790827560,1759.6,1759.95,1759.41,1759.53,710900,2026-10-01
1790827620,1759.68,1759.68,1759.05,1759.05,1239795,2026-10-01
1790827680,1759.41,1759.5,1758.97,1759.03,853924,2026-10-01
1790827740,1758.85,1759.08,1758.68,1758.75,807464,2026-10-01
1790827800,1758.65,1758.89,1758.45,1758.82,1139676,2026-10-01
1790827860,1758.55,1758.81,1758.4,1758.52,1048698,2026-10-01
1790827920,1758.49,1758.56,1758.05,1758.05,872394,2026-10-01
1790827980,1758.21,1758.42,1757.9,1758.42,1257215,2026-10-01
1790828040,1758.38,1758.38,1757.93,1758.2,1955176,2026-10-01
1790828100,1758.16,1758.27,1757.78,1757.88,1600726,2026-10-01
1790828160,1758.27,1758.36,1757.49,1758.15,1049485,2026-10-01
1790828220,1758.1,1758.36,1757.92,1758.15,599068,2026-10-01
1790828280,1758.44,1758.44,1757.95,1758.15,682373,2026-10-01
1790828340,1758.23,1758.23,1757.68,1757.94,795298,2026-10-01
1790828400,1757.94,1758.05,1757.53,1757.54,704952,2026-10-01
1790828460,1757.53,1757.54,1757.28,1757.52,1012192,2026-10-01
1790828520,1757.62,1757.75,1757.01,1757.08,1042176,2026-10-01
1790828580,1757.33,1757.4,1757.04,1757.33,896132,2026-10-01
1790828640,1757.28,1757.55,1756.75,1757.55,940190,2026-10-01
1790828700,1757.24,1757.54,1756.83,1757.24,1366176,2026-10-01
1790828760,1757.37,1758.05,1756.92,1757.83,751390,2026-10-01
1790828820,1757.51,1757.77,1757.45,1757.61,894960,2026-10-01
1790828880,1757.91,1757.95,1757.52,1757.52,988453,2026-10-01
1790828940,1757.41,1757.99,1757.41,1757.88,1022316,2026-10-01
1790829000,1758.17,1758.17,1758.17,1758.17,54622,2026-10-01
1790834400,1757.92,1759.35,1757.77,1759.28,9298979,2026-10-01
1790834460,1759.42,1759.56,1758.15,1758.52,1081221,2026-10-01
1790834520,1758.45,1759.77,1758.45,1759.49,939143,2026-10-01
1790834580,1759.01,1761.19,1759.01,1759.39,2001426,2026-10-01
1790834640,1759.23,1760.29,1758.85,1759.0,1205292,2026-10-01
1790834700,1758.85,1759.17,1758.63,1758.74,1777776,2026-10-01
1790834760,1758.82,1760.03,1758.76,1759.03,1601902,2026-10-01
1790834820,1758.87,1760.13,1758.84,1759.9,2265880,2026-10-01
1790834880,1760.22,1760.24,1759.16,1759.61,1206684,2026-10-01
1790834940,1759.69,1760.22,1759.47,1760.01,2210943,2026-10-01
1790835000,1759.95,1759.95,1759.46,1759.75,2701452,2026-10-01
1790835060,1759.76,1760.17,1759.53,1759.84,1178528,2026-10-01
1790835120,1759.97,1760.21,1759.57,1759.72,1422875,2026-10-01
1790835180,1759.9,1760.01,1759.48,1760.01,2039753,2026-10-01
1790835240,1759.5,1759.6,1758.92,1758.92,1403893,2026-10-01
1790835300,1759.26,1759.74,1759.16,1759.38,1571366,2026-10-01
1790835360,1759.27,1760.17,1759.12,1760.12,1444862,2026-10-01
1790835420,1759.92,1760.2,1759.41,1759.81,1453524,2026-10-01
1790835480,1759.52,1759.84,1759.03,1759.32,2344585,2026-10-01
1790835540,1759.51,1759.51,1758.9,1759.17,1902408,2026-10-01
1790835600,1759.07,1759.07,1758.1,1758.39,2664948,2026-10-01
1790835660,1758.82,1758.82,1757.97,1757.97,1605793,2026-10-01
1790835720,1758.02,1758.2,1757.77,1757.94,1711696,2026-10-01
1790835780,1757.9,1757.9,1756.92,1756.92,1459397,2026-10-01
1790835840,1756.96,1756.96,1755.59,1755.59,2222288,2026-10-01
1790835900,1755.7,1755.94,1754.93,1754.93,2318666,2026-10-01
1790835960,1755.35,1755.79,1755.03,1755.42,2004190,2026-10-01
1790836020,1755.33,1755.69,1755.07,1755.69,2191642,2026-10-01
1790836080,1755.59,1755.59,1755.03,1755.42,1787946,2026-10-01
1790836140,1755.34,1755.46,1754.81,1754.81,1566172,2026-10-01
1790836200,1755.14,1755.14,1754.41,1754.9,6417449,2026-10-01
1790836260,1754.64,1754.76,1754.34,1754.38,3519098,2026-10-01
1790836320,1754.33,1754.78,1754.23,1754.32,2089750,2026-10-01
1790836380,1754.26,1754.62,1753.81,1753.81,1667943,2026-10-01
1790836440,1754.07,1754.24,1753.55,1754.14,1469092,2026-10-01
1790836500,1753.93,1753.98,1753.49,1753.65,2116458,2026-10-01
1790836560,1753.6,1753.72,1753.24,1753.24,1548869,2026-10-01
1790836620,1753.31,1753.6,1753.01,1753.46,1927705,2026-10-01
1790836680,1753.6,1753.6,1752.96,1753.19,1590015,2026-10-01
1790836740,1753.53,1753.7,1752.88,1753.24,1584230,2026-10-01
1790836800,1753.29,1753.34,1752.79,1752.79,1816428,2026-10-01
1790836860,1752.86,1752.97,1752.49,1752.64,2082426,2026-10-01
1790836920,1752.73,1753.02,1752.5,1752.5,2892407,2026-10-01
1790836980,1752.53,1752.53,1751.73,1751.73,2965480,2026-10-01
1790837040,1751.87,1751.87,1751.46,1751.64,2780299,2026-10-01
1790837100,1751.57,1751.8,1751.18,1751.59,1984982,2026-10-01
1790837160,1751.42,1751.42,1750.71,1750.71,2997565,2026-10-01
1790837220,1750.94,1750.94,1750.06,1750.36,2694269,2026-10-01
1790837280,1750.47,1750.47,1749.42,1749.51,2732273,2026-10-01
1790837340,1749.59,1751.01,1749.59,1751.01,2072457,2026-10-01
1790837400,1751.72,1753.16,1751.5,1752.55,4169373,2026-10-01
1790837460,1753.36,1753.43,1752.83,1752.83,2093968,2026-10-01
1790837520,1753.35,1753.35,1752.8,1752.85,1513054,2026-10-01
1790837580,1752.93,1753.17,1752.57,1753.17,1309709,2026-10-01
1790837640,1753.23,1753.33,1752.53,1752.53,1638552,2026-10-01
1790837700,1752.72,1752.86,1752.23,1752.41,2021045,2026-10-01
1790837760,1752.58,1752.61,1751.6,1751.72,2403229,2026-10-01
1790837820,1751.78,1751.78,1751.09,1751.14,2645832,2026-10-01
1790837880,1751.31,1751.38,1750.55,1750.7,2495151,2026-10-01
1790837940,1750.59,1750.71,1749.69,1749.69,2437465,2026-10-01
1790838000,1750.2,1750.2,1749.37,1749.67,3568812,2026-10-01
1790838060,1749.41,1749.43,1748.18,1748.18,2147591,2026-10-01
1790838120,1748.26,1748.26,1747.54,1747.54,2311767,2026-10-01
1790838180,1747.53,1747.53,1746.08,1746.08,3251485,2026-10-01
1790838240,1746.17,1746.17,1745.22,1745.36,3959799,2026-10-01
1790838300,1745.13,1745.79,1745.13,1745.44,2639061,2026-10-01
1790838360,1745.7,1745.96,1745.58,1745.76,2682485,2026-10-01
1790838420,1745.73,1747.11,1745.51,1747.11,2668115,2026-10-01
1790838480,1747.47,1748.04,1747.47,1748.04,2282971,2026-10-01
1790838540,1748.0,1748.34,1747.65,1748.23,3018559,2026-10-01
1790838600,1747.92,1749.14,1747.92,1749.08,2395895,2026-10-01
1790838660,1748.66,1749.03,1748.46,1748.84,2874723,2026-10-01
1790838720,1748.48,1749.06,1748.3,1748.68,2013568,2026-10-01
1790838780,1749.12,1749.12,1748.45,1748.45,1899611,2026-10-01
1790838840,1748.57,1748.63,1747.54,1747.54,1605527,2026-10-01
1790838900,1747.3,1747.3,1746.29,1746.5,1915927,2026-10-01
1790838960,1746.1,1746.38,1745.42,1745.42,3184317,2026-10-01
1790839020,1745.34,1745.5,1745.12,1745.4,2378932,2026-10-01
1790839080,1745.31,1745.53,1745.06,1745.22,2621830,2026-10-01
1790839140,1745.29,1745.29,1744.31,1744.31,3247926,2026-10-01
1790839200,1744.74,1745.61,1744.74,1745.61,2839214,2026-10-01
1790839260,1745.5,1745.65,1744.98,1745.12,2319389,2026-10-01
1790839320,1745.18,1745.55,1745.18,1745.55,2875835,2026-10-01
1790839380,1745.65,1745.71,1744.66,1745.7,2955187,2026-10-01
1790839440,1745.79,1746.28,1745.16,1746.28,2945137,2026-10-01
1790839500,1746.29,1746.72,1745.96,1746.56,3021612,2026-10-01
1790839560,1746.62,1747.35,1745.91,1747.33,2675624,2026-10-01
1790839620,1747.51,1748.56,1747.51,1748.46,3640496,2026-10-01
1790839680,1747.91,1749.07,1747.91,1748.51,3234048,2026-10-01
1790839740,1748.86,1749.05,1747.93,1748.87,5498813,2026-10-01
1790839800,1738.39,1738.39,1738.39,1738.39,456944,2026-10-01
1790840040,1737.79,1737.8,1737.79,1737.8,0,2026-10-01
1790840100,1737.75,1737.75,1737.75,1737.75,0,2026-10-01
1790840280,1740.87,1740.87,1740.87,1740.87,0,2026-10-01
1790840580,1743.35,1743.35,1743.35,1743.35,0,2026-10-01
1790840700,1749.91,1749.91,1749.3,1749.3,44864063,2026-10-01
1790841900,1749.3,1749.3,1749.3,1749.3,0,2026-10-01
1790906400,1747.48,1747.48,1747.48,1747.48,0,2026-10-02
1790906640,1746.44,1746.44,1746.44,1746.44,0,2026-10-02
1790906940,1746.96,1746.96,1746.96,1746.96,0,2026-10-02
1790907000,1746.93,1746.94,1746.93,1746.94,0,2026-10-02
1790907060,1747.0,1747.0,1746.92,1746.92,0,2026-10-02
1790907120,1747.07,1747.07,1746.96,1746.96,0,2026-10-02
1790907180,1746.78,1746.78,1746.78,1746.78,0,2026-10-02
1790907300,1749.3,1749.3,1745.65,1746.76,11537287,2026-10-02
1790907360,1746.75,1748.58,1746.75,1748.37,1834983,2026-10-02
1790907420,1748.61,1749.95,1748.61,1749.8,1634344,2026-10-02
1790907480,1750.1,1750.37,1749.53,1750.06,2291625,2026-10-02
1790907540,1749.74,1750.07,1749.32,1749.81,1797116,2026-10-02
1790907600,1749.8,1749.9,1749.37,1749.58,2071428,2026-10-02
1790907660,1749.4,1749.65,1749.11,1749.28,1979470,2026-10-02
1790907720,1749.21,1749.34,1748.23,1748.23,1457673,2026-10-02
1790907780,1748.21,1748.38,1747.67,1747.8,2193376,2026-10-02
1790907840,1747.41,1747.61,1746.06,1746.06,1598472,2026-10-02
1790907900,1746.08,1746.15,1744.34,1745.26,1643854,2026-10-02
1790907960,1745.33,1745.73,1744.92,1745.3,1781055,2026-10-02
1790908020,1745.3,1745.31,1744.93,1745.31,1223992,2026-10-02
1790908080,1745.42,1745.42,1744.65,1744.68,1492402,2026-10-02
1790908140,1744.78,1744.94,1744.44,1744.44,1722555,2026-10-02
1790908200,1744.14,1744.39,1743.99,1744.23,1874285,2026-10-02
1790908260,1744.22,1744.22,1743.56,1743.59,2064781,2026-10-02
1790908320,1743.14,1743.27,1742.56,1742.68,2856276,2026-10-02
1790908380,1742.57,1742.57,1740.92,1740.92,8167217,2026-10-02
1790908440,1741.18,1741.18,1739.49,1740.28,12336652,2026-10-02
1790908500,1740.03,1740.19,1738.86,1739.96,19629353,2026-10-02
1790908560,1739.91,1740.43,1739.5,1739.54,2909369,2026-10-02
1790908620,1739.69,1740.77,1739.13,1740.38,3043485,2026-10-02
1790908680,1740.44,1740.56,1738.94,1739.12,2423791,2026-10-02
1790908740,1739.14,1739.38,1738.37,1738.37,2729014,2026-10-02
1790908800,1738.36,1738.72,1737.68,1737.83,5079311,2026-10-02
1790908860,1737.44,1738.71,1737.44,1738.71,3233025,2026-10-02
1790908920,1738.87,1738.87,1737.99,1738.05,1968561,2026-10-02
1790908980,1738.03,1738.82,1737.96,1738.82,4147661,2026-10-02
1790909040,1738.71,1738.82,1738.52,1738.75,2881151,2026-10-02
1790909100,1738.78,1739.02,1737.8,1738.71,1726894,2026-10-02
1790909160,1738.45,1738.94,1738.12,1738.64,1883812,2026-10-02
1790909220,1739.0,1739.3,1738.93,1739.11,1904888,2026-10-02
1790909280,1738.94,1738.97,1738.52,1738.81,1755887,2026-10-02
1790909340,1738.61,1739.1,1738.31,1738.5,1660411,2026-10-02
1790909400,1738.72,1738.74,1738.14,1738.14,1306411,2026-10-02
1790909460,1738.39,1738.39,1737.97,1738.21,1465857,2026-10-02
1790909520,1738.26,1738.52,1737.75,1737.88,1157101,2026-10-02
1790909580,1737.92,1738.17,1737.86,1738.07,1476339,2026-10-02
1790909640,1737.81,1738.04,1737.33,1737.58,1761511,2026-10-02
1790909700,1737.3,1737.75,1736.89,1736.98,1639854,2026-10-02
1790909760,1737.07,1737.07,1736.18,1736.56,1592413,2026-10-02
1790909820,1736.7,1736.73,1735.89,1735.89,1841591,2026-10-02
1790909880,1735.92,1736.34,1735.25,1735.25,2200929,2026-10-02
1790909940,1735.26,1735.26,1734.42,1734.42,2446004,2026-10-02
1790910000,1734.24,1734.78,1734.04,1734.04,2888341,2026-10-02
1790910060,1733.92,1734.22,1733.67,1733.84,2639662,2026-10-02
1790910120,1733.94,1734.04,1733.34,1733.34,1840221,2026-10-02
1790910180,1733.31,1733.59,1732.98,1733.11,1683064,2026-10-02
1790910240,1732.99,1733.23,1732.45,1732.63,1735158,2026-10-02
1790910300,1732.6,1732.6,1731.57,1731.68,1723813,2026-10-02
1790910360,1731.82,1731.82,1731.03,1731.29,1852591,2026-10-02
1790910420,1731.58,1731.83,1731.34,1731.6,2058413,2026-10-02
1790910480,1731.92,1731.99,1731.53,1731.99,2297595,2026-10-02
1790910540,1731.99,1732.18,1731.4,1732.18,1852371,2026-10-02
1790910600,1732.09,1733.34,1732.01,1733.29,1922277,2026-10-02
1790910660,1733.02,1736.27,1733.02,1736.0,3657351,2026-10-02
1790910720,1735.93,1738.74,1735.93,1738.37,2767488,2026-10-02
1790910780,1739.11,1739.11,1738.46,1739.09,3053289,2026-10-02
1790910840,1739.25,1740.04,1739.25,1740.04,2059587,2026-10-02
1790910900,1740.08,1740.62,1739.93,1740.34,1924891,2026-10-02
1790910960,1739.99,1740.48,1739.61,1739.73,2368876,2026-10-02
1790911020,1739.32,1739.32,1737.89,1738.03,2319246,2026-10-02
1790911080,1737.99,1738.82,1737.99,1738.82,1501095,2026-10-02
1790911140,1738.56,1738.91,1738.17,1738.26,1798610,2026-10-02
1790911200,1738.37,1738.97,1738.37,1738.58,1418393,2026-10-02
1790911260,1738.67,1738.92,1738.5,1738.92,1183791,2026-10-02
1790911320,1738.96,1739.06,1738.65,1738.72,1713038,2026-10-02
1790911380,1738.61,1738.7,1737.87,1738.0,1391754,2026-10-02
1790911440,1737.87,1738.05,1737.14,1737.91,985462,2026-10-02
1790911500,1737.97,1737.97,1737.1,1737.15,1011476,2026-10-02
1790911560,1737.16,1737.16,1736.68,1737.15,1036230,2026-10-02
1790911620,1736.88,1736.88,1736.57,1736.57,1234171,2026-10-02
1790911680,1736.66,1736.68,1736.27,1736.57,1155703,2026-10-02
1790911740,1736.55,1736.67,1736.21,1736.27,1065873,2026-10-02
1790911800,1736.37,1736.77,1736.31,1736.77,1251844,2026-10-02
1790911860,1736.85,1736.85,1736.48,1736.63,863632,2026-10-02
1790911920,1736.32,1736.51,1736.15,1736.15,918885,2026-10-02
1790911980,1736.21,1736.34,1735.7,1735.87,1102166,2026-10-02
1790912040,1735.9,1736.13,1735.77,1735.77,856776,2026-10-02
1790912100,1735.82,1736.13,1735.43,1736.01,708367,2026-10-02
1790912160,1736.21,1736.21,1735.66,1735.82,697399,2026-10-02
1790912220,1735.58,1736.06,1735.53,1736.01,1830541,2026-10-02
1790912280,1735.86,1735.91,1735.39,1735.39,1462148,2026-10-02
1790912340,1735.41,1735.64,1735.29,1735.63,1276877,2026-10-02
1790912400,1735.68,1735.68,1734.54,1734.82,1562361,2026-10-02
1790912460,1734.96,1735.16,1734.42,1734.42,1935932,2026-10-02
1790912520,1734.55,1735.2,1734.26,1735.2,1316611,2026-10-02
1790912580,1735.15,1735.15,1734.29,1734.47,1071063,2026-10-02
1790912640,1734.46,1734.61,1734.15,1734.23,697276,2026-10-02
1790912700,1733.99,1734.31,1733.93,1733.94,1185496,2026-10-02
1790912760,1734.22,1734.27,1733.88,1734.15,1325642,2026-10-02
1790912820,1734.21,1734.39,1734.04,1734.19,859231,2026-10-02
1790912880,1734.29,1734.29,1733.59,1733.76,1549074,2026-10-02
1790912940,1733.78,1733.92,1733.28,1733.44,779699,2026-10-02
1790913000,1733.37,1733.58,1733.22,1733.44,783721,2026-10-02
1790913060,1733.38,1733.46,1732.97,1733.05,923911,2026-10-02
1790913120,1733.11,1733.2,1732.76,1733.2,1145164,2026-10-02
1790913180,1733.22,1733.48,1733.06,1733.31,731840,2026-10-02
1790913240,1733.41,1733.53,1732.96,1732.98,1527149,2026-10-02
1790913300,1733.02,1733.33,1732.94,1733.19,1502567,2026-10-02
1790913360,1733.14,1733.14,1732.16,1732.16,1500784,2026-10-02
1790913420,1732.15,1732.32,1731.87,1732.32,1507890,2026-10-02
1790913480,1732.02,1732.2,1731.7,1732.08,1500462,2026-10-02
1790913540,1732.18,1732.42,1731.92,1732.07,1199843,2026-10-02
1790913600,1732.01,1732.36,1731.94,1731.94,2597672,2026-10-02
1790913660,1731.98,1732.0,1731.29,1731.29,1051682,2026-10-02
1790913720,1731.34,1733.17,1731.34,1733.17,1305537,2026-10-02
1790913780,1733.05,1734.5,1733.05,1733.47,1517910,2026-10-02
1790913840,1733.46,1734.2,1733.41,1733.73,910803,2026-10-02
1790913900,1733.58,1733.97,1733.37,1733.71,1272740,2026-10-02
1790913960,1733.65,1734.17,1733.5,1733.81,969251,2026-10-02
1790914020,1733.78,1733.78,1733.38,1733.38,913607,2026-10-02
1790914080,1733.57,1734.01,1733.46,1733.78,654275,2026-10-02
1790914140,1734.02,1734.16,1733.84,1733.92,1057718,2026-10-02
1790914200,1733.94,1733.98,1733.61,1733.79,765639,2026-10-02
1790914260,1733.83,1734.11,1733.53,1733.53,1205622,2026-10-02
1790914320,1733.88,1734.1,1733.41,1733.41,1111860,2026-10-02
1790914380,1733.53,1733.72,1733.14,1733.21,642439,2026-10-02
1790914440,1733.44,1733.45,1732.75,1733.45,1330200,2026-10-02
1790914500,1733.44,1733.44,1732.62,1732.62,1334872,2026-10-02
1790914560,1732.74,1733.57,1732.18,1733.57,1320684,2026-10-02
1790914620,1733.34,1733.46,1733.11,1733.24,1129053,2026-10-02
1790914680,1733.23,1733.27,1732.77,1733.07,1140938,2026-10-02
1790914740,1732.92,1732.96,1732.34,1732.88,1603818,2026-10-02
1790914800,1732.81,1733.27,1732.66,1732.66,789529,2026-10-02
1790914860,1732.61,1734.58,1732.49,1734.53,997779,2026-10-02
1790914920,1734.36,1736.19,1734.36,1735.79,861959,2026-10-02
1790914980,1736.28,1738.94,1736.19,1738.24,1451449,2026-10-02
1790915040,1738.69,1739.37,1738.69,1739.33,1757916,2026-10-02
1790915100,1738.95,1739.45,1738.95,1739.26,1198294,2026-10-02
1790915160,1738.55,1739.2,1738.55,1739.2,1282793,2026-10-02
1790915220,1739.11,1739.28,1738.3,1738.87,990867,2026-10-02
1790915280,1738.74,1739.38,1738.6,1739.1,1185845,2026-10-02
1790915340,1739.26,1739.4,1738.93,1739.35,1096312,2026-10-02
1790915400,1739.5,1739.5,1739.5,1739.5,195850,2026-10-02
1790920800,1738.7,1739.39,1737.8,1737.8,11946845,2026-10-02
1790920860,1737.89,1738.21,1737.57,1737.66,1558477,2026-10-02
1790920920,1737.65,1737.85,1736.76,1737.26,1862471,2026-10-02
1790920980,1737.17,1738.38,1736.97,1737.95,1761816,2026-10-02
1790921040,1738.64,1740.0,1737.9,1739.62,2068181,2026-10-02
1790921100,1739.7,1740.72,1739.7,1740.51,2437716,2026-10-02
1790921160,1740.14,1740.14,1739.54,1739.67,1889456,2026-10-02
1790921220,1739.9,1740.07,1739.39,1739.92,1300448,2026-10-02
1790921280,1739.77,1740.0,1739.42,1739.7,2369618,2026-10-02
1790921340,1739.51,1740.85,1739.39,1740.85,2448155,2026-10-02
1790921400,1740.96,1743.05,1740.96,1742.89,1794913,2026-10-02
1790921460,1742.76,1742.77,1740.94,1742.28,1573132,2026-10-02
1790921520,1742.16,1742.28,1740.55,1740.76,1444531,2026-10-02
1790921580,1740.74,1741.4,1740.56,1741.4,2134383,2026-10-02
1790921640,1740.79,1740.87,1740.2,1740.24,2321896,2026-10-02
1790921700,1740.72,1741.25,1740.32,1741.25,2453790,2026-10-02
1790921760,1741.19,1743.03,1741.19,1743.03,1402446,2026-10-02
1790921820,1743.03,1744.11,1742.64,1744.11,1445724,2026-10-02
1790921880,1744.22,1745.44,1744.22,1744.94,1263413,2026-10-02
1790921940,1744.97,1747.74,1744.97,1747.74,4519520,2026-10-02
1790922000,1747.82,1749.25,1747.82,1749.25,2552915,2026-10-02
1790922060,1749.27,1750.53,1749.27,1750.48,4876131,2026-10-02
1790922120,1750.64,1751.6,1750.64,1751.26,2696491,2026-10-02
1790922180,1751.27,1751.27,1750.2,1750.8,3598169,2026-10-02
1790922240,1750.67,1750.87,1750.14,1750.14,2273862,2026-10-02
1790922300,1750.27,1750.66,1749.78,1750.3,2458708,2026-10-02
1790922360,1750.25,1750.31,1749.58,1750.12,4862861,2026-10-02
1790922420,1750.47,1750.92,1750.25,1750.25,2959926,2026-10-02
1790922480,1750.4,1750.52,1749.81,1749.84,2032263,2026-10-02
1790922540,1749.7,1749.72,1748.92,1749.04,2107264,2026-10-02
1790922600,1748.93,1748.98,1748.17,1748.17,2372922,2026-10-02
1790922660,1748.15,1748.37,1747.07,1747.07,1606998,2026-10-02
1790922720,1747.03,1747.03,1745.86,1745.86,1826884,2026-10-02
1790922780,1745.83,1745.87,1743.21,1743.21,2221739,2026-10-02
1790922840,1743.62,1743.8,1742.17,1742.4,2283441,2026-10-02
1790922900,1742.3,1742.48,1741.88,1742.07,2031192,2026-10-02
1790922960,1741.9,1742.11,1740.94,1741.23,2132881,2026-10-02
1790923020,1741.19,1741.67,1740.64,1740.95,1522879,2026-10-02
1790923080,1741.09,1741.09,1740.45,1740.6,2573898,2026-10-02
1790923140,1740.73,1741.13,1739.8,1741.13,1594849,2026-10-02
1790923200,1741.28,1741.91,1740.63,1741.91,3031592,2026-10-02
1790923260,1740.97,1741.74,1740.97,1741.35,1678371,2026-10-02
1790923320,1741.54,1742.55,1741.28,1741.91,1309097,2026-10-02
1790923380,1742.35,1742.59,1742.08,1742.53,1944586,2026-10-02
1790923440,1742.71,1743.8,1742.71,1743.8,2101819,2026-10-02
1790923500,1744.01,1744.19,1743.74,1743.78,1963542,2026-10-02
1790923560,1743.58,1744.06,1743.24,1743.75,1846815,2026-10-02
1790923620,1743.74,1743.74,1743.14,1743.5,1676379,2026-10-02
1790923680,1743.51,1743.51,1742.59,1742.95,1515709,2026-10-02
1790923740,1742.91,1743.19,1742.14,1742.18,2324982,2026-10-02
1790923800,1742.6,1742.6,1741.35,1741.35,1870332,2026-10-02
1790923860,1741.77,1741.92,1741.41,1741.72,3198089,2026-10-02
1790923920,1741.73,1742.06,1740.73,1740.73,2367947,2026-10-02
1790923980,1740.72,1741.53,1740.39,1741.4,2568762,2026-10-02
1790924040,1741.59,1742.19,1741.56,1742.14,2440766,2026-10-02
1790924100,1742.22,1742.6,1741.46,1742.6,2150357,2026-10-02
1790924160,1742.68,1743.27,1742.68,1742.75,1631935,2026-10-02
1790924220,1742.63,1742.77,1742.16,1742.52,2303164,2026-10-02
1790924280,1742.54,1742.66,1742.1,1742.14,1941993,2026-10-02
1790924340,1742.22,1742.58,1741.36,1741.66,2236340,2026-10-02
1790924400,1742.05,1742.39,1742.05,1742.18,1778025,2026-10-02
1790924460,1742.12,1742.41,1741.56,1741.9,1952161,2026-10-02
1790924520,1741.9,1742.09,1740.85,1741.01,2290203,2026-10-02
1790924580,1741.5,1741.5,1740.43,1740.97,3850052,2026-10-02
1790924640,1740.66,1741.03,1740.1,1740.56,5859064,2026-10-02
1790924700,1740.24,1740.66,1739.26,1739.35,6196639,2026-10-02
1790924760,1739.24,1739.24,1736.62,1736.62,5599969,2026-10-02
1790924820,1736.66,1736.66,1734.72,1734.72,7714833,2026-10-02
1790924880,1735.08,1736.08,1734.71,1736.08,8371883,2026-10-02
1790924940,1734.9,1735.93,1734.53,1734.97,5044277,2026-10-02
1790925000,1735.28,1736.46,1734.78,1736.15,4324262,2026-10-02
1790925060,1736.74,1738.17,1736.74,1737.96,4263721,2026-10-02
1790925120,1737.87,1738.95,1737.87,1738.95,3385336,2026-10-02
1790925180,1739.15,1739.15,1737.8,1738.25,3602760,2026-10-02
1790925240,1738.43,1738.96,1738.07,1738.79,2086615,2026-10-02
1790925300,1738.91,1740.2,1738.91,1740.2,3180155,2026-10-02
1790925360,1739.92,1740.75,1739.83,1740.55,2911645,2026-10-02
1790925420,1740.4,1741.41,1740.4,1741.41,3706053,2026-10-02
1790925480,1740.87,1742.58,1740.7,1742.35,3937952,2026-10-02
1790925540,1741.95,1742.2,1740.31,1740.91,3363011,2026-10-02
1790925600,1741.2,1741.45,1740.26,1740.26,2761929,2026-10-02
1790925660,1739.84,1740.04,1738.69,1739.42,4404614,2026-10-02
1790925720,1738.83,1739.54,1738.83,1739.26,5242607,2026-10-02
1790925780,1738.84,1739.22,1738.32,1738.51,5522264,2026-10-02
1790925840,1738.77,1739.21,1738.39,1738.61,5463077,2026-10-02
1790925900,1738.95,1738.95,1738.22,1738.22,4195344,2026-10-02
1790925960,1738.17,1739.62,1738.17,1739.6,6455875,2026-10-02
1790926020,1739.63,1740.45,1739.63,1740.22,5708380,2026-10-02
1790926080,1740.31,1740.46,1739.7,1739.86,8005900,2026-10-02
1790926140,1739.4,1739.84,1739.26,1739.32,9893297,2026-10-02
1790926200,1734.36,1734.36,1734.36,1734.36,625718,2026-10-02
1790926500,1733.05,1733.05,1733.05,1733.05,0,2026-10-02
1790926560,1733.19,1733.19,1733.19,1733.19,0,2026-10-02
1790926680,1732.98,1732.98,1732.98,1732.98,0,2026-10-02
1790926920,1733.1,1733.1,1733.1,1733.1,0,2026-10-02
1790927100,1739.87,1739.87,1737.71,1737.71,66591774,2026-10-02
1790928300,1737.71,1737.71,1737.71,1737.71,0,2026-10-02
1791166020,1736.89,1736.89,1736.89,1736.89,0,2026-10-05
1791166500,1737.71,1741.31,1737.71,1741.31,10751566,2026-10-05
1791166560,1741.31,1744.78,1741.31,1743.92,3251216,2026-10-05
1791166620,1744.97,1746.99,1744.81,1746.77,3579019,2026-10-05
1791166680,1746.8,1748.48,1746.8,1748.48,3086553,2026-10-05
1791166740,1748.49,1748.49,1746.84,1746.95,2738337,2026-10-05
1791166800,1746.12,1746.58,1745.52,1746.47,3009340,2026-10-05
1791166860,1745.94,1746.21,1745.74,1745.86,2372052,2026-10-05
1791166920,1745.94,1746.5,1745.45,1745.84,2529302,2026-10-05
1791166980,1745.37,1745.74,1744.64,1745.14,3198454,2026-10-05
1791167040,1745.09,1745.43,1744.6,1745.02,2578246,2026-10-05
1791167100,1745.06,1745.06,1743.77,1743.85,2159300,2026-10-05
1791167160,1744.13,1744.44,1743.42,1743.43,1743845,2026-10-05
1791167220,1743.75,1743.95,1743.1,1743.66,1689585,2026-10-05
1791167280,1743.77,1744.22,1743.3,1744.22,1516557,2026-10-05
1791167340,1743.95,1746.01,1743.91,1746.01,2929103,2026-10-05
1791167400,1746.43,1746.95,1746.01,1746.78,1869055,2026-10-05
1791167460,1746.96,1747.69,1746.91,1747.69,1864895,2026-10-05
1791167520,1747.0,1748.55,1745.66,1748.55,1778537,2026-10-05
1791167580,1748.48,1748.83,1748.43,1748.54,2066878,2026-10-05
1791167640,1748.71,1749.74,1748.71,1749.56,1314922,2026-10-05
1791167700,1749.4,1750.97,1749.4,1750.72,2538296,2026-10-05
1791167760,1751.39,1752.91,1751.1,1752.47,2600084,2026-10-05
1791167820,1752.27,1752.4,1750.68,1750.79,2962329,2026-10-05
1791167880,1750.89,1751.1,1750.28,1751.05,1721857,2026-10-05
1791167940,1750.45,1751.03,1750.28,1750.3,2109183,2026-10-05
1791168000,1750.16,1750.72,1750.16,1750.4,1747809,2026-10-05
1791168060,1750.09,1750.7,1750.09,1750.67,1051069,2026-10-05
1791168120,1750.58,1752.72,1750.5,1752.72,1378094,2026-10-05
1791168180,1752.6,1752.94,1752.19,1752.94,1046557,2026-10-05
1791168240,1753.13,1754.11,1752.72,1753.97,1402785,2026-10-05
1791168300,1753.7,1753.89,1752.27,1752.56,1190797,2026-10-05
1791168360,1752.55,1752.61,1751.5,1751.99,1222966,2026-10-05
1791168420,1752.2,1752.2,1750.47,1751.41,1276203,2026-10-05
1791168480,1750.88,1751.15,1749.2,1749.31,2207364,2026-10-05
1791168540,1749.73,1749.76,1749.19,1749.57,1924618,2026-10-05
1791168600,1749.18,1750.33,1748.94,1749.12,1899729,2026-10-05
1791168660,1749.05,1749.72,1748.87,1749.72,1743153,2026-10-05
1791168720,1750.16,1750.27,1748.99,1748.99,1693658,2026-10-05
1791168780,1749.07,1749.47,1748.69,1748.79,1791905,2026-10-05
1791168840,1748.61,1749.27,1748.57,1748.57,1557532,2026-10-05
1791168900,1748.93,1749.26,1748.43,1748.66,1285394,2026-10-05
1791168960,1748.73,1749.69,1748.61,1749.2,2010370,2026-10-05
1791169020,1749.49,1749.54,1748.17,1748.37,3212475,2026-10-05
1791169080,1748.48,1748.83,1747.88,1748.1,1644582,2026-10-05
1791169140,1748.49,1748.49,1747.57,1747.75,1969672,2026-10-05
1791169200,1747.97,1748.25,1747.72,1748.1,1880136,2026-10-05
1791169260,1747.76,1748.25,1747.02,1747.02,1921536,2026-10-05
1791169320,1747.07,1747.54,1746.8,1746.99,1850813,2026-10-05
1791169380,1746.82,1747.14,1746.42,1746.42,1944474,2026-10-05
1791169440,1746.91,1746.91,1745.73,1746.25,1263792,2026-10-05
1791169500,1746.09,1746.09,1745.46,1745.8,1378081,2026-10-05
1791169560,1745.77,1746.16,1745.46,1745.46,1199411,2026-10-05
1791169620,1745.49,1745.67,1745.29,1745.29,1462999,2026-10-05
1791169680,1745.39,1745.53,1745.17,1745.53,1363812,2026-10-05
1791169740,1745.39,1745.69,1745.07,1745.44,941874,2026-10-05
1791169800,1745.68,1746.09,1745.66,1745.91,902990,2026-10-05
1791169860,1745.84,1746.19,1745.65,1745.93,1321512,2026-10-05
1791169920,1745.69,1746.34,1745.64,1746.34,872637,2026-10-05
1791169980,1746.49,1746.49,1745.89,1746.02,1710798,2026-10-05
1791170040,1746.02,1746.61,1745.68,1746.61,799902,2026-10-05
1791170100,1746.67,1746.91,1746.15,1746.26,1049681,2026-10-05
1791170160,1746.61,1746.8,1745.99,1746.59,1421007,2026-10-05
1791170220,1746.68,1747.19,1746.02,1747.19,1114891,2026-10-05
1791170280,1747.31,1747.52,1746.32,1746.32,931742,2026-10-05
1791170340,1746.18,1747.06,1746.18,1746.53,1249759,2026-10-05
1791170400,1746.46,1746.46,1746.01,1746.13,1295445,2026-10-05
1791170460,1746.5,1746.5,1745.84,1745.9,1094860,2026-10-05
1791170520,1745.98,1746.14,1745.77,1745.83,969538,2026-10-05
1791170580,1745.91,1746.18,1745.67,1746.18,1096493,2026-10-05
1791170640,1745.73,1746.26,1745.53,1745.89,947440,2026-10-05
1791170700,1746.43,1746.48,1745.8,1745.83,1333511,2026-10-05
1791170760,1745.86,1746.16,1745.41,1745.41,875400,2026-10-05
1791170820,1745.65,1745.65,1744.78,1745.37,1454628,2026-10-05
1791170880,1745.17,1745.49,1744.89,1744.89,1065271,2026-10-05
1791170940,1744.76,1745.11,1744.11,1744.4,895786,2026-10-05
1791171000,1744.7,1744.84,1744.14,1744.45,1084887,2026-10-05
1791171060,1744.12,1744.58,1743.65,1744.05,916361,2026-10-05
1791171120,1744.18,1744.56,1743.67,1743.76,708023,2026-10-05
1791171180,1743.91,1744.06,1743.46,1743.46,703868,2026-10-05
1791171240,1743.52,1743.67,1743.31,1743.43,710057,2026-10-05
1791171300,1743.32,1743.6,1742.96,1743.27,1354307,2026-10-05
1791171360,1743.62,1743.62,1741.88,1742.2,1937595,2026-10-05
1791171420,1742.0,1742.54,1742.0,1742.29,1118740,2026-10-05
1791171480,1742.48,1742.91,1742.19,1742.41,1088344,2026-10-05
1791171540,1742.38,1742.44,1742.09,1742.44,1005740,2026-10-05
1791171600,1742.21,1742.82,1742.05,1742.21,1099093,2026-10-05
1791171660,1742.4,1742.4,1741.81,1742.01,1021424,2026-10-05
1791171720,1741.77,1742.41,1741.67,1742.03,1687748,2026-10-05
1791171780,1742.15,1742.56,1741.8,1741.87,1182744,2026-10-05
1791171840,1742.1,1742.14,1741.73,1741.9,1585307,2026-10-05
1791171900,1741.61,1742.25,1741.61,1741.92,1419314,2026-10-05
1791171960,1741.95,1742.33,1741.84,1742.33,918360,2026-10-05
1791172020,1742.18,1743.18,1742.03,1742.75,1054713,2026-10-05
1791172080,1743.17,1743.39,1742.82,1743.02,1422678,2026-10-05
1791172140,1743.37,1743.77,1743.24,1743.77,950713,2026-10-05
1791172200,1744.05,1744.61,1743.94,1744.19,791356,2026-10-05
1791172260,1744.77,1745.12,1744.43,1745.12,788181,2026-10-05
1791172320,1745.04,1745.49,1745.03,1745.36,880705,2026-10-05
1791172380,1745.51,1745.95,1745.36,1745.47,863537,2026-10-05
1791172440,1745.61,1746.01,1745.4,1745.82,894498,2026-10-05
1791172500,1745.2,1746.01,1744.71,1745.8,812917,2026-10-05
1791172560,1745.51,1746.11,1745.0,1745.75,691601,2026-10-05
1791172620,1745.27,1746.27,1745.24,1745.32,1068660,2026-10-05
1791172680,1745.46,1746.25,1745.18,1746.13,830212,2026-10-05
1791172740,1746.14,1746.44,1745.89,1746.42,842433,2026-10-05
1791172800,1746.45,1746.59,1746.28,1746.28,1106474,2026-10-05
1791172860,1746.24,1746.71,1746.0,1746.71,1389274,2026-10-05
1791172920,1746.56,1747.09,1746.56,1746.85,1181404,2026-10-05
1791172980,1747.2,1747.2,1746.65,1746.92,1307483,2026-10-05
1791173040,1747.55,1747.79,1747.06,1747.36,721672,2026-10-05
1791173100,1747.41,1747.75,1746.97,1747.48,611935,2026-10-05
1791173160,1747.37,1747.64,1746.87,1746.99,594062,2026-10-05
1791173220,1747.33,1747.74,1747.15,1747.63,753090,2026-10-05
1791173280,1747.82,1747.82,1747.04,1747.2,620500,2026-10-05
1791173340,1747.15,1747.99,1747.15,1747.6,708670,2026-10-05
1791173400,1747.82,1748.87,1747.82,1748.87,662183,2026-10-05
1791173460,1748.7,1749.35,1748.7,1748.84,1185661,2026-10-05
1791173520,1748.76,1749.26,1748.39,1748.83,822665,2026-10-05
1791173580,1749.42,1750.54,1749.31,1750.48,1061625,2026-10-05
1791173640,1750.38,1750.68,1750.15,1750.68,966069,2026-10-05
1791173700,1750.6,1752.75,1750.6,1752.75,1775910,2026-10-05
1791173760,1752.83,1753.31,1752.6,1752.63,1117611,2026-10-05
1791173820,1752.96,1753.51,1752.77,1752.77,1040760,2026-10-05
1791173880,1752.96,1753.39,1751.54,1751.54,1067700,2026-10-05
1791173940,1752.6,1753.46,1752.2,1753.18,1628577,2026-10-05
1791174000,1753.48,1753.69,1752.39,1752.68,1643151,2026-10-05
1791174060,1752.85,1752.85,1751.56,1751.68,801335,2026-10-05
1791174120,1751.61,1753.39,1751.61,1753.39,966779,2026-10-05
1791174180,1753.28,1753.57,1753.08,1753.57,747435,2026-10-05
1791174240,1753.46,1754.22,1753.46,1753.88,1055131,2026-10-05
1791174300,1753.79,1753.81,1753.22,1753.78,1284662,2026-10-05
1791174360,1753.58,1753.58,1752.62,1753.19,846113,2026-10-05
1791174420,1753.32,1753.32,1752.63,1753.09,640619,2026-10-05
1791174480,1753.71,1754.31,1753.24,1753.85,731798,2026-10-05
1791174540,1753.96,1753.96,1752.93,1753.5,1105893,2026-10-05
1791174600,1752.97,1752.97,1752.97,1752.97,130034,2026-10-05
1791180000,1752.63,1752.93,1752.34,1752.74,6813795,2026-10-05
1791180060,1752.84,1753.23,1751.9,1753.03,1061977,2026-10-05
1791180120,1753.22,1753.22,1752.11,1752.12,1266093,2026-10-05
1791180180,1751.85,1751.85,1750.75,1751.21,1548274,2026-10-05
1791180240,1751.08,1751.68,1750.89,1750.89,1145092,2026-10-05
1791180300,1751.15,1752.02,1751.15,1751.51,1340560,2026-10-05
1791180360,1751.73,1752.02,1751.38,1751.68,1113510,2026-10-05
1791180420,1751.82,1752.11,1751.63,1752.0,1461628,2026-10-05
1791180480,1751.93,1752.4,1751.72,1752.4,1831049,2026-10-05
1791180540,1752.07,1755.31,1752.07,1755.28,2893721,2026-10-05
1791180600,1754.76,1754.88,1754.25,1754.58,2911270,2026-10-05
1791180660,1754.64,1755.11,1754.33,1755.08,1241979,2026-10-05
1791180720,1754.99,1755.44,1754.38,1755.34,2793868,2026-10-05
1791180780,1755.27,1756.3,1755.17,1756.3,2086387,2026-10-05
1791180840,1756.02,1756.24,1755.7,1755.98,2080621,2026-10-05
1791180900,1756.01,1756.12,1755.74,1755.89,1868806,2026-10-05
1791180960,1755.71,1755.93,1755.19,1755.61,1572262,2026-10-05
1791181020,1754.96,1755.47,1754.72,1754.72,2213534,2026-10-05
1791181080,1754.87,1755.46,1754.52,1754.83,1991779,2026-10-05
1791181140,1754.52,1754.97,1754.15,1754.45,1520632,2026-10-05
1791181200,1754.11,1754.26,1753.87,1753.87,1479828,2026-10-05
1791181260,1753.81,1754.47,1753.34,1754.24,1586556,2026-10-05
1791181320,1754.18,1754.8,1753.81,1753.81,1405945,2026-10-05
1791181380,1753.85,1753.94,1753.39,1753.4,2472053,2026-10-05
1791181440,1753.42,1754.37,1753.36,1754.03,1064255,2026-10-05
1791181500,1754.07,1754.61,1753.92,1754.61,2090383,2026-10-05
1791181560,1754.33,1754.8,1754.33,1754.4,1462190,2026-10-05
1791181620,1754.57,1754.73,1754.11,1754.11,1496914,2026-10-05
1791181680,1754.26,1754.6,1753.59,1753.8,1627534,2026-10-05
1791181740,1754.0,1754.5,1753.5,1753.62,1592635,2026-10-05
1791181800,1753.39,1753.56,1753.05,1753.45,1424920,2026-10-05
1791181860,1753.52,1753.52,1752.96,1752.99,1359045,2026-10-05
1791181920,1752.96,1753.61,1752.96,1753.3,1233925,2026-10-05
1791181980,1753.44,1753.71,1753.14,1753.14,1119522,2026-10-05
1791182040,1753.16,1753.81,1753.16,1753.25,888641,2026-10-05
1791182100,1753.19,1753.47,1753.02,1753.35,908389,2026-10-05
1791182160,1753.27,1753.53,1753.12,1753.17,1601848,2026-10-05
1791182220,1753.07,1753.87,1752.82,1753.82,2183012,2026-10-05
1791182280,1753.93,1754.85,1753.93,1754.8,1786895,2026-10-05
1791182340,1754.51,1754.58,1754.18,1754.58,1176166,2026-10-05
1791182400,1754.76,1754.76,1754.3,1754.4,1104120,2026-10-05
1791182460,1754.51,1754.65,1753.92,1754.65,1363546,2026-10-05
1791182520,1754.46,1754.63,1754.22,1754.37,1710803,2026-10-05
1791182580,1754.14,1754.14,1753.71,1753.71,1919041,2026-10-05
1791182640,1753.84,1754.35,1753.84,1754.15,1501523,2026-10-05
1791182700,1754.11,1754.11,1753.7,1753.76,1676423,2026-10-05
1791182760,1754.08,1754.52,1753.57,1753.78,1566761,2026-10-05
1791182820,1754.12,1754.42,1753.9,1754.26,1253113,2026-10-05
1791182880,1754.42,1754.43,1753.93,1753.99,1501169,2026-10-05
1791182940,1754.14,1754.43,1753.97,1754.09,2228680,2026-10-05
1791183000,1753.97,1754.59,1753.97,1754.59,2333978,2026-10-05
1791183060,1754.45,1754.97,1754.24,1754.97,1404390,2026-10-05
1791183120,1754.98,1754.98,1754.43,1754.75,1911739,2026-10-05
1791183180,1754.79,1754.96,1754.65,1754.7,3364034,2026-10-05
1791183240,1754.6,1755.2,1754.57,1754.99,1649620,2026-10-05
1791183300,1754.84,1755.13,1754.72,1755.0,1900064,2026-10-05
1791183360,1755.14,1755.56,1755.01,1755.19,1549474,2026-10-05
1791183420,1755.11,1755.32,1754.56,1755.24,1520104,2026-10-05
1791183480,1755.41,1755.55,1754.53,1754.53,1903017,2026-10-05
1791183540,1754.73,1754.82,1754.46,1754.79,1201355,2026-10-05
1791183600,1754.3,1755.28,1754.25,1754.25,1187455,2026-10-05
1791183660,1754.49,1754.89,1753.92,1754.01,2101246,2026-10-05
1791183720,1754.22,1754.63,1753.52,1753.73,1739645,2026-10-05
1791183780,1753.87,1753.97,1753.11,1753.34,3489617,2026-10-05
1791183840,1753.38,1753.38,1752.57,1752.57,3353497,2026-10-05
1791183900,1752.57,1752.76,1751.98,1751.98,2694844,2026-10-05
1791183960,1751.99,1752.01,1751.51,1751.51,1940894,2026-10-05
1791184020,1751.5,1751.76,1750.95,1750.95,2475505,2026-10-05
1791184080,1751.36,1751.74,1751.09,1751.74,1647671,2026-10-05
1791184140,1751.11,1751.79,1750.88,1750.95,1413158,2026-10-05
1791184200,1751.15,1751.73,1751.01,1751.57,1774329,2026-10-05
1791184260,1751.69,1752.37,1751.03,1752.11,1588907,2026-10-05
1791184320,1751.7,1752.48,1751.66,1751.66,4067036,2026-10-05
1791184380,1751.66,1751.89,1751.23,1751.36,1726981,2026-10-05
1791184440,1751.39,1751.98,1751.39,1751.92,2125598,2026-10-05
1791184500,1751.89,1751.89,1751.43,1751.59,2067877,2026-10-05
1791184560,1751.61,1751.9,1751.61,1751.9,1551087,2026-10-05
1791184620,1752.01,1752.07,1751.3,1751.31,2079408,2026-10-05
1791184680,1751.62,1751.82,1751.47,1751.82,2740590,2026-10-05
1791184740,1751.63,1751.97,1751.27,1751.53,1938492,2026-10-05
1791184800,1751.2,1751.68,1751.08,1751.08,1873412,2026-10-05
1791184860,1751.17,1751.77,1750.89,1751.77,2561544,2026-10-05
1791184920,1751.22,1751.22,1750.09,1750.65,2135913,2026-10-05
1791184980,1750.1,1750.18,1749.51,1749.66,4217509,2026-10-05
1791185040,1749.79,1750.25,1749.53,1749.92,2328719,2026-10-05
1791185100,1749.95,1750.3,1749.66,1749.9,2371223,2026-10-05
1791185160,1749.68,1750.21,1749.41,1749.73,3018306,2026-10-05
1791185220,1749.61,1750.3,1749.61,1750.13,2346046,2026-10-05
1791185280,1750.42,1750.58,1749.45,1750.3,7757720,2026-10-05
1791185340,1750.6,1751.41,1750.54,1751.41,4577605,2026-10-05
1791185400,1747.91,1747.98,1747.79,1747.97,332597,2026-10-05
1791185700,1747.96,1748.15,1747.96,1748.15,0,2026-10-05
1791185880,1748.23,1748.23,1748.23,1748.23,0,2026-10-05
1791186300,1752.97,1753.2,1752.97,1753.2,49904613,2026-10-05
1791187500,1753.2,1753.2,1753.2,1753.2,0,2026-10-05
1791252540,1754.38,1754.38,1754.38,1754.38,0,2026-10-06
1791252600,1754.2,1754.2,1754.2,1754.2,0,2026-10-06
1791252720,1754.32,1754.32,1754.32,1754.32,0,2026-10-06
1791252900,1753.2,1755.58,1753.2,1755.05,9074823,2026-10-06
1791252960,1756.89,1758.17,1755.17,1758.17,2656345,2026-10-06
1791253020,1758.2,1760.88,1758.03,1760.88,1962840,2026-10-06
1791253080,1760.73,1762.36,1760.73,1761.54,2097740,2026-10-06
1791253140,1761.3,1761.3,1759.67,1759.67,2045743,2026-10-06
1791253200,1759.94,1759.94,1758.2,1758.5,1435330,2026-10-06
1791253260,1758.46,1758.95,1758.31,1758.95,1441989,2026-10-06
1791253320,1759.24,1759.4,1758.7,1758.89,1730745,2026-10-06
1791253380,1759.05,1759.21,1758.18,1758.87,1725395,2026-10-06
1791253440,1758.85,1758.85,1757.48,1758.15,3650983,2026-10-06
1791253500,1758.6,1758.6,1757.32,1757.48,2584116,2026-10-06
1791253560,1757.91,1758.28,1756.27,1756.73,2843277,2026-10-06
1791253620,1756.28,1756.65,1755.53,1756.04,2236024,2026-10-06
1791253680,1755.72,1756.22,1755.45,1755.45,1742423,2026-10-06
1791253740,1755.58,1755.95,1755.57,1755.6,2751832,2026-10-06
1791253800,1755.75,1756.85,1755.68,1756.85,2680892,2026-10-06
1791253860,1756.71,1757.42,1756.32,1757.14,1401590,2026-10-06
1791253920,1757.23,1758.36,1757.18,1758.07,2047511,2026-10-06
1791253980,1758.09,1758.61,1758.09,1758.43,1743800,2026-10-06
1791254040,1758.47,1758.67,1758.03,1758.2,1510202,2026-10-06
1791254100,1758.2,1759.02,1758.1,1759.02,2354225,2026-10-06
1791254160,1758.26,1758.9,1758.26,1758.56,1821995,2026-10-06
1791254220,1758.55,1759.24,1758.26,1759.07,1358522,2026-10-06
1791254280,1758.82,1759.45,1758.58,1759.34,1315526,2026-10-06
1791254340,1759.05,1759.9,1758.72,1759.79,1366092,2026-10-06
1791254400,1759.8,1760.05,1759.38,1759.38,1324283,2026-10-06
1791254460,1759.45,1759.74,1759.22,1759.22,1631924,2026-10-06
1791254520,1759.33,1760.08,1759.03,1759.31,2112546,2026-10-06
1791254580,1759.54,1759.83,1758.91,1759.44,1036674,2026-10-06
1791254640,1759.2,1759.81,1758.9,1759.23,1357273,2026-10-06
1791254700,1759.11,1759.47,1758.5,1758.5,1587892,2026-10-06
1791254760,1758.96,1759.17,1758.09,1758.77,1281886,2026-10-06
1791254820,1758.58,1759.01,1758.22,1758.22,1496426,2026-10-06
1791254880,1758.28,1758.82,1757.94,1757.94,1701234,2026-10-06
1791254940,1758.17,1758.78,1757.49,1757.83,2261668,2026-10-06
1791255000,1757.86,1758.32,1757.65,1757.65,1232352,2026-10-06
1791255060,1757.69,1758.41,1757.69,1757.86,956270,2026-10-06
1791255120,1757.63,1757.92,1757.44,1757.92,1593738,2026-10-06
1791255180,1757.64,1757.87,1757.28,1757.28,1708569,2026-10-06
1791255240,1757.41,1758.05,1757.41,1757.99,1014751,2026-10-06
1791255300,1757.63,1758.38,1757.63,1758.09,1483036,2026-10-06
1791255360,1757.96,1758.19,1757.77,1758.15,1096603,2026-10-06
1791255420,1758.1,1758.36,1757.74,1758.2,1022030,2026-10-06
1791255480,1758.28,1758.37,1757.9,1757.98,1026904,2026-10-06
1791255540,1757.83,1758.35,1757.51,1758.35,1559772,2026-10-06
1791255600,1758.49,1758.54,1758.19,1758.5,1325341,2026-10-06
1791255660,1758.36,1759.08,1758.07,1759.01,1483646,2026-10-06
1791255720,1758.6,1759.61,1758.6,1759.37,1202056,2026-10-06
1791255780,1759.7,1760.5,1759.67,1760.44,1339911,2026-10-06
1791255840,1760.57,1761.27,1760.42,1761.27,2000764,2026-10-06
1791255900,1761.66,1763.15,1761.66,1763.14,1384306,2026-10-06
1791255960,1762.96,1763.38,1762.96,1763.27,1778959,2026-10-06
1791256020,1762.98,1763.84,1762.56,1762.8,1791688,2026-10-06
1791256080,1762.88,1762.88,1762.25,1762.41,1248752,2026-10-06
1791256140,1762.36,1762.93,1762.36,1762.43,1471682,2026-10-06
1791256200,1762.21,1762.25,1760.91,1761.5,1773180,2026-10-06
1791256260,1761.42,1761.78,1760.41,1760.63,2119320,2026-10-06
1791256320,1760.56,1760.93,1760.2,1760.38,2426992,2026-10-06
1791256380,1760.32,1760.63,1759.49,1759.53,1648382,2026-10-06
1791256440,1759.74,1759.81,1757.91,1758.55,2286199,2026-10-06
1791256500,1757.51,1758.15,1756.47,1757.06,2642955,2026-10-06
1791256560,1758.09,1758.1,1756.91,1757.23,2143103,2026-10-06
1791256620,1757.12,1758.04,1756.58,1757.84,1530432,2026-10-06
1791256680,1757.69,1758.59,1757.69,1758.34,2172852,2026-10-06
1791256740,1758.3,1758.76,1758.0,1758.52,2207702,2026-10-06
1791256800,1758.1,1758.38,1757.75,1758.04,2450820,2026-10-06
1791256860,1757.57,1758.34,1757.44,1758.24,1239316,2026-10-06
1791256920,1757.94,1757.94,1756.94,1756.94,3532490,2026-10-06
1791256980,1757.18,1757.79,1756.53,1756.53,2141295,2026-10-06
1791257040,1756.88,1757.08,1755.97,1756.62,2162291,2026-10-06
1791257100,1756.45,1756.45,1754.85,1754.85,2300838,2026-10-06
1791257160,1755.21,1755.37,1754.78,1754.78,2672070,2026-10-06
1791257220,1755.01,1755.56,1754.42,1755.56,2692554,2026-10-06
1791257280,1755.66,1755.96,1755.42,1755.9,2018771,2026-10-06
1791257340,1755.79,1755.97,1755.08,1755.18,1895490,2026-10-06
1791257400,1755.34,1755.91,1755.27,1755.62,2023931,2026-10-06
1791257460,1755.72,1755.78,1754.81,1755.39,1763903,2026-10-06
1791257520,1755.19,1755.38,1754.94,1755.27,1971419,2026-10-06
1791257580,1754.96,1755.49,1754.96,1755.21,2037693,2026-10-06
1791257640,1755.28,1755.28,1754.68,1754.7,2168566,2026-10-06
1791257700,1754.34,1754.68,1753.97,1754.45,2540052,2026-10-06
1791257760,1754.79,1754.79,1754.2,1754.51,1647551,2026-10-06
1791257820,1754.51,1754.78,1753.93,1754.43,2239479,2026-10-06
1791257880,1754.09,1754.32,1753.53,1753.73,2060476,2026-10-06
1791257940,1753.67,1753.94,1753.15,1753.94,2107865,2026-10-06
1791258000,1753.79,1753.81,1753.25,1753.42,1619711,2026-10-06
1791258060,1754.24,1754.54,1753.37,1754.54,2121382,2026-10-06
1791258120,1753.94,1754.64,1753.61,1754.23,2035362,2026-10-06
1791258180,1754.75,1754.99,1753.99,1753.99,2242750,2026-10-06
1791258240,1754.04,1754.21,1753.62,1754.0,1634550,2026-10-06
1791258300,1753.93,1754.37,1753.53,1753.73,1638456,2026-10-06
1791258360,1753.58,1754.25,1753.43,1753.97,901296,2026-10-06
1791258420,1754.0,1754.53,1753.79,1754.21,1200417,2026-10-06
1791258480,1754.52,1754.6,1753.73,1753.96,1566779,2026-10-06
1791258540,1753.95,1753.95,1753.43,1753.73,1183663,2026-10-06
1791258600,1753.72,1753.74,1752.83,1753.32,1774345,2026-10-06
1791258660,1753.04,1753.22,1752.48,1752.58,2244451,2026-10-06
1791258720,1752.79,1752.79,1752.52,1752.61,2209820,2026-10-06
1791258780,1751.69,1752.67,1751.34,1751.94,3304159,2026-10-06
1791258840,1751.95,1752.05,1751.24,1751.24,3844870,2026-10-06
1791258900,1751.3,1751.74,1750.98,1750.98,2268327,2026-10-06
1791258960,1751.03,1751.81,1751.03,1751.28,1736752,2026-10-06
1791259020,1751.19,1751.76,1750.82,1750.82,2183849,2026-10-06
1791259080,1750.62,1751.13,1750.38,1750.38,2619942,2026-10-06
1791259140,1750.23,1750.53,1750.14,1750.3,2673694,2026-10-06
1791259200,1750.34,1750.34,1749.4,1749.73,2323580,2026-10-06
1791259260,1749.36,1749.79,1748.61,1748.81,3808986,2026-10-06
1791259320,1748.49,1748.79,1747.82,1748.0,2963136,2026-10-06
1791259380,1748.15,1748.15,1747.16,1747.34,3494470,2026-10-06
1791259440,1747.49,1747.7,1747.01,1747.07,4485047,2026-10-06
1791259500,1746.58,1746.73,1745.5,1745.5,5687894,2026-10-06
1791259560,1745.62,1745.63,1744.79,1744.92,6189675,2026-10-06
1791259620,1744.59,1744.64,1743.77,1743.79,4269270,2026-10-06
1791259680,1743.81,1744.49,1743.79,1744.49,5390572,2026-10-06
1791259740,1744.62,1744.76,1743.41,1743.41,4239574,2026-10-06
1791259800,1743.64,1743.89,1743.28,1743.89,2930151,2026-10-06
1791259860,1743.7,1743.77,1742.97,1743.06,2606493,2026-10-06
1791259920,1742.93,1743.37,1742.9,1742.9,2143415,2026-10-06
1791259980,1742.58,1742.9,1741.96,1742.09,3021283,2026-10-06
1791260040,1741.77,1742.69,1741.44,1741.91,2551013,2026-10-06
1791260100,1741.73,1742.25,1740.64,1740.64,2495904,2026-10-06
1791260160,1741.37,1743.06,1741.37,1742.47,1990105,2026-10-06
1791260220,1742.13,1744.23,1742.13,1743.74,3248906,2026-10-06
1791260280,1743.67,1744.1,1743.28,1743.62,2823469,2026-10-06
1791260340,1743.77,1743.77,1742.71,1742.91,2041177,2026-10-06
1791260400,1743.09,1743.8,1743.04,1743.8,1810766,2026-10-06
1791260460,1743.8,1744.45,1743.16,1744.18,1747307,2026-10-06
1791260520,1744.59,1744.76,1744.01,1744.43,1456437,2026-10-06
1791260580,1744.57,1745.2,1744.38,1745.2,2425579,2026-10-06
1791260640,1745.51,1746.14,1745.51,1745.71,1973015,2026-10-06
1791260700,1745.9,1746.5,1745.9,1746.04,1687922,2026-10-06
1791260760,1746.2,1746.27,1746.02,1746.16,1509958,2026-10-06
1791260820,1746.63,1746.71,1746.19,1746.42,1275222,2026-10-06
1791260880,1746.6,1746.74,1746.34,1746.63,1013688,2026-10-06
1791260940,1746.65,1746.86,1746.06,1746.86,1572773,2026-10-06
1791261000,1746.49,1746.49,1746.49,1746.49,183821,2026-10-06
1791266400,1745.34,1745.34,1743.48,1743.48,9396685,2026-10-06
1791266460,1743.8,1743.8,1742.67,1743.08,2505268,2026-10-06
1791266520,1743.01,1743.01,1741.46,1742.92,1946657,2026-10-06
1791266580,1742.55,1743.06,1741.88,1742.96,1926087,2026-10-06
1791266640,1742.67,1743.91,1741.47,1743.66,2082991,2026-10-06
1791266700,1743.67,1743.67,1742.13,1742.13,1970174,2026-10-06
1791266760,1742.21,1742.28,1741.75,1742.06,2316483,2026-10-06
1791266820,1741.81,1741.82,1740.54,1741.82,2029215,2026-10-06
1791266880,1741.26,1741.68,1740.72,1741.65,3322842,2026-10-06
1791266940,1741.28,1741.68,1740.12,1740.36,2275765,2026-10-06
1791267000,1740.57,1740.57,1739.81,1739.95,2126092,2026-10-06
1791267060,1739.87,1739.87,1738.73,1739.06,2350392,2026-10-06
1791267120,1738.86,1739.25,1738.54,1738.73,2468860,2026-10-06
1791267180,1738.45,1739.05,1738.45,1739.02,2296873,2026-10-06
1791267240,1738.93,1741.3,1738.93,1741.18,3128252,2026-10-06
1791267300,1741.14,1741.43,1741.06,1741.27,1992373,2026-10-06
1791267360,1741.02,1741.39,1740.77,1740.77,2004349,2026-10-06
1791267420,1740.9,1741.37,1740.87,1740.98,1477991,2026-10-06
1791267480,1741.05,1741.88,1741.05,1741.24,1832371,2026-10-06
1791267540,1741.27,1741.94,1741.21,1741.61,1818869,2026-10-06
1791267600,1741.52,1741.61,1741.15,1741.15,1546443,2026-10-06
1791267660,1741.02,1741.85,1740.99,1741.41,1430294,2026-10-06
1791267720,1741.8,1741.8,1741.13,1741.33,1661388,2026-10-06
1791267780,1741.21,1741.32,1740.93,1741.19,1676121,2026-10-06
1791267840,1741.07,1741.07,1740.32,1740.7,2057051,2026-10-06
1791267900,1740.81,1740.81,1740.11,1740.43,1601836,2026-10-06
1791267960,1740.28,1740.31,1739.6,1740.29,2364973,2026-10-06
1791268020,1740.46,1740.46,1739.53,1740.34,1488975,2026-10-06
1791268080,1740.14,1740.14,1739.33,1739.68,2104973,2026-10-06
1791268140,1739.42,1739.46,1738.83,1738.83,2132588,2026-10-06
1791268200,1739.01,1739.53,1738.22,1738.82,1877026,2026-10-06
1791268260,1738.76,1739.02,1737.84,1737.84,2256363,2026-10-06
1791268320,1738.11,1738.36,1737.56,1737.83,2264666,2026-10-06
1791268380,1737.83,1738.19,1737.67,1738.17,3843292,2026-10-06
1791268440,1738.11,1738.22,1737.46,1737.46,2779148,2026-10-06
1791268500,1737.52,1738.29,1737.52,1737.55,3317950,2026-10-06
1791268560,1737.49,1738.1,1737.49,1737.84,2425792,2026-10-06
1791268620,1738.01,1738.27,1736.94,1736.94,1641887,2026-10-06
1791268680,1737.38,1737.83,1737.38,1737.39,2490830,2026-10-06
1791268740,1736.9,1737.19,1736.34,1736.36,2604255,2026-10-06
1791268800,1736.76,1736.76,1735.68,1735.76,2343604,2026-10-06
1791268860,1735.57,1735.65,1735.23,1735.29,4722062,2026-10-06
1791268920,1735.32,1735.96,1734.94,1735.96,4095518,2026-10-06
1791268980,1735.74,1737.98,1735.66,1737.53,4723551,2026-10-06
1791269040,1737.14,1738.07,1736.89,1737.82,2992676,2026-10-06
1791269100,1737.92,1737.92,1736.97,1737.91,3422491,2026-10-06
1791269160,1738.3,1738.85,1738.11,1738.85,3478836,2026-10-06
1791269220,1738.98,1738.98,1738.07,1738.07,3461693,2026-10-06
1791269280,1738.48,1738.91,1738.16,1738.78,1940555,2026-10-06
1791269340,1738.9,1739.22,1738.38,1739.22,1920483,2026-10-06
1791269400,1739.03,1739.6,1738.98,1739.58,2254316,2026-10-06
1791269460,1739.81,1740.19,1739.42,1740.19,1635529,2026-10-06
1791269520,1740.19,1740.6,1739.68,1740.16,1753862,2026-10-06
1791269580,1739.95,1740.4,1739.52,1739.96,2884062,2026-10-06
1791269640,1740.09,1740.46,1739.57,1740.46,3329693,2026-10-06
1791269700,1740.59,1740.78,1739.78,1740.78,2071524,2026-10-06
1791269760,1740.62,1741.46,1740.34,1741.17,3289448,2026-10-06
1791269820,1741.1,1742.34,1741.04,1742.02,4755274,2026-10-06
1791269880,1742.21,1743.09,1741.75,1742.68,5596944,2026-10-06
1791269940,1742.81,1743.41,1742.68,1743.41,3878526,2026-10-06
1791270000,1743.62,1744.39,1743.54,1744.19,4324406,2026-10-06
1791270060,1744.06,1745.07,1743.45,1744.21,5063975,2026-10-06
1791270120,1744.29,1744.29,1743.28,1744.18,4120204,2026-10-06
1791270180,1743.91,1744.49,1743.48,1744.3,3640817,2026-10-06
1791270240,1744.08,1744.67,1743.94,1744.05,3184332,2026-10-06
1791270300,1744.67,1744.7,1744.05,1744.65,2650612,2026-10-06
1791270360,1744.45,1744.49,1743.93,1743.93,3234431,2026-10-06
1791270420,1744.61,1744.86,1743.92,1744.11,2838872,2026-10-06
1791270480,1744.34,1744.68,1744.16,1744.28,2738615,2026-10-06
1791270540,1744.14,1744.28,1743.74,1743.74,2633070,2026-10-06
1791270600,1744.17,1744.84,1743.84,1744.08,2672332,2026-10-06
1791270660,1744.46,1744.46,1743.87,1744.12,5507485,2026-10-06
1791270720,1744.33,1746.16,1744.25,1746.16,7249377,2026-10-06
1791270780,1746.2,1747.74,1746.2,1747.62,7018013,2026-10-06
1791270840,1748.01,1748.97,1748.01,1748.97,6792402,2026-10-06
1791270900,1749.34,1750.25,1749.32,1750.25,8413410,2026-10-06
1791270960,1750.32,1750.98,1750.0,1750.98,8901758,2026-10-06
1791271020,1751.0,1751.19,1750.54,1750.63,4240079,2026-10-06
1791271080,1750.39,1751.16,1750.25,1750.53,4466141,2026-10-06
1791271140,1750.47,1750.47,1749.5,1749.5,3004622,2026-10-06
1791271200,1749.49,1750.18,1749.47,1749.93,2371668,2026-10-06
1791271260,1749.45,1749.92,1748.84,1749.28,2748918,2026-10-06
1791271320,1749.39,1751.0,1749.39,1751.0,5158624,2026-10-06
1791271380,1750.42,1752.73,1750.42,1752.73,5300743,2026-10-06
1791271440,1752.7,1753.67,1752.46,1753.67,4916139,2026-10-06
1791271500,1753.82,1755.32,1753.82,1755.32,7817111,2026-10-06
1791271560,1755.81,1756.14,1755.6,1755.8,4633506,2026-10-06
1791271620,1755.62,1757.04,1755.62,1757.01,6532127,2026-10-06
1791271680,1757.36,1757.58,1756.89,1757.37,7343063,2026-10-06
1791271740,1757.21,1757.21,1755.99,1756.1,5343233,2026-10-06
1791271800,1752.15,1752.15,1750.98,1750.98,435494,2026-10-06
1791271860,1750.81,1750.81,1750.81,1750.81,0,2026-10-06
1791271980,1751.41,1751.41,1751.41,1751.41,0,2026-10-06
1791272100,1750.27,1750.27,1750.27,1750.27,0,2026-10-06
1791272160,1752.11,1752.11,1752.11,1752.11,0,2026-10-06
1791272280,1752.25,1752.25,1749.05,1749.05,0,2026-10-06
1791272700,1757.58,1759.08,1757.58,1759.08,50329326,2026-10-06
1791273900,1759.08,1759.08,1759.08,1759.08,0,2026-10-06
1791338460,1760.94,1760.94,1760.94,1760.94,0,2026-10-07
1791338520,1761.12,1761.12,1761.12,1761.12,0,2026-10-07
1791338580,1761.06,1761.06,1761.06,1761.06,0,2026-10-07
1791339120,1760.85,1760.85,1760.85,1760.85,0,2026-10-07
1791339300,1759.08,1760.54,1753.9,1754.04,10331880,2026-10-07
1791339360,1753.92,1753.92,1752.82,1752.82,4058960,2026-10-07
1791339420,1752.98,1753.19,1752.13,1753.19,1929124,2026-10-07
1791339480,1753.35,1754.19,1752.96,1754.08,2306919,2026-10-07
1791339540,1754.43,1754.51,1753.88,1754.3,2635929,2026-10-07
1791339600,1754.48,1756.36,1754.43,1756.31,1521642,2026-10-07
1791339660,1756.56,1756.56,1754.77,1755.43,3025720,2026-10-07
1791339720,1755.51,1755.51,1753.78,1754.03,3928358,2026-10-07
1791339780,1754.05,1754.81,1753.53,1754.76,2446879,2026-10-07
1791339840,1754.67,1754.67,1753.76,1753.76,2302288,2026-10-07
1791339900,1753.8,1753.8,1752.37,1753.04,2965625,2026-10-07
1791339960,1752.87,1753.29,1752.63,1752.98,1735475,2026-10-07
1791340020,1752.77,1752.8,1752.37,1752.59,1454537,2026-10-07
1791340080,1752.39,1752.8,1752.19,1752.25,1307065,2026-10-07
1791340140,1752.05,1752.76,1752.01,1752.38,1399454,2026-10-07
1791340200,1752.62,1752.62,1752.07,1752.36,1348489,2026-10-07
1791340260,1752.59,1752.59,1751.92,1751.92,1827845,2026-10-07
1791340320,1752.28,1752.76,1752.17,1752.42,1758545,2026-10-07
1791340380,1752.27,1752.9,1752.27,1752.74,1821629,2026-10-07
1791340440,1753.01,1753.43,1752.96,1753.43,1954195,2026-10-07
1791340500,1753.1,1753.87,1752.97,1753.5,1745387,2026-10-07
1791340560,1753.25,1753.94,1753.25,1753.62,1330740,2026-10-07
1791340620,1753.59,1754.09,1753.59,1753.89,1886794,2026-10-07
1791340680,1754.12,1754.42,1753.67,1754.14,2058505,2026-10-07
1791340740,1754.11,1754.99,1754.11,1754.49,1986284,2026-10-07
1791340800,1754.54,1754.86,1754.14,1754.41,2279807,2026-10-07
1791340860,1754.4,1754.4,1753.61,1753.61,1962031,2026-10-07
1791340920,1753.53,1753.53,1751.95,1751.95,2149608,2026-10-07
1791340980,1752.13,1752.49,1751.85,1751.85,1344011,2026-10-07
1791341040,1751.89,1751.89,1751.06,1751.3,1305931,2026-10-07
1791341100,1751.24,1751.33,1750.55,1750.55,2019826,2026-10-07
1791341160,1750.66,1750.66,1749.63,1749.66,1958212,2026-10-07
1791341220,1749.68,1749.69,1749.0,1749.0,2236313,2026-10-07
1791341280,1749.17,1749.24,1748.71,1748.88,1381434,2026-10-07
1791341340,1749.05,1749.1,1748.76,1748.78,2005180,2026-10-07
1791341400,1748.93,1748.95,1748.41,1748.53,1137447,2026-10-07
1791341460,1748.67,1748.72,1748.18,1748.35,1703910,2026-10-07
1791341520,1748.26,1748.72,1747.95,1748.47,1613244,2026-10-07
1791341580,1748.24,1748.73,1748.13,1748.73,1788322,2026-10-07
1791341640,1748.61,1748.65,1748.21,1748.46,1257684,2026-10-07
1791341700,1748.81,1748.99,1748.4,1748.71,1023352,2026-10-07
1791341760,1748.48,1748.91,1748.3,1748.61,1075812,2026-10-07
1791341820,1748.67,1750.21,1748.65,1749.79,1258559,2026-10-07
1791341880,1749.05,1749.91,1749.05,1749.07,722165,2026-10-07
1791341940,1749.39,1749.47,1749.16,1749.38,1219017,2026-10-07
1791342000,1749.6,1749.94,1749.12,1749.17,1674830,2026-10-07
1791342060,1748.74,1749.57,1748.7,1748.96,993296,2026-10-07
1791342120,1748.51,1749.11,1748.51,1748.79,1185542,2026-10-07
1791342180,1748.67,1749.01,1748.2,1748.63,1551021,2026-10-07
1791342240,1748.78,1749.2,1748.53,1749.0,1141858,2026-10-07
1791342300,1749.07,1749.19,1748.93,1749.17,1481686,2026-10-07
1791342360,1748.97,1749.59,1748.7,1749.46,1122898,2026-10-07
1791342420,1749.11,1749.43,1748.99,1748.99,1443077,2026-10-07
1791342480,1748.98,1749.64,1748.98,1749.31,1650416,2026-10-07
1791342540,1749.31,1749.85,1749.31,1749.85,1215641,2026-10-07
1791342600,1750.02,1750.02,1749.45,1750.0,2462472,2026-10-07
1791342660,1749.9,1750.48,1749.14,1749.35,1366260,2026-10-07
1791342720,1749.47,1749.47,1748.73,1748.76,1643616,2026-10-07
1791342780,1748.76,1749.01,1747.27,1747.27,2563680,2026-10-07
1791342840,1747.45,1747.59,1747.02,1747.43,1875264,2026-10-07
1791342900,1747.43,1747.66,1747.12,1747.56,2631238,2026-10-07
1791342960,1747.19,1747.8,1747.07,1747.8,1330574,2026-10-07
1791343020,1747.88,1747.88,1747.32,1747.46,959221,2026-10-07
1791343080,1747.63,1747.74,1747.19,1747.45,2257194,2026-10-07
1791343140,1747.51,1747.58,1746.99,1747.06,769799,2026-10-07
1791343200,1747.25,1747.75,1746.8,1747.75,1342177,2026-10-07
1791343260,1747.41,1747.41,1746.91,1747.12,936576,2026-10-07
1791343320,1747.13,1747.6,1747.05,1747.15,1118614,2026-10-07
1791343380,1747.23,1747.71,1747.12,1747.71,813952,2026-10-07
1791343440,1747.67,1747.86,1747.49,1747.78,1262629,2026-10-07
1791343500,1748.17,1749.22,1748.17,1749.05,1387733,2026-10-07
1791343560,1749.16,1749.21,1748.68,1749.1,1034593,2026-10-07
1791343620,1748.93,1749.07,1748.56,1748.56,752163,2026-10-07
1791343680,1748.3,1748.59,1748.06,1748.51,1204606,2026-10-07
1791343740,1748.59,1748.59,1747.7,1747.72,1044327,2026-10-07
1791343800,1747.88,1748.06,1747.63,1747.98,1111230,2026-10-07
1791343860,1747.93,1748.16,1747.59,1747.82,1027437,2026-10-07
1791343920,1747.89,1748.18,1747.72,1748.16,792827,2026-10-07
1791343980,1748.08,1748.13,1747.45,1748.07,1207320,2026-10-07
1791344040,1747.82,1748.6,1747.5,1747.79,475023,2026-10-07
1791344100,1747.74,1748.1,1747.58,1748.02,726418,2026-10-07
1791344160,1748.26,1748.37,1747.63,1748.14,1029601,2026-10-07
1791344220,1748.15,1748.87,1747.92,1748.54,1032023,2026-10-07
1791344280,1748.55,1748.78,1748.48,1748.78,798566,2026-10-07
1791344340,1748.65,1748.8,1747.88,1748.31,1608675,2026-10-07
1791344400,1748.8,1748.8,1747.43,1747.64,1474996,2026-10-07
1791344460,1747.42,1748.24,1747.38,1748.08,1179828,2026-10-07
1791344520,1748.1,1748.2,1747.52,1748.18,718342,2026-10-07
1791344580,1747.85,1748.12,1747.12,1747.26,1210655,2026-10-07
1791344640,1746.8,1747.2,1746.2,1746.2,926637,2026-10-07
1791344700,1746.11,1746.73,1746.11,1746.56,2363270,2026-10-07
1791344760,1746.51,1746.82,1746.29,1746.68,749399,2026-10-07
1791344820,1746.48,1747.02,1746.04,1746.69,1414994,2026-10-07
1791344880,1746.76,1746.76,1745.86,1746.42,933233,2026-10-07
1791344940,1746.43,1746.8,1746.06,1746.41,850981,2026-10-07
1791345000,1746.5,1746.7,1745.72,1746.03,1579246,2026-10-07
1791345060,1745.91,1745.94,1745.12,1745.31,895512,2026-10-07
1791345120,1745.53,1745.68,1744.94,1744.94,756636,2026-10-07
1791345180,1745.04,1745.47,1744.73,1745.07,1533394,2026-10-07
1791345240,1745.11,1745.61,1744.95,1744.95,2843972,2026-10-07
1791345300,1744.99,1745.65,1744.95,1745.65,2003926,2026-10-07
1791345360,1745.62,1745.92,1745.06,1745.1,777113,2026-10-07
1791345420,1745.17,1745.96,1745.11,1745.62,849658,2026-10-07
1791345480,1745.64,1745.79,1745.47,1745.47,669710,2026-10-07
1791345540,1745.65,1746.02,1745.33,1745.56,836203,2026-10-07
1791345600,1745.89,1746.24,1745.51,1745.65,1057488,2026-10-07
1791345660,1745.64,1745.91,1745.25,1745.25,947784,2026-10-07
1791345720,1745.56,1745.85,1745.52,1745.65,870760,2026-10-07
1791345780,1745.85,1746.3,1745.85,1746.01,752846,2026-10-07
1791345840,1746.44,1746.44,1745.74,1745.76,827113,2026-10-07
1791345900,1746.09,1747.21,1745.77,1747.1,1041153,2026-10-07
1791345960,1746.89,1746.96,1746.66,1746.9,906452,2026-10-07
1791346020,1746.84,1747.34,1746.83,1747.13,800520,2026-10-07
1791346080,1746.68,1747.21,1746.61,1746.9,1016509,2026-10-07
1791346140,1747.02,1747.98,1747.02,1747.98,1674234,2026-10-07
1791346200,1747.79,1748.28,1747.73,1747.73,1170654,2026-10-07
1791346260,1747.57,1747.86,1747.09,1747.17,813248,2026-10-07
1791346320,1747.1,1748.04,1747.1,1747.78,923701,2026-10-07
1791346380,1747.7,1748.21,1747.7,1748.14,1124781,2026-10-07
1791346440,1748.08,1748.14,1747.7,1747.7,1010826,2026-10-07
1791346500,1747.74,1747.79,1747.46,1747.57,1193958,2026-10-07
1791346560,1747.52,1747.52,1747.06,1747.06,954648,2026-10-07
1791346620,1746.94,1747.42,1746.77,1746.77,698781,2026-10-07
1791346680,1746.82,1747.54,1746.82,1747.46,960522,2026-10-07
1791346740,1747.09,1747.36,1746.36,1746.62,898409,2026-10-07
1791346800,1747.4,1747.51,1747.07,1747.07,566355,2026-10-07
1791346860,1746.96,1746.96,1745.24,1745.31,1080892,2026-10-07
1791346920,1745.29,1746.49,1745.25,1746.26,874763,2026-10-07
1791346980,1746.27,1746.62,1745.43,1745.88,633492,2026-10-07
1791347040,1745.88,1746.05,1745.62,1745.99,524705,2026-10-07
1791347100,1745.94,1745.95,1744.9,1745.11,864420,2026-10-07
1791347160,1744.87,1745.51,1744.87,1745.51,643976,2026-10-07
1791347220,1745.88,1745.88,1745.37,1745.37,467162,2026-10-07
1791347280,1745.22,1745.58,1744.94,1745.08,811283,2026-10-07
1791347340,1744.98,1745.46,1744.81,1744.81,1182588,2026-10-07
1791347400,1744.81,1744.81,1744.81,1744.81,59972,2026-10-07
1791352800,1744.75,1744.75,1743.64,1743.64,5495963,2026-10-07
1791352860,1743.56,1743.88,1743.33,1743.47,1373350,2026-10-07
1791352920,1743.24,1744.88,1743.24,1744.86,1503321,2026-10-07
1791352980,1744.68,1744.68,1743.48,1743.81,1995331,2026-10-07
1791353040,1743.82,1744.39,1743.76,1744.14,1598363,2026-10-07
1791353100,1743.72,1744.27,1743.66,1744.01,3573184,2026-10-07
1791353160,1743.99,1744.64,1743.83,1744.09,3325283,2026-10-07
1791353220,1743.57,1744.17,1743.57,1743.84,1891432,2026-10-07
1791353280,1744.04,1744.04,1743.41,1743.95,3608983,2026-10-07
1791353340,1744.02,1744.22,1743.72,1743.93,2622970,2026-10-07
1791353400,1744.08,1744.76,1743.72,1743.96,2108724,2026-10-07
1791353460,1744.37,1745.13,1744.25,1744.92,2514050,2026-10-07
1791353520,1744.98,1745.83,1744.75,1745.83,2459195,2026-10-07
1791353580,1745.75,1745.76,1745.27,1745.71,3302728,2026-10-07
1791353640,1745.95,1745.98,1745.36,1745.36,5369812,2026-10-07
1791353700,1745.25,1745.93,1745.25,1745.79,4551273,2026-10-07
1791353760,1745.33,1746.58,1745.33,1746.52,2716608,2026-10-07
1791353820,1746.69,1746.79,1746.17,1746.39,2612038,2026-10-07
1791353880,1746.48,1746.95,1746.48,1746.62,3045383,2026-10-07
1791353940,1746.79,1747.46,1746.79,1747.37,2599219,2026-10-07
1791354000,1747.22,1747.64,1747.21,1747.36,1948785,2026-10-07
1791354060,1747.37,1747.89,1747.26,1747.56,3087722,2026-10-07
1791354120,1747.62,1748.15,1747.62,1748.09,2142485,2026-10-07
1791354180,1747.27,1747.69,1746.76,1747.05,3099743,2026-10-07
1791354240,1747.17,1747.67,1747.05,1747.59,1714144,2026-10-07
1791354300,1747.7,1748.79,1747.65,1748.79,2428598,2026-10-07
1791354360,1748.93,1749.62,1748.36,1749.37,2477867,2026-10-07
1791354420,1749.66,1750.5,1749.66,1750.12,2136117,2026-10-07
1791354480,1750.41,1750.65,1750.08,1750.15,3935404,2026-10-07
1791354540,1750.37,1751.61,1750.27,1751.61,3991531,2026-10-07
1791354600,1751.87,1752.78,1751.77,1752.77,4342766,2026-10-07
1791354660,1752.82,1753.42,1752.27,1753.27,3803205,2026-10-07
1791354720,1753.58,1754.24,1753.33,1753.39,4199840,2026-10-07
1791354780,1753.01,1753.79,1752.98,1753.79,7113109,2026-10-07
1791354840,1753.83,1754.14,1753.55,1754.14,2012131,2026-10-07
1791354900,1753.79,1753.9,1753.25,1753.25,2016613,2026-10-07
1791354960,1753.47,1753.78,1753.0,1753.21,2265566,2026-10-07
1791355020,1752.94,1753.33,1752.89,1753.0,2548703,2026-10-07
1791355080,1753.1,1753.1,1752.2,1752.38,1940978,2026-10-07
1791355140,1752.08,1752.44,1752.08,1752.15,2424314,2026-10-07
1791355200,1752.07,1752.36,1751.74,1752.31,2300011,2026-10-07
1791355260,1752.09,1752.98,1752.04,1752.49,1773569,2026-10-07
1791355320,1752.3,1753.54,1752.11,1753.54,2154612,2026-10-07
1791355380,1753.49,1754.38,1753.34,1754.38,3055610,2026-10-07
1791355440,1754.35,1755.08,1753.71,1754.82,3621476,2026-10-07
1791355500,1754.57,1755.47,1754.57,1755.16,4074344,2026-10-07
1791355560,1754.99,1754.99,1754.17,1754.17,2942023,2026-10-07
1791355620,1754.48,1754.87,1754.42,1754.54,3025954,2026-10-07
1791355680,1754.5,1754.69,1754.13,1754.13,2886576,2026-10-07
1791355740,1754.07,1754.07,1753.27,1753.46,1633164,2026-10-07
1791355800,1753.37,1754.0,1753.23,1753.49,1383066,2026-10-07
1791355860,1753.47,1753.67,1752.91,1752.91,1647174,2026-10-07
1791355920,1752.98,1753.0,1752.25,1752.8,2386810,2026-10-07
1791355980,1752.45,1753.28,1752.45,1752.95,1361352,2026-10-07
1791356040,1752.87,1752.97,1752.69,1752.8,1984554,2026-10-07
1791356100,1752.89,1752.89,1752.33,1752.47,2510472,2026-10-07
1791356160,1752.4,1752.47,1751.26,1751.26,1805869,2026-10-07
1791356220,1751.43,1751.44,1750.79,1750.79,1922374,2026-10-07
1791356280,1750.56,1750.56,1750.14,1750.48,2474496,2026-10-07
1791356340,1750.38,1750.38,1749.78,1749.78,1634078,2026-10-07
1791356400,1749.06,1749.15,1748.6,1748.6,3004999,2026-10-07
1791356460,1748.82,1749.13,1748.66,1749.01,1799055,2026-10-07
1791356520,1749.07,1750.12,1749.07,1750.12,1579907,2026-10-07
1791356580,1750.05,1750.28,1749.47,1749.74,1591233,2026-10-07
1791356640,1749.4,1750.04,1749.4,1749.65,1665236,2026-10-07
1791356700,1749.54,1749.65,1749.36,1749.59,2628586,2026-10-07
1791356760,1749.63,1750.37,1749.63,1750.37,1495412,2026-10-07
1791356820,1750.45,1750.93,1749.99,1750.76,1517170,2026-10-07
1791356880,1751.04,1751.82,1751.04,1751.27,2094743,2026-10-07
1791356940,1751.02,1751.3,1750.44,1750.69,2514256,2026-10-07
1791357000,1750.75,1751.82,1750.75,1751.58,1424191,2026-10-07
1791357060,1751.31,1751.66,1751.18,1751.44,1596467,2026-10-07
1791357120,1751.29,1751.45,1750.78,1750.82,1984634,2026-10-07
1791357180,1751.2,1751.2,1750.6,1750.84,1763111,2026-10-07
1791357240,1750.48,1750.69,1749.98,1750.1,1312517,2026-10-07
1791357300,1749.96,1750.26,1749.48,1750.26,2427703,2026-10-07
1791357360,1750.56,1751.14,1750.48,1750.91,2321544,2026-10-07
1791357420,1751.1,1751.83,1750.78,1750.78,2152973,2026-10-07
1791357480,1751.0,1751.68,1750.71,1751.19,2747580,2026-10-07
1791357540,1751.35,1751.9,1750.99,1751.9,3001936,2026-10-07
1791357600,1752.1,1752.65,1752.07,1752.65,2547913,2026-10-07
1791357660,1752.75,1753.55,1752.6,1753.2,2642482,2026-10-07
1791357720,1753.17,1754.3,1753.17,1754.17,2731942,2026-10-07
1791357780,1753.92,1754.81,1753.77,1754.8,3345732,2026-10-07
1791357840,1754.74,1755.36,1754.51,1755.02,3229345,2026-10-07
1791357900,1755.21,1755.25,1754.83,1754.86,3847563,2026-10-07
1791357960,1754.65,1756.32,1754.45,1756.32,3943200,2026-10-07
1791358020,1756.37,1756.74,1755.88,1756.06,4559985,2026-10-07
1791358080,1756.0,1757.27,1755.9,1757.27,4523866,2026-10-07
1791358140,1756.58,1757.2,1755.62,1755.96,4677085,2026-10-07
1791358200,1750.78,1750.78,1750.78,1750.78,250088,2026-10-07
1791358260,1752.64,1752.64,1752.48,1752.48,0,2026-10-07
1791358380,1752.39,1752.39,1752.39,1752.39,0,2026-10-07
1791358440,1752.76,1752.9,1752.76,1752.9,0,2026-10-07
1791358500,1752.72,1752.72,1752.7,1752.7,0,2026-10-07
1791358560,1749.79,1749.79,1749.79,1749.79,0,2026-10-07
1791358980,1753.62,1753.62,1753.62,1753.62,0,2026-10-07
1791359040,1752.94,1752.94,1752.94,1752.94,0,2026-10-07
1791359100,1753.96,1753.96,1753.39,1753.39,47992815,2026-10-07
1791360300,1753.39,1753.39,1753.39,1753.39,0,2026-10-07
1791425340,1754.18,1754.18,1754.18,1754.18,0,2026-10-08
1791425700,1749.25,1749.25,1746.28,1746.59,6999293,2026-10-08
1791425760,1747.05,1751.17,1746.52,1751.03,1946777,2026-10-08
1791425820,1751.22,1752.16,1751.13,1752.14,1525968,2026-10-08
1791425880,1752.03,1753.14,1751.82,1753.12,1442361,2026-10-08
1791425940,1752.98,1753.36,1752.2,1752.54,1894548,2026-10-08
1791426000,1752.59,1752.68,1751.96,1752.68,2280537,2026-10-08
1791426060,1752.13,1752.77,1752.11,1752.77,1610635,2026-10-08
1791426120,1752.91,1753.04,1752.19,1752.6,1616745,2026-10-08
1791426180,1752.72,1753.78,1752.72,1753.7,1477435,2026-10-08
1791426240,1753.3,1753.55,1753.01,1753.01,1461854,2026-10-08
1791426300,1752.94,1753.19,1752.66,1753.19,1465082,2026-10-08
1791426360,1753.19,1753.19,1752.72,1753.03,1619656,2026-10-08
1791426420,1752.81,1753.29,1752.81,1753.29,1732088,2026-10-08
1791426480,1753.23,1753.39,1752.9,1752.99,1426654,2026-10-08
1791426540,1752.93,1753.57,1752.67,1753.34,1887638,2026-10-08
1791426600,1753.73,1753.73,1752.08,1752.26,2691129,2026-10-08
1791426660,1750.46,1750.63,1749.78,1749.85,2595849,2026-10-08
1791426720,1749.73,1751.81,1749.69,1751.51,2479052,2026-10-08
1791426780,1751.58,1752.61,1751.58,1752.47,2193941,2026-10-08
1791426840,1752.53,1752.71,1752.31,1752.56,1967805,2026-10-08
1791426900,1752.47,1752.89,1752.41,1752.89,2335377,2026-10-08
1791426960,1752.92,1752.92,1751.71,1751.98,2113286,2026-10-08
1791427020,1751.77,1751.94,1751.36,1751.36,2029013,2026-10-08
1791427080,1751.87,1751.87,1751.12,1751.25,2013483,2026-10-08
1791427140,1751.49,1751.61,1751.09,1751.15,1518724,2026-10-08
1791427200,1751.05,1751.44,1751.01,1751.07,1568575,2026-10-08
1791427260,1751.25,1751.84,1751.25,1751.84,2123919,2026-10-08
1791427320,1751.44,1752.28,1751.44,1751.66,1342598,2026-10-08
1791427380,1751.91,1752.48,1751.48,1752.22,1353057,2026-10-08
1791427440,1752.13,1752.41,1752.07,1752.39,2320639,2026-10-08
1791427500,1752.45,1752.45,1752.1,1752.13,1477938,2026-10-08
1791427560,1752.35,1752.78,1752.11,1752.67,1227433,2026-10-08
1791427620,1752.62,1753.01,1752.26,1752.42,1364426,2026-10-08
1791427680,1752.34,1752.42,1751.98,1752.34,1086912,2026-10-08
1791427740,1752.37,1752.48,1751.98,1752.14,1375013,2026-10-08
1791427800,1752.17,1752.39,1751.86,1751.89,1343479,2026-10-08
1791427860,1752.06,1752.06,1751.54,1752.03,1754067,2026-10-08
1791427920,1751.67,1752.01,1751.44,1751.44,1330859,2026-10-08
1791427980,1752.03,1752.17,1751.58,1751.82,832635,2026-10-08
1791428040,1751.94,1751.98,1751.45,1751.6,942756,2026-10-08
1791428100,1751.76,1751.77,1751.45,1751.66,1712774,2026-10-08
1791428160,1751.59,1751.68,1751.28,1751.28,1163144,2026-10-08
1791428220,1751.38,1751.87,1751.38,1751.71,1301501,2026-10-08
1791428280,1751.81,1751.88,1751.31,1751.5,1102447,2026-10-08
1791428340,1751.47,1751.73,1751.17,1751.17,1259186,2026-10-08
1791428400,1751.05,1751.25,1750.64,1750.72,1641227,2026-10-08
1791428460,1750.96,1750.96,1750.24,1750.6,1923467,2026-10-08
1791428520,1750.47,1750.83,1750.45,1750.63,2085176,2026-10-08
1791428580,1750.64,1750.96,1750.0,1750.0,936993,2026-10-08
1791428640,1750.38,1750.73,1750.25,1750.51,1379093,2026-10-08
1791428700,1750.53,1750.53,1749.92,1750.07,2146116,2026-10-08
1791428760,1750.16,1750.32,1749.93,1750.05,1501077,2026-10-08
1791428820,1749.92,1750.21,1749.69,1750.01,1613421,2026-10-08
1791428880,1749.72,1749.92,1749.52,1749.55,1672846,2026-10-08
1791428940,1749.65,1749.89,1749.58,1749.6,1048689,2026-10-08
1791429000,1749.82,1750.06,1749.42,1749.48,1412378,2026-10-08
1791429060,1749.63,1749.79,1749.4,1749.79,1171471,2026-10-08
1791429120,1749.67,1749.88,1749.4,1749.76,1459354,2026-10-08
1791429180,1749.59,1750.16,1749.56,1749.56,1258899,2026-10-08
1791429240,1750.13,1750.24,1749.6,1749.77,1731169,2026-10-08
1791429300,1749.65,1749.75,1749.09,1749.27,1756466,2026-10-08
1791429360,1749.38,1749.45,1748.91,1749.4,1488104,2026-10-08
1791429420,1749.27,1749.8,1749.19,1749.28,1703512,2026-10-08
1791429480,1749.07,1749.47,1749.04,1749.12,1868976,2026-10-08
1791429540,1749.44,1749.7,1749.11,1749.57,1322575,2026-10-08
1791429600,1749.8,1749.8,1748.85,1749.36,1644850,2026-10-08
1791429660,1749.18,1749.62,1749.12,1749.42,1874023,2026-10-08
1791429720,1748.96,1749.12,1748.57,1748.75,1172801,2026-10-08
1791429780,1748.73,1749.05,1748.28,1748.28,3082612,2026-10-08
1791429840,1748.4,1748.73,1748.19,1748.49,2168617,2026-10-08
1791429900,1748.67,1749.08,1748.67,1749.04,1297004,2026-10-08
1791429960,1749.05,1749.24,1748.86,1749.15,1951712,2026-10-08
1791430020,1749.2,1750.43,1748.97,1750.43,1327928,2026-10-08
1791430080,1749.97,1750.12,1749.6,1749.62,1381090,2026-10-08
1791430140,1749.77,1749.96,1749.63,1749.71,1685681,2026-10-08
1791430200,1750.01,1750.39,1749.77,1750.19,1728601,2026-10-08
1791430260,1750.17,1751.02,1750.17,1751.02,1896047,2026-10-08
1791430320,1750.92,1751.14,1750.59,1750.99,2140735,2026-10-08
1791430380,1751.02,1751.12,1750.88,1751.04,1993091,2026-10-08
1791430440,1750.92,1751.18,1750.66,1750.7,1374713,2026-10-08
1791430500,1750.79,1751.39,1750.79,1751.09,1613927,2026-10-08
1791430560,1751.26,1751.9,1751.23,1751.9,1859450,2026-10-08
1791430620,1751.79,1751.93,1751.57,1751.7,1363322,2026-10-08
1791430680,1751.85,1752.22,1751.85,1751.98,1633450,2026-10-08
1791430740,1752.02,1752.42,1751.84,1751.84,2116053,2026-10-08
1791430800,1751.95,1753.67,1751.95,1753.47,1373847,2026-10-08
1791430860,1753.99,1754.38,1753.89,1754.11,2261400,2026-10-08
1791430920,1754.41,1755.09,1754.41,1755.08,2198749,2026-10-08
1791430980,1755.2,1757.01,1754.54,1757.01,1901194,2026-10-08
1791431040,1756.77,1757.2,1756.61,1756.75,2502260,2026-10-08
1791431100,1757.46,1760.77,1757.46,1760.71,4808213,2026-10-08
1791431160,1760.61,1760.94,1760.45,1760.45,2002903,2026-10-08
1791431220,1760.01,1760.95,1759.68,1760.95,2407794,2026-10-08
1791431280,1760.87,1760.87,1759.96,1760.06,2126276,2026-10-08
1791431340,1759.6,1759.72,1759.07,1759.21,1597821,2026-10-08
1791431400,1759.18,1759.18,1758.63,1758.63,1511824,2026-10-08
1791431460,1758.54,1758.57,1758.12,1758.23,2250582,2026-10-08
1791431520,1758.18,1759.06,1757.97,1758.47,1248054,2026-10-08
1791431580,1758.69,1758.89,1758.38,1758.81,821395,2026-10-08
1791431640,1758.76,1760.32,1758.63,1759.99,1246645,2026-10-08
1791431700,1759.93,1762.74,1759.93,1762.74,1496230,2026-10-08
1791431760,1763.43,1763.43,1762.63,1762.96,1432926,2026-10-08
1791431820,1763.63,1763.75,1762.72,1763.54,1948772,2026-10-08
1791431880,1764.25,1764.45,1762.55,1762.71,2167670,2026-10-08
1791431940,1762.83,1762.83,1761.28,1762.18,1211268,2026-10-08
1791432000,1762.19,1762.24,1760.24,1760.3,2379712,2026-10-08
1791432060,1760.19,1760.71,1760.19,1760.71,1225834,2026-10-08
1791432120,1760.68,1760.68,1760.08,1760.2,1161379,2026-10-08
1791432180,1760.24,1760.47,1758.95,1758.95,914191,2026-10-08
1791432240,1758.95,1759.56,1758.67,1759.12,889787,2026-10-08
1791432300,1759.16,1759.33,1758.77,1758.96,564701,2026-10-08
1791432360,1758.54,1758.54,1757.84,1757.84,1016017,2026-10-08
1791432420,1757.93,1757.93,1757.18,1757.54,783745,2026-10-08
1791432480,1757.43,1757.7,1756.89,1757.42,1050363,2026-10-08
1791432540,1757.34,1757.34,1756.54,1757.21,752983,2026-10-08
1791432600,1757.18,1757.18,1756.07,1756.68,744979,2026-10-08
1791432660,1756.69,1756.96,1756.48,1756.86,738474,2026-10-08
1791432720,1757.03,1757.03,1756.78,1756.86,813920,2026-10-08
1791432780,1756.75,1757.35,1756.75,1757.35,855309,2026-10-08
1791432840,1757.21,1757.39,1757.19,1757.2,899741,2026-10-08
1791432900,1757.08,1757.23,1756.47,1756.47,1027782,2026-10-08
1791432960,1756.48,1757.15,1756.48,1756.52,1178223,2026-10-08
1791433020,1756.52,1756.88,1756.51,1756.58,939285,2026-10-08
1791433080,1756.66,1756.68,1756.22,1756.39,542531,2026-10-08
1791433140,1756.53,1756.53,1756.03,1756.24,926655,2026-10-08
1791433200,1756.17,1756.26,1755.96,1756.13,1081288,2026-10-08
1791433260,1756.04,1756.04,1755.46,1755.65,870164,2026-10-08
1791433320,1756.03,1756.64,1755.73,1756.09,789423,2026-10-08
1791433380,1755.96,1756.13,1755.53,1755.83,742619,2026-10-08
1791433440,1755.65,1755.65,1754.9,1754.9,720555,2026-10-08
1791433500,1755.01,1755.01,1754.27,1754.35,775997,2026-10-08
1791433560,1754.33,1754.64,1754.14,1754.64,1218513,2026-10-08
1791433620,1754.64,1754.64,1753.96,1754.4,723150,2026-10-08
1791433680,1754.34,1754.67,1754.34,1754.6,1110126,2026-10-08
1791433740,1754.72,1754.72,1754.0,1754.26,749593,2026-10-08
1791433800,1753.96,1753.96,1753.96,1753.96,58822,2026-10-08
1791439200,1753.54,1753.54,1751.73,1751.73,5935866,2026-10-08
1791439260,1751.78,1752.53,1751.28,1751.42,2287215,2026-10-08
1791439320,1751.37,1752.0,1751.09,1751.64,2109677,2026-10-08
1791439380,1751.3,1751.83,1751.3,1751.77,1207126,2026-10-08
1791439440,1752.07,1752.69,1751.99,1752.05,1167912,2026-10-08
1791439500,1752.15,1753.02,1751.84,1752.33,2023017,2026-10-08
1791439560,1752.47,1753.18,1752.47,1753.08,1810137,2026-10-08
1791439620,1753.11,1753.11,1752.74,1753.0,1250763,2026-10-08
1791439680,1752.88,1753.53,1752.79,1753.41,1175187,2026-10-08
1791439740,1753.0,1753.52,1752.82,1753.04,1822902,2026-10-08
1791439800,1753.02,1753.09,1752.63,1752.8,2176915,2026-10-08
1791439860,1752.5,1752.85,1752.28,1752.28,1917866,2026-10-08
1791439920,1752.37,1752.75,1751.89,1752.23,1503269,2026-10-08
1791439980,1752.19,1752.47,1751.85,1752.47,1600819,2026-10-08
1791440040,1752.46,1752.47,1752.04,1752.35,1700171,2026-10-08
1791440100,1752.42,1752.47,1751.72,1751.93,1841699,2026-10-08
1791440160,1751.88,1752.26,1751.43,1751.86,1331101,2026-10-08
1791440220,1751.79,1752.01,1751.72,1751.75,2620510,2026-10-08
1791440280,1751.58,1751.71,1751.23,1751.23,1681521,2026-10-08
1791440340,1751.18,1751.82,1751.18,1751.82,1939585,2026-10-08
1791440400,1751.68,1751.84,1750.98,1751.13,2961506,2026-10-08
1791440460,1751.29,1751.29,1750.88,1750.97,2325311,2026-10-08
1791440520,1751.06,1751.58,1750.75,1751.24,1745965,2026-10-08
1791440580,1751.39,1752.21,1751.22,1752.21,1906785,2026-10-08
1791440640,1752.5,1752.5,1751.51,1751.51,1604794,2026-10-08
1791440700,1751.53,1752.12,1751.44,1751.61,1682798,2026-10-08
1791440760,1751.84,1751.84,1751.29,1751.37,1313658,2026-10-08
1791440820,1751.55,1751.7,1750.82,1751.29,1355945,2026-10-08
1791440880,1751.83,1751.83,1751.12,1751.63,1430536,2026-10-08
1791440940,1751.73,1751.76,1750.9,1750.99,1559492,2026-10-08
1791441000,1750.77,1751.11,1750.55,1751.06,3166864,2026-10-08
1791441060,1750.86,1751.11,1750.68,1750.95,2143249,2026-10-08
1791441120,1751.05,1751.05,1750.38,1750.66,1484392,2026-10-08
1791441180,1750.72,1751.05,1750.34,1750.87,1315477,2026-10-08
1791441240,1750.49,1750.5,1749.98,1749.98,2405861,2026-10-08
1791441300,1749.91,1750.0,1749.24,1749.38,2457069,2026-10-08
1791441360,1749.21,1749.9,1749.21,1749.77,1440269,2026-10-08
1791441420,1749.82,1750.09,1749.58,1749.86,4239179,2026-10-08
1791441480,1750.1,1750.4,1749.59,1750.17,3217191,2026-10-08
1791441540,1750.21,1750.21,1749.53,1749.66,2481348,2026-10-08
1791441600,1749.52,1749.53,1748.49,1748.63,2805752,2026-10-08
1791441660,1748.43,1748.69,1747.99,1747.99,2554072,2026-10-08
1791441720,1747.97,1748.36,1747.77,1748.18,2522348,2026-10-08
1791441780,1748.53,1748.68,1748.13,1748.3,2071817,2026-10-08
1791441840,1748.11,1748.11,1746.95,1746.95,2587774,2026-10-08
1791441900,1747.32,1747.32,1745.99,1746.0,3374092,2026-10-08
1791441960,1745.84,1746.08,1745.35,1746.0,3869936,2026-10-08
1791442020,1746.09,1746.23,1743.7,1743.7,3811359,2026-10-08
1791442080,1743.74,1743.88,1743.31,1743.33,2742685,2026-10-08
1791442140,1743.31,1743.31,1742.36,1742.45,3775548,2026-10-08
1791442200,1742.54,1742.87,1742.37,1742.87,2222999,2026-10-08
1791442260,1743.03,1743.25,1742.42,1743.25,2399837,2026-10-08
1791442320,1743.32,1743.6,1742.91,1743.6,2259305,2026-10-08
1791442380,1743.44,1743.53,1743.01,1743.38,3187580,2026-10-08
1791442440,1743.34,1743.79,1743.1,1743.68,2978420,2026-10-08
1791442500,1743.86,1744.3,1743.66,1743.66,3257471,2026-10-08
1791442560,1743.85,1744.35,1743.53,1744.35,2340550,2026-10-08
1791442620,1744.04,1745.11,1744.04,1745.11,2321176,2026-10-08
1791442680,1744.81,1745.3,1744.51,1745.03,2388832,2026-10-08
1791442740,1744.92,1745.29,1744.55,1745.01,2324432,2026-10-08
1791442800,1744.62,1744.75,1743.79,1744.3,2041445,2026-10-08
1791442860,1744.09,1744.09,1743.09,1743.28,2120402,2026-10-08
1791442920,1743.13,1743.92,1743.11,1743.61,2262220,2026-10-08
1791442980,1743.62,1743.88,1743.3,1743.74,1848649,2026-10-08
1791443040,1743.4,1743.4,1742.91,1743.13,2520457,2026-10-08
1791443100,1743.19,1743.69,1743.02,1743.14,2294912,2026-10-08
1791443160,1743.18,1743.63,1742.88,1743.63,3224675,2026-10-08
1791443220,1743.05,1743.66,1743.05,1743.32,2440332,2026-10-08
1791443280,1743.41,1743.5,1742.8,1742.8,2942975,2026-10-08
1791443340,1742.66,1743.27,1742.42,1743.17,2406554,2026-10-08
1791443400,1743.21,1743.53,1742.4,1743.29,2911461,2026-10-08
1791443460,1743.17,1743.39,1742.93,1742.93,2846062,2026-10-08
1791443520,1742.67,1742.96,1742.46,1742.96,2275141,2026-10-08
1791443580,1742.66,1744.07,1742.66,1744.07,2946907,2026-10-08
1791443640,1744.0,1745.08,1744.0,1744.58,4833224,2026-10-08
1791443700,1744.62,1745.03,1744.43,1744.43,2853996,2026-10-08
1791443760,1744.38,1744.62,1744.11,1744.31,2883807,2026-10-08
1791443820,1744.33,1745.13,1744.01,1744.86,2396770,2026-10-08
1791443880,1744.37,1744.83,1744.15,1744.35,3091281,2026-10-08
1791443940,1744.4,1744.5,1742.49,1742.91,3430395,2026-10-08
1791444000,1742.35,1742.54,1741.56,1741.56,5710269,2026-10-08
1791444060,1741.63,1741.7,1740.88,1740.88,5759446,2026-10-08
1791444120,1740.84,1740.88,1740.16,1740.72,7966418,2026-10-08
1791444180,1740.16,1740.89,1740.16,1740.19,6235131,2026-10-08
1791444240,1740.07,1740.34,1739.71,1740.01,4688694,2026-10-08
1791444300,1739.99,1740.96,1739.91,1740.83,4952049,2026-10-08
1791444360,1741.2,1741.37,1740.79,1741.33,5310425,2026-10-08
1791444420,1741.55,1743.76,1741.55,1743.76,5081042,2026-10-08
1791444480,1743.58,1743.58,1741.11,1741.26,5113149,2026-10-08
1791444540,1741.1,1741.65,1740.54,1741.42,6493177,2026-10-08
1791444600,1737.95,1738.89,1737.95,1738.89,288314,2026-10-08
1791444720,1737.91,1738.23,1737.91,1738.23,0,2026-10-08
1791444780,1737.91,1738.02,1737.79,1737.79,0,2026-10-08
1791444840,1737.46,1737.46,1737.42,1737.42,0,2026-10-08
1791445200,1733.92,1733.92,1733.92,1733.92,0,2026-10-08
1791445260,1734.12,1734.12,1734.02,1734.02,0,2026-10-08
1791445500,1740.36,1740.36,1738.97,1738.97,69910486,2026-10-08
1791446700,1738.97,1738.97,1738.97,1738.97,0,2026-10-08
1791511560,1737.18,1737.18,1736.89,1736.89,0,2026-10-09
1791512040,1736.8,1736.8,1736.8,1736.8,0,2026-10-09
1791512100,1738.97,1738.97,1736.21,1736.52,42924904,2026-10-09
1791512160,1736.04,1739.11,1736.04,1737.48,5175934,2026-10-09
1791512220,1737.76,1738.39,1737.63,1738.17,5294999,2026-10-09
1791512280,1738.35,1738.61,1738.01,1738.09,5080086,2026-10-09
1791512340,1738.19,1738.43,1736.2,1736.2,4363474,2026-10-09
1791512400,1735.95,1736.37,1735.21,1735.8,3034390,2026-10-09
1791512460,1736.09,1736.47,1735.23,1736.47,5134332,2026-10-09
1791512520,1736.73,1738.2,1736.59,1737.43,3451000,2026-10-09
1791512580,1737.85,1738.29,1737.67,1737.79,3061349,2026-10-09
1791512640,1738.28,1739.19,1737.78,1739.19,3897927,2026-10-09
1791512700,1738.79,1740.03,1738.77,1739.76,3809494,2026-10-09
1791512760,1739.5,1739.5,1738.77,1738.78,2095624,2026-10-09
1791512820,1738.92,1739.13,1738.68,1739.13,2364875,2026-10-09
1791512880,1738.87,1739.1,1738.09,1738.09,2768567,2026-10-09
1791512940,1738.35,1738.35,1737.45,1737.45,2669012,2026-10-09
1791513000,1737.17,1737.66,1736.89,1737.66,2977078,2026-10-09
1791513060,1737.71,1738.58,1737.61,1738.52,2515140,2026-10-09
1791513120,1738.69,1738.75,1738.02,1738.02,3512242,2026-10-09
1791513180,1738.03,1738.22,1737.27,1737.97,2927392,2026-10-09
1791513240,1737.43,1737.8,1737.05,1737.05,4263574,2026-10-09
1791513300,1737.09,1737.11,1736.24,1736.39,2387995,2026-10-09
1791513360,1736.11,1736.84,1736.06,1736.06,2993013,2026-10-09
1791513420,1735.94,1736.37,1735.88,1735.95,2634497,2026-10-09
1791513480,1735.8,1736.09,1735.34,1735.34,2098030,2026-10-09
1791513540,1735.5,1738.82,1735.5,1738.57,2410492,2026-10-09
1791513600,1738.36,1738.72,1737.26,1737.26,2029423,2026-10-09
1791513660,1737.34,1738.09,1737.34,1737.66,1797158,2026-10-09
1791513720,1737.69,1737.69,1736.7,1736.85,2011331,2026-10-09
1791513780,1737.17,1737.17,1736.22,1736.22,2445699,2026-10-09
1791513840,1736.28,1737.66,1735.96,1737.32,2333685,2026-10-09
1791513900,1737.13,1737.71,1736.65,1737.59,2322547,2026-10-09
1791513960,1737.64,1738.51,1737.64,1738.19,2493013,2026-10-09
1791514020,1738.43,1738.43,1737.51,1737.62,1939950,2026-10-09
1791514080,1737.51,1737.6,1736.85,1737.53,2054480,2026-10-09
1791514140,1737.65,1737.65,1736.78,1736.96,3184567,2026-10-09
1791514200,1736.94,1736.94,1736.49,1736.53,2319546,2026-10-09
1791514260,1736.5,1737.19,1736.26,1736.92,1792905,2026-10-09
1791514320,1737.2,1737.2,1736.15,1736.15,1643864,2026-10-09
1791514380,1736.16,1736.74,1736.16,1736.21,2172311,2026-10-09
1791514440,1736.21,1736.62,1736.11,1736.19,3588901,2026-10-09
1791514500,1735.96,1735.96,1735.26,1735.38,2541943,2026-10-09
1791514560,1735.36,1735.51,1735.07,1735.12,3123665,2026-10-09
1791514620,1735.31,1736.64,1735.23,1735.8,2488591,2026-10-09
1791514680,1735.67,1736.91,1735.67,1736.47,2389824,2026-10-09
1791514740,1736.35,1736.94,1736.2,1736.55,2774885,2026-10-09
1791514800,1736.28,1736.39,1736.12,1736.26,2570195,2026-10-09
1791514860,1736.48,1736.72,1736.24,1736.53,2396201,2026-10-09
1791514920,1736.23,1736.23,1735.38,1735.95,2701805,2026-10-09
1791514980,1735.67,1736.14,1735.44,1735.72,2705372,2026-10-09
1791515040,1735.68,1736.17,1735.33,1735.33,2102349,2026-10-09
1791515100,1734.67,1735.32,1734.34,1734.47,3126386,2026-10-09
1791515160,1734.46,1734.64,1733.96,1734.24,2750998,2026-10-09
1791515220,1734.07,1734.16,1733.48,1733.64,3089653,2026-10-09
1791515280,1733.61,1733.61,1732.85,1733.28,2882904,2026-10-09
1791515340,1732.94,1733.14,1732.77,1732.91,3182966,2026-10-09
1791515400,1733.15,1733.15,1732.57,1732.73,2923726,2026-10-09
1791515460,1732.63,1732.63,1732.02,1732.25,5071994,2026-10-09
1791515520,1732.4,1732.4,1731.73,1731.75,2541839,2026-10-09
1791515580,1731.85,1731.85,1730.8,1730.8,3845978,2026-10-09
1791515640,1730.86,1731.26,1730.25,1730.25,4127291,2026-10-09
1791515700,1730.02,1730.26,1728.93,1728.93,3095510,2026-10-09
1791515760,1728.86,1728.86,1727.75,1728.0,3810351,2026-10-09
1791515820,1728.02,1728.39,1727.82,1728.35,4265280,2026-10-09
1791515880,1727.89,1729.41,1727.89,1729.04,4306895,2026-10-09
1791515940,1728.69,1730.26,1728.69,1729.95,2193059,2026-10-09
1791516000,1729.87,1730.3,1729.43,1730.12,1581288,2026-10-09
1791516060,1730.21,1730.21,1729.21,1729.92,1603685,2026-10-09
1791516120,1729.98,1730.05,1729.23,1729.24,1449283,2026-10-09
1791516180,1729.51,1730.3,1729.44,1729.44,2014828,2026-10-09
1791516240,1729.58,1730.43,1729.58,1729.79,1235915,2026-10-09
1791516300,1730.07,1730.42,1729.33,1730.02,1827704,2026-10-09
1791516360,1730.32,1730.66,1729.85,1730.4,2201464,2026-10-09
1791516420,1730.63,1730.86,1730.27,1730.41,3108104,2026-10-09
1791516480,1730.49,1730.67,1730.29,1730.52,1456180,2026-10-09
1791516540,1730.46,1730.48,1729.74,1730.26,2058367,2026-10-09
1791516600,1730.36,1730.63,1729.79,1730.3,1810681,2026-10-09
1791516660,1730.12,1730.17,1729.59,1729.8,1525481,2026-10-09
1791516720,1729.79,1729.79,1728.99,1729.21,2164672,2026-10-09
1791516780,1729.25,1729.4,1728.5,1728.91,3540077,2026-10-09
1791516840,1728.74,1728.99,1728.23,1728.23,2201012,2026-10-09
1791516900,1729.04,1729.33,1728.51,1728.51,1754624,2026-10-09
1791516960,1728.52,1729.08,1728.29,1728.53,2409935,2026-10-09
1791517020,1728.46,1728.8,1728.3,1728.41,2764059,2026-10-09
1791517080,1728.46,1728.81,1728.1,1728.32,2343076,2026-10-09
1791517140,1728.66,1729.09,1728.56,1728.79,2307471,2026-10-09
1791517200,1728.86,1728.91,1728.18,1728.49,2313918,2026-10-09
1791517260,1728.45,1728.45,1727.56,1728.1,1535412,2026-10-09
1791517320,1727.87,1727.87,1727.44,1727.87,1777388,2026-10-09
1791517380,1727.68,1727.68,1726.84,1727.27,2154139,2026-10-09
1791517440,1726.8,1726.83,1725.75,1725.75,3001196,2026-10-09
1791517500,1725.93,1725.93,1725.29,1725.39,2698478,2026-10-09
1791517560,1725.01,1725.71,1724.6,1724.97,2336717,2026-10-09
1791517620,1724.71,1725.12,1724.41,1724.41,1857338,2026-10-09
1791517680,1724.61,1725.62,1724.17,1724.73,4970194,2026-10-09
1791517740,1725.14,1725.88,1724.66,1725.31,2744055,2026-10-09
1791517800,1725.21,1727.33,1725.21,1726.49,5083606,2026-10-09
1791517860,1726.51,1728.63,1726.51,1728.63,4300523,2026-10-09
1791517920,1728.36,1729.19,1728.24,1729.11,1851011,2026-10-09
1791517980,1729.32,1729.85,1729.24,1729.45,2037369,2026-10-09
1791518040,1729.77,1729.8,1729.26,1729.34,2836733,2026-10-09
1791518100,1729.28,1730.32,1729.02,1729.59,1690943,2026-10-09
1791518160,1729.42,1730.55,1729.42,1729.53,2648071,2026-10-09
1791518220,1730.93,1730.99,1729.49,1730.95,2186933,2026-10-09
1791518280,1731.05,1731.17,1730.06,1731.17,1617827,2026-10-09
1791518340,1731.12,1731.54,1730.9,1731.33,2858764,2026-10-09
1791518400,1731.49,1733.45,1731.48,1733.45,3476614,2026-10-09
1791518460,1733.23,1734.34,1733.19,1733.92,4032402,2026-10-09
1791518520,1733.81,1734.37,1733.6,1733.8,1735788,2026-10-09
1791518580,1734.05,1734.57,1734.05,1734.54,2945358,2026-10-09
1791518640,1734.49,1735.66,1734.49,1734.93,2852844,2026-10-09
1791518700,1734.79,1735.85,1734.79,1735.78,2870749,2026-10-09
1791518760,1735.79,1735.94,1735.43,1735.43,2030716,2026-10-09
1791518820,1735.21,1735.46,1734.66,1734.66,2048866,2026-10-09
1791518880,1734.75,1734.75,1733.69,1734.39,1298966,2026-10-09
1791518940,1735.01,1735.01,1733.67,1733.67,1661926,2026-10-09
1791519000,1733.81,1733.81,1732.57,1732.7,1688964,2026-10-09
1791519060,1732.69,1733.25,1732.49,1733.18,1093901,2026-10-09
1791519120,1732.88,1733.02,1732.47,1732.68,3351126,2026-10-09
1791519180,1732.85,1734.21,1732.64,1734.21,1488625,2026-10-09
1791519240,1734.14,1734.14,1733.21,1733.21,1466306,2026-10-09
1791519300,1733.49,1733.7,1733.02,1733.36,1359861,2026-10-09
1791519360,1733.45,1733.72,1732.98,1733.27,1542757,2026-10-09
1791519420,1733.53,1734.24,1732.92,1733.56,1928748,2026-10-09
1791519480,1733.32,1733.84,1732.9,1733.81,1642901,2026-10-09
1791519540,1733.64,1733.91,1733.2,1733.63,1855445,2026-10-09
1791519600,1733.41,1733.9,1733.24,1733.74,1403702,2026-10-09
1791519660,1733.75,1733.75,1732.88,1733.19,1238165,2026-10-09
1791519720,1733.14,1733.33,1732.55,1732.55,1052464,2026-10-09
1791519780,1733.11,1733.11,1731.97,1731.97,1486676,2026-10-09
1791519840,1731.86,1732.19,1731.35,1731.99,1210038,2026-10-09
1791519900,1731.87,1732.79,1731.87,1732.39,2578716,2026-10-09
1791519960,1732.12,1732.45,1731.81,1732.1,939597,2026-10-09
1791520020,1731.72,1733.1,1731.72,1732.96,1456479,2026-10-09
1791520080,1733.05,1733.22,1732.49,1732.92,1125063,2026-10-09
1791520140,1732.7,1733.46,1732.39,1732.39,1162874,2026-10-09
1791520200,1732.55,1732.55,1732.55,1732.55,79371,2026-10-09
1791525600,1732.26,1732.26,1731.17,1731.25,8447768,2026-10-09
1791525660,1731.39,1732.56,1731.39,1732.38,2824259,2026-10-09
1791525720,1732.32,1732.55,1731.87,1732.0,2564169,2026-10-09
1791525780,1731.98,1733.96,1731.98,1733.96,4092362,2026-10-09
1791525840,1734.37,1735.4,1734.33,1735.4,6307485,2026-10-09
1791525900,1735.21,1735.63,1734.45,1735.63,3855293,2026-10-09
1791525960,1735.38,1735.61,1734.49,1734.49,4787875,2026-10-09
1791526020,1734.29,1734.77,1734.29,1734.46,3005880,2026-10-09
1791526080,1734.71,1735.02,1734.37,1734.97,4162692,2026-10-09
1791526140,1734.46,1735.83,1734.3,1735.83,3021024,2026-10-09
1791526200,1735.42,1736.34,1735.18,1736.08,3809569,2026-10-09
1791526260,1735.91,1736.31,1735.24,1736.16,4431475,2026-10-09
1791526320,1735.72,1735.72,1734.22,1734.22,3062727,2026-10-09
1791526380,1734.17,1734.95,1733.95,1733.95,2932826,2026-10-09
1791526440,1733.8,1734.14,1733.3,1733.38,2538196,2026-10-09
1791526500,1733.6,1733.8,1733.38,1733.42,2970874,2026-10-09
1791526560,1733.52,1733.52,1732.58,1732.58,2737227,2026-10-09
1791526620,1732.38,1733.56,1732.38,1733.28,2591384,2026-10-09
1791526680,1733.28,1733.29,1732.73,1732.95,2007699,2026-10-09
1791526740,1733.06,1733.06,1732.48,1732.48,2894790,2026-10-09
1791526800,1732.61,1732.79,1732.14,1732.22,2609095,2026-10-09
1791526860,1732.26,1732.34,1731.94,1731.95,3495518,2026-10-09
1791526920,1731.8,1732.28,1731.73,1731.94,4179495,2026-10-09
1791526980,1731.94,1732.17,1731.8,1732.17,5221798,2026-10-09
1791527040,1732.25,1732.46,1731.93,1732.46,3638780,2026-10-09
1791527100,1732.6,1732.95,1732.46,1732.66,3935451,2026-10-09
1791527160,1732.59,1733.29,1732.52,1733.29,5076685,2026-10-09
1791527220,1733.27,1734.21,1733.27,1734.02,5442416,2026-10-09
1791527280,1734.1,1735.45,1734.01,1735.45,5934829,2026-10-09
1791527340,1735.82,1739.08,1735.82,1738.99,9115624,2026-10-09
1791527400,1739.3,1741.52,1739.3,1741.52,9090784,2026-10-09
1791527460,1742.47,1743.14,1741.8,1743.14,10404987,2026-10-09
1791527520,1743.1,1744.31,1743.07,1744.26,7402233,2026-10-09
1791527580,1744.38,1744.89,1743.82,1743.82,8588185,2026-10-09
1791527640,1743.73,1743.73,1742.4,1742.71,6242340,2026-10-09
1791527700,1742.7,1742.7,1741.54,1741.54,3824958,2026-10-09
1791527760,1741.47,1742.18,1741.23,1741.99,4966803,2026-10-09
1791527820,1741.32,1741.59,1741.18,1741.37,2566074,2026-10-09
1791527880,1741.2,1741.53,1741.2,1741.43,3146168,2026-10-09
1791527940,1741.69,1743.41,1741.41,1743.41,3144616,2026-10-09
1791528000,1743.35,1744.27,1743.3,1744.27,3796347,2026-10-09
1791528060,1744.26,1744.26,1743.47,1743.66,2774848,2026-10-09
1791528120,1743.69,1744.18,1743.56,1744.11,2282980,2026-10-09
1791528180,1743.75,1743.75,1742.46,1742.46,4806427,2026-10-09
1791528240,1742.6,1743.27,1742.54,1742.83,4057637,2026-10-09
1791528300,1742.75,1743.29,1742.72,1743.25,4317088,2026-10-09
1791528360,1743.56,1743.71,1743.01,1743.01,3924789,2026-10-09
1791528420,1743.24,1744.35,1743.24,1744.35,3453391,2026-10-09
1791528480,1744.02,1744.02,1742.84,1743.5,3062286,2026-10-09
1791528540,1743.21,1743.35,1742.15,1742.15,2475613,2026-10-09
1791528600,1742.66,1742.7,1741.9,1742.51,2564595,2026-10-09
1791528660,1742.34,1742.47,1741.75,1741.77,1919895,2026-10-09
1791528720,1741.79,1741.79,1740.6,1740.99,2659732,2026-10-09
1791528780,1740.95,1741.02,1740.43,1740.43,3145379,2026-10-09
1791528840,1740.62,1741.01,1740.57,1740.67,2520584,2026-10-09
1791528900,1741.02,1741.02,1740.52,1740.98,2277829,2026-10-09
1791528960,1740.82,1740.83,1740.47,1740.49,2008506,2026-10-09
1791529020,1740.5,1740.96,1740.4,1740.55,2860747,2026-10-09
1791529080,1740.71,1740.8,1740.13,1740.13,2488680,2026-10-09
1791529140,1740.21,1740.57,1740.05,1740.57,1983714,2026-10-09
1791529200,1740.46,1740.79,1740.32,1740.76,2765155,2026-10-09
1791529260,1741.52,1741.52,1741.07,1741.07,2147631,2026-10-09
1791529320,1741.36,1741.51,1740.93,1740.97,1795411,2026-10-09
1791529380,1741.02,1741.3,1740.69,1740.94,2191704,2026-10-09
1791529440,1741.37,1741.47,1741.12,1741.42,2083600,2026-10-09
1791529500,1741.55,1741.63,1741.15,1741.31,1665861,2026-10-09
1791529560,1741.29,1741.64,1741.14,1741.64,1701987,2026-10-09
1791529620,1741.52,1741.53,1741.21,1741.26,3356066,2026-10-09
1791529680,1740.9,1740.99,1740.61,1740.97,1927948,2026-10-09
1791529740,1740.73,1740.73,1739.16,1739.37,4251670,2026-10-09
1791529800,1739.46,1739.51,1738.79,1738.83,3757587,2026-10-09
1791529860,1738.91,1739.02,1738.27,1738.27,2364003,2026-10-09
1791529920,1738.36,1738.77,1737.54,1737.54,1936464,2026-10-09
1791529980,1737.05,1738.08,1736.7,1737.78,2551350,2026-10-09
1791530040,1737.94,1738.67,1737.94,1738.47,2662951,2026-10-09
1791530100,1738.44,1738.44,1737.26,1737.33,1873279,2026-10-09
1791530160,1737.53,1738.86,1737.27,1738.05,1463446,2026-10-09
1791530220,1737.7,1738.77,1737.7,1737.85,1865758,2026-10-09
1791530280,1738.06,1738.78,1736.77,1737.61,2004361,2026-10-09
1791530340,1737.36,1737.36,1735.3,1736.4,3889178,2026-10-09
1791530400,1735.57,1736.62,1734.81,1736.62,2145643,2026-10-09
1791530460,1735.9,1735.9,1734.27,1735.14,3168685,2026-10-09
1791530520,1734.52,1734.98,1734.4,1734.93,3630254,2026-10-09
1791530580,1735.48,1736.72,1734.78,1736.72,3793706,2026-10-09
1791530640,1737.16,1737.87,1736.86,1737.02,3169025,2026-10-09
1791530700,1737.21,1737.89,1737.12,1737.53,3046681,2026-10-09
1791530760,1737.72,1739.44,1737.41,1739.44,3115690,2026-10-09
1791530820,1738.78,1740.09,1738.42,1739.11,3371261,2026-10-09
1791530880,1739.02,1739.02,1737.5,1738.27,3997058,2026-10-09
1791530940,1737.25,1738.92,1737.25,1738.74,4710827,2026-10-09
1791531000,1735.33,1735.33,1735.33,1735.33,1076168,2026-10-09
1791531420,1734.28,1734.28,1734.28,1734.28,0,2026-10-09
1791531840,1735.38,1735.38,1735.38,1735.38,0,2026-10-09
1791531900,1737.65,1737.65,1735.09,1735.09,36659286,2026-10-09
1791533100,1735.09,1735.09,1735.09,1735.09,0,2026-10-09
