t,open,high,low,close,volume,date_vn,best_bid,best_ask,bid_volume_1,ask_volume_1,bid_volume_2,ask_volume_2,bid_volume_3,ask_volume_3
1788920100,61.0,61.1,61.0,61.1,12000,2026-09-09,,,,,,,,
1788920160,61.1,61.2,61.0,61.2,15800,2026-09-09,,,,,,,,
1788920220,61.2,61.2,61.1,61.1,14500,2026-09-09,,,,,,,,
1788920280,61.2,61.2,61.1,61.2,3600,2026-09-09,,,,,,,,
1788920340,61.1,61.2,61.0,61.2,13200,2026-09-09,,,,,,,,
1788920400,61.1,61.2,61.1,61.2,4200,2026-09-09,,,,,,,,
1788920460,61.2,61.2,61.0,61.1,15900,2026-09-09,,,,,,,,
1788920520,61.3,61.3,61.3,61.3,200,2026-09-09,,,,,,,,
1788920580,61.3,61.4,61.3,61.4,9600,2026-09-09,,,,,,,,
1788920640,61.4,61.4,61.3,61.3,3500,2026-09-09,,,,,,,,
1788920700,61.3,61.3,61.3,61.3,8000,2026-09-09,,,,,,,,
1788920760,61.3,61.3,61.3,61.3,8700,2026-09-09,,,,,,,,
1788920820,61.4,61.4,61.3,61.3,3800,2026-09-09,,,,,,,,
1788920880,61.3,61.4,61.3,61.3,1000,2026-09-09,,,,,,,,
1788920940,61.4,61.4,61.3,61.4,800,2026-09-09,,,,,,,,
1788921000,61.4,61.4,61.3,61.4,900,2026-09-09,,,,,,,,
1788921060,61.4,61.4,61.3,61.4,4600,2026-09-09,,,,,,,,
1788921120,61.4,61.5,61.3,61.5,13400,2026-09-09,,,,,,,,
1788921180,61.5,61.6,61.5,61.5,16600,2026-09-09,,,,,,,,
1788921240,61.5,61.6,61.5,61.6,5400,2026-09-09,,,,,,,,
1788921300,61.6,61.6,61.5,61.6,3900,2026-09-09,,,,,,,,
1788921360,61.5,61.6,61.5,61.6,15500,2026-09-09,,,,,,,,
1788921420,61.6,61.7,61.5,61.7,28300,2026-09-09,,,,,,,,
1788921480,61.7,61.7,61.6,61.7,5600,2026-09-09,,,,,,,,
1788921540,61.7,61.8,61.7,61.7,14100,2026-09-09,,,,,,,,
1788921600,61.6,61.7,61.6,61.7,3400,2026-09-09,,,,,,,,
1788921660,61.7,61.7,61.7,61.7,4900,2026-09-09,,,,,,,,
1788921720,61.8,61.8,61.7,61.7,7300,2026-09-09,,,,,,,,
1788921780,61.8,61.8,61.8,61.8,6400,2026-09-09,,,,,,,,
1788921840,61.7,61.7,61.6,61.6,20400,2026-09-09,,,,,,,,
1788921900,61.6,61.7,61.6,61.7,6400,2026-09-09,,,,,,,,
1788921960,61.6,61.7,61.5,61.5,1600,2026-09-09,,,,,,,,
1788922020,61.6,61.7,61.6,61.6,1500,2026-09-09,,,,,,,,
1788922080,61.6,61.6,61.5,61.6,5400,2026-09-09,,,,,,,,
1788922140,61.6,61.6,61.5,61.6,2700,2026-09-09,,,,,,,,
1788922200,61.5,61.6,61.5,61.6,3800,2026-09-09,,,,,,,,
1788922260,61.6,61.6,61.6,61.6,900,2026-09-09,,,,,,,,
1788922320,61.5,61.6,61.5,61.5,14900,2026-09-09,,,,,,,,
1788922380,61.5,61.5,61.4,61.5,6000,2026-09-09,,,,,,,,
1788922440,61.4,61.5,61.4,61.5,10700,2026-09-09,,,,,,,,
1788922500,61.5,61.5,61.5,61.5,5900,2026-09-09,,,,,,,,
1788922560,61.5,61.5,61.5,61.5,3400,2026-09-09,,,,,,,,
1788922620,61.5,61.6,61.5,61.6,3700,2026-09-09,,,,,,,,
1788922680,61.6,61.6,61.6,61.6,500,2026-09-09,,,,,,,,
1788922740,61.6,61.6,61.6,61.6,1200,2026-09-09,,,,,,,,
1788922800,61.6,61.6,61.6,61.6,700,2026-09-09,,,,,,,,
1788922860,61.6,61.6,61.6,61.6,1000,2026-09-09,,,,,,,,
1788922920,61.6,61.6,61.5,61.6,1400,2026-09-09,,,,,,,,
1788922980,61.5,61.6,61.5,61.6,3000,2026-09-09,,,,,,,,
1788923040,61.6,61.6,61.6,61.6,39500,2026-09-09,,,,,,,,
1788923100,61.6,61.7,61.6,61.7,4600,2026-09-09,,,,,,,,
1788923160,61.7,61.7,61.6,61.6,7500,2026-09-09,,,,,,,,
1788923220,61.5,61.6,61.5,61.6,1900,2026-09-09,,,,,,,,
1788923280,61.6,61.6,61.4,61.4,33300,2026-09-09,,,,,,,,
1788923340,61.6,61.6,61.5,61.5,1500,2026-09-09,,,,,,,,
1788923400,61.6,61.6,61.5,61.6,6600,2026-09-09,,,,,,,,
1788923460,61.5,61.6,61.5,61.6,300,2026-09-09,,,,,,,,
1788923520,61.6,61.6,61.5,61.6,3800,2026-09-09,,,,,,,,
1788923580,61.6,61.6,61.5,61.6,1800,2026-09-09,,,,,,,,
1788923640,61.6,61.6,61.6,61.6,1500,2026-09-09,,,,,,,,
1788923700,61.6,61.6,61.6,61.6,600,2026-09-09,,,,,,,,
1788923760,61.6,61.6,61.5,61.5,600,2026-09-09,,,,,,,,
1788923820,61.6,61.6,61.6,61.6,1700,2026-09-09,,,,,,,,
1788923880,61.6,61.6,61.6,61.6,1600,2026-09-09,,,,,,,,
1788923940,61.6,61.6,61.6,61.6,500,2026-09-09,,,,,,,,
1788924000,61.6,61.7,61.6,61.6,1700,2026-09-09,,,,,,,,
1788924060,61.7,61.7,61.5,61.6,9900,2026-09-09,,,,,,,,
1788924120,61.7,61.7,61.7,61.7,4600,2026-09-09,,,,,,,,
1788924180,61.7,61.7,61.6,61.6,8900,2026-09-09,,,,,,,,
1788924240,61.5,61.6,61.5,61.6,1800,2026-09-09,,,,,,,,
1788924300,61.6,61.6,61.6,61.6,400,2026-09-09,,,,,,,,
1788924360,61.6,61.6,61.6,61.6,800,2026-09-09,,,,,,,,
1788924420,61.5,61.6,61.5,61.6,7000,2026-09-09,,,,,,,,
1788924480,61.5,61.7,61.5,61.6,13200,2026-09-09,,,,,,,,
1788924540,61.6,61.6,61.6,61.6,3000,2026-09-09,,,,,,,,
1788924600,61.5,61.6,61.5,61.6,1700,2026-09-09,,,,,,,,
1788924660,61.5,61.6,61.5,61.5,55400,2026-09-09,,,,,,,,
1788924720,61.6,61.6,61.6,61.6,500,2026-09-09,,,,,,,,
1788924780,61.6,61.6,61.6,61.6,700,2026-09-09,,,,,,,,
1788924840,61.6,61.6,61.5,61.6,12300,2026-09-09,,,,,,,,
1788924900,61.6,61.6,61.6,61.6,5100,2026-09-09,,,,,,,,
1788924960,61.5,61.6,61.5,61.5,26900,2026-09-09,,,,,,,,
1788925020,61.6,61.6,61.5,61.6,1400,2026-09-09,,,,,,,,
1788925080,61.6,61.6,61.5,61.5,9200,2026-09-09,,,,,,,,
1788925140,61.6,61.6,61.5,61.5,5000,2026-09-09,,,,,,,,
1788925200,61.5,61.5,61.5,61.5,1000,2026-09-09,,,,,,,,
1788925260,61.4,61.4,61.4,61.4,16200,2026-09-09,,,,,,,,
1788925320,61.4,61.4,61.3,61.4,12500,2026-09-09,,,,,,,,
1788925380,61.4,61.5,61.4,61.5,4300,2026-09-09,,,,,,,,
1788925440,61.4,61.5,61.4,61.4,1700,2026-09-09,,,,,,,,
1788925500,61.5,61.5,61.4,61.5,1700,2026-09-09,,,,,,,,
1788925560,61.5,61.5,61.5,61.5,200,2026-09-09,,,,,,,,
1788925620,61.5,61.5,61.5,61.5,700,2026-09-09,,,,,,,,
1788925680,61.5,61.5,61.5,61.5,800,2026-09-09,,,,,,,,
1788925740,61.5,61.5,61.5,61.5,2600,2026-09-09,,,,,,,,
1788925800,61.5,61.5,61.4,61.4,10000,2026-09-09,,,,,,,,
1788925860,61.5,61.5,61.4,61.5,1900,2026-09-09,,,,,,,,
1788925920,61.4,61.5,61.4,61.5,1500,2026-09-09,,,,,,,,
1788925980,61.5,61.5,61.5,61.5,1300,2026-09-09,,,,,,,,
1788926040,61.5,61.5,61.5,61.5,11700,2026-09-09,,,,,,,,
1788926100,61.5,61.5,61.5,61.5,1600,2026-09-09,,,,,,,,
1788926160,61.5,61.5,61.5,61.5,3000,2026-09-09,,,,,,,,
1788926220,61.5,61.6,61.5,61.6,6500,2026-09-09,,,,,,,,
1788926280,61.6,61.6,61.5,61.5,500,2026-09-09,,,,,,,,
1788926340,61.5,61.6,61.5,61.6,6500,2026-09-09,,,,,,,,
1788926400,61.6,61.6,61.5,61.6,1800,2026-09-09,,,,,,,,
1788926460,61.6,61.6,61.5,61.6,2100,2026-09-09,,,,,,,,
1788926520,61.6,61.6,61.6,61.6,700,2026-09-09,,,,,,,,
1788926580,61.5,61.6,61.5,61.5,1300,2026-09-09,,,,,,,,
1788926640,61.6,61.6,61.5,61.6,26700,2026-09-09,,,,,,,,
1788926700,61.6,61.6,61.6,61.6,2900,2026-09-09,,,,,,,,
1788926760,61.6,61.6,61.6,61.6,900,2026-09-09,,,,,,,,
1788926820,61.6,61.6,61.6,61.6,6600,2026-09-09,,,,,,,,
1788926880,61.6,61.6,61.6,61.6,7600,2026-09-09,,,,,,,,
1788926940,61.7,61.7,61.7,61.7,1600,2026-09-09,,,,,,,,
1788927000,61.7,61.7,61.7,61.7,1000,2026-09-09,,,,,,,,
1788927060,61.7,61.7,61.6,61.7,4900,2026-09-09,,,,,,,,
1788927120,61.7,61.7,61.7,61.7,2400,2026-09-09,,,,,,,,
1788927180,61.7,61.7,61.6,61.6,1100,2026-09-09,,,,,,,,
1788927240,61.7,61.7,61.6,61.7,3300,2026-09-09,,,,,,,,
1788927300,61.6,61.7,61.6,61.7,2300,2026-09-09,,,,,,,,
1788927360,61.7,61.7,61.6,61.6,1400,2026-09-09,,,,,,,,
1788927420,61.6,61.7,61.6,61.7,2600,2026-09-09,,,,,,,,
1788927480,61.7,61.7,61.6,61.6,1200,2026-09-09,,,,,,,,
1788927540,61.7,61.7,61.6,61.6,1300,2026-09-09,,,,,,,,
1788927600,61.7,61.7,61.7,61.7,700,2026-09-09,,,,,,,,
1788927660,61.6,61.7,61.6,61.6,20200,2026-09-09,,,,,,,,
1788927720,61.6,61.6,61.6,61.6,13300,2026-09-09,,,,,,,,
1788927780,61.6,61.6,61.6,61.6,1200,2026-09-09,,,,,,,,
1788927840,61.6,61.6,61.6,61.6,500,2026-09-09,,,,,,,,
1788927900,61.6,61.6,61.6,61.6,1200,2026-09-09,,,,,,,,
1788927960,61.6,61.6,61.6,61.6,1000,2026-09-09,,,,,,,,
1788928020,61.6,61.6,61.6,61.6,700,2026-09-09,,,,,,,,
1788928080,61.6,61.6,61.6,61.6,400,2026-09-09,,,,,,,,
1788928140,61.6,61.6,61.6,61.6,400,2026-09-09,,,,,,,,
1788933600,61.5,61.5,61.4,61.4,47500,2026-09-09,,,,,,,,
1788933660,61.5,61.5,61.4,61.4,31100,2026-09-09,,,,,,,,
1788933720,61.4,61.5,61.4,61.5,6400,2026-09-09,,,,,,,,
1788933780,61.5,61.5,61.4,61.4,23500,2026-09-09,,,,,,,,
1788933840,61.5,61.5,61.4,61.4,1100,2026-09-09,,,,,,,,
1788933900,61.4,61.5,61.4,61.5,1300,2026-09-09,,,,,,,,
1788933960,61.5,61.5,61.5,61.5,1400,2026-09-09,,,,,,,,
1788934020,61.5,61.5,61.4,61.4,9600,2026-09-09,,,,,,,,
1788934080,61.5,61.6,61.5,61.5,6600,2026-09-09,,,,,,,,
1788934140,61.6,61.6,61.5,61.5,2400,2026-09-09,,,,,,,,
1788934200,61.5,61.6,61.5,61.6,13900,2026-09-09,,,,,,,,
1788934260,61.6,61.6,61.5,61.6,18000,2026-09-09,,,,,,,,
1788934320,61.5,61.6,61.5,61.6,3100,2026-09-09,,,,,,,,
1788934380,61.5,61.6,61.5,61.6,2000,2026-09-09,,,,,,,,
1788934440,61.6,61.6,61.4,61.4,9500,2026-09-09,,,,,,,,
1788934500,61.5,61.5,61.4,61.5,6100,2026-09-09,,,,,,,,
1788934560,61.5,61.5,61.4,61.4,3900,2026-09-09,,,,,,,,
1788934620,61.4,61.5,61.4,61.4,1500,2026-09-09,,,,,,,,
1788934680,61.4,61.5,61.4,61.4,19200,2026-09-09,,,,,,,,
1788934740,61.4,61.5,61.4,61.4,1400,2026-09-09,,,,,,,,
1788934800,61.5,61.5,61.4,61.5,1000,2026-09-09,,,,,,,,
1788934860,61.4,61.5,61.4,61.5,1500,2026-09-09,,,,,,,,
1788934920,61.5,61.5,61.4,61.4,6900,2026-09-09,,,,,,,,
1788934980,61.5,61.5,61.4,61.5,1400,2026-09-09,,,,,,,,
1788935040,61.5,61.5,61.4,61.5,2200,2026-09-09,,,,,,,,
1788935100,61.5,61.5,61.4,61.5,1800,2026-09-09,,,,,,,,
1788935160,61.5,61.5,61.4,61.4,14300,2026-09-09,,,,,,,,
1788935220,61.4,61.5,61.4,61.4,3800,2026-09-09,,,,,,,,
1788935280,61.4,61.5,61.4,61.5,3200,2026-09-09,,,,,,,,
1788935340,61.4,61.5,61.4,61.5,1500,2026-09-09,,,,,,,,
1788935400,61.5,61.5,61.4,61.4,1000,2026-09-09,,,,,,,,
1788935460,61.5,61.5,61.4,61.5,3500,2026-09-09,,,,,,,,
1788935520,61.4,61.5,61.4,61.5,12100,2026-09-09,,,,,,,,
1788935580,61.5,61.5,61.4,61.4,1400,2026-09-09,,,,,,,,
1788935640,61.4,61.5,61.4,61.5,3300,2026-09-09,,,,,,,,
1788935700,61.5,61.5,61.4,61.5,1000,2026-09-09,,,,,,,,
1788935760,61.5,61.5,61.4,61.5,1200,2026-09-09,,,,,,,,
1788935820,61.4,61.5,61.4,61.5,1400,2026-09-09,,,,,,,,
1788935880,61.4,61.5,61.4,61.4,900,2026-09-09,,,,,,,,
1788935940,61.4,61.5,61.4,61.5,2400,2026-09-09,,,,,,,,
1788936000,61.4,61.5,61.4,61.5,2500,2026-09-09,,,,,,,,
1788936060,61.5,61.5,61.4,61.4,3000,2026-09-09,,,,,,,,
1788936120,61.4,61.5,61.4,61.5,2100,2026-09-09,,,,,,,,
1788936180,61.4,61.5,61.4,61.4,900,2026-09-09,,,,,,,,
1788936240,61.4,61.5,61.4,61.4,4700,2026-09-09,,,,,,,,
1788936300,61.5,61.5,61.4,61.4,5800,2026-09-09,,,,,,,,
1788936360,61.4,61.5,61.4,61.4,2400,2026-09-09,,,,,,,,
1788936420,61.4,61.5,61.4,61.4,27200,2026-09-09,,,,,,,,
1788936480,61.4,61.5,61.4,61.4,4900,2026-09-09,,,,,,,,
1788936540,61.5,61.5,61.4,61.4,3900,2026-09-09,,,,,,,,
1788936600,61.5,61.5,61.4,61.4,9100,2026-09-09,,,,,,,,
1788936660,61.5,61.5,61.4,61.4,2600,2026-09-09,,,,,,,,
1788936720,61.5,61.5,61.4,61.4,2200,2026-09-09,,,,,,,,
1788936780,61.5,61.5,61.4,61.5,1700,2026-09-09,,,,,,,,
1788936840,61.5,61.5,61.4,61.4,7300,2026-09-09,,,,,,,,
1788936900,61.5,61.5,61.4,61.4,3800,2026-09-09,,,,,,,,
1788936960,61.4,61.5,61.4,61.5,11300,2026-09-09,,,,,,,,
1788937020,61.5,61.5,61.4,61.4,3600,2026-09-09,,,,,,,,
1788937080,61.4,61.5,61.4,61.5,6200,2026-09-09,,,,,,,,
1788937140,61.5,61.5,61.4,61.5,25400,2026-09-09,,,,,,,,
1788937200,61.5,61.5,61.4,61.4,17800,2026-09-09,,,,,,,,
1788937260,61.4,61.5,61.3,61.4,25100,2026-09-09,,,,,,,,
1788937320,61.3,61.4,61.3,61.3,3900,2026-09-09,,,,,,,,
1788937380,61.4,61.4,61.3,61.3,1200,2026-09-09,,,,,,,,
1788937440,61.4,61.4,61.3,61.4,2300,2026-09-09,,,,,,,,
1788937500,61.4,61.4,61.3,61.3,2300,2026-09-09,,,,,,,,
1788937560,61.3,61.4,61.3,61.3,7800,2026-09-09,,,,,,,,
1788937620,61.4,61.4,61.3,61.4,2200,2026-09-09,,,,,,,,
1788937680,61.4,61.5,61.3,61.5,11200,2026-09-09,,,,,,,,
1788937740,61.4,61.5,61.3,61.3,29000,2026-09-09,,,,,,,,
1788937800,61.3,61.4,61.3,61.4,15600,2026-09-09,,,,,,,,
1788937860,61.3,61.4,61.3,61.3,2500,2026-09-09,,,,,,,,
1788937920,61.4,61.4,61.3,61.4,2500,2026-09-09,,,,,,,,
1788937980,61.4,61.4,61.3,61.4,9500,2026-09-09,,,,,,,,
1788938040,61.4,61.4,61.3,61.3,14000,2026-09-09,,,,,,,,
1788938100,61.3,61.4,61.3,61.4,8300,2026-09-09,,,,,,,,
1788938160,61.4,61.4,61.2,61.2,21500,2026-09-09,,,,,,,,
1788938220,61.3,61.4,61.2,61.4,2900,2026-09-09,,,,,,,,
1788938280,61.2,61.4,61.2,61.3,5300,2026-09-09,,,,,,,,
1788938340,61.3,61.3,61.2,61.3,9200,2026-09-09,,,,,,,,
1788938400,61.3,61.4,61.2,61.4,31100,2026-09-09,,,,,,,,
1788938460,61.4,61.4,61.3,61.4,2100,2026-09-09,,,,,,,,
1788938520,61.4,61.4,61.3,61.4,15300,2026-09-09,,,,,,,,
1788938580,61.3,61.4,61.3,61.4,12000,2026-09-09,,,,,,,,
1788938640,61.4,61.4,61.3,61.4,6500,2026-09-09,,,,,,,,
1788938700,61.4,61.4,61.3,61.3,2500,2026-09-09,,,,,,,,
1788938760,61.4,61.4,61.3,61.4,8500,2026-09-09,,,,,,,,
1788938820,61.4,61.5,61.3,61.5,7200,2026-09-09,,,,,,,,
1788938880,61.4,61.5,61.4,61.4,2100,2026-09-09,,,,,,,,
1788938940,61.5,61.5,61.4,61.4,4500,2026-09-09,,,,,,,,
1788939900,61.3,61.3,61.3,61.3,111900,2026-09-09,,,,,,,,
1789006500,61.3,61.3,61.2,61.2,8600,2026-09-10,,,,,,,,
1789006560,61.3,61.3,61.2,61.2,200,2026-09-10,,,,,,,,
1789006620,61.2,61.2,61.2,61.2,1900,2026-09-10,,,,,,,,
1789006680,61.2,61.2,61.2,61.2,100,2026-09-10,,,,,,,,
1789006740,61.2,61.2,61.1,61.1,4400,2026-09-10,,,,,,,,
1789006800,61.2,61.2,61.2,61.2,600,2026-09-10,,,,,,,,
1789006860,61.2,61.3,61.2,61.3,1400,2026-09-10,,,,,,,,
1789006920,61.2,61.2,61.2,61.2,15300,2026-09-10,,,,,,,,
1789006980,61.2,61.3,61.2,61.2,28100,2026-09-10,,,,,,,,
1789007040,61.2,61.2,61.2,61.2,21000,2026-09-10,,,,,,,,
1789007100,61.3,61.4,61.3,61.4,22700,2026-09-10,,,,,,,,
1789007160,61.4,61.5,61.4,61.4,2300,2026-09-10,,,,,,,,
1789007220,61.4,61.4,61.4,61.4,3000,2026-09-10,,,,,,,,
1789007280,61.4,61.5,61.4,61.5,18300,2026-09-10,,,,,,,,
1789007340,61.6,61.8,61.6,61.7,17700,2026-09-10,,,,,,,,
1789007400,61.7,61.8,61.7,61.8,8300,2026-09-10,,,,,,,,
1789007460,61.8,61.8,61.7,61.7,6000,2026-09-10,,,,,,,,
1789007520,61.7,61.7,61.7,61.7,8100,2026-09-10,,,,,,,,
1789007580,61.6,61.8,61.6,61.8,6300,2026-09-10,,,,,,,,
1789007640,61.7,61.8,61.7,61.7,12500,2026-09-10,,,,,,,,
1789007700,61.7,61.8,61.7,61.8,2400,2026-09-10,,,,,,,,
1789007760,61.8,61.8,61.8,61.8,1400,2026-09-10,,,,,,,,
1789007820,61.8,61.9,61.8,61.8,16800,2026-09-10,,,,,,,,
1789007880,61.8,61.9,61.8,61.8,19700,2026-09-10,,,,,,,,
1789007940,61.8,61.8,61.8,61.8,18900,2026-09-10,,,,,,,,
1789008000,61.8,61.9,61.8,61.9,3300,2026-09-10,,,,,,,,
1789008060,61.8,61.9,61.8,61.8,4900,2026-09-10,,,,,,,,
1789008120,61.8,61.9,61.8,61.8,19700,2026-09-10,,,,,,,,
1789008180,61.8,61.9,61.8,61.8,2200,2026-09-10,,,,,,,,
1789008240,61.8,61.9,61.8,61.8,13600,2026-09-10,,,,,,,,
1789008300,61.8,61.9,61.8,61.8,6400,2026-09-10,,,,,,,,
1789008360,61.8,61.9,61.8,61.9,3400,2026-09-10,,,,,,,,
1789008420,61.8,61.9,61.8,61.8,8700,2026-09-10,,,,,,,,
1789008480,61.7,61.8,61.7,61.7,3100,2026-09-10,,,,,,,,
1789008540,61.8,61.8,61.8,61.8,3600,2026-09-10,,,,,,,,
1789008600,61.8,61.8,61.7,61.8,1400,2026-09-10,,,,,,,,
1789008660,61.8,61.9,61.8,61.8,21400,2026-09-10,,,,,,,,
1789008720,61.8,61.9,61.8,61.9,26200,2026-09-10,,,,,,,,
1789008780,61.9,61.9,61.9,61.9,8500,2026-09-10,,,,,,,,
1789008840,61.9,61.9,61.8,61.9,2000,2026-09-10,,,,,,,,
1789008900,61.8,61.8,61.8,61.8,9300,2026-09-10,,,,,,,,
1789008960,61.8,61.8,61.7,61.7,25600,2026-09-10,,,,,,,,
1789009020,61.7,61.7,61.6,61.6,22100,2026-09-10,,,,,,,,
1789009080,61.7,61.8,61.7,61.7,4400,2026-09-10,,,,,,,,
1789009140,61.8,61.8,61.7,61.7,800,2026-09-10,,,,,,,,
1789009200,61.8,61.8,61.8,61.8,1000,2026-09-10,,,,,,,,
1789009260,61.8,61.8,61.7,61.8,8100,2026-09-10,,,,,,,,
1789009320,61.8,61.9,61.8,61.8,15200,2026-09-10,,,,,,,,
1789009380,61.8,61.9,61.8,61.8,2700,2026-09-10,,,,,,,,
1789009440,61.7,61.8,61.7,61.7,2400,2026-09-10,,,,,,,,
1789009500,61.7,61.8,61.7,61.8,500,2026-09-10,,,,,,,,
1789009560,61.8,61.8,61.8,61.8,600,2026-09-10,,,,,,,,
1789009620,61.8,61.9,61.8,61.8,22900,2026-09-10,,,,,,,,
1789009680,61.8,61.9,61.8,61.9,10700,2026-09-10,,,,,,,,
1789009740,61.8,61.8,61.8,61.8,700,2026-09-10,,,,,,,,
1789009800,61.8,61.8,61.8,61.8,600,2026-09-10,,,,,,,,
1789009860,61.8,61.8,61.7,61.8,6500,2026-09-10,,,,,,,,
1789009920,61.7,61.8,61.7,61.7,1500,2026-09-10,,,,,,,,
1789009980,61.8,61.8,61.7,61.7,21600,2026-09-10,,,,,,,,
1789010040,61.7,61.7,61.7,61.7,1100,2026-09-10,,,,,,,,
1789010100,61.7,61.7,61.6,61.7,1300,2026-09-10,,,,,,,,
1789010160,61.7,61.7,61.6,61.6,1100,2026-09-10,,,,,,,,
1789010220,61.7,61.7,61.7,61.7,1100,2026-09-10,,,,,,,,
1789010280,61.7,61.7,61.7,61.7,700,2026-09-10,,,,,,,,
1789010340,61.7,61.7,61.6,61.7,2000,2026-09-10,,,,,,,,
1789010400,61.7,61.7,61.7,61.7,11000,2026-09-10,,,,,,,,
1789010460,61.7,61.7,61.6,61.6,4800,2026-09-10,,,,,,,,
1789010520,61.7,61.7,61.6,61.7,1200,2026-09-10,,,,,,,,
1789010580,61.7,61.7,61.7,61.7,700,2026-09-10,,,,,,,,
1789010640,61.7,61.7,61.7,61.7,4300,2026-09-10,,,,,,,,
1789010700,61.7,61.7,61.7,61.7,500,2026-09-10,,,,,,,,
1789010760,61.7,61.7,61.6,61.7,7200,2026-09-10,,,,,,,,
1789010820,61.7,61.7,61.6,61.7,11000,2026-09-10,,,,,,,,
1789010880,61.7,61.7,61.7,61.7,800,2026-09-10,,,,,,,,
1789010940,61.7,61.7,61.7,61.7,1900,2026-09-10,,,,,,,,
1789011000,61.7,61.7,61.6,61.7,1300,2026-09-10,,,,,,,,
1789011060,61.6,61.7,61.6,61.6,8700,2026-09-10,,,,,,,,
1789011120,61.6,61.7,61.6,61.7,1100,2026-09-10,,,,,,,,
1789011180,61.6,61.7,61.6,61.7,1200,2026-09-10,,,,,,,,
1789011240,61.7,61.7,61.7,61.7,1000,2026-09-10,,,,,,,,
1789011300,61.7,61.7,61.6,61.6,13500,2026-09-10,,,,,,,,
1789011360,61.6,61.6,61.6,61.6,2000,2026-09-10,,,,,,,,
1789011420,61.6,61.6,61.5,61.5,23700,2026-09-10,,,,,,,,
1789011480,61.5,61.5,61.4,61.4,7400,2026-09-10,,,,,,,,
1789011540,61.5,61.5,61.4,61.4,24500,2026-09-10,,,,,,,,
1789011600,61.4,61.4,61.3,61.4,1000,2026-09-10,,,,,,,,
1789011660,61.4,61.4,61.4,61.4,1500,2026-09-10,,,,,,,,
1789011720,61.3,61.4,61.3,61.4,11900,2026-09-10,,,,,,,,
1789011780,61.4,61.4,61.4,61.4,10900,2026-09-10,,,,,,,,
1789011840,61.4,61.4,61.3,61.3,2000,2026-09-10,,,,,,,,
1789011900,61.3,61.4,61.3,61.4,4900,2026-09-10,,,,,,,,
1789011960,61.4,61.4,61.3,61.3,12900,2026-09-10,,,,,,,,
1789012020,61.3,61.3,61.3,61.3,10100,2026-09-10,,,,,,,,
1789012080,61.3,61.3,61.3,61.3,3400,2026-09-10,,,,,,,,
1789012140,61.3,61.4,61.3,61.3,4500,2026-09-10,,,,,,,,
1789012200,61.3,61.3,61.3,61.3,4400,2026-09-10,,,,,,,,
1789012260,61.3,61.3,61.3,61.3,10700,2026-09-10,,,,,,,,
1789012320,61.3,61.4,61.3,61.4,1800,2026-09-10,,,,,,,,
1789012380,61.4,61.4,61.3,61.4,1000,2026-09-10,,,,,,,,
1789012440,61.4,61.4,61.3,61.4,3500,2026-09-10,,,,,,,,
1789012500,61.4,61.4,61.3,61.3,4500,2026-09-10,,,,,,,,
1789012560,61.3,61.3,61.3,61.3,1700,2026-09-10,,,,,,,,
1789012620,61.3,61.3,61.2,61.3,10300,2026-09-10,,,,,,,,
1789012680,61.3,61.4,61.3,61.4,13800,2026-09-10,,,,,,,,
1789012740,61.4,61.4,61.4,61.4,600,2026-09-10,,,,,,,,
1789012800,61.4,61.4,61.4,61.4,7000,2026-09-10,,,,,,,,
1789012860,61.4,61.4,61.4,61.4,24800,2026-09-10,,,,,,,,
1789012920,61.3,61.4,61.3,61.4,2300,2026-09-10,,,,,,,,
1789012980,61.4,61.4,61.3,61.4,4400,2026-09-10,,,,,,,,
1789013040,61.4,61.4,61.3,61.4,1200,2026-09-10,,,,,,,,
1789013100,61.3,61.4,61.3,61.4,1500,2026-09-10,,,,,,,,
1789013160,61.4,61.4,61.3,61.4,4500,2026-09-10,,,,,,,,
1789013220,61.4,61.4,61.3,61.3,4100,2026-09-10,,,,,,,,
1789013280,61.4,61.4,61.4,61.4,700,2026-09-10,,,,,,,,
1789013340,61.4,61.4,61.3,61.4,1100,2026-09-10,,,,,,,,
1789013400,61.4,61.4,61.4,61.4,2000,2026-09-10,,,,,,,,
1789013460,61.4,61.5,61.4,61.5,6200,2026-09-10,,,,,,,,
1789013520,61.5,61.5,61.4,61.4,7600,2026-09-10,,,,,,,,
1789013580,61.4,61.4,61.4,61.4,700,2026-09-10,,,,,,,,
1789013640,61.4,61.4,61.4,61.4,1000,2026-09-10,,,,,,,,
1789013700,61.4,61.4,61.4,61.4,1500,2026-09-10,,,,,,,,
1789013760,61.4,61.4,61.3,61.3,4600,2026-09-10,,,,,,,,
1789013820,61.3,61.4,61.3,61.4,9800,2026-09-10,,,,,,,,
1789013880,61.4,61.4,61.4,61.4,700,2026-09-10,,,,,,,,
1789013940,61.4,61.4,61.3,61.4,2500,2026-09-10,,,,,,,,
1789014000,61.4,61.4,61.3,61.4,2700,2026-09-10,,,,,,,,
1789014060,61.4,61.4,61.3,61.4,1500,2026-09-10,,,,,,,,
1789014120,61.4,61.4,61.4,61.4,500,2026-09-10,,,,,,,,
1789014180,61.4,61.4,61.4,61.4,1000,2026-09-10,,,,,,,,
1789014240,61.4,61.4,61.3,61.4,3200,2026-09-10,,,,,,,,
1789014300,61.4,61.4,61.4,61.4,900,2026-09-10,,,,,,,,
1789014360,61.4,61.4,61.4,61.4,900,2026-09-10,,,,,,,,
1789014420,61.4,61.4,61.4,61.4,700,2026-09-10,,,,,,,,
1789014480,61.4,61.4,61.4,61.4,1000,2026-09-10,,,,,,,,
1789014540,61.4,61.6,61.4,61.6,26000,2026-09-10,,,,,,,,
1789020000,61.4,61.6,61.3,61.6,48400,2026-09-10,,,,,,,,
1789020060,61.6,61.6,61.5,61.6,7200,2026-09-10,,,,,,,,
1789020120,61.6,61.6,61.5,61.6,8200,2026-09-10,,,,,,,,
1789020180,61.6,61.6,61.5,61.6,24200,2026-09-10,,,,,,,,
1789020240,61.6,61.7,61.5,61.6,20400,2026-09-10,,,,,,,,
1789020300,61.5,61.6,61.4,61.6,5200,2026-09-10,,,,,,,,
1789020360,61.6,61.6,61.5,61.5,2500,2026-09-10,,,,,,,,
1789020420,61.6,61.6,61.4,61.5,4600,2026-09-10,,,,,,,,
1789020480,61.5,61.6,61.5,61.5,1900,2026-09-10,,,,,,,,
1789020540,61.5,61.6,61.5,61.5,1000,2026-09-10,,,,,,,,
1789020600,61.5,61.6,61.4,61.6,4300,2026-09-10,,,,,,,,
1789020660,61.6,61.6,61.6,61.6,700,2026-09-10,,,,,,,,
1789020720,61.6,61.6,61.6,61.6,900,2026-09-10,,,,,,,,
1789020780,61.6,61.6,61.5,61.6,700,2026-09-10,,,,,,,,
1789020840,61.6,61.6,61.4,61.6,7200,2026-09-10,,,,,,,,
1789020900,61.6,61.6,61.5,61.5,2100,2026-09-10,,,,,,,,
1789020960,61.6,61.7,61.6,61.6,50900,2026-09-10,,,,,,,,
1789021020,61.6,61.7,61.6,61.6,5600,2026-09-10,,,,,,,,
1789021080,61.6,61.6,61.5,61.5,11800,2026-09-10,,,,,,,,
1789021140,61.5,61.6,61.5,61.5,4200,2026-09-10,,,,,,,,
1789021200,61.5,61.5,61.5,61.5,1700,2026-09-10,,,,,,,,
1789021260,61.4,61.5,61.4,61.5,3300,2026-09-10,,,,,,,,
1789021320,61.5,61.5,61.5,61.5,700,2026-09-10,,,,,,,,
1789021380,61.5,61.5,61.5,61.5,1300,2026-09-10,,,,,,,,
1789021440,61.5,61.5,61.4,61.4,1500,2026-09-10,,,,,,,,
1789021500,61.4,61.5,61.4,61.5,2200,2026-09-10,,,,,,,,
1789021560,61.5,61.5,61.4,61.5,3300,2026-09-10,,,,,,,,
1789021620,61.5,61.5,61.4,61.5,23000,2026-09-10,,,,,,,,
1789021680,61.5,61.5,61.3,61.4,13700,2026-09-10,,,,,,,,
1789021740,61.4,61.4,61.3,61.3,2800,2026-09-10,,,,,,,,
1789021800,61.4,61.5,61.4,61.5,6500,2026-09-10,,,,,,,,
1789021860,61.4,61.5,61.4,61.5,3700,2026-09-10,,,,,,,,
1789021920,61.5,61.5,61.5,61.5,700,2026-09-10,,,,,,,,
1789021980,61.5,61.5,61.4,61.5,1800,2026-09-10,,,,,,,,
1789022040,61.5,61.5,61.4,61.5,4100,2026-09-10,,,,,,,,
1789022100,61.5,61.5,61.5,61.5,900,2026-09-10,,,,,,,,
1789022160,61.5,61.5,61.4,61.5,1100,2026-09-10,,,,,,,,
1789022220,61.4,61.5,61.4,61.5,3100,2026-09-10,,,,,,,,
1789022280,61.5,61.5,61.4,61.4,1400,2026-09-10,,,,,,,,
1789022340,61.4,61.5,61.4,61.4,1600,2026-09-10,,,,,,,,
1789022400,61.5,61.5,61.5,61.5,1500,2026-09-10,,,,,,,,
1789022460,61.4,61.5,61.4,61.5,10600,2026-09-10,,,,,,,,
1789022520,61.5,61.5,61.4,61.5,2800,2026-09-10,,,,,,,,
1789022580,61.5,61.5,61.4,61.5,5900,2026-09-10,,,,,,,,
1789022640,61.6,61.6,61.5,61.5,5500,2026-09-10,,,,,,,,
1789022700,61.5,61.6,61.4,61.4,10400,2026-09-10,,,,,,,,
1789022760,61.5,61.5,61.4,61.5,5800,2026-09-10,,,,,,,,
1789022820,61.5,61.5,61.5,61.5,18400,2026-09-10,,,,,,,,
1789022880,61.5,61.5,61.4,61.5,6600,2026-09-10,,,,,,,,
1789022940,61.5,61.5,61.5,61.5,5100,2026-09-10,,,,,,,,
1789023000,61.5,61.5,61.5,61.5,9100,2026-09-10,,,,,,,,
1789023060,61.5,61.5,61.5,61.5,6100,2026-09-10,,,,,,,,
1789023120,61.5,61.5,61.4,61.5,5300,2026-09-10,,,,,,,,
1789023180,61.4,61.6,61.4,61.6,5400,2026-09-10,,,,,,,,
1789023240,61.6,61.6,61.5,61.6,4800,2026-09-10,,,,,,,,
1789023300,61.6,61.6,61.5,61.6,4700,2026-09-10,,,,,,,,
1789023360,61.6,61.6,61.6,61.6,5400,2026-09-10,,,,,,,,
1789023420,61.5,61.6,61.5,61.6,6900,2026-09-10,,,,,,,,
1789023480,61.6,61.6,61.5,61.6,15900,2026-09-10,,,,,,,,
1789023540,61.6,61.6,61.6,61.6,5300,2026-09-10,,,,,,,,
1789023600,61.6,61.8,61.6,61.8,62700,2026-09-10,,,,,,,,
1789023660,61.8,61.8,61.6,61.7,30900,2026-09-10,,,,,,,,
1789023720,61.7,61.7,61.6,61.6,13600,2026-09-10,,,,,,,,
1789023780,61.6,61.6,61.6,61.6,4900,2026-09-10,,,,,,,,
1789023840,61.6,61.7,61.6,61.6,25400,2026-09-10,,,,,,,,
1789023900,61.6,61.6,61.6,61.6,9200,2026-09-10,,,,,,,,
1789023960,61.6,61.6,61.6,61.6,7200,2026-09-10,,,,,,,,
1789024020,61.6,61.6,61.5,61.6,13900,2026-09-10,,,,,,,,
1789024080,61.6,61.6,61.5,61.6,9500,2026-09-10,,,,,,,,
1789024140,61.6,61.6,61.5,61.5,18100,2026-09-10,,,,,,,,
1789024200,61.5,61.5,61.5,61.5,6400,2026-09-10,,,,,,,,
1789024260,61.5,61.5,61.5,61.5,5800,2026-09-10,,,,,,,,
1789024320,61.5,61.6,61.5,61.6,4700,2026-09-10,,,,,,,,
1789024380,61.6,61.6,61.5,61.6,8400,2026-09-10,,,,,,,,
1789024440,61.6,61.6,61.4,61.4,8100,2026-09-10,,,,,,,,
1789024500,61.6,61.6,61.6,61.6,14400,2026-09-10,,,,,,,,
1789024560,61.6,61.6,61.5,61.6,14200,2026-09-10,,,,,,,,
1789024620,61.6,61.6,61.5,61.6,12800,2026-09-10,,,,,,,,
1789024680,61.6,61.6,61.6,61.6,22300,2026-09-10,,,,,,,,
1789024740,61.6,61.6,61.5,61.6,24000,2026-09-10,,,,,,,,
1789024800,61.6,61.6,61.5,61.5,20800,2026-09-10,,,,,,,,
1789024860,61.5,61.6,61.5,61.6,10000,2026-09-10,,,,,,,,
1789024920,61.6,61.6,61.5,61.5,13900,2026-09-10,,,,,,,,
1789024980,61.5,61.6,61.4,61.6,17500,2026-09-10,,,,,,,,
1789025040,61.5,61.6,61.5,61.6,12100,2026-09-10,,,,,,,,
1789025100,61.6,61.6,61.4,61.4,13500,2026-09-10,,,,,,,,
1789025160,61.6,61.6,61.4,61.4,7700,2026-09-10,,,,,,,,
1789025220,61.4,61.5,61.4,61.5,1500,2026-09-10,,,,,,,,
1789025280,61.4,61.5,61.4,61.4,6200,2026-09-10,,,,,,,,
1789025340,61.4,61.5,61.4,61.5,12400,2026-09-10,,,,,,,,
1789026300,61.6,61.6,61.6,61.6,122100,2026-09-10,,,,,,,,
1789092900,61.2,61.3,60.8,60.8,56900,2026-09-11,,,,,,,,
1789092960,60.8,60.8,60.6,60.7,32700,2026-09-11,,,,,,,,
1789093020,60.8,61.0,60.7,61.0,9200,2026-09-11,,,,,,,,
1789093080,60.9,61.0,60.8,61.0,8200,2026-09-11,,,,,,,,
1789093140,61.0,61.0,60.9,61.0,7800,2026-09-11,,,,,,,,
1789093200,60.9,61.0,60.9,61.0,15600,2026-09-11,,,,,,,,
1789093260,61.0,61.0,60.8,61.0,42200,2026-09-11,,,,,,,,
1789093320,60.8,61.0,60.8,60.8,1300,2026-09-11,,,,,,,,
1789093380,60.8,60.9,60.8,60.9,23000,2026-09-11,,,,,,,,
1789093440,60.9,60.9,60.8,60.8,2600,2026-09-11,,,,,,,,
1789093500,60.8,60.9,60.8,60.8,17600,2026-09-11,,,,,,,,
1789093560,60.8,61.0,60.8,61.0,9300,2026-09-11,,,,,,,,
1789093620,61.0,61.3,60.9,61.0,10100,2026-09-11,,,,,,,,
1789093680,61.0,61.0,60.9,61.0,5600,2026-09-11,,,,,,,,
1789093740,60.9,60.9,60.9,60.9,4500,2026-09-11,,,,,,,,
1789093800,60.9,61.0,60.9,60.9,9700,2026-09-11,,,,,,,,
1789093860,60.9,60.9,60.9,60.9,4000,2026-09-11,,,,,,,,
1789093920,60.9,60.9,60.8,60.8,8000,2026-09-11,,,,,,,,
1789093980,60.8,60.9,60.8,60.8,3500,2026-09-11,,,,,,,,
1789094040,60.8,60.9,60.8,60.8,2700,2026-09-11,,,,,,,,
1789094100,60.8,60.8,60.8,60.8,4300,2026-09-11,,,,,,,,
1789094160,60.8,61.0,60.8,61.0,32500,2026-09-11,,,,,,,,
1789094220,60.9,60.9,60.9,60.9,4300,2026-09-11,,,,,,,,
1789094280,60.9,60.9,60.8,60.9,14300,2026-09-11,,,,,,,,
1789094340,60.8,60.9,60.8,60.9,2200,2026-09-11,,,,,,,,
1789094400,60.8,60.8,60.8,60.8,3800,2026-09-11,,,,,,,,
1789094460,60.8,60.8,60.8,60.8,4800,2026-09-11,,,,,,,,
1789094520,60.8,60.9,60.8,60.8,8000,2026-09-11,,,,,,,,
1789094580,60.9,60.9,60.7,60.8,39500,2026-09-11,,,,,,,,
1789094640,60.8,60.8,60.7,60.8,1600,2026-09-11,,,,,,,,
1789094700,60.7,60.8,60.7,60.7,3100,2026-09-11,,,,,,,,
1789094760,60.8,60.8,60.7,60.8,9800,2026-09-11,,,,,,,,
1789094820,60.7,60.8,60.7,60.7,4900,2026-09-11,,,,,,,,
1789094880,60.7,60.8,60.7,60.7,38100,2026-09-11,,,,,,,,
1789094940,60.7,60.7,60.6,60.7,6100,2026-09-11,,,,,,,,
1789095000,60.7,60.7,60.6,60.7,3900,2026-09-11,,,,,,,,
1789095060,60.6,60.7,60.6,60.6,3900,2026-09-11,,,,,,,,
1789095120,60.6,60.7,60.5,60.6,74800,2026-09-11,,,,,,,,
1789095180,60.6,60.6,60.5,60.5,49400,2026-09-11,,,,,,,,
1789095240,60.6,60.6,60.5,60.5,7700,2026-09-11,,,,,,,,
1789095300,60.6,60.6,60.5,60.6,7900,2026-09-11,,,,,,,,
1789095360,60.6,60.6,60.5,60.6,9400,2026-09-11,,,,,,,,
1789095420,60.6,60.6,60.5,60.5,14500,2026-09-11,,,,,,,,
1789095480,60.5,60.5,60.4,60.4,26800,2026-09-11,,,,,,,,
1789095540,60.4,60.5,60.3,60.4,53900,2026-09-11,,,,,,,,
1789095600,60.3,60.4,60.3,60.3,21700,2026-09-11,,,,,,,,
1789095660,60.4,60.4,60.2,60.2,23500,2026-09-11,,,,,,,,
1789095720,60.3,60.3,60.2,60.3,15600,2026-09-11,,,,,,,,
1789095780,60.2,60.3,60.2,60.3,33600,2026-09-11,,,,,,,,
1789095840,60.3,60.4,60.2,60.3,15800,2026-09-11,,,,,,,,
1789095900,60.3,60.4,60.3,60.3,10300,2026-09-11,,,,,,,,
1789095960,60.3,60.5,60.3,60.5,27400,2026-09-11,,,,,,,,
1789096020,60.4,60.5,60.4,60.4,18300,2026-09-11,,,,,,,,
1789096080,60.5,60.5,60.3,60.3,27300,2026-09-11,,,,,,,,
1789096140,60.4,60.4,60.3,60.3,7600,2026-09-11,,,,,,,,
1789096200,60.3,60.4,60.3,60.3,19700,2026-09-11,,,,,,,,
1789096260,60.3,60.4,60.3,60.4,10800,2026-09-11,,,,,,,,
1789096320,60.3,60.3,60.2,60.3,8200,2026-09-11,,,,,,,,
1789096380,60.4,60.4,60.3,60.4,5900,2026-09-11,,,,,,,,
1789096440,60.3,60.4,60.2,60.2,6600,2026-09-11,,,,,,,,
1789096500,60.3,60.3,60.2,60.3,9500,2026-09-11,,,,,,,,
1789096560,60.3,60.4,60.3,60.4,6100,2026-09-11,,,,,,,,
1789096620,60.4,60.4,60.3,60.3,8000,2026-09-11,,,,,,,,
1789096680,60.3,60.4,60.3,60.4,1900,2026-09-11,,,,,,,,
1789096740,60.4,60.4,60.3,60.4,7600,2026-09-11,,,,,,,,
1789096800,60.4,60.4,60.3,60.4,7300,2026-09-11,,,,,,,,
1789096860,60.3,60.4,60.3,60.4,15500,2026-09-11,,,,,,,,
1789096920,60.4,60.4,60.3,60.4,7500,2026-09-11,,,,,,,,
1789096980,60.4,60.5,60.3,60.5,9200,2026-09-11,,,,,,,,
1789097040,60.5,60.5,60.4,60.4,2000,2026-09-11,,,,,,,,
1789097100,60.4,60.5,60.4,60.5,1800,2026-09-11,,,,,,,,
1789097160,60.5,60.5,60.4,60.5,3300,2026-09-11,,,,,,,,
1789097220,60.5,60.5,60.4,60.5,21600,2026-09-11,,,,,,,,
1789097280,60.4,60.5,60.4,60.4,3800,2026-09-11,,,,,,,,
1789097340,60.4,60.5,60.4,60.5,13900,2026-09-11,,,,,,,,
1789097400,60.5,60.5,60.4,60.5,5600,2026-09-11,,,,,,,,
1789097460,60.4,60.5,60.4,60.4,11500,2026-09-11,,,,,,,,
1789097520,60.5,60.5,60.4,60.5,8700,2026-09-11,,,,,,,,
1789097580,60.4,60.5,60.4,60.5,1000,2026-09-11,,,,,,,,
1789097640,60.4,60.5,60.4,60.5,1000,2026-09-11,,,,,,,,
1789097700,60.4,60.5,60.4,60.5,1800,2026-09-11,,,,,,,,
1789097760,60.4,60.5,60.4,60.5,6000,2026-09-11,,,,,,,,
1789097820,60.4,60.5,60.4,60.4,5200,2026-09-11,,,,,,,,
1789097880,60.4,60.5,60.4,60.5,4400,2026-09-11,,,,,,,,
1789097940,60.4,60.5,60.4,60.4,5800,2026-09-11,,,,,,,,
1789098000,60.4,60.4,60.3,60.3,2800,2026-09-11,,,,,,,,
1789098060,60.4,60.4,60.3,60.3,6800,2026-09-11,,,,,,,,
1789098120,60.3,60.4,60.3,60.3,10000,2026-09-11,,,,,,,,
1789098180,60.3,60.4,60.3,60.3,4100,2026-09-11,,,,,,,,
1789098240,60.3,60.5,60.3,60.4,12200,2026-09-11,,,,,,,,
1789098300,60.4,60.4,60.3,60.3,6000,2026-09-11,,,,,,,,
1789098360,60.3,60.5,60.3,60.3,5500,2026-09-11,,,,,,,,
1789098420,60.3,60.5,60.3,60.3,4900,2026-09-11,,,,,,,,
1789098480,60.3,60.4,60.3,60.3,6000,2026-09-11,,,,,,,,
1789098540,60.3,60.4,60.3,60.3,5400,2026-09-11,,,,,,,,
1789098600,60.3,60.3,60.3,60.3,7300,2026-09-11,,,,,,,,
1789098660,60.4,60.4,60.3,60.3,3800,2026-09-11,,,,,,,,
1789098720,60.3,60.4,60.3,60.3,2300,2026-09-11,,,,,,,,
1789098780,60.3,60.4,60.3,60.3,13700,2026-09-11,,,,,,,,
1789098840,60.3,60.4,60.3,60.3,7700,2026-09-11,,,,,,,,
1789098900,60.3,60.4,60.3,60.3,30000,2026-09-11,,,,,,,,
1789098960,60.3,60.4,60.3,60.3,6400,2026-09-11,,,,,,,,
1789099020,60.4,60.4,60.3,60.3,3500,2026-09-11,,,,,,,,
1789099080,60.3,60.4,60.3,60.3,6600,2026-09-11,,,,,,,,
1789099140,60.3,60.4,60.3,60.4,2200,2026-09-11,,,,,,,,
1789099200,60.3,60.3,60.3,60.3,4700,2026-09-11,,,,,,,,
1789099260,60.4,60.4,60.3,60.3,500,2026-09-11,,,,,,,,
1789099320,60.3,60.4,60.3,60.3,15500,2026-09-11,,,,,,,,
1789099380,60.2,60.3,60.2,60.2,5600,2026-09-11,,,,,,,,
1789099440,60.3,60.3,60.2,60.2,2800,2026-09-11,,,,,,,,
1789099500,60.2,60.3,60.2,60.3,3300,2026-09-11,,,,,,,,
1789099560,60.2,60.3,60.2,60.2,4900,2026-09-11,,,,,,,,
1789099620,60.2,60.3,60.2,60.3,11200,2026-09-11,,,,,,,,
1789099680,60.3,60.3,60.2,60.3,12000,2026-09-11,,,,,,,,
1789099740,60.2,60.3,60.2,60.2,4700,2026-09-11,,,,,,,,
1789099800,60.3,60.3,60.2,60.3,2500,2026-09-11,,,,,,,,
1789099860,60.3,60.3,60.2,60.2,6900,2026-09-11,,,,,,,,
1789099920,60.2,60.3,60.2,60.2,5900,2026-09-11,,,,,,,,
1789099980,60.2,60.3,60.2,60.2,14600,2026-09-11,,,,,,,,
1789100040,60.2,60.3,60.2,60.2,65100,2026-09-11,,,,,,,,
1789100100,60.2,60.3,60.2,60.2,16100,2026-09-11,,,,,,,,
1789100160,60.2,60.3,60.2,60.2,8500,2026-09-11,,,,,,,,
1789100220,60.2,60.3,60.1,60.3,9700,2026-09-11,,,,,,,,
1789100280,60.2,60.2,60.1,60.2,17000,2026-09-11,,,,,,,,
1789100340,60.1,60.1,60.1,60.1,5700,2026-09-11,,,,,,,,
1789100400,60.2,60.2,60.1,60.2,38000,2026-09-11,,,,,,,,
1789100460,60.1,60.2,60.1,60.2,7200,2026-09-11,,,,,,,,
1789100520,60.2,60.2,60.1,60.2,5200,2026-09-11,,,,,,,,
1789100580,60.2,60.2,60.1,60.2,2600,2026-09-11,,,,,,,,
1789100640,60.2,60.2,60.1,60.1,18700,2026-09-11,,,,,,,,
1789100700,60.1,60.2,60.1,60.1,13300,2026-09-11,,,,,,,,
1789100760,60.1,60.1,60.0,60.0,153900,2026-09-11,,,,,,,,
1789100820,60.0,60.1,60.0,60.0,23800,2026-09-11,,,,,,,,
1789100880,60.0,60.1,60.0,60.1,9900,2026-09-11,,,,,,,,
1789100940,60.1,60.1,60.0,60.1,12000,2026-09-11,,,,,,,,
1789106400,60.1,60.2,60.0,60.1,40700,2026-09-11,,,,,,,,
1789106460,60.2,60.3,60.2,60.3,67900,2026-09-11,,,,,,,,
1789106520,60.3,60.4,60.3,60.4,6400,2026-09-11,,,,,,,,
1789106580,60.4,60.4,60.4,60.4,400,2026-09-11,,,,,,,,
1789106640,60.4,60.4,60.3,60.3,7200,2026-09-11,,,,,,,,
1789106700,60.3,60.3,60.3,60.3,300,2026-09-11,,,,,,,,
1789106760,60.3,60.3,60.2,60.3,4400,2026-09-11,,,,,,,,
1789106820,60.2,60.3,60.2,60.3,6300,2026-09-11,,,,,,,,
1789106880,60.2,60.3,60.2,60.3,2800,2026-09-11,,,,,,,,
1789106940,60.3,60.3,60.2,60.3,800,2026-09-11,,,,,,,,
1789107000,60.2,60.3,60.1,60.1,46900,2026-09-11,,,,,,,,
1789107060,60.1,60.3,60.1,60.2,30300,2026-09-11,,,,,,,,
1789107120,60.2,60.3,60.1,60.1,22200,2026-09-11,,,,,,,,
1789107180,60.3,60.3,60.1,60.1,49400,2026-09-11,,,,,,,,
1789107240,60.1,60.2,60.1,60.1,38700,2026-09-11,,,,,,,,
1789107300,60.1,60.2,60.0,60.2,31800,2026-09-11,,,,,,,,
1789107360,60.0,60.1,60.0,60.0,41600,2026-09-11,,,,,,,,
1789107420,60.1,60.1,60.0,60.0,32800,2026-09-11,,,,,,,,
1789107480,60.1,60.2,60.0,60.0,32200,2026-09-11,,,,,,,,
1789107540,60.0,60.1,60.0,60.0,42700,2026-09-11,,,,,,,,
1789107600,60.1,60.1,60.0,60.0,42800,2026-09-11,,,,,,,,
1789107660,60.0,60.1,59.9,59.9,47700,2026-09-11,,,,,,,,
1789107720,59.9,60.0,59.9,60.0,41100,2026-09-11,,,,,,,,
1789107780,59.9,60.1,59.9,59.9,45200,2026-09-11,,,,,,,,
1789107840,60.0,60.1,59.9,60.0,42800,2026-09-11,,,,,,,,
1789107900,60.0,60.0,59.8,60.0,34300,2026-09-11,,,,,,,,
1789107960,59.9,60.1,59.8,59.9,43400,2026-09-11,,,,,,,,
1789108020,60.0,60.1,59.9,59.9,32800,2026-09-11,,,,,,,,
1789108080,60.0,60.1,59.9,59.9,35700,2026-09-11,,,,,,,,
1789108140,59.9,60.0,59.9,60.0,39600,2026-09-11,,,,,,,,
1789108200,59.9,60.1,59.8,59.9,40700,2026-09-11,,,,,,,,
1789108260,59.9,60.0,59.8,59.9,36600,2026-09-11,,,,,,,,
1789108320,59.9,60.1,59.8,59.9,29200,2026-09-11,,,,,,,,
1789108380,60.0,60.1,59.8,59.8,47800,2026-09-11,,,,,,,,
1789108440,59.8,60.0,59.8,59.9,34400,2026-09-11,,,,,,,,
1789108500,59.9,60.0,59.8,60.0,33900,2026-09-11,,,,,,,,
1789108560,60.0,60.0,59.8,59.8,42300,2026-09-11,,,,,,,,
1789108620,59.9,60.0,59.8,59.9,34600,2026-09-11,,,,,,,,
1789108680,59.9,60.0,59.8,60.0,36600,2026-09-11,,,,,,,,
1789108740,59.8,60.0,59.8,59.9,29700,2026-09-11,,,,,,,,
1789108800,59.8,60.2,59.8,60.2,59000,2026-09-11,,,,,,,,
1789108860,60.2,60.2,60.2,60.2,4100,2026-09-11,,,,,,,,
1789108920,60.2,60.4,60.2,60.4,15900,2026-09-11,,,,,,,,
1789108980,60.3,60.4,60.2,60.3,12800,2026-09-11,,,,,,,,
1789109040,60.2,60.3,60.2,60.3,8000,2026-09-11,,,,,,,,
1789109100,60.3,60.3,60.2,60.2,700,2026-09-11,,,,,,,,
1789109160,60.3,60.3,60.2,60.3,7900,2026-09-11,,,,,,,,
1789109220,60.3,60.3,60.3,60.3,5300,2026-09-11,,,,,,,,
1789109280,60.3,60.4,60.3,60.4,1500,2026-09-11,,,,,,,,
1789109340,60.4,60.4,60.4,60.4,8800,2026-09-11,,,,,,,,
1789109400,60.4,60.5,60.4,60.5,2400,2026-09-11,,,,,,,,
1789109460,60.4,60.5,60.4,60.5,6800,2026-09-11,,,,,,,,
1789109520,60.4,60.5,60.4,60.5,6800,2026-09-11,,,,,,,,
1789109580,60.5,60.6,60.5,60.6,13600,2026-09-11,,,,,,,,
1789109640,60.6,60.6,60.6,60.6,2000,2026-09-11,,,,,,,,
1789109700,60.6,60.6,60.4,60.4,13500,2026-09-11,,,,,,,,
1789109760,60.5,60.5,60.3,60.4,2700,2026-09-11,,,,,,,,
1789109820,60.3,60.4,60.3,60.3,6200,2026-09-11,,,,,,,,
1789109880,60.4,60.4,60.3,60.4,3700,2026-09-11,,,,,,,,
1789109940,60.3,60.4,60.3,60.3,1700,2026-09-11,,,,,,,,
1789110000,60.3,60.4,60.2,60.4,20100,2026-09-11,,,,,,,,
1789110060,60.4,60.4,60.2,60.2,6500,2026-09-11,,,,,,,,
1789110120,60.3,60.3,60.2,60.2,12800,2026-09-11,,,,,,,,
1789110180,60.2,60.3,60.1,60.2,9900,2026-09-11,,,,,,,,
1789110240,60.3,60.3,60.2,60.2,3500,2026-09-11,,,,,,,,
1789110300,60.2,60.3,60.2,60.2,9100,2026-09-11,,,,,,,,
1789110360,60.2,60.3,60.2,60.2,7000,2026-09-11,,,,,,,,
1789110420,60.1,60.3,60.1,60.2,6900,2026-09-11,,,,,,,,
1789110480,60.1,60.2,60.1,60.1,7000,2026-09-11,,,,,,,,
1789110540,60.1,60.2,60.1,60.1,13100,2026-09-11,,,,,,,,
1789110600,60.2,60.2,60.0,60.0,35900,2026-09-11,,,,,,,,
1789110660,60.2,60.2,60.0,60.0,46800,2026-09-11,,,,,,,,
1789110720,60.0,60.1,60.0,60.1,17300,2026-09-11,,,,,,,,
1789110780,60.0,60.1,60.0,60.0,15200,2026-09-11,,,,,,,,
1789110840,60.0,60.1,60.0,60.0,7800,2026-09-11,,,,,,,,
1789110900,60.1,60.1,60.0,60.0,13800,2026-09-11,,,,,,,,
1789110960,60.0,60.1,60.0,60.0,18600,2026-09-11,,,,,,,,
1789111020,60.0,60.1,59.9,60.1,9500,2026-09-11,,,,,,,,
1789111080,60.0,60.1,60.0,60.1,13100,2026-09-11,,,,,,,,
1789111140,60.0,60.2,60.0,60.1,13700,2026-09-11,,,,,,,,
1789111200,60.2,60.2,60.0,60.0,6600,2026-09-11,,,,,,,,
1789111260,60.0,60.2,59.9,60.0,55400,2026-09-11,,,,,,,,
1789111320,60.0,60.2,60.0,60.1,29200,2026-09-11,,,,,,,,
1789111380,60.1,60.2,60.0,60.0,5800,2026-09-11,,,,,,,,
1789111440,60.0,60.2,60.0,60.1,8400,2026-09-11,,,,,,,,
1789111500,60.0,60.1,60.0,60.0,43800,2026-09-11,,,,,,,,
1789111560,60.0,60.0,59.9,60.0,11400,2026-09-11,,,,,,,,
1789111620,60.0,60.0,59.9,59.9,6100,2026-09-11,,,,,,,,
1789111680,59.9,60.0,59.9,59.9,16000,2026-09-11,,,,,,,,
1789111740,60.0,60.0,59.9,59.9,64500,2026-09-11,,,,,,,,
1789112700,59.9,59.9,59.9,59.9,518600,2026-09-11,,,,,,,,
1789352100,59.7,59.9,59.7,59.9,48000,2026-09-14,,,,,,,,
1789352160,59.8,59.9,59.8,59.9,2300,2026-09-14,,,,,,,,
1789352220,59.9,59.9,59.9,59.9,9700,2026-09-14,,,,,,,,
1789352280,59.9,59.9,59.8,59.9,19900,2026-09-14,,,,,,,,
1789352340,59.9,59.9,59.8,59.9,2400,2026-09-14,,,,,,,,
1789352400,59.9,59.9,59.8,59.9,4200,2026-09-14,,,,,,,,
1789352460,59.8,59.9,59.8,59.8,11900,2026-09-14,,,,,,,,
1789352520,59.8,59.9,59.8,59.9,1600,2026-09-14,,,,,,,,
1789352580,59.8,59.9,59.8,59.9,1300,2026-09-14,,,,,,,,
1789352640,59.8,59.9,59.8,59.8,24300,2026-09-14,,,,,,,,
1789352700,59.9,59.9,59.8,59.9,1200,2026-09-14,,,,,,,,
1789352760,59.9,59.9,59.9,59.9,100,2026-09-14,,,,,,,,
1789352820,59.9,60.0,59.8,60.0,7200,2026-09-14,,,,,,,,
1789352880,60.0,60.0,60.0,60.0,2400,2026-09-14,,,,,,,,
1789352940,59.9,60.0,59.9,60.0,2800,2026-09-14,,,,,,,,
1789353000,60.0,60.0,60.0,60.0,1900,2026-09-14,,,,,,,,
1789353060,60.0,60.1,60.0,60.1,4800,2026-09-14,,,,,,,,
1789353120,60.1,60.1,60.0,60.0,1400,2026-09-14,,,,,,,,
1789353180,60.0,60.0,60.0,60.0,26300,2026-09-14,,,,,,,,
1789353240,60.0,60.0,60.0,60.0,9300,2026-09-14,,,,,,,,
1789353300,59.9,59.9,59.9,59.9,200,2026-09-14,,,,,,,,
1789353360,59.9,60.0,59.9,59.9,13900,2026-09-14,,,,,,,,
1789353420,59.9,59.9,59.8,59.9,9300,2026-09-14,,,,,,,,
1789353480,59.9,59.9,59.8,59.9,1400,2026-09-14,,,,,,,,
1789353540,59.8,59.8,59.8,59.8,1000,2026-09-14,,,,,,,,
1789353600,59.9,59.9,59.8,59.9,6300,2026-09-14,,,,,,,,
1789353660,59.9,59.9,59.8,59.9,8100,2026-09-14,,,,,,,,
1789353720,59.9,59.9,59.9,59.9,3200,2026-09-14,,,,,,,,
1789353780,59.9,60.0,59.8,60.0,5000,2026-09-14,,,,,,,,
1789353840,59.9,60.0,59.9,60.0,1300,2026-09-14,,,,,,,,
1789353900,60.0,60.0,59.9,59.9,7000,2026-09-14,,,,,,,,
1789353960,59.9,60.0,59.9,59.9,10600,2026-09-14,,,,,,,,
1789354020,59.9,60.0,59.9,60.0,8000,2026-09-14,,,,,,,,
1789354080,59.9,60.0,59.8,59.9,4600,2026-09-14,,,,,,,,
1789354140,59.8,59.9,59.8,59.9,3600,2026-09-14,,,,,,,,
1789354200,59.9,60.0,59.8,59.8,43000,2026-09-14,,,,,,,,
1789354260,59.8,60.0,59.7,59.8,10200,2026-09-14,,,,,,,,
1789354320,59.8,60.0,59.7,59.7,5000,2026-09-14,,,,,,,,
1789354380,59.7,59.8,59.7,59.8,2100,2026-09-14,,,,,,,,
1789354440,59.8,59.9,59.8,59.8,5300,2026-09-14,,,,,,,,
1789354500,59.8,59.9,59.7,59.8,40300,2026-09-14,,,,,,,,
1789354560,59.8,59.8,59.8,59.8,10100,2026-09-14,,,,,,,,
1789354620,59.8,59.8,59.7,59.8,19200,2026-09-14,,,,,,,,
1789354680,59.8,59.8,59.7,59.8,6400,2026-09-14,,,,,,,,
1789354740,59.8,59.8,59.7,59.7,3700,2026-09-14,,,,,,,,
1789354800,59.7,59.7,59.6,59.7,12000,2026-09-14,,,,,,,,
1789354860,59.7,59.7,59.7,59.7,2300,2026-09-14,,,,,,,,
1789354920,59.7,59.8,59.7,59.8,4000,2026-09-14,,,,,,,,
1789354980,59.8,59.8,59.8,59.8,3800,2026-09-14,,,,,,,,
1789355040,59.8,59.8,59.7,59.8,2700,2026-09-14,,,,,,,,
1789355100,59.7,59.7,59.7,59.7,4900,2026-09-14,,,,,,,,
1789355160,59.7,59.8,59.7,59.8,600,2026-09-14,,,,,,,,
1789355220,59.8,59.8,59.8,59.8,600,2026-09-14,,,,,,,,
1789355280,59.8,59.8,59.8,59.8,500,2026-09-14,,,,,,,,
1789355340,59.7,59.7,59.7,59.7,800,2026-09-14,,,,,,,,
1789355400,59.7,59.8,59.7,59.7,8400,2026-09-14,,,,,,,,
1789355460,59.7,59.7,59.7,59.7,1200,2026-09-14,,,,,,,,
1789355520,59.8,59.8,59.8,59.8,900,2026-09-14,,,,,,,,
1789355580,59.8,59.8,59.8,59.8,2400,2026-09-14,,,,,,,,
1789355640,59.8,59.8,59.7,59.8,2700,2026-09-14,,,,,,,,
1789355700,59.8,59.8,59.7,59.7,2300,2026-09-14,,,,,,,,
1789355760,59.7,59.8,59.7,59.8,3900,2026-09-14,,,,,,,,
1789355820,59.7,59.8,59.7,59.8,4500,2026-09-14,,,,,,,,
1789355880,59.7,59.7,59.7,59.7,23200,2026-09-14,,,,,,,,
1789355940,59.7,59.7,59.6,59.7,6700,2026-09-14,,,,,,,,
1789356000,59.7,59.7,59.7,59.7,700,2026-09-14,,,,,,,,
1789356060,59.7,59.7,59.6,59.7,1900,2026-09-14,,,,,,,,
1789356120,59.7,59.7,59.7,59.7,1500,2026-09-14,,,,,,,,
1789356180,59.7,59.7,59.7,59.7,300,2026-09-14,,,,,,,,
1789356240,59.7,59.7,59.7,59.7,11300,2026-09-14,,,,,,,,
1789356300,59.6,59.7,59.6,59.7,3400,2026-09-14,,,,,,,,
1789356360,59.7,59.7,59.7,59.7,600,2026-09-14,,,,,,,,
1789356420,59.7,59.7,59.6,59.6,600,2026-09-14,,,,,,,,
1789356480,59.6,59.7,59.6,59.6,4700,2026-09-14,,,,,,,,
1789356540,59.6,59.7,59.6,59.6,1700,2026-09-14,,,,,,,,
1789356600,59.6,59.7,59.6,59.7,300,2026-09-14,,,,,,,,
1789356660,59.6,59.7,59.6,59.7,27700,2026-09-14,,,,,,,,
1789356720,59.7,59.7,59.7,59.7,5500,2026-09-14,,,,,,,,
1789356780,59.7,59.7,59.6,59.6,1100,2026-09-14,,,,,,,,
1789356840,59.6,59.7,59.6,59.6,9600,2026-09-14,,,,,,,,
1789356900,59.7,59.7,59.6,59.7,2300,2026-09-14,,,,,,,,
1789356960,59.7,59.7,59.7,59.7,2200,2026-09-14,,,,,,,,
1789357020,59.7,59.7,59.6,59.7,15100,2026-09-14,,,,,,,,
1789357080,59.7,59.7,59.7,59.7,1400,2026-09-14,,,,,,,,
1789357140,59.7,59.7,59.7,59.7,400,2026-09-14,,,,,,,,
1789357200,59.7,59.7,59.7,59.7,2400,2026-09-14,,,,,,,,
1789357260,59.7,59.7,59.6,59.7,2800,2026-09-14,,,,,,,,
1789357320,59.7,59.7,59.7,59.7,1200,2026-09-14,,,,,,,,
1789357380,59.7,59.7,59.6,59.7,2500,2026-09-14,,,,,,,,
1789357440,59.7,59.7,59.7,59.7,200,2026-09-14,,,,,,,,
1789357500,59.7,59.7,59.7,59.7,1300,2026-09-14,,,,,,,,
1789357560,59.7,59.7,59.6,59.6,13500,2026-09-14,,,,,,,,
1789357620,59.6,59.7,59.6,59.7,1200,2026-09-14,,,,,,,,
1789357680,59.7,59.7,59.6,59.6,2900,2026-09-14,,,,,,,,
1789357740,59.6,59.7,59.6,59.7,4200,2026-09-14,,,,,,,,
1789357800,59.7,59.7,59.6,59.7,12000,2026-09-14,,,,,,,,
1789357860,59.6,59.6,59.6,59.6,200,2026-09-14,,,,,,,,
1789357920,59.7,59.7,59.6,59.7,9100,2026-09-14,,,,,,,,
1789357980,59.7,59.7,59.6,59.7,3300,2026-09-14,,,,,,,,
1789358040,59.7,59.7,59.6,59.7,2400,2026-09-14,,,,,,,,
1789358100,59.7,59.7,59.7,59.7,2100,2026-09-14,,,,,,,,
1789358160,59.7,59.7,59.7,59.7,600,2026-09-14,,,,,,,,
1789358220,59.6,59.7,59.6,59.7,4500,2026-09-14,,,,,,,,
1789358280,59.7,59.7,59.6,59.6,800,2026-09-14,,,,,,,,
1789358340,59.7,59.7,59.6,59.6,44000,2026-09-14,,,,,,,,
1789358460,59.6,59.6,59.6,59.6,30700,2026-09-14,,,,,,,,
1789358520,59.6,59.7,59.6,59.7,1300,2026-09-14,,,,,,,,
1789358580,59.7,59.7,59.5,59.5,46200,2026-09-14,,,,,,,,
1789358640,59.5,59.6,59.5,59.6,18800,2026-09-14,,,,,,,,
1789358700,59.6,59.6,59.6,59.6,2700,2026-09-14,,,,,,,,
1789358760,59.6,59.6,59.5,59.5,5100,2026-09-14,,,,,,,,
1789358820,59.6,59.6,59.5,59.6,3900,2026-09-14,,,,,,,,
1789358880,59.6,59.6,59.6,59.6,32000,2026-09-14,,,,,,,,
1789358940,59.6,59.6,59.5,59.6,7200,2026-09-14,,,,,,,,
1789359000,59.6,59.6,59.6,59.6,1000,2026-09-14,,,,,,,,
1789359060,59.6,59.6,59.5,59.6,32400,2026-09-14,,,,,,,,
1789359120,59.6,59.6,59.6,59.6,1700,2026-09-14,,,,,,,,
1789359180,59.6,59.6,59.5,59.5,10300,2026-09-14,,,,,,,,
1789359240,59.6,59.6,59.5,59.6,10200,2026-09-14,,,,,,,,
1789359300,59.6,59.6,59.6,59.6,6600,2026-09-14,,,,,,,,
1789359360,59.6,59.6,59.6,59.6,3900,2026-09-14,,,,,,,,
1789359420,59.6,59.6,59.5,59.6,2200,2026-09-14,,,,,,,,
1789359480,59.6,59.6,59.6,59.6,600,2026-09-14,,,,,,,,
1789359540,59.6,59.6,59.5,59.6,3800,2026-09-14,,,,,,,,
1789359600,59.6,59.6,59.6,59.6,10300,2026-09-14,,,,,,,,
1789359660,59.6,59.6,59.6,59.6,1300,2026-09-14,,,,,,,,
1789359720,59.6,59.6,59.6,59.6,6700,2026-09-14,,,,,,,,
1789359780,59.6,59.6,59.5,59.6,7800,2026-09-14,,,,,,,,
1789359840,59.6,59.6,59.6,59.6,500,2026-09-14,,,,,,,,
1789359900,59.6,59.6,59.5,59.5,400,2026-09-14,,,,,,,,
1789359960,59.6,59.6,59.6,59.6,10000,2026-09-14,,,,,,,,
1789360020,59.6,59.6,59.6,59.6,1900,2026-09-14,,,,,,,,
1789360080,59.5,59.6,59.5,59.6,1900,2026-09-14,,,,,,,,
1789360140,59.6,59.6,59.6,59.6,200,2026-09-14,,,,,,,,
1789365600,59.6,59.7,59.6,59.6,23500,2026-09-14,,,,,,,,
1789365660,59.6,59.6,59.6,59.6,1900,2026-09-14,,,,,,,,
1789365720,59.5,59.6,59.5,59.5,76400,2026-09-14,,,,,,,,
1789365780,59.5,59.5,59.5,59.5,5800,2026-09-14,,,,,,,,
1789365840,59.6,59.6,59.5,59.5,3200,2026-09-14,,,,,,,,
1789365900,59.5,59.6,59.5,59.5,42700,2026-09-14,,,,,,,,
1789365960,59.5,59.5,59.4,59.5,23300,2026-09-14,,,,,,,,
1789366020,59.4,59.4,59.4,59.4,900,2026-09-14,,,,,,,,
1789366080,59.5,59.5,59.4,59.4,1900,2026-09-14,,,,,,,,
1789366140,59.4,59.5,59.4,59.4,1500,2026-09-14,,,,,,,,
1789366200,59.4,59.5,59.4,59.5,7200,2026-09-14,,,,,,,,
1789366260,59.5,59.5,59.4,59.5,7300,2026-09-14,,,,,,,,
1789366320,59.4,59.5,59.4,59.4,13700,2026-09-14,,,,,,,,
1789366380,59.4,59.5,59.4,59.4,44000,2026-09-14,,,,,,,,
1789366440,59.4,59.4,59.3,59.3,9700,2026-09-14,,,,,,,,
1789366500,59.3,59.3,59.3,59.3,15600,2026-09-14,,,,,,,,
1789366560,59.3,59.3,59.2,59.2,59000,2026-09-14,,,,,,,,
1789366620,59.2,59.3,59.2,59.2,14600,2026-09-14,,,,,,,,
1789366680,59.2,59.2,59.2,59.2,3100,2026-09-14,,,,,,,,
1789366740,59.2,59.3,59.2,59.2,11000,2026-09-14,,,,,,,,
1789366800,59.2,59.3,59.2,59.3,3800,2026-09-14,,,,,,,,
1789366860,59.2,59.3,59.2,59.2,17400,2026-09-14,,,,,,,,
1789366920,59.2,59.3,59.2,59.2,24900,2026-09-14,,,,,,,,
1789366980,59.2,59.3,59.2,59.2,8300,2026-09-14,,,,,,,,
1789367040,59.2,59.2,59.1,59.1,96400,2026-09-14,,,,,,,,
1789367100,59.1,59.2,59.0,59.1,106000,2026-09-14,,,,,,,,
1789367160,59.1,59.1,59.0,59.0,15400,2026-09-14,,,,,,,,
1789367220,59.0,59.1,59.0,59.1,16000,2026-09-14,,,,,,,,
1789367280,59.1,59.1,59.0,59.0,5500,2026-09-14,,,,,,,,
1789367340,59.1,59.2,59.0,59.2,89900,2026-09-14,,,,,,,,
1789367400,59.2,59.2,59.1,59.1,7800,2026-09-14,,,,,,,,
1789367460,59.1,59.2,59.1,59.1,9000,2026-09-14,,,,,,,,
1789367520,59.1,59.2,59.0,59.0,85800,2026-09-14,,,,,,,,
1789367580,59.0,59.1,59.0,59.0,14200,2026-09-14,,,,,,,,
1789367640,59.0,59.1,59.0,59.1,19000,2026-09-14,,,,,,,,
1789367700,59.1,59.1,59.0,59.1,64900,2026-09-14,,,,,,,,
1789367760,59.0,59.1,58.8,58.9,67100,2026-09-14,,,,,,,,
1789367820,58.9,59.0,58.8,58.9,60700,2026-09-14,,,,,,,,
1789367880,58.9,59.0,58.9,59.0,13500,2026-09-14,,,,,,,,
1789367940,58.9,59.0,58.9,58.9,5000,2026-09-14,,,,,,,,
1789368000,58.9,59.0,58.6,58.7,258400,2026-09-14,,,,,,,,
1789368060,58.7,58.8,58.6,58.7,28700,2026-09-14,,,,,,,,
1789368120,58.7,58.8,58.7,58.8,25600,2026-09-14,,,,,,,,
1789368180,58.8,58.9,58.7,58.7,9500,2026-09-14,,,,,,,,
1789368240,58.7,58.8,58.7,58.8,26500,2026-09-14,,,,,,,,
1789368300,58.8,58.8,58.7,58.8,21100,2026-09-14,,,,,,,,
1789368360,58.8,58.8,58.6,58.7,68200,2026-09-14,,,,,,,,
1789368420,58.7,58.8,58.6,58.7,12600,2026-09-14,,,,,,,,
1789368480,58.7,58.8,58.6,58.7,25800,2026-09-14,,,,,,,,
1789368540,58.7,58.8,58.6,58.7,20200,2026-09-14,,,,,,,,
1789368600,58.8,58.8,58.6,58.8,33000,2026-09-14,,,,,,,,
1789368660,58.7,58.9,58.7,58.8,31000,2026-09-14,,,,,,,,
1789368720,58.8,59.0,58.8,58.9,28400,2026-09-14,,,,,,,,
1789368780,58.9,59.0,58.8,58.9,41300,2026-09-14,,,,,,,,
1789368840,58.9,58.9,58.8,58.9,16000,2026-09-14,,,,,,,,
1789368900,58.8,58.9,58.7,58.8,35800,2026-09-14,,,,,,,,
1789368960,58.8,58.9,58.7,58.9,11100,2026-09-14,,,,,,,,
1789369020,58.8,58.9,58.7,58.8,25600,2026-09-14,,,,,,,,
1789369080,58.8,58.9,58.7,58.7,18000,2026-09-14,,,,,,,,
1789369140,58.7,58.9,58.7,58.9,13100,2026-09-14,,,,,,,,
1789369200,58.9,58.9,58.8,58.9,14600,2026-09-14,,,,,,,,
1789369260,58.8,58.9,58.8,58.9,12500,2026-09-14,,,,,,,,
1789369320,58.9,58.9,58.7,58.9,40200,2026-09-14,,,,,,,,
1789369380,58.8,58.9,58.7,58.8,37300,2026-09-14,,,,,,,,
1789369440,58.8,58.9,58.8,58.8,19800,2026-09-14,,,,,,,,
1789369500,58.8,58.9,58.7,58.9,29500,2026-09-14,,,,,,,,
1789369560,58.8,58.9,58.7,58.8,19900,2026-09-14,,,,,,,,
1789369620,58.8,58.9,58.7,58.7,20100,2026-09-14,,,,,,,,
1789369680,58.8,58.8,58.7,58.7,20500,2026-09-14,,,,,,,,
1789369740,58.7,58.9,58.7,58.8,18700,2026-09-14,,,,,,,,
1789369800,58.7,58.8,58.6,58.6,29800,2026-09-14,,,,,,,,
1789369860,58.6,58.8,58.6,58.8,27100,2026-09-14,,,,,,,,
1789369920,58.7,58.8,58.6,58.6,33100,2026-09-14,,,,,,,,
1789369980,58.6,58.7,58.6,58.7,28900,2026-09-14,,,,,,,,
1789370040,58.7,58.8,58.6,58.8,14600,2026-09-14,,,,,,,,
1789370100,58.7,58.8,58.7,58.7,13300,2026-09-14,,,,,,,,
1789370160,58.8,58.8,58.7,58.8,16400,2026-09-14,,,,,,,,
1789370220,58.8,58.8,58.7,58.7,27300,2026-09-14,,,,,,,,
1789370280,58.7,58.8,58.7,58.8,12800,2026-09-14,,,,,,,,
1789370340,58.7,58.8,58.7,58.8,102700,2026-09-14,,,,,,,,
1789370400,58.7,58.9,58.7,58.8,39000,2026-09-14,,,,,,,,
1789370460,58.8,58.9,58.8,58.8,19500,2026-09-14,,,,,,,,
1789370520,58.8,58.9,58.7,58.8,28700,2026-09-14,,,,,,,,
1789370580,58.9,58.9,58.7,58.8,29000,2026-09-14,,,,,,,,
1789370640,58.8,58.9,58.6,58.8,88500,2026-09-14,,,,,,,,
1789370700,58.7,58.9,58.7,58.8,36300,2026-09-14,,,,,,,,
1789370760,58.9,59.2,58.8,59.1,72000,2026-09-14,,,,,,,,
1789370820,59.1,59.2,58.9,58.9,22000,2026-09-14,,,,,,,,
1789370880,58.9,59.1,58.9,59.0,23400,2026-09-14,,,,,,,,
1789370940,59.1,59.1,59.0,59.1,7400,2026-09-14,,,,,,,,
1789371900,59.3,59.3,59.3,59.3,116300,2026-09-14,,,,,,,,
1789438500,59.5,59.6,59.5,59.6,19500,2026-09-15,,,,,,,,
1789438560,59.6,59.7,59.6,59.6,3400,2026-09-15,,,,,,,,
1789438620,59.7,59.9,59.7,59.9,35400,2026-09-15,,,,,,,,
1789438680,60.0,60.0,59.9,59.9,13400,2026-09-15,,,,,,,,
1789438740,59.9,59.9,59.8,59.9,13600,2026-09-15,,,,,,,,
1789438800,59.8,60.0,59.8,60.0,37800,2026-09-15,,,,,,,,
1789438860,60.1,60.1,60.0,60.1,4400,2026-09-15,,,,,,,,
1789438920,60.1,60.1,60.0,60.1,9900,2026-09-15,,,,,,,,
1789438980,60.1,60.1,60.0,60.1,11500,2026-09-15,,,,,,,,
1789439040,60.1,60.2,60.0,60.2,9000,2026-09-15,,,,,,,,
1789439100,60.1,60.2,60.1,60.1,3700,2026-09-15,,,,,,,,
1789439160,60.1,60.1,59.9,59.9,19600,2026-09-15,,,,,,,,
1789439220,59.9,60.0,59.9,59.9,21200,2026-09-15,,,,,,,,
1789439280,59.9,59.9,59.8,59.9,31200,2026-09-15,,,,,,,,
1789439340,59.9,59.9,59.8,59.9,2500,2026-09-15,,,,,,,,
1789439400,59.9,59.9,59.8,59.9,8800,2026-09-15,,,,,,,,
1789439460,59.8,59.8,59.8,59.8,900,2026-09-15,,,,,,,,
1789439520,59.8,59.9,59.8,59.8,18500,2026-09-15,,,,,,,,
1789439580,59.8,59.8,59.8,59.8,2900,2026-09-15,,,,,,,,
1789439640,59.8,59.8,59.7,59.8,2800,2026-09-15,,,,,,,,
1789439700,59.8,59.9,59.8,59.8,1300,2026-09-15,,,,,,,,
1789439760,59.9,59.9,59.9,59.9,1500,2026-09-15,,,,,,,,
1789439820,59.9,59.9,59.9,59.9,2000,2026-09-15,,,,,,,,
1789439880,59.9,59.9,59.8,59.8,3500,2026-09-15,,,,,,,,
1789439940,59.8,59.8,59.7,59.7,12600,2026-09-15,,,,,,,,
1789440000,59.7,59.9,59.7,59.9,3800,2026-09-15,,,,,,,,
1789440060,59.9,59.9,59.8,59.9,1500,2026-09-15,,,,,,,,
1789440120,59.9,59.9,59.8,59.8,3500,2026-09-15,,,,,,,,
1789440180,59.8,59.8,59.7,59.7,5600,2026-09-15,,,,,,,,
1789440240,59.7,59.8,59.7,59.8,13100,2026-09-15,,,,,,,,
1789440300,59.8,59.8,59.8,59.8,1500,2026-09-15,,,,,,,,
1789440360,59.8,59.8,59.7,59.7,1500,2026-09-15,,,,,,,,
1789440420,59.7,59.8,59.7,59.8,500,2026-09-15,,,,,,,,
1789440480,59.8,59.8,59.7,59.7,1300,2026-09-15,,,,,,,,
1789440540,59.7,59.7,59.7,59.7,3900,2026-09-15,,,,,,,,
1789440600,59.7,59.8,59.7,59.7,13100,2026-09-15,,,,,,,,
1789440660,59.7,59.7,59.7,59.7,2200,2026-09-15,,,,,,,,
1789440720,59.7,59.7,59.6,59.7,4700,2026-09-15,,,,,,,,
1789440780,59.7,59.7,59.5,59.7,24400,2026-09-15,,,,,,,,
1789440840,59.7,59.8,59.7,59.7,900,2026-09-15,,,,,,,,
1789440900,59.6,59.6,59.5,59.5,16600,2026-09-15,,,,,,,,
1789440960,59.7,59.7,59.5,59.6,7500,2026-09-15,,,,,,,,
1789441020,59.6,59.6,59.6,59.6,400,2026-09-15,,,,,,,,
1789441080,59.6,59.6,59.5,59.5,400,2026-09-15,,,,,,,,
1789441140,59.5,59.5,59.5,59.5,400,2026-09-15,,,,,,,,
1789441200,59.6,59.6,59.5,59.6,3000,2026-09-15,,,,,,,,
1789441260,59.6,59.7,59.6,59.7,1900,2026-09-15,,,,,,,,
1789441320,59.7,59.7,59.7,59.7,700,2026-09-15,,,,,,,,
1789441380,59.7,59.7,59.7,59.7,1400,2026-09-15,,,,,,,,
1789441440,59.7,59.7,59.6,59.6,1700,2026-09-15,,,,,,,,
1789441500,59.6,59.6,59.6,59.6,4800,2026-09-15,,,,,,,,
1789441560,59.6,59.7,59.6,59.7,1300,2026-09-15,,,,,,,,
1789441620,59.7,59.7,59.6,59.7,5100,2026-09-15,,,,,,,,
1789441680,59.7,59.8,59.7,59.7,3300,2026-09-15,,,,,,,,
1789441740,59.7,59.8,59.7,59.8,900,2026-09-15,,,,,,,,
1789441800,59.8,59.8,59.8,59.8,2400,2026-09-15,,,,,,,,
1789441860,59.8,59.8,59.7,59.7,12400,2026-09-15,,,,,,,,
1789441920,59.8,59.8,59.8,59.8,4100,2026-09-15,,,,,,,,
1789441980,59.7,59.9,59.7,59.8,1600,2026-09-15,,,,,,,,
1789442040,59.8,59.8,59.8,59.8,1500,2026-09-15,,,,,,,,
1789442100,59.7,59.9,59.7,59.9,6000,2026-09-15,,,,,,,,
1789442160,59.8,59.9,59.8,59.8,5100,2026-09-15,,,,,,,,
1789442220,59.8,59.8,59.8,59.8,1700,2026-09-15,,,,,,,,
1789442280,59.9,59.9,59.8,59.9,2000,2026-09-15,,,,,,,,
1789442340,59.9,59.9,59.8,59.9,700,2026-09-15,,,,,,,,
1789442400,59.9,59.9,59.8,59.8,15100,2026-09-15,,,,,,,,
1789442460,59.7,59.8,59.7,59.8,3700,2026-09-15,,,,,,,,
1789442520,59.8,59.8,59.7,59.8,5500,2026-09-15,,,,,,,,
1789442580,59.8,59.8,59.8,59.8,1000,2026-09-15,,,,,,,,
1789442640,59.8,59.8,59.8,59.8,2100,2026-09-15,,,,,,,,
1789442700,59.8,59.9,59.7,59.8,1700,2026-09-15,,,,,,,,
1789442760,59.8,59.9,59.8,59.9,1300,2026-09-15,,,,,,,,
1789442820,59.8,60.0,59.8,59.9,53200,2026-09-15,,,,,,,,
1789442880,60.0,60.0,60.0,60.0,500,2026-09-15,,,,,,,,
1789442940,59.9,59.9,59.7,59.8,7600,2026-09-15,,,,,,,,
1789443000,59.9,59.9,59.9,59.9,1300,2026-09-15,,,,,,,,
1789443060,59.8,59.8,59.8,59.8,900,2026-09-15,,,,,,,,
1789443120,59.8,59.9,59.8,59.9,11700,2026-09-15,,,,,,,,
1789443180,59.9,60.0,59.8,59.8,8400,2026-09-15,,,,,,,,
1789443240,59.8,59.8,59.8,59.8,500,2026-09-15,,,,,,,,
1789443300,59.8,59.8,59.7,59.7,7100,2026-09-15,,,,,,,,
1789443360,59.7,59.8,59.7,59.8,800,2026-09-15,,,,,,,,
1789443420,59.8,59.8,59.7,59.8,1800,2026-09-15,,,,,,,,
1789443480,59.7,59.8,59.7,59.8,6300,2026-09-15,,,,,,,,
1789443540,59.8,59.8,59.8,59.8,2000,2026-09-15,,,,,,,,
1789443600,59.8,59.8,59.8,59.8,100,2026-09-15,,,,,,,,
1789443660,59.7,59.8,59.7,59.7,7200,2026-09-15,,,,,,,,
1789443720,59.7,59.8,59.7,59.8,1400,2026-09-15,,,,,,,,
1789443780,59.8,59.8,59.8,59.8,100,2026-09-15,,,,,,,,
1789443840,59.7,59.8,59.6,59.8,6900,2026-09-15,,,,,,,,
1789443900,59.8,59.8,59.7,59.7,1600,2026-09-15,,,,,,,,
1789443960,59.7,59.8,59.6,59.8,1500,2026-09-15,,,,,,,,
1789444020,59.7,59.8,59.6,59.8,6000,2026-09-15,,,,,,,,
1789444080,59.8,59.8,59.8,59.8,100,2026-09-15,,,,,,,,
1789444140,59.8,59.8,59.6,59.6,8200,2026-09-15,,,,,,,,
1789444200,59.7,59.8,59.7,59.8,3200,2026-09-15,,,,,,,,
1789444260,59.7,59.8,59.7,59.8,19000,2026-09-15,,,,,,,,
1789444320,59.7,59.7,59.6,59.6,27700,2026-09-15,,,,,,,,
1789444380,59.6,59.8,59.5,59.6,4600,2026-09-15,,,,,,,,
1789444440,59.6,59.6,59.6,59.6,1200,2026-09-15,,,,,,,,
1789444500,59.6,59.6,59.5,59.5,6500,2026-09-15,,,,,,,,
1789444560,59.5,59.7,59.5,59.7,1600,2026-09-15,,,,,,,,
1789444620,59.6,59.7,59.5,59.5,13700,2026-09-15,,,,,,,,
1789444680,59.7,59.8,59.5,59.8,10600,2026-09-15,,,,,,,,
1789444740,59.7,59.7,59.5,59.6,3200,2026-09-15,,,,,,,,
1789444800,59.7,59.7,59.6,59.6,1900,2026-09-15,,,,,,,,
1789444860,59.5,59.7,59.5,59.7,5900,2026-09-15,,,,,,,,
1789444920,59.7,59.7,59.6,59.6,1100,2026-09-15,,,,,,,,
1789444980,59.6,59.6,59.5,59.5,5900,2026-09-15,,,,,,,,
1789445040,59.6,59.7,59.6,59.7,1100,2026-09-15,,,,,,,,
1789445100,59.7,59.7,59.7,59.7,600,2026-09-15,,,,,,,,
1789445160,59.7,59.7,59.5,59.5,8000,2026-09-15,,,,,,,,
1789445220,59.5,59.7,59.5,59.7,2300,2026-09-15,,,,,,,,
1789445280,59.7,59.7,59.7,59.7,500,2026-09-15,,,,,,,,
1789445340,59.7,59.7,59.5,59.5,6400,2026-09-15,,,,,,,,
1789445400,59.5,59.7,59.5,59.7,400,2026-09-15,,,,,,,,
1789445460,59.5,59.5,59.5,59.5,1300,2026-09-15,,,,,,,,
1789445520,59.7,59.7,59.5,59.6,6500,2026-09-15,,,,,,,,
1789445580,59.6,59.6,59.5,59.6,800,2026-09-15,,,,,,,,
1789445640,59.5,59.5,59.5,59.5,5600,2026-09-15,,,,,,,,
1789445700,59.5,59.7,59.4,59.7,2800,2026-09-15,,,,,,,,
1789445820,59.7,59.7,59.5,59.5,5900,2026-09-15,,,,,,,,
1789445880,59.5,59.5,59.5,59.5,400,2026-09-15,,,,,,,,
1789445940,59.5,59.6,59.5,59.6,1200,2026-09-15,,,,,,,,
1789446000,59.6,59.6,59.5,59.6,7400,2026-09-15,,,,,,,,
1789446060,59.6,59.7,59.6,59.7,700,2026-09-15,,,,,,,,
1789446120,59.7,59.7,59.7,59.7,500,2026-09-15,,,,,,,,
1789446180,59.7,59.7,59.6,59.6,11100,2026-09-15,,,,,,,,
1789446240,59.6,59.7,59.6,59.7,300,2026-09-15,,,,,,,,
1789446300,59.7,59.7,59.7,59.7,100,2026-09-15,,,,,,,,
1789446360,59.6,59.6,59.5,59.5,6200,2026-09-15,,,,,,,,
1789446420,59.6,59.6,59.5,59.6,3700,2026-09-15,,,,,,,,
1789446480,59.6,59.6,59.5,59.5,6400,2026-09-15,,,,,,,,
1789446540,59.7,59.7,59.5,59.5,500,2026-09-15,,,,,,,,
1789452000,59.5,59.6,59.5,59.5,34600,2026-09-15,,,,,,,,
1789452060,59.7,59.7,59.6,59.6,1800,2026-09-15,,,,,,,,
1789452120,59.6,59.6,59.5,59.5,2200,2026-09-15,,,,,,,,
1789452180,59.5,59.6,59.5,59.5,10600,2026-09-15,,,,,,,,
1789452240,59.5,59.6,59.5,59.6,1100,2026-09-15,,,,,,,,
1789452300,59.6,59.6,59.6,59.6,19200,2026-09-15,,,,,,,,
1789452360,59.6,59.7,59.6,59.6,8200,2026-09-15,,,,,,,,
1789452420,59.6,59.7,59.6,59.6,16800,2026-09-15,,,,,,,,
1789452480,59.7,59.8,59.7,59.8,27200,2026-09-15,,,,,,,,
1789452540,59.8,59.8,59.7,59.8,7300,2026-09-15,,,,,,,,
1789452600,59.8,59.8,59.7,59.7,2200,2026-09-15,,,,,,,,
1789452660,59.7,59.8,59.7,59.8,1700,2026-09-15,,,,,,,,
1789452720,59.8,59.8,59.7,59.8,11400,2026-09-15,,,,,,,,
1789452780,59.9,59.9,59.8,59.8,6500,2026-09-15,,,,,,,,
1789452840,59.8,59.9,59.7,59.7,8100,2026-09-15,,,,,,,,
1789452900,59.9,59.9,59.7,59.8,2300,2026-09-15,,,,,,,,
1789452960,59.8,59.8,59.8,59.8,900,2026-09-15,,,,,,,,
1789453020,59.8,59.9,59.8,59.9,11600,2026-09-15,,,,,,,,
1789453080,59.9,59.9,59.9,59.9,300,2026-09-15,,,,,,,,
1789453140,59.8,59.8,59.8,59.8,14900,2026-09-15,,,,,,,,
1789453200,59.8,59.8,59.7,59.8,6300,2026-09-15,,,,,,,,
1789453260,59.8,59.8,59.8,59.8,1600,2026-09-15,,,,,,,,
1789453320,59.8,59.8,59.7,59.8,1400,2026-09-15,,,,,,,,
1789453380,59.8,59.8,59.7,59.8,1200,2026-09-15,,,,,,,,
1789453440,59.8,59.8,59.7,59.7,2900,2026-09-15,,,,,,,,
1789453500,59.8,59.8,59.7,59.8,4200,2026-09-15,,,,,,,,
1789453560,59.8,59.8,59.8,59.8,200,2026-09-15,,,,,,,,
1789453620,59.7,59.8,59.7,59.8,2100,2026-09-15,,,,,,,,
1789453680,59.8,59.8,59.7,59.8,2100,2026-09-15,,,,,,,,
1789453740,59.8,59.8,59.8,59.8,300,2026-09-15,,,,,,,,
1789453800,59.8,59.8,59.8,59.8,400,2026-09-15,,,,,,,,
1789453860,59.7,59.8,59.7,59.8,22600,2026-09-15,,,,,,,,
1789453920,59.8,59.9,59.7,59.7,17100,2026-09-15,,,,,,,,
1789453980,59.7,59.9,59.7,59.9,8300,2026-09-15,,,,,,,,
1789454040,59.9,59.9,59.8,59.9,3500,2026-09-15,,,,,,,,
1789454100,59.8,59.9,59.7,59.9,3200,2026-09-15,,,,,,,,
1789454160,59.9,59.9,59.8,59.8,11600,2026-09-15,,,,,,,,
1789454220,59.8,59.8,59.7,59.7,3500,2026-09-15,,,,,,,,
1789454280,59.7,59.8,59.7,59.8,6000,2026-09-15,,,,,,,,
1789454340,59.8,59.8,59.7,59.8,4600,2026-09-15,,,,,,,,
1789454400,59.8,59.8,59.7,59.7,1700,2026-09-15,,,,,,,,
1789454460,59.7,59.8,59.7,59.7,800,2026-09-15,,,,,,,,
1789454520,59.7,59.8,59.7,59.8,1500,2026-09-15,,,,,,,,
1789454580,59.8,59.8,59.7,59.7,1500,2026-09-15,,,,,,,,
1789454640,59.7,59.8,59.7,59.8,15700,2026-09-15,,,,,,,,
1789454700,59.8,59.9,59.8,59.9,1400,2026-09-15,,,,,,,,
1789454760,59.8,59.9,59.8,59.9,200,2026-09-15,,,,,,,,
1789454820,59.9,59.9,59.8,59.8,6000,2026-09-15,,,,,,,,
1789454880,59.9,59.9,59.8,59.8,1200,2026-09-15,,,,,,,,
1789454940,59.9,59.9,59.8,59.8,12600,2026-09-15,,,,,,,,
1789455000,59.9,59.9,59.9,59.9,900,2026-09-15,,,,,,,,
1789455060,59.8,59.9,59.7,59.7,8800,2026-09-15,,,,,,,,
1789455120,59.7,59.9,59.7,59.9,400,2026-09-15,,,,,,,,
1789455180,59.9,59.9,59.9,59.9,1500,2026-09-15,,,,,,,,
1789455240,59.9,59.9,59.8,59.8,800,2026-09-15,,,,,,,,
1789455300,59.9,59.9,59.8,59.9,3900,2026-09-15,,,,,,,,
1789455360,59.8,59.9,59.8,59.9,2300,2026-09-15,,,,,,,,
1789455420,59.8,59.8,59.8,59.8,6300,2026-09-15,,,,,,,,
1789455480,59.8,59.8,59.7,59.8,1900,2026-09-15,,,,,,,,
1789455540,59.8,59.8,59.7,59.8,900,2026-09-15,,,,,,,,
1789455600,59.7,59.8,59.7,59.7,8000,2026-09-15,,,,,,,,
1789455660,59.7,59.8,59.7,59.7,900,2026-09-15,,,,,,,,
1789455720,59.7,59.8,59.7,59.7,2400,2026-09-15,,,,,,,,
1789455780,59.7,59.8,59.7,59.8,900,2026-09-15,,,,,,,,
1789455840,59.8,59.8,59.8,59.8,200,2026-09-15,,,,,,,,
1789455900,59.8,59.8,59.7,59.8,26300,2026-09-15,,,,,,,,
1789455960,59.7,59.7,59.7,59.7,1100,2026-09-15,,,,,,,,
1789456020,59.7,59.8,59.7,59.8,1000,2026-09-15,,,,,,,,
1789456080,59.8,59.8,59.8,59.8,8800,2026-09-15,,,,,,,,
1789456140,59.8,59.8,59.7,59.7,7500,2026-09-15,,,,,,,,
1789456200,59.7,59.8,59.7,59.8,2800,2026-09-15,,,,,,,,
1789456260,59.8,59.8,59.7,59.8,2700,2026-09-15,,,,,,,,
1789456320,59.7,59.9,59.7,59.9,29300,2026-09-15,,,,,,,,
1789456380,59.9,59.9,59.8,59.8,1100,2026-09-15,,,,,,,,
1789456440,59.9,59.9,59.8,59.8,7100,2026-09-15,,,,,,,,
1789456500,59.8,59.9,59.7,59.9,49400,2026-09-15,,,,,,,,
1789456560,59.7,59.9,59.7,59.8,1500,2026-09-15,,,,,,,,
1789456620,59.8,59.8,59.7,59.7,10900,2026-09-15,,,,,,,,
1789456680,59.7,59.8,59.5,59.8,117600,2026-09-15,,,,,,,,
1789456740,59.7,59.8,59.7,59.8,2100,2026-09-15,,,,,,,,
1789456800,59.7,59.8,59.7,59.8,6000,2026-09-15,,,,,,,,
1789456860,59.8,59.9,59.7,59.8,25100,2026-09-15,,,,,,,,
1789456920,59.8,59.8,59.7,59.7,15700,2026-09-15,,,,,,,,
1789456980,59.7,59.8,59.7,59.7,6700,2026-09-15,,,,,,,,
1789457040,59.7,59.8,59.7,59.8,8100,2026-09-15,,,,,,,,
1789457100,59.7,59.8,59.7,59.7,23000,2026-09-15,,,,,,,,
1789457160,59.7,59.8,59.7,59.8,11800,2026-09-15,,,,,,,,
1789457220,59.8,59.8,59.7,59.7,2500,2026-09-15,,,,,,,,
1789457280,59.7,59.8,59.7,59.7,4300,2026-09-15,,,,,,,,
1789457340,59.7,59.8,59.7,59.8,13000,2026-09-15,,,,,,,,
1789458300,59.7,59.7,59.7,59.7,527000,2026-09-15,,,,,,,,
1789524900,59.8,60.0,59.8,60.0,27000,2026-09-16,,,,,,,,
1789524960,59.9,60.0,59.9,60.0,2700,2026-09-16,,,,,,,,
1789525020,60.0,60.1,60.0,60.1,27000,2026-09-16,,,,,,,,
1789525080,60.1,60.2,60.1,60.1,4300,2026-09-16,,,,,,,,
1789525140,60.1,60.3,60.1,60.2,23700,2026-09-16,,,,,,,,
1789525200,60.1,60.2,60.1,60.1,1500,2026-09-16,,,,,,,,
1789525260,60.1,60.2,60.1,60.1,4400,2026-09-16,,,,,,,,
1789525320,60.0,60.1,60.0,60.1,1700,2026-09-16,,,,,,,,
1789525380,60.1,60.1,60.1,60.1,2700,2026-09-16,,,,,,,,
1789525440,60.1,60.2,60.0,60.2,3900,2026-09-16,,,,,,,,
1789525500,60.2,60.2,60.2,60.2,5100,2026-09-16,,,,,,,,
1789525560,60.2,60.2,60.2,60.2,300,2026-09-16,,,,,,,,
1789525620,60.2,60.2,60.1,60.2,3900,2026-09-16,,,,,,,,
1789525680,60.2,60.2,60.2,60.2,1600,2026-09-16,,,,,,,,
1789525740,60.2,60.2,60.2,60.2,16600,2026-09-16,,,,,,,,
1789525800,60.3,60.3,60.2,60.2,3800,2026-09-16,,,,,,,,
1789525860,60.2,60.3,60.2,60.2,4400,2026-09-16,,,,,,,,
1789525920,60.2,60.3,60.2,60.3,2100,2026-09-16,,,,,,,,
1789525980,60.3,60.3,60.2,60.3,1700,2026-09-16,,,,,,,,
1789526040,60.3,60.3,60.1,60.2,3800,2026-09-16,,,,,,,,
1789526100,60.2,60.2,60.1,60.2,1800,2026-09-16,,,,,,,,
1789526160,60.2,60.2,60.1,60.2,900,2026-09-16,,,,,,,,
1789526220,60.2,60.2,60.2,60.2,400,2026-09-16,,,,,,,,
1789526280,60.2,60.2,60.1,60.2,900,2026-09-16,,,,,,,,
1789526340,60.1,60.2,60.1,60.2,8600,2026-09-16,,,,,,,,
1789526400,60.2,60.2,60.1,60.1,9900,2026-09-16,,,,,,,,
1789526460,60.1,60.1,60.0,60.1,1800,2026-09-16,,,,,,,,
1789526520,60.1,60.1,60.0,60.0,600,2026-09-16,,,,,,,,
1789526580,60.1,60.1,60.0,60.1,1600,2026-09-16,,,,,,,,
1789526640,60.1,60.1,60.1,60.1,500,2026-09-16,,,,,,,,
1789526700,60.1,60.1,60.1,60.1,1100,2026-09-16,,,,,,,,
1789526760,60.0,60.1,60.0,60.1,1000,2026-09-16,,,,,,,,
1789526820,60.1,60.1,60.0,60.1,500,2026-09-16,,,,,,,,
1789526880,60.1,60.1,60.0,60.1,2200,2026-09-16,,,,,,,,
1789526940,60.0,60.1,60.0,60.0,1100,2026-09-16,,,,,,,,
1789527000,60.1,60.1,60.0,60.0,2400,2026-09-16,,,,,,,,
1789527060,60.1,60.1,60.1,60.1,2900,2026-09-16,,,,,,,,
1789527120,60.1,60.1,60.0,60.1,900,2026-09-16,,,,,,,,
1789527180,60.1,60.1,60.0,60.0,1500,2026-09-16,,,,,,,,
1789527240,60.1,60.1,60.0,60.1,3700,2026-09-16,,,,,,,,
1789527300,60.1,60.1,60.0,60.1,4600,2026-09-16,,,,,,,,
1789527360,60.1,60.1,60.0,60.1,9800,2026-09-16,,,,,,,,
1789527420,60.1,60.1,59.9,60.0,5100,2026-09-16,,,,,,,,
1789527480,60.0,60.0,59.8,60.0,12300,2026-09-16,,,,,,,,
1789527540,60.0,60.0,60.0,60.0,600,2026-09-16,,,,,,,,
1789527600,60.0,60.0,60.0,60.0,500,2026-09-16,,,,,,,,
1789527660,60.0,60.0,59.9,59.9,1000,2026-09-16,,,,,,,,
1789527720,60.0,60.0,60.0,60.0,400,2026-09-16,,,,,,,,
1789527780,60.0,60.0,59.9,60.0,1600,2026-09-16,,,,,,,,
1789527840,60.0,60.0,59.9,60.0,2400,2026-09-16,,,,,,,,
1789527900,60.0,60.0,59.9,60.0,2200,2026-09-16,,,,,,,,
1789527960,60.0,60.0,59.9,59.9,8600,2026-09-16,,,,,,,,
1789528020,60.0,60.0,59.9,60.0,5300,2026-09-16,,,,,,,,
1789528080,60.0,60.0,60.0,60.0,1000,2026-09-16,,,,,,,,
1789528140,59.9,60.0,59.9,60.0,7700,2026-09-16,,,,,,,,
1789528200,60.0,60.0,60.0,60.0,700,2026-09-16,,,,,,,,
1789528260,60.0,60.0,60.0,60.0,800,2026-09-16,,,,,,,,
1789528320,59.9,60.0,59.9,60.0,700,2026-09-16,,,,,,,,
1789528380,60.0,60.0,59.9,59.9,2000,2026-09-16,,,,,,,,
1789528440,60.0,60.0,59.9,59.9,1800,2026-09-16,,,,,,,,
1789528500,60.0,60.0,59.9,60.0,1600,2026-09-16,,,,,,,,
1789528560,60.0,60.0,60.0,60.0,600,2026-09-16,,,,,,,,
1789528620,60.0,60.0,60.0,60.0,600,2026-09-16,,,,,,,,
1789528680,60.0,60.0,59.8,59.8,15900,2026-09-16,,,,,,,,
1789528740,59.8,60.0,59.8,60.0,44700,2026-09-16,,,,,,,,
1789528800,60.0,60.0,59.9,59.9,6500,2026-09-16,,,,,,,,
1789528860,59.9,59.9,59.9,59.9,2400,2026-09-16,,,,,,,,
1789528920,59.9,60.0,59.9,60.0,10500,2026-09-16,,,,,,,,
1789528980,60.0,60.0,60.0,60.0,11400,2026-09-16,,,,,,,,
1789529040,60.0,60.0,60.0,60.0,10700,2026-09-16,,,,,,,,
1789529100,60.0,60.0,59.9,60.0,11000,2026-09-16,,,,,,,,
1789529160,60.0,60.1,60.0,60.1,14800,2026-09-16,,,,,,,,
1789529220,60.1,60.1,60.0,60.1,6000,2026-09-16,,,,,,,,
1789529280,60.1,60.1,60.1,60.1,1100,2026-09-16,,,,,,,,
1789529340,60.1,60.1,60.1,60.1,4300,2026-09-16,,,,,,,,
1789529400,60.1,60.1,60.0,60.0,4400,2026-09-16,,,,,,,,
1789529460,60.0,60.1,60.0,60.1,2700,2026-09-16,,,,,,,,
1789529520,60.1,60.1,60.1,60.1,1200,2026-09-16,,,,,,,,
1789529580,60.1,60.1,60.1,60.1,1200,2026-09-16,,,,,,,,
1789529640,60.1,60.1,60.1,60.1,2000,2026-09-16,,,,,,,,
1789529700,60.1,60.1,60.1,60.1,1500,2026-09-16,,,,,,,,
1789529760,60.1,60.1,59.9,60.0,9200,2026-09-16,,,,,,,,
1789529820,60.0,60.1,60.0,60.1,1800,2026-09-16,,,,,,,,
1789529880,60.1,60.1,60.1,60.1,1400,2026-09-16,,,,,,,,
1789529940,60.1,60.1,60.1,60.1,700,2026-09-16,,,,,,,,
1789530000,60.1,60.1,60.0,60.1,2100,2026-09-16,,,,,,,,
1789530060,60.1,60.1,60.1,60.1,1200,2026-09-16,,,,,,,,
1789530120,60.1,60.1,60.1,60.1,1200,2026-09-16,,,,,,,,
1789530180,60.1,60.1,60.0,60.0,2600,2026-09-16,,,,,,,,
1789530240,60.0,60.1,60.0,60.1,2700,2026-09-16,,,,,,,,
1789530300,60.1,60.1,60.0,60.1,12000,2026-09-16,,,,,,,,
1789530360,60.1,60.1,60.1,60.1,5700,2026-09-16,,,,,,,,
1789530420,60.1,60.1,60.0,60.1,9100,2026-09-16,,,,,,,,
1789530480,60.1,60.1,60.0,60.1,5400,2026-09-16,,,,,,,,
1789530540,60.1,60.1,60.1,60.1,1100,2026-09-16,,,,,,,,
1789530600,60.1,60.1,60.0,60.1,1600,2026-09-16,,,,,,,,
1789530660,60.1,60.1,60.0,60.1,2200,2026-09-16,,,,,,,,
1789530720,60.1,60.1,60.1,60.1,1000,2026-09-16,,,,,,,,
1789530780,60.1,60.1,60.0,60.1,1200,2026-09-16,,,,,,,,
1789530840,60.1,60.1,60.0,60.1,1300,2026-09-16,,,,,,,,
1789530900,60.1,60.1,60.1,60.1,1400,2026-09-16,,,,,,,,
1789530960,60.1,60.1,60.1,60.1,800,2026-09-16,,,,,,,,
1789531020,60.1,60.1,60.1,60.1,800,2026-09-16,,,,,,,,
1789531080,60.1,60.1,60.1,60.1,1700,2026-09-16,,,,,,,,
1789531140,60.1,60.1,60.0,60.1,3700,2026-09-16,,,,,,,,
1789531200,60.1,60.1,60.1,60.1,1100,2026-09-16,,,,,,,,
1789531260,60.1,60.1,60.1,60.1,900,2026-09-16,,,,,,,,
1789531320,60.1,60.1,60.1,60.1,1500,2026-09-16,,,,,,,,
1789531380,60.1,60.1,60.0,60.1,2900,2026-09-16,,,,,,,,
1789531440,60.1,60.1,60.1,60.1,2300,2026-09-16,,,,,,,,
1789531500,60.1,60.1,60.1,60.1,1500,2026-09-16,,,,,,,,
1789531560,60.1,60.1,60.0,60.1,2000,2026-09-16,,,,,,,,
1789531620,60.1,60.1,60.1,60.1,1100,2026-09-16,,,,,,,,
1789531680,60.1,60.1,60.0,60.1,2200,2026-09-16,,,,,,,,
1789531740,60.1,60.1,60.0,60.1,4700,2026-09-16,,,,,,,,
1789531800,60.1,60.1,60.1,60.1,900,2026-09-16,,,,,,,,
1789531860,60.1,60.1,60.1,60.1,800,2026-09-16,,,,,,,,
1789531920,60.1,60.1,60.0,60.0,1800,2026-09-16,,,,,,,,
1789531980,60.1,60.1,60.1,60.1,2800,2026-09-16,,,,,,,,
1789532040,60.1,60.1,60.1,60.1,700,2026-09-16,,,,,,,,
1789532100,60.1,60.1,60.1,60.1,1800,2026-09-16,,,,,,,,
1789532160,60.1,60.1,60.1,60.1,1100,2026-09-16,,,,,,,,
1789532220,60.1,60.1,60.0,60.1,1200,2026-09-16,,,,,,,,
1789532280,60.1,60.1,60.0,60.1,2100,2026-09-16,,,,,,,,
1789532340,60.1,60.1,60.1,60.1,600,2026-09-16,,,,,,,,
1789532400,60.1,60.1,60.0,60.1,3000,2026-09-16,,,,,,,,
1789532460,60.1,60.1,60.0,60.1,6600,2026-09-16,,,,,,,,
1789532520,60.1,60.1,60.0,60.0,2100,2026-09-16,,,,,,,,
1789532580,60.0,60.1,60.0,60.1,2700,2026-09-16,,,,,,,,
1789532640,60.1,60.1,60.0,60.1,6000,2026-09-16,,,,,,,,
1789532700,60.1,60.1,60.1,60.1,2600,2026-09-16,,,,,,,,
1789532760,60.1,60.1,60.0,60.0,8900,2026-09-16,,,,,,,,
1789532820,60.0,60.1,60.0,60.0,2400,2026-09-16,,,,,,,,
1789532880,60.0,60.0,60.0,60.0,2000,2026-09-16,,,,,,,,
1789532940,60.0,60.0,60.0,60.0,3500,2026-09-16,,,,,,,,
1789538400,60.0,60.0,59.9,59.9,8400,2026-09-16,,,,,,,,
1789538460,60.0,60.0,59.9,60.0,17000,2026-09-16,,,,,,,,
1789538520,60.0,60.0,59.9,60.0,5400,2026-09-16,,,,,,,,
1789538580,60.0,60.0,59.9,59.9,6100,2026-09-16,,,,,,,,
1789538640,60.0,60.0,59.8,59.9,3400,2026-09-16,,,,,,,,
1789538700,59.9,59.9,59.8,59.9,2800,2026-09-16,,,,,,,,
1789538760,59.9,59.9,59.8,59.8,2800,2026-09-16,,,,,,,,
1789538820,59.9,59.9,59.8,59.8,1700,2026-09-16,,,,,,,,
1789538880,59.9,59.9,59.8,59.9,2200,2026-09-16,,,,,,,,
1789538940,59.9,59.9,59.8,59.8,28300,2026-09-16,,,,,,,,
1789539000,59.9,60.0,59.9,60.0,10100,2026-09-16,,,,,,,,
1789539060,60.0,60.0,59.9,60.0,8800,2026-09-16,,,,,,,,
1789539120,60.0,60.0,59.9,60.0,10800,2026-09-16,,,,,,,,
1789539180,60.0,60.0,60.0,60.0,6500,2026-09-16,,,,,,,,
1789539240,60.0,60.0,60.0,60.0,6000,2026-09-16,,,,,,,,
1789539300,60.0,60.0,59.9,59.9,10300,2026-09-16,,,,,,,,
1789539360,59.9,59.9,59.9,59.9,4400,2026-09-16,,,,,,,,
1789539420,59.9,59.9,59.8,59.9,3100,2026-09-16,,,,,,,,
1789539480,59.8,59.9,59.8,59.9,6400,2026-09-16,,,,,,,,
1789539540,59.9,59.9,59.9,59.9,800,2026-09-16,,,,,,,,
1789539600,59.9,59.9,59.9,59.9,10800,2026-09-16,,,,,,,,
1789539660,59.9,60.0,59.9,60.0,17300,2026-09-16,,,,,,,,
1789539720,60.0,60.0,59.9,59.9,8100,2026-09-16,,,,,,,,
1789539780,59.9,60.0,59.9,60.0,1900,2026-09-16,,,,,,,,
1789539840,60.0,60.0,60.0,60.0,1200,2026-09-16,,,,,,,,
1789539900,60.0,60.0,60.0,60.0,14600,2026-09-16,,,,,,,,
1789539960,60.0,60.0,60.0,60.0,8600,2026-09-16,,,,,,,,
1789540020,60.0,60.0,60.0,60.0,12700,2026-09-16,,,,,,,,
1789540080,60.0,60.0,60.0,60.0,30200,2026-09-16,,,,,,,,
1789540140,60.0,60.1,60.0,60.1,1600,2026-09-16,,,,,,,,
1789540200,60.1,60.1,60.0,60.0,8500,2026-09-16,,,,,,,,
1789540260,60.1,60.1,60.0,60.1,1600,2026-09-16,,,,,,,,
1789540320,60.1,60.1,60.0,60.0,2600,2026-09-16,,,,,,,,
1789540380,60.1,60.1,60.0,60.1,1500,2026-09-16,,,,,,,,
1789540440,60.1,60.1,60.0,60.1,2700,2026-09-16,,,,,,,,
1789540500,60.1,60.1,60.0,60.0,21700,2026-09-16,,,,,,,,
1789540560,60.0,60.1,60.0,60.1,15100,2026-09-16,,,,,,,,
1789540620,60.0,60.1,59.9,60.0,7800,2026-09-16,,,,,,,,
1789540680,60.0,60.0,59.9,60.0,11400,2026-09-16,,,,,,,,
1789540740,60.0,60.0,59.9,60.0,4700,2026-09-16,,,,,,,,
1789540800,60.0,60.0,60.0,60.0,4300,2026-09-16,,,,,,,,
1789540860,60.0,60.0,60.0,60.0,2100,2026-09-16,,,,,,,,
1789540920,60.0,60.0,59.9,60.0,5100,2026-09-16,,,,,,,,
1789540980,60.0,60.0,59.9,59.9,3500,2026-09-16,,,,,,,,
1789541040,60.0,60.0,60.0,60.0,2300,2026-09-16,,,,,,,,
1789541100,60.0,60.0,60.0,60.0,5500,2026-09-16,,,,,,,,
1789541160,60.0,60.0,60.0,60.0,5200,2026-09-16,,,,,,,,
1789541220,60.0,60.0,59.9,60.0,5300,2026-09-16,,,,,,,,
1789541280,60.0,60.0,60.0,60.0,3300,2026-09-16,,,,,,,,
1789541340,60.0,60.0,59.9,60.0,4000,2026-09-16,,,,,,,,
1789541400,60.0,60.0,60.0,60.0,23300,2026-09-16,,,,,,,,
1789541460,60.0,60.1,59.9,60.1,15300,2026-09-16,,,,,,,,
1789541520,60.0,60.1,60.0,60.1,5000,2026-09-16,,,,,,,,
1789541580,60.1,60.1,60.0,60.1,3800,2026-09-16,,,,,,,,
1789541640,60.1,60.1,60.0,60.0,3400,2026-09-16,,,,,,,,
1789541700,60.0,60.1,60.0,60.1,2200,2026-09-16,,,,,,,,
1789541760,60.1,60.1,60.0,60.1,6500,2026-09-16,,,,,,,,
1789541820,60.1,60.1,60.0,60.1,4100,2026-09-16,,,,,,,,
1789541880,60.1,60.1,60.0,60.1,7900,2026-09-16,,,,,,,,
1789541940,60.0,60.1,60.0,60.0,21700,2026-09-16,,,,,,,,
1789542000,60.0,60.1,60.0,60.0,12600,2026-09-16,,,,,,,,
1789542060,60.1,60.1,60.0,60.1,6100,2026-09-16,,,,,,,,
1789542120,60.1,60.1,60.0,60.1,5400,2026-09-16,,,,,,,,
1789542180,60.1,60.1,60.0,60.1,6200,2026-09-16,,,,,,,,
1789542240,60.1,60.1,60.0,60.1,5800,2026-09-16,,,,,,,,
1789542300,60.1,60.1,60.0,60.1,7200,2026-09-16,,,,,,,,
1789542360,60.1,60.1,60.1,60.1,15400,2026-09-16,,,,,,,,
1789542420,60.1,60.1,60.0,60.1,6800,2026-09-16,,,,,,,,
1789542480,60.1,60.1,60.0,60.1,4700,2026-09-16,,,,,,,,
1789542540,60.1,60.1,60.1,60.1,5400,2026-09-16,,,,,,,,
1789542600,60.1,60.1,60.0,60.1,4200,2026-09-16,,,,,,,,
1789542660,60.1,60.2,60.1,60.2,12800,2026-09-16,,,,,,,,
1789542720,60.2,60.2,60.0,60.2,10000,2026-09-16,,,,,,,,
1789542780,60.2,60.2,60.1,60.2,5900,2026-09-16,,,,,,,,
1789542840,60.2,60.2,60.2,60.2,18800,2026-09-16,,,,,,,,
1789542900,60.2,60.2,60.1,60.2,6400,2026-09-16,,,,,,,,
1789542960,60.2,60.3,60.1,60.2,19200,2026-09-16,,,,,,,,
1789543020,60.2,60.3,60.1,60.2,13200,2026-09-16,,,,,,,,
1789543080,60.2,60.3,60.1,60.3,15700,2026-09-16,,,,,,,,
1789543140,60.3,60.3,60.2,60.3,11400,2026-09-16,,,,,,,,
1789543200,60.3,60.3,60.2,60.3,38100,2026-09-16,,,,,,,,
1789543260,60.3,60.3,60.2,60.3,10300,2026-09-16,,,,,,,,
1789543320,60.2,60.3,60.2,60.2,21100,2026-09-16,,,,,,,,
1789543380,60.3,60.3,60.2,60.2,20700,2026-09-16,,,,,,,,
1789543440,60.2,60.3,60.1,60.3,12200,2026-09-16,,,,,,,,
1789543500,60.1,60.3,60.1,60.1,21200,2026-09-16,,,,,,,,
1789543560,60.1,60.2,60.0,60.0,15100,2026-09-16,,,,,,,,
1789543620,60.2,60.2,60.0,60.0,16300,2026-09-16,,,,,,,,
1789543680,60.0,60.1,60.0,60.1,19000,2026-09-16,,,,,,,,
1789543740,60.1,60.2,60.0,60.1,26600,2026-09-16,,,,,,,,
1789544700,59.6,59.6,59.6,59.6,441000,2026-09-16,,,,,,,,
1789611300,59.4,59.6,59.4,59.6,23200,2026-09-17,,,,,,,,
1789611360,59.6,60.0,59.6,60.0,9100,2026-09-17,,,,,,,,
1789611420,59.9,59.9,59.9,59.9,400,2026-09-17,,,,,,,,
1789611480,59.8,59.8,59.8,59.8,1800,2026-09-17,,,,,,,,
1789611540,59.8,59.8,59.8,59.8,2500,2026-09-17,,,,,,,,
1789611600,59.8,59.8,59.7,59.7,2500,2026-09-17,,,,,,,,
1789611660,59.8,59.8,59.8,59.8,2900,2026-09-17,,,,,,,,
1789611720,59.8,59.9,59.8,59.8,3700,2026-09-17,,,,,,,,
1789611780,59.8,59.8,59.8,59.8,6100,2026-09-17,,,,,,,,
1789611840,59.8,60.0,59.8,60.0,11900,2026-09-17,,,,,,,,
1789611900,60.0,60.2,60.0,60.2,20500,2026-09-17,,,,,,,,
1789611960,60.1,60.2,60.1,60.1,3000,2026-09-17,,,,,,,,
1789612020,60.1,60.1,60.0,60.0,1500,2026-09-17,,,,,,,,
1789612080,60.1,60.2,60.1,60.2,6400,2026-09-17,,,,,,,,
1789612140,60.2,60.2,60.1,60.2,8500,2026-09-17,,,,,,,,
1789612200,60.2,60.2,60.2,60.2,100,2026-09-17,,,,,,,,
1789612260,60.2,60.2,60.1,60.1,900,2026-09-17,,,,,,,,
1789612320,60.1,60.1,60.0,60.0,9000,2026-09-17,,,,,,,,
1789612380,60.0,60.0,60.0,60.0,4000,2026-09-17,,,,,,,,
1789612440,60.0,60.0,60.0,60.0,6200,2026-09-17,,,,,,,,
1789612500,60.0,60.0,60.0,60.0,900,2026-09-17,,,,,,,,
1789612560,60.0,60.0,60.0,60.0,6100,2026-09-17,,,,,,,,
1789612620,60.0,60.0,60.0,60.0,4200,2026-09-17,,,,,,,,
1789612680,60.0,60.0,60.0,60.0,1100,2026-09-17,,,,,,,,
1789612740,60.0,60.1,60.0,60.0,4600,2026-09-17,,,,,,,,
1789612800,60.0,60.1,60.0,60.1,5100,2026-09-17,,,,,,,,
1789612860,60.1,60.1,60.0,60.0,1800,2026-09-17,,,,,,,,
1789612920,60.0,60.0,60.0,60.0,1500,2026-09-17,,,,,,,,
1789612980,60.0,60.0,59.9,60.0,1500,2026-09-17,,,,,,,,
1789613040,60.0,60.0,60.0,60.0,2700,2026-09-17,,,,,,,,
1789613100,60.0,60.0,60.0,60.0,2500,2026-09-17,,,,,,,,
1789613160,60.0,60.0,60.0,60.0,3900,2026-09-17,,,,,,,,
1789613220,60.1,60.1,60.0,60.0,3300,2026-09-17,,,,,,,,
1789613280,60.0,60.1,60.0,60.0,4900,2026-09-17,,,,,,,,
1789613340,60.0,60.1,60.0,60.1,10500,2026-09-17,,,,,,,,
1789613400,60.1,60.1,60.0,60.1,8700,2026-09-17,,,,,,,,
1789613460,60.1,60.1,60.0,60.0,6300,2026-09-17,,,,,,,,
1789613520,60.1,60.1,60.1,60.1,1600,2026-09-17,,,,,,,,
1789613580,60.1,60.1,60.1,60.1,1500,2026-09-17,,,,,,,,
1789613640,60.1,60.1,60.1,60.1,1500,2026-09-17,,,,,,,,
1789613700,60.1,60.1,60.0,60.0,600,2026-09-17,,,,,,,,
1789613760,60.1,60.1,60.1,60.1,300,2026-09-17,,,,,,,,
1789613820,60.1,60.1,60.1,60.1,1400,2026-09-17,,,,,,,,
1789613880,60.1,60.1,60.1,60.1,3000,2026-09-17,,,,,,,,
1789613940,60.1,60.2,60.0,60.2,8600,2026-09-17,,,,,,,,
1789614000,60.2,60.2,60.1,60.2,3200,2026-09-17,,,,,,,,
1789614060,60.2,60.2,60.2,60.2,1800,2026-09-17,,,,,,,,
1789614120,60.2,60.2,60.2,60.2,800,2026-09-17,,,,,,,,
1789614180,60.2,60.2,60.1,60.2,1500,2026-09-17,,,,,,,,
1789614240,60.2,60.2,60.1,60.2,19400,2026-09-17,,,,,,,,
1789614300,60.2,60.2,60.0,60.2,10500,2026-09-17,,,,,,,,
1789614360,60.2,60.3,60.2,60.3,9000,2026-09-17,,,,,,,,
1789614420,60.3,60.3,60.2,60.2,2900,2026-09-17,,,,,,,,
1789614480,60.2,60.2,60.2,60.2,4400,2026-09-17,,,,,,,,
1789614540,60.2,60.3,60.2,60.3,4000,2026-09-17,,,,,,,,
1789614600,60.3,60.3,60.2,60.2,2100,2026-09-17,,,,,,,,
1789614660,60.3,60.3,60.2,60.2,2500,2026-09-17,,,,,,,,
1789614720,60.3,60.3,60.2,60.3,3800,2026-09-17,,,,,,,,
1789614780,60.3,60.3,60.3,60.3,1700,2026-09-17,,,,,,,,
1789614840,60.3,60.3,60.2,60.2,7600,2026-09-17,,,,,,,,
1789614900,60.2,60.2,60.2,60.2,7500,2026-09-17,,,,,,,,
1789614960,60.3,60.3,60.2,60.3,14800,2026-09-17,,,,,,,,
1789615020,60.3,60.3,60.3,60.3,17400,2026-09-17,,,,,,,,
1789615080,60.3,60.3,60.2,60.2,3900,2026-09-17,,,,,,,,
1789615140,60.2,60.4,60.2,60.3,13500,2026-09-17,,,,,,,,
1789615200,60.3,60.4,60.3,60.4,14800,2026-09-17,,,,,,,,
1789615260,60.4,60.4,60.4,60.4,2900,2026-09-17,,,,,,,,
1789615320,60.4,60.4,60.4,60.4,2000,2026-09-17,,,,,,,,
1789615380,60.4,60.4,60.3,60.3,23000,2026-09-17,,,,,,,,
1789615440,60.3,60.5,60.2,60.5,21700,2026-09-17,,,,,,,,
1789615500,60.5,60.5,60.4,60.5,4900,2026-09-17,,,,,,,,
1789615560,60.5,60.5,60.4,60.5,1900,2026-09-17,,,,,,,,
1789615620,60.5,60.5,60.4,60.5,9800,2026-09-17,,,,,,,,
1789615680,60.5,60.5,60.4,60.5,14900,2026-09-17,,,,,,,,
1789615740,60.5,60.5,60.4,60.5,2000,2026-09-17,,,,,,,,
1789615800,60.5,60.5,60.5,60.5,26000,2026-09-17,,,,,,,,
1789615860,60.5,60.5,60.4,60.5,10800,2026-09-17,,,,,,,,
1789615920,60.5,60.5,60.5,60.5,1100,2026-09-17,,,,,,,,
1789615980,60.5,60.5,60.3,60.4,20800,2026-09-17,,,,,,,,
1789616040,60.4,60.4,60.4,60.4,7700,2026-09-17,,,,,,,,
1789616100,60.4,60.4,60.3,60.3,800,2026-09-17,,,,,,,,
1789616160,60.4,60.4,60.4,60.4,400,2026-09-17,,,,,,,,
1789616220,60.4,60.4,60.3,60.3,2200,2026-09-17,,,,,,,,
1789616280,60.3,60.4,60.3,60.4,800,2026-09-17,,,,,,,,
1789616340,60.4,60.4,60.4,60.4,3800,2026-09-17,,,,,,,,
1789616400,60.4,60.4,60.4,60.4,1400,2026-09-17,,,,,,,,
1789616460,60.4,60.4,60.4,60.4,3800,2026-09-17,,,,,,,,
1789616520,60.4,60.4,60.4,60.4,4700,2026-09-17,,,,,,,,
1789616580,60.4,60.4,60.3,60.4,3500,2026-09-17,,,,,,,,
1789616640,60.4,60.4,60.3,60.3,4800,2026-09-17,,,,,,,,
1789616700,60.3,60.3,60.3,60.3,4800,2026-09-17,,,,,,,,
1789616760,60.3,60.3,60.3,60.3,1300,2026-09-17,,,,,,,,
1789616820,60.3,60.4,60.3,60.4,7100,2026-09-17,,,,,,,,
1789616880,60.4,60.4,60.2,60.3,10800,2026-09-17,,,,,,,,
1789616940,60.3,60.3,60.3,60.3,3100,2026-09-17,,,,,,,,
1789617000,60.3,60.4,60.3,60.3,2500,2026-09-17,,,,,,,,
1789617060,60.3,60.3,60.3,60.3,4300,2026-09-17,,,,,,,,
1789617120,60.3,60.3,60.2,60.3,5000,2026-09-17,,,,,,,,
1789617180,60.3,60.4,60.3,60.4,7200,2026-09-17,,,,,,,,
1789617240,60.4,60.4,60.4,60.4,7900,2026-09-17,,,,,,,,
1789617300,60.4,60.4,60.3,60.4,9100,2026-09-17,,,,,,,,
1789617360,60.4,60.4,60.4,60.4,1700,2026-09-17,,,,,,,,
1789617420,60.4,60.4,60.4,60.4,2300,2026-09-17,,,,,,,,
1789617480,60.4,60.4,60.3,60.3,8100,2026-09-17,,,,,,,,
1789617540,60.4,60.5,60.4,60.4,11800,2026-09-17,,,,,,,,
1789617600,60.4,60.4,60.4,60.4,9900,2026-09-17,,,,,,,,
1789617660,60.4,60.4,60.4,60.4,5700,2026-09-17,,,,,,,,
1789617720,60.4,60.4,60.3,60.3,12200,2026-09-17,,,,,,,,
1789617780,60.4,60.5,60.4,60.5,7700,2026-09-17,,,,,,,,
1789617840,60.5,60.5,60.4,60.4,10700,2026-09-17,,,,,,,,
1789617900,60.4,60.5,60.4,60.4,8900,2026-09-17,,,,,,,,
1789617960,60.5,60.5,60.4,60.5,8400,2026-09-17,,,,,,,,
1789618020,60.5,60.5,60.4,60.4,2800,2026-09-17,,,,,,,,
1789618080,60.4,60.4,60.4,60.4,5200,2026-09-17,,,,,,,,
1789618140,60.4,60.4,60.3,60.4,11200,2026-09-17,,,,,,,,
1789618200,60.4,60.4,60.4,60.4,13900,2026-09-17,,,,,,,,
1789618260,60.4,60.4,60.4,60.4,13400,2026-09-17,,,,,,,,
1789618320,60.5,60.5,60.4,60.4,200,2026-09-17,,,,,,,,
1789618380,60.5,60.5,60.4,60.4,14300,2026-09-17,,,,,,,,
1789618440,60.4,60.5,60.4,60.5,2500,2026-09-17,,,,,,,,
1789618500,60.5,60.5,60.4,60.5,4100,2026-09-17,,,,,,,,
1789618560,60.5,60.5,60.3,60.4,1300,2026-09-17,,,,,,,,
1789618620,60.4,60.4,60.4,60.4,2000,2026-09-17,,,,,,,,
1789618680,60.4,60.4,60.3,60.4,3400,2026-09-17,,,,,,,,
1789618740,60.4,60.4,60.3,60.4,29400,2026-09-17,,,,,,,,
1789618800,60.4,60.4,60.3,60.3,5300,2026-09-17,,,,,,,,
1789618860,60.3,60.3,60.3,60.3,1000,2026-09-17,,,,,,,,
1789618920,60.4,60.4,60.4,60.4,3500,2026-09-17,,,,,,,,
1789618980,60.4,60.4,60.3,60.3,1400,2026-09-17,,,,,,,,
1789619040,60.3,60.3,60.2,60.2,3500,2026-09-17,,,,,,,,
1789619100,60.3,60.3,60.3,60.3,2200,2026-09-17,,,,,,,,
1789619160,60.3,60.4,60.3,60.3,7700,2026-09-17,,,,,,,,
1789619220,60.3,60.3,60.3,60.3,1400,2026-09-17,,,,,,,,
1789619280,60.3,60.3,60.2,60.3,4400,2026-09-17,,,,,,,,
1789619340,60.3,60.4,60.3,60.3,12100,2026-09-17,,,,,,,,
1789624800,60.3,60.3,60.2,60.2,1700,2026-09-17,,,,,,,,
1789624860,60.3,60.3,60.3,60.3,6800,2026-09-17,,,,,,,,
1789624920,60.3,60.3,60.3,60.3,14800,2026-09-17,,,,,,,,
1789624980,60.3,60.4,60.3,60.4,10000,2026-09-17,,,,,,,,
1789625040,60.4,60.4,60.3,60.4,18700,2026-09-17,,,,,,,,
1789625100,60.4,60.4,60.3,60.4,9800,2026-09-17,,,,,,,,
1789625160,60.4,60.4,60.4,60.4,200,2026-09-17,,,,,,,,
1789625220,60.4,60.4,60.3,60.3,3800,2026-09-17,,,,,,,,
1789625280,60.4,60.4,60.3,60.4,400,2026-09-17,,,,,,,,
1789625340,60.4,60.4,60.4,60.4,3200,2026-09-17,,,,,,,,
1789625400,60.4,60.4,60.4,60.4,1600,2026-09-17,,,,,,,,
1789625460,60.4,60.4,60.2,60.2,12100,2026-09-17,,,,,,,,
1789625520,60.3,60.4,60.3,60.3,8700,2026-09-17,,,,,,,,
1789625580,60.3,60.3,60.3,60.3,8900,2026-09-17,,,,,,,,
1789625640,60.3,60.4,60.3,60.3,13000,2026-09-17,,,,,,,,
1789625700,60.3,60.3,60.2,60.3,2400,2026-09-17,,,,,,,,
1789625760,60.3,60.3,60.2,60.3,2300,2026-09-17,,,,,,,,
1789625820,60.3,60.3,60.2,60.3,3400,2026-09-17,,,,,,,,
1789625880,60.3,60.3,60.3,60.3,5500,2026-09-17,,,,,,,,
1789625940,60.3,60.3,60.2,60.3,10500,2026-09-17,,,,,,,,
1789626000,60.3,60.3,60.3,60.3,2000,2026-09-17,,,,,,,,
1789626060,60.3,60.3,60.2,60.2,2100,2026-09-17,,,,,,,,
1789626120,60.3,60.3,60.2,60.2,8200,2026-09-17,,,,,,,,
1789626180,60.3,60.3,60.2,60.2,11700,2026-09-17,,,,,,,,
1789626240,60.2,60.2,60.1,60.1,11800,2026-09-17,,,,,,,,
1789626300,60.2,60.2,60.1,60.1,4300,2026-09-17,,,,,,,,
1789626360,60.2,60.2,60.1,60.1,6300,2026-09-17,,,,,,,,
1789626420,60.2,60.2,60.1,60.1,2900,2026-09-17,,,,,,,,
1789626480,60.2,60.2,60.1,60.2,7100,2026-09-17,,,,,,,,
1789626540,60.2,60.2,60.1,60.2,2500,2026-09-17,,,,,,,,
1789626600,60.2,60.2,60.1,60.2,1500,2026-09-17,,,,,,,,
1789626660,60.2,60.3,60.2,60.3,9300,2026-09-17,,,,,,,,
1789626720,60.3,60.3,60.2,60.3,7300,2026-09-17,,,,,,,,
1789626780,60.3,60.3,60.2,60.3,8700,2026-09-17,,,,,,,,
1789626840,60.3,60.3,60.3,60.3,12000,2026-09-17,,,,,,,,
1789626900,60.3,60.3,60.2,60.3,24300,2026-09-17,,,,,,,,
1789626960,60.4,60.4,60.4,60.4,19600,2026-09-17,,,,,,,,
1789627020,60.4,60.4,60.3,60.4,19700,2026-09-17,,,,,,,,
1789627080,60.4,60.4,60.3,60.4,25100,2026-09-17,,,,,,,,
1789627140,60.3,60.4,60.3,60.3,23700,2026-09-17,,,,,,,,
1789627200,60.4,60.4,60.3,60.3,18800,2026-09-17,,,,,,,,
1789627260,60.3,60.4,60.3,60.3,7300,2026-09-17,,,,,,,,
1789627320,60.4,60.4,60.3,60.4,20000,2026-09-17,,,,,,,,
1789627380,60.4,60.5,60.3,60.4,40100,2026-09-17,,,,,,,,
1789627440,60.5,60.5,60.4,60.4,24400,2026-09-17,,,,,,,,
1789627500,60.5,60.5,60.3,60.3,25800,2026-09-17,,,,,,,,
1789627560,60.4,60.4,60.2,60.4,30800,2026-09-17,,,,,,,,
1789627620,60.4,60.4,60.2,60.3,13700,2026-09-17,,,,,,,,
1789627680,60.4,60.4,60.2,60.2,9600,2026-09-17,,,,,,,,
1789627740,60.4,60.4,60.2,60.3,2100,2026-09-17,,,,,,,,
1789627800,60.4,60.4,60.3,60.3,3600,2026-09-17,,,,,,,,
1789627860,60.4,60.4,60.3,60.3,3900,2026-09-17,,,,,,,,
1789627920,60.3,60.4,60.3,60.3,1800,2026-09-17,,,,,,,,
1789627980,60.3,60.4,60.3,60.3,4900,2026-09-17,,,,,,,,
1789628040,60.2,60.3,60.2,60.2,1400,2026-09-17,,,,,,,,
1789628100,60.3,60.3,60.2,60.2,8100,2026-09-17,,,,,,,,
1789628160,60.2,60.2,60.1,60.1,5700,2026-09-17,,,,,,,,
1789628220,60.2,60.2,60.1,60.1,7200,2026-09-17,,,,,,,,
1789628280,60.0,60.1,60.0,60.0,3100,2026-09-17,,,,,,,,
1789628340,60.1,60.1,60.0,60.0,1800,2026-09-17,,,,,,,,
1789628400,60.1,60.1,60.0,60.1,6100,2026-09-17,,,,,,,,
1789628460,60.1,60.1,60.0,60.1,3300,2026-09-17,,,,,,,,
1789628520,60.1,60.1,60.1,60.1,3200,2026-09-17,,,,,,,,
1789628580,60.1,60.1,60.0,60.0,13700,2026-09-17,,,,,,,,
1789628640,60.1,60.1,60.0,60.0,3200,2026-09-17,,,,,,,,
1789628700,60.1,60.1,60.1,60.1,2800,2026-09-17,,,,,,,,
1789628760,60.1,60.1,60.1,60.1,1700,2026-09-17,,,,,,,,
1789628820,60.1,60.1,60.0,60.0,8200,2026-09-17,,,,,,,,
1789628880,60.1,60.3,60.1,60.3,57400,2026-09-17,,,,,,,,
1789628940,60.3,60.3,60.3,60.3,4900,2026-09-17,,,,,,,,
1789629000,60.3,60.4,60.3,60.4,7200,2026-09-17,,,,,,,,
1789629060,60.4,60.4,60.4,60.4,2200,2026-09-17,,,,,,,,
1789629120,60.4,60.4,60.3,60.3,7700,2026-09-17,,,,,,,,
1789629180,60.3,60.4,60.3,60.4,9100,2026-09-17,,,,,,,,
1789629240,60.4,60.4,60.4,60.4,2900,2026-09-17,,,,,,,,
1789629300,60.4,60.4,60.1,60.4,55300,2026-09-17,,,,,,,,
1789629360,60.4,60.4,60.2,60.4,32000,2026-09-17,,,,,,,,
1789629420,60.4,60.5,60.3,60.5,28400,2026-09-17,,,,,,,,
1789629480,60.5,60.5,60.4,60.4,30500,2026-09-17,,,,,,,,
1789629540,60.5,60.5,60.4,60.5,26300,2026-09-17,,,,,,,,
1789629600,60.5,60.7,60.5,60.7,122900,2026-09-17,,,,,,,,
1789629660,60.7,60.7,60.7,60.7,40900,2026-09-17,,,,,,,,
1789629720,60.7,60.7,60.5,60.6,42200,2026-09-17,,,,,,,,
1789629780,60.6,60.7,60.6,60.6,28000,2026-09-17,,,,,,,,
1789629840,60.6,60.7,60.5,60.5,60200,2026-09-17,,,,,,,,
1789629900,60.7,60.7,60.4,60.5,49300,2026-09-17,,,,,,,,
1789629960,60.5,60.6,60.4,60.6,79300,2026-09-17,,,,,,,,
1789630020,60.6,60.6,60.4,60.6,34900,2026-09-17,,,,,,,,
1789630080,60.6,60.6,60.5,60.6,32000,2026-09-17,,,,,,,,
1789630140,60.6,60.6,60.4,60.5,37600,2026-09-17,,,,,,,,
1789631100,60.2,60.2,60.2,60.2,189200,2026-09-17,,,,,,,,
1789697700,60.5,60.5,60.5,60.5,100,2026-09-18,,,,,,,,
1789697760,60.5,60.5,60.5,60.5,2300,2026-09-18,,,,,,,,
1789697820,60.5,60.5,60.4,60.5,9800,2026-09-18,,,,,,,,
1789697880,60.5,60.5,60.5,60.5,800,2026-09-18,,,,,,,,
1789697940,60.5,60.5,60.5,60.5,800,2026-09-18,,,,,,,,
1789698000,60.5,60.5,60.5,60.5,300,2026-09-18,,,,,,,,
1789698060,60.5,60.5,60.5,60.5,1500,2026-09-18,,,,,,,,
1789698120,60.5,60.5,60.5,60.5,1700,2026-09-18,,,,,,,,
1789698180,60.5,60.6,60.5,60.6,5000,2026-09-18,,,,,,,,
1789698240,60.5,60.5,60.5,60.5,400,2026-09-18,,,,,,,,
1789698300,60.5,60.5,60.5,60.5,8200,2026-09-18,,,,,,,,
1789698420,60.5,60.5,60.4,60.4,3100,2026-09-18,,,,,,,,
1789698480,60.4,60.4,60.4,60.4,900,2026-09-18,,,,,,,,
1789698540,60.4,60.4,60.4,60.4,3000,2026-09-18,,,,,,,,
1789698600,60.4,60.4,60.4,60.4,6100,2026-09-18,,,,,,,,
1789698660,60.4,60.4,60.3,60.3,800,2026-09-18,,,,,,,,
1789698720,60.4,60.4,60.4,60.4,2700,2026-09-18,,,,,,,,
1789698840,60.5,60.5,60.5,60.5,300,2026-09-18,,,,,,,,
1789698900,60.5,60.5,60.5,60.5,500,2026-09-18,,,,,,,,
1789698960,60.4,60.5,60.4,60.5,300,2026-09-18,,,,,,,,
1789699020,60.4,60.5,60.4,60.5,300,2026-09-18,,,,,,,,
1789699080,60.5,60.5,60.4,60.4,2300,2026-09-18,,,,,,,,
1789699140,60.5,60.5,60.5,60.5,11600,2026-09-18,,,,,,,,
1789699200,60.5,60.5,60.5,60.5,1500,2026-09-18,,,,,,,,
1789699260,60.5,60.5,60.5,60.5,400,2026-09-18,,,,,,,,
1789699320,60.5,60.5,60.4,60.5,3000,2026-09-18,,,,,,,,
1789699500,60.5,60.6,60.5,60.5,5200,2026-09-18,,,,,,,,
1789699560,60.5,60.6,60.4,60.6,8300,2026-09-18,,,,,,,,
1789699620,60.6,60.7,60.6,60.7,11300,2026-09-18,,,,,,,,
1789699680,60.7,60.7,60.6,60.7,5500,2026-09-18,,,,,,,,
1789699740,60.7,60.7,60.7,60.7,6700,2026-09-18,,,,,,,,
1789699800,60.7,60.7,60.7,60.7,4400,2026-09-18,,,,,,,,
1789699860,60.7,60.7,60.7,60.7,3800,2026-09-18,,,,,,,,
1789699920,60.7,60.7,60.6,60.7,500,2026-09-18,,,,,,,,
1789699980,60.7,60.8,60.6,60.6,6700,2026-09-18,,,,,,,,
1789700040,60.8,60.8,60.6,60.8,600,2026-09-18,,,,,,,,
1789700100,60.8,60.8,60.7,60.8,5500,2026-09-18,,,,,,,,
1789700160,60.8,60.8,60.8,60.8,2100,2026-09-18,,,,,,,,
1789700220,60.8,60.8,60.7,60.8,3900,2026-09-18,,,,,,,,
1789700280,60.8,60.8,60.8,60.8,1900,2026-09-18,,,,,,,,
1789700340,60.8,60.8,60.7,60.7,3700,2026-09-18,,,,,,,,
1789700400,60.8,60.8,60.7,60.8,2100,2026-09-18,,,,,,,,
1789700460,60.8,60.8,60.7,60.8,400,2026-09-18,,,,,,,,
1789700520,60.7,60.8,60.7,60.7,2300,2026-09-18,,,,,,,,
1789700580,60.7,60.8,60.7,60.7,4500,2026-09-18,,,,,,,,
1789700640,60.8,60.8,60.8,60.8,700,2026-09-18,,,,,,,,
1789700700,60.8,60.8,60.8,60.8,500,2026-09-18,,,,,,,,
1789700760,60.8,60.8,60.8,60.8,200,2026-09-18,,,,,,,,
1789700820,60.7,60.7,60.7,60.7,600,2026-09-18,,,,,,,,
1789700880,60.7,60.7,60.7,60.7,100,2026-09-18,,,,,,,,
1789700940,60.7,60.7,60.7,60.7,200,2026-09-18,,,,,,,,
1789701000,60.8,60.8,60.8,60.8,1200,2026-09-18,,,,,,,,
1789701060,60.8,60.8,60.8,60.8,1000,2026-09-18,,,,,,,,
1789701120,60.7,60.7,60.7,60.7,10200,2026-09-18,,,,,,,,
1789701180,60.7,60.8,60.7,60.7,16000,2026-09-18,,,,,,,,
1789701240,60.7,60.7,60.7,60.7,800,2026-09-18,,,,,,,,
1789701300,60.7,60.7,60.7,60.7,7300,2026-09-18,,,,,,,,
1789701360,60.7,60.8,60.7,60.8,32900,2026-09-18,,,,,,,,
1789701420,60.8,60.8,60.7,60.8,11000,2026-09-18,,,,,,,,
1789701480,60.8,60.9,60.8,60.9,10900,2026-09-18,,,,,,,,
1789701540,60.9,60.9,60.8,60.9,3900,2026-09-18,,,,,,,,
1789701600,60.9,60.9,60.9,60.9,200,2026-09-18,,,,,,,,
1789701660,60.9,60.9,60.8,60.8,2300,2026-09-18,,,,,,,,
1789701720,60.8,60.8,60.8,60.8,8600,2026-09-18,,,,,,,,
1789701780,60.8,60.8,60.7,60.7,1000,2026-09-18,,,,,,,,
1789701840,60.8,60.8,60.7,60.7,2400,2026-09-18,,,,,,,,
1789701900,60.7,60.7,60.7,60.7,1200,2026-09-18,,,,,,,,
1789701960,60.7,60.8,60.7,60.7,54300,2026-09-18,,,,,,,,
1789702020,60.7,60.7,60.7,60.7,4400,2026-09-18,,,,,,,,
1789702080,60.7,60.7,60.7,60.7,2000,2026-09-18,,,,,,,,
1789702140,60.7,60.8,60.7,60.8,6300,2026-09-18,,,,,,,,
1789702200,60.8,60.8,60.8,60.8,300,2026-09-18,,,,,,,,
1789702260,60.8,60.8,60.8,60.8,300,2026-09-18,,,,,,,,
1789702320,60.8,60.8,60.7,60.7,16300,2026-09-18,,,,,,,,
1789702380,60.7,60.7,60.6,60.6,1200,2026-09-18,,,,,,,,
1789702440,60.7,60.7,60.7,60.7,6200,2026-09-18,,,,,,,,
1789702500,60.7,60.7,60.7,60.7,700,2026-09-18,,,,,,,,
1789702560,60.7,60.7,60.7,60.7,100,2026-09-18,,,,,,,,
1789702620,60.7,60.7,60.7,60.7,400,2026-09-18,,,,,,,,
1789702680,60.6,60.6,60.6,60.6,2400,2026-09-18,,,,,,,,
1789702740,60.6,60.6,60.6,60.6,100,2026-09-18,,,,,,,,
1789702800,60.6,60.6,60.6,60.6,300,2026-09-18,,,,,,,,
1789702860,60.6,60.6,60.6,60.6,300,2026-09-18,,,,,,,,
1789702980,60.6,60.6,60.6,60.6,1100,2026-09-18,,,,,,,,
1789703040,60.6,60.6,60.6,60.6,2000,2026-09-18,,,,,,,,
1789703100,60.6,60.6,60.6,60.6,1400,2026-09-18,,,,,,,,
1789703160,60.6,60.7,60.6,60.7,9200,2026-09-18,,,,,,,,
1789703220,60.7,60.7,60.6,60.6,4300,2026-09-18,,,,,,,,
1789703280,60.6,60.6,60.6,60.6,300,2026-09-18,,,,,,,,
1789703400,60.6,60.6,60.6,60.6,2000,2026-09-18,,,,,,,,
1789703520,60.6,60.6,60.6,60.6,4700,2026-09-18,,,,,,,,
1789703580,60.6,60.7,60.6,60.7,14500,2026-09-18,,,,,,,,
1789703640,60.7,60.7,60.6,60.6,12600,2026-09-18,,,,,,,,
1789703700,60.6,60.7,60.6,60.7,500,2026-09-18,,,,,,,,
1789703760,60.6,60.6,60.6,60.6,11300,2026-09-18,,,,,,,,
1789703820,60.6,60.6,60.6,60.6,13400,2026-09-18,,,,,,,,
1789703880,60.6,60.6,60.6,60.6,1200,2026-09-18,,,,,,,,
1789704000,60.6,60.7,60.6,60.6,22200,2026-09-18,,,,,,,,
1789704120,60.6,60.6,60.6,60.6,2100,2026-09-18,,,,,,,,
1789704180,60.7,60.7,60.6,60.7,4200,2026-09-18,,,,,,,,
1789704240,60.7,60.7,60.6,60.6,7300,2026-09-18,,,,,,,,
1789704300,60.6,60.6,60.6,60.6,21400,2026-09-18,,,,,,,,
1789704360,60.7,60.7,60.7,60.7,500,2026-09-18,,,,,,,,
1789704420,60.6,60.6,60.6,60.6,200,2026-09-18,,,,,,,,
1789704480,60.7,60.7,60.6,60.6,4400,2026-09-18,,,,,,,,
1789704540,60.7,60.7,60.7,60.7,2800,2026-09-18,,,,,,,,
1789704600,60.7,60.7,60.7,60.7,7500,2026-09-18,,,,,,,,
1789704660,60.7,60.8,60.7,60.8,600,2026-09-18,,,,,,,,
1789704720,60.8,60.8,60.7,60.7,800,2026-09-18,,,,,,,,
1789704780,60.7,60.7,60.7,60.7,200,2026-09-18,,,,,,,,
1789704840,60.7,60.7,60.7,60.7,1100,2026-09-18,,,,,,,,
1789704900,60.7,60.7,60.7,60.7,100,2026-09-18,,,,,,,,
1789704960,60.7,60.7,60.7,60.7,1100,2026-09-18,,,,,,,,
1789705020,60.7,60.7,60.7,60.7,400,2026-09-18,,,,,,,,
1789705080,60.7,60.8,60.7,60.8,3700,2026-09-18,,,,,,,,
1789705140,60.8,60.8,60.8,60.8,400,2026-09-18,,,,,,,,
1789705260,60.8,60.8,60.8,60.8,100,2026-09-18,,,,,,,,
1789705320,60.8,60.8,60.8,60.8,9100,2026-09-18,,,,,,,,
1789705380,60.8,60.8,60.8,60.8,1000,2026-09-18,,,,,,,,
1789705440,60.8,60.8,60.8,60.8,14000,2026-09-18,,,,,,,,
1789705500,60.8,60.8,60.8,60.8,1700,2026-09-18,,,,,,,,
1789705560,60.8,60.9,60.8,60.9,38500,2026-09-18,,,,,,,,
1789705620,60.9,60.9,60.9,60.9,400,2026-09-18,,,,,,,,
1789705680,60.9,61.0,60.9,61.0,17700,2026-09-18,,,,,,,,
1789705740,61.0,61.0,61.0,61.0,2300,2026-09-18,,,,,,,,
1789711200,60.9,61.0,60.8,60.8,25500,2026-09-18,,,,,,,,
1789711260,60.8,60.8,60.8,60.8,6000,2026-09-18,,,,,,,,
1789711320,60.9,60.9,60.9,60.9,100,2026-09-18,,,,,,,,
1789711380,60.9,60.9,60.8,60.8,26100,2026-09-18,,,,,,,,
1789711440,60.9,60.9,60.8,60.8,9300,2026-09-18,,,,,,,,
1789711500,60.8,60.8,60.8,60.8,10900,2026-09-18,,,,,,,,
1789711560,60.8,60.8,60.8,60.8,1000,2026-09-18,,,,,,,,
1789711620,60.8,60.8,60.8,60.8,2800,2026-09-18,,,,,,,,
1789711680,60.8,60.9,60.8,60.9,6100,2026-09-18,,,,,,,,
1789711740,60.9,60.9,60.8,60.8,2000,2026-09-18,,,,,,,,
1789711800,60.8,60.8,60.7,60.7,1900,2026-09-18,,,,,,,,
1789711860,60.7,60.8,60.7,60.7,5200,2026-09-18,,,,,,,,
1789711920,60.7,60.7,60.7,60.7,100,2026-09-18,,,,,,,,
1789711980,60.7,60.7,60.7,60.7,300,2026-09-18,,,,,,,,
1789712040,60.7,60.8,60.7,60.8,3400,2026-09-18,,,,,,,,
1789712100,60.8,60.8,60.7,60.7,17000,2026-09-18,,,,,,,,
1789712160,60.8,60.8,60.7,60.8,400,2026-09-18,,,,,,,,
1789712220,60.7,60.7,60.7,60.7,1600,2026-09-18,,,,,,,,
1789712280,60.7,60.8,60.7,60.7,5600,2026-09-18,,,,,,,,
1789712340,60.7,60.8,60.7,60.8,9200,2026-09-18,,,,,,,,
1789712400,60.8,60.8,60.7,60.7,3000,2026-09-18,,,,,,,,
1789712460,60.7,60.8,60.7,60.8,6000,2026-09-18,,,,,,,,
1789712520,60.7,60.7,60.7,60.7,6400,2026-09-18,,,,,,,,
1789712580,60.7,60.7,60.7,60.7,5300,2026-09-18,,,,,,,,
1789712640,60.7,60.8,60.7,60.7,4500,2026-09-18,,,,,,,,
1789712700,60.7,60.7,60.7,60.7,3400,2026-09-18,,,,,,,,
1789712760,60.7,60.8,60.7,60.8,2700,2026-09-18,,,,,,,,
1789712820,60.8,60.8,60.8,60.8,100,2026-09-18,,,,,,,,
1789712940,60.7,60.7,60.7,60.7,3200,2026-09-18,,,,,,,,
1789713000,60.7,60.7,60.7,60.7,3300,2026-09-18,,,,,,,,
1789713060,60.7,60.7,60.7,60.7,2200,2026-09-18,,,,,,,,
1789713120,60.7,60.7,60.7,60.7,5800,2026-09-18,,,,,,,,
1789713180,60.7,60.7,60.6,60.6,8600,2026-09-18,,,,,,,,
1789713240,60.6,60.7,60.6,60.6,1900,2026-09-18,,,,,,,,
1789713300,60.6,60.7,60.6,60.6,9100,2026-09-18,,,,,,,,
1789713360,60.7,60.7,60.7,60.7,300,2026-09-18,,,,,,,,
1789713420,60.6,60.6,60.6,60.6,4000,2026-09-18,,,,,,,,
1789713480,60.6,60.7,60.6,60.7,800,2026-09-18,,,,,,,,
1789713600,60.7,60.7,60.6,60.7,1600,2026-09-18,,,,,,,,
1789713660,60.7,60.7,60.6,60.6,5800,2026-09-18,,,,,,,,
1789713720,60.6,60.7,60.6,60.6,6500,2026-09-18,,,,,,,,
1789713780,60.6,60.7,60.6,60.7,6100,2026-09-18,,,,,,,,
1789713840,60.7,60.7,60.6,60.6,5900,2026-09-18,,,,,,,,
1789713900,60.6,60.7,60.6,60.7,2600,2026-09-18,,,,,,,,
1789713960,60.7,60.7,60.6,60.6,2000,2026-09-18,,,,,,,,
1789714020,60.6,60.6,60.6,60.6,7300,2026-09-18,,,,,,,,
1789714080,60.6,60.7,60.6,60.6,3300,2026-09-18,,,,,,,,
1789714140,60.6,60.6,60.6,60.6,9600,2026-09-18,,,,,,,,
1789714200,60.6,60.6,60.6,60.6,1900,2026-09-18,,,,,,,,
1789714260,60.6,60.6,60.6,60.6,3900,2026-09-18,,,,,,,,
1789714320,60.6,60.6,60.6,60.6,18400,2026-09-18,,,,,,,,
1789714380,60.6,60.6,60.6,60.6,3000,2026-09-18,,,,,,,,
1789714440,60.6,60.6,60.6,60.6,5700,2026-09-18,,,,,,,,
1789714500,60.6,60.6,60.6,60.6,5000,2026-09-18,,,,,,,,
1789714560,60.6,60.6,60.5,60.5,4600,2026-09-18,,,,,,,,
1789714620,60.5,60.6,60.5,60.6,12200,2026-09-18,,,,,,,,
1789714680,60.6,60.6,60.5,60.5,1700,2026-09-18,,,,,,,,
1789714740,60.5,60.6,60.5,60.5,3300,2026-09-18,,,,,,,,
1789714800,60.6,60.7,60.5,60.6,7300,2026-09-18,,,,,,,,
1789714860,60.6,60.7,60.6,60.7,1400,2026-09-18,,,,,,,,
1789714920,60.7,60.7,60.5,60.6,6000,2026-09-18,,,,,,,,
1789714980,60.6,60.6,60.5,60.6,2500,2026-09-18,,,,,,,,
1789715040,60.6,60.6,60.5,60.6,6000,2026-09-18,,,,,,,,
1789715100,60.6,60.6,60.5,60.5,6600,2026-09-18,,,,,,,,
1789715160,60.5,60.6,60.5,60.5,2300,2026-09-18,,,,,,,,
1789715220,60.5,60.7,60.5,60.7,8800,2026-09-18,,,,,,,,
1789715280,60.7,60.7,60.6,60.7,2600,2026-09-18,,,,,,,,
1789715340,60.6,60.7,60.6,60.7,1400,2026-09-18,,,,,,,,
1789715400,60.7,60.7,60.6,60.7,1700,2026-09-18,,,,,,,,
1789715460,60.7,60.7,60.6,60.6,2300,2026-09-18,,,,,,,,
1789715520,60.6,60.7,60.6,60.7,14100,2026-09-18,,,,,,,,
1789715580,60.7,60.7,60.6,60.6,10500,2026-09-18,,,,,,,,
1789715640,60.7,60.7,60.6,60.6,1500,2026-09-18,,,,,,,,
1789715700,60.7,60.7,60.6,60.7,3500,2026-09-18,,,,,,,,
1789715760,60.7,60.7,60.6,60.6,4500,2026-09-18,,,,,,,,
1789715820,60.7,60.7,60.6,60.6,8400,2026-09-18,,,,,,,,
1789715880,60.6,60.6,60.5,60.5,4700,2026-09-18,,,,,,,,
1789715940,60.6,60.6,60.5,60.6,2400,2026-09-18,,,,,,,,
1789716000,60.6,60.6,60.5,60.6,1900,2026-09-18,,,,,,,,
1789716060,60.5,60.6,60.5,60.6,8200,2026-09-18,,,,,,,,
1789716120,60.6,60.6,60.5,60.6,3500,2026-09-18,,,,,,,,
1789716180,60.6,60.6,60.5,60.5,23500,2026-09-18,,,,,,,,
1789716240,60.6,60.6,60.5,60.6,4700,2026-09-18,,,,,,,,
1789716300,60.6,60.6,60.5,60.5,16000,2026-09-18,,,,,,,,
1789716360,60.6,60.6,60.5,60.5,2600,2026-09-18,,,,,,,,
1789716420,60.6,60.6,60.4,60.4,21100,2026-09-18,,,,,,,,
1789716480,60.5,60.5,60.4,60.4,2600,2026-09-18,,,,,,,,
1789716540,60.4,60.5,60.4,60.5,26700,2026-09-18,,,,,,,,
1789717500,61.2,61.2,61.2,61.2,3385900,2026-09-18,,,,,,,,
1789956900,61.2,61.3,61.2,61.2,48400,2026-09-21,,,,,,,,
1789956960,61.0,61.2,61.0,61.0,39000,2026-09-21,,,,,,,,
1789957020,61.0,61.1,61.0,61.0,9000,2026-09-21,,,,,,,,
1789957080,61.0,61.0,61.0,61.0,8300,2026-09-21,,,,,,,,
1789957140,61.0,61.0,61.0,61.0,1200,2026-09-21,,,,,,,,
1789957200,61.0,61.1,60.9,60.9,11000,2026-09-21,,,,,,,,
1789957260,61.0,61.0,60.9,60.9,13800,2026-09-21,,,,,,,,
1789957320,60.9,61.0,60.9,61.0,15600,2026-09-21,,,,,,,,
1789957380,61.0,61.0,60.9,61.0,11800,2026-09-21,,,,,,,,
1789957440,60.9,61.0,60.9,60.9,12900,2026-09-21,,,,,,,,
1789957500,60.9,61.0,60.8,60.8,29700,2026-09-21,,,,,,,,
1789957560,60.9,60.9,60.7,60.7,16700,2026-09-21,,,,,,,,
1789957620,60.7,60.8,60.7,60.7,14800,2026-09-21,,,,,,,,
1789957680,60.7,60.8,60.7,60.7,2200,2026-09-21,,,,,,,,
1789957740,60.7,60.8,60.7,60.7,2700,2026-09-21,,,,,,,,
1789957800,60.8,60.8,60.7,60.7,4500,2026-09-21,,,,,,,,
1789957860,60.8,60.8,60.7,60.7,2700,2026-09-21,,,,,,,,
1789957920,60.7,60.8,60.7,60.7,600,2026-09-21,,,,,,,,
1789957980,60.7,60.8,60.7,60.8,7600,2026-09-21,,,,,,,,
1789958040,60.8,60.9,60.8,60.8,7000,2026-09-21,,,,,,,,
1789958100,60.8,60.9,60.8,60.9,1200,2026-09-21,,,,,,,,
1789958160,60.8,60.8,60.7,60.7,11200,2026-09-21,,,,,,,,
1789958220,60.7,60.8,60.7,60.7,5200,2026-09-21,,,,,,,,
1789958280,60.7,60.7,60.7,60.7,600,2026-09-21,,,,,,,,
1789958340,60.7,60.8,60.7,60.7,5100,2026-09-21,,,,,,,,
1789958400,60.7,60.8,60.7,60.7,4200,2026-09-21,,,,,,,,
1789958460,60.7,60.8,60.7,60.7,1500,2026-09-21,,,,,,,,
1789958520,60.8,60.8,60.7,60.8,5900,2026-09-21,,,,,,,,
1789958580,60.7,60.9,60.7,60.8,2200,2026-09-21,,,,,,,,
1789958640,60.9,60.9,60.8,60.9,3700,2026-09-21,,,,,,,,
1789958700,60.8,61.0,60.8,60.9,28600,2026-09-21,,,,,,,,
1789958760,60.9,60.9,60.8,60.8,27100,2026-09-21,,,,,,,,
1789958820,60.8,60.8,60.8,60.8,10300,2026-09-21,,,,,,,,
1789958880,60.8,60.8,60.7,60.8,2700,2026-09-21,,,,,,,,
1789958940,60.8,60.8,60.7,60.7,13000,2026-09-21,,,,,,,,
1789959000,60.7,60.8,60.7,60.7,25400,2026-09-21,,,,,,,,
1789959060,60.6,60.7,60.6,60.7,9000,2026-09-21,,,,,,,,
1789959120,60.7,60.7,60.7,60.7,10100,2026-09-21,,,,,,,,
1789959180,60.6,60.7,60.6,60.6,600,2026-09-21,,,,,,,,
1789959240,60.6,60.7,60.6,60.6,3800,2026-09-21,,,,,,,,
1789959300,60.6,60.7,60.6,60.6,900,2026-09-21,,,,,,,,
1789959360,60.6,60.7,60.6,60.7,1200,2026-09-21,,,,,,,,
1789959420,60.7,60.8,60.7,60.7,3300,2026-09-21,,,,,,,,
1789959480,60.7,60.7,60.7,60.7,600,2026-09-21,,,,,,,,
1789959540,60.7,60.8,60.7,60.7,1200,2026-09-21,,,,,,,,
1789959600,60.7,60.8,60.7,60.7,1100,2026-09-21,,,,,,,,
1789959660,60.7,60.8,60.7,60.8,1900,2026-09-21,,,,,,,,
1789959720,60.8,60.8,60.8,60.8,1000,2026-09-21,,,,,,,,
1789959780,60.8,60.9,60.8,60.8,7900,2026-09-21,,,,,,,,
1789959840,60.8,60.8,60.8,60.8,800,2026-09-21,,,,,,,,
1789959900,60.8,60.8,60.7,60.7,2900,2026-09-21,,,,,,,,
1789959960,60.7,60.8,60.7,60.8,14500,2026-09-21,,,,,,,,
1789960020,60.7,60.8,60.7,60.7,5900,2026-09-21,,,,,,,,
1789960080,60.7,60.8,60.7,60.7,8300,2026-09-21,,,,,,,,
1789960140,60.8,60.8,60.6,60.7,9000,2026-09-21,,,,,,,,
1789960200,60.7,60.7,60.6,60.6,4600,2026-09-21,,,,,,,,
1789960260,60.6,60.6,60.6,60.6,11200,2026-09-21,,,,,,,,
1789960320,60.6,60.6,60.6,60.6,8400,2026-09-21,,,,,,,,
1789960380,60.6,60.8,60.6,60.6,1800,2026-09-21,,,,,,,,
1789960440,60.6,60.6,60.6,60.6,400,2026-09-21,,,,,,,,
1789960500,60.6,60.6,60.6,60.6,500,2026-09-21,,,,,,,,
1789960560,60.6,60.8,60.5,60.5,7000,2026-09-21,,,,,,,,
1789960620,60.5,60.6,60.5,60.5,10200,2026-09-21,,,,,,,,
1789960680,60.5,60.6,60.5,60.6,2300,2026-09-21,,,,,,,,
1789960740,60.6,60.6,60.5,60.6,4100,2026-09-21,,,,,,,,
1789960800,60.5,60.6,60.5,60.6,8000,2026-09-21,,,,,,,,
1789960860,60.6,60.7,60.6,60.6,1200,2026-09-21,,,,,,,,
1789960920,60.6,60.7,60.6,60.7,1600,2026-09-21,,,,,,,,
1789960980,60.7,60.8,60.7,60.7,14100,2026-09-21,,,,,,,,
1789961040,60.7,60.7,60.7,60.7,7400,2026-09-21,,,,,,,,
1789961100,60.7,60.8,60.7,60.7,1300,2026-09-21,,,,,,,,
1789961160,60.7,60.8,60.7,60.7,10800,2026-09-21,,,,,,,,
1789961220,60.7,60.8,60.7,60.7,3000,2026-09-21,,,,,,,,
1789961280,60.7,60.7,60.7,60.7,900,2026-09-21,,,,,,,,
1789961340,60.7,60.8,60.7,60.7,6300,2026-09-21,,,,,,,,
1789961400,60.7,60.8,60.6,60.6,22900,2026-09-21,,,,,,,,
1789961460,60.6,60.7,60.6,60.6,1000,2026-09-21,,,,,,,,
1789961520,60.6,60.7,60.6,60.7,2700,2026-09-21,,,,,,,,
1789961580,60.7,60.7,60.6,60.7,8200,2026-09-21,,,,,,,,
1789961640,60.7,60.8,60.7,60.7,1400,2026-09-21,,,,,,,,
1789961700,60.7,60.7,60.7,60.7,500,2026-09-21,,,,,,,,
1789961760,60.7,60.7,60.7,60.7,2100,2026-09-21,,,,,,,,
1789961820,60.7,60.8,60.7,60.8,13000,2026-09-21,,,,,,,,
1789961880,60.7,60.8,60.7,60.7,15400,2026-09-21,,,,,,,,
1789961940,60.7,60.7,60.7,60.7,500,2026-09-21,,,,,,,,
1789962000,60.7,60.7,60.7,60.7,13900,2026-09-21,,,,,,,,
1789962060,60.7,60.8,60.7,60.8,3200,2026-09-21,,,,,,,,
1789962120,60.8,60.8,60.8,60.8,1100,2026-09-21,,,,,,,,
1789962180,60.8,60.9,60.7,60.7,26300,2026-09-21,,,,,,,,
1789962240,60.7,60.8,60.7,60.7,2200,2026-09-21,,,,,,,,
1789962300,60.7,60.8,60.7,60.7,1500,2026-09-21,,,,,,,,
1789962360,60.7,60.7,60.7,60.7,600,2026-09-21,,,,,,,,
1789962420,60.8,60.8,60.7,60.7,9600,2026-09-21,,,,,,,,
1789962480,60.7,60.8,60.7,60.8,58100,2026-09-21,,,,,,,,
1789962540,60.8,60.8,60.7,60.8,3400,2026-09-21,,,,,,,,
1789962600,60.8,60.8,60.7,60.8,12100,2026-09-21,,,,,,,,
1789962660,60.8,60.8,60.7,60.7,900,2026-09-21,,,,,,,,
1789962720,60.7,60.7,60.7,60.7,500,2026-09-21,,,,,,,,
1789962780,60.7,60.7,60.7,60.7,400,2026-09-21,,,,,,,,
1789962840,60.7,60.8,60.7,60.7,8400,2026-09-21,,,,,,,,
1789962900,60.7,60.7,60.7,60.7,1900,2026-09-21,,,,,,,,
1789962960,60.7,60.8,60.7,60.8,1400,2026-09-21,,,,,,,,
1789963020,60.8,60.8,60.6,60.6,38500,2026-09-21,,,,,,,,
1789963080,60.6,60.7,60.6,60.6,2600,2026-09-21,,,,,,,,
1789963140,60.7,60.8,60.7,60.7,16400,2026-09-21,,,,,,,,
1789963200,60.8,60.8,60.7,60.7,2800,2026-09-21,,,,,,,,
1789963260,60.7,60.7,60.7,60.7,8100,2026-09-21,,,,,,,,
1789963320,60.7,60.7,60.6,60.7,34300,2026-09-21,,,,,,,,
1789963380,60.7,60.8,60.7,60.7,6400,2026-09-21,,,,,,,,
1789963440,60.7,60.7,60.6,60.6,36900,2026-09-21,,,,,,,,
1789963500,60.6,60.6,60.6,60.6,4500,2026-09-21,,,,,,,,
1789963560,60.6,60.6,60.5,60.5,9100,2026-09-21,,,,,,,,
1789963620,60.6,60.7,60.5,60.5,8800,2026-09-21,,,,,,,,
1789963680,60.5,60.7,60.5,60.7,1700,2026-09-21,,,,,,,,
1789963740,60.6,60.6,60.6,60.6,900,2026-09-21,,,,,,,,
1789963800,60.6,60.6,60.6,60.6,2500,2026-09-21,,,,,,,,
1789963860,60.6,60.6,60.5,60.5,27700,2026-09-21,,,,,,,,
1789963920,60.5,60.7,60.5,60.6,3800,2026-09-21,,,,,,,,
1789963980,60.6,60.6,60.6,60.6,900,2026-09-21,,,,,,,,
1789964040,60.6,60.6,60.6,60.6,8200,2026-09-21,,,,,,,,
1789964100,60.6,60.7,60.6,60.6,2600,2026-09-21,,,,,,,,
1789964160,60.6,60.6,60.6,60.6,2100,2026-09-21,,,,,,,,
1789964220,60.6,60.6,60.6,60.6,800,2026-09-21,,,,,,,,
1789964280,60.6,60.7,60.6,60.6,10200,2026-09-21,,,,,,,,
1789964340,60.6,60.6,60.6,60.6,700,2026-09-21,,,,,,,,
1789964400,60.6,60.6,60.6,60.6,600,2026-09-21,,,,,,,,
1789964460,60.6,60.6,60.6,60.6,8100,2026-09-21,,,,,,,,
1789964520,60.6,60.7,60.6,60.6,800,2026-09-21,,,,,,,,
1789964580,60.6,60.7,60.6,60.7,1900,2026-09-21,,,,,,,,
1789964640,60.7,60.7,60.6,60.7,4300,2026-09-21,,,,,,,,
1789964700,60.7,60.7,60.6,60.6,8700,2026-09-21,,,,,,,,
1789964760,60.6,60.6,60.6,60.6,500,2026-09-21,,,,,,,,
1789964820,60.6,60.6,60.6,60.6,600,2026-09-21,,,,,,,,
1789964880,60.6,60.6,60.6,60.6,8100,2026-09-21,,,,,,,,
1789964940,60.6,60.7,60.6,60.7,3200,2026-09-21,,,,,,,,
1789970400,60.7,60.7,60.6,60.7,34500,2026-09-21,,,,,,,,
1789970460,60.7,60.7,60.6,60.6,11700,2026-09-21,,,,,,,,
1789970520,60.6,60.7,60.5,60.5,55600,2026-09-21,,,,,,,,
1789970580,60.5,60.5,60.5,60.5,6900,2026-09-21,,,,,,,,
1789970640,60.5,60.6,60.5,60.6,6800,2026-09-21,,,,,,,,
1789970700,60.5,60.6,60.5,60.5,16600,2026-09-21,,,,,,,,
1789970760,60.6,60.7,60.6,60.7,18800,2026-09-21,,,,,,,,
1789970820,60.7,60.7,60.6,60.6,4000,2026-09-21,,,,,,,,
1789970880,60.7,60.7,60.6,60.6,16000,2026-09-21,,,,,,,,
1789970940,60.6,60.7,60.6,60.6,4800,2026-09-21,,,,,,,,
1789971000,60.6,60.6,60.6,60.6,1400,2026-09-21,,,,,,,,
1789971060,60.6,60.6,60.6,60.6,11200,2026-09-21,,,,,,,,
1789971120,60.6,60.6,60.5,60.5,16000,2026-09-21,,,,,,,,
1789971180,60.5,60.6,60.5,60.5,3800,2026-09-21,,,,,,,,
1789971240,60.6,60.6,60.5,60.5,13400,2026-09-21,,,,,,,,
1789971300,60.5,60.6,60.5,60.6,19000,2026-09-21,,,,,,,,
1789971360,60.5,60.6,60.5,60.5,4800,2026-09-21,,,,,,,,
1789971420,60.5,60.5,60.5,60.5,5500,2026-09-21,,,,,,,,
1789971480,60.5,60.7,60.5,60.6,16500,2026-09-21,,,,,,,,
1789971540,60.6,60.6,60.5,60.5,6100,2026-09-21,,,,,,,,
1789971600,60.5,60.6,60.5,60.6,2600,2026-09-21,,,,,,,,
1789971660,60.6,60.7,60.6,60.6,5000,2026-09-21,,,,,,,,
1789971720,60.6,60.6,60.5,60.5,20400,2026-09-21,,,,,,,,
1789971780,60.5,60.6,60.5,60.5,11000,2026-09-21,,,,,,,,
1789971840,60.5,60.6,60.5,60.5,4000,2026-09-21,,,,,,,,
1789971900,60.5,60.6,60.5,60.5,15300,2026-09-21,,,,,,,,
1789971960,60.6,60.6,60.6,60.6,2400,2026-09-21,,,,,,,,
1789972020,60.6,60.8,60.6,60.8,11100,2026-09-21,,,,,,,,
1789972080,60.8,60.8,60.7,60.7,3100,2026-09-21,,,,,,,,
1789972140,60.7,60.8,60.6,60.6,14300,2026-09-21,,,,,,,,
1789972200,60.6,60.8,60.6,60.7,4300,2026-09-21,,,,,,,,
1789972260,60.7,60.7,60.7,60.7,2400,2026-09-21,,,,,,,,
1789972320,60.7,60.8,60.7,60.7,14300,2026-09-21,,,,,,,,
1789972380,60.7,60.7,60.7,60.7,16100,2026-09-21,,,,,,,,
1789972440,60.7,60.7,60.7,60.7,3100,2026-09-21,,,,,,,,
1789972500,60.7,60.8,60.7,60.7,6900,2026-09-21,,,,,,,,
1789972560,60.7,60.7,60.7,60.7,11600,2026-09-21,,,,,,,,
1789972620,60.7,60.7,60.7,60.7,1500,2026-09-21,,,,,,,,
1789972680,60.7,60.7,60.7,60.7,500,2026-09-21,,,,,,,,
1789972740,60.7,60.7,60.7,60.7,8100,2026-09-21,,,,,,,,
1789972800,60.7,60.7,60.7,60.7,1100,2026-09-21,,,,,,,,
1789972860,60.8,60.8,60.8,60.8,35300,2026-09-21,,,,,,,,
1789972920,60.8,60.9,60.8,60.9,21200,2026-09-21,,,,,,,,
1789972980,60.9,60.9,60.7,60.8,9800,2026-09-21,,,,,,,,
1789973040,60.8,60.9,60.8,60.9,14600,2026-09-21,,,,,,,,
1789973100,60.9,61.0,60.8,61.0,14800,2026-09-21,,,,,,,,
1789973160,61.0,61.0,60.8,60.9,14600,2026-09-21,,,,,,,,
1789973220,60.9,61.0,60.9,61.0,5700,2026-09-21,,,,,,,,
1789973280,61.0,61.0,60.9,61.0,22000,2026-09-21,,,,,,,,
1789973340,61.0,61.0,61.0,61.0,15800,2026-09-21,,,,,,,,
1789973400,61.0,61.0,60.9,61.0,12000,2026-09-21,,,,,,,,
1789973460,61.0,61.0,60.9,60.9,5400,2026-09-21,,,,,,,,
1789973520,60.9,61.0,60.9,61.0,21600,2026-09-21,,,,,,,,
1789973580,61.0,61.0,60.8,60.8,37600,2026-09-21,,,,,,,,
1789973640,60.8,60.9,60.8,60.8,25200,2026-09-21,,,,,,,,
1789973700,60.8,60.8,60.8,60.8,9300,2026-09-21,,,,,,,,
1789973760,60.8,60.9,60.8,60.8,1900,2026-09-21,,,,,,,,
1789973820,60.8,60.9,60.8,60.8,9800,2026-09-21,,,,,,,,
1789973880,60.8,60.9,60.8,60.8,5500,2026-09-21,,,,,,,,
1789973940,60.8,60.9,60.8,60.9,21800,2026-09-21,,,,,,,,
1789974000,60.9,61.0,60.8,60.8,15800,2026-09-21,,,,,,,,
1789974060,60.8,60.9,60.7,60.7,43200,2026-09-21,,,,,,,,
1789974120,60.7,60.7,60.7,60.7,6400,2026-09-21,,,,,,,,
1789974180,60.8,60.8,60.5,60.6,85800,2026-09-21,,,,,,,,
1789974240,60.6,60.7,60.6,60.7,8300,2026-09-21,,,,,,,,
1789974300,60.7,60.7,60.7,60.7,10200,2026-09-21,,,,,,,,
1789974360,60.8,61.0,60.8,60.9,8000,2026-09-21,,,,,,,,
1789974420,60.9,60.9,60.7,60.7,13600,2026-09-21,,,,,,,,
1789974480,60.7,60.7,60.7,60.7,2900,2026-09-21,,,,,,,,
1789974540,60.7,60.7,60.6,60.6,2800,2026-09-21,,,,,,,,
1789974600,60.6,60.7,60.6,60.7,4500,2026-09-21,,,,,,,,
1789974660,60.7,60.7,60.6,60.7,21100,2026-09-21,,,,,,,,
1789974720,60.7,60.8,60.6,60.7,8500,2026-09-21,,,,,,,,
1789974780,60.7,60.8,60.7,60.7,1800,2026-09-21,,,,,,,,
1789974840,60.7,60.7,60.6,60.6,36000,2026-09-21,,,,,,,,
1789974900,60.6,60.7,60.6,60.6,19800,2026-09-21,,,,,,,,
1789974960,60.6,60.6,60.6,60.6,18500,2026-09-21,,,,,,,,
1789975020,60.6,60.6,60.5,60.6,29500,2026-09-21,,,,,,,,
1789975080,60.6,60.6,60.6,60.6,10800,2026-09-21,,,,,,,,
1789975140,60.6,60.7,60.6,60.7,35800,2026-09-21,,,,,,,,
1789975200,60.7,60.8,60.6,60.6,28600,2026-09-21,,,,,,,,
1789975260,60.6,60.7,60.6,60.6,8300,2026-09-21,,,,,,,,
1789975320,60.6,60.7,60.6,60.6,9200,2026-09-21,,,,,,,,
1789975380,60.6,60.6,60.5,60.5,21600,2026-09-21,,,,,,,,
1789975440,60.5,60.6,60.5,60.5,4700,2026-09-21,,,,,,,,
1789975500,60.6,60.9,60.5,60.5,24100,2026-09-21,,,,,,,,
1789975560,60.5,60.8,60.5,60.7,5600,2026-09-21,,,,,,,,
1789975620,60.7,60.7,60.6,60.6,6500,2026-09-21,,,,,,,,
1789975680,60.6,60.7,60.6,60.6,11400,2026-09-21,,,,,,,,
1789975740,60.6,60.6,60.5,60.6,16800,2026-09-21,,,,,,,,
1789976700,60.3,60.3,60.3,60.3,214900,2026-09-21,,,,,,,,
1790043300,60.4,60.4,60.4,60.4,300,2026-09-22,,,,,,,,
1790043360,60.4,60.4,60.4,60.4,300,2026-09-22,,,,,,,,
1790043420,60.3,60.3,60.3,60.3,300,2026-09-22,,,,,,,,
1790043480,60.4,60.6,60.4,60.6,5700,2026-09-22,,,,,,,,
1790043600,60.6,60.6,60.6,60.6,3400,2026-09-22,,,,,,,,
1790043660,60.6,60.6,60.6,60.6,2900,2026-09-22,,,,,,,,
1790043720,60.7,60.7,60.7,60.7,1700,2026-09-22,,,,,,,,
1790043780,60.6,60.7,60.6,60.6,1000,2026-09-22,,,,,,,,
1790043840,60.6,60.6,60.6,60.6,9200,2026-09-22,,,,,,,,
1790043900,60.6,60.6,60.6,60.6,900,2026-09-22,,,,,,,,
1790043960,60.6,60.6,60.5,60.5,2100,2026-09-22,,,,,,,,
1790044020,60.5,60.5,60.5,60.5,400,2026-09-22,,,,,,,,
1790044080,60.5,60.7,60.5,60.5,5800,2026-09-22,,,,,,,,
1790044140,60.6,60.6,60.6,60.6,5300,2026-09-22,,,,,,,,
1790044200,60.6,60.6,60.6,60.6,1900,2026-09-22,,,,,,,,
1790044260,60.6,60.6,60.6,60.6,33500,2026-09-22,,,,,,,,
1790044320,60.7,60.7,60.7,60.7,2600,2026-09-22,,,,,,,,
1790044380,60.8,60.8,60.8,60.8,6100,2026-09-22,,,,,,,,
1790044440,60.7,60.9,60.7,60.9,8600,2026-09-22,,,,,,,,
1790044500,61.0,61.2,60.9,61.2,47500,2026-09-22,,,,,,,,
1790044560,61.3,61.3,61.1,61.2,23100,2026-09-22,,,,,,,,
1790044620,61.2,61.2,60.9,61.1,25200,2026-09-22,,,,,,,,
1790044680,61.0,61.0,60.9,61.0,11700,2026-09-22,,,,,,,,
1790044740,61.0,61.1,60.9,60.9,14200,2026-09-22,,,,,,,,
1790044800,61.0,61.1,60.9,61.0,11200,2026-09-22,,,,,,,,
1790044860,61.0,61.1,60.9,60.9,9700,2026-09-22,,,,,,,,
1790044920,60.9,61.0,60.9,61.0,3700,2026-09-22,,,,,,,,
1790044980,60.9,61.0,60.9,61.0,3500,2026-09-22,,,,,,,,
1790045040,60.9,61.1,60.9,61.0,44000,2026-09-22,,,,,,,,
1790045100,60.9,61.0,60.9,61.0,6300,2026-09-22,,,,,,,,
1790045160,60.9,61.0,60.9,60.9,3900,2026-09-22,,,,,,,,
1790045220,60.9,61.1,60.9,61.1,48900,2026-09-22,,,,,,,,
1790045280,61.1,61.1,61.0,61.0,9000,2026-09-22,,,,,,,,
1790045340,61.0,61.2,61.0,61.1,23400,2026-09-22,,,,,,,,
1790045400,61.2,61.2,61.0,61.1,23200,2026-09-22,,,,,,,,
1790045460,61.1,61.2,61.1,61.2,12100,2026-09-22,,,,,,,,
1790045520,61.2,61.3,61.1,61.2,20600,2026-09-22,,,,,,,,
1790045580,61.2,61.3,61.1,61.3,20700,2026-09-22,,,,,,,,
1790045640,61.2,61.3,61.1,61.1,11300,2026-09-22,,,,,,,,
1790045700,61.2,61.2,61.1,61.1,9100,2026-09-22,,,,,,,,
1790045760,61.2,61.2,61.1,61.1,4200,2026-09-22,,,,,,,,
1790045820,61.2,61.2,61.1,61.1,4600,2026-09-22,,,,,,,,
1790045880,61.2,61.2,61.1,61.2,7500,2026-09-22,,,,,,,,
1790045940,61.1,61.2,61.1,61.2,16600,2026-09-22,,,,,,,,
1790046000,61.1,61.2,61.1,61.1,5100,2026-09-22,,,,,,,,
1790046060,61.2,61.2,61.1,61.2,13200,2026-09-22,,,,,,,,
1790046120,61.1,61.2,61.0,61.2,8600,2026-09-22,,,,,,,,
1790046180,61.1,61.2,61.0,61.1,14900,2026-09-22,,,,,,,,
1790046240,61.1,61.2,61.0,61.0,8300,2026-09-22,,,,,,,,
1790046300,61.0,61.1,61.0,61.0,3100,2026-09-22,,,,,,,,
1790046360,61.0,61.1,61.0,61.0,5300,2026-09-22,,,,,,,,
1790046420,61.1,61.1,61.0,61.0,5200,2026-09-22,,,,,,,,
1790046480,61.2,61.2,61.0,61.0,4400,2026-09-22,,,,,,,,
1790046540,61.0,61.2,61.0,61.1,3000,2026-09-22,,,,,,,,
1790046600,61.2,61.2,61.1,61.1,3100,2026-09-22,,,,,,,,
1790046660,61.1,61.2,61.1,61.1,7200,2026-09-22,,,,,,,,
1790046720,61.0,61.2,61.0,61.1,5200,2026-09-22,,,,,,,,
1790046780,61.1,61.1,61.0,61.0,14600,2026-09-22,,,,,,,,
1790046840,61.0,61.1,61.0,61.0,2300,2026-09-22,,,,,,,,
1790046900,61.0,61.1,61.0,61.0,3500,2026-09-22,,,,,,,,
1790046960,61.1,61.1,61.1,61.1,1500,2026-09-22,,,,,,,,
1790047020,61.1,61.1,61.0,61.0,1400,2026-09-22,,,,,,,,
1790047080,61.1,61.1,61.0,61.1,12800,2026-09-22,,,,,,,,
1790047140,61.1,61.1,61.1,61.1,1400,2026-09-22,,,,,,,,
1790047200,61.1,61.1,61.0,61.1,2300,2026-09-22,,,,,,,,
1790047260,61.1,61.1,61.1,61.1,2900,2026-09-22,,,,,,,,
1790047320,61.0,61.1,61.0,61.1,1600,2026-09-22,,,,,,,,
1790047380,61.1,61.1,61.0,61.0,12500,2026-09-22,,,,,,,,
1790047440,61.1,61.1,61.0,61.0,2900,2026-09-22,,,,,,,,
1790047500,61.0,61.1,61.0,61.1,3100,2026-09-22,,,,,,,,
1790047560,61.1,61.1,61.1,61.1,2900,2026-09-22,,,,,,,,
1790047620,61.0,61.1,61.0,61.1,7400,2026-09-22,,,,,,,,
1790047680,61.1,61.1,61.1,61.1,1400,2026-09-22,,,,,,,,
1790047740,61.1,61.1,61.0,61.0,4600,2026-09-22,,,,,,,,
1790047800,61.0,61.1,61.0,61.0,5700,2026-09-22,,,,,,,,
1790047860,61.0,61.0,60.9,61.0,8400,2026-09-22,,,,,,,,
1790047920,61.0,61.0,60.9,61.0,6200,2026-09-22,,,,,,,,
1790047980,61.0,61.0,61.0,61.0,2500,2026-09-22,,,,,,,,
1790048040,61.0,61.0,61.0,61.0,1900,2026-09-22,,,,,,,,
1790048100,61.0,61.0,61.0,61.0,1400,2026-09-22,,,,,,,,
1790048160,60.9,61.0,60.9,61.0,2000,2026-09-22,,,,,,,,
1790048220,61.0,61.0,61.0,61.0,2500,2026-09-22,,,,,,,,
1790048280,61.0,61.0,61.0,61.0,3000,2026-09-22,,,,,,,,
1790048340,61.0,61.0,61.0,61.0,1700,2026-09-22,,,,,,,,
1790048400,61.0,61.0,61.0,61.0,2800,2026-09-22,,,,,,,,
1790048460,61.0,61.0,61.0,61.0,1300,2026-09-22,,,,,,,,
1790048520,61.0,61.0,61.0,61.0,2600,2026-09-22,,,,,,,,
1790048580,61.0,61.0,61.0,61.0,1400,2026-09-22,,,,,,,,
1790048640,61.0,61.0,61.0,61.0,1300,2026-09-22,,,,,,,,
1790048700,61.0,61.0,61.0,61.0,3100,2026-09-22,,,,,,,,
1790048760,61.0,61.0,61.0,61.0,1300,2026-09-22,,,,,,,,
1790048820,60.9,61.0,60.9,61.0,2600,2026-09-22,,,,,,,,
1790048880,61.0,61.1,61.0,61.0,2400,2026-09-22,,,,,,,,
1790048940,61.0,61.1,61.0,61.1,2000,2026-09-22,,,,,,,,
1790049000,61.1,61.1,61.0,61.0,3100,2026-09-22,,,,,,,,
1790049060,61.0,61.0,61.0,61.0,2900,2026-09-22,,,,,,,,
1790049120,61.0,61.0,61.0,61.0,2100,2026-09-22,,,,,,,,
1790049180,60.9,61.0,60.9,61.0,2000,2026-09-22,,,,,,,,
1790049240,60.9,61.0,60.9,60.9,13600,2026-09-22,,,,,,,,
1790049300,60.9,61.0,60.9,60.9,3700,2026-09-22,,,,,,,,
1790049360,60.9,61.0,60.8,60.8,6000,2026-09-22,,,,,,,,
1790049420,60.8,60.9,60.8,60.8,14300,2026-09-22,,,,,,,,
1790049480,60.8,60.9,60.8,60.8,2400,2026-09-22,,,,,,,,
1790049540,60.9,60.9,60.8,60.8,3000,2026-09-22,,,,,,,,
1790049600,60.8,60.9,60.8,60.8,2400,2026-09-22,,,,,,,,
1790049660,60.8,60.9,60.8,60.8,3200,2026-09-22,,,,,,,,
1790049720,60.8,60.9,60.8,60.8,2800,2026-09-22,,,,,,,,
1790049780,60.8,60.9,60.7,60.7,6600,2026-09-22,,,,,,,,
1790049840,60.7,60.9,60.7,60.9,3100,2026-09-22,,,,,,,,
1790049900,60.8,60.9,60.7,60.7,6000,2026-09-22,,,,,,,,
1790049960,60.7,60.9,60.7,60.8,2200,2026-09-22,,,,,,,,
1790050020,60.8,60.9,60.8,60.8,4300,2026-09-22,,,,,,,,
1790050080,60.8,60.9,60.7,60.7,6500,2026-09-22,,,,,,,,
1790050140,60.7,60.9,60.7,60.9,2800,2026-09-22,,,,,,,,
1790050200,60.7,60.9,60.7,60.8,2300,2026-09-22,,,,,,,,
1790050260,60.8,60.9,60.8,60.8,2300,2026-09-22,,,,,,,,
1790050320,60.8,60.9,60.7,60.8,12100,2026-09-22,,,,,,,,
1790050380,60.8,60.8,60.7,60.7,2100,2026-09-22,,,,,,,,
1790050440,60.7,60.9,60.7,60.7,2300,2026-09-22,,,,,,,,
1790050500,60.7,60.9,60.7,60.7,2900,2026-09-22,,,,,,,,
1790050560,60.7,60.9,60.7,60.7,2100,2026-09-22,,,,,,,,
1790050620,60.7,60.9,60.6,60.6,2300,2026-09-22,,,,,,,,
1790050680,60.8,60.8,60.6,60.8,2500,2026-09-22,,,,,,,,
1790050740,60.8,60.9,60.8,60.8,3800,2026-09-22,,,,,,,,
1790050800,60.9,60.9,60.9,60.9,2900,2026-09-22,,,,,,,,
1790050860,60.8,60.9,60.8,60.8,4000,2026-09-22,,,,,,,,
1790050920,60.8,60.9,60.8,60.9,3900,2026-09-22,,,,,,,,
1790050980,60.9,60.9,60.9,60.9,7200,2026-09-22,,,,,,,,
1790051040,60.8,60.9,60.8,60.9,3700,2026-09-22,,,,,,,,
1790051100,60.9,60.9,60.9,60.9,27400,2026-09-22,,,,,,,,
1790051160,60.9,61.0,60.9,61.0,11600,2026-09-22,,,,,,,,
1790051220,61.0,61.0,61.0,61.0,1400,2026-09-22,,,,,,,,
1790051280,61.0,61.0,61.0,61.0,27700,2026-09-22,,,,,,,,
1790051340,61.0,61.0,61.0,61.0,26000,2026-09-22,,,,,,,,
1790056800,61.0,61.1,61.0,61.1,23500,2026-09-22,,,,,,,,
1790056860,61.1,61.1,60.8,61.0,21200,2026-09-22,,,,,,,,
1790056920,61.0,61.0,61.0,61.0,8300,2026-09-22,,,,,,,,
1790056980,60.9,61.0,60.9,61.0,2900,2026-09-22,,,,,,,,
1790057040,60.9,61.1,60.9,61.1,29600,2026-09-22,,,,,,,,
1790057100,61.1,61.1,61.0,61.1,6000,2026-09-22,,,,,,,,
1790057160,61.1,61.1,61.0,61.1,4400,2026-09-22,,,,,,,,
1790057220,61.1,61.1,61.0,61.1,29400,2026-09-22,,,,,,,,
1790057280,61.0,61.1,61.0,61.1,2700,2026-09-22,,,,,,,,
1790057340,61.1,61.1,61.0,61.0,3200,2026-09-22,,,,,,,,
1790057400,61.1,61.1,61.0,61.1,2200,2026-09-22,,,,,,,,
1790057460,61.1,61.1,61.0,61.1,6600,2026-09-22,,,,,,,,
1790057520,61.0,61.1,61.0,61.0,7400,2026-09-22,,,,,,,,
1790057580,61.1,61.1,61.1,61.1,20500,2026-09-22,,,,,,,,
1790057640,61.1,61.2,61.0,61.1,9900,2026-09-22,,,,,,,,
1790057700,61.2,61.2,61.1,61.1,2800,2026-09-22,,,,,,,,
1790057760,61.1,61.1,61.0,61.1,19000,2026-09-22,,,,,,,,
1790057820,61.1,61.1,61.0,61.0,7400,2026-09-22,,,,,,,,
1790057880,61.0,61.1,61.0,61.1,12200,2026-09-22,,,,,,,,
1790057940,61.1,61.2,61.1,61.1,2500,2026-09-22,,,,,,,,
1790058000,61.1,61.1,60.9,60.9,3400,2026-09-22,,,,,,,,
1790058060,61.1,61.1,60.9,61.1,9500,2026-09-22,,,,,,,,
1790058120,61.0,61.1,60.9,60.9,2800,2026-09-22,,,,,,,,
1790058180,60.9,61.1,60.9,61.1,2500,2026-09-22,,,,,,,,
1790058240,61.1,61.1,61.0,61.0,3200,2026-09-22,,,,,,,,
1790058300,61.1,61.1,61.0,61.1,4500,2026-09-22,,,,,,,,
1790058360,61.1,61.1,61.0,61.0,1300,2026-09-22,,,,,,,,
1790058420,61.0,61.1,61.0,61.1,2100,2026-09-22,,,,,,,,
1790058480,61.1,61.1,61.1,61.1,1400,2026-09-22,,,,,,,,
1790058540,61.1,61.1,61.1,61.1,1300,2026-09-22,,,,,,,,
1790058600,61.0,61.1,61.0,61.1,6000,2026-09-22,,,,,,,,
1790058660,61.0,61.1,60.9,61.0,4100,2026-09-22,,,,,,,,
1790058720,61.1,61.1,60.9,60.9,5800,2026-09-22,,,,,,,,
1790058780,60.9,61.0,60.8,60.9,14900,2026-09-22,,,,,,,,
1790058840,61.0,61.0,60.9,61.0,4100,2026-09-22,,,,,,,,
1790058900,61.0,61.0,61.0,61.0,1300,2026-09-22,,,,,,,,
1790058960,61.0,61.0,61.0,61.0,1300,2026-09-22,,,,,,,,
1790059020,61.0,61.0,61.0,61.0,2200,2026-09-22,,,,,,,,
1790059080,61.0,61.0,61.0,61.0,1300,2026-09-22,,,,,,,,
1790059140,61.0,61.0,61.0,61.0,1400,2026-09-22,,,,,,,,
1790059200,61.0,61.0,61.0,61.0,1400,2026-09-22,,,,,,,,
1790059260,61.0,61.0,61.0,61.0,2000,2026-09-22,,,,,,,,
1790059320,61.0,61.1,60.9,61.1,9000,2026-09-22,,,,,,,,
1790059380,61.0,61.1,61.0,61.1,13300,2026-09-22,,,,,,,,
1790059440,61.1,61.1,61.0,61.1,2100,2026-09-22,,,,,,,,
1790059500,61.1,61.1,61.1,61.1,4400,2026-09-22,,,,,,,,
1790059560,61.1,61.2,61.1,61.2,12500,2026-09-22,,,,,,,,
1790059620,61.2,61.2,61.1,61.1,7900,2026-09-22,,,,,,,,
1790059680,61.2,61.2,61.1,61.1,1200,2026-09-22,,,,,,,,
1790059740,61.1,61.2,61.0,61.0,3000,2026-09-22,,,,,,,,
1790059800,61.1,61.1,61.0,61.1,2800,2026-09-22,,,,,,,,
1790059860,61.1,61.1,61.0,61.0,4700,2026-09-22,,,,,,,,
1790059920,61.0,61.1,61.0,61.1,1300,2026-09-22,,,,,,,,
1790059980,61.1,61.1,61.1,61.1,5300,2026-09-22,,,,,,,,
1790060040,61.2,61.2,61.1,61.2,13900,2026-09-22,,,,,,,,
1790060100,61.2,61.2,61.1,61.2,4800,2026-09-22,,,,,,,,
1790060160,61.2,61.2,61.1,61.2,2600,2026-09-22,,,,,,,,
1790060220,61.2,61.2,61.1,61.1,11000,2026-09-22,,,,,,,,
1790060280,61.1,61.2,61.1,61.2,4700,2026-09-22,,,,,,,,
1790060340,61.1,61.1,61.1,61.1,18200,2026-09-22,,,,,,,,
1790060400,61.1,61.1,61.0,61.1,3300,2026-09-22,,,,,,,,
1790060460,61.2,61.2,61.1,61.2,10200,2026-09-22,,,,,,,,
1790060520,61.2,61.2,61.1,61.2,1800,2026-09-22,,,,,,,,
1790060580,61.2,61.2,61.1,61.2,21800,2026-09-22,,,,,,,,
1790060640,61.2,61.2,61.1,61.1,4200,2026-09-22,,,,,,,,
1790060700,61.2,61.2,61.0,61.2,6600,2026-09-22,,,,,,,,
1790060760,61.1,61.1,60.9,60.9,12600,2026-09-22,,,,,,,,
1790060820,60.9,61.1,60.9,61.0,3100,2026-09-22,,,,,,,,
1790060880,61.0,61.1,61.0,61.0,7900,2026-09-22,,,,,,,,
1790060940,61.0,61.1,60.9,61.0,35900,2026-09-22,,,,,,,,
1790061000,60.9,61.1,60.9,60.9,7000,2026-09-22,,,,,,,,
1790061060,60.9,61.0,60.9,61.0,1700,2026-09-22,,,,,,,,
1790061120,61.0,61.0,61.0,61.0,2100,2026-09-22,,,,,,,,
1790061180,61.1,61.1,60.9,60.9,5000,2026-09-22,,,,,,,,
1790061240,60.9,61.0,60.9,60.9,3900,2026-09-22,,,,,,,,
1790061300,60.9,61.0,60.9,60.9,5100,2026-09-22,,,,,,,,
1790061360,60.9,61.0,60.9,60.9,3200,2026-09-22,,,,,,,,
1790061420,60.9,61.0,60.9,61.0,3200,2026-09-22,,,,,,,,
1790061480,61.0,61.0,61.0,61.0,1500,2026-09-22,,,,,,,,
1790061540,61.0,61.0,60.9,61.0,2100,2026-09-22,,,,,,,,
1790061600,60.9,61.0,60.9,60.9,3200,2026-09-22,,,,,,,,
1790061660,60.9,61.0,60.9,60.9,4300,2026-09-22,,,,,,,,
1790061720,61.0,61.0,60.9,60.9,4800,2026-09-22,,,,,,,,
1790061780,60.9,61.0,60.9,60.9,6100,2026-09-22,,,,,,,,
1790061840,61.0,61.0,61.0,61.0,2900,2026-09-22,,,,,,,,
1790061900,61.0,61.0,60.9,61.0,2700,2026-09-22,,,,,,,,
1790061960,60.9,61.0,60.9,61.0,4000,2026-09-22,,,,,,,,
1790062020,61.0,61.0,61.0,61.0,1900,2026-09-22,,,,,,,,
1790062080,61.0,61.0,60.9,60.9,5800,2026-09-22,,,,,,,,
1790062140,61.0,61.0,61.0,61.0,17400,2026-09-22,,,,,,,,
1790063100,61.2,61.2,61.2,61.2,158800,2026-09-22,,,,,,,,
1790129700,61.3,61.3,61.2,61.2,21300,2026-09-23,,,,,,,,
1790129760,61.2,61.2,61.1,61.2,1500,2026-09-23,,,,,,,,
1790129820,61.1,61.1,61.0,61.0,4300,2026-09-23,,,,,,,,
1790129880,61.0,61.1,61.0,61.1,1700,2026-09-23,,,,,,,,
1790129940,61.0,61.2,61.0,61.0,900,2026-09-23,,,,,,,,
1790130000,61.0,61.1,61.0,61.0,3000,2026-09-23,,,,,,,,
1790130060,61.0,61.1,61.0,61.1,2400,2026-09-23,,,,,,,,
1790130120,61.1,61.2,61.1,61.2,1400,2026-09-23,,,,,,,,
1790130180,61.1,61.1,61.1,61.1,2600,2026-09-23,,,,,,,,
1790130240,61.1,61.1,61.1,61.1,100,2026-09-23,,,,,,,,
1790130300,61.1,61.1,61.0,61.0,13200,2026-09-23,,,,,,,,
1790130480,61.1,61.1,61.1,61.1,6800,2026-09-23,,,,,,,,
1790130540,61.0,61.1,61.0,61.1,1100,2026-09-23,,,,,,,,
1790130600,61.1,61.1,61.0,61.0,2500,2026-09-23,,,,,,,,
1790130660,61.0,61.1,61.0,61.0,3600,2026-09-23,,,,,,,,
1790130720,61.0,61.0,60.9,60.9,5500,2026-09-23,,,,,,,,
1790130780,60.9,61.0,60.9,60.9,5700,2026-09-23,,,,,,,,
1790130840,60.9,61.1,60.9,61.1,1800,2026-09-23,,,,,,,,
1790130900,61.1,61.1,60.9,61.1,1000,2026-09-23,,,,,,,,
1790130960,61.1,61.1,61.0,61.0,1800,2026-09-23,,,,,,,,
1790131020,61.1,61.1,61.0,61.0,900,2026-09-23,,,,,,,,
1790131080,61.0,61.1,61.0,61.0,800,2026-09-23,,,,,,,,
1790131140,61.0,61.1,61.0,61.0,10400,2026-09-23,,,,,,,,
1790131200,61.0,61.1,61.0,61.0,3500,2026-09-23,,,,,,,,
1790131260,61.0,61.1,61.0,61.0,7400,2026-09-23,,,,,,,,
1790131320,61.0,61.1,60.9,60.9,15900,2026-09-23,,,,,,,,
1790131380,60.9,61.1,60.9,61.1,3500,2026-09-23,,,,,,,,
1790131440,60.9,61.1,60.9,60.9,1600,2026-09-23,,,,,,,,
1790131500,60.9,61.0,60.9,61.0,1600,2026-09-23,,,,,,,,
1790131560,60.9,60.9,60.9,60.9,1000,2026-09-23,,,,,,,,
1790131620,60.9,60.9,60.9,60.9,400,2026-09-23,,,,,,,,
1790131680,60.9,61.0,60.9,60.9,800,2026-09-23,,,,,,,,
1790131740,60.9,60.9,60.9,60.9,400,2026-09-23,,,,,,,,
1790131800,60.9,60.9,60.9,60.9,1100,2026-09-23,,,,,,,,
1790131860,60.9,60.9,60.9,60.9,800,2026-09-23,,,,,,,,
1790131920,60.9,61.0,60.9,61.0,1300,2026-09-23,,,,,,,,
1790131980,61.0,61.0,60.9,61.0,5400,2026-09-23,,,,,,,,
1790132040,61.0,61.0,61.0,61.0,400,2026-09-23,,,,,,,,
1790132100,61.0,61.0,60.9,60.9,11700,2026-09-23,,,,,,,,
1790132160,61.0,61.0,60.9,60.9,2500,2026-09-23,,,,,,,,
1790132220,60.9,60.9,60.9,60.9,700,2026-09-23,,,,,,,,
1790132280,60.9,60.9,60.9,60.9,400,2026-09-23,,,,,,,,
1790132340,60.9,60.9,60.9,60.9,1500,2026-09-23,,,,,,,,
1790132400,60.9,61.0,60.9,60.9,1000,2026-09-23,,,,,,,,
1790132460,60.9,60.9,60.9,60.9,600,2026-09-23,,,,,,,,
1790132580,60.9,61.0,60.9,60.9,1100,2026-09-23,,,,,,,,
1790132640,60.9,60.9,60.9,60.9,900,2026-09-23,,,,,,,,
1790132700,60.9,61.0,60.9,61.0,900,2026-09-23,,,,,,,,
1790132760,60.9,61.0,60.9,60.9,8100,2026-09-23,,,,,,,,
1790132820,60.9,61.0,60.9,60.9,1900,2026-09-23,,,,,,,,
1790132880,60.9,61.0,60.9,61.0,5200,2026-09-23,,,,,,,,
1790132940,61.0,61.0,61.0,61.0,1200,2026-09-23,,,,,,,,
1790133000,61.0,61.0,61.0,61.0,22900,2026-09-23,,,,,,,,
1790133060,61.0,61.0,61.0,61.0,300,2026-09-23,,,,,,,,
1790133120,60.9,60.9,60.9,60.9,6500,2026-09-23,,,,,,,,
1790133240,60.9,60.9,60.9,60.9,1100,2026-09-23,,,,,,,,
1790133300,60.9,60.9,60.9,60.9,600,2026-09-23,,,,,,,,
1790133360,60.9,60.9,60.9,60.9,1200,2026-09-23,,,,,,,,
1790133420,60.9,60.9,60.7,60.7,71300,2026-09-23,,,,,,,,
1790133480,60.7,60.8,60.7,60.8,600,2026-09-23,,,,,,,,
1790133540,60.8,60.9,60.7,60.7,3300,2026-09-23,,,,,,,,
1790133600,60.7,60.8,60.7,60.7,3200,2026-09-23,,,,,,,,
1790133660,60.8,60.8,60.8,60.8,800,2026-09-23,,,,,,,,
1790133720,60.8,60.8,60.8,60.8,1200,2026-09-23,,,,,,,,
1790133780,60.7,60.8,60.7,60.7,1400,2026-09-23,,,,,,,,
1790133840,60.7,60.7,60.7,60.7,1200,2026-09-23,,,,,,,,
1790133900,60.7,60.8,60.7,60.7,3400,2026-09-23,,,,,,,,
1790133960,60.7,60.8,60.7,60.8,800,2026-09-23,,,,,,,,
1790134020,60.8,60.8,60.8,60.8,1300,2026-09-23,,,,,,,,
1790134140,60.8,60.8,60.8,60.8,500,2026-09-23,,,,,,,,
1790134200,60.8,60.8,60.8,60.8,300,2026-09-23,,,,,,,,
1790134260,60.8,60.8,60.8,60.8,800,2026-09-23,,,,,,,,
1790134320,60.8,60.8,60.8,60.8,6500,2026-09-23,,,,,,,,
1790134380,60.8,60.8,60.8,60.8,6400,2026-09-23,,,,,,,,
1790134440,60.8,60.8,60.8,60.8,800,2026-09-23,,,,,,,,
1790134500,60.8,60.8,60.8,60.8,3100,2026-09-23,,,,,,,,
1790134560,60.8,60.8,60.8,60.8,200,2026-09-23,,,,,,,,
1790134620,60.8,60.8,60.8,60.8,1400,2026-09-23,,,,,,,,
1790134680,60.8,60.8,60.8,60.8,600,2026-09-23,,,,,,,,
1790134740,60.9,60.9,60.9,60.9,4100,2026-09-23,,,,,,,,
1790134860,60.8,60.9,60.8,60.9,500,2026-09-23,,,,,,,,
1790134980,60.9,60.9,60.9,60.9,300,2026-09-23,,,,,,,,
1790135160,60.9,60.9,60.8,60.8,1900,2026-09-23,,,,,,,,
1790135220,60.8,60.8,60.8,60.8,400,2026-09-23,,,,,,,,
1790135340,60.9,60.9,60.9,60.9,7800,2026-09-23,,,,,,,,
1790135400,60.9,60.9,60.8,60.9,11300,2026-09-23,,,,,,,,
1790135460,60.9,60.9,60.9,60.9,45000,2026-09-23,,,,,,,,
1790135520,60.9,61.0,60.9,60.9,12700,2026-09-23,,,,,,,,
1790135580,61.0,61.0,60.9,61.0,7900,2026-09-23,,,,,,,,
1790135760,61.0,61.0,61.0,61.0,300,2026-09-23,,,,,,,,
1790135820,61.0,61.0,61.0,61.0,300,2026-09-23,,,,,,,,
1790135940,61.0,61.0,61.0,61.0,100,2026-09-23,,,,,,,,
1790136000,61.0,61.0,61.0,61.0,45000,2026-09-23,,,,,,,,
1790136060,61.0,61.0,61.0,61.0,15800,2026-09-23,,,,,,,,
1790136120,61.0,61.1,61.0,61.1,22900,2026-09-23,,,,,,,,
1790136360,61.0,61.0,61.0,61.0,1000,2026-09-23,,,,,,,,
1790136420,61.0,61.0,61.0,61.0,200,2026-09-23,,,,,,,,
1790136480,61.0,61.0,61.0,61.0,1600,2026-09-23,,,,,,,,
1790136660,61.0,61.0,61.0,61.0,100,2026-09-23,,,,,,,,
1790136720,60.9,60.9,60.9,60.9,200,2026-09-23,,,,,,,,
1790136780,60.9,60.9,60.9,60.9,300,2026-09-23,,,,,,,,
1790136840,60.9,60.9,60.9,60.9,100,2026-09-23,,,,,,,,
1790136900,61.0,61.0,61.0,61.0,4500,2026-09-23,,,,,,,,
1790136960,61.0,61.0,61.0,61.0,2400,2026-09-23,,,,,,,,
1790137020,61.0,61.0,61.0,61.0,300,2026-09-23,,,,,,,,
1790137140,61.0,61.0,61.0,61.0,100,2026-09-23,,,,,,,,
1790137200,61.0,61.0,61.0,61.0,1000,2026-09-23,,,,,,,,
1790137500,60.9,60.9,60.9,60.9,100,2026-09-23,,,,,,,,
1790137560,60.9,61.0,60.9,60.9,16100,2026-09-23,,,,,,,,
1790137620,60.9,60.9,60.9,60.9,38800,2026-09-23,,,,,,,,
1790137680,60.9,60.9,60.9,60.9,1000,2026-09-23,,,,,,,,
1790137740,60.9,60.9,60.9,60.9,100,2026-09-23,,,,,,,,
1790143200,60.8,61.0,60.8,61.0,46800,2026-09-23,,,,,,,,
1790143260,61.0,61.0,60.9,61.0,17700,2026-09-23,,,,,,,,
1790143320,61.0,61.0,61.0,61.0,8800,2026-09-23,,,,,,,,
1790143380,61.0,61.1,60.8,61.1,8000,2026-09-23,,,,,,,,
1790143440,61.1,61.1,61.0,61.0,7900,2026-09-23,,,,,,,,
1790143500,61.1,61.1,61.0,61.0,1100,2026-09-23,,,,,,,,
1790143560,61.0,61.0,60.8,61.0,1200,2026-09-23,,,,,,,,
1790143620,61.0,61.0,61.0,61.0,400,2026-09-23,,,,,,,,
1790143680,61.0,61.0,60.8,60.8,16500,2026-09-23,,,,,,,,
1790143740,60.8,60.8,60.7,60.8,36800,2026-09-23,,,,,,,,
1790143800,60.9,60.9,60.7,60.8,5200,2026-09-23,,,,,,,,
1790143860,60.8,60.8,60.7,60.8,22400,2026-09-23,,,,,,,,
1790143920,60.7,60.8,60.7,60.8,10000,2026-09-23,,,,,,,,
1790143980,60.8,60.8,60.8,60.8,2000,2026-09-23,,,,,,,,
1790144040,60.8,60.8,60.8,60.8,2800,2026-09-23,,,,,,,,
1790144100,60.8,60.8,60.8,60.8,1300,2026-09-23,,,,,,,,
1790144160,60.8,60.9,60.8,60.8,1500,2026-09-23,,,,,,,,
1790144220,60.9,60.9,60.8,60.8,2400,2026-09-23,,,,,,,,
1790144280,60.8,60.8,60.7,60.8,2600,2026-09-23,,,,,,,,
1790144340,60.8,60.8,60.7,60.8,3900,2026-09-23,,,,,,,,
1790144400,60.8,60.8,60.7,60.7,1700,2026-09-23,,,,,,,,
1790144460,60.7,60.8,60.7,60.8,3600,2026-09-23,,,,,,,,
1790144520,60.8,60.8,60.8,60.8,2900,2026-09-23,,,,,,,,
1790144580,60.7,60.8,60.7,60.7,1000,2026-09-23,,,,,,,,
1790144640,60.7,60.8,60.7,60.8,15300,2026-09-23,,,,,,,,
1790144700,60.8,60.9,60.8,60.9,4400,2026-09-23,,,,,,,,
1790144760,60.9,60.9,60.8,60.9,2300,2026-09-23,,,,,,,,
1790144820,60.8,60.9,60.8,60.8,14300,2026-09-23,,,,,,,,
1790144880,60.8,61.0,60.8,61.0,16500,2026-09-23,,,,,,,,
1790144940,61.0,61.0,61.0,61.0,1100,2026-09-23,,,,,,,,
1790145000,61.0,61.0,61.0,61.0,4200,2026-09-23,,,,,,,,
1790145060,61.0,61.0,61.0,61.0,700,2026-09-23,,,,,,,,
1790145120,61.0,61.0,60.9,61.0,1800,2026-09-23,,,,,,,,
1790145180,61.0,61.0,61.0,61.0,1000,2026-09-23,,,,,,,,
1790145240,61.0,61.0,60.9,61.0,3200,2026-09-23,,,,,,,,
1790145300,61.0,61.0,60.9,60.9,15300,2026-09-23,,,,,,,,
1790145360,61.0,61.0,60.9,61.0,700,2026-09-23,,,,,,,,
1790145420,60.9,61.0,60.9,60.9,2700,2026-09-23,,,,,,,,
1790145480,60.9,61.0,60.9,60.9,4200,2026-09-23,,,,,,,,
1790145540,61.0,61.0,61.0,61.0,6100,2026-09-23,,,,,,,,
1790145600,61.0,61.0,61.0,61.0,400,2026-09-23,,,,,,,,
1790145660,61.0,61.0,60.9,61.0,10100,2026-09-23,,,,,,,,
1790145720,60.9,61.0,60.9,60.9,1900,2026-09-23,,,,,,,,
1790145780,61.0,61.0,60.9,60.9,15400,2026-09-23,,,,,,,,
1790145840,61.0,61.0,60.9,60.9,1400,2026-09-23,,,,,,,,
1790145900,60.9,61.0,60.9,60.9,1900,2026-09-23,,,,,,,,
1790145960,60.9,60.9,60.8,60.8,1500,2026-09-23,,,,,,,,
1790146020,60.9,60.9,60.9,60.9,1200,2026-09-23,,,,,,,,
1790146080,60.9,60.9,60.9,60.9,1800,2026-09-23,,,,,,,,
1790146140,60.9,60.9,60.9,60.9,1600,2026-09-23,,,,,,,,
1790146200,60.9,60.9,60.9,60.9,1900,2026-09-23,,,,,,,,
1790146260,60.9,60.9,60.9,60.9,400,2026-09-23,,,,,,,,
1790146320,60.9,60.9,60.9,60.9,9100,2026-09-23,,,,,,,,
1790146380,61.0,61.0,60.9,60.9,2200,2026-09-23,,,,,,,,
1790146440,61.0,61.0,60.9,60.9,900,2026-09-23,,,,,,,,
1790146500,61.0,61.0,60.9,60.9,2500,2026-09-23,,,,,,,,
1790146560,60.9,60.9,60.9,60.9,1700,2026-09-23,,,,,,,,
1790146620,60.9,60.9,60.9,60.9,1400,2026-09-23,,,,,,,,
1790146680,60.9,60.9,60.9,60.9,2400,2026-09-23,,,,,,,,
1790146740,60.9,60.9,60.8,60.9,1200,2026-09-23,,,,,,,,
1790146800,60.9,60.9,60.9,60.9,800,2026-09-23,,,,,,,,
1790146860,60.9,60.9,60.9,60.9,3600,2026-09-23,,,,,,,,
1790146920,60.9,60.9,60.9,60.9,5400,2026-09-23,,,,,,,,
1790146980,60.9,60.9,60.8,60.9,5900,2026-09-23,,,,,,,,
1790147040,60.9,60.9,60.9,60.9,700,2026-09-23,,,,,,,,
1790147100,60.9,60.9,60.8,60.8,22100,2026-09-23,,,,,,,,
1790147160,60.8,60.9,60.8,60.9,1500,2026-09-23,,,,,,,,
1790147220,60.9,60.9,60.9,60.9,400,2026-09-23,,,,,,,,
1790147280,60.9,60.9,60.9,60.9,400,2026-09-23,,,,,,,,
1790147340,60.8,60.9,60.8,60.9,3400,2026-09-23,,,,,,,,
1790147400,60.9,60.9,60.9,60.9,800,2026-09-23,,,,,,,,
1790147460,60.9,60.9,60.9,60.9,600,2026-09-23,,,,,,,,
1790147520,60.9,60.9,60.8,60.8,2000,2026-09-23,,,,,,,,
1790147580,60.8,60.9,60.8,60.8,2800,2026-09-23,,,,,,,,
1790147640,60.9,60.9,60.8,60.8,2000,2026-09-23,,,,,,,,
1790147700,60.9,60.9,60.9,60.9,700,2026-09-23,,,,,,,,
1790147760,60.9,60.9,60.8,60.9,600,2026-09-23,,,,,,,,
1790147820,60.8,60.9,60.7,60.7,7200,2026-09-23,,,,,,,,
1790147880,60.7,60.8,60.7,60.7,2200,2026-09-23,,,,,,,,
1790147940,60.7,60.8,60.7,60.7,3100,2026-09-23,,,,,,,,
1790148000,60.7,60.8,60.7,60.8,900,2026-09-23,,,,,,,,
1790148060,60.8,60.8,60.7,60.7,9400,2026-09-23,,,,,,,,
1790148120,60.8,61.0,60.8,60.8,48800,2026-09-23,,,,,,,,
1790148180,60.9,60.9,60.8,60.8,4400,2026-09-23,,,,,,,,
1790148240,60.8,60.9,60.8,60.8,8800,2026-09-23,,,,,,,,
1790148300,60.8,60.8,60.7,60.7,3900,2026-09-23,,,,,,,,
1790148360,60.7,60.8,60.7,60.8,7600,2026-09-23,,,,,,,,
1790148420,60.8,60.8,60.7,60.7,7200,2026-09-23,,,,,,,,
1790148480,60.7,60.8,60.6,60.6,48200,2026-09-23,,,,,,,,
1790148540,60.6,60.7,60.6,60.7,4400,2026-09-23,,,,,,,,
1790149500,60.5,60.5,60.5,60.5,19200,2026-09-23,,,,,,,,
1790216100,60.5,60.5,60.3,60.5,62100,2026-09-24,,,,,,,,
1790216160,60.4,60.5,60.4,60.4,9000,2026-09-24,,,,,,,,
1790216220,60.4,60.5,60.4,60.4,1900,2026-09-24,,,,,,,,
1790216280,60.5,60.5,60.4,60.5,8200,2026-09-24,,,,,,,,
1790216340,60.5,60.6,60.5,60.5,2500,2026-09-24,,,,,,,,
1790216400,60.5,60.6,60.5,60.6,6200,2026-09-24,,,,,,,,
1790216460,60.5,60.6,60.5,60.5,2700,2026-09-24,,,,,,,,
1790216520,60.5,60.6,60.5,60.5,16300,2026-09-24,,,,,,,,
1790216580,60.6,60.7,60.4,60.5,16100,2026-09-24,,,,,,,,
1790216640,60.7,60.7,60.5,60.5,4500,2026-09-24,,,,,,,,
1790216700,60.5,60.7,60.4,60.5,13000,2026-09-24,,,,,,,,
1790216760,60.5,60.7,60.5,60.7,2100,2026-09-24,,,,,,,,
1790216820,60.6,60.8,60.6,60.7,24500,2026-09-24,,,,,,,,
1790216880,60.7,60.7,60.6,60.6,4100,2026-09-24,,,,,,,,
1790216940,60.6,60.7,60.6,60.7,800,2026-09-24,,,,,,,,
1790217000,60.6,60.7,60.6,60.7,4000,2026-09-24,,,,,,,,
1790217060,60.6,60.7,60.6,60.7,900,2026-09-24,,,,,,,,
1790217120,60.6,60.7,60.6,60.7,2100,2026-09-24,,,,,,,,
1790217180,60.6,60.7,60.6,60.7,3000,2026-09-24,,,,,,,,
1790217240,60.7,60.8,60.7,60.8,5500,2026-09-24,,,,,,,,
1790217300,60.7,60.8,60.6,60.6,6900,2026-09-24,,,,,,,,
1790217360,60.7,60.8,60.6,60.7,7700,2026-09-24,,,,,,,,
1790217420,60.7,60.8,60.7,60.7,1000,2026-09-24,,,,,,,,
1790217480,60.7,60.8,60.7,60.8,3200,2026-09-24,,,,,,,,
1790217540,60.8,60.8,60.7,60.7,6600,2026-09-24,,,,,,,,
1790217600,60.7,60.8,60.7,60.7,2400,2026-09-24,,,,,,,,
1790217660,60.7,60.8,60.7,60.8,3400,2026-09-24,,,,,,,,
1790217720,60.7,60.8,60.7,60.8,11900,2026-09-24,,,,,,,,
1790217780,60.7,60.7,60.6,60.6,1200,2026-09-24,,,,,,,,
1790217840,60.7,60.7,60.6,60.6,5300,2026-09-24,,,,,,,,
1790217900,60.7,60.7,60.6,60.6,1100,2026-09-24,,,,,,,,
1790217960,60.7,60.7,60.6,60.6,10200,2026-09-24,,,,,,,,
1790218020,60.6,60.7,60.6,60.7,1900,2026-09-24,,,,,,,,
1790218080,60.6,60.7,60.6,60.7,3800,2026-09-24,,,,,,,,
1790218140,60.6,60.7,60.6,60.7,1100,2026-09-24,,,,,,,,
1790218200,60.7,60.7,60.6,60.6,1500,2026-09-24,,,,,,,,
1790218260,60.6,60.7,60.6,60.7,4300,2026-09-24,,,,,,,,
1790218320,60.6,60.7,60.6,60.7,1600,2026-09-24,,,,,,,,
1790218380,60.6,60.7,60.6,60.6,1100,2026-09-24,,,,,,,,
1790218440,60.6,60.7,60.6,60.7,10300,2026-09-24,,,,,,,,
1790218500,60.8,60.8,60.7,60.7,1100,2026-09-24,,,,,,,,
1790218560,60.8,60.8,60.7,60.7,800,2026-09-24,,,,,,,,
1790218620,60.7,60.8,60.7,60.7,1500,2026-09-24,,,,,,,,
1790218680,60.7,60.8,60.7,60.7,1200,2026-09-24,,,,,,,,
1790218740,60.8,60.8,60.7,60.7,2800,2026-09-24,,,,,,,,
1790218800,60.7,60.8,60.7,60.7,2000,2026-09-24,,,,,,,,
1790218860,60.7,60.8,60.7,60.7,6000,2026-09-24,,,,,,,,
1790218920,60.7,60.8,60.7,60.8,1100,2026-09-24,,,,,,,,
1790218980,60.7,60.8,60.6,60.7,13200,2026-09-24,,,,,,,,
1790219040,60.6,60.8,60.6,60.7,800,2026-09-24,,,,,,,,
1790219100,60.8,60.8,60.8,60.8,200,2026-09-24,,,,,,,,
1790219160,60.8,60.8,60.7,60.7,3600,2026-09-24,,,,,,,,
1790219220,60.8,60.8,60.7,60.8,1200,2026-09-24,,,,,,,,
1790219280,60.8,60.8,60.7,60.7,1500,2026-09-24,,,,,,,,
1790219340,60.8,60.8,60.7,60.8,900,2026-09-24,,,,,,,,
1790219400,60.8,60.8,60.8,60.8,400,2026-09-24,,,,,,,,
1790219460,60.8,60.8,60.7,60.8,1300,2026-09-24,,,,,,,,
1790219520,60.7,60.8,60.7,60.8,1600,2026-09-24,,,,,,,,
1790219580,60.8,60.8,60.8,60.8,400,2026-09-24,,,,,,,,
1790219640,60.8,60.8,60.8,60.8,400,2026-09-24,,,,,,,,
1790219700,60.7,60.8,60.7,60.8,2500,2026-09-24,,,,,,,,
1790219760,60.8,60.8,60.7,60.7,1200,2026-09-24,,,,,,,,
1790219820,60.8,60.8,60.7,60.8,1100,2026-09-24,,,,,,,,
1790219880,60.8,60.8,60.8,60.8,28500,2026-09-24,,,,,,,,
1790219940,60.8,60.9,60.8,60.9,2400,2026-09-24,,,,,,,,
1790220000,60.8,60.9,60.8,60.9,8000,2026-09-24,,,,,,,,
1790220060,60.9,61.0,60.8,61.0,6800,2026-09-24,,,,,,,,
1790220120,61.0,61.0,60.9,61.0,8500,2026-09-24,,,,,,,,
1790220180,61.0,61.0,61.0,61.0,3800,2026-09-24,,,,,,,,
1790220240,61.0,61.0,61.0,61.0,8100,2026-09-24,,,,,,,,
1790220300,61.0,61.0,61.0,61.0,500,2026-09-24,,,,,,,,
1790220360,61.0,61.0,61.0,61.0,5700,2026-09-24,,,,,,,,
1790220420,61.0,61.0,60.9,61.0,800,2026-09-24,,,,,,,,
1790220480,61.0,61.0,60.9,61.0,800,2026-09-24,,,,,,,,
1790220540,61.0,61.0,61.0,61.0,800,2026-09-24,,,,,,,,
1790220600,61.0,61.0,61.0,61.0,1000,2026-09-24,,,,,,,,
1790220660,61.0,61.0,60.9,61.0,8800,2026-09-24,,,,,,,,
1790220720,61.0,61.0,60.9,61.0,900,2026-09-24,,,,,,,,
1790220780,61.0,61.0,61.0,61.0,600,2026-09-24,,,,,,,,
1790220840,60.9,61.0,60.9,61.0,3800,2026-09-24,,,,,,,,
1790220900,61.0,61.0,60.9,61.0,2200,2026-09-24,,,,,,,,
1790220960,61.0,61.0,60.9,61.0,1200,2026-09-24,,,,,,,,
1790221020,61.0,61.0,60.9,60.9,6200,2026-09-24,,,,,,,,
1790221080,61.0,61.0,60.9,60.9,15900,2026-09-24,,,,,,,,
1790221140,60.9,61.0,60.9,61.0,16800,2026-09-24,,,,,,,,
1790221200,60.9,61.0,60.9,61.0,4200,2026-09-24,,,,,,,,
1790221260,60.9,61.0,60.9,60.9,2200,2026-09-24,,,,,,,,
1790221320,60.9,60.9,60.8,60.9,2800,2026-09-24,,,,,,,,
1790221380,60.9,60.9,60.9,60.9,2200,2026-09-24,,,,,,,,
1790221440,60.9,60.9,60.9,60.9,1200,2026-09-24,,,,,,,,
1790221500,60.9,60.9,60.9,60.9,800,2026-09-24,,,,,,,,
1790221560,60.9,60.9,60.9,60.9,1800,2026-09-24,,,,,,,,
1790221620,60.9,60.9,60.9,60.9,1700,2026-09-24,,,,,,,,
1790221680,60.9,60.9,60.9,60.9,3200,2026-09-24,,,,,,,,
1790221740,60.9,60.9,60.9,60.9,1200,2026-09-24,,,,,,,,
1790221800,60.9,60.9,60.9,60.9,800,2026-09-24,,,,,,,,
1790221860,60.9,60.9,60.8,60.9,1300,2026-09-24,,,,,,,,
1790221920,60.8,60.9,60.8,60.9,6000,2026-09-24,,,,,,,,
1790221980,60.9,60.9,60.9,60.9,800,2026-09-24,,,,,,,,
1790222040,60.9,60.9,60.8,60.8,25200,2026-09-24,,,,,,,,
1790222100,60.8,60.8,60.8,60.8,1200,2026-09-24,,,,,,,,
1790222160,60.8,60.8,60.8,60.8,600,2026-09-24,,,,,,,,
1790222220,60.8,60.8,60.7,60.7,5800,2026-09-24,,,,,,,,
1790222280,60.8,60.8,60.7,60.8,3700,2026-09-24,,,,,,,,
1790222340,60.8,60.8,60.7,60.8,3400,2026-09-24,,,,,,,,
1790222400,60.8,60.8,60.7,60.7,6000,2026-09-24,,,,,,,,
1790222460,60.7,60.8,60.6,60.8,28900,2026-09-24,,,,,,,,
1790222520,60.8,60.8,60.8,60.8,10400,2026-09-24,,,,,,,,
1790222580,60.8,60.9,60.8,60.9,17600,2026-09-24,,,,,,,,
1790222640,60.9,61.0,60.9,61.0,13600,2026-09-24,,,,,,,,
1790222700,61.0,61.0,60.9,61.0,1900,2026-09-24,,,,,,,,
1790222760,61.0,61.0,60.9,60.9,4300,2026-09-24,,,,,,,,
1790222820,60.9,60.9,60.9,60.9,800,2026-09-24,,,,,,,,
1790222880,60.9,60.9,60.8,60.9,2800,2026-09-24,,,,,,,,
1790222940,60.9,60.9,60.9,60.9,11200,2026-09-24,,,,,,,,
1790223000,60.9,60.9,60.8,60.9,9500,2026-09-24,,,,,,,,
1790223060,60.9,60.9,60.9,60.9,1200,2026-09-24,,,,,,,,
1790223120,60.9,60.9,60.8,60.8,6900,2026-09-24,,,,,,,,
1790223180,60.9,60.9,60.8,60.9,4900,2026-09-24,,,,,,,,
1790223240,60.9,60.9,60.9,60.9,1500,2026-09-24,,,,,,,,
1790223300,60.8,60.9,60.8,60.9,1500,2026-09-24,,,,,,,,
1790223360,60.9,60.9,60.8,60.9,2400,2026-09-24,,,,,,,,
1790223420,60.9,60.9,60.9,60.9,1200,2026-09-24,,,,,,,,
1790223480,60.9,60.9,60.8,60.8,1400,2026-09-24,,,,,,,,
1790223540,60.9,60.9,60.9,60.9,1200,2026-09-24,,,,,,,,
1790223600,60.9,60.9,60.9,60.9,800,2026-09-24,,,,,,,,
1790223660,60.9,60.9,60.9,60.9,1200,2026-09-24,,,,,,,,
1790223720,60.9,60.9,60.9,60.9,1300,2026-09-24,,,,,,,,
1790223780,60.8,60.9,60.8,60.9,34100,2026-09-24,,,,,,,,
1790223840,60.8,60.9,60.8,60.9,12400,2026-09-24,,,,,,,,
1790223900,60.9,61.0,60.9,61.0,13000,2026-09-24,,,,,,,,
1790223960,60.9,61.0,60.9,61.0,6100,2026-09-24,,,,,,,,
1790224020,61.0,61.0,60.8,60.8,1800,2026-09-24,,,,,,,,
1790224080,60.9,60.9,60.8,60.9,3100,2026-09-24,,,,,,,,
1790224140,60.8,60.9,60.8,60.9,4400,2026-09-24,,,,,,,,
1790229600,60.9,60.9,60.7,60.8,9200,2026-09-24,,,,,,,,
1790229660,60.8,60.9,60.7,60.9,21000,2026-09-24,,,,,,,,
1790229720,60.9,60.9,60.8,60.8,8200,2026-09-24,,,,,,,,
1790229780,60.8,60.9,60.8,60.8,8700,2026-09-24,,,,,,,,
1790229840,60.8,60.8,60.8,60.8,1300,2026-09-24,,,,,,,,
1790229900,60.8,60.9,60.8,60.8,1000,2026-09-24,,,,,,,,
1790229960,60.9,60.9,60.9,60.9,4400,2026-09-24,,,,,,,,
1790230020,60.9,60.9,60.8,60.8,5500,2026-09-24,,,,,,,,
1790230080,60.9,60.9,60.9,60.9,1200,2026-09-24,,,,,,,,
1790230140,60.8,60.9,60.8,60.9,1800,2026-09-24,,,,,,,,
1790230200,60.9,60.9,60.8,60.9,10400,2026-09-24,,,,,,,,
1790230260,60.9,60.9,60.9,60.9,14800,2026-09-24,,,,,,,,
1790230320,60.9,60.9,60.9,60.9,1700,2026-09-24,,,,,,,,
1790230380,60.9,60.9,60.9,60.9,1200,2026-09-24,,,,,,,,
1790230440,60.9,60.9,60.9,60.9,2800,2026-09-24,,,,,,,,
1790230500,60.8,60.9,60.8,60.9,5600,2026-09-24,,,,,,,,
1790230560,60.9,60.9,60.9,60.9,1200,2026-09-24,,,,,,,,
1790230620,60.8,60.9,60.8,60.9,1600,2026-09-24,,,,,,,,
1790230680,60.9,60.9,60.9,60.9,2100,2026-09-24,,,,,,,,
1790230740,60.8,60.8,60.8,60.8,5100,2026-09-24,,,,,,,,
1790230800,60.8,60.8,60.7,60.7,6600,2026-09-24,,,,,,,,
1790230860,60.8,60.8,60.8,60.8,1200,2026-09-24,,,,,,,,
1790230920,60.8,60.8,60.8,60.8,3400,2026-09-24,,,,,,,,
1790230980,60.8,60.8,60.7,60.8,1200,2026-09-24,,,,,,,,
1790231040,60.8,60.9,60.8,60.9,13700,2026-09-24,,,,,,,,
1790231100,60.9,61.0,60.8,60.9,32700,2026-09-24,,,,,,,,
1790231160,60.9,61.0,60.9,61.0,9000,2026-09-24,,,,,,,,
1790231220,61.0,61.0,61.0,61.0,3500,2026-09-24,,,,,,,,
1790231280,61.0,61.0,60.9,61.0,6800,2026-09-24,,,,,,,,
1790231340,61.0,61.0,60.9,61.0,1900,2026-09-24,,,,,,,,
1790231400,61.0,61.0,60.9,60.9,2700,2026-09-24,,,,,,,,
1790231460,60.9,60.9,60.9,60.9,2800,2026-09-24,,,,,,,,
1790231520,60.9,60.9,60.9,60.9,1200,2026-09-24,,,,,,,,
1790231580,60.9,60.9,60.8,60.9,1500,2026-09-24,,,,,,,,
1790231640,60.9,60.9,60.8,60.9,3700,2026-09-24,,,,,,,,
1790231700,60.9,60.9,60.9,60.9,1200,2026-09-24,,,,,,,,
1790231760,60.9,60.9,60.8,60.9,10800,2026-09-24,,,,,,,,
1790231820,60.9,61.0,60.9,61.0,17100,2026-09-24,,,,,,,,
1790231880,61.0,61.0,60.9,61.0,1700,2026-09-24,,,,,,,,
1790231940,61.0,61.0,60.9,60.9,14300,2026-09-24,,,,,,,,
1790232000,60.9,60.9,60.9,60.9,900,2026-09-24,,,,,,,,
1790232060,60.9,60.9,60.8,60.9,2500,2026-09-24,,,,,,,,
1790232120,60.9,60.9,60.8,60.8,4300,2026-09-24,,,,,,,,
1790232180,60.9,60.9,60.9,60.9,1000,2026-09-24,,,,,,,,
1790232240,60.9,60.9,60.7,60.8,10800,2026-09-24,,,,,,,,
1790232300,60.9,60.9,60.8,60.8,3400,2026-09-24,,,,,,,,
1790232360,60.8,60.9,60.7,60.9,7800,2026-09-24,,,,,,,,
1790232420,60.8,60.9,60.8,60.9,1700,2026-09-24,,,,,,,,
1790232480,60.9,60.9,60.8,60.9,5300,2026-09-24,,,,,,,,
1790232540,60.9,60.9,60.8,60.8,2600,2026-09-24,,,,,,,,
1790232600,60.8,60.9,60.8,60.9,2900,2026-09-24,,,,,,,,
1790232660,60.8,60.9,60.8,60.9,2900,2026-09-24,,,,,,,,
1790232720,60.9,60.9,60.9,60.9,2300,2026-09-24,,,,,,,,
1790232780,60.8,60.9,60.8,60.9,4600,2026-09-24,,,,,,,,
1790232840,60.9,60.9,60.8,60.9,6800,2026-09-24,,,,,,,,
1790232900,60.9,60.9,60.9,60.9,2600,2026-09-24,,,,,,,,
1790232960,60.9,60.9,60.9,60.9,13900,2026-09-24,,,,,,,,
1790233020,60.9,60.9,60.8,60.9,2300,2026-09-24,,,,,,,,
1790233080,60.9,60.9,60.8,60.9,2200,2026-09-24,,,,,,,,
1790233140,60.9,60.9,60.8,60.9,2900,2026-09-24,,,,,,,,
1790233200,60.9,60.9,60.8,60.9,3300,2026-09-24,,,,,,,,
1790233260,60.8,60.9,60.8,60.9,1300,2026-09-24,,,,,,,,
1790233320,60.8,60.9,60.8,60.8,6200,2026-09-24,,,,,,,,
1790233380,60.8,60.8,60.8,60.8,3300,2026-09-24,,,,,,,,
1790233440,60.9,60.9,60.8,60.8,900,2026-09-24,,,,,,,,
1790233500,60.9,60.9,60.8,60.9,1900,2026-09-24,,,,,,,,
1790233560,60.9,60.9,60.9,60.9,900,2026-09-24,,,,,,,,
1790233620,60.9,60.9,60.9,60.9,7100,2026-09-24,,,,,,,,
1790233680,60.9,60.9,60.8,60.8,1200,2026-09-24,,,,,,,,
1790233740,60.8,60.9,60.8,60.9,6500,2026-09-24,,,,,,,,
1790233800,60.8,60.9,60.8,60.8,5200,2026-09-24,,,,,,,,
1790233860,60.8,60.8,60.8,60.8,1700,2026-09-24,,,,,,,,
1790233920,60.8,60.8,60.7,60.8,2300,2026-09-24,,,,,,,,
1790233980,60.8,60.8,60.7,60.7,2200,2026-09-24,,,,,,,,
1790234040,60.7,60.8,60.7,60.8,6500,2026-09-24,,,,,,,,
1790234100,60.7,60.8,60.6,60.6,2800,2026-09-24,,,,,,,,
1790234160,60.8,60.8,60.6,60.8,4300,2026-09-24,,,,,,,,
1790234220,60.8,60.8,60.6,60.7,9100,2026-09-24,,,,,,,,
1790234280,60.7,60.7,60.7,60.7,700,2026-09-24,,,,,,,,
1790234340,60.7,60.7,60.6,60.6,7300,2026-09-24,,,,,,,,
1790234400,60.6,60.7,60.5,60.7,79400,2026-09-24,,,,,,,,
1790234460,60.7,60.7,60.5,60.5,14300,2026-09-24,,,,,,,,
1790234520,60.6,60.6,60.5,60.6,12700,2026-09-24,,,,,,,,
1790234580,60.6,60.7,60.6,60.7,4700,2026-09-24,,,,,,,,
1790234640,60.7,60.7,60.6,60.7,7900,2026-09-24,,,,,,,,
1790234700,60.7,60.7,60.6,60.7,1400,2026-09-24,,,,,,,,
1790234760,60.7,60.7,60.6,60.6,2500,2026-09-24,,,,,,,,
1790234820,60.6,60.6,60.6,60.6,2300,2026-09-24,,,,,,,,
1790234880,60.6,60.6,60.6,60.6,1700,2026-09-24,,,,,,,,
1790234940,60.6,60.7,60.6,60.7,12200,2026-09-24,,,,,,,,
1790235900,60.6,60.6,60.6,60.6,108200,2026-09-24,,,,,,,,
1790302500,60.7,60.7,60.6,60.7,17600,2026-09-25,,,,,,,,
1790302560,60.8,60.8,60.8,60.8,1100,2026-09-25,,,,,,,,
1790302620,60.7,60.7,60.7,60.7,500,2026-09-25,,,,,,,,
1790302680,60.7,60.7,60.7,60.7,4200,2026-09-25,,,,,,,,
1790302740,60.6,60.7,60.6,60.7,2500,2026-09-25,,,,,,,,
1790302800,60.7,60.8,60.7,60.8,9600,2026-09-25,,,,,,,,
1790302860,60.7,60.7,60.7,60.7,900,2026-09-25,,,,,,,,
1790302920,60.7,60.7,60.7,60.7,18500,2026-09-25,,,,,,,,
1790303040,60.7,60.7,60.6,60.6,1100,2026-09-25,,,,,,,,
1790303100,60.6,60.6,60.6,60.6,5400,2026-09-25,,,,,,,,
1790303160,60.7,60.7,60.6,60.6,400,2026-09-25,,,,,,,,
1790303220,60.6,60.7,60.6,60.7,1800,2026-09-25,,,,,,,,
1790303280,60.6,60.7,60.6,60.7,9600,2026-09-25,,,,,,,,
1790303340,60.8,60.8,60.8,60.8,7400,2026-09-25,,,,,,,,
1790303400,60.8,61.0,60.8,61.0,14400,2026-09-25,,,,,,,,
1790303460,61.0,61.0,60.9,61.0,72100,2026-09-25,,,,,,,,
1790303520,61.0,61.0,60.9,61.0,24800,2026-09-25,,,,,,,,
1790303580,60.9,60.9,60.9,60.9,1800,2026-09-25,,,,,,,,
1790303640,60.9,60.9,60.9,60.9,10800,2026-09-25,,,,,,,,
1790303700,60.9,60.9,60.8,60.8,2500,2026-09-25,,,,,,,,
1790303760,60.8,60.8,60.8,60.8,2600,2026-09-25,,,,,,,,
1790303820,60.9,60.9,60.8,60.9,1800,2026-09-25,,,,,,,,
1790303880,60.8,60.9,60.8,60.9,13100,2026-09-25,,,,,,,,
1790303940,60.8,60.8,60.8,60.8,1000,2026-09-25,,,,,,,,
1790304000,60.8,60.8,60.7,60.7,800,2026-09-25,,,,,,,,
1790304060,60.8,60.8,60.7,60.8,8700,2026-09-25,,,,,,,,
1790304120,60.7,60.8,60.7,60.8,1100,2026-09-25,,,,,,,,
1790304180,60.8,60.8,60.7,60.8,4200,2026-09-25,,,,,,,,
1790304240,60.8,60.8,60.7,60.8,1300,2026-09-25,,,,,,,,
1790304300,60.7,60.8,60.7,60.8,1300,2026-09-25,,,,,,,,
1790304360,60.7,60.8,60.6,60.6,7200,2026-09-25,,,,,,,,
1790304420,60.7,60.7,60.6,60.6,2500,2026-09-25,,,,,,,,
1790304480,60.7,60.8,60.6,60.8,14700,2026-09-25,,,,,,,,
1790304540,60.7,60.7,60.6,60.6,1500,2026-09-25,,,,,,,,
1790304600,60.6,60.7,60.6,60.6,2000,2026-09-25,,,,,,,,
1790304660,60.6,60.6,60.6,60.6,600,2026-09-25,,,,,,,,
1790304720,60.6,60.7,60.6,60.6,900,2026-09-25,,,,,,,,
1790304780,60.6,60.6,60.6,60.6,2300,2026-09-25,,,,,,,,
1790304840,60.6,60.6,60.5,60.5,16200,2026-09-25,,,,,,,,
1790304900,60.5,60.6,60.5,60.5,4000,2026-09-25,,,,,,,,
1790304960,60.5,60.5,60.5,60.5,4100,2026-09-25,,,,,,,,
1790305020,60.5,60.5,60.5,60.5,18100,2026-09-25,,,,,,,,
1790305080,60.5,60.6,60.5,60.6,12000,2026-09-25,,,,,,,,
1790305140,60.6,60.7,60.6,60.6,6100,2026-09-25,,,,,,,,
1790305200,60.6,60.6,60.6,60.6,200,2026-09-25,,,,,,,,
1790305260,60.6,60.6,60.6,60.6,1400,2026-09-25,,,,,,,,
1790305320,60.6,60.6,60.5,60.6,3800,2026-09-25,,,,,,,,
1790305440,60.5,60.5,60.5,60.5,200,2026-09-25,,,,,,,,
1790305500,60.5,60.5,60.4,60.4,11600,2026-09-25,,,,,,,,
1790305560,60.4,60.5,60.4,60.4,4600,2026-09-25,,,,,,,,
1790305620,60.4,60.5,60.4,60.4,3500,2026-09-25,,,,,,,,
1790305680,60.4,60.5,60.4,60.4,10700,2026-09-25,,,,,,,,
1790305740,60.5,60.5,60.5,60.5,800,2026-09-25,,,,,,,,
1790305800,60.4,60.5,60.4,60.5,700,2026-09-25,,,,,,,,
1790305860,60.4,60.5,60.4,60.5,2000,2026-09-25,,,,,,,,
1790305920,60.4,60.4,60.4,60.4,4700,2026-09-25,,,,,,,,
1790305980,60.4,60.4,60.4,60.4,400,2026-09-25,,,,,,,,
1790306040,60.4,60.4,60.4,60.4,2500,2026-09-25,,,,,,,,
1790306100,60.4,60.4,60.4,60.4,26000,2026-09-25,,,,,,,,
1790306160,60.3,60.4,60.3,60.3,15500,2026-09-25,,,,,,,,
1790306220,60.3,60.3,60.2,60.2,4500,2026-09-25,,,,,,,,
1790306280,60.2,60.4,60.2,60.4,13400,2026-09-25,,,,,,,,
1790306340,60.3,60.4,60.3,60.3,7800,2026-09-25,,,,,,,,
1790306400,60.4,60.6,60.3,60.6,8200,2026-09-25,,,,,,,,
1790306460,60.4,60.4,60.4,60.4,8500,2026-09-25,,,,,,,,
1790306520,60.4,60.4,60.3,60.4,11800,2026-09-25,,,,,,,,
1790306580,60.3,60.4,60.3,60.4,2300,2026-09-25,,,,,,,,
1790306640,60.4,60.5,60.3,60.4,7100,2026-09-25,,,,,,,,
1790306700,60.4,60.4,60.3,60.3,300,2026-09-25,,,,,,,,
1790306760,60.4,60.4,60.3,60.4,600,2026-09-25,,,,,,,,
1790306820,60.4,60.4,60.3,60.3,3200,2026-09-25,,,,,,,,
1790306880,60.3,60.3,60.3,60.3,300,2026-09-25,,,,,,,,
1790306940,60.3,60.3,60.3,60.3,2300,2026-09-25,,,,,,,,
1790307000,60.3,60.3,60.3,60.3,1800,2026-09-25,,,,,,,,
1790307060,60.3,60.5,60.3,60.5,20300,2026-09-25,,,,,,,,
1790307120,60.5,60.5,60.3,60.4,900,2026-09-25,,,,,,,,
1790307180,60.4,60.5,60.4,60.5,1700,2026-09-25,,,,,,,,
1790307240,60.4,60.4,60.4,60.4,1000,2026-09-25,,,,,,,,
1790307300,60.4,60.4,60.4,60.4,1900,2026-09-25,,,,,,,,
1790307360,60.4,60.4,60.3,60.3,2200,2026-09-25,,,,,,,,
1790307420,60.3,60.4,60.3,60.3,600,2026-09-25,,,,,,,,
1790307480,60.3,60.3,60.3,60.3,2000,2026-09-25,,,,,,,,
1790307540,60.3,60.4,60.3,60.4,3600,2026-09-25,,,,,,,,
1790307600,60.4,60.4,60.3,60.3,2700,2026-09-25,,,,,,,,
1790307660,60.3,60.4,60.3,60.3,400,2026-09-25,,,,,,,,
1790307720,60.3,60.3,60.3,60.3,1900,2026-09-25,,,,,,,,
1790307780,60.3,60.3,60.3,60.3,1900,2026-09-25,,,,,,,,
1790307840,60.3,60.3,60.3,60.3,600,2026-09-25,,,,,,,,
1790307900,60.3,60.4,60.3,60.4,6000,2026-09-25,,,,,,,,
1790307960,60.4,60.4,60.4,60.4,4700,2026-09-25,,,,,,,,
1790308020,60.4,60.4,60.4,60.4,1100,2026-09-25,,,,,,,,
1790308080,60.4,60.4,60.4,60.4,2000,2026-09-25,,,,,,,,
1790308140,60.4,60.4,60.4,60.4,2200,2026-09-25,,,,,,,,
1790308200,60.3,60.4,60.3,60.4,3400,2026-09-25,,,,,,,,
1790308260,60.4,60.4,60.3,60.4,2800,2026-09-25,,,,,,,,
1790308320,60.4,60.4,60.4,60.4,1700,2026-09-25,,,,,,,,
1790308380,60.4,60.4,60.4,60.4,500,2026-09-25,,,,,,,,
1790308440,60.4,60.4,60.3,60.3,3100,2026-09-25,,,,,,,,
1790308500,60.3,60.3,60.3,60.3,2300,2026-09-25,,,,,,,,
1790308560,60.3,60.3,60.3,60.3,300,2026-09-25,,,,,,,,
1790308620,60.3,60.4,60.3,60.3,13700,2026-09-25,,,,,,,,
1790308680,60.3,60.3,60.3,60.3,3400,2026-09-25,,,,,,,,
1790308740,60.3,60.3,60.2,60.2,27800,2026-09-25,,,,,,,,
1790308800,60.2,60.2,60.2,60.2,3700,2026-09-25,,,,,,,,
1790308860,60.3,60.3,60.1,60.1,29200,2026-09-25,,,,,,,,
1790308920,60.1,60.1,60.0,60.0,15000,2026-09-25,,,,,,,,
1790308980,60.1,60.1,60.0,60.0,29900,2026-09-25,,,,,,,,
1790309040,60.1,60.1,60.0,60.0,3600,2026-09-25,,,,,,,,
1790309100,60.0,60.1,60.0,60.1,4300,2026-09-25,,,,,,,,
1790309160,60.0,60.0,59.8,59.9,60400,2026-09-25,,,,,,,,
1790309220,59.9,59.9,59.8,59.9,7200,2026-09-25,,,,,,,,
1790309280,59.9,59.9,59.9,59.9,10800,2026-09-25,,,,,,,,
1790309340,59.8,59.8,59.8,59.8,4600,2026-09-25,,,,,,,,
1790309400,59.8,59.8,59.7,59.8,50400,2026-09-25,,,,,,,,
1790309460,59.8,59.8,59.8,59.8,2700,2026-09-25,,,,,,,,
1790309520,59.8,59.9,59.8,59.8,6000,2026-09-25,,,,,,,,
1790309580,59.9,60.0,59.9,59.9,6200,2026-09-25,,,,,,,,
1790309640,59.9,59.9,59.9,59.9,2100,2026-09-25,,,,,,,,
1790309700,59.9,59.9,59.8,59.8,1200,2026-09-25,,,,,,,,
1790309760,59.8,59.9,59.8,59.8,600,2026-09-25,,,,,,,,
1790309820,59.8,59.9,59.8,59.9,5400,2026-09-25,,,,,,,,
1790309880,59.9,60.0,59.8,60.0,11000,2026-09-25,,,,,,,,
1790309940,60.0,60.0,59.9,59.9,8000,2026-09-25,,,,,,,,
1790310000,59.8,59.9,59.8,59.8,2700,2026-09-25,,,,,,,,
1790310060,59.8,59.9,59.8,59.8,1600,2026-09-25,,,,,,,,
1790310120,59.9,59.9,59.8,59.9,2500,2026-09-25,,,,,,,,
1790310180,59.9,59.9,59.8,59.8,1500,2026-09-25,,,,,,,,
1790310240,59.8,59.9,59.8,59.8,2100,2026-09-25,,,,,,,,
1790310300,59.9,59.9,59.8,59.8,2500,2026-09-25,,,,,,,,
1790310360,59.9,59.9,59.8,59.8,8500,2026-09-25,,,,,,,,
1790310420,59.9,59.9,59.9,59.9,2500,2026-09-25,,,,,,,,
1790310480,59.9,60.0,59.9,59.9,4400,2026-09-25,,,,,,,,
1790310540,59.9,59.9,59.9,59.9,4800,2026-09-25,,,,,,,,
1790316000,60.0,60.2,59.8,60.2,30600,2026-09-25,,,,,,,,
1790316060,59.9,60.0,59.9,59.9,800,2026-09-25,,,,,,,,
1790316120,59.9,60.1,59.9,59.9,2500,2026-09-25,,,,,,,,
1790316180,59.9,59.9,59.9,59.9,1800,2026-09-25,,,,,,,,
1790316240,59.9,60.0,59.7,59.8,21000,2026-09-25,,,,,,,,
1790316300,59.9,59.9,59.7,59.7,5000,2026-09-25,,,,,,,,
1790316360,59.8,60.0,59.8,60.0,7100,2026-09-25,,,,,,,,
1790316420,60.0,60.0,59.8,60.0,21300,2026-09-25,,,,,,,,
1790316480,60.0,60.1,59.9,60.1,5800,2026-09-25,,,,,,,,
1790316540,60.0,60.0,60.0,60.0,9900,2026-09-25,,,,,,,,
1790316600,59.9,59.9,59.9,59.9,400,2026-09-25,,,,,,,,
1790316660,59.9,59.9,59.9,59.9,1600,2026-09-25,,,,,,,,
1790316720,59.9,60.0,59.9,60.0,9200,2026-09-25,,,,,,,,
1790316780,60.0,60.0,59.9,59.9,3400,2026-09-25,,,,,,,,
1790316840,60.0,60.0,59.9,59.9,2400,2026-09-25,,,,,,,,
1790316900,59.9,60.0,59.9,59.9,900,2026-09-25,,,,,,,,
1790316960,60.0,60.0,59.9,59.9,2800,2026-09-25,,,,,,,,
1790317020,59.9,59.9,59.9,59.9,1700,2026-09-25,,,,,,,,
1790317080,59.9,59.9,59.9,59.9,4100,2026-09-25,,,,,,,,
1790317140,60.0,60.0,59.9,59.9,2100,2026-09-25,,,,,,,,
1790317200,59.9,60.0,59.9,60.0,20000,2026-09-25,,,,,,,,
1790317260,60.0,60.0,60.0,60.0,3500,2026-09-25,,,,,,,,
1790317320,60.0,60.1,60.0,60.0,16100,2026-09-25,,,,,,,,
1790317380,59.9,60.0,59.9,59.9,28800,2026-09-25,,,,,,,,
1790317440,59.9,60.0,59.9,59.9,10800,2026-09-25,,,,,,,,
1790317500,59.9,60.0,59.9,60.0,4900,2026-09-25,,,,,,,,
1790317560,59.9,60.0,59.9,59.9,38700,2026-09-25,,,,,,,,
1790317620,59.9,60.0,59.9,59.9,5700,2026-09-25,,,,,,,,
1790317680,59.9,59.9,59.9,59.9,300,2026-09-25,,,,,,,,
1790317740,59.9,59.9,59.9,59.9,1600,2026-09-25,,,,,,,,
1790317800,59.9,60.0,59.9,59.9,2100,2026-09-25,,,,,,,,
1790317860,59.9,59.9,59.9,59.9,3100,2026-09-25,,,,,,,,
1790317920,59.9,60.0,59.9,59.9,7700,2026-09-25,,,,,,,,
1790317980,60.0,60.0,59.9,59.9,11000,2026-09-25,,,,,,,,
1790318040,59.9,60.0,59.9,59.9,3900,2026-09-25,,,,,,,,
1790318100,59.9,60.0,59.9,59.9,19400,2026-09-25,,,,,,,,
1790318160,59.9,60.0,59.9,59.9,7400,2026-09-25,,,,,,,,
1790318220,59.9,59.9,59.9,59.9,6200,2026-09-25,,,,,,,,
1790318280,59.9,59.9,59.9,59.9,6800,2026-09-25,,,,,,,,
1790318340,59.9,59.9,59.9,59.9,3600,2026-09-25,,,,,,,,
1790318400,59.9,59.9,59.9,59.9,5300,2026-09-25,,,,,,,,
1790318460,59.9,60.0,59.9,60.0,21200,2026-09-25,,,,,,,,
1790318520,60.0,60.0,60.0,60.0,6100,2026-09-25,,,,,,,,
1790318580,60.0,60.0,59.9,59.9,17800,2026-09-25,,,,,,,,
1790318640,59.9,59.9,59.9,59.9,3500,2026-09-25,,,,,,,,
1790318700,59.9,59.9,59.9,59.9,6000,2026-09-25,,,,,,,,
1790318760,59.9,60.0,59.9,59.9,7600,2026-09-25,,,,,,,,
1790318820,59.9,60.0,59.9,59.9,6700,2026-09-25,,,,,,,,
1790318880,60.0,60.0,59.8,59.8,9700,2026-09-25,,,,,,,,
1790318940,59.8,59.9,59.8,59.8,17500,2026-09-25,,,,,,,,
1790319000,59.8,60.0,59.8,60.0,3800,2026-09-25,,,,,,,,
1790319060,59.9,59.9,59.9,59.9,800,2026-09-25,,,,,,,,
1790319120,59.9,59.9,59.8,59.9,2100,2026-09-25,,,,,,,,
1790319180,59.8,59.9,59.8,59.8,5000,2026-09-25,,,,,,,,
1790319240,60.0,60.0,59.8,59.8,2700,2026-09-25,,,,,,,,
1790319300,59.8,60.0,59.8,59.8,3900,2026-09-25,,,,,,,,
1790319360,59.8,59.9,59.8,59.9,1900,2026-09-25,,,,,,,,
1790319420,59.9,59.9,59.8,59.9,6400,2026-09-25,,,,,,,,
1790319480,59.8,59.9,59.8,59.9,6000,2026-09-25,,,,,,,,
1790319540,59.8,59.9,59.8,59.8,600,2026-09-25,,,,,,,,
1790319600,59.9,59.9,59.8,59.9,8500,2026-09-25,,,,,,,,
1790319660,60.0,60.0,59.9,59.9,8100,2026-09-25,,,,,,,,
1790319720,59.9,59.9,59.9,59.9,2200,2026-09-25,,,,,,,,
1790319780,59.9,60.0,59.9,59.9,900,2026-09-25,,,,,,,,
1790319840,59.9,59.9,59.9,59.9,3300,2026-09-25,,,,,,,,
1790319900,59.9,60.0,59.9,60.0,12200,2026-09-25,,,,,,,,
1790319960,59.9,60.0,59.9,60.0,4900,2026-09-25,,,,,,,,
1790320020,59.9,60.0,59.9,59.9,26900,2026-09-25,,,,,,,,
1790320080,59.9,59.9,59.8,59.8,4400,2026-09-25,,,,,,,,
1790320140,59.8,59.9,59.8,59.9,10400,2026-09-25,,,,,,,,
1790320200,59.8,59.9,59.8,59.9,4300,2026-09-25,,,,,,,,
1790320260,59.9,60.0,59.9,60.0,14100,2026-09-25,,,,,,,,
1790320320,59.9,59.9,59.9,59.9,400,2026-09-25,,,,,,,,
1790320380,59.9,59.9,59.9,59.9,5400,2026-09-25,,,,,,,,
1790320440,59.9,59.9,59.9,59.9,3300,2026-09-25,,,,,,,,
1790320500,59.9,59.9,59.9,59.9,200,2026-09-25,,,,,,,,
1790320560,59.9,59.9,59.9,59.9,3700,2026-09-25,,,,,,,,
1790320620,59.9,59.9,59.7,59.7,99000,2026-09-25,,,,,,,,
1790320680,59.7,59.8,59.7,59.7,3800,2026-09-25,,,,,,,,
1790320740,59.7,59.8,59.7,59.7,57100,2026-09-25,,,,,,,,
1790320800,59.7,59.7,59.7,59.7,20700,2026-09-25,,,,,,,,
1790320860,59.7,59.8,59.7,59.8,13100,2026-09-25,,,,,,,,
1790320920,59.8,59.9,59.7,59.8,11300,2026-09-25,,,,,,,,
1790320980,59.8,59.8,59.8,59.8,4000,2026-09-25,,,,,,,,
1790321040,59.8,59.9,59.8,59.8,8400,2026-09-25,,,,,,,,
1790321100,59.8,59.9,59.8,59.8,3600,2026-09-25,,,,,,,,
1790321160,59.8,59.9,59.8,59.9,25700,2026-09-25,,,,,,,,
1790321220,59.8,60.0,59.8,60.0,39500,2026-09-25,,,,,,,,
1790321280,59.9,60.0,59.9,60.0,2100,2026-09-25,,,,,,,,
1790321340,59.9,59.9,59.8,59.8,21100,2026-09-25,,,,,,,,
1790322300,59.8,59.8,59.8,59.8,172200,2026-09-25,,,,,,,,
1790561700,59.7,59.7,59.6,59.6,24400,2026-09-28,,,,,,,,
1790561760,59.7,59.7,59.6,59.6,19300,2026-09-28,,,,,,,,
1790561820,59.6,59.6,59.5,59.5,16100,2026-09-28,,,,,,,,
1790561880,59.5,59.6,59.5,59.6,27300,2026-09-28,,,,,,,,
1790561940,59.6,59.6,59.6,59.6,5300,2026-09-28,,,,,,,,
1790562000,59.6,59.7,59.6,59.6,600,2026-09-28,,,,,,,,
1790562060,59.6,59.7,59.6,59.6,500,2026-09-28,,,,,,,,
1790562120,59.6,59.6,59.6,59.6,2800,2026-09-28,,,,,,,,
1790562180,59.6,59.6,59.6,59.6,3400,2026-09-28,,,,,,,,
1790562240,59.6,59.6,59.6,59.6,1000,2026-09-28,,,,,,,,
1790562300,59.6,59.6,59.6,59.6,700,2026-09-28,,,,,,,,
1790562360,59.6,59.8,59.5,59.5,7600,2026-09-28,,,,,,,,
1790562420,59.5,59.7,59.5,59.5,2400,2026-09-28,,,,,,,,
1790562480,59.5,59.6,59.4,59.4,24000,2026-09-28,,,,,,,,
1790562540,59.6,59.6,59.3,59.3,8200,2026-09-28,,,,,,,,
1790562600,59.3,59.4,59.3,59.4,13200,2026-09-28,,,,,,,,
1790562660,59.4,59.5,59.4,59.4,7200,2026-09-28,,,,,,,,
1790562720,59.4,59.5,59.4,59.4,11200,2026-09-28,,,,,,,,
1790562780,59.4,59.5,59.4,59.4,3100,2026-09-28,,,,,,,,
1790562840,59.4,59.5,59.4,59.4,15400,2026-09-28,,,,,,,,
1790562900,59.4,59.4,59.3,59.3,9900,2026-09-28,,,,,,,,
1790562960,59.3,59.4,59.3,59.3,7400,2026-09-28,,,,,,,,
1790563020,59.3,59.4,59.3,59.3,8700,2026-09-28,,,,,,,,
1790563080,59.3,59.3,59.3,59.3,29700,2026-09-28,,,,,,,,
1790563140,59.2,59.3,59.2,59.3,20100,2026-09-28,,,,,,,,
1790563200,59.2,59.4,59.2,59.2,7300,2026-09-28,,,,,,,,
1790563260,59.2,59.3,59.2,59.3,3900,2026-09-28,,,,,,,,
1790563320,59.3,59.4,59.3,59.3,6400,2026-09-28,,,,,,,,
1790563380,59.3,59.4,59.3,59.4,1700,2026-09-28,,,,,,,,
1790563440,59.3,59.4,59.3,59.4,1300,2026-09-28,,,,,,,,
1790563500,59.3,59.4,59.3,59.4,14500,2026-09-28,,,,,,,,
1790563560,59.4,59.4,59.3,59.4,8900,2026-09-28,,,,,,,,
1790563620,59.3,59.4,59.3,59.4,4000,2026-09-28,,,,,,,,
1790563680,59.3,59.4,59.3,59.3,2400,2026-09-28,,,,,,,,
1790563740,59.3,59.4,59.3,59.3,6000,2026-09-28,,,,,,,,
1790563800,59.3,59.5,59.3,59.3,3700,2026-09-28,,,,,,,,
1790563860,59.3,59.4,59.3,59.4,1500,2026-09-28,,,,,,,,
1790563920,59.3,59.4,59.3,59.4,3600,2026-09-28,,,,,,,,
1790563980,59.3,59.4,59.3,59.3,20100,2026-09-28,,,,,,,,
1790564040,59.3,59.4,59.3,59.3,8100,2026-09-28,,,,,,,,
1790564100,59.3,59.4,59.3,59.3,2500,2026-09-28,,,,,,,,
1790564160,59.4,59.4,59.3,59.3,4400,2026-09-28,,,,,,,,
1790564220,59.3,59.4,59.3,59.3,8100,2026-09-28,,,,,,,,
1790564280,59.3,59.3,59.2,59.2,2900,2026-09-28,,,,,,,,
1790564340,59.2,59.2,59.2,59.2,16200,2026-09-28,,,,,,,,
1790564400,59.1,59.3,59.1,59.2,22700,2026-09-28,,,,,,,,
1790564460,59.2,59.3,59.2,59.2,8900,2026-09-28,,,,,,,,
1790564520,59.3,59.3,59.3,59.3,15600,2026-09-28,,,,,,,,
1790564580,59.4,59.4,59.4,59.4,13700,2026-09-28,,,,,,,,
1790564640,59.4,59.4,59.4,59.4,5600,2026-09-28,,,,,,,,
1790564700,59.4,59.4,59.4,59.4,10100,2026-09-28,,,,,,,,
1790564760,59.4,59.5,59.4,59.5,36700,2026-09-28,,,,,,,,
1790564820,59.5,59.5,59.5,59.5,2000,2026-09-28,,,,,,,,
1790564880,59.5,59.5,59.5,59.5,1800,2026-09-28,,,,,,,,
1790564940,59.5,59.5,59.5,59.5,1400,2026-09-28,,,,,,,,
1790565000,59.5,59.5,59.5,59.5,100,2026-09-28,,,,,,,,
1790565060,59.4,59.4,59.4,59.4,1800,2026-09-28,,,,,,,,
1790565120,59.4,59.5,59.4,59.5,1300,2026-09-28,,,,,,,,
1790565180,59.4,59.5,59.3,59.3,10000,2026-09-28,,,,,,,,
1790565240,59.3,59.3,59.3,59.3,1200,2026-09-28,,,,,,,,
1790565300,59.3,59.4,59.3,59.4,1600,2026-09-28,,,,,,,,
1790565360,59.4,59.5,59.4,59.4,2600,2026-09-28,,,,,,,,
1790565420,59.4,59.4,59.4,59.4,3000,2026-09-28,,,,,,,,
1790565480,59.4,59.4,59.4,59.4,2900,2026-09-28,,,,,,,,
1790565540,59.4,59.4,59.4,59.4,2700,2026-09-28,,,,,,,,
1790565600,59.4,59.5,59.4,59.4,2700,2026-09-28,,,,,,,,
1790565660,59.5,59.5,59.4,59.5,1100,2026-09-28,,,,,,,,
1790565720,59.4,59.4,59.4,59.4,2300,2026-09-28,,,,,,,,
1790565780,59.4,59.4,59.4,59.4,8000,2026-09-28,,,,,,,,
1790565840,59.4,59.5,59.4,59.4,3800,2026-09-28,,,,,,,,
1790565900,59.4,59.4,59.4,59.4,3500,2026-09-28,,,,,,,,
1790565960,59.4,59.5,59.4,59.4,2500,2026-09-28,,,,,,,,
1790566020,59.4,59.4,59.4,59.4,2100,2026-09-28,,,,,,,,
1790566080,59.4,59.4,59.4,59.4,4600,2026-09-28,,,,,,,,
1790566140,59.4,59.5,59.4,59.4,1800,2026-09-28,,,,,,,,
1790566200,59.4,59.5,59.4,59.4,2200,2026-09-28,,,,,,,,
1790566260,59.4,59.4,59.4,59.4,4700,2026-09-28,,,,,,,,
1790566320,59.5,59.5,59.4,59.5,1500,2026-09-28,,,,,,,,
1790566380,59.4,59.4,59.4,59.4,2000,2026-09-28,,,,,,,,
1790566440,59.4,59.4,59.4,59.4,1900,2026-09-28,,,,,,,,
1790566500,59.4,59.4,59.4,59.4,1000,2026-09-28,,,,,,,,
1790566560,59.5,59.5,59.4,59.4,1300,2026-09-28,,,,,,,,
1790566620,59.4,59.4,59.4,59.4,1500,2026-09-28,,,,,,,,
1790566680,59.4,59.4,59.4,59.4,2200,2026-09-28,,,,,,,,
1790566740,59.4,59.5,59.4,59.5,300,2026-09-28,,,,,,,,
1790566800,59.5,59.5,59.5,59.5,100,2026-09-28,,,,,,,,
1790566860,59.4,59.5,59.4,59.5,300,2026-09-28,,,,,,,,
1790566920,59.5,59.5,59.4,59.4,1300,2026-09-28,,,,,,,,
1790566980,59.4,59.4,59.4,59.4,1500,2026-09-28,,,,,,,,
1790567040,59.4,59.5,59.4,59.5,3400,2026-09-28,,,,,,,,
1790567100,59.4,59.5,59.4,59.4,1800,2026-09-28,,,,,,,,
1790567160,59.5,59.5,59.4,59.4,3300,2026-09-28,,,,,,,,
1790567220,59.4,59.5,59.4,59.5,1000,2026-09-28,,,,,,,,
1790567280,59.4,59.5,59.4,59.4,2800,2026-09-28,,,,,,,,
1790567340,59.4,59.4,59.4,59.4,1600,2026-09-28,,,,,,,,
1790567400,59.4,59.4,59.4,59.4,1400,2026-09-28,,,,,,,,
1790567460,59.4,59.5,59.4,59.4,24100,2026-09-28,,,,,,,,
1790567520,59.4,59.4,59.4,59.4,2200,2026-09-28,,,,,,,,
1790567580,59.4,59.4,59.4,59.4,1600,2026-09-28,,,,,,,,
1790567640,59.4,59.4,59.4,59.4,1300,2026-09-28,,,,,,,,
1790567700,59.4,59.4,59.4,59.4,1700,2026-09-28,,,,,,,,
1790567760,59.4,59.5,59.4,59.4,24300,2026-09-28,,,,,,,,
1790567820,59.4,59.5,59.4,59.5,2300,2026-09-28,,,,,,,,
1790567880,59.5,59.5,59.5,59.5,100,2026-09-28,,,,,,,,
1790568000,59.4,59.4,59.4,59.4,3000,2026-09-28,,,,,,,,
1790568060,59.4,59.4,59.4,59.4,1100,2026-09-28,,,,,,,,
1790568120,59.3,59.3,59.3,59.3,5200,2026-09-28,,,,,,,,
1790568180,59.3,59.3,59.3,59.3,1600,2026-09-28,,,,,,,,
1790568240,59.3,59.3,59.3,59.3,6000,2026-09-28,,,,,,,,
1790568300,59.3,59.4,59.3,59.3,2100,2026-09-28,,,,,,,,
1790568360,59.3,59.3,59.3,59.3,1000,2026-09-28,,,,,,,,
1790568420,59.3,59.3,59.3,59.3,16800,2026-09-28,,,,,,,,
1790568480,59.3,59.4,59.3,59.4,44200,2026-09-28,,,,,,,,
1790568540,59.5,59.6,59.5,59.5,43200,2026-09-28,,,,,,,,
1790568600,59.5,59.5,59.5,59.5,2500,2026-09-28,,,,,,,,
1790568660,59.5,59.5,59.4,59.5,21000,2026-09-28,,,,,,,,
1790568720,59.5,59.5,59.5,59.5,2700,2026-09-28,,,,,,,,
1790568780,59.6,59.6,59.6,59.6,100,2026-09-28,,,,,,,,
1790568900,59.5,59.5,59.5,59.5,1300,2026-09-28,,,,,,,,
1790568960,59.5,59.5,59.5,59.5,1400,2026-09-28,,,,,,,,
1790569020,59.5,59.5,59.5,59.5,1100,2026-09-28,,,,,,,,
1790569080,59.5,59.5,59.5,59.5,6900,2026-09-28,,,,,,,,
1790569140,59.5,59.5,59.5,59.5,200,2026-09-28,,,,,,,,
1790569200,59.5,59.5,59.5,59.5,2800,2026-09-28,,,,,,,,
1790569260,59.5,59.6,59.5,59.5,3200,2026-09-28,,,,,,,,
1790569320,59.6,59.6,59.5,59.6,2700,2026-09-28,,,,,,,,
1790569440,59.5,59.5,59.5,59.5,23400,2026-09-28,,,,,,,,
1790569500,59.6,59.6,59.6,59.6,13200,2026-09-28,,,,,,,,
1790569560,59.6,59.8,59.6,59.8,12700,2026-09-28,,,,,,,,
1790569620,59.7,59.7,59.7,59.7,1500,2026-09-28,,,,,,,,
1790569680,59.7,59.7,59.7,59.7,3000,2026-09-28,,,,,,,,
1790569740,59.7,59.7,59.7,59.7,3800,2026-09-28,,,,,,,,
1790575200,59.6,59.8,59.6,59.6,30700,2026-09-28,,,,,,,,
1790575260,59.8,59.8,59.7,59.7,8200,2026-09-28,,,,,,,,
1790575320,59.7,59.7,59.7,59.7,1400,2026-09-28,,,,,,,,
1790575380,59.7,59.7,59.7,59.7,4300,2026-09-28,,,,,,,,
1790575440,59.7,59.7,59.6,59.6,4400,2026-09-28,,,,,,,,
1790575500,59.6,59.6,59.6,59.6,4800,2026-09-28,,,,,,,,
1790575560,59.6,59.7,59.6,59.7,21600,2026-09-28,,,,,,,,
1790575620,59.7,59.7,59.7,59.7,14900,2026-09-28,,,,,,,,
1790575680,59.7,59.9,59.7,59.9,10200,2026-09-28,,,,,,,,
1790575740,59.9,59.9,59.8,59.9,5300,2026-09-28,,,,,,,,
1790575800,59.9,59.9,59.8,59.9,4900,2026-09-28,,,,,,,,
1790575860,59.9,59.9,59.8,59.9,5200,2026-09-28,,,,,,,,
1790575920,59.9,60.0,59.8,60.0,14900,2026-09-28,,,,,,,,
1790575980,60.0,60.2,59.9,60.2,19700,2026-09-28,,,,,,,,
1790576040,60.2,60.4,60.2,60.4,52400,2026-09-28,,,,,,,,
1790576100,60.4,60.4,60.2,60.3,19200,2026-09-28,,,,,,,,
1790576160,60.3,60.4,60.3,60.4,11700,2026-09-28,,,,,,,,
1790576220,60.3,60.3,60.3,60.3,21100,2026-09-28,,,,,,,,
1790576280,60.2,60.3,60.2,60.2,7500,2026-09-28,,,,,,,,
1790576340,60.3,60.3,60.2,60.2,9000,2026-09-28,,,,,,,,
1790576400,60.2,60.2,60.2,60.2,4100,2026-09-28,,,,,,,,
1790576460,60.2,60.2,60.1,60.1,2700,2026-09-28,,,,,,,,
1790576520,60.1,60.1,60.1,60.1,37200,2026-09-28,,,,,,,,
1790576580,60.1,60.1,60.1,60.1,2100,2026-09-28,,,,,,,,
1790576640,60.1,60.1,60.1,60.1,2600,2026-09-28,,,,,,,,
1790576700,60.1,60.1,60.0,60.1,3000,2026-09-28,,,,,,,,
1790576760,60.0,60.0,60.0,60.0,2000,2026-09-28,,,,,,,,
1790576820,60.0,60.1,60.0,60.1,2900,2026-09-28,,,,,,,,
1790576880,60.1,60.2,60.0,60.0,16000,2026-09-28,,,,,,,,
1790576940,60.0,60.2,60.0,60.1,9400,2026-09-28,,,,,,,,
1790577000,60.2,60.2,60.1,60.2,16200,2026-09-28,,,,,,,,
1790577060,60.1,60.2,60.1,60.2,4100,2026-09-28,,,,,,,,
1790577120,60.2,60.2,60.2,60.2,3000,2026-09-28,,,,,,,,
1790577180,60.2,60.2,60.1,60.1,2000,2026-09-28,,,,,,,,
1790577240,60.1,60.1,60.1,60.1,3700,2026-09-28,,,,,,,,
1790577300,60.1,60.1,60.1,60.1,4200,2026-09-28,,,,,,,,
1790577360,60.1,60.2,60.1,60.1,12500,2026-09-28,,,,,,,,
1790577420,60.1,60.3,60.0,60.3,26700,2026-09-28,,,,,,,,
1790577480,60.3,60.3,60.2,60.2,4100,2026-09-28,,,,,,,,
1790577540,60.2,60.3,60.2,60.3,3900,2026-09-28,,,,,,,,
1790577600,60.3,60.3,60.3,60.3,1000,2026-09-28,,,,,,,,
1790577660,60.2,60.2,60.2,60.2,41400,2026-09-28,,,,,,,,
1790577720,60.2,60.2,60.2,60.2,1800,2026-09-28,,,,,,,,
1790577780,60.2,60.2,60.2,60.2,2100,2026-09-28,,,,,,,,
1790577840,60.2,60.2,60.1,60.1,5600,2026-09-28,,,,,,,,
1790577900,60.1,60.1,60.1,60.1,1800,2026-09-28,,,,,,,,
1790577960,60.1,60.1,60.1,60.1,1400,2026-09-28,,,,,,,,
1790578020,60.1,60.1,60.1,60.1,6800,2026-09-28,,,,,,,,
1790578080,60.1,60.2,60.1,60.2,500,2026-09-28,,,,,,,,
1790578140,60.2,60.2,60.1,60.1,6800,2026-09-28,,,,,,,,
1790578200,60.1,60.1,60.0,60.0,11300,2026-09-28,,,,,,,,
1790578260,60.0,60.1,60.0,60.0,3300,2026-09-28,,,,,,,,
1790578320,60.0,60.1,60.0,60.1,1200,2026-09-28,,,,,,,,
1790578380,60.1,60.1,60.0,60.1,1500,2026-09-28,,,,,,,,
1790578440,60.0,60.1,60.0,60.0,4800,2026-09-28,,,,,,,,
1790578500,60.0,60.1,60.0,60.1,1800,2026-09-28,,,,,,,,
1790578560,60.1,60.1,60.1,60.1,1000,2026-09-28,,,,,,,,
1790578620,60.1,60.1,60.1,60.1,3600,2026-09-28,,,,,,,,
1790578680,60.1,60.1,60.1,60.1,500,2026-09-28,,,,,,,,
1790578740,60.1,60.1,60.0,60.0,10400,2026-09-28,,,,,,,,
1790578800,60.0,60.0,60.0,60.0,12200,2026-09-28,,,,,,,,
1790578860,60.0,60.0,59.9,59.9,3600,2026-09-28,,,,,,,,
1790578920,59.9,60.0,59.9,59.9,1900,2026-09-28,,,,,,,,
1790578980,59.9,59.9,59.9,59.9,12100,2026-09-28,,,,,,,,
1790579040,59.9,60.0,59.9,60.0,5500,2026-09-28,,,,,,,,
1790579100,59.9,60.0,59.9,60.0,3600,2026-09-28,,,,,,,,
1790579160,60.0,60.0,60.0,60.0,600,2026-09-28,,,,,,,,
1790579220,60.0,60.0,59.9,59.9,600,2026-09-28,,,,,,,,
1790579280,59.9,60.0,59.9,60.0,2600,2026-09-28,,,,,,,,
1790579340,60.0,60.0,59.9,59.9,11400,2026-09-28,,,,,,,,
1790579400,59.9,59.9,59.8,59.8,5600,2026-09-28,,,,,,,,
1790579460,59.8,59.9,59.8,59.8,7200,2026-09-28,,,,,,,,
1790579520,59.8,59.9,59.8,59.9,7100,2026-09-28,,,,,,,,
1790579580,59.9,59.9,59.8,59.9,11000,2026-09-28,,,,,,,,
1790579640,59.9,59.9,59.9,59.9,5500,2026-09-28,,,,,,,,
1790579700,59.9,59.9,59.8,59.8,2300,2026-09-28,,,,,,,,
1790579760,59.8,59.9,59.8,59.9,11200,2026-09-28,,,,,,,,
1790579820,59.9,59.9,59.9,59.9,1300,2026-09-28,,,,,,,,
1790579880,59.9,60.0,59.9,60.0,18100,2026-09-28,,,,,,,,
1790579940,60.0,60.0,60.0,60.0,5100,2026-09-28,,,,,,,,
1790580000,60.0,60.0,60.0,60.0,5300,2026-09-28,,,,,,,,
1790580060,60.0,60.0,60.0,60.0,6500,2026-09-28,,,,,,,,
1790580120,60.0,60.0,59.9,60.0,5800,2026-09-28,,,,,,,,
1790580180,60.0,60.0,59.9,60.0,7000,2026-09-28,,,,,,,,
1790580240,60.0,60.0,60.0,60.0,10200,2026-09-28,,,,,,,,
1790580300,60.0,60.0,60.0,60.0,5800,2026-09-28,,,,,,,,
1790580360,60.0,60.0,60.0,60.0,2000,2026-09-28,,,,,,,,
1790580420,60.0,60.1,60.0,60.0,5000,2026-09-28,,,,,,,,
1790580480,60.0,60.0,60.0,60.0,5300,2026-09-28,,,,,,,,
1790580540,60.0,60.1,60.0,60.0,9700,2026-09-28,,,,,,,,
1790581500,60.3,60.3,60.3,60.3,92200,2026-09-28,,,,,,,,
1790648100,60.4,60.5,60.4,60.5,33900,2026-09-29,,,,,,,,
1790648160,60.4,60.4,60.4,60.4,700,2026-09-29,,,,,,,,
1790648220,60.4,60.5,60.4,60.4,1300,2026-09-29,,,,,,,,
1790648280,60.4,60.4,60.2,60.3,22500,2026-09-29,,,,,,,,
1790648340,60.4,60.5,60.3,60.3,2100,2026-09-29,,,,,,,,
1790648400,60.3,60.3,60.3,60.3,700,2026-09-29,,,,,,,,
1790648460,60.2,60.2,60.2,60.2,11000,2026-09-29,,,,,,,,
1790648520,60.2,60.2,60.1,60.1,1100,2026-09-29,,,,,,,,
1790648580,60.2,60.2,60.1,60.1,1600,2026-09-29,,,,,,,,
1790648640,60.1,60.2,60.1,60.2,8800,2026-09-29,,,,,,,,
1790648700,60.2,60.2,60.2,60.2,700,2026-09-29,,,,,,,,
1790648760,60.2,60.2,60.2,60.2,1900,2026-09-29,,,,,,,,
1790648820,60.3,60.3,60.2,60.3,1700,2026-09-29,,,,,,,,
1790648880,60.3,60.3,60.3,60.3,31700,2026-09-29,,,,,,,,
1790648940,60.3,60.3,60.3,60.3,700,2026-09-29,,,,,,,,
1790649000,60.3,60.3,60.2,60.2,1100,2026-09-29,,,,,,,,
1790649060,60.3,60.3,60.2,60.2,2100,2026-09-29,,,,,,,,
1790649120,60.3,60.3,60.2,60.2,1800,2026-09-29,,,,,,,,
1790649180,60.2,60.2,60.2,60.2,2600,2026-09-29,,,,,,,,
1790649240,60.2,60.2,60.2,60.2,700,2026-09-29,,,,,,,,
1790649300,60.3,60.3,60.2,60.2,1600,2026-09-29,,,,,,,,
1790649360,60.2,60.3,60.2,60.2,3000,2026-09-29,,,,,,,,
1790649420,60.2,60.2,60.2,60.2,600,2026-09-29,,,,,,,,
1790649480,60.2,60.3,60.2,60.3,7400,2026-09-29,,,,,,,,
1790649540,60.3,60.3,60.2,60.2,1000,2026-09-29,,,,,,,,
1790649600,60.2,60.2,60.2,60.2,1900,2026-09-29,,,,,,,,
1790649660,60.2,60.3,60.1,60.3,10800,2026-09-29,,,,,,,,
1790649720,60.3,60.3,60.1,60.3,7100,2026-09-29,,,,,,,,
1790649780,60.2,60.2,60.1,60.1,5400,2026-09-29,,,,,,,,
1790649840,60.1,60.2,60.1,60.2,6200,2026-09-29,,,,,,,,
1790649900,60.1,60.2,60.1,60.1,5300,2026-09-29,,,,,,,,
1790649960,60.1,60.2,60.1,60.2,6000,2026-09-29,,,,,,,,
1790650020,60.1,60.2,60.1,60.1,6900,2026-09-29,,,,,,,,
1790650080,60.1,60.2,60.0,60.0,5300,2026-09-29,,,,,,,,
1790650140,60.2,60.2,60.0,60.1,600,2026-09-29,,,,,,,,
1790650200,60.0,60.1,60.0,60.1,8900,2026-09-29,,,,,,,,
1790650260,60.0,60.1,59.9,60.1,7100,2026-09-29,,,,,,,,
1790650320,60.1,60.2,59.9,60.2,5400,2026-09-29,,,,,,,,
1790650380,59.9,59.9,59.9,59.9,4500,2026-09-29,,,,,,,,
1790650440,59.9,60.2,59.9,60.2,5300,2026-09-29,,,,,,,,
1790650500,59.9,59.9,59.9,59.9,4600,2026-09-29,,,,,,,,
1790650560,60.1,60.1,59.9,59.9,4800,2026-09-29,,,,,,,,
1790650620,59.9,59.9,59.9,59.9,4500,2026-09-29,,,,,,,,
1790650680,60.0,60.0,59.9,60.0,6700,2026-09-29,,,,,,,,
1790650740,59.9,59.9,59.9,59.9,4700,2026-09-29,,,,,,,,
1790650800,60.0,60.0,59.9,59.9,5500,2026-09-29,,,,,,,,
1790650860,60.0,60.0,59.9,59.9,5600,2026-09-29,,,,,,,,
1790650920,59.9,60.0,59.9,60.0,10300,2026-09-29,,,,,,,,
1790650980,59.9,59.9,59.9,59.9,5800,2026-09-29,,,,,,,,
1790651040,59.9,59.9,59.8,59.8,3700,2026-09-29,,,,,,,,
1790651100,59.9,59.9,59.8,59.8,2400,2026-09-29,,,,,,,,
1790651160,59.9,60.0,59.9,60.0,1300,2026-09-29,,,,,,,,
1790651220,60.0,60.0,59.9,59.9,4300,2026-09-29,,,,,,,,
1790651280,59.9,59.9,59.9,59.9,300,2026-09-29,,,,,,,,
1790651340,59.9,59.9,59.9,59.9,400,2026-09-29,,,,,,,,
1790651400,59.9,60.0,59.9,60.0,3800,2026-09-29,,,,,,,,
1790651520,59.9,60.0,59.9,59.9,4300,2026-09-29,,,,,,,,
1790651580,59.9,59.9,59.9,59.9,400,2026-09-29,,,,,,,,
1790651640,59.9,60.0,59.9,59.9,4400,2026-09-29,,,,,,,,
1790651700,59.9,59.9,59.9,59.9,18600,2026-09-29,,,,,,,,
1790651760,59.9,60.0,59.9,60.0,2000,2026-09-29,,,,,,,,
1790651820,59.9,60.0,59.9,60.0,600,2026-09-29,,,,,,,,
1790651880,59.9,60.0,59.9,59.9,2600,2026-09-29,,,,,,,,
1790651940,59.9,59.9,59.9,59.9,1100,2026-09-29,,,,,,,,
1790652000,59.9,59.9,59.9,59.9,900,2026-09-29,,,,,,,,
1790652060,59.9,59.9,59.9,59.9,3800,2026-09-29,,,,,,,,
1790652120,60.0,60.0,59.9,59.9,1100,2026-09-29,,,,,,,,
1790652180,60.0,60.0,59.9,59.9,2300,2026-09-29,,,,,,,,
1790652240,59.9,59.9,59.9,59.9,500,2026-09-29,,,,,,,,
1790652300,59.9,59.9,59.9,59.9,300,2026-09-29,,,,,,,,
1790652360,60.0,60.0,59.9,59.9,2700,2026-09-29,,,,,,,,
1790652420,60.0,60.0,59.9,59.9,7500,2026-09-29,,,,,,,,
1790652480,59.9,60.0,59.9,59.9,1000,2026-09-29,,,,,,,,
1790652600,59.9,60.0,59.9,60.0,1100,2026-09-29,,,,,,,,
1790652660,59.9,59.9,59.9,59.9,400,2026-09-29,,,,,,,,
1790652720,59.9,59.9,59.9,59.9,400,2026-09-29,,,,,,,,
1790652780,59.9,60.0,59.9,60.0,2700,2026-09-29,,,,,,,,
1790652840,59.9,60.0,59.9,59.9,1200,2026-09-29,,,,,,,,
1790652900,60.0,60.0,59.9,59.9,400,2026-09-29,,,,,,,,
1790652960,59.9,59.9,59.9,59.9,500,2026-09-29,,,,,,,,
1790653020,60.0,60.0,59.9,59.9,4500,2026-09-29,,,,,,,,
1790653080,60.0,60.0,59.9,59.9,2700,2026-09-29,,,,,,,,
1790653140,59.9,59.9,59.9,59.9,500,2026-09-29,,,,,,,,
1790653200,59.9,59.9,59.9,59.9,300,2026-09-29,,,,,,,,
1790653260,59.9,59.9,59.9,59.9,300,2026-09-29,,,,,,,,
1790653320,60.0,60.0,59.9,59.9,2600,2026-09-29,,,,,,,,
1790653380,59.9,59.9,59.9,59.9,300,2026-09-29,,,,,,,,
1790653440,59.9,60.1,59.9,60.0,5200,2026-09-29,,,,,,,,
1790653500,60.0,60.0,60.0,60.0,5100,2026-09-29,,,,,,,,
1790653560,60.0,60.1,60.0,60.0,1700,2026-09-29,,,,,,,,
1790653620,60.0,60.0,60.0,60.0,300,2026-09-29,,,,,,,,
1790653680,60.0,60.0,60.0,60.0,7800,2026-09-29,,,,,,,,
1790653740,60.0,60.0,59.9,60.0,8300,2026-09-29,,,,,,,,
1790653800,60.0,60.1,59.9,60.1,5800,2026-09-29,,,,,,,,
1790653860,59.9,60.1,59.9,59.9,3900,2026-09-29,,,,,,,,
1790653920,59.9,60.1,59.9,60.1,6700,2026-09-29,,,,,,,,
1790653980,60.0,60.1,59.9,60.1,5100,2026-09-29,,,,,,,,
1790654040,60.0,60.1,60.0,60.0,3400,2026-09-29,,,,,,,,
1790654100,60.0,60.0,60.0,60.0,2800,2026-09-29,,,,,,,,
1790654160,60.0,60.1,60.0,60.0,900,2026-09-29,,,,,,,,
1790654220,60.0,60.0,60.0,60.0,300,2026-09-29,,,,,,,,
1790654280,60.1,60.1,60.0,60.0,1500,2026-09-29,,,,,,,,
1790654340,60.0,60.1,60.0,60.1,900,2026-09-29,,,,,,,,
1790654400,60.1,60.1,60.0,60.0,900,2026-09-29,,,,,,,,
1790654460,60.0,60.0,60.0,60.0,2100,2026-09-29,,,,,,,,
1790654520,60.1,60.1,60.0,60.0,700,2026-09-29,,,,,,,,
1790654580,60.0,60.0,60.0,60.0,700,2026-09-29,,,,,,,,
1790654640,60.1,60.1,60.0,60.0,700,2026-09-29,,,,,,,,
1790654700,60.0,60.0,60.0,60.0,1900,2026-09-29,,,,,,,,
1790654760,60.1,60.1,60.0,60.0,800,2026-09-29,,,,,,,,
1790654820,60.0,60.1,60.0,60.1,1800,2026-09-29,,,,,,,,
1790654880,60.0,60.0,59.9,59.9,4800,2026-09-29,,,,,,,,
1790654940,59.9,60.0,59.9,60.0,700,2026-09-29,,,,,,,,
1790655000,59.9,59.9,59.9,59.9,400,2026-09-29,,,,,,,,
1790655060,59.9,60.0,59.9,60.0,3600,2026-09-29,,,,,,,,
1790655120,59.9,59.9,59.9,59.9,300,2026-09-29,,,,,,,,
1790655180,59.9,60.1,59.9,60.1,700,2026-09-29,,,,,,,,
1790655240,59.9,60.1,59.9,60.1,5700,2026-09-29,,,,,,,,
1790655300,59.9,60.1,59.9,60.1,3800,2026-09-29,,,,,,,,
1790655360,59.9,59.9,59.9,59.9,700,2026-09-29,,,,,,,,
1790655420,60.0,60.1,59.9,59.9,3400,2026-09-29,,,,,,,,
1790655480,59.9,59.9,59.9,59.9,400,2026-09-29,,,,,,,,
1790655540,60.0,60.1,59.9,60.1,4700,2026-09-29,,,,,,,,
1790655600,59.9,59.9,59.9,59.9,400,2026-09-29,,,,,,,,
1790655660,60.0,60.1,59.9,59.9,800,2026-09-29,,,,,,,,
1790655720,59.9,59.9,59.9,59.9,600,2026-09-29,,,,,,,,
1790655780,60.1,60.1,59.8,59.8,7300,2026-09-29,,,,,,,,
1790655840,59.9,59.9,59.8,59.9,3700,2026-09-29,,,,,,,,
1790655900,60.1,60.1,59.9,59.9,800,2026-09-29,,,,,,,,
1790655960,59.9,59.9,59.9,59.9,300,2026-09-29,,,,,,,,
1790656020,60.1,60.1,59.9,59.9,700,2026-09-29,,,,,,,,
1790656140,60.1,60.2,60.1,60.2,700,2026-09-29,,,,,,,,
1790661600,60.2,60.2,60.0,60.2,20600,2026-09-29,,,,,,,,
1790661660,60.0,60.0,60.0,60.0,3000,2026-09-29,,,,,,,,
1790661720,60.0,60.2,60.0,60.0,15900,2026-09-29,,,,,,,,
1790661780,60.2,60.2,60.0,60.1,5600,2026-09-29,,,,,,,,
1790661840,60.0,60.1,60.0,60.1,3900,2026-09-29,,,,,,,,
1790661900,60.0,60.1,60.0,60.0,3100,2026-09-29,,,,,,,,
1790661960,60.0,60.2,60.0,60.2,5700,2026-09-29,,,,,,,,
1790662020,60.2,60.2,60.0,60.0,10000,2026-09-29,,,,,,,,
1790662080,60.0,60.2,60.0,60.0,13700,2026-09-29,,,,,,,,
1790662140,60.0,60.0,60.0,60.0,2200,2026-09-29,,,,,,,,
1790662200,60.0,60.1,60.0,60.1,700,2026-09-29,,,,,,,,
1790662260,60.1,60.1,60.0,60.0,600,2026-09-29,,,,,,,,
1790662320,60.0,60.1,60.0,60.0,7800,2026-09-29,,,,,,,,
1790662380,60.0,60.0,60.0,60.0,300,2026-09-29,,,,,,,,
1790662440,60.1,60.1,60.0,60.0,8800,2026-09-29,,,,,,,,
1790662560,60.0,60.2,60.0,60.0,17200,2026-09-29,,,,,,,,
1790662620,60.0,60.0,60.0,60.0,300,2026-09-29,,,,,,,,
1790662680,60.0,60.2,60.0,60.2,4900,2026-09-29,,,,,,,,
1790662740,60.1,60.1,60.1,60.1,400,2026-09-29,,,,,,,,
1790662800,60.1,60.3,60.1,60.2,51500,2026-09-29,,,,,,,,
1790662860,60.2,60.3,60.2,60.2,15300,2026-09-29,,,,,,,,
1790662920,60.2,60.3,60.1,60.1,20800,2026-09-29,,,,,,,,
1790662980,60.1,60.1,60.1,60.1,6300,2026-09-29,,,,,,,,
1790663040,60.1,60.2,60.1,60.1,5700,2026-09-29,,,,,,,,
1790663100,60.1,60.1,60.1,60.1,8000,2026-09-29,,,,,,,,
1790663160,60.1,60.2,60.1,60.1,3200,2026-09-29,,,,,,,,
1790663220,60.1,60.1,60.1,60.1,400,2026-09-29,,,,,,,,
1790663280,60.1,60.2,60.1,60.1,4800,2026-09-29,,,,,,,,
1790663340,60.1,60.1,60.0,60.0,9300,2026-09-29,,,,,,,,
1790663400,60.1,60.1,60.0,60.0,700,2026-09-29,,,,,,,,
1790663460,60.1,60.2,60.0,60.0,28100,2026-09-29,,,,,,,,
1790663520,60.2,60.2,60.0,60.2,2200,2026-09-29,,,,,,,,
1790663580,60.0,60.2,60.0,60.2,6500,2026-09-29,,,,,,,,
1790663640,60.0,60.2,60.0,60.0,11100,2026-09-29,,,,,,,,
1790663700,60.2,60.2,60.0,60.2,5300,2026-09-29,,,,,,,,
1790663760,60.0,60.2,60.0,60.0,6100,2026-09-29,,,,,,,,
1790663820,60.0,60.1,60.0,60.1,2700,2026-09-29,,,,,,,,
1790663880,60.1,60.2,60.1,60.2,600,2026-09-29,,,,,,,,
1790663940,60.0,60.0,60.0,60.0,400,2026-09-29,,,,,,,,
1790664000,60.0,60.2,60.0,60.1,4300,2026-09-29,,,,,,,,
1790664060,60.1,60.1,60.0,60.0,9300,2026-09-29,,,,,,,,
1790664120,60.0,60.1,60.0,60.1,2400,2026-09-29,,,,,,,,
1790664180,60.1,60.2,60.1,60.1,7000,2026-09-29,,,,,,,,
1790664240,60.2,60.2,60.0,60.1,2500,2026-09-29,,,,,,,,
1790664300,60.0,60.0,60.0,60.0,1400,2026-09-29,,,,,,,,
1790664360,60.1,60.1,60.0,60.0,4700,2026-09-29,,,,,,,,
1790664420,60.0,60.0,60.0,60.0,1500,2026-09-29,,,,,,,,
1790664480,60.1,60.1,60.0,60.0,700,2026-09-29,,,,,,,,
1790664540,60.0,60.0,59.9,59.9,23600,2026-09-29,,,,,,,,
1790664600,60.0,60.0,59.9,60.0,13600,2026-09-29,,,,,,,,
1790664660,60.0,60.0,59.9,59.9,16600,2026-09-29,,,,,,,,
1790664720,60.0,60.1,59.9,60.0,2700,2026-09-29,,,,,,,,
1790664780,60.0,60.0,60.0,60.0,1400,2026-09-29,,,,,,,,
1790664840,60.1,60.1,60.0,60.0,2700,2026-09-29,,,,,,,,
1790664900,60.1,60.1,60.0,60.0,13300,2026-09-29,,,,,,,,
1790664960,60.1,60.1,60.0,60.0,2900,2026-09-29,,,,,,,,
1790665020,60.1,60.1,60.0,60.1,2900,2026-09-29,,,,,,,,
1790665080,60.1,60.2,60.0,60.0,17900,2026-09-29,,,,,,,,
1790665140,60.2,60.2,60.0,60.0,2000,2026-09-29,,,,,,,,
1790665200,60.1,60.1,60.1,60.1,700,2026-09-29,,,,,,,,
1790665260,60.0,60.2,60.0,60.2,9800,2026-09-29,,,,,,,,
1790665320,60.1,60.1,60.1,60.1,1900,2026-09-29,,,,,,,,
1790665380,60.1,60.1,60.1,60.1,400,2026-09-29,,,,,,,,
1790665440,60.1,60.1,60.1,60.1,1900,2026-09-29,,,,,,,,
1790665500,60.1,60.1,60.1,60.1,6400,2026-09-29,,,,,,,,
1790665560,60.1,60.2,60.1,60.1,2400,2026-09-29,,,,,,,,
1790665620,60.1,60.2,60.1,60.1,11000,2026-09-29,,,,,,,,
1790665680,60.2,60.2,60.1,60.1,16900,2026-09-29,,,,,,,,
1790665740,60.2,60.2,60.1,60.1,2700,2026-09-29,,,,,,,,
1790665800,60.2,60.2,60.1,60.1,4500,2026-09-29,,,,,,,,
1790665860,60.1,60.2,60.1,60.2,4900,2026-09-29,,,,,,,,
1790665920,60.1,60.1,60.1,60.1,12500,2026-09-29,,,,,,,,
1790665980,60.1,60.1,60.1,60.1,1700,2026-09-29,,,,,,,,
1790666040,60.1,60.1,60.1,60.1,1300,2026-09-29,,,,,,,,
1790666100,60.1,60.1,60.0,60.0,19300,2026-09-29,,,,,,,,
1790666160,60.0,60.1,60.0,60.1,1300,2026-09-29,,,,,,,,
1790666220,60.1,60.2,60.1,60.2,3000,2026-09-29,,,,,,,,
1790666280,60.2,60.2,60.1,60.1,1800,2026-09-29,,,,,,,,
1790666340,60.1,60.2,60.0,60.1,10600,2026-09-29,,,,,,,,
1790666400,60.2,60.2,60.2,60.2,100,2026-09-29,,,,,,,,
1790666460,60.1,60.1,60.1,60.1,400,2026-09-29,,,,,,,,
1790666520,60.1,60.1,60.1,60.1,1100,2026-09-29,,,,,,,,
1790666580,60.1,60.2,60.1,60.2,37000,2026-09-29,,,,,,,,
1790666640,60.2,60.2,60.0,60.2,19900,2026-09-29,,,,,,,,
1790666700,60.2,60.2,60.2,60.2,400,2026-09-29,,,,,,,,
1790666760,60.2,60.3,60.1,60.2,6400,2026-09-29,,,,,,,,
1790666820,60.2,60.3,60.1,60.1,11400,2026-09-29,,,,,,,,
1790666880,60.1,60.2,60.1,60.1,16700,2026-09-29,,,,,,,,
1790666940,60.1,60.2,60.1,60.1,4300,2026-09-29,,,,,,,,
1790667900,60.3,60.3,60.3,60.3,132000,2026-09-29,,,,,,,,
1790734500,60.8,60.8,60.7,60.8,44800,2026-09-30,,,,,,,,
1790734560,60.8,60.8,60.5,60.5,4400,2026-09-30,,,,,,,,
1790734620,60.6,60.6,60.4,60.5,9800,2026-09-30,,,,,,,,
1790734680,60.4,60.4,60.4,60.4,3800,2026-09-30,,,,,,,,
1790734740,60.4,60.5,60.4,60.5,7900,2026-09-30,,,,,,,,
1790734800,60.5,60.6,60.5,60.5,7900,2026-09-30,,,,,,,,
1790734860,60.4,60.4,60.4,60.4,2000,2026-09-30,,,,,,,,
1790734920,60.4,60.4,60.3,60.3,24800,2026-09-30,,,,,,,,
1790734980,60.3,60.3,60.3,60.3,1700,2026-09-30,,,,,,,,
1790735040,60.3,60.3,60.2,60.3,2100,2026-09-30,,,,,,,,
1790735100,60.3,60.3,60.3,60.3,5200,2026-09-30,,,,,,,,
1790735160,60.3,60.3,60.3,60.3,1100,2026-09-30,,,,,,,,
1790735220,60.3,60.4,60.3,60.4,5600,2026-09-30,,,,,,,,
1790735280,60.3,60.4,60.3,60.4,500,2026-09-30,,,,,,,,
1790735340,60.4,60.4,60.3,60.3,8100,2026-09-30,,,,,,,,
1790735400,60.4,60.5,60.4,60.5,12600,2026-09-30,,,,,,,,
1790735460,60.5,60.5,60.4,60.5,1200,2026-09-30,,,,,,,,
1790735520,60.5,60.5,60.5,60.5,500,2026-09-30,,,,,,,,
1790735640,60.4,60.5,60.4,60.5,27700,2026-09-30,,,,,,,,
1790735700,60.5,60.5,60.4,60.5,12500,2026-09-30,,,,,,,,
1790735760,60.5,60.5,60.4,60.5,1200,2026-09-30,,,,,,,,
1790735820,60.5,60.5,60.4,60.5,6900,2026-09-30,,,,,,,,
1790735880,60.5,60.5,60.4,60.5,1400,2026-09-30,,,,,,,,
1790735940,60.5,60.5,60.4,60.5,400,2026-09-30,,,,,,,,
1790736000,60.5,60.5,60.5,60.5,1600,2026-09-30,,,,,,,,
1790736060,60.5,60.5,60.5,60.5,100,2026-09-30,,,,,,,,
1790736240,60.4,60.4,60.4,60.4,200,2026-09-30,,,,,,,,
1790736360,60.4,60.5,60.4,60.5,700,2026-09-30,,,,,,,,
1790736420,60.4,60.5,60.4,60.5,1100,2026-09-30,,,,,,,,
1790736480,60.4,60.4,60.4,60.4,14100,2026-09-30,,,,,,,,
1790736540,60.4,60.4,60.4,60.4,800,2026-09-30,,,,,,,,
1790736600,60.4,60.4,60.4,60.4,2700,2026-09-30,,,,,,,,
1790736660,60.4,60.4,60.4,60.4,1400,2026-09-30,,,,,,,,
1790736720,60.4,60.4,60.3,60.3,12700,2026-09-30,,,,,,,,
1790736780,60.3,60.3,60.3,60.3,10100,2026-09-30,,,,,,,,
1790736840,60.3,60.3,60.2,60.2,2000,2026-09-30,,,,,,,,
1790736900,60.3,60.3,60.3,60.3,2100,2026-09-30,,,,,,,,
1790736960,60.2,60.3,60.2,60.3,4600,2026-09-30,,,,,,,,
1790737020,60.3,60.3,60.3,60.3,100,2026-09-30,,,,,,,,
1790737080,60.3,60.3,60.3,60.3,3700,2026-09-30,,,,,,,,
1790737140,60.3,60.3,60.3,60.3,1100,2026-09-30,,,,,,,,
1790737200,60.2,60.3,60.1,60.1,11200,2026-09-30,,,,,,,,
1790737260,60.1,60.3,60.0,60.3,8800,2026-09-30,,,,,,,,
1790737320,60.2,60.2,60.0,60.0,12900,2026-09-30,,,,,,,,
1790737380,60.0,60.3,60.0,60.3,10800,2026-09-30,,,,,,,,
1790737440,60.3,60.4,60.0,60.3,18300,2026-09-30,,,,,,,,
1790737500,60.3,60.4,60.0,60.0,19400,2026-09-30,,,,,,,,
1790737560,60.1,60.1,60.0,60.0,7100,2026-09-30,,,,,,,,
1790737620,60.0,60.0,60.0,60.0,9300,2026-09-30,,,,,,,,
1790737680,60.0,60.1,60.0,60.0,8000,2026-09-30,,,,,,,,
1790737740,60.0,60.0,60.0,60.0,6800,2026-09-30,,,,,,,,
1790737800,60.0,60.1,60.0,60.1,7200,2026-09-30,,,,,,,,
1790737860,60.0,60.3,59.9,59.9,20000,2026-09-30,,,,,,,,
1790737920,60.3,60.3,59.9,59.9,9800,2026-09-30,,,,,,,,
1790737980,60.0,60.0,59.9,59.9,7200,2026-09-30,,,,,,,,
1790738040,59.9,59.9,59.9,59.9,7700,2026-09-30,,,,,,,,
1790738100,59.9,59.9,59.8,59.8,7000,2026-09-30,,,,,,,,
1790738160,59.8,59.8,59.8,59.8,7100,2026-09-30,,,,,,,,
1790738220,59.8,59.9,59.8,59.9,3200,2026-09-30,,,,,,,,
1790738280,60.0,60.0,60.0,60.0,200,2026-09-30,,,,,,,,
1790738340,60.1,60.1,60.0,60.1,9300,2026-09-30,,,,,,,,
1790738400,60.1,60.1,59.9,59.9,5000,2026-09-30,,,,,,,,
1790738460,59.9,59.9,59.9,59.9,200,2026-09-30,,,,,,,,
1790738520,59.9,60.0,59.9,59.9,1200,2026-09-30,,,,,,,,
1790738580,59.9,59.9,59.9,59.9,100,2026-09-30,,,,,,,,
1790738640,60.0,60.0,59.9,59.9,1200,2026-09-30,,,,,,,,
1790738700,59.9,60.0,59.9,60.0,400,2026-09-30,,,,,,,,
1790738760,60.0,60.0,60.0,60.0,500,2026-09-30,,,,,,,,
1790738820,59.9,60.0,59.9,60.0,3300,2026-09-30,,,,,,,,
1790738880,59.9,59.9,59.9,59.9,1600,2026-09-30,,,,,,,,
1790738940,59.9,59.9,59.9,59.9,2400,2026-09-30,,,,,,,,
1790739000,59.9,59.9,59.9,59.9,13300,2026-09-30,,,,,,,,
1790739060,59.9,60.0,59.9,59.9,3300,2026-09-30,,,,,,,,
1790739120,60.0,60.1,59.9,59.9,6800,2026-09-30,,,,,,,,
1790739180,59.9,60.0,59.9,59.9,2900,2026-09-30,,,,,,,,
1790739240,59.9,60.1,59.9,59.9,4300,2026-09-30,,,,,,,,
1790739300,60.0,60.0,60.0,60.0,1000,2026-09-30,,,,,,,,
1790739360,60.0,60.0,60.0,60.0,2400,2026-09-30,,,,,,,,
1790739420,60.0,60.0,59.9,59.9,3200,2026-09-30,,,,,,,,
1790739480,59.9,60.0,59.9,59.9,1200,2026-09-30,,,,,,,,
1790739540,60.0,60.0,59.9,59.9,3600,2026-09-30,,,,,,,,
1790739600,59.9,59.9,59.9,59.9,2800,2026-09-30,,,,,,,,
1790739660,59.9,59.9,59.8,59.8,15400,2026-09-30,,,,,,,,
1790739720,59.8,60.0,59.8,60.0,1100,2026-09-30,,,,,,,,
1790739780,60.0,60.0,59.8,59.8,3500,2026-09-30,,,,,,,,
1790739840,59.8,60.0,59.8,59.8,2500,2026-09-30,,,,,,,,
1790739900,59.8,59.8,59.8,59.8,1100,2026-09-30,,,,,,,,
1790739960,59.8,60.0,59.8,59.8,5100,2026-09-30,,,,,,,,
1790740020,59.8,59.8,59.8,59.8,14100,2026-09-30,,,,,,,,
1790740080,59.8,59.8,59.7,59.8,37900,2026-09-30,,,,,,,,
1790740140,59.7,60.0,59.7,59.7,18400,2026-09-30,,,,,,,,
1790740200,59.7,59.8,59.7,59.7,14500,2026-09-30,,,,,,,,
1790740260,59.7,59.8,59.6,59.6,14100,2026-09-30,,,,,,,,
1790740320,59.6,59.8,59.6,59.8,12700,2026-09-30,,,,,,,,
1790740380,59.7,60.0,59.6,60.0,7400,2026-09-30,,,,,,,,
1790740560,59.9,59.9,59.9,59.9,100,2026-09-30,,,,,,,,
1790740620,60.0,60.0,59.8,60.0,15400,2026-09-30,,,,,,,,
1790740740,60.0,60.0,59.8,59.8,1700,2026-09-30,,,,,,,,
1790740800,60.0,60.0,59.9,59.9,200,2026-09-30,,,,,,,,
1790740860,59.8,59.8,59.8,59.8,6900,2026-09-30,,,,,,,,
1790740920,59.8,59.8,59.7,59.8,6400,2026-09-30,,,,,,,,
1790740980,59.9,59.9,59.9,59.9,100,2026-09-30,,,,,,,,
1790741040,59.9,59.9,59.9,59.9,1800,2026-09-30,,,,,,,,
1790741220,59.8,59.8,59.8,59.8,100,2026-09-30,,,,,,,,
1790741280,59.8,59.8,59.8,59.8,1100,2026-09-30,,,,,,,,
1790741340,59.9,60.0,59.8,60.0,14200,2026-09-30,,,,,,,,
1790741400,60.0,60.0,59.7,59.7,20800,2026-09-30,,,,,,,,
1790741460,60.0,60.0,60.0,60.0,800,2026-09-30,,,,,,,,
1790741520,59.8,59.8,59.8,59.8,700,2026-09-30,,,,,,,,
1790741580,59.8,59.8,59.8,59.8,200,2026-09-30,,,,,,,,
1790741640,59.8,59.8,59.8,59.8,100,2026-09-30,,,,,,,,
1790741700,59.8,59.9,59.8,59.8,2700,2026-09-30,,,,,,,,
1790741760,59.9,59.9,59.9,59.9,100,2026-09-30,,,,,,,,
1790741820,59.9,60.0,59.9,60.0,600,2026-09-30,,,,,,,,
1790742000,59.8,60.0,59.8,60.0,300,2026-09-30,,,,,,,,
1790742060,59.8,59.8,59.8,59.8,100,2026-09-30,,,,,,,,
1790742120,59.8,59.8,59.8,59.8,100,2026-09-30,,,,,,,,
1790742180,59.8,59.8,59.7,59.7,6000,2026-09-30,,,,,,,,
1790742240,59.7,59.7,59.7,59.7,700,2026-09-30,,,,,,,,
1790742300,59.8,59.9,59.8,59.9,400,2026-09-30,,,,,,,,
1790742360,59.8,59.8,59.8,59.8,100,2026-09-30,,,,,,,,
1790742420,59.8,59.8,59.8,59.8,100,2026-09-30,,,,,,,,
1790742480,59.8,59.9,59.7,59.9,4600,2026-09-30,,,,,,,,
1790742540,59.9,60.0,59.7,60.0,5900,2026-09-30,,,,,,,,
1790748000,60.0,60.0,59.7,59.8,41000,2026-09-30,,,,,,,,
1790748060,59.9,60.0,59.7,59.7,34300,2026-09-30,,,,,,,,
1790748120,59.7,60.0,59.7,59.8,15100,2026-09-30,,,,,,,,
1790748180,59.8,59.8,59.7,59.7,11300,2026-09-30,,,,,,,,
1790748240,59.7,59.8,59.7,59.7,10200,2026-09-30,,,,,,,,
1790748300,59.8,59.8,59.7,59.7,11000,2026-09-30,,,,,,,,
1790748360,59.7,59.8,59.7,59.7,400,2026-09-30,,,,,,,,
1790748420,59.7,59.8,59.7,59.7,18100,2026-09-30,,,,,,,,
1790748480,59.8,59.8,59.6,59.6,23000,2026-09-30,,,,,,,,
1790748540,59.7,59.8,59.6,59.7,12200,2026-09-30,,,,,,,,
1790748600,59.7,59.7,59.7,59.7,300,2026-09-30,,,,,,,,
1790748660,59.8,59.8,59.7,59.7,4000,2026-09-30,,,,,,,,
1790748720,59.8,59.8,59.8,59.8,300,2026-09-30,,,,,,,,
1790748780,59.8,59.8,59.8,59.8,1300,2026-09-30,,,,,,,,
1790748840,59.8,59.8,59.7,59.8,13100,2026-09-30,,,,,,,,
1790748900,59.8,59.9,59.8,59.8,3800,2026-09-30,,,,,,,,
1790748960,59.8,59.9,59.8,59.9,4800,2026-09-30,,,,,,,,
1790749020,59.8,59.8,59.8,59.8,200,2026-09-30,,,,,,,,
1790749080,59.8,59.8,59.8,59.8,2300,2026-09-30,,,,,,,,
1790749140,59.8,59.8,59.8,59.8,4100,2026-09-30,,,,,,,,
1790749200,59.8,59.8,59.8,59.8,300,2026-09-30,,,,,,,,
1790749260,59.8,59.8,59.8,59.8,6000,2026-09-30,,,,,,,,
1790749320,59.8,59.8,59.8,59.8,3400,2026-09-30,,,,,,,,
1790749380,59.8,59.8,59.7,59.7,8800,2026-09-30,,,,,,,,
1790749440,59.7,59.7,59.7,59.7,200,2026-09-30,,,,,,,,
1790749500,59.7,59.8,59.7,59.8,30100,2026-09-30,,,,,,,,
1790749560,59.8,59.9,59.8,59.9,400,2026-09-30,,,,,,,,
1790749620,59.9,59.9,59.8,59.8,14300,2026-09-30,,,,,,,,
1790749680,59.8,59.8,59.8,59.8,1100,2026-09-30,,,,,,,,
1790749740,59.8,59.8,59.8,59.8,3500,2026-09-30,,,,,,,,
1790749800,59.8,59.8,59.8,59.8,400,2026-09-30,,,,,,,,
1790749860,59.8,59.9,59.8,59.9,700,2026-09-30,,,,,,,,
1790749920,59.8,59.8,59.8,59.8,100,2026-09-30,,,,,,,,
1790749980,59.8,59.8,59.8,59.8,300,2026-09-30,,,,,,,,
1790750040,59.8,59.9,59.8,59.9,1300,2026-09-30,,,,,,,,
1790750100,59.9,59.9,59.8,59.8,400,2026-09-30,,,,,,,,
1790750160,59.8,59.8,59.8,59.8,5200,2026-09-30,,,,,,,,
1790750220,59.8,59.8,59.8,59.8,200,2026-09-30,,,,,,,,
1790750280,59.8,59.8,59.8,59.8,9900,2026-09-30,,,,,,,,
1790750340,59.8,59.8,59.8,59.8,1100,2026-09-30,,,,,,,,
1790750400,59.8,59.8,59.7,59.7,13600,2026-09-30,,,,,,,,
1790750460,59.7,59.9,59.7,59.9,4500,2026-09-30,,,,,,,,
1790750520,59.7,59.7,59.7,59.7,5800,2026-09-30,,,,,,,,
1790750580,59.7,59.8,59.7,59.7,1300,2026-09-30,,,,,,,,
1790750640,59.7,59.8,59.7,59.8,3400,2026-09-30,,,,,,,,
1790750700,59.7,59.8,59.7,59.8,1300,2026-09-30,,,,,,,,
1790750760,59.7,59.8,59.7,59.7,21500,2026-09-30,,,,,,,,
1790750820,59.7,59.7,59.7,59.7,1600,2026-09-30,,,,,,,,
1790750880,59.7,59.8,59.7,59.7,4200,2026-09-30,,,,,,,,
1790750940,59.7,59.7,59.7,59.7,3700,2026-09-30,,,,,,,,
1790751000,59.7,59.8,59.7,59.7,14300,2026-09-30,,,,,,,,
1790751060,59.7,59.7,59.7,59.7,8700,2026-09-30,,,,,,,,
1790751120,59.7,59.7,59.7,59.7,12100,2026-09-30,,,,,,,,
1790751180,59.7,59.7,59.6,59.6,3700,2026-09-30,,,,,,,,
1790751240,59.6,59.7,59.6,59.7,7400,2026-09-30,,,,,,,,
1790751300,59.6,59.6,59.6,59.6,3000,2026-09-30,,,,,,,,
1790751360,59.6,59.6,59.6,59.6,3500,2026-09-30,,,,,,,,
1790751420,59.6,59.7,59.6,59.6,5000,2026-09-30,,,,,,,,
1790751480,59.6,59.7,59.6,59.6,2400,2026-09-30,,,,,,,,
1790751540,59.6,59.7,59.6,59.6,3400,2026-09-30,,,,,,,,
1790751600,59.7,59.7,59.6,59.6,66700,2026-09-30,,,,,,,,
1790751660,59.6,59.7,59.5,59.5,19800,2026-09-30,,,,,,,,
1790751720,59.5,59.6,59.5,59.5,39200,2026-09-30,,,,,,,,
1790751780,59.5,59.6,59.5,59.6,8900,2026-09-30,,,,,,,,
1790751840,59.5,59.6,59.5,59.6,10600,2026-09-30,,,,,,,,
1790751900,59.5,59.6,59.5,59.6,12900,2026-09-30,,,,,,,,
1790751960,59.6,59.7,59.6,59.6,9700,2026-09-30,,,,,,,,
1790752020,59.6,59.7,59.6,59.6,5300,2026-09-30,,,,,,,,
1790752080,59.6,59.6,59.6,59.6,1600,2026-09-30,,,,,,,,
1790752140,59.6,59.6,59.6,59.6,2400,2026-09-30,,,,,,,,
1790752200,59.6,59.6,59.6,59.6,6900,2026-09-30,,,,,,,,
1790752260,59.6,59.6,59.6,59.6,19700,2026-09-30,,,,,,,,
1790752320,59.6,59.6,59.6,59.6,1400,2026-09-30,,,,,,,,
1790752380,59.6,59.7,59.6,59.6,1500,2026-09-30,,,,,,,,
1790752440,59.6,59.6,59.6,59.6,4700,2026-09-30,,,,,,,,
1790752500,59.6,59.6,59.6,59.6,5200,2026-09-30,,,,,,,,
1790752560,59.6,59.7,59.6,59.6,20500,2026-09-30,,,,,,,,
1790752620,59.6,59.7,59.5,59.5,15900,2026-09-30,,,,,,,,
1790752680,59.5,59.7,59.5,59.6,38700,2026-09-30,,,,,,,,
1790752740,59.5,59.7,59.5,59.6,18900,2026-09-30,,,,,,,,
1790752800,59.5,59.6,59.5,59.5,10600,2026-09-30,,,,,,,,
1790752860,59.5,59.5,59.5,59.5,3600,2026-09-30,,,,,,,,
1790752920,59.5,59.6,59.5,59.5,2800,2026-09-30,,,,,,,,
1790752980,59.5,59.6,59.5,59.5,24300,2026-09-30,,,,,,,,
1790753040,59.6,59.6,59.5,59.5,18100,2026-09-30,,,,,,,,
1790753100,59.5,59.6,59.5,59.5,3600,2026-09-30,,,,,,,,
1790753160,59.5,59.6,59.4,59.5,61000,2026-09-30,,,,,,,,
1790753220,59.4,59.6,59.4,59.6,11800,2026-09-30,,,,,,,,
1790753280,59.5,59.6,59.5,59.6,11300,2026-09-30,,,,,,,,
1790753340,59.6,59.6,59.5,59.5,24000,2026-09-30,,,,,,,,
1790754300,59.4,59.4,59.4,59.4,87000,2026-09-30,,,,,,,,
1790820900,59.4,59.5,59.2,59.5,23900,2026-10-01,,,,,,,,
1790820960,59.5,59.5,59.4,59.4,300,2026-10-01,,,,,,,,
1790821020,59.5,59.6,59.5,59.6,2200,2026-10-01,,,,,,,,
1790821080,59.6,59.6,59.6,59.6,200,2026-10-01,,,,,,,,
1790821140,59.6,59.6,59.6,59.6,5300,2026-10-01,,,,,,,,
1790821200,59.5,59.6,59.5,59.5,1100,2026-10-01,,,,,,,,
1790821260,59.5,59.6,59.4,59.4,5100,2026-10-01,,,,,,,,
1790821320,59.4,59.4,59.4,59.4,6500,2026-10-01,,,,,,,,
1790821380,59.4,59.4,59.4,59.4,4300,2026-10-01,,,,,,,,
1790821440,59.4,59.5,59.4,59.5,2700,2026-10-01,,,,,,,,
1790821500,59.5,59.5,59.4,59.4,1700,2026-10-01,,,,,,,,
1790821560,59.4,59.4,59.4,59.4,1000,2026-10-01,,,,,,,,
1790821620,59.4,59.5,59.4,59.4,3500,2026-10-01,,,,,,,,
1790821680,59.4,59.4,59.3,59.3,19200,2026-10-01,,,,,,,,
1790821740,59.3,59.3,59.3,59.3,10900,2026-10-01,,,,,,,,
1790821800,59.3,59.4,59.3,59.3,3300,2026-10-01,,,,,,,,
1790821860,59.4,59.4,59.3,59.3,3700,2026-10-01,,,,,,,,
1790821920,59.3,59.3,59.3,59.3,300,2026-10-01,,,,,,,,
1790821980,59.3,59.4,59.3,59.3,1400,2026-10-01,,,,,,,,
1790822040,59.3,59.4,59.3,59.4,2200,2026-10-01,,,,,,,,
1790822100,59.4,59.5,59.4,59.5,1000,2026-10-01,,,,,,,,
1790822160,59.4,59.6,59.4,59.4,3200,2026-10-01,,,,,,,,
1790822220,59.4,59.5,59.4,59.4,34100,2026-10-01,,,,,,,,
1790822280,59.3,59.4,59.2,59.3,16300,2026-10-01,,,,,,,,
1790822340,59.3,59.3,59.2,59.3,10600,2026-10-01,,,,,,,,
1790822400,59.2,59.2,59.2,59.2,8500,2026-10-01,,,,,,,,
1790822460,59.2,59.2,59.0,59.0,53800,2026-10-01,,,,,,,,
1790822520,59.0,59.2,58.9,58.9,82200,2026-10-01,,,,,,,,
1790822580,58.9,59.0,58.9,59.0,18800,2026-10-01,,,,,,,,
1790822640,59.0,59.1,59.0,59.1,10400,2026-10-01,,,,,,,,
1790822700,59.0,59.2,59.0,59.2,11000,2026-10-01,,,,,,,,
1790822760,59.1,59.1,59.0,59.0,23300,2026-10-01,,,,,,,,
1790822820,59.1,59.1,59.0,59.0,18700,2026-10-01,,,,,,,,
1790822880,59.1,59.1,59.0,59.0,10900,2026-10-01,,,,,,,,
1790822940,59.0,59.0,58.9,58.9,15000,2026-10-01,,,,,,,,
1790823000,59.0,59.0,58.9,59.0,6500,2026-10-01,,,,,,,,
1790823060,58.9,59.0,58.9,58.9,31400,2026-10-01,,,,,,,,
1790823120,58.9,59.0,58.8,58.9,8900,2026-10-01,,,,,,,,
1790823180,58.9,59.0,58.8,59.0,9600,2026-10-01,,,,,,,,
1790823240,58.9,59.0,58.8,59.0,15000,2026-10-01,,,,,,,,
1790823300,58.9,59.0,58.9,58.9,12100,2026-10-01,,,,,,,,
1790823360,58.9,59.0,58.8,58.9,9800,2026-10-01,,,,,,,,
1790823420,58.9,59.0,58.8,58.9,14800,2026-10-01,,,,,,,,
1790823480,58.9,59.0,58.9,58.9,8900,2026-10-01,,,,,,,,
1790823540,58.9,59.0,58.9,59.0,10700,2026-10-01,,,,,,,,
1790823600,58.9,59.0,58.9,58.9,25600,2026-10-01,,,,,,,,
1790823660,58.9,59.1,58.9,59.0,5000,2026-10-01,,,,,,,,
1790823720,59.0,59.0,58.9,59.0,6300,2026-10-01,,,,,,,,
1790823780,59.0,59.0,58.9,59.0,9500,2026-10-01,,,,,,,,
1790823840,59.0,59.0,58.9,58.9,8300,2026-10-01,,,,,,,,
1790823900,58.9,59.0,58.9,58.9,9300,2026-10-01,,,,,,,,
1790823960,58.9,59.0,58.9,58.9,8900,2026-10-01,,,,,,,,
1790824020,58.9,59.0,58.9,59.0,7800,2026-10-01,,,,,,,,
1790824080,58.9,58.9,58.9,58.9,1500,2026-10-01,,,,,,,,
1790824140,58.9,59.0,58.9,58.9,17000,2026-10-01,,,,,,,,
1790824200,58.9,59.0,58.9,58.9,5600,2026-10-01,,,,,,,,
1790824260,58.9,59.0,58.9,58.9,1000,2026-10-01,,,,,,,,
1790824320,59.0,59.0,58.9,58.9,9400,2026-10-01,,,,,,,,
1790824380,58.9,59.0,58.9,58.9,700,2026-10-01,,,,,,,,
1790824440,58.9,59.0,58.9,58.9,8300,2026-10-01,,,,,,,,
1790824500,58.9,59.0,58.9,59.0,21300,2026-10-01,,,,,,,,
1790824560,59.0,59.0,58.9,59.0,28300,2026-10-01,,,,,,,,
1790824620,59.0,59.1,59.0,59.0,9700,2026-10-01,,,,,,,,
1790824680,59.0,59.1,58.9,59.0,13700,2026-10-01,,,,,,,,
1790824740,59.0,59.1,58.9,58.9,27800,2026-10-01,,,,,,,,
1790824800,59.0,59.0,58.9,58.9,23100,2026-10-01,,,,,,,,
1790824860,59.0,59.0,58.9,58.9,19500,2026-10-01,,,,,,,,
1790824920,58.9,59.0,58.9,58.9,19400,2026-10-01,,,,,,,,
1790824980,59.0,59.0,58.9,58.9,27000,2026-10-01,,,,,,,,
1790825040,58.9,59.0,58.9,59.0,7300,2026-10-01,,,,,,,,
1790825100,59.0,59.0,58.9,59.0,13400,2026-10-01,,,,,,,,
1790825160,59.0,59.0,58.9,58.9,11500,2026-10-01,,,,,,,,
1790825220,58.9,58.9,58.9,58.9,14200,2026-10-01,,,,,,,,
1790825280,58.9,58.9,58.9,58.9,11700,2026-10-01,,,,,,,,
1790825340,58.9,58.9,58.9,58.9,10800,2026-10-01,,,,,,,,
1790825400,58.9,58.9,58.9,58.9,20700,2026-10-01,,,,,,,,
1790825460,58.9,58.9,58.8,58.8,15600,2026-10-01,,,,,,,,
1790825520,58.8,58.9,58.8,58.9,9900,2026-10-01,,,,,,,,
1790825580,58.9,59.0,58.8,58.8,14400,2026-10-01,,,,,,,,
1790825640,58.9,58.9,58.9,58.9,18300,2026-10-01,,,,,,,,
1790825700,58.9,59.0,58.8,58.8,17600,2026-10-01,,,,,,,,
1790825760,58.8,59.0,58.8,58.8,14000,2026-10-01,,,,,,,,
1790825820,58.8,58.9,58.8,58.9,11000,2026-10-01,,,,,,,,
1790825880,58.8,58.9,58.8,58.8,12400,2026-10-01,,,,,,,,
1790825940,58.8,58.8,58.8,58.8,38700,2026-10-01,,,,,,,,
1790826000,58.8,58.9,58.8,58.9,3000,2026-10-01,,,,,,,,
1790826060,58.8,58.9,58.7,58.8,12700,2026-10-01,,,,,,,,
1790826120,58.8,58.8,58.8,58.8,4800,2026-10-01,,,,,,,,
1790826180,58.9,58.9,58.8,58.8,6900,2026-10-01,,,,,,,,
1790826240,58.8,58.9,58.8,58.8,14400,2026-10-01,,,,,,,,
1790826300,58.8,58.9,58.8,58.8,2700,2026-10-01,,,,,,,,
1790826360,58.8,58.9,58.8,58.9,2200,2026-10-01,,,,,,,,
1790826420,58.9,59.0,58.9,58.9,3100,2026-10-01,,,,,,,,
1790826480,58.9,59.0,58.9,58.9,7600,2026-10-01,,,,,,,,
1790826540,58.9,58.9,58.9,58.9,9800,2026-10-01,,,,,,,,
1790826600,58.9,59.0,58.9,58.9,17700,2026-10-01,,,,,,,,
1790826660,58.9,58.9,58.9,58.9,4400,2026-10-01,,,,,,,,
1790826720,58.9,59.1,58.9,59.0,8100,2026-10-01,,,,,,,,
1790826780,59.0,59.1,59.0,59.0,6000,2026-10-01,,,,,,,,
1790826840,59.0,59.0,59.0,59.0,2000,2026-10-01,,,,,,,,
1790826900,59.0,59.0,59.0,59.0,500,2026-10-01,,,,,,,,
1790826960,59.1,59.3,59.1,59.3,27000,2026-10-01,,,,,,,,
1790827020,59.3,59.3,59.1,59.3,21000,2026-10-01,,,,,,,,
1790827080,59.3,59.3,59.1,59.2,6000,2026-10-01,,,,,,,,
1790827140,59.3,59.4,59.2,59.2,9700,2026-10-01,,,,,,,,
1790827200,59.2,59.2,59.2,59.2,14300,2026-10-01,,,,,,,,
1790827260,59.2,59.2,59.2,59.2,9000,2026-10-01,,,,,,,,
1790827320,59.3,59.4,59.2,59.4,3400,2026-10-01,,,,,,,,
1790827380,59.3,59.3,59.3,59.3,4700,2026-10-01,,,,,,,,
1790827440,59.3,59.3,59.2,59.2,54000,2026-10-01,,,,,,,,
1790827500,59.2,59.2,59.1,59.1,53600,2026-10-01,,,,,,,,
1790827560,59.1,59.1,59.1,59.1,33000,2026-10-01,,,,,,,,
1790827620,59.1,59.1,59.0,59.0,79000,2026-10-01,,,,,,,,
1790827680,59.0,59.0,58.9,58.9,17100,2026-10-01,,,,,,,,
1790827740,58.9,59.0,58.8,58.8,15400,2026-10-01,,,,,,,,
1790827800,58.9,58.9,58.8,58.8,18400,2026-10-01,,,,,,,,
1790827860,58.8,58.8,58.8,58.8,17100,2026-10-01,,,,,,,,
1790827920,58.8,59.0,58.8,58.8,14700,2026-10-01,,,,,,,,
1790827980,58.8,58.8,58.8,58.8,4900,2026-10-01,,,,,,,,
1790828040,58.8,58.9,58.8,58.9,3900,2026-10-01,,,,,,,,
1790828100,59.0,59.0,58.9,58.9,15700,2026-10-01,,,,,,,,
1790828160,58.9,59.0,58.9,58.9,2500,2026-10-01,,,,,,,,
1790828220,58.9,59.0,58.9,59.0,900,2026-10-01,,,,,,,,
1790828280,58.9,58.9,58.8,58.9,10600,2026-10-01,,,,,,,,
1790828340,58.9,58.9,58.8,58.8,7000,2026-10-01,,,,,,,,
1790828400,58.9,58.9,58.8,58.8,1000,2026-10-01,,,,,,,,
1790828460,58.8,58.8,58.8,58.8,3400,2026-10-01,,,,,,,,
1790828520,58.8,58.9,58.8,58.8,26900,2026-10-01,,,,,,,,
1790828580,58.8,58.8,58.8,58.8,5500,2026-10-01,,,,,,,,
1790828640,58.8,58.8,58.8,58.8,1300,2026-10-01,,,,,,,,
1790828700,58.8,58.8,58.8,58.8,4600,2026-10-01,,,,,,,,
1790828760,58.8,58.9,58.8,58.8,800,2026-10-01,,,,,,,,
1790828820,58.8,58.9,58.8,58.8,11700,2026-10-01,,,,,,,,
1790828880,58.8,58.9,58.8,58.9,1800,2026-10-01,,,,,,,,
1790828940,58.9,58.9,58.9,58.9,100,2026-10-01,,,,,,,,
1790834400,58.9,59.0,58.8,58.9,36900,2026-10-01,,,,,,,,
1790834460,58.9,59.0,58.8,58.9,8100,2026-10-01,,,,,,,,
1790834520,58.9,59.0,58.8,58.8,16400,2026-10-01,,,,,,,,
1790834580,59.0,59.0,58.8,58.8,23600,2026-10-01,,,,,,,,
1790834640,58.8,58.9,58.8,58.8,11300,2026-10-01,,,,,,,,
1790834700,58.8,58.8,58.8,58.8,21700,2026-10-01,,,,,,,,
1790834760,58.8,58.8,58.7,58.7,26000,2026-10-01,,,,,,,,
1790834820,58.7,58.7,58.7,58.7,7500,2026-10-01,,,,,,,,
1790834880,58.7,58.8,58.7,58.8,84200,2026-10-01,,,,,,,,
1790834940,58.8,58.8,58.8,58.8,16500,2026-10-01,,,,,,,,
1790835000,58.8,58.8,58.7,58.8,29300,2026-10-01,,,,,,,,
1790835060,58.8,58.8,58.7,58.7,13600,2026-10-01,,,,,,,,
1790835120,58.7,58.8,58.7,58.7,8900,2026-10-01,,,,,,,,
1790835180,58.8,58.8,58.7,58.7,12200,2026-10-01,,,,,,,,
1790835240,58.7,58.8,58.7,58.7,22000,2026-10-01,,,,,,,,
1790835300,58.7,58.8,58.7,58.7,50600,2026-10-01,,,,,,,,
1790835360,58.7,58.8,58.7,58.7,71100,2026-10-01,,,,,,,,
1790835420,58.7,58.8,58.7,58.7,5800,2026-10-01,,,,,,,,
1790835480,58.8,58.8,58.7,58.7,7400,2026-10-01,,,,,,,,
1790835540,58.8,58.8,58.7,58.7,4900,2026-10-01,,,,,,,,
1790835600,58.7,58.8,58.7,58.8,30800,2026-10-01,,,,,,,,
1790835660,58.7,58.7,58.7,58.7,6500,2026-10-01,,,,,,,,
1790835720,58.7,58.8,58.7,58.8,43900,2026-10-01,,,,,,,,
1790835780,58.8,58.8,58.7,58.7,13600,2026-10-01,,,,,,,,
1790835840,58.7,58.8,58.7,58.7,13500,2026-10-01,,,,,,,,
1790835900,58.7,58.8,58.7,58.8,4200,2026-10-01,,,,,,,,
1790835960,58.7,58.8,58.7,58.8,10700,2026-10-01,,,,,,,,
1790836020,58.7,58.8,58.7,58.7,36500,2026-10-01,,,,,,,,
1790836080,58.7,58.7,58.7,58.7,7700,2026-10-01,,,,,,,,
1790836140,58.7,58.7,58.7,58.7,7700,2026-10-01,,,,,,,,
1790836200,58.7,58.7,58.7,58.7,13500,2026-10-01,,,,,,,,
1790836260,58.7,58.7,58.7,58.7,4200,2026-10-01,,,,,,,,
1790836320,58.7,58.8,58.7,58.7,19000,2026-10-01,,,,,,,,
1790836380,58.7,58.8,58.7,58.7,23600,2026-10-01,,,,,,,,
1790836440,58.7,58.7,58.7,58.7,10400,2026-10-01,,,,,,,,
1790836500,58.7,58.8,58.7,58.7,17800,2026-10-01,,,,,,,,
1790836560,58.7,58.8,58.6,58.6,13500,2026-10-01,,,,,,,,
1790836620,58.6,58.8,58.6,58.7,7500,2026-10-01,,,,,,,,
1790836680,58.7,58.8,58.7,58.7,11800,2026-10-01,,,,,,,,
1790836740,58.7,58.8,58.7,58.7,14200,2026-10-01,,,,,,,,
1790836800,58.8,58.8,58.7,58.7,19600,2026-10-01,,,,,,,,
1790836860,58.7,58.8,58.7,58.7,12200,2026-10-01,,,,,,,,
1790836920,58.8,58.8,58.7,58.7,19300,2026-10-01,,,,,,,,
1790836980,58.7,58.7,58.7,58.7,12600,2026-10-01,,,,,,,,
1790837040,58.8,58.8,58.7,58.7,38600,2026-10-01,,,,,,,,
1790837100,58.7,58.7,58.6,58.6,23700,2026-10-01,,,,,,,,
1790837160,58.7,58.7,58.6,58.6,22600,2026-10-01,,,,,,,,
1790837220,58.6,58.6,58.6,58.6,10500,2026-10-01,,,,,,,,
1790837280,58.6,58.7,58.6,58.7,16700,2026-10-01,,,,,,,,
1790837340,58.6,58.8,58.6,58.7,48500,2026-10-01,,,,,,,,
1790837400,58.7,58.8,58.6,58.8,45700,2026-10-01,,,,,,,,
1790837460,58.8,58.8,58.6,58.7,13600,2026-10-01,,,,,,,,
1790837520,58.7,58.7,58.6,58.7,12800,2026-10-01,,,,,,,,
1790837580,58.7,58.8,58.7,58.8,12300,2026-10-01,,,,,,,,
1790837640,58.7,58.8,58.7,58.7,12000,2026-10-01,,,,,,,,
1790837700,58.7,58.7,58.6,58.6,15100,2026-10-01,,,,,,,,
1790837760,58.6,58.7,58.6,58.6,7900,2026-10-01,,,,,,,,
1790837820,58.6,58.7,58.6,58.7,14700,2026-10-01,,,,,,,,
1790837880,58.7,58.7,58.6,58.6,12000,2026-10-01,,,,,,,,
1790837940,58.6,58.7,58.6,58.7,8600,2026-10-01,,,,,,,,
1790838000,58.6,58.7,58.6,58.6,12800,2026-10-01,,,,,,,,
1790838060,58.6,58.7,58.6,58.6,23700,2026-10-01,,,,,,,,
1790838120,58.6,58.7,58.6,58.6,55800,2026-10-01,,,,,,,,
1790838180,58.6,58.7,58.6,58.7,6400,2026-10-01,,,,,,,,
1790838240,58.6,58.6,58.6,58.6,11400,2026-10-01,,,,,,,,
1790838300,58.6,58.7,58.6,58.6,11100,2026-10-01,,,,,,,,
1790838360,58.6,58.7,58.6,58.7,5600,2026-10-01,,,,,,,,
1790838420,58.6,58.7,58.6,58.6,5000,2026-10-01,,,,,,,,
1790838480,58.6,58.7,58.6,58.6,56700,2026-10-01,,,,,,,,
1790838540,58.6,58.7,58.6,58.6,35500,2026-10-01,,,,,,,,
1790838600,58.6,58.6,58.6,58.6,28200,2026-10-01,,,,,,,,
1790838660,58.6,58.7,58.6,58.6,4700,2026-10-01,,,,,,,,
1790838720,58.6,58.6,58.6,58.6,4500,2026-10-01,,,,,,,,
1790838780,58.6,58.7,58.6,58.7,6900,2026-10-01,,,,,,,,
1790838840,58.7,58.7,58.6,58.7,4100,2026-10-01,,,,,,,,
1790838900,58.6,58.7,58.6,58.7,45800,2026-10-01,,,,,,,,
1790838960,58.7,58.8,58.6,58.6,22300,2026-10-01,,,,,,,,
1790839020,58.6,58.7,58.6,58.6,15800,2026-10-01,,,,,,,,
1790839080,58.6,58.6,58.5,58.6,74600,2026-10-01,,,,,,,,
1790839140,58.5,58.6,58.5,58.5,40800,2026-10-01,,,,,,,,
1790839200,58.5,58.6,58.5,58.6,56800,2026-10-01,,,,,,,,
1790839260,58.6,58.7,58.6,58.6,1200,2026-10-01,,,,,,,,
1790839320,58.6,58.7,58.6,58.6,21100,2026-10-01,,,,,,,,
1790839380,58.6,58.7,58.6,58.6,3400,2026-10-01,,,,,,,,
1790839440,58.6,58.7,58.6,58.6,3600,2026-10-01,,,,,,,,
1790839500,58.7,58.7,58.6,58.7,34100,2026-10-01,,,,,,,,
1790839560,58.7,58.8,58.6,58.6,5700,2026-10-01,,,,,,,,
1790839620,58.8,58.8,58.7,58.8,6400,2026-10-01,,,,,,,,
1790839680,58.8,58.9,58.6,58.7,14100,2026-10-01,,,,,,,,
1790839740,58.6,59.0,58.6,58.8,63100,2026-10-01,,,,,,,,
1790840700,58.6,58.6,58.6,58.6,269200,2026-10-01,,,,,,,,
1790907300,59.0,59.0,58.8,58.8,20100,2026-10-02,,,,,,,,
1790907360,58.8,58.8,58.8,58.8,6300,2026-10-02,,,,,,,,
1790907420,58.8,58.8,58.7,58.7,12700,2026-10-02,,,,,,,,
1790907480,58.7,58.8,58.7,58.8,3100,2026-10-02,,,,,,,,
1790907540,58.8,58.8,58.8,58.8,4900,2026-10-02,,,,,,,,
1790907600,58.8,58.9,58.8,58.9,3200,2026-10-02,,,,,,,,
1790907660,58.9,58.9,58.8,58.8,12600,2026-10-02,,,,,,,,
1790907720,58.8,58.8,58.8,58.8,800,2026-10-02,,,,,,,,
1790907780,58.8,58.8,58.8,58.8,1800,2026-10-02,,,,,,,,
1790907840,58.7,58.7,58.5,58.7,49800,2026-10-02,,,,,,,,
1790907900,58.7,58.7,58.6,58.6,900,2026-10-02,,,,,,,,
1790907960,58.6,58.6,58.6,58.6,5000,2026-10-02,,,,,,,,
1790908020,58.6,58.6,58.6,58.6,1800,2026-10-02,,,,,,,,
1790908080,58.6,58.6,58.6,58.6,2700,2026-10-02,,,,,,,,
1790908140,58.6,58.6,58.6,58.6,1300,2026-10-02,,,,,,,,
1790908200,58.6,58.6,58.6,58.6,1600,2026-10-02,,,,,,,,
1790908260,58.6,58.6,58.5,58.5,8200,2026-10-02,,,,,,,,
1790908320,58.5,58.7,58.5,58.6,9400,2026-10-02,,,,,,,,
1790908380,58.6,58.6,58.6,58.6,9300,2026-10-02,,,,,,,,
1790908440,58.6,58.7,58.5,58.7,9400,2026-10-02,,,,,,,,
1790908500,58.7,58.7,58.6,58.7,10000,2026-10-02,,,,,,,,
1790908560,58.7,58.7,58.6,58.6,4600,2026-10-02,,,,,,,,
1790908620,58.6,58.6,58.6,58.6,16300,2026-10-02,,,,,,,,
1790908680,58.5,58.5,58.5,58.5,27100,2026-10-02,,,,,,,,
1790908740,58.5,58.5,58.5,58.5,7600,2026-10-02,,,,,,,,
1790908800,58.5,58.6,58.5,58.5,1800,2026-10-02,,,,,,,,
1790908860,58.6,58.6,58.5,58.6,8800,2026-10-02,,,,,,,,
1790908920,58.6,58.6,58.6,58.6,600,2026-10-02,,,,,,,,
1790908980,58.6,58.6,58.6,58.6,300,2026-10-02,,,,,,,,
1790909040,58.6,58.6,58.6,58.6,1600,2026-10-02,,,,,,,,
1790909100,58.6,58.6,58.5,58.5,8400,2026-10-02,,,,,,,,
1790909160,58.5,58.5,58.4,58.5,8900,2026-10-02,,,,,,,,
1790909220,58.5,58.5,58.4,58.5,8400,2026-10-02,,,,,,,,
1790909280,58.5,58.5,58.4,58.4,7900,2026-10-02,,,,,,,,
1790909340,58.5,58.5,58.4,58.5,4300,2026-10-02,,,,,,,,
1790909400,58.5,58.5,58.4,58.4,3800,2026-10-02,,,,,,,,
1790909460,58.4,58.5,58.4,58.5,2900,2026-10-02,,,,,,,,
1790909520,58.4,58.5,58.4,58.5,5200,2026-10-02,,,,,,,,
1790909580,58.5,58.5,58.4,58.4,14800,2026-10-02,,,,,,,,
1790909640,58.4,58.4,58.3,58.4,7200,2026-10-02,,,,,,,,
1790909700,58.4,58.4,58.3,58.4,6100,2026-10-02,,,,,,,,
1790909760,58.4,58.4,58.4,58.4,5100,2026-10-02,,,,,,,,
1790909820,58.4,58.4,58.3,58.3,7400,2026-10-02,,,,,,,,
1790909880,58.3,58.4,58.3,58.3,29900,2026-10-02,,,,,,,,
1790909940,58.3,58.4,58.2,58.3,11500,2026-10-02,,,,,,,,
1790910000,58.3,58.3,58.1,58.1,49300,2026-10-02,,,,,,,,
1790910060,58.1,58.3,58.0,58.2,158600,2026-10-02,,,,,,,,
1790910120,58.1,58.2,58.1,58.1,10100,2026-10-02,,,,,,,,
1790910180,58.1,58.2,58.1,58.2,8900,2026-10-02,,,,,,,,
1790910240,58.2,58.2,58.1,58.1,14700,2026-10-02,,,,,,,,
1790910300,58.1,58.2,58.1,58.1,12900,2026-10-02,,,,,,,,
1790910360,58.1,58.2,58.1,58.2,8600,2026-10-02,,,,,,,,
1790910420,58.2,58.2,58.1,58.1,6000,2026-10-02,,,,,,,,
1790910480,58.1,58.2,58.1,58.2,8700,2026-10-02,,,,,,,,
1790910540,58.1,58.2,58.1,58.1,8300,2026-10-02,,,,,,,,
1790910600,58.1,58.2,58.0,58.0,29800,2026-10-02,,,,,,,,
1790910660,58.0,58.2,58.0,58.1,17400,2026-10-02,,,,,,,,
1790910720,58.1,58.2,58.1,58.2,7700,2026-10-02,,,,,,,,
1790910780,58.1,58.2,58.1,58.2,13300,2026-10-02,,,,,,,,
1790910840,58.2,58.2,58.2,58.2,3000,2026-10-02,,,,,,,,
1790910900,58.2,58.4,58.2,58.3,20900,2026-10-02,,,,,,,,
1790910960,58.3,58.5,58.2,58.3,29100,2026-10-02,,,,,,,,
1790911020,58.3,58.4,58.2,58.3,7400,2026-10-02,,,,,,,,
1790911080,58.3,58.5,58.3,58.4,10100,2026-10-02,,,,,,,,
1790911140,58.4,58.5,58.4,58.4,4400,2026-10-02,,,,,,,,
1790911200,58.4,58.5,58.3,58.4,7700,2026-10-02,,,,,,,,
1790911260,58.4,58.4,58.4,58.4,700,2026-10-02,,,,,,,,
1790911320,58.4,58.5,58.4,58.5,4200,2026-10-02,,,,,,,,
1790911380,58.4,58.5,58.4,58.4,11400,2026-10-02,,,,,,,,
1790911440,58.4,58.4,58.4,58.4,3800,2026-10-02,,,,,,,,
1790911500,58.4,58.4,58.3,58.3,9600,2026-10-02,,,,,,,,
1790911560,58.3,58.3,58.3,58.3,11900,2026-10-02,,,,,,,,
1790911620,58.3,58.3,58.3,58.3,1200,2026-10-02,,,,,,,,
1790911680,58.3,58.3,58.2,58.3,5600,2026-10-02,,,,,,,,
1790911740,58.3,58.4,58.3,58.3,10500,2026-10-02,,,,,,,,
1790911800,58.3,58.3,58.2,58.3,5300,2026-10-02,,,,,,,,
1790911860,58.3,58.3,58.2,58.2,4200,2026-10-02,,,,,,,,
1790911920,58.2,58.3,58.2,58.2,8600,2026-10-02,,,,,,,,
1790911980,58.2,58.3,58.2,58.3,4000,2026-10-02,,,,,,,,
1790912040,58.3,58.4,58.3,58.4,13200,2026-10-02,,,,,,,,
1790912100,58.4,58.4,58.3,58.3,11500,2026-10-02,,,,,,,,
1790912160,58.3,58.3,58.3,58.3,4900,2026-10-02,,,,,,,,
1790912220,58.3,58.4,58.3,58.4,1900,2026-10-02,,,,,,,,
1790912280,58.4,58.4,58.3,58.3,11900,2026-10-02,,,,,,,,
1790912340,58.3,58.4,58.3,58.3,1800,2026-10-02,,,,,,,,
1790912400,58.3,58.3,58.3,58.3,3100,2026-10-02,,,,,,,,
1790912460,58.3,58.3,58.3,58.3,9800,2026-10-02,,,,,,,,
1790912520,58.3,58.4,58.3,58.4,7300,2026-10-02,,,,,,,,
1790912580,58.3,58.3,58.3,58.3,17300,2026-10-02,,,,,,,,
1790912640,58.3,58.3,58.2,58.2,41300,2026-10-02,,,,,,,,
1790912700,58.2,58.3,58.2,58.2,5400,2026-10-02,,,,,,,,
1790912760,58.2,58.3,58.2,58.3,8200,2026-10-02,,,,,,,,
1790912820,58.3,58.3,58.2,58.3,9000,2026-10-02,,,,,,,,
1790912880,58.2,58.2,58.2,58.2,3200,2026-10-02,,,,,,,,
1790912940,58.2,58.2,58.2,58.2,4300,2026-10-02,,,,,,,,
1790913000,58.2,58.3,58.2,58.2,8900,2026-10-02,,,,,,,,
1790913060,58.2,58.2,58.2,58.2,4700,2026-10-02,,,,,,,,
1790913120,58.3,58.3,58.3,58.3,500,2026-10-02,,,,,,,,
1790913180,58.3,58.3,58.2,58.2,16300,2026-10-02,,,,,,,,
1790913240,58.2,58.3,58.2,58.2,5500,2026-10-02,,,,,,,,
1790913300,58.2,58.2,58.2,58.2,700,2026-10-02,,,,,,,,
1790913360,58.2,58.3,58.2,58.2,11800,2026-10-02,,,,,,,,
1790913420,58.2,58.3,58.2,58.3,3700,2026-10-02,,,,,,,,
1790913480,58.2,58.2,58.2,58.2,4200,2026-10-02,,,,,,,,
1790913540,58.2,58.3,58.2,58.2,8900,2026-10-02,,,,,,,,
1790913600,58.2,58.2,58.2,58.2,4900,2026-10-02,,,,,,,,
1790913660,58.2,58.2,58.2,58.2,4500,2026-10-02,,,,,,,,
1790913720,58.2,58.3,58.2,58.3,22100,2026-10-02,,,,,,,,
1790913780,58.3,58.3,58.2,58.2,2500,2026-10-02,,,,,,,,
1790913840,58.2,58.3,58.2,58.3,5400,2026-10-02,,,,,,,,
1790913900,58.3,58.3,58.2,58.2,6100,2026-10-02,,,,,,,,
1790913960,58.2,58.3,58.2,58.2,5900,2026-10-02,,,,,,,,
1790914020,58.2,58.3,58.2,58.2,6300,2026-10-02,,,,,,,,
1790914080,58.2,58.3,58.2,58.2,21000,2026-10-02,,,,,,,,
1790914140,58.2,58.2,58.2,58.2,13600,2026-10-02,,,,,,,,
1790914200,58.2,58.3,58.2,58.2,3700,2026-10-02,,,,,,,,
1790914260,58.2,58.3,58.2,58.3,5100,2026-10-02,,,,,,,,
1790914320,58.2,58.3,58.2,58.2,10600,2026-10-02,,,,,,,,
1790914380,58.2,58.3,58.2,58.2,1900,2026-10-02,,,,,,,,
1790914440,58.3,58.3,58.2,58.3,8100,2026-10-02,,,,,,,,
1790914500,58.2,58.3,58.2,58.2,12000,2026-10-02,,,,,,,,
1790914560,58.2,58.3,58.2,58.3,10400,2026-10-02,,,,,,,,
1790914620,58.3,58.3,58.1,58.3,4100,2026-10-02,,,,,,,,
1790914680,58.1,58.2,58.1,58.2,9800,2026-10-02,,,,,,,,
1790914740,58.2,58.2,58.1,58.2,4500,2026-10-02,,,,,,,,
1790914800,58.2,58.2,58.1,58.1,5200,2026-10-02,,,,,,,,
1790914860,58.2,58.2,58.1,58.1,14700,2026-10-02,,,,,,,,
1790914920,58.1,58.1,58.1,58.1,2900,2026-10-02,,,,,,,,
1790914980,58.1,58.3,58.1,58.2,10400,2026-10-02,,,,,,,,
1790915040,58.2,58.3,58.2,58.2,30500,2026-10-02,,,,,,,,
1790915100,58.2,58.3,58.1,58.2,6000,2026-10-02,,,,,,,,
1790915160,58.2,58.2,58.2,58.2,4000,2026-10-02,,,,,,,,
1790915220,58.2,58.2,58.2,58.2,13400,2026-10-02,,,,,,,,
1790915280,58.2,58.3,58.2,58.3,4100,2026-10-02,,,,,,,,
1790915340,58.2,58.3,58.2,58.3,3700,2026-10-02,,,,,,,,
1790920800,58.3,58.3,58.2,58.2,35700,2026-10-02,,,,,,,,
1790920860,58.2,58.2,58.2,58.2,4500,2026-10-02,,,,,,,,
1790920920,58.2,58.2,58.2,58.2,10900,2026-10-02,,,,,,,,
1790920980,58.2,58.2,58.1,58.2,16600,2026-10-02,,,,,,,,
1790921040,58.1,58.2,58.1,58.2,16600,2026-10-02,,,,,,,,
1790921100,58.2,58.3,58.2,58.2,12700,2026-10-02,,,,,,,,
1790921160,58.2,58.3,58.1,58.2,15900,2026-10-02,,,,,,,,
1790921220,58.2,58.2,58.1,58.2,5900,2026-10-02,,,,,,,,
1790921280,58.2,58.2,58.1,58.1,2700,2026-10-02,,,,,,,,
1790921340,58.1,58.1,58.1,58.1,11200,2026-10-02,,,,,,,,
1790921400,58.1,58.2,58.1,58.2,4800,2026-10-02,,,,,,,,
1790921460,58.1,58.2,58.1,58.2,11200,2026-10-02,,,,,,,,
1790921520,58.2,58.2,58.1,58.1,22800,2026-10-02,,,,,,,,
1790921580,58.1,58.2,58.1,58.2,22500,2026-10-02,,,,,,,,
1790921640,58.2,58.2,58.2,58.2,5200,2026-10-02,,,,,,,,
1790921700,58.2,58.2,58.1,58.1,11600,2026-10-02,,,,,,,,
1790921760,58.1,58.2,58.1,58.2,3300,2026-10-02,,,,,,,,
1790921820,58.2,58.2,58.1,58.1,34400,2026-10-02,,,,,,,,
1790921880,58.1,58.2,58.0,58.1,20600,2026-10-02,,,,,,,,
1790921940,58.1,58.3,58.1,58.3,15400,2026-10-02,,,,,,,,
1790922000,58.2,58.3,58.2,58.2,7400,2026-10-02,,,,,,,,
1790922060,58.2,58.3,58.2,58.3,9200,2026-10-02,,,,,,,,
1790922120,58.2,58.3,58.2,58.3,3800,2026-10-02,,,,,,,,
1790922180,58.3,58.3,58.2,58.2,4800,2026-10-02,,,,,,,,
1790922240,58.2,58.3,58.2,58.3,8900,2026-10-02,,,,,,,,
1790922300,58.2,58.2,58.2,58.2,5400,2026-10-02,,,,,,,,
1790922360,58.2,58.2,58.2,58.2,7700,2026-10-02,,,,,,,,
1790922420,58.2,58.2,58.1,58.1,14400,2026-10-02,,,,,,,,
1790922480,58.1,58.3,58.1,58.2,5000,2026-10-02,,,,,,,,
1790922540,58.2,58.3,58.2,58.3,2000,2026-10-02,,,,,,,,
1790922600,58.3,58.3,58.1,58.1,11900,2026-10-02,,,,,,,,
1790922660,58.1,58.2,58.1,58.2,15400,2026-10-02,,,,,,,,
1790922720,58.1,58.2,58.1,58.1,5700,2026-10-02,,,,,,,,
1790922780,58.1,58.1,58.1,58.1,16000,2026-10-02,,,,,,,,
1790922840,58.1,58.1,58.0,58.1,13400,2026-10-02,,,,,,,,
1790922900,58.1,58.1,58.0,58.0,6100,2026-10-02,,,,,,,,
1790922960,58.0,58.1,58.0,58.0,12000,2026-10-02,,,,,,,,
1790923020,58.0,58.1,58.0,58.0,7900,2026-10-02,,,,,,,,
1790923080,58.0,58.1,58.0,58.1,12500,2026-10-02,,,,,,,,
1790923140,58.0,58.1,58.0,58.0,13300,2026-10-02,,,,,,,,
1790923200,58.0,58.1,58.0,58.0,6200,2026-10-02,,,,,,,,
1790923260,58.0,58.1,58.0,58.0,7800,2026-10-02,,,,,,,,
1790923320,58.0,58.1,58.0,58.0,7600,2026-10-02,,,,,,,,
1790923380,58.1,58.1,58.0,58.0,16300,2026-10-02,,,,,,,,
1790923440,58.0,58.1,58.0,58.0,3200,2026-10-02,,,,,,,,
1790923500,58.0,58.1,58.0,58.0,5600,2026-10-02,,,,,,,,
1790923560,58.0,58.1,58.0,58.1,6200,2026-10-02,,,,,,,,
1790923620,58.1,58.1,58.0,58.0,7400,2026-10-02,,,,,,,,
1790923680,58.0,58.1,58.0,58.0,22800,2026-10-02,,,,,,,,
1790923740,58.0,58.1,58.0,58.0,5400,2026-10-02,,,,,,,,
1790923800,58.0,58.1,58.0,58.0,13300,2026-10-02,,,,,,,,
1790923860,58.0,58.1,58.0,58.1,14500,2026-10-02,,,,,,,,
1790923920,58.0,58.1,58.0,58.0,8000,2026-10-02,,,,,,,,
1790923980,58.0,58.1,58.0,58.0,21900,2026-10-02,,,,,,,,
1790924040,58.0,58.1,58.0,58.0,13200,2026-10-02,,,,,,,,
1790924100,58.1,58.1,57.9,57.9,165900,2026-10-02,,,,,,,,
1790924160,57.9,58.0,57.8,57.9,37700,2026-10-02,,,,,,,,
1790924220,57.9,58.0,57.9,57.9,13600,2026-10-02,,,,,,,,
1790924280,57.9,58.0,57.8,57.9,16400,2026-10-02,,,,,,,,
1790924340,57.9,58.0,57.9,57.9,13500,2026-10-02,,,,,,,,
1790924400,57.9,58.0,57.8,57.8,27600,2026-10-02,,,,,,,,
1790924460,57.8,57.9,57.8,57.8,10500,2026-10-02,,,,,,,,
1790924520,57.8,57.9,57.8,57.8,10000,2026-10-02,,,,,,,,
1790924580,57.8,57.9,57.8,57.9,29300,2026-10-02,,,,,,,,
1790924640,57.9,58.0,57.9,57.9,40700,2026-10-02,,,,,,,,
1790924700,57.9,58.0,57.8,57.8,35600,2026-10-02,,,,,,,,
1790924760,57.8,57.8,57.8,57.8,28900,2026-10-02,,,,,,,,
1790924820,57.8,57.8,57.7,57.7,70700,2026-10-02,,,,,,,,
1790924880,57.7,57.8,57.7,57.7,11800,2026-10-02,,,,,,,,
1790924940,57.7,57.8,57.7,57.7,29900,2026-10-02,,,,,,,,
1790925000,57.7,57.8,57.7,57.7,36300,2026-10-02,,,,,,,,
1790925060,57.7,57.7,57.7,57.7,25900,2026-10-02,,,,,,,,
1790925120,57.7,57.8,57.6,57.7,21200,2026-10-02,,,,,,,,
1790925180,57.7,57.7,57.6,57.7,21900,2026-10-02,,,,,,,,
1790925240,57.7,57.8,57.6,57.6,23900,2026-10-02,,,,,,,,
1790925300,57.6,57.8,57.6,57.7,45200,2026-10-02,,,,,,,,
1790925360,57.7,57.7,57.6,57.7,35900,2026-10-02,,,,,,,,
1790925420,57.7,57.7,57.7,57.7,3500,2026-10-02,,,,,,,,
1790925480,57.7,57.8,57.7,57.7,11100,2026-10-02,,,,,,,,
1790925540,57.7,57.8,57.7,57.7,15100,2026-10-02,,,,,,,,
1790925600,57.7,57.8,57.7,57.7,16500,2026-10-02,,,,,,,,
1790925660,57.7,57.8,57.7,57.7,15100,2026-10-02,,,,,,,,
1790925720,57.7,57.8,57.6,57.6,37500,2026-10-02,,,,,,,,
1790925780,57.6,57.7,57.6,57.7,27100,2026-10-02,,,,,,,,
1790925840,57.7,57.8,57.6,57.7,11500,2026-10-02,,,,,,,,
1790925900,57.7,57.8,57.6,57.7,9600,2026-10-02,,,,,,,,
1790925960,57.7,57.8,57.5,57.8,185000,2026-10-02,,,,,,,,
1790926020,57.6,57.8,57.6,57.6,11400,2026-10-02,,,,,,,,
1790926080,57.7,57.8,57.6,57.6,25100,2026-10-02,,,,,,,,
1790926140,57.6,57.6,57.5,57.6,32500,2026-10-02,,,,,,,,
1790927100,57.3,57.3,57.3,57.3,426300,2026-10-02,,,,,,,,
1791166500,57.8,57.9,57.7,57.8,46800,2026-10-05,,,,,,,,
1791166560,57.8,57.8,57.7,57.7,5200,2026-10-05,,,,,,,,
1791166620,57.8,57.8,57.8,57.8,10800,2026-10-05,,,,,,,,
1791166680,57.8,57.9,57.8,57.9,9100,2026-10-05,,,,,,,,
1791166740,57.8,57.8,57.6,57.6,20700,2026-10-05,,,,,,,,
1791166800,57.6,57.8,57.6,57.6,18700,2026-10-05,,,,,,,,
1791166860,57.6,57.7,57.6,57.7,14900,2026-10-05,,,,,,,,
1791166920,57.7,57.8,57.6,57.8,16700,2026-10-05,,,,,,,,
1791166980,57.8,57.8,57.6,57.6,10900,2026-10-05,,,,,,,,
1791167040,57.6,57.8,57.6,57.8,26300,2026-10-05,,,,,,,,
1791167100,57.7,57.8,57.6,57.7,10000,2026-10-05,,,,,,,,
1791167160,57.7,57.8,57.7,57.7,4000,2026-10-05,,,,,,,,
1791167220,57.7,57.8,57.7,57.8,8900,2026-10-05,,,,,,,,
1791167280,57.8,57.8,57.7,57.8,19700,2026-10-05,,,,,,,,
1791167340,57.8,57.9,57.8,57.9,10600,2026-10-05,,,,,,,,
1791167400,57.9,57.9,57.9,57.9,16900,2026-10-05,,,,,,,,
1791167460,57.9,58.0,57.8,58.0,24400,2026-10-05,,,,,,,,
1791167520,57.9,58.0,57.9,58.0,3200,2026-10-05,,,,,,,,
1791167580,57.9,58.0,57.8,57.9,27100,2026-10-05,,,,,,,,
1791167640,57.9,57.9,57.9,57.9,700,2026-10-05,,,,,,,,
1791167700,57.9,57.9,57.9,57.9,900,2026-10-05,,,,,,,,
1791167760,57.9,57.9,57.8,57.9,15300,2026-10-05,,,,,,,,
1791167820,57.9,57.9,57.8,57.8,21300,2026-10-05,,,,,,,,
1791167880,57.8,57.8,57.8,57.8,3200,2026-10-05,,,,,,,,
1791167940,57.8,57.8,57.8,57.8,13000,2026-10-05,,,,,,,,
1791168000,57.8,57.8,57.8,57.8,5800,2026-10-05,,,,,,,,
1791168060,57.8,57.9,57.8,57.9,7000,2026-10-05,,,,,,,,
1791168120,57.8,57.8,57.8,57.8,2200,2026-10-05,,,,,,,,
1791168180,57.8,57.8,57.8,57.8,10800,2026-10-05,,,,,,,,
1791168240,57.8,57.8,57.8,57.8,100,2026-10-05,,,,,,,,
1791168300,57.8,57.8,57.8,57.8,3200,2026-10-05,,,,,,,,
1791168360,57.8,57.8,57.7,57.8,7800,2026-10-05,,,,,,,,
1791168420,57.7,57.8,57.7,57.7,5200,2026-10-05,,,,,,,,
1791168480,57.7,57.8,57.7,57.8,56800,2026-10-05,,,,,,,,
1791168540,57.7,57.8,57.7,57.7,8000,2026-10-05,,,,,,,,
1791168600,57.7,57.7,57.6,57.6,34100,2026-10-05,,,,,,,,
1791168660,57.6,57.7,57.6,57.7,16400,2026-10-05,,,,,,,,
1791168720,57.7,57.8,57.6,57.6,14900,2026-10-05,,,,,,,,
1791168780,57.6,57.7,57.6,57.6,6900,2026-10-05,,,,,,,,
1791168840,57.6,57.7,57.5,57.5,26900,2026-10-05,,,,,,,,
1791168900,57.5,57.6,57.5,57.6,20700,2026-10-05,,,,,,,,
1791168960,57.6,57.7,57.5,57.6,8200,2026-10-05,,,,,,,,
1791169020,57.6,57.7,57.6,57.6,12400,2026-10-05,,,,,,,,
1791169080,57.6,57.6,57.5,57.5,28700,2026-10-05,,,,,,,,
1791169140,57.5,57.5,57.4,57.4,19800,2026-10-05,,,,,,,,
1791169200,57.4,57.6,57.4,57.4,13400,2026-10-05,,,,,,,,
1791169260,57.4,57.6,57.4,57.4,15100,2026-10-05,,,,,,,,
1791169320,57.5,57.5,57.4,57.4,8200,2026-10-05,,,,,,,,
1791169380,57.4,57.5,57.3,57.3,17700,2026-10-05,,,,,,,,
1791169440,57.3,57.3,57.3,57.3,6500,2026-10-05,,,,,,,,
1791169500,57.3,57.3,57.3,57.3,35600,2026-10-05,,,,,,,,
1791169560,57.3,57.3,57.2,57.2,42600,2026-10-05,,,,,,,,
1791169620,57.2,57.2,57.2,57.2,6600,2026-10-05,,,,,,,,
1791169680,57.2,57.4,57.2,57.4,8400,2026-10-05,,,,,,,,
1791169740,57.3,57.3,57.2,57.2,8300,2026-10-05,,,,,,,,
1791169800,57.3,57.4,57.2,57.4,13900,2026-10-05,,,,,,,,
1791169860,57.3,57.4,57.3,57.3,11000,2026-10-05,,,,,,,,
1791169920,57.3,57.3,57.3,57.3,5400,2026-10-05,,,,,,,,
1791169980,57.4,57.4,57.3,57.3,3800,2026-10-05,,,,,,,,
1791170040,57.3,57.4,57.2,57.2,27400,2026-10-05,,,,,,,,
1791170100,57.3,57.3,57.2,57.3,11900,2026-10-05,,,,,,,,
1791170160,57.3,57.3,57.3,57.3,3000,2026-10-05,,,,,,,,
1791170220,57.3,57.3,57.3,57.3,4000,2026-10-05,,,,,,,,
1791170280,57.3,57.3,57.3,57.3,3100,2026-10-05,,,,,,,,
1791170340,57.3,57.3,57.2,57.2,11800,2026-10-05,,,,,,,,
1791170400,57.3,57.3,57.2,57.2,5200,2026-10-05,,,,,,,,
1791170460,57.3,57.3,57.2,57.2,2100,2026-10-05,,,,,,,,
1791170520,57.2,57.3,57.2,57.2,9100,2026-10-05,,,,,,,,
1791170580,57.2,57.3,57.2,57.3,6900,2026-10-05,,,,,,,,
1791170640,57.3,57.3,57.3,57.3,7000,2026-10-05,,,,,,,,
1791170700,57.3,57.4,57.3,57.4,5200,2026-10-05,,,,,,,,
1791170760,57.2,57.4,57.2,57.4,4600,2026-10-05,,,,,,,,
1791170820,57.2,57.2,57.2,57.2,7400,2026-10-05,,,,,,,,
1791170880,57.3,57.3,57.2,57.2,2000,2026-10-05,,,,,,,,
1791170940,57.2,57.3,57.2,57.3,5300,2026-10-05,,,,,,,,
1791171000,57.2,57.2,57.2,57.2,5000,2026-10-05,,,,,,,,
1791171060,57.2,57.3,57.2,57.2,10700,2026-10-05,,,,,,,,
1791171120,57.3,57.3,57.2,57.3,15500,2026-10-05,,,,,,,,
1791171180,57.2,57.3,57.2,57.3,3300,2026-10-05,,,,,,,,
1791171240,57.3,57.3,57.2,57.3,5100,2026-10-05,,,,,,,,
1791171300,57.3,57.3,57.2,57.3,8700,2026-10-05,,,,,,,,
1791171360,57.2,57.3,57.2,57.2,29600,2026-10-05,,,,,,,,
1791171420,57.2,57.3,57.2,57.3,2300,2026-10-05,,,,,,,,
1791171480,57.2,57.3,57.2,57.3,2200,2026-10-05,,,,,,,,
1791171540,57.2,57.2,57.2,57.2,7600,2026-10-05,,,,,,,,
1791171600,57.2,57.3,57.2,57.2,39300,2026-10-05,,,,,,,,
1791171660,57.3,57.3,57.3,57.3,7400,2026-10-05,,,,,,,,
1791171720,57.3,57.3,57.2,57.3,2600,2026-10-05,,,,,,,,
1791171780,57.3,57.3,57.1,57.2,9600,2026-10-05,,,,,,,,
1791171840,57.2,57.3,57.2,57.3,6500,2026-10-05,,,,,,,,
1791171900,57.2,57.2,57.1,57.1,2000,2026-10-05,,,,,,,,
1791171960,57.2,57.2,57.1,57.1,2000,2026-10-05,,,,,,,,
1791172020,57.3,57.3,57.1,57.2,14500,2026-10-05,,,,,,,,
1791172080,57.1,57.2,57.1,57.2,2800,2026-10-05,,,,,,,,
1791172140,57.1,57.1,57.1,57.1,2000,2026-10-05,,,,,,,,
1791172200,57.1,57.2,57.1,57.2,3700,2026-10-05,,,,,,,,
1791172260,57.1,57.2,57.1,57.2,12900,2026-10-05,,,,,,,,
1791172320,57.2,57.2,57.1,57.2,21000,2026-10-05,,,,,,,,
1791172380,57.2,57.2,57.2,57.2,2000,2026-10-05,,,,,,,,
1791172440,57.2,57.2,57.1,57.1,10800,2026-10-05,,,,,,,,
1791172500,57.2,57.2,57.1,57.1,8500,2026-10-05,,,,,,,,
1791172560,57.1,57.1,57.1,57.1,3000,2026-10-05,,,,,,,,
1791172620,57.1,57.2,57.1,57.2,3900,2026-10-05,,,,,,,,
1791172680,57.1,57.2,57.1,57.1,24000,2026-10-05,,,,,,,,
1791172740,57.2,57.2,57.1,57.2,9300,2026-10-05,,,,,,,,
1791172800,57.2,57.2,57.1,57.1,7200,2026-10-05,,,,,,,,
1791172860,57.1,57.2,57.1,57.2,13700,2026-10-05,,,,,,,,
1791172920,57.1,57.2,57.1,57.1,3700,2026-10-05,,,,,,,,
1791172980,57.2,57.2,57.1,57.1,15500,2026-10-05,,,,,,,,
1791173040,57.2,57.2,57.1,57.1,2200,2026-10-05,,,,,,,,
1791173100,57.1,57.1,57.1,57.1,3800,2026-10-05,,,,,,,,
1791173160,57.1,57.2,57.1,57.1,26900,2026-10-05,,,,,,,,
1791173220,57.1,57.1,57.1,57.1,8400,2026-10-05,,,,,,,,
1791173280,57.1,57.1,57.1,57.1,7100,2026-10-05,,,,,,,,
1791173340,57.2,57.2,57.1,57.1,4100,2026-10-05,,,,,,,,
1791173400,57.2,57.2,57.1,57.1,2300,2026-10-05,,,,,,,,
1791173460,57.2,57.2,57.1,57.1,38800,2026-10-05,,,,,,,,
1791173520,57.1,57.3,57.1,57.3,20300,2026-10-05,,,,,,,,
1791173580,57.2,57.3,57.2,57.3,9800,2026-10-05,,,,,,,,
1791173640,57.3,57.3,57.2,57.2,4100,2026-10-05,,,,,,,,
1791173700,57.3,57.5,57.2,57.3,91200,2026-10-05,,,,,,,,
1791173760,57.4,57.4,57.3,57.3,4000,2026-10-05,,,,,,,,
1791173820,57.3,57.3,57.3,57.3,2000,2026-10-05,,,,,,,,
1791173880,57.3,57.3,57.2,57.2,7100,2026-10-05,,,,,,,,
1791173940,57.2,57.3,57.2,57.2,11400,2026-10-05,,,,,,,,
1791174000,57.4,57.4,57.3,57.3,14800,2026-10-05,,,,,,,,
1791174060,57.4,57.4,57.4,57.4,2200,2026-10-05,,,,,,,,
1791174120,57.5,57.5,57.3,57.3,3100,2026-10-05,,,,,,,,
1791174180,57.5,57.5,57.3,57.3,9200,2026-10-05,,,,,,,,
1791174240,57.4,57.4,57.4,57.4,2000,2026-10-05,,,,,,,,
1791174300,57.4,57.4,57.3,57.3,2800,2026-10-05,,,,,,,,
1791174360,57.4,57.4,57.3,57.4,3100,2026-10-05,,,,,,,,
1791174420,57.5,57.5,57.3,57.3,20600,2026-10-05,,,,,,,,
1791174480,57.3,57.4,57.3,57.3,9600,2026-10-05,,,,,,,,
1791174540,57.3,57.4,57.3,57.4,2500,2026-10-05,,,,,,,,
1791180000,57.4,57.6,57.3,57.6,49000,2026-10-05,,,,,,,,
1791180060,57.6,57.6,57.5,57.5,11400,2026-10-05,,,,,,,,
1791180120,57.5,57.5,57.4,57.4,1300,2026-10-05,,,,,,,,
1791180180,57.4,57.4,57.4,57.4,5900,2026-10-05,,,,,,,,
1791180240,57.4,57.4,57.4,57.4,10000,2026-10-05,,,,,,,,
1791180300,57.4,57.5,57.4,57.5,19500,2026-10-05,,,,,,,,
1791180360,57.4,57.5,57.4,57.4,18300,2026-10-05,,,,,,,,
1791180420,57.4,57.4,57.3,57.3,9800,2026-10-05,,,,,,,,
1791180480,57.4,57.4,57.4,57.4,23600,2026-10-05,,,,,,,,
1791180540,57.5,57.6,57.3,57.6,37400,2026-10-05,,,,,,,,
1791180600,57.6,57.6,57.6,57.6,7700,2026-10-05,,,,,,,,
1791180660,57.7,57.7,57.5,57.5,8700,2026-10-05,,,,,,,,
1791180720,57.6,57.7,57.6,57.7,9100,2026-10-05,,,,,,,,
1791180780,57.6,57.7,57.6,57.7,10000,2026-10-05,,,,,,,,
1791180840,57.7,57.7,57.7,57.7,1000,2026-10-05,,,,,,,,
1791180900,57.6,57.7,57.6,57.7,17200,2026-10-05,,,,,,,,
1791180960,57.8,57.8,57.7,57.8,9700,2026-10-05,,,,,,,,
1791181020,57.8,57.8,57.6,57.6,4800,2026-10-05,,,,,,,,
1791181080,57.6,57.7,57.6,57.6,5700,2026-10-05,,,,,,,,
1791181140,57.7,57.7,57.5,57.5,10200,2026-10-05,,,,,,,,
1791181200,57.6,57.6,57.6,57.6,200,2026-10-05,,,,,,,,
1791181260,57.6,57.6,57.6,57.6,4700,2026-10-05,,,,,,,,
1791181320,57.6,57.6,57.6,57.6,1100,2026-10-05,,,,,,,,
1791181380,57.6,57.6,57.5,57.6,10800,2026-10-05,,,,,,,,
1791181440,57.5,57.6,57.5,57.5,25400,2026-10-05,,,,,,,,
1791181500,57.6,57.6,57.6,57.6,200,2026-10-05,,,,,,,,
1791181560,57.6,57.6,57.5,57.5,1500,2026-10-05,,,,,,,,
1791181620,57.5,57.5,57.4,57.4,12500,2026-10-05,,,,,,,,
1791181680,57.4,57.5,57.4,57.4,10300,2026-10-05,,,,,,,,
1791181740,57.4,57.4,57.4,57.4,3500,2026-10-05,,,,,,,,
1791181800,57.4,57.4,57.4,57.4,1100,2026-10-05,,,,,,,,
1791181860,57.4,57.4,57.3,57.3,5400,2026-10-05,,,,,,,,
1791181920,57.3,57.4,57.3,57.4,1100,2026-10-05,,,,,,,,
1791181980,57.3,57.4,57.3,57.4,15400,2026-10-05,,,,,,,,
1791182040,57.4,57.4,57.4,57.4,400,2026-10-05,,,,,,,,
1791182100,57.4,57.5,57.4,57.5,7100,2026-10-05,,,,,,,,
1791182160,57.5,57.5,57.4,57.4,15000,2026-10-05,,,,,,,,
1791182220,57.5,57.5,57.5,57.5,2000,2026-10-05,,,,,,,,
1791182280,57.5,57.5,57.4,57.4,10600,2026-10-05,,,,,,,,
1791182400,57.5,57.5,57.4,57.5,2100,2026-10-05,,,,,,,,
1791182520,57.5,57.5,57.4,57.4,15700,2026-10-05,,,,,,,,
1791182580,57.4,57.4,57.3,57.3,17000,2026-10-05,,,,,,,,
1791182640,57.4,57.4,57.4,57.4,2600,2026-10-05,,,,,,,,
1791182700,57.5,57.5,57.5,57.5,400,2026-10-05,,,,,,,,
1791182760,57.4,57.5,57.4,57.4,6600,2026-10-05,,,,,,,,
1791182820,57.4,57.4,57.4,57.4,9600,2026-10-05,,,,,,,,
1791182880,57.4,57.4,57.4,57.4,200,2026-10-05,,,,,,,,
1791182940,57.4,57.4,57.4,57.4,101900,2026-10-05,,,,,,,,
1791183000,57.4,57.4,57.4,57.4,106500,2026-10-05,,,,,,,,
1791183060,57.5,57.5,57.5,57.5,20900,2026-10-05,,,,,,,,
1791183120,57.5,57.6,57.5,57.5,38000,2026-10-05,,,,,,,,
1791183180,57.6,57.6,57.6,57.6,100,2026-10-05,,,,,,,,
1791183240,57.5,57.5,57.5,57.5,22900,2026-10-05,,,,,,,,
1791183300,57.5,57.5,57.5,57.5,5200,2026-10-05,,,,,,,,
1791183360,57.5,57.5,57.5,57.5,1400,2026-10-05,,,,,,,,
1791183420,57.5,57.5,57.4,57.4,2600,2026-10-05,,,,,,,,
1791183480,57.4,57.5,57.4,57.4,6800,2026-10-05,,,,,,,,
1791183540,57.4,57.5,57.4,57.4,5600,2026-10-05,,,,,,,,
1791183600,57.4,57.4,57.3,57.3,8000,2026-10-05,,,,,,,,
1791183660,57.4,57.4,57.3,57.3,36000,2026-10-05,,,,,,,,
1791183720,57.3,57.3,57.3,57.3,8200,2026-10-05,,,,,,,,
1791183780,57.3,57.4,57.3,57.4,6200,2026-10-05,,,,,,,,
1791183840,57.3,57.4,57.3,57.4,27900,2026-10-05,,,,,,,,
1791183900,57.3,57.4,57.3,57.3,26300,2026-10-05,,,,,,,,
1791183960,57.3,57.4,57.2,57.3,8300,2026-10-05,,,,,,,,
1791184020,57.3,57.3,57.2,57.2,3300,2026-10-05,,,,,,,,
1791184080,57.2,57.2,57.2,57.2,2300,2026-10-05,,,,,,,,
1791184140,57.3,57.3,57.2,57.3,1900,2026-10-05,,,,,,,,
1791184200,57.2,57.3,57.2,57.2,10000,2026-10-05,,,,,,,,
1791184260,57.2,57.2,57.2,57.2,15900,2026-10-05,,,,,,,,
1791184320,57.3,57.3,57.2,57.3,9200,2026-10-05,,,,,,,,
1791184380,57.3,57.3,57.2,57.2,6500,2026-10-05,,,,,,,,
1791184440,57.2,57.3,57.2,57.2,15800,2026-10-05,,,,,,,,
1791184500,57.2,57.2,57.2,57.2,19300,2026-10-05,,,,,,,,
1791184560,57.2,57.3,57.2,57.3,21500,2026-10-05,,,,,,,,
1791184620,57.3,57.3,57.2,57.2,20200,2026-10-05,,,,,,,,
1791184680,57.2,57.3,57.2,57.2,13700,2026-10-05,,,,,,,,
1791184740,57.2,57.2,57.2,57.2,20700,2026-10-05,,,,,,,,
1791184800,57.3,57.3,57.1,57.2,12900,2026-10-05,,,,,,,,
1791184860,57.2,57.2,57.2,57.2,6000,2026-10-05,,,,,,,,
1791184920,57.3,57.3,57.2,57.2,34900,2026-10-05,,,,,,,,
1791184980,57.3,57.3,57.1,57.2,25500,2026-10-05,,,,,,,,
1791185040,57.2,57.2,57.2,57.2,23900,2026-10-05,,,,,,,,
1791185100,57.2,57.3,57.1,57.2,22100,2026-10-05,,,,,,,,
1791185160,57.2,57.2,57.1,57.1,32600,2026-10-05,,,,,,,,
1791185220,57.2,57.3,57.1,57.3,5000,2026-10-05,,,,,,,,
1791185280,57.3,57.3,57.2,57.2,1900,2026-10-05,,,,,,,,
1791185340,57.2,57.3,57.2,57.3,4100,2026-10-05,,,,,,,,
1791186300,57.2,57.2,57.2,57.2,227800,2026-10-05,,,,,,,,
1791252900,57.4,57.8,57.4,57.7,327100,2026-10-06,,,,,,,,
1791252960,57.6,57.6,57.5,57.5,2000,2026-10-06,,,,,,,,
1791253020,57.5,57.6,57.5,57.6,8300,2026-10-06,,,,,,,,
1791253080,57.6,57.7,57.5,57.5,16200,2026-10-06,,,,,,,,
1791253140,57.5,57.7,57.5,57.5,5900,2026-10-06,,,,,,,,
1791253200,57.6,57.7,57.5,57.5,5300,2026-10-06,,,,,,,,
1791253260,57.6,57.7,57.5,57.5,1300,2026-10-06,,,,,,,,
1791253320,57.6,57.6,57.5,57.5,11200,2026-10-06,,,,,,,,
1791253380,57.6,57.7,57.5,57.5,13200,2026-10-06,,,,,,,,
1791253440,57.5,57.5,57.5,57.5,2900,2026-10-06,,,,,,,,
1791253500,57.6,57.6,57.5,57.5,3800,2026-10-06,,,,,,,,
1791253560,57.5,57.5,57.4,57.5,10500,2026-10-06,,,,,,,,
1791253620,57.4,57.4,57.4,57.4,5700,2026-10-06,,,,,,,,
1791253680,57.4,57.4,57.4,57.4,4600,2026-10-06,,,,,,,,
1791253740,57.5,57.5,57.4,57.4,800,2026-10-06,,,,,,,,
1791253800,57.5,57.5,57.4,57.4,900,2026-10-06,,,,,,,,
1791253860,57.4,57.4,57.4,57.4,1700,2026-10-06,,,,,,,,
1791253920,57.4,57.5,57.4,57.5,2700,2026-10-06,,,,,,,,
1791253980,57.4,57.4,57.4,57.4,900,2026-10-06,,,,,,,,
1791254040,57.5,57.5,57.4,57.4,2500,2026-10-06,,,,,,,,
1791254100,57.4,57.4,57.4,57.4,2200,2026-10-06,,,,,,,,
1791254160,57.4,57.4,57.3,57.4,8400,2026-10-06,,,,,,,,
1791254220,57.3,57.4,57.3,57.4,1800,2026-10-06,,,,,,,,
1791254280,57.4,57.4,57.4,57.4,7100,2026-10-06,,,,,,,,
1791254340,57.4,57.4,57.4,57.4,1700,2026-10-06,,,,,,,,
1791254400,57.4,57.4,57.4,57.4,4300,2026-10-06,,,,,,,,
1791254460,57.4,57.4,57.4,57.4,4600,2026-10-06,,,,,,,,
1791254520,57.4,57.4,57.4,57.4,4200,2026-10-06,,,,,,,,
1791254580,57.3,57.4,57.3,57.4,1300,2026-10-06,,,,,,,,
1791254640,57.4,57.4,57.4,57.4,1300,2026-10-06,,,,,,,,
1791254700,57.4,57.4,57.4,57.4,900,2026-10-06,,,,,,,,
1791254760,57.4,57.5,57.3,57.5,3300,2026-10-06,,,,,,,,
1791254820,57.5,57.5,57.4,57.4,1200,2026-10-06,,,,,,,,
1791254880,57.4,57.4,57.4,57.4,5400,2026-10-06,,,,,,,,
1791254940,57.4,57.4,57.4,57.4,3100,2026-10-06,,,,,,,,
1791255000,57.5,57.5,57.4,57.4,600,2026-10-06,,,,,,,,
1791255060,57.4,57.5,57.4,57.4,1300,2026-10-06,,,,,,,,
1791255120,57.4,57.4,57.4,57.4,1100,2026-10-06,,,,,,,,
1791255180,57.5,57.5,57.4,57.4,6200,2026-10-06,,,,,,,,
1791255240,57.4,57.4,57.4,57.4,300,2026-10-06,,,,,,,,
1791255300,57.4,57.4,57.4,57.4,6000,2026-10-06,,,,,,,,
1791255360,57.4,57.4,57.4,57.4,3600,2026-10-06,,,,,,,,
1791255420,57.4,57.4,57.4,57.4,4500,2026-10-06,,,,,,,,
1791255480,57.4,57.5,57.4,57.4,4200,2026-10-06,,,,,,,,
1791255540,57.4,57.4,57.4,57.4,12900,2026-10-06,,,,,,,,
1791255600,57.5,57.5,57.3,57.4,5000,2026-10-06,,,,,,,,
1791255660,57.5,57.5,57.4,57.4,1600,2026-10-06,,,,,,,,
1791255720,57.4,57.4,57.4,57.4,7200,2026-10-06,,,,,,,,
1791255780,57.4,57.5,57.4,57.4,1200,2026-10-06,,,,,,,,
1791255840,57.4,57.4,57.4,57.4,3700,2026-10-06,,,,,,,,
1791255900,57.4,57.5,57.4,57.4,3200,2026-10-06,,,,,,,,
1791255960,57.4,57.5,57.4,57.4,7300,2026-10-06,,,,,,,,
1791256020,57.4,57.5,57.4,57.5,4600,2026-10-06,,,,,,,,
1791256080,57.4,57.4,57.4,57.4,4200,2026-10-06,,,,,,,,
1791256140,57.4,57.4,57.4,57.4,2900,2026-10-06,,,,,,,,
1791256200,57.4,57.5,57.3,57.3,10500,2026-10-06,,,,,,,,
1791256260,57.3,57.3,57.3,57.3,11700,2026-10-06,,,,,,,,
1791256320,57.3,57.4,57.3,57.3,2000,2026-10-06,,,,,,,,
1791256380,57.3,57.3,57.3,57.3,6300,2026-10-06,,,,,,,,
1791256440,57.3,57.3,57.3,57.3,2700,2026-10-06,,,,,,,,
1791256500,57.3,57.3,57.3,57.3,10400,2026-10-06,,,,,,,,
1791256560,57.3,57.3,57.3,57.3,6800,2026-10-06,,,,,,,,
1791256620,57.3,57.3,57.3,57.3,6300,2026-10-06,,,,,,,,
1791256680,57.3,57.4,57.3,57.3,9200,2026-10-06,,,,,,,,
1791256740,57.3,57.3,57.3,57.3,2000,2026-10-06,,,,,,,,
1791256800,57.3,57.3,57.3,57.3,10600,2026-10-06,,,,,,,,
1791256860,57.3,57.3,57.2,57.2,28500,2026-10-06,,,,,,,,
1791256920,57.2,57.3,57.2,57.3,3700,2026-10-06,,,,,,,,
1791256980,57.2,57.3,57.2,57.2,1900,2026-10-06,,,,,,,,
1791257040,57.2,57.2,57.2,57.2,15800,2026-10-06,,,,,,,,
1791257100,57.2,57.3,57.2,57.2,9000,2026-10-06,,,,,,,,
1791257160,57.2,57.3,57.2,57.2,4100,2026-10-06,,,,,,,,
1791257220,57.2,57.2,57.2,57.2,1100,2026-10-06,,,,,,,,
1791257280,57.2,57.2,57.2,57.2,11700,2026-10-06,,,,,,,,
1791257340,57.3,57.3,57.2,57.2,6100,2026-10-06,,,,,,,,
1791257400,57.2,57.3,57.2,57.3,3100,2026-10-06,,,,,,,,
1791257460,57.2,57.3,57.2,57.2,8600,2026-10-06,,,,,,,,
1791257520,57.3,57.4,57.2,57.4,22300,2026-10-06,,,,,,,,
1791257580,57.3,57.4,57.2,57.2,17300,2026-10-06,,,,,,,,
1791257640,57.4,57.4,57.3,57.3,5400,2026-10-06,,,,,,,,
1791257700,57.3,57.4,57.3,57.3,9000,2026-10-06,,,,,,,,
1791257760,57.3,57.3,57.3,57.3,5600,2026-10-06,,,,,,,,
1791257820,57.3,57.3,57.2,57.3,4700,2026-10-06,,,,,,,,
1791257880,57.2,57.3,57.2,57.3,25300,2026-10-06,,,,,,,,
1791257940,57.2,57.3,57.2,57.2,55300,2026-10-06,,,,,,,,
1791258000,57.2,57.3,57.2,57.3,3500,2026-10-06,,,,,,,,
1791258060,57.3,57.3,57.3,57.3,6600,2026-10-06,,,,,,,,
1791258120,57.3,57.4,57.3,57.3,5600,2026-10-06,,,,,,,,
1791258180,57.3,57.3,57.3,57.3,2200,2026-10-06,,,,,,,,
1791258240,57.3,57.3,57.3,57.3,3200,2026-10-06,,,,,,,,
1791258300,57.3,57.3,57.3,57.3,1300,2026-10-06,,,,,,,,
1791258360,57.3,57.4,57.3,57.3,8600,2026-10-06,,,,,,,,
1791258420,57.3,57.3,57.3,57.3,7700,2026-10-06,,,,,,,,
1791258480,57.3,57.4,57.3,57.4,1800,2026-10-06,,,,,,,,
1791258540,57.3,57.3,57.2,57.2,5800,2026-10-06,,,,,,,,
1791258600,57.2,57.2,57.2,57.2,700,2026-10-06,,,,,,,,
1791258660,57.2,57.2,57.2,57.2,3600,2026-10-06,,,,,,,,
1791258720,57.2,57.3,57.2,57.3,7600,2026-10-06,,,,,,,,
1791258780,57.3,57.3,57.2,57.2,6300,2026-10-06,,,,,,,,
1791258840,57.2,57.2,57.2,57.2,700,2026-10-06,,,,,,,,
1791258900,57.2,57.3,57.2,57.2,4100,2026-10-06,,,,,,,,
1791258960,57.2,57.3,57.2,57.2,5700,2026-10-06,,,,,,,,
1791259020,57.2,57.3,57.2,57.2,1400,2026-10-06,,,,,,,,
1791259080,57.2,57.2,57.2,57.2,3400,2026-10-06,,,,,,,,
1791259140,57.2,57.2,57.2,57.2,800,2026-10-06,,,,,,,,
1791259200,57.2,57.2,57.2,57.2,6100,2026-10-06,,,,,,,,
1791259260,57.2,57.3,57.2,57.2,1000,2026-10-06,,,,,,,,
1791259320,57.2,57.2,57.2,57.2,2700,2026-10-06,,,,,,,,
1791259380,57.2,57.2,57.2,57.2,22000,2026-10-06,,,,,,,,
1791259440,57.2,57.3,57.2,57.3,26700,2026-10-06,,,,,,,,
1791259500,57.3,57.4,57.2,57.2,5600,2026-10-06,,,,,,,,
1791259560,57.2,57.2,57.2,57.2,3900,2026-10-06,,,,,,,,
1791259620,57.2,57.2,57.2,57.2,8800,2026-10-06,,,,,,,,
1791259680,57.2,57.4,57.2,57.3,23600,2026-10-06,,,,,,,,
1791259740,57.3,57.4,57.2,57.2,15900,2026-10-06,,,,,,,,
1791259800,57.2,57.2,57.2,57.2,16200,2026-10-06,,,,,,,,
1791259860,57.3,57.4,57.3,57.3,12000,2026-10-06,,,,,,,,
1791259920,57.3,57.3,57.3,57.3,25700,2026-10-06,,,,,,,,
1791259980,57.2,57.3,57.2,57.3,2300,2026-10-06,,,,,,,,
1791260040,57.4,57.4,57.3,57.4,11800,2026-10-06,,,,,,,,
1791260100,57.4,57.4,57.3,57.3,18700,2026-10-06,,,,,,,,
1791260160,57.4,57.5,57.3,57.3,15600,2026-10-06,,,,,,,,
1791260220,57.5,57.5,57.4,57.4,14400,2026-10-06,,,,,,,,
1791260280,57.4,57.5,57.4,57.5,20400,2026-10-06,,,,,,,,
1791260340,57.5,57.6,57.5,57.6,2400,2026-10-06,,,,,,,,
1791260400,57.5,57.5,57.4,57.4,4900,2026-10-06,,,,,,,,
1791260460,57.4,57.5,57.4,57.4,5400,2026-10-06,,,,,,,,
1791260520,57.4,57.6,57.4,57.5,1900,2026-10-06,,,,,,,,
1791260580,57.5,57.5,57.5,57.5,1500,2026-10-06,,,,,,,,
1791260640,57.5,57.5,57.4,57.5,4100,2026-10-06,,,,,,,,
1791260700,57.5,57.6,57.5,57.5,20800,2026-10-06,,,,,,,,
1791260760,57.5,57.6,57.5,57.5,6100,2026-10-06,,,,,,,,
1791260820,57.6,57.7,57.6,57.7,13900,2026-10-06,,,,,,,,
1791260880,57.7,57.9,57.7,57.8,29800,2026-10-06,,,,,,,,
1791260940,57.8,57.8,57.6,57.8,27600,2026-10-06,,,,,,,,
1791266400,57.8,57.9,57.6,57.8,94600,2026-10-06,,,,,,,,
1791266460,57.7,57.9,57.6,57.6,13200,2026-10-06,,,,,,,,
1791266520,57.7,57.8,57.6,57.6,19000,2026-10-06,,,,,,,,
1791266580,57.8,57.9,57.6,57.9,20600,2026-10-06,,,,,,,,
1791266640,57.7,57.9,57.6,57.9,19100,2026-10-06,,,,,,,,
1791266700,57.8,57.8,57.6,57.8,14000,2026-10-06,,,,,,,,
1791266760,57.7,57.8,57.6,57.8,13300,2026-10-06,,,,,,,,
1791266820,57.8,57.8,57.6,57.6,11900,2026-10-06,,,,,,,,
1791266880,57.8,57.8,57.6,57.8,11400,2026-10-06,,,,,,,,
1791266940,57.8,57.9,57.6,57.9,49900,2026-10-06,,,,,,,,
1791267000,57.8,57.9,57.6,57.7,44400,2026-10-06,,,,,,,,
1791267060,57.7,57.9,57.6,57.6,22700,2026-10-06,,,,,,,,
1791267120,57.7,57.8,57.6,57.6,12300,2026-10-06,,,,,,,,
1791267180,57.8,57.8,57.6,57.8,2600,2026-10-06,,,,,,,,
1791267240,57.8,57.9,57.7,57.9,35500,2026-10-06,,,,,,,,
1791267300,57.9,57.9,57.8,57.8,11300,2026-10-06,,,,,,,,
1791267360,57.8,58.0,57.8,57.8,75200,2026-10-06,,,,,,,,
1791267420,58.0,58.1,57.9,58.0,23500,2026-10-06,,,,,,,,
1791267480,58.0,58.2,58.0,58.1,24700,2026-10-06,,,,,,,,
1791267540,58.1,58.2,58.0,58.0,94700,2026-10-06,,,,,,,,
1791267600,57.9,58.1,57.9,58.0,29300,2026-10-06,,,,,,,,
1791267660,58.0,58.1,58.0,58.0,11700,2026-10-06,,,,,,,,
1791267720,58.0,58.1,58.0,58.1,11800,2026-10-06,,,,,,,,
1791267780,58.0,58.0,57.9,58.0,28400,2026-10-06,,,,,,,,
1791267840,58.0,58.0,57.9,57.9,17600,2026-10-06,,,,,,,,
1791267900,58.0,58.0,57.9,58.0,26700,2026-10-06,,,,,,,,
1791267960,57.9,58.1,57.9,58.0,22900,2026-10-06,,,,,,,,
1791268020,58.0,58.0,57.9,58.0,25300,2026-10-06,,,,,,,,
1791268080,57.9,58.0,57.9,57.9,1800,2026-10-06,,,,,,,,
1791268140,57.9,57.9,57.9,57.9,10900,2026-10-06,,,,,,,,
1791268200,57.9,58.0,57.9,57.9,22300,2026-10-06,,,,,,,,
1791268260,58.0,58.0,57.9,57.9,56300,2026-10-06,,,,,,,,
1791268320,57.9,58.0,57.9,57.9,22500,2026-10-06,,,,,,,,
1791268380,57.9,58.0,57.9,57.9,15400,2026-10-06,,,,,,,,
1791268440,58.0,58.0,57.9,57.9,5500,2026-10-06,,,,,,,,
1791268500,57.8,57.8,57.8,57.8,11900,2026-10-06,,,,,,,,
1791268560,57.8,57.9,57.8,57.8,18700,2026-10-06,,,,,,,,
1791268620,57.8,57.8,57.8,57.8,10700,2026-10-06,,,,,,,,
1791268680,57.8,57.8,57.8,57.8,14800,2026-10-06,,,,,,,,
1791268740,57.8,57.9,57.7,57.7,4100,2026-10-06,,,,,,,,
1791268800,57.7,57.7,57.7,57.7,10500,2026-10-06,,,,,,,,
1791268860,57.8,57.8,57.7,57.8,34800,2026-10-06,,,,,,,,
1791268920,57.7,57.8,57.7,57.7,18800,2026-10-06,,,,,,,,
1791268980,57.7,58.0,57.7,57.7,37100,2026-10-06,,,,,,,,
1791269040,57.7,58.0,57.7,57.8,9800,2026-10-06,,,,,,,,
1791269100,57.9,57.9,57.8,57.9,13100,2026-10-06,,,,,,,,
1791269160,57.9,58.0,57.9,58.0,22300,2026-10-06,,,,,,,,
1791269220,57.9,58.0,57.9,57.9,22300,2026-10-06,,,,,,,,
1791269280,57.9,58.0,57.9,57.9,42800,2026-10-06,,,,,,,,
1791269340,58.0,58.1,57.9,58.0,9200,2026-10-06,,,,,,,,
1791269400,57.9,57.9,57.9,57.9,10500,2026-10-06,,,,,,,,
1791269460,57.9,58.0,57.9,58.0,16800,2026-10-06,,,,,,,,
1791269520,58.0,58.0,57.9,57.9,12900,2026-10-06,,,,,,,,
1791269580,58.0,58.0,57.9,58.0,5700,2026-10-06,,,,,,,,
1791269640,58.0,58.3,58.0,58.3,165000,2026-10-06,,,,,,,,
1791269700,58.3,58.4,58.0,58.1,70900,2026-10-06,,,,,,,,
1791269760,58.2,58.2,57.9,58.0,19200,2026-10-06,,,,,,,,
1791269820,58.2,58.3,58.1,58.1,22400,2026-10-06,,,,,,,,
1791269880,58.1,58.3,58.1,58.3,21200,2026-10-06,,,,,,,,
1791269940,58.2,58.2,58.2,58.2,2600,2026-10-06,,,,,,,,
1791270000,58.1,58.3,58.1,58.2,17400,2026-10-06,,,,,,,,
1791270060,58.2,58.2,58.2,58.2,20800,2026-10-06,,,,,,,,
1791270120,58.1,58.1,58.1,58.1,17300,2026-10-06,,,,,,,,
1791270180,58.1,58.2,58.1,58.1,2200,2026-10-06,,,,,,,,
1791270240,58.1,58.1,58.1,58.1,600,2026-10-06,,,,,,,,
1791270300,58.2,58.2,58.1,58.1,700,2026-10-06,,,,,,,,
1791270360,58.2,58.2,58.1,58.1,5600,2026-10-06,,,,,,,,
1791270420,58.2,58.2,58.1,58.1,8000,2026-10-06,,,,,,,,
1791270480,58.1,58.1,58.1,58.1,6800,2026-10-06,,,,,,,,
1791270540,58.1,58.1,58.1,58.1,8400,2026-10-06,,,,,,,,
1791270600,58.2,58.2,58.1,58.1,500,2026-10-06,,,,,,,,
1791270660,58.1,58.1,58.1,58.1,1700,2026-10-06,,,,,,,,
1791270720,58.1,58.2,58.0,58.1,42300,2026-10-06,,,,,,,,
1791270780,58.1,58.1,58.0,58.1,15900,2026-10-06,,,,,,,,
1791270840,58.1,58.1,58.0,58.1,36500,2026-10-06,,,,,,,,
1791270900,58.1,58.3,58.1,58.2,19600,2026-10-06,,,,,,,,
1791270960,58.3,58.3,58.2,58.2,22300,2026-10-06,,,,,,,,
1791271020,58.2,58.3,58.2,58.3,5700,2026-10-06,,,,,,,,
1791271080,58.2,58.3,58.2,58.3,5300,2026-10-06,,,,,,,,
1791271140,58.2,58.3,58.2,58.3,11500,2026-10-06,,,,,,,,
1791271200,58.2,58.4,58.2,58.4,8900,2026-10-06,,,,,,,,
1791271260,58.3,58.4,58.3,58.3,15600,2026-10-06,,,,,,,,
1791271320,58.3,58.4,58.2,58.4,4700,2026-10-06,,,,,,,,
1791271380,58.4,58.4,58.2,58.4,5300,2026-10-06,,,,,,,,
1791271440,58.4,58.4,58.3,58.4,10200,2026-10-06,,,,,,,,
1791271500,58.4,58.4,58.2,58.4,6000,2026-10-06,,,,,,,,
1791271560,58.4,58.4,58.3,58.3,20400,2026-10-06,,,,,,,,
1791271620,58.3,58.4,58.3,58.4,2800,2026-10-06,,,,,,,,
1791271680,58.4,58.4,58.4,58.4,1500,2026-10-06,,,,,,,,
1791271740,58.4,58.4,58.3,58.4,4200,2026-10-06,,,,,,,,
1791272700,58.4,58.4,58.4,58.4,36400,2026-10-06,,,,,,,,
1791339300,58.3,58.3,58.1,58.1,11900,2026-10-07,,,,,,,,
1791339360,58.1,58.2,58.0,58.2,8100,2026-10-07,,,,,,,,
1791339420,58.1,58.1,58.0,58.1,4100,2026-10-07,,,,,,,,
1791339480,58.1,58.2,58.1,58.2,1700,2026-10-07,,,,,,,,
1791339540,58.2,58.2,58.2,58.2,800,2026-10-07,,,,,,,,
1791339600,58.2,58.3,58.2,58.2,900,2026-10-07,,,,,,,,
1791339660,58.2,58.3,58.1,58.2,21000,2026-10-07,,,,,,,,
1791339720,58.2,58.2,58.1,58.1,9400,2026-10-07,,,,,,,,
1791339780,58.1,58.1,58.1,58.1,4800,2026-10-07,,,,,,,,
1791339840,58.1,58.1,58.1,58.1,1100,2026-10-07,,,,,,,,
1791339900,58.1,58.1,58.1,58.1,17900,2026-10-07,,,,,,,,
1791339960,58.1,58.1,58.1,58.1,1100,2026-10-07,,,,,,,,
1791340020,58.2,58.2,58.1,58.1,2600,2026-10-07,,,,,,,,
1791340080,58.1,58.3,58.1,58.1,3200,2026-10-07,,,,,,,,
1791340140,58.1,58.2,58.1,58.1,1000,2026-10-07,,,,,,,,
1791340200,58.1,58.3,58.1,58.2,1500,2026-10-07,,,,,,,,
1791340260,58.2,58.2,58.1,58.1,1800,2026-10-07,,,,,,,,
1791340320,58.1,58.2,58.1,58.1,1600,2026-10-07,,,,,,,,
1791340380,58.1,58.1,58.1,58.1,800,2026-10-07,,,,,,,,
1791340440,58.1,58.1,58.1,58.1,800,2026-10-07,,,,,,,,
1791340500,58.1,58.2,58.1,58.1,1000,2026-10-07,,,,,,,,
1791340560,58.1,58.2,58.1,58.1,800,2026-10-07,,,,,,,,
1791340620,58.1,58.2,58.1,58.1,1200,2026-10-07,,,,,,,,
1791340680,58.1,58.2,58.1,58.2,2500,2026-10-07,,,,,,,,
1791340740,58.2,58.2,58.1,58.2,1000,2026-10-07,,,,,,,,
1791340800,58.2,58.2,58.2,58.2,1200,2026-10-07,,,,,,,,
1791340860,58.2,58.2,58.1,58.2,900,2026-10-07,,,,,,,,
1791340920,58.2,58.2,58.2,58.2,900,2026-10-07,,,,,,,,
1791340980,58.2,58.3,58.2,58.2,900,2026-10-07,,,,,,,,
1791341040,58.2,58.2,58.2,58.2,1200,2026-10-07,,,,,,,,
1791341100,58.2,58.3,58.2,58.3,15600,2026-10-07,,,,,,,,
1791341160,58.3,58.3,58.2,58.2,5500,2026-10-07,,,,,,,,
1791341220,58.2,58.4,58.2,58.2,1200,2026-10-07,,,,,,,,
1791341280,58.2,58.2,58.2,58.2,800,2026-10-07,,,,,,,,
1791341340,58.2,58.2,58.2,58.2,700,2026-10-07,,,,,,,,
1791341400,58.2,58.2,58.1,58.1,4900,2026-10-07,,,,,,,,
1791341460,58.1,58.3,58.1,58.1,5300,2026-10-07,,,,,,,,
1791341520,58.1,58.2,58.1,58.2,700,2026-10-07,,,,,,,,
1791341580,58.2,58.3,58.2,58.2,2100,2026-10-07,,,,,,,,
1791341640,58.2,58.2,58.2,58.2,1600,2026-10-07,,,,,,,,
1791341700,58.2,58.2,58.2,58.2,700,2026-10-07,,,,,,,,
1791341760,58.2,58.2,58.2,58.2,600,2026-10-07,,,,,,,,
1791341820,58.2,58.3,58.2,58.2,3100,2026-10-07,,,,,,,,
1791341880,58.2,58.2,58.2,58.2,700,2026-10-07,,,,,,,,
1791341940,58.2,58.2,58.2,58.2,700,2026-10-07,,,,,,,,
1791342000,58.2,58.3,58.2,58.2,13000,2026-10-07,,,,,,,,
1791342060,58.2,58.2,58.2,58.2,2100,2026-10-07,,,,,,,,
1791342120,58.2,58.2,58.2,58.2,5500,2026-10-07,,,,,,,,
1791342180,58.2,58.2,58.2,58.2,500,2026-10-07,,,,,,,,
1791342240,58.2,58.2,58.2,58.2,900,2026-10-07,,,,,,,,
1791342300,58.2,58.2,58.2,58.2,700,2026-10-07,,,,,,,,
1791342360,58.2,58.2,58.2,58.2,500,2026-10-07,,,,,,,,
1791342420,58.2,58.2,58.2,58.2,11400,2026-10-07,,,,,,,,
1791342480,58.2,58.3,58.2,58.2,1300,2026-10-07,,,,,,,,
1791342540,58.2,58.2,58.2,58.2,500,2026-10-07,,,,,,,,
1791342600,58.2,58.2,58.2,58.2,3000,2026-10-07,,,,,,,,
1791342660,58.2,58.2,58.1,58.1,6300,2026-10-07,,,,,,,,
1791342720,58.1,58.3,58.1,58.1,11400,2026-10-07,,,,,,,,
1791342780,58.1,58.1,58.1,58.1,19800,2026-10-07,,,,,,,,
1791342840,58.1,58.3,58.1,58.2,14700,2026-10-07,,,,,,,,
1791342900,58.2,58.3,58.1,58.1,7200,2026-10-07,,,,,,,,
1791342960,58.1,58.2,58.1,58.1,1000,2026-10-07,,,,,,,,
1791343020,58.1,58.1,58.1,58.1,500,2026-10-07,,,,,,,,
1791343080,58.1,58.2,58.1,58.2,6300,2026-10-07,,,,,,,,
1791343140,58.1,58.2,58.1,58.2,1100,2026-10-07,,,,,,,,
1791343200,58.1,58.1,58.1,58.1,700,2026-10-07,,,,,,,,
1791343260,58.2,58.2,58.1,58.2,2000,2026-10-07,,,,,,,,
1791343320,58.2,58.2,58.2,58.2,9200,2026-10-07,,,,,,,,
1791343380,58.2,58.2,58.2,58.2,600,2026-10-07,,,,,,,,
1791343440,58.2,58.2,58.2,58.2,400,2026-10-07,,,,,,,,
1791343500,58.3,58.3,58.3,58.3,400,2026-10-07,,,,,,,,
1791343560,58.3,58.3,58.3,58.3,5000,2026-10-07,,,,,,,,
1791343620,58.2,58.3,58.2,58.3,1600,2026-10-07,,,,,,,,
1791343680,58.2,58.2,58.2,58.2,1100,2026-10-07,,,,,,,,
1791343740,58.2,58.2,58.2,58.2,2200,2026-10-07,,,,,,,,
1791343800,58.2,58.2,58.2,58.2,1000,2026-10-07,,,,,,,,
1791343860,58.2,58.2,58.2,58.2,3100,2026-10-07,,,,,,,,
1791343920,58.3,58.3,58.3,58.3,100,2026-10-07,,,,,,,,
1791343980,58.3,58.3,58.2,58.2,6600,2026-10-07,,,,,,,,
1791344040,58.2,58.2,58.2,58.2,500,2026-10-07,,,,,,,,
1791344100,58.2,58.2,58.2,58.2,600,2026-10-07,,,,,,,,
1791344160,58.2,58.2,58.2,58.2,500,2026-10-07,,,,,,,,
1791344220,58.3,58.3,58.2,58.2,300,2026-10-07,,,,,,,,
1791344280,58.3,58.3,58.3,58.3,200,2026-10-07,,,,,,,,
1791344340,58.2,58.3,58.2,58.3,1100,2026-10-07,,,,,,,,
1791344400,58.3,58.3,58.3,58.3,300,2026-10-07,,,,,,,,
1791344460,58.3,58.3,58.2,58.2,1300,2026-10-07,,,,,,,,
1791344520,58.2,58.2,58.2,58.2,2500,2026-10-07,,,,,,,,
1791344580,58.2,58.2,58.2,58.2,1100,2026-10-07,,,,,,,,
1791344640,58.2,58.2,58.2,58.2,6000,2026-10-07,,,,,,,,
1791344700,58.2,58.3,58.2,58.2,15000,2026-10-07,,,,,,,,
1791344760,58.2,58.2,58.2,58.2,2000,2026-10-07,,,,,,,,
1791344820,58.2,58.2,58.2,58.2,2900,2026-10-07,,,,,,,,
1791344880,58.2,58.3,58.2,58.3,1100,2026-10-07,,,,,,,,
1791344940,58.2,58.2,58.2,58.2,3600,2026-10-07,,,,,,,,
1791345000,58.2,58.2,58.2,58.2,1000,2026-10-07,,,,,,,,
1791345060,58.2,58.2,58.2,58.2,4200,2026-10-07,,,,,,,,
1791345120,58.2,58.2,58.2,58.2,500,2026-10-07,,,,,,,,
1791345180,58.2,58.3,58.2,58.2,22600,2026-10-07,,,,,,,,
1791345240,58.2,58.3,58.2,58.2,6700,2026-10-07,,,,,,,,
1791345300,58.3,58.3,58.2,58.3,21900,2026-10-07,,,,,,,,
1791345360,58.3,58.3,58.2,58.2,6000,2026-10-07,,,,,,,,
1791345420,58.2,58.3,58.2,58.3,600,2026-10-07,,,,,,,,
1791345480,58.3,58.3,58.3,58.3,10000,2026-10-07,,,,,,,,
1791345540,58.3,58.3,58.2,58.2,4100,2026-10-07,,,,,,,,
1791345600,58.3,58.3,58.3,58.3,19900,2026-10-07,,,,,,,,
1791345660,58.3,58.5,58.3,58.3,64200,2026-10-07,,,,,,,,
1791345720,58.5,58.5,58.3,58.3,13000,2026-10-07,,,,,,,,
1791345780,58.3,58.3,58.3,58.3,10500,2026-10-07,,,,,,,,
1791345840,58.3,58.4,58.2,58.4,24300,2026-10-07,,,,,,,,
1791345900,58.3,58.5,58.3,58.5,17100,2026-10-07,,,,,,,,
1791345960,58.5,58.5,58.3,58.3,51100,2026-10-07,,,,,,,,
1791346020,58.3,58.5,58.3,58.5,3200,2026-10-07,,,,,,,,
1791346080,58.4,58.4,58.3,58.4,13000,2026-10-07,,,,,,,,
1791346140,58.4,58.4,58.3,58.4,18300,2026-10-07,,,,,,,,
1791346200,58.4,58.4,58.3,58.3,18700,2026-10-07,,,,,,,,
1791346260,58.4,58.4,58.4,58.4,11300,2026-10-07,,,,,,,,
1791346320,58.4,58.4,58.3,58.3,2900,2026-10-07,,,,,,,,
1791346380,58.4,58.4,58.3,58.3,1800,2026-10-07,,,,,,,,
1791346440,58.3,58.4,58.3,58.3,8500,2026-10-07,,,,,,,,
1791346500,58.3,58.4,58.3,58.4,2900,2026-10-07,,,,,,,,
1791346560,58.4,58.4,58.3,58.3,6600,2026-10-07,,,,,,,,
1791346620,58.3,58.3,58.3,58.3,31900,2026-10-07,,,,,,,,
1791346680,58.3,58.3,58.3,58.3,1900,2026-10-07,,,,,,,,
1791346740,58.4,58.4,58.2,58.2,4800,2026-10-07,,,,,,,,
1791346800,58.3,58.3,58.3,58.3,1000,2026-10-07,,,,,,,,
1791346860,58.3,58.3,58.2,58.2,6300,2026-10-07,,,,,,,,
1791346920,58.2,58.3,58.2,58.3,3500,2026-10-07,,,,,,,,
1791346980,58.3,58.3,58.2,58.3,1800,2026-10-07,,,,,,,,
1791347040,58.3,58.3,58.2,58.2,4500,2026-10-07,,,,,,,,
1791347100,58.2,58.2,58.2,58.2,2600,2026-10-07,,,,,,,,
1791347160,58.3,58.3,58.3,58.3,6700,2026-10-07,,,,,,,,
1791347220,58.3,58.4,58.3,58.3,3100,2026-10-07,,,,,,,,
1791347280,58.3,58.3,58.3,58.3,2700,2026-10-07,,,,,,,,
1791347340,58.3,58.3,58.3,58.3,14400,2026-10-07,,,,,,,,
1791352800,58.3,58.3,58.2,58.3,31300,2026-10-07,,,,,,,,
1791352860,58.3,58.3,58.2,58.2,8200,2026-10-07,,,,,,,,
1791352920,58.3,58.3,58.2,58.2,3200,2026-10-07,,,,,,,,
1791352980,58.2,58.2,58.2,58.2,300,2026-10-07,,,,,,,,
1791353040,58.2,58.2,58.2,58.2,5500,2026-10-07,,,,,,,,
1791353100,58.2,58.2,58.2,58.2,400,2026-10-07,,,,,,,,
1791353160,58.2,58.2,58.2,58.2,7300,2026-10-07,,,,,,,,
1791353220,58.2,58.2,58.1,58.1,3400,2026-10-07,,,,,,,,
1791353280,58.2,58.2,58.1,58.2,3700,2026-10-07,,,,,,,,
1791353340,58.2,58.2,58.1,58.1,11300,2026-10-07,,,,,,,,
1791353400,58.1,58.2,58.1,58.2,10000,2026-10-07,,,,,,,,
1791353460,58.2,58.2,58.1,58.2,8800,2026-10-07,,,,,,,,
1791353520,58.2,58.2,58.1,58.1,1700,2026-10-07,,,,,,,,
1791353580,58.2,58.3,58.2,58.3,202500,2026-10-07,,,,,,,,
1791353640,58.2,58.2,58.2,58.2,45700,2026-10-07,,,,,,,,
1791353700,58.2,58.2,58.2,58.2,600,2026-10-07,,,,,,,,
1791353760,58.2,58.3,58.2,58.2,13800,2026-10-07,,,,,,,,
1791353820,58.2,58.2,58.2,58.2,11700,2026-10-07,,,,,,,,
1791353880,58.2,58.2,58.2,58.2,2400,2026-10-07,,,,,,,,
1791353940,58.2,58.2,58.2,58.2,5600,2026-10-07,,,,,,,,
1791354000,58.3,58.3,58.2,58.2,1300,2026-10-07,,,,,,,,
1791354060,58.3,58.3,58.2,58.2,5100,2026-10-07,,,,,,,,
1791354120,58.3,58.3,58.2,58.2,3100,2026-10-07,,,,,,,,
1791354180,58.2,58.3,58.2,58.3,700,2026-10-07,,,,,,,,
1791354240,58.2,58.2,58.2,58.2,36400,2026-10-07,,,,,,,,
1791354300,58.2,58.3,58.2,58.3,5800,2026-10-07,,,,,,,,
1791354360,58.2,58.3,58.2,58.2,4400,2026-10-07,,,,,,,,
1791354420,58.2,58.2,58.2,58.2,500,2026-10-07,,,,,,,,
1791354480,58.2,58.3,58.2,58.2,14300,2026-10-07,,,,,,,,
1791354540,58.2,58.2,58.2,58.2,11900,2026-10-07,,,,,,,,
1791354600,58.2,58.3,58.2,58.3,12000,2026-10-07,,,,,,,,
1791354660,58.3,58.3,58.2,58.3,4900,2026-10-07,,,,,,,,
1791354720,58.2,58.2,58.2,58.2,1000,2026-10-07,,,,,,,,
1791354780,58.3,58.3,58.2,58.2,400,2026-10-07,,,,,,,,
1791354840,58.3,58.3,58.2,58.3,6000,2026-10-07,,,,,,,,
1791354900,58.3,58.3,58.3,58.3,400,2026-10-07,,,,,,,,
1791354960,58.2,58.3,58.2,58.2,15000,2026-10-07,,,,,,,,
1791355020,58.3,58.3,58.2,58.3,600,2026-10-07,,,,,,,,
1791355080,58.3,58.3,58.3,58.3,100,2026-10-07,,,,,,,,
1791355140,58.2,58.2,58.2,58.2,3600,2026-10-07,,,,,,,,
1791355200,58.3,58.3,58.3,58.3,5400,2026-10-07,,,,,,,,
1791355260,58.3,58.3,58.2,58.2,6800,2026-10-07,,,,,,,,
1791355320,58.3,58.4,58.3,58.4,33800,2026-10-07,,,,,,,,
1791355380,58.4,58.4,58.2,58.4,15500,2026-10-07,,,,,,,,
1791355440,58.4,58.5,58.3,58.3,27700,2026-10-07,,,,,,,,
1791355500,58.4,58.4,58.3,58.4,13200,2026-10-07,,,,,,,,
1791355560,58.3,58.3,58.2,58.2,8600,2026-10-07,,,,,,,,
1791355620,58.3,58.3,58.3,58.3,5900,2026-10-07,,,,,,,,
1791355680,58.3,58.3,58.2,58.3,700,2026-10-07,,,,,,,,
1791355740,58.3,58.3,58.2,58.2,4800,2026-10-07,,,,,,,,
1791355800,58.2,58.2,58.2,58.2,300,2026-10-07,,,,,,,,
1791355860,58.3,58.3,58.2,58.2,4200,2026-10-07,,,,,,,,
1791355920,58.3,58.3,58.3,58.3,1300,2026-10-07,,,,,,,,
1791355980,58.2,58.3,58.2,58.3,900,2026-10-07,,,,,,,,
1791356040,58.3,58.3,58.2,58.2,4100,2026-10-07,,,,,,,,
1791356100,58.3,58.3,58.2,58.2,1100,2026-10-07,,,,,,,,
1791356160,58.2,58.3,58.2,58.3,5000,2026-10-07,,,,,,,,
1791356220,58.2,58.2,58.1,58.1,58800,2026-10-07,,,,,,,,
1791356280,58.1,58.2,58.1,58.2,10300,2026-10-07,,,,,,,,
1791356340,58.2,58.2,58.1,58.1,4000,2026-10-07,,,,,,,,
1791356400,58.2,58.2,58.2,58.2,300,2026-10-07,,,,,,,,
1791356460,58.2,58.2,58.1,58.1,8700,2026-10-07,,,,,,,,
1791356520,58.1,58.1,58.1,58.1,300,2026-10-07,,,,,,,,
1791356580,58.1,58.1,58.1,58.1,5100,2026-10-07,,,,,,,,
1791356640,58.1,58.1,58.1,58.1,3900,2026-10-07,,,,,,,,
1791356700,58.1,58.1,58.1,58.1,500,2026-10-07,,,,,,,,
1791356760,58.2,58.2,58.1,58.1,4200,2026-10-07,,,,,,,,
1791356820,58.2,58.2,58.1,58.2,11000,2026-10-07,,,,,,,,
1791356880,58.2,58.3,58.2,58.3,14000,2026-10-07,,,,,,,,
1791356940,58.2,58.2,58.1,58.2,3900,2026-10-07,,,,,,,,
1791357000,58.3,58.3,58.2,58.3,3100,2026-10-07,,,,,,,,
1791357060,58.3,58.3,58.1,58.1,4400,2026-10-07,,,,,,,,
1791357120,58.3,58.3,58.1,58.2,2700,2026-10-07,,,,,,,,
1791357180,58.3,58.3,58.2,58.2,2000,2026-10-07,,,,,,,,
1791357240,58.2,58.2,58.1,58.2,4900,2026-10-07,,,,,,,,
1791357300,58.2,58.2,58.2,58.2,900,2026-10-07,,,,,,,,
1791357360,58.2,58.3,58.1,58.3,16900,2026-10-07,,,,,,,,
1791357420,58.3,58.3,58.2,58.2,8800,2026-10-07,,,,,,,,
1791357480,58.2,58.3,58.2,58.3,8400,2026-10-07,,,,,,,,
1791357540,58.3,58.3,58.2,58.2,15700,2026-10-07,,,,,,,,
1791357600,58.3,58.3,58.3,58.3,5300,2026-10-07,,,,,,,,
1791357660,58.3,58.3,58.3,58.3,4800,2026-10-07,,,,,,,,
1791357720,58.2,58.3,58.2,58.3,7600,2026-10-07,,,,,,,,
1791357780,58.3,58.3,58.3,58.3,600,2026-10-07,,,,,,,,
1791357840,58.2,58.2,58.2,58.2,200,2026-10-07,,,,,,,,
1791357900,58.3,58.3,58.2,58.3,2300,2026-10-07,,,,,,,,
1791357960,58.3,58.3,58.2,58.2,27900,2026-10-07,,,,,,,,
1791358020,58.2,58.3,58.2,58.3,8500,2026-10-07,,,,,,,,
1791358080,58.2,58.3,58.2,58.2,15600,2026-10-07,,,,,,,,
1791358140,58.3,58.3,58.2,58.3,5800,2026-10-07,,,,,,,,
1791359100,58.0,58.0,58.0,58.0,288900,2026-10-07,,,,,,,,
1791425700,58.0,58.1,58.0,58.1,49600,2026-10-08,,,,,,,,
1791425760,58.0,58.0,58.0,58.0,8400,2026-10-08,,,,,,,,
1791425820,58.0,58.0,58.0,58.0,2000,2026-10-08,,,,,,,,
1791425880,58.0,58.0,58.0,58.0,5000,2026-10-08,,,,,,,,
1791425940,57.9,57.9,57.9,57.9,400,2026-10-08,,,,,,,,
1791426000,57.9,58.0,57.9,57.9,8700,2026-10-08,,,,,,,,
1791426060,57.9,57.9,57.8,57.8,5500,2026-10-08,,,,,,,,
1791426120,57.8,57.8,57.8,57.8,600,2026-10-08,,,,,,,,
1791426180,57.8,57.9,57.8,57.8,600,2026-10-08,,,,,,,,
1791426240,57.8,57.8,57.8,57.8,1000,2026-10-08,,,,,,,,
1791426300,57.8,57.8,57.8,57.8,400,2026-10-08,,,,,,,,
1791426360,57.8,57.9,57.8,57.9,1400,2026-10-08,,,,,,,,
1791426420,57.9,57.9,57.8,57.9,3300,2026-10-08,,,,,,,,
1791426480,57.9,57.9,57.9,57.9,700,2026-10-08,,,,,,,,
1791426540,57.8,57.8,57.8,57.8,1600,2026-10-08,,,,,,,,
1791426600,57.8,57.8,57.7,57.7,14900,2026-10-08,,,,,,,,
1791426660,57.7,57.8,57.7,57.8,13800,2026-10-08,,,,,,,,
1791426720,57.8,57.8,57.8,57.8,400,2026-10-08,,,,,,,,
1791426780,57.8,57.9,57.8,57.8,800,2026-10-08,,,,,,,,
1791426840,57.8,57.9,57.7,57.8,21700,2026-10-08,,,,,,,,
1791426900,57.7,57.8,57.7,57.8,2200,2026-10-08,,,,,,,,
1791426960,57.7,57.8,57.7,57.7,4400,2026-10-08,,,,,,,,
1791427020,57.8,57.8,57.7,57.7,7500,2026-10-08,,,,,,,,
1791427080,57.7,57.8,57.7,57.8,10900,2026-10-08,,,,,,,,
1791427140,57.7,57.8,57.7,57.8,3200,2026-10-08,,,,,,,,
1791427200,57.7,57.8,57.7,57.7,900,2026-10-08,,,,,,,,
1791427260,57.8,57.8,57.7,57.7,900,2026-10-08,,,,,,,,
1791427320,57.7,57.8,57.7,57.7,900,2026-10-08,,,,,,,,
1791427380,57.7,57.8,57.7,57.8,6700,2026-10-08,,,,,,,,
1791427440,57.7,57.7,57.7,57.7,400,2026-10-08,,,,,,,,
1791427500,57.7,57.8,57.7,57.8,5900,2026-10-08,,,,,,,,
1791427560,57.8,57.8,57.8,57.8,8600,2026-10-08,,,,,,,,
1791427620,57.8,57.8,57.8,57.8,900,2026-10-08,,,,,,,,
1791427680,57.8,57.8,57.8,57.8,1200,2026-10-08,,,,,,,,
1791427740,57.8,57.8,57.8,57.8,1500,2026-10-08,,,,,,,,
1791427800,57.8,57.8,57.8,57.8,8200,2026-10-08,,,,,,,,
1791427860,57.8,57.9,57.8,57.8,3700,2026-10-08,,,,,,,,
1791427920,57.8,57.8,57.7,57.7,2800,2026-10-08,,,,,,,,
1791427980,57.8,57.8,57.8,57.8,3800,2026-10-08,,,,,,,,
1791428040,57.8,57.8,57.8,57.8,5800,2026-10-08,,,,,,,,
1791428100,57.7,57.8,57.7,57.8,3100,2026-10-08,,,,,,,,
1791428160,57.8,57.8,57.7,57.7,1400,2026-10-08,,,,,,,,
1791428220,57.7,57.8,57.7,57.7,3300,2026-10-08,,,,,,,,
1791428280,57.7,57.8,57.7,57.8,1200,2026-10-08,,,,,,,,
1791428340,57.8,57.8,57.7,57.8,5300,2026-10-08,,,,,,,,
1791428400,57.8,57.9,57.8,57.9,4300,2026-10-08,,,,,,,,
1791428460,57.9,57.9,57.8,57.8,9600,2026-10-08,,,,,,,,
1791428520,57.9,57.9,57.8,57.8,1600,2026-10-08,,,,,,,,
1791428580,57.9,58.0,57.8,57.9,3200,2026-10-08,,,,,,,,
1791428640,57.9,58.0,57.9,57.9,1000,2026-10-08,,,,,,,,
1791428700,57.9,57.9,57.9,57.9,3000,2026-10-08,,,,,,,,
1791428760,57.9,57.9,57.8,57.8,15100,2026-10-08,,,,,,,,
1791428820,57.8,57.8,57.8,57.8,3400,2026-10-08,,,,,,,,
1791428880,57.8,58.0,57.8,57.8,4200,2026-10-08,,,,,,,,
1791428940,57.8,57.9,57.8,57.9,5400,2026-10-08,,,,,,,,
1791429000,57.9,57.9,57.8,57.9,3500,2026-10-08,,,,,,,,
1791429060,57.9,58.0,57.9,57.9,3200,2026-10-08,,,,,,,,
1791429120,57.9,57.9,57.9,57.9,3900,2026-10-08,,,,,,,,
1791429180,58.0,58.0,57.9,58.0,1200,2026-10-08,,,,,,,,
1791429240,57.9,58.0,57.9,58.0,4900,2026-10-08,,,,,,,,
1791429300,57.9,57.9,57.9,57.9,4000,2026-10-08,,,,,,,,
1791429360,57.9,57.9,57.8,57.8,6200,2026-10-08,,,,,,,,
1791429420,57.8,57.9,57.8,57.9,3200,2026-10-08,,,,,,,,
1791429480,57.9,57.9,57.8,57.8,4000,2026-10-08,,,,,,,,
1791429540,57.8,57.9,57.8,57.8,3300,2026-10-08,,,,,,,,
1791429600,57.8,57.8,57.8,57.8,1700,2026-10-08,,,,,,,,
1791429660,57.9,57.9,57.8,57.8,3800,2026-10-08,,,,,,,,
1791429720,57.8,57.9,57.8,57.8,1500,2026-10-08,,,,,,,,
1791429780,57.8,57.9,57.8,57.8,5500,2026-10-08,,,,,,,,
1791429840,57.8,57.9,57.8,57.8,1000,2026-10-08,,,,,,,,
1791429900,57.8,57.9,57.8,57.9,6300,2026-10-08,,,,,,,,
1791429960,57.9,57.9,57.9,57.9,2400,2026-10-08,,,,,,,,
1791430020,57.9,58.0,57.9,57.9,6300,2026-10-08,,,,,,,,
1791430080,57.8,57.9,57.8,57.8,1200,2026-10-08,,,,,,,,
1791430140,57.8,57.9,57.8,57.9,3600,2026-10-08,,,,,,,,
1791430200,57.8,57.9,57.8,57.8,3400,2026-10-08,,,,,,,,
1791430260,57.8,57.9,57.8,57.8,1700,2026-10-08,,,,,,,,
1791430320,57.9,57.9,57.8,57.8,4400,2026-10-08,,,,,,,,
1791430380,57.8,57.8,57.8,57.8,1200,2026-10-08,,,,,,,,
1791430440,57.8,57.8,57.8,57.8,3000,2026-10-08,,,,,,,,
1791430500,57.8,57.8,57.8,57.8,800,2026-10-08,,,,,,,,
1791430560,57.8,57.9,57.8,57.9,12700,2026-10-08,,,,,,,,
1791430620,57.9,57.9,57.8,57.8,900,2026-10-08,,,,,,,,
1791430680,57.8,57.8,57.8,57.8,4000,2026-10-08,,,,,,,,
1791430740,57.8,58.0,57.8,58.0,700,2026-10-08,,,,,,,,
1791430800,57.8,58.0,57.8,58.0,7200,2026-10-08,,,,,,,,
1791430860,57.9,58.0,57.9,57.9,5300,2026-10-08,,,,,,,,
1791430920,57.9,58.0,57.9,58.0,400,2026-10-08,,,,,,,,
1791430980,57.9,58.0,57.9,58.0,13300,2026-10-08,,,,,,,,
1791431040,57.9,58.0,57.9,58.0,8200,2026-10-08,,,,,,,,
1791431100,57.9,58.2,57.9,58.2,47600,2026-10-08,,,,,,,,
1791431160,58.0,58.0,58.0,58.0,13400,2026-10-08,,,,,,,,
1791431220,58.2,58.2,58.0,58.2,5700,2026-10-08,,,,,,,,
1791431280,58.1,58.1,58.1,58.1,5600,2026-10-08,,,,,,,,
1791431340,58.1,58.1,58.1,58.1,4700,2026-10-08,,,,,,,,
1791431400,58.1,58.1,58.0,58.1,1400,2026-10-08,,,,,,,,
1791431460,58.0,58.1,58.0,58.1,3900,2026-10-08,,,,,,,,
1791431520,58.2,58.2,58.0,58.0,10700,2026-10-08,,,,,,,,
1791431580,58.0,58.0,58.0,58.0,600,2026-10-08,,,,,,,,
1791431640,58.2,58.3,58.0,58.3,13600,2026-10-08,,,,,,,,
1791431700,58.3,58.3,58.2,58.3,13200,2026-10-08,,,,,,,,
1791431760,58.2,58.2,58.1,58.1,9800,2026-10-08,,,,,,,,
1791431820,58.1,58.2,58.1,58.1,2800,2026-10-08,,,,,,,,
1791431880,58.0,58.0,57.9,58.0,17900,2026-10-08,,,,,,,,
1791431940,58.0,58.0,57.9,58.0,13900,2026-10-08,,,,,,,,
1791432000,58.0,58.0,57.9,57.9,10900,2026-10-08,,,,,,,,
1791432060,57.9,57.9,57.9,57.9,100,2026-10-08,,,,,,,,
1791432120,57.9,57.9,57.9,57.9,2800,2026-10-08,,,,,,,,
1791432180,57.9,57.9,57.9,57.9,2600,2026-10-08,,,,,,,,
1791432240,57.9,58.0,57.9,58.0,500,2026-10-08,,,,,,,,
1791432300,57.9,58.0,57.9,57.9,9400,2026-10-08,,,,,,,,
1791432360,58.0,58.0,57.8,57.8,10100,2026-10-08,,,,,,,,
1791432420,57.9,57.9,57.8,57.9,12200,2026-10-08,,,,,,,,
1791432480,57.8,57.9,57.8,57.9,2500,2026-10-08,,,,,,,,
1791432540,57.8,57.8,57.8,57.8,4800,2026-10-08,,,,,,,,
1791432600,57.9,57.9,57.9,57.9,6300,2026-10-08,,,,,,,,
1791432660,57.9,57.9,57.8,57.8,2600,2026-10-08,,,,,,,,
1791432720,57.8,57.8,57.8,57.8,400,2026-10-08,,,,,,,,
1791432780,57.8,57.8,57.8,57.8,2400,2026-10-08,,,,,,,,
1791432840,57.8,57.8,57.8,57.8,2600,2026-10-08,,,,,,,,
1791432900,57.8,57.8,57.8,57.8,400,2026-10-08,,,,,,,,
1791432960,57.8,57.9,57.8,57.9,4200,2026-10-08,,,,,,,,
1791433020,57.8,57.8,57.8,57.8,2400,2026-10-08,,,,,,,,
1791433080,58.0,58.0,57.8,57.8,2700,2026-10-08,,,,,,,,
1791433140,57.8,57.8,57.8,57.8,100,2026-10-08,,,,,,,,
1791433200,57.8,57.9,57.8,57.8,2700,2026-10-08,,,,,,,,
1791433260,57.8,57.8,57.8,57.8,400,2026-10-08,,,,,,,,
1791433320,57.9,58.0,57.8,57.8,7100,2026-10-08,,,,,,,,
1791433380,57.8,57.9,57.8,57.9,500,2026-10-08,,,,,,,,
1791433440,57.9,57.9,57.8,57.8,2600,2026-10-08,,,,,,,,
1791433500,57.8,57.8,57.8,57.8,2200,2026-10-08,,,,,,,,
1791433560,57.8,58.0,57.8,58.0,1900,2026-10-08,,,,,,,,
1791433620,57.8,57.8,57.8,57.8,2600,2026-10-08,,,,,,,,
1791433680,57.8,57.8,57.8,57.8,4100,2026-10-08,,,,,,,,
1791433740,57.8,57.8,57.8,57.8,2200,2026-10-08,,,,,,,,
1791439200,57.8,58.0,57.8,57.9,14800,2026-10-08,,,,,,,,
1791439260,57.9,57.9,57.8,57.8,7500,2026-10-08,,,,,,,,
1791439320,57.8,57.8,57.7,57.7,5400,2026-10-08,,,,,,,,
1791439380,57.7,57.8,57.7,57.7,1500,2026-10-08,,,,,,,,
1791439440,57.8,57.9,57.8,57.9,185700,2026-10-08,,,,,,,,
1791439500,57.9,57.9,57.8,57.9,75800,2026-10-08,,,,,,,,
1791439560,57.8,57.9,57.7,57.8,8100,2026-10-08,,,,,,,,
1791439620,57.8,57.8,57.8,57.8,500,2026-10-08,,,,,,,,
1791439680,57.8,57.9,57.7,57.9,16100,2026-10-08,,,,,,,,
1791439740,57.9,57.9,57.8,57.9,600,2026-10-08,,,,,,,,
1791439800,57.8,57.9,57.8,57.8,4600,2026-10-08,,,,,,,,
1791439860,57.8,57.9,57.7,57.7,31700,2026-10-08,,,,,,,,
1791439920,57.7,57.9,57.7,57.7,4600,2026-10-08,,,,,,,,
1791439980,57.7,57.9,57.7,57.7,1900,2026-10-08,,,,,,,,
1791440040,57.7,57.8,57.7,57.8,4100,2026-10-08,,,,,,,,
1791440100,57.8,57.8,57.7,57.8,3200,2026-10-08,,,,,,,,
1791440160,57.7,57.9,57.7,57.8,2000,2026-10-08,,,,,,,,
1791440220,57.8,57.9,57.8,57.8,4800,2026-10-08,,,,,,,,
1791440280,57.9,57.9,57.8,57.9,2200,2026-10-08,,,,,,,,
1791440340,57.8,57.9,57.7,57.8,30100,2026-10-08,,,,,,,,
1791440400,57.8,57.9,57.8,57.8,2100,2026-10-08,,,,,,,,
1791440460,57.8,57.9,57.8,57.8,9800,2026-10-08,,,,,,,,
1791440520,57.9,57.9,57.8,57.8,2100,2026-10-08,,,,,,,,
1791440580,57.8,57.9,57.8,57.9,5300,2026-10-08,,,,,,,,
1791440640,57.9,57.9,57.8,57.8,2400,2026-10-08,,,,,,,,
1791440700,57.8,57.9,57.8,57.8,3800,2026-10-08,,,,,,,,
1791440760,57.9,57.9,57.8,57.8,3900,2026-10-08,,,,,,,,
1791440820,57.8,57.9,57.8,57.9,3300,2026-10-08,,,,,,,,
1791440880,57.9,57.9,57.8,57.8,3400,2026-10-08,,,,,,,,
1791440940,57.9,57.9,57.8,57.9,900,2026-10-08,,,,,,,,
1791441000,57.8,57.9,57.8,57.8,11500,2026-10-08,,,,,,,,
1791441060,57.8,57.9,57.8,57.8,6200,2026-10-08,,,,,,,,
1791441120,57.8,57.9,57.8,57.9,4100,2026-10-08,,,,,,,,
1791441180,57.8,57.9,57.8,57.8,7500,2026-10-08,,,,,,,,
1791441240,57.8,57.9,57.8,57.8,11900,2026-10-08,,,,,,,,
1791441300,57.8,57.9,57.8,57.8,1100,2026-10-08,,,,,,,,
1791441360,57.8,57.9,57.7,57.8,4900,2026-10-08,,,,,,,,
1791441420,57.8,57.8,57.7,57.8,2600,2026-10-08,,,,,,,,
1791441480,57.8,57.9,57.7,57.8,4800,2026-10-08,,,,,,,,
1791441540,57.8,57.9,57.7,57.7,7100,2026-10-08,,,,,,,,
1791441600,57.9,57.9,57.7,57.7,6600,2026-10-08,,,,,,,,
1791441660,57.7,57.9,57.7,57.7,8100,2026-10-08,,,,,,,,
1791441720,57.7,57.9,57.7,57.8,1400,2026-10-08,,,,,,,,
1791441780,57.8,57.8,57.7,57.8,5100,2026-10-08,,,,,,,,
1791441840,57.8,57.9,57.7,57.8,35700,2026-10-08,,,,,,,,
1791441900,57.8,57.8,57.7,57.7,8600,2026-10-08,,,,,,,,
1791441960,57.7,57.8,57.7,57.7,1300,2026-10-08,,,,,,,,
1791442020,57.8,57.8,57.7,57.7,33800,2026-10-08,,,,,,,,
1791442080,57.7,57.8,57.7,57.7,13300,2026-10-08,,,,,,,,
1791442140,57.7,57.8,57.7,57.7,19900,2026-10-08,,,,,,,,
1791442200,57.7,57.8,57.7,57.8,1700,2026-10-08,,,,,,,,
1791442260,57.7,57.8,57.7,57.7,3600,2026-10-08,,,,,,,,
1791442320,57.7,57.8,57.7,57.7,12200,2026-10-08,,,,,,,,
1791442380,57.8,57.8,57.7,57.8,8500,2026-10-08,,,,,,,,
1791442440,57.7,57.8,57.6,57.7,24400,2026-10-08,,,,,,,,
1791442500,57.7,57.8,57.7,57.7,2700,2026-10-08,,,,,,,,
1791442560,57.7,57.8,57.7,57.7,25300,2026-10-08,,,,,,,,
1791442620,57.8,57.9,57.7,57.7,7700,2026-10-08,,,,,,,,
1791442680,57.7,57.8,57.7,57.7,4600,2026-10-08,,,,,,,,
1791442740,57.7,57.8,57.7,57.7,12400,2026-10-08,,,,,,,,
1791442800,57.7,57.8,57.7,57.7,11000,2026-10-08,,,,,,,,
1791442860,57.8,57.8,57.7,57.7,2700,2026-10-08,,,,,,,,
1791442920,57.7,57.8,57.7,57.8,5900,2026-10-08,,,,,,,,
1791442980,57.7,57.8,57.7,57.7,3400,2026-10-08,,,,,,,,
1791443040,57.7,57.8,57.7,57.7,2200,2026-10-08,,,,,,,,
1791443100,57.7,57.8,57.7,57.7,8400,2026-10-08,,,,,,,,
1791443160,57.8,57.8,57.7,57.7,7800,2026-10-08,,,,,,,,
1791443220,57.7,57.8,57.7,57.8,4100,2026-10-08,,,,,,,,
1791443280,57.8,57.8,57.7,57.7,1600,2026-10-08,,,,,,,,
1791443340,57.7,57.8,57.7,57.7,3600,2026-10-08,,,,,,,,
1791443400,57.7,57.8,57.7,57.7,1900,2026-10-08,,,,,,,,
1791443460,57.7,57.8,57.6,57.7,35800,2026-10-08,,,,,,,,
1791443520,57.6,57.7,57.6,57.7,13200,2026-10-08,,,,,,,,
1791443580,57.6,57.7,57.6,57.6,5200,2026-10-08,,,,,,,,
1791443640,57.7,57.7,57.6,57.7,1800,2026-10-08,,,,,,,,
1791443700,57.6,57.7,57.6,57.6,17000,2026-10-08,,,,,,,,
1791443760,57.6,57.7,57.6,57.6,18800,2026-10-08,,,,,,,,
1791443820,57.7,57.8,57.7,57.7,4800,2026-10-08,,,,,,,,
1791443880,57.7,57.8,57.7,57.7,5200,2026-10-08,,,,,,,,
1791443940,57.7,57.8,57.6,57.6,21000,2026-10-08,,,,,,,,
1791444000,57.6,57.7,57.6,57.6,13700,2026-10-08,,,,,,,,
1791444060,57.6,57.7,57.6,57.6,6800,2026-10-08,,,,,,,,
1791444120,57.7,57.7,57.6,57.6,11700,2026-10-08,,,,,,,,
1791444180,57.6,57.7,57.6,57.6,5700,2026-10-08,,,,,,,,
1791444240,57.6,57.7,57.6,57.6,4100,2026-10-08,,,,,,,,
1791444300,57.6,57.7,57.6,57.7,1700,2026-10-08,,,,,,,,
1791444360,57.7,57.7,57.6,57.7,4700,2026-10-08,,,,,,,,
1791444420,57.7,57.7,57.7,57.7,2200,2026-10-08,,,,,,,,
1791444480,57.7,57.7,57.6,57.7,11900,2026-10-08,,,,,,,,
1791444540,57.7,57.7,57.7,57.7,2300,2026-10-08,,,,,,,,
1791445500,57.9,57.9,57.9,57.9,108800,2026-10-08,57.8,57.9,400.0,1960.0,2600.0,10670.0,15780.0,480.0
