{
  "VNINDEX_ATR14PctRank": 76.4628533859303,
  "UniverseTickerCount": 1,
  "BreadthUniverseTickerCount": 30,
  "BreadthSource": "benchmark_basket",
  "IndexRangePos20": 1.0,
  "IndexRangePos60": 0.7505074978717836,
  "IndexRangePos120": 0.7439746890412235,
  "IndexDistToUpper20Pct": 0.0,
  "IndexDistToLower20Pct": 12.59180725009476,
  "IndexDistToUpper60Pct": 4.185916204769297,
  "IndexDistToLower60Pct": 12.59180725009476,
  "IndexDistToUpper120Pct": 4.534193222331476,
  "IndexDistToLower120Pct": 13.175748053988437,
  "IndexDrawdownFromHigh60Pct": -4.017737096578589,
  "IndexReboundFromLow60Pct": 14.40575174242853,
  "BreadthAboveSMA20Pct": 90.0,
  "BreadthAboveSMA50Pct": 53.333333333333336,
  "BreadthAboveSMA200Pct": 46.666666666666664,
  "BreadthPositive1dPct": 46.666666666666664,
  "BreadthPositive5dPct": 36.666666666666664,
  "AdvanceDeclineRatio": 1.4,
  "NewHigh20Pct": 20.0,
  "NewLow20Pct": 3.3333333333333335,
  "MarketDispersion20Pct": 10.322618443172887,
  "MarketCoMovement20Pct": 70.64516129032258,
  "MarketMedianCorr20": 0.710610265809785,
  "GeneratedAt": "2026-04-17T09:54:00.844413+07:00"
}
