t,open,high,low,close,volume,date_vn,Ticker,Date,ret_1d_pct,ret_5d_pct,ret_20d_pct,ret_60d_pct,ret_120d_pct,ret_252d_pct,sma_20,sma_50,sma_200,ema_20,ema_50,dist_sma20_pct,dist_sma50_pct,dist_sma200_pct,dist_ema20_pct,range_pct,body_pct,gap_pct,close_location_pct,traded_value,adv20_shares,adv60_shares,avg_value_20,avg_value_60,volume_ratio_20,value_ratio_20,atr14,atr14_pct,realized_vol_20d_pct,realized_vol_60d_pct,downside_vol_20d_pct,rsi14,high_52w,low_52w,pos_52w_pct,drawdown_60d_pct,drawdown_252d_pct,excess_ret_20d_vs_vnindex_pct,excess_ret_60d_vs_vnindex_pct,beta_60d_vs_vnindex,corr_60d_vs_vnindex,excess_ret_20d_vs_vn30_pct,excess_ret_60d_vs_vn30_pct,beta_60d_vs_vn30,corr_60d_vs_vn30
1754956800,13.87,14.211,13.684,14.211,18173000,2025-08-12,BSR,2025-08-12,3.6164783084214447,12.5,24.396008403361357,31.52244331328089,12.5,7.406847554984508,12.5047,11.74934,12.066660000000002,12.739207036249118,12.014338430951335,13.645269378713598,20.95147472113328,17.770783298775285,11.553254135543355,3.8425082026977835,2.4863288370397454,1.1301494713817029,100.0,258256503.0,14398085.0,7352476.666666667,184484288.665,90349678.36500001,1.2621817415302103,1.3998834527798785,0.5729285714285716,4.031585190546559,35.313493040752356,33.62677003645876,10.027691220365087,85.25284617421234,15.216,9.009,83.80860318994685,0.0,-4.720080455916853,14.292972083914535,9.23829321633378,0.28139588280245487,0.1234483264283487,14.268894012958299,6.817288146746847,0.10286834528096875,0.05062406596546054
1755043200,14.025,14.334,13.746,13.932,15379900,2025-08-13,BSR,2025-08-13,-1.9632678910702972,3.2076450107415333,21.295490161936257,30.816901408450704,11.109338862748231,5.298163404126677,12.627,11.80568,12.062945,12.852806366130155,12.089540845423832,10.334996436208122,18.01099131943267,15.494184877739237,8.396560277401722,4.137639856449224,-0.6544226303567656,-1.3088452607135315,31.632653061224524,214272766.8,15026540.0,7576498.333333333,193583684.565,93576789.64500001,1.0235157261751542,1.106874100890735,0.5817857142857144,4.175895164267258,36.940160828320785,33.772459309944495,11.51214314199556,76.72605790645879,15.216,9.009,79.31367810536493,-1.9632678910702972,-6.590680522963455,12.069277497497131,9.007445983485663,0.2976599723362458,0.12995173267100685,12.667623807456007,7.260509795329284,0.13431978659767416,0.06580698625681237
1755129600,14.087,14.118,13.746,14.087,13986800,2025-08-14,BSR,2025-08-14,1.1125466551823004,3.8864306784660796,21.986491167301693,31.127245648329136,12.903742886911918,8.436609960742047,12.75395,11.86512,12.060315000000001,12.970348616974903,12.167872576975839,10.452056029700607,18.726148576668432,16.80457765821206,8.609262680601226,2.670111972437553,0.0,1.1125466551823004,91.6666666666665,197032051.6,15474270.0,7764906.666666667,200529694.865,96380391.35666665,0.9038746254265952,0.9825579784213271,0.5729285714285716,4.067072985224474,36.90244411829027,33.78820002064564,11.51214314199556,76.10745927407831,15.216,9.009,81.81085870791043,-0.8725635071423543,-5.551458263493125,11.873807359810474,6.249787205900812,0.3179153456487882,0.1400868666327183,12.255041971730641,3.869094168434703,0.15409210487720845,0.07689482538527972
1755216000,14.273,15.047,14.242,15.047,35202800,2025-08-15,BSR,2025-08-15,6.814793781500672,8.003158196956651,27.896302592435184,38.46507775835097,20.597900136250715,9.727995332895812,12.91805,11.94376,12.064960000000001,13.168124939167768,12.280779534741491,16.480428547652327,25.98210278840165,24.7165344932764,14.268356880816313,5.71448853552921,5.494427486334925,1.3203662951657646,100.0,529696531.6,16767745.0,8328138.333333333,221524207.72000003,104953491.61166666,2.0994355532005047,2.3911451351155293,0.6215714285714288,4.130866143227412,42.198586433943284,36.18119082409599,11.51214314199556,81.25140165956492,15.216,9.009,97.27726760109556,0.0,0.0,19.032229072452278,14.459782808333486,0.1945172356827809,0.08076413573527536,19.42016947079228,11.939605926365736,0.06362478760883841,0.029829652331134708
1755475200,16.099,16.099,16.006,16.099,11908600,2025-08-18,BSR,2025-08-18,6.991426862497496,17.38242799854175,39.78466614569767,47.72435309231051,27.1341704177525,19.499703087886,13.14715,12.04778,12.075175000000002,13.447255897342266,12.430513670633983,22.452394625451145,33.62627803628553,33.323119540710564,19.719592777154094,0.6180634013424601,0.0,6.991426862497496,100.0,191716551.4,17149855.0,8487868.333333334,228653228.85,107726506.295,0.694384879638924,0.8384598475351904,0.6458571428571431,4.011784227946724,44.81626640063844,38.49296755926071,9.69283568429396,84.65773536428702,16.099,9.009,100.0,0.0,0.0,29.595110238489156,24.920771880912483,0.20941435291586347,0.08092351599399689,30.060823044092082,22.263805984117944,0.046606654340019066,0.02048445761735504
1755561600,17.214,17.214,17.214,17.214,6043300,2025-08-19,BSR,2025-08-19,6.925896018386224,21.131517838294258,49.46600677259703,57.50754872357946,37.28367493420528,27.77612826603324,13.431999999999999,12.176580000000001,12.090965,13.805993430928718,12.618101369824808,28.15664085765337,41.369744213892545,42.370770240423305,24.684978926880664,0.0,0.0,6.925896018386224,,104029366.19999999,17271875.0,8553511.666666666,231779967.195,109076957.96,0.349892527591822,0.448828116851352,0.6834285714285715,3.970190376603762,47.915334593563266,40.55219009508374,9.69283568429396,89.37431736620377,17.214,9.009,100.0,0.0,0.0,39.88295498198531,34.042281260282415,0.2963866965723734,0.10924574118319834,40.13739169270476,30.675785789676357,0.13211232903391443,0.05548292091592477
1755648000,17.709,18.39,16.595,18.39,60028200,2025-08-20,BSR,2025-08-20,6.831648658069023,31.998277347114556,59.24835469345342,63.64121729845169,46.66241327059575,40.90874262508619,13.774099999999999,12.32952,12.113254999999999,14.242565485125983,12.844450335714031,33.51144539389146,49.15422498199442,51.81716227388924,29.119996107480283,10.427558963634262,3.9560822586267053,2.875566399442331,100.0,1103918598.0,19908490.0,9459951.666666666,282763244.435,126418892.12000002,3.0152060753979835,3.9040385188880604,0.7740000000000002,4.208809135399675,50.24644663691785,42.207397699058745,9.69283568429396,90.43539325842696,18.39,9.009,100.0,0.0,0.0,49.194199130109936,39.60833780938047,0.33332047216232596,0.11806591744234042,48.63438381608425,35.972402406572826,0.1852771052065456,0.07494465216621224
1755734400,19.474,19.474,18.297,18.514,17365800,2025-08-21,BSR,2025-08-21,0.6742794997281143,31.42613757364947,54.129204129204126,67.9731446198512,46.205480533838724,38.66087477531455,14.0992,12.482460000000001,12.138025,14.649368772256842,13.066785616666422,31.31241488878802,48.32012279630775,52.52893283709663,26.380872021339542,6.400217509516039,-5.220228384991848,5.894507884719946,18.436703483432357,321510421.2,20081895.0,9718936.666666666,290491806.875,131441834.35,0.864749068750733,1.1067796529571226,0.8094285714285716,4.371981049090265,50.22016523469267,41.810445959060374,9.69283568429396,90.35274118147045,19.474,9.009,90.8265647396082,0.0,0.0,43.15104473616525,42.17760708240316,0.30354788544506384,0.10952091388449824,41.266445811572,37.004348123696616,0.15004966542250184,0.06312992787525386
1755820800,17.833,18.545,17.245,17.245,37060600,2025-08-22,BSR,2025-08-22,-6.854272442475951,14.607562969362675,40.66068515497554,60.98767737117252,35.191282533709625,26.31848813360682,14.34845,12.59826,12.158305,14.89657174632762,13.230637161110876,20.187197920332878,36.88398239121911,41.83720510383644,15.76489069876985,7.021713298044727,-3.1759749378848303,-3.6782975045911215,0.0,639110047.0,21132730.0,10281815.0,312612398.525,141506668.72,1.7537062177958078,2.044416824206317,0.871357142857143,5.0528103384003655,59.70040069560405,44.10161837523481,25.08594509945225,77.73308957952469,19.474,9.009,78.70043000477783,-6.854272442475951,-6.854272442475951,33.192997891320594,37.509514381528206,0.5716769195841651,0.2084006576705406,31.993135898687086,33.5699992412557,0.4195552583526801,0.18130139780658017
1756080000,17.4,17.4,16.068,16.068,26389500,2025-08-25,BSR,2025-08-25,-6.82516671498985,-0.19255854400893613,31.06035889070149,44.965716347888865,27.513689389730978,16.663036375517336,14.538850000000002,12.67814,12.172080000000001,15.008136341915465,13.341906292047703,10.517681934953593,26.737833783189014,32.007019342626734,7.061927170294258,7.723977964627411,-7.723977964627411,0.8988112496375544,0.0,424026486.00000006,21690075.0,10671833.333333334,324470009.02500004,148021719.72666666,1.216662459673376,1.306827978567749,0.9222857142857143,5.73989117678438,66.8923278678594,46.45679966002409,33.13359012432019,68.4334763948498,19.474,9.009,67.45341614906833,-13.211623636167214,-13.211623636167214,27.425501241512464,24.18220965029101,0.7899679357004765,0.284571691566211,25.900624750588385,19.662140903769235,0.5915512833666116,0.24861438908629882
1756166400,15.821,16.997,15.821,16.997,13992500,2025-08-26,BSR,2025-08-26,5.781677869056501,-1.2606018357151139,37.94026943677975,55.08211678832116,36.906967378171586,21.816096896724723,14.7726,12.78278,12.19019,15.197551928399708,13.485243300202695,15.05760665014959,32.96794593977208,39.43178900410904,11.840381135580525,7.318894697535475,7.318894697535475,-1.5372168284789711,100.0,237830522.5,21285635.0,10866145.0,322757246.22,151559254.30166668,0.6573682203984048,0.7368712098190611,0.9377142857142856,5.516939964195362,68.51115371886404,47.46813994654975,33.13359012432019,68.64208057983373,19.474,9.009,76.33062589584328,-8.193799287026026,-8.193799287026026,26.274350499582333,31.30182359849001,0.9129464653858246,0.3424333061162028,23.892196605885843,26.485651182946526,0.708522821187288,0.307984481666552
1756252800,17.152,17.152,16.378,16.409,18944900,2025-08-27,BSR,2025-08-27,-3.4594340177678484,-10.772158781946716,34.86479822470616,47.629329734592886,33.84176182707992,17.60194940156239,14.984699999999998,12.875039999999998,12.205980000000002,15.312927935218783,13.599900425684943,9.50502846236494,27.448147733909956,34.43410525004953,7.157821609414872,4.553744778490327,-4.371359651703254,0.9119256339354065,4.0051679586561715,310866864.09999996,21582900.0,11111070.0,330392282.765,155953167.35333335,0.8777736078098866,0.9409023161751996,0.9509999999999998,5.795599975623133,70.20064990951468,48.23356030481409,34.26716366961698,64.37581996165102,19.474,9.009,70.71189679885332,-11.369774224910877,-11.369774224910877,23.910518991737863,23.327458645080792,0.923338987723288,0.3403179124396488,21.511065655015596,18.835644878676263,0.7330942173902906,0.31335145243884466
1756339200,16.595,16.904,16.347,16.811,8108700,2025-08-28,BSR,2025-08-28,2.449875068559937,-9.19844442043859,33.08264724509182,51.24606387764281,36.43077422496348,18.94014433281448,15.19365,12.97844,12.22378,15.455601465197947,13.725825899187495,10.644907576520456,29.530205479240944,37.52701701110459,8.769626583954459,3.394478639770849,1.3163507831068382,1.1335242854531025,83.3034111310592,136315355.7,21226675.0,11196928.333333334,327586761.42999995,157677268.64833334,0.3820051892253497,0.41611985510326677,0.942142857142857,5.604323699618446,69.7922958410675,48.34369572862711,34.26716366961698,64.48334842539491,19.474,9.009,74.55327281414237,-9.19844442043859,-9.19844442043859,21.213254491584372,26.004090537553836,0.9246729071219709,0.3390966541686242,17.85447540578719,21.30847748297102,0.7353496232509772,0.31304812658528475
1756425600,17.028,17.028,16.409,16.409,16052800,2025-08-29,BSR,2025-08-29,-2.391291416334551,-4.847781965787201,28.025278926425834,47.629329734592886,34.181045056832126,18.10983948751168,15.373250000000002,13.078759999999999,12.23926,15.546401325655285,13.831048412944849,6.737352218951731,25.462964378886067,34.0685629686762,5.548542432911585,3.682112902266372,-3.682112902266372,1.2908214859318257,0.0,263410395.2,21094585.0,11383770.0,328776846.78000003,161170405.82666668,0.7609915056399545,0.8011829232496418,0.953142857142857,5.808659011169827,71.16924816378001,48.74614498585345,34.29535734510875,63.30501777953377,19.474,9.009,70.71189679885332,-11.369774224910877,-11.369774224910877,15.518674502966912,21.136913068552857,0.9455592947999188,0.340152902836223,12.458186225184885,16.169186109287196,0.7467011471006427,0.31224832013793175
1756857600,16.656,17.338,16.471,17.059,11413500,2025-09-03,BSR,2025-09-03,3.9612407824974216,6.167537963654457,34.38632424767607,56.53330886401176,41.650751473885265,23.858273433529376,15.591500000000002,13.18712,12.25799,15.690458342259543,13.95763474969211,9.412179713305324,29.361073532355817,39.16637230084217,8.722126708399113,5.283685782192705,2.455969285148408,1.5052714973490255,67.82006920415229,194702896.5,21007385.0,11539281.666666666,330160926.355,164037148.19500002,0.543308936357381,0.5897211964163469,0.9818571428571428,5.755654744458308,71.20578444928303,48.87961254139708,34.56195709231286,63.85483557112279,19.474,9.009,76.92307692307693,-7.858917575888514,-7.858917575888514,24.367282112862988,28.24561724891297,0.8954811072764036,0.3139123685450944,21.90341211257003,23.378270770410325,0.6892595624702198,0.2820648503246742
1756944000,17.245,17.338,16.811,16.935,10757100,2025-09-04,BSR,2025-09-04,-0.7268890321824428,-0.3647702535741648,34.064281190626964,57.18396138852795,39.543506921555704,16.841451635159377,15.80665,13.30414,12.27703,15.808986119187205,14.074394171272811,7.138451221479558,27.29120409135801,37.94052796156724,7.122619201026192,3.089278386775315,-1.8172225804560775,1.0903335482736365,23.529411764705603,182171488.5,20144235.0,11680515.0,321572005.62,166663371.01333335,0.5340038973929762,0.5665029458915996,0.9775,5.772069678181282,71.30280186178342,48.81739485938459,34.50927170451658,64.83255951792945,19.474,9.009,75.73817486860963,-8.528680998163551,-8.528680998163551,24.424621170590143,28.30906870259919,0.8825257532099338,0.3102538367197053,22.63760277152651,23.10343861692732,0.6737900359660508,0.2770092975182855
1757030400,17.09,17.802,16.811,16.873,16506400,2025-09-05,BSR,2025-09-05,-0.36610569825803463,2.827716497044319,24.994444032891327,57.06041143069906,41.18483808886286,16.413688422795648,15.97535,13.421780000000002,12.296690000000002,15.91032077450271,14.184143419458191,5.618969224461434,25.713578973876782,37.21578733789337,6.050658809092302,5.85178624151166,-1.2813699439031518,0.9152642456451199,6.256306760847749,278512487.20000005,19592825.0,11923860.0,316913151.71000004,170964030.21500003,0.842471670113932,0.8788290599402465,1.0217142857142858,6.055320842258554,68.75960916933282,48.82513564675883,34.3661575338239,63.88833499501496,19.474,9.009,75.14572384137603,-8.863562709301064,-8.863562709301064,19.068320414181404,30.313908997609037,0.8569394787703565,0.31057394188152226,17.905179768191413,25.723543480658147,0.6572772240249904,0.27872494736323
1757289600,16.78,17.121,15.759,15.759,15247000,2025-09-08,BSR,2025-09-08,-6.602263972026323,-6.257807388019742,16.216814159292035,45.01702401766816,34.302028293846945,8.727749413550434,16.085299999999997,13.516519999999998,12.310780000000001,15.895909272169119,14.245902501048066,-2.028560238229915,16.590660909760825,28.009760551321673,-0.8612861952403184,8.072067800628211,-6.051087536300603,-0.5511764357257198,0.0,240277473.0,19550205.0,12147306.666666666,318011632.16,174635363.875,0.7798895203400681,0.7555618999468235,1.0504285714285713,6.665578852900382,74.14064763520282,51.119445362334936,38.97234927074136,53.495679497250585,19.474,9.009,64.50071667462971,-14.880630873933232,-14.880630873933232,13.51611053496293,22.22471266232913,1.0290291749769593,0.37626501306345905,12.045271951031953,17.041440514382412,0.7911259944020136,0.33036930024977035
1757376000,16.068,16.068,15.48,16.006,7851200,2025-09-09,BSR,2025-09-09,1.5673583349197218,-2.455969285148385,14.886592018374966,39.72937581841991,33.93021504476612,9.517618884707503,16.189,13.61682,12.326105,15.906394103391108,14.314925932379515,-1.1303971832725912,17.545799973855857,29.854483634530137,0.6262003566707586,3.7312012183514245,-0.3934259788057692,1.9607843137255054,89.455782312925,125666307.2,18713685.0,12094285.0,307171404.96,174623514.20333335,0.4195432380100445,0.4091080913484259,1.0172857142857141,6.355652344656466,73.86096748021176,50.19616218854609,38.97234927074136,49.50421153641113,19.474,9.009,66.8609651218347,-13.546505347304738,-13.546505347304738,11.582386838400847,15.26472766450009,1.0970841348010887,0.40682860711939894,9.3293014361,9.471739506687115,0.8594808817245357,0.36352755220853866
1757462400,16.316,16.997,16.037,16.78,14417400,2025-09-10,BSR,2025-09-10,4.835686617518431,-1.6355003224104547,22.347794385709086,38.97631273811497,36.1791916896608,14.813547724940147,16.34225,13.73136,12.34375,15.989594664972907,14.41159550365875,2.6786397221924885,22.202025145360693,35.93924050632913,4.943248103459252,5.9977508434337174,2.8989129076596414,1.9367737098587856,77.39583333333348,241923972.00000003,18741500.0,12188003.333333334,309762354.235,176885874.1,0.7692767387882506,0.7809986226294798,1.0084285714285715,6.009705431636301,74.63775206038996,49.97737520910391,39.351937292188275,47.59902633325958,19.474,9.009,74.25704730052557,-9.365885276007335,-9.365885276007335,19.442091944668526,16.171760048126835,1.0404589051695872,0.3830854483413087,17.368748516256183,10.231285104081088,0.8134134000907269,0.34424542060172325
1757548800,16.842,16.966,16.285,16.718,9568500,2025-09-11,BSR,2025-09-11,-0.36948748510131635,-1.2813699439031545,17.64126380972486,42.09944751381214,37.05525495982946,15.823749480393513,16.467599999999997,13.84528,12.361395,16.058966601642155,14.502042738809386,1.5205615876023426,20.748731697733813,35.24363552819079,4.103834416658247,4.058402860548277,-0.7389749702026148,0.36948748510130525,63.58296622613791,159966183.0,18311275.0,12242111.666666666,304847838.235,178312338.31666666,0.5225469007483095,0.5247410771425115,0.9288571428571428,5.556030283868542,74.20839206322955,49.58638066537314,39.191721170895896,39.44977284199899,19.474,9.009,73.66459627329192,-9.70076698714486,-9.70076698714486,14.56146129514353,19.09267295883288,1.0465148552494163,0.388717141055338,11.95375490785904,12.499548115325364,0.8072719470267132,0.3458231111742207
1757635200,16.873,17.338,16.811,16.842,9618700,2025-09-12,BSR,2025-09-12,0.741715516210073,-0.18372547857524735,20.88716623600344,42.77721261444558,38.7771918259723,17.169890079309845,16.6131,13.96168,12.37997,16.133541211009568,14.59380576866,1.3778283402856806,20.630182041129718,36.04233289741412,4.391216904736184,3.152290943892816,-0.18542887905253236,0.9271443952626024,5.882352941176232,161998145.39999998,18023215.0,12326160.0,302234107.165,180112705.12666667,0.53368391821326,0.5360021968386235,0.8890714285714286,5.27889460023411,73.43185386183268,49.58076079052823,39.48772035222023,39.44977284199899,19.474,9.009,74.84949832775918,-9.031003564869833,-9.031003564869833,17.43345563784011,18.98579127693454,1.046527441663855,0.38844510627239714,14.515531245041414,12.598355818515383,0.8069485951829162,0.3455623811934656
1757894400,17.059,17.523,16.842,17.4,11859300,2025-09-15,BSR,2025-09-15,3.3131457071606585,10.413097277746042,23.518137289699716,49.47169487157459,44.11131356634088,19.055764625384874,16.77875,14.08862,12.402265,16.254156333770563,14.703852601261568,3.702600014899793,23.503934381082026,40.29695382254772,7.049542545919563,4.043462771642329,2.0247001543759504,1.2884455527847116,81.93832599118929,206351819.99999997,17916840.0,12452880.0,302700095.585,182726147.79166666,0.661908015029436,0.6817038481643134,0.844857142857143,4.8555008210180635,73.86902827922113,49.70735684196778,39.48772035222023,51.07444891168722,19.474,9.009,80.1815575728619,-6.017068164632178,-6.017068164632178,20.823539285201598,24.852600761932855,1.0634967944526523,0.3949158967332873,18.892709422291222,19.078448154420414,0.8104329138544797,0.3462098170605443
1757980800,17.554,17.554,16.935,16.997,9655900,2025-09-16,BSR,2025-09-16,-2.3160919540229807,6.191428214419581,12.95939389911609,49.18809795488457,41.85444833917544,17.269214847523106,16.87625,14.20626,12.42347,16.32490334960194,14.793779950231702,0.7155025553662764,19.644438437702803,36.813627754564536,4.1170023246382526,3.5574712643678152,-3.201149425287349,0.8850574712643722,10.01615508885318,164121332.3,16639495.0,12528106.666666666,284421335.62,184485066.26500002,0.5803000631930236,0.5770359383983544,0.7939285714285716,4.670992359996303,71.6842372087658,49.75427391991361,39.269607217385996,57.213853082776815,19.474,9.009,76.33062589584328,-8.193799287026026,-8.193799287026026,9.836694512613022,24.617008170914502,1.06568466095265,0.3954679633504083,7.792423479937628,18.516200854152267,0.8076717702657186,0.34426427621301003
1758067200,16.966,17.276,16.78,16.78,7380300,2025-09-17,BSR,2025-09-17,-1.276695887509549,0.0,4.230076402261007,44.14569195086333,39.334052976833036,16.73855572561569,16.9103,14.31956,12.445139999999999,16.36824588773509,14.871670932575558,-0.770536300361313,17.182371525382088,34.83174958256801,2.5155665126795457,2.9181620285932732,-1.09431076072248,-0.18238512678707686,0.0,123841434.00000001,16413080.0,12502860.0,281027579.75,184823292.51333335,0.4496596616844614,0.44067359548898516,0.745357142857143,4.441937680912652,67.98472298438296,49.82484724551518,38.88432965778075,48.10546533961936,19.474,9.009,74.25704730052557,-9.365885276007335,-9.365885276007335,2.11564018062409,21.115607573240336,1.0726486273281042,0.39953787099846544,-0.3871081675649535,15.109981610607036,0.8126847820240186,0.34658250799657847
1758153600,16.873,16.904,16.44,16.626,7072600,2025-09-18,BSR,2025-09-18,-0.9177592371871324,-0.5503050604139137,-3.415824329034489,50.00000000000002,36.64831100517796,15.66717684708503,16.8809,14.426079999999999,12.4679,16.392793898426984,14.940468150905929,-1.509990581070908,15.249603495890796,33.35044394003803,1.4226135155362085,2.7651966626936746,-1.4719904648390933,0.554231227651969,40.08620689655183,117589047.60000001,16464545.0,12504466.666666666,281705563.82000005,185494373.29333335,0.42956546931603634,0.4174182646784189,0.7232142857142857,4.34989946899005,63.38305504934427,48.63616915377797,38.53103913432563,52.04987719629702,19.474,9.009,72.78547539417104,-10.197688235929558,-10.197688235929558,-4.079589290949626,28.16677275620625,1.100601998584363,0.4209960181094469,-6.248253656387748,22.7276456111567,0.8522699233242255,0.372898515232257
1758240000,16.718,16.718,16.099,16.099,5917800,2025-09-19,BSR,2025-09-19,-3.169734151329251,-4.411590072437943,-12.457857531266992,46.474388135747446,32.99463031805039,14.88617712124456,16.76635,14.52206,12.489880000000001,16.364813527148222,14.985900772439031,-3.9802938624089235,10.85892772788435,28.896354488593957,-1.6242991507801396,3.72308432575484,-3.72308432575484,0.5533501744255931,0.0,95270662.2,13759025.0,12556136.666666666,231273167.03000003,186566080.30333334,0.4301031504775956,0.4119399730779913,0.7276428571428573,4.519801584836681,58.64702601617805,49.187498554342326,38.42215946619762,43.429309708379485,19.474,9.009,67.74964166268515,-13.044182780598456,-13.044182780598456,-12.11298022106968,25.11934880887714,1.1232159915112008,0.42592144742281607,-14.157101703958752,19.575196128322638,0.8663213690519106,0.3751932934820772
1758499200,16.223,16.595,15.821,16.595,9617100,2025-09-22,BSR,2025-09-22,3.0809367041431113,-4.626436781609189,-10.365129091498327,50.562511340954444,39.58280763731179,19.448643201612303,16.6704,14.621760000000002,12.51403,16.3867360483722,15.049002702931618,-0.4522986850945543,13.495229028516388,32.61115723711705,1.2709300437440563,4.807752034287838,2.3107025281073352,0.7702341760357667,100.0,159595774.5,13371590.0,12687473.333333334,223177434.69500002,188906941.34833333,0.7192188812250451,0.7151071286311166,0.7387142857142858,4.451426849739596,59.94700667576455,49.423431864149514,38.42215946619762,51.687227866473144,19.474,9.009,72.48924988055421,-10.365129091498327,-10.365129091498327,-7.192735726569422,30.881329210571565,1.0314830285319845,0.3963617406837762,-7.41512082443483,26.236377298851913,0.763250593473027,0.33840167580822744
1758585600,16.471,16.656,16.285,16.656,4457600,2025-09-23,BSR,2025-09-23,0.36758059656523123,-2.00623639465789,-3.4154827486228,51.54217086707305,41.94648031361854,19.887713236881876,16.64095,14.726399999999998,12.538485000000001,16.412380234241514,15.112022204777437,0.09043954822289813,13.102998696219048,32.839015239879444,1.4843658401857862,2.2356131364868856,1.114793612533888,-0.7472130159686619,100.0,74245785.6,11741440.0,12713406.666666666,194934221.625,189612846.34833333,0.3796467894908972,0.3808760974911246,0.6988571428571426,4.195828187182653,55.037659913759626,49.384503408592366,33.80345666775782,45.90696729636398,19.474,9.009,73.07214524605827,-10.035648698282385,-10.035648698282385,-2.794991338873609,32.30545617302883,1.033407685986313,0.39753336530076483,-3.8250702945153536,28.128501826697416,0.7694879410761821,0.34120012060284616
1758672000,16.595,16.718,16.378,16.718,3943100,2025-09-24,BSR,2025-09-24,0.3722382324687912,-0.36948748510131635,4.045307443365687,51.25305346964624,38.819231088599196,18.794855396859234,16.67345,14.831660000000001,12.562014999999999,16.441486878599466,15.175001726158714,0.2671912531599707,12.71833361875878,33.08374492467969,1.6818011864878635,2.0413064361191156,0.7384726224783928,-0.366234390009601,100.0,65920745.8,10619120.0,12737351.666666666,177028934.615,190249804.79166666,0.37132078740987956,0.3723727194278353,0.6854999999999997,4.1003708577581035,48.99954202401706,49.389029612515266,27.40840997323065,47.76794898169101,19.474,9.009,73.66459627329192,-9.70076698714486,-9.70076698714486,1.354527222428037,30.804239092470656,1.0156914610090597,0.3932131140476517,0.0994148506069159,25.811108641686634,0.7521518439012737,0.33621551705066943
1758758400,16.873,17.523,16.78,17.307,14585800,2025-09-25,BSR,2025-09-25,3.523148701997836,4.095994225911204,1.8238512678707908,57.02231899836689,44.441662493740594,23.506743737957603,16.68895,14.94932,12.58849,16.52391669968523,15.258609501603472,3.7033486228911894,15.771152132672238,37.48273224191303,4.739090099199572,4.4443115205168,2.5960043067352405,0.9271443952626024,70.92866756392982,252436440.6,10648785.0,12945493.333333334,177759230.52,194071804.79166666,1.3697149487007203,1.4201031353564388,0.6722142857142854,3.884060124309733,46.189278507569135,49.66793679441208,27.40840997323065,54.02746844840384,19.474,9.009,79.29288103201145,-6.519390731338448,-6.519390731338448,1.916197891522331,36.10189282406508,1.0197137474437072,0.3925600279257986,1.303584103651323,31.10981628863354,0.7464570569527167,0.3314707450442512
1758844800,17.338,17.833,17.028,17.028,10700100,2025-09-26,BSR,2025-09-26,-1.6120644825793007,5.770544754332563,3.7723200682552305,54.49101796407183,52.77229499371969,21.515735388567748,16.719900000000003,15.060159999999998,12.61357,16.571924633048543,15.32799736428569,1.842714370301235,13.066527845653697,34.99746701370032,2.7520965551697474,4.65129716299763,-1.7911827584214612,0.17911827584216056,0.0,182201302.79999998,10236545.0,13097460.0,171325952.455,196817861.40166667,1.0452843220051296,1.063477542013703,0.6324285714285712,3.7140508070740617,44.72708388167213,49.888607506561314,26.030941606435125,63.93586646167361,19.474,9.009,76.6268514094601,-8.02635843145728,-8.02635843145728,4.494471217838559,34.549374589498846,1.0346790724140194,0.3974413548171104,3.5505246069477137,29.54497140225467,0.7585244036711415,0.33607931421589626
1759104000,17.059,17.245,16.595,16.656,5676700,2025-09-29,BSR,2025-09-29,-2.1846370683579974,0.36758059656523123,-0.9220153470941739,50.69211978648329,60.58619359814885,18.354295459390315,16.71215,15.16232,12.636479999999999,16.579931810853445,15.380075899019584,-0.33598310211434557,9.851262867423971,31.80885816303274,0.4587967551034078,3.817242189335225,-2.366690157387845,0.1820530890298544,9.384615384615346,94551115.19999999,10114945.0,13148171.666666666,169237740.43,197908486.62166664,0.5612190674294324,0.55868812098155,0.6368571428571428,3.8235899547138743,44.6923630242364,50.247693876079246,26.08685234183237,56.947413424540386,19.474,9.009,73.07214524605827,-10.035648698282385,-10.035648698282385,-0.06650090805702114,30.10396962294743,1.0338262578345492,0.39369280662685935,-0.9773559875412063,24.967707148082006,0.7546166431182662,0.33163207873220035
1759190400,16.718,16.718,16.099,16.223,6880500,2025-09-30,BSR,2025-09-30,-2.5996637848222814,-2.5996637848222814,-1.1335242854531025,45.95591542959963,67.93995859213248,16.268902744929402,16.70285,15.251479999999999,12.656915000000001,16.54593830505788,15.413131746116857,-2.8728630143957656,6.370004747080293,28.174993669468407,-1.9517678544659134,3.716378482228625,-2.9719020172910726,0.3722382324687912,20.032310177705785,111622351.5,9656330.0,13219173.333333334,161648338.245,199283430.04666665,0.7125377860947172,0.6905258211242553,0.6102857142857142,3.7618548621445744,44.845567520858935,50.7097595412504,26.234078548203065,43.57851049112286,19.474,9.009,68.9345437171524,-12.37441935832343,-12.37441935832343,0.08570518054697995,26.14798879816565,1.0526975844840314,0.39805733414426997,-1.0129054303136709,20.81032544592181,0.7639464171447041,0.33281901025250044
1759276800,16.254,16.564,16.254,16.44,2106400,2025-10-01,BSR,2025-10-01,1.3376071010294144,-1.6628783347290232,-3.628583152588072,47.908232118758455,82.4841824841825,17.82412384433456,16.6719,15.349940000000002,12.679359999999999,16.535848942671414,15.453401089406393,-1.3909632375434078,7.10139583607492,29.65954117557985,-0.5796433131659229,1.910867287184853,1.1465203723109163,0.19108672871850363,60.00000000000023,34629216.0,9190975.0,13211151.666666666,153644654.22,199381212.22166666,0.2291813436550529,0.22538510158912056,0.586,3.564476885644768,42.67148955654167,50.707005572129404,26.234078548203065,46.90560997328585,19.474,9.009,71.00812231247015,-11.20233336934211,-11.20233336934211,-2.66206914556969,29.1508322927881,1.0658191490032745,0.40161361356740044,-4.222262404466193,23.91541730296165,0.7761675112217302,0.3367971014438145
1759363200,16.626,16.842,16.347,16.471,4625800,2025-10-02,BSR,2025-10-02,0.18856447688564426,-4.830415438839763,-2.739887806318264,45.761061946902636,71.05618444282898,15.553528834011509,16.6487,15.44902,12.701035,16.529672852893185,15.493306929037514,-1.0673506039510672,6.615176885006302,29.682344785287196,-0.3549547133530617,3.010948905109473,-0.9428223844282306,1.1313868613138656,25.050505050504935,76191551.8,8884410.0,13205520.0,148345657.38500002,199716241.25166667,0.5206648500012944,0.5136082386440259,0.5770714285714282,3.5035603701744167,42.63107981575045,50.67785824060128,26.499336476158774,45.7831325301205,19.474,9.009,71.30434782608695,-11.034892513773354,-11.034892513773354,-0.17075163266871973,28.999726409338876,1.0569020456379181,0.39984601999038505,-1.476874093142888,24.147481611186894,0.7727019435978251,0.3352486491489205
1759449600,16.564,16.564,16.099,16.13,5553800,2025-10-03,BSR,2025-10-03,-2.070305385222515,-5.273666901573881,-4.403484857464601,42.7433628318584,61.3,13.639566013808647,16.61155,15.54066,12.720695000000001,16.491608771665263,15.518275284761534,-2.8988866180458928,3.792245631781399,26.80124788779228,-2.1926834226540404,2.823143707121607,-2.63493412664684,0.5646287414243112,6.666666666666413,89582794.0,8336780.0,13234398.333333334,138899172.725,200489647.31833333,0.6661804677585351,0.6449483624885283,0.5616428571428568,3.481976795677971,43.19533711647095,50.9732245284568,26.588641257947295,34.81587757054041,19.474,9.009,68.04586717630194,-12.87674192502971,-12.87674192502971,-3.1347157734378905,27.757196216426493,1.088695605103442,0.4087641872703092,-5.163720676872008,22.25180918278857,0.7860153934403394,0.33870960341984935
1759708800,16.409,16.904,16.161,16.873,5052600,2025-10-06,BSR,2025-10-06,4.606323620582775,1.3028338136407358,7.06897645789708,45.33161068044791,63.656644034917555,19.3788028866563,16.667250000000003,15.637880000000001,12.745,16.52793174579238,15.571401744182651,1.2344567940121953,7.898257308535439,32.38917222440174,2.08778847538178,4.6063236205827565,2.876627402355872,1.729696218226895,95.82772543741603,85252519.80000001,7827060.0,13192113.333333334,131147925.06499998,200441915.69833332,0.6455297391357675,0.6500485597293809,0.5727142857142854,3.3942647170881606,39.27031105463905,51.441570458724925,17.388287012936146,48.62892525431227,19.474,9.009,75.14572384137603,-8.863562709301064,-8.863562709301064,2.70032829504383,28.04791626136709,1.1064336088636053,0.42828216228890814,0.8854459524799241,23.052818321876778,0.8151265759243297,0.3577292915007282
1759795200,16.935,16.935,16.347,16.347,4786200,2025-10-07,BSR,2025-10-07,-3.1174065074379143,0.7643469148739479,2.1304510808446864,43.093487394958,65.52247873633053,13.726172255461243,16.6843,15.719619999999999,12.766675,16.51070015095501,15.601817362057842,-2.021661082574633,3.9910633972068066,28.044302843144365,-0.9914791587172012,3.4848574645883796,-3.4848574645883796,0.3674509571504725,0.0,78240011.4,7673810.0,13210065.0,128776610.275,201039703.24833333,0.6237058253983354,0.6075638365765331,0.5792857142857138,3.5436821085563945,40.86570237395311,51.820579839991055,18.881530323608786,45.51852618505486,19.474,9.009,70.1194457716197,-11.70465593604838,-11.70465593604838,-0.7999473751687969,27.484608018380243,1.1505547696669396,0.4430859610619458,-2.4981588568597557,23.29185503380593,0.8709831956645856,0.3780405713009203
1759881600,16.44,16.626,16.161,16.471,5697800,2025-10-08,BSR,2025-10-08,0.758548969229822,0.18856447688564426,-1.8414779499404066,43.78873854212135,70.50724637681158,14.58884096284958,16.66885,15.803840000000001,12.78866,16.50691918419739,15.635902955702633,-1.18694451026915,4.221505659384039,28.79379074899169,-0.21760077575091463,2.8445586346118543,0.1896372423074497,0.568911726922372,66.6666666666664,93848463.8,7237830.0,13239215.0,121372834.86500001,201849952.57833335,0.7872249002808853,0.7732246173897587,0.5793571428571426,3.517437574264723,37.030380037314444,51.81495009897829,18.881530323608786,48.385752968131634,19.474,9.009,71.30434782608695,-11.034892513773354,-11.034892513773354,-5.162315796659733,28.323089271844836,1.1553795112358474,0.44465991605307886,-6.9994377340410585,24.028017094243225,0.8728835150241546,0.3788622545869379
1759968000,16.718,17.616,16.718,17.616,21019000,2025-10-09,BSR,2025-10-09,6.951611923987611,6.951611923987611,5.371455915779388,54.201680672268914,80.63986874487283,22.045171123735628,16.713749999999997,15.90972,12.814820000000003,16.61254592855954,15.713553820184883,5.398249943908473,10.724764483598692,37.46584033174087,6.040338884573759,5.45200655697893,5.45200655697893,1.4996053670086829,100.0,370270704.0,7810355.0,13506571.666666666,131888060.915,207073395.93833333,2.691170887878976,2.80746188420068,0.616928571428571,3.502092253795249,44.58571164411412,53.352583381502896,19.08488035332815,63.9970474257243,19.474,9.009,82.24558050645007,-4.85038349357243,-4.85038349357243,1.8293054105765538,36.68756024643112,1.2035295465563915,0.44945230312115114,0.7457793950902403,32.42722401413509,0.9017754532173399,0.3789071296092655
1760054400,18.204,18.514,17.957,18.081,15131400,2025-10-10,BSR,2025-10-10,2.639645776566746,12.095474271543715,7.356608478802995,57.41772592721573,83.08019441069258,24.748171657237485,16.7757,16.028,12.840209999999999,16.752398697268156,15.8063948468443,7.780897369409323,12.808834539555791,40.81545395285593,7.9308123376296,3.161898274296086,-0.6982288828337938,3.3378746594005415,22.26211849192084,273590843.4,8085990.0,13711915.0,137467695.815,211095162.51500002,1.8713107485910816,1.990219169514491,0.625785714285714,3.461012744238228,45.338378735891666,53.48572927613574,19.08488035332815,63.789903489235336,19.474,9.009,86.68896321070233,-2.338770660041045,-2.338770660041045,2.5409228628822556,38.977500100868866,1.2123559154125172,0.4559673708308616,1.1854433443850398,34.73775417265372,0.9149388796034469,0.3867148526409552
1760313600,17.771,18.297,17.771,17.864,13741000,2025-10-13,BSR,2025-10-13,-1.200154858691438,5.873288686066491,2.666666666666684,54.693453411846214,83.76710214998457,19.772041568890387,16.798899999999996,16.13264,12.863895,16.858265488004523,15.887085245007269,6.3402960908155,10.732031459203228,38.86929269867332,5.9658243768382135,2.909131132127647,0.514352082296333,-1.71450694098777,17.680608365019012,245469224.0,8180075.0,13857061.666666666,139423566.015,214217785.48833334,1.6798134491431924,1.7606006718662683,0.6368571428571427,3.5650310280852135,44.30254391294993,53.642537106739375,18.75410987588516,60.89466089466091,19.474,9.009,84.61538461538463,-3.5108566490223536,-3.5108566490223536,-2.0944467525273236,36.22981893959436,1.1988164046829222,0.44962391199347346,-4.554859908529796,31.59563729879795,0.8905406689828023,0.3764627324965291
1760400000,17.895,17.895,17.338,17.338,17636000,2025-10-14,BSR,2025-10-14,-2.9444693237796637,6.062274423441605,2.00623639465789,47.36931576710581,86.67097329888027,17.66542246352223,16.81595,16.22306,12.88464,16.90395448914695,15.943983862850121,3.104493055700086,6.872562882711408,34.56332501334924,2.5677158036110814,3.1180026869681963,-3.1180026869681963,0.1735333631885272,0.0,305772968.0,8579080.0,13995440.0,146506147.8,217483897.04666668,2.0556982800020513,2.0870999107656556,0.6523571428571425,3.762585897203498,44.82296507134052,54.13115406268925,19.44844565784556,55.15978695073236,19.474,9.009,79.5891065456283,-6.35194987576968,-6.35194987576968,-2.7626374229398065,29.75203643391495,1.2135628088061519,0.4515781604800808,-5.368229716391015,24.875383617535583,0.8969603222809817,0.37580955904911584
1760486400,17.369,17.771,17.369,17.523,6709600,2025-10-15,BSR,2025-10-15,1.067020417579867,6.386983182563299,4.4278903456495655,52.148997134670495,83.75629194630874,20.898302745963846,16.8531,16.31964,12.906310000000001,16.96291120446629,16.00590606430698,3.9749363618562628,7.37369206673677,35.77079738515501,3.3018435855882933,2.3186065290114257,0.8882224016610907,0.17879801591877964,38.30845771144267,117572320.8,8545545.0,14036160.0,146192692.14000002,218624500.24666664,0.7851576464695932,0.8042284404162146,0.625785714285714,3.571224757665434,44.61436042464481,53.816576910567015,19.78027904210903,51.927194860813714,19.474,9.009,81.35690396559961,-5.352706060278711,-5.352706060278711,-0.7774694154472739,33.77251149445635,1.1915683194705955,0.44363248607516226,-3.1056195668634823,28.711285993803436,0.8746985132189771,0.3664276673329007
1760572800,17.74,17.74,17.307,17.369,7400300,2025-10-16,BSR,2025-10-16,-0.8788449466415549,-1.4021344232515887,4.468904126067597,50.81184336198663,78.6750334327744,20.333933767493416,16.89025,16.41438,12.92659,17.001586327850454,16.059360728451807,2.834475511019652,5.815754235006132,34.36644931107122,2.161055239578924,2.4710380642584027,-2.117217371454652,1.2383724248131056,14.31870669745986,128535810.7,8561930.0,14099450.0,146740030.295,220075187.10333335,0.8643261507627369,0.87594237538044,0.5992142857142854,3.449906648133372,44.60101835218303,53.899525820967554,19.782667313183655,53.11188173024276,19.474,9.009,79.8853320592451,-6.184509020200924,-6.184509020200924,-1.6367421103753,33.76625331468746,1.2222923912772787,0.44994197205927905,-4.153674751756365,28.692614868888903,0.8928708910786658,0.37066085205804444
1760659200,17.4,17.771,17.152,17.152,8948400,2025-10-17,BSR,2025-10-17,-1.2493522943174518,-5.137990155411753,6.540778930368352,48.52788361621061,72.59005836184342,17.358877865206978,16.942899999999998,16.48744,12.94269,17.015911439483745,16.102209327336052,1.234145276192411,4.030704584823375,32.522682688065615,0.7997723836319137,3.5638205999193957,-1.4278311935056571,0.1784788991882058,0.0,153482956.8,8713460.0,14126991.666666666,149650645.025,221229018.82999998,1.026962882712493,1.0256083879515507,0.5969999999999995,3.480643656716415,43.141849030872294,54.046233099474414,18.07556609607095,54.6581517655898,19.474,9.009,77.81175346392737,-7.356595009182232,-7.356595009182232,2.165454865784522,34.054660533641545,1.2034828876847694,0.45399004774328294,0.21606246975733878,28.919411798133286,0.886537246097156,0.3767474107659354
1760918400,17.245,17.492,15.975,15.975,13284700,2025-10-20,BSR,2025-10-20,-6.862173507462699,-10.574339453649806,-3.7360650798433204,32.992007992007984,59.74999999999999,11.138166133296213,16.9119,16.535739999999997,12.954455000000001,16.91677701667577,16.097220726264048,-5.539886115693681,-3.3910789598771918,23.316650526787885,-5.567118463212051,8.844449626865678,-7.404384328358217,0.5422108208955168,0.0,212223082.5,8896840.0,14116775.0,152282010.425,221983750.665,1.4931930887820843,1.39361886481346,0.6611428571428568,4.1386094343840805,48.858029737094085,55.780656136339665,27.523261223790897,47.9564930784443,19.474,9.009,66.56473960821786,-13.713946202873494,-13.713946202873494,-3.857206748294484,25.404336560994587,1.2244610754757395,0.5155950187225692,-6.553167739768573,20.373044934514457,0.9722133994473154,0.44875942350099196
1761004800,16.037,16.471,15.573,16.285,8833700,2025-10-21,BSR,2025-10-21,1.9405320813771443,-6.0733648633060415,-2.2274255523535014,32.830342577487755,63.86596900784865,12.823888042122778,16.89335,16.582800000000002,12.968385000000001,16.856607776992362,16.104584619351733,-3.6011211512222308,-1.7958366500229306,25.574618582036223,-3.3910012296338277,5.6212832550860705,1.5524256651017283,0.3881064162754244,79.28730512249443,143856804.5,9115645.0,13996605.0,155762561.37,221103060.50666666,0.9690702084164093,0.9235647079421162,0.700928571428571,4.304136146322205,49.393147965969334,55.766719105795445,27.523261223790897,48.74208732348644,19.474,9.009,69.52699474438604,-12.039537647185906,-12.039537647185906,-3.9500873920609636,24.18966543054399,1.215824209557801,0.5160404532630112,-7.412854743382635,18.059745990833218,0.9603911381403387,0.45005600356354586
1761091200,16.533,16.904,16.347,16.904,6036000,2025-10-22,BSR,2025-10-22,3.8010439054344536,-3.5325001426696367,1.1125732743151096,37.87928221859707,69.5656535259304,15.661991105029083,16.90265,16.64658,12.983865000000002,16.86112132204071,16.135934242122254,0.007986913294644182,1.5463837016372217,30.192357976611728,0.25430502005368005,3.4203254528707316,2.278170095179605,1.5228738102548434,100.0,102032544.0,9220290.0,13843161.666666666,157568151.28,219689031.64,0.6546431836742662,0.6475454790269594,0.709785714285714,4.198921641538772,51.261484824876604,56.15378002627609,27.523261223790897,53.20788264928137,19.474,9.009,75.44194935499283,-8.696121853732308,-8.696121853732308,-0.1568389588609609,30.1048861019426,1.2596604393152595,0.5271089510253604,-3.0633552493269045,24.005382841964188,0.985376100344976,0.4564324619672398
1761177600,17.214,17.369,17.028,17.09,6773600,2025-10-23,BSR,2025-10-23,1.1003312825366818,-1.6063100926938745,-1.2538279308950018,38.69501704268787,67.27023588137418,16.456558773424177,16.8918,16.704159999999998,13.000894999999998,16.882919291370165,16.17334858556844,1.1733503830260839,2.309843775442766,31.45248846329427,1.2265693216675366,2.0172740179839157,-0.7335541883577779,1.8338854708944474,18.181818181818464,115760824.0,8829680.0,13588033.333333334,150734370.45,217083615.73,0.7671399190004621,0.7679789530046099,0.709785714285714,4.15322243584385,49.819747286056554,56.162826171323665,27.523261223790897,57.2793448589627,19.474,9.009,77.21930243669374,-7.6914767203197565,-7.6914767203197565,-2.5124634187738137,25.728048829002415,1.4643724225858654,0.5678008848549274,-5.940512495664418,18.680707449709445,1.138141874606472,0.4901378492114219
1761264000,17.276,17.585,16.749,16.904,7774400,2025-10-24,BSR,2025-10-24,-1.0883557636044427,-1.4458955223880632,-0.7282123561193288,38.9331799128791,54.671058651294715,15.661991105029083,16.8856,16.7636,13.016065,16.88492697790634,16.202001582212816,0.10896858861988434,0.8375289317330337,29.87027953532808,0.11295886632272101,4.891749561146882,-2.1767115272088935,1.0883557636044427,18.54066985645942,131418457.6,8683395.0,13500946.666666666,148195228.19,216637821.1366667,0.8953180178950745,0.8867927746736175,0.7142142857142855,4.2251200054086935,49.631601338086966,56.13983651210421,27.491103376210074,50.25675004141128,19.474,9.009,75.44194935499283,-8.696121853732308,-8.696121853732308,-2.0818584089886016,27.289076253493167,1.4886076211689043,0.576460852050351,-5.6913732337810385,19.689627747657543,1.1459674361895538,0.4938224196612385
1761523200,17.09,17.152,16.316,16.316,7733200,2025-10-27,BSR,2025-10-27,-3.478466635115951,2.1345852895148676,-2.041306436119117,29.164027865737797,46.79262258209624,11.638727334929854,16.8686,16.80818,13.028605,16.830743456200974,16.20647210840055,-3.275909085519857,-2.9282170942957597,25.232133447901738,-3.0583524580509724,4.945575011831531,-4.578797917652632,1.1003312825366818,0.0,126174891.19999999,8786220.0,13375946.666666666,149776416.98999998,215533639.61666667,0.8801509636681075,0.8424216157369036,0.7319285714285716,4.485955941582322,50.59349963056079,56.34953903326022,28.465964238202567,49.7458599770454,19.474,9.009,69.82322025800285,-11.87209679161716,-11.87209679161716,-1.204812748826134,19.17946859198436,1.5253461965262194,0.5983369453529221,-4.110331207495365,11.48666922331536,1.2071855719401827,0.5275251501191293
1761609600,16.192,16.378,15.759,16.099,12881300,2025-10-28,BSR,2025-10-28,-1.3299828389310986,-1.1421553576911214,-0.7643469148739368,25.606616212842326,44.437466355643274,9.703577512776818,16.8624,16.82922,13.040059999999999,16.761053603229453,16.202257515914255,-4.527232185216823,-4.339000856843034,23.458020898676857,-3.9499521861912745,3.7938220151998028,-0.5699926452561901,-0.7599901936749087,54.92730210016155,207376048.7,9086260.0,13279058.333333334,154564101.85,214996428.95833334,1.4176679954128542,1.341683134815175,0.7429285714285715,4.614749806997773,49.94303692116397,56.433894234829275,28.035524447794618,46.99612403100775,19.474,9.009,67.74964166268515,-13.044182780598456,-13.044182780598456,-1.8957184019052886,13.214376995608635,1.4840628247939407,0.5858619879703472,-5.38828619984063,4.841612588554021,1.141902190391586,0.5067939366774957
1761696000,17.2,17.2,17.2,17.2,4403000,2025-10-29,BSR,2025-10-29,6.8389340952854205,1.7510648367250248,4.622871046228694,35.497085237119876,53.05214450969924,17.70341476767261,16.900399999999998,16.85124,13.05671,16.802858021969506,16.24138467215291,1.7727391067667186,2.069639979016369,31.733032287613018,2.363538259451081,0.0,0.0,6.8389340952854205,,75731600.0,9201090.0,13133150.0,156619221.05,213474933.875,0.4785302610886319,0.483539628739585,0.7397857142857144,4.30107973421927,55.40383438424873,57.851608495289895,28.035524447794618,46.616785946649316,19.474,9.009,78.27042522694695,-7.097331748946745,-7.097331748946745,3.3748604759755496,25.18161399336092,1.57129068870706,0.5944551248034919,0.39274536664481996,17.559968579929677,1.1863651801768231,0.5058784117666967
1761782400,17.45,17.45,16.6,16.6,11935100,2025-10-30,BSR,2025-10-30,-3.48837209302324,-2.8671737858396606,0.783194705846646,31.412286257124777,47.713116212849286,17.58039382348775,16.90685,16.83896,13.06974,16.783538210353363,16.255448018342992,-1.8149448300540771,-1.4190900150603092,27.01094283436398,-1.093560893138379,4.941860465116267,-4.941860465116267,1.4534883720930258,0.0,198122660.00000003,9566555.0,12865066.666666666,162715776.45999998,210877813.155,1.2475859909863058,1.2175995733806675,0.7363571428571428,4.435886402753872,57.0018383136241,58.410576188823505,28.762140895547716,38.21422887155817,19.474,9.009,72.53702818920212,-10.338122501890446,-10.338122501890446,-0.2369479689117826,23.499672741951727,1.6205343204525842,0.6074178079117054,-2.732237061010001,17.525287091232066,1.2585782835126689,0.5284209898006802
1761868800,16.6,17.15,16.55,16.65,6817400,2025-10-31,BSR,2025-10-31,0.30120481927709,-1.5026029342167568,3.223806571605703,23.342469812578702,48.15803523758675,18.454752418895847,16.93285,16.80416,13.08395,16.770820285557804,16.27092064507464,-1.670421695107438,-0.9173918839144646,27.25514848344728,-0.7204196544986496,3.614457831325288,0.30120481927709125,0.0,16.666666666666373,113509709.99999999,9629735.0,12519780.0,163912122.26,206574815.565,0.7079530225909644,0.6925034490124476,0.7416428571428569,4.454311454311453,56.4230152184585,56.89640675218285,29.045701224396375,40.07521255722691,19.474,9.009,73.01481127568083,-10.068056605811826,-10.068056605811826,3.5986956846314144,19.15237125566542,1.5178774024742236,0.5867202504729183,1.8336554027494012,13.939054292445928,1.1647201500552133,0.505691868395096
1762128000,16.8,16.8,16.0,16.0,4999200,2025-11-03,BSR,2025-11-03,-3.9039039039038936,-1.9367492032360767,-5.173946541812368,17.994100294985248,43.54925533823793,13.830392714854867,16.8892,16.75388,13.09429,16.697408829790394,16.260296306052105,-5.264903014944455,-4.499733793007943,22.190664785948666,-4.176748841090383,4.804804804804809,-4.804804804804809,0.9009009009009139,0.0,79987200.0,9627065.0,12334776.666666666,163648856.27,204269471.165,0.519285992148178,0.48877335181634995,0.759,4.74375,55.72739584509148,57.57990427352222,30.048895674851206,39.27884615384613,19.474,9.009,66.80363115145724,-13.57891325483418,-13.57891325483418,-0.5440438582381963,15.769433615674842,1.5464849809384629,0.5955627812544241,-1.977961195506805,10.91625494812527,1.1933525422548106,0.516130375743841
1762214400,15.95,16.45,15.1,16.3,9461700,2025-11-04,BSR,2025-11-04,1.8750000000000044,1.2485247530902521,-0.2875145286596936,16.99684180304335,48.30315712855975,16.99684180304335,16.886850000000003,16.73498,13.1052,16.659560369810357,16.261853313657905,-3.475189274494661,-2.5992262912773123,24.37810945273633,-2.158282462614891,8.437499999999998,2.187500000000009,-0.31250000000000444,88.888888888889,154225710.0,9860840.0,12082778.333333334,167448141.2,201132052.145,0.9595227181457158,0.9210356645033931,0.8244999999999999,5.058282208588956,55.083375871652585,57.452489347838856,29.828530514677205,40.377655389457125,19.474,9.009,69.67032967032968,-11.958517878362318,-11.958517878362318,1.6895815373226153,12.767686309179194,1.5139887359761917,0.5953880611765235,0.3377309351687563,7.244256613231425,1.191389427862426,0.5231562844225468
1762300800,16.35,17.15,16.15,16.8,10745900,2025-11-05,BSR,2025-11-05,3.0674846625766916,-2.3255813953488302,1.9974500637484072,22.493620123951885,55.483572420175854,23.893805309734507,16.9033,16.74962,13.118920000000001,16.672935572685564,16.282957105279166,-0.6111232717871729,0.30078294313542475,28.059321956380543,0.7620999119231309,6.134969325153374,2.760736196319014,0.30674846625766694,65.00000000000021,180531120.0,10113245.0,12030858.333333334,171782274.01,200972487.70333335,1.0625570724332298,1.0509298531552256,0.865,5.148809523809524,56.08215480802116,57.586551886144974,29.828530514677205,45.754365020146246,19.474,9.009,74.44816053511705,-9.257858917575879,-9.257858917575879,4.526560752097641,18.859613385728103,1.5329302621767518,0.6003049146700599,3.8945352713721126,14.194062169993572,1.1836121411158955,0.5189117133450865
1762387200,16.95,16.95,16.4,16.5,3847000,2025-11-06,BSR,2025-11-06,-1.7857142857142905,-0.6024096385542244,-6.335149863760215,16.10724086974877,52.70708005552984,25.104253544620512,16.847500000000004,16.73968,13.133,16.65646551814408,16.29146859134665,-2.0626205668497044,-1.4318075375395423,25.637706540775152,-0.939368066854529,3.273809523809528,-2.6785714285714244,0.8928571428571397,18.181818181818414,63475500.0,9254645.0,11792091.666666666,156442513.81,197726137.65333334,0.4156831515417393,0.4057432884074672,0.8600714285714286,5.212554112554113,50.32434013545496,57.36283779694148,29.450576663402668,45.1945754716981,19.474,9.009,71.58146201624463,-10.87825429404774,-10.87825429404774,-2.033880397937926,13.966986426948644,1.526721500720131,0.6007306434194504,-2.6620926580453013,9.592499379932516,1.1793572540809238,0.5201911803959967
1762473600,16.5,16.65,15.85,15.95,4675600,2025-11-07,BSR,2025-11-07,-3.3333333333333326,-4.204204204204198,-11.785852552403075,14.484639678438116,49.765258215962426,19.807706752798016,16.74095,16.730500000000003,13.14495,16.589183087844646,16.278077666195802,-4.724642269405277,-4.665132542362771,21.33937367582228,-3.853011233042536,4.848484848484842,-3.3333333333333375,0.0,12.499999999999972,74575820.0,8731855.0,11613686.666666666,146491762.64000002,195397855.20666665,0.5354646864841434,0.5090785901953292,0.8088571428571427,5.0712046574115535,50.19602035085685,57.662992947425536,29.708912761938166,49.79697904823778,19.474,9.009,66.32584806497849,-13.848979150912822,-13.848979150912822,-3.2911027598363383,15.260266384816868,1.5211348130448266,0.6128928924505369,-3.916400828909338,10.43607976830474,1.1879200919917554,0.5319346408998652
1762732800,15.95,16.15,15.45,15.55,3593400,2025-11-10,BSR,2025-11-10,-2.507836990595602,-2.8124999999999956,-12.953425884460367,10.385461773266137,44.745415619473135,16.26168224299065,16.62525,16.705280000000002,13.155825,16.49021326995468,16.249525600854792,-6.4675719162117895,-6.915657803999697,18.198592638622067,-5.701644087695068,4.388714733542316,-2.5078369905956026,0.0,14.285714285714505,55877370.0,8224475.0,11440463.333333334,137012169.94,193045277.17999998,0.4369154262126154,0.40782778657158464,0.7947142857142856,5.110702802021129,50.623934921341416,57.91926156911402,29.851105333855205,44.1171762445974,19.474,9.009,62.503583373148594,-16.009506319541966,-16.009506319541966,-2.4963464790941696,14.051602238558182,1.5591623106608503,0.6202880214199098,-2.6119227139274397,9.805680529189377,1.2248853923193614,0.5397123833036022
1762819200,15.7,15.8,15.4,15.6,2802900,2025-11-11,BSR,2025-11-11,0.3215434083601254,-4.294478527607371,-10.024224247318037,3.675151192928827,43.55387871537681,17.726964002716784,16.53835,16.6891,13.168655,16.40543105376852,16.22405400866441,-5.6737824510909585,-6.525816251325711,18.463123227087365,-4.909539110119898,2.5723472668810308,-0.6430868167202549,0.9646302250803762,49.99999999999978,43725240.0,7482820.0,10900465.0,123909783.54,184945755.65333334,0.3745780334152098,0.35287964154892426,0.7790714285714284,4.994047619047618,49.977927935453046,56.27144281184484,29.977339041972524,38.517083480098606,19.474,9.009,62.98136645962732,-15.739440423463325,-15.739440423463325,-0.5157463987495614,5.907666530352151,1.5880644033393034,0.6512698190405954,-0.4850200997084215,1.5245834093875477,1.2489570418348603,0.5673210229408749
1762905600,15.65,15.95,15.65,15.8,3270600,2025-11-12,BSR,2025-11-12,1.2820512820512997,-5.952380952380953,-9.83279118872339,-1.8572582147959427,44.98073040924942,19.23628405403366,16.452199999999998,16.663919999999997,13.18496,16.347770953409615,16.207424439697178,-3.9642114732376,-5.184374384898616,19.833507268888194,-3.3507378771744256,1.9230769230769162,0.9615384615384639,0.3205128205128194,50.0000000000003,51675480.0,7310870.0,10756498.333333334,120614941.5,182611737.79666665,0.4473612579624586,0.42843348723922403,0.7708571428571427,4.878842676311029,50.07192949993138,54.48243482105906,29.977339041972524,38.66830639494027,19.474,9.009,64.89249880554229,-14.659176839148746,-14.659176839148746,-2.660232242223193,-1.5816481755016487,1.5202690348817387,0.658367559061848,-2.997238552430315,-6.665892484292191,1.2076596087637361,0.5800126657574428
1762992000,15.8,16.55,15.7,16.05,5694400,2025-11-13,BSR,2025-11-13,1.5822784810126667,-2.7272727272727226,-7.593989291266046,-6.76193795747646,46.85698600054899,20.55885224968077,16.38625,16.64622,13.201585,16.31941181498965,16.201250932258073,-2.052025326111828,-3.5817140467925945,21.576310723295734,-1.6508671883761705,5.379746835443046,1.582278481012658,0.0,41.17647058823539,91395120.0,7225575.0,10750683.333333334,118757906.965,182401167.02666667,0.7880895292070181,0.7695918725389436,0.7718571428571427,4.809078771695593,50.56437051990768,52.662400190241485,30.376705065122877,42.58165392633773,19.474,9.009,67.28141423793598,-13.308847358755527,-13.308847358755527,0.06993237724004508,-5.386046287787183,1.475286590761974,0.6579352869146604,0.22099090425680146,-9.731901392183651,1.1573462679734356,0.5726128810190988
1763078400,16.0,16.2,16.0,16.0,3081200,2025-11-14,BSR,2025-11-14,-0.31152647975077885,0.31347962382446415,-6.7164179104477695,-12.996193583469285,42.374087915999304,20.183279501239394,16.328650000000003,16.62876,13.218114999999997,16.288991642133492,16.19335873883619,-2.012719973788424,-3.7811598700083437,21.046003912055554,-1.7741530506159786,1.2461059190031107,0.0,-0.31152647975077885,0.0,49299200.0,6932215.0,9801566.666666666,113548719.125,164824177.06,0.44447553920355903,0.4341678213536607,0.7264285714285711,4.540178571428569,50.45157191195694,50.665121845986086,30.640689440671654,46.972019931008056,19.474,9.009,66.80363115145724,-13.57891325483418,-13.57891325483418,-1.1866955807208202,-11.259790401465398,1.444673503250795,0.6688307014678632,-1.375369729742304,-15.352274657159715,1.1213519351188375,0.5752839968146937
1763337600,16.2,16.45,16.0,16.45,4617400,2025-11-17,BSR,2025-11-17,2.8124999999999956,5.787781350482302,2.9733959311424085,-11.148320190126393,49.246960624206125,25.314237830425835,16.3524,16.64258,13.237515,16.30432577145411,16.203423102019084,0.5968542843863833,-1.157152316527843,24.268036712328556,0.8934698103305605,2.8124999999999956,1.5625,1.2499999999999956,100.0,75956230.0,6498850.0,9589093.333333334,106735376.5,160731607.20666665,0.7104949337190426,0.7116312556409073,0.7143571428571425,4.3425966131133285,45.170489100359255,51.00773564061397,23.210454164645835,53.219592735277935,19.474,9.009,71.10367892976588,-9.020518776616338,-11.148320190126393,1.8740516267725216,-9.158983697235401,1.4703696016937484,0.6743566367159807,1.761119224173413,-12.141967885215754,1.1660291002510124,0.5847950937381591
1763424000,16.55,16.55,16.2,16.3,3166100,2025-11-18,BSR,2025-11-18,-0.9118541033434568,4.487179487179493,0.0921093030396003,-5.479849231661349,52.16579536967887,25.956263039950535,16.35315,16.64846,13.25493,16.303913793220385,16.20721043135167,-0.3250138352549725,-2.0930464439353536,22.973112645634508,-0.024005237454161055,2.127659574468094,-1.5197568389057752,0.6079027355623268,28.571428571428864,51607430.0,6215470.0,9024185.0,102122907.775,150939896.92333332,0.5093902794157159,0.5053462648527685,0.6607142857142855,4.053461875547764,44.83348447372759,49.08736005210933,22.88075910134243,39.99999999999999,19.474,9.009,69.67032967032968,-9.850118909352357,-11.958517878362318,0.3031190840342868,-6.35801777924957,1.403719211538549,0.6524721839173825,1.0227424258539508,-10.11320498297611,1.097291269201668,0.5511407172615369
1763510400,16.3,16.5,16.0,16.2,3353400,2025-11-19,BSR,2025-11-19,-0.613496932515345,2.5316455696202445,-4.164694746805497,0.821508588498876,46.15662215806569,25.18352522988949,16.31795,16.63686,13.27138,16.294017241485108,16.20692766933788,-0.7228236389987708,-2.6258560810152876,22.067185175919903,-0.5770046765737891,3.067484662576687,-0.6134969325153461,0.0,39.99999999999986,54325080.0,6081340.0,8640250.0,99737534.575,144778206.82333332,0.5514245215692594,0.5446803977207695,0.6357142857142856,3.92416225749559,42.607749302972785,47.0314026482486,22.588867310861854,44.999999999999964,19.474,9.009,68.71476349737219,-10.403185664509706,-12.498649670519612,-2.407173150141806,-1.34511780630171,1.3343887673100476,0.6385194417735346,-1.850723914853225,-4.959369871728159,1.0337997416670652,0.5367488339891495
1763596800,16.3,16.3,15.9,16.05,2149100,2025-11-20,BSR,2025-11-20,-0.9259259259259189,0.0,-6.0854300760678655,-5.571571453785962,46.441605839416056,24.02441851479793,16.26595,16.6235,13.287389999999998,16.27077750420081,16.200773643089335,-1.3276199668632915,-3.4499353325112003,20.791216333681795,-1.3568958468260672,2.469135802469138,-1.54320987654321,0.6172839506172867,37.50000000000006,34493055.0,5850115.0,8442860.0,95674146.125,141389249.03166667,0.3673602997547911,0.36052639502979417,0.6214285714285716,3.871829105473966,42.407690325208755,45.52890999514569,22.206244779045615,42.68292682926831,19.474,9.009,67.28141423793598,-11.232785797245725,-13.308847358755527,-4.243764693686691,-4.873574895796473,1.2867658072250763,0.6066090881387006,-3.6021071926997545,-8.189672640882051,0.9695996251553434,0.49557406558922673
1763683200,16.0,16.0,15.7,15.8,2920700,2025-11-21,BSR,2025-11-21,-1.5576323987538943,-1.2499999999999956,-6.530998580217695,-3.7113779023706384,42.15024741340532,19.23628405403366,16.21075,16.60266,13.302919999999999,16.22594155141978,16.18505702963485,-2.533812439276406,-4.834526515630621,18.77091646044631,-2.6250652393266405,1.8691588785046773,-1.2461059190031107,-0.31152647975077885,33.33333333333373,46147060.0,5607430.0,8175790.0,91410576.245,136977252.29666668,0.520862498506446,0.5048328311191908,0.5892857142857144,3.729656419529838,42.55879371406036,45.08621306765331,22.241903146154986,47.297297297297305,19.474,9.009,64.89249880554229,-12.615452685139095,-14.659176839148746,-4.852627877143755,-2.644291973557533,1.2987104624833867,0.6179777347781528,-4.231811086645765,-6.488689849572515,0.9665218603952578,0.49884878153119405
1763942400,15.8,15.95,15.55,15.55,3110400,2025-11-24,BSR,2025-11-24,-1.5822784810126556,-5.4711246200607855,-4.694778131895061,-7.501040985069296,39.901034637876755,17.90128137083935,16.172449999999998,16.565659999999998,13.317665000000002,16.161566165570278,16.16015283239427,-3.848829336309567,-6.131117021597676,16.76221019225217,-3.7840773555295915,2.531645569620244,-1.582278481012658,0.0,0.0,48366720.0,5376290.0,8092485.0,87520167.685,135511441.70166665,0.5785402201146144,0.5526351386126231,0.5214285714285715,3.353238401469913,41.192837836421994,44.89832863889723,20.63428994876619,39.726027397260275,19.474,9.009,62.503583373148594,-13.998119573032463,-16.009506319541966,-5.629097422199692,-6.734766577920581,1.2714489798235022,0.6086423218078962,-5.5155024737372775,-10.464720331727362,0.9424520310540556,0.4889658375565755
1764028800,15.75,15.85,15.4,15.4,3931800,2025-11-25,BSR,2025-11-25,-0.9646302250803873,-5.521472392638039,-4.341884589104916,-6.149064537753668,38.5515069725596,17.315456692313557,16.1375,16.533720000000002,13.331505,16.089036054563586,16.13034291739842,-4.570100697133994,-6.857017053633429,15.51584010957503,-4.282643486078475,2.893890675241153,-2.250803858520898,1.2861736334405016,0.0,60549720.0,4928815.0,7890468.333333333,80178851.25,132130430.44833332,0.7977170983289087,0.7551831817994524,0.48214285714285715,3.1307977736549164,41.081180379994706,44.680759969078984,20.623990298844657,28.787878787878782,19.474,9.009,61.070234113712374,-14.827719705768484,-16.81970400777789,-3.143431747688663,-4.85017795403343,1.2747362208308453,0.6137354636478998,-2.306261179435698,-8.519627104094031,0.9473660557911037,0.49417490917500745
1764115200,15.55,15.95,15.5,15.7,3227000,2025-11-26,BSR,2025-11-26,1.9480519480519431,-3.0864197530864224,-8.720930232558144,-7.966469312386437,44.063130849697195,21.31983617958426,16.0625,16.51212,13.347465,16.051985001748005,16.113466724559267,-2.256809338521404,-4.918326659447725,17.62533185140398,-2.1927817756475343,2.9220779220779174,0.9740259740259648,0.9740259740259827,44.44444444444436,50663900.0,4870015.0,7754026.666666667,78925466.25,129729780.50666666,0.6626262958122305,0.6419208198215743,0.48214285714285704,3.0709736123748854,32.81943644847617,44.09217121324197,20.623990298844653,37.878787878787854,19.474,9.009,63.9369326325848,-13.168519440296445,-15.19930863130604,-8.396460980023779,-7.9105601944419845,1.2821029148336875,0.6297042428209814,-7.3766622200848175,-11.405937152071532,0.9674306739602385,0.5120120843920583
1764201600,15.85,15.9,15.5,15.5,3201600,2025-11-27,BSR,2025-11-27,-1.273885350318471,-3.4267912772585674,-6.62650602409639,-8.473575435488623,43.8648598477817,21.51144559423017,16.0075,16.4896,13.362580000000001,15.999415001581529,16.0894092059491,-3.1703888802124047,-6.001358431981362,15.995563730956142,-3.1214578878800414,2.5477707006369448,-2.2292993630573226,0.9554140127388644,0.0,49624800.0,4433340.0,7628101.666666667,71500573.25,127520669.03166667,0.7221643275724398,0.6940475823387892,0.45357142857142857,2.9262672811059907,30.976327736212838,44.13959086889095,18.61470515076327,42.37288135593221,19.474,9.009,62.02580028666985,-14.274652950611133,-16.279572215620608,-7.509967035015374,-7.767917794401303,1.293323100649166,0.6324034299260917,-6.4187332444082585,-10.469232664503448,0.9866556932787841,0.518560412201447
1764288000,15.6,15.8,15.5,15.5,2413700,2025-11-28,BSR,2025-11-28,0.0,-1.898734177215189,-6.906906906906896,-8.137260712380733,44.27999627664525,24.538004178049167,15.95,16.477619999999998,13.378625,15.951851668097573,16.066295119441293,-2.821316614420055,-5.933017025517029,15.856450120995259,-2.8325969768214443,1.9354838709677464,-0.6451612903225784,0.6451612903225712,0.0,37412350.0,4213155.0,7393223.333333333,67695705.25,123502333.41166666,0.5728960838136741,0.5526547047827676,0.4250000000000001,2.7419354838709684,30.914073669854485,44.13687836150524,18.61470515076327,49.019607843137244,19.474,9.009,62.02580028666985,-14.274652950611133,-16.279572215620608,-10.038062946305537,-9.578198461710363,1.3247063401800914,0.6391339223465434,-8.95213964760364,-12.38764543613825,1.0174738305297022,0.5254997748029108
1764547200,15.55,15.65,15.4,15.4,2213600,2025-12-01,BSR,2025-12-01,-0.6451612903225823,-0.9646302250803873,-3.749999999999998,-2.278063328891422,41.71344437287199,27.54679476561206,15.919999999999998,16.453719999999997,13.393395,15.899294366373995,16.040165899071045,-3.2663316582914437,-6.404144473103934,14.982048987579333,-3.140355508040482,1.6129032258064515,-0.9677419354838732,0.3225806451612856,0.0,34089440.0,4073875.0,7176000.0,65400817.25,120065866.195,0.5433647325948882,0.5212387464470102,0.4142857142857143,2.6901669758812616,27.952439849764023,42.02854709324598,15.095483703991198,46.15384615384617,19.474,9.009,61.070234113712374,-14.827719705768484,-16.81970400777789,-8.986239950525665,-7.026513649907362,1.2360334704538827,0.6069167502015106,-7.8369059667104395,-9.268911150407334,0.9335469789101315,0.49674536055974383
1764633600,15.4,15.45,14.9,15.25,5151400,2025-12-02,BSR,2025-12-02,-0.9740259740259716,-0.9740259740259716,-6.44171779141105,-4.7232287892040485,33.12963771278918,30.30846791421005,15.867500000000001,16.4256,13.407415,15.83745680767171,16.00917900106826,-3.8916023318103177,-7.157120592246247,13.743029510162842,-3.709287512545223,3.571428571428564,-0.9740259740259762,0.0,63.63636363636369,78558850.0,3858360.0,7131003.333333333,61617474.25,119280741.90833333,1.3351268414559554,1.274944339348671,0.42857142857142855,2.810304449648712,26.992468309006846,41.94530259171587,14.785933517086633,39.215686274509785,19.474,9.009,59.636884854276154,-15.657319838504502,-17.629901696013828,-10.381232797645978,-9.593382454950506,1.214896667247575,0.5982547089285518,-9.203467479192629,-11.569166427889755,0.9174547210983052,0.488692096972527
1764720000,15.3,15.4,15.1,15.3,2747400,2025-12-03,BSR,2025-12-03,0.3278688524590123,-2.547770700636931,-8.92857142857143,-8.82002383790227,26.718568825575616,30.046748831279224,15.792499999999999,16.39724,13.42184,15.78627044503631,15.981368059849899,-3.1185689409529704,-6.691613954543563,13.993312392339652,-3.0803377322679015,1.967213114754103,0.0,0.3278688524590123,66.66666666666686,42035220.0,3458435.0,6936503.333333333,54692679.25,115949262.70833333,0.7944055620533566,0.7685712343302326,0.38928571428571423,2.5443510737628383,24.02257829626784,40.70323394958723,14.785933517086633,34.04255319148935,19.474,9.009,60.114667940754906,-15.380786460925833,-17.359835799935176,-13.574197421839862,-14.206268254488819,1.19856567663423,0.6097789396138092,-13.461906175479676,-16.659772720945842,0.9107033251637129,0.501996973427693
1764806400,15.35,15.5,15.3,15.45,2918800,2025-12-04,BSR,2025-12-04,0.9803921568627416,-0.3225806451612967,-6.363636363636371,-7.584639310922359,31.321716957076063,31.321716957076063,15.739999999999998,16.360100000000003,13.43593,15.754244688366185,15.96053009671853,-1.842439644218541,-5.562924432002269,14.990179317695151,-1.9311918431155095,1.3071895424836555,0.6535947712418277,0.32679738562091387,74.99999999999956,45095460.0,3412025.0,6825675.0,53773677.25,114034750.65833333,0.855445080267583,0.838615886176912,0.38928571428571423,2.5196486361534904,23.997880937893832,40.762095129258725,14.676388751904557,38.7755102040816,19.474,9.009,61.548017200191104,-14.551186328189814,-16.54963811169926,-12.12265842568283,-12.379692847342206,1.2099706791631633,0.6129310872008614,-12.243503714941472,-14.293244869712275,0.9291813882145836,0.5077934679390783
1764892800,15.5,15.5,15.2,15.2,2148500,2025-12-05,BSR,2025-12-05,-1.6181229773462813,-1.9354838709677469,-4.702194357366773,-9.749435933974581,28.85723974228551,26.54012654012652,15.7025,16.32354,13.449235000000002,15.701459479950358,15.930705387043295,-3.200127368253469,-6.8829432831359005,13.01758055383817,-3.1937125373006747,1.9417475728155387,-1.9417475728155387,0.3236245954692629,0.0,32657200.0,3285670.0,6701171.666666667,51677746.25,111879068.23499998,0.6539001177841962,0.6319393233988024,0.3785714285714286,2.490601503759399,21.811573627318662,40.840996804296545,11.674605978477294,22.22222222222217,19.474,9.009,59.15910176779741,-15.933853216083183,-17.89996759209247,-13.595947093280724,-14.191454575338247,1.2061007868508218,0.6091264973973815,-12.965973259219675,-15.648816780419128,0.9307433960768815,0.5074443396868925
1765152000,15.1,15.2,14.85,14.9,8535400,2025-12-08,BSR,2025-12-08,-1.9736842105263053,-3.2467532467532423,-4.180064308681675,-14.367816091954012,27.995876642900107,24.04262404262405,15.669999999999998,16.28842,13.46135,15.625130005669373,15.890285567943558,-4.913848117421815,-8.523969789580566,10.687263907408994,-4.640793423198842,2.3026315789473664,-1.315789473684206,-0.6578947368421018,14.285714285714505,127177460.0,3532770.0,6645773.333333333,55242750.75,110559495.56833333,2.416064448011051,2.3021565413268275,0.3785714285714285,2.540747842761265,21.14443911174615,40.36703165597262,10.686230258049083,20.833333333333286,19.474,9.009,56.29240324892499,-17.59305348155522,-19.52036296856432,-15.138344390172808,-18.453518507527633,1.166806610560042,0.5945313856930058,-14.136942225519224,-20.0728913550418,0.9119179866275946,0.5026904521334119
1765238400,14.9,14.9,14.3,14.45,8990900,2025-12-09,BSR,2025-12-09,-3.0201342281879318,-5.245901639344264,-7.371794871794879,-14.984997352473972,26.832265426138836,20.29637029637028,15.6125,16.25296,13.471214999999999,15.51321286227229,15.833803780965379,-7.445956765412342,-11.093117807464004,7.265751455974834,-6.853595523452116,4.02684563758389,-3.0201342281879264,0.0,24.99999999999978,129918505.0,3842170.0,6634690.0,59552414.0,109989448.44666667,2.3400578319022842,2.181582513179063,0.3857142857142856,2.669303015323776,23.262113953385672,40.54806748958204,13.252864306221149,18.181818181818144,19.474,9.009,51.99235547061634,-20.08185387976329,-21.950956033272117,-17.007778581736467,-18.92752813955233,1.1716482541740654,0.5946457367450473,-15.68426742339787,-20.190847868899873,0.921252633335548,0.5064052250064847
1765324800,14.45,14.55,14.3,14.4,3511200,2025-12-10,BSR,2025-12-10,-0.34602076124566894,-5.882352941176472,-8.860759493670889,-14.183551847437425,23.700712997165184,19.26453536524764,15.5425,16.212159999999997,13.4799,15.40719258967493,15.777576181711835,-7.350812288885312,-11.177782602688335,6.8257182916787285,-6.5371584330677805,1.7301038062283738,-0.3460207612456674,0.0,39.99999999999986,50561280.0,3854200.0,6570205.0,59496704.0,108768112.54666667,0.911006175081729,0.849816487313314,0.3749999999999999,2.6041666666666656,22.4297197593388,40.491089841611775,13.024331176529177,18.86792452830184,19.474,9.009,51.5145723841376,-20.35838725734196,-22.22102192935076,-14.199452763926935,-17.056733292945125,1.1392783511337086,0.5859554004269023,-12.85110276680992,-18.364197699164418,0.9048277629083629,0.5018898548251934
1765411200,14.5,14.6,14.2,14.25,2840200,2025-12-11,BSR,2025-12-11,-1.041666666666674,-7.7669902912621325,-11.214953271028039,-14.290869722121979,28.563695416817048,17.419248516809493,15.4525,16.16774,13.488454999999998,15.296983771610652,15.71767123340941,-7.781912311923644,-11.861521771131889,5.645902366134603,-6.844380482077305,2.77777777777778,-1.7361111111111112,0.694444444444442,12.500000000000167,40472850.0,3711490.0,6499665.0,56950590.5,107482842.58666666,0.7652452249635591,0.7106660290028073,0.3785714285714284,2.656641604010024,21.16970409380371,40.50096813776188,12.65730289863992,19.60784313725486,19.474,9.009,50.08122312470138,-21.18798739007798,-23.031219617586686,-15.349950574024174,-16.31587602774659,1.1316135462746382,0.5856549923959616,-14.436658747283637,-17.650629946428264,0.9006266009764148,0.5022334051206789
1765497600,14.25,14.35,13.5,13.5,6877100,2025-12-12,BSR,2025-12-12,-5.263157894736848,-11.184210526315786,-15.625,-16.143859867072486,22.82776817396053,12.961258472094372,15.3275,16.11514,13.49326,15.125842460028686,15.630703734060022,-11.923014190181046,-16.227845367772176,0.04995086435746199,-10.74877293165727,5.9649122807017525,-5.263157894736842,0.0,0.0,92840850.0,3901285.0,6515653.333333333,59127673.0,107442345.71666667,1.7627781615544622,1.570175947901755,0.4107142857142856,3.0423280423280414,26.855700265523563,41.369034064831375,19.834895924983005,16.393442622950772,19.474,9.009,42.9144768275203,-25.335988053758086,-27.082208058766334,-16.32388594034706,-15.436645435798303,1.1646761102315384,0.6162796648563637,-15.384021981897266,-16.547187589669054,0.9512459571184279,0.5387032631296723
1765756800,13.5,14.4,13.5,14.4,11539300,2025-12-15,BSR,2025-12-15,6.666666666666665,-3.3557046979865723,-12.462006079027354,-13.226875564929186,30.64779531845401,18.655240606460133,15.225,16.06568,13.501945000000001,15.056714606692621,15.582440842528257,-5.418719211822653,-10.367939607909527,6.65130097922928,-4.3616062590488,6.66666666666667,6.66666666666667,0.0,100.0,166165920.0,4247380.0,6547690.0,63638157.5,107551848.14166667,2.7168042416736906,2.611105137668387,0.4428571428571428,3.0753968253968247,35.791247802151005,43.21719676424275,19.834895924983005,36.84210526315788,19.474,9.009,51.5145723841376,-20.35838725734196,-22.22102192935076,-11.95367083162947,-13.934147124169293,1.2275896313679475,0.6158132946598719,-11.210382136570363,-15.987921948749806,1.0525879233099553,0.5599425154877844
1765843200,14.6,15.4,14.5,15.4,16692700,2025-12-16,BSR,2025-12-16,6.944444444444442,6.574394463667832,-5.521472392638039,-7.540826128722378,40.1146392502957,26.250204951631417,15.180000000000001,16.04674,13.515165000000001,15.089408453674276,15.575286299684011,1.4492753623188248,-4.030351336159244,13.946074650216978,2.058341433855859,6.250000000000003,5.55555555555556,1.388888888888884,100.0,257067580.0,4923710.0,6751608.333333333,73911165.0,110598878.04833333,3.3902687201317705,3.4780615350874258,0.47500000000000003,3.0844155844155843,44.742950280372845,45.621108782039464,20.231443909177553,46.66666666666668,19.474,9.009,61.070234113712374,-14.827719705768484,-16.81970400777789,-6.681769274415473,-10.226637559320583,1.3084461295628664,0.6327425291682751,-6.143156524414007,-12.395200390985961,1.1318395066243674,0.5801459247737655
1765929600,15.55,15.8,15.1,15.25,7112600,2025-12-17,BSR,2025-12-17,-0.9740259740259716,5.902777777777768,-5.864197530864191,-8.780954659648287,37.97159142314304,26.95637695637696,15.132499999999999,16.02232,13.528410000000001,15.104702886657678,15.562529974206207,0.7764744754667152,-4.820275715377054,12.72573791007221,0.9619329452065228,4.545454545454552,-1.9480519480519525,0.9740259740259827,21.42857142857145,108467150.0,5111670.0,6804433.333333333,76618268.5,111307984.785,1.391443500851972,1.4156826057743657,0.4964285714285715,3.255269320843092,44.80042403069998,45.64622042891647,20.1591698640394,47.191011235955045,19.474,9.009,59.636884854276154,-15.657319838504502,-17.629901696013828,-7.359649319827211,-9.75835381256903,1.3243942538540234,0.6355899357423833,-6.487143135784146,-11.180225220970785,1.151634721565956,0.584482306221119
1766016000,15.3,15.6,14.7,14.95,7420600,2025-12-18,BSR,2025-12-18,-1.9672131147541072,4.912280701754379,-6.853582554517146,-13.618766972901131,35.63781527853382,24.458874458874448,15.0775,15.969000000000001,13.541085,15.089969278404567,15.538509190904003,-0.84563090698061,-6.381113407226513,10.404742308315761,-0.9275650322554285,5.901639344262297,-2.295081967213124,0.3278688524590123,27.777777777777768,110937970.0,5375245.0,6685013.333333333,80440514.25,108949676.94166666,1.3805138184399037,1.3791305417966047,0.5392857142857144,3.6072623029144775,45.15534795946428,45.16251535356856,20.372147582613678,44.210526315789465,19.474,9.009,56.770186335403714,-17.31652010397655,-19.25029707248569,-8.121102285916482,-14.272393127550654,1.3077869683844465,0.6337292320429023,-7.1703217743162355,-16.029092635875188,1.1413891992956988,0.5854986270727512
1766102400,15.15,15.95,14.8,15.95,24803500,2025-12-19,BSR,2025-12-19,6.688963210702337,18.148148148148135,0.9493670886075778,-6.33074935400516,44.71057884231535,32.10203743581248,15.084999999999999,15.926380000000002,13.559534999999999,15.17187696617556,15.554646085378357,5.734173019555855,0.14830739942157667,17.629402483197264,5.128719640682555,7.692307692307683,5.351170568561866,1.3377926421404673,100.0,395615825.0,6469385.0,6920070.0,97913952.5,112506585.645,3.833981128036127,4.040443827451456,0.6035714285714285,3.7841468875951634,51.22920538449572,47.21482145724515,20.716386397201987,54.867256637168126,19.474,9.009,66.32584806497849,-11.785852552403075,-13.848979150912822,-2.034444915525513,-8.956750437885452,1.3705600427445639,0.6420651135642452,-0.8081030807180145,-10.68289357984381,1.1982631417105651,0.59284354354396
1766361600,15.85,16.45,15.6,16.45,13332800,2025-12-22,BSR,2025-12-22,3.1347962382445083,14.236111111111093,5.787781350482302,-1.2367915465898105,48.82837238758706,32.83268733850129,15.129999999999999,15.8981,13.580175000000002,15.293602969396936,15.589758003598813,8.724388631857249,3.4714840138129643,21.13245963325212,7.561311961066708,5.329153605015672,3.7617554858934152,-0.6269592476489061,100.0,219324560.0,6980505.0,7047671.666666667,106461844.5,114586143.05833334,1.9100050784291394,2.060123615461124,0.625,3.7993920972644375,51.91186624424267,47.453251863523235,20.96961617289289,59.99999999999999,19.474,9.009,71.10367892976588,-9.020518776616338,-11.148320190126393,0.8087048627546389,-6.310359786232656,1.365317882162858,0.655674541880068,2.191379839283991,-7.844460846300361,1.2075609903401545,0.6094518987172949
1766448000,16.4,16.65,16.05,16.2,9958300,2025-12-23,BSR,2025-12-23,-1.5197568389057725,5.1948051948051965,5.1948051948051965,-0.1417740245330701,45.74898785425101,24.58663385372606,15.169999999999998,15.875340000000001,13.600029999999999,15.379926496121037,15.613689062281212,6.789716545814106,2.0450585625252593,19.117384299887586,5.332102881543621,3.6474164133738474,-1.2158054711246158,-0.3039513677811634,24.999999999999854,161324460.0,7281830.0,7098968.333333333,111500581.5,115414511.53333333,1.3675545844931838,1.4468485978254741,0.6464285714285712,3.990299823633156,52.13262376279455,47.249530551658026,21.04854871377374,57.258064516129025,19.474,9.009,68.71476349737219,-10.403185664509706,-12.498649670519612,-1.5380720125474312,-6.788581510842285,1.331197842256184,0.6448337477652857,-0.21313364055299822,-8.178787008060773,1.1775373375048515,0.6003680440618593
1766534400,16.25,16.5,16.0,16.15,6624400,2025-12-24,BSR,2025-12-24,-0.30864197530864335,5.901639344262288,2.8662420382165488,-1.7639902676399144,45.299145299145295,23.028871790965177,15.1925,15.84788,13.620565,15.453266829823795,15.63472086376038,6.302451867697867,1.9063748589716711,18.570705400253207,4.508646474877098,3.08641975308642,-0.6172839506172928,0.30864197530864335,29.999999999999716,106984059.99999999,7451700.0,7174268.333333333,114316589.5,116620425.6,0.8889783539326597,0.9358576954397331,0.6678571428571427,4.13533834586466,51.802946108023015,47.176923652988236,20.87587193254116,55.73770491803278,19.474,9.009,68.23698041089344,-10.679719042088387,-12.768715566598255,-3.2312608778252594,-8.837051136682895,1.326586040371096,0.6441788054326897,-2.3106444477079213,-9.91632397339679,1.1735231927897103,0.5993911019901567
1766620800,16.15,16.25,15.85,15.9,5374500,2025-12-25,BSR,2025-12-25,-1.5479876160990558,6.354515050167242,2.580645161290329,-3.4666990468095404,40.70796460176991,20.555007961179772,15.2125,15.818499999999998,13.639384999999999,15.495812846031052,15.645123967142327,4.519309778142966,0.5152195214464195,16.57417104950114,2.6083636785305675,2.4767801857585163,-1.5479876160990602,0.0,12.500000000000167,85454550.0,7560345.0,7186746.666666667,116108077.0,116774808.90333334,0.7108802574485689,0.7359914332230306,0.6749999999999998,4.245283018867924,51.914758000579596,47.28347344959744,20.938090437963524,55.73770491803279,19.474,9.009,65.84806497849976,-12.062385929981744,-14.119045046991463,-0.8943477141727607,-8.920771449106368,1.3063654352144483,0.6452066481284127,-0.2837402684976231,-9.725974237690282,1.1556974319441644,0.6007258405982527
1766707200,15.9,16.3,15.7,16.25,11687700,2025-12-26,BSR,2025-12-26,2.2012578616352085,1.8808777429467183,4.8387096774193505,0.7439553626782391,43.805309734513266,23.208734551520216,15.25,15.800460000000001,13.660879999999999,15.567640194028094,15.668844595881843,6.557377049180335,2.8451070411874113,18.952805382962158,4.383193582760647,3.7735849056603863,2.201257861635218,0.0,91.66666666666656,189925125.0,8024045.0,7288978.333333333,123733715.75,118447181.08666666,1.4565845530527308,1.5349504688256321,0.6928571428571428,4.263736263736264,52.40086152709422,47.30105917541069,20.938090437963524,60.97560975609756,19.474,9.009,69.19254658385093,-10.126652286931026,-12.22858377444096,2.543604443207448,-4.358668253513076,1.2790030478621806,0.6325717044167464,2.653067862790892,-4.981208793470415,1.1411377579059112,0.5937285369958283
1766966400,16.4,17.15,16.25,16.7,17508200,2025-12-29,BSR,2025-12-29,2.7692307692307683,1.5197568389057725,8.441558441558428,-1.0253067030166596,43.8415159345392,25.441297979418607,15.315000000000001,15.814960000000001,13.685709999999998,15.675483985073036,15.709282062710006,9.04342148220698,5.596220287626386,22.025090404516835,6.535785535569794,5.538461538461529,1.8461538461538505,0.9230769230769154,50.0,292386940.0,8788775.0,7496571.666666667,136648590.75,121899421.42333333,1.9921092529960092,2.139699636821904,0.7142857142857142,4.27715996578272,52.99333272299723,46.69205459168624,21.230809506310045,68.29268292682927,19.474,9.009,73.49259436215956,-7.6378518887229685,-9.797990709733174,5.31698082075065,-4.5251592538866126,1.2704767608237064,0.6195246142644324,5.488456391453944,-4.761165001999967,1.1296388325543527,0.5777159521029852
1767052800,16.9,16.9,16.2,16.2,7348700,2025-12-30,BSR,2025-12-30,-2.9940119760479056,0.0,6.229508196721301,-0.8992475683611834,41.806722689075634,16.279069767441847,15.362499999999997,15.813259999999998,13.706955,15.725437891256556,15.728525903388045,5.451586655817753,2.44566901448533,18.188175273063912,3.0177990083653183,4.191616766467062,-4.191616766467062,1.197604790419149,0.0,119048940.0,8898640.0,7539280.0,138673095.25,122579570.23333333,0.8258228223638668,0.8584862102153157,0.7464285714285712,4.60758377425044,54.18888623197818,46.65725768351556,22.344628477104656,63.636363636363626,19.474,9.009,68.71476349737219,-10.403185664509706,-12.498649670519612,3.326872295820915,-5.741115485052573,1.2386511189972556,0.6042280879951974,3.1743115934353305,-6.138427522803102,1.0929236458892018,0.5602678234940984
1767139200,16.3,16.35,16.1,16.1,5363600,2025-12-31,BSR,2025-12-31,-0.6172839506172756,-0.3095975232197956,5.228758169934644,-2.252443688907768,40.549978175469235,18.191161356628992,15.4025,15.797179999999999,13.725845,15.761110473041645,15.743093515019886,4.528485635448809,1.9169244130914587,17.29696787338049,2.1501627536841594,1.54320987654321,-1.2345679012345634,0.6172839506172867,0.0,86353960.00000001,9029450.0,7533710.0,140889032.25,122454661.83666666,0.5940118168880718,0.6129218053451426,0.7357142857142855,4.569653948535935,54.29936000157777,46.65030841656946,22.03636844901323,64.12213740458017,19.474,9.009,67.75919732441473,-10.956252419667045,-13.038781462676885,2.184473998249037,-7.356606060876702,1.2259698277679645,0.5990978220934672,2.2551122589513195,-7.852173271060192,1.0808736990680856,0.5552707364035556
1767571200,16.6,16.95,16.15,16.25,16538300,2026-01-05,BSR,2026-01-05,0.9316770186335255,2.2012578616352085,5.177993527508096,-7.75431425976385,42.24439775910365,20.379287354618846,15.4425,15.780380000000001,13.746105,15.807671380371012,15.76297220070538,5.229075603043554,2.9759739626041837,18.215305353771114,2.798189619365732,4.968944099378886,-2.1739130434782696,3.105590062111796,12.500000000000167,268747375.0,9710425.0,7459031.666666667,152071628.0,120762606.35333332,1.7031489352937694,1.7672420459653395,0.7357142857142854,4.527472527472526,54.291654152482984,44.397970632766196,22.03636844901323,73.109243697479,19.474,9.009,69.19254658385093,-10.126652286931026,-12.22858377444096,2.2330924200042235,-11.944891432682692,1.1785879108255795,0.6026538978071487,2.695080916938908,-12.277496923387243,1.040989700470773,0.5605124804707331
1767657600,16.2,17.1,16.2,16.8,20485800,2026-01-06,BSR,2026-01-06,3.384615384615386,3.384615384615386,10.526315789473696,-7.084785133565619,46.265018283127276,21.66859791425262,15.522499999999999,15.778300000000002,13.769424999999998,15.902178867954724,15.803639957540463,8.229988726042858,6.475349055348167,22.009452101304184,5.645900096461132,5.538461538461552,3.692307692307701,-0.3076923076923088,66.66666666666666,344161440.0,10627290.0,7548271.666666667,167646840.0,121938782.96333334,1.9276598267291096,2.0528954795688366,0.7357142857142855,4.379251700680271,54.83996305284329,44.61974871104189,22.336308022434935,71.42857142857144,19.474,9.009,74.44816053511705,-5.956112852664575,-9.257858917575879,6.22210978483353,-11.01714758385316,1.1900314004946881,0.603441533180819,6.4534228509771205,-10.8912650863065,1.0515267853976995,0.5585924079434139
1767744000,16.9,17.95,16.75,17.95,31374900,2026-01-07,BSR,2026-01-07,6.845238095238093,7.4850299401197695,20.46979865771812,0.48141513658754853,55.43817111188083,31.17509500146156,15.675,15.810979999999999,13.798805,16.097209451959035,15.8878109395977,14.513556618819766,13.52869967579493,30.08372826487511,11.51001081007541,7.142857142857138,6.250000000000004,0.5952380952380931,100.0,563179455.0,11769265.0,7842170.0,189446939.75,127233953.48,2.66583342290279,2.972755620878273,0.7499999999999998,4.178272980501392,58.268860117519715,46.755383028852876,22.386055171939816,72.17391304347828,19.474,9.009,85.43717152412805,0.0,-3.0463433077670965,14.320654542855028,-4.983369127371851,1.2838909321253182,0.634008667385747,14.7767418279654,-3.71680777473693,1.1532359001393249,0.5875572011425854
1767830400,18.85,19.2,18.25,18.6,44567300,2026-01-08,BSR,2026-01-08,3.6211699164345523,14.814814814814836,28.71972318339102,7.2788095512746676,58.09604759881004,34.10237923576065,15.882500000000002,15.860999999999999,13.831895,16.335570456534366,15.994171294907595,17.110026759011475,17.2687724607528,34.47181315358454,13.86195572104949,5.292479108635094,-1.392757660167131,5.013927576601684,36.84210526315807,828951780.0000001,13548085.0,8291025.0,224398603.5,135953600.34666666,3.2895645399331346,3.6941040054199807,0.7892857142857139,4.243471582181257,56.947991029050606,46.8952032534799,21.274890876148508,76.80000000000003,19.474,9.009,91.64835164835165,0.0,0.0,22.515976553126094,1.9127232169078745,1.2632729994946978,0.622141710146615,23.600160279821857,4.282320518702609,1.1115429017842697,0.5674502973490533
1767916800,18.7,19.9,18.7,19.7,38812900,2026-01-09,BSR,2026-01-09,5.913978494623651,22.360248447204945,36.80555555555556,12.423671745705644,71.05148910306505,42.67091541135572,16.1475,15.911000000000001,13.870179999999998,16.655992317816807,16.139497910793573,22.00030964545594,23.813713782917457,42.03132187181422,18.27575099759764,6.4516129032258025,5.376344086021505,0.5376344086021501,83.33333333333339,764614130.0,15313170.0,8826080.0,260101246.0,146737630.5,2.534609097920287,2.9396788433685552,0.8178571428571423,4.151559100797677,58.80865002914531,48.325998413809444,21.414074289133016,83.68794326241138,19.9,9.009,98.16362133872005,0.0,0.0,28.142278495903895,6.169227648888319,1.2884418913869806,0.6163289400089967,30.681712475503375,9.608739718078805,1.0936569311909945,0.5420363388695373
1768176000,20.1,20.85,19.05,19.6,34088000,2026-01-12,BSR,2026-01-12,-0.50761421319796,20.615384615384613,37.543859649122815,12.844723357706279,70.18320743249112,41.94669756662805,16.415,15.970999999999998,13.907345,16.936374001834253,16.275203875076176,19.402985074626876,22.72243441237245,40.932722960421295,15.727250696502516,9.137055837563455,-2.5380710659898478,2.0304568527918843,30.55555555555558,668124800.0,16875560.0,9270875.0,291483843.5,155730780.32166666,2.0199625967967876,2.29215037093471,0.8642857142857139,4.409620991253642,58.5150658907409,48.295255026409336,21.421910730147555,79.67479674796753,20.85,9.009,89.44345916730006,-0.50761421319796,-0.50761421319796,27.041181445579348,6.591787341632483,1.2896328412934033,0.6172885614483479,29.43957183387669,9.978142732962803,1.094460260013909,0.5429014753387982
1768262400,19.65,20.95,19.5,20.95,46664000,2026-01-13,BSR,2026-01-13,6.8877551020408045,24.702380952380953,55.18518518518518,22.14319029850744,81.41669553169379,51.04542177361211,16.7875,16.057000000000002,13.951569999999998,17.318624096897658,16.458529213308484,24.795234549516,30.47269103817647,50.162311481790226,20.968039278321427,7.397959183673465,6.632653061224493,0.25510204081631294,100.0,977610800.0,18864905.0,9899468.333333334,335722341.0,169466244.375,2.4735878606332764,2.911962299226312,0.9071428571428567,4.3300375042618455,55.22327402479304,50.06538291489002,13.517439385158633,82.1428571428572,20.95,9.009,100.0,0.0,0.0,39.63830591577435,12.222846488758087,1.3613384450417907,0.6205838378707688,43.285001470943854,16.47490176051822,1.128575962173762,0.5294303891235327
1768348800,21.6,21.9,20.4,21.4,38293200,2026-01-14,BSR,2026-01-14,2.1479713603818507,19.220055710306404,48.61111111111109,33.95931142410016,78.15517815517813,52.92268114906386,17.1375,16.165,13.999125000000001,17.707326563859787,16.652312381414035,24.872355944566003,32.384781936282096,52.86669702570694,20.853929715606334,7.159904534606206,-0.9546539379475076,3.1026252983293645,66.66666666666666,819474480.0,20202600.0,10316276.666666666,368387769.0,179587101.0,1.8954590003266907,2.2244888374673484,0.9714285714285712,4.539385847797062,52.733285589549574,47.853171269396064,13.517439385158633,86.11111111111116,21.9,9.009,96.12132495539524,0.0,0.0,33.518250192890676,18.19267307110004,1.3688860256886513,0.5611082647301767,38.0615453728661,23.47001773029089,1.0318834944188315,0.4460357950081654
1768435200,21.0,21.6,20.5,20.7,29699000,2026-01-15,BSR,2026-01-15,-3.2710280373831724,11.290322580645151,34.41558441558441,27.11083819465765,68.84176182707992,49.91309385863267,17.4025,16.253,14.043954999999999,17.99234308158743,16.81104522920172,18.948426950150843,27.361102565680184,47.39437715372914,15.048940019287805,5.140186915887857,-1.4018691588785082,-1.869158878504662,18.181818181818095,614769300.0,20852915.0,10664031.666666666,386272855.0,187435642.59166667,1.4242133533848864,1.5915415542207851,1.014285714285714,4.899930986887507,52.62946733497801,48.387071910907444,16.50025456036027,78.98089171974527,21.9,9.009,90.69117989294857,-3.2710280373831724,-3.2710280373831724,23.361379386939475,15.005128907221454,1.4023709759960663,0.5721785890757611,27.210381967250232,20.24304760015898,1.08250810275112,0.4536351169045022
1768521600,20.85,21.65,20.0,20.15,32240900,2026-01-16,BSR,2026-01-16,-2.657004830917875,2.284263959390853,32.131147540983605,19.20255560814008,64.35562805872756,44.63106517370081,17.6475,16.32,14.08449,18.197834216674337,16.941984631978123,14.180478821362797,23.468137254901954,43.06517310885945,10.727462180839776,7.971014492753617,-3.3816425120773084,0.7246376811594235,9.090909090909012,649654135.0,22109330.0,11100780.0,413332204.25,196562669.10833332,1.4582486217357107,1.5717481684709547,1.1035714285714282,5.476781283232895,54.01690609799276,48.284157094685604,17.91181270823849,76.07361963190186,21.9,9.009,86.42463734388332,-5.841121495327107,-5.841121495327107,19.854460519724814,7.249621440728692,1.3594214614241993,0.5553006447728056,22.520778458552556,11.461525611454636,0.9942355664178045,0.42132917625943406
1768780800,20.25,21.1,20.05,20.8,22521200,2026-01-19,BSR,2026-01-19,3.2258064516129226,6.1224489795918435,39.13043478260872,21.70860152135752,68.80376562246391,47.32965009208103,17.939999999999998,16.406,14.128580000000001,18.44565952937202,17.093279352292708,15.942028985507273,26.782884310618083,47.21932423499033,12.763655682135067,5.210918114143925,2.7295285359801524,0.496277915632759,71.42857142857139,468440960.0,22864360.0,11363240.0,431207353.75,202440671.375,0.984991488937368,1.08634733597699,1.1357142857142855,5.460164835164834,52.78211562791421,48.62281152803384,17.52413685743032,76.92307692307696,21.9,9.009,91.46691490186953,-2.8037383177569986,-2.8037383177569986,26.03487013663799,9.288770572843543,1.3733035044913864,0.5583959994633899,29.108212210148967,14.078756420678108,1.0063240401839482,0.4232174575659903
1768867200,21.0,21.25,20.7,20.75,23609200,2026-01-20,BSR,2026-01-20,-0.24038461538461453,-0.9546539379474916,30.094043887147336,22.752011358258393,70.54327278704693,47.623790552077416,18.18,16.502,14.1766,18.665120526574682,17.236680162006717,14.136413641364133,25.742334262513644,46.367958466769174,11.169922371821528,2.6442307692307727,-1.2019230769230769,0.9615384615384581,9.090909090909207,489890900.0,22804645.0,11627153.333333334,435921107.5,208415212.08166665,1.0352803124100376,1.1238063300249805,1.1107142857142855,5.352839931153183,49.769014325087774,48.54492929951593,17.422507149654077,75.15527950310562,21.9,9.009,91.07904739740906,-3.0373831775700855,-3.0373831775700855,18.976934910494037,10.23998055941335,1.36969245304533,0.5576253145439086,22.21468859458753,15.500648610135379,1.004293541246348,0.423593870341784
1768953600,20.45,22.2,20.3,22.2,40775000,2026-01-21,BSR,2026-01-21,6.987951807228909,3.738317757009346,34.95440729483283,36.06276048050994,75.74414186193795,62.23326512715581,18.4675,16.635,14.23574,19.00177571451995,17.431320155653513,20.211181805875178,33.45356176735797,55.94552864831754,16.83118637715615,9.15662650602409,8.433734939759036,-1.4457831325301207,100.0,905205000.0,24176755.0,12177850.0,470215129.5,221399047.22833335,1.686537337206751,1.925086929811347,1.1964285714285712,5.389317889317889,53.33296858208195,49.709775200963605,17.422507149654077,83.33333333333336,22.2,9.009,100.0,0.0,0.0,27.2783537720491,21.9693043463165,1.287235160709784,0.5012713245017714,30.16415100856591,26.612856231683146,0.9349778057036505,0.3739954555368484
1769040000,23.15,23.2,22.0,22.2,31658700,2026-01-22,BSR,2026-01-22,0.0,7.246376811594213,37.037037037037045,37.89676377414746,73.20745884372317,63.71681415929202,18.767500000000002,16.767,14.298439999999998,19.30636850361329,17.618327208372985,18.289596376715057,32.40293433530148,55.261692883978974,14.987963665176874,5.405405405405403,-4.279279279279277,4.279279279279269,16.666666666666618,702823140.0,25261775.0,12490806.666666666,497290063.5,229656498.75,1.2532254760403811,1.4133062202237225,1.264285714285714,5.694980694980694,52.433239718046245,49.56810798439655,17.289312591727125,84.26966292134833,23.2,9.009,92.95328024804454,0.0,0.0,30.797158922881927,25.862845297503604,1.3534943533449026,0.5223266242969689,33.585249291181626,31.07014061072302,1.0510777902815323,0.4081454026546923
1769126400,22.25,22.35,20.65,20.65,40730800,2026-01-23,BSR,2026-01-23,-6.981981981981988,2.481389578163773,27.86377708978329,20.05813953488371,62.67527965968171,54.39252336448597,18.9925,16.864,14.356644999999999,19.43433340803107,17.737216337456395,8.727129129919708,22.45018975332067,43.835833511241674,6.2552523230180235,7.657657657657671,-7.207207207207214,0.22522522522523403,0.0,841091020.0,26967095.0,13096270.0,533995411.5,242412489.08333334,1.5103888646515318,1.5750903507529483,1.325,6.416464891041162,60.457187586264716,50.20752768383605,28.411123010470142,71.35922330097087,23.2,9.009,82.03086463251356,-6.981981981981988,-6.981981981981988,22.929459547911435,9.086689270029002,1.4046885099723572,0.5372392698079587,25.16350572808137,13.493228981789994,1.0852694766607927,0.4163059134607156
1769385600,20.9,21.55,20.55,20.85,24331600,2026-01-26,BSR,2026-01-26,0.9685230024213176,0.24038461538462563,31.132075471698116,25.602409638554224,65.05699810006335,59.96624213595212,19.240000000000002,16.96,14.412749999999999,19.569158797742396,17.859286285007123,8.367983367983367,22.936320754716988,44.66357912265184,6.545203171458591,4.842615012106538,-0.24213075060531314,1.2106537530266248,30.00000000000007,507313860.00000006,27914950.0,13302878.333333334,555088377.0,247565675.75,0.871633300435788,0.9139334942334778,1.332142857142857,6.389174374785885,59.535028763702,49.57769688360452,28.503595133705783,70.35175879396985,23.2,9.009,83.44020858290467,-6.0810810810810745,-6.0810810810810745,25.344428801015038,15.171580143534547,1.3221055960647132,0.5160198252613365,28.294826393917916,20.039293462404473,0.9709888123961906,0.38450847599463783
1769472000,20.9,22.0,20.65,21.5,22591500,2026-01-27,BSR,2026-01-27,3.1175059952038398,3.6144578313253017,32.30769230769231,29.12912912912915,59.27105711534186,71.46502910917935,19.5025,17.07,14.470249999999998,19.753048436052644,18.00205937186959,10.242276631201118,25.95196250732279,48.580708695426836,8.843959298752457,6.474820143884899,2.8776978417266252,0.23980815347719453,62.962962962963,485717250.0,28460140.0,13565780.0,569877983.25,253769134.75,0.7937944086009415,0.852317977315015,1.342857142857143,6.245847176079735,59.78062716862114,49.88197197125398,28.503595133705783,68.78306878306879,23.2,9.009,88.02057642167571,-3.1531531531531543,-3.1531531531531543,26.48621005540881,17.48944992929993,1.3385427070603297,0.5100204208537004,29.56553449246624,21.994152254686064,0.9925764536394489,0.3814013352744274
1769558400,22.0,23.0,21.5,21.9,41660200,2026-01-28,BSR,2026-01-28,1.8604651162790642,-1.3513513513513598,31.137724550898206,36.87499999999999,61.504424778761035,72.10216110019645,19.7625,17.179000000000002,14.5282,19.95752001357144,18.15491978865902,10.815939278937382,27.481227079573877,50.741316887157375,9.733072972531854,6.976744186046512,-0.46511627906977404,2.3255813953488413,26.666666666666572,912358380.0,29667740.0,14176796.666666666,600876555.25,267641987.75,1.4042255999277329,1.5183790614370123,1.3607142857142858,6.213307240704501,59.60678546163488,49.113646756975356,28.503595133705783,67.93478260869564,23.2,9.009,90.8392643224579,-1.3513513513513598,-1.3513513513513598,28.398443476840153,25.377782931354353,1.223525047852414,0.47463851873408386,30.812706717616777,29.366010098835083,0.9012781725316023,0.3497297180313561
1769644800,22.0,22.05,21.1,21.85,16709600,2026-01-29,BSR,2026-01-29,-0.22831050228309113,-1.5765765765765716,34.876543209876566,34.04907975460123,56.83318977892622,72.128564676225,20.045,17.29,14.58807,20.137756202755114,18.299824894986116,9.004739336492884,26.37362637362639,49.7799229096104,8.502654317617719,4.337899543378993,-0.6849315068493086,0.4566210045662267,78.94736842105269,365104760.0,30135785.0,14297595.0,613179346.25,271156638.5833333,0.5544770113006845,0.5954289919137993,1.3357142857142859,6.113108859104282,57.66020554594684,49.06425257622434,27.43225321510631,63.19018404907978,23.2,9.009,90.48692833486014,-1.5765765765765716,-1.5765765765765716,32.155393173088974,24.18213221286343,1.2422458471529212,0.4717536760063184,34.41478274811611,27.658746141983915,0.8943249272332479,0.34077611109027434
1769731200,22.5,22.9,22.05,22.4,22201400,2026-01-30,BSR,2026-01-30,2.517162471395862,8.47457627118644,39.13043478260867,33.33333333333333,63.32482683193583,78.20206841686554,20.36,17.414,14.651769999999999,20.353207992968912,18.460616075574897,10.019646365422386,28.632135063741803,52.88255275642466,10.05636068642426,3.8901601830663517,-0.4576659038901667,2.9748283752860427,41.17647058823515,497311359.99999994,30977675.0,14488520.0,633727216.25,276436309.25,0.7166903261784495,0.7847404170879334,1.282142857142857,5.723852040816326,57.154827599674796,48.95581489452525,27.551703022612728,66.27906976744185,23.2,9.009,94.36262419843561,0.0,0.0,36.63392317424998,22.80997528536639,1.2511671912196083,0.47726820921026636,39.17081633907144,25.73501478069269,0.9302862023869614,0.3545407478616209
1769990400,22.7,23.9,22.4,23.9,32535700,2026-02-02,BSR,2026-02-02,6.696428571428581,14.628297362110288,47.07692307692306,44.84848484848485,68.17957919921187,86.47109307950377,20.7425,17.570999999999998,14.72251,20.690997707924254,18.673925249081766,15.222369531155833,36.01957771327757,62.33644942336598,15.509171367056695,6.696428571428571,5.357142857142854,1.3392857142857206,100.0,777603230.0,31777545.0,14966665.0,659170009.0,288338438.0833333,1.023858199241005,1.1796702207062943,1.2857142857142858,5.379557680812912,59.69848699602881,50.31195724902693,27.551703022612728,66.85714285714286,23.9,9.009,100.0,0.0,0.0,46.064845241986816,34.87307940359128,1.1044996907628535,0.41281032240023746,48.27819681156825,37.643200295639325,0.7886054109597754,0.29399997347456197
1770076800,24.3,24.8,23.9,23.9,23657600,2026-02-03,BSR,2026-02-03,0.0,11.162790697674406,42.261904761904745,49.84326018808778,71.54751650875681,85.12780790085203,21.0975,17.733,14.79263,20.99661697383623,18.878869356960912,13.283564403365311,34.776969491907735,61.56694245715602,13.827861077723425,3.765690376569047,-1.6736401673640255,1.673640167364021,0.0,565416640.0,31936135.0,15283031.666666666,670232769.0,296519118.4166667,0.7407784317044,0.8436123480557544,1.242857142857143,5.200239091452482,59.87680240375779,49.63889876159924,27.551703022612728,65.06024096385542,24.8,9.009,94.30055094674181,0.0,0.0,42.41992091589065,36.44197196346142,1.068315192315111,0.3845546778930995,45.09610387083682,40.36339763458612,0.7230149203362297,0.262656140881265
1770163200,23.8,24.5,23.4,24.05,18172400,2026-02-04,BSR,2026-02-04,0.6276150627615218,9.817351598173518,33.983286908078014,54.66237942122185,70.7247817136367,87.18866749688668,21.4025,17.903,14.864275,21.2874153572804,19.081658793942836,12.37005022777713,34.33502764899738,61.79732950312076,12.977548454583921,4.602510460251052,1.0460251046025106,-0.4184100418409997,59.09090909090921,437046220.0,31276010.0,15526015.0,663926107.25,302871932.5833333,0.5810331944515941,0.65827539424569,1.242857142857143,5.167805167805168,56.9883349965046,49.18086492671272,27.551703022612728,71.61290322580646,24.8,9.009,95.25045912228485,0.0,0.0,37.75159125170009,41.31947130121223,1.0087441799062669,0.36684255442077807,39.16127580523363,44.463286204358795,0.6801084260113109,0.24731244837871505
1770249600,24.55,25.15,24.15,24.4,24530700,2026-02-05,BSR,2026-02-05,1.4553014553014387,11.67048054919908,31.182795698924703,56.41025641025641,62.158569814580964,92.21679533637936,21.6925,18.083,14.939835,21.58385198992036,19.290221194180372,12.48127232914602,34.933362826964554,63.32175020674591,13.047476471738118,4.158004158004157,-0.6237006237006326,2.079002079002068,25.0,598549080.0,30274180.0,15888145.0,652405972.25,312118996.5833333,0.8102845394986751,0.9174488055891643,1.2035714285714287,4.932669789227167,56.452465505927606,49.19101049693234,27.551703022612728,78.14569536423842,25.15,9.009,95.3534477417756,0.0,0.0,35.1169180124042,44.553528603578485,1.004986750666758,0.3656476479399464,36.23383160486628,48.303646836255524,0.6702832772588704,0.24459423804210764
1770336000,23.8,25.45,23.2,24.55,31341200,2026-02-06,BSR,2026-02-06,0.6147540983606703,9.598214285714302,24.619289340101535,55.37974683544304,52.49394372321263,94.82580747559717,21.935,18.26,15.014905,21.86634227659461,19.49648702970271,11.921586505584703,34.44687842278202,63.50419799525871,12.273007023574923,9.221311475409836,3.073770491803279,-2.4590163934426146,60.000000000000064,769426460.0,29900595.0,16355988.333333334,652646588.75,324081512.9166667,1.0481798104686546,1.1789327842403436,1.2892857142857144,5.251672970613908,53.942951990140386,49.18178879909893,27.551703022612728,76.59574468085108,25.45,9.009,94.52588042089897,0.0,0.0,30.63727745509699,47.80372928491787,1.0241778129334373,0.36720057584398724,30.55334250991487,51.56993307994837,0.7046294201354286,0.24814890291512975
1770595200,25.0,25.1,24.4,24.65,10409100,2026-02-09,BSR,2026-02-09,0.40733197556006573,3.1380753138075423,25.765306122448962,53.58255451713394,43.19739746717788,95.1393286890437,22.1875,18.442999999999998,15.089550000000001,22.131452535966552,19.698585577557505,11.098591549295778,33.65504527462995,63.35808556252505,11.379946526060468,2.851323828920582,-1.425661914460291,1.8329938900203624,35.71428571428557,256584315.0,28716650.0,16434566.666666666,632069564.5,326834666.1666667,0.3624761244783079,0.40594315785948587,1.3000000000000003,5.273833671399595,53.66461806357437,49.159243645688946,27.65604773999717,77.46478873239438,25.45,9.009,95.13411592968797,0.0,0.0,32.291063448012395,46.01991047260887,1.0266617832653122,0.3682700118346797,32.13428277898858,49.102420628075194,0.7120539964488861,0.25046143141767635
1770681600,24.6,25.15,22.95,23.1,37264600,2026-02-10,BSR,2026-02-10,-6.288032454361048,-3.34728033472802,10.262529832935563,44.37500000000001,25.611745513866246,84.6818036456668,22.294999999999998,18.595,15.15536,22.223695151588785,19.831974378437604,3.6106750392464804,24.226942726539402,52.42132156543957,3.9431104613067314,8.92494929006085,-6.085192697768763,-0.20283975659227682,6.818181818181918,860812260.0,28246680.0,17004290.0,626229637.5,340359883.8333333,1.3192559267142192,1.374595209892154,1.3214285714285716,5.720470006184293,55.51345241452261,51.20121899176898,33.933397804774266,56.25000000000002,25.45,9.009,85.70646554345845,-6.288032454361048,-6.288032454361048,18.087305310751354,37.12505197314517,1.0445388926138761,0.35977510288256936,16.850187368559077,40.09830807783965,0.7055842723411551,0.23814324672908485
1770768000,23.1,23.7,22.4,23.45,13784700,2026-02-11,BSR,2026-02-11,1.5151515151515138,-2.494802494802506,9.579439252336464,42.553191489361694,26.66090526088365,87.94582030936924,22.3975,18.756,15.22261,22.34048608953271,19.97385773614593,4.699185176917053,25.02665813606313,54.04717062317172,4.966382136990011,5.62770562770563,1.5151515151515058,0.0,80.76923076923079,323251215.0,27021255.0,17157078.333333332,601418474.25,344481466.9166667,0.5101428486574735,0.537481352569209,1.328571428571429,5.665549802010358,55.316647984187114,51.03752461019556,33.933397804774266,58.278145695364245,25.45,9.009,87.83528982421994,-4.86815415821501,-4.86815415821501,14.730829636830045,33.9441321211239,0.9836964967798348,0.34973761281318216,12.781993555466443,36.88338784116836,0.6572042898662102,0.22999106773114647
1770854400,23.8,24.4,23.8,23.9,10936300,2026-02-12,BSR,2026-02-12,1.9189765458422103,-2.049180327868849,15.458937198067634,46.62576687116562,38.59089591185849,94.45122447319174,22.557499999999997,18.929,15.29242,22.489011223862928,20.127824099434328,5.951457386678505,26.261292197157804,56.28657857945307,6.274125447720347,2.5586353944562807,0.42643923240937254,1.4925373134328401,16.666666666666373,261377569.99999997,26083120.0,17286581.666666668,583748887.75,347977635.9166667,0.41928649640073734,0.447756861700333,1.2750000000000001,5.334728033472804,53.64615990637773,50.998914905115726,32.98168659545348,75.19379844961244,25.45,9.009,90.57234961377044,-3.0425963488843855,-3.0425963488843855,18.1782636673941,37.33796986890045,0.9925881455555048,0.3545895873777117,16.97348190668506,40.387851515040715,0.667506597271512,0.23445711986894677
1770940800,23.95,24.8,23.7,24.5,13364500,2026-02-13,BSR,2026-02-13,2.5104602510460206,-0.20366598778004397,21.58808933002483,51.23456790123457,52.47697286532236,96.85039370078741,22.775,19.113,15.365075,22.68053396444741,20.299281977887883,7.574094401756315,28.185004970438964,59.45252463785566,8.02214814873703,4.602510460251052,2.301255230125526,0.20920502092049986,72.72727272727269,327430250.0,25139300.0,17453433.333333332,567637693.5,352529388.75,0.5316178254764452,0.5768296463561048,1.2821428571428573,5.233236151603498,52.38137227792945,51.059677748589124,32.361324749648645,76.6423357664234,25.45,9.009,94.22176266650447,-0.6085192697768749,-0.6085192697768749,24.51710435293437,40.61661762834192,0.9941845204869894,0.35353197842098905,24.554417111407755,44.2130431424603,0.6590850089929581,0.23038250038320743
1771804800,25.3,26.2,25.1,26.2,14417700,2026-02-23,BSR,2026-02-23,6.938775510204076,6.288032454361048,25.96153846153846,63.2398753894081,54.14484909101607,110.50940061063797,23.045,19.328000000000003,15.444989999999997,23.015721205928607,20.53068268463738,13.690605337383378,35.55463576158937,69.63429565185865,13.83523360220038,4.489795918367339,3.6734693877550963,3.2653061224489743,100.0,377743740.0,24734125.0,17657910.0,563102832.5,358250233.5,0.5829072182662617,0.6708255014860007,1.3071428571428572,4.989094874591058,55.976462125575324,52.486284271873195,32.361324749648645,79.74683544303802,26.2,9.009,100.0,0.0,0.0,27.883408765610497,50.91190239440209,1.0968959275071228,0.3871038800711225,28.561049501342865,55.738267977394145,0.7398862010480929,0.25265943202500674
1771891200,26.85,28.0,26.8,28.0,31801100,2026-02-24,BSR,2026-02-24,6.870229007633588,21.212121212121215,34.939759036144565,77.21518987341771,70.63806447681151,125.53362867498996,23.407500000000002,19.584,15.530345,23.490414424411597,20.823597089161403,19.619779985047515,42.97385620915033,80.29219569816381,19.197556476066136,4.580152671755722,4.389312977099231,2.4809160305343525,100.0,890430800.0,25143720.0,18139250.0,583129827.5,372321629.1666667,1.2647730725604645,1.526985515073828,1.3285714285714287,4.744897959183674,59.11850037335916,53.648161927784365,32.41652151726143,82.79569892473123,28.0,9.009,100.0,0.0,0.0,36.32112329176032,64.36328677177596,1.103568581371826,0.38094564440484807,36.6064177115441,69.26946669997083,0.7704934573214791,0.2577024475306642
1771977600,28.7,29.95,27.5,29.35,26335100,2026-02-25,BSR,2026-02-25,4.8214285714285765,25.15991471215353,32.20720720720722,88.7459807073955,74.58806733686278,132.34642178594046,23.764999999999997,19.873,15.62152,24.048470193515254,21.15796583076292,23.50094677046077,47.68781764202687,87.88184504452832,22.04518526053405,8.749999999999998,2.321428571428579,2.499999999999991,75.51020408163274,772935185.0,24421725.0,18526328.333333332,576516336.75,384397770.25,1.078347250245427,1.3406995356927325,1.4357142857142857,4.891701143830615,56.948059128732964,53.92912563139184,32.41652151726143,85.37735849056605,29.95,9.009,97.13480731579199,0.0,0.0,33.508229780187534,77.17929525553156,1.0974253514332601,0.3767663012101365,33.68482187375854,81.79112880065564,0.7927230215410108,0.2628543677947025
1772064000,29.3,30.0,28.35,30.0,23273900,2026-02-26,BSR,2026-02-26,2.2146507666098714,25.52301255230127,35.13513513513513,94.8051948051948,82.82649765372663,139.2535289895526,24.154999999999998,20.183999999999997,15.715790000000002,24.61528255603761,21.504712268772217,24.197888635893207,48.63258026159336,90.89081745174754,21.875505315463606,5.6218057921635385,2.3850085178875613,-0.17035775127768327,100.0,698217000.0,24002485.0,18848696.666666668,576286029.75,395025558.25,0.9696454346289561,1.2115806456437876,1.4785714285714289,4.92857142857143,56.73353494797446,53.79755456811238,32.41652151726143,85.5140186915888,30.0,9.009,100.0,0.0,0.0,35.29925850917176,81.59842037073479,1.0879056639258384,0.3749119260804481,35.736859148869605,86.4149560117302,0.7860816530697321,0.2621582023156989
1772150400,30.55,32.0,30.2,31.2,18228460,2026-02-27,BSR,2026-02-27,4.0000000000000036,27.3469387755102,51.08958837772397,98.72611464968153,82.89465971041676,150.06011060351042,24.682499999999997,20.52,15.8156,25.242398503081645,21.884919630781148,26.40534791856579,52.04678362573099,97.27357798629201,23.601566610997903,6.000000000000003,2.166666666666662,1.8333333333333313,55.555555555555536,568727952.0,22877368.0,19098721.0,562667876.35,403659959.1166667,0.7967900852930284,1.010770253474059,1.5142857142857145,4.853479853479854,47.37862419274098,54.087332971924184,22.292342409732385,85.09615384615387,32.0,9.009,96.52037753903701,0.0,0.0,50.57964338122516,86.8256885505123,1.085779865669277,0.369917144889267,51.860129729949456,91.54148206929631,0.7615116109599767,0.25245695765430193
1772409600,33.35,33.35,33.35,33.35,4097400,2026-03-02,BSR,2026-03-02,6.891025641025639,27.290076335877878,59.95203836930456,115.16129032258067,96.92943607912609,167.29181694317546,25.307499999999997,20.901999999999997,15.92616,26.01455102659768,22.334530625652476,31.77911686259016,59.554109654578546,109.40389899385666,28.19748442286183,0.0,0.0,6.891025641025639,,136648290.0,21865658.0,19113651.0,544134597.85,405110350.6166667,0.18738974148411175,0.2511295744470735,1.6035714285714289,4.808310130648962,50.04703069712678,55.06685561530723,22.292342409732385,87.64940239043827,33.35,9.009,100.0,0.0,0.0,59.82295152314572,105.55622715168678,0.9013696301220898,0.30909751959597076,61.01143963290997,110.49905149019641,0.5165261472877672,0.17539544158235043
1772496000,35.65,35.65,32.05,35.65,49024000,2026-03-03,BSR,2026-03-03,6.896551724137923,27.321428571428562,65.81395348837209,129.99999999999997,111.2843003615243,181.52886361841584,26.014999999999997,21.345,16.04822,26.932212833588377,22.856705895234732,37.03632519700173,67.01803701100961,122.14301648407111,32.36936831101853,10.794602698650678,0.0,6.896551724137923,100.0,1747705600.0,23187283.0,19890489.333333332,607234015.35,433615238.1166667,2.1142623739055586,2.878141796771135,1.7821428571428573,4.998998196754158,52.48108034504521,56.151234551337645,22.292342409732385,89.45578231292518,35.65,9.009,100.0,0.0,0.0,66.76232824936636,122.77642091319282,0.7461699562718612,0.2563606047816925,68.81066616437266,128.15844733668757,0.3158913945180661,0.10950134741065935
1772582400,36.1,37.95,34.1,37.85,27490395,2026-03-04,BSR,2026-03-04,6.171107994389913,28.960817717206133,72.83105022831052,145.7792207792208,140.18021448061427,201.85820240848554,26.8125,21.813999999999997,16.18174,27.972002087532342,23.444678213068666,41.16550116550117,73.51242321444946,133.90562448784863,35.31387521549798,10.799438990182333,4.908835904628331,1.2622720897615736,97.40259740259737,1040511450.75,22478792.75,20311769.25,613641668.8875,450388938.29583335,1.2229480161918393,1.6956336303504167,1.978571428571429,5.227401396489905,53.87446583691301,56.794390244809435,22.292342409732385,90.63444108761331,37.95,9.009,99.65446943782177,0.0,0.0,71.97909422385108,138.92712842288847,0.7695810494304227,0.26105744420988464,74.86396746454452,144.59125660950278,0.3187256204021145,0.10911654107299731
1772668800,37.85,38.45,35.6,35.6,27388400,2026-03-05,BSR,2026-03-05,-5.944517833553498,18.666666666666675,62.92906178489701,133.4426229508197,122.41659377733352,183.91418773426912,27.5,22.218000000000004,16.304785,28.698478079195926,23.92135749883068,29.454545454545467,60.23044378431901,118.34081222168832,24.048389959072857,7.529722589167771,-5.9445178335535,0.0,0.0,975027040.0,23012732.75,20682385.916666668,644137782.8875,465330074.79583335,1.190141140451909,1.513693290322469,2.021428571428572,5.67817014446228,61.46153525193642,58.63002743078044,29.89764097672546,79.62466487935657,38.45,9.009,90.31962229543834,-5.944517833553498,-5.944517833553498,63.285539542227674,128.11665880279926,0.8500730372576805,0.2789718244894435,66.70423538740917,133.8200356228604,0.40407767143652795,0.1338587305637218
1772755200,35.8,37.8,35.7,37.05,21561100,2026-03-06,BSR,2026-03-06,4.073033707865159,18.75,65.40178571428572,142.156862745098,120.7985697258641,192.5846955697702,28.232499999999998,22.654,16.43601,29.493861119272506,24.43620622436673,31.2317364739219,63.54727641917541,125.41967302283217,25.619361433115316,5.898876404494366,3.511235955056179,0.561797752808979,64.28571428571419,798838754.9999999,22980717.75,20995947.583333332,659214152.6375,477943467.04583335,0.9382257001089533,1.2118046188842657,2.1285714285714286,5.745132060921535,61.70095665170569,58.81522536012784,29.89764097672546,81.0,38.45,9.009,95.24472674161882,-2.1136063408190298,-2.1136063408190298,68.74780329728009,140.07402264508474,0.7515647817717274,0.25250719859238574,71.59054229741419,145.59501405418172,0.35279446215054583,0.11815876116843942
1773014400,39.6,39.6,36.1,36.1,35545500,2026-03-09,BSR,2026-03-09,-2.564102564102555,8.245877061469265,51.04602510460252,133.6569579288026,115.93492044502933,183.00407651301347,28.8425,23.076999999999998,16.562485,30.123017203151313,24.893609901842545,25.162520585940882,56.43281189062706,117.96246155090859,19.841912769028358,9.446693657219974,-9.446693657219974,6.882591093117418,0.0,1283192550.0,23131207.75,21539725.916666668,684493618.6375,498578418.54583335,1.5366901886046136,1.87465962437199,2.2214285714285715,6.153541749109616,62.33832427655758,59.40789856179316,30.579545398544354,83.50515463917527,39.6,9.009,88.55872642280409,-4.623513870541607,-4.623513870541607,59.55474362107083,138.51811700872247,0.714916985619488,0.28732923904112107,62.201984013154586,143.70075620415076,0.44468490461052795,0.17724202600305344
1773100800,35.45,37.9,33.7,33.8,31752600,2026-03-10,BSR,2026-03-10,-6.3711911357340885,-5.189340813464238,41.42259414225941,122.36842105263155,100.6887543047144,168.232679946036,29.3375,23.434,16.678235,30.473206040946426,25.24288010177029,15.210907541542396,44.234872407612855,102.65933415616217,10.917111755761443,11.6343490304709,-4.570637119113589,-1.8005540166204925,2.380952380952248,1073237879.9999999,23535957.75,22033127.583333332,709884680.6375,515921429.87916666,1.3491101716478906,1.511848204748124,2.4285714285714284,7.185122569737954,69.00711750445623,61.241255628295185,36.352907942876136,74.23887587822014,39.6,9.009,81.04017521493249,-10.70013210039631,-10.70013210039631,48.95926558816215,126.07767610052625,0.6229819509366061,0.24487123285142884,49.46838703304827,129.38132917715697,0.2278285438838665,0.09166029981609711
1773187200,33.5,36.15,32.95,36.15,19019300,2026-03-11,BSR,2026-03-11,6.952662721893499,-4.491413474240435,50.31185031185031,142.6174496644295,107.75862068965516,191.1800241643174,29.942500000000003,23.827999999999996,16.80527,31.013853084665815,25.67061029385773,20.731401853552622,51.712271277488696,115.11109312733443,16.560815263143326,9.467455621301763,7.840236686390529,-0.8875739644970349,100.0,687547695.0,23578302.75,22207859.25,722409754.3875,525260933.79583335,0.806644150839059,0.9517419869045677,2.589285714285713,7.162616083777906,71.15472058990864,61.86166416939447,36.352907942876136,76.34408602150538,39.6,9.009,88.7221731881926,-4.491413474240435,-4.491413474240435,53.83361783835149,144.06578294074185,0.7189521330897476,0.289005830497338,55.25353093593553,147.34973384343766,0.3343636137367311,0.13713195516619556
1773273600,37.3,38.0,36.5,37.8,17242000,2026-03-12,BSR,2026-03-12,4.564315352697101,6.179775280898858,54.91803278688525,161.5916955017301,122.39218685650405,208.31973898858075,30.6125,24.26,16.939935000000002,31.66015279088812,26.146272635275075,23.478971008574923,55.81203627370155,123.14135207720685,19.392980348720677,4.149377593360995,1.3831258644536655,3.181189488243419,86.66666666666649,651747600.0,23213867.75,22345377.583333332,725069680.3875,533958085.37916666,0.7427456805426145,0.8988758151515667,2.642857142857143,6.991685563114134,71.60410930974581,61.41315051469923,36.352907942876136,77.36625514403292,39.6,9.009,94.11591644601351,-0.13210039630120463,-0.13210039630120463,59.01046165323477,163.74145768858085,0.6811326586680555,0.27676165569303063,60.476945480421435,167.33010666836805,0.2863869440183559,0.11912897266382955
1773360000,38.25,39.5,35.2,35.2,35612800,2026-03-13,BSR,2026-03-13,-6.878306878306861,-4.993252361673395,43.380855397148686,144.44444444444446,109.77353992848631,185.66791105340047,31.145000000000003,24.641,17.061445000000003,31.99728109651782,26.50132076722507,13.019746347728356,42.851345318777675,106.31312295060589,10.009347024896819,11.37566137566137,-8.06878306878306,1.1904761904762085,0.0,1253570560.0,23427447.75,22880404.25,749276885.3875,554008240.0458333,1.5201314449628855,1.6730404800245462,2.8285714285714283,8.035714285714285,78.5586840823808,63.75210801604646,41.52762562052828,67.85714285714286,39.6,9.009,85.61668464581086,-7.001321003963012,-7.001321003963012,46.755981430336,145.76732196483445,0.7137311807793375,0.27747981592979515,48.01143782151584,149.24059027028756,0.2873271520500392,0.11457681358138903
1773619200,35.05,35.05,32.75,32.75,18025800,2026-03-16,BSR,2026-03-16,-6.960227272727282,-9.279778393351801,32.86004056795133,129.82456140350877,96.98063274389509,167.80603483522776,31.55,24.977999999999998,17.170550000000002,32.06896861113517,26.746367011647617,3.803486529318545,31.115381535751464,90.73355250705421,2.1236460614712627,6.5340909090909,-6.5340909090909,-0.42613636363637575,0.0,590344950.0,23808282.75,23133497.583333332,765964917.1375,563172775.0458333,0.757123064661184,0.7707206123828592,2.875,8.778625954198473,84.5810897518611,65.90897347258482,45.563590849061505,59.18762088974855,39.6,9.009,77.60779314177371,-13.474240422721273,-13.474240422721273,36.37094197094422,130.15948400048327,0.709870522773346,0.26571126850640403,37.72514132523538,133.5298241237848,0.26920226625024724,0.10341611734418771
1773705600,31.9,32.75,30.5,30.5,16522700,2026-03-17,BSR,2026-03-17,-6.870229007633588,-9.763313609467449,32.03463203463202,125.92592592592591,89.45276104105847,153.25915469567386,31.920000000000005,25.262999999999998,17.26686,31.919543029122295,26.893568305308495,-4.448621553884724,20.729921228674364,76.63894883030267,-4.447253608321244,6.870229007633588,-4.274809160305339,-2.595419847328251,0.0,503942350.0,22771187.75,23294257.583333332,748121421.6375,570024466.7125,0.7255967576834019,0.6736103731623712,2.8607142857142853,9.379391100702575,85.32018982282243,66.6890359537641,46.37229701308341,52.149532710280376,39.6,9.009,70.25268869929063,-19.41875825627477,-19.41875825627477,34.5283180035151,122.07624561940878,0.539571184558087,0.1934271836530864,36.02780679559492,125.57135208404871,0.07750971691625978,0.0286851142915371
1773792000,28.45,32.6,28.45,30.65,37080100,2026-03-18,BSR,2026-03-18,0.4918032786885185,-15.21438450899032,30.703624733475475,112.84722222222219,84.69418499548058,152.55438365194465,32.28,25.542,17.365,31.798634169205883,27.040879352159145,-5.049566294919461,19.998433951922312,76.50446300028794,-3.6122122827471403,13.606557377049185,7.213114754098358,-6.721311475409841,53.01204819277105,1136505065.0,23935957.75,23719937.583333332,788784114.1375,586196785.7958333,1.549137928270282,1.4408315844985256,3.039285714285714,9.916103472384059,85.4010329053625,65.82272951832104,46.37229701308341,51.23809523809524,39.6,9.009,70.74302899545617,-19.022457067371214,-19.022457067371214,35.323932494279106,108.72695563817956,0.5437900194015297,0.19750533611391807,37.30365471998156,112.90070273392372,0.07419492336954131,0.027825118746964174
1773878400,31.9,32.0,29.3,29.3,16049500,2026-03-19,BSR,2026-03-19,-4.404567699836859,-22.486772486772477,22.59414225941423,90.25974025974025,75.91258405379445,145.16776838758264,32.55,25.804000000000002,17.45794,31.560669010233894,27.12947231874114,-9.984639016897068,13.548287087273291,67.83194351681814,-7.162931208780288,8.809135399673734,-8.482871125611739,4.078303425774887,0.0,470250350.0,24191617.75,23709217.583333332,799227753.1375,589749831.9625,0.6634322750077348,0.588380906636381,3.0892857142857144,10.543637250121892,87.88971343035573,65.81312401136186,46.76461939325576,46.40151515151515,39.6,9.009,66.32996632996633,-22.589167767503305,-22.589167767503305,28.931203816448324,89.07166036360047,0.5105517682221741,0.18336166001975307,30.641869227829332,93.17512193493279,0.019455850331521484,0.007193315789349683
1773964800,29.0,29.95,27.25,28.05,34027800,2026-03-20,BSR,2026-03-20,-4.2662116040955596,-20.3125,14.489795918367342,83.93442622950819,67.78322765881086,139.04891767513212,32.727500000000006,26.042999999999996,17.54277,31.226319580687807,27.165571443496393,-14.292261859292655,7.706485427946119,59.89493107416901,-10.171930676877562,9.215017064846414,-3.2423208191126256,-1.0238907849829393,29.62962962962966,954479790.0,25224782.75,24157804.25,830580230.1375,603850042.6291667,1.3489828767702667,1.1491722959045012,3.1285714285714277,11.153552330022915,89.79031037988128,66.61058160155966,46.79702716532465,39.607843137254896,39.6,9.009,62.24379719525351,-25.89167767503303,-25.89167767503303,24.153792760628413,85.4789454269557,0.5893595989865504,0.21625184581509058,25.420422478823888,89.20116139112994,0.11935046262388384,0.04491836647236882
1774224000,27.1,29.0,26.1,26.1,25169500,2026-03-23,BSR,2026-03-23,-6.951871657754005,-20.30534351145038,-0.3816793893129722,74.58193979933112,50.80603224128968,118.39176637938249,32.7225,26.24,17.61847,30.73809866824135,27.123784328065163,-20.238368095347226,-0.5335365853658458,48.13999172459358,-15.08908770936258,10.338680926916217,-3.5650623885918007,-3.3868092691622054,0.0,656923950.0,25762372.75,24453619.25,844539240.6375,612949808.9625,0.9769868732296795,0.7778489363077093,3.078571428571428,11.795292829775585,90.79134132576239,68.3538435448097,48.895942180365516,31.01391650099403,39.6,9.009,55.8693733451015,-31.04359313077939,-31.04359313077939,14.077984937028056,79.69887619690294,0.7293997752847695,0.27127881070675197,14.264364340464454,83.11477719629562,0.276967360827236,0.10471016884404966
1774310400,26.75,27.45,24.65,26.4,20130400,2026-03-24,BSR,2026-03-24,1.1494252873563093,-13.442622950819672,-5.714285714285716,65.51724137931035,55.038759689922486,114.25093329005031,32.6425,26.432,17.694895000000002,30.324946414123122,27.095400628925354,-19.123841617523162,-0.1210653753026647,49.195573073476815,-12.942962406341374,10.727969348659006,-1.3409961685823808,2.490421455938696,62.499999999999986,531442560.0,25178837.75,24375734.25,826589828.6375,615213587.8791667,0.7994967917055663,0.6429338247193258,3.0035714285714272,11.377164502164499,87.37060097066257,67.32813850487915,48.895942180365516,25.37634408602149,39.6,9.009,56.85005393743256,-30.250990752972264,-30.250990752972264,7.824335632669233,70.7709804291311,0.6689047402195123,0.2521698927810697,7.972234509036313,73.95471551652793,0.21631791834123612,0.08312549743152636
1774396800,26.95,28.2,26.8,27.5,16946200,2026-03-25,BSR,2026-03-25,4.166666666666674,-10.27732463295269,-6.30323679727428,67.17325227963526,65.10566762728148,125.44679455648465,32.55,26.622999999999998,17.77682,30.05590389849235,27.11126727092828,-15.514592933947768,3.29414416106375,54.695834238069565,-8.503833080929423,5.303030303030297,2.083333333333336,2.083333333333326,50.0,466020500.0,24709392.75,24435957.583333332,811244094.3875,619325186.8791667,0.6858201725738484,0.5744516394314729,2.928571428571428,10.649350649350648,86.90621767033032,67.50530798924007,48.895942180365516,31.674208144796367,39.6,9.009,60.44588277597987,-27.344782034346103,-27.344782034346103,4.5903582718048295,72.47527451797498,0.6884038293491065,0.25858867897162596,5.157800262892376,75.76398003592153,0.23277678554008074,0.08894707970740172
1774483200,27.75,27.8,26.5,27.25,9550900,2026-03-26,BSR,2026-03-26,-0.9090909090909038,-6.996587030716728,-9.166666666666668,68.20987654320989,67.97139863157247,124.53856295319711,32.4125,26.796,17.857495,29.78867495577879,27.116707770107567,-15.927497107597377,1.6942827287654838,52.59699078734168,-8.522282241648703,4.72727272727273,-1.8181818181818181,0.9090909090909038,57.692307692307665,260262025.0,24023242.75,24429167.583333332,789346345.6375,620974146.2958333,0.39756914165969537,0.3297184137715929,2.864285714285714,10.511140235910876,86.46993007185807,67.42145949302159,48.368159757388646,26.555023923444978,39.6,9.009,59.6286489490373,-28.005284015852048,-28.005284015852048,3.3362594255637585,75.40565568154467,0.7243644436936056,0.2713741733215866,4.291991574146547,79.22002622997555,0.2728919572724268,0.10403276538002416
1774569600,27.35,27.75,27.0,27.6,10857200,2026-03-27,BSR,2026-03-27,1.2844036697247763,-1.6042780748663055,-11.538461538461531,70.89783281733747,67.88321167883211,128.590359450058,32.2325,26.954,17.941005,29.580229721895098,27.135660406573937,-14.372139920887307,2.396675818060401,53.837535857105,-6.6944365899543445,2.7522935779816518,0.9174311926605505,0.3669724770642313,80.0000000000002,299658720.0,23654679.75,24499714.25,775892884.0375,624185390.6291667,0.4589874018480424,0.3862114554275472,2.6678571428571423,9.666149068322978,85.19076721210506,67.37251374469676,48.368159757388646,29.06403940886699,39.6,9.009,60.772776306756896,-27.08058124174373,-27.08058124174373,-0.5015690780955318,77.06895497212595,0.7206919837787079,0.2727143200226862,0.11280558897874826,80.86259039594093,0.27691089104173294,0.10666197618688818
1774828800,28.45,29.3,28.1,29.15,19698000,2026-03-30,BSR,2026-03-30,5.615942028985499,11.68582375478926,-12.593703148425794,83.33333333333333,76.97771841418248,143.28158905024205,32.0225,27.145,18.032885,29.539255462666993,27.21465411612006,-8.970255289249751,7.38625897955425,61.64912048183082,-1.3177565127156066,4.347826086956519,2.5362318840579685,3.079710144927539,87.49999999999982,574196700.0,24434709.75,24738439.25,797770304.5375,632331093.1291667,0.8061483112153603,0.7197519094583061,2.489285714285714,8.539573633913255,83.83820295052466,67.81988486118344,48.368159757388646,38.1074168797954,39.6,9.009,65.83962603380078,-22.985468956406873,-22.985468956406873,-2.650579807328345,87.9413030381272,0.6876511066029469,0.2547385258873596,-2.705353030310663,91.6467210805869,0.23700562696817,0.0893634591309259
1774915200,29.6,29.65,27.65,27.65,20456600,2026-03-31,BSR,2026-03-31,-5.145797598627788,4.734848484848486,-22.44039270687237,70.15384615384615,71.41971481711099,129.59395499460265,31.622500000000002,27.279,18.11742,29.359326370984423,27.231726503723195,-12.562257885998907,1.3600205286117495,52.615549013049325,-5.822089885119908,6.86106346483705,-6.689536878216133,1.543739279588352,0.0,565624990.0,23006339.75,24884587.583333332,738666274.0375,638592757.5458333,0.8891722986921464,0.765738209365282,2.403571428571429,8.692844226298115,80.5063706720801,68.97441829854218,48.139365626395104,27.272727272727266,39.6,9.009,60.93622307214539,-26.948480845442546,-26.948480845442546,-14.793437700640077,73.35132563124237,0.6602176294173718,0.24057489306733568,-15.817788271728062,77.09087978101238,0.19445334571807107,0.07233588805178377
1775001600,27.65,28.0,26.1,26.3,23335900,2026-04-01,BSR,2026-04-01,-4.88245931283905,-4.363636363636358,-30.515191545574638,57.48502994011977,55.870325371895916,116.15846141201614,31.044999999999998,27.377,18.194585,29.067961954700195,27.19518820945954,-15.284264776936695,-3.933959162800882,44.548501655849805,-9.522380547400655,6.8716094032549675,-4.882459312839052,0.0,10.526315789473655,613734170.0,22798615.0,24981715.916666668,717327410.0,643948544.7125,1.0235665631442963,0.8555844394681642,2.4071428571428575,9.152634437805542,76.66234606288272,69.90431995751017,47.401743434238576,18.749999999999986,39.6,9.009,56.52316040665555,-30.515191545574638,-30.515191545574638,-24.171799200103393,60.443134382690026,0.5703162904966028,0.205611624840234,-25.67550086871305,63.95625054032273,0.10681026663168396,0.03941168645417517
1775088000,26.35,27.25,25.35,25.9,16030200,2026-04-02,BSR,2026-04-02,-1.5209125475285301,-4.954128440366978,-27.247191011235962,59.876543209876544,58.43885728268181,113.96117306897975,30.559999999999995,27.481000000000005,18.26681,28.766251292347793,27.144396514970932,-15.24869109947643,-5.753065754521325,41.78720860402008,-9.963937473876738,7.22433460076045,-1.7110266159695926,0.19011406844107182,28.947368421052506,415182180.0,22230705.0,25126407.583333332,689335167.0,648884098.7125,0.7210837443077042,0.6022936299723122,2.2357142857142858,8.632101489244347,74.9982499366508,69.62246780349471,46.48199736571911,21.296296296296276,39.6,9.009,55.21558628354744,-31.571994715984154,-31.571994715984154,-20.960800557215798,63.95600441311387,0.5977082767613989,0.2161007764438973,-22.626445268066455,67.67422445583365,0.13975463028663976,0.05160929095789426
1775174400,26.4,27.1,26.3,26.35,9858500,2026-04-03,BSR,2026-04-03,1.737451737451745,-4.528985507246375,-28.87989203778677,63.66459627329193,59.97814340355778,121.63344267810584,30.025,27.605,18.33819,28.536132121648002,27.11324371046227,-12.239800166527882,-4.546277848215896,43.689208149768334,-7.66092654858983,3.0888030888030915,-0.1930501930501821,1.9305019305019266,6.2500000000000835,259771475.0,21645575.0,25201322.583333332,662381803.0,651774390.6291667,0.4554510563937433,0.39217785546563394,2.1464285714285714,8.14583898075359,73.14350125776282,69.57340930485461,46.48199736571911,27.464788732394354,39.6,9.009,56.68660717204407,-30.383091149273444,-30.383091149273444,-24.139644051543677,69.29365555633639,0.6087640766914352,0.2196462413254674,-25.373939375499923,73.17888494232568,0.14837407266085625,0.05467163158357347
1775433600,26.4,26.5,25.0,25.1,9927300,2026-04-06,BSR,2026-04-06,-4.743833017077803,-13.893653516295013,-30.47091412742382,54.461538461538474,42.484105358764765,113.90830066473497,29.475,27.691,18.404865,28.20888144339581,27.034292976718653,-14.843087362171325,-9.356830739229348,36.37698510692688,-11.020931296528424,5.692599620493358,-4.9335863377609,0.1897533206830948,6.666666666666761,249175230.0,20364665.0,25091139.25,610680937.0,651448188.2125,0.48747671518289154,0.4080285053993752,2.092857142857143,8.33807626636312,73.9342209721373,70.53468564652417,46.92350124485943,29.545454545454547,39.6,9.009,52.600438037331244,-33.68560105680317,-33.68560105680317,-31.814097471950344,60.80296096209764,0.6252134249236828,0.222585412365417,-33.58989475874503,63.94701670354806,0.1450976985411854,0.052736543062070415
1775520000,25.3,26.2,24.6,25.15,10889200,2026-04-07,BSR,2026-04-07,0.19920318725097363,-9.041591320072328,-25.591715976331365,49.702380952380935,39.09628892207289,108.8350078883999,29.0425,27.779,18.471635,27.91755940116764,26.96039913449439,-13.402771799948354,-9.46398358472228,36.15470422623661,-9.913328602255579,6.374501992031864,-0.5976095617529965,0.7968127490039834,34.374999999999865,273863380.0,19321495.0,24931195.916666668,570712212.0,650276553.8791667,0.5635795780813028,0.4798624845266146,1.9107142857142854,7.597273501846065,72.08032080867538,70.3427189606251,46.28956967600459,29.00763358778626,39.6,9.009,52.76388480271975,-33.55350066050199,-33.55350066050199,-25.640024290729023,57.34056250027855,0.6060806853693863,0.21436761049427325,-25.809467043311596,60.15978284735944,0.11977079761370146,0.043351942721954514
1775606400,25.6,25.9,24.95,25.7,14571200,2026-04-08,BSR,2026-04-08,2.1868787276341894,-2.281368821292784,-28.9073305670816,43.17548746518105,43.86475593372143,114.48839926556502,28.52,27.849,18.54193,27.706363267723102,26.910971717455396,-9.887798036465645,-7.716614600165183,38.60477307378465,-7.241525162778917,3.777335984095425,0.3976143141152997,1.7892644135188984,78.94736842105269,374479840.0,19099090.0,24651134.25,555058819.25,647131560.2958333,0.7629264012055025,0.6746669488217487,1.7857142857142854,6.948304613674263,66.5566811422492,69.26431141540642,46.28956967600459,35.365853658536565,39.6,9.009,54.56179922199339,-32.10039630118891,-32.10039630118891,-30.539532564373793,48.817469007741664,0.48943598294290147,0.18549257107907652,-31.080415426918428,51.08054097631251,0.0722804527283769,0.02833544690403805
1775692800,25.8,26.0,25.0,25.0,8885200,2026-04-09,BSR,2026-04-09,-2.7237354085603127,-3.474903474903468,-33.86243386243386,34.408602150537625,44.191948321605715,124.29571146599673,27.880000000000003,27.905,18.609965,27.448614385082806,26.836031650104204,-10.329985652797713,-10.410320731051792,34.336630939391874,-8.9207212820678,3.8910505836575875,-3.1128404669260727,0.3891050583657574,0.0,222130000.0,18681250.0,24056432.583333332,533577939.25,637017863.9625,0.47562127801940446,0.41630281850150536,1.6642857142857141,6.657142857142856,62.49803200486982,69.3395012082863,45.19744173130743,37.02127659574467,39.6,9.009,52.27354450655422,-33.949801849405546,-33.949801849405546,-35.44583592489256,40.81529339199572,0.5121953077041409,0.19452551929215792,-36.831032636495586,42.075800792794496,0.10297050717776605,0.040272910299938416
1775779200,25.4,26.75,25.1,26.75,20100100,2026-04-10,BSR,2026-04-10,7.000000000000006,1.5180265654648917,-24.005681818181824,35.786802030456855,52.65650858871198,157.9059005013498,27.4575,28.027,18.68551,27.382079681741587,26.832657859904042,-2.5767094600746554,-4.556320690762483,43.15905747287603,-2.3083698867586655,6.599999999999994,5.400000000000006,1.6000000000000014,100.0,537677675.0,17905615.0,23744552.583333332,497783295.0,633235589.7125,1.1225584823531614,1.0801440715281536,1.582142857142857,5.914552736982643,67.27837874739929,69.7304032123993,43.556438258742595,52.81385281385281,39.6,9.009,57.99418129515217,-29.32628797886394,-29.32628797886394,-27.175044644197012,42.09870309582438,0.520773847446505,0.1967750176916997,-28.031901067210754,42.46472924985856,0.14050929257358574,0.054736766529110484
1776038400,27.25,27.85,26.8,27.35,13428700,2026-04-13,BSR,2026-04-13,2.242990654205612,8.964143426294813,-16.488549618320604,39.54081632653062,57.464448154758486,183.1262939958592,27.1875,28.156999999999996,18.766840000000002,27.379024473956672,26.852945786966632,0.5977011494253004,-2.8660723798699994,45.735776507925685,-0.10600989083551227,3.9252336448598157,0.3738317757009399,1.869158878504673,52.380952380952415,367274945.0,17675760.0,23400230.916666668,486629794.75,628221425.4625,0.759724051469357,0.7547317261753012,1.4607142857142856,5.340820057456255,64.85557778423316,69.77058223195887,40.96761984911858,54.00843881856541,39.6,9.009,59.955542479814326,-27.741083223249674,-27.741083223249674,-20.371706462421457,45.846047692353345,0.5309664576837868,0.20051609764058728,-20.410319298675052,46.971689687296674,0.14596418066467465,0.056727324152044116
1776124800,27.9,27.9,26.1,26.3,16976800,2026-04-14,BSR,2026-04-14,-3.8391224862888484,4.572564612326047,-13.770491803278684,25.536992840095472,53.33488805970148,191.93029193029193,26.9775,28.252999999999997,18.843384999999998,27.27626023834175,26.831261638458137,-2.511352052636451,-6.912540261211186,39.571526028895576,-3.5791572224752266,6.5813528336380145,-5.850091407678237,2.010968921389389,11.11111111111109,446489840.0,17698465.0,22905444.25,483757169.25,619369409.4625,0.9592244299152497,0.922962734985865,1.4607142857142854,5.55404671374253,61.92997098303249,69.13621362649846,37.579876254262714,44.91525423728814,39.6,9.071,56.43486521012807,-30.515191545574638,-30.515191545574638,-17.59206592228776,32.22562563268374,0.4485908527519132,0.17041369326658704,-17.66129318027011,32.36541123748013,0.09498046823902391,0.03737417752962339
1776211200,26.3,26.95,25.9,26.15,11319000,2026-04-15,BSR,2026-04-15,-0.5703422053232043,1.7509727626459082,-14.681892332789559,22.196261682243,63.693270735524244,171.57544916398382,26.752499999999998,28.338,18.919024999999998,27.168997358499677,26.804545495773503,-2.2521259695355567,-7.721081233679172,38.220653548478325,-3.7505887503091473,3.9923954372623602,-0.570342205323202,0.0,23.809523809523796,295991850.0,16410410.0,22455874.25,441731508.5,610644698.9625,0.68974510691689,0.6700718520286402,1.4428571428571426,5.517618137121005,61.78126934241397,69.07939729930692,37.23641835570669,45.299145299145295,39.6,9.071,55.94352910347538,-30.91149273447821,-30.91149273447821,-19.74773900369624,27.147065085887345,0.43723235638714586,0.16731432549857542,-19.645399107045236,27.3000302468988,0.0995254387117525,0.039172199019213184
1776297600,26.1,26.5,25.8,25.8,9596200,2026-04-16,BSR,2026-04-16,-1.338432122370925,3.200000000000003,-11.945392491467576,24.63768115942029,58.42800122812404,158.0,26.577500000000004,28.416999999999998,18.99307,27.038616657690184,26.765151554762777,-2.9254068290847646,-9.209276137523304,35.839019179100596,-4.580917261304873,2.6768642447418713,-1.147227533460806,-0.19120458891012104,0.0,247581960.0,16087745.0,22120827.583333332,430598089.0,604524909.9625,0.5964913044059313,0.5749722683975962,1.4392857142857138,5.57862679955703,60.2959408764133,68.75014974389376,36.18374507606751,42.30769230769231,39.6,9.071,54.79707818795243,-31.836195508586528,-31.836195508586528,-19.04902788134357,27.049199820938952,0.39321420535215984,0.15070194185643732,-18.68688068847004,27.973000674140824,0.07051004457601133,0.027894204758426355
1776384000,26.3,26.9,25.8,26.7,10425100,2026-04-17,BSR,2026-04-17,3.48837209302324,-0.18691588785046953,-4.812834224598939,32.50620347394542,57.950780880265015,158.97187196896218,26.51,28.503,19.071305,27.00636745219588,26.762596591830903,0.7167106752168806,-6.3256499315861525,40.00090712198248,-1.134426733762639,4.26356589147286,1.5503875968992191,1.9379844961240345,81.81818181818184,278350170.0,14907610.0,21757230.916666668,396791608.0,598336510.5458333,0.6993139745405199,0.7015021597936618,1.396428571428571,5.230069555912251,60.26635236160581,68.71359654878695,35.56041591207634,38.91402714932128,39.6,9.071,57.74509482786857,-29.458388375165136,-29.458388375165136,-15.090718203941224,35.803474019357395,0.4084149894805345,0.15630600388724186,-15.386864113530462,36.94007277478422,0.11105665398619417,0.04364049406301432
1776643200,26.75,26.85,26.0,26.15,7862400,2026-04-20,BSR,2026-04-20,-2.059925093632964,-4.387568555758692,0.19157088122603305,25.721153846153832,53.01345816266823,164.7833130822195,26.5125,28.548000000000002,19.146945000000002,26.924808647224847,26.738573196072828,-1.3672795851013664,-8.399887908084636,36.57531266737328,-2.8776755941948284,3.183520599250942,-2.2471910112359605,0.18726591760300781,17.647058823529214,205601760.0,14042255.0,21512917.583333332,374225498.5,593955857.2125,0.5599100714237136,0.5494060688651872,1.3142857142857138,5.025949194209231,55.26766473245068,68.69244179647299,29.591337672663244,42.57425742574258,39.6,9.071,55.94352910347538,-30.91149273447821,-30.91149273447821,-15.264979958721915,28.857308734664265,0.3732533894515655,0.14304951607041072,-15.200864717981345,29.78945547347448,0.0824264823877032,0.03246708888633685
1776729600,26.2,26.7,25.9,26.1,9310600,2026-04-21,BSR,2026-04-21,-0.19120458891012104,-0.760456273764254,-1.1363636363636243,25.78313253012048,54.40132513014673,170.18633540372673,26.497500000000002,28.592,19.222335,26.84625544272724,26.713531109952324,-1.50014152278517,-8.715724678231663,35.77955019512458,-2.779737547827743,3.0592734225621445,-0.38240917782025957,0.19120458891013214,25.000000000000334,243006660.0,13501265.0,21274607.583333332,359803703.5,589841119.8791667,0.6896094551140208,0.6753867668290968,1.2357142857142855,4.734537493158182,55.12407190364487,68.69032958538432,29.48007330459763,48.86363636363637,39.6,9.071,55.77975040125782,-31.04359313077939,-31.04359313077939,-14.68070741287668,28.967240504647606,0.37339323760197757,0.14311331148820106,-14.52046450860116,29.54845778268449,0.08116124154100256,0.03195781547546629
1776816000,26.35,26.5,25.95,25.95,5460700,2026-04-22,BSR,2026-04-22,-0.5747126436781658,-0.7648183556405286,-5.636363636363639,16.891891891891888,59.04633488600148,166.09926168990972,26.419999999999998,28.63,19.29682,26.760897781515123,26.68358871348361,-1.778955336866006,-9.360810338805447,34.47811608337539,-3.0301591080223234,2.1072796934865927,-1.5325670498084372,0.9578544061302763,0.0,141705165.0,12926990.0,20686035.916666668,343587936.75,577116122.6291667,0.4224262570018233,0.412427649062391,1.1392857142857142,4.390311037709881,52.894745738299044,67.36349561930626,29.18819454294324,50.29239766081872,39.6,9.071,55.28841429460512,-31.43989431968296,-31.43989431968296,-17.644034651144814,18.384381708592503,0.3784411253207077,0.14862492366788563,-17.245804159196233,19.53419762449843,0.08334453836457895,0.03354819648249589
1776902400,26.25,26.25,24.45,25.0,16826400,2026-04-23,BSR,2026-04-23,-3.6608863198458574,-3.100775193798455,-8.25688073394495,12.612612612612617,55.2891483943102,153.13892264074528,26.307499999999997,28.642000000000003,19.366245,26.593193230894634,26.61756562668033,-4.9700655706547465,-12.715592486558213,29.090590354506006,-5.990981290068397,6.936416184971102,-4.8169556840077075,1.1560693641618602,30.55555555555558,420660000.0,13290765.0,20438830.916666668,351607835.5,572413403.6291667,1.2660219332747211,1.196389720387787,1.182142857142857,4.728571428571428,54.24306013672141,67.86053772208965,30.16132389614169,42.541436464088385,39.6,9.071,52.17661895247142,-33.949801849405546,-33.949801849405546,-21.982156327847527,13.269637252364475,0.35993306547189674,0.14052668569619556,-21.291912136596736,15.379198441123664,0.0836279772502171,0.03341419025030099
1776988800,25.3,25.8,24.9,25.0,7701000,2026-04-24,BSR,2026-04-24,0.0,-6.367041198501866,-9.420289855072472,21.065375302663437,45.34883720930234,157.17518773788703,26.1775,28.651,19.435670000000002,26.441460542238,26.554131680536006,-4.498137713685413,-12.743010715158288,28.62947354014551,-5.451516340919937,3.6000000000000085,-1.2000000000000028,1.200000000000001,11.111111111111242,192525000.0,13132955.0,19888334.25,346251149.5,561603969.9625,0.5863874505014294,0.5560270349369627,1.1392857142857142,4.557142857142857,53.91257368499897,66.15267708752597,30.16132389614169,49.35897435897435,39.6,9.071,52.17661895247142,-33.949801849405546,-33.949801849405546,-20.209983781423503,22.00080899645055,0.3326839777141551,0.13341589868330603,-19.845042672758716,24.258236845863813,0.0768680752670717,0.03153840904097143
1777334400,24.8,25.0,23.3,23.4,20263700,2026-04-28,BSR,2026-04-28,-6.400000000000006,-10.516252390057357,-19.725557461406517,12.230215827338121,40.96385542168672,151.937984496124,25.889999999999997,28.625999999999998,19.49617,26.15179763345343,26.430440242083616,-9.61761297798377,-18.25613079019074,20.02357386091729,-10.522403362181599,6.799999999999998,-5.6000000000000085,-0.8000000000000007,5.8823529411763475,474170580.0,13161240.0,19820535.916666668,341249843.5,561051581.9625,1.5396497594451586,1.389511494384026,1.1464285714285716,4.8992673992674,52.87567608654461,67.59232934938773,34.066504496785655,40.64171122994653,39.6,9.474,46.22585142401911,-38.177014531043596,-38.177014531043596,-32.555323963265124,10.488085785900171,0.290565368205295,0.11379317852103979,-32.3905757845113,11.78145876630321,0.026534520735633258,0.01057741341841204
1777420800,23.2,23.9,23.15,23.6,9691400,2026-04-29,BSR,2026-04-29,0.8547008547008739,-9.578544061302685,-14.64737793851717,9.76744186046512,41.74174174174177,147.4832214765101,25.6875,28.636,19.557669999999998,25.908769287410244,26.31944258553132,-8.126520681265204,-17.586255063556354,20.66877087096777,-8.911149973195121,3.2051282051282057,1.7094017094017186,-0.8547008547008517,60.00000000000038,228717040.0,12622980.0,19605534.25,324404446.0,556768245.1291667,0.767758484921944,0.7050366997744538,1.1321428571428573,4.79721549636804,50.95056411330505,67.34549305514588,32.38421435453579,38.33333333333334,39.6,9.629,46.615061225851655,-37.648612945838835,-37.648612945838835,-25.37362891642686,8.47817663238537,0.2978303611188497,0.11737349736211466,-25.204934549561177,9.625354211693903,0.033762349622895295,0.013526781972114845
1777852800,25.25,25.25,24.75,25.25,8112800,2026-05-04,BSR,2026-05-04,6.991525423728806,-2.6974951830443183,-3.992395437262364,15.296803652968038,57.8125,159.74693961526594,25.635,28.672000000000004,19.62587,25.846029355275935,26.277503660608524,-1.5018529354398291,-11.934988839285731,28.656716874207365,-2.3060770653898,2.11864406779661,0.0,6.991525423728806,100.0,204848200.0,11861825.0,19046410.916666668,303960147.5,544976408.7958333,0.6839419735158797,0.6739311113145187,1.1785714285714286,4.667609618104668,55.38615748445833,68.67924575257713,30.450810565012194,51.256281407035175,39.6,9.752,51.92307692307693,-33.2892998678996,-33.2892998678996,-12.86709962357654,12.459723599055206,0.31525577696194224,0.12093253399920915,-12.198256306080301,14.421046942087944,0.02785318259047859,0.01090592664908491
1777939200,25.95,27.0,25.5,26.75,24544300,2026-05-05,BSR,2026-05-05,5.940594059405946,7.000000000000006,3.2818532818532864,22.42562929061784,64.11042944785275,169.16884685047293,25.6775,28.729,19.7025,25.932121797630607,26.296032928819958,4.176808489923101,-6.888509868077552,35.7695723892907,3.1539193312138503,5.9405940594059405,3.168316831683171,2.7722772277227747,83.33333333333334,656560025.0,12287530.0,19176989.25,316029039.75,549833996.5458333,1.997496649041752,2.077530677305423,1.1785714285714286,4.405874499332444,59.135506802895286,69.62233211007208,30.834387855051332,50.0,39.6,9.845,56.8139808435557,-29.32628797886394,-29.32628797886394,-7.340513695170814,19.126970352227346,0.35206918945554017,0.13353240228592417,-6.394939361388174,21.76589021445068,0.05977300040518525,0.023058795628439134
1778025600,26.65,27.5,26.1,26.7,19346900,2026-05-06,BSR,2026-05-06,-0.18691588785046953,6.800000000000006,1.3282732447817747,19.19642857142858,58.928571428571416,167.0,25.695,28.773000000000003,19.778724999999998,26.005253054999123,26.31187477474859,3.911266783420886,-7.204671045772093,34.9935347197557,2.6715638703131983,5.2336448598130785,0.18691588785046995,-0.37383177570093906,42.85714285714275,516562230.0,12761950.0,19129414.25,328868577.5,550154844.3791667,1.5159830590152759,1.5707254062604994,1.1999999999999997,4.4943820224719095,58.87753435870603,69.49693871092212,30.736439381506326,46.44808743169398,39.6,9.845,56.645941858511165,-29.458388375165136,-29.458388375165136,-10.973097268982746,15.79792443811274,0.33971284233434673,0.12913648962016627,-10.426188149665894,18.033758173706627,0.04965516220255818,0.019233399665079993
1778112000,26.5,26.65,25.45,25.5,15910000,2026-05-07,BSR,2026-05-07,-4.49438202247191,8.974358974358987,1.5936254980079667,6.694560669456062,54.54545454545454,156.59086335278727,25.714999999999996,28.759,19.849104999999998,25.957133716427776,26.28003654828786,-0.8360878864475896,-11.332104732431592,28.46926851361813,-1.7611101496097237,4.494382022471908,-3.7453183520599254,-0.7490636704119868,4.166666666666728,405705000.0,13061085.0,18852319.25,336695066.0,543956540.5458333,1.2181223841663997,1.2049627124622015,1.1607142857142858,4.551820728291317,58.60966518201348,68.93974570958684,30.377960850458397,45.69892473118279,39.6,9.845,52.61300621744244,-32.628797886393656,-32.628797886393656,-12.377801197076788,1.0200519509395933,0.368681852634587,0.14084290513355788,-11.63169785120919,2.9631019629685396,0.0654501549987767,0.025534784730116028
1778198400,26.3,26.4,25.55,25.95,10019900,2026-05-08,BSR,2026-05-08,1.764705882352935,9.957627118644051,3.1809145129224614,8.577405857740583,62.69592476489028,160.30695154980438,25.755000000000003,28.717999999999996,19.921425,25.956454314863226,26.267093938551085,0.7571345369830951,-9.638554216867457,30.26176591283003,-0.024865934248696764,3.333333333333325,-1.3725490196078487,3.1372549019607954,47.05882352941171,260016405.0,13017620.0,18625024.25,336002717.25,538866536.6291667,0.769718274154569,0.7738520900309773,1.15,4.431599229287091,58.892251637263705,69.01260771130767,30.377960850458397,48.958333333333336,39.6,10.0,53.88513513513513,-31.43989431968296,-31.43989431968296,-10.99639273459474,2.954267002551436,0.371279319142765,0.1416746948998413,-9.48095755382532,4.754490390375787,0.06204370349850266,0.024175685885859256
1778457600,26.35,27.75,25.8,27.75,27083100,2026-05-11,BSR,2026-05-11,6.936416184971095,9.90099009900991,7.976653696498048,15.384615384615374,78.45659163987138,171.6061466183811,25.857499999999998,28.686,20.002435000000002,26.127268189638155,26.325247117431438,7.318959682877324,-3.2629157080108717,38.73310924394953,6.210874395989885,7.5144508670520205,5.394990366088627,1.5414258188824803,100.0,751556025.0,13643215.0,18773535.916666668,354856526.5,544108366.7125,1.9850966212875778,2.1179151822645146,1.239285714285714,4.465894465894466,63.24667863615403,70.36559624614038,30.377960850458397,58.8235294117647,39.6,10.217,59.67055780553381,-26.68428005284016,-26.68428005284016,0.0662611656848,9.57528987371068,0.32807512235541847,0.12261930411740522,2.3060460870087063,12.75307614540786,-0.0030186246414739422,-0.0011622430849180859
1778544000,28.2,29.45,27.55,29.1,27100600,2026-05-12,BSR,2026-05-12,4.86486486486486,8.785046728971956,16.400000000000013,19.262295081967217,86.53846153846155,166.26406807576174,26.0625,28.668000000000003,20.089109999999998,26.410385504910714,26.434060955963538,11.654676258992813,1.506906655504392,44.85460032823756,10.183927434869066,6.846846846846842,3.243243243243251,1.6216216216216273,81.57894736842115,788627460.0,14553985.0,18816367.583333332,383181399.5,547276339.7125,1.862074201670539,2.058104754116594,1.2964285714285713,4.455081001472753,63.91449958526761,70.94194631454884,30.225386662141123,60.434782608695656,39.6,10.495,63.92372444597149,-23.117569352708056,-23.117569352708056,6.9325103070226195,12.612308545749638,0.33792294435640563,0.12514279481818288,9.14364102537326,14.961208892668653,0.01896790833577068,0.007229005762734947
1778630400,29.3,31.1,28.6,30.2,31372300,2026-05-13,BSR,2026-05-13,3.7800687285223233,13.108614232209748,12.897196261682243,23.014256619144604,91.13924050632912,171.70490328385063,26.234999999999996,28.648000000000003,20.182525000000002,26.771301171109695,26.5817448400434,15.113398132266065,5.417481150516612,49.6343990655282,12.807367139070514,8.59106529209622,3.092783505154634,0.6872852233676952,63.999999999999915,947443460.0,15117595.0,18816885.916666668,403669688.75,550243289.7125,2.0752176520140937,2.3470760535274398,1.4142857142857141,4.683065279091768,60.740598980458024,71.28012791819157,30.225386662141123,66.80497925311204,39.6,10.495,67.70314378972684,-20.21136063408191,-20.21136063408191,4.418910547396539,14.875218515823033,0.33975618275640607,0.12419387150599565,6.918656357210274,17.873795618938807,0.008854934308244668,0.0033431750176075776
1778716800,30.5,31.1,29.65,30.25,15952800,2026-05-14,BSR,2026-05-14,0.16556291390728006,18.627450980392158,10.60329067641681,22.718052738336713,88.47352024922117,171.3978108738561,26.380000000000003,28.586000000000002,20.27619,27.1026058214802,26.72559798357111,14.670204700530686,5.821031274050226,49.18976395466801,11.612884012891955,4.8013245033112675,-0.8278145695364238,0.9933774834437026,41.3793103448276,482572200.0,15243800.0,18909280.916666668,409434551.5,554009754.4625,1.0465107125519884,1.1786308659883582,1.4607142857142856,4.828807556080283,60.477474328883915,71.28239582760824,30.225386662141123,67.21991701244812,39.6,10.495,67.87493557807936,-20.079260237780716,-20.079260237780716,1.1374699641777628,12.99397847430963,0.3341775420774976,0.12275545420117145,3.1793425235757233,16.512430866946648,0.006989464755152453,0.0026484808440203314
1778803200,29.9,31.9,29.9,31.75,19692700,2026-05-15,BSR,2026-05-15,4.958677685950419,22.350674373795766,20.72243346007605,37.445887445887436,98.4375,182.52358070831113,26.652499999999996,28.508000000000003,20.377200000000002,27.545214790863035,26.9226333567644,19.125785573585972,11.37224638697909,55.81139705160669,15.26502966508625,6.6115702479338845,6.1157024793388475,-1.1570247933884392,92.50000000000007,625243225.0,15379595.0,18616415.916666668,418372220.75,550083603.8791667,1.2804433406731452,1.4944663961654772,1.5642857142857143,4.926884139482564,60.02485175144084,70.46950402048216,28.75826921326529,71.64179104477611,39.6,10.495,73.02868922865487,-16.116248348745053,-16.116248348745053,12.502908215799312,27.892459055266983,0.314862878217043,0.11702749037246063,15.378106317182215,32.37307464805183,-0.014629792453805086,-0.005623077348242572
1779062400,32.0,33.95,31.95,33.45,20890200,2026-05-18,BSR,2026-05-18,5.354330708661426,20.540540540540555,27.91586998087956,42.64392324093818,103.34346504559275,197.65082754938607,27.017500000000002,28.42,20.484389999999998,28.10757528697132,27.17860851924423,23.808642546497637,17.6988036593948,63.295074932668285,19.00706360646147,6.299212598425208,4.5669291338582765,0.7874015748031482,75.00000000000004,698777190.0,15858155.0,18734840.916666668,438511487.75,556342370.1291667,1.3173159172678033,1.5935208301735078,1.592857142857143,4.761904761904762,61.614600067932734,71.11214229143908,28.93512148081176,79.85865724381625,39.6,10.495,78.86961003264045,-11.62483487450462,-11.62483487450462,20.846756049799108,35.348378259442775,0.3183301429973105,0.11532396846603012,23.594397713342865,40.371445855761515,-0.03570868564699926,-0.013363669095422937
1779148800,33.45,33.85,31.15,31.15,31727500,2026-05-19,BSR,2026-05-19,-6.875934230194336,7.0446735395188975,20.736434108527124,30.334728033472814,91.10429447852759,177.1845524114611,27.284999999999997,28.331,20.57884,28.39733002154548,27.33434936162681,14.165292285138364,9.950231195510217,51.36907619671467,9.6934112339647,8.071748878923774,-6.875934230194332,0.0,0.0,988311625.0,16964720.0,19081360.916666668,475547971.0,568457937.7125,1.8702047543372364,2.0782585254685064,1.7214285714285715,5.526255445998625,67.61436711983761,72.73003339930904,35.795954963721464,68.69300911854103,39.6,10.495,70.96718776842467,-17.70145310435932,-17.70145310435932,15.620571637856774,24.886266270274728,0.3542209216452265,0.12550764238476952,18.29806285564084,29.79021212200377,0.0019496448472725652,0.0007142152428300212
1779235200,30.35,32.3,29.0,31.8,27302800,2026-05-20,BSR,2026-05-20,2.0866773675762618,5.298013245033117,19.10112359550562,29.795918367346943,96.2962962962963,185.3041449847479,27.540000000000003,28.226,20.67654,28.721393829017337,27.509472916072816,15.46840958605664,12.662084602848434,53.79749223032482,10.71886061418208,10.593900481540922,4.654895666131619,-2.568218298555369,84.84848484848494,868229040.0,17808605.0,19313665.916666668,505041914.5,577471250.8791667,1.5331240150477816,1.7191227402572347,1.8357142857142856,5.772686433063791,67.12045605748037,72.68631144072444,35.795954963721464,77.09677419354837,39.6,10.495,73.20048101700738,-15.98414795244386,-15.98414795244386,13.814881801947497,24.9090980898387,0.34811028913369785,0.12333745313174528,17.047414293706417,29.285673846283267,0.001416145368429018,0.000519082697666447
1779321600,31.5,31.55,30.35,30.7,8311400,2026-05-21,BSR,2026-05-21,-3.459119496855345,1.4876033057851235,17.39961759082218,17.17557251908397,91.27725856697818,179.3194431807843,27.767500000000002,28.118000000000002,20.76843,28.909832511968066,27.634591625246433,10.560907535788221,9.182729923892152,47.8205141168591,6.19224441127717,3.773584905660375,-2.5157232704402537,-0.9433962264150941,29.166666666666508,255159980.0,17831055.0,19211894.25,507519825.5,575428188.2125,0.46611936309993995,0.5027586454354186,1.8857142857142857,6.142391810144253,68.13229536013756,71.89521645506152,36.566523132644434,71.64634146341461,39.6,10.495,69.421061673252,-18.89035667107002,-18.89035667107002,14.14559360750054,15.199914772892821,0.29701379794796584,0.10543295343672826,16.48027302824502,17.778082569088873,-0.037256378455004555,-0.013762162514326068
1779408000,30.95,31.1,29.6,29.7,12254000,2026-05-22,BSR,2026-05-22,-3.2573289902280145,-6.456692913385831,13.793103448275845,6.071428571428572,87.97468354430377,174.87274409995374,27.9475,28.035999999999998,20.856095,28.9850865584473,27.715588032099514,6.270686107880841,5.935226137822802,42.404414632748846,2.4664871712944736,4.88599348534202,-4.071661237785016,0.8143322475570036,6.666666666666525,363943800.0,17978225.0,18886109.25,513566682.5,566653404.8791667,0.6816023272597823,0.7086592888548606,1.875,6.313131313131313,69.632068084692,70.97152065557027,36.959720030194646,64.12698412698411,39.6,10.495,65.98522590620168,-21.5323645970938,-21.5323645970938,11.412384814857424,5.562224343587774,0.3039953506617389,0.10968066772640889,13.601282494452382,8.017938555093874,-0.041722297472131034,-0.015629179257628918
1779667200,28.5,29.2,28.05,28.2,15121000,2026-05-25,BSR,2026-05-25,-5.05050505050505,-15.695067264574003,8.670520231213864,-3.918228279386715,81.35048231511253,160.99028227672375,28.059999999999995,27.877000000000002,20.933934999999998,28.91031641002375,27.734584579860318,0.49893086243764095,1.1586612619722159,34.709503970467104,-2.456965188307214,3.8720538720538675,-1.0101010101010124,-4.040404040404033,13.043478260869456,426412200.0,18461240.0,18699207.583333332,527802034.25,560878021.7958333,0.8190674082564334,0.8079017743952547,1.8678571428571427,6.623606889564336,72.50559891770642,71.1074120288418,38.92366989371957,54.603174603174594,39.6,10.495,60.83147225562616,-25.495376486129462,-25.495376486129462,7.123651120138642,-5.268105489998732,0.30078594712302315,0.10833244046790547,8.852705566528696,-2.5560378459447475,-0.05751559079362626,-0.02152372175342632
1779753600,28.7,29.25,28.3,28.5,7751100,2026-05-26,BSR,2026-05-26,1.0638297872340496,-8.50722311396468,13.99999999999999,-5.000000000000004,85.06493506493507,167.6056338028169,28.234999999999996,27.691000000000003,21.012349999999998,28.871238656688156,27.764600870846188,0.9385514432442177,2.921526849879008,35.63451969912934,-1.2858424991826878,3.368794326241132,-0.7092198581560258,1.773049645390068,21.05263157894731,220906350.0,18007475.0,18440494.25,517814351.75,552922844.2958333,0.4304379153657023,0.4266130308158266,1.842857142857143,6.466165413533835,70.81587530984844,70.99556912407729,38.607140361350545,55.625,39.6,10.495,61.862222985741276,-24.702774108322323,-24.702774108322323,13.261104814046476,-5.24153561320253,0.28772055641865235,0.10346986597153172,13.84393057874096,-2.9747031142804747,-0.06908867379241326,-0.025825327179531735
1779840000,28.8,29.15,28.2,28.25,7027500,2026-05-27,BSR,2026-05-27,-0.8771929824561431,-11.16352201257862,12.99999999999999,-9.455128205128204,79.93630573248409,162.96192869775666,28.397499999999997,27.552000000000003,21.09013,28.812073070336904,27.783636130813004,-0.5194119200633729,2.533391405342611,33.94891354391842,-1.9508248121013483,3.3333333333333304,-1.9298245614035112,1.0526315789473717,5.263157894736921,198526875.0,17973800.0,18253811.583333332,518114445.5,546752826.3458333,0.39098576817367503,0.3831718585039915,1.8214285714285714,6.447534766118837,71.00759784576378,70.52776228712335,38.283474537418726,59.136212624584715,39.6,10.557,60.92001514995007,-25.36327608982827,-25.36327608982827,11.859325847546787,-9.141353495369819,0.28949220681193855,0.10489360849357969,12.451134024718847,-7.549465539916611,-0.05877888203252749,-0.022112210348489883
1779926400,28.25,29.25,27.5,28.5,14151400,2026-05-28,BSR,2026-05-28,0.8849557522123908,-7.166123778501632,21.794871794871806,-14.542728635682167,83.87096774193547,162.26189380693842,28.652499999999996,27.467000000000002,21.169469999999997,28.782351825542914,27.811728831565436,-0.5322397696535974,3.7608766883896916,34.627839053127005,-0.9809894175928369,6.1946902654867255,0.8849557522123894,0.0,57.14285714285714,403314900.0,17668185.0,18421378.25,514571661.5,551197269.8458333,0.8009538048192273,0.7837876241072401,1.8821428571428573,6.604010025062658,65.8573549023242,69.05515525414216,33.98470118718427,58.585858585858574,39.6,10.557,61.78080776779258,-24.702774108322323,-24.702774108322323,22.44364780988374,-15.49446472798487,0.37736534032119046,0.1382587563517397,23.83170925935697,-13.999150368866298,0.040547329313786656,0.015348125763627894
1780012800,28.4,29.95,28.0,29.75,14394100,2026-05-29,BSR,2026-05-29,4.385964912280693,0.16835016835017313,26.05932203389829,-16.549789621318368,91.93548387096774,172.98586896678293,28.959999999999997,27.452,21.250725,28.874508794538826,27.887739465621696,2.7279005524861955,8.370974792364837,39.99522369236814,3.032055754405638,6.842105263157892,4.736842105263163,-0.35087719298245723,89.74358974358978,428224475.0,17903320.0,17844213.25,524547033.25,529205917.7625,0.8039905447704672,0.8163700256710965,1.8821428571428573,6.326530612244899,66.88744555025477,68.1437394237678,33.98470118718427,56.99300699300699,39.6,10.619,66.01221489941686,-21.400264200792606,-21.400264200792606,25.55287685834142,-19.326740105009634,0.4727481963654137,0.17355420239056896,27.329375179368565,-18.474407479281464,0.15671566812345308,0.05885432887111379
1780272000,29.8,29.85,28.5,28.6,9001700,2026-06-01,BSR,2026-06-01,-3.8655462184873923,1.4184397163120588,13.267326732673279,-24.438573315719946,85.71428571428572,161.6890840882057,29.127499999999998,27.410999999999998,21.325925,28.848365099820843,27.91567125128359,-1.811003347352147,4.337674656159951,34.10907147052238,-0.8609330163475537,4.5378151260504245,-4.0336134453781485,0.1680672268907557,7.407407407407505,257448620.0,17947765.0,17536068.333333332,527177054.25,516154870.5833333,0.5015499144322427,0.4883532352641276,1.8428571428571432,6.443556443556445,65.61467376932173,67.22748700253698,34.9164124617816,48.22695035460993,39.6,10.619,62.0440978572168,-24.338624338624328,-24.438573315719946,13.780794473738833,-25.883353243893435,0.48472078689511994,0.18103631975956963,14.503788199351852,-26.134432822090915,0.17400525646496307,0.06626695445599982
1780358400,28.9,29.1,27.45,27.7,10549500,2026-06-02,BSR,2026-06-02,-3.146853146853157,-2.8070175438596467,3.5514018691588767,-22.19101123595506,81.63934426229508,146.48513970457375,29.175,27.379,21.394764999999996,28.738996995076,27.907213555154822,-5.0556983718937465,1.1724314255451285,29.470924312559667,-3.615286209376123,5.769230769230776,-4.195804195804193,1.0489510489510412,15.151515151515133,292221150.0,17248025.0,17255420.0,508960110.5,504774772.4166667,0.6116352451947397,0.574153345166723,1.7821428571428577,6.433728726147502,63.90601358667497,66.47830226385814,35.02550745606672,41.00719424460432,39.6,10.619,58.938614954625436,-26.71957671957672,-26.816380449141352,6.1318749736739,-23.18409393939602,0.48002919040082087,0.18173424511262368,6.46977022028814,-23.7470449199922,0.16269945470038694,0.062704849369081
1780444800,28.0,28.35,27.7,27.85,4898600,2026-06-03,BSR,2026-06-03,0.5415162454873723,-1.415929203539823,4.307116104868913,-24.831309041835347,82.02614379084967,152.67646525131556,29.232500000000005,27.375,21.465439999999997,28.65433061459257,27.904969886325222,-4.729325237321492,1.7351598173515947,29.743438755506556,-2.8070124038526822,2.346570397111921,-0.5415162454873594,1.0830324909747224,23.07692307692333,136426010.0,16525610.0,16977711.666666668,489953299.5,493734560.0,0.296424761324998,0.2784469665562483,1.7250000000000003,6.193895870736086,63.892024208298714,65.87024483767247,35.12887435015698,41.428571428571445,39.6,10.619,59.456195438390665,-26.322751322751316,-26.420079260237785,8.124269235156568,-27.725801756108126,0.5650807964442891,0.21219842932333396,8.145122153344374,-28.52894425680863,0.22790901620675239,0.08743798008664623
1780531200,28.3,29.5,28.25,28.9,7152700,2026-06-04,BSR,2026-06-04,3.7701974865349985,1.403508771929829,13.33333333333333,-19.944598337950147,87.05501618122977,169.79088872292755,29.402500000000003,27.430999999999997,21.538885,28.67772769891709,27.94399067509678,-1.7090383470793502,5.355255003463233,34.17593343388015,0.7750694316387641,4.488330341113106,2.154398563734283,1.6157989228007263,51.99999999999989,206713030.0,16087745.0,16504498.333333334,480003701.0,475793234.6666667,0.4446055056193394,0.4306488253514529,1.7000000000000004,5.882352941176473,62.40487283511039,66.25522192664927,33.729568746752406,39.483394833948346,39.6,10.619,63.07925882474724,-23.544973544973548,-23.645970937912818,17.39093386973701,-30.760249449101583,0.6876823622039299,0.21413152293380006,17.989675019639904,-31.264802076908204,0.19284682566799818,0.06188336542805981
1780617600,28.8,29.4,28.3,28.5,6092200,2026-06-05,BSR,2026-06-05,-1.384083044982698,-4.201680672268903,9.826589595375722,-15.680473372781057,87.5,157.12739083363408,29.53,27.473000000000003,21.611725,28.66080125140118,27.96579496234789,-3.487978327124963,3.7382157026899065,31.87286068094981,-0.5610493928299265,3.806228373702415,-1.0380622837370268,-0.34602076124566894,18.18181818181815,173627700.0,15891360.0,16076825.0,475684265.75,460799731.6666667,0.3833655520987505,0.36500618687953734,1.6214285714285714,5.68922305764411,62.69346673076056,65.07608908109357,33.3633773530689,29.79591836734693,39.6,10.681,61.61693004599053,-24.603174603174594,-24.702774108322323,13.819029698332319,-25.352275034348526,0.7759129890086851,0.24402574347618064,14.058868314409889,-23.809120703152963,0.3998205991590942,0.1249640966035985
1780876800,28.45,29.1,28.3,28.6,7422600,2026-06-08,BSR,2026-06-08,0.35087719298245723,0.0,3.063063063063076,-20.88520055325034,91.94630872483222,160.94890510948906,29.5725,27.495,21.68429,28.65501065602964,27.99066574813817,-3.288528193422946,4.018912529550822,31.892720490271987,-0.19197569559465943,2.8070175438596516,0.5263157894736916,-0.17543859649122862,37.50000000000006,212286360.0,14908335.0,15883546.666666666,448720782.5,452878709.4166667,0.49788256032615313,0.47309232885820257,1.4857142857142855,5.194805194805194,57.96724882481986,63.360188275672556,33.3633773530689,37.31343283582092,39.6,10.681,61.96272346899963,-24.338624338624328,-24.438573315719946,8.600915872348224,-24.483450897511318,0.5480642224710365,0.17590538949466675,8.145125880692007,-23.365173462443224,0.17797531895057697,0.0568046218881298
1780963200,28.8,28.8,28.05,28.05,5079800,2026-06-09,BSR,2026-06-09,-1.9230769230769273,1.2635379061371799,-3.6082474226804107,-25.79365079365079,94.11764705882355,152.361673414305,29.52,27.511,21.749305000000003,28.597390593550625,27.99299258154452,-4.979674796747968,1.959216313474621,28.969638340167634,-1.9141277654684763,2.6223776223776225,-2.6223776223776225,0.6993006993006867,0.0,142488390.0,13807295.0,15680843.333333334,416413829.0,444391055.9166667,0.3679069651224226,0.3421797742456819,1.3035714285714286,4.6473134708428825,55.708434429467644,62.61861203942568,32.99255055465542,31.155778894472363,39.6,10.681,60.06085964244959,-20.3125,-25.89167767503303,2.0753042053244246,-30.67429608702179,0.6146745333794797,0.19823096540917423,1.3601795747927636,-30.746871570078362,0.25812565515850056,0.08237215003673332
1781049600,28.15,28.45,27.9,27.95,4454200,2026-06-10,BSR,2026-06-10,-0.35650623885918886,0.35906642728904536,-7.450331125827814,-20.596590909090917,94.09722222222221,151.46198830409355,29.407500000000006,27.517999999999997,21.808560000000003,28.5357343465458,27.99130659795454,-4.956218651704514,1.569881532088102,28.16068552898492,-2.0526345649019673,1.9607843137254926,-0.7130124777183575,0.35650623885916666,9.090909090909207,124494890.0,12461390.0,15161533.333333334,375266400.5,425573128.0833333,0.3574400608599843,0.33175069719571126,1.2392857142857143,4.433938154868388,53.76385645921366,61.154618874933654,32.802445632158076,34.6368715083799,39.6,10.681,59.715066219440494,-16.4424514200299,-26.155878467635407,-2.4639480708912203,-26.93236886504056,0.5577220930347284,0.18365757033790997,-3.411202371870159,-26.389102777886777,0.22842963281095455,0.07462171550802664
1781136000,28.3,28.7,28.05,28.05,4474400,2026-06-11,BSR,2026-06-11,0.3577817531305927,-2.941176470588225,-7.272727272727275,-14.351145038167934,96.8421052631579,152.361673414305,29.297500000000003,27.496,21.862740000000002,28.489473932589057,27.993608299995543,-4.25804249509345,2.014838521966844,28.300478348093595,-1.54258352972374,2.3255813953488325,-0.8944543828264758,1.2522361359570633,0.0,125506920.0,11887470.0,14935676.666666666,357413136.5,417825827.5833333,0.3763963231873561,0.3511536291839682,1.1857142857142857,4.2271454036159914,53.79175742508154,59.57447533209987,32.802445632158076,39.75155279503107,39.6,10.681,60.06085964244959,-16.143497757847534,-25.89167767503303,-0.6846911670693956,-20.576007872665723,0.5344532453980201,0.18073059445345,-1.4069810264374816,-19.43967762603943,0.21260449043678956,0.07152812292280795
1781222400,28.0,28.6,27.75,28.1,6629500,2026-06-12,BSR,2026-06-12,0.17825311942958333,-1.4035087719298178,-11.496062992125978,-7.868852459016384,108.14814814814815,157.84547623417146,29.115000000000002,27.505,21.911289999999997,28.452381177104385,27.99778052352513,-3.486175510905032,2.163243046718777,28.244389079784927,-1.2384945038903972,3.030303030303035,0.3565062388591851,-0.17825311942959443,41.17647058823539,186288950.0,11234310.0,14770790.0,335465422.75,412531604.25,0.5901118982830276,0.5553149068922931,1.1285714285714288,4.016268429079817,50.11844473680244,57.926428702337226,32.802445632158076,49.24242424242426,39.6,10.681,60.23375635395415,-15.994020926756358,-25.75957727873184,-4.733469320185936,-12.625940438247984,0.6013409565589849,0.2084765853497731,-6.316065137860351,-11.642769679415066,0.2891494827147744,0.09950541588675071
1781481600,26.8,27.8,26.2,26.5,14670800,2026-06-15,BSR,2026-06-15,-5.693950177935947,-7.342657342657343,-20.777279521674153,-13.539967373572592,84.02777777777777,145.96250232040097,28.767500000000002,27.509,21.95122,28.266440112618255,27.939044032406496,-7.882158686017215,-3.6678905085608338,20.722219539506238,-6.24924859862247,5.693950177935948,-1.0676156583629919,-4.626334519572961,18.75000000000003,388776200.0,10923340.0,14397301.666666666,319965373.25,400069456.5,1.3430690612944391,1.215057104620617,1.1892857142857147,4.487870619946093,48.12731485395224,59.04603063422276,35.44665472346576,37.341772151898745,39.6,10.681,54.70106158580863,-20.777279521674153,-29.986789960369887,-14.105391392375521,-18.52762659298175,0.5798550898967515,0.19732190856216555,-16.677825366267264,-18.550562181046757,0.23874135510520175,0.08086601526700782
1781568000,26.45,27.0,26.2,26.8,6795300,2026-06-16,BSR,2026-06-16,1.132075471698113,-4.456327985739749,-13.96468699839486,-8.532423208191132,74.02597402597402,149.4647677557479,28.55,27.526999999999997,21.998995,28.126779149511755,27.89437563897879,-6.129597197898429,-2.641043339266891,21.82374694844014,-4.717138576226865,3.0188679245283048,1.3207547169811376,-0.18867924528301883,75.00000000000011,182114040.0,9676730.0,14243065.0,279655494.0,395267184.6666667,0.7022310222564854,0.6512085187212521,1.178571428571429,4.39765458422175,43.591064700674494,58.438876224410386,30.419662864132302,40.8805031446541,39.6,10.805,55.54783816634833,-19.880418535127063,-29.194187582562748,-8.476247797796821,-14.936288715833268,0.5460456677011178,0.18697749004121567,-10.647219243333085,-14.249205199249227,0.19729929519549716,0.06726039367299202
1781654400,26.45,27.1,26.3,26.35,8234600,2026-06-17,BSR,2026-06-17,-1.6791044776119368,-5.7245080500894385,-17.138364779874216,-6.060606060606055,72.78688524590164,142.4772246250115,28.277499999999996,27.526999999999997,22.050405,27.957562087653493,27.833811888430606,-6.81637344178232,-4.275801939913526,19.498938908378328,-5.750008110912564,2.9850746268656745,-0.37313432835820104,-1.3059701492537323,6.2500000000000835,216981710.0,8723320.0,13813178.333333334,247093127.5,382975550.0,0.94397545888492,0.8781373735293386,1.1107142857142862,4.215234480889132,42.416818908450864,57.88557955746108,29.937685710384315,36.80981595092027,39.6,10.929,53.78605559624708,-21.225710014947687,-30.383091149273444,-11.54416021481931,-15.672757947049277,0.45672681593610914,0.14931276998633286,-13.601049728665217,-14.913825488967735,0.06639112323519772,0.021600733935177755
1781740800,26.3,27.0,26.3,26.4,7942500,2026-06-18,BSR,2026-06-18,0.1897533206830948,-5.882352941176483,-14.006514657980462,1.1494252873563093,76.5886287625418,130.46704495853336,28.0625,27.553,22.097420000000003,27.8092228412103,27.77758397123725,-5.924276169265042,-4.184662287228258,19.470960863304377,-5.067465744213406,2.6565464895635644,0.3795066413662158,-0.189753320683117,14.285714285713997,209682000.0,8704875.0,13526061.666666666,244819228.5,375521517.5,0.9124197647869728,0.8564768432803063,1.021428571428572,3.8690476190476213,41.46541752684945,56.06434024287045,29.503334712236047,25.899280575539578,39.6,10.929,53.9604478392801,-21.07623318385652,-30.250990752972264,-10.504993747437407,-13.88982256171072,0.1825104117478022,0.05705725624198571,-11.032916500634759,-11.841011518019751,-0.24679525260218738,-0.07717435048763382
1781827200,26.6,26.65,26.0,26.05,7749900,2026-06-19,BSR,2026-06-19,-1.325757575757569,-7.295373665480431,-12.289562289562284,-1.325757575757569,63.322884012539205,115.75285737949312,27.880000000000003,27.570999999999998,22.145625,27.641677808714082,27.709835580208335,-6.563845050215211,-5.516666062166764,17.630457483137207,-5.758253242544864,2.4621212121212066,-2.083333333333336,0.7575757575757791,7.692307692307819,201884895.0,8479670.0,13319720.0,236716283.25,370028889.75,0.9139388679040575,0.8528559684539572,0.9714285714285718,3.7290924047162064,40.4515855719966,56.09219773387111,28.64140525560529,29.268292682926827,39.6,10.929,52.739702138048905,-22.122571001494773,-31.175693527080583,-9.487412198732127,-14.315842851059935,0.17717704837654613,0.05486665863218489,-9.93443307074312,-12.251888546969193,-0.2695027974175107,-0.08303100979253937
1782086400,26.4,26.85,26.25,26.4,6723800,2026-06-22,BSR,2026-06-22,1.3435700575815668,-0.37735849056603765,-6.382978723404253,-4.0000000000000036,60.48632218844985,124.39439014024649,27.790000000000003,27.585,22.19357,27.52342277931274,27.658469479023694,-5.001799208348345,-4.295812941816212,18.95337253087266,-4.08169720866669,2.303262955854132,0.0,1.3435700575815668,24.9999999999997,177508320.0,8059810.0,13149346.666666666,224271089.25,365220353.4166667,0.8342380279435868,0.7914899802449682,0.9107142857142859,3.4496753246753253,37.422050423852795,55.50013468265753,25.19115168829839,38.39285714285713,39.6,10.929,53.9604478392801,-21.07623318385652,-30.250990752972264,-4.892016225458839,-16.044458113967643,0.06489693327005669,0.019796346205582453,-4.325819472865112,-13.114303505204639,-0.4273402722337223,-0.1281422414680831
1782172800,26.55,26.55,25.1,25.1,15250800,2026-06-23,BSR,2026-06-23,-4.924242424242409,-6.343283582089554,-11.929824561403501,-7.889908256880728,54.93827160493829,112.78399457443204,27.620000000000005,27.587,22.237025,27.29262060985438,27.558137342591394,-9.123823316437374,-9.015115815420305,12.87481126634522,-8.033748906701554,5.49242424242424,-5.49242424242424,0.5681818181818343,0.0,382795080.0,8434795.0,13244345.0,232365525.75,367262571.0,1.8080818798797125,1.6473832715264562,0.9678571428571429,3.8560045532157083,40.437014343553535,56.38154697590213,28.42274922815212,29.629629629629605,39.6,10.929,49.42624952042134,-24.962630792227202,-33.68560105680317,-11.126291990205416,-21.53492263701485,0.02343948339049654,0.006991092003919025,-10.313374046092083,-19.27134580049551,-0.5051990609400878,-0.14704843808251958
1782259200,25.3,25.75,24.3,25.55,13355000,2026-06-24,BSR,2026-06-24,1.7928286852589626,-3.0360531309297945,-9.557522123893802,-7.427536231884058,58.2043343653251,119.48286229705354,27.485000000000003,27.563,22.279480000000003,27.126656742249203,27.479386858568205,-7.040203747498641,-7.303268874941038,14.67951675712358,-5.812204420287415,5.776892430278881,0.9960159362549801,0.7968127490039834,86.20689655172417,341220250.0,8751170.0,13285975.0,239500194.5,367955263.1666667,1.5260816553672252,1.4247180496548615,0.9535714285714286,3.7321778026279007,41.2976003839365,56.443499223840675,28.74765777266149,22.764227642276424,39.6,10.929,50.995779707718604,-23.617339312406582,-32.49669749009247,-9.749047014127088,-19.69558979477264,0.0003131094415300972,9.173100372566675e-05,-8.948857428423928,-17.782567441910803,-0.5373798415388726,-0.15379870872057969
1782345600,25.45,25.45,24.6,24.6,8790200,2026-06-25,BSR,2026-06-25,-3.7181996086105618,-6.818181818181812,-13.684210526315788,-15.608919382504283,54.71698113207548,115.92205740366892,27.290000000000003,27.508000000000003,22.317805,26.8860227667969,27.36646972685965,-9.85709050934409,-10.571470117783921,10.225893630668438,-8.502643870479943,3.326810176125236,-3.326810176125236,-0.391389432485334,0.0,216238920.0,8483110.0,13104178.333333334,230146395.5,361989300.1666667,1.0362001671556775,0.9395711782937743,0.9428571428571431,3.8327526132404186,42.511199622408036,55.66599793636914,29.678134283166237,20.895522388059703,39.6,10.929,47.682327090091036,-26.45739910313901,-35.00660501981506,-13.65201598543676,-27.67058406425631,0.12797476388495496,0.03811384393799167,-13.92423212825995,-26.244046761196493,-0.44746521772445114,-0.12954601016048684
1782432000,24.7,24.9,24.25,24.25,5812700,2026-06-26,BSR,2026-06-26,-1.4227642276422814,-6.9097888675623835,-18.487394957983195,-12.296564195298366,49.23076923076923,108.31543681814276,27.015000000000004,27.467000000000002,22.35469,26.63497297948291,27.244255227767113,-10.2350545992967,-11.712236501984208,8.478355101323242,-8.954290966692813,2.6422764227642217,-1.829268292682924,0.40650406504063596,0.0,140957975.0,8054040.0,12860113.333333334,215783070.5,354911516.5833333,0.7217123331893063,0.65323926790633,0.9321428571428572,3.8438880706921945,38.06405914731747,54.77525100936933,29.21348408391292,18.705035971222983,39.6,10.929,46.46158138885983,-27.50373692077729,-35.93130779392338,-18.9392353220313,-24.086422599946957,0.16355619718068304,0.0494270814154825,-19.063742188411915,-22.07908377618808,-0.3863704530395176,-0.1130662514249414
1782691200,24.5,24.85,24.15,24.4,9405400,2026-06-29,BSR,2026-06-29,0.6185567010309256,-7.57575757575758,-14.6853146853147,-7.2243346007604625,46.10778443113772,120.1371346084446,26.805,27.432,22.397895000000002,26.422118410008345,27.132715807070365,-8.972206677858608,-11.0527850685331,8.938808758590921,-7.653127499581547,2.8865979381443414,-0.41237113402062436,1.0309278350515427,35.71428571428557,229491760.0,8074225.0,12627938.333333334,214385227.5,348507476.4166667,1.1648672163582263,1.0704644283384683,0.9285714285714288,3.8056206088992988,36.879350614207894,53.90278672545301,28.21828849818731,22.13740458015262,39.6,10.929,46.98475811795891,-27.055306427503744,-35.535006605019824,-15.250767318491544,-16.152476098062163,0.2698982964916965,0.08211633691537917,-15.418084787490393,-14.875367987087973,-0.2737710919916296,-0.07970816431594827
1782777600,24.6,24.65,24.1,24.15,6235783,2026-06-30,BSR,2026-06-30,-1.0245901639344246,-3.784860557768932,-12.8158844765343,-6.756756756756754,49.07407407407407,119.72522973341823,26.627499999999998,27.399,22.438615,26.20572618048374,27.01574655973427,-9.304290676931737,-11.858097010839819,7.626963607156689,-7.844568650094141,2.2540983606557266,-1.844262295081979,0.819672131147553,9.090909090908621,150594159.45,7858539.15,12464698.05,207303877.9725,344097676.07416666,0.7935040954781016,0.726441593485179,0.9285714285714286,3.8450162673765167,35.81544467671718,53.85523672399999,27.34692875126596,21.641791044776085,39.6,10.929,46.112796902793754,-27.802690582959656,-36.19550858652577,-14.652213570360084,-16.503514524543306,0.25507651391700786,0.0774384857879715,-13.967436182320947,-14.458903017664792,-0.2800180409783563,-0.08156015874812877
1782864000,24.25,25.8,24.25,25.45,11720300,2026-07-01,BSR,2026-07-01,5.3830227743271175,-0.391389432485334,-8.617594254937167,-3.4155597722960285,58.07453416149067,130.90183269823984,26.5075,27.374000000000002,22.481965,26.13375225853291,26.954344733862342,-3.9894369518060913,-7.028567253598316,13.201848681821193,-2.616357007477399,6.418219461697726,4.96894409937888,0.41407867494824835,77.4193548387096,298281635.0,8199624.15,12495728.05,215396659.2225,344739512.07416666,1.429370393763719,1.384801584558847,0.992857142857143,3.901206848161662,41.62032411624972,54.88336608951598,27.34692875126596,33.54430379746833,39.6,10.96,50.593575418994405,-23.91629297458895,-32.76089828269485,-11.26738727421689,-14.292379800323861,0.29955219232171404,0.08880831580264258,-10.580017024105615,-12.989802056355813,-0.18156433689798634,-0.05170527548111923
1782950400,25.3,25.4,24.9,24.9,5272300,2026-07-02,BSR,2026-07-02,-2.161100196463661,1.21951219512193,-13.84083044982699,-0.7968127490039945,53.23076923076921,126.5489946319716,26.307499999999997,27.348999999999997,22.522875000000003,26.016252043434534,26.873782195279507,-5.350185308372135,-8.95462356941752,10.5542698256772,-4.2905951309625046,1.9646365422396856,-1.571709233791757,-0.5893909626718985,0.0,131280269.99999999,8105604.15,12418144.716666667,211625021.2225,342774596.07416666,0.6504512066506479,0.6203438007548904,0.9714285714285715,3.9013195639701665,38.945665605608006,54.1804716543524,27.193375793301517,30.95238095238092,39.6,10.96,48.67318435754189,-25.560538116591935,-34.214002642007934,-15.74086047903721,-12.221358567187966,0.2542013883708393,0.07605398540499553,-15.190279824035613,-10.206751482836529,-0.1855004212835249,-0.05355286599451153
1783036800,24.9,25.35,24.55,24.7,4937400,2026-07-03,BSR,2026-07-03,-0.8032128514056214,1.855670103092777,-13.33333333333333,-1.7892644135188873,47.02380952380951,123.46874151813986,26.1175,27.320999999999998,22.562165,25.890894705964577,26.78853583468031,-5.427395424523784,-9.593353098349255,9.475309661107435,-4.5996660968623315,3.212851405622493,-0.8032128514056196,0.0,18.749999999999805,121953780.0,8047864.15,12318948.05,209041325.2225,340242769.4075,0.6135043917211251,0.5833955552577678,0.8928571428571429,3.6148062463851938,38.8674810833065,54.20712526145069,27.242202776463166,37.142857142857125,39.6,10.96,47.97486033519552,-26.15844544095666,-34.74240422721269,-14.593869523446967,-12.789896291149228,0.2591776008101733,0.07761051963896162,-14.152955944445566,-10.567293268029577,-0.17822987555698439,-0.0515236096691368
1783296000,24.7,24.85,23.5,23.5,10575100,2026-07-06,BSR,2026-07-06,-4.858299595141702,-3.688524590163933,-17.832167832167833,-8.560311284046696,30.919220055710305,113.20994374886588,25.8625,27.272,22.592665,25.663190448253665,26.659573645085004,-9.134847752537457,-13.831035494279842,4.016060079676298,-8.429156353787903,5.465587044534419,-4.858299595141697,0.0,0.0,248514850.0,8205489.15,12252346.383333333,210852749.7225,338143352.9075,1.2887836187072406,1.1786180181527939,0.9321428571428572,3.9665653495440734,41.346693830272216,54.926235294966375,29.63504547577731,29.11392405063289,39.6,10.96,43.78491620111731,-29.745889387145,-37.91281373844122,-20.79050977561474,-13.510355404623965,0.26860485234707016,0.06550237560532086,-20.635746913234108,-11.672672172907962,-0.5042158965882753,-0.11220917577015443
1783382400,23.9,24.25,23.35,24.25,6980100,2026-07-07,BSR,2026-07-07,3.1914893617021267,0.41407867494824835,-13.547237076648845,-3.0000000000000027,30.3763440860215,120.01451642170204,25.672500000000003,27.256999999999998,22.62893,25.528600881753317,26.565080560964024,-5.540948485733777,-11.032028469750887,7.163705928649744,-5.008503551274535,3.8297872340425467,1.4893617021276655,1.7021276595744705,100.0,169267425.0,8300504.15,12220594.716666667,212191701.4725,337262309.99083334,0.8409248250300555,0.7977099190278043,0.9392857142857142,3.8733431516936667,43.66256254671581,55.05257988161721,30.049508762808586,37.195121951219484,39.6,11.022,46.28735390860101,-27.50373692077729,-35.93130779392338,-16.625790379679994,-9.42432687656909,0.21012047810954534,0.05021469160181948,-15.800915506092684,-7.224521020777974,-0.5685232240535643,-0.12484554734152549
1783468800,25.0,25.6,24.85,25.1,12717700,2026-07-08,BSR,2026-07-08,3.5051546391752675,-1.3752455795677743,-10.196779964221815,-6.168224299065416,27.41116751269037,127.08766850628788,25.53,27.259,22.67053,25.48778175015776,26.507626421318378,-1.684292988640812,-7.920319894346816,10.716423480174498,-1.5214417400422064,3.0927835051546393,0.41237113402062436,3.092783505154628,33.33333333333333,319214270.0,8713679.15,12097554.716666667,221927670.4725,333621253.24083334,1.4595097869767215,1.4383707507962835,0.9857142857142858,3.927148548662493,46.13433818121978,53.603632838517235,30.239498083215764,42.777777777777786,39.6,11.084,49.15135362603451,-24.962630792227202,-33.68560105680317,-12.968289796733702,-12.093938584779707,0.11293196346590263,0.02757961917654188,-12.107569012498942,-9.809387438317485,-0.6980979625091039,-0.15655568503833486
1783555200,25.3,26.65,25.3,26.35,21213500,2026-07-09,BSR,2026-07-09,4.980079681274896,5.823293172690769,-6.060606060606055,-3.656307129798908,34.43877551020409,137.06702654071074,25.445,27.318,22.71915,25.56989777395226,26.501444993031384,3.5566909019453696,-3.543451204334136,15.98145177086292,3.0508617318072417,5.378486055776883,4.183266932270919,0.7968127490039834,77.77777777777796,558975725.0,9550634.15,12227301.383333333,243601110.7225,336816266.24083334,2.22116140842857,2.2946353706767835,1.05,3.984819734345351,50.02260281026092,54.391441543312204,30.239498083215764,51.515151515151516,39.6,11.084,53.53485762379015,-21.225710014947687,-30.383091149273444,-8.400746502391666,-8.303371304083706,-0.009544065268630343,-0.002309776938957777,-8.106023257927442,-6.8474208258823115,-0.7697522846900495,-0.17101401919570688
1783641600,26.45,26.45,25.5,25.5,7831100,2026-07-10,BSR,2026-07-10,-3.2258064516129115,3.238866396761142,-9.25266903914591,-3.041825095057038,21.718377088305484,129.4197031039136,25.314999999999998,27.355999999999998,22.766154999999998,25.563240843099663,26.462172640363487,0.7307920205411822,-6.784617634157031,12.008373833877538,-0.24738977146058216,3.605313092979124,-3.605313092979124,0.3795066413662118,0.0,199693050.0,9610714.15,12074873.05,244271315.7225,332702986.4075,0.8148301861625964,0.8175051147915282,1.0607142857142855,4.159663865546218,51.07109172891975,54.22101293288164,30.45337039749802,45.67307692307693,39.6,11.115,50.50026329647183,-23.76681614349776,-32.628797886393656,-11.30050204224361,-6.009189158920969,0.1334566554262676,0.032304916280361536,-10.613528139312544,-4.288646394278728,-0.5772434863921158,-0.12797843121419653
1783900800,26.2,26.55,25.45,25.75,8511100,2026-07-13,BSR,2026-07-13,0.9803921568627416,9.57446808510638,-2.8301886792452824,-1.5296367112810683,20.327102803738327,127.87610619469025,25.277499999999996,27.366,22.811930000000004,25.581027429471124,26.434244301525702,1.8692513104539676,-5.905137762186651,12.879532770791414,0.6605386394066715,4.3137254901960835,-1.7647058823529385,2.7450980392156765,27.272727272727305,219160825.0,9302729.15,12028074.716666667,235790546.9725,331422469.32416666,0.9149035581671213,0.9294724823110084,1.0357142857142858,4.0221914008321775,47.31254045200061,54.243769470568594,26.622964201562205,53.47593582887699,39.6,11.269,51.11362112173943,-23.01943198804186,-31.96829590488772,-2.8985482170681087,-1.5235278061634605,0.1152916027424996,0.028065738793947935,-1.6765463491323573,-0.42033817947030316,-0.5764164488508743,-0.13126400620500964
1783987200,26.35,27.45,26.2,27.2,18606700,2026-07-14,BSR,2026-07-14,5.631067961165037,12.164948453608249,1.4925373134328401,5.426356589147274,31.400966183574887,140.70796460176987,25.297500000000003,27.375,22.864649999999997,25.735215293331017,26.464273936759987,7.520505978851655,-0.6392694063926951,18.96092876995712,5.691752293397623,4.854368932038835,3.3009708737863996,2.3300970873786353,80.0,506102240.0,9893299.15,12178249.716666667,251989956.9725,335731140.6575,1.8807376303788408,2.0084222644445773,1.0535714285714286,3.8734243697478994,51.38780291426106,55.36090279155983,26.622964201562205,57.97101449275361,39.6,11.269,56.23168966856093,-18.68460388639762,-28.137384412153242,1.5649954702300795,6.151699066191818,0.20405548079035152,0.0480569722332891,2.213385802609913,7.1002736966508495,-0.4969343725099014,-0.10974990530025765
1784073600,27.1,27.15,26.05,26.3,9282541,2026-07-15,BSR,2026-07-15,-3.308823529411764,4.7808764940239,-0.189753320683117,-1.4981273408239626,30.5210918114144,126.52885443583122,25.294999999999998,27.366999999999997,22.91256,25.789004313013777,26.45783182159293,3.973117216841282,-3.898856286768726,14.784205693296615,1.981447910062828,4.044117647058816,-2.941176470588238,-0.367647058823517,22.72727272727277,244130828.3,9945696.2,12159207.066666666,253347412.8875,335160818.29583335,0.93332239526882,0.963620766904801,1.0678571428571428,4.060293318848452,52.46051097468023,55.36161606552034,27.576960213766867,58.252427184466015,39.6,11.269,53.054957467085515,-21.375186846038872,-30.515191545574638,1.143432373038522,0.4306960493926981,0.31515888390527663,0.07585753461466078,1.9112394392713172,2.1264205966644023,-0.3773472191266426,-0.08569511570925756
1784160000,26.3,26.55,24.65,26.0,9466800,2026-07-16,BSR,2026-07-16,-1.1406844106463865,-1.3282732447817858,-1.5151515151515138,-0.5736137667303964,25.0,127.59103641456582,25.275,27.377,22.956025,25.8090991403458,26.439877632510854,2.8684470820969477,-5.0297695145560155,13.26002650720235,0.7396649476841821,7.224334600760464,-1.1406844106463905,0.0,71.05263157894737,246136800.0,10021911.2,12185947.066666666,255170152.8875,335836402.29583335,0.9446102455986639,0.9645987088016418,1.1571428571428573,4.450549450549451,52.6231800216324,55.24501019448472,27.136296558745006,58.53658536585366,39.6,11.269,51.99604673326038,-22.27204783258595,-31.307793923381777,-0.08218621115855251,1.215609524199368,0.3331809461917193,0.08069696488280646,-0.21534773113143224,2.780724623744646,-0.35211910658890666,-0.08089813711362258
1784246400,26.05,26.05,24.8,24.9,7346100,2026-07-17,BSR,2026-07-17,-4.230769230769238,-2.352941176470591,-4.414587332053754,-4.597701149425292,19.999999999999996,117.37232649498033,25.2175,27.356000000000005,22.995384999999995,25.722518269836677,26.379490274373175,-1.2590462972142502,-8.977920748647483,8.282596703642952,-3.1976584143442843,4.807692307692308,-4.423076923076931,0.19230769230769162,7.9999999999998295,182917890.0,10001721.2,12153205.4,254221802.6375,334834922.79583335,0.7344835806860923,0.7195208597463465,1.1964285714285714,4.804934021801492,54.551039539894774,55.93624909854872,28.93654173331318,52.23214285714286,39.6,11.393,47.88527670436415,-25.560538116591935,-34.214002642007934,-2.3822831222024554,-2.0871747188124674,0.41561283195756593,0.10033773245186166,-2.7889768368842494,-0.8395051632164803,-0.2991375768588127,-0.06806342861005629
1784505600,25.5,25.55,24.5,24.65,8075400,2026-07-20,BSR,2026-07-20,-1.0040160642570295,-4.27184466019418,-6.628787878787879,-5.009633911368017,11.036036036036023,115.77380952380953,25.13,27.294,23.035355,25.620373672709373,26.31166712635854,-1.9100676482292078,-9.687110720304837,7.0094209531392115,-3.7875078837862897,4.216867469879522,-3.413654618473901,2.4096385542168752,14.28571428571414,199058610.0,10069301.2,12196783.733333332,255299317.1375,335790813.54583335,0.8019821673424568,0.7797067858696635,1.2321428571428574,4.998551144595771,54.32334816746449,55.96142801983963,28.442672961977365,52.23214285714286,39.6,11.393,46.99897188641117,-26.307922272047847,-34.87450462351388,-0.471331381971563,1.1170015271718015,0.4481623577570891,0.11289152152065121,-1.9417218780707461,1.8082449378526437,-0.20625804380712326,-0.049245630309280454
1784592000,24.15,24.7,22.95,23.05,14600800,2026-07-21,BSR,2026-07-21,-6.490872210953336,-15.25735294117646,-8.16733067729084,-7.799999999999995,3.8288288288288452,100.67908758488593,25.0275,27.173,23.069490000000002,25.375576180070386,26.18375861159938,-7.901308560583353,-15.173149817833876,-0.08448387892406872,-9.164624139241651,7.099391480730223,-4.462474645030418,-2.0283975659229236,5.714285714285795,336548440.0,10036801.2,12159690.4,252986985.1375,334388954.2125,1.4547264321624704,1.330299421597059,1.2392857142857143,5.376510691044314,56.344124529374476,57.03703419664096,31.27977386966934,39.56521739130435,39.6,11.424,41.26206700738217,-31.09118086696563,-39.101717305151915,-0.7581794552731225,-0.3255031117004199,0.6022235103452237,0.1484045870176101,-2.4634131184472654,-0.7166213933640808,-0.16786683675651612,-0.039339433513536234
1784678400,23.15,23.7,22.6,23.0,7633900,2026-07-22,BSR,2026-07-22,-0.2169197396963196,-12.547528517110273,-9.980430528375738,-7.9999999999999964,11.380145278450371,99.16868721856598,24.9,27.028999999999996,23.102290000000004,25.14933082958749,26.05890533271313,-7.630522088353409,-14.90621184653519,-0.4427699591685652,-8.546274428339318,4.772234273318863,-0.6507592190889309,0.433839479392617,36.3636363636363,175579700.0,9750746.2,12158572.066666666,244704957.6375,334106532.54583335,0.7829041842971978,0.7175159085256438,1.2785714285714285,5.559006211180124,55.77184732421819,57.03759974913882,31.135364855377208,41.36363636363637,39.6,11.424,41.08461101646792,-31.240657698056808,-39.23381770145311,1.1744027534849497,1.9692978432949033,0.4941597550346753,0.1357481190534013,-0.8641954215429113,1.1736186375794198,-0.13405492685781642,-0.03405333329064446
1784764800,23.5,23.65,22.95,23.35,5798100,2026-07-23,BSR,2026-07-23,1.521739130434785,-10.19230769230769,-5.081300813008127,-0.2136752136752018,11.990407673860904,98.47003824904377,24.8375,26.891,23.136684999999996,24.9779659886744,25.952673751038105,-5.988928032209351,-13.167974415231853,0.9219773705697376,-6.517608316916423,3.0434782608695623,-0.652173913043472,2.1739130434782705,57.14285714285751,135385635.0,9601141.2,11917478.733333332,240662293.3875,328460116.79583335,0.6038969617486721,0.562554412219492,1.2714285714285711,5.445090241664116,54.812291154860525,55.57759720424291,30.701922081168153,43.94618834080718,39.6,11.424,42.326802952867695,-30.19431988041854,-38.30911492734478,3.7047351384053897,9.193310456744442,0.6761554856213501,0.19414920618132117,2.8653424410749366,9.391497706869533,0.12028607249753495,0.030921687941748835
1784851200,23.7,24.75,23.65,24.0,10125300,2026-07-24,BSR,2026-07-24,2.7837259100642386,-3.6144578313252906,-1.0309278350515427,1.6949152542372836,11.627906976744185,108.3876009377442,24.825,26.736,23.176035,24.884826370705408,25.876098309820925,-3.3232628398791486,-10.23339317773788,3.5552457527786796,-3.5556863348141787,4.71092077087795,1.284796573875806,1.498929336188426,31.818181818181905,243007200.0,9816771.2,11924710.4,245764754.6375,328698286.12916666,1.0314287451254849,0.9887796985309495,1.2749999999999997,5.312499999999998,55.599688792727065,55.835919617455474,31.15793619435634,52.35849056603774,39.6,11.424,44.63373083475298,-28.251121076233186,-36.591809775429326,8.894763036838672,10.755375855067872,0.6677997424318166,0.18987571006674211,7.891340246220214,11.255661762703484,0.09291969241519545,0.02375857625184627
1785110400,23.65,24.7,23.3,23.7,8546000,2026-07-27,BSR,2026-07-27,-1.2500000000000067,-3.8539553752535483,-2.868852459016391,-6.138613861386144,8.219178082191792,105.7827559260224,24.79,26.541000000000004,23.210169999999998,24.77198576397156,25.790761121200497,-4.396934247680518,-10.704193511924965,2.1104110827279587,-4.327411513091772,5.833333333333327,0.20833333333333628,-1.4583333333333393,28.5714285714285,202540200.0,9773801.2,11931930.4,244417176.6375,328659819.4625,0.8743783329662977,0.8286659832438512,1.3107142857142853,5.530440024110908,55.72236105222721,54.00882747900276,30.713390526424707,47.290640394088676,39.6,11.486,43.444547200682926,-29.147982062780276,-37.38441215323647,7.156107513382082,3.8421850340109813,0.6594676733284505,0.1949984875156323,6.999479967927812,4.191870299398515,0.15192757246514368,0.040625257508563585
1785196800,23.5,24.4,23.5,24.25,7215200,2026-07-28,BSR,2026-07-28,2.320675105485237,5.206073752711493,0.41407867494824835,-9.345794392523366,10.98398169336383,109.99307239348806,24.795,26.403000000000002,23.249685,24.722272834069507,25.730339116447535,-2.1980237951199855,-8.154376396621599,4.302488399305204,-1.9103131707966292,3.797468354430374,3.1645569620253164,-0.8438818565400852,83.33333333333347,174968600.0,9822772.05,11643112.066666666,245635898.66500002,320633295.7125,0.7345380675916224,0.7123087502719764,1.278571428571428,5.272459499263621,56.23859114386766,52.7900225763552,31.129944696026662,45.68527918781726,39.6,11.548,45.280193925566806,-27.50373692077729,-35.93130779392338,10.058650478325658,1.0139677217791174,0.5726924480115945,0.17190778208776591,9.000496541271518,0.8864547832872933,0.07881821690730957,0.021616566141325656
1785283200,24.5,25.1,24.25,24.8,7133400,2026-07-29,BSR,2026-07-29,2.268041237113394,7.826086956521738,-2.5540275049115824,-7.116104868913853,10.71428571428572,106.46020646020644,24.7625,26.263,23.29133,24.729675421300982,25.693855229528026,0.15143866733973166,-5.570574572592624,6.477388796603734,0.28437323782439794,3.5051546391752635,1.2371134020618586,1.0309278350515427,64.70588235294115,176908320.0,9593427.05,11439553.733333332,239567232.91500002,314972397.2125,0.7435716103141681,0.7384495694482901,1.2285714285714282,4.953917050691243,53.35619181621921,53.01381263423387,31.129944696026662,41.53005464480874,39.6,12.043,46.29313785970896,-25.85949177877429,-34.4782034346103,6.150403169731334,2.746416281678366,0.6230347077734336,0.18856256291461979,5.603024175124183,2.8327119772103995,0.15203890344747364,0.04189040759657557
1785369600,25.1,25.7,24.75,25.7,7278800,2026-07-30,BSR,2026-07-30,3.629032258064502,10.064239828693777,3.2128514056224855,0.7843137254901933,7.531380753138084,109.62479608482872,24.802500000000002,26.163,23.331749999999996,24.82208728593898,25.694096200919084,3.6185868360044227,-1.7696747314910444,10.150331629646313,3.536820670831875,3.83064516129032,2.4193548387096686,1.2096774193548487,100.0,187065160.0,9693752.05,11295700.4,242356477.41500002,311328399.87916666,0.7508754053596821,0.7718595434100087,1.2285714285714282,4.780433574207892,54.304352745116255,52.73010527643724,31.40490823735232,51.086956521739125,39.6,12.043,49.5590956925645,-23.168908819133037,-32.10039630118891,9.733064656084611,9.393488114309523,0.7893617934304024,0.2500507718934438,9.323730233321282,10.058999887771947,0.41466402730999047,0.1179502953052483
1785456000,26.3,26.45,25.35,25.35,11087800,2026-07-31,BSR,2026-07-31,-1.3618677042801508,5.625000000000013,2.6315789473684292,-2.312138728323687,6.066945606694563,106.76998368678632,24.835,26.076,23.368094999999997,24.872364687278125,25.680602232255595,2.073686329776536,-2.7841693511274745,8.48124333626683,1.9203454063464243,4.280155642023338,-3.6964980544747053,2.3346303501945664,0.0,281075730.0,10001272.05,11313498.733333332,250312574.91500002,311679388.62916666,1.1086389755791113,1.1228989598123322,1.228571428571428,4.846435615666382,54.47908532060076,52.68953587157008,31.344002328443572,47.84946236559141,39.6,12.043,48.28900097978735,-24.215246636771305,-33.02509907529723,9.414316531145705,7.064117556362815,0.785542504621722,0.24882835735048162,9.147738263443848,7.426730928291837,0.43023919983189823,0.12287258707556449
1785715200,25.0,25.7,24.95,25.5,5597800,2026-08-03,BSR,2026-08-03,0.591715976331364,7.594936708860756,8.51063829787233,-8.108108108108103,6.029106029106024,106.94692420061678,24.935,26.022,23.406275,24.932139478965922,25.673519791774982,2.265891317425317,-2.005994927369148,8.945143983824844,2.2776245155902375,2.9585798816568047,1.9723865877712032,-1.3806706114398493,73.33333333333343,142743900.0,9752407.05,10955410.4,245024027.41500002,301532519.87916666,0.5739916280463293,0.5825710298942764,1.1607142857142851,4.551820728291315,51.117039550618834,50.69654222976083,28.7799981248315,39.375,39.6,12.043,48.83332728526327,-23.76681614349776,-32.628797886393656,12.886011229795301,-1.1094270213236062,0.870642463854554,0.2911283429699504,12.198028748425026,-2.0890246436800934,0.6058867037726525,0.1871451251085819
1785801600,25.55,25.55,24.9,25.0,5822800,2026-08-04,BSR,2026-08-04,-1.9607843137254943,3.092783505154628,3.092783505154628,-14.089347079037806,2.459016393442637,105.47382263499631,24.9725,25.951999999999998,23.444585000000004,24.93860238573107,25.647107250921064,0.1101211332465768,-3.668310727496915,6.634431788833095,0.2461950887194142,2.5490196078431455,-2.1568627450980418,0.19607843137254832,15.384615384615552,145570000.0,9694542.05,10600780.4,243839156.16500002,290814895.54583335,0.6006266175306341,0.5969918953520997,1.1249999999999998,4.499999999999999,50.73394669810026,49.76827260264484,28.616779340006115,41.44736842105262,39.6,12.105,46.89943626113838,-25.26158445440957,-33.949801849405546,6.93533727223159,-7.573645643027082,0.807052240891987,0.27631358166156444,6.52780813051349,-7.924700078351332,0.5224391283125005,0.1640752903082787
1785888000,25.0,25.2,24.35,25.15,10599600,2026-08-05,BSR,2026-08-05,0.6000000000000005,1.4112903225806273,0.19920318725097363,-16.721854304635762,2.443991853360483,99.09753008233058,24.975,25.89,23.48272,24.95873549185192,25.62761284892416,0.700700700700696,-2.8582464271919683,7.100029298139221,0.7663229101110502,3.399999999999991,0.5999999999999943,0.0,94.11764705882342,266579939.99999997,9588637.05,10254568.733333332,241207439.66500002,279467170.2125,1.1054334359229916,1.1051895429520684,1.0499999999999994,4.174950298210733,49.25091181111271,49.10314594733505,28.616779340006115,44.295302013422805,39.6,12.322,47.02690813109464,-24.813153961136038,-33.55350066050199,4.36600471932197,-10.300029265259878,0.8100213026129234,0.28109176198357905,4.280386510242907,-10.52516331707025,0.5443421143777186,0.173313430194774
1785974400,25.4,25.8,24.9,25.05,4798200,2026-08-06,BSR,2026-08-06,-0.3976143141153021,-2.529182879377423,-4.933586337760909,-17.190082644628102,1.6227180527383478,95.44355153312007,24.910000000000004,25.820999999999998,23.521124999999998,24.967427349770787,25.604961364652624,0.5620232838217554,-2.985941675380499,6.500007971557498,0.3307214999464847,3.578528827037782,-1.39165009940357,0.994035785288272,16.666666666666863,120194910.0,8767872.05,10068658.733333332,219268398.91500002,273427548.7125,0.5472479494040974,0.5481633951575205,1.0249999999999997,4.0918163672654675,45.69013177461312,49.09599619694321,28.428065478554338,51.16279069767444,39.6,12.322,46.66031233961434,-25.11210762331839,-33.81770145310436,-0.8090684912894552,-8.845063791990293,0.8270621674914231,0.2825491438644147,-0.6902379574498019,-9.173627229907177,0.5495078131754081,0.172777907508867
1786060800,24.967,26.401,24.819,25.907,19092500,2026-08-07,BSR,2026-08-07,3.421157684630738,2.197238658777123,1.5960784313725496,-18.40314960629921,12.151515151515135,104.08854576965494,24.93035,25.744139999999998,23.564899999999998,25.056910459316427,25.61680601701919,3.9175141945460012,0.6326099842527411,9.938934601886707,3.392635105847619,6.3153692614770485,3.752495009980045,-0.3313373253493124,68.7737041719343,494629397.5,9330942.05,10058655.4,234015216.29000002,271250651.5875,2.046149241704914,2.113663399080159,1.0629999999999995,4.103138147990888,45.96827341165892,48.49449013044407,27.720731961692337,58.906050729771884,39.6,12.322,49.802038272600626,-22.55007473841555,-31.55350066050199,4.8930582053752,-10.412933120037762,0.848978349549477,0.29385610201539375,4.6267966095927875,-11.60068396243259,0.6598303650961252,0.2095740476298075
1786320000,26.401,27.241,25.758,26.599,13079300,2026-08-10,BSR,2026-08-10,2.67109275485391,4.3098039215686335,3.297087378640784,-20.481315396113608,13.428571428571434,110.56839772007598,24.9728,25.70412,23.61802,25.20377612985772,25.655323428116475,6.511884930804723,3.4814652281424108,12.6216338202779,5.535773143491096,5.72432161191956,0.7642722044235164,1.9068205504303881,56.70937289278495,347896300.7,9559352.05,9928473.733333332,240451990.075,265402636.76583335,1.3682203492024336,1.446843091593822,1.043928571428571,3.9246910463873497,46.77305824701243,47.46079737986767,27.720731961692337,78.85835095137423,39.6,12.539,51.95669044011677,-16.35534591194968,-29.725231175693533,4.617246886344029,-12.64030374637347,0.8353220419775028,0.295821933361581,4.052819810181518,-14.559121462465251,0.7064589241443181,0.23070945703091775
1786406400,26.95,27.15,26.05,26.05,8491736,2026-08-11,BSR,2026-08-11,-2.063987367946163,4.200000000000004,-4.227941176470584,-16.37239165329052,8.995815899581604,92.97725757463515,24.9153,25.671120000000002,23.666845000000002,25.28436887939508,25.670800940739362,4.5542297303263535,1.4758997659626738,10.06959313757283,3.0280808046146523,4.135493815556968,-3.3835858490920656,1.3195984811459116,0.0,221209722.8,9053603.85,9541211.0,226207364.215,252617605.0625,0.937939868000741,0.9779068138106681,1.043928571428571,4.007403345215244,42.73161433726386,45.617891159484586,27.63396671474997,72.939229843562,39.6,13.344,48.39274832419257,-18.08176100628931,-31.175693527080583,-2.3891584705485025,-9.078868105643714,0.7770287319739752,0.2853791316429373,-3.0188314881773204,-11.19741816442519,0.6179926798444518,0.20867353666653016
1786492800,26.15,26.75,25.9,26.5,7412500,2026-08-12,BSR,2026-08-12,1.7274472168905985,5.367793240556673,0.7604562737642651,-16.666666666666675,8.163265306122458,95.42772861356931,24.9253,25.64412,23.714825,25.40014327183364,25.703318550906445,6.317677219531959,3.3375292269728796,11.744446775382066,4.330120174503094,3.2629558541266848,1.3435700575815792,0.38387715930900956,70.5882352941177,196431250.0,8960101.8,9209706.0,223822385.3,241420975.22916666,0.8272785472147202,0.8776211089731425,1.054642857142857,3.979784366576819,41.565783901472095,45.544951344631954,26.720291726831096,73.34024896265562,39.6,13.468,49.86989132098576,-13.68078175895765,-29.986789960369887,0.13984711164274355,-10.391937543665264,0.7916498516751944,0.294492121649582,-0.3047560119276538,-12.108621579084001,0.6332141068053254,0.21535080893351355
1786579200,26.6,27.2,26.25,26.5,9703200,2026-08-13,BSR,2026-08-13,0.0,5.788423153692612,1.9230769230769162,-13.68078175895765,1.1450381679389388,90.20958943439564,24.950300000000002,25.59612,23.761875,25.504891531659013,25.73456096067482,6.211147761750357,3.531316465151746,11.523185775533285,3.9016377195949525,3.5849056603773555,-0.3773584905660431,0.37735849056603765,26.31578947368423,257134800.0,8971921.8,9232902.666666666,224372285.3,241453888.89583334,1.0815074201828196,1.1460185452770801,1.0224999999999997,3.8584905660377347,41.32130266362268,45.05717692737964,26.949759865767085,70.49852410626438,39.6,13.5,49.808429118773944,-10.924369747899155,-29.986789960369887,4.06303613027773,-6.7610341721181415,0.7346572169238889,0.27928213768441607,3.5927908262005537,-7.847025082048532,0.6095303236534605,0.2127747372973552
1786665600,26.45,26.7,25.35,25.35,9790200,2026-08-14,BSR,2026-08-14,-4.3396226415094326,-2.1499980700196764,1.807228915662673,-14.64646464646464,-9.464285714285714,84.83412322274884,24.9728,25.53312,23.804105,25.4901399572153,25.719480138687572,1.5104433623782665,-0.7171861488137754,6.49423702340417,-0.5497810425934113,5.094339622641502,-4.150943396226407,-0.18867924528301883,0.0,248181570.0,9094126.8,9191839.333333334,227635469.3,239524518.39583334,1.07654096048012,1.0902587842008151,1.0189285714285712,4.0194420963651725,41.475111725433806,45.42342420343077,27.12775986731874,61.873920552677056,39.6,13.5,45.40229885057472,-14.789915966386546,-33.02509907529723,5.072774805058189,-6.759424324270645,0.7775305823428575,0.2994241504709832,4.646252548308349,-7.976913742156676,0.6623354329212426,0.23333600089839093
1786924800,25.4,26.2,24.9,26.0,7170500,2026-08-17,BSR,2026-08-17,2.564102564102555,-2.251964359562386,5.476673427991896,-7.801418439716312,-11.41396933560478,82.95686440081627,25.040300000000002,25.48112,23.852525,25.538698056528126,25.73048091756257,3.8326218136364165,2.0363312130706968,9.003134888235099,1.8062860622370502,5.12820512820513,2.366863905325449,0.19723865877709912,84.61538461538468,186433000.0,9048881.8,9059331.0,227004188.8,235524865.0625,0.7924183516243962,0.8212755940122987,1.0474999999999999,4.028846153846153,42.118674698789846,44.640908769265785,27.33664688279781,62.41486946651535,39.6,13.5,47.89272030651341,-12.605042016806722,-31.307793923381777,6.397230235810603,0.6061890744801675,0.8250066200249815,0.3224402817922409,5.987450614690493,-0.6767918841101954,0.7275210917835797,0.25992703113757104
1787011200,26.2,27.65,26.2,27.2,20592500,2026-08-18,BSR,2026-08-18,4.615384615384621,4.414587332053732,18.00433839479392,-4.561403508771933,-9.333333333333337,95.23399368360607,25.2478,25.46412,23.90803,25.696917289239735,25.78810911687384,7.73215884156242,6.816964418954985,13.769306797757896,5.849272478258172,5.576923076923075,3.8461538461538463,0.7692307692307665,68.96551724137935,560116000.0,9348466.8,9273354.333333334,238182566.8,241178359.22916666,2.202767623884592,2.351624669786706,1.1046428571428568,4.061186974789915,36.43188565638822,45.61779819363586,17.78260065063636,65.58846453624321,39.6,13.5,52.490421455938694,-8.571428571428575,-28.137384412153242,17.919972640356054,3.5142580522254274,0.848845928096705,0.32501601426040805,18.279676986846297,2.922200219222548,0.724708342560926,0.2529924463372642
1787097600,27.15,27.45,26.55,26.7,7311800,2026-08-19,BSR,2026-08-19,-1.8382352941176516,0.7547169811320753,16.086956521739125,-5.486725663716818,-14.423076923076927,89.5364520479875,25.4328,25.439120000000003,23.955530000000003,25.792448975978807,25.823869543663104,4.982542228932707,4.95646075807652,11.456519642854879,3.5186694558024367,3.30882352941176,-1.65441176470588,-0.18382352941176405,16.666666666666536,195225060.0,9332361.8,9278092.666666666,239164834.8,241123328.97916666,0.7834886984343019,0.8162782800542381,1.1010714285714283,4.123863028357409,37.50405607925294,45.735758941251206,18.26873452614901,56.85119210742671,39.6,13.5,50.574712643678154,-10.252100840336132,-29.458388375165136,12.601253537675294,2.39513708922674,0.8501585275120095,0.32441189670134263,13.414122759628455,1.7683003936588504,0.7197600114835214,0.25059352849002037
1787184000,26.85,27.05,26.35,27.0,8275400,2026-08-20,BSR,2026-08-20,1.1235955056179803,1.8867924528301883,15.631691648822255,-5.263157894736848,-19.040479760119943,79.4377616800691,25.615299999999998,25.418120000000002,24.007530000000003,25.9074538354094,25.86999230665671,5.405753592579443,6.223434305920339,12.464714195921012,4.2171113052311915,2.621722846441945,0.5617977528089835,0.5617977528090012,92.85714285714275,223435800.0,9456226.8,9180159.333333334,243567343.05,238125343.97916666,0.875127064422778,0.9173471172370289,1.0724999999999998,3.9722222222222214,37.4254737778735,45.75927329501381,18.26873452614901,61.38245033112583,39.6,13.5,51.72413793103448,-9.243697478991598,-28.665785997357997,13.580355279087408,1.6817411485487206,0.8639839999013998,0.32977012054296306,13.369753340019441,0.3753495709350574,0.7564478092289533,0.26207059681388767
1787270400,27.2,27.2,26.7,26.85,8854800,2026-08-21,BSR,2026-08-21,-0.5555555555555536,5.9171597633136175,11.875000000000014,-9.747899159663865,-24.684431977559594,66.78054537548917,25.757799999999996,25.39312,24.05853,25.99722013679898,25.908423980905468,4.240268967070193,5.737302072372374,11.602828601747483,3.280273270425238,1.8518518518518516,-1.2962962962962885,0.7407407407407307,30.000000000000426,237751380.0,9392701.8,9087837.666666666,243304552.05,234950792.39583334,0.942731941090688,0.9771760453998459,1.054642857142857,3.927906358073955,36.898253231961185,44.824706089900005,18.108017835290006,59.31291390728479,39.6,13.5,51.14942528735632,-7.093425605536319,-29.062087186261554,7.011141770109909,-4.630082589679585,0.798180957301733,0.3200187830556101,6.494429745922071,-6.27930031936863,0.6858187860868596,0.25259713609046813
1787529600,27.0,27.9,26.85,27.4,14135900,2026-08-24,BSR,2026-08-24,2.048417132215996,5.384615384615388,15.611814345991547,-4.195804195804209,-27.60898282694849,59.17276635296851,25.9428,25.41112,24.115530000000003,26.130818219008603,25.96691715812486,5.616972724609526,7.826809680171509,13.619729692857652,4.857030385937722,3.910614525139654,1.4897579143389146,0.5586592178770999,52.38095238095225,387323660.0,9672196.8,9173407.666666666,252543725.05,237115376.39583334,1.461498384730964,1.533689502375541,1.0832142857142852,3.9533368091762235,36.57496306201246,44.35658400655825,18.1374139412733,66.44286105782408,39.6,13.5,53.256704980842905,-5.190311418685123,-27.60898282694849,8.435703957198193,-1.1728282776891197,0.7789040130095544,0.31684876371859033,8.111122400240099,-1.7979673251044548,0.6872658399053754,0.2568131845031941
1787616000,27.2,27.3,26.6,26.7,10594600,2026-08-25,BSR,2026-08-25,-2.5547445255474477,-1.8382352941176516,10.10309278350514,-3.6101083032490933,-25.0,45.18760195758564,26.0653,25.409119999999998,24.167530000000003,26.185026007674452,25.995665504865062,2.4350381541743182,5.080380587757483,10.478811860376291,1.9666735949569691,2.554744525547443,-1.8248175182481754,-0.7299270072992692,14.285714285713997,282875820.0,9841166.8,9174159.333333334,257939086.05,236959620.89583334,1.0765593364396586,1.0966768330146217,1.0796428571428565,4.043606206527552,37.8748349641897,44.19534665822435,19.20384369903613,59.875127420999,39.6,13.5,50.574712643678154,-7.612456747404838,-29.458388375165136,3.510882765773581,-1.6905585707049031,0.742583867323379,0.30146436313746805,3.974882736090989,-1.7428915408732149,0.6646528192059334,0.24813824479625415
1787702400,26.65,27.4,26.65,26.9,3737300,2026-08-26,BSR,2026-08-26,0.7490636704119868,0.7490636704119868,8.467741935483852,-3.4111310592459754,-27.395411605937923,45.29545209031003,26.170299999999997,25.42012,24.21803,26.25311876884831,26.03112960271349,2.7882752585946635,5.821687702497069,11.074269872487562,2.4640167015862247,2.8089887640449436,0.9363295880149813,-0.1872659176029967,33.33333333333333,100533370.0,9671361.8,9154804.333333334,254120338.55,236361410.22916666,0.3864295512137701,0.395613238096719,1.0689285714285706,3.9737121614445003,37.31907608448516,44.20871537532016,19.203843699036128,61.638147961751386,39.6,13.5,51.340996168582365,-6.92041522491349,-28.92998678996037,3.132429736126796,-2.1258165200185974,0.7489410069282775,0.30378222491707163,3.5313397549871617,-1.6791347055540973,0.6661606504398908,0.24872034700234294
