t,open,high,low,close,volume,date_vn,Ticker,Date,ret_1d_pct,ret_5d_pct,ret_20d_pct,ret_60d_pct,ret_120d_pct,ret_252d_pct,sma_20,sma_50,sma_200,ema_20,ema_50,dist_sma20_pct,dist_sma50_pct,dist_sma200_pct,dist_ema20_pct,range_pct,body_pct,gap_pct,close_location_pct,traded_value,adv20_shares,adv60_shares,avg_value_20,avg_value_60,volume_ratio_20,value_ratio_20,atr14,atr14_pct,realized_vol_20d_pct,realized_vol_60d_pct,downside_vol_20d_pct,rsi14,high_52w,low_52w,pos_52w_pct,drawdown_60d_pct,drawdown_252d_pct,excess_ret_20d_vs_vnindex_pct,excess_ret_60d_vs_vnindex_pct,beta_60d_vs_vnindex,corr_60d_vs_vnindex,excess_ret_20d_vs_vn30_pct,excess_ret_60d_vs_vn30_pct,beta_60d_vs_vn30,corr_60d_vs_vn30
1751500800,62.973,63.538,62.314,62.314,912600,2025-07-03,GAS,2025-07-03,-0.3007903747080154,-3.357682346190227,3.761551910748473,12.777355485575704,-2.6465441819772506,-5.02941445423234,63.15644999999999,59.977740000000004,63.228049999999996,63.014487829185114,61.45073079419477,-1.3339096798505867,3.895211790240838,-1.4456400284367343,-1.1116298065993013,1.958337333205332,-1.0543662602796693,0.7535758855716557,0.0,56867756.4,1565790.0,1080883.3333333333,100754841.05499999,64970227.98833334,0.5828367788783937,0.5644171119177992,2.0104285714285695,3.226287144828721,41.54012154746129,39.77278207168241,20.947211585677866,54.24476295479604,73.752,47.818,55.89573532814068,-8.815007755567905,-14.415602252437854,0.7908122435130283,-1.3710086433776905,1.1196186673319315,0.716325527592305,0.35323847436985467,-2.8944028625953457,1.0589349826014025,0.6770065958081097
1751587200,62.502,62.785,62.314,62.502,556000,2025-07-04,GAS,2025-07-04,0.30169785280995676,-2.3528308961379696,5.396108057063853,21.611051658721657,-1.630520318549522,-6.091111244666136,63.316449999999996,60.14528,63.190865,62.965679464500816,61.49195703755968,-1.2863165891328299,3.9183789650659273,-1.0901338350092216,-0.7364003191011825,0.7558494078377195,0.0,0.30169785280995676,39.91507430997957,34751112.0,1550015.0,1046275.0,99908312.005,63294457.56333334,0.3587062060689735,0.3478300383882059,1.741499999999998,2.786310838053179,41.17500696766221,36.8204163524451,21.06305814593971,42.60027662517291,73.752,47.818,56.62065242538754,-8.53990459188152,-14.157395962093123,1.1040237493391558,-0.8273526351015654,1.1354139109173285,0.6574033236925118,0.4770470480220945,-2.7110834382712667,1.0534345554130837,0.6065444089200464
1751846400,62.785,62.785,62.502,62.596,501100,2025-07-07,GAS,2025-07-07,0.15039518735400215,-1.9178940770918307,5.055048335123513,30.904680245932493,-0.7468248053657311,-6.552213182055688,63.46704999999999,60.3147,63.16215499999999,62.93047189645312,61.53525284000832,-1.372444441643339,3.782328354447584,-0.8963516206817124,-0.5314943402990324,0.45278551086364294,-0.30239032350964773,0.4527855108636514,33.215547703178814,31366855.599999998,1547385.0,1008483.3333333334,99827071.74499999,61610756.57666667,0.32383666637585345,0.31421191718539077,1.6474285714285695,2.63184320312571,41.172244408712544,33.52488538418309,21.06305814593971,41.564260112647176,73.752,47.818,56.983110974010955,-8.402353010038333,-14.028292816920763,-1.9258836257789902,2.780765414533427,1.0016484411866295,0.594204901445797,-2.9718176785100026,1.8137400398880565,0.9153614286662014,0.5591833147601731
1751932800,63.161,63.726,62.785,63.726,910200,2025-07-08,GAS,2025-07-08,1.805227171065238,1.95833733320534,7.630725577624653,24.676696730772996,0.8945393518152045,-4.865268343659023,63.69295000000001,60.50672,63.13862,63.0062364777433,61.621164493341325,0.05188957333581712,5.320532992037896,0.9303022460737997,1.1423686963288882,1.5032909451083176,0.9026135855326183,0.90261358553263,100.0,58003405.199999996,1571520.0,1022695.0,101461671.005,62528496.705,0.579184483811851,0.5716780004258121,1.5869285714285704,2.4902372209593735,41.366207748003234,30.881513612424545,21.225589365579918,40.123294858342064,73.752,47.818,61.34032544150537,-6.748807398519119,-12.476308199423158,0.09176962007924061,3.5253195631676633,1.003366617042337,0.48455424895611376,-1.228060601387603,2.265567209204743,0.8659322055867801,0.43669812740630604
1752019200,63.914,64.008,63.632,64.008,951700,2025-07-09,GAS,2025-07-09,0.44251953676677225,2.4095228952673464,8.626219770895194,17.03784969829951,1.4920639954334236,-4.444278569829074,63.9471,60.685559999999995,63.114615,63.101642527482035,61.71476588575931,0.09523496765293515,5.47484442757058,1.415496236489755,1.4363452934259557,0.5900260490223734,0.14750651225558498,0.2950130245111815,100.0,60916413.599999994,1594620.0,1000941.6666666666,103064713.05999999,61486605.91499999,0.5968193049127691,0.591050145014589,1.4658571428571416,2.290115521274125,41.23584339004479,27.63895954876343,21.362362298025804,37.819246747939786,73.752,47.818,62.427701087375645,-6.336152652989546,-12.088998763906067,-0.20285565489555069,-0.04737190404329539,0.6901908150065298,0.3006855266106127,-1.2033357925677723,-0.7744165123666278,0.5189879679976936,0.23443287807920465
1752105600,64.103,64.856,63.632,64.385,1136600,2025-07-10,GAS,2025-07-10,0.5889888763904727,3.3234907083480536,8.916669486077765,15.540601166442357,2.548379389981692,-4.369717943766982,64.21065,60.87382,63.091085,63.22386704867422,61.81948094906287,0.27152816549902425,5.767963962176181,2.050868201109557,1.8365421248780267,1.9122609673790723,0.44056992875892187,0.14841894763153451,61.51960784313801,73179991.0,1627465.0,1001675.0,105305863.32,61691520.18166666,0.6983867548610876,0.6949279811478593,1.3717142857142843,2.130487358413115,41.23600428507522,27.442002496790334,21.362362298025804,45.9868165955797,73.752,47.818,63.88139122387603,-5.784483010916308,-11.571212745501992,-0.3539977147325253,-0.9080391222546353,0.6570618730658251,0.28350711806071344,-2.213797316550826,-2.822435933725842,0.47530692239273425,0.21950445104465097
1752192000,64.103,64.479,63.632,63.914,686500,2025-07-11,GAS,2025-07-11,-0.7315368486448759,2.2591277079133443,5.433850214450686,16.665449766355156,2.2591277079133443,-5.190393544271865,64.37535,61.054539999999996,63.06661,63.28959399641953,61.90161895106041,-0.7166562977909963,4.683451877616318,1.3436428563387226,0.9865855730023965,1.3155238021278266,-0.29354663353264415,-0.43799021511222724,33.29397874852457,43876961.0,1476940.0,999105.0,96294104.36999999,61655187.71833333,0.46481238235811884,0.4556557360085866,1.1564999999999988,1.8094627155239833,40.67283453443532,27.221587487277745,21.207846987943498,28.82848392036759,73.752,47.818,62.065242538752244,-6.473704234832733,-12.218101909078428,-5.381131275336394,-2.0649520124506715,0.5862269664678376,0.24884183408356272,-8.326498058458242,-4.944150770737821,0.37159625076390307,0.17186082362542474
1752451200,64.479,64.573,63.914,64.197,770100,2025-07-14,GAS,2025-07-14,0.44278248896956196,2.557671416703955,-1.0160971999506496,17.38343390016457,1.9436901529226835,-5.132259494606172,64.3424,61.237159999999996,63.04402,63.37601361580815,61.99163389415608,-0.2259785149450355,4.833405076264152,1.8288491120965977,1.2954213074504173,1.031073004349582,-0.4412178865350259,0.8840003755045789,42.94385432473517,49438109.7,1356535.0,1001460.0,88459742.895,61906005.01333333,0.5676963734809644,0.5588769318342026,0.9010714285714266,1.4036036396894351,32.12769529320549,27.207985999815023,21.207846987943498,44.30549952938017,73.752,47.818,63.156474126629156,-6.0595861746026936,-11.829419035846723,-10.903924060223725,-4.10875811834326,0.6174651780194161,0.2507021123876354,-14.062881443270982,-6.773534976696062,0.3805131754986618,0.16958519012475884
1752537600,64.197,64.479,63.726,63.726,801200,2025-07-15,GAS,2025-07-15,-0.7336791438852353,0.0,-2.308682855040467,16.522216127262766,1.3470316003753258,-5.228874810386374,64.2671,61.389660000000006,63.01577999999999,63.409345652397846,62.059648251248,-0.8419549038310437,3.8057549105174893,1.127051033883908,0.49938119427697103,1.1729520071031359,-0.7336791438852339,0.0,0.0,51057271.2,1258180.0,1006748.3333333334,81983519.175,62315884.68333333,0.6367928277353002,0.622774817594917,0.8472857142857124,1.3295761765773977,32.13454364682434,27.28188662801296,21.035296877187985,51.46829115901283,73.752,47.818,61.34032544150537,-6.748807398519119,-12.476308199423158,-10.690432367168622,-3.4736762531028234,0.6346898892653831,0.26100135068810904,-13.657791064543101,-5.795765807151646,0.40368974263062296,0.18206518905530295
1752624000,63.726,63.914,63.255,63.444,525200,2025-07-16,GAS,2025-07-16,-0.44251953676677225,-0.8811398575177987,-4.9357187809044305,15.41148220912465,0.747939593158975,-5.286258117488984,64.1024,61.51956,62.985659999999996,63.412646066455196,62.11393655512063,-1.027106629392971,3.128175819202883,0.7276894455023664,0.049444291461919754,1.0341148040046433,-0.4425195367667773,0.0,28.679817905918114,33320788.8,1151315.0,1004558.3333333334,74765062.365,62269654.24333333,0.45617402709076144,0.44567325627750115,0.827142857142855,1.3037369288551397,30.86134031028867,27.31561922909684,20.881409570078244,40.98903012362881,73.752,47.818,60.252949795635104,-7.161462144048691,-12.86361763494025,-14.487035576639606,-5.6159802227934605,0.6097023709449965,0.2523855003333566,-17.596658494370676,-8.1814256791654,0.3763443017766181,0.1716127424919887
1752710400,63.538,63.914,63.067,63.726,1392400,2025-07-17,GAS,2025-07-17,0.4444864762625178,-1.023530325386357,-5.709846859510237,16.522216127262766,1.3470316003753258,-4.620358313501871,63.90944999999999,61.63816,62.95601,63.44248929822137,62.177154729429624,-0.2870467513020225,3.387252312528477,1.2230603559532982,0.4468782749774247,1.3350356219658301,0.2963243175083576,0.1481621587541726,77.80401416765028,88732082.4,1086700.0,1022765.0,70129394.01,63475072.28333333,1.2813103892518634,1.265262357569315,0.8204285714285697,1.2874314587900852,30.464630547692423,27.271295194867168,20.881409570078244,47.461289160965094,73.752,47.818,61.34032544150537,-6.748807398519119,-12.476308199423158,-15.914426605671594,-6.918015176638416,0.6064669260512303,0.24576885595505799,-19.285890769744384,-9.778690161127024,0.36211903771402193,0.16336437896911238
1752796800,63.914,64.479,63.444,64.103,902000,2025-07-18,GAS,2025-07-18,0.5915952672378655,0.2957098601245267,-2.0131458269642466,18.435103926096996,0.5915952672378655,-4.423736394811395,63.8436,61.76995999999999,62.930595000000004,63.505395079343145,62.25267807337356,0.40630540884285526,3.77698156191133,1.863012736491676,0.94103015957967,1.6241408530270167,0.2965822427266625,0.2950130245111815,63.67149758454048,57820905.99999999,1044705.0,1019291.6666666666,67322684.41,63437080.71666667,0.8634016301252506,0.858862157781269,0.8270714285714266,1.290222655057371,28.545822895068124,27.142788747074896,18.962138869312273,52.46386905798359,73.752,47.818,62.7940155780057,-6.197137756445903,-11.958522181019104,-12.976202113324343,-6.637361052643808,0.5815074533761201,0.23091338104235132,-16.556168005212434,-8.962251891569117,0.34196258552086917,0.15397821497580452
1753056000,64.197,64.197,63.255,63.538,725600,2025-07-21,GAS,2025-07-21,-0.8813940065207526,-1.0265277193638456,-7.023910562205504,17.391224018475747,0.5968873197067737,-5.266139853884,63.60360000000001,61.86785999999999,62.903769999999994,63.508500309881896,62.303082854809894,-0.10313881604188113,2.6995276707485916,1.0082543542302869,0.046449986968921664,1.4695100073319507,-1.0280330093755456,0.14663900285478704,30.042462845009986,46103172.8,934055.0,1019746.6666666666,59586940.71,63575542.13833333,0.7768279169856165,0.7737127003109067,0.8002142857142839,1.2594263050682803,23.02507339435496,27.243845201050533,18.83656951151754,60.38076152304603,73.752,47.818,60.615408344258505,-7.023910562205504,-12.7345144897679,-16.365087725762617,-5.238833784992458,0.6235611265791643,0.2500482809547733,-19.43415139296114,-7.551985706475129,0.37619668392146843,0.1723189546493842
1753142400,63.726,63.914,63.161,63.914,653600,2025-07-22,GAS,2025-07-22,0.5917718530643157,0.2950130245111815,-1.7372855297952072,18.085912240184765,1.6460185435519081,-4.338975947794587,63.5471,61.978919999999995,62.879765,63.54711932798838,62.3662560761899,0.577367023829578,3.1221583080182747,1.6447819103649675,0.5773364330144082,1.1851175674399574,0.29588592653215773,0.29588592653215784,100.0,41774190.4,835220.0,1023803.3333333334,53121388.57,63901744.06166666,0.7825483106247456,0.7863911604071233,0.8002142857142839,1.252017219567362,16.06051629939126,27.24468221721676,10.787749537829614,63.156913902348094,73.752,47.818,62.065242538752244,-6.473704234832733,-12.218101909078428,-12.183081091594195,-5.308046970180214,0.6172323572617628,0.25294057493450645,-14.943465458698679,-8.164792973056457,0.37221163781927735,0.17440639124229712
1753228800,64.103,65.232,63.632,64.95,1701700,2025-07-23,GAS,2025-07-23,1.620928122164167,2.3737469264232924,2.222292171613849,17.94936984709259,2.985713606164886,-2.913346985754639,63.6177,62.11259999999999,62.86141000000001,63.680727011037106,62.46757936731971,2.09422849301375,4.568155253523454,3.3225312636162574,1.99318231518133,2.503363895234223,1.325218262039629,0.2957098601245267,82.37500000000023,110525415.0,834145.0,1036938.3333333334,53173225.239999995,64905362.684999995,2.040052988389309,2.078591518591134,0.8270714285714271,1.2733971186627053,14.833970054935882,27.219054644146667,8.23434742569191,71.21017058255552,73.752,47.818,66.05999845762322,-4.957710205156706,-10.795220436753194,-8.427790140440283,-5.079680859447276,0.6029353308552335,0.2473617630104783,-10.583434748733378,-7.546765836716759,0.34826406924649184,0.1640227240901021
1753315200,65.044,66.079,64.95,65.044,1234800,2025-07-24,GAS,2025-07-24,0.1447267128560359,2.0682296080092755,0.8762542843406385,18.322054864294547,1.7680007510091578,-2.3978872182707556,63.64594999999999,62.24626,62.84541,63.810562533795476,62.56861547056207,2.1966048114609116,4.494631484686784,3.4984098281799714,1.9329675483604536,1.7382602001539502,0.0,0.1447267128560359,8.325952170061548,80316331.2,857810.0,1052996.6666666667,54734003.875,65995403.144999996,1.4394796050407432,1.467393676943938,0.8740714285714267,1.3438156149244,13.931759615688065,27.20393145371513,8.23434742569191,70.76797385620911,73.752,47.818,66.42245700624663,-4.820158623313531,-10.666117291580834,-10.499114582223012,-5.660664405350069,0.5983065262382327,0.24451807577258972,-12.629078566155073,-8.265210436851532,0.34375684208794866,0.1607985029425258
1753401600,65.044,65.891,64.667,64.667,1098700,2025-07-25,GAS,2025-07-25,-0.5796076502060044,0.8798340171287,1.0295588051493665,17.837749189110387,2.3843827678472485,-1.9558197007140898,63.6789,62.37616,62.82376,63.89212800676734,62.650905059951796,1.5516913765784235,3.6726210783094126,2.933985485746149,1.21278163273979,1.881803087141018,-0.5796076502060072,0.0,0.0,71049632.9,877725.0,1066138.3333333333,56044925.36,66895844.43333332,1.2517588082827764,1.2677264256062166,0.9412857142857131,1.4555889623543894,13.82997552927544,27.246688205722126,8.148892651671495,66.17210682492586,73.752,47.818,64.9687668697463,-5.371828265386746,-11.183903309984888,-10.614406661805088,-7.019952841387877,0.5844018688700627,0.2381393076186518,-12.077109035949896,-9.618291368867204,0.3376220021926789,0.15694585017089488
1753660800,65.044,65.326,64.291,64.856,1177700,2025-07-28,GAS,2025-07-28,0.292266534708574,2.0743492083477477,1.62331557505484,17.778665601278455,2.6836180554455913,-1.4136746420211121,63.7307,62.530539999999995,62.80493499999999,63.983925339456164,62.737379371326234,1.7657110309474033,3.718918787523662,3.265770436670312,1.3629589868348724,1.6005072138803356,-0.29072015092706077,0.5829866856356336,54.58937198067629,76380911.19999999,902935.0,1074791.6666666667,57714832.419999994,67564510.27,1.3043020815451831,1.323419093451818,0.9344999999999983,1.4408844208708498,13.790464952663159,27.246455070370917,8.218970453545344,60.34419626510434,73.752,47.818,65.69753990899976,-5.095261786999917,-10.924323581925567,-11.555519803959324,-7.814657248606636,0.5591635687293861,0.23270213344568583,-13.135475946101671,-10.638265503454168,0.32684507829843473,0.15431955379386722
1753747200,64.856,66.362,64.008,64.008,2108400,2025-07-29,GAS,2025-07-29,-1.3075120266436424,0.14707262884499084,2.4095228952673464,14.094222919377541,0.29457850203697955,-2.9549555013114626,63.806000000000004,62.67172000000001,62.783285,63.986218164269864,62.78720763127423,0.3165846472118483,2.1321897659741795,1.9507023246712718,0.03404144885421623,3.6295793758480315,-1.3075120266436397,0.0,0.0,134954467.2,965485.0,1094933.3333333333,61783095.04,68972329.89166667,2.183772922417231,2.184326750102547,1.0757857142857128,1.680705090435122,12.418240108266367,27.233891385498342,6.2482841643692835,50.0,73.752,47.818,62.427701087375645,-6.336152652989546,-12.088998763906067,-5.9782434636712845,-6.152968996561102,0.48339308890525173,0.2592154705679876,-7.422067176269608,-8.762421974004075,0.3402993483878654,0.2021806319155919
1753833600,64.667,64.667,63.255,63.914,903500,2025-07-30,GAS,2025-07-30,-0.14685664291962386,-1.59507313317937,2.2591277079133443,12.23024109290769,0.4431732461654514,-2.845590247165053,63.87660000000001,62.8148,62.760690000000004,63.97934024386321,62.83139556730269,0.0585503924754871,1.7499060730910676,1.837631166897613,-0.10212709855113022,2.2059742532183466,-1.1764154480689915,1.0295588051493665,46.671388101982956,57746299.0,982480.0,1095256.6666666667,62909103.629999995,69095624.69333333,0.919611595146975,0.9179323129389183,1.0892142857142844,1.7041873231440443,12.448283275069668,27.1135012552766,6.192203030747289,45.90078328981718,73.752,47.818,62.065242538752244,-6.473704234832733,-12.218101909078428,-6.627257431369782,-8.344468792966108,0.46672853304557543,0.2520809999213075,-7.723607191868154,-10.866075332213086,0.33777358752005415,0.20165926787903327
1753920000,65.514,65.514,63.632,63.726,839700,2025-07-31,GAS,2025-07-31,-0.2941452576900261,-2.026320644486801,2.265943447700347,10.260225621150255,0.5951159450030774,-3.6323493830147657,63.947199999999995,62.94094,62.734335,63.955212601590524,62.866478094075134,-0.34591037606024333,1.2472962748888206,1.5807372469956116,-0.358395496264563,2.944581781769249,-2.7975091529242366,2.503363895234223,4.9946865037195165,53510722.199999996,978835.0,1094888.3333333333,62741251.92,69157326.85,0.8578565335322093,0.8528794144597297,1.1631428571428555,1.8252249586398885,12.44536374291466,26.99968132726057,6.191613188702258,48.27901867447818,73.752,47.818,61.34032544150537,-6.748807398519119,-12.476308199423158,-6.4578980527772325,-8.067070015957945,0.4510176665156887,0.24177704534643485,-6.782800813709323,-9.289030540495812,0.31866677518824965,0.18932342465794536
1754006400,64.197,64.197,63.349,63.632,889400,2025-08-01,GAS,2025-08-01,-0.14750651225559075,-1.6005072138803422,1.8079421458513156,10.639333715855548,0.4467315979731268,-3.5250238791940114,64.00370000000001,63.02754,62.70798,63.92443044905809,62.89649856097415,-0.5807476755250285,0.9590410795027093,1.4735285684533306,-0.45746273686573247,1.330697046731328,-0.8866082917490583,0.7391017794934562,33.37264150943387,56594300.8,995505.0,1101516.6666666667,63833411.36,69629246.16166666,0.8934159044906856,0.8865937068728204,1.1766428571428567,1.8491370020474864,12.458129959898724,26.972690291296903,6.132624782315367,44.64251849042284,73.752,47.818,60.977866892881934,-6.886358980362306,-12.60541134459553,-5.996119946335243,-7.3445690695938435,0.4463154190503394,0.2403770115119522,-6.611088328970171,-8.725428717126514,0.3177963459538063,0.18913760104030639
1754265600,63.726,64.761,63.538,64.008,2046300,2025-08-04,GAS,2025-08-04,0.5908976615539352,-1.3075120266436424,2.2557351907470213,9.148576982760082,1.4920639954334236,-3.20590370191145,64.07430000000001,63.12165999999999,62.684915000000004,63.9323894539097,62.94008685270066,-0.10347362359013346,1.4041772665674523,2.110691224515482,0.11826641665693138,1.9219889363842075,0.44317324616544584,0.1477244153884838,38.43008994276364,130979570.39999999,1072765.0,1121716.6666666667,68814047.1,70996808.08666666,1.907500710780087,1.903384205984304,1.210214285714285,1.8907234809934461,12.58276173723461,26.730861086709616,6.132624782315367,52.72305909617611,73.752,47.818,62.427701087375645,-6.336152652989546,-12.088998763906067,-6.740313480493864,-9.937968222420478,0.4049374571351835,0.22607118818377467,-7.326277986509622,-11.3449946332278,0.28343283268128155,0.17458121112619526
1754352000,64.385,65.326,63.444,63.82,2020900,2025-08-05,GAS,2025-08-05,-0.2937132858392588,-0.2937132858392588,0.14750651225559075,9.353849317180995,1.04336536786942,-6.751800821145226,64.079,63.19884,62.661849999999994,63.92168569639449,62.974593250633966,-0.40418857972189803,0.9828661412139894,1.8482537620577943,-0.15907855884380595,2.9402574678165085,-0.882702162229729,0.5889888763904727,19.978746014877764,128973838.0,1128300.0,1144285.0,72362568.73999998,72497786.80666666,1.791101657360631,1.7823280771500156,1.2975714285714273,2.033173658056138,10.940975401842264,26.714448177689114,6.053522630133132,53.6978756884343,73.752,47.818,61.70278399012881,-6.6112558166759205,-12.347205054250788,-9.156182747772945,-10.262210307228514,0.3978914223835791,0.22363943283743717,-10.390854928170246,-12.89480918236341,0.25996058261250504,0.16456534306382836
1754438400,63.82,65.232,63.82,65.232,1299600,2025-08-06,GAS,2025-08-06,2.212472579128799,2.062146008699184,1.912260967379087,11.955514365152919,3.897427729553238,-3.4801136363636465,64.14020000000001,63.29674,62.649139999999996,64.04647753483312,63.06311900551107,1.7022085992871805,3.0574402409981882,4.1227381572995325,1.851034609236879,2.2124725791287982,2.2124725791287982,0.0,100.0,84775507.2,1145695.0,1155018.3333333333,73555523.41999999,73274058.76666667,1.134333308603075,1.152537610478743,1.33792857142857,2.051031045236341,13.397833720446734,27.032367551884164,6.053522630133132,62.11779851947222,73.752,47.818,67.14737410349349,-4.545055459627145,-10.407911001236103,-8.035898773279904,-8.199784818648315,0.44915214426556105,0.2520178195542919,-9.753876519904402,-11.325620504327084,0.30315916800328596,0.19246351287230012
1754524800,65.797,65.797,64.573,65.044,977200,2025-08-07,GAS,2025-08-07,-0.28820210939416446,2.0682296080092755,1.0235303253863348,11.451140316307118,2.0682296080092755,-3.7582859848484973,64.17314999999999,63.392759999999996,62.637845,64.14147967437282,63.14080061313809,1.3570317180939373,2.604776949291998,3.841375768914146,1.407077495263609,1.8763796909492332,-1.1543414275202355,0.866139318126069,38.480392156862926,63560996.8,1137725.0,1160158.3333333333,73074573.71,73682878.09999998,0.8589070293788041,0.869810025197614,1.3514285714285705,2.077714426278474,13.33324396282867,27.05099306886083,5.963806594872854,57.80912863070544,73.752,47.818,66.42245700624663,-4.820158623313531,-10.666117291580834,-8.395827191007776,-9.003474365386445,0.4469795053556506,0.250715231277916,-9.522941439814314,-12.33497303448381,0.30053312363389145,0.19078492013333576
1754611200,65.326,66.738,64.95,66.079,2210600,2025-08-08,GAS,2025-08-08,1.5912305516265768,3.8455494091023334,3.387364270738802,13.59244997593343,3.5396427452209167,0.8393230478108915,64.28139999999999,63.490640000000006,62.630784999999996,64.32600541967065,63.25602411850522,2.7964543398245834,4.076758400923319,5.505623153214501,2.7251724538040145,2.748908431215787,1.1576778795892013,0.4335526720373739,63.14317673378036,146074237.39999998,1213930.0,1192043.3333333333,78184437.53,75829012.55666666,1.8210275716062705,1.8683288134412952,1.4118571428571418,2.136620019759896,14.047736692828497,27.178522617740754,5.812667423767087,69.56120092378757,73.752,47.818,70.41335698311096,-3.3056279083379714,-9.244609256970204,-5.33766591255611,-8.196560236224325,0.44381541407836894,0.24434360977129194,-5.086233761895874,-11.301369907918524,0.2824890739884412,0.17585497204200648
1754870400,66.173,67.021,65.985,66.268,1228900,2025-08-11,GAS,2025-08-11,0.286021277561721,3.530808648918904,3.226007445830792,15.9808880410242,3.530808648918904,0.08155374996223763,64.38495,63.5829,62.624669999999995,64.51095728446393,63.37414081974031,2.9246741668666365,4.222990772676294,5.817723271036801,2.723634541320341,1.567820336264171,0.14376730882731106,0.142253968734396,27.3166023166024,81436745.2,1236870.0,1202786.6666666667,79784369.30499999,76629872.49166666,0.9935563155384155,1.020710521489282,1.4320714285714276,2.161030102872318,14.018412776101155,26.855057554114175,5.812667423767087,68.65884590995566,73.752,47.818,71.14213002236448,-3.0290614299511187,-8.985029528910871,-5.372896268754147,-7.206053152690162,0.41875831764744886,0.23249315500048684,-5.258976921968127,-10.266620565607456,0.26239758478646935,0.1648229043315083
1754956800,66.268,67.115,65.891,66.362,1692600,2025-08-12,GAS,2025-08-12,0.14184825255023625,3.983077405202118,4.136459216018573,16.528824035540566,2.6211205096880796,-2.427477099966202,64.51674999999999,63.67138,62.621375,64.68724706689594,63.49131176798579,2.860109971441527,4.22579187069605,5.973399657864409,2.5890001647034477,1.8470453310798416,0.14184825255024155,0.0,38.48039215686221,112324321.19999999,1281440.0,1220911.6666666667,82847721.80499999,77927613.84666665,1.320857784991884,1.355792516110214,1.4052142857142838,2.1174983962422527,13.614683733525046,26.82816990260767,5.591803245267791,63.15691390234811,73.752,47.818,71.50458857098789,-2.8915098481079315,-8.85592638373851,-5.966577103428249,-5.755326061406542,0.4398096661971343,0.24183900298644978,-5.990655174384485,-8.176331130993475,0.28700750643370704,0.1770364248877041
1755043200,66.456,66.738,65.232,65.891,1887300,2025-08-13,GAS,2025-08-13,-0.7097435279225905,1.0102403728231568,3.856944707143306,16.08703312191686,1.7448773181390154,-5.847134304045265,64.6391,63.76928,62.61714,64.80189020338204,63.5854171888491,1.9367534510845719,3.3271819910778433,5.228376767127996,1.6806759697900242,2.2693710255869326,-0.8513908562128896,0.14164732829029525,43.75830013280252,124356084.30000001,1349545.0,1247115.0,87399486.58,79702130.65166666,1.398471336635681,1.4228468514648798,1.4321428571428558,2.173502993038284,13.81516479035463,26.875462878837013,5.809639174812214,57.374194671774454,73.752,47.818,69.68843988586416,-3.5807310720243346,-9.502815547314924,-5.36926795729582,-5.72242230304818,0.44580047693211705,0.24457321938762513,-4.7709216473369445,-7.469358491204559,0.2984359868045137,0.18373417104457687
1755129600,66.079,66.173,65.138,65.609,1225100,2025-08-14,GAS,2025-08-14,-0.42797954197084653,0.8686427648975981,2.9548378997583225,14.263571291732703,1.9010639124019457,-6.134741119075226,64.73325,63.88036,62.611025,64.87875780305994,63.66477337752168,1.3528596200561571,2.7060586383670815,4.788254145336213,1.1255489803869478,1.570775978509958,-0.7132992366180493,0.2853196946472014,45.50724637681072,80377585.89999999,1341180.0,1254860.0,86981761.755,80314066.95666666,0.9134493505718845,0.9240740159574846,1.4186428571428553,2.1622686782954403,13.950954315786692,26.845927293863998,5.781093865659664,58.33923512747872,73.752,47.818,68.60106423999383,-3.9933858175539183,-9.890124982832038,-7.157845907732897,-10.613887150695621,0.43671736299445824,0.24219938469361316,-6.77661129581273,-12.99458018816173,0.2827383665811145,0.17757757417707165
1755216000,65.891,67.303,65.326,65.609,1676700,2025-08-15,GAS,2025-08-15,0.0,-0.7112698436719689,2.349344024460631,10.635391723719255,1.6043857339754997,-7.158827191939787,64.80855,64.0065,62.60538,64.94830467895899,63.74101755879534,1.235099381177318,2.503651972846499,4.797702689449368,1.0172633824806265,3.013306101297084,-0.42981907969944777,0.4298190796994561,14.31461810824485,110006610.3,1379915.0,1260930.0,89591046.97,80850279.21166666,1.2150748415663284,1.2278750390855042,1.4859285714285702,2.2648242945763086,13.85997577268528,26.088810906715143,5.781093865659664,56.89686755816085,73.752,47.818,68.60106423999383,-3.9933858175539183,-9.890124982832038,-6.514729495522275,-13.36990322629823,0.4517278306568631,0.2601152894124399,-6.126789097182272,-15.89008010826598,0.30131633321143775,0.19591743732400926
1755475200,66.926,66.926,65.514,65.891,1175100,2025-08-18,GAS,2025-08-18,0.4298190796994561,-0.5689020341642981,3.7032956655859595,11.110923746248025,1.8927737485889384,-5.616512920414818,64.9262,64.13264,62.60208500000001,65.0380851857248,63.82533059570533,1.4859948680193913,2.741755212322472,5.253682844588958,1.3114082492428736,2.1521437607645386,-1.5775274733649296,2.007346553064382,26.699716713881582,77428514.10000001,1402390.0,1269985.0,91157314.035,81516304.38666667,0.8379266823066337,0.8493944223748322,1.4186428571428564,2.153014610709894,13.37682831629485,26.09089334282636,5.341999942750392,69.2417739628041,73.752,47.818,69.68843988586416,-3.5807310720243346,-9.502815547314924,-6.486260241622555,-11.69265746515,0.4645560439063859,0.26484931778573356,-6.020547436019629,-14.34962336194454,0.3038746093568779,0.19704408337528398
1755561600,66.173,66.644,65.703,65.797,1326000,2025-08-19,GAS,2025-08-19,-0.1426598473236229,-0.8513908562128858,2.9461463842037627,9.73299311218958,2.1930573891434157,-6.325455580865603,65.02035,64.26442,62.59785,65.11036278708434,63.902650964501206,1.1944721921675283,2.384803286172965,5.110638783919885,1.0545743926523743,1.4281161311863568,-0.570639389294448,0.42797954197082433,9.98937300743824,87246822.0,1436010.0,1279111.6666666667,93430945.615,82192524.04666667,0.9233918983851087,0.9338107564437713,1.3849999999999996,2.104959192668358,13.33483244454737,26.02803458297334,5.291464982683865,69.2417739628039,73.752,47.818,69.32598133724069,-3.718282653867533,-9.631918692487307,-6.636905406407957,-13.732274351107465,0.4520380395808207,0.25959345042967,-6.3824686956885035,-17.098769821713525,0.29729766275085945,0.19452722952703336
1755648000,65.891,65.985,63.538,64.291,1685400,2025-08-20,GAS,2025-08-20,-2.288858154627116,-2.428252720401891,-1.014626635873761,6.553192899879012,0.44213223347082664,-7.568111566386326,64.9874,64.37174,62.587025000000004,65.03232823593345,63.91788033844234,-1.0715923394380988,-0.12542771098000838,2.722569094792404,-1.1399380216620236,3.7190145447360865,-2.4317218110248318,0.14286365639772924,30.77237433592151,108356051.39999999,1435195.0,1288008.3333333333,93322477.435,82840390.08333333,1.17433519486899,1.1610927439798309,1.4253571428571428,2.217039932272235,14.755670327590039,26.490274622227172,8.991136190563008,54.54838190307517,73.752,47.818,63.51893267525257,-5.922034592759518,-11.700315890674363,-11.068782199217242,-17.479686589192212,0.44194660173409384,0.24942183646621274,-11.628597513242934,-21.115621991999856,0.27547485862221394,0.17754276387278287
1755734400,64.95,65.42,64.008,65.232,1060400,2025-08-21,GAS,2025-08-21,1.4636574326110985,-0.5746162873995875,0.2890351146916048,8.281460086649073,1.912260967379087,-7.804505752324964,64.99680000000001,64.4941,62.581375,65.05134459441598,63.96941444281715,0.3618639686876701,1.1441356651228585,4.235485398011796,0.2777120238026898,2.1962638627490727,0.4386306014838725,1.0250268311272182,86.6855524079319,69172012.8,1426475.0,1294466.6666666667,92765261.515,83317631.71833332,0.7433708967910408,0.74566719987972,1.465642857142857,2.2468157608886083,15.695602727246847,26.62597711823812,8.991136190563008,61.33465570983281,73.752,47.818,67.14737410349349,-4.545055459627145,-10.407911001236103,-10.689124278347272,-17.51407745079896,0.4581215957517445,0.2595552737063732,-12.573723202940524,-22.68733640950551,0.2962567482587219,0.1957256566821809
1755820800,64.95,65.044,64.008,64.008,1195000,2025-08-22,GAS,2025-08-22,-1.876379690949237,-2.4402139950311708,-1.0190669120262341,4.613875949987722,-0.874978706270424,-11.567952915820456,64.96385,64.56186000000001,62.57102,64.95197844256684,63.970927601922355,-1.4713567622608559,-0.8578749125257801,2.2965583747875495,-1.453348250818176,1.588177581555067,-1.444076526857995,-0.43230316409124114,0.0,76489560.0,1431290.0,1291693.3333333333,93037257.86999999,83204170.06833333,0.8349111640548037,0.8221390199061765,1.465714285714286,2.289892334886711,16.97451153067437,26.77679595396498,10.515179298784599,50.0,73.752,47.818,62.427701087375645,-6.336152652989546,-12.088998763906067,-8.486754175681178,-18.864287039656592,0.5240388525867313,0.3146355790728145,-9.686616168314687,-22.8038021799291,0.3555096715109213,0.25302260437787255
1756080000,64.856,65.514,64.479,64.667,967000,2025-08-25,GAS,2025-08-25,1.0295588051493665,-1.8576133311074439,-0.2914148266929706,4.885248560538491,-0.5796076502060044,-10.657492988491457,64.95439999999999,64.55808,62.565369999999994,64.92483763851286,63.998224558709715,-0.44246425184435445,0.16871629391703724,3.3590946557177093,-0.39713251182611486,1.6169853768278915,-0.29527559055117014,1.3248343957005249,18.16425120772976,62532989.0,1420755.0,1295748.3333333333,92344861.76,83502724.49333332,0.6806240344042428,0.6771680395442069,1.4388571428571437,2.22502534964842,17.366477600498566,26.810449238026134,10.515179298784599,55.055509132147535,73.238,47.818,66.28245476003148,-5.371828265386746,-11.183903309984888,-3.926272475881998,-15.898258137059363,0.4520627077704105,0.2821799232786166,-5.451148966806074,-20.418326883581138,0.3199695260313907,0.2330170368732551
1756166400,64.761,65.42,64.667,65.42,777700,2025-08-26,GAS,2025-08-26,1.1644269874897528,-0.5729744517227187,2.205974253218357,5.621750783041102,1.607517278869297,-10.14970471089136,65.02499999999999,64.56184,62.564899999999994,64.97199595865449,64.05398045836816,0.6074586697424333,1.3292062308013497,4.563421343277163,0.689534059613317,1.1644269874897555,1.0190669120262361,0.1453600754635298,100.0,50877134.0,1354220.0,1296323.3333333333,88140995.1,83583471.36666666,0.5742789207071229,0.577224411209308,1.3917857142857153,2.1274621129405613,17.129942694557695,26.890393107928233,10.0250467393323,51.21793210676342,73.152,47.818,69.47975053288073,-4.269952295940749,-9.831433572698579,-9.45994468397906,-18.158542406790048,0.43982949851393394,0.29121926642729556,-11.842098577675554,-22.97471482233353,0.319370882334883,0.24506166066337157
1756252800,65.609,65.609,64.667,64.856,1390500,2025-08-27,GAS,2025-08-27,-0.8621216753286531,0.878816630632584,1.4738554933191317,6.328283821889946,0.878816630632584,-10.396374739227154,65.07209999999999,64.52420000000001,62.55925499999999,64.96094872449692,64.08543220509883,-0.3320931704985708,0.5142256703686066,3.6713113031796807,-0.1615566375762434,1.4399266279425145,-1.1510241516355857,0.2889024763069292,20.063694267515324,90182267.99999999,1378570.0,1307161.6666666667,89762793.55,84334021.84666666,1.0086538949781294,1.0046731438874652,1.3716428571428574,2.1149051084600616,17.459772234411133,26.753795577498146,10.17141632718676,48.838645910551016,73.152,47.818,67.25349332912289,-5.095261786999917,-10.608796328201453,-9.480423739649169,-17.973587267622147,0.4313792472033159,0.2866466024497288,-11.879877076371436,-22.465401034026677,0.31436179189531455,0.24225100619355988
1756339200,65.5,65.5,64.7,64.9,768200,2025-08-28,GAS,2025-08-28,0.06784260515606544,-0.5089526612705342,1.8422621849794485,8.067604695695628,1.6922594797869062,-10.548151006850148,65.1308,64.4705,62.55383,64.95514408406864,64.117376040193,-0.35436383400785365,0.6661961672392858,3.750641647361963,-0.0848956381303112,1.2335019119279593,-0.9251264339459639,0.9929690391020207,25.000000000000444,49856180.00000001,1374995.0,1306540.0,89580066.44,84358719.805,0.5586929407016026,0.5565543985546525,1.3010714285714289,2.0047325555800137,17.40437687016202,26.529929985777933,10.252460458602151,41.70068984935957,73.152,47.818,67.42717296913241,-5.03087594017968,-10.548151006850148,-10.027130568527998,-17.174368644393347,0.41897329523065896,0.2799790000847438,-13.385909654325179,-21.86998169897616,0.3045177182256401,0.2362291818254185
1756425600,65.0,65.0,63.8,63.8,1475500,2025-08-29,GAS,2025-08-29,-1.6949152542373058,-0.32495938007748304,0.2640181040985734,7.584904387710356,-0.03133813851458056,-11.541234540513557,65.13919999999999,64.4381,62.543375,64.84513036177638,64.10492992096974,-2.0559048929062573,-0.9902526610809592,2.0092056113057533,-1.6117329951308879,1.848998459167955,-1.848998459167955,0.15408320493064398,0.0,94136900.0,1404300.0,1316606.6666666667,91457196.4,85066306.58833334,1.0507014170761233,1.0293000846896723,1.3127857142857147,2.0576578593819983,18.52350479293822,26.64427108261406,11.264780524519477,34.60194659346152,73.152,47.818,63.08518196889554,-6.64052211068512,-12.064284040632367,-12.242586319360349,-18.907512278329673,0.4109922025574313,0.2704926247776248,-15.303074597142375,-23.875239237595334,0.2948358903602261,0.22556414852923726
1756857600,64.2,64.4,63.4,63.8,894200,2025-09-03,GAS,2025-09-03,0.0,-1.3407147385838258,-0.32495938007748304,7.0757250268528304,0.5611247714519818,-10.80041943376443,65.12879999999998,64.34733999999999,62.53245,64.7455941368453,64.09297188485328,-2.040264829077132,-0.8506023714422217,2.027027567287054,-1.4604764222978739,1.5673981191222683,-0.6269592476489118,0.6269592476489061,39.999999999999574,57049960.0,1346695.0,1322281.6666666667,87760715.88,85467278.24166666,0.6639959307786841,0.6500626097673077,1.296785714285716,2.032579489476044,18.400159670825122,26.63618278906894,11.264780524519477,33.825757575757706,73.152,47.818,63.08518196889554,-6.64052211068512,-12.064284040632367,-10.344001514890568,-21.211966588245957,0.4406606122031604,0.28347319706890245,-12.807871515183521,-26.079313066748604,0.31482976250293243,0.2364273527670547
1756944000,63.9,64.2,63.8,64.2,719500,2025-09-04,GAS,2025-09-04,0.6269592476489061,-1.8648731274839458,0.5954246317768863,8.431293068504253,0.44747629627310825,-10.562536569056302,65.14779999999999,64.33046,62.524935,64.69363279047909,64.09716906583944,-1.4548457507390644,-0.2027966223154598,2.6790351721277306,-0.763031490406163,0.6269592476489118,0.47021943573668384,0.15673981191222097,100.0,46191900.0,1281625.0,1327148.3333333333,83621618.97999999,85815286.24166666,0.56139666439091,0.552391840333154,1.2177857142857162,1.8968624833110843,18.501741525101124,26.607878007525315,11.359492450487817,39.22792712447454,73.152,47.818,64.66408778716351,-6.0551962305013145,-11.51296293743883,-9.044235388259935,-20.443599617424503,0.4426457165128727,0.2855028172721724,-10.831253787323568,-25.649229703096374,0.3176834323570483,0.23962310247057964
1757030400,64.9,65.2,63.6,63.8,1217800,2025-09-05,GAS,2025-09-05,-0.6230529595015688,-1.6282225237449044,-2.195241599215114,8.27322868052609,-0.7637149834346935,-10.693038816332813,65.0762,64.3357,62.516835,64.60852490567156,64.085515376983,-1.9610856196274562,-0.8326636688494982,2.052511135600499,-1.2514213981080768,2.4922118380062326,-1.7133956386292968,1.0903426791277315,12.499999999999723,77695640.0,1277535.0,1339283.3333333333,83267625.62,86629287.36666666,0.9532419855424704,0.933083409326113,1.2581428571428594,1.9720107478728206,16.73100589040332,26.624127950384036,11.27289002139469,38.646918538973374,73.152,47.818,63.08518196889554,-6.64052211068512,-12.064284040632367,-8.121365217925035,-18.473273752563934,0.4346814188130968,0.28890430007130063,-9.284505863915026,-23.063639269514823,0.3148723730813148,0.24486678705642811
1757289600,63.8,64.2,62.6,62.6,1293800,2025-09-08,GAS,2025-09-08,-1.8808777429467072,-3.5439137134052445,-3.757456490990707,5.8970802178840875,-1.7669397106361617,-12.267178675038181,64.954,64.29812,62.505085,64.41723681941713,64.02725987200327,-3.6241032115035154,-2.6410103436927845,0.15185164535014284,-2.821041244770317,2.5078369905956137,-1.880877742946702,0.0,0.0,80991880.0,1293365.0,1352851.6666666667,84139169.78,87506535.60333332,1.0003363319712533,0.962594237758356,1.2312142857142878,1.9667959835691498,17.877396269232726,26.94291567804602,12.344458237441575,33.587869532017166,73.152,47.818,58.34846451409174,-8.396499751236487,-13.718247350212941,-6.458160115319811,-16.895231137454946,0.46080738144244426,0.319688576505136,-7.928998699250789,-22.078503285401663,0.34346677518836605,0.27213243184531405
1757376000,63.0,63.1,61.6,62.1,1258200,2025-09-09,GAS,2025-09-09,-0.7987220447284393,-2.6645768025078342,-6.02158022972501,2.441438469152102,-3.2665077807374154,-13.590382233848642,64.75505,64.25996,62.49272,64.19654759852025,63.95168105349334,-4.100143540928459,-3.361284382996821,-0.6284251989671752,-3.2658260871470612,2.3961661341853033,-1.4376996805111797,0.6389776357827559,33.33333333333333,78134220.0,1245745.0,1312205.0,80742168.91,85073570.27,1.0099980333053715,0.9677002866630079,1.2375000000000018,1.9927536231884087,16.701715440185875,26.51903024338223,12.218578938902752,29.802876931273403,73.152,47.818,56.37483224125681,-9.128157101466227,-14.407398729204857,-9.325785409699128,-22.02320968476772,0.4882419041532718,0.34270423799441946,-11.578870811999975,-27.816197842580692,0.3708958924582059,0.2969381582099952
1757462400,62.1,62.5,61.7,61.9,756900,2025-09-10,GAS,2025-09-10,-0.32206119162641045,-2.9780564263322873,-6.591416671696749,-4.557789564573822,-4.833651066970046,-13.248216613176734,64.53665,64.22156,62.47747,63.97782877961356,63.87122297296419,-4.085508002042248,-3.6149230881342587,-0.9242851863239587,-3.2477325649345246,1.2882447665056314,-0.32206119162641356,0.0,24.999999999999556,46852110.0,1222145.0,1271850.0,79012937.15,82419016.45,0.6193209480053512,0.5929675783480224,1.2274285714285729,1.982921763212557,16.555269088743536,22.241823516392298,12.073585554992063,29.470024233484466,73.152,47.818,55.585379332122834,-9.42082004155813,-14.683059280801626,-9.497119112737307,-27.36234225456196,0.3797260690277932,0.31415515483913004,-11.570462541149652,-33.302817198607706,0.3126153771373305,0.2972831120217572
1757548800,62.4,62.6,61.3,62.0,810900,2025-09-11,GAS,2025-09-11,0.1615508885298933,-3.4267912772585674,-6.573038787257756,-4.954623497669852,-4.263368385293608,-13.935507155846139,64.31855,64.21152,62.4679,63.78946413393608,63.797841679906774,-3.604792085642483,-3.4441171926781866,-0.7490246990854543,-2.8052659764923216,2.100161550888537,-0.6462035541195453,0.8077544426494443,53.84615384615389,50275800.0,1178060.0,1239226.6666666667,75910511.09,80247250.69,0.6883350593348386,0.6623035371266659,1.1455000000000015,1.8475806451612928,16.562944490460797,22.20628577201416,12.073585554992063,35.831787260358794,73.152,47.818,55.980105786689826,-9.274488571512185,-14.545229005003236,-9.652841301839088,-27.96139805264911,0.3775809473211404,0.31317338880939166,-12.26054768912358,-34.55452289615663,0.3100668096303179,0.29660325928325776
1757635200,62.3,62.9,61.7,62.5,556100,2025-09-12,GAS,2025-09-12,0.8064516129032251,-2.037617554858928,-5.146378109301731,-6.35020528035003,-3.210320102829345,-13.85607762601133,64.149,64.21148,62.46224,63.66665802594217,63.74694592775357,-2.5705778733885243,-2.665380084682667,0.06045252299629045,-1.832447409862148,1.935483870967735,0.3225806451612949,0.4838709677419395,66.66666666666666,34756250.0,1111500.0,1204120.0,71430519.375,77865022.77333333,0.500314889788574,0.48657423051251614,1.1303571428571435,1.8085714285714296,16.976210052261482,21.725752664634978,12.23526216931146,32.129774986917965,72.981,47.818,58.34757381870208,-8.542831221282443,-13.241438665167482,-8.600088707465058,-30.14162661786107,0.3933773493443676,0.33321668449562786,-11.518013100263758,-36.529062076280226,0.31889639826354893,0.3116510236807469
1757894400,62.6,63.3,62.6,63.2,651000,2025-09-15,GAS,2025-09-15,1.1200000000000099,0.9584664536741228,-3.6717523510493844,-6.488126063475608,-0.8254087813451272,-12.269742778217353,64.02855000000001,64.2292,62.457255,63.622214404423865,63.72549706784167,-1.2940321153610435,-1.6023864535133603,1.1892053213033549,-0.6636273326482978,1.1199999999999932,0.9600000000000023,0.16000000000000458,85.71428571428645,41143200.0,1082795.0,1170225.0,69468800.08000001,75526651.94833332,0.6012218379286938,0.5922543638672273,1.1000714285714288,1.7406193490054251,17.64708817283593,21.68772408855092,12.383377770302632,44.3258426966293,72.124,47.818,63.28478564963387,-7.518510930960797,-11.744169808685934,-6.366350355547501,-31.107220173117344,0.4012770274866139,0.3415225774268433,-8.297180218457878,-36.88137278062979,0.3207524507783152,0.3140501333850373
1757980800,63.6,63.6,62.7,62.7,773700,2025-09-16,GAS,2025-09-16,-0.7911392405063333,0.9661835748792313,-4.43384291789235,-4.157749923570774,-0.8774009959687024,-12.442396313364046,63.88309999999999,64.23316,62.44506499999999,63.5343844611454,63.68528149655376,-1.8519765008272793,-2.3868668457226683,0.40825483967390497,-1.3132801525065019,1.42405063291139,-1.42405063291139,0.6329113924050667,0.0,48510990.0,1037645.0,1154088.3333333333,66394019.065,74435916.815,0.7456307311267341,0.7306530118700535,1.0567857142857144,1.6854636591478698,17.76255213124569,20.75812965393506,12.25673725866416,35.8712828616579,72.124,47.818,61.2276804081297,-8.25016828119054,-12.442396313364046,-7.556542304395419,-28.728839707540843,0.38407694146755,0.34161977294722634,-9.600813337070813,-34.82964702430308,0.30320019927474434,0.30976240697839824
1758067200,62.8,64.3,62.8,64.0,1489100,2025-09-17,GAS,2025-09-17,2.0733652312599604,3.392568659127626,-2.8698911839249774,-6.3478591705932175,1.177772508102115,-10.627007401200949,63.78855,64.26124,62.438905,63.57872879817917,63.6976233986497,0.3314858230826667,-0.40652810309916854,2.5001959915857075,0.6625977111906156,2.3923444976076556,1.9138755980861288,0.15948963317382603,80.0000000000002,95302400.0,1053345.0,1129930.0,67287713.36,72677322.70166665,1.4136868737213353,1.4163417842737047,1.117285714285714,1.7457589285714281,19.43957753584424,19.0422776879587,12.25673725866416,40.54342035162497,71.633,47.818,67.94877178249004,-3.5592658449112413,-8.491685611747368,-4.984327405561895,-29.377943548216212,0.3382418374144062,0.3296513635108752,-7.487075753750938,-35.38356951084951,0.26565198597280504,0.2964317115072929
1758153600,64.0,64.1,62.9,63.0,731300,2025-09-18,GAS,2025-09-18,-1.5625,1.6129032258064502,-4.250953690897752,-3.142488161859658,-0.8467373855015836,-9.921503024063815,63.6487,64.24672,62.426335,63.523611769781155,63.670265618310495,-1.0191881373853628,-1.9405192981057917,0.918947107819168,-0.8242789652433524,1.8749999999999933,-1.5625,0.0,8.333333333333481,46071900.0,1023610.0,1098280.0,65228967.260000005,70593767.14833334,0.714432254471918,0.7063104313204789,1.1357142857142857,1.8027210884353742,20.086325312155942,16.609803258046565,12.639543378134405,38.318227593152145,70.221,47.818,67.76770968173903,-5.0661523160844935,-9.555530033306548,-4.914718652812889,-24.97571540565343,0.36613599321075097,0.4100954846979464,-7.083383018251011,-30.41484255070298,0.3019511979103771,0.38685224414076147
1758240000,63.3,63.3,62.5,62.5,658200,2025-09-19,GAS,2025-09-19,-0.7936507936507908,0.0,-2.785770947722066,-1.6336680411722093,-1.1935815350565204,-8.542831221282443,63.55915,64.21656,62.412675,63.4261249345639,63.62437284896499,-1.6664005103907198,-2.673079965666181,0.13991548992251523,-1.4601631985548202,1.2698412698412653,-1.2698412698412653,0.4761904761904745,0.0,41137500.0,972250.0,1080530.0,61868039.69,69454580.78833334,0.6769863718179481,0.6649232819744446,1.1357142857142857,1.8171428571428572,18.68558430145346,16.004227135089934,11.060404196377185,35.71428571428572,70.221,47.818,65.535865732268,-5.819595551671131,-10.273343287010462,-2.4408936375247547,-22.988707368042515,0.3616652587075997,0.4214956093832722,-4.485015120413827,-28.53286004859702,0.3000582829359288,0.39939414147891306
1758499200,62.4,62.5,61.2,61.8,883600,2025-09-22,GAS,2025-09-22,-1.1200000000000099,-2.2151898734177333,-5.261221486387058,-4.154841111059415,-1.7159942111038662,-9.692692122221747,63.38755000000001,64.16486,62.395515,63.271255893176864,63.55282881567224,-2.5045138990227755,-3.685599875071821,-0.954419560444375,-2.325314824888003,2.079999999999995,-0.9600000000000023,-0.16000000000000458,46.15384615384582,54606480.0,963410.0,1082565.0,61139763.05,69546342.81333333,0.9171588420298731,0.8931418323512786,1.1428571428571423,1.8492834026814602,17.992347564660196,15.847534879925432,11.022369236018168,37.50000000000002,70.221,47.818,62.41128420300851,-6.874416081492418,-11.278281842195948,-2.0888281214581528,-23.836023241442295,0.37863939653950024,0.45376043126655646,-2.31121321932356,-28.480975153161946,0.3148033248664177,0.43528715069311896
1758585600,61.9,62.0,61.2,61.6,544500,2025-09-23,GAS,2025-09-23,-0.3236245954692518,-1.7543859649122862,-3.762029746281703,-3.762029746281703,-2.0340654272491543,-10.476827159237889,63.26715,64.11858000000001,62.375944999999994,63.11208866525526,63.47624729348902,-2.6350957803536246,-3.92800339620748,-1.2439811533115686,-2.395878027861398,1.294498381877018,-0.48543689320387895,0.16181229773462036,50.0,33541200.0,930885.0,1079966.6666666667,58992345.05,69358176.09333333,0.5849272466523792,0.5685686841499785,1.1285714285714274,1.8320964749536162,16.961188897589164,15.796504243374066,9.998468826878444,36.58536585365858,70.221,47.818,61.518546623220104,-7.175793375727069,-11.565407143677508,-3.1415383365325122,-22.998744440325922,0.3801369216928971,0.45716361054451893,-4.171617292174257,-27.175698786657335,0.3186821885820105,0.44176860762867753
1758672000,61.6,61.7,61.1,61.6,558200,2025-09-24,GAS,2025-09-24,0.0,-3.749999999999998,-4.742759057943003,-3.4785333751175207,-3.05014322137932,-10.84222257602292,63.11379999999999,64.06663999999999,62.358255,62.96808022094523,63.402668968254154,-2.3985245699038704,-3.8501160666455925,-1.2159657129597323,-2.172656711376386,0.9740259740259762,0.0,0.0,83.33333333333314,34385120.0,910445.0,1078045.0,57584951.6,69214881.92666666,0.6131067774549808,0.5971198906069759,1.1428571428571412,1.8552875695732811,16.365726149165983,15.789332493877946,9.998468826878444,33.33333333333333,70.221,47.818,61.518546623220104,-7.175793375727069,-11.565407143677508,-7.4335392788806525,-23.927347752293105,0.3760310726531024,0.45536185629566606,-8.688651650701773,-28.920478203077128,0.3136657147534502,0.43857715135050857
1758758400,62.0,62.3,61.8,61.9,550000,2025-09-25,GAS,2025-09-25,0.48701298701299134,-1.746031746031751,-5.380617548150413,-0.9631691785862873,-1.9964851728123456,-10.0408376811173,62.9378,64.03012,62.34441999999999,62.86635829514093,63.34374077342066,-1.648929578091396,-3.3267468497638286,-0.712846474471962,-1.53716283453883,0.8116883116883116,-0.16233766233766464,0.6493506493506551,20.000000000000284,34045000.0,899060.0,1072921.6666666667,56743344.9,68889145.01333334,0.6117500500522768,0.5999822544828513,1.0785714285714267,1.7424417262866345,15.761519619595477,15.258304265472432,9.998468826878444,37.66233766233766,70.221,47.818,62.85765299290272,-6.723727434375093,-11.134719191455156,-5.288270924498873,-21.883595352888097,0.3726633469366788,0.4669972578941741,-5.900884712369881,-26.87567188831964,0.30510338057346353,0.4410189438231968
1758844800,62.3,62.4,61.5,61.5,265100,2025-09-26,GAS,2025-09-26,-0.6462035541195399,-1.6000000000000014,-5.174540520537796,-1.60314869924163,4.53672383607282,-10.49989085352544,62.77,63.99124,62.329055,62.73622893369893,63.27143721367868,-2.023259518878451,-3.893095367428412,-1.330126054373837,-1.9705183985562869,1.45395799676898,-1.2924071082390907,0.646203554119551,0.0,16303650.0,842790.0,1067946.6666666667,53049414.0,68573770.39333333,0.31455048114002304,0.30732950226368194,1.0285714285714265,1.6724738675958153,15.672586887686682,15.313579491832103,9.934989436427692,42.02898550724637,70.221,47.818,61.07217783332589,-7.326482022844393,-11.70896979441829,-4.452389370954469,-21.544792073814612,0.37566838985559364,0.47010698894193287,-5.396335981845313,-26.549195261058788,0.30766788364875086,0.44409824157613587
1759104000,61.6,62.0,61.4,61.5,381300,2025-09-29,GAS,2025-09-29,0.0,-0.4854368932038833,-5.238828967642539,-1.3062875116346295,11.304158974915858,-11.350073514573179,62.6,63.94672,62.31227499999999,62.618492844775226,63.20196908765207,-1.757188498402562,-3.8261852992616308,-1.3035553588759075,-1.7862021169175235,0.9756097560975632,-0.1626016260162625,0.1626016260162677,16.666666666666863,23449950.0,823445.0,1059091.6666666667,51729102.5,68016806.95333333,0.4630546059542532,0.45332218938072627,0.9642857142857123,1.567944250871077,15.655566483484249,15.302623571906022,9.934989436427692,45.31249999999999,70.221,47.818,61.07217783332589,-7.326482022844393,-11.70896979441829,-4.3833145286053865,-21.894437675170487,0.375134031231662,0.4690796846966706,-5.294169608089572,-27.030700150035912,0.30708630893694533,0.44313989202590287
1759190400,61.5,61.7,60.4,60.4,647500,2025-09-30,GAS,2025-09-30,-1.788617886178867,-1.9480519480519543,-5.3291536050156685,-3.3630923810438085,17.521159645879948,-13.053492255426969,62.43000000000001,63.87266,62.288585000000005,62.407207811939486,63.09208794695983,-3.2516418388595314,-5.43684888025644,-3.0319921378853087,-3.216307670723051,2.113821138211389,-1.788617886178864,0.0,0.0,39109000.0,782045.0,1060616.6666666667,48977707.5,68089438.42,0.8279574704780416,0.7985061366949443,0.9999999999999984,1.655629139072845,15.772250304692461,15.710663644426672,10.085411117190006,39.726027397260275,70.221,47.818,56.16212114448956,-8.984057141134983,-13.288158952566908,-4.109924139015586,-23.17101901247779,0.3856279741200983,0.47066028669948534,-5.208534749876237,-28.50868236472163,0.3116674612520504,0.43826189287155115
1759276800,60.5,60.9,60.5,60.6,211700,2025-10-01,GAS,2025-10-01,0.33112582781458233,-1.6233766233766267,-5.015673981191215,-3.188702153492229,26.730519887908333,-13.001033651085336,62.27,63.813900000000004,62.26542499999999,62.235092782230964,62.994359007863366,-2.681869278946525,-5.036363550887824,-2.6747187544291062,-2.6272842364875593,0.6622516556291367,0.16556291390728714,0.16556291390728006,25.000000000000444,12829020.0,747920.0,1055793.3333333333,46766660.5,67780474.49333332,0.28305166327949516,0.27431977957887327,0.9428571428571411,1.555869872701553,15.890438161197137,15.724976729263403,10.085411117190006,40.54054054054055,69.939,47.818,57.782197911486854,-8.68267984690032,-12.410025149596748,-4.049159974172833,-21.946101979462586,0.386077441892208,0.4691128045392878,-5.609353233069336,-27.181516969289035,0.31258384651592586,0.43737843819258543
1759363200,60.7,61.0,60.3,60.3,454300,2025-10-02,GAS,2025-10-02,-0.4950495049505066,-2.584814216478193,-6.074766355140193,-5.376141606251772,17.973900964529577,-12.843638886479935,62.075,63.741620000000005,62.242174999999996,62.0507982315423,62.8886978703001,-2.8594442207007797,-5.3993293549803205,-3.120352076385502,-2.821556340031617,1.1551155115511598,-0.6600660066006694,0.16501650165017256,0.0,27394290.0,734660.0,1048195.0,45826780.0,67270322.57333334,0.6183812920262435,0.5977790715385196,0.9071428571428558,1.5043828476664276,15.562841320294488,15.266291327787354,9.88991657966036,34.7222222222222,69.656,47.818,57.15724883231063,-9.134745788252307,-12.604895865037612,-3.5056301814906488,-22.13747714381553,0.37379972279653273,0.46944176012881805,-4.811752641964818,-26.989721941967513,0.2997570610763087,0.43172695083639395
1759449600,60.2,60.5,60.0,60.1,470400,2025-10-03,GAS,2025-10-03,-0.3316749585406287,-2.276422764227637,-5.799373040752343,-6.10548681414822,9.892119217407203,-12.775931381797601,61.89000000000001,63.64462,62.21934,61.86500792377637,62.77933716950402,-2.892228146711917,-5.569394553695195,-3.4062399247565156,-2.852998783983063,0.8291873963515755,-0.16583747927031744,-0.16583747927030323,20.000000000000284,28271040.0,697290.0,1040173.3333333334,43355550.0,66726233.013333336,0.67461171105279,0.6520743019059844,0.8857142857142846,1.4737342524364136,15.5189882978162,15.233900194383768,9.918255598263784,26.865671641791025,69.656,47.818,56.24141404890557,-9.436123082486958,-12.894763540443787,-4.530603956725632,-21.091653429580127,0.3715538932272202,0.4667874675881963,-6.5596088601597495,-26.59704046321805,0.29829333763875254,0.4301015563865428
1759708800,61.1,61.1,60.2,60.8,420400,2025-10-06,GAS,2025-10-06,1.1647254575707144,-1.1382113821138296,-2.8753993610223683,-5.568067096373386,9.107222969941663,-11.518591282834912,61.8,63.55973999999999,62.200945000000004,61.76357859770243,62.701716104033274,-1.6181229773462813,-4.341962380588704,-2.252288932266233,-1.560108108337932,1.4975041597337746,-0.49916805324459945,1.6638935108153063,66.66666666666615,25560320.0,653620.0,1028236.6666666666,40583972.0,65932571.830000006,0.6431871729751232,0.6298131686075479,0.8928571428571418,1.4685150375939833,15.148906510186471,15.390077366968939,8.728215968194213,36.23188405797096,69.656,47.818,59.446835790823314,-8.381302552665682,-11.880226676522177,-7.244047523875619,-22.851761515454207,0.37525267234005893,0.48551408848290123,-9.058929866439524,-27.846859454944518,0.30485380077282603,0.447192466919384
1759795200,61.1,61.1,60.6,60.9,302600,2025-10-07,GAS,2025-10-07,0.164473684210531,0.8278145695364225,-1.9323671497584627,-4.7157117376474655,11.163843457943923,-11.251657655819647,61.739999999999995,63.484399999999994,62.18352,61.681333016968864,62.63106057054178,-1.3605442176870652,-4.070921360208168,-2.0640838601610256,-1.2667252453086864,0.8223684210526315,-0.3289473684210573,0.49342105263159297,59.99999999999943,18428340.0,605840.0,1021838.3333333334,37598678.0,65508428.14666667,0.49947180773801664,0.4901326583876167,0.8142857142857137,1.3370865587614347,14.979508005942318,15.340217639948344,8.763745728198161,22.807017543859615,69.374,47.818,60.688439413620344,-8.230613905548356,-11.735292838819078,-4.862765605771946,-20.32459111422522,0.37530344531624155,0.4882407127483301,-6.560977087462905,-24.517344098799533,0.3122271371245775,0.4577939286291959
1759881600,61.2,61.6,60.9,60.9,379300,2025-10-08,GAS,2025-10-08,0.0,0.4950495049504955,-1.6155088852988664,-5.135754007196603,11.354909489851895,-10.76138561631792,61.69,63.405280000000005,62.16750499999999,61.60692034868612,62.56317584228524,-1.2805965310423106,-3.951216681008274,-2.0388545430607086,-1.147469058159467,1.1494252873563264,-0.4926108374384307,0.49261083743843415,0.0,23099370.0,586960.0,1015325.0,36411041.0,65069449.15166666,0.6462109854163827,0.6344056463532586,0.7785714285714285,1.2784424114473374,14.95787977885298,15.30306855730648,8.879782697750379,27.65957446808507,69.374,47.818,60.688439413620344,-8.230613905548356,-11.735292838819078,-4.936346732018193,-20.601403277473118,0.3728109823434221,0.48581237986239706,-6.773468669399518,-24.89647545507473,0.3107077323032375,0.45661867490582353
1759968000,60.9,61.4,60.6,60.9,363100,2025-10-09,GAS,2025-10-09,0.0,0.995024875621886,-1.774193548387104,-4.434610676960737,11.354909489851895,-11.735292838819078,61.635000000000005,63.34312,62.151965,61.5395946011922,62.49795326023484,-1.192504258943794,-3.8569618926254323,-2.0143610905946407,-1.0393220906590228,1.313628899835792,0.0,0.0,37.49999999999978,22112790.0,564570.0,1008023.3333333334,35002890.5,64587041.13166667,0.6431443399401314,0.6317418271499606,0.7785714285714285,1.2784424114473374,14.934655416298307,15.24363175801017,8.879782697750379,30.95238095238092,69.374,47.818,60.688439413620344,-8.230613905548356,-11.735292838819078,-5.316344053589939,-21.948731102798536,0.3676035180300123,0.48047801080906993,-6.399870069076252,-26.20906733509456,0.3071823032835399,0.45174937924286473
1760054400,60.9,61.2,60.6,60.9,592500,2025-10-10,GAS,2025-10-10,0.0,1.331114808652245,-2.5600000000000067,-4.009835445432197,10.783671687404484,-11.251657655819647,61.55499999999999,63.28284000000001,62.13407,61.47868082965009,62.435288426500136,-1.064089026074233,-3.7653809468728094,-1.9861406149637384,-0.9412707329448766,0.9852216748768498,0.0,0.0,49.9999999999994,36083250.0,566390.0,1009145.0,35069240.5,64633082.15166666,1.0460989777361889,1.028914498447721,0.7285714285714288,1.1963406052076007,14.56580735476284,15.224535883334553,8.879782697750379,37.14285714285714,69.374,47.818,60.688439413620344,-8.230613905548356,-11.735292838819078,-7.375685615920746,-22.450061271779056,0.3646091178905868,0.48175365060107533,-8.731165134417962,-26.6898071999942,0.3059898875778894,0.4543595943575023
1760313600,60.1,60.9,60.1,60.6,516900,2025-10-13,GAS,2025-10-13,-0.49261083743842304,-0.3289473684210509,-4.113924050632911,-4.905376141606244,10.80636313768515,-11.323129152155452,61.425,63.22032,62.114675,61.394996941111984,62.36331633134327,-1.3431013431013383,-4.144743335687007,-2.4385139260569177,-1.2948888031943606,1.313628899835792,0.8210180623973727,-1.3136288998357948,62.50000000000022,31324140.0,559685.0,994553.3333333334,34578287.5,63676283.111666664,0.9235552140936419,0.9058904377494114,0.7285714285714288,1.2022630834512025,13.843669037679765,15.21206772737676,8.762286290412257,36.111111111111086,69.374,47.818,59.29671553163855,-8.68267984690032,-12.17009435192834,-8.875037469826918,-23.369010613858098,0.3575408065667186,0.47287178129266844,-11.335450625829392,-28.003192254654508,0.295878747295111,0.4410654748277488
1760400000,60.9,60.9,60.0,60.0,568000,2025-10-14,GAS,2025-10-14,-0.990099009900991,-1.4778325123152691,-4.30622009569378,-6.400636475671961,10.854503464203225,-12.323002060409461,61.290000000000006,63.14768,62.09181,61.26214008957751,62.27063725952589,-2.1047479197259022,-4.984632847952608,-3.3688984102734354,-2.0602285322256164,1.485148514851483,-1.485148514851483,0.4950495049504955,0.0,34080000.0,549400.0,988986.6666666666,33856738.0,63280601.345,1.0338551146705497,1.0065943151404604,0.75,1.25,13.972578939807553,15.259421265711081,8.902228764694474,30.95238095238092,69.374,47.818,56.51326776767491,-9.586811729604284,-13.039697378146876,-9.075093913291475,-24.017915808862824,0.36009990641299316,0.47533840402491434,-11.680686206742685,-28.894568625242186,0.29670343987049275,0.44098761778818907
1760486400,60.0,60.2,58.8,59.0,1271300,2025-10-15,GAS,2025-10-15,-1.6666666666666718,-3.1198686371100126,-7.8125,-7.142182630866567,9.006928406466507,-14.48903575517776,61.040000000000006,63.047520000000006,62.064415,61.04669817628441,62.142376974838605,-3.342070773263439,-6.419792562816118,-4.937475041052098,-3.352676291147083,2.333333333333343,-1.6666666666666667,0.0,14.285714285714432,75006700.0,538510.0,998081.6666666666,32841953.0,63762326.79833333,2.360773244693692,2.2838684410759615,0.8000000000000007,1.3559322033898318,12.014032356164938,15.512695309708274,9.765391507794691,20.408163265306115,69.374,47.818,51.87418816106886,-11.093698200777546,-14.3723785611657,-13.01785976109684,-25.518668271080713,0.362539590010782,0.46826170278876006,-15.346009912513047,-30.579893771733627,0.2990102117733369,0.4345549466741861
1760572800,58.8,59.2,58.5,58.7,956300,2025-10-16,GAS,2025-10-16,-0.5084745762711784,-3.6124794745484357,-6.825396825396823,-8.15783709359451,8.4526558891455,-14.807773246447908,60.825,62.945119999999996,62.03692999999999,60.82320311187637,62.00738179935474,-3.4936292642827826,-6.744160627543472,-5.378941220979161,-3.49077819524074,1.1864406779661065,-0.16949152542371917,-0.3389830508474634,28.571428571428864,56134810.0,549760.0,1003126.6666666666,33345098.5,64001670.458333336,1.7394863213038416,1.6834501178636494,0.7857142857142867,1.338525188610369,11.221450439973506,15.4612488762514,8.941407219913025,20.833333333333343,69.28,47.818,50.703569098872435,-11.545764142129523,-14.457673307005138,-12.93104306183972,-25.203427140893687,0.3580864267523488,0.45952551677707093,-15.447975703220784,-30.27706558669224,0.294290023101124,0.42589639874315044
1760659200,58.7,59.2,58.5,58.6,320000,2025-10-17,GAS,2025-10-17,-0.17035775127768327,-3.77668308702791,-6.240000000000001,-9.77675134719015,6.417753241564661,-14.60340129114993,60.63000000000001,62.812479999999994,62.008005000000004,60.61146948217386,61.87375898369377,-3.348177469899405,-6.7064379562787435,-5.496072644169092,-3.3186284697575896,1.1925042589437866,-0.17035775127768554,0.0,14.285714285714432,18752000.0,532850.0,980098.3333333334,32225823.5,62472113.541666664,0.6005442432204185,0.5818935860552951,0.7928571428571439,1.3529985372988804,11.11253880805571,15.020861221827674,8.904577502984443,20.408163265306115,69.28,47.818,50.23762929829467,-11.696452789246848,-14.368798678999905,-10.615324064583831,-24.249974429759213,0.3408151548692118,0.462589645565353,-12.564716460611013,-29.385223165267472,0.2869472587359861,0.43875892772630354
1760918400,58.6,59.5,57.0,57.0,604700,2025-10-20,GAS,2025-10-20,-2.7303754266211677,-5.940594059405946,-7.7669902912621325,-12.367013098825408,3.689150840427846,-16.70685195738899,60.39,62.6516,61.97060999999999,60.267520007681114,61.68263118041166,-5.613512170889223,-9.020679439950463,-8.020915075710878,-5.421693156221908,4.266211604095563,-2.730375426621163,0.0,0.0,34467900.0,518905.0,969596.6666666666,31218894.5,61707973.02166667,1.1653385494454669,1.1040717665386903,0.8785714285714293,1.541353383458648,13.797386990589903,15.896234764464854,11.898926112015959,18.51851851851852,69.28,47.818,42.78259248905042,-14.107471143124073,-16.59106207380958,-7.888131959713296,-19.954684529838808,0.3669840418518849,0.5422508719145936,-10.584092951187385,-24.985976156318934,0.3200290497525079,0.5183591051223961
1761004800,57.3,58.8,56.0,56.0,837900,2025-10-21,GAS,2025-10-21,-1.7543859649122862,-6.666666666666665,-9.090909090909093,-13.402508234493638,2.0445351506979126,-17.372443709977283,60.11,62.450019999999995,61.928215,59.8610895307591,61.459782898826894,-6.837464648145064,-10.328291328009175,-9.572720608853336,-6.4500822838767675,4.912280701754381,-2.28070175438596,0.5263157894736858,0.0,46922400.0,533575.0,965250.0,31887954.5,61305852.47333334,1.5703509347326992,1.4714772626760992,1.0428571428571434,1.8622448979591846,14.603739548660673,16.19096441386299,12.66534193222413,12.903225806451573,69.28,47.818,38.12319448327276,-15.614357614297337,-18.054376774269066,-10.813570930616557,-22.043185381437404,0.34520108654694365,0.504646762677272,-14.276338281938227,-28.173104821148176,0.29037160768039866,0.4686784023960668
1761091200,57.2,59.0,57.2,59.0,1023700,2025-10-22,GAS,2025-10-22,5.35714285714286,0.0,-4.2207792207792245,-9.02923399531268,7.144154287582172,-12.336745761704526,59.980000000000004,62.30465999999999,61.90223,59.77908100402014,61.36332082436309,-1.633877959319785,-5.304033438269295,-4.688409448254127,-1.3032669471244485,3.214285714285709,3.214285714285709,2.1428571428571574,100.0,60398300.0,556850.0,962683.3333333334,33188613.5,61039475.62,1.838376582562629,1.8198500518860181,1.2071428571428575,2.046004842615013,25.334935039771356,19.81608797380411,12.66534193222413,42.69662921348316,69.28,47.818,52.10138850060573,-11.093698200777546,-13.664432672890625,-5.490191453955295,-16.80363011196715,0.37713703777379354,0.44720552594066443,-8.396707744421239,-22.90313337194556,0.30811738829875207,0.40443784024337076
1761177600,60.0,60.7,59.5,59.8,554800,2025-10-23,GAS,2025-10-23,1.3559322033898313,1.8739352640545048,-3.392568659127626,-6.574178227721528,6.593465357123751,-11.395593486538946,59.875,62.17341999999999,61.88071499999999,59.78107328935155,61.302014125368466,-0.12526096033403933,-3.817419083589091,-3.362461148032936,0.03166003821448715,2.0338983050847506,-0.33898305084746244,1.6949152542372836,24.9999999999997,33177040.0,557090.0,936790.0,33145215.5,59343185.166666664,0.995889353605342,1.00096015366079,1.2928571428571434,2.1619684663162935,25.83191869304839,19.903167101703026,12.66534193222413,48.421052631578924,69.28,47.818,55.82890690522784,-9.888189023838944,-12.493780912523045,-4.651204147006438,-19.541146441406987,0.398066222565587,0.43553856473671915,-8.079253223897043,-26.588487820699957,0.32164042245548335,0.39085819932953064
1761264000,60.4,60.8,59.6,59.6,643300,2025-10-24,GAS,2025-10-24,-0.33444816053510573,1.7064846416382284,-3.089430894308942,-6.749694902525272,4.655042230767892,-11.691929294276271,59.779999999999994,62.0476,61.8582,59.76382821417521,61.23526847339323,-0.30110404817663694,-3.944713413572809,-3.6506073568257635,-0.2741260375558663,2.0066889632106957,-1.3377926421404636,1.0033444816053505,0.0,38340680.0,576000.0,932453.3333333334,34247067.0,59019758.18333333,1.1168402777777777,1.1195317835539025,1.3071428571428574,2.193192713326942,25.777748710504873,19.908539748654036,12.69163015566174,43.33333333333335,69.28,47.818,54.897027304072324,-10.189566318073584,-12.786443852614937,-4.4430769471782146,-18.393798561911204,0.4005695400061296,0.43742060803138705,-8.052591771970652,-25.99324706774683,0.3221893669841551,0.39150874463992236
1761523200,60.2,60.2,59.3,59.3,512900,2025-10-27,GAS,2025-10-27,-0.5033557046979942,4.035087719298236,-3.577235772357723,-6.945359821736819,2.6022562115025183,-11.520269766192692,59.67,61.92142,61.83466000000001,59.71965409853948,61.1593755920837,-0.6200770906653386,-4.233462346309247,-4.099092644804725,-0.702706847308654,1.5100671140939692,-1.5100671140939692,1.0067114093959662,0.0,30414970.0,582580.0,927006.6666666666,34595318.0,58634828.980000004,0.8803941089635758,0.8791643424118836,1.3357142857142865,2.252469284509758,25.802243899155723,19.921474226514064,12.52001532061314,41.30434782608694,69.28,47.818,53.49920790233901,-10.64163225942557,-13.225438262752787,-2.74074208506474,-16.929919095490256,0.39353135314402043,0.4366421221833775,-5.6462605437339715,-24.622718464159256,0.3164186874384627,0.3911111092757959
1761609600,59.3,60.2,59.1,60.0,660100,2025-10-28,GAS,2025-10-28,1.180438448566612,7.14285714285714,-0.6622516556291314,-5.707819964797578,4.3242397371029195,-10.096197069136025,59.65,61.80924,61.81697,59.746353708202385,61.11390988259022,0.5867560771165126,-2.927135166198458,-2.9392737948818914,0.42453853006061415,1.8549747048903904,1.1804384485666153,0.0,81.81818181818159,39606000.0,583210.0,923185.0,34620168.0,58351690.63333333,1.1318393031669554,1.144015245679917,1.364285714285715,2.2738095238095246,25.481768392123467,20.09655070376869,11.836840197128575,45.45454545454546,69.28,47.818,56.760786506383376,-9.586811729604284,-12.201117972431142,-1.7936231426604832,-18.100059182031266,0.40372515769938594,0.4475559592972793,-5.286190940595825,-26.472823589085884,0.3253325035451532,0.4054604110176132
1761696000,60.1,61.2,60.0,60.2,639500,2025-10-29,GAS,2025-10-29,0.33333333333334103,2.033898305084758,-0.660066006600657,-5.949256342957121,2.6550483433657845,-9.9233899928178,59.629999999999995,61.69541999999999,61.802635,59.78955811694502,61.078070279351394,0.9558946838839733,-2.423875224449379,-2.5931499522633628,0.6864775321673733,2.000000000000005,0.16666666666666904,0.16666666666667052,16.666666666666863,38497900.0,604600.0,899738.3333333334,35903612.0,56810329.46,1.057724115117433,1.0722570197115544,1.392857142857144,2.3137161841480793,25.48217439573906,20.066181829463922,11.836840197128575,46.53465346534656,69.28,47.818,57.692666107538926,-9.285434435369632,-11.908455032339237,-1.908076576853801,-16.264727586716077,0.40650987484634254,0.443388406885792,-4.890191686184531,-23.88637300014732,0.3243826999288427,0.3987825390466036
1761782400,60.2,60.8,59.7,59.7,460400,2025-10-30,GAS,2025-10-30,-0.830564784053156,-0.16722408026754731,-0.995024875621886,-6.455656534001875,2.294340398553829,-10.545716083790335,59.6,61.573479999999996,61.78533,59.781028772474066,61.02402830761213,0.1677852348993314,-3.0426735666069127,-3.3751215701202875,-0.13554261968702352,1.827242524916934,-0.830564784053156,0.0,0.0,27485880.0,604905.0,873730.0,35908191.5,55118863.49333333,0.7611112488737901,0.7654487416889263,1.428571428571429,2.392916965781288,25.592537720912755,20.11905185238358,11.895172465261759,44.33962264150945,69.28,47.818,55.362967104650096,-10.038877670956259,-12.64011238256898,-2.0151675503803146,-14.368270049174924,0.4154259164928456,0.4520712142050463,-4.510456642478533,-20.342655699894586,0.33886657536477005,0.4130594290839786
1761868800,59.8,62.3,59.8,61.6,1173700,2025-10-31,GAS,2025-10-31,3.1825795644891075,3.3557046979865834,2.4958402662229595,-5.5678194751042405,5.722033432876805,-7.438016528925617,59.675,61.51966,61.777995000000004,59.954264127476534,61.04661543280381,3.2258064516129004,0.13059239924277932,-0.2881203897925233,2.744985526007393,4.187604690117253,3.0150753768844294,0.16750418760467234,72.00000000000017,72299920.0,640070.0,871631.6666666666,38109635.5,54910937.04,1.8337056884403269,1.8971559043119162,1.5571428571428574,2.5278293135435996,27.985660926664718,20.686227705864223,12.02080995133739,54.09836065573771,69.28,47.818,64.21582331562763,-7.175793375727069,-9.85981445169597,2.870729379248671,-9.757918032017521,0.32392171533235736,0.34438005019366263,1.1056890973666578,-14.971234995237015,0.25377745464038737,0.30305465351449873
1762128000,62.0,62.9,61.5,61.5,1095100,2025-11-03,GAS,2025-11-03,-0.16233766233766378,3.7099494097807773,1.1513157894736947,-5.448619396101096,5.378591867856963,-7.718624332272983,59.71,61.44502000000001,61.771570000000004,60.101477067716864,61.06439521975268,2.9978228102495397,0.08947836618817817,-0.43963590370134087,2.326936043031691,2.2727272727272703,-0.8116883116883116,0.6493506493506551,0.0,67348650.0,673805.0,873596.6666666666,40199052.0,54974064.593333334,1.6252476606733401,1.6753790611778605,1.5928571428571432,2.590011614401859,27.735164871654582,20.682611073150962,11.944992008856198,56.41025641025641,69.28,47.818,63.74988351504985,-7.326482022844393,-10.006145921741927,5.781218473047867,-7.673286075411501,0.3203847945434641,0.34349412408081753,4.347301135779258,-12.526464742961075,0.2512845195669963,0.30256728235658586
1762214400,62.1,62.2,60.1,60.5,1008600,2025-11-04,GAS,2025-11-04,-1.6260162601625994,0.8333333333333304,-0.6568144499178974,-8.442924378395544,4.001925324898581,-8.962320934151924,59.69000000000001,61.37486,61.76156,60.13943163269621,61.04226207388003,1.3570112246607202,-1.4254370600600974,-2.0426297522277648,0.5995539989569254,3.4146341463414656,-2.601626016260165,0.9756097560975618,19.047619047618966,61020300.0,709105.0,853563.3333333334,42328650.0,53556498.97,1.4223563506109815,1.441583891761254,1.6428571428571428,2.715466351829988,28.37636111582768,20.619740376053553,12.414522670564187,56.41025641025641,69.28,47.818,59.090485509272206,-8.833368494017657,-11.4694606222014,1.3202816160644115,-12.672079872259701,0.2800598348408322,0.306869668588403,-0.03156898608944747,-18.19550956820747,0.2299151061151509,0.2813007366761892
1762300800,60.7,63.6,60.6,63.0,1680600,2025-11-05,GAS,2025-11-05,4.132231404958686,4.6511627906976605,3.4482758620689724,-4.931490312066156,10.261301783432808,-5.0661523160844935,59.795,61.34152,61.761695,60.41186671529657,61.119036110198465,5.3599799314324015,2.703682595410095,2.0049724995403695,4.284147180719544,4.958677685950414,3.801652892561979,0.33057851239670644,79.99999999999994,105877800.0,774170.0,861091.6666666666,46467571.5,53963849.88333333,2.1708410297479883,2.278530953570492,1.8142857142857143,2.8798185941043086,31.974077006241643,22.388832577393657,12.414522670564187,65.46762589928056,69.28,47.818,70.73898052371634,-5.0661523160844935,-7.811173871052701,5.977386550418206,-8.565497050289938,0.2825065610697767,0.28455594662566747,5.345361069692678,-13.23104826602447,0.20676752271128931,0.23316105596008194
1762387200,63.3,63.3,61.7,62.1,626000,2025-11-06,GAS,2025-11-06,-1.4285714285714235,4.020100502512558,1.9704433497536922,-6.4223501401404315,9.04493494179004,-6.02158022972501,59.855,61.275119999999994,61.757799999999996,60.57264131383975,61.15750528234755,3.7507309330883087,1.3461907540940121,0.5541000489007075,2.521532251246361,2.5396825396825307,-1.904761904761898,0.4761904761904745,25.0,38874600.0,787315.0,843315.0,47305662.0,52739687.86333334,0.7951074220610556,0.8217747803635007,1.878571428571428,3.025074764205198,32.48388473045152,22.554699622579477,12.551262417565015,61.904761904761905,69.28,47.818,66.54552231851646,-5.753441289402195,-9.128157101466227,6.271712815575981,-8.562604582940558,0.2897213310977435,0.2899305748205802,5.643500555468606,-12.937091629956686,0.21407752445428546,0.24014981506070632
1762473600,61.8,62.9,61.0,62.9,1225100,2025-11-07,GAS,2025-11-07,1.2882447665056418,2.110389610389607,3.284072249589487,-4.539314929201266,10.817477096546856,-4.402936304086813,59.955000000000005,61.236000000000004,61.75743500000001,60.79429452204549,61.22583840853,4.912017346343078,2.717355803775545,1.8500849330934654,3.463656408071203,3.0595813204508833,1.771336553945252,-0.48309178743961567,100.0,77058790.0,818945.0,832278.3333333334,49354439.0,51951399.625,1.4959490564079394,1.5613345336576514,1.835714285714285,2.9184646831705643,32.743082310607576,22.695523667561325,12.551262417565015,71.22302158273382,69.28,47.818,70.27304072313856,-4.539314929201266,-7.957505341098647,11.778822042156223,-3.763688222822515,0.2453527308634241,0.2511682546693364,11.153523973083225,-8.587874839334642,0.18283420535512285,0.208010599959772
1762732800,62.8,62.8,61.0,61.2,738300,2025-11-10,GAS,2025-11-10,-2.7027027027026973,-0.4878048780487809,0.990099009900991,-6.720114618421247,6.5849283338268005,-6.584852092682469,59.98499999999999,61.162,61.749039999999994,60.83293313899354,61.22482513760726,2.025506376594177,0.0621300807691183,-0.8891474264215105,0.6034015492361267,2.861685214626387,-2.5437201907790055,-0.15898251192368873,11.111111111111287,45183960.0,830015.0,824165.0,50047430.0,51364839.193333335,0.8895019969518623,0.9028227823087019,1.7714285714285707,2.894491129785246,34.25170312086486,23.320047506882315,14.466193810053973,67.80821917808221,69.28,47.818,62.35206411331657,-7.119333444628251,-10.445140331879765,11.447178415267189,-3.0539741531292024,0.27833382655496264,0.2750183309924244,11.331602180433919,-7.2998958624980075,0.21234075676390035,0.2323773921953107
1762819200,61.3,62.0,60.9,61.1,553500,2025-11-11,GAS,2025-11-11,-0.16339869281045694,0.9917355371900749,1.8333333333333313,-6.872532731789837,3.031938214562757,-7.403197696446162,60.04,61.10799999999999,61.73591,60.85836807813701,61.21993003417168,1.7654896735509684,-0.0130915755711003,-1.0300487997990104,0.39703976543168373,1.797385620915035,-0.32679738562090804,0.16339869281045694,18.181818181818414,33818850.0,829290.0,805445.0,50034372.5,50095043.18833334,0.6674384111710017,0.6759123440590766,1.635714285714285,2.6771101239186335,34.03703217100679,23.319298343378474,14.59673135732392,58.97435897435899,69.28,47.818,61.8861243127388,-7.271099239653367,-10.591471801925712,11.341811181901807,-4.640017394366513,0.2776246874897822,0.2747410136494918,11.372537480942945,-9.023100515331116,0.21176702183019597,0.23211984787436657
1762905600,61.5,62.0,60.6,61.9,648800,2025-11-12,GAS,2025-11-12,1.3093289689034338,-1.746031746031751,4.915254237288136,-6.056972879452438,4.380965228828715,-6.190800939607488,60.18499999999999,61.07,61.72960499999999,60.95757111831444,61.24659944459632,2.849547229376115,1.359096119207459,0.2760344894479738,1.546040736853449,2.2913256955810124,0.6546644844517162,0.6546644844517058,92.85714285714275,40160720.0,798165.0,796673.3333333334,48292073.5,49473913.28666666,0.8128645079651451,0.8316213632864615,1.6142857142857134,2.607892914839602,33.61052928058604,23.475091568357918,14.374056129868926,58.97435897435899,69.28,47.818,65.6136427173609,-5.922762435977324,-9.42082004155813,12.087813183788331,-5.781362840158144,0.2900366728119285,0.29150774677869445,11.75080687358121,-10.865607148948687,0.2255729904485497,0.25143703471704887
1762992000,61.7,63.5,61.4,62.9,1158200,2025-11-13,GAS,2025-11-13,1.6155088852988664,1.2882447665056418,7.155025553662675,-4.402936304086813,4.901519320891912,-4.539314929201266,60.395,61.044,61.72971,61.142564345141636,61.311438682063134,4.147694345558395,3.0404298538758923,1.8958294150418054,2.8743244148836666,3.3925686591276274,1.9386106623586359,-0.3231017770597644,71.42857142857139,72850780.0,808260.0,793876.6666666666,49127872.0,49233979.25333333,1.4329547422858981,1.4828808379894818,1.6785714285714282,2.6686350215761974,33.81042533982688,23.73443654674613,14.550695237494281,63.19999999999999,69.28,47.818,70.27304072313856,-3.852033017425871,-7.957505341098647,14.818947222168767,-3.0270446343975355,0.2929578068566819,0.28989023287729865,14.970005749185521,-7.372899738794003,0.2226177118029257,0.24438763872227756
1763078400,62.9,63.4,62.5,62.8,496800,2025-11-14,GAS,2025-11-14,-0.15898251192368873,-0.15898251192368873,7.167235494880542,-2.319142648271144,4.082072360243294,-4.826854588163975,60.605,61.02400000000001,61.728375,61.30041535989005,61.36981363570772,3.6218133817341736,2.910330361824842,1.7360330642107513,2.4462878943086963,1.4308426073131935,-0.15898251192369067,0.0,33.33333333333307,31199040.0,817100.0,774066.6666666666,49750224.0,47948029.06333334,0.6080039162893158,0.6271135583228731,1.6785714285714275,2.672884440400362,33.808049690900354,23.27872719285945,14.555416072990695,64.22764227642277,69.28,47.818,69.80710092256079,-4.004891470498329,-8.103836811144605,12.696957824607491,-0.5827394662672569,0.30443329347954273,0.3067527746120746,12.508283675586007,-4.675223721961574,0.23674290416562083,0.2643426185239873
1763337600,63.2,63.8,62.0,63.0,689000,2025-11-17,GAS,2025-11-17,0.31847133757962887,2.941176470588225,10.526315789473696,-3.4216335540838805,4.576465315472333,-4.113967398748919,60.904999999999994,61.03200000000001,61.723805,61.462280563710046,61.433742512738796,3.4397832690255425,3.224537947306305,2.0675896438983266,2.5018912773599356,2.866242038216556,-0.31847133757962237,0.6369426751592355,55.55555555555565,43407000.0,821315.0,767876.6666666666,50197179.0,47518612.18333333,0.8388985955449493,0.8647298685848461,1.7285714285714273,2.7437641723355988,31.77308010435172,23.08265005011964,12.366372298166674,62.71186440677967,69.28,47.818,70.73898052371634,-3.6991745643534135,-7.811173871052701,9.42697148510381,-1.4322970611928887,0.2924537387132045,0.29639486502470047,9.3140390825047,-4.415281249173242,0.22254754200786048,0.2466422708697925
1763424000,63.4,63.4,62.1,62.4,749600,2025-11-18,GAS,2025-11-18,-0.9523809523809601,2.127659574468077,11.428571428571432,-2.512185976752901,1.9857808286344536,-4.616325282788147,61.225,61.03799999999999,61.72,61.55158717669004,61.47163496321963,1.9191506737443742,2.231396834758681,1.1017498379779722,1.3783768416474773,2.063492063492059,-1.5873015873015872,0.6349206349206327,23.07692307692291,46775040.0,816900.0,760453.3333333334,50189811.0,47023370.18333333,0.9176153751989228,0.9319628639366664,1.735714285714284,2.781593406593404,31.132591862161952,22.84645961744334,11.575358958338684,59.01639344262294,69.28,47.818,67.94334172024973,-4.616325282788147,-8.68916269132839,11.639581209566119,-3.3903545243411215,0.26697818015117375,0.26662955804508015,12.359204551385783,-7.145541728067661,0.19577072286043,0.2112706090983993
1763510400,62.5,62.8,62.0,62.2,380800,2025-11-19,GAS,2025-11-19,-0.32051282051280827,0.4846526655896577,5.423728813559325,-3.8149287890268613,0.8839510177601095,-4.234026173979988,61.385000000000005,61.044000000000004,61.715195,61.613340778910036,61.50019829799533,1.327685916754895,1.8937160081252902,0.7855520832430463,0.9521626545054618,1.2820512820512775,-0.4807692307692262,0.1602564102564097,25.000000000000444,23685760.0,784755.0,750683.3333333334,48354184.0,46375916.36666667,0.4852469879134252,0.48983889377597606,1.7142857142857129,2.7560863573725287,25.55392473535189,22.745759394563507,11.468031398486463,60.504201680672274,69.28,47.818,67.01146211909422,-4.922042188933052,-8.981825631420282,7.181250410223017,-5.981555183827448,0.29365152412727163,0.29054372312743004,7.737699645511597,-9.595807249253896,0.21484970677727305,0.23065185195091134
1763596800,62.2,62.3,61.7,62.1,392000,2025-11-20,GAS,2025-11-20,-0.1607717041800627,-1.2718600953894987,3.8461538461538547,-5.074900642005509,0.2615518744550904,-3.829774054171231,61.5,61.04600000000001,61.706595,61.6596892761567,61.52371993336806,0.9756097560975618,1.7265668512269405,0.6375412547070525,0.7140981879932617,0.9646302250803768,-0.1607717041800666,0.0,66.66666666666707,24343200.0,776615.0,744255.0,47912492.0,45933684.13333333,0.5047546081391681,0.508076265371461,1.5714285714285698,2.530480791350354,25.26984945533884,22.6040504056361,11.396632702737236,52.47524752475248,69.28,47.818,66.54552231851646,-4.314329738058554,-9.128157101466227,5.687819228535029,-4.3769040840160205,0.28485931828237715,0.270483524672159,6.329476729521966,-7.693001829101598,0.20108209070968555,0.20700961128319106
1763683200,61.6,61.9,61.0,61.9,467300,2025-11-21,GAS,2025-11-21,-0.32206119162641045,-1.4331210191082744,3.8590604026845554,-4.557789564573822,1.4820643976654058,-4.695919938414173,61.61500000000001,61.034000000000006,61.697935,61.68257601176082,61.53847601441245,0.46254970380588123,1.418881279286932,0.32750690926688364,0.3524885020977697,1.4492753623188384,0.4830917874396089,-0.8051529790660261,100.0,28925870.0,767815.0,728868.3333333334,47441751.5,44912744.166666664,0.6086101469755084,0.6097133660843024,1.5499999999999987,2.5040387722132453,25.266407561830018,22.550955364762707,11.398631087354993,51.96078431372548,69.28,47.818,65.6136427173609,-4.622496147919886,-9.42082004155813,5.537431105758495,-3.490703635760717,0.2875518711761996,0.27356183018273056,6.158247896256485,-7.335101511775699,0.20042934002395177,0.20682229108517014
1763942400,61.9,62.0,61.0,61.0,390000,2025-11-24,GAS,2025-11-24,-1.4539579967689842,-3.1746031746031744,2.866779089376048,-6.009244992295848,1.5735575722254591,-4.559251494195326,61.7,60.99,61.68619,61.6175687725455,61.51735930796491,-1.1345218800648316,0.016396130513185447,-1.1123883643972876,-1.0022608565183555,1.615508885298869,-1.45395799676898,0.0,0.0,23790000.0,761670.0,722565.0,47110503.0,44478307.833333336,0.5120327700972862,0.5049829334235723,1.47142857142857,2.4121779859484755,25.836969315850684,22.726802458477696,11.926524149477693,52.47524752475248,69.28,47.818,61.42018451216102,-4.984423676012462,-10.737803271971657,1.9324597990714176,-5.242970585147133,0.275744377844824,0.26077245388288034,2.046054747533832,-8.972924338953913,0.19053765823589877,0.19529535928264008
1764028800,61.0,61.4,60.8,60.8,405700,2025-11-25,GAS,2025-11-25,-0.3278688524590234,-2.564102564102566,1.3333333333333197,-4.702194357366773,2.526053084213009,-4.450590897661555,61.739999999999995,60.952,61.673445,61.53970507992212,61.48922757039766,-1.5225137674117262,-0.24937655860349794,-1.4162416255488974,-1.2019964654713,0.9836065573770515,-0.32786885245902103,0.0,0.0,24666560.0,748950.0,704735.0,46363531.0,43320468.833333336,0.5416917017157353,0.5320250521902656,1.2928571428571414,2.126409774436088,25.595741640915726,22.486726315271678,11.795131799952939,35.89743589743587,69.28,47.818,60.488304911005486,-5.295950155763252,-11.030466212063562,2.531786174749573,-3.403307773646535,0.27758834733644616,0.26555619743492315,3.368956743002538,-7.072756923707135,0.1932769834827472,0.2003260036792266
1764115200,60.8,62.0,60.7,62.0,529300,2025-11-26,GAS,2025-11-26,1.9736842105263275,-0.3215434083601365,2.9900332225913484,-2.821316614420055,4.054779806659492,-3.422278299609016,61.830000000000005,60.912,61.66811,61.58354269135811,61.50925786175461,0.2749474365194793,1.7861833464670296,0.5381874035056411,0.6762477286002655,2.1381578947368376,1.9736842105263206,0.0,100.0,32816600.0,743440.0,698653.3333333334,46079466.0,42916579.5,0.7119606155170558,0.7121740516697828,1.2714285714285702,2.0506912442396295,26.46006072062182,22.873610667479863,11.795131799952939,49.3827160493827,69.28,47.818,66.07958251793869,-3.4267912772585674,-9.274488571512185,3.3145024751257135,-2.7654074964756026,0.2962245771680805,0.28045396260095795,4.334301235064675,-6.260784454105151,0.203644217504081,0.20775869139496175
1764201600,61.9,63.1,61.5,63.0,1562200,2025-11-27,GAS,2025-11-27,1.6129032258064502,1.449275362318847,5.5276381909547645,-1.869158878504673,6.40453992703689,-3.282262273941483,61.995000000000005,60.912,61.667305,61.71844338741924,61.56771833776424,1.6210984756835245,3.427895981087481,2.1611046566734293,2.0764564727210777,2.580645161290325,1.7741935483870992,-0.1612903225806428,93.74999999999993,98418600.0,798530.0,712698.3333333334,49626102.0,43787024.5,1.9563447835397543,1.983202307527599,1.249999999999999,1.9841269841269822,26.66696013330354,23.084234321686438,11.883023912528568,50.60240963855422,69.28,47.818,70.73898052371634,-1.5625,-7.811173871052701,4.64417718003578,-1.1635012374173526,0.296380134603808,0.2771080244360096,5.735410970642896,-3.8648161075194976,0.19729779678518508,0.19827538302167594
1764288000,63.0,63.8,62.5,63.4,1243100,2025-11-28,GAS,2025-11-28,0.6349206349206327,2.4232633279483107,2.922077922077926,-0.6269592476489061,7.594399660585482,-2.808437576649503,62.084999999999994,60.93,61.670379999999994,61.87859163623646,61.63957252059702,2.118063944592108,4.053832266535373,2.8046203055664742,2.4586990807861087,2.063492063492059,0.6349206349206327,0.0,69.23076923076927,78812540.0,802000.0,713120.0,49951733.0,43805639.5,1.55,1.5777738882452788,1.207142857142856,1.904010815682738,24.43219097277232,23.088100165068205,11.883023912528568,65.71428571428567,69.28,47.818,72.6027397260274,-0.9375000000000022,-7.225847990868905,-0.20907811732071568,-2.0678969969785355,0.29672108347376563,0.27367433771620125,0.8768451813811806,-4.877343971406423,0.19427212316404416,0.19181085834391562
1764547200,63.4,65.8,63.4,65.4,2743800,2025-12-01,GAS,2025-12-01,3.154574132492116,7.21311475409836,6.341463414634152,4.472843450479247,10.633690834658482,-0.1740086088469539,62.279999999999994,61.001999999999995,61.67875,62.213963861356795,61.78704026488734,5.009633911368039,7.209599685256229,6.0332772632389675,5.12109491326298,3.785488958990534,3.154574132492125,0.0,83.33333333333368,179444520.00000003,884435.0,737286.6666666666,55556526.5,45446516.833333336,3.1023195599450495,3.229944910252804,1.2999999999999987,1.9877675840978573,26.600933003190235,23.635937365635243,11.955956565618491,74.15730337078651,69.28,47.818,81.92153573758273,0.0,-4.2992185899499376,1.1052234641084846,-0.2756068705366932,0.28357606023783033,0.2475939358020318,2.2545574479237107,-2.518004371036664,0.1767830810998167,0.16726685338958222
1764633600,65.4,66.1,64.8,66.1,1960300,2025-12-02,GAS,2025-12-02,1.0703363914372988,8.717105263157897,9.256198347107425,6.4412238325281646,9.039920818211812,1.3306352710326097,62.55999999999999,61.092,61.690149999999996,62.584062541227574,61.95617594077411,5.658567774936074,8.197472664178607,7.148385925467848,5.617943795924529,1.9877675840978548,1.0703363914372914,0.0,100.0,129575829.99999999,932020.0,748988.3333333334,58984303.0,46303877.0,2.1032810454711273,2.19678496497619,1.2928571428571414,1.9559109574238147,25.689437710221895,23.64826238288975,11.26345074867884,73.86363636363633,69.28,47.818,85.18311434162703,0.0,-3.274898299628315,5.316683340872497,1.5710701667817073,0.297318761722247,0.2596887863735943,6.494448659325847,-0.4047138061575417,0.18992197976861616,0.17943617424554595
1764720000,66.2,66.2,64.3,64.5,1151400,2025-12-03,GAS,2025-12-03,-2.4205748865355425,4.0322580645161255,2.3809523809523725,4.20032310177707,-0.5489083508079307,-1.122148638704934,62.63499999999999,61.15,61.692609999999995,62.76653277539638,62.055933747018265,2.9775684521433865,5.478331970564199,4.550609870452882,2.7617699241196947,2.874432677760977,-2.571860816944029,0.1512859304084957,10.526315789473802,74265300.0,905560.0,755563.3333333334,57403678.0,46760763.5,1.271478422191793,1.2937376591095784,1.2785714285714274,1.982281284606864,23.705781759654588,24.198530352577542,13.23010490455382,58.51063829787235,69.28,47.818,77.72807753238281,-2.4205748865355425,-5.616201820363475,-2.2646736123160593,-1.1859213148094794,0.27775277338515925,0.2376889069724344,-2.152382365955874,-3.639425781266503,0.16733174766990105,0.15514666652869233
1764806400,64.6,65.0,64.1,65.0,1027400,2025-12-04,GAS,2025-12-04,0.7751937984496138,3.1746031746031855,4.669887278582929,4.8387096774193505,-0.3556536669119481,-0.7845651311170099,62.779999999999994,61.211999999999996,61.694275,62.97924393964434,62.17138732556657,3.5361580121057834,6.188329085800182,5.3582362382895266,3.208606413713433,1.3953488372093112,0.6201550387596988,0.15503875968991832,100.0,66781000.0,925630.0,759171.6666666666,58798998.0,47035850.166666664,1.1099467389777773,1.1357506466351688,1.278571428571428,1.9670329670329663,23.068273109223913,24.24001628716577,12.897372344746241,61.22448979591838,69.28,47.818,80.05777653527164,-1.6641452344931862,-4.884544470133734,-1.08913478346353,0.04365614099950399,0.28029847826497223,0.23877075540595896,-1.2099800727221721,-1.8698958813705646,0.17039385569723797,0.15659003782221365
1764892800,65.2,65.2,64.0,64.0,735600,2025-12-05,GAS,2025-12-05,-1.538461538461533,0.9463722397476282,1.748807631160565,2.400000000000002,-4.102610207078428,-1.7470600878135678,62.834999999999994,61.262,61.69047,63.076458802535356,62.243097626524744,1.8540622264661577,4.469328458097999,3.7437387006453493,1.4641614557910465,1.8461538461538505,-1.8461538461538505,0.3076923076923199,0.0,47078400.0,901155.0,762163.3333333334,57299978.5,47241219.333333336,0.8162857665995306,0.8216128737290888,1.2357142857142855,1.9308035714285712,23.53954893617255,24.419744852401067,13.33546329064628,54.716981132075475,69.28,47.818,75.398378529494,-3.177004538577899,-6.3478591705932175,-7.144945104753386,-2.042018641363663,0.2748476907578541,0.23215134012633018,-6.514971270692337,-3.499380846444544,0.1720759428256566,0.15690392880325554
1765152000,64.1,65.4,63.6,65.4,1050700,2025-12-08,GAS,2025-12-08,2.187500000000009,0.0,6.8627450980392135,3.4810126582278444,-3.2329658947991224,1.1334993118592207,63.045,61.34,61.695545,63.297748440389135,62.36689771960221,3.735427075898179,6.618845777632876,6.004412474190812,3.3212106455740242,2.8125000000000067,2.0312500000000178,0.15624999999999112,100.0,68715780.0,916775.0,768825.0,58476569.5,47700762.333333336,1.1460827356766927,1.1750993703555062,1.2714285714285718,1.9440803844473573,22.186300558858854,24.715537466806545,10.668869322765405,63.15789473684213,69.28,47.818,81.92153573758273,-1.0590015128592922,-4.2992185899499376,-4.095534983451921,-0.6046897573457777,0.27954983600431954,0.2326440251069682,-3.094132818798335,-2.2240626048599443,0.17353499874223405,0.15623872558470409
1765238400,65.3,65.3,63.6,64.0,731000,2025-12-09,GAS,2025-12-09,-2.140672782874631,-3.177004538577899,4.746317512274967,2.0733652312599604,-2.170590033628861,-0.887367785297255,63.19,61.412,61.69268,63.36462954130445,62.43094094628447,1.2818483937331981,4.214160099003461,3.740022317072289,1.0027210184845758,2.5993883792048864,-1.9877675840978548,-0.152905198776776,23.529411764705856,46784000.0,925650.0,768113.3333333334,59124827.0,47671979.166666664,0.7897153351698806,0.7912750425468476,1.3428571428571436,2.098214285714287,23.832413573743676,25.06832815122934,12.294346264218579,57.142857142857125,69.28,47.818,75.398378529494,-3.177004538577899,-6.3478591705932175,-4.889666197666621,-1.8691655558183973,0.2865358583426984,0.2352257319755417,-3.5661550393280237,-3.1324852851659424,0.18386305678383272,0.16347776871357933
1765324800,63.9,64.1,63.4,63.5,443900,2025-12-10,GAS,2025-12-10,-0.78125,-1.5503875968992276,2.584814216478204,-0.78125,-7.07951652082296,-2.090785740717893,63.27,61.47,61.68684499999999,63.37752196594212,62.47286483074391,0.36352141615298983,3.3024239466406424,2.939289568140513,0.1932515350216768,1.0937499999999933,-0.6249999999999978,-0.15625000000000222,14.285714285714576,28187650.0,915405.0,750693.3333333334,58526173.5,46553400.0,0.4849219744266199,0.4816246871154151,1.350000000000001,2.1259842519685055,23.74675214392375,24.76321962348654,12.193878181867836,55.38461538461538,69.28,47.818,73.06867952660517,-3.9334341906202663,-7.07951652082296,-2.7538790537778413,-3.6544314455077,0.3063147719093783,0.25760543060674324,-1.4055290566608258,-4.961895851726994,0.19820359996079645,0.179765519626769
1765411200,63.6,63.9,62.5,62.6,470100,2025-12-11,GAS,2025-12-11,-1.4173228346456623,-3.6923076923076947,-0.4769475357710662,-0.6349206349206327,-3.757456490990707,-3.8963431483926447,63.254999999999995,61.51599999999999,61.67791999999999,63.303472254900015,62.47785052365592,-1.0354912655126003,1.762143182261533,1.4949920490185287,-1.111269618935573,2.2047244094488168,-1.574803149606299,0.15748031496063408,7.1428571428572525,29428260.0,881000.0,746340.0,56355047.5,46276006.0,0.5335981838819523,0.5221938638238216,1.371428571428572,2.19078046554085,23.68461613750355,24.72588402028075,12.414420383134416,52.554744525547456,69.28,47.818,68.87522132140528,-5.2950075642965055,-8.396499751236487,-4.611944838767201,-2.659926940545243,0.3131321037608416,0.26545131728798504,-3.6986530120266647,-3.994680859226918,0.20476892728188237,0.18704170709493267
1765497600,62.6,62.9,61.3,61.3,598400,2025-12-12,GAS,2025-12-12,-2.07667731629394,-4.218750000000004,-2.388535031847139,-1.9199999999999995,-3.522301614781709,-6.027716458180032,63.18000000000001,61.54,61.66438,63.112665373480965,62.43166030704196,-2.9756251978474313,-0.38999025024374356,-0.590908398008716,-2.8721103169295437,2.5559105431309925,-2.0766773162939365,0.0,0.0,36681920.0,886080.0,745343.3333333334,56629191.5,46201746.333333336,0.6753340556157458,0.6477563784395545,1.414285714285715,2.3071545094383605,24.79326225419185,25.039863709762137,13.342934482315986,51.06382978723403,69.28,47.818,62.818003913894316,-7.261724659606649,-10.29880886183382,-3.087420972194199,-1.212785568725816,0.34099351113904386,0.29810015716357674,-2.1475570137444056,-2.3233277225965687,0.23786166872378559,0.22254849591671338
1765756800,61.3,62.4,61.0,62.1,620600,2025-12-15,GAS,2025-12-15,1.3050570962479746,-5.045871559633031,-1.4285714285714235,0.4854368932038833,-3.689573349462616,-4.387990762124716,63.135000000000005,61.566,61.65484000000001,63.01622105219706,62.418654020491296,-1.6393442622950838,0.8673618555696372,0.7220195527228634,-1.4539447731055533,2.2838499184339294,1.305057096247968,0.0,78.57142857142875,38539260.0,882660.0,740960.0,56385804.5,45933959.333333336,0.7031019871751297,0.6834922431584709,1.471428571428572,2.3694501955371527,25.261901430643345,25.078101441701158,13.342934482315986,54.42176870748301,69.28,47.818,66.54552231851646,-6.051437216338873,-9.128157101466227,-0.9202361811735393,-0.2218346660362247,0.3319750785579517,0.2869876909181131,-0.17694748611443156,-2.275609490616737,0.22843888036284707,0.20941945384689045
1765843200,62.5,64.3,62.1,64.3,870400,2025-12-16,GAS,2025-12-16,3.5426731078904927,0.46874999999999556,3.044871794871784,4.383116883116878,0.45619297587802254,-0.5675228478203787,63.23,61.63400000000001,61.653475,63.13848571389258,62.49243229419752,1.692234698718953,4.325534607521808,4.29258042632632,1.8396296220513308,3.542673107890492,2.8985507246376767,0.6441223832528209,100.0,55966720.0,888700.0,746391.6666666666,56845388.5,46307718.0,0.9794081242263981,0.9845428358713741,1.5357142857142863,2.388358142634971,28.041722468378815,26.083276417767394,13.526862981781477,57.324840764331206,69.28,47.818,76.79619793122727,-2.7231467473524895,-5.908864760455379,1.88457491309435,1.6973054525186715,0.381196849649624,0.32242163387815415,2.423187663095816,-0.4712573791467056,0.2772738140763249,0.2485792915313427
1765929600,64.2,64.8,62.9,62.9,532900,2025-12-17,GAS,2025-12-17,-2.1772939346811793,-0.9448818897637823,1.12540192926045,2.110389610389607,-1.4415543716703283,-2.4488593185378216,63.265,61.674,61.642754999999994,63.11577278875995,62.5084153414839,-0.5769382755077879,1.987871712553102,2.039566531379089,-0.3418682513515514,2.9548989113530304,-2.0217729393468185,-0.15552099533435726,0.0,33519410.0,896305.0,745970.0,57337071.0,46293289.5,0.5945520776967662,0.5846027607514168,1.5571428571428574,2.4755848285260056,29.217863530264328,26.491934593617184,14.501241395663305,49.68944099378882,69.28,47.818,70.27304072313856,-4.841149773071097,-7.957505341098647,-0.3700498597025703,1.1329904574688632,0.39476765218773585,0.3264317788969101,0.5024563243404945,-0.28888095093289046,0.29579030789310334,0.2586614493201688
1766016000,63.6,63.8,62.4,63.3,625000,2025-12-18,GAS,2025-12-18,0.6359300476947549,1.1182108626198062,1.9323671497584405,2.2617124394184174,1.2767591437073955,-1.685175118428217,63.325,61.722,61.63732999999999,63.13331823744947,62.53945787711198,-0.039478878799847905,2.5566248663361435,2.6975049049009936,0.26401552651424964,2.225755166931635,-0.476947535771072,1.1128775834658322,64.28571428571425,39562500.0,907955.0,747220.0,58098036.0,46385247.833333336,0.6883601059523875,0.6809610569279829,1.5642857142857147,2.4712254570074483,29.27049662697557,26.504220955881287,14.597448796652765,49.68944099378882,69.28,47.818,72.13679992544961,-4.236006051437213,-7.372179460914863,0.6648474183591047,1.6080862847688948,0.3945070896136159,0.3257501511161877,1.6156279299593512,-0.1486132235556381,0.2961012312752411,0.2588185587821212
1766102400,63.6,64.0,63.0,64.0,658000,2025-12-19,GAS,2025-12-19,1.1058451816745807,4.404567699836881,3.392568659127626,4.065040650406515,2.3967233048542314,-0.16067890738341584,63.42999999999999,61.784,61.635875,63.21585935769238,62.59673403879386,0.8986284092700636,3.5866891104493037,3.8356314402935077,1.2404175950068819,1.5797788309636653,0.6319115323854638,0.4739336492891155,100.0,42112000.0,917490.0,753768.3333333334,58757342.5,46815387.0,0.7171740291447318,0.7167104264458523,1.4642857142857149,2.2879464285714293,29.42817909318473,26.550586653380194,14.761485973720317,45.270270270270245,69.28,47.818,75.398378529494,-3.177004538577899,-6.3478591705932175,0.4087566549945354,1.4390395665262234,0.39844510320927545,0.33193552216426747,1.6350984898020338,-0.28710357543213494,0.30128221311307946,0.265073075373303
1766361600,64.3,65.3,64.2,65.3,1262800,2025-12-22,GAS,2025-12-22,2.0312499999999956,5.152979066022545,7.049180327868854,6.178861788617884,4.791860577077367,2.0184976877890337,63.644999999999996,61.878,61.643275,63.41434894267406,62.702744468645086,2.600361379527061,5.5302369178060085,5.932074504477569,2.9735400406468715,1.7187499999999911,1.5625,0.46874999999999556,100.0,82460840.0,961130.0,768460.0,61690884.5,47798901.833333336,1.3138701320320871,1.3366778685107035,1.4642857142857149,2.2423977247867,29.45689274490765,26.849088624113637,14.70045132109763,47.402597402597415,69.28,47.818,81.45559593700492,-1.2102874432677768,-4.445550059995895,2.070103840141191,1.1052935489750393,0.4180290157887153,0.35481126609718955,3.452778816670543,-0.4288075110926659,0.3242293881480788,0.2892139032801564
1766448000,65.3,66.3,64.6,65.3,1512400,2025-12-23,GAS,2025-12-23,0.0,1.5552099533437058,7.401315789473695,8.112582781456945,4.476656746984098,1.2732827742365727,63.86999999999999,61.983999999999995,61.650675,63.59393475765748,62.80459762673744,2.2389228119618076,5.349767681982454,5.919359358190324,2.682748360899434,2.6033690658499276,0.0,0.0,41.17647058823539,98759720.0,1016465.0,782875.0,65395542.5,48793080.5,1.4879016985336435,1.5101903925638356,1.4500000000000004,2.2205206738131706,29.378603741552634,26.55637638730262,14.83938130895956,52.89855072463767,69.28,47.818,81.45559593700492,-1.2102874432677768,-4.445550059995895,0.668438582121067,1.465775295147731,0.4071363559595232,0.35089220556319395,1.9933769541155,0.07556979792924245,0.3181174434137416,0.28857522791441725
1766534400,65.4,66.1,64.4,66.1,1526800,2025-12-24,GAS,2025-12-24,1.2251148545176171,5.087440381558017,6.612903225806432,9.07590759075907,5.597801776471334,2.513996805161356,64.075,62.126,61.663954999999994,63.83260763788058,62.93382909235558,3.160358954350362,6.39667771947332,7.193902823780918,3.5520910801298156,2.6033690658499062,1.0719754977028924,0.15313935681471325,100.0,100921479.99999999,1066340.0,804793.3333333334,68800786.5,50261288.166666664,1.4318134928821953,1.4668652080016553,1.5071428571428562,2.2800950940133986,28.955066692992936,26.646368847175715,14.83938130895956,53.900709219858136,69.28,47.818,85.18311434162703,0.0,-3.274898299628315,0.5154003097646243,2.0028467217160895,0.4104780196423504,0.3529006819696766,1.4360167398819623,0.9235738850021935,0.3205248049107265,0.2898490233462398
1766620800,66.1,69.3,65.5,69.2,3702300,2025-12-25,GAS,2025-12-25,4.689863842662656,9.320695102685628,9.84126984126985,14.759535655058054,8.58990051156514,7.165533582147354,64.38499999999999,62.336000000000006,61.690385000000006,64.34378786284434,63.17956128481222,7.4784499495224255,11.01129363449691,12.173072027350763,7.547289798212065,5.748865355521933,4.689863842662645,0.0,97.36842105263173,256199160.0,1173345.0,858926.6666666666,76689814.5,54074702.666666664,3.1553379440829423,3.34071951627944,1.6928571428571415,2.446325350949626,32.58639615455064,28.177770191841805,14.83938130895956,66.04938271604938,69.3,47.818,99.53449399497256,0.0,0.0,6.366276965806761,9.305463252761225,0.30761874611795686,0.25494687898733037,6.976884411481898,8.500260464177313,0.22696123718383968,0.19796417540133793
1766707200,69.0,70.9,68.0,70.5,2428400,2025-12-26,GAS,2025-12-26,1.8786127167629951,10.15625,11.198738170347,17.304492512479207,10.142482189726287,9.337923975247753,64.74000000000001,62.574000000000005,61.72143,64.93009378066868,63.46663731285881,8.897126969416114,12.66660274235305,14.222888225370035,8.578312297139501,4.190751445086714,2.167630057803468,-0.28901734104046506,86.20689655172397,171202200.0,1232610.0,891560.0,81309297.5,56456888.666666664,1.9701284266718588,2.105567324573183,1.7714285714285702,2.5126646403242128,32.95654144073496,28.348126417930843,14.83938130895956,65.83850931677016,70.9,47.818,98.2670479161251,0.0,0.0,8.903632936135097,12.201868896287891,0.293496692738514,0.24220767386987446,9.013096355718542,11.579328356330553,0.21869185910610361,0.1898580295631455
1766966400,70.6,75.4,70.2,75.1,5613700,2025-12-29,GAS,2025-12-29,6.524822695035448,15.00765696784072,14.83180428134554,23.519736842105267,16.64207501747299,16.98365967257036,65.225,62.93600000000001,61.7783,65.89865627774786,63.92284761431533,15.139900344959756,19.327570865641274,21.5637205944482,13.962870021917539,7.375886524822699,6.382978723404255,0.14184397163119478,94.23076923076901,421588869.99999994,1376105.0,978115.0,93416515.0,63057364.5,4.079412544827611,4.5130014751674254,2.014285714285713,2.6821381015788455,38.23452855561263,31.059760417864535,14.83938130895956,78.75647668393782,75.4,47.818,98.91233413095493,0.0,0.0,11.707226660537764,20.019884291235314,0.3593667972770397,0.2634357266653289,11.878702231241057,19.783878543121958,0.2669714669890856,0.20525061987301949
1767052800,75.1,75.7,73.8,74.9,1764400,2025-12-30,GAS,2025-12-30,-0.26631158455391324,14.701378254211338,13.313161875945557,22.988505747126453,17.188722345651986,16.3314436592374,65.665,63.31400000000001,61.831815000000006,66.75592710843854,64.35332417845983,14.063808726109794,18.299270303566352,21.135049973868636,12.199774977781686,2.5299600532623248,-0.26631158455391296,0.0,57.894736842105544,132153560.00000001,1366310.0,1002478.3333333334,93545401.5,64952784.833333336,1.291361404073746,1.412721073199948,2.099999999999999,2.803738317757008,38.36670949234382,31.08454477814358,14.719620605488284,80.00000000000003,75.7,47.818,97.130765368338,-0.26631158455391324,-0.26631158455391324,10.410525975045172,18.146637830435065,0.35531608347361476,0.2601605694483674,10.257965272659586,17.749325792684534,0.2611109490644846,0.20091189041931015
1767139200,74.5,75.8,72.4,72.4,1872800,2025-12-31,GAS,2025-12-31,-3.337783711615483,9.531013615733762,12.24806201550388,18.883415435139582,12.777855663037219,12.284619798694152,66.06,63.58200000000001,61.868595000000006,67.29345786001582,64.66888009303004,9.597335755373916,13.868704979396673,17.02221458237414,7.5884674415257924,4.5393858477970515,-2.8037383177570017,-0.5340453938584844,0.0,135590720.0,1402380.0,1027370.0,96611672.5,66827640.666666664,1.3354440308618207,1.403461056944232,2.2428571428571416,3.0978689818468803,39.4640769560773,31.990933586144614,16.448901645966203,73.78640776699032,75.8,47.818,87.84933171324425,-3.595206391478012,-3.595206391478012,9.203777843818273,13.779253063170648,0.3286646794042326,0.23420631354286184,9.274416104520554,13.283685852987158,0.23583030127704735,0.17666765633931603
1767571200,73.1,77.4,72.8,77.4,5364200,2026-01-05,GAS,2026-01-05,6.906077348066297,11.849710982658967,19.07692307692308,27.093596059113324,21.457489878542525,20.03908249197415,66.68,63.934,61.93179,68.25598568287145,65.16813969722494,16.076784643071385,21.0623455438421,24.976203658896345,13.39664825823943,6.353591160221006,5.939226519337032,0.966850828729271,100.0,415189080.00000006,1619220.0,1110721.6666666667,114032076.5,73378912.16666667,3.312829634021319,3.640984999514589,2.4857142857142844,3.2115171650055356,45.366948050205764,34.72088927690538,16.448901645966203,83.12757201646095,77.4,47.818,100.0,0.0,0.0,16.132021969419206,22.90301888619448,0.3416929945313397,0.22341603617965497,16.594010466353893,22.57041339548993,0.2300369146164579,0.15838303767728962
1767657600,77.8,82.8,77.8,82.8,4730300,2026-01-06,GAS,2026-01-06,6.976744186046502,17.44680851063829,29.374999999999996,35.96059113300492,30.508795157934543,28.97798962568343,67.62,64.398,62.022924999999994,69.64112990355036,65.85958519929456,22.448979591836714,28.575421596944018,33.49902475576572,18.895256459328035,6.459948320413436,6.459948320413436,0.5167958656330685,100.0,391668840.0,1818955.0,1179685.0,131261598.5,79305338.66666667,2.600559112237521,2.9838798588149147,2.7714285714285696,3.347135955831606,49.169335147559245,37.212026700969396,16.29823066431324,85.81314878892736,82.8,47.818,100.0,0.0,0.0,25.070793995359832,32.028228682717376,0.4312794315940279,0.26222815528912885,25.30210706150342,32.15411118026404,0.303676368210808,0.19343251650755441
1767744000,85.2,88.5,85.2,88.5,4173200,2026-01-07,GAS,2026-01-07,6.884057971014501,17.842876165113196,35.321100917431195,46.039603960396036,38.87581207042652,38.05906119838387,68.775,64.982,62.146795000000004,71.4372127698789,66.74744460324379,28.680479825517978,36.1915607398972,42.404769224221454,23.88501254253237,3.9855072463768084,3.9855072463768084,2.898550724637694,100.0,369328200.0,1975080.0,1240623.3333333333,146292219.5,84938739.66666667,2.112927071308504,2.5245922254942617,3.02142857142857,3.4140435835351077,52.92501957733463,39.347469196588825,16.29823066431324,87.34567901234571,88.5,47.818,100.0,0.0,0.0,29.171956802568104,40.574819696436634,0.5434212385491827,0.31887354253111216,29.628044087678475,41.84138104907156,0.40344820988432906,0.24425001993595052
1767830400,93.5,94.6,90.0,91.6,6171100,2026-01-08,GAS,2026-01-08,3.5028248587570587,22.296395193591433,43.12499999999999,52.666666666666664,42.89502831380747,42.89502831380747,70.155,65.61399999999999,62.28852,73.35747822036662,67.72205461880286,30.56802793813698,39.604352729600414,47.05759584591189,24.86797831958272,5.197740112994344,-2.146892655367238,5.649717514124286,34.782608695652094,565272760.0,2247085.0,1334008.3333333333,172216657.5,93791952.33333333,2.746269055242681,3.2823349855109107,3.32142857142857,3.626013724266998,51.43976916248915,39.61780089596818,15.376799646270491,92.08211143695017,94.6,47.818,93.58727715788123,0.0,0.0,36.92125336973506,47.30058033229987,0.5292038198322008,0.3084985538586155,38.00543709643083,49.67017763409461,0.3753367741961286,0.22680925543539807
1767916800,90.6,98.0,89.8,97.1,4592600,2026-01-09,GAS,2026-01-09,6.004366812227069,34.116022099447484,52.91338582677165,64.57627118644066,52.82193333123486,51.69978752655917,71.83500000000001,66.352,62.457744999999996,75.6186707708079,68.87413090826158,35.17087770585368,46.34072823727995,55.46510684943877,28.4074409272542,8.951965065502188,7.096069868995633,-1.091703056768556,89.02439024390237,445941460.0,2454520.0,1389363.3333333333,193104348.0,99974198.33333333,1.871078663037987,2.3093289437480715,3.807142857142856,3.920847432690892,52.45210641551764,40.73289360318827,15.439123993865026,93.11224489795921,98.0,47.818,98.20652823721652,0.0,0.0,44.25010876711999,58.32182708962334,0.5459633683543914,0.309846647162198,46.78954274671947,61.761339158813826,0.3533217060622429,0.20775581332242773
1768176000,101.0,102.5,94.5,97.0,5514400,2026-01-12,GAS,2026-01-12,-0.1029866117404632,25.322997416020666,54.9520766773163,65.24701873935264,51.766436148574634,52.66454720010074,73.555,67.098,62.625055,77.65498784025476,69.97710616676112,31.874107810481945,44.56466660705238,54.89008352966715,24.911486947290683,8.2389289392379,-4.11946446961895,4.0164778578784865,31.25,534896800.0,2706735.0,1465331.6666666667,218377775.0,107953564.83333333,2.037288467470957,2.449410431075232,4.307142857142856,4.440353460972016,51.44882804467128,40.682921565617264,15.062789744322016,92.74611398963734,102.5,47.818,89.94184557989831,-0.1029866117404632,-0.1029866117404632,44.44939847377283,58.994082723278844,0.5472582092132807,0.31096159881723484,46.847788862070175,62.38043811460916,0.3545192991643598,0.2087628597267717
1768262400,97.0,103.7,96.0,103.7,4960100,2026-01-13,GAS,2026-01-13,6.9072164948453585,25.24154589371981,69.16802610114195,76.96245733788396,59.6612779060816,64.4283064043002,75.675,67.94,62.82728,80.13546518880193,71.29957259159401,37.0333663693426,52.63467765675598,65.05568918469811,29.405875108704006,7.938144329896909,6.907216494845364,0.0,100.0,514362370.0,2924820.0,1542666.6666666667,242261797.5,116213737.66666667,1.6958650446865107,2.123167479594054,4.764285714285713,4.594296735087477,51.2819519640024,42.45530909110195,13.738869312058522,93.63636363636367,103.7,47.818,100.0,0.0,0.0,53.62114683173112,67.0421135281346,0.6019128772765798,0.3235739281225213,57.26784238690062,71.29416879989475,0.36535996224297057,0.20211779838398558
1768348800,107.0,110.9,100.0,107.0,4910800,2026-01-14,GAS,2026-01-14,3.182256509161041,20.903954802259882,72.30273752012882,87.71929824561404,64.50402804255582,69.40833742341002,77.92,68.85,63.04788500000001,82.69399231367794,72.69958935270797,37.32032854209446,55.41031227305739,69.71227504300896,29.392712827461033,10.511089681774354,0.0,3.182256509161041,64.2201834862385,525455600.0,3139330.0,1614435.0,266607614.5,124396866.0,1.5642828246791514,1.9708949460631402,5.421428571428571,5.06675567423231,51.03126718515494,41.96861388962436,13.738869312058522,94.08033826638481,110.9,47.818,93.81757078088836,0.0,0.0,57.2098766019084,71.95265989261392,0.5614236804448071,0.26239539004096624,61.75317178188382,77.23000455180477,0.23791176242790016,0.11725761585123524
1768435200,106.9,107.1,102.3,103.0,3558000,2026-01-15,GAS,2026-01-15,-3.738317757009346,12.445414847161572,60.18662519440126,83.92857142857142,59.277529497270635,63.31837569568872,79.85499999999999,69.7,63.248490000000004,84.62789780761337,73.88784075064099,28.983783106881233,47.77618364418939,62.849737598478626,21.70927397269442,4.485981308411213,-3.6448598130841177,-0.09345794392522366,14.583333333333401,366474000.0,3273710.0,1659770.0,282132978.5,129722726.0,1.086840312672778,1.2989406695679853,5.642857142857143,5.478502080443828,55.944682557917105,42.732648393680165,18.32118786859145,86.53465346534657,110.9,47.818,87.47661773564566,-3.738317757009346,-3.738317757009346,49.13242016575632,71.82286214113522,0.6926885813088185,0.3200193573698212,52.98142274606708,77.06078083407274,0.3687203780105793,0.17496137538529632
1768521600,103.2,107.2,99.8,99.8,4537900,2026-01-16,GAS,2026-01-16,-3.106796116504862,2.780638516992795,58.66454689984102,69.15254237288136,53.87936351301346,58.95516445010751,81.7,70.43599999999999,63.42979999999999,86.072859921174,74.90400385845899,22.154222766217856,41.688909080583805,57.33929477942545,15.94827927339395,7.1844660194174805,-3.300970873786413,0.1941747572815622,0.0,452882420.0,3473960.0,1718340.0,303101129.0,136264128.0,1.306261442273371,1.494162761762593,5.9,5.9118236472945895,57.04891435208839,42.614005033710335,19.707180392145418,80.23715415019764,110.9,47.818,82.40385529945151,-6.728971962616825,-6.728971962616825,46.38785987858223,57.19960820546997,0.6343305380682825,0.2935904854302835,49.05417781740997,61.411512376195915,0.27106333227533574,0.1301533388642862
1768780800,100.0,106.2,98.1,105.8,4498200,2026-01-19,GAS,2026-01-19,6.012024048096198,9.072164948453597,67.14060031595577,76.92307692307692,65.29183852018498,69.27458321333717,83.825,71.31,63.64299499999999,87.95163516677648,76.11561155028413,26.215329555621825,48.36628803814331,66.23981948052572,20.293386017643588,8.116232464929867,5.811623246492983,0.20040080160321772,95.06172839506166,475909560.0,3667620.0,1784063.3333333333,324918482.0,143643003.33333334,1.2264629378179854,1.4647044916330736,6.271428571428572,5.927626248987308,58.033364830115545,43.869806579206575,19.707180392145418,81.91681735985534,110.9,47.818,91.91528486731555,-1.121495327102806,-1.121495327102806,54.04503566998504,64.50324597456294,0.6702784453782792,0.3020684530662293,57.11837774349601,69.2932318223975,0.29646770429794556,0.1381902697268568
1768867200,106.0,110.8,104.0,104.5,3888800,2026-01-20,GAS,2026-01-20,-1.2287334593572785,0.7714561234329675,63.28125,75.33557046979867,63.50095440748505,65.94413478792498,85.85,72.142,63.87133999999999,89.52766991279778,77.228724822822,21.723937099592327,44.85320617670705,63.61015754483938,16.72369011925101,6.427221172022682,-1.4177693761814745,0.1890359168241984,7.352941176470591,406379600.0,3829160.0,1838155.0,343131862.0,149776985.33333334,1.015575217541184,1.1843248762483036,6.385714285714286,6.110731373889269,59.43933266947782,44.023329054232605,19.7534672521392,78.26923076923079,110.9,47.818,89.85447512761168,-2.336448598130836,-2.336448598130836,52.1641410233467,62.82353967095362,0.6730092665496212,0.30213528980396437,55.40189470744019,68.08420772167565,0.3053369890832204,0.14201342709092007
1768953600,101.2,110.0,101.0,110.0,4569400,2026-01-21,GAS,2026-01-21,5.263157894736836,2.8037383177569986,68.45329249617151,85.49747048903879,72.614003703355,74.93916887991222,88.08500000000001,73.118,64.14506999999999,91.47741563538847,78.51387286898584,24.87937787364476,50.441751689050584,71.48628881377792,20.248259350088137,8.61244019138756,8.421052631578945,-3.157894736842104,100.0,502634000.0,3994490.0,1905763.3333333333,364140520.0,157647302.5,1.143925757731275,1.3803297693978138,6.892857142857143,6.266233766233767,60.16984412391536,44.77475450382095,19.7534672521392,80.6282722513089,110.9,47.818,98.57328556482038,0.0,0.0,60.77723897338778,71.40401435484534,0.6343348994892416,0.274247172687094,63.66303620990459,76.047566240212,0.2662336140880384,0.11823239765087806
1769040000,110.5,110.5,104.7,104.8,4035100,2026-01-22,GAS,2026-01-22,-4.727272727272725,1.747572815533971,60.49004594180705,74.66666666666666,64.69700779482022,66.42052943324916,90.06,73.992,64.412095,92.7462331939229,79.54470138392757,16.366866533422165,41.636933722564585,62.70236203309334,12.99650281308342,5.27272727272727,-5.181818181818184,0.454545454545463,1.7241379310343856,422878480.0,4120625.0,1962013.3333333333,380346458.0,164035177.16666666,0.9792446534202942,1.1118244198293545,7.064285714285715,6.7407306434024,65.12803361103546,46.32451973654418,24.452163235655032,77.0,110.9,47.818,90.33004660600487,-4.727272727272725,-4.727272727272725,54.25016782765193,62.6327481900228,0.6707982093036191,0.276993148280665,57.03825819595163,67.84004350324221,0.2826364124961785,0.11743554787478541
1769126400,104.8,106.3,99.2,100.8,3428600,2026-01-23,GAS,2026-01-23,-3.8167938931297662,1.002004008016022,52.49621785173979,67.44186046511626,57.48031496062993,60.307892937228644,91.79499999999999,74.77,64.677005,93.51325860402548,80.3782425061265,9.80990250013618,34.81342784539254,55.85137252412973,7.792201346366978,6.774809160305338,-3.816793893129771,0.0,22.535211267605572,345602880.0,4215715.0,2008498.3333333333,392580528.0,169153593.5,0.8132902722314008,0.8803362758735706,7.214285714285714,7.157029478458051,68.76616649570207,47.339688402065164,26.417702058388954,69.83050847457628,110.9,47.818,83.98909356076217,-8.363636363636362,-8.363636363636362,47.56190030986794,56.470410200261554,0.7119152531464308,0.28877491158821395,49.79594649003787,60.876949912022546,0.30005333697631104,0.12207223434780644
1769385600,100.5,107.8,100.5,107.8,6102800,2026-01-26,GAS,2026-01-26,6.944444444444442,1.8903591682419618,55.780346820809235,80.56951423785594,68.91256659354434,69.16172362928789,93.725,75.668,64.96044,94.87390064173734,81.45360554510194,15.017337956788479,42.46444996563936,65.9471518357942,13.624505022803035,7.24206349206349,7.24206349206349,-0.29761904761904656,100.0,657881840.0,4335740.0,2102538.3333333335,412664662.0,179660192.83333334,1.407556726187456,1.594228681495388,7.3500000000000005,6.818181818181819,70.28886182594213,48.781321787034116,26.417702058388954,70.62706270627064,110.9,47.818,95.08576138993689,-2.0000000000000018,-2.0000000000000018,49.992700150126154,70.13868474283626,0.5669767188106837,0.22490455649100302,52.943097743029035,75.0063980617062,0.10959940307005575,0.04410955378661927
1769472000,109.8,115.3,109.0,115.3,5889900,2026-01-27,GAS,2026-01-27,6.957328385899819,10.334928229665064,63.54609929078015,87.17532467532467,76.75374049546235,82.54935798989882,95.965,76.71799999999999,65.26349,96.81924343776235,82.78091513156853,20.147970614286457,50.29067493938844,76.66845582422881,19.08789606904695,5.844155844155842,5.1020408163265305,1.855287569573294,100.0,679105470.0,4508815.0,2181141.6666666665,438059825.5,189773618.66666666,1.3063077549200843,1.550257363192051,7.478571428571429,6.486185107173832,72.1407971732707,50.086925438637685,26.417702058388954,71.47435897435898,115.3,47.818,100.0,0.0,0.0,57.72461703849665,75.53564547549546,0.5744583476236823,0.21798826672799435,60.80394147555408,80.04034780088159,0.11925238198624119,0.04563568184192428
1769558400,121.0,122.8,115.0,118.0,7140900,2026-01-28,GAS,2026-01-28,2.341717259323506,7.272727272727275,57.12383488681758,91.869918699187,81.41565709365968,87.66201752572402,98.11,77.818,65.574865,98.83645834845166,84.16205571464428,20.273162776475395,51.63586830810354,79.94699645969534,19.389142399241543,6.7649609713790095,-2.6019080659150045,4.94362532523851,38.461538461538474,842626200.0,4585175.0,2281905.0,459111692.0,202694911.16666666,1.557388758335287,1.8353403206294296,7.6000000000000005,6.440677966101695,70.62454062429178,50.08063861088482,26.417702058388954,71.29032258064517,122.8,47.818,93.59846363127151,0.0,0.0,54.38455381275953,80.37270163054136,0.5235783323516351,0.19918842837088324,56.798817053536155,84.36092879802209,0.07859575906683333,0.029909222337537063
1769644800,118.5,118.5,111.3,116.8,3705700,2026-01-29,GAS,2026-01-29,-1.016949152542379,11.45038167938932,55.94125500667555,93.0578512396694,76.75812285294876,85.19986680831497,100.20500000000001,78.906,65.884945,100.54727183907531,85.44197509838372,16.561049847811972,48.02423136390133,77.27873947530803,16.164265686827363,6.10169491525424,-1.4406779661016973,0.4237288135593209,76.38888888888886,432825760.0,4682240.0,2326856.6666666665,474145302.0,208891668.83333334,0.7914374316566429,0.9128546843642458,7.528571428571429,6.445694716242663,71.0462886486868,49.95234907022447,26.26903178067736,67.07105719237435,122.8,47.818,91.99807953908939,-1.016949152542379,-1.016949152542379,53.220104969887956,83.1909036979316,0.6020676147992483,0.22457544951707645,55.4794945449151,86.66751762705209,0.12492427165003842,0.046755198350118654
1769731200,116.8,122.0,115.8,117.0,3644900,2026-01-30,GAS,2026-01-30,0.1712328767123239,16.07142857142858,61.602209944751365,85.71428571428572,76.55580370616286,83.0584848390024,102.43499999999999,80.002,66.196495,102.11419833059195,86.67954470236867,14.218772880363172,46.246343841403984,76.74651807471076,14.577602246081067,5.308219178082195,0.1712328767123312,0.0,19.35483870967746,426453300.0,4770845.0,2359595.0,488688431.0,214234593.83333334,0.7639946382663868,0.8726486508537789,7.4,6.3247863247863245,68.36808754063892,49.600709343037835,25.06416996616102,67.30103806228374,122.8,47.818,92.26481022111975,-0.8474576271186418,-0.8474576271186418,59.10569833639268,75.19092766631879,0.5920667123237502,0.22291238604221889,61.64259150121414,78.11596716164509,0.14692961812423833,0.05526820034006011
1769990400,113.9,116.8,110.0,114.5,5534800,2026-02-02,GAS,2026-02-02,-2.1367521367521403,6.215213358070493,47.93281653746768,84.38003220611915,72.5385009493385,81.2827535979481,104.28999999999999,81.05,66.49554499999999,103.2937984895832,87.77054294933461,9.790008629782342,41.270820481184465,72.19198669625162,10.848861862260684,5.811965811965809,0.512820512820508,-2.64957264957264,66.17647058823533,633734600.0,4779375.0,2441408.3333333335,499615707.0,224148927.16666666,1.158059369687459,1.268444108383486,7.3500000000000005,6.419213973799128,68.20130972300767,49.77486771315861,25.208557049344677,60.07462686567164,122.8,47.818,88.93067669574032,-2.9661016949152574,-2.9661016949152574,46.92073870253144,74.40462676122559,0.610824281107521,0.2307609618527666,49.13409027211287,77.17474765327363,0.16827901360866845,0.06341304304785118
1770076800,115.8,121.9,113.1,117.0,3319000,2026-02-03,GAS,2026-02-03,2.183406113537112,1.4744145706851786,41.30434782608696,86.00953895071544,77.56598017938717,85.24089232279412,106.0,82.15199999999999,66.805685,104.5991510143848,88.91679616700776,10.377358490566046,42.41893076248906,75.1347957887117,11.855592388039348,7.685589519650665,1.048034934497819,1.1353711790393017,44.31818181818182,388323000.0,4708810.0,2476306.6666666665,499448415.0,229336664.0,0.7048489958184764,0.7775037187774437,7.200000000000001,6.153846153846155,65.69792964693329,49.82523501763783,25.208557049344677,59.469696969696976,122.8,47.818,92.26481022111975,-0.8474576271186418,-0.8474576271186418,41.462363980072865,72.60825072608907,0.6872449434876958,0.24645806226495548,44.138546935019036,76.52967639721378,0.18220186625246554,0.06594257511303256
1770163200,117.0,120.0,114.3,115.8,2275800,2026-02-04,GAS,2026-02-04,-1.025641025641033,-1.8644067796610209,30.847457627118647,89.21568627450979,76.50017528083038,81.44782199937323,107.36500000000001,83.24799999999999,67.111235,105.66589853682434,89.97103945457609,7.856377776742884,39.102440899481074,72.54935034350063,9.590702017873753,4.871794871794874,-1.025641025641028,0.0,26.315789473684198,263537640.0,4613940.0,2501931.6666666665,494158887.0,232975892.0,0.4932443854926592,0.5333054750870038,7.264285714285715,6.273131014063657,63.58327704839078,49.39708027737406,24.93370992732566,62.79999999999999,122.8,47.818,90.66442612893762,-1.8644067796610209,-1.8644067796610209,34.61576197074072,75.87277815450017,0.6565621436647565,0.23772200676336255,36.025446524274265,79.01659305764674,0.13795259923200373,0.04994506603368229
1770249600,115.8,116.8,112.0,112.0,2555300,2026-02-05,GAS,2026-02-05,-3.2815198618307395,-4.109589041095885,22.27074235807862,83.30605564648117,70.70828697282387,76.0120693990445,108.38499999999999,84.27199999999999,67.40061,106.26914629522203,90.83492026027899,3.33533237994188,32.9029808239985,66.17060290700634,5.392772883351604,4.145077720207251,-3.2815198618307404,0.0,0.0,286193600.0,4433150.0,2535295.0,480204929.0,237182137.83333334,0.5764072950385166,0.5959822207489253,7.078571428571429,6.32015306122449,65.18797435208249,50.149413857204564,25.814852273085286,62.05533596837945,122.8,47.818,85.59654317036089,-5.0847457627118615,-5.0847457627118615,26.204864671558113,71.44932783980325,0.7068346088628651,0.2522552051117404,27.321778264020203,75.19944607248028,0.2143929580351783,0.07673937127522225
1770336000,110.0,118.8,109.5,115.0,3964600,2026-02-06,GAS,2026-02-06,2.678571428571419,-1.7094017094017144,18.4346035015448,85.78352180936994,74.53066427888481,81.53404157918831,109.28000000000002,85.332,67.704985,107.10065617186756,91.7825704461504,5.234260614934105,34.76773074579291,69.85455354579875,7.375625986320888,8.303571428571425,4.464285714285714,-1.7857142857142905,59.139784946236574,455929000.0,4401750.0,2590558.3333333335,480704306.0,244111609.16666666,0.9006872266712103,0.94846040343146,7.164285714285714,6.229813664596272,62.890573501131854,50.256506954334625,25.814852273085286,59.663865546218496,122.8,47.818,89.59750340081621,-2.5423728813559365,-2.5423728813559365,24.452591616540253,78.20750425884478,0.6839484751051479,0.2399735611514079,24.368656671358135,81.97370805387527,0.18921932816600537,0.06521223787002249
1770595200,117.0,117.8,114.5,115.7,901300,2026-02-09,GAS,2026-02-09,0.6086956521739184,1.0480349344978102,19.278350515463917,83.94276629570747,75.84388345973221,82.63903139749642,110.215,86.38599999999998,68.01285999999999,107.91964129835635,92.72050886002685,4.976636573969051,33.933739263306585,70.11488709635209,7.2094000758712085,2.869565217391302,-1.1304347826086933,1.7391304347825987,36.36363636363648,104280410.0,4171095.0,2586276.6666666665,459173486.5,244635436.33333334,0.21608234768088475,0.22710459786096557,6.914285714285714,5.976046425484627,62.78724012665581,50.25355980384061,25.87589507517405,61.91489361702128,122.8,47.818,90.53106078792244,-1.9491525423728784,-1.9491525423728784,25.804107841027346,76.3801222511824,0.6861139883521878,0.24075404606560405,25.647327172003532,79.46263240664872,0.19277702519662096,0.06633176681379162
1770681600,115.9,119.6,107.7,107.7,6158900,2026-02-10,GAS,2026-02-10,-6.914433880726012,-7.948717948717943,3.8572806171649043,71.49681528662421,67.51955950288533,70.77076759636579,110.41499999999999,87.272,68.27603,107.89872307946527,93.30793988512384,-2.458905040076065,23.40727839398662,57.74203626074919,-0.18417556185433837,10.28522039757994,-7.087294727744169,0.17286084701815252,0.0,663313530.0,4231035.0,2680645.0,466621044.5,255170677.83333334,1.4556485588041697,1.4215251065471395,7.121428571428571,6.612282796126806,64.56250935955573,52.801245280878206,32.42129781736301,47.67676767676768,122.8,47.818,79.86183350670828,-8.728813559322035,-8.728813559322035,11.682056094980698,64.24686725976937,0.7064639352001675,0.23595686777852162,10.444938152788419,67.22012336446386,0.18475575937773497,0.060467706948660924
1770768000,105.8,107.4,102.0,102.0,3230600,2026-02-11,GAS,2026-02-11,-5.292479108635096,-11.917098445595853,-4.672897196261683,61.904761904761905,56.36497424576894,61.49205997371796,110.16499999999999,88.00400000000002,68.51117,107.33693992904,93.64880498766802,-7.41160985794036,15.903822553520275,48.88083213292078,-4.972137208838101,5.013927576601676,-3.528319405756729,-1.7641597028783762,0.0,329521200.0,4147025.0,2723005.0,456824324.5,259939247.83333334,0.7790162827569161,0.7213302408112027,7.114285714285714,6.974789915966387,66.46812998397174,54.32116501712942,34.445812228932496,47.2,122.8,47.818,72.26000906884319,-13.559322033898303,-13.559322033898303,0.4784931882318979,53.29570253652411,0.4894952372871832,0.16351221959268722,-1.4703428931317046,56.23495825656857,-0.021072298993304806,-0.006928560704906785
1770854400,106.2,106.2,101.0,101.4,2700300,2026-02-12,GAS,2026-02-12,-0.588235294117645,-9.464285714285714,-1.5533980582524198,62.50000000000002,58.41769778777655,61.5035438400892,110.085,88.71,68.74378,106.77151707865524,93.95277341952418,-7.889358223191156,14.305038890767685,47.504254203071184,-5.030852071436054,5.098039215686277,-4.705882352941174,4.117647058823537,7.692307692307796,273810420.0,4104140.0,2755516.6666666665,452191145.5,263723170.83333334,0.6579453917264031,0.605519198517787,6.978571428571429,6.882220343758805,65.14387873971107,54.27428802480413,33.92302529789191,50.64377682403434,122.8,47.818,71.45981702275213,-14.067796610169491,-14.067796610169491,1.1659284110740464,53.212202997734856,0.4746956609120318,0.15934518943304388,-0.038853349634992984,56.26208464387512,-0.030721004753128126,-0.010139349179367856
1770940800,101.5,103.7,99.7,101.6,2039200,2026-02-13,GAS,2026-02-13,0.19723865877709912,-11.652173913043484,1.8036072144288484,63.34405144694533,57.11259220313296,59.43257069328061,110.175,89.45200000000001,68.97645,106.27899164259283,94.25266465797421,-7.7830723848423045,13.580467736886792,47.29664979859067,-4.4025555476927,3.9447731755424065,0.09861932938855454,0.09861932938854956,47.49999999999979,207182720.0,3979205.0,2783156.6666666665,439906160.5,266781453.5,0.5124641731200077,0.47097026275902765,6.742857142857143,6.636670416197976,64.10049617714375,54.236170420677695,33.95424346975372,42.2110552763819,122.8,47.818,71.72654770478248,-13.898305084745765,-13.898305084745765,4.732622237338391,52.72610117405268,0.46182573095668056,0.1546069048417521,4.769934995811775,56.32252668817106,-0.04272041987451373,-0.014058293924042278
1771804800,104.9,108.7,104.9,108.7,956400,2026-02-23,GAS,2026-02-23,6.9881889763779625,-6.050129645635261,2.7410207939508657,75.0402576489533,66.15713848975848,70.3227828267001,110.32000000000001,90.32600000000001,69.239445,106.5095638671078,94.81922682824973,-1.4684554024655627,20.341872771959334,56.99143746747248,2.0565628600500263,3.740157480314958,3.740157480314958,3.2480314960630086,100.0,103960680.0,3802115.0,2792563.3333333335,421308716.5,268108411.5,0.2515442063167474,0.24675653725763824,6.714285714285715,6.176895781311606,65.36241853431667,55.612820899579575,33.95424346975372,41.624365482233515,122.8,47.818,81.19548691686005,-7.881355932203382,-7.881355932203382,4.662891098022904,62.71228465394729,0.581712001781747,0.19374969525420482,5.340531833755269,67.53865023693935,0.0389800778152285,0.012562734833818971
1771891200,112.0,112.4,107.1,110.5,4780400,2026-02-24,GAS,2026-02-24,1.6559337626494974,2.599814298978642,5.741626794258381,78.51373182552504,70.37745158504998,72.63467066616673,110.62,91.256,69.5072,106.88960540357373,95.43415910949484,-0.10847947929850665,21.087928464977644,58.97633626444456,3.377685400553987,4.875804967801298,-1.3799448022079117,3.0358785648574083,64.1509433962264,528234200.0,3846695.0,2864448.3333333335,427401446.5,276430217.0,1.2427291480088751,1.2359204778685746,6.535714285714287,5.9146735617323865,65.31922011948586,55.56014876258324,34.36280698724588,40.25974025974026,122.8,47.818,83.59606305513324,-6.355932203389836,-6.355932203389836,7.122991049874139,65.66182872388329,0.5790660201671396,0.1930115120063887,7.4082854696579155,70.56800865207816,0.04235808207599489,0.013679723603348156
1771977600,110.5,117.5,108.0,110.0,3689100,2026-02-25,GAS,2026-02-25,-0.4524886877828038,7.843137254901955,0.0,80.32786885245902,69.4915254237288,70.10221596795891,110.62,92.148,69.76822,107.18583346037623,96.00536855618132,-0.5604773097089177,19.373182271997223,57.66490817739081,2.6255023157179647,8.597285067873303,-0.4524886877828055,0.0,21.052631578947366,405801000.0,3802680.0,2919433.3333333335,422559796.5,282797067.0,0.9701315914039572,0.9603398225794062,6.700000000000002,6.090909090909093,62.72762974434725,55.40661149689989,34.14817919415575,41.00529100529101,122.8,47.818,82.92923635005735,-6.779661016949157,-6.779661016949157,1.3010225729803149,68.76118340059507,0.6080071983733251,0.20317373868793268,1.477614666551319,73.37301694571916,0.07099621672077454,0.02291346253136737
1772064000,111.0,111.0,105.5,106.0,3151900,2026-02-26,GAS,2026-02-26,-3.6363636363636376,4.536489151873768,1.1450381679389388,74.3421052631579,66.14420062695925,63.678757276756095,110.67999999999999,92.988,70.010655,107.0728969403404,96.39731488731147,-4.22840621611853,13.993203424097732,51.40552534467788,-1.00202476163338,5.0,-4.545454545454546,0.9090909090909038,9.090909090909092,334101400.0,3758520.0,2965203.3333333335,418120942.5,287954314.3333333,0.8386013643668252,0.7990544506150873,6.650000000000001,6.273584905660378,61.73184521115592,56.16684176015555,32.963943315082304,36.77884615384615,122.8,47.818,77.59462270945026,-10.169491525423723,-10.169491525423723,1.3091615419755676,61.13533082869789,0.5487946854247968,0.18114670770553595,1.7467621816734114,65.9518664696933,0.009088486965396082,0.002903152899690207
1772150400,106.0,111.9,105.5,107.9,2836319,2026-02-27,GAS,2026-02-27,1.7924528301886955,6.200787401574814,7.043650793650813,74.03225806451614,69.12225705329156,67.58561776811369,111.03500000000001,93.87599999999999,70.25694,107.15166866030798,96.84840057800514,-2.823434052325846,14.938855511525851,53.57913396171254,0.6983851479386516,6.0377358490566095,1.7924528301886848,0.0,37.50000000000006,306038820.1,3728905.95,3003653.65,416142739.505,292508018.00166667,0.7606303398453909,0.7354179012327162,6.607142857142859,6.123394677611547,60.16866628612394,56.15453267199253,32.03601392306343,41.95121951219513,122.8,47.818,80.12856418873864,-8.559322033898297,-8.559322033898297,6.533705797152001,62.131831965346905,0.5414446115818379,0.17767546559668387,7.814192145876298,66.84762548413093,-0.004286798078073115,-0.0013688460018095312
1772409600,115.3,115.4,112.5,115.4,3660300,2026-03-02,GAS,2026-03-02,6.950880444856344,6.163753449861997,7.0500927643784905,83.17460317460319,79.75077881619939,78.71246496213591,111.41499999999999,94.932,70.542135,107.93722402599293,97.57591428082847,3.5767176771529963,21.56069607719211,63.590172029808855,6.913996576574855,2.687673772011127,0.09267840593142587,6.858202038924932,100.0,422398620.0,3606780.95,3038621.9833333334,404368578.505,297907685.00166667,1.01483845310872,1.044588136797521,6.514285714285715,5.644961624164398,60.17794218798381,57.45849092683979,32.03601392306343,48.2608695652174,122.8,47.818,90.13096476487692,-2.203389830508473,-2.203389830508473,6.921005918219647,73.5695400037093,0.37359270245351966,0.12277983514716678,8.1094940279839,78.51236434221893,-0.1885662254065656,-0.06136573802237606
1772496000,119.9,123.4,111.0,123.4,7680200,2026-03-03,GAS,2026-03-03,6.932409012131724,11.674208144796383,7.0251517779705175,94.63722397476342,93.41692789968654,90.82375864041938,111.82000000000001,96.17399999999999,70.867805,109.40986935685075,98.58862352471755,10.355929171883371,28.309106411296202,74.12702425311466,12.786900053338979,10.745233968804163,3.0329289428076254,3.8994800693240794,100.0,947736680.0,3696295.95,3145906.9833333334,417800139.005,312389754.00166667,2.0778098139030234,2.268397234756923,6.992857142857145,5.666821023385045,60.14203193707923,58.687613262393626,32.03601392306343,57.19696969696971,123.4,47.818,100.0,0.0,0.0,7.973526538964782,87.41364488795627,0.23106137790884348,0.07595454196148807,10.021864453971085,92.79567131145103,-0.34473049912237497,-0.11433369463238917
1772582400,124.0,131.5,121.8,128.7,4584684,2026-03-04,GAS,2026-03-04,4.294975688816849,16.999999999999993,9.067796610169477,96.78899082568803,105.59105431309904,99.89127902461749,112.35500000000002,97.506,71.2195,111.24702465619829,99.76946181786589,14.547639179386728,31.991877422927818,80.70893505289982,15.688487308077658,7.860615883306322,3.808752025931919,0.4862236628849326,71.13402061855659,590048830.8,3568485.15,3176588.3833333333,405171270.54499996,319233159.1816667,1.2847703737817153,1.4562948404666485,7.342857142857144,5.705405705405707,61.3623474255587,58.8974550240904,32.03601392306343,65.37753222836095,131.5,47.818,96.65399966539995,0.0,0.0,8.215840605710035,89.93689846935573,0.2259407075513864,0.07390692164409819,11.100713846403476,95.60102665597,-0.36203847322874827,-0.11951908296973292
1772668800,126.0,126.9,119.7,119.7,5317800,2026-03-05,GAS,2026-03-05,-6.993006993006978,12.924528301886795,2.482876712328763,81.08925869894101,92.75362318840578,87.00787401574806,112.5,98.61399999999999,71.52714,112.05206992703656,100.5510515504986,6.400000000000006,21.382359502707548,67.34906498428428,6.825335826409495,5.594405594405597,-4.895104895104893,-2.0979020979020935,0.0,636540660.0,3649090.15,3232546.716666667,415357015.54499996,327682573.01500005,1.457294772506511,1.5325145264845945,7.321428571428572,6.116481680391455,66.75822641770093,61.24552258465392,38.00713345065968,53.89718076285241,131.5,47.818,85.89899858989986,-6.993006993006978,-6.993006993006978,2.8393544696594275,75.76329455092056,0.2873631523006097,0.0902777929486378,6.258050314840924,81.4666713709817,-0.2961660115930352,-0.0939210239729631
1772755200,118.6,118.6,112.0,112.1,4731500,2026-03-06,GAS,2026-03-06,-6.34920634920636,3.8924930491195386,-4.188034188034195,73.79844961240309,81.09854604200322,75.13435820522436,112.255,99.598,71.80195499999999,112.05663469589021,101.00395148969473,-0.13807848202752604,12.552460892789007,56.1238826992942,0.038699452493351494,5.513784461152877,-5.430242272347535,-0.9189640768588192,1.5151515151514303,530401150.0,3703420.15,3292215.05,420554408.04499996,335284837.1816667,1.2776028126325338,1.261195079289827,7.635714285714287,6.811520326239329,70.7000029989909,62.712690354381586,41.19641528886856,47.32142857142856,131.5,47.818,76.81699768169976,-12.89821289821289,-12.89821289821289,-0.8420166050398303,71.71560951238982,0.4893637939383883,0.1541961429478466,2.000722395094267,77.2366009214868,-0.08499257319726929,-0.026696816767423522
1773014400,116.0,116.3,104.3,104.3,5387400,2026-03-09,GAS,2026-03-09,-6.958073148974131,-9.618717504332764,-8.908296943231441,60.46153846153845,68.2258064516129,61.52261781239838,111.745,100.418,72.03871,111.3179075819959,101.13320829402043,-6.662490491744599,3.8658407855165278,44.783269994701456,-6.304383305827555,10.704727921498662,-10.437109723461198,3.479036574487071,0.0,561905820.0,3696050.15,3364881.716666667,416962969.04499996,343536917.51500005,1.457610092222369,1.3476156438711404,7.642857142857145,7.3277633200931405,74.4942018329898,64.79977257391852,45.042380322589764,47.46268656716418,131.5,47.818,67.49599674959967,-18.958818958818956,-18.958818958818956,-0.39957842676313504,65.32269754145833,0.7196723972227062,0.26517328065516804,2.2476619653206242,70.50533673688663,0.32530700613166835,0.11887169191729613
1773100800,104.0,107.5,97.0,97.0,3885500,2026-03-10,GAS,2026-03-10,-6.999041227229141,-21.3938411669368,-17.09401709401709,51.5625,55.2,49.12981981427957,110.745,101.07799999999999,72.23991,109.95429733609153,100.97112169425493,-12.411395548331761,-4.034508003719884,34.27480737448316,-11.781528916959749,10.067114093959733,-6.7114093959731544,-0.28763183125598557,0.0,376893500.0,3724375.15,3417380.05,416391494.04499996,349033835.84833336,1.0432622503133178,0.9051421688245838,7.9857142857142875,8.232695139911636,77.40907392821586,66.6086846957553,47.548757428989866,46.35568513119534,131.5,47.818,58.77249587724959,-24.63092463092462,-24.63092463092462,-9.557345648114358,55.2717550478947,0.6260971389067743,0.22626493289665395,-9.04822420322823,58.57540812452543,0.1178568799674752,0.04359546430667518
1773187200,93.3,103.0,93.2,103.0,4146800,2026-03-11,GAS,2026-03-11,6.185567010309279,-19.968919968919963,-11.053540587219345,57.49235474006116,62.9746835443038,59.97514949134113,110.10500000000002,101.83200000000001,72.467815,109.2919833040828,101.0506855493822,-6.452931292856833,1.146987194595006,42.132062350713895,-5.757040099251043,10.103092783505152,10.000000000000004,-3.814432989690719,100.0,427120400.0,3817925.15,3468981.716666667,424570632.04499996,355007246.1816667,1.0861396798205958,1.0060055212550119,8.314285714285715,8.072122052704579,81.2893767454667,67.46751125071067,48.08531441029356,51.08108108108108,131.5,47.818,65.94249659424966,-19.968919968919963,-19.968919968919963,-7.5317730607181606,58.9406880163735,0.6949707834695894,0.2561533759308946,-6.111859963134124,62.224638919069335,0.2124418297651912,0.07988892915891435
1773273600,103.0,103.0,98.7,98.7,1736400,2026-03-12,GAS,2026-03-12,-4.174757281553399,-17.543859649122805,-11.875000000000002,54.21875000000001,57.41626794258372,53.520710519357316,109.44000000000001,102.5,72.664805,108.28322298940826,100.9585018023476,-9.813596491228083,-3.707317073170724,35.829167916985405,-8.850145687246158,4.174757281553395,-4.174757281553395,0.0,0.0,171382680.0,3776980.15,3485738.3833333333,418830086.04499996,357083890.84833336,0.45973236052087807,0.409193813219966,8.335714285714287,8.445505861919237,81.76119908771807,67.97925304900518,48.412515523908006,48.14340588988477,131.5,47.818,60.803996080399614,-23.310023310023297,-23.310023310023297,-7.7825711336504835,56.36851218685075,0.7194870762342049,0.26410839279261433,-6.316087306463813,59.95716116663795,0.25018089350426026,0.09401633336765954
1773360000,97.9,101.3,91.8,91.8,4442600,2026-03-13,GAS,2026-03-13,-6.9908814589665695,-18.10883140053523,-20.173913043478265,44.56692913385827,43.43749999999999,43.84205578188656,108.28000000000002,103.014,72.827295,106.71339222851223,100.5993448689222,-15.219800517177706,-10.885899004018873,26.05164039114729,-13.975183355222399,9.625126646403242,-6.180344478216828,-0.8105369807497431,0.0,407830680.0,3800880.15,3552383.3833333333,416425170.04499996,363411274.6816667,1.168834539547373,0.9793612618467054,8.507142857142858,9.267040149393093,83.94490174628987,69.76940929567739,50.11169918067196,39.15275994865211,131.5,47.818,52.55849525584952,-28.671328671328666,-28.671328671328666,-16.79878701029095,45.88980665424826,0.7534153584044808,0.26764596489354486,-15.543330619111106,49.363074959701365,0.25306617441462825,0.09221120037330485
1773619200,91.0,91.1,85.4,87.9,5461400,2026-03-16,GAS,2026-03-16,-4.248366013071891,-15.72387344199424,-24.0276577355229,40.41533546325879,39.52380952380954,37.73111877154498,106.89000000000001,103.38799999999999,72.96699,104.92164058770155,100.10133134465075,-17.76592758911031,-14.980461949162361,20.465432382506133,-16.22319332061297,6.209150326797373,-3.3769063180827827,-0.8714596949891074,43.859649122807106,480057060.00000006,4028885.15,3635571.716666667,435214002.54499996,370921754.6816667,1.3555611035474664,1.1030367984319702,8.585714285714285,9.767593044043554,84.48897841320415,70.37685385354206,49.261765007896976,35.875,131.5,47.818,47.89799478979948,-31.701631701631694,-31.701631701631694,-20.516756332530008,40.75025806023331,0.7493402526161218,0.2626785389603597,-19.162556978238854,44.12059818353484,0.23874095084075972,0.08589168756060767
1773705600,89.0,90.4,86.0,86.4,1712800,2026-03-17,GAS,2026-03-17,-1.7064846416382284,-10.927835051546387,-19.77715877437326,40.946166394779794,38.24000000000001,36.18309059958389,105.825,103.706,73.09730499999999,103.15767481744426,99.56402423309582,-18.355776045357896,-16.687559061192214,18.198612110254974,-16.244719403670082,5.0056882821388005,-2.9579067121729175,1.2514220705347023,9.090909090909207,147985920.0,3806580.15,3654145.05,409447622.04499996,372776821.34833336,0.4499576870856115,0.3614282072536637,8.221428571428572,9.515542328042327,81.82200359562388,70.31935070184522,47.169020757135975,35.4320987654321,131.5,47.818,46.10549461054947,-32.86713286713285,-32.86713286713285,-17.283472805490174,37.09648608826266,0.7171956755940065,0.24382936613800424,-15.783984013410356,40.59159255290259,0.17550551922867386,0.06159859404931367
1773792000,86.4,92.4,86.4,91.7,2627100,2026-03-18,GAS,2026-03-18,6.134259259259256,-10.970873786407765,-10.098039215686272,47.66505636070855,48.38187702265373,43.474043245611284,105.30999999999999,104.03800000000001,73.25459,102.06646769197337,99.2556311259156,-12.923748931725365,-11.859128395393991,25.179869275085707,-10.156585141418194,6.944444444444444,6.134259259259255,0.0,88.33333333333329,240905070.0,3776405.15,3687586.716666667,405016815.54499996,376149584.84833336,0.6956615870519084,0.5948026372086122,8.257142857142856,9.004517837669418,83.84341338116585,71.19664426942795,47.081014763059336,41.31227217496962,131.5,47.818,52.438995243899534,-28.74902874902874,-28.74902874902874,-5.47773145488264,43.544789776665915,0.723063963078783,0.24279552707315208,-3.4980092291801883,47.71853687241008,0.1645584306760519,0.05705573914750104
1773878400,92.3,92.4,87.4,88.1,2140100,2026-03-19,GAS,2026-03-19,-3.925845147219198,-10.739614994934154,-13.116370808678512,37.01399688958009,43.0194805194805,37.03317727209097,104.64500000000001,104.30199999999999,73.38916499999999,100.73632791178544,98.81815539548754,-15.810597735199972,-15.533738566853938,20.044968490920965,-12.54396320943031,5.452562704471101,-4.580152671755728,0.6543075245365237,13.999999999999774,188542810.0,3748395.15,3708748.3833333333,400753435.04499996,378359186.34833336,0.5709376718193652,0.47047085193126,8.157142857142857,9.25895897519053,84.77557243226835,71.58972149130233,46.81583113042415,38.2142857142857,131.5,47.818,48.136994813699474,-31.54623154623154,-31.54623154623154,-6.779309251644417,35.82591699344031,0.729108860803384,0.24072597652066308,-5.068643840263409,39.929378564772634,0.1506560900410556,0.051206776225189675
1773964800,88.1,88.8,82.0,82.0,3150400,2026-03-20,GAS,2026-03-20,-6.9239500567536805,-10.675381263616558,-19.291338582677163,30.36565977742449,33.11688311688312,28.67589366977372,103.66499999999999,104.494,73.49089,98.95191572971063,98.15861988978214,-20.899049823952144,-21.526594828411206,11.578455506526053,-17.131467950570222,7.718501702610666,-6.923950056753683,0.0,0.0,258332800.0,3803955.15,3752373.3833333333,403310939.04499996,382106076.1816667,0.828190626800634,0.64053010962635,8.107142857142856,9.886759581881531,87.64616213572069,73.02999983132014,48.106709592670384,29.782082324455203,131.5,47.818,40.84749408474941,-36.28593628593628,-36.28593628593628,-9.627341740416094,31.910178974872004,0.8378568326983454,0.2804085188453835,-8.360712022220616,35.632394939046236,0.2830542672860591,0.09716536355529284
1774224000,78.5,83.6,78.5,80.5,2980000,2026-03-23,GAS,2026-03-23,-1.8292682926829285,-8.418657565415256,-25.94296228150874,27.172195892575047,30.048465266558978,25.39526769163667,102.25500000000001,104.55599999999998,73.5837,97.19459042211915,97.46612499214363,-21.275243264388056,-23.00776617315122,9.399228361715984,-17.176460489842093,6.219512195121944,2.4390243902439024,-4.268292682926833,39.21568627450985,239890000.0,3905135.15,3791623.3833333333,410107405.04499996,385444867.84833336,0.7630977893300313,0.5849443268981634,7.585714285714284,9.42324755989352,82.5318572052363,73.19172199211293,47.036189800984346,21.813403416557136,131.5,47.818,39.054993905499394,-37.45143745143744,-37.45143745143744,-11.483297955167714,32.289132290146874,0.8270829892317064,0.2872766391752204,-11.296918551731316,35.70503328953954,0.312212039267303,0.1102328124848792
1774310400,82.0,82.7,78.8,80.7,1892400,2026-03-24,GAS,2026-03-24,0.248447204968949,-6.597222222222221,-26.968325791855197,26.093750000000004,31.219512195121958,24.069860402189303,100.76500000000001,104.51400000000001,73.68222,95.62367704858399,96.80862989441252,-19.912668089118256,-22.78546414834377,9.52438729451963,-15.606675573667427,4.844720496894417,-1.6149068322981333,1.8633540372670732,48.717948717948794,152716680.0,3760735.15,3812196.716666667,391331529.04499996,387288279.1816667,0.5031994874725491,0.3902488520991081,7.17142857142857,8.886528589130817,81.99871998735108,73.18278640309931,47.036189800984346,16.19718309859155,131.5,47.818,39.2939939293994,-37.29603729603729,-37.29603729603729,-13.429704444900247,31.34748904982075,0.8202535597611245,0.28448852277259845,-13.281805568533168,34.53122413721758,0.30199970517341607,0.10676673141802306
1774396800,82.0,84.7,81.2,82.5,2006800,2026-03-25,GAS,2026-03-25,2.230483271375472,-10.03271537622683,-25.0,26.339969372128635,34.14634146341464,27.391485616343168,99.39000000000001,104.39400000000002,73.794445,94.37380304395694,96.24750715345517,-16.993661334138256,-20.972469682165663,11.79703296094985,-12.581672732237381,4.337050805452292,0.6195786864931846,1.6109045848822667,37.14285714285706,165561000.0,3676620.15,3824596.716666667,379319529.04499996,388673281.84833336,0.5458273953048971,0.43646843181743733,6.814285714285714,8.25974025974026,82.97126879827616,73.20182791040271,47.394864450841126,20.846394984326025,131.5,47.818,41.44499414449941,-35.89743589743589,-35.89743589743589,-14.10640493092089,31.641991610468356,0.8249733304227577,0.2857736199750875,-13.538962939833343,34.9306971284149,0.3055206519977204,0.10765856746772255
1774483200,83.0,83.0,79.8,80.3,1290400,2026-03-26,GAS,2026-03-26,-2.6666666666666727,-8.85357548240635,-24.245283018867923,22.970903522205212,32.94701986754966,24.355380731884857,98.105,104.16799999999999,73.899435,93.03344084929438,95.62211471606477,-18.14892207328883,-22.912986713770056,8.66118259226203,-13.68695034070747,3.8787878787878824,-3.2727272727272765,0.60606060606061,15.624999999999986,103619120.0,3583545.15,3820896.716666667,367795415.04499996,388754271.84833336,0.3600903423806451,0.2817303200675358,6.492857142857142,8.085749866571785,82.67973312451586,73.48227251617071,47.357131139254484,22.773972602739732,131.5,47.818,38.81599388159939,-37.60683760683761,-37.60683760683761,-11.742356926637497,30.166682660540005,0.8507435215735787,0.29243248215916406,-10.786624778054708,33.98105320897087,0.33548019768278015,0.11734426464224244
1774569600,80.4,82.6,79.9,82.1,2023700,2026-03-27,GAS,2026-03-27,2.241594022415927,0.12195121951219523,-23.91102873030585,24.205748865355513,35.47854785478546,28.832815491322215,96.815,103.868,74.012015,91.9921607684092,95.09183570759164,-15.199091049940616,-20.957368968305936,10.927935146746082,-10.753264936686058,3.3623910336238962,2.117061021170596,0.12453300124533051,81.4814814814814,166145770.0,3542914.2,3829178.3833333333,360800762.53999996,389841343.34833336,0.5711964461346537,0.4604917374075127,5.828571428571427,7.099356185836088,82.91396546585595,73.55754056224632,47.357131139254484,28.816793893129756,131.5,47.818,40.9669940966994,-36.20823620823621,-36.20823620823621,-12.874136269939852,30.37687102014399,0.8528148765894289,0.29557559393366106,-12.259761602865572,34.17050644395897,0.3468332221564938,0.12236179269356513
1774828800,82.1,83.2,80.4,80.8,2027000,2026-03-30,GAS,2026-03-30,-1.5834348355663774,0.3726708074534235,-29.98266897746967,16.763005780346816,33.996683250414605,27.736937791478923,95.085,103.544,74.11997500000001,90.92624069522738,94.5313715621959,-15.02340011568596,-21.96554121919184,9.01244907327612,-11.136763840450836,3.410475030450667,-1.5834348355663792,0.0,14.285714285713997,163781600.0,3461249.2,3801256.716666667,347869911.53999996,388301050.6816667,0.5856267153488977,0.47081277962485557,5.278571428571427,6.53288543140028,77.07802260123424,73.14174042050016,46.35486732426196,32.54310344827586,131.5,47.818,39.413493941349394,-37.21833721833722,-37.21833721833722,-20.039545636372225,21.370975485140683,0.94791654840618,0.3256029628262051,-20.09431885935454,25.07639352760039,0.42283592961224986,0.14783080969303702
1774915200,81.6,81.6,78.1,78.3,2432200,2026-03-31,GAS,2026-03-31,-3.094059405940597,-2.973977695167296,-36.54781199351702,11.063829787234036,30.282861896838597,23.784681052881183,92.83000000000001,103.036,74.21685,89.7237415813962,93.89484718720783,-15.65226758590974,-24.007143134438458,5.501648210615251,-12.732127951923111,4.331683168316832,-4.084158415841581,0.990099009900991,5.714285714285795,190441260.0,3198849.2,3801320.05,310005140.53999996,388621701.6816667,0.760335935810916,0.6143164583279784,4.828571428571427,6.166757890895821,70.17119985209138,73.41100310832847,44.91812865425115,21.212121212121204,131.5,47.818,36.425993642599366,-39.16083916083915,-39.16083916083915,-28.90085698728473,14.261309264630261,0.9366587798597673,0.320679709136598,-29.925207558372716,18.00086341440027,0.39976827068908477,0.13972483558424093
1775001600,80.0,81.3,79.6,80.0,1876800,2026-04-01,GAS,2026-04-01,2.171136653895278,-3.0303030303030276,-37.83993783993783,6.524633821571246,31.578947368421062,25.90890490729958,90.39500000000001,102.49600000000001,74.32128,88.79767095459655,93.34995121908203,-11.499529841252286,-21.948173587261955,7.640772602409429,-9.907546966062796,2.1711366538952785,0.0,2.171136653895278,23.529411764706175,150144000.0,3063455.0,3739038.3833333333,288009899.0,384097620.51500005,0.6126416089023667,0.5213154149260683,4.735714285714285,5.919642857142856,67.95170319743889,72.36385469940916,44.91812865425115,26.799007444168737,131.5,47.818,38.45749384574938,-37.83993783993783,-37.83993783993783,-31.496545494466588,9.4827382641415,0.8912747087979183,0.31040291663760244,-33.000247163076246,12.995854421774201,0.3638804342261847,0.12970390343547322
1775088000,80.0,81.1,78.7,78.7,1167900,2026-04-02,GAS,2026-04-02,-1.6249999999999987,-1.992528019925277,-34.25229741019214,5.073431241655535,29.22824302134648,24.417042131056842,88.345,102.01,74.41168,87.83598800653974,92.77544332813764,-10.91742600033957,-22.850700911675325,5.762966244009005,-10.401190006378158,2.9999999999999893,-1.6249999999999967,0.0,0.0,91913730.0,2855960.0,3729096.716666667,260778552.5,383426956.6816667,0.40893429879970306,0.3524589316063483,4.228571428571427,5.373025957524049,65.62609787563025,72.45534573728946,42.93912591265116,31.123919308357358,131.5,47.818,36.903993690399375,-38.850038850038835,-38.850038850038835,-27.965906956171978,9.152892444892856,0.9009641303763842,0.3130066312010366,-29.631551667022634,12.871112487612645,0.3737238824508019,0.13261465463908734
1775174400,80.0,80.9,79.6,79.7,1931200,2026-04-03,GAS,2026-04-03,1.270648030495547,-2.923264311814855,-28.90276538804638,10.082872928176801,30.870279146141222,26.75137963390004,86.725,101.60799999999999,74.48589999999999,87.0611320059169,92.26268084468127,-8.100317094263465,-21.56129438626879,7.000116800629397,-8.455130132487387,1.651842439644233,-0.3811944091486622,1.6518424396442244,7.692307692308281,153916640.0,2715945.0,3730070.05,241954327.0,383732388.6816667,0.7110600546034621,0.6361392330049134,3.9285714285714275,4.9291987811435725,64.48176946379546,72.11317275372919,42.18813814713678,37.10691823899371,131.5,47.818,38.09899380989938,-38.07303807303807,-38.07303807303807,-24.162517401803285,15.711932211221258,0.9276626238333373,0.32291892652616017,-25.39681272575953,19.597161597210558,0.39841769998323523,0.14163524016136297
1775433600,80.2,80.3,78.1,78.5,1170800,2026-04-06,GAS,2026-04-06,-1.505646173149311,-2.846534653465338,-24.736337488015337,1.4211886304909438,28.899835796387528,24.84295233702827,85.435,101.06200000000001,74.55224,86.24578610059149,91.72296787038005,-8.117282144320248,-22.324909461518683,5.295293608884188,-8.981060351815106,2.760351317440405,-2.1329987452948593,0.6273525721455453,18.181818181818414,91907800.0,2505115.0,3660180.05,218454426.0,378344367.34833336,0.467363773718971,0.42071841565709456,3.77142857142857,4.804367606915376,61.31307091756335,70.85216758286474,39.106936754005126,37.460317460317455,131.5,47.818,36.66499366649937,-39.005439005439,-39.005439005439,-26.07952083254186,7.762611131050113,0.9180711311017385,0.3253826027229643,-27.855318119336548,10.906666872500525,0.3949261534069933,0.14289486521955747
1775520000,78.5,79.4,75.8,77.3,1236400,2026-04-07,GAS,2026-04-07,-1.5286624203821653,-1.2771392081736943,-20.30927835051547,-6.642512077294683,26.929392446633816,21.6594793666782,84.45,100.51800000000001,74.60505,85.39380647196373,91.15736128722789,-8.466548253404383,-23.098350544181155,3.612288980437639,-9.47821253830753,4.585987261146507,-1.5286624203821693,0.0,41.66666666666657,95573720.0,2372660.0,3601948.3833333333,204388437.0,373409448.6816667,0.5211028971702646,0.46760825320074245,3.599999999999999,4.6571798188874505,57.57696642981226,69.46774744194909,35.125119294957884,23.722627737226276,131.5,47.818,35.23099352309935,-39.93783993783994,-39.93783993783994,-20.35758666491313,0.995669470602933,0.8527404612699104,0.3054087865214184,-20.5270294174957,3.81488981768382,0.32726060827638753,0.11994641996862584
1775606400,79.0,80.4,78.3,79.9,1438600,2026-04-08,GAS,2026-04-08,3.363518758085382,-0.12499999999999734,-22.427184466019412,-9.71751412429378,31.84818481848186,26.502113646079085,83.295,99.916,74.66662500000001,84.87058680796719,90.71589613870914,-4.075874902455123,-20.032827575163125,7.0089882862657715,-5.856666007522604,2.716688227684358,1.1642949547218702,2.199223803363526,76.19047619047629,114944140.00000001,2237250.0,3556371.716666667,188779624.0,369169714.34833336,0.6430215666554923,0.6088800134489092,3.4642857142857144,4.335776863937064,53.59671493378937,68.3386877752185,35.125119294957884,34.469696969697,131.5,47.818,38.337993833799395,-37.917637917637904,-37.917637917637904,-24.059386463311604,-4.075532581733166,0.7562185848990379,0.2904830914949183,-24.60026932585624,-1.8124606131623144,0.3017605732460326,0.11989873040543833
1775692800,79.9,79.9,78.1,78.4,1051600,2026-04-09,GAS,2026-04-09,-1.8773466833541974,-0.3811944091486663,-20.567375886524818,-14.410480349344967,30.666666666666686,33.26307558940016,82.28,99.388,74.731525,84.25434044530364,90.23291981954408,-4.715605250364607,-21.117237493459974,4.908872125920083,-6.94841406907003,2.2528160200250453,-1.8773466833541925,0.0,16.666666666667194,82445440.0,2203010.0,3471046.716666667,184332762.0,361122592.34833336,0.4773469026468332,0.44726417108641814,3.107142857142858,3.963192419825074,52.519141384178845,68.02295040820461,34.25256596359347,41.74311926605506,131.5,47.818,36.54549365454937,-39.08313908313907,-39.08313908313907,-22.150777948983524,-8.00378910788687,0.7678814866666955,0.29727640005919354,-23.535974660586543,-6.7432817070881,0.3300123657689547,0.13156962131123878
1775779200,78.6,82.4,78.2,80.7,2856700,2026-04-10,GAS,2026-04-10,2.933673469387754,1.2547051442910906,-12.091503267973847,-16.889804325437684,36.77966101694916,46.05277445976763,81.725,98.986,74.79333500000001,83.9158318314652,89.85907982662079,-1.2542061792596981,-18.473319459317484,7.897314647087184,-3.832211111156958,5.35714285714286,2.678571428571439,0.25510204081631294,59.523809523809476,230535690.0,2123715.0,3442115.05,175468012.5,357532496.1816667,1.3451428275451274,1.3138331409549646,3.0428571428571445,3.7705788635156683,49.46151919973249,67.1177587389617,29.30744111067543,50.4424778761062,131.5,47.818,39.2939939293994,-37.29603729603729,-37.29603729603729,-15.260866093989033,-10.577903260070153,0.7546872378179602,0.2962596670302645,-16.117722517002775,-10.211877106035981,0.3530087079213407,0.1428710514385623
1776038400,81.2,82.2,80.6,80.7,948300,2026-04-13,GAS,2026-04-13,0.0,2.8025477707006363,-8.19112627986348,-16.804123711340203,37.4787052810903,57.019165288452186,81.365,98.444,74.87161499999999,83.60956213323041,89.49990022557684,-0.8173047379094078,-18.024460607045633,7.784505516543239,-3.479939445914182,1.9826517967782014,-0.6195786864931846,0.6195786864931829,6.250000000000499,76527810.0,1898060.0,3366013.3833333333,155291550.0,349893013.01500005,0.4996153967735477,0.4928008639233751,2.8785714285714303,3.5670030093821934,47.56324185021306,67.11885789828891,28.12090583570688,50.0,131.5,47.818,39.2939939293994,-37.29603729603729,-37.29603729603729,-12.074283123964335,-10.498892345517476,0.7550368030737733,0.29639991023117473,-12.112895960217928,-9.373250350574148,0.3537116993327203,0.14289703526496525
1776124800,81.0,81.6,79.1,79.3,1205900,2026-04-14,GAS,2026-04-14,-1.7348203221809189,2.5873221216041298,-8.217592592592604,-23.529411764705888,35.32423208191125,65.8371324605797,81.00999999999999,97.72399999999999,74.95042500000001,83.19912764435132,89.09990413829932,-2.110850512282425,-18.853096475788956,5.803269294336877,-4.686500633779245,3.097893432465923,-2.1065675340768313,0.3717472118959009,8.000000000000114,95627870.0,1872715.0,3303443.3833333333,152673647.5,342914104.6816667,0.6439314044048347,0.6263547872595367,2.771428571428573,3.4948657899477595,47.57379955295006,65.51780645935395,28.125003425128618,42.72727272727273,131.5,51.113,35.064127284262376,-38.38383838383837,-38.38383838383837,-12.039166711601679,-16.84077897211762,0.6853822404530835,0.27474712975376675,-12.10839396958403,-16.700993367321225,0.3190214735857333,0.13246571768855794
1776211200,79.8,80.5,79.1,79.2,1038400,2026-04-15,GAS,2026-04-15,-0.12610340479192184,-0.8760951188986232,-13.631406761177756,-25.981308411214954,38.947368421052644,54.95079529669555,80.385,96.948,75.02403,82.81825834488929,88.71167260346405,-1.4741556260496336,-18.306721128852576,5.566176597018324,-4.3689138327702715,1.7654476670870185,-0.7566204287515692,0.6305170239596425,7.142857142857722,82241280.0,1793280.0,3238903.3833333333,144740458.0,335527199.34833336,0.5790506780870807,0.5681982849605188,2.642857142857145,3.3369408369408395,40.92020259175106,65.10281896730493,28.044318712624733,47.23618090452263,131.5,51.113,34.939729060669016,-38.46153846153846,-38.46153846153846,-18.697253432084437,-21.03050500757061,0.6868381941519778,0.27888426851425446,-18.594913535433435,-20.877539846559156,0.3407287146087967,0.1422988310062335
1776297600,79.2,80.2,78.1,78.4,1169300,2026-04-16,GAS,2026-04-16,-1.0101010101010055,0.0,-11.010215664018153,-23.883495145631063,40.000000000000014,43.35344669957946,79.9,96.18,75.09599,82.39747183585222,88.30729328568115,-1.8773466833541974,-18.486171761280936,4.399715617305278,-4.851449621920145,2.6515151515151625,-1.0101010101010066,0.0,14.285714285714768,91673120.0,1744740.0,3199091.716666667,139896973.5,330947184.6816667,0.6701858156516157,0.655290230420889,2.6000000000000036,3.3163265306122494,39.13992114442792,64.74755401564425,26.45509415249943,40.21164021164025,131.5,51.113,33.944543271922086,-39.08313908313907,-39.08313908313907,-18.113851053894148,-21.4719764841124,0.6559063982857737,0.2669204195282823,-17.75170386102062,-20.548175630910528,0.3198964721275892,0.13437631515223025
1776384000,78.6,80.4,78.1,80.1,1249000,2026-04-17,GAS,2026-04-17,2.168367346938771,-0.7434944237918351,-2.3170731707317094,-19.739478957915836,35.76271186440676,43.74158815612381,79.80499999999999,95.44200000000001,75.17739,82.17866499434248,87.985438647027,0.36965102437191977,-16.07468410133904,6.547992687695059,-2.5294460484185155,2.9336734693877693,1.9132653061224487,0.25510204081631294,86.95652173913001,100044900.0,1649670.0,3144276.716666667,131982578.5,325066559.34833336,0.7571211211939357,0.7580159528403213,2.564285714285719,3.201355448546466,32.19972510891183,64.69842738500682,16.323328902378538,48.18652849740932,131.5,51.113,36.05931307300931,-37.76223776223776,-37.76223776223776,-12.594957150073995,-16.442208412503856,0.670531443718086,0.2725474302388911,-12.891103059663234,-15.305609657077035,0.35888891063984296,0.1497800838972874
1776643200,80.0,81.3,79.0,79.2,1205300,2026-04-20,GAS,2026-04-20,-1.1235955056179692,-1.8587360594795488,-1.6149068322981353,-25.141776937618143,32.441471571906355,44.56775700934581,79.74,94.736,75.26088,81.89498261392892,87.64091164126124,-0.6772009029345272,-16.399256882283396,5.2339542136631945,-3.290778663002669,2.8714107365792727,-0.9987515605493099,-0.12484394506865337,8.695652173913178,95459760.0,1560935.0,3089395.05,124761066.5,318725729.34833336,0.7721654008655069,0.7651406218140977,2.4785714285714326,3.129509379509385,31.791241047178275,63.371563853442794,15.996079102064249,52.542372881355945,131.5,51.113,34.939729060669016,-38.46153846153846,-38.46153846153846,-17.071457672246083,-22.00562204910771,0.6256026142124991,0.2598936793222148,-17.007342431505514,-21.073475310297496,0.32544457661577253,0.13895307180805053
1776729600,79.3,80.1,78.5,78.7,1356000,2026-04-21,GAS,2026-04-21,-0.631313131313127,-0.7566204287515643,-2.478314745972743,-24.688995215311003,32.04697986577181,43.901993051746224,79.64,93.97,75.34187,81.5906985554595,87.29028765532944,-1.180311401305878,-16.249866978823025,4.457189607850198,-3.542926591680795,2.0202020202020132,-0.7575757575757504,0.12626262626262985,12.500000000000222,106717200.0,1534115.0,3047181.716666667,122461092.5,313731356.01500005,0.8838972306508964,0.8714375955775505,2.3785714285714326,3.022327101107284,31.83051143969452,63.350141315063816,15.682119912355134,46.06060606060607,131.5,51.113,34.31773794270218,-38.850038850038835,-38.850038850038835,-16.0226585224858,-21.504887240783873,0.6252243230522639,0.25983488589464254,-15.862415618210278,-20.92366996274699,0.32400318001401895,0.13833296569679282
1776816000,79.0,79.8,78.1,78.1,760600,2026-04-22,GAS,2026-04-22,-0.7623888182973437,-1.388888888888895,-5.3333333333333455,-29.000000000000004,31.703204047217536,42.80490034741269,79.41999999999999,93.21600000000001,75.4208,81.25825107398717,86.92988421786553,-1.66204986149584,-16.21610024030211,3.552335695192821,-3.8866835456642157,2.160101651842443,-1.1435832274460047,0.3811944091486552,0.0,59402859.99999999,1471805.0,2983701.716666667,117153185.5,306344170.34833336,0.5167804158838977,0.5070528790700275,2.328571428571433,2.9815255167367902,30.66791542675542,62.24619630839664,15.31466710369808,48.10126582278478,131.5,51.113,33.57134860114197,-39.31623931623931,-39.31623931623931,-17.34100434811452,-27.507510183299388,0.6310402264053073,0.26820209226202174,-16.94277385616594,-26.357694267393462,0.3276012497281939,0.14270834830769152
1776902400,78.1,79.5,75.9,77.4,1488800,2026-04-23,GAS,2026-04-23,-0.8962868117797562,-1.2755102040816313,-3.6114570361145626,-26.145038167938928,29.000000000000004,40.79895219384415,79.275,92.524,75.49529000000001,80.8907985907503,86.55616326814533,-2.365184484389782,-16.34602913838571,2.522952094097519,-4.315445825193587,4.609475032010237,-0.896286811779755,0.0,41.666666666666735,115233120.00000001,1481725.0,2941263.3833333333,117733885.5,301216747.6816667,1.0047748401356527,0.9787591695510637,2.428571428571433,3.1376891842008177,29.44153689558307,61.62530168852359,13.930002319696847,42.58064516129032,131.5,51.113,32.700561035988414,-39.86013986013985,-39.86013986013985,-17.33673263001714,-25.48801352818707,0.623701734116687,0.2681465713170369,-16.646488438766347,-23.37845233942788,0.33075703028187564,0.14552803683865442
1776988800,77.6,80.0,77.5,78.3,1193000,2026-04-24,GAS,2026-04-24,1.1627906976743985,-2.2471910112359494,-4.628501827040187,-22.32142857142857,30.066445182724234,43.17059791552387,79.08500000000001,91.79,75.57381000000001,80.64405586782169,86.2323921595906,-0.992602895618655,-14.6965900424883,3.6073211076694367,-2.9066691185072324,3.229974160206718,0.9043927648578847,0.2583979328165231,31.999999999999883,93411900.0,1440190.0,2904003.3833333333,114097192.0,297013564.6816667,0.8283629243363723,0.8187046356057562,2.4571428571428604,3.138113482941073,28.504879831356718,61.300431121700115,13.930002319696847,49.34210526315789,131.5,51.113,33.82014504832871,-39.16083916083915,-39.16083916083915,-15.418195753391217,-21.385994877641455,0.6002688102273479,0.25977979741335483,-15.053254644726431,-19.128567028228193,0.320821106742858,0.1420497921599001
1777334400,78.0,78.2,73.1,73.5,1966400,2026-04-28,GAS,2026-04-28,-6.130268199233713,-7.196969696969702,-9.034653465346532,-31.818181818181813,23.115577889447223,35.79676674364896,78.72,90.946,75.62268,79.96366959469582,85.73308266313607,-6.631097560975608,-19.182811778417964,-2.8069356970686576,-8.083257843790303,6.513409961685834,-5.747126436781609,-0.3831417624520994,7.843137254902059,144530400.0,1437160.0,2835063.3833333333,113134632.0,288457707.34833336,1.3682540566116508,1.2775080224771491,2.5714285714285743,3.4985422740524816,35.1751187603717,60.50938149398167,23.23759538594212,39.89361702127658,131.5,53.936,25.22304161724512,-42.890442890442884,-42.890442890442884,-21.864419967205137,-33.560311859619766,0.6277162139585493,0.27460625419519025,-21.69967178845131,-32.266938879216724,0.37039665621507606,0.1649339227080999
1777420800,73.5,75.4,73.0,75.2,1268600,2026-04-29,GAS,2026-04-29,2.3129251700680253,-4.447268106734437,-3.9591315453384346,-34.77883781439722,22.077922077922075,38.93764434180138,78.565,90.29599999999999,75.67864,79.50998677615335,85.32002059791505,-4.283077706357785,-16.718348542571093,-0.6324637969181257,-5.420686068389591,3.2653061224489877,2.312925170068031,0.0,91.66666666666656,95398720.0,1378980.0,2758041.716666667,108382505.0,278729261.515,0.9199553293013677,0.880204051382647,2.5214285714285745,3.3529635258358703,35.01784593805345,58.766952027239604,22.29652158393039,36.87150837988823,131.5,53.936,27.414780052601728,-41.569541569541556,-41.569541569541556,-14.685382523248125,-36.06810304247697,0.6379036305007795,0.28809221428222187,-14.516688156382441,-34.92092546316844,0.3813237158184219,0.17507777309160777
1777852800,77.0,79.9,76.2,76.5,1660000,2026-05-04,GAS,2026-05-04,1.7287234042553168,-2.0486555697823206,-4.374999999999996,-35.16949152542372,24.390243902439025,41.33949191685913,78.39,89.78599999999999,75.739215,79.22332136890066,84.9741374372125,-2.411021814006886,-14.797407168155374,1.0044796476963658,-3.437524862432373,4.920212765957451,-0.6648936170212766,2.393617021276584,8.108108108108025,126990000.0,1368140.0,2666693.3833333333,107224805.0,266801991.515,1.2133261215957432,1.1843341659609454,2.728571428571431,3.566760037348276,34.65749906180136,58.6473257495688,22.29652158393039,44.632768361581896,131.5,54.125,28.91760904684976,-40.55944055944055,-40.55944055944055,-13.249704186314172,-38.00657157933656,0.6752559919662338,0.30333732287889936,-12.580860868817933,-36.04524823630382,0.3982160600177736,0.18259287245292288
1777939200,76.7,78.3,76.1,77.7,1319800,2026-05-05,GAS,2026-05-05,1.5686274509803866,0.3875968992248069,-1.270648030495558,-33.47602739726027,28.42975206611571,41.1034031889006,78.34,89.31200000000001,75.808145,79.07824314329108,84.68887714555711,-0.8169517487873423,-13.001612325331436,2.4955827635671612,-1.7428853860519844,2.875816993464056,1.3071895424836601,0.2614379084967311,72.72727272727302,102548460.0,1375735.0,2626928.3833333333,107756541.5,261297369.84833333,0.9593417336914449,0.9516680711212321,2.585714285714288,3.3278176135319018,34.77038771258963,58.8177776647417,22.38763580307931,40.96385542168673,131.5,54.407,30.214156927347496,-39.627039627039615,-39.627039627039615,-11.893015007519658,-36.77468633565076,0.6878240073721462,0.30879902969239326,-10.947440673737018,-34.13576647342743,0.41271257601810935,0.1884600150993909
1778025600,78.0,80.5,77.6,79.2,2983000,2026-05-06,GAS,2026-05-06,1.9305019305019266,1.1494252873563315,-0.6273525721455453,-32.30769230769231,25.71428571428571,44.07334643091028,78.31500000000001,88.86399999999999,75.88316,79.08983903440621,84.47362706141762,1.130051714230973,-10.875045012603513,4.370982969080361,0.13928586394753584,3.7323037323037394,1.544401544401548,0.38610038610038533,55.17241379310364,236253600.0,1428325.0,2615896.716666667,111873389.5,258127374.84833333,2.0884602593947457,2.111794422747869,2.6785714285714306,3.382034632034635,35.177009742812125,59.02760051896519,22.38763580307931,45.856353591160214,131.5,54.407,32.159858871752306,-38.46153846153846,-38.46153846153846,-12.928723085910066,-35.706196441008146,0.6963117072618918,0.3116386066383812,-12.381813966593214,-33.47036270541426,0.4235937872755199,0.19317538139596385
1778112000,78.4,79.0,76.0,76.0,2302900,2026-05-07,GAS,2026-05-07,-4.040404040404044,3.401360544217691,-3.1847133757961776,-33.624454148471614,22.383252818035416,38.48901199023289,78.19000000000001,88.21,75.94453,78.79556865017705,84.14132796096987,-2.8008696764292296,-13.841968030835506,0.0730401518055368,-3.5478754682110702,3.787878787878788,-3.0303030303030374,-1.0101010101010055,0.0,175020400.0,1484930.0,2562031.716666667,116029019.5,250482138.18166667,1.5508475146976626,1.5084191933553313,2.728571428571431,3.5902255639097778,37.67073299289833,59.369996892979884,25.002952560507442,41.70854271356783,131.5,54.407,28.00902805702204,-40.94794094794094,-40.94794094794094,-17.156140070880934,-39.298962866988084,0.6700083124690017,0.29721180495773997,-16.410036725013335,-37.355912854959136,0.38804382033197504,0.1757943626548752
1778198400,76.9,77.3,74.5,74.7,1415100,2026-05-08,GAS,2026-05-08,-1.7105263157894735,-0.6648936170212782,-3.363518758085371,-36.153846153846146,18.759936406995248,35.65539534376929,78.06,87.494,76.00081,78.40551449301732,83.77107980563773,-4.304381245195998,-14.622716986307626,-1.7115738634890798,-4.726089123931876,3.684210526315786,-2.894736842105267,1.1842105263157876,7.1428571428572525,105707970.0,1493865.0,2530300.05,116535732.0,245771887.68166667,0.9472743521000894,0.9070863346874588,2.82857142857143,3.7865748709122222,37.76540785350562,59.12284322705395,25.062884817332034,39.336492890995245,131.5,55.16,25.596017815037996,-41.958041958041946,-41.958041958041946,-17.54082600560257,-41.77698500903529,0.6637950215666149,0.29566413385794704,-16.025390824833153,-39.97676162121094,0.3969812867317035,0.18056112517222256
1778457600,75.1,75.5,73.4,73.6,1835100,2026-05-11,GAS,2026-05-11,-1.4725568942436484,-3.790849673202623,-7.88485607008762,-36.44214162348878,20.261437908496728,31.19195736261384,77.745,86.766,76.05018,77.9478464460633,83.37221393090684,-5.331532574442099,-15.174146555102242,-3.221793820869334,-5.577891685656555,2.811244979919671,-2.0080321285140563,0.5354752342703994,9.523809523809009,135063360.0,1513690.0,2522955.05,117541693.0,243630649.68166667,1.2123354187449213,1.149067675926703,2.828571428571429,3.843167701863355,35.65098150150675,59.14120938505619,24.82588452895372,38.78504672897192,131.5,56.0,23.31125827814569,-42.81274281274281,-42.81274281274281,-15.79524860090087,-42.25146713439347,0.6683370922410228,0.29720169590936085,-13.555463679576963,-39.07368086269629,0.39778194137536654,0.18222295783034764
1778544000,73.9,77.1,73.8,76.5,1557500,2026-05-12,GAS,2026-05-12,3.940217391304346,-1.5444015444015524,-2.423469387755106,-31.69642857142857,25.20458265139116,34.33071695727756,77.65,86.176,76.11216499999999,77.80995630834298,83.10271534538109,-1.481004507405026,-11.228184181210544,0.5095571778834795,-1.6835330213423094,4.4836956521739095,3.5326086956521667,0.40760869565219515,81.81818181818198,119148750.0,1538985.0,2506325.05,119376858.5,240846568.84833333,1.0120306565691024,0.9980891732043694,2.914285714285714,3.8095238095238093,38.304160530803124,59.63620601514615,24.916166486138003,42.03539823008851,131.5,56.0,27.1523178807947,-40.55944055944055,-40.55944055944055,-11.8909590807325,-38.346415107646145,0.664827410495825,0.2928803123974726,-9.679828362381858,-35.997514760727135,0.399218128019522,0.18099329044542128
1778630400,76.5,81.8,75.7,81.8,6350300,2026-05-13,GAS,2026-05-13,6.928104575163396,3.282828282828265,1.3630731102850069,-28.8695652173913,32.1486268174475,41.532285971347505,77.70500000000001,85.654,76.203475,78.18996046945317,83.05162846909164,5.269931149861629,-4.499497980246103,7.344186075503778,4.617011581630326,7.973856209150319,6.9281045751633945,0.0,100.0,519454540.0,1713665.0,2546086.716666667,133822801.0,241905327.84833333,3.7056834328763206,3.8816594490500913,3.1857142857142855,3.8945162417045056,44.59954056167662,61.237361123671455,24.916166486138003,54.814814814814795,131.5,56.0,34.17218543046357,-36.44133644133644,-36.44133644133644,-7.115212604000697,-37.00860332071287,0.6962707377506784,0.2962531271106852,-4.615466794186962,-34.0100262175971,0.4029214716007003,0.17707048770997327
1778716800,84.5,85.8,83.2,83.6,4068100,2026-05-14,GAS,2026-05-14,2.2004889975550057,9.999999999999986,3.5935563816604565,-27.744165946413148,32.90937996820349,45.35844070036339,77.85,85.01799999999999,76.30190499999999,78.70520232950524,83.07313323500962,7.385998715478492,-1.667882095556228,9.564761194363381,6.2191539131077,3.178484107579455,-1.100244498777513,3.3007334963325308,15.384615384615092,340093160.0,1869655.0,2598866.716666667,147001068.5,245835540.34833333,2.175855973428253,2.313542095103887,3.357142857142857,4.01572112098428,45.21057026974628,61.446177702807404,24.916166486138003,58.6572438162544,131.5,56.0,36.55629139072847,-35.04273504273504,-35.04273504273504,-5.872264330578591,-37.46824021044023,0.7119627707322191,0.30339487283848326,-3.83039177118063,-33.94978781780321,0.41690425901748634,0.1832637901891671
1778803200,82.8,89.4,82.6,89.4,4986200,2026-05-15,GAS,2026-05-15,6.9377990430622205,19.67871485943775,12.736443883984872,-16.991643454038996,42.3566878980892,52.447862489981766,78.355,84.338,76.42415499999998,79.72375448859998,83.3212456571661,14.096101078425116,6.002039412838833,16.978722237753274,12.137217537570532,8.133971291866043,7.8947368421052735,-0.9569377990430561,100.0,445766280.0,2058670.0,2579321.716666667,164507989.0,242209752.84833333,2.4220491870965235,2.7096938131071555,3.721428571428572,4.162671780121445,50.42923221867901,61.79415310745197,24.981773118991153,66.86567164179107,131.5,56.0,44.2384105960265,-30.536130536130525,-30.536130536130525,4.516918639708134,-26.545071844659454,0.6862244991410643,0.2908616609833528,7.392116741091038,-22.0644562518746,0.3765763037547859,0.16506033077163978
1779062400,91.7,95.5,90.2,93.0,4078700,2026-05-18,GAS,2026-05-18,4.026845637583887,26.358695652173925,17.42424242424243,-8.823529411764708,47.61904761904763,59.352992580661756,79.045,83.624,76.563935,80.98815882301903,83.70080465100273,17.654500600923527,11.212092222328529,21.467111114390857,14.831601744682299,5.928411633109616,1.454138702460847,2.572706935123037,52.83018867924526,379319100.0,2210685.0,2593456.716666667,179361880.0,243039717.84833333,1.844993746282261,2.114825625155133,3.900000000000001,4.193548387096775,51.72097961455711,61.48730299498918,25.03721133183418,71.42857142857142,131.5,56.0,49.00662251655629,-27.738927738927732,-27.738927738927732,10.355128493161978,-16.119074393260114,0.7899736535452322,0.33098837429133826,13.102770156705732,-11.09600679694137,0.45897223042412877,0.19865366238987067
1779148800,94.1,94.2,86.5,86.5,5410100,2026-05-19,GAS,2026-05-19,-6.989247311827961,13.0718954248366,10.331632653061206,-14.694280078895472,38.62179487179487,48.457076167919546,79.45,82.96,76.67309999999999,81.5130960779696,83.81057701763007,8.873505349276268,4.26711668273867,12.816620170568305,6.11791744146275,8.279569892473122,-8.172043010752681,1.1827956989247213,0.0,467973650.0,2422725.0,2638620.05,198176906.5,246275771.68166667,2.233064008502822,2.3613934552964677,4.264285714285715,4.929810074318746,58.4939964348729,63.0917313421054,33.11407313122361,59.761904761904766,131.5,56.0,40.397350993377486,-32.78943278943278,-32.78943278943278,5.215770182390854,-20.14274184209356,0.8314367089609037,0.3395990758985615,7.8932614001749215,-15.238795990364519,0.49963622141707936,0.21099339749924945
1779235200,85.6,89.7,81.1,89.7,4912400,2026-05-20,GAS,2026-05-20,3.6994219653179172,9.657701711491452,11.985018726591768,-11.712598425196841,44.21221864951767,53.698531553606024,79.93,82.512,76.79732,82.29280121340108,84.04153478164457,12.223195295883894,8.711460151250726,16.800950866514608,9.001028859609029,9.942196531791918,4.739884393063594,-1.0404624277456698,100.0,440642280.0,2605895.0,2686506.716666667,215206775.5,250166764.34833333,1.885110489870083,2.0475297721283874,4.507142857142859,5.0246854594680705,59.3001568433886,63.589037841193495,33.11407313122361,70.04950495049505,131.5,56.0,44.63576158940398,-30.303030303030297,-30.303030303030297,6.698776933033646,-16.599418702705083,0.8294465035796069,0.3359207829080814,9.931309424792568,-12.222842946260515,0.5006471453253751,0.20976394284578065
1779321600,89.5,89.5,86.2,87.3,1357100,2026-05-21,GAS,2026-05-21,-2.6755852842809458,4.4258373205741774,10.22727272727273,-19.687212511499542,40.57971014492754,50.072199683696624,80.33500000000001,82.17199999999998,76.91378,82.76967728831526,84.169317731384,8.669944606958357,6.24056856350097,13.503718059364655,5.473408692780168,3.6789297658862843,-2.452619843924195,-0.22296544035674826,33.33333333333319,118474830.0,2613485.0,2693185.05,216357529.0,250408666.84833333,0.5192683332791272,0.547588200639877,4.585714285714287,5.252822778595976,60.15991421077267,62.03484031113388,33.52978816427135,64.72019464720194,131.5,56.0,41.4569536423841,-32.16783216783217,-32.16783216783217,6.973248743951089,-21.66287025769069,0.7695145479527576,0.31657812959265913,9.307928164695568,-19.08470246149464,0.4600087121143018,0.19693206247386302
1779408000,87.1,87.8,84.3,84.9,1642900,2026-05-22,GAS,2026-05-22,-2.7491408934707806,-5.033557046979864,7.878017789072422,-23.167420814479634,37.15670436187399,48.59023049862612,80.64500000000001,81.93,77.01871,82.97256516561858,84.1979719379964,5.27621055242109,3.6250457707799333,10.23295508325186,2.3229784815428367,4.009163802978236,-2.5200458190148782,-0.22909507445589838,17.142857142857387,139482210.0,2627830.0,2640893.3833333333,217995779.5,243929467.015,0.6251926494484042,0.6398390387186372,4.500000000000001,5.300353356890461,61.1755826193506,62.10169473723579,33.8398682816963,59.95260663507109,131.5,56.0,38.278145695364245,-34.03263403263402,-34.03263403263402,5.497299155654001,-23.67662504232043,0.7766114102285246,0.32021934865848184,7.68619683524896,-21.220910830814333,0.4643076517890796,0.19877165629115418
1779667200,82.3,83.5,81.0,82.0,2341800,2026-05-25,GAS,2026-05-25,-3.4157832744405203,-11.827956989247312,4.993597951344442,-25.454545454545453,34.42622950819671,43.988480921526275,80.84,81.51,77.11008,82.87993991175014,84.11177696003575,1.4349332013854577,0.6011532327321767,6.341479609410339,-1.061704331213431,2.9446407538280326,-0.3533568904593606,-3.062426383981165,40.0,192027600.0,2706890.0,2618438.3833333333,224627016.5,240366577.015,0.8651256608137013,0.8548731269820342,4.621428571428573,5.635888501742162,62.582196304150614,62.41612246945339,34.51068688677991,54.89749430523918,131.5,56.0,34.437086092715234,-36.28593628593628,-36.28593628593628,3.4467288402692198,-26.804422665157468,0.7674104287986792,0.31488122715194766,5.175783286659275,-24.092355021103486,0.4533918270816413,0.19329630785953478
1779753600,83.5,84.3,82.3,82.5,976400,2026-05-26,GAS,2026-05-26,0.6097560975609762,-4.6242774566473965,6.589147286821695,-22.169811320754718,35.69078947368423,45.34883720930234,81.095,81.186,77.20442,82.84375515825013,84.04857002042651,1.7325359146679764,1.6185056536841325,6.85916687153405,-0.41494395998042943,2.4390243902439024,-1.2195121951219512,1.8292682926829285,10.000000000000142,80553000.0,2681270.0,2582180.05,222893010.5,236140770.34833333,0.3641557918449093,0.3613976042555179,4.578571428571429,5.549783549783551,62.42280348422575,62.08500704212726,34.86484940166417,53.84615384615384,131.5,56.0,35.099337748344375,-35.89743589743589,-35.89743589743589,5.850252100868181,-22.411346933957244,0.7923041760319879,0.32582128359586393,6.433077865562664,-20.144514435035187,0.4775227934354536,0.2041162555950529
1779840000,82.5,83.7,81.5,81.5,902800,2026-05-27,GAS,2026-05-27,-1.2121212121212088,-9.141583054626533,4.0868454661558085,-24.467099165894346,31.4516129032258,41.939079398805276,81.255,80.98,77.29188,82.71577847651203,83.94862609805685,0.30151990646729576,0.6421338602123905,5.444452897251284,-1.469826554140774,2.66666666666667,-1.2121212121212122,0.0,0.0,73578200.0,2666760.0,2549954.7333333334,221901325.5,232266426.67999998,0.33853815116470926,0.33158071423958213,4.507142857142858,5.530236634531114,62.603406107033464,61.949139769560226,34.45508796252685,56.75675675675676,131.5,56.0,33.77483443708609,-36.67443667443667,-36.67443667443667,2.9461713137026058,-24.153324456135962,0.7934376676697175,0.3273028508211506,3.5379794908746653,-22.561436500682753,0.48387404054029964,0.20723732759803734
1779926400,81.5,83.8,79.5,81.7,2476900,2026-05-28,GAS,2026-05-28,0.24539877300613355,-6.414662084765165,11.15646258503402,-29.20277296360485,29.682539682539687,37.76938383191124,81.66499999999999,80.856,77.38128,82.61903766922516,83.86044468244678,0.042858017510583046,1.0438310082121482,5.581091447440523,-1.1123800217870294,5.276073619631898,0.24539877300613847,0.0,51.162790697674524,202362730.0,2692285.0,2530231.4,224792942.0,228599161.84666666,0.9199991828502555,0.9002183440439158,4.614285714285715,5.647840531561462,57.86355456129554,60.04971108893742,30.181723424835706,58.838383838383834,131.5,56.0,34.039735099337754,-36.519036519036504,-36.519036519036504,11.805238600045952,-30.154509055907553,0.8974939910548209,0.37813542906452513,13.193300049519184,-28.65919469678898,0.6077980008300815,0.26456814109275445
1780012800,81.1,87.4,80.2,87.4,3155800,2026-05-29,GAS,2026-05-29,6.976744186046524,2.9446407538280317,16.223404255319164,-29.17341977309562,37.85488958990537,47.38120130855621,82.275,80.876,77.49212,83.07436741501324,83.99925077333123,6.229109693102397,8.066669963895357,12.785661303368666,5.20694014241152,8.812729498164018,7.711138310893527,-0.7343941248470154,100.0,275816920.0,2786645.0,2454824.7333333334,233813852.0,217400499.17999998,1.1324729199449517,1.1796431975296313,4.9785714285714295,5.696305982347173,61.9274863555612,60.07322311663894,30.181723424835706,65.6108597285068,131.5,56.0,41.589403973509945,-32.09013209013209,-32.09013209013209,15.716959079762294,-31.950370256786886,1.00804856490074,0.4197896601831148,17.49345740078944,-31.098037631058716,0.7513103383319791,0.32005925227915716
1780272000,88.0,88.2,84.2,84.2,1357900,2026-06-01,GAS,2026-06-01,-3.661327231121281,2.682926829268295,10.065359477124192,-34.57653457653457,28.74617737003058,40.42460932939744,82.66,80.726,77.5879,83.18157051834531,84.00712329202412,1.8630534720541991,4.30344622550356,8.522076251580458,1.2243450986899607,4.576659038901601,-4.347826086956518,0.686498855835227,0.0,114335180.0,2771540.0,2401045.0,233181111.0,209471938.33333334,0.48994421873759714,0.49032779503310625,5.014285714285715,5.955208686800137,63.81268746258348,59.57013603807057,31.016269339184138,58.65168539325843,131.5,56.0,37.35099337748345,-29.657477025898082,-34.57653457653457,10.578827218189746,-36.02131450470806,1.015220517551326,0.4279102993559277,11.301820943802765,-36.272394082905535,0.7648504963618259,0.3287225384000655
1780358400,85.1,85.5,81.8,82.2,1514300,2026-06-02,GAS,2026-06-02,-2.375296912114011,-0.3636363636363549,5.791505791505802,-31.328320802005017,24.357034795764008,36.2348144587898,82.885,80.608,77.66850500000001,83.08808761183623,83.93625571194474,-0.8264462809917328,1.9749900754267635,5.83440482084725,-1.0688507069570807,4.39429928741093,-3.444180522565311,1.0688836104512989,10.810810810810956,124475460.0,2781265.0,2337653.3333333335,234277461.0,200937518.33333334,0.5444644792926959,0.5313164120384589,4.842857142857144,5.891553701772682,64.51509498371941,58.20105629730047,30.742780148679056,50.48543689320388,131.5,56.0,34.70198675496689,-26.672613737734164,-36.130536130536115,8.371978896020826,-32.32140350544598,0.9980072135203898,0.4315706057702818,8.709874142635066,-32.884354486042156,0.7429860692716774,0.32707304603146486
1780444800,82.2,85.5,82.2,84.5,1015900,2026-06-03,GAS,2026-06-03,2.7980535279805263,3.6809815950920255,6.691919191919182,-24.620874219446918,31.00775193798451,40.26525903424463,83.15,80.658,77.759665,83.22255545832802,83.95836333108416,1.6235718580877911,4.76332167918867,8.668163629562976,1.5349739438266008,4.014598540145982,2.7980535279805316,0.0,69.69696969696967,85843550.0,2682910.0,2275726.6666666665,226756958.5,193528225.0,0.3786560115695271,0.37857074185443357,4.7928571428571445,5.672020287404904,64.86779183801487,57.326048446792285,30.742780148679056,51.07913669064749,131.5,56.0,37.74834437086093,-18.983700862895493,-34.34343434343434,10.509072322206837,-27.515366933719697,0.9289254586409085,0.40082034106907416,10.529925240394643,-28.3185094344202,0.684154115784556,0.3015989500007935
1780531200,85.8,89.2,85.1,85.2,1871600,2026-06-04,GAS,2026-06-04,0.8284023668639007,4.283965728274164,12.10526315789473,-18.312559923298178,31.07692307692309,39.24981613140475,83.60999999999999,80.752,77.853855,83.41088350991582,84.0070549651593,1.901686401148206,5.508222706558352,9.435814064698533,2.144943698949664,4.852071005917169,-0.7100591715976264,1.538461538461533,2.4390243902441053,159460320.0,2661345.0,2217130.0,225978954.5,186820800.0,0.7032534301264962,0.7056423477700442,4.642857142857144,5.449362843729042,62.71075811490435,55.723294860983216,29.6674430173695,44.26229508196721,131.5,56.0,38.675496688741724,-17.281553398058247,-33.79953379953379,16.162863694298412,-29.128211034449613,0.9019372417916166,0.33392763755716287,16.761604844201305,-29.632763662256234,0.555846539627954,0.21207997373441898
1780617600,85.2,87.8,83.8,85.0,1317900,2026-06-05,GAS,2026-06-05,-0.23474178403756207,-2.7459954233409634,13.78848728246318,-12.371134020618557,32.8125,37.86392020111913,84.125,80.83800000000001,77.9494,83.56222793754289,84.04599398613344,1.0401188707280795,5.14856874242311,9.045098486967195,1.7206004410650122,4.694835680751173,-0.23474178403756202,0.0,30.00000000000007,112021500.0,2656485.0,2174336.6666666665,226294631.0,182406266.66666666,0.4961066973839491,0.4950250012780904,4.492857142857145,5.285714285714288,62.191728631937934,53.933061439750965,29.867043862123293,37.95180722891567,131.5,56.0,38.41059602649007,-17.47572815533981,-33.95493395493395,17.780927385419776,-22.042935682186027,1.004744823128041,0.3812806553771728,18.020766001497346,-20.499781350990467,0.81703091022833,0.30812358863958716
1780876800,83.6,85.7,83.3,83.9,1058600,2026-06-08,GAS,2026-06-08,-1.2941176470588123,-0.3562945368171033,13.99456521739133,-18.543689320388346,28.287461773700294,35.45803868384514,84.64,80.866,78.04085500000001,83.59439670539595,84.04026873177527,-0.8742911153118982,3.7518858358271734,7.507791912325912,0.36557868307975916,2.8235294117647127,0.3529411764706016,-1.6470588235294237,25.000000000000295,88816540.0,2617660.0,2122866.6666666665,223982290.0,176767869.0,0.4044069894485915,0.39653376166481735,4.114285714285716,4.903797037289291,62.11145552749229,52.3268566289749,29.855273735519667,45.32374100719426,131.5,56.0,36.95364238410597,-14.994934143870308,-34.8096348096348,19.532418026676478,-22.141939664649325,0.85176289474238,0.3310230401531531,19.07662803502026,-21.02366222958123,0.6684906042734206,0.25835151549729646
1780963200,84.5,84.5,81.9,82.4,906800,2026-06-09,GAS,2026-06-09,-1.7878426698450522,0.24330900243310083,7.712418300653612,-16.51469098277608,28.750000000000007,35.090825627910036,84.935,80.908,78.12481000000001,83.48064463821538,83.97594446778409,-2.984635309354211,1.8440698076828133,5.4722565085278285,-1.29448525810818,3.098927294398086,-2.5029797377830683,0.7151370679380209,19.230769230769273,74720320.0,2585125.0,2109040.0,221760868.5,175156829.66666666,0.35077607465789856,0.3369409603480156,3.6857142857142864,4.472954230235785,61.508946581092,51.795506671654,29.551001981582314,36.01532567049809,131.5,56.0,34.96688741721855,-11.397849462365583,-35.97513597513596,13.395969928658447,-21.39533627614708,0.8152364367281968,0.31784926337035657,12.680845298126787,-21.467911759203652,0.60357464817879,0.23285821919577182
1781049600,82.1,83.9,81.9,82.5,509100,2026-06-10,GAS,2026-06-10,0.12135922330096527,-2.3668639053254448,0.8557457212714059,-10.130718954248364,29.921259842519675,37.374073765714755,84.97,80.916,78.207855,83.3872499107663,83.91806429257687,-2.9069083205837343,1.9575856443719397,5.488125201746041,-1.0640114786322319,2.4271844660194173,0.4854368932038904,-0.3640776699029291,29.999999999999716,42000750.0,2293065.0,2043481.6666666667,197888179.0,169059664.16666666,0.22201725637956185,0.21224486582394594,3.578571428571429,4.337662337662338,56.534559658013336,49.85542010569415,29.551001981582314,39.91596638655463,131.5,56.0,35.099337748344375,-11.290322580645162,-35.89743589743589,5.842128776208,-16.466496910198003,0.7583009775658597,0.30630175535998966,4.894874475229061,-15.923230823044221,0.5739215725142761,0.22997584346013958
1781136000,83.3,84.5,82.5,82.5,530400,2026-06-11,GAS,2026-06-11,0.0,-3.169014084507049,-1.3157894736842035,-6.1433447098976135,31.78913738019169,39.1184108461772,84.915,80.95,78.29137,83.30274991926474,83.8624539281621,-2.8440204910793243,1.914762198888198,5.37559886868757,-0.9636535649096167,2.4242424242424243,-0.9696969696969662,0.9696969696969759,0.0,43758000.0,2116180.0,1961298.3333333333,183071421.0,161788013.16666666,0.2506403046999783,0.23902146911286606,3.471428571428572,4.207792207792208,55.98842190077756,49.11098461819166,29.551001981582314,44.39252336448597,131.5,56.0,35.099337748344375,-11.290322580645162,-35.89743589743589,5.272246631973676,-12.368207544395403,0.7447518992470925,0.30550277733789255,4.54995677260559,-11.23187729776911,0.5636810274259539,0.23004849558283433
1781222400,82.5,87.1,82.0,85.1,1976800,2026-06-12,GAS,2026-06-12,3.1515151515151496,0.11764705882353343,-4.809843400447445,-1.504629629629639,38.82544861337682,42.82357679914068,84.7,81.086,78.395415,83.47391659362049,83.91098514666555,0.47225501770955525,4.9502996818193035,8.552266736517677,1.9480137900990568,6.181818181818175,3.1515151515151447,0.0,60.78431372549016,168225680.0,1965710.0,1965698.3333333333,169194391.0,162125342.5,1.0056417274165568,0.9942745678844638,3.557142857142857,4.179956353869398,51.16414734718724,49.42295098535984,29.551001981582314,57.34597156398103,131.5,56.0,38.543046357615886,-8.49462365591398,-33.877233877233884,1.9527502714925973,-6.26171760886124,0.7495188838068719,0.3045560009369375,0.37015445381818246,-5.27854685002832,0.580795137963681,0.23425849704112212
1781481600,83.3,84.3,81.8,82.6,1531900,2026-06-15,GAS,2026-06-15,-2.9377203290246734,-1.5494636471990564,-11.18279569892474,-9.92366412213741,33.01127214170692,39.508174571003906,84.17999999999999,81.138,78.482255,83.39068644184711,83.85957396444337,-1.8769303872653853,1.8018684217012915,5.246721058155113,-0.9481711634530154,2.9377203290246774,-0.8225616921269129,-2.1151586368977626,31.999999999999883,126534939.99999999,1838370.0,1947445.0,156555183.0,160219173.66666666,0.8332925363229382,0.8082449751919103,3.6285714285714286,4.392943618125216,49.483584184569665,48.11065954443162,29.650589017896383,50.216450216450205,131.5,56.0,35.23178807947019,-11.18279569892474,-35.81973581973582,-4.510907569626109,-14.911323341546566,0.7304850185961683,0.30508197141398,-7.083341543517851,-14.934258929611577,0.5729369887255199,0.23817416254633603
1781568000,82.6,83.7,79.7,81.8,1617400,2026-06-16,GAS,2026-06-16,-0.9685230024213065,-0.728155339805836,-5.433526011560696,-7.150964812712823,27.216174183514784,38.820534577853195,83.94500000000001,81.2,78.571215,83.23919249500453,83.77880635799461,-2.555244505330878,0.738916256157629,4.109373897298152,-1.7289842102816033,4.842615012106538,-0.9685230024213041,0.0,52.49999999999986,132303320.0,1648735.0,1938733.3333333333,139771666.5,159281848.83333334,0.9809945200411224,0.9465675219662635,3.7571428571428567,4.593084177436255,43.31497074602334,47.49155612044613,21.304807014304792,50.65502183406113,131.5,56.0,34.17218543046357,-12.043010752688177,-36.44133644133644,0.0549131890373431,-13.55483032035496,0.6939680148517098,0.2924053199782079,-2.11605825649892,-12.867746803770919,0.5432498121749811,0.2278866644680305
1781654400,81.6,82.8,80.0,80.9,1031800,2026-06-17,GAS,2026-06-17,-1.1002444987774918,-1.9393939393939297,-9.810479375696769,-1.3414634146341364,28.616852146263927,36.8542138918023,83.505,81.224,78.65238000000001,83.01641225738506,83.66591199101444,-3.1195736782228534,-0.3988968777701163,2.857663048467196,-2.5493901745877734,3.422982885085571,-0.8557457212713797,-0.24449877750611915,32.14285714285738,83472620.0,1454705.0,1903423.3333333333,121913183.5,156367512.5,0.709284700334432,0.6846890352920691,3.6499999999999995,4.511742892459826,40.79673989564864,45.358577690532684,20.859739865187574,48.30508474576271,131.5,56.0,32.98013245033113,-13.010752688172033,-37.14063714063713,-4.216274810641863,-10.953615301077358,0.5194643114823723,0.21672405347869403,-6.273164324487769,-10.194682842995816,0.3495570686902054,0.14514014011187842
1781740800,80.0,82.6,80.0,81.8,949100,2026-06-18,GAS,2026-06-18,1.1124845488257096,-0.848484848484854,-6.300114547537228,1.6149068322981242,29.225908372827814,34.938964038271195,83.22999999999999,81.29,78.73428,82.90056347096743,83.59273897175898,-1.7181304817974197,0.6273834419977753,3.893755045451619,-1.327570555479829,3.2138442521631574,2.224969097651418,-1.1124845488257207,69.23076923076927,77636380.0,1434305.0,1869575.0,119871261.0,153663285.5,0.6617142100180924,0.6476646641766787,3.3214285714285703,4.060426126440795,40.310857258824704,45.24754646150334,20.544229770867467,35.10638297872336,131.5,56.0,34.17218543046357,-12.043010752688177,-36.44133644133644,-2.7985936369941733,-13.424341016768903,0.5279590974176815,0.2045103055416986,-3.326516390191525,-11.375529973077935,0.3213667552432546,0.12451704649113503
1781827200,81.7,81.8,80.5,81.2,478800,2026-06-19,GAS,2026-06-19,-0.7334963325183352,-4.582843713278484,-4.358068315665486,0.6195786864931829,26.875000000000004,25.20044406068831,83.04499999999999,81.368,78.816,82.73860504516101,83.49890607090569,-2.221687037148512,-0.2064693737095613,3.024766544863988,-1.8595975171701196,1.5892420537897276,-0.6112469437652812,-0.12224938875304847,53.84615384615419,38878560.0,1376100.0,1846015.0,114841078.5,151765983.5,0.34793982995421846,0.33854227518422336,3.1285714285714272,3.8529204785362405,39.30548785254183,45.27541895848704,19.605556003042874,40.740740740740726,131.5,56.0,33.37748344370861,-12.688172043010749,-36.907536907536894,-1.5559182248353283,-12.370506588809183,0.5403099185979641,0.2072926811268743,-2.002939096846323,-10.30655228471844,0.33102173874255414,0.1263495025187686
1782086400,81.6,82.6,81.1,81.7,702900,2026-06-22,GAS,2026-06-22,0.6157635467980205,-1.08958837772396,-0.3658536585365857,-0.9696969696969648,25.11485451761104,25.24527839097377,83.03,81.404,78.9,82.6396902789552,83.42836073479174,-1.6018306636155555,0.3636184954056487,3.5487959442332073,-1.1370931761520597,1.8472906403940885,0.1231527093596164,0.49261083743841194,40.00000000000057,57426930.0,1294155.0,1824283.3333333333,108111045.0,149963749.0,0.5431343231683995,0.5311846722043987,2.97142857142857,3.6369994754327664,37.48541388658321,45.06372071301444,17.641899634247697,48.299319727891145,131.5,56.0,34.039735099337754,-12.150537634408598,-36.519036519036504,1.1251088394088282,-13.014155083664603,0.5015269340118057,0.18841788195641848,1.6913055920025566,-10.0840004749016,0.28338697105581057,0.10465629688659608
1782172800,81.4,82.1,78.7,78.9,2252100,2026-06-23,GAS,2026-06-23,-3.427172582619331,-3.5452322738386166,-4.363636363636358,-1.743462017434605,20.826952526799403,18.223500854086126,82.85,81.414,78.9755,82.28352930000709,83.25077796087834,-4.7676523838261815,-3.0879209963888266,-0.09559926812744424,-4.112037158336612,4.16156670746633,-3.0599755201958385,-0.3671970624234966,5.882352941176569,177690690.0,1357940.0,1840311.6666666667,112967929.5,151198275.16666666,1.6584679735481684,1.5729303952587712,2.978571428571427,3.7751222161868525,39.319524533405534,45.28402255227949,19.62430940447335,31.578947368421012,131.5,56.0,30.331125827814574,-15.161290322580633,-38.694638694638684,-3.5601037924382735,-15.38847639756873,0.44639171345146544,0.16576967870926926,-2.7471858483249396,-13.124899561049386,0.19704434933966022,0.07140914875710139
1782259200,78.2,80.5,76.4,79.3,2046800,2026-06-24,GAS,2026-06-24,0.5069708491761693,-1.977750309023496,-2.6993865030674913,-3.410475030450666,19.9697428139183,17.333727898202266,82.74,81.386,79.053,81.99938365238737,83.09584549182429,-4.157602127145276,-2.5630943896984726,0.3124486104259194,-3.2919560271704285,5.196451204055759,1.3941698352344667,-0.8871989860583018,70.73170731707306,162311240.0,1415140.0,1840696.6666666667,117404581.5,151134366.33333334,1.4463586641604365,1.3824949412216934,2.9357142857142833,3.702035669248781,39.202557975599525,45.05796542891806,19.909185801869967,30.201342281879107,131.5,56.0,30.86092715231788,-14.731182795698928,-38.38383838383837,-2.890911393300777,-15.678528593339248,0.4110613346057718,0.15085821426329815,-2.0907218075976175,-13.76550624047741,0.1525598970402754,0.05469580994194077
1782345600,78.5,79.3,77.5,77.5,868700,2026-06-25,GAS,2026-06-25,-2.2698612862547263,-5.256723716381417,-5.140758873929007,-4.084158415841577,11.994219653179194,18.465301131152543,82.53,81.322,79.1195,81.57087092358857,82.87640057057628,-6.094753422997701,-4.699835222940907,-2.046903734224814,-4.990593918510388,2.2698612862547254,-1.2610340479192939,-1.0088272383354302,0.0,67324250.0,1334730.0,1821391.6666666667,110652657.5,149526743.83333334,0.6508432417043147,0.6084286769163226,2.778571428571426,3.585253456221195,39.911943718788564,45.1815898267702,20.137958969325652,27.272727272727195,131.5,56.0,28.47682119205298,-16.666666666666664,-39.78243978243978,-5.10856433304998,-16.145823097593606,0.4239753041483305,0.15557057804708965,-5.38078047587317,-14.719285794533787,0.15185282205926462,0.0541646719649318
1782432000,77.8,78.5,77.0,77.0,618600,2026-06-26,GAS,2026-06-26,-0.6451612903225823,-5.1724137931034475,-11.89931350114417,-1.6602809706257937,9.219858156028371,12.675231935380026,82.01,81.276,79.1855,81.13554988324681,82.6459534893772,-6.109011096207784,-5.261085683350553,-2.759974995422143,-5.097087391652389,1.935483870967742,-1.0322580645161255,0.3870967741935516,0.0,47632200.0,1207870.0,1791165.0,99243421.5,147146592.83333334,0.5121412072491245,0.47995322289447667,2.7142857142857113,3.5250463821892355,29.446124408086483,44.748882495097604,19.824023014194967,28.30188679245275,131.5,56.0,27.81456953642384,-17.204301075268813,-40.17094017094016,-12.351153865192277,-13.450139375274384,0.4477592496373503,0.1656321772944138,-12.47566073157289,-11.442800551515509,0.19461916067407856,0.06971349629633077
1782691200,77.2,78.7,77.0,77.7,606800,2026-06-29,GAS,2026-06-29,0.9090909090909038,-4.89596083231334,-7.719714964370549,-2.8749999999999942,3.462050599201083,19.457597933706428,81.685,81.24600000000001,79.26100000000001,80.80835465627092,82.45199452900947,-4.8784966640141985,-4.364522561110706,-1.9694427271924497,-3.846575851584555,2.207792207792212,0.6493506493506493,0.25974025974027093,41.17647058823539,47148360.0,1170315.0,1769998.3333333333,95884080.5,145429998.83333334,0.5184928843943725,0.49172250236054565,2.6499999999999977,3.4105534105534074,27.58536437178259,44.56302888035002,17.618105914205323,34.43708609271516,131.5,56.0,28.741721854304643,-16.451612903225797,-39.627039627039615,-8.285167597547392,-11.803141497301695,0.3879626059753563,0.142776196792437,-8.452485066546245,-10.526033386327505,0.1364729689364825,0.048061616717890776
1782777600,77.7,78.4,77.1,77.4,512209,2026-06-30,GAS,2026-06-30,-0.38610038610038533,-1.9011406844106515,-5.8394160583941535,-1.6518424396442133,3.337783711615483,21.816865497812344,81.445,81.226,79.3375,80.48374945091179,82.2538770964993,-4.9665418380501976,-4.710314431339713,-2.44209862927367,-3.831518128752942,1.6731016731016877,-0.38610038610038244,0.0,23.076923076923748,39644976.6,1120210.45,1759070.15,91642556.33,144558852.94333333,0.45724354740665024,0.43260443823981226,2.5999999999999983,3.3591731266149845,26.568209486729224,44.44343566825245,16.78729422144921,33.3333333333333,131.5,56.0,28.34437086092716,-16.774193548387096,-39.86013986013985,-7.675745152219937,-11.398600207430764,0.3732454976166897,0.13730971691935565,-6.9909677641808,-9.353988700552252,0.12330886315442591,0.043521780881245045
1782864000,77.5,79.9,77.5,78.0,741600,2026-07-01,GAS,2026-07-01,0.7751937984496138,-1.6393442622950838,-7.692307692307687,-2.1329987452948562,7.734806629834257,20.969618015167725,81.11999999999999,81.18400000000001,79.418,80.24720188415829,82.08705838683265,-3.8461538461538325,-3.9219550650374635,-1.7854894356443163,-2.8003492101846272,3.100775193798457,0.6459948320413437,0.12919896640826156,20.833333333333286,57844800.0,1106495.45,1739243.4833333334,90242618.83,142957655.61,0.6702241748938055,0.6409920362458524,2.635714285714284,3.379120879120877,24.328664858616023,44.3950099198914,16.78729422144921,35.84905660377353,131.5,56.0,29.13907284768212,-16.129032258064512,-39.39393939393939,-10.34210071158741,-13.009818773322689,0.3959818600731171,0.14513194151901213,-9.654730461476134,-11.707241029354641,0.15588606114372325,0.05488051451066805
1782950400,78.0,78.2,77.3,77.3,453500,2026-07-02,GAS,2026-07-02,-0.8974358974359053,-0.2580645161290307,-9.272300469483575,-1.5286624203821653,-0.12919896640828377,20.766154230721167,80.725,81.146,79.4945,79.96651599042893,81.89933060695687,-4.24279962836791,-4.739605156138326,-2.7605683412060045,-3.334540660428531,1.1538461538461613,-0.897435897435901,0.0,0.0,35055550.0,1035590.45,1727288.4833333334,84022380.33,142010118.11,0.43791442843066003,0.4172168160711283,2.335714285714285,3.021622620587691,23.952381519978204,44.32421277900212,16.527933157000373,22.142857142857068,131.5,56.0,28.211920529801322,-16.881720430107528,-39.93783993783994,-11.172330498693796,-12.953208238566138,0.38464168196161497,0.14067021595919613,-10.621749843692196,-10.9386011542147,0.15567446382929437,0.05493598889894458
1783036800,77.4,77.7,75.3,75.3,1649400,2026-07-03,GAS,2026-07-03,-2.587322121604141,-2.207792207792214,-11.411764705882355,-2.587322121604141,-9.05797101449275,17.988091507364466,80.24000000000001,81.078,79.55850000000001,79.52208589610237,81.64053332825267,-6.156530408773698,-7.126470805890628,-5.352665020079583,-5.309324885691047,3.104786545924975,-2.716688227684358,0.1293661060802087,0.0,124199820.0,1052165.45,1734171.8166666667,84631296.33,142487219.77666667,1.5676241792581196,1.4675400872475328,2.2714285714285714,3.016505406943654,25.069716141308117,44.53403301741995,17.4786881634963,22.96296296296289,131.5,56.0,25.562913907284763,-19.032258064516128,-41.491841491841484,-12.672300895995992,-13.58795399923448,0.40011350640305043,0.14583799575614842,-12.231387316994592,-11.36535097611483,0.17923277339997473,0.06306778116134559
1783296000,75.5,75.5,73.0,74.0,1615900,2026-07-06,GAS,2026-07-06,-1.726427622841964,-4.761904761904767,-11.799761620977357,-7.384230287859827,-16.384180790960457,18.396211321237722,79.745,80.99600000000001,79.6125,78.99617295361642,81.34090457028198,-7.204213430309114,-8.637463578448335,-7.049772334746429,-6.324575946925915,3.3200531208499333,-1.9920318725099602,0.26560424966799445,40.0,119576600.0,1080030.45,1737126.8166666667,86169299.33,142564427.44333333,1.496161520260841,1.3876937717929103,2.164285714285714,2.9247104247104247,25.27638425959207,44.10918001026255,17.657449172961158,22.142857142857068,131.5,56.0,23.841059602649008,-20.430107526881724,-42.5019425019425,-14.758103564424264,-12.334274408437096,0.2609691424238192,0.07924706821119248,-14.603340702043633,-10.496591176721093,-0.1404805999398489,-0.03892951925006307
1783382400,74.1,75.4,73.3,73.8,648400,2026-07-07,GAS,2026-07-07,-0.2702702702702786,-4.651162790697683,-10.436893203883502,-5.867346938775519,-19.432314410480345,18.076221560910042,79.315,80.92399999999999,79.668,78.50129933898629,81.04518282242779,-6.95328752442792,-8.803321635114425,-7.365567103479453,-5.988817227960796,2.8378378378378493,-0.40540540540540154,0.13513513513512265,23.809523809523714,47851920.0,1067110.45,1730406.8166666667,84825879.33,141987868.77666667,0.6076222006822256,0.5641193510513532,2.1142857142857148,2.8648857917150607,24.91284362278825,43.9537280460574,17.550394974700275,23.308270676691635,131.5,56.0,23.576158940397345,-20.64516129032259,-42.65734265734265,-13.515446506914653,-12.291673815344605,0.21520532090668645,0.06441653844683569,-12.690571633327341,-10.09186795955349,-0.19153696626781,-0.05268165511725223
1783468800,74.8,75.9,74.7,74.8,648000,2026-07-08,GAS,2026-07-08,1.3550135501354976,-4.10256410256411,-9.333333333333337,-7.311028500619587,-22.966014418125646,20.037230798857397,78.92999999999999,80.854,79.72200000000001,78.1487946400352,80.8002736921365,-5.2324844799189085,-7.487570188240533,-6.173954491859224,-4.285152004532189,1.6260162601626056,0.0,1.3550135501354976,8.33333333333284,48470400.0,1074055.45,1693595.15,85149361.83,138953447.27666667,0.6033208062023241,0.5692397330795121,2.07857142857143,2.778838808250575,25.717669090253324,43.61172434647138,17.550394974700275,23.88059701492533,131.5,56.0,24.900662251655625,-19.569892473118276,-41.880341880341874,-12.104843165845224,-13.236742786333878,0.1744136819481126,0.05235316015888048,-11.244122381610467,-10.952191639871655,-0.246636860905945,-0.06798317164448718
1783555200,75.1,78.5,75.1,77.0,1998200,2026-07-09,GAS,2026-07-09,2.941176470588247,-0.388098318240615,-6.666666666666665,-4.584882280049573,-20.618556701030933,23.196057726152763,78.655,80.92399999999999,79.792,78.03938562669852,80.6512433512684,-2.104125611849217,-4.84899411793781,-3.4990976539001406,-1.331873153987173,4.545454545454553,2.5401069518716657,0.40106951871656804,55.88235294117655,153861400.0,1147445.45,1711093.4833333334,90654531.83,140242340.44333333,1.7414335470152416,1.697227892462439,2.250000000000002,2.922077922077925,28.41735968578308,44.05183859430997,17.550394974700275,35.999999999999986,131.5,56.0,27.81456953642384,-17.204301075268813,-40.17094017094016,-9.006807108452275,-9.231946454334372,0.11323720245782547,0.03383703508356533,-8.712083863988052,-7.775995976132976,-0.2987384786982328,-0.08194801197718492
1783641600,77.0,77.2,75.2,75.2,512700,2026-07-10,GAS,2026-07-10,-2.3376623376623384,-0.13280212483398612,-11.63337250293771,-5.170239596469095,-27.483124397299907,20.13547191513836,78.16,80.92399999999999,79.8555,77.76896794796532,80.43746910219906,-3.7871033776867846,-7.073303346349647,-5.829905266387414,-3.303332956256022,2.5974025974025974,-2.337662337662334,0.0,0.0,38555040.0,1074240.45,1699540.15,84170999.83,139291126.61,0.4772674497595022,0.45805610100711097,2.285714285714288,3.0395136778115526,26.08428185931475,44.16804218220433,17.922566125898314,30.061349693251515,131.5,56.0,25.430463576158946,-19.13978494623656,-41.569541569541556,-13.68120550603541,-8.137603660333026,0.19278712700176998,0.05728829435578396,-12.994231603104344,-6.417060895690785,-0.19146798380122584,-0.05211147704531101
1783900800,76.5,77.5,74.5,75.4,909400,2026-07-13,GAS,2026-07-13,0.26595744680850686,1.8918918918918948,-8.716707021791759,-4.7979797979797905,-29.53271028037383,18.31905344757243,77.8,80.902,79.92349999999999,77.543351952921,80.23992129426969,-3.084832904884305,-6.8008207460878545,-5.65978717148271,-2.7640692579581683,3.9893617021276593,-1.4627659574468008,1.7287234042553168,30.00000000000019,68568760.0,1043115.45,1697390.15,81272690.83,139063251.27666667,0.8718114567280161,0.8436875818893076,2.25714285714286,2.993558165971962,24.725524801704093,44.17248668471039,16.73553627843655,37.226277372262764,131.5,56.0,25.695364238410605,-18.924731182795696,-41.414141414141405,-8.785066559614584,-4.791870892862183,0.18124758580925185,0.054181253200870715,-7.563064691678834,-3.6886812661690254,-0.19345141301802468,-0.05409775076607497
1783987200,76.5,78.8,76.0,78.5,2251800,2026-07-14,GAS,2026-07-14,4.111405835543769,6.368563685636852,-4.0342298288508545,0.12755102040815647,-23.78640776699029,22.640919885014377,77.63499999999999,80.918,80.008,77.63446129073805,80.17168908665127,1.1141881883171445,-2.9882102869571714,-1.8848115188481063,1.1148898245336492,3.7135278514588816,2.652519893899204,1.458885941644561,89.28571428571438,176766300.0,1074835.45,1715431.8166666667,83495839.83,140481470.94333333,2.0950183583915103,2.1170671540031387,2.2071428571428595,2.8116469517743434,29.423494311996578,44.934495013480486,17.008868485774915,47.560975609756106,131.5,56.0,29.80132450331126,-15.591397849462362,-39.005439005439,-3.961771672053615,0.8528934974527003,0.2482156715053901,0.07202124712349156,-3.3133813396737817,1.8014681279117317,-0.13094891971099065,-0.03563119065268597
1784073600,78.8,78.8,77.2,77.6,948280,2026-07-15,GAS,2026-07-15,-1.146496815286635,3.743315508021383,-4.079110012360953,-3.1210986267166008,-22.24448897795591,20.52496699541817,77.47,80.886,80.08800000000001,77.63117926304871,80.07083853423357,0.1678068929908294,-4.062507726924314,-3.1065827589651596,-0.04016332528333777,2.0382165605095466,-1.5286624203821693,0.3821656050955413,24.999999999999556,73586528.0,1070659.45,1710419.8166666667,83001535.22999999,140040498.07666668,0.8856971280643906,0.8865682760697053,2.1928571428571453,2.8258468335787956,29.44293607601563,44.77754569359074,17.019798797227224,50.322580645161274,131.5,56.0,28.609271523178805,-16.559139784946243,-39.7047397047397,-2.745924318639314,-1.19227523649994,0.2815574397714145,0.08378854540788958,-1.978117252406519,0.5034493107717641,-0.1054840422712013,-0.029617619762865123
1784160000,77.6,78.0,75.7,77.4,988000,2026-07-16,GAS,2026-07-16,-0.2577319587628746,0.5194805194805197,-5.378973105134466,-2.2727272727272707,-26.84310018903591,21.100228431955447,77.25,80.914,80.16550000000001,77.6091621903774,79.9660997681852,0.1941747572815622,-4.342882566675721,-3.449738353780618,-0.26950708456859873,2.9639175257731925,-0.25773195876287197,0.0,73.91304347826109,76471200.0,1072604.45,1706798.15,82943276.22999999,139724022.07666668,0.9211224137658576,0.9219698506717644,2.250000000000002,2.9069767441860495,29.0368616515772,44.72102118727162,16.878834972656062,51.31578947368424,131.5,56.0,28.34437086092716,-16.774193548387096,-39.86013986013985,-3.9460078011415045,-0.4835039817975062,0.30162205228947014,0.0902446531730567,-4.079169321114384,1.0816111177477716,-0.07993290890849976,-0.022685893757934224
1784246400,77.4,77.4,76.0,76.2,569800,2026-07-17,GAS,2026-07-17,-1.5503875968992276,1.3297872340425565,-6.157635467980294,-3.1766200762388785,-27.081339712918663,18.69713538015796,77.0,80.944,80.239,77.47495626748432,79.81840958119756,-1.0389610389610393,-5.860842063648941,-5.033711786039207,-1.6456366404164147,1.8087855297157693,-1.5503875968992284,0.0,14.285714285714432,43418760.0,1077154.45,1693694.8166666667,83170286.22999999,138669048.07666668,0.5289863491721174,0.5220465381101287,2.228571428571431,2.9246344206974157,29.356477251545847,44.81604513012277,17.062233134165165,45.22292993630573,131.5,56.0,26.75496688741722,-18.06451612903226,-40.79254079254079,-4.125331258128995,-0.6660936456260536,0.32616202572215197,0.0982807680713211,-4.532024972810788,0.5815759099699336,-0.06152839024775049,-0.01747343206033192
