t,open,high,low,close,volume,date_vn,Ticker,Date,ret_1d_pct,ret_5d_pct,ret_20d_pct,ret_60d_pct,ret_120d_pct,ret_252d_pct,sma_20,sma_50,sma_200,ema_20,ema_50,dist_sma20_pct,dist_sma50_pct,dist_sma200_pct,dist_ema20_pct,range_pct,body_pct,gap_pct,close_location_pct,traded_value,adv20_shares,adv60_shares,avg_value_20,avg_value_60,volume_ratio_20,value_ratio_20,atr14,atr14_pct,realized_vol_20d_pct,realized_vol_60d_pct,downside_vol_20d_pct,rsi14,high_52w,low_52w,pos_52w_pct,drawdown_60d_pct,drawdown_252d_pct,excess_ret_20d_vs_vnindex_pct,excess_ret_60d_vs_vnindex_pct,beta_60d_vs_vnindex,corr_60d_vs_vnindex,excess_ret_20d_vs_vn30_pct,excess_ret_60d_vs_vn30_pct,beta_60d_vs_vn30,corr_60d_vs_vn30
1750204800,11.47,11.514,11.383,11.47,49657700,2025-06-18,SHB,2025-06-18,-0.3821434775056365,-1.1292129988794142,1.0928961748633892,16.151898734177216,46.37570188871874,31.808779590898652,11.4817,10.97396,8.88734,11.403936633783323,10.93588828888081,-0.10190128639486762,4.5201549850737655,29.059988703031504,0.5793031681794014,1.1377453534827187,0.0,-0.3821434775056365,66.41221374045905,569573819.0,63827645.0,71224656.66666667,733286139.665,776651596.5866667,0.77799674420073,0.7767415585684034,0.26985714285714274,2.352721384979448,18.17864733913409,38.519557508981386,11.84315862078707,51.326259946949634,11.906,7.609,89.85338608331395,-1.8147577469611376,-1.8147577469611376,-0.7044659807618592,14.422200034094889,0.8829545991830359,0.6738561538750488,0.13260421228868946,12.232974915329553,0.9350561048620656,0.711248839384678
1750291200,11.427,11.645,11.339,11.339,51346200,2025-06-19,SHB,2025-06-19,-1.1421098517872763,-2.2584259977588172,0.3096249115357441,14.825316455696203,46.8211834779231,33.6358279316441,11.483450000000001,10.998200000000002,8.903905,11.397752192470625,10.95169659127764,-1.2578972347160544,3.098688876361577,27.34861838710094,-0.515471748099916,2.667829119442015,-0.7672188317349536,-0.3748910200523148,0.0,582214561.8000001,62579575.0,70836983.33333333,719267812.235,774076169.7,0.8204945463435953,0.809454492327231,0.2677142857142857,2.3610043717636975,18.62237165017767,38.625817571582616,12.124204773396839,48.46587351283658,11.906,7.609,86.8047474982546,-2.9361410717342884,-2.9361410717342884,-2.597882851966671,12.543717520845844,0.8800227166713893,0.6698891147032234,-1.8002533483467698,10.397301625510536,0.9318798357211956,0.7070730300929982
1750377600,11.339,11.427,11.296,11.427,59502700,2025-06-20,SHB,2025-06-20,0.7760825469617982,1.55527906150017,0.7139079851930186,9.653584109010648,48.69225764476253,35.26278409090908,11.4875,11.037640000000001,8.92091,11.400537697949613,10.970335940639302,-0.5266594124047952,3.5275656752711493,28.09231345232719,0.23211450855642468,1.155304700590883,0.776082546961806,0.0,100.0,679937352.9,63316415.0,70417156.66666667,727868984.8100001,770698817.9433333,0.9397673573274797,0.9341479951608159,0.2560714285714286,2.2409331283051426,18.777786811529566,37.05247041447181,12.124204773396839,47.20974983964081,11.906,7.609,88.8526879218059,-2.182845403184397,-2.182845403184397,-1.9404139416818955,8.223101217676241,0.865079538751929,0.6859872972101262,-1.1159486914069427,6.454475746315612,0.911618245536235,0.7200954180654403
1750636800,11.339,11.383,11.252,11.339,42284200,2025-06-23,SHB,2025-06-23,-0.7701058895598023,-0.7701058895598023,-0.7961504811898501,8.809135399673739,46.10230640381394,34.79553019495958,11.482949999999999,11.08036,8.937664999999999,11.394676964811554,10.98479335473188,-1.2535977253231856,2.3342201877917246,26.86758789907657,-0.48862258213631105,1.1464076310492557,0.0,-0.7701058895598023,66.4122137404586,479460543.8,60850165.0,69828115.0,699487354.2,765207362.9950001,0.6948904740028231,0.6854456208838207,0.24157142857142855,2.1304473813513405,18.798445672619305,37.10206735679616,12.056042133209697,38.404327248140625,11.906,7.609,86.8047474982546,-2.9361410717342884,-2.9361410717342884,-2.7225900576283046,6.837545514395348,0.860741343234581,0.6822509758572879,-2.514730387781128,4.522670203351752,0.9045437109264204,0.7147140938524261
1750723200,11.383,11.427,11.296,11.339,38105400,2025-06-24,SHB,2025-06-24,0.0,-1.5198888309883474,-2.233143645456115,10.140845070422543,46.10230640381394,34.79553019495958,11.469999999999999,11.11048,8.95442,11.389374396734263,10.99868381140906,-1.142109851787254,2.056796826059726,26.630200504331935,-0.4422929212750004,1.155304700590883,-0.3880412734808952,0.388041273480888,32.82442748091677,432077130.6,57514580.0,69733808.33333333,660307774.4399999,764899509.8216667,0.6625346129624871,0.6543571760402792,0.2329285714285715,2.0542249883461636,17.94432330206145,36.99302896386115,12.056042133209697,40.71684587813618,11.906,7.609,86.8047474982546,-2.9361410717342884,-2.9361410717342884,-4.245369259535725,7.073179979817822,0.8564872059900754,0.6810200188683535,-4.709587654002812,4.253637964947953,0.8975668105190826,0.7120295759990871
1750809600,11.339,11.383,11.208,11.383,64567200,2025-06-25,SHB,2025-06-25,0.388041273480888,-0.7585004359198066,-1.8537678910157118,6.652300196758176,45.97332649397281,35.318592486923414,11.45925,11.13392,8.971965,11.388767311331,11.013755034491059,-0.6654013133494896,2.2371276244125937,26.872987132696103,-0.05064034739968859,1.5433459740717783,0.3880412734808952,0.0,100.0,734968437.5999999,58110840.0,69713935.0,666529100.52,765451446.935,1.1111042277137966,1.1026801935978583,0.23642857142857135,2.0770321657609716,18.027614042604583,36.27733582453223,12.056042133209697,45.16605166051658,11.906,7.609,87.82871771003022,-2.5594932374593538,-2.5594932374593538,-3.7078968304807947,3.4086322987969764,0.8608065920830263,0.6978663322516819,-4.169801378192684,0.48679514698495296,0.9013206066811661,0.7290461358572986
1750896000,11.383,11.427,11.252,11.427,42889100,2025-06-26,SHB,2025-06-26,0.3865413335676138,0.7760825469617982,-0.02624671916010568,7.064555420219243,46.537573736855606,36.42550143266477,11.4591,11.158240000000001,8.989730000000002,11.392408519775666,11.029960719412978,-0.2801267115218442,2.408623582213676,27.11171525729914,0.30363623428959485,1.5373803039620393,0.3865413335676051,0.0,100.0,490093745.7,56414265.0,69888948.33333333,647130814.905,767858337.2649999,0.7602527481302823,0.757333346538206,0.2339285714285712,2.0471564840165506,17.354148557554456,36.27993113556154,11.608737935714046,46.89063616869193,11.906,7.609,88.8526879218059,-2.182845403184397,-2.182845403184397,-1.8006494139270912,3.405241285444749,0.861448755519895,0.6978492221720815,-2.261554807482724,0.5402055625117974,0.9018637621733206,0.7289341332325023
1750982400,11.427,11.601,11.252,11.296,88859200,2025-06-27,SHB,2025-06-27,-1.1464076310492732,-1.1464076310492732,-0.8078679311556036,7.961387747300019,44.85765580918184,37.840146430750444,11.4545,11.18414,9.00703,11.383226755987508,11.040393632377175,-1.383735649744644,1.0001663069310718,25.41314950655209,-0.7662744304169133,3.054169948367903,-1.1464076310492712,0.0,12.607449856733147,1003753523.1999999,56497235.0,70425888.33333333,647666924.9449999,774710002.3783334,1.572806173611859,1.549798954586478,0.23707142857142838,2.0987201537838915,17.790314246715567,36.11488794942004,11.894369637607682,46.89063616869193,11.906,7.609,85.80404933674654,-3.3042287279575477,-3.3042287279575477,-3.7224709628230213,3.0197719659615263,0.8528631218718536,0.6928789996936087,-4.47512461805154,-0.25121160161629774,0.8893409457713682,0.7216444279045297
1751241600,11.296,11.339,11.252,11.252,32595900,2025-06-30,SHB,2025-06-30,-0.38951841359772255,-0.7672634271099765,-2.2754907069654218,7.540858262448635,44.98131684061333,36.107415023587784,11.4414,11.20748,9.02411,11.370728969702983,11.04869192130356,-1.655391822679031,0.3972347039655766,24.68819639831519,-1.044163219608274,0.7701841359773349,-0.38951841359772227,0.0,0.0,366769066.8,55317535.0,70365945.0,633656852.8549999,774511451.3666667,0.5892507683142425,0.5788133832175694,0.2277142857142855,2.023767203290842,17.303644459974933,36.130762029942865,11.778053387462155,41.9616519174041,11.906,7.609,84.78007912497092,-3.6808765622324935,-3.6808765622324935,-5.251618821909676,3.081838882338861,0.854606889922345,0.6932306252422271,-6.106725247104849,0.23101230301774134,0.89296193338261,0.723071760801529
1751328000,11.252,11.296,11.121,11.208,47361400,2025-07-01,SHB,2025-07-01,-0.39104159260576754,-1.1553047005908867,-4.05752439650745,6.267184981511331,44.41437959025898,36.16814481836958,11.4177,11.229099999999999,9.04116,11.355230972588412,11.054939296938715,-1.8366220867600314,-0.18790464062122814,23.966393692844722,-1.2965916144183076,1.5552790615001681,-0.3910415926057632,0.0,49.71428571428587,530826571.2,52924175.0,70370983.33333333,604575156.155,775086355.425,0.8948916067184798,0.8780158526128843,0.21835714285714264,1.9482257571122648,16.29635599731072,36.120996345018234,11.651771114023047,34.515366430259945,11.906,7.609,83.75610891319525,-4.05752439650745,-4.05752439650745,-6.3280755191647104,1.7134868565634953,0.8546856899692523,0.6934797654784666,-6.720491145935436,-0.9386482428847875,0.8938449445516636,0.7240454718320468
1751414400,11.208,11.339,11.165,11.296,38438500,2025-07-02,SHB,2025-07-02,0.7851534618129818,-0.7642976368268495,-2.6038972236592683,14.878470456625648,45.54825409096765,37.840146430750444,11.402600000000001,11.23904,9.05865,11.349589927579991,11.06439265784308,-0.9348745023065042,0.5068048516599255,24.698492600994616,-0.47217501180166765,1.5524625267666066,0.7851534618129834,0.0,75.28735632183866,434201296.0,52157560.0,69772951.66666667,595103534.0350001,770143168.8050001,0.7369689072878409,0.7296231179404542,0.199642857142857,1.7673765681910147,16.53612890663835,33.15678583918472,11.743924448669564,38.76197494473092,11.906,7.609,85.80404933674654,-3.3042287279575477,-3.3042287279575477,-5.490784735362853,2.2955328387241227,0.8057241172139248,0.6244492764296913,-5.91196254889198,-0.6750762008970614,0.8620929479637186,0.6613198469907619
1751500800,11.296,11.427,11.208,11.339,52328600,2025-07-03,SHB,2025-07-03,0.38066572237960283,-0.7701058895598023,-1.5198888309883474,11.96800631973931,46.10230640381394,37.159791943873245,11.39385,11.24394,9.076165,11.348581363048563,11.075161573221783,-0.4814000535376506,0.8454331844531371,24.931620348462168,-0.08442784822215721,1.9387393767705332,0.3806657223796126,0.0,59.81735159817377,593353995.4,53097845.0,68344023.33333333,605472100.275,756729449.2933333,0.9855126888859613,0.9799856923721241,0.18414285714285686,1.6239779270028825,16.471502742131015,32.664285380618594,11.80458024815315,54.13891531874406,11.906,7.609,86.8047474982546,-2.9361410717342884,-2.9361410717342884,-4.490628498223792,-2.180357809214085,0.8536761947238438,0.6650377188786432,-4.928202267366966,-3.7037520284317402,0.870634138528469,0.6777540255210378
1751587200,11.296,11.383,11.252,11.339,28615900,2025-07-04,SHB,2025-07-04,0.0,0.38066572237960283,-1.5198888309883474,19.925965097831842,45.409079251090034,34.79553019495958,11.3851,11.24884,9.093869999999999,11.347668852282034,11.085508178193477,-0.40491519617745775,0.8015048662795454,24.688388991705423,-0.07639324336019548,1.1553047005908672,0.37922215362907696,-0.3792221536290774,66.4122137404586,324475690.1,52395560.0,67671643.33333333,597135601.6600001,751270635.6533334,0.5461512387690866,0.5433869446034999,0.1778571428571425,1.5685434593627523,16.471502742131015,29.39201882740589,11.80458024815315,44.97716894977171,11.906,7.609,86.8047474982546,-2.9361410717342884,-2.9361410717342884,-5.811973138713045,-2.51243919599138,0.780098339055187,0.565830450727089,-6.438949840030106,-4.396169999161081,0.806321648737084,0.5815976481351122
1751846400,11.339,12.124,11.339,12.124,249681700,2025-07-07,SHB,2025-07-07,6.923009083693454,7.749733380732304,6.509707458490754,31.739650114093255,56.216982347635614,42.28376951062081,11.42215,11.272820000000001,9.115685,11.421605152064698,11.126233347676086,6.144640019611014,7.5507282117518,33.001524295760575,6.149703466227163,6.923009083693449,6.923009083693449,0.0,100.0,3027140930.8,62335390.0,70783151.66666667,719531393.5350001,792061184.2733332,4.0054566114048535,4.207100562948198,0.2245714285714282,1.852288259414617,29.359764977845217,31.709982417876038,11.573570381151125,69.37738246505727,12.124,7.609,100.0,0.0,0.0,-0.47122450241174896,3.615735282694189,0.8208267151799068,0.5148061112213334,-1.5171585551427613,2.6487099080488186,0.8382820260678265,0.5414059830737435
1751932800,12.299,12.473,12.168,12.342,62936000,2025-07-08,SHB,2025-07-08,1.7980864401187624,10.117773019271947,7.602441150828243,25.516119190481046,58.27135162862274,44.84215467668113,11.46575,11.302840000000002,9.138025,11.509261804249013,11.173910471296633,7.642326058042426,9.193795541651472,35.062007381244854,7.235374517621596,2.5156713955790293,0.3546684262619683,1.443418013856812,57.04918032786899,776756112.0,62810525.0,71516606.66666667,727725201.585,801905021.0216668,1.0019976747527584,1.0673755839542312,0.24014285714285677,1.9457369724749374,29.788021078866244,28.948923995912956,11.573570381151125,74.94279176201377,12.473,7.609,97.30674342105263,0.0,0.0,0.06348519328283064,4.3647420228757134,0.6882196000420872,0.35454874133653397,-1.256345028184013,3.1049896689127934,0.7385231041007048,0.3973083352630072
1752019200,12.386,12.56,12.168,12.212,111615300,2025-07-09,SHB,2025-07-09,-1.0533138875384873,8.109065155807361,5.2667873459184555,19.59651356380374,57.35085684834429,43.92457277548616,11.496300000000002,11.33194,9.159905,11.576189251463392,11.214619864579118,6.225481241790831,7.766190078662616,33.320159979825114,5.492401123765611,3.176146491654523,-1.4098201263976624,0.35650623885916666,11.224489795918455,1363046043.6,65921585.0,71652846.66666667,767226456.06,807018537.9166666,1.6931525539017305,1.776588949499683,0.24628571428571405,2.0167516728276618,30.06440042672204,28.18682566413643,11.739965363432011,74.98568975386378,12.56,7.609,92.97111694607149,-1.0533138875384873,-1.0533138875384873,-3.562288079872289,2.511291961460934,0.5756939148172435,0.2459294329163457,-4.562768217544511,1.7842473531376015,0.6911779593286271,0.30614461972357
1752105600,12.255,12.56,12.168,12.517,77622200,2025-07-10,SHB,2025-07-10,2.4975433999344876,10.388923185466092,7.895871045599501,22.58348839486828,62.87573194534808,46.89590423659193,11.542100000000001,11.368819999999998,9.18331,11.665790275133546,11.265693595379938,8.44646987983122,10.0993770681566,36.301616737320195,7.296631473659065,3.2099574189322078,2.1454307238781416,0.35211267605634866,89.03061224489774,971597077.4,64024510.0,72158011.66666667,748773585.745,815160057.6183333,1.2123825703625064,1.2975846048753168,0.2649285714285713,2.116550063342425,31.053823019809567,28.530683838882155,11.739965363432011,77.74949083503057,12.56,7.609,99.13148858816399,0.0,0.0,-1.37479615521079,6.134848106171287,0.6572125338072858,0.2727515049528913,-3.2345957570290906,4.22045129470008,0.7601428348148859,0.3376509812864
1752192000,12.56,12.56,12.299,12.386,68513300,2025-07-11,SHB,2025-07-11,-1.0465766557481881,9.233618484875205,10.078208318521131,23.84761523847616,61.17111255692909,45.97525044195638,11.5988,11.404760000000001,9.20568,11.73438167750178,11.309627179874843,6.786908990585228,8.603775967227701,34.54736640856515,5.553069095643615,2.0851641767196694,-1.3901094511464511,0.3435327953982714,33.3333333333331,848605733.8,64103070.0,72326588.33333333,753542246.975,819569396.5366666,1.0687990450379365,1.1261554839249164,0.2710714285714286,2.188530829738645,28.905814768003147,28.2395674477778,7.163740946477197,76.08370702541103,12.56,7.609,96.48555847303572,-1.0465766557481881,-1.0465766557481881,-0.7367731712659484,5.117213459670332,0.558313152669894,0.22844984553780123,-3.6821399543877966,2.2380147013831824,0.6278038097447665,0.2798884134320609
1752451200,12.43,12.473,12.168,12.342,45614600,2025-07-14,SHB,2025-07-14,-0.3552397868561208,1.7980864401187624,8.007351010763998,22.379771938522563,61.39662612789329,44.23279186630828,11.64455,11.43814,9.228209999999999,11.792250089168277,11.350112388507203,5.989497232610952,7.902158917446367,33.74207999167771,4.661959394303339,2.462457613434535,-0.7104795737122493,0.3552397868561208,57.04918032786899,562975393.2,64556780.0,72343816.66666667,760813659.095,821459013.4816666,0.7065810903207997,0.7399648868944706,0.2835000000000001,2.297034516285854,28.7729150322479,28.261250414591117,7.066182812625285,74.45148707947345,12.56,7.609,95.59684912138961,-1.3980985859231354,-1.3980985859231354,-1.880475849509077,0.8875799200147334,0.6257465719989381,0.2445958161349296,-5.039433232556334,-1.7771969383380686,0.6920989095052082,0.29695552554252685
1752537600,12.342,12.648,12.299,12.299,77807300,2025-07-15,SHB,2025-07-15,-0.34840382433966033,-0.34840382433966033,6.817787041862089,21.447615285869446,60.03903708523097,43.1281275456767,11.6838,11.474020000000001,9.250145,11.840511985437965,11.387323667389273,5.265410226125056,7.189982238134474,32.96007792310283,3.872197546237066,2.8277426673148613,-0.3484038243396616,0.0,0.0,956951982.6999999,66517120.0,72880678.33333333,786438950.38,829712435.84,1.1697334460662157,1.2168166165188152,0.2959285714285716,2.4061189643757346,28.858106745381495,28.297290198763204,6.95523155256607,72.34146341463415,12.648,7.609,93.07402262353641,-1.7416313813214068,-1.7416313813214068,-1.563962470266067,1.451722905503857,0.6292088683959202,0.24946266707904297,-4.531321167640546,-0.8703666485449659,0.6926949215000494,0.3011970796326599
1752624000,12.299,12.517,12.255,12.43,51787700,2025-07-16,SHB,2025-07-16,1.065127246117581,1.7851293809367785,8.369659982563205,15.103250300953786,61.74365647364996,44.65262422902363,11.7318,11.51084,9.272355,11.896653701110539,11.428212935334791,5.95134591452291,7.985168762661976,34.054401497785626,4.483162343707403,2.1302544922351303,1.0651272461175725,0.0,66.79389312977092,643721111.0,66623620.0,71138311.66666667,790146314.98,812304380.5183333,0.7773174138541256,0.8146859623287539,0.3021428571428573,2.4307550856223434,28.831352748936666,25.12891268531934,7.064137351673805,73.46747777257838,12.648,7.609,95.67374479063307,-0.6950547255732187,-0.6950547255732187,-1.181656813171971,-5.9242121309643245,0.6714571040397852,0.30213576877879705,-4.291279730903041,-8.489657587336264,0.7137140493810524,0.35377389705464224
1752710400,12.473,12.604,12.342,12.473,66954100,2025-07-17,SHB,2025-07-17,0.34593724859213193,-0.35152193017494726,10.000881911985182,12.430142419325785,61.50459665932928,45.153031537297814,11.7885,11.543479999999999,9.294025,11.951543824814298,11.469184977086368,5.806506340925477,8.052337769892626,34.20450235500767,4.363086332855448,2.107803700724044,0.0,0.34593724859213193,50.00000000000034,835118489.3000001,67404015.0,70879533.33333333,802791511.3549999,810972322.0866666,0.9933251008860525,1.0402682109710362,0.2959285714285715,2.372553286527471,28.24128997390185,24.59114826704315,6.465192954642836,78.72132747681798,12.648,7.609,96.52708870807703,-0.35152193017494726,-0.35152193017494726,-0.20369783417617526,-11.010088884575397,0.8217240832016949,0.369294379601743,-3.5751619982489657,-13.870763869064005,0.8256737973998051,0.41308694231789017
1752796800,12.517,12.648,12.299,12.386,78343400,2025-07-18,SHB,2025-07-18,-0.6975066142868691,0.0,8.39240395554388,11.64593473949882,60.378091415253145,42.92637895222708,11.836450000000001,11.574379999999998,9.314315,11.992920603403412,11.505138507396707,4.642861668828058,7.01221145322688,32.978109501342814,3.27759525469582,2.798043774553036,-1.050268580133089,0.35276196584621555,24.92836676217756,970361352.4,68346050.0,68473210.0,817312711.33,785963565.5733334,1.1462754614202284,1.1872583638408685,0.3146428571428572,2.5403104888007206,28.527834700598408,24.6576853117573,6.545236861969858,77.10325047801138,12.648,7.609,94.8005556658067,-1.0465766557481881,-1.0465766557481881,-2.570652330816216,-13.426530239241984,0.8510776623012497,0.37201903988441265,-6.150618222704308,-15.751421078167294,0.8284473788095645,0.41062726049874626
1753056000,12.473,12.866,12.43,12.735,101954800,2025-07-21,SHB,2025-07-21,2.817697400290653,3.1842489061740364,12.311491313166933,16.567505720823796,64.89706072769647,47.56662804171492,11.90625,11.60804,9.33635,12.063594831650706,11.553368369851738,6.960629921259831,9.708443458154846,36.40234138608771,5.565548061907366,3.5201033424834485,2.115291458097842,0.7024059421928186,69.95412844036692,1298394378.0,71329580.0,68485711.66666667,858259403.0400001,789175782.7483333,1.4293481049516905,1.5128227822509355,0.33642857142857163,2.64176341914858,29.37512919423304,24.968244264898583,6.3962268634377875,81.85231539424274,12.866,7.609,97.50808445881681,0.0,0.0,2.9703141496098198,-6.062552082644409,0.7697382539027562,0.3367970742225394,-0.0987495175887041,-8.37570400412708,0.7268978967134776,0.36330543937992654
1753142400,12.735,12.779,12.56,12.735,63416800,2025-07-22,SHB,2025-07-22,0.0,3.545003658834056,12.311491313166933,17.47071303385297,65.71242680546518,48.202024903991614,11.97605,11.642560000000001,9.358195,12.127538181017306,11.599706865151669,6.337231390984499,9.38315971745045,36.08393498960001,5.008945838105272,1.7196702002355668,0.0,0.0,79.90867579908648,807612948.0,72595150.0,68089268.33333333,877036193.9100001,786879797.5583333,0.8735680000661201,0.9208433512869092,0.3396428571428572,2.6670031970385333,29.37512919423304,24.88146997022208,6.3962268634377875,81.16067561715022,12.866,7.609,97.50808445881681,0.0,0.0,1.8656957513679444,-5.923246176512009,0.7487821715184462,0.33599361455005705,-0.8946886157365395,-8.779992179388252,0.6926360512419806,0.3553720378516055
1753228800,12.822,12.997,12.648,12.779,80136000,2025-07-23,SHB,2025-07-23,0.34550451511583535,2.807723250201133,12.26390231046297,18.79706237798644,64.65661641541038,47.41031260814395,12.04585,11.67964,9.380825,12.189582163777562,11.645953654753564,6.086328486574222,9.412618882088841,36.22469239112765,4.83542280861724,2.7404789948959576,-0.3376521397722753,0.6831566548880952,37.53581661891122,1024057944.0,73373590.0,68229520.0,891490669.2299999,791089067.9366666,1.0921640879231886,1.1487029302107012,0.34892857142857153,2.730484164868703,29.37954913309398,24.784242767928973,6.3962268634377875,81.1688311688311,12.997,7.609,95.9539717891611,0.0,0.0,1.6138199984088395,-4.231988328553427,0.7529071678254017,0.33923499639658394,-0.5418246098842552,-6.69907330582291,0.6869790753062184,0.35533357252363146
1753315200,12.779,13.476,12.735,13.127,93426700,2025-07-24,SHB,2025-07-24,2.7232177791689516,5.243325583259839,14.877045593769145,22.992598144851506,68.3380353936907,53.42449742870503,12.13085,11.711899999999998,9.405005,12.278860052941603,11.704033903586758,8.211708165544863,12.08258267232476,39.574620109186554,6.907318296662335,5.79857578840286,2.723217779168955,0.0,52.90148448043192,1226412290.9,75900470.0,68882800.0,928306596.49,801882677.4066666,1.2309106913303698,1.3211284887311596,0.39250000000000035,2.9900205682943577,30.314685530370824,25.16938196567023,6.3962268634377875,83.6343115124153,13.476,7.609,94.0514743480484,0.0,0.0,3.501676727205494,-0.9901211247931094,0.7566906269459526,0.3342448343605624,1.3717127432734344,-3.594667156294573,0.6817989447183598,0.3447038190043048
1753401600,13.258,13.302,13.084,13.127,59211800,2025-07-25,SHB,2025-07-25,0.0,5.9825609559179815,16.209277620396612,23.968268958353,65.91253791708797,54.79952830188679,12.2224,11.74836,9.429565,12.359635285994784,11.759836495602965,7.401165073962557,11.734744253666051,39.21108768007857,6.20863558065301,1.6606993220080746,-0.9979431705644736,0.9979431705644748,19.724770642202312,777273298.6,74418100.0,68979321.66666667,916982585.2599999,805409404.475,0.7956639580962158,0.8476423773954367,0.3520000000000003,2.681496152967169,29.648008469685376,25.06797967764639,5.555387481812899,76.77522690870255,13.476,7.609,94.0514743480484,0.0,0.0,4.565312153442159,-0.8894330721452626,0.7387074754783832,0.32717971704549975,3.1026097792973495,-3.4877715996245904,0.6689883053751575,0.33801191524024804
1753660800,13.215,14.043,13.215,14.043,137745500,2025-07-28,SHB,2025-07-28,6.9779843071531955,10.270906949352177,24.804479203697106,31.575002342359216,75.80120180270404,68.62391930835736,12.36195,11.80482,9.458705,12.519955734947661,11.849372319304809,13.59858274786745,18.959882488678346,48.46641268545746,12.164933305642434,6.307610268911399,6.307610268911399,0.6703740382417944,100.0,1934360056.5,79675580.0,70281730.0,995362134.7449999,827046714.2,1.728829586179354,1.9433731593532644,0.3925000000000002,2.7949868261767445,36.55574461363471,28.48471488701666,5.564291957047289,83.08051341890308,14.043,7.609,100.0,0.0,0.0,11.625643824682943,5.981679492474125,0.9907119637631889,0.39437287240014646,10.045687682540596,3.1580712376265936,0.8410713522602649,0.37984811808405283
1753747200,14.392,14.523,13.127,13.127,152873400,2025-07-29,SHB,2025-07-29,-6.522822758669788,3.0781311346682383,17.121698786581007,24.95954307472632,65.91253791708797,56.199428843407915,12.4579,11.84296,9.483645000000001,12.577769474476456,11.899475365606582,5.370889154672942,10.842221876963198,38.41724358092273,4.366676672187975,9.94089581998148,-9.008046713665163,2.4852239549953747,0.0,2006769121.8000002,84951180.0,71927631.66666667,1069159262.275,851017478.7883334,1.7995441617173533,1.8769599559282837,0.46421428571428575,3.5363318786797113,45.37438098991055,31.635594938307804,23.16585262011918,63.62823949955318,14.523,7.609,79.80908301995952,-6.522822758669788,-6.522822758669788,8.733932427642376,4.712351158787676,1.210335208024828,0.5587272362488283,7.2901087150440524,2.1028981813447025,1.0583676903914352,0.5413133031409347
1753833600,13.825,14.043,13.433,14.043,142533300,2025-07-30,SHB,2025-07-30,6.9779843071531955,9.891227795602164,24.31834277620397,32.618755312116335,76.64150943396224,67.85799665311978,12.59525,11.8969,9.512975,12.717315238812033,11.983535155190639,11.494412576169587,18.039153056678625,47.61943556037935,10.424250215502283,4.646910946903325,1.6606993220080746,5.317284985145121,100.0,2001595131.8999999,90155920.0,73372953.33333333,1147528954.07,874527156.8866668,1.5809644003410979,1.744265471298863,0.501642857142857,3.5721915341654706,50.34278205320933,34.39013780921453,23.16585262011918,69.22883064516128,14.523,7.609,93.05756436216372,0.0,0.0,15.431957636920844,12.044045426242537,1.2841630600617753,0.5468240672542876,14.335607876422472,9.522438886995559,1.0822361898091193,0.5094085607311563
1753920000,14.959,15.003,14.479,15.003,181312600,2025-07-31,SHB,2025-07-31,6.836146122623377,14.291155633427287,32.31325513713732,38.39129231620699,87.8192288432649,78.52213231794384,12.77845,11.97088,9.547294999999998,12.934999501782315,12.101945541261594,17.408605895081173,25.329132027052314,57.14398685701032,15.987634927490602,3.731396425265263,0.31332336395357463,6.5228227586697995,100.0,2720232937.8,96605120.0,74907590.0,1253872901.19,903741203.6766666,1.8768425524444252,2.1694646524526826,0.5515714285714284,3.6764075756277306,54.12210723108167,36.576835204087516,23.16585262011918,77.27746508234314,15.003,7.609,100.0,0.0,0.0,23.58941363665974,20.063996679098793,1.1851093542342608,0.46895638255100164,23.264510875727648,18.842036154560926,0.9171774507221532,0.40222906352513443
1754006400,15.264,15.395,14.872,15.177,120276600,2025-08-01,SHB,2025-08-01,1.1597680463907079,15.616667936314466,33.84778199135725,39.99631030347754,89.99749624436653,81.41286158259622,12.97035,12.0475,9.582295,13.148523358755428,12.222535912192512,17.013033572725476,25.976343639759293,58.38585641539944,15.427410256634143,3.4859694727721102,-0.5798840231953593,1.739652069586084,58.3173996175908,1825437958.2,101188155.0,75739416.66666667,1328921014.595,921451025.5300001,1.188643077838508,1.3736241192305305,0.5671428571428568,3.7368574628902738,53.86190211977622,36.57705496296524,23.16585262011918,78.77004262228535,15.395,7.609,97.200102748523,0.0,0.0,26.043719899170693,22.01240751802815,1.1617723357195504,0.461410637053241,25.428751516535765,20.63154787049548,0.9101429362456995,0.3994423522597784
1754265600,15.177,16.224,15.177,16.224,91138400,2025-08-04,SHB,2025-08-04,6.898596560585091,15.530869472334974,33.81722203893105,46.79695982627579,99.33652782897164,93.05092812946216,13.17535,12.14338,9.622530000000001,13.441425896016815,12.379456072498689,23.139043744568454,33.60365894833235,68.60430676755487,20.701480077405797,6.8985965605851005,6.8985965605851005,0.0,100.0,1478629401.6,93260990.0,75846710.0,1251495438.135,930492961.5300001,0.9772403230975781,1.1814900450643901,0.6169999999999998,3.8030078895463495,53.82949552672428,38.70855131908775,23.16585262011918,83.0888551677626,16.224,7.609,100.0,0.0,0.0,24.821173367690164,27.71041462109523,1.3068939024738566,0.5038527441946675,24.23520886167441,26.303388210287906,1.0500521084836898,0.446646800276007
1754352000,17.096,17.183,15.264,16.006,176220400,2025-08-05,SHB,2025-08-05,-1.3436883629191265,21.93189609202406,29.687246799546262,45.390135343809604,98.51172020339823,89.59962094290452,13.35855,12.23154,9.661675,13.685671048777118,12.52167348142031,19.818393463362426,30.85842011717248,65.66485624904584,16.9544404724693,11.828155818540436,-6.718441814595661,5.374753451676528,38.665971860343966,2820583722.4,98925210.0,77529638.33333333,1353686818.655,963696541.865,1.781349769184215,2.0836309281658543,0.7353571428571427,4.594259295621283,54.76214564382891,38.869262660342955,23.271053440726487,79.71086739780658,17.183,7.609,87.7062878629622,-1.3436883629191265,-1.3436883629191265,20.383557539517724,25.774075719400095,1.265037010307786,0.48868267478183613,19.148885359120428,23.1414768442652,0.9448969539325234,0.4111073413238994
1754438400,16.224,16.66,16.006,16.355,92287300,2025-08-06,SHB,2025-08-06,2.180432337873306,16.4637185786513,33.925646904683916,49.70251716247138,100.94606216979973,98.17036229249969,13.565699999999998,12.32668,9.702755000000002,13.939892853655488,12.67200001156069,20.56141592398477,32.679683418406256,68.5603728013332,17.32514856246685,4.085967762089216,0.81844308384356,1.3619892540297496,53.363914373088726,1509358791.5,97958810.0,78185893.33333333,1361002456.05,979218128.39,0.9421031145641724,1.1090051930402614,0.7633571428571428,4.667423679958073,54.067599723875645,38.87884433701398,23.280289339544083,80.69259962049335,17.183,7.609,91.35157718821809,0.0,0.0,23.977487164024925,29.547217978670147,1.3045104715781466,0.5089276874397227,22.259509417400427,26.421382292991378,0.9678309413756526,0.42721642431197526
1754524800,16.573,16.922,16.093,16.442,92391700,2025-08-07,SHB,2025-08-07,0.5319474166921356,9.59141505032326,31.357353998561965,42.80006948063229,101.07618931148346,100.14607425441268,13.761949999999999,12.42692,9.74408,14.178188772354966,12.819843148362233,19.474347748683883,32.30953446228027,68.73835190187272,15.966857713582417,5.068786303882608,-0.800978294099665,1.3329257107917991,42.09891435464414,1519104331.4,98697285.0,76927213.33333333,1388377818.75,972314125.1633334,0.9361118697439347,1.0941577363773336,0.7976428571428571,4.851252020087927,54.04912917334307,37.63180046366721,23.280289339544083,82.06831119544594,17.183,7.609,92.26028828076039,0.0,0.0,21.937996482167854,22.345454798938725,1.3073162647541503,0.5271108895708339,20.810882233361315,19.01395612984136,0.9728493320056026,0.44394124959045084
1754611200,16.573,16.878,16.137,16.268,94649800,2025-08-08,SHB,2025-08-08,-1.0582654178323825,7.18850892798315,31.341837558533836,43.913658881811756,95.3410182516811,108.61759425493717,13.95605,12.52452,9.784345,14.377218413083064,12.955064985681362,16.565933770658603,29.88920932698418,66.26560081436213,13.151233657244532,4.506751003527549,-1.8550054737866422,0.7967400559542703,17.67881241565456,1539762946.4,100004110.0,77713291.66666667,1422935679.3799999,989030648.0966666,0.9464591005309682,1.0821029851967054,0.8162857142857142,5.017738592855386,54.05624050207339,37.45148938018422,23.283861214411655,78.72824849569038,17.183,7.609,90.4428660956758,-1.0582654178323825,-1.0582654178323825,22.616807375238924,22.124648669654,1.291055688271909,0.5158225587360683,22.86823952589916,19.019838997959802,0.9618361742834025,0.4345210852196701
1754870400,16.398,16.922,16.224,16.66,113985100,2025-08-11,SHB,2025-08-11,2.409638554216853,2.687376725838253,34.98622589531679,48.484848484848484,100.94077915812325,109.55974842767296,14.171949999999999,12.62744,9.82676,14.59462618326563,13.100356554870329,17.556158467959616,31.934897334693346,69.53706002792374,14.151604781097804,4.290631915416771,1.610523727563317,0.7991148266535575,62.46418338108878,1898991766.0,103422635.0,78618531.66666667,1489736498.02,1009522089.9633332,1.1021291422327424,1.2747165478753717,0.8505,5.105042016806722,53.737378760355845,37.513143817296914,23.350501546013604,80.00305763644704,17.183,7.609,94.5372884896595,0.0,0.0,26.387322180731854,25.297907291134123,1.2941967155571494,0.5143865963373648,26.501241527517873,22.23733987821683,0.9616428697701859,0.43242836186165146
1754956800,16.835,16.835,16.398,16.486,66086100,2025-08-12,SHB,2025-08-12,-1.0444177671068422,2.9988754217168623,34.04341816407839,46.93404634581104,97.95869356388091,107.37106918238992,14.381300000000001,12.723519999999999,9.868685000000001,14.774757022954617,13.233126886051885,14.634977366441127,29.57106209602376,67.05366520463465,11.58220723621195,2.623049219687882,-2.0948379351740707,1.0504201680672232,20.137299771167218,1089495444.6000001,102836575.0,78205196.66666667,1496363671.1150002,1010684627.9733334,0.6426322541372075,0.7280953591904391,0.8567857142857144,5.197050311086463,54.12149004375907,37.655742072210245,23.421741948836505,77.78444011392597,17.183,7.609,92.7198663045749,-1.0444177671068422,-1.0444177671068422,23.940381844631567,24.649896248863932,1.3244566794749772,0.518870725955004,23.91630377367533,22.228891179277,1.0061989237402582,0.4421942197096787
1755043200,16.616,17.096,16.486,16.878,115023600,2025-08-13,SHB,2025-08-13,2.3777750818876564,3.197798838275756,35.78439259855188,48.75727128503438,103.5701362923652,114.3510287020574,14.6037,12.82912,9.912759999999999,14.97506587791132,13.37606308659887,15.573450563898184,31.56007582749245,70.26539530867288,12.707350589325728,3.700109183549675,1.589227223098389,0.7885478587892791,64.26229508196718,1941368320.8,105998370.0,78816545.0,1561246031.605,1028226162.0833334,1.0851449885502957,1.2434736623824911,0.8474285714285713,5.020906336228056,54.17244314470517,37.807640514765644,23.421741948836505,77.9300074460164,17.183,7.609,96.8142886985586,0.0,0.0,26.558179934112758,26.947815860069337,1.3193346155595136,0.5145169739789551,27.15652624407163,25.200879671912958,0.9912095994862097,0.4337910829869343
1755129600,17.053,18.012,17.009,17.794,119253100,2025-08-14,SHB,2025-08-14,5.427183315558715,8.222843936260805,42.66014591517677,57.41330502477,113.66474543707974,123.82389937106919,14.86975,12.95472,9.96179,15.243535794300717,13.549315514575385,19.665764387430862,37.35534229994937,78.62251663606641,16.731447612389605,5.9426472330844895,4.390330607891928,1.03685270766678,78.26520438683949,2121989661.4,108613320.0,79532303.33333333,1625589590.21,1049216304.6,1.0979601765234688,1.3053661724826087,0.9128571428571428,5.130140175661137,55.60134287532544,38.96155490207512,23.421741948836505,80.57921635434414,18.012,7.609,97.90445063923869,0.0,0.0,32.54746210768555,32.53584658234168,1.4024491074234138,0.5359222843498316,32.92869671960572,30.155153544875564,1.070541376990521,0.4632857700635514
1755216000,18.23,18.754,17.62,18.187,120150100,2025-08-15,SHB,2025-08-15,2.2086096437001324,11.796164248832074,46.835136444372694,60.29437687290675,115.43473110637291,128.7672955974843,15.1598,13.08818,10.013355,15.52386571865303,13.731185494395959,19.968601168880863,38.95744098873948,81.62743655847615,17.155097381105456,6.372934697088908,-0.2416544902776175,2.450264133977753,50.0,2185169868.7000003,110703655.0,80788706.66666667,1686330016.025,1077170570.7216666,1.0853309224523797,1.2958138964108938,0.9284285714285715,5.104902245717113,54.78640393507892,39.05945084977694,23.487667880964956,79.15025323579069,18.754,7.609,94.91251682368775,0.0,0.0,37.971062924389784,36.28908192288927,1.347744760646956,0.5183520692740393,38.35900332272979,33.76890504092152,1.0343722088741392,0.4492162034685418
1755475200,19.022,19.17,18.529,18.579,103905200,2025-08-18,SHB,2025-08-18,2.155385715071212,11.518607442977192,45.88928150765608,62.54593175853018,120.0781805259417,133.69811320754715,15.452000000000002,13.232099999999997,10.06669,15.814830888305123,13.921295867164746,20.236862542065737,40.40855193053261,84.55917486283975,17.47833493267985,3.5244955187771585,-2.4358057953483137,4.591191510419512,7.800312012480588,1930454710.8,110801175.0,80993640.0,1717933032.6650002,1091893263.3016667,0.9377626184920873,1.1237077779483164,0.8989285714285716,4.838412032017716,54.70490204472984,39.15486826039786,23.487667880964956,91.4034021871203,19.17,7.609,94.88798546838508,0.0,0.0,35.699725600447564,39.742350547132155,1.3773324268488734,0.5232421223945898,36.16543840605049,37.085384650337616,1.0364213699641418,0.44782519821782213
1755561600,18.234,18.825,18.135,18.234,134077200,2025-08-19,SHB,2025-08-19,-1.8569352494752112,10.602935824335802,43.18021201413429,57.21676151060529,114.82092365692745,130.46006066734077,15.726949999999999,13.36738,10.11811,16.045227946561777,14.090421519432796,15.941107462031766,36.40668552850297,80.21152171700052,13.641264933897324,3.713870498950415,0.0,-1.8569352494752112,14.347826086956598,2444763664.8,114334195.0,81481308.33333333,1799790568.5050004,1112378178.9516668,1.1726780426450722,1.3583600823237718,0.8827857142857144,4.84142653441765,55.9707035702491,39.51900922880707,23.88650278375672,84.8494927656744,19.17,7.609,91.90381454891445,-1.8569352494752112,-1.8569352494752112,33.59716022352257,33.75149404730824,1.3238750195129736,0.5007270609749421,33.851596934242025,30.384998576702184,0.9865876702619771,0.4251673609295833
1755648000,18.135,18.234,17.248,18.036,162557300,2025-08-20,SHB,2025-08-20,-1.0858835143139234,6.861002488446499,41.1378042100321,55.50957061562338,113.54487331281082,129.05765811531626,15.989799999999999,13.496080000000001,10.16854,16.234825284984463,14.245150087298178,12.796908028868415,33.638804749230886,77.37059597543012,11.094512465628071,5.407480530876388,-0.5429417571569606,-0.5429417571569561,79.91886409736306,2931883462.8,118455260.0,83313230.0,1895181844.4450002,1151067204.7316668,1.3723096804650128,1.5470196020469982,0.8846428571428573,4.904872794094351,56.71322073505743,39.67370636033916,23.840929851417865,78.88021329270617,19.17,7.609,90.19115993426175,-2.9226546100435957,-2.9226546100435957,31.08364864668862,31.476691126552158,1.3112056243308086,0.494104902726574,30.523833332662928,27.840755723744515,0.9648337327679317,0.41519983526420895
1755734400,18.135,18.579,18.036,18.234,85261700,2025-08-21,SHB,2025-08-21,1.0978043912175606,2.472743621445428,38.904547878418526,59.52755905511813,116.96811042360781,127.18664340892106,16.245150000000002,13.62874,10.21958,16.425222876890704,14.4015755740708,12.242730907378508,33.79079797545481,78.42220521782697,11.01219226470369,3.0106453759148324,0.5489021956087835,0.5489021956087914,36.46408839779018,1554661837.8000002,118047010.0,83453915.0,1911594321.7900002,1162343911.0616667,0.7222690350225728,0.8132802133165098,0.8860714285714286,4.859446246415644,56.65483631637625,39.40819954429847,23.840929851417865,78.97630331753558,19.17,7.609,91.90381454891445,-1.8569352494752112,-1.8569352494752112,27.926388485379647,33.7320215176701,1.278059535036561,0.48923682407127117,26.0417895607864,28.55876255896355,0.903022705263674,0.40308546518006777
1755820800,18.036,18.234,17.002,17.002,166243400,2025-08-22,SHB,2025-08-22,-6.756608533508846,-6.515643041733121,29.51931134303343,49.2975061468212,103.93426892167446,111.83653127336157,16.438899999999997,13.74374,10.26465,16.48015403147254,14.503553002538611,3.42541167596373,23.707229618720937,65.6364318315773,3.1665114751407986,6.756608533508844,-5.670725019194924,-1.0858835143139234,0.0,2826470286.7999997,123398590.0,84771308.33333333,2014054171.2,1192901227.1349998,1.3472066415021435,1.4033735175633093,0.8992857142857146,5.289293696539905,63.97345289653582,42.29399803546047,32.060761504063485,57.12454212454211,19.17,7.609,81.2472969466309,-8.488077937456273,-8.488077937456273,22.051624079378485,25.819343157176885,1.4646252189324935,0.5567378146411267,20.851762086744976,21.879828016904376,1.0817060079970762,0.48741289180043096
1756080000,17.199,17.248,16.016,16.065,113188300,2025-08-25,SHB,2025-08-25,-5.511116339254196,-13.531406426610681,14.398632770775489,39.52579468473165,91.72932330827071,99.24345777006076,16.54,13.8365,10.305415,16.44061555228468,14.564786218125333,-2.871825876662626,16.105951649622384,55.88891859279808,-2.28468058930118,7.246206328667233,-6.669803552523234,1.1586872132690385,3.9772727272729647,1818370039.5000002,122170730.0,85721281.66666667,2008254670.35,1212424552.65,0.9264764154229086,0.9054479326484491,0.8502142857142861,5.292339157885379,64.82961661089804,44.15876869769646,35.59237701330789,50.47742353131576,19.17,7.609,73.1424617247643,-13.531406426610681,-13.531406426610681,10.763775121586463,18.742287987133796,1.5634553360418697,0.5925159476788041,9.238898630662385,14.22221924061202,1.1778808605171935,0.5207959019309434
1756166400,15.967,17.149,15.967,17.149,86340400,2025-08-26,SHB,2025-08-26,6.747587924058518,-5.950422288033352,30.639140702369172,46.798493408662914,104.25202477370176,111.68991482533022,16.7411,13.949200000000001,10.351220000000001,16.508080737781377,14.666127935061594,2.436518508341745,22.938949903937143,65.67129285243671,3.882457763559266,7.357609710550888,7.357609710550888,-0.6100217864923763,100.0,1480651519.6000001,118844080.0,85573145.0,1981948790.2400002,1218561069.5566669,0.7265014799222645,0.7470685049439161,0.8879285714285718,5.177727980806879,62.130576619478994,45.89692779810875,29.868534723783725,55.74197280879376,19.17,7.609,82.51881325144883,-7.696862048549436,-7.696862048549436,18.973221765171754,23.018200218831765,1.621232661260444,0.628918876209092,16.59106787147526,18.20202780328828,1.2511362771432255,0.5624685003486565
1756252800,17.544,17.839,17.297,17.396,103800500,2025-08-27,SHB,2025-08-27,1.4403172196629566,-3.548458638278995,23.876664530371006,49.991377823762704,106.99666825321276,115.75096118070198,16.90875,14.067720000000001,10.397885,16.59264447704029,14.773181741529767,2.881644119169069,23.658986673035855,67.30325445992142,4.841636449640885,3.1605341419324624,-0.8630240830369099,2.3033413026998684,18.26568265682667,1805713498.0,116907440.0,86406973.33333333,1972154708.545,1238262398.8833334,0.8878861773040279,0.9156043844715429,0.8780000000000002,5.047137272936308,58.56458065775557,45.8285773904216,29.868534723783725,56.74300254452927,19.17,7.609,84.65530663437418,-6.367404058345438,-6.367404058345438,12.922385297402705,25.68950673425061,1.6164261603877181,0.627035961589322,10.522931960680438,21.19769296784608,1.2410950742625875,0.5583286505340985
1756339200,17.445,18.283,17.199,18.135,152824000,2025-08-28,SHB,2025-08-28,4.248103012186721,-0.5429417571569561,20.875824835033008,57.503908285565416,115.79009995240366,124.91628426144116,17.065350000000002,14.20364,10.44843,16.73953547922693,14.905017751665854,6.26796403238139,27.678538740773504,73.56674639156316,8.336339574684049,6.231317544263047,3.9664290641526856,0.28167394803402246,86.34686346863472,2771463240.0000005,115483010.0,88395325.0,1974716223.6550002,1278020408.3733335,1.3233461788015397,1.4034741836831128,0.9025000000000002,4.976564653984009,55.88565071635312,46.29058578035707,29.868534723783725,62.220185888205265,19.17,7.609,91.0474872415881,-2.3897949297594034,-2.3897949297594034,9.006432081525562,32.26193494547644,1.6174053293092865,0.6194430900298202,5.6476529957283805,27.566321890893626,1.244538127067628,0.5533152144542088
1756425600,18.381,18.529,17.79,18.529,124638900,2025-08-29,SHB,2025-08-29,2.172594430658936,8.981296318080222,22.086051261777694,60.92582942504778,120.4783436458829,130.86219785696488,17.23295,14.34568,10.501135,16.909960671681507,15.04713470258092,7.520766902938858,29.160834481181787,76.44759352203359,9.57447128206419,4.074993107251176,0.8161014612627498,1.3564929693961947,100.0,2309434178.1,115701125.0,89761613.33333333,1998916034.65,1308324216.9683332,1.0772488167249887,1.155343265083353,0.9054285714285717,4.886548499263704,56.03677153402094,46.344041270542725,29.868534723783725,62.23007459756577,19.17,7.609,94.45549692933136,-0.2691210506485908,-0.2691210506485908,9.579446838318772,34.43341275900775,1.6325577429476752,0.6177323395731051,6.5189585605367455,29.46568579974209,1.25369803717418,0.5514328211592998
1756857600,18.677,18.825,18.234,18.776,95659800,2025-09-03,SHB,2025-09-03,1.33304549624913,16.875194522253345,15.729783037475343,64.9477290696653,123.63030014292518,133.93969598803886,17.36055,14.49442,10.555265000000002,17.087678702949933,15.193364714244414,8.153255513218195,29.539505547652123,77.88279119472601,9.880343178260965,3.1895946894057827,0.534297587565439,0.7987479086836835,91.70896785109989,1796108404.8,115927195.0,90507858.33333333,2014789984.81,1328605605.493333,0.8251713500011796,0.8914618487987858,0.9164285714285715,4.880850934323453,51.65970179079604,46.170533224944236,29.868534723783725,64.84314233860513,19.17,7.609,96.59199031225671,0.0,0.0,5.710740902662259,36.66003745456651,1.6525619766941824,0.6132995140808671,3.246870902369304,31.792690976063867,1.2541760543133655,0.5433598429575405
1756944000,18.825,18.924,18.529,18.579,89129600,2025-09-04,SHB,2025-09-04,-1.0492117596932249,8.33867864015394,16.075221791828078,61.979075850043586,121.52140217002506,131.4851731871418,17.4892,14.63922,10.6086,17.229709302668986,15.326134725450515,6.2312741577659425,26.91249943644538,75.13149708726885,7.831186665012391,2.103749467405196,-1.3101832126118378,0.26097145291861246,12.658227848101458,1655938838.4,111572655.0,91102796.66666667,1956557740.61,1345989920.2833333,0.7988480690004195,0.8463531660883796,0.9010714285714286,4.849945791331227,51.50922024934266,46.3390171002513,29.833081413544814,61.31134459369598,19.17,7.609,94.88798546838508,-1.0492117596932249,-1.0492117596932249,6.4355617717912565,33.10418316411483,1.6344437735054322,0.6053235079703163,4.648543372727623,27.89855307844296,1.2297337177308956,0.5326091516080936
1757030400,18.776,18.825,17.642,17.741,131953500,2025-09-05,SHB,2025-09-05,-4.510468808870238,1.9832145320763273,8.474472638336895,52.92647185587447,111.10185625892433,122.09564346519777,17.558500000000002,14.766380000000002,10.657745,17.27840365479575,15.420835324452456,1.0393826351909219,20.144544566779388,66.46110410785771,2.6773095156614968,6.367404058345443,-5.570805748425642,1.0603369395554063,8.368554522400693,2340987043.5,113555965.0,92478786.66666667,1998139153.2099998,1375456021.7733335,1.1620129334465168,1.171583590531829,0.9045714285714286,5.098762350326524,54.515947108599626,47.61644797085561,32.19474435337589,49.64386507189893,19.17,7.609,87.6394775538448,-5.51235619940349,-5.51235619940349,2.548349019626973,26.179969422784442,1.695040364749912,0.6299141600817298,1.3852083736369822,21.589603905833552,1.289548811337498,0.5607270500323731
1757289600,17.544,17.692,16.952,17.002,124526200,2025-09-08,SHB,2025-09-08,-4.165492362324564,-6.247587537910137,3.4059116895754693,46.556331350745594,89.0791814946619,112.84426639959939,17.5865,14.87788,10.703574999999999,17.252079497196153,15.482841782317067,-3.323572058112767,14.277034093567087,58.84412450980163,-1.449561470179861,4.171129023166667,-3.0550701764274937,-1.1104221858970753,6.756756756756387,2117194452.3999999,115162690.0,92628161.66666667,2028043659.2600002,1388398354.585,1.081306801708088,1.0439590108097225,0.8799285714285713,5.17544154469222,56.93447581609021,48.65226894304866,33.597038480410866,42.39116476178244,19.17,7.609,81.2472969466309,-9.448231785257777,-9.448231785257777,0.7052080652463655,23.76401999540656,1.695510575876343,0.6514028986671048,-0.7656305186846124,18.580747847459843,1.3286651334781507,0.5829785849663118
1757376000,17.051,17.445,16.952,17.347,70080800,2025-09-09,SHB,2025-09-09,2.029173038466081,-6.379189378811589,6.632653061224492,54.16814788482047,83.46906398730832,120.30734061468125,17.64045,14.998899999999999,10.751695,17.261119545082234,15.55594602614777,-1.6635063164488484,15.655148044189925,61.34200235404745,0.49753699169665655,2.89965886366309,1.7409716503940889,0.2882013880719958,80.12170385395552,1215691637.6000001,113934240.0,92680473.33333333,2011840093.8200002,1396106006.725,0.6150986744634449,0.6042685208105651,0.8449285714285711,4.870747515008769,57.06327833364939,48.111277408692985,33.92809300612507,42.04134366925065,19.17,7.609,84.23146786610155,-7.6107797187899395,-7.6107797187899395,3.3284478812503737,29.70349973090065,1.6738265346780454,0.647598185502697,1.0753624789495264,23.910511573087675,1.307229395392393,0.5768681248764306
1757462400,17.445,17.544,17.1,17.544,52450900,2025-09-10,SHB,2025-09-10,1.1356430506715753,-6.561567959096715,5.306122448979589,53.531110527697564,79.95691865832393,122.80924561849127,17.68465,15.12474,10.800799999999999,17.28806054078869,15.633908927083153,-0.7953224971938955,15.995382399961922,62.4324124138953,1.4804405537999,2.5595203781633655,0.570703868103996,0.564939182567592,100.0,920198589.6,110857530.0,92945648.33333333,1962900435.0,1404483530.7050002,0.47313790953126955,0.4687953465148629,0.8273571428571426,4.715897987101815,56.64089748859461,48.089661780452204,33.92809300612507,45.45574288724973,19.17,7.609,85.93547270997318,-6.561567959096715,-6.561567959096715,2.4004200079390303,30.72655783770943,1.6992699533728128,0.6502117641570866,0.3270765795266861,24.786082893663682,1.309275944968475,0.5758505136469834
1757548800,17.347,17.544,16.903,17.544,88707100,2025-09-11,SHB,2025-09-11,0.0,-5.570805748425645,6.417566419992715,52.37102657634185,79.1849657849045,123.8897396630934,17.73755,15.251460000000002,10.850285,17.31243572738024,15.708814459354402,-1.0911879036281658,15.031610088476777,61.69160533571238,1.3375603310026074,3.6536707706338447,1.1228910168718604,-1.122891016871863,100.0,1556277362.4,111988580.0,93780758.33333333,1986239530.89,1423014050.7950003,0.7921084453432663,0.7835295482728907,0.8027142857142856,4.575434825092827,56.428223807031586,48.11500306285646,34.23321421468752,46.67297809034351,19.17,7.609,85.93547270997318,-6.561567959096715,-6.561567959096715,3.337763905411384,29.36425202136259,1.691015625131798,0.6473181842222832,0.730057518126892,22.771127177855075,1.2908289121211751,0.5698817237007423
1757635200,17.593,17.593,17.199,17.297,51664500,2025-09-12,SHB,2025-09-12,-1.407888736890106,-2.5026774139000008,2.482521625785039,50.80209241499565,75.15949367088608,120.73762123532417,17.7585,15.371479999999998,10.898155,17.310965658105932,15.771096245262072,-2.598755525522989,12.526575189897148,58.71493844600304,-0.08067521120286303,2.245782033743721,-1.6871865025079764,0.2792977656178808,24.87309644670035,893640856.5,108820625.0,93814205.0,1933853157.675,1428415168.0866668,0.47476753602545474,0.46210378122731477,0.7920714285714283,4.579241652144466,56.243100158305026,48.26370887222009,33.91644828798427,43.70549509606341,19.17,7.609,83.79897932704783,-7.877077119727305,-7.877077119727305,-0.9711889723782896,27.010671077484606,1.6819889563992398,0.6413493627751986,-3.8891133651769882,20.62323561906545,1.2861756687275137,0.5658135862930266
1757894400,17.297,17.692,17.051,17.544,93174400,2025-09-15,SHB,2025-09-15,1.427993293634744,3.1878602517350973,-1.4049679667303638,54.72263868065967,77.66075949367088,124.9807642985381,17.746000000000002,15.495580000000002,10.947070000000002,17.333159404952987,15.840621882702775,-1.138284683872437,13.219382559413706,60.26206098983562,1.2164002541092733,3.7058449442099892,1.4279932936347337,0.0,76.91107644305784,1634651673.6000001,107516690.0,94511341.66666667,1909486258.2849998,1445955786.6166666,0.8666040593325557,0.8560688334401308,0.7498571428571426,4.274151521073543,52.99470379528086,48.12463809506687,33.91644828798427,54.196345617838354,19.17,7.609,85.93547270997318,-6.561567959096715,-6.561567959096715,-4.099565971228481,30.103544571017935,1.6782365526891445,0.6436870925096776,-6.030395834138858,24.329391963505493,1.2866877092925961,0.5677389029911379
1757980800,17.544,17.987,17.494,17.938,87193100,2025-09-16,SHB,2025-09-16,2.245782033743726,3.406929152014748,-1.369109803705959,56.97908462413581,72.13319259188178,130.03334188253396,17.73355,15.62756,10.997955,17.39076327114794,15.922872004949726,1.1528994476571075,14.784393724932098,63.10304961240523,3.146709091026212,2.8100775193798366,2.245782033743721,0.0,90.06085192697776,1564069827.8,105868840.0,94972848.33333333,1878431256.2400002,1460691327.865,0.8235954979765528,0.8326468283597196,0.697071428571428,3.8860041731041814,53.01557278634873,48.21895284638503,33.91644828798427,65.83262890955197,19.17,7.609,89.34348239771643,-4.463144439710276,-4.463144439710276,-4.491809190209029,32.40799484016574,1.6660287797448017,0.6379368799069907,-6.536080222884422,26.307187523403506,1.282614566664221,0.5641126533019538
1758067200,17.741,17.889,17.593,17.79,64713500,2025-09-17,SHB,2025-09-17,-0.8250641097112266,1.4021887824897217,-4.246730179234626,56.89214216421199,70.71298339890606,127.0290964777948,17.6941,15.740879999999999,11.047914999999998,17.428785816752896,15.996092710637972,0.5419885724620155,13.017823654077798,61.02585872537942,2.0725149017546407,1.6501282194224518,0.2731631174043901,-1.0982272271156113,66.5540540540539,1151253165.0,103909255.0,95346670.0,1839471178.95,1471887871.5516667,0.6227886053075831,0.6258609420872546,0.6372857142857136,3.582269332690914,52.4494622891772,48.226724433225044,33.61658790165421,56.43703554930707,19.17,7.609,88.06331632211744,-5.251384746484877,-5.251384746484877,-6.361166400871543,33.86205778658899,1.6738587988774312,0.6441358926308632,-8.863914749060587,27.856431823955695,1.2968131634606608,0.5713735514021206
1758153600,17.741,17.938,17.396,17.593,59508100,2025-09-18,SHB,2025-09-18,-1.1073636874648685,0.2792977656178808,-3.515410771086991,55.15477555339976,70.88878096163187,125.6091305462939,17.66205,15.845899999999999,11.0967,17.44442526277643,16.058716525907073,-0.390951220271718,11.025564972642776,58.54262979083871,0.8517032518153833,3.046655424395717,-0.8319280494659903,-0.2754356379988776,36.346863468634666,1046926003.3,100180800.0,95703381.66666667,1769579295.875,1482135352.7633333,0.5940070352802134,0.5916242384506023,0.626714285714285,3.5622934446330072,52.19554388594649,48.35825330461139,33.574432097863856,51.998376952728734,19.17,7.609,86.35931147824581,-6.300596506178103,-6.300596506178103,-4.179175733002127,33.32154830960599,1.6846831251246075,0.6481188776033902,-6.347840098440249,27.882421164556437,1.3116505118119364,0.5771921012124177
1758240000,17.593,17.692,17.347,17.494,82717900,2025-09-19,SHB,2025-09-19,-0.5627238106064913,1.1389258252876067,-3.005100909292535,53.685320214354746,63.9089290733627,125.4090967658807,17.63495,15.95154,11.14518,17.449146666321532,16.11500215234209,-0.7992650957331926,9.669661988748413,56.96471479150629,0.2570517317333376,1.9610072187801901,-0.5627238106064923,0.0,42.60869565217361,1447066942.6,96188830.0,96005893.33333333,1695338469.8650002,1494003661.1799998,0.8599532814776935,0.8535563654821269,0.5739285714285707,3.2807166538731605,52.10102876067474,48.430373257090345,33.67422254756828,42.527395663324754,19.17,7.609,85.50298417091946,-6.827865360034091,-6.827865360034091,-2.660223599095224,32.33028088748444,1.6864020257272259,0.6494777352770319,-4.704345081984296,26.786128206929938,1.3146729332903642,0.5782700267169283
1758499200,17.494,17.494,16.903,17.149,78597200,2025-09-22,SHB,2025-09-22,-1.9721047216188392,-2.2514819881440884,-5.950422288033352,50.074385227968854,60.67647334395203,117.79273558547119,17.5807,16.04418,11.19212,17.420561269529006,16.15555108754436,-2.4555336249409865,6.886110726755756,53.22387536945639,-1.5588548803189495,3.378301131816629,-1.9721047216188343,0.0,41.6243654822338,1347863382.8,95855605.0,96601028.33333333,1684998547.115,1508299821.7983332,0.8199541383104305,0.7999196112707444,0.5633571428571421,3.285072848895808,52.30343954934049,48.74911053705204,33.394952613801244,33.72641509433963,19.17,7.609,82.51881325144883,-8.665317426501906,-8.665317426501906,-2.7780289231044475,30.393203097585975,1.6820290275313328,0.6552836457789646,-3.000414020969855,25.748251185866323,1.3021408296263979,0.5853148108993863
1758585600,17.051,17.297,16.706,16.755,142502100,2025-09-23,SHB,2025-09-23,-2.297510058895569,-6.594938120191774,-1.4527702623220784,48.32684135977337,60.1357163337475,113.8208269525268,17.568350000000002,16.13156,11.236905000000002,17.357174481954814,16.179058888032817,-4.629632264839911,3.864722320717884,49.106893757667216,-3.469311681926446,3.44626508834335,-1.7260481660738198,-0.5714618928217563,8.291032148900067,2387622685.5,94668540.0,97495076.66666667,1663056167.05,1531364307.8366666,1.505274085773373,1.4356837326398104,0.5633571428571423,3.3623225476403604,47.08585547739053,48.99430243863496,27.043985066603476,26.966036015500336,19.17,7.609,79.11080356370555,-10.763740945888367,-10.763740945888367,-0.8322788525728875,29.090126665729148,1.692703399287985,0.6563384945465377,-1.862357808214632,24.913172319397738,1.318933904111911,0.5894887242311557
1758672000,16.854,17.248,16.115,17.1,191797400,2025-09-24,SHB,2025-09-24,2.0590868397493356,-3.8785834738617075,6.442577030812324,51.97298258087451,63.43304979451403,118.22358346094947,17.6201,16.22672,11.283415,17.332681674149594,16.21517422575702,-2.951742612130459,5.381740733802043,51.54986322846409,-1.342444744119542,6.762160549089841,1.4682184422560562,0.5908683974932938,86.9373345101501,3279735540.0000005,98598995.0,100148435.0,1736124442.075,1579913749.0566666,1.9452267236598102,1.8891131652291528,0.6160714285714283,3.602756892230574,42.881064777506744,49.017494920238,21.897686497190197,33.693495038588765,19.17,7.609,82.0949744831762,-8.926288879420529,-8.926288879420529,3.7517968098746746,31.524168203698924,1.6876809674448734,0.6583182968721083,2.4966844380535536,26.5310377529149,1.3111935792730898,0.5905523789464082
1758758400,17.1,17.199,16.657,17.1,61984100,2025-09-25,SHB,2025-09-25,0.0,-2.8022508952424197,-0.28573094641086705,52.569593147751625,62.131411775860435,116.12740141557131,17.61765,16.32274,11.329925000000001,17.310521514706775,16.249873275727335,-2.9382465879387976,4.761823076272753,50.92774224012957,-1.2161477314702296,3.169590643274863,0.0,0.0,81.73431734317344,1059928110.0000001,97381180.0,100392146.66666667,1715088271.595,1588732108.0366666,0.6365100525584102,0.6180020746187523,0.5702857142857142,3.335004177109439,35.592749611573026,48.9852745841686,21.897686497190197,41.33080876386262,19.17,7.609,82.0949744831762,-8.926288879420529,-8.926288879420529,-0.19338432275932682,31.649166973449816,1.6833117470835688,0.6570568218178117,-0.8059981106303349,26.657090438018272,1.3096341432426057,0.5896590089988885
1758844800,17.051,17.1,16.657,16.952,66856500,2025-09-26,SHB,2025-09-26,-0.8654970760233915,-3.098205098891038,-2.552310876063457,50.07082152974507,72.39906437506359,116.33486472690149,17.59545,16.41318,11.37607,17.276376608544226,16.27740765707136,-3.656911303774546,3.282849514841124,49.01455423533787,-1.877573150285461,2.590643274853809,-0.578947368421033,-0.2865497076023571,66.59142212189634,1133351388.0,95533980.0,100865780.0,1681470166.095,1600384609.57,0.6998190591452381,0.6740240837172057,0.5455714285714287,3.218330749005596,35.30342217184229,49.097329010699475,21.642592933714415,49.19510624597558,19.17,7.609,80.8148084075772,-9.714529186195131,-9.714529186195131,-1.8301597264801295,30.129178155172085,1.687721343718236,0.6587363787050133,-2.774106337370974,25.12477496792791,1.3138356953475627,0.5915027898325566
1759104000,16.804,17.248,16.558,16.558,78599700,2025-09-29,SHB,2025-09-29,-2.3242095327985046,-3.4462650883433477,-8.695891921698385,46.02698650674662,63.503505480398914,109.27704752275025,17.516600000000004,16.494880000000002,11.419109999999998,17.20795978868287,16.28841127836268,-5.472523206558377,0.38266419640518023,45.00254398109838,-3.7770880259165196,4.0703161868806115,-1.4511562057574248,-0.8730533270410734,0.0,1301453832.6,91822765.0,101303631.66666667,1607969695.725,1612186273.5233335,0.8559936089922798,0.8093770896678507,0.5596428571428574,3.3798940520766845,32.11809256831879,49.48984374268976,21.877520437395425,37.49603803486527,19.17,7.609,77.40679871983392,-11.812952705581592,-11.812952705581592,-7.840377482661232,25.43883634321076,1.689665128154915,0.6532969252395171,-8.751232562145418,20.302573868345334,1.3115758896490315,0.5852260241358458
1759190400,16.607,16.755,16.164,16.657,102650400,2025-09-30,SHB,2025-09-30,0.5978982968957602,-0.5849000298418283,-10.10308165578283,46.90007937207865,76.17133791644632,108.52528793189782,17.423000000000002,16.5803,11.463215,17.15548742785593,16.302865738034733,-4.396487401710392,0.46259717857939364,45.30827520900551,-2.9057025045322815,3.569271651165585,0.30196883681604486,0.29592946007972465,83.41793570219977,1709847712.8,90723340.0,102537540.0,1577990372.46,1635275807.2350001,1.1314662797908455,1.0835602945627871,0.5701428571428574,3.422842391444182,30.88571058644831,49.46989724382762,21.877520437395425,35.492312724893694,19.17,7.609,78.26312602716027,-11.285683851725603,-11.285683851725603,-8.883852189782747,27.09215274064467,1.683613781033709,0.6525818918430477,-9.982462800643399,21.75448938840083,1.3114244274742495,0.5856512008225653
1759276800,16.657,16.854,16.509,16.706,47501700,2025-10-01,SHB,2025-10-01,0.2941706189589999,-2.304093567251475,-11.02471239880699,37.79280765423951,81.52776268608064,105.25863128148423,17.3195,16.65972,11.507565,17.11267910139346,16.31867492477847,-3.5422500649556987,0.27779578528330795,45.17406592967321,-2.376478276626748,2.0712012967521094,0.29417061895899316,0.0,57.10144927536227,793563400.1999999,88315435.0,99167873.33333333,1527863122.23,1598049515.0583334,0.5378640777798355,0.519394302181828,0.549,3.2862444630671614,30.27630862756112,47.73779970540912,21.877520437395425,36.5099806825499,19.17,7.609,78.6869647954329,-11.02471239880699,-11.02471239880699,-10.058198391788608,19.035407828269154,1.6381420580001682,0.6556650500266612,-11.618391650685112,13.799992838442705,1.2687563558110142,0.5847856172775149
1759363200,16.755,16.903,16.46,16.755,63664700,2025-10-02,SHB,2025-10-02,0.29330779360707826,-2.01754385964914,-9.81753592766027,35.755955274671834,70.39560663073323,101.1887608069164,17.2283,16.74012,11.55216,17.078614425070274,16.33578571204206,-2.7472240441599127,0.08888825169710568,45.037811110649415,-1.8948517544563281,2.651741889141613,0.0,0.29330779360707826,66.59142212189607,1066702048.4999999,87042190.0,99180018.33333333,1498401282.7350001,1602881947.3333333,0.7314234625760221,0.7118934432256834,0.5525,3.2975231274246495,30.36637693758706,47.67335845943308,22.195501832336344,40.68088033012378,19.17,7.609,79.11080356370555,-10.763740945888367,-10.763740945888367,-7.248399754010725,18.994619737108074,1.620577235173866,0.6517338488709635,-8.554522214484894,14.142374938956092,1.2617868692750989,0.5819471424959367
1759449600,16.657,16.804,16.46,16.46,64643400,2025-10-03,SHB,2025-10-03,-1.7606684571769504,-2.9023124115148735,-7.22056253875204,34.78545692761219,61.19870727646657,97.64649375600388,17.164250000000003,16.81374,11.59433,17.019698765539772,16.34065686058943,-4.103004791936737,-2.1038745692510963,41.965943698342215,-3.2885350866080465,2.0531184720978675,-1.175768427335119,-0.5849000298418283,0.0,1064030364.0,83676685.0,98397153.33333333,1434553448.7599998,1597898352.6733334,0.7725377744111158,0.741715385313616,0.5312857142857139,3.227738239888906,26.9201683532362,47.79715320488944,18.220671330942825,31.664411366711775,19.17,7.609,76.55912118328864,-12.334895611418828,-12.334895611418828,-5.951793454725329,19.799290312180283,1.66056717152705,0.6649100453392605,-7.980798358159446,14.29390327854236,1.2796757236597032,0.588080077362703
1759708800,16.509,17.248,16.46,17.149,114772800,2025-10-06,SHB,2025-10-06,4.185905224787367,3.5692716511656064,0.8646041642159874,37.005672285691475,67.94633238664186,104.98446091322018,17.1716,16.894180000000002,11.640325,17.0320131688217,16.37235659154671,-0.13161266276876527,1.5083300876396422,47.32406526450077,0.6868643772097061,4.787363304981775,3.88821385176185,0.2976913730255104,87.43654822335023,1968238747.2,83189015.0,99016330.0,1427105663.5,1614509047.1699998,1.379662927851712,1.3791822130204867,0.5523571428571427,3.220929167048473,27.577454950418677,48.21544422665011,13.633331147733793,37.86527222393113,19.17,7.609,82.51881325144883,-8.665317426501906,-8.665317426501906,-3.504043998637263,19.721977866610654,1.6264463060930008,0.6716954462618272,-5.318926341201169,14.726879927120343,1.2764627129701775,0.5976757412644202
1759795200,17.199,17.199,16.804,17.002,85643500,2025-10-07,SHB,2025-10-07,-0.8571928392326233,2.071201296752112,-1.988816510059388,37.26788309381559,70.00299970002999,106.00993578092815,17.15435,16.97168,11.685965000000001,17.02915477179106,16.397048489917427,-0.8881129276247846,0.17865055197834323,45.4907660599702,-0.1594604791310239,2.303341302699884,-1.148755029447797,0.2915621902151777,50.12658227848071,1456110787.0,83967150.0,99301833.33333333,1439126620.97,1624634131.3899999,1.0199643551079203,1.0118017176407677,0.5559285714285715,3.269783386828441,26.730356145067162,48.189858792359665,13.424092426051496,37.876923076923084,19.17,7.609,81.2472969466309,-9.448231785257777,-9.448231785257777,-4.919214966072872,21.659003717237837,1.642495328231742,0.6801918910027501,-6.61742644776383,17.466250732663525,1.3128086212418706,0.6127406166586715
1759881600,17.199,17.297,16.854,17.051,92523300,2025-10-08,SHB,2025-10-08,0.2882013880719958,2.0651263019274335,-2.810077519379861,38.15426997245177,69.07288051561721,105.65673621999755,17.1297,17.03184,11.73185,17.03123526971572,16.422693647175567,-0.45943595042529095,0.11249518548788195,45.33939659985424,0.11604989286611023,2.6055758146100545,-0.8704858251970548,1.1586872132690385,44.469525959367616,1577614788.3,85970770.0,100083645.0,1471997430.905,1641544787.975,1.0762181145987177,1.0717510473710985,0.5488571428571432,3.218914684517877,26.383248887239354,48.15487358880709,13.424092426051496,41.26370083816891,19.17,7.609,81.67113571490353,-9.187260332339164,-9.187260332339164,-6.130915366099188,22.688620702175257,1.6496259207212265,0.6831304263985062,-7.9680373034805125,18.393548524573646,1.3154807539646969,0.614362053605021
1759968000,17.1,18.184,17.051,17.642,189712900,2025-10-09,SHB,2025-10-09,3.466072371121931,5.293942106833782,0.5585955312357394,43.44255630539069,74.20756393798753,114.75349969567863,17.1346,17.12214,11.78088,17.089403339266603,16.470509582580448,2.9612596734093666,3.0361858973235734,49.75112215725821,3.2335632190486407,6.6447715676500065,3.1786991965280516,0.28737317459388567,52.16240070609,3346914981.7999997,91021060.0,101948738.33333333,1561529311.875,1681377504.6266668,2.084274782121852,2.1433571283917847,0.6051428571428578,3.430126159975387,29.31458096812135,48.47252521650307,13.424092426051496,52.058987200890364,19.17,7.609,86.78315024651845,-6.039625053259479,-6.039625053259479,-2.9835549739670952,25.92843587955289,1.6684703958707192,0.6858121372005951,-4.067080989453409,21.668099647256867,1.3299531053214488,0.6150784390418746
1760054400,17.692,17.889,17.494,17.741,77920000,2025-10-10,SHB,2025-10-10,0.5611608661149514,7.7825030376670545,2.5669191189223506,42.72727272727273,64.2837299749977,115.95861229458309,17.156799999999997,17.1961,11.830404999999999,17.151460164098356,16.520332736204743,3.405063881376491,3.1687417495827486,49.9610537424543,3.437257412845085,2.2389751728828906,0.27774628726901424,0.2834145788459308,62.53164556962029,1382378720.0,92333835.0,102384276.66666667,1585966205.05,1693688464.7766669,0.8438943319098573,0.871631889505753,0.5911428571428576,3.332071794954386,28.850771635523287,48.46503338734316,13.368154029718376,58.84109916367977,19.17,7.609,87.6394775538448,-5.51235619940349,-5.51235619940349,-2.248766496998389,24.28704690092587,1.6322289116836075,0.6774762913573428,-3.6042460154956046,20.047300972710726,1.3032940248485738,0.6079258058338477
1760313600,17.445,17.938,17.396,17.839,118930300,2025-10-13,SHB,2025-10-13,0.552392762527476,4.023558224969381,1.6814865481076025,43.02092519842859,60.79862989003064,119.1792603513945,17.17155,17.25282,11.880985,17.21694014846994,16.572045177922206,3.886952546508615,3.3975894955143415,50.147483563021055,3.613068560183952,3.0550701764274732,2.22084437179414,-1.6684516092666635,81.73431734317333,2121597621.6999998,93621630.0,103250546.66666667,1610313502.455,1715129783.65,1.270329303174918,1.3175059505279703,0.5876428571428575,3.2941468532028564,28.498534899985383,48.461525205411945,13.368154029718376,67.75884665792921,19.17,7.609,88.48715509039008,-4.990413293566265,-4.990413293566265,-3.079626871086405,24.55729072617674,1.6332392862988914,0.6780453978984502,-5.540040027088877,19.92310908538033,1.296561428261568,0.6066993953775585
1760400000,17.839,17.987,17.445,17.741,124387300,2025-10-14,SHB,2025-10-14,-0.5493581478782428,4.346547465004114,-1.0982272271156113,43.23429678669466,59.9152695150532,116.96221107985814,17.161700000000003,17.3041,11.931265000000002,17.26685061052042,16.617886543493885,3.375539719258569,2.524835154674343,48.69336989833013,2.7460096816421586,3.038286899489871,-0.5493581478782386,0.0,54.612546125461336,2206755089.3,95481340.0,104017945.0,1642447765.53,1735736345.9316669,1.3027393624764796,1.3435770291226914,0.5454285714285714,3.0743958707433143,27.41175367669126,48.44496122401397,13.16623207592604,61.42602495543669,19.17,7.609,87.6394775538448,-5.51235619940349,-5.51235619940349,-5.867101044713308,25.617017453503795,1.6387364695922129,0.6813628709858472,-8.472693338164516,20.74036463712443,1.301328646505685,0.6092285596916195
1760486400,17.692,18.184,17.642,17.938,135329400,2025-10-15,SHB,2025-10-15,1.1104221858970753,5.202040936015484,0.8319280494659909,40.85590891244601,64.19221967963384,120.39562599827991,17.1691,17.33838,11.982149999999999,17.330769599994667,16.66965569865099,4.478394324687951,3.4583392450736383,49.706021039629775,3.503770542339435,3.0550701764274937,1.3866185671608064,-0.276196381263738,54.61254612546098,2427538777.2,99012135.0,104574188.33333333,1706262046.1399999,1754555419.2516668,1.366796100296191,1.4227233048356858,0.5454285714285714,3.040632018221493,27.538323816913117,48.244028536581766,13.35022864680926,63.95736175882741,19.17,7.609,89.34348239771643,-4.463144439710276,-4.463144439710276,-4.3734317116308485,22.479423272231866,1.679422829810372,0.6974883373069423,-6.701581863047057,17.418197771578953,1.338975242071236,0.6257126297025273
1760572800,18.086,18.135,17.692,17.889,89585600,2025-10-16,SHB,2025-10-16,-0.2731631174043847,1.4000680194989235,1.6824873529244444,40.47114252061248,65.0124527257633,118.77216583098935,17.1839,17.37604,12.03279,17.383934399995177,16.717473122233304,4.1032594463422,2.952111067884289,48.6687626061786,2.9053584095724894,2.469617571635642,-1.098227227115616,0.8250641097112155,44.469525959367616,1602596798.3999999,100516010.0,105010335.0,1734045585.895,1767805150.0916667,0.8912570246272211,0.9241953103400364,0.5454285714285714,3.0489606541929195,27.228535386168453,48.262211695822984,13.270189915848709,66.13847743713396,19.17,7.609,88.9196436294438,-4.724115892628888,-4.724115892628888,-4.423158883518452,23.425552473313306,1.7196087057260177,0.7069500971588057,-6.940091524899517,18.351914027514752,1.3643706606912775,0.6325547935769565
1760659200,17.889,17.987,17.494,17.839,115962400,2025-10-17,SHB,2025-10-17,-0.2795013695567117,0.552392762527476,1.9721047216188392,39.59621253619219,65.83619968392674,118.16069463128285,17.201150000000002,17.405720000000002,12.082994999999999,17.427273980948016,16.761454568420234,3.708182301764684,2.4892966220299684,47.63723729092002,2.362538280525639,2.7558835038291605,-0.2795013695567148,0.0,69.97971602434075,2068653253.6,102178235.0,105607441.66666667,1765124901.4450002,1785215071.9183335,1.134903142533241,1.1719585689978764,0.5313571428571426,2.9786262843048528,27.155940741605967,48.29400291873317,13.311151873708571,75.0293083235639,19.17,7.609,88.48715509039008,-4.990413293566265,-4.990413293566265,-2.4032193429649906,25.122989453623127,1.6491338827491646,0.6962008572637741,-4.352611738992174,19.987740718114868,1.312219489086075,0.6240681227854785
1760918400,17.642,17.741,16.607,16.607,157036500,2025-10-20,SHB,2025-10-20,-6.9062167161836445,-6.9062167161836445,-3.1605341419324806,26.51024605774357,55.59823854586339,103.09404427051487,17.17405,17.40902,12.12704,17.349152649429158,16.755397526521403,-3.3017837959013807,-4.60692215874301,36.9419083304747,-4.277745803646371,6.356858568305402,-5.8018947250406425,-1.104321991142998,0.0,2607905155.5,106100200.0,106667605.0,1828126990.08,1808239952.995,1.4800773231341695,1.4265448569225907,0.5771428571428571,3.4752987122469867,36.2891749377516,50.471109735822274,25.863049115423102,49.322860238353186,19.17,7.609,77.83063748810655,-11.55198125266298,-11.55198125266298,-3.281675810383644,18.92257462673017,1.5611831773824982,0.7265380374994079,-5.977636801857733,13.891283000250041,1.3105481028444423,0.668568190542002
1761004800,16.607,17.002,15.868,16.755,144384000,2025-10-21,SHB,2025-10-21,0.8911904618534416,-5.557747590327489,0.0,27.637693303877487,58.23023892718857,105.86067084408404,17.17405,17.41876,12.171824999999998,17.292566682816858,16.755381937246053,-2.440018516308051,-3.810604199150802,37.653967256348174,-3.108657567595352,6.828445836093206,0.8911904618534335,0.0,78.21869488536154,2419153920.0,106194295.0,108087141.66666667,1829703551.8049998,1835604630.0183334,1.3596210606228893,1.3221562135644915,0.6334999999999998,3.780960907191883,35.52638072066372,50.4708022526333,25.386756508795827,50.646267475600105,19.17,7.609,79.11080356370555,-10.763740945888367,-10.763740945888367,-1.7226618397074622,18.99701615693372,1.544222964072423,0.7241988891097747,-5.185429191029134,12.86709671722295,1.2788985011969811,0.6622003109115988
1761091200,16.755,16.755,16.164,16.41,81491700,2025-10-22,SHB,2025-10-22,-2.0590868397493245,-8.518229457018611,-4.035087719298258,16.85537278359326,53.75245947718543,100.6848477436713,17.13955,17.41376,12.215069999999999,17.208512713024778,16.74183754755013,-4.256529488813888,-5.764177294277628,34.3422510063389,-4.640219212090302,3.5273052820053574,-2.0590868397493223,0.0,41.62436548223345,1337278797.0,100679010.0,107149578.33333333,1732580714.655,1825653275.6933334,0.8094209508019596,0.7718421345041264,0.6440714285714284,3.9248715939757974,35.40509304047574,48.8560201981025,25.69393725014826,45.77930022021043,19.17,7.609,76.12663264423492,-12.601193012356193,-12.601193012356193,-5.304499952474329,9.080976666938792,1.4721184289413471,0.7080282078980947,-8.211016242940271,2.9814734069603794,1.2268185832041516,0.6531542475512341
1761177600,16.41,16.755,16.361,16.46,80037000,2025-10-23,SHB,2025-10-23,0.30469226081657474,-7.988149141930789,-3.7426900584795364,25.39041669840787,56.68729176582579,100.36518563603165,17.10755,17.413240000000002,12.258564999999999,17.1372257879748,16.730785094705027,-3.7851708748476542,-5.474225359553997,34.27346512418055,-3.9517819065557735,2.400975015234603,0.30469226081657963,0.0,25.126903553299645,1317409020.0,101581655.0,105935638.33333333,1745454760.155,1814163940.6633334,0.7879080135089352,0.754765491534717,0.6476428571428571,3.934646762714806,35.44233343128661,46.737424414837626,25.69393725014826,50.0,19.17,7.609,76.55912118328864,-12.334895611418828,-12.334895611418828,-5.001325546358348,12.42344848472241,1.4480945301244723,0.6747231551592977,-8.429374623248954,5.3761071054294405,1.1845044520854044,0.6129749316526231
1761264000,16.46,16.46,15.868,16.065,83830400,2025-10-24,SHB,2025-10-24,-2.3997569866342605,-9.944503615673506,-5.232420953279848,14.398632770775489,51.71404287468129,96.4656964656965,17.063200000000002,17.39698,12.300085,17.035109046262914,16.70467587530483,-5.850016409583203,-7.656386338318477,30.60885351605296,-5.694762761003458,3.5965978128797116,-2.3997569866342623,0.0,33.27702702702716,1346735376.0,102430350.0,104957256.66666667,1756123959.5549998,1803249611.3983335,0.8184136830538995,0.7668794498659772,0.6336428571428571,3.944244364412431,36.252832137748115,45.03795245775076,26.320304368403473,34.72378804960542,19.17,7.609,73.1424617247643,-14.43864507882402,-14.43864507882402,-6.586067006149121,2.7545291113895587,1.4187821994579337,0.6848537177298895,-10.195581830941558,-4.844919394446066,1.178090689995907,0.6328047866669704
1761523200,16.164,16.213,15.77,15.917,95564800,2025-10-27,SHB,2025-10-27,-0.9212573918456313,-4.154874450532908,-3.871240487981642,6.092114910351265,46.82224887003046,96.48191581286258,17.03115,17.35944,12.340864999999999,16.92862247042835,16.673786625292877,-6.541836575921178,-8.30925421557377,28.977993033713602,-5.975810921387714,2.757547463429825,-1.5375038904450773,0.6162464985994376,33.182844243792275,1521104921.6,103278605.0,103528126.66666667,1767106514.0049999,1783264144.4616666,0.9253107165806509,0.860788475139816,0.6370714285714284,4.00245918559671,35.51932614848167,42.960986411575966,25.75766077614397,34.71400394477318,19.17,7.609,71.86229564916529,-15.226885385598631,-15.226885385598631,-3.034746800688659,-3.89244436340217,1.4222187225710252,0.7317452486743252,-5.940265259357891,-11.585243732071172,1.2155627173848829,0.6967269793856767
1761609600,15.967,16.115,15.671,16.115,67544000,2025-10-28,SHB,2025-10-28,1.2439530062197557,-3.819755296926297,-3.253887254607679,6.180404559530861,48.64864864864864,99.86357435197814,17.00405,17.317999999999998,12.38245,16.85113461610184,16.651873424300998,-5.228460278580693,-6.9465296223582325,30.14387298151817,-4.368457275265259,2.7894703775837097,0.9298234591945587,0.31412954702518814,100.0,1088471560.0,101523285.0,102649250.0,1736037706.3649998,1770981371.1583333,0.6653055010976053,0.6269861282443541,0.6371428571428568,3.9537254554319383,35.77839444662615,42.969911511108954,25.75766077614397,37.3445105462412,19.17,7.609,73.57495026381798,-14.172347677886677,-14.172347677886677,-4.385258741639031,-6.21183465770283,1.4203197145683237,0.7363846218991301,-7.877826539574373,-14.584599064757445,1.1945039261876462,0.6962507025753905
1761696000,16.065,16.804,16.016,16.558,117844300,2025-10-29,SHB,2025-10-29,2.7489916227117606,0.9018890920170719,-0.8859092541601776,2.0586785009861996,49.819037278320664,107.28592889334001,16.99665,17.27758,12.426435000000001,16.82321703361595,16.648192113544095,-2.580802687588435,-4.164819378639839,33.248192261094985,-1.5764941573659597,4.889854173130626,3.059261557555064,-0.3102699348432991,68.78172588832506,1951265919.4,105040415.0,103094348.33333333,1793922832.325,1778858646.4550002,1.1218948439988552,1.0877089494820003,0.6124999999999995,3.699118250996494,37.206759634764744,40.97584979267902,25.75766077614397,34.73239436619717,19.17,7.609,77.40679871983392,-11.812952705581592,-11.812952705581592,-2.1339198244133217,-8.256792742772756,1.352420255957077,0.7223732822107146,-5.116034933744052,-15.878438156203998,1.1251753235479676,0.6773847624682273
1761782400,16.558,16.706,16.312,16.657,71843700,2025-10-30,SHB,2025-10-30,0.5978982968957602,1.1968408262454489,-0.5849000298418283,4.067224790703494,51.30347897175038,111.5443230886462,16.99175,17.24604,12.470729999999998,16.807386839938243,16.64853752085609,-1.9700737122427037,-3.4155087196829026,33.56876461923242,-0.8947663391723037,2.3795144341103898,0.5978982968957616,0.0,87.56345177664983,1196700510.9,105449365.0,101354736.66666667,1800422755.4450002,1751793926.2633333,0.6813099348677918,0.6646775082578972,0.6124285714285708,3.6767039168431936,37.256236511392096,40.883457248076624,25.75766077614397,34.73239436619717,19.17,7.609,78.26312602716027,-11.285683851725603,-11.285683851725603,-1.6050427046002569,-3.845388724469556,1.3602020778352992,0.7284111702702258,-4.100331796698475,-9.819774375189215,1.1531158846529195,0.6916982188668457
1761868800,16.607,16.607,16.213,16.213,47405000,2025-10-31,SHB,2025-10-31,-2.6655460166896794,0.9212573918456313,-1.5006075334143332,-0.8682360134515399,48.40274599542334,104.91658240647119,16.9794,17.20958,12.51299,16.750778569467933,16.631457618077423,-4.513704842338351,-5.790844401780859,29.569351529890152,-3.2104690969299465,2.3653719157111026,-2.3653719157111026,-0.30017410097856745,0.0,768577265.0,104587445.0,100606698.33333333,1785650100.4950001,1739447567.4883335,0.45325708071365545,0.4304187392518516,0.6054285714285709,3.7342168101435322,37.95443494682492,41.03579548909939,26.397453636318563,29.132443531827533,19.17,7.609,74.42262780036329,-13.650404772049418,-13.650404772049418,-1.1257184203886217,-5.05833457036482,1.363530400617105,0.7307708087838884,-2.890758702270635,-10.271651533584315,1.1536523984711584,0.6944825494182221
1762128000,16.115,16.164,15.72,15.72,71719600,2025-11-03,SHB,2025-11-03,-3.040769752667616,-1.2376704152792573,-8.33284739634964,-4.391193285488382,36.52944241792602,97.73584905660377,16.90795,17.1593,12.553165,16.652609181899557,16.59571418207439,-7.025984817792807,-8.387871300111316,25.227382895070694,-5.600378725714938,2.738543144390309,-2.436316536112982,-0.6044532165546346,0.0,1127432112.0,102434785.0,100262163.33333333,1743609768.735,1732919697.165,0.7001488800899031,0.6466080497002258,0.601928571428571,3.8290621592148284,35.8739864484411,41.49550791330386,27.2969953988078,26.45071079002564,19.17,7.609,70.15829080529366,-16.276097145291857,-16.276097145291857,-3.7029447127754684,-6.615859964798787,1.3771274887591203,0.7359119306760945,-5.136862050044077,-11.469038632348362,1.1668571301787891,0.7002904353000547
1762214400,15.671,16.164,15.129,16.065,96499600,2025-11-04,SHB,2025-11-04,2.194656488549618,-0.3102699348432991,-5.511116339254196,-1.2478485370051584,42.11783439490446,102.07547169811323,16.8611,17.14056,12.595065,16.596646402671027,16.574901861208726,-4.721518762121091,-6.274940842072829,27.549957066517727,-3.2033363233277323,6.583969465648868,2.5063613231552284,-0.3117048346056084,90.43478260869566,1550266074.0000002,102977590.0,100292993.33333333,1748317533.0849998,1733094749.2916667,0.9370932063956828,0.8867188280520604,0.6371428571428568,3.9660308567871567,36.98704183714471,41.68995856089476,27.524109621124165,28.90290605992344,19.17,7.609,73.1424617247643,-14.43864507882402,-14.43864507882402,-3.534020273271887,-5.477004030869315,1.3665024003753479,0.740568548982232,-4.885870875425746,-11.000433726817082,1.1634502360677517,0.7040490295885045
1762300800,16.065,16.115,15.868,15.967,39403600,2025-11-05,SHB,2025-11-05,-0.6100217864923763,-3.5692716511655953,-6.357398393056113,-4.159663865546214,42.308377896613194,98.94094193869924,16.8069,17.1386,12.636665,16.53668007860712,16.551062572533876,-4.997352277933453,-6.836030947685345,26.35454053739654,-3.4449482961461664,1.537503890445055,-0.6100217864923794,0.0,40.08097165991942,629157281.2,100321605.0,99049968.33333333,1700894657.73,1711930841.2116668,0.39277282296271077,0.36989785248644863,0.6231428571428566,3.9026921597222803,36.94891965330264,41.406922843907225,27.327939395954797,28.58734402852052,19.17,7.609,72.29478418821901,-14.960587984661267,-14.960587984661267,-3.8282877047068786,-7.793670603769997,1.3573623667769092,0.7392535573470749,-4.460313185432407,-12.459221819504528,1.155255363943251,0.7043851221256308
1762387200,15.819,16.016,15.622,15.622,54472700,2025-11-06,SHB,2025-11-06,-2.160706457067707,-6.213603890256348,-11.449948985375801,-5.240810384568729,39.233511586452764,95.56835252879318,16.7059,17.108060000000002,12.676350000000003,16.449567690168347,16.51462874616,-6.488126949161677,-8.686315105277876,23.237367223214854,-5.0309388414078064,2.467589403143974,-1.233794701571998,-0.9269117554957074,0.0,850972519.4,93559595.0,98856411.66666667,1576097534.6100001,1707955459.125,0.5822246237812381,0.5399237678590558,0.6160714285714279,3.9436143168059656,34.66674569593281,41.585719809956466,27.37100723820758,26.824168931632883,19.17,7.609,69.31061326874837,-16.798040051129103,-16.798040051129103,-7.148679519553513,-7.3810648273688555,1.374599860173247,0.7460753041819734,-7.776891779660888,-11.755551874384985,1.1689470613143427,0.711211631251762
1762473600,15.523,15.622,14.981,15.08,84767600,2025-11-07,SHB,2025-11-07,-3.4694661374984004,-6.988219330167156,-14.99915450087368,-10.652920962199309,32.910276749515255,90.59656218402428,16.57285,17.06174,12.713325,16.319132672057076,16.458368795330195,-9.007804933973329,-11.615110768303815,18.615704388899058,-7.593128243750469,4.1031878120599155,-2.8357444629368813,-0.633721674561516,15.44461778471142,1278295408.0,93901975.0,98352145.0,1570893369.0099998,1696904243.9116666,0.9027243569690627,0.8137378597540332,0.5738571428571423,3.8054187192118185,35.83505413633642,41.84995469782497,28.288244471436634,31.346200830686556,19.17,7.609,64.6224375054061,-19.684703877290154,-19.684703877290154,-6.504404708306943,-9.877294255820557,1.3647677251642187,0.7576660207592607,-7.129702777379943,-14.701480872332684,1.1792647698193062,0.7275863756393647
1762732800,15.03,15.375,14.883,15.08,48856900,2025-11-10,SHB,2025-11-10,0.0,-4.071246819338425,-15.46611357138853,-15.252332246824773,33.40410474168436,88.78317476214322,16.434900000000003,17.000639999999997,12.75011,16.20112003662307,16.404315117081953,-8.244041643088806,-11.29745703691154,18.273489405189448,-6.9200156167521065,3.2625994694960267,0.33156498673740525,-0.3315649867374093,40.040650406504184,736762052.0,90398305.0,97178875.0,1501651590.525,1673817117.0883334,0.5404625673014555,0.49063448315758573,0.5279999999999996,3.5013262599469472,35.61468722265058,40.20466265030398,28.288244471436634,28.770595690747797,19.17,7.609,64.6224375054061,-19.684703877290154,-19.684703877290154,-5.009034166022332,-11.586191781532728,1.3027900765047133,0.7466603714965081,-5.124610400855602,-15.832113490901534,1.123218914189173,0.7129809551194795
1762819200,15.178,15.572,14.932,15.572,67711900,2025-11-11,SHB,2025-11-11,3.262599469496008,-3.0687830687830764,-12.225917366552054,-14.378402155385729,37.24660673365061,93.12910827235518,16.32645,16.941499999999998,12.789355,16.141203842658967,16.371675308568935,-4.621029066331028,-8.083699790455379,21.757508490459433,-3.52640266616695,4.244031830238719,2.6127320954907054,0.6498673740053196,100.0,1054409706.8,87564535.0,96304905.0,1444034321.4,1654971114.39,0.7732799586042455,0.7301832727754998,0.5314999999999996,3.413177498073463,38.44567358797547,40.53590655143308,28.53912106007119,39.7605083088954,19.17,7.609,68.87812472969465,-17.064337452066468,-17.064337452066468,-2.7174395179835784,-12.145886817962404,1.3351595403782277,0.7601060084866899,-2.6867132189424385,-16.52896993892701,1.150919948611171,0.7257292954910173
1762905600,15.572,16.065,15.326,16.065,83505400,2025-11-12,SHB,2025-11-12,3.1659388646288367,0.6137658921525624,-10.44152079384546,-13.531406426610681,40.55118110236222,100.16197358584603,16.2328,16.88728,12.831064999999999,16.133946333834302,16.359648825879958,-1.0337095263910134,-4.869227015836763,25.20394838620179,-0.42733707183415515,4.7456974055998,3.1659388646288344,0.0,100.0,1341514251.0,84973335.0,95964908.33333333,1389733095.0900002,1645155440.0600002,0.9827247571252794,0.965303521762301,0.5561428571428569,3.4618291761148887,40.3205060855224,40.841239981852404,28.53912106007119,45.644983461962525,19.17,7.609,73.1424617247643,-14.43864507882402,-14.43864507882402,-3.2689618473452633,-13.255796387316387,1.3325563149714634,0.7698234453637351,-3.605968157552385,-18.34004069610693,1.1538898085706266,0.7392900523190781
1762992000,16.065,16.115,15.819,16.115,56710100,2025-11-13,SHB,2025-11-13,0.3112356053532439,3.15580591473561,-9.916708591872103,-11.621147307228274,38.94637006380408,101.74011016524784,16.144099999999998,16.838,12.873215,16.132141921088177,16.350054754276822,-0.18025160894692416,-4.293859128162502,25.182403929399122,-0.10625942402459065,1.8425147836912392,0.3112356053532347,0.0,100.0,913883261.4999999,83329560.0,94675456.66666667,1355297418.2450001,1619640766.6716666,0.6805520153952571,0.6743045837742422,0.5349999999999996,3.3198883028234545,40.4209587258346,40.70913139377439,28.67790218176448,50.59665871121715,19.17,7.609,73.57495026381798,-14.172347677886677,-14.172347677886677,-2.2527869233660125,-10.245255637538996,1.3588719919947947,0.7839604343706225,-2.101728396349256,-14.591110741935463,1.1754941599269553,0.7523624060260914
1763078400,15.967,16.115,15.868,16.115,62828700,2025-11-14,SHB,2025-11-14,0.0,6.863395225464175,-9.664218846347893,-10.650920381459317,38.94637006380408,102.70440251572323,16.057899999999997,16.80548,12.914985,16.13050935717502,16.34083692077577,0.3555882151464518,-4.108659794305192,24.77753555269324,-0.09614920912662805,1.5327334781259578,0.9183990071361956,-0.9183990071361947,100.0,1012484500.4999999,80672875.0,93013313.33333333,1302488980.5900002,1587650783.9666667,0.7788082425474485,0.7773459242943964,0.5209999999999994,3.233012721067325,40.45238711957295,40.66594134273285,28.817026732139034,52.4492825333993,19.17,7.609,73.57495026381798,-14.172347677886677,-14.172347677886677,-4.134496516620944,-8.91451719945543,1.3671679984263891,0.7885815986322913,-4.323170665642428,-13.007001455149748,1.1869954173638675,0.7586957652701625
1763337600,16.016,16.361,15.868,16.361,65266800,2025-11-17,SHB,2025-11-17,1.5265280794291236,8.4946949602122,-1.4813030649725945,-10.272019304595814,43.140857392825914,106.78715874620832,16.0456,16.79266,12.957799999999999,16.152460846967873,16.341627629764957,1.9656479034750873,-2.5705278377576968,26.263717606383818,1.2910673798121275,3.0592615575550752,2.1408625504188796,-0.6143344709897636,100.0,1067830114.8000001,76084390.0,92680065.0,1225485228.555,1579536921.9166667,0.8578211641047526,0.8713529057050365,0.5244999999999995,3.2057942668541015,33.07461975473968,40.73179273035544,19.701834826999463,53.007334963325206,19.17,7.609,75.70279387596229,-12.862164465274816,-12.862164465274816,-2.5806473693424814,-8.282682811704822,1.375870837200825,0.7902114265640311,-2.69357977194159,-11.265666999685175,1.2174733238746527,0.7646387528055495
1763424000,16.262,16.361,16.065,16.262,44005400,2025-11-18,SHB,2025-11-18,-0.6050974879286075,4.431030053942986,-2.942405252163527,-4.352429125985169,42.799438004917455,105.53589484327604,16.02095,16.77096,12.99955,16.162893147256646,16.338504977617312,1.5045924242944375,-3.034769625590894,25.096637960544797,0.6131752022389358,1.8091803679481655,0.0,-0.6050974879286075,66.5540540540539,715615814.8000001,71065460.0,90642765.0,1140308323.295,1544356014.05,0.6192234596103368,0.6275634406773235,0.48935714285714227,3.0092063882495528,32.933674227427446,38.350117733029734,19.464588845159057,46.04911906033103,19.17,7.609,74.84646656863593,-13.389433319130806,-13.389433319130806,-2.7313954711688404,-5.2305976735733895,1.3072381924982537,0.7777489979036228,-2.0117721293491764,-8.98578487729993,1.1553376621611147,0.7427667920234817
1763510400,16.213,16.361,16.115,16.213,59460500,2025-11-19,SHB,2025-11-19,-0.30131595129749833,0.9212573918456313,-1.2004875076172983,0.9212573918456313,40.811186381796084,106.90403266972947,16.0111,16.74434,13.040675,16.167665228470298,16.333583213789183,1.261000181124361,-3.1732513792720463,24.32638647922749,0.28040394756485565,1.512729061616051,0.0,-0.30131595129749833,39.83739837398441,964033086.5,69963900.0,89747301.66666667,1121646037.77,1530117064.8333333,0.8498740064518988,0.8594806686221991,0.478785714285714,2.953097602453056,32.14890639749509,36.6261987186338,19.068219830005972,43.99350649350651,19.17,7.609,74.42262780036329,-13.650404772049418,-13.650404772049418,0.5570340890463932,-1.2453690029549547,1.2550289435341506,0.7711548126088982,1.113483324334974,-4.859621068381403,1.1083560328501252,0.7389415099423312
1763596800,16.164,16.41,16.016,16.41,83370900,2025-11-20,SHB,2025-11-20,1.2150743230740613,1.8305926155755659,-0.3037667071688954,-4.309289171380259,40.47252182845402,112.48219603780916,16.0086,16.72166,13.083165,16.190744730520745,16.33657995050333,2.507402271279191,-1.8638101719566147,25.42836538406419,1.354201262070065,2.4301486461481643,1.5173009313513763,-0.30222660827730063,100.0,1368116469.0,70130595.0,89697810.0,1124181410.22,1528241480.6566665,1.18879499026067,1.2169890522671625,0.47521428571428564,2.8958823017323927,32.439791471313484,33.957324201586786,19.068219830005972,52.8559002609452,19.17,7.609,76.12663264423492,-12.601193012356193,-12.601193012356193,1.5378986752122792,-3.6112926133907703,1.177810979765707,0.7444555828043773,2.1795561761992155,-6.927390358476348,1.0327387595021933,0.7077182592105236
1763683200,16.262,16.41,16.115,16.41,58408100,2025-11-21,SHB,2025-11-21,0.0,1.8305926155755659,2.147525676937434,-5.667969648194992,41.48991205380237,112.48219603780916,16.02585,16.70392,13.125465000000002,16.211626184756863,16.339459168130652,2.3970647422757674,-1.7595869712019652,25.02414200182621,1.2236515509447266,1.7976843388178045,0.9018890920170608,-0.9018890920170608,100.0,958476921.0,68859480.0,88941270.0,1104768487.47,1514120871.04,0.8482216246768056,0.8675816986733408,0.4610714285714286,2.8096979193871334,31.17442749725101,33.815198157633,18.29963544812403,61.67117726657644,19.17,7.609,76.12663264423492,-12.601193012356193,-12.601193012356193,3.825896380011373,-4.600883719381887,1.1744341973519017,0.7451110427454122,4.446713170509364,-8.44528159539687,1.0337590451870062,0.711391021289198
1763942400,16.312,16.46,16.213,16.312,50474000,2025-11-24,SHB,2025-11-24,-0.5971968312004861,-0.2994926960454669,2.481623421499024,-10.052384891094569,41.67100920618378,113.3124100954623,16.0456,16.67928,13.167085,16.2211855957324,16.338382338007882,1.660268235528739,-2.202013516170942,23.88467151233551,0.5598505961949662,1.505179768433881,0.0,-0.5971968312004861,40.08097165991913,823331888.0,66604940.0,87235436.66666667,1069879835.79,1481652015.1733332,0.75781165781397,0.7695554775944078,0.40478571428571414,2.4815210537378256,31.05120761386027,32.605946023074026,18.281160609132378,54.55887781469177,19.17,7.609,75.27895510768965,-13.12313591819343,-13.12313591819343,1.5473041311943936,-9.286110483945855,1.1468915755532603,0.7559950325084931,1.660899079656808,-13.016064237752634,1.0070396648837294,0.7194476670985717
1764028800,16.312,16.46,16.115,16.164,77663400,2025-11-25,SHB,2025-11-25,-0.9073075036782674,-0.6026319025949967,0.30406453614646445,-12.763775702952119,40.385617509119356,109.29690534766286,16.04805,16.6438,13.207965,16.21573934851979,16.331543814948752,0.7225176890650387,-2.88275514005214,22.3806998277176,-0.3190686986746072,2.1150073565473417,-0.9073075036782717,0.0,14.20289855072542,1255351197.6000001,67110910.0,86452511.66666667,1078223817.6699998,1464083965.4983335,1.1572395606019945,1.1642770054113307,0.4117857142857145,2.5475483437621533,30.97644299049911,32.275957443173986,18.12147026371559,53.57013410656037,19.17,7.609,73.99878903209066,-13.91137622496803,-13.91137622496803,1.5025173775627176,-11.46488911923188,1.1459280205585733,0.7637648177064381,2.3396879458156827,-15.134338269292481,1.0051335432324662,0.7258185357991768
1764115200,16.115,16.509,16.115,16.46,87211400,2025-11-26,SHB,2025-11-26,1.8312298935907023,1.5234688213162206,-0.5918589201594382,-12.334895611418828,44.60159887551613,112.08607138255383,16.043150000000004,16.6172,13.249569999999999,16.239002267708383,16.336581312401744,2.5983051956753878,-0.9460077510049847,24.230446723931443,1.3609070843661142,2.4375154664687075,2.1343726800297103,-0.3031427864390146,87.56345177664994,1435499644.0,65579265.0,86311705.0,1052435503.9,1458073819.4850001,1.3298624191655701,1.3639787318847407,0.4117857142857147,2.501735809755253,30.067243727477795,32.39340847708574,18.12147026371559,65.46125461254616,19.17,7.609,76.55912118328864,-11.40535012648689,-12.334895611418828,-0.2673896676250731,-12.278986493474376,1.1538374710855714,0.7713708240335962,0.7524090923138882,-15.774363451103923,1.0178085491175972,0.733214913792425
1764201600,16.41,16.657,16.361,16.509,49403500,2025-11-27,SHB,2025-11-27,0.2976913730255104,0.6032906764168233,-0.8885153388965561,-11.14161149685129,43.93199651264166,112.71743332044841,16.03575,16.59552,13.2918,16.26471633745044,16.34334282956246,2.951218371451292,-0.5213455197547345,24.204396695707132,1.5019239037515897,1.7982989064398502,0.6014580801944119,-0.3037667071688954,50.0,815602381.5,64457255.0,85649603.33333333,1033380597.43,1444068211.87,0.7664536753853387,0.7892565270998791,0.3871428571428575,2.3450412329205736,30.00521574349856,32.35991737174483,18.12147026371559,82.22823635543531,19.17,7.609,76.98295995156128,-7.966328464711781,-12.073924158500215,-1.7719763498155405,-10.43595385576397,1.1696789624453068,0.7801439774065246,-0.6807425592084249,-13.137268725866114,1.0376411891717316,0.7438782055660217
1764288000,16.46,16.558,16.361,16.558,56614300,2025-11-28,SHB,2025-11-28,0.2968078018050768,0.9018890920170719,2.127922037870844,-6.668169776224564,42.72907507973449,112.33649653757371,16.053000000000004,16.576800000000002,13.333895,16.292648114836112,16.351760757814912,3.14582943998003,-0.11341151488829526,24.179768927233948,1.6286602600976696,1.1932885092979537,0.5936156036101459,-0.2968078018050768,100.0,937419579.4,64917720.0,84393950.0,1041822713.15,1420675420.8016665,0.8720931665499034,0.899788003820408,0.3660714285714288,2.210843269546013,28.347768223356496,31.084250374934623,16.739114030694804,82.61253309797004,19.17,7.609,77.40679871983392,-7.693165347307385,-11.812952705581592,-1.0032340015277974,-8.109107525554194,1.1312855834289326,0.7750071725059282,0.0826892971740989,-10.918554499982081,0.9999821639417049,0.7333355782028138
1764547200,16.509,16.804,16.46,16.755,57719700,2025-12-01,SHB,2025-12-01,1.1897572170551873,2.715792054928867,6.583969465648853,-1.4527702623220784,44.427204551331755,113.8208269525268,16.104750000000003,16.568920000000002,13.376785,16.336681627708863,16.367574061430012,4.037628649932445,1.123066560765551,25.254311854455302,2.5606079730513986,2.077545597294345,1.4856866771349115,-0.29592946007971355,85.75581395348843,967093573.5,64217725.0,83280508.33333333,1033805786.225,1401507072.82,0.8988125941864181,0.9354692983789504,0.3449285714285716,2.0586605277742263,25.96814838992465,30.008544625691773,14.092016118651044,80.01014713343486,19.17,7.609,79.11080356370555,-6.594938120191774,-10.763740945888367,1.347729515123186,-6.201220583338019,1.1042025647801768,0.7593589006295408,2.497063498938412,-8.44361808383799,0.9668330057439797,0.7205241693075635
1764633600,16.657,16.755,16.558,16.755,63698600,2025-12-02,SHB,2025-12-02,0.0,3.6562731997030307,4.295051353874868,-3.412693837551173,48.90686100248842,114.86278532957166,16.13925,16.568920000000002,13.41892,16.37652147268897,16.38276723549158,3.8152330498629095,1.123066560765551,24.86101713103588,2.311104515951179,1.175768427335119,0.5849000298418322,-0.5849000298418283,100.0,1067270042.9999999,62577675.0,83174138.33333333,1009655984.675,1399033379.5766666,1.017912538297404,1.0570630583084648,0.30621428571428577,1.8275994372681934,25.03192640132318,29.707189831977885,14.092016118651044,73.34235453315293,19.17,7.609,79.11080356370555,-6.594938120191774,-10.763740945888367,0.3555363476399398,-8.28284750329763,1.088032754266148,0.7565027566533072,1.5333016660932897,-10.258631476236879,0.9534864329438002,0.7171119408558623
1764720000,16.657,17.1,16.657,17.1,81797500,2025-12-03,SHB,2025-12-03,2.0590868397493356,3.888213851761857,7.095885263355672,-2.530779753761969,49.64557626673669,120.3324313877078,16.1959,16.568920000000002,13.462964999999999,16.445424189575736,16.410894010570342,5.582276996029867,3.2052783162692444,27.01511145576032,3.9802914347395246,2.6439868695911755,2.6439868695911755,-0.5849000298418283,100.0,1398737250.0,64697370.0,83663248.33333333,1048134983.115,1407009023.9166667,1.2643095074807522,1.3345010638257957,0.31671428571428606,1.8521303258145383,25.640449842038898,29.92284279999618,14.156342078990788,77.77777777777786,19.17,7.609,82.0949744831762,-4.671646783364913,-8.926288879420529,2.4502592700872405,-7.917024170348519,1.0952715744995871,0.7579812553931422,2.562550516447426,-10.370528636805542,0.9625551989860422,0.7217318741850837
1764806400,17.051,17.149,16.952,17.051,48195600,2025-12-04,SHB,2025-12-04,-0.2865497076023571,3.2830577260887894,9.147356292408126,-2.810077519379861,48.08928261247176,118.6586304180559,16.26735,16.56794,13.50658,16.503098076282807,16.43599620623425,4.817318124955805,2.9156310319810252,26.24217233378101,3.3199943500584306,1.152046783625726,0.0,-0.2865497076023571,50.25380710659749,821783175.5999999,64383515.0,82988056.66666667,1046675515.925,1394767454.1366665,0.748570499762245,0.7851365233032596,0.31314285714285756,1.8365072848680875,24.01220002778592,29.927578173238167,12.539083130199364,75.68605927552136,19.17,7.609,81.67113571490353,-4.94480990076932,-9.187260332339164,3.388334230361667,-7.605131055799708,1.100774641781281,0.7594866478088846,3.267488941103025,-9.518683078169776,0.9755582692348449,0.7261473330456266
1764892800,17.002,17.1,16.509,16.509,58168300,2025-12-05,SHB,2025-12-05,-3.1786991965280564,-0.29592946007971355,9.476127320954909,-4.555703301150493,43.93199651264166,111.70813028981792,16.3388,16.559079999999998,13.54767,16.503660164255873,16.43885910010742,1.0416921683354952,-0.30243226072944607,21.858592658368558,0.03235546352131635,3.466072371121935,-2.891326021934189,-0.28737317459386347,0.0,960300464.7,63053550.0,83096453.33333333,1030775768.76,1395878447.6066666,0.9225222053318172,0.9316288700259416,0.3201428571428576,1.9392019937177152,23.397104764269372,30.49057553351003,11.572045645319694,53.49386213408876,19.17,7.609,76.98295995156128,-7.966328464711781,-12.073924158500215,0.5823745850409576,-8.997721942514158,1.105124761572188,0.7475941810313953,1.2123484191020069,-10.45508414759504,0.9901697886345526,0.7231007827197634
1765152000,16.509,16.607,16.312,16.361,55435100,2025-12-08,SHB,2025-12-08,-0.896480707492886,-2.351536854670233,8.4946949602122,-6.743046055631552,44.289619895934386,109.81020774557581,16.402849999999997,16.555139999999998,13.587835,16.49007348194579,16.435805802063992,-0.25513858872083794,-1.1726871533553784,20.40917482439255,-0.7827344255749047,1.7869041129080994,-0.8964807074928808,0.0,16.610169491525355,906973671.1,63382460.0,82467465.0,1039286349.7150002,1383750480.8983335,0.8746126294246074,0.8726889094124215,0.32007142857142895,1.9563072463261961,23.84501341718068,30.378186470921424,11.706909057506302,52.28426395939087,19.17,7.609,75.70279387596229,-8.791392574423007,-12.862164465274816,-2.4635851212789337,-10.828748471205174,1.0911853361551622,0.7388212837963405,-1.4621829566253481,-12.448121318719341,0.9826987726681069,0.7198304929523851
1765238400,16.312,16.361,15.868,16.262,88519600,2025-12-09,SHB,2025-12-09,-0.6050974879286075,-2.942405252163527,4.431030053942986,-9.343293566729837,42.31206790933755,110.56584228926583,16.43735,16.547240000000002,13.626935000000001,16.468352197950953,16.42898988825756,-1.0667777956908986,-1.7237920039837595,19.33718037108123,-1.2530227400445515,3.01326324796773,-0.30560479188314105,-0.2994926960454669,79.91886409736306,1439505735.2,64422845.0,82489573.33333333,1058541151.1349999,1381674412.6883333,1.3740405286354553,1.3598958657927642,0.33771428571428597,2.0767081891174883,21.571851705406146,29.998128505791545,11.6717492500166,51.10509697789805,19.17,7.609,74.84646656863593,-9.343293566729837,-13.389433319130806,-5.204953655998602,-13.285824353808195,1.099658632967177,0.7543883054929588,-3.8814424976600046,-14.54914408315574,0.9856015345045437,0.7323131052100754
1765324800,16.262,16.262,16.016,16.213,38890500,2025-12-10,SHB,2025-12-10,-0.30131595129749833,-5.187134502923973,0.9212573918456313,-8.864530635188295,42.98439015786224,103.93710691823901,16.44475,16.53738,13.665790000000001,16.444032941003243,16.420519696561186,-1.4092643548852868,-1.961495714556949,18.639317595250617,-1.4049652042909755,1.512729061616051,-0.3013159512975002,0.0,80.08130081300851,630531676.5,62192100.0,82059190.0,1022992022.4099998,1372995721.2133334,0.6253286189081892,0.616360306519861,0.3271428571428574,2.0177811456415062,18.611918347315964,29.96664961609195,11.594190710848755,45.239246012566475,19.17,7.609,74.42262780036329,-9.616456684134233,-13.650404772049418,-4.417435878410414,-11.737712080695996,1.072054252767695,0.745028277488691,-3.0690858812933985,-13.045176486915288,0.9700679023637868,0.727052731718742
1765411200,16.164,16.213,15.868,16.115,55345200,2025-12-11,SHB,2025-12-11,-0.6044532165546346,-5.4894141106093475,0.0,-8.401068606832274,42.120116412382025,105.65339458907603,16.444750000000003,16.52458,13.703925,16.412696470431506,16.40853853199016,-2.0051992277170805,-2.478610651526403,17.594046960998398,-1.8138181679520193,2.127922037870848,-0.3022266082773271,-0.30222660827730063,71.59420289855004,891887897.9999999,62123855.0,81989808.33333333,1021892254.2349999,1370411752.7916667,0.8908848299900256,0.872780759716862,0.3307142857142859,2.0522139976064904,18.726499288381778,29.914766882524958,11.527036461659367,43.193354868481734,19.17,7.609,73.57495026381798,-10.162782918943025,-14.172347677886677,-4.134997302996135,-10.426074912456883,1.0600812325002058,0.7427841705041764,-3.2217054762555986,-11.760828831138559,0.9604947907335106,0.7251629735578957
1765497600,16.016,16.065,15.77,15.77,65585600,2025-12-12,SHB,2025-12-12,-2.140862550418854,-4.476346235386764,-2.140862550418854,-9.854807362524298,38.53992796275148,101.2506380806534,16.427500000000002,16.51078,13.740545,16.351487282771362,16.383497805245447,-4.002434941409239,-4.48664448318008,14.76982899877699,-3.5561736539039046,1.8305926155755614,-1.5265280794290952,-0.6143344709897636,0.0,1034284912.0,62261700.0,81704270.0,1022982274.8099998,1363532052.2816668,1.0533859499499691,1.0110487126398153,0.3377142857142858,2.1414983241235626,20.218999667359626,30.186201163727528,12.926768715629086,38.77381938690967,19.17,7.609,70.59077934434737,-12.086074255769875,-16.009799744354492,-2.8397484907659143,-9.147592931250115,1.0253429525620879,0.7435475377526098,-1.8998845323161206,-10.258135085120866,0.9390652941525877,0.728818673066074
1765756800,15.77,15.868,15.425,15.671,49057500,2025-12-15,SHB,2025-12-15,-0.6277742549143928,-4.217346127987298,-4.217346127987298,-8.618578342760518,37.140106764680134,99.98723838693209,16.393,16.48122,13.776879999999998,16.28667897012647,16.355556714843665,-4.404318916610761,-4.916019566512675,13.748541033964168,-3.780260980496808,2.8091312618896613,-0.6277742549143958,0.0,55.5304740406318,768780082.5,61451235.0,81211941.66666667,1008029773.1949999,1353880663.9433334,0.7983159329507373,0.7626561267762099,0.34471428571428564,2.1996955249459873,19.347151114640564,29.965447447618583,12.782308065601097,39.57716701902745,19.17,7.609,69.734452037021,-12.637975248076705,-16.53706859821048,-3.709010880589414,-9.325849902000627,1.0212543452276235,0.7388658476409375,-2.965722185530306,-11.379624726581138,0.9424467619296233,0.7230656228838386
1765843200,15.572,16.115,15.425,15.671,56757200,2025-12-16,SHB,2025-12-16,0.0,-3.634239330955613,-3.634239330955613,-6.469710534168904,38.73052407932012,95.25292798405182,16.36345,16.4546,13.81355,16.228042877733472,16.328711353477246,-4.231687083102898,-4.762194158472399,13.446579626526134,-3.4325943179370877,4.403037457724445,0.6317401569778585,-0.6317401569778558,35.6521739130434,889442081.1999999,62088825.0,79782860.0,1016721086.515,1328910987.2050002,0.9141290723411177,0.8748142366641845,0.3658571428571425,2.3346126147478943,19.301654131168643,29.624412255220367,12.92897074086218,30.932817786370208,19.17,7.609,69.734452037021,-12.637975248076705,-16.53706859821048,-4.794536212733047,-9.15552196476711,0.9883988801996324,0.7360706777098183,-4.255923462731581,-11.324084796432487,0.9132920058034472,0.7209051810590492
1765929600,15.72,15.77,15.474,15.474,48835400,2025-12-17,SHB,2025-12-17,-1.2570991002488596,-4.558070684019,-4.558070684019,-9.508771929824567,37.52221827230713,94.64150943396226,16.326500000000003,16.42306,13.849025,16.156229270330286,16.29519326118402,-5.221572290448062,-5.778825626892914,11.73349748447996,-4.222701095132075,1.8888392572267205,-1.5697785718843753,0.312679471635513,0.0,755678979.6,61557570.0,77400160.0,1006303381.1700001,1286843377.8650002,0.7933289114563814,0.7509454839766053,0.3658571428571425,2.364334644288112,19.677245487475133,29.37340044963172,13.15540272553863,26.6576454668471,19.17,7.609,68.03044719314937,-13.736202475192327,-17.586280357903703,-6.053522472982021,-10.486171082745312,0.9806256406617179,0.7313302974226188,-5.181016288938956,-11.908042491147064,0.9074785942085162,0.7157207442454675
1766016000,15.622,16.016,15.425,15.868,72289300,2025-12-18,SHB,2025-12-18,2.5462065400025935,-1.5327334781259583,-3.3028641072516796,-7.204678362573103,41.577444682369745,101.52400304800611,16.2994,16.38758,13.886385,16.128778863632164,16.278440584274843,-2.6467231922647327,-3.170571859908533,14.270200631769892,-1.616854356036701,3.819309810003861,1.589763474214815,0.9564430657877709,74.95769881556708,1147086612.4,61003490.0,77571913.33333333,995251888.3399999,1288296019.5716667,1.1850026941081568,1.1525590916619592,0.3939999999999995,2.4829846231409096,21.45675771101367,29.887719835339748,13.15540272553863,36.53395784543328,19.17,7.609,71.43845688089266,-11.539748020961083,-15.487856838517256,-4.570383838651015,-7.858304517222625,0.9861366614866468,0.7220864214541775,-3.619603327050769,-9.615004025547158,0.9123297616869381,0.7071789153042486
1766102400,15.967,15.967,15.671,15.917,47537900,2025-12-19,SHB,2025-12-19,0.30879758003528046,0.9321496512365357,-3.004265691651431,-6.105474280320921,40.908286118980186,102.1463042926086,16.27475,16.3511,13.92395,16.10860944804815,16.264266443715044,-2.1981904483939885,-2.654867256637161,14.313826177198274,-1.18948472036714,1.8653894630703376,-0.3150995714645873,0.6238971514998859,83.10810810810794,756660754.3,60459980.0,77249936.66666667,985161080.0049999,1282017842.3433335,0.7862705214259085,0.7680579040903237,0.3905714285714283,2.4538005187625074,21.515045653357472,29.857303035202122,13.15540272553863,32.6429163214582,19.17,7.609,71.86229564916529,-11.266584903556687,-15.226885385598631,-5.988077695784522,-8.731475364201213,0.9686332231756779,0.7175763944207193,-4.761735860977023,-10.457618506159571,0.8997681269406308,0.703957230947699
1766361600,15.967,16.262,15.868,16.065,66430700,2025-12-22,SHB,2025-12-22,0.9298234591945898,2.5141982004977415,-1.5142226581657647,-2.977412731006146,41.679160419790115,105.01531393568149,16.2624,16.315620000000003,13.962255,16.104456167281658,16.25645207337328,-1.2138429752066027,-1.5360740198656297,15.06021054621909,-0.24500155032752824,2.4753408305585234,0.6156939121693834,0.31412954702518814,50.00000000000022,1067209195.5000001,61257815.0,77047120.0,997354945.3799999,1278113765.0583334,1.0844444908784292,1.0700395084453962,0.40464285714285697,2.518785291894534,21.769400816505012,29.559336847985744,13.309009953375536,36.533957845433314,19.17,7.609,73.1424617247643,-10.44152079384546,-14.43864507882402,-6.4932991458934275,-8.050980970648991,0.9393636390365094,0.7242017683337355,-5.110624169364075,-9.585082030716697,0.8821224498732778,0.7147110996003128
1766448000,16.115,16.213,15.917,16.065,59829000,2025-12-23,SHB,2025-12-23,0.0,2.5141982004977415,-0.6124721603563477,-3.5540613555862355,41.679160419790115,105.01531393568149,16.25745,16.2821,14.00056,16.100698437064356,16.24894414892727,-1.1837649815930384,-1.3333660891408305,14.745410183592655,-0.22171980429230853,1.8425147836912612,-0.3112356053532347,0.3112356053532439,50.0000000000003,961152885.0000001,60366095.0,76333430.0,982645029.75,1265635517.9283333,0.9911027042580773,0.9781282720623257,0.39414285714285696,2.4534258147703514,21.542112352405482,29.530198988075405,13.366703294030769,26.6576454668471,19.17,7.609,73.1424617247643,-10.44152079384546,-14.43864507882402,-7.345349367708975,-10.20086884189545,0.9336323547989377,0.7236226823543943,-6.020410995714542,-11.591074339113938,0.8725802964522105,0.7118351144782449
1766534400,16.065,16.903,16.065,16.657,112666600,2025-12-24,SHB,2025-12-24,3.685029567382503,7.645082073154974,1.1968408262454489,-0.29330779360708936,37.388650610359605,115.68043506409427,16.2673,16.25648,14.041865,16.153679538296323,16.264946339165416,2.395603449865691,2.4637559914569396,18.623843770040516,3.115825471902123,5.216308745720494,3.6850295673825006,0.0,70.64439140811463,1876687556.2,61638855.0,77419511.66666667,1004704425.36,1283687587.195,1.8278503064341478,1.8679001593205444,0.4399285714285711,2.6411032684671376,24.46410448370274,30.497448363788767,13.366703294030769,42.86231884057973,19.17,7.609,78.26312602716027,-7.141264355000554,-11.285683851725603,-4.900662089796359,-7.3663686626500695,0.9462078301599888,0.7107611141263531,-3.9800456596790212,-8.445641499363965,0.8815827167577478,0.6965427797131611
1766620800,16.657,16.755,16.262,16.262,56912300,2025-12-25,SHB,2025-12-25,-2.3713753977306795,2.482984623140916,-1.496153613180684,-2.942405252163527,31.761464916545123,111.60702667534159,16.25495,16.22394,14.081240000000001,16.163995772744293,16.264830796453047,0.04337140378776194,0.23459159735552682,15.486988361820408,0.6063118837296599,2.9597166356486673,-2.3713753977306813,0.0,0.0,925507822.6,62014295.0,77306971.66666667,1010199697.4150002,1281334350.0966668,0.9177287269007895,0.9161632348220672,0.43292857142857094,2.662209884568755,25.926545020653858,30.879518306004687,14.778081865150725,45.27363184079602,19.17,7.609,74.84646656863593,-9.343293566729837,-13.389433319130806,-4.9711464886437735,-8.396477654460355,0.9561131217203576,0.7230732354716994,-4.360539042968636,-9.20168044304427,0.8897593875800467,0.7081799056408904
1766707200,16.115,16.262,15.671,16.115,108127100,2025-12-26,SHB,2025-12-26,-0.9039478538925172,1.2439530062197557,-2.6754438941901326,-2.0959902794653873,31.960366852276433,107.64076794227546,16.2328,16.18946,14.119795,16.15932950867341,16.258955078945085,-0.7256911931398324,-0.45992886730009674,14.130552178696632,-0.2743276486169566,3.6342393309556082,0.0,-0.9039478538925172,75.1269035532992,1742468216.4999998,64589935.0,78031700.0,1050452129.2700001,1292641647.6383333,1.6740549436998196,1.6587792703232545,0.4540714285714283,2.817694251141349,26.05573586517677,30.72408040502704,14.62795391347948,45.29096477794789,19.17,7.609,73.57495026381798,-10.162782918943025,-14.172347677886677,-4.970549128402036,-7.1986138956567025,0.9515951510507531,0.7245733811929698,-4.861085708818591,-7.821154435614042,0.889756181554939,0.7127099705563654
1766966400,16.115,16.115,15.967,15.967,44770600,2025-12-29,SHB,2025-12-29,-0.9183990071361947,-0.6100217864923763,-4.703073709340488,-6.892530176686684,27.562514979627718,105.73379719108362,16.1934,16.17666,14.154670000000001,16.141012412609275,16.247505860162924,-1.3981004606815173,-1.2960648242591355,12.803760172437784,-1.0780761959722995,0.9183990071361956,-0.9183990071361956,0.0,0.0,714852170.2,63942480.0,76864996.66666667,1037840059.1049999,1271751871.355,0.7001699027000516,0.6887883772924179,0.42942857142857094,2.689475614884267,25.719689698655973,29.498263672116014,14.441534917883784,44.45697106350996,19.17,7.609,72.29478418821901,-10.98784702865424,-14.960587984661267,-7.827651330148266,-10.392382727556637,0.8921846506978246,0.6886413855633291,-7.656175759444972,-10.628388475669992,0.8387214127916247,0.6789519007291964
1767052800,15.917,16.164,15.917,16.115,65877000,2025-12-30,SHB,2025-12-30,0.9269117554957074,0.3112356053532439,-3.819755296926297,-5.217033290201156,30.106571936056838,106.65555270582199,16.161399999999997,16.16386,14.18797,16.13853503997982,16.24230955192124,-0.28710384001384703,-0.3022792823001552,13.58214036257477,-0.14583132806986754,1.5469405649151478,1.2400576188388464,-0.313145863343145,80.16194331983696,1061607854.9999999,64051400.0,76535555.0,1037556949.7049999,1265176822.4883335,1.0285021092435138,1.0231803230674115,0.4294999999999995,2.6652187403040615,26.037236959319742,29.529716024501646,14.441534917883784,48.22463768115937,19.17,7.609,73.57495026381798,-10.162782918943025,-14.172347677886677,-6.722391197826683,-10.058901206892546,0.8936300610096207,0.6887626985618234,-6.874951900212267,-10.456213244643076,0.8393170769107793,0.6798167442610991
1767139200,16.115,16.164,15.967,16.115,52638000,2025-12-31,SHB,2025-12-31,0.0,-3.253887254607679,-5.760233918128677,-5.4894141106093475,30.570409982174663,106.65555270582199,16.11215,16.15796,14.2198,16.13629360760079,16.237317020473352,0.017688514568181546,-0.26587514760527675,13.327894907101356,-0.13196095781724537,1.2224635432826618,0.0,0.0,75.12690355329806,848261369.9999999,62593425.0,75870800.0,1010033155.7049999,1253020932.1833334,0.8409509465251342,0.839835172943324,0.41892857142857093,2.599618811222904,24.677153819904277,29.520602428676955,14.441534917883784,50.0,19.17,7.609,73.57495026381798,-10.162782918943025,-14.172347677886677,-8.804518089814284,-10.593576482578282,0.8893575569608095,0.6867895239011839,-8.733879829112002,-11.089143692761771,0.8349134952101004,0.6777985276678672
1767571200,16.065,16.164,15.671,15.868,64342300,2026-01-05,SHB,2026-01-05,-1.5327334781259583,-2.4228262206370643,-6.9380095009090255,-10.0555492574538,29.018619399951227,103.48807386509363,16.053,16.14612,14.250184999999998,16.110741835448334,16.222834000062633,-1.1524325671214086,-1.7225190943706559,11.352940330248362,-1.5067079959920293,3.0592615575550863,-1.2224635432826618,-0.3102699348432991,39.95943204868156,1020983616.4,63400760.0,73781290.0,1019993177.7450001,1214255409.4266665,1.014850610623595,1.0009710247839005,0.4294999999999997,2.7067053188807644,25.0716655474107,28.72499324948608,14.639192769560037,51.911076443057745,19.17,7.609,71.43845688089266,-11.539748020961083,-15.487856838517256,-9.882910608412898,-14.246126430372641,0.8651519132769339,0.6837566207353821,-9.420922111478212,-14.578731921077193,0.8186019335560778,0.6812630035194357
1767657600,15.77,15.967,15.572,15.967,77500200,2026-01-06,SHB,2026-01-06,0.6238971514998859,-0.9183990071361947,-3.2830577260888005,-9.999436333915778,28.455349959774743,105.73379719108362,16.0259,16.14416,14.280645,16.097052136834208,16.212801294177826,-0.36753006071421623,-1.0973627615187054,11.808675308433191,-0.8079251761669681,2.489286614570213,1.2414923115704624,-0.6175951600705831,100.0,1237445693.4,64367355.0,73774293.33333333,1033850439.18,1211839858.9833333,1.2040295892226736,1.1969291171182188,0.42607142857142843,2.6684501069169437,22.91633112785363,28.732009351440592,11.75831883900826,55.7722308892356,19.17,7.609,72.29478418821901,-10.98784702865424,-14.960587984661267,-7.587263730728965,-13.93179878420332,0.8702674585338578,0.6853156390749973,-7.355950664585375,-13.805916286656661,0.8294394843295172,0.684258995256739
1767744000,16.016,16.312,15.967,16.262,81138200,2026-01-07,SHB,2026-01-07,1.847560593724551,1.847560593724551,-0.6050974879286075,-8.84018162453052,30.37761564980357,109.53485375595929,16.020950000000003,16.15106,14.31258,16.11276145713571,16.21473065519046,1.5045924242944153,0.6868899007247853,13.62032561564721,0.9262133201767053,2.160706457067706,1.5406776476482884,0.306882946076259,85.50724637681142,1319469408.4,65652510.0,73144425.0,1054475226.0449998,1198471055.4283333,1.235873540859291,1.2513043225765568,0.4014285714285715,2.4685067730203634,23.795017387922872,28.990450165417116,11.89637279886397,60.335781741867834,19.17,7.609,74.84646656863593,-9.343293566729837,-13.389433319130806,-6.7542416027917,-14.304965888489917,0.8690729742288426,0.6921495937308572,-6.298154317681326,-13.038404535854998,0.8418453832931847,0.6917369815078231
1767830400,16.312,16.804,16.164,16.361,135955100,2026-01-08,SHB,2026-01-08,0.6087812077235188,1.5265280794291236,0.6087812077235188,-7.778591962121628,32.092685289843395,110.81046256925653,16.0259,16.15598,14.34228,16.136403223122787,16.22046670792809,2.0909902095982202,1.2690037992124426,14.075307412768412,1.3918639350519957,3.935555282253087,0.3013159512975002,0.3074652564260205,30.781250000000014,2224361391.1,68024285.0,73337221.66666667,1093718008.8400002,1198764493.7916667,1.998625931900644,2.033761328899725,0.4259999999999999,2.603752826844324,23.78908719051197,29.01733517617503,12.060838882645848,66.06302064469398,19.17,7.609,75.70279387596229,-8.791392574423007,-12.862164465274816,-5.594965422541409,-13.144678296488422,0.8649885527566068,0.6884515168130247,-4.510781695845645,-10.775080994693687,0.8271517423227925,0.6824293290734627
1767916800,16.46,16.558,16.262,16.262,68480400,2026-01-09,SHB,2026-01-09,-0.6050974879286075,0.9121936084393489,0.30222660827730063,-9.343293566729837,27.695327836670593,109.53485375595929,16.02835,16.15006,14.371484999999998,16.148364820920616,16.22209546447993,1.457729585390899,0.6931243599094916,13.154625287505105,0.7036946485886153,1.8091803679481655,-1.210194975857224,0.6050974879286075,0.0,1113628264.8,69503780.0,72223071.66666667,1117872838.255,1176865985.2516665,0.9852759087347479,0.996202990796676,0.40492857142857147,2.490029340970185,23.871353252384907,28.919894748185904,12.031644409955852,57.98864557988647,19.17,7.609,74.84646656863593,-9.094974565375368,-13.389433319130806,-8.361050451374364,-15.59773766354716,0.8640428318066946,0.6906644824055879,-5.821616471774882,-12.158225594356676,0.8303391809834648,0.6876808840584404
1768176000,16.213,16.952,16.164,16.755,107621400,2026-01-12,SHB,2026-01-12,3.0316074283605943,5.589866397781695,3.9714551659944197,-6.339091061546198,31.566548881036518,114.86278532957166,16.06035,16.15202,14.403785000000001,16.206139599880558,16.24299368155915,4.325248204428922,3.7331553576580356,16.323591333805652,3.386743627233013,4.8456524412741375,3.3329233796580864,-0.30131595129749833,74.99999999999967,1803196557.0,72117590.0,72523668.33333333,1163438271.2050002,1180209314.5616667,1.4923044433403834,1.5498858870547445,0.44007142857142856,2.6265080786119284,25.993078252025054,29.642287436107072,12.184427781536144,64.39862542955328,19.17,7.609,79.11080356370555,-6.076573798979757,-10.763740945888367,-6.53122303754905,-12.592027077619994,0.8744374871194811,0.6819360697867906,-4.1328326492517045,-9.205671686289673,0.8451833868572677,0.6830692363744545
1768262400,16.952,16.952,16.41,16.46,88823200,2026-01-13,SHB,2026-01-13,-1.7606684571769504,3.0876182125634033,4.3753963221306424,-7.730253938000997,28.805070819312938,112.08607138255383,16.09485,16.15696,14.43272,16.230316780844316,16.251503733262712,2.268738136733184,1.875600360463836,14.046416753044477,1.4151493298440565,3.2348552670844617,-2.936436884512091,1.1757684273351332,9.225092250922613,1462029872.0,73279470.0,72071348.33333333,1184825519.2050002,1170098924.868333,1.212115753566449,1.2339621727433756,0.45064285714285723,2.737805936469363,25.56906650950479,29.83713285097066,11.572095858366495,56.46058227019955,19.17,7.609,76.55912118328864,-3.7426900584795364,-12.334895611418828,-11.171482947280188,-17.650597747750354,0.8773679417579455,0.6711144149577267,-7.524787392110687,-13.398542475990215,0.8717310111216229,0.6861846840858764
1768348800,16.46,16.607,16.312,16.46,81592100,2026-01-14,SHB,2026-01-14,0.0,1.21756241544706,5.034777614702324,-0.8851689046787459,25.39041669840787,111.07976404206208,16.134300000000003,16.17176,14.461655,16.252191373144857,16.259680057448488,2.0186806988837347,1.782366297793203,13.818231730738972,1.2786498883992081,1.7922235722964652,0.0,0.0,50.169491525423936,1343005966.0,74906200.0,70813941.66666667,1213536813.38,1149017271.7099998,1.0892569640430299,1.1066874537241242,0.45057142857142846,2.7373719840305495,25.387314317518246,26.268094231630318,11.69325583853805,56.46058227019955,19.17,7.609,76.55912118328864,-3.7426900584795364,-12.334895611418828,-10.058083303518096,-16.651807257678865,0.755347823386145,0.5640381977503097,-5.51478812354267,-11.374462598488012,0.7462399577036869,0.5876242440484435
1768435200,16.41,16.46,16.016,16.262,83216100,2026-01-15,SHB,2026-01-15,-1.2029161603888228,-0.6050974879286075,3.771297300746612,-2.942405252163527,23.88207511236382,109.53485375595929,16.163850000000004,16.1757,14.49065,16.25312552808344,16.259771035587764,0.6072191959217488,0.5335163238685325,12.224089326565757,0.054601632782724785,2.697448359659797,-0.8991494532199251,-0.3037667071688954,55.40540540540558,1353260218.2,76229145.0,69794476.66666667,1236727720.23,1131252376.6799998,1.091657265734779,1.0942264785237674,0.42242857142857165,2.597642180719294,25.903270053554,26.314716184274932,11.834195409292828,42.583552384528716,19.17,7.609,74.84646656863593,-4.900584795321638,-13.389433319130806,-7.2829077278983245,-15.048114539599721,0.7546556867305578,0.5661717403591201,-3.433905147587568,-9.810195846662195,0.7686574156974112,0.5922962517151963
1768521600,16.361,16.558,16.115,16.115,58807900,2026-01-16,SHB,2026-01-16,-0.9039478538925172,-0.9039478538925172,4.14243246736461,-1.7976843388178065,14.754682047995438,109.69420949902404,16.1959,16.17866,14.51891,16.23997071588502,16.25409374007452,-0.4995091350280201,-0.39348128955056794,10.993180617553232,-0.769525500207835,2.72414217193458,-1.512729061616051,0.6087812077235188,0.0,947689308.4999999,76727770.0,69416413.33333333,1246328236.6749997,1124759218.5383332,0.7664487055990289,0.7603850098335895,0.4188571428571433,2.5991755684588482,25.669465039686635,26.04050968067054,11.609733344464775,46.95652173913039,19.17,7.609,73.57495026381798,-5.760233918128677,-14.172347677886677,-8.13425455389418,-13.750618506229195,0.7664294418733851,0.5804989109810607,-5.467936615066438,-9.53871433550325,0.7552268715300421,0.593423645791548
1768780800,16.164,16.41,16.065,16.262,59592800,2026-01-19,SHB,2026-01-19,0.9121936084393489,-2.942405252163527,2.482984623140916,-1.2029161603888228,23.88207511236382,111.60702667534159,16.215600000000002,16.19146,14.547485000000002,16.242068742943587,16.254403789483362,0.2861442068131881,0.43566176243525767,11.785645422559288,0.12271378339703265,2.140862550418858,0.6081290722928886,0.30406453614646445,57.10144927536227,969098113.6,76092945.0,69075676.66666667,1237428811.7350001,1118954036.765,0.7831580181316415,0.7831546383999469,0.4012857142857146,2.4676283008591473,24.321584040824224,26.102254806539943,11.609733344464775,53.043478260869605,19.17,7.647,74.76351644537013,-4.900584795321638,-13.389433319130806,-10.61258002282981,-13.622747108902798,0.7690720553951366,0.5825119563234455,-7.539237949318834,-8.832761261068233,0.7591602085645616,0.5947318611462223
1768867200,16.312,16.46,16.115,16.312,54106900,2026-01-20,SHB,2026-01-20,0.3074652564260205,-0.8991494532199273,2.481623421499024,1.5375038904450689,16.157516200242128,113.3124100954623,16.23535,16.216099999999997,14.579880000000001,16.248728862663246,16.256662464405583,0.4721179401737663,0.5913875716109462,11.880207518854746,0.38939130483086615,2.1215102693395793,0.0,0.3074652564260205,57.10144927536271,882591752.8000001,76421395.0,68580285.0,1243725361.66,1111218309.7116666,0.7080072275571521,0.7096355674712663,0.4153571428571435,2.5463287325719928,24.321457338447864,25.62756558559205,11.609733344464775,57.44497194648254,19.17,7.647,75.19743122450751,-4.608187134502928,-13.12313591819343,-8.635485555154276,-10.974526908399973,0.7570370987006989,0.5838121114364225,-5.397731871060785,-5.713858857677945,0.7509366363385336,0.5999689976757787
1768953600,16.164,16.262,16.016,16.213,65842200,2026-01-21,SHB,2026-01-21,-0.6069151544874973,-1.5006075334143332,0.9212573918456313,1.8596469183891573,8.065053655935483,110.96942094990241,16.24275,16.23876,14.610310000000002,16.245326113838175,16.254950210899484,-0.18315864000861826,-0.15863280201195984,10.969582438702519,-0.19898716474910927,1.5080922020598468,0.3003923491907766,-0.9073075036782674,80.08130081300851,1067499588.6,76391970.0,68084908.33333333,1243739881.315,1103658220.8283334,0.861899490221289,0.8582981093050888,0.41885714285714354,2.583464768131398,24.26594735990582,25.585360839629097,11.455007647978093,52.16049382716054,19.17,7.647,74.3382799618155,-5.187134502923973,-13.650404772049418,-6.754796130938101,-12.233809215804282,0.771612461829047,0.5838004872899263,-3.868998894421294,-7.590257330437633,0.7741034102868882,0.6016089060302339
1769040000,16.213,16.312,16.065,16.065,58903900,2026-01-22,SHB,2026-01-22,-0.9128477147967606,-1.2114131103185266,0.0,-0.3102699348432991,5.850958687487662,109.04359141184128,16.24275,16.248620000000003,14.643359999999998,16.22815219823454,16.247501183021072,-1.0943343953456086,-1.1300651993830901,9.708427573999433,-1.0053652211388986,1.5234688213162269,-0.912847714796766,0.0,0.0,946291153.5000001,76345715.0,67940906.66666667,1242996794.7400002,1101288547.3866665,0.7715416641261399,0.7612981445361953,0.42242857142857204,2.6294962429416247,24.50944308756579,25.534881971888705,11.341674390015026,48.96523178807953,19.17,7.685,72.96473661297344,-6.052631578947365,-14.43864507882402,-6.239878114155117,-12.344188411487156,0.7730470759211416,0.5791087732827276,-3.451787745855417,-7.136893098267738,0.792673648361653,0.5975069452612385
1769126400,16.115,16.164,16.016,16.065,49017900,2026-01-23,SHB,2026-01-23,0.0,-0.3102699348432991,-3.5540613555862355,-2.977412731006146,-0.9800295857988139,108.01502006992104,16.21315,16.248620000000003,14.677669999999999,16.212613893640775,16.24034427388299,-0.9137644442936632,-1.1300651993830901,9.451977050853454,-0.9104879361783502,0.9212573918456473,-0.3112356053532347,0.3112356053532439,33.10810810810944,787472563.5000001,73163280.0,66793800.0,1188536045.105,1081891991.455,0.6699795307154081,0.6625567367041288,0.39778571428571496,2.4761015517318077,20.314992391276697,24.887580386314774,11.341674390015026,54.54126325495622,19.17,7.685,72.96473661297344,-6.052631578947365,-14.43864507882402,-8.488378897458093,-13.948862995860855,0.7628723361235894,0.5886074398903455,-6.2543327172881575,-9.542323284099863,0.7945470430325243,0.6148664090887221
1769385600,16.016,16.115,15.425,15.523,75374500,2026-01-26,SHB,2026-01-26,-3.37379396202927,-4.544336489976642,-4.544336489976642,-6.807948610193915,-3.0176183931025946,100.99702188268806,16.1762,16.23678,14.70612,16.1469363799607,16.21221312588758,-4.0380311816125,-4.396068678641951,5.554694236141144,-3.864116172124399,4.295051353874869,-3.0687830687830595,-0.3050108932462048,14.202898550724536,1170038363.5,74086390.0,66852646.666666664,1200762572.15,1081447622.3316665,1.0173865942179123,0.9744127528933655,0.4188571428571433,2.6983002181095364,21.99579963820678,25.769347083281886,13.739363296209447,41.500765696784065,19.17,7.685,68.24553765781452,-9.222222222222232,-17.325308904985093,-10.33198316065972,-17.23877810521359,0.8211470375396591,0.616600833132272,-7.381585567756844,-12.371064786343666,0.8587270562252463,0.6542289698021125
1769472000,15.572,15.819,15.425,15.819,51904700,2026-01-27,SHB,2026-01-27,1.9068479031115304,-3.0223148602256056,-1.8367980142724005,-2.430148646148156,-3.277285233873428,104.82972937977473,16.1614,16.23086,14.73416,16.115704343773967,16.196793003303753,-2.118628336654005,-2.5375118755259995,7.362754306998176,-1.8410882791393024,2.5381691683308647,1.5911872705018468,0.31566063260968225,100.0,821080449.3000001,71275270.0,66927641.666666664,1154693183.79,1082322675.4033332,0.7282287390843977,0.711081056705473,0.42235714285714326,2.669935791498472,23.078161410798074,25.531065459124086,13.879567507245625,41.523153463452,19.17,7.685,70.82281236395296,-7.4912280701754375,-15.748828291435867,-7.658280266555895,-14.069827845977379,0.7695014491097023,0.5728480644358529,-4.578955829498465,-9.565125520591245,0.8185797237708246,0.6145452957655753
1769558400,15.72,15.819,15.572,15.77,42882400,2026-01-28,SHB,2026-01-28,-0.3097540931790932,-2.7323752544254676,-1.2337947015719997,0.31806615776079905,-4.087094027490579,105.2049446974626,16.15155,16.21904,14.761955,16.0827801205574,16.180056022782036,-2.3623119762499645,-2.768597894819913,6.828668695982332,-1.9448137586460912,1.561413490106844,0.31607560528477735,-0.6258296984638756,80.16194331983768,676255448.0,71180860.0,66447021.666666664,1152763347.68,1074803064.3366666,0.6024428476981031,0.5866385753511347,0.394285714285715,2.500226469788935,22.886134802274864,24.756442928950754,13.857199964242772,38.470542333203284,19.17,7.685,70.39616891597736,-7.777777777777784,-16.009799744354492,-3.9730757756300528,-11.17915091088484,0.7157428580678644,0.550834428108513,-1.5588125348534265,-7.19092374340411,0.7755416085251542,0.5970252863212716
1769644800,15.671,15.77,15.572,15.72,41935000,2026-01-29,SHB,2026-01-29,-0.3170577045022105,-2.147525676937445,-2.451132485262164,-2.147525676937445,-3.3685763462011353,102.55121762659454,16.131800000000002,16.2082,14.790550000000001,16.048229632885267,16.16201461012392,-2.552721952912884,-3.0120556261645337,6.284080037591555,-2.0452700415793723,1.2555485098287915,0.31071655041218305,-0.6277742549143928,74.74747474747534,659218200.0,69983760.0,65537611.666666664,1132643864.93,1059952266.4366666,0.5992104453947602,0.5820171904085149,0.38728571428571507,2.4636495819701976,22.604545533473228,24.344593054711048,13.732266992836916,39.22036595067623,19.17,7.761,69.7607152248225,-8.070175438596493,-16.276097145291857,-5.172282522049754,-12.014473218675247,0.6927250429713581,0.530189711414841,-2.912892947022616,-8.537859289554762,0.7474116207276175,0.5739794194834531
1769731200,15.671,15.967,15.572,15.77,53345400,2026-01-30,SHB,2026-01-30,0.31806615776079905,-1.8362900715842012,-2.140862550418854,-1.2337947015719997,-5.342136854741897,102.23134136958194,16.11455,16.19934,14.818975,16.02173157261048,16.146641488158274,-2.1381298267714732,-2.650354891001727,6.417616603037657,-1.5711883042705654,2.5127226463104413,0.6297709923664134,-0.3117048346056084,50.126582278480946,841256958.0,70019130.0,65769975.0,1132293644.3300002,1063487261.05,0.7618689349610599,0.7429671289003728,0.3592142857142866,2.277833137059522,22.654030906102566,24.323565609832578,13.732266992836916,26.219217769193705,19.17,7.836,70.00176460208222,-7.777777777777784,-16.009799744354492,-4.637374158777541,-11.757152749538935,0.6921502424222911,0.5314037073996338,-2.1004809939560776,-8.832113254212636,0.7469975074742241,0.5729883270880621
1769990400,15.77,15.819,15.474,15.523,49881000,2026-02-02,SHB,2026-02-02,-1.5662650602409678,0.0,-2.1741870431056243,-0.633721674561516,-5.841319907800568,96.19565217391303,16.0973,16.1816,14.845954999999998,15.97423332759996,16.12218495921089,-3.567679051766448,-4.070054877144413,4.560467817664815,-2.8247573348032184,2.187698161065318,-1.5662650602409633,0.0,14.202898550724463,774302763.0,69296065.0,65693446.666666664,1119959601.66,1062209431.7766666,0.719824422930797,0.6913666902380508,0.345142857142858,2.2234288291107256,22.682482681188464,24.128707926568616,13.763722387257538,26.841324765200255,19.17,7.912,67.60525848285661,-9.222222222222232,-17.325308904985093,-3.1862648780418668,-10.609127119455087,0.6853910389310367,0.5341466611478672,-0.9729133084604324,-7.839006227407042,0.7386133431306996,0.5741717672197124
1770076800,15.671,15.72,15.474,15.572,53252800,2026-02-03,SHB,2026-02-03,0.31566063260968225,-1.5614134901068444,-2.473852320410852,3.262599469496008,-7.737883635501841,94.94241362043063,16.07755,16.164839999999998,14.869819999999999,15.935925391638058,16.100609078457524,-3.1444467596120074,-3.6674659322331604,4.722182245649242,-2.2836790628363413,1.5847452167751106,-0.6377633189460813,0.9534239515557541,39.83739837398325,829252601.5999999,68083695.0,65168200.0,1099549947.0700002,1054725385.0033333,0.7821667140715556,0.7541745637019321,0.34164285714285814,2.193956185094131,22.578133735798474,23.025269546125983,13.763722387257538,28.571428571428584,19.17,7.912,68.0405045301119,-8.935672514619897,-17.064337452066468,-2.315836166424945,-10.138688755130355,0.6266993980095741,0.4863348447631097,0.36034678852122637,-6.217263084005653,0.6804827511864961,0.5329357273480662
1770163200,15.572,15.671,15.425,15.572,47046700,2026-02-04,SHB,2026-02-04,0.0,-1.2555485098287966,-4.243020538679132,3.262599469496008,-12.48735528829943,96.81496461071788,16.04305,16.15004,14.89221,15.901265830529672,16.079879310674876,-2.9361623880745924,-3.579186181582217,4.564735522800167,-2.0706894283692656,1.5797585409709651,0.0,0.0,59.756097560975306,732611212.4,66379120.0,65138030.0,1070207037.2700001,1054656204.3433334,0.7087575129046604,0.6845509204170661,0.3275000000000007,2.103133829951199,21.367539288003556,23.025269546125983,13.763722387257538,31.590181430096067,19.17,7.912,68.0405045301119,-8.935672514619897,-17.064337452066468,-0.47471619505705664,-10.080308650513613,0.6255490851651092,0.48590514705393084,0.9349683584764845,-6.936493747367045,0.6912996265787906,0.5369397831542945
1770249600,15.572,15.622,15.425,15.425,46304700,2026-02-05,SHB,2026-02-05,-0.9440020549704498,-1.8765903307888077,-5.7209217040523175,-0.9440020549704498,-15.186671798537422,94.02515723270442,15.99625,16.135260000000002,14.913864999999998,15.855907180003037,16.054197769079785,-3.571149488161285,-4.401912333609759,3.4272470617107142,-2.7176444407197464,1.2650911893141483,-0.94400205497045,0.0,0.0,714249997.5,61896600.0,64781243.333333336,994701467.5900002,1048986875.855,0.7480976337957174,0.7180546332464066,0.30992857142857194,2.009261403102573,21.291123457263033,22.125514910558287,13.645354525979988,31.590181430096138,19.17,7.95,66.62210338680926,-9.795321637426902,-17.847251810822318,-1.786799390572824,-12.800729861648374,0.6069224932199294,0.4909395709054065,-0.6698857981107365,-9.050611628971339,0.6655662905445452,0.5399723390858331
1770336000,15.326,15.622,15.129,15.129,62805800,2026-02-06,SHB,2026-02-06,-1.9189627228525241,-4.064679771718449,-6.967162710613706,-5.826330532212898,-18.569352494752145,89.39659489233848,15.939599999999999,16.10864,14.934885000000001,15.786677924764652,16.017915503625677,-5.085447564556189,-6.081456907597427,1.299742180806862,-4.16603118084109,3.196110210696922,-1.2771474878444145,-0.641815235008103,0.0,950188948.1999999,61612870.0,64436250.0,986529501.76,1042464787.475,1.0193617015406033,0.9631632368873233,0.3205000000000006,2.1184480137484343,22.049914188231643,21.455593738703353,14.396076349857086,21.997034107760754,19.17,7.95,63.98395721925132,-11.526315789473696,-19.423732424371543,-0.9491745956182518,-13.402348082738069,0.5694767764616085,0.4680236417008976,-1.0331095408003703,-9.636144287707571,0.629672972853316,0.5083120711932665
1770595200,15.228,15.228,14.833,15.03,53793600,2026-02-09,SHB,2026-02-09,-0.6543723973825077,-3.1759324872769445,-10.295434198746644,-6.732857586099906,-17.571569595261614,88.15723585378066,15.85335,16.07906,14.955829999999999,15.714613360501351,15.979173719169768,-5.193539535807901,-6.524386375820468,0.49592700639149445,-4.3565396411350825,2.610879767334256,-1.3087447947650235,0.6543723973825077,49.873417721518834,808517808.0,58921480.0,64387641.666666664,936795564.3100001,1040708696.5833334,0.9129709572807744,0.863067502455049,0.324071428571429,2.156163862750692,18.072799348496822,21.469524296654043,14.165112978588038,19.063706563706532,19.17,7.988,62.976211768914304,-12.105263157894752,-19.95100127822753,-3.7696768731832133,-14.295501630624974,0.5715763939347239,0.4694572110434701,-3.9264575422070287,-11.212991475158653,0.6336101943490835,0.5103085638854414
1770681600,14.981,15.178,14.735,15.03,45414500,2026-02-10,SHB,2026-02-10,0.0,-3.480606216285642,-8.68772782503039,-6.732857586099906,-16.666666666666675,84.66642093623295,15.78185,16.0485,14.977195000000002,15.649412088072651,15.941951220378797,-4.764016892823086,-6.346387512851681,0.35256935627798747,-3.958053405371964,2.947438456420502,0.3260146373918795,-0.3260146373918804,66.59142212189593,682579935.0,56751045.0,64097405.0,897823067.46,1035210287.1583333,0.8002407708968179,0.7602610800935011,0.3345714285714289,2.226024142191809,17.563260765224147,21.469524296654043,13.830162126583545,20.020273694880856,19.17,8.026,62.8499641062455,-12.105263157894752,-19.95100127822753,-0.8629523472145966,-13.982805612954742,0.5710354420712526,0.4690589573580582,-2.100070289406875,-11.009549508260264,0.6340798601018115,0.5103771432347792
1770768000,15.03,15.474,14.932,15.277,59290200,2026-02-11,SHB,2026-02-11,1.6433799068529709,-1.8944258926277935,-7.187120291616045,-6.6255118880264146,-16.216957332455863,89.47042043904251,15.7227,16.01894,15.000215,15.613944270160971,15.915874701932571,-2.8347548449057736,-4.631642293435156,1.845206885367956,-2.1579702369303844,3.60612109115103,1.6433799068529602,0.0,63.65313653136513,905776385.4,55635950.0,63997795.0,875961588.4300001,1032509391.6683333,1.065681452370275,1.0340366488254782,0.3556428571428575,2.327962670307374,19.02645559558323,21.508800929149814,13.830162126583545,30.984555984555954,19.17,8.026,65.06640344580042,-10.660818713450304,-18.63549211759693,-2.035729907122464,-15.234571256264207,0.5700283626725594,0.48089591079177424,-3.9845659884860667,-12.295315536219753,0.6269505116820887,0.5206156790079232
1770854400,15.277,15.425,15.03,15.129,37459600,2026-02-12,SHB,2026-02-12,-0.9687765922628766,-1.9189627228525241,-6.967162710613706,-6.967162710613706,-11.016351017527349,85.88278658311832,15.666049999999998,15.98642,15.022915000000001,15.567759101574213,15.885016870484236,-3.428113659792986,-5.3634272088435075,0.7061545645435485,-2.8183831642785706,2.5855861752962057,-0.9687765922628768,0.0,25.063291139240473,566726288.4,53348125.0,63888698.333333336,836634891.9399999,1030027899.5616666,0.7021727567744883,0.6773878233620734,0.3732857142857145,2.4673521996544023,18.907533521694965,21.557762498317366,13.727354084470859,28.91891891891889,19.17,8.177,63.24024379150367,-11.526315789473696,-19.423732424371543,-4.2478362412872395,-16.25495971287887,0.5576605602335857,0.4712854995425436,-5.452618001996279,-13.205078066738608,0.6164640163078631,0.5122392436099524
1770940800,15.129,15.228,15.03,15.228,37753700,2026-02-13,SHB,2026-02-13,0.6543723973825077,0.6543723973825077,-5.504188644120378,-6.0753716153703845,-5.210084033613449,86.22966858260976,15.6217,15.948979999999999,15.04569,15.535401091900479,15.859251503014267,-2.520212268831179,-4.520539871515283,1.2117091339779007,-1.978713585069558,1.3087447947650235,0.6543723973825117,0.0,100.0,574913343.6,52295415.0,63526918.333333336,817996093.6949999,1023542570.5133332,0.7219313586095454,0.7028314047357341,0.3381428571428575,2.2205336035123295,19.11399931386215,21.610677048161353,13.8571035372359,41.69949352841868,19.17,8.177,64.14081688347129,-10.947368421052639,-18.896463570515554,-2.575173621210835,-16.693321888263036,0.563153191658889,0.47314902865726965,-2.5378608627374506,-13.096896374144652,0.6189546017751494,0.5111831692806202
1771804800,15.326,15.572,15.178,15.572,54597400,2026-02-23,SHB,2026-02-23,2.258996585237716,3.6061210911510377,-4.243020538679132,-5.106642291285812,-9.195871479386565,86.98366954851105,15.587200000000001,15.919400000000001,15.071024999999999,15.53888670219567,15.847986738190178,-0.09751591049067532,-2.1822430493611655,3.3240937494297906,0.2130995510743361,2.5873391121617964,1.6154452324665003,0.64355135277121,100.0,850190712.8,52045645.0,63047360.0,812050723.655,1014910474.5766666,1.0490291742949867,1.0469674960368656,0.3381428571428574,2.171479945690068,20.751856590784502,21.98371746388838,13.8571035372359,43.23287671232872,19.17,8.253,67.04222771823758,-8.935672514619897,-17.064337452066468,-2.3211502346070945,-17.434615286291823,0.5895169171643356,0.49671018725213445,-1.643509498874729,-12.608249703299768,0.6344095439417111,0.517231528546118
1771891200,15.523,15.622,15.326,15.326,49627800,2026-02-24,SHB,2026-02-24,-1.5797585409709658,1.9693945442448513,-6.0446297204512,-6.605728214503348,-11.899287192458042,84.85104329996382,15.537900000000002,15.89574,15.09471,15.518611778177036,15.827516670025858,-1.3637621557610835,-3.5842307435828724,1.5322586522033221,-1.241166290710971,1.9008476753146635,-1.2650911893141483,-0.3146673516568166,0.0,760595662.8000001,51821690.0,62901021.666666664,805950919.155,1011612453.6066666,0.9576646381080972,0.9437245429255758,0.34164285714285725,2.2291717156652564,21.20592389816019,22.197165253346345,14.114405601836634,39.02077151335312,19.17,8.253,64.78886140881194,-10.374269005847959,-18.374520664678307,-4.663265464835442,-19.457631316145097,0.5864007069452906,0.48923272738795714,-4.377971045051664,-14.55145138795023,0.6248639970200519,0.5051175082790682
1771977600,15.375,15.967,15.277,15.967,106131300,2026-02-25,SHB,2026-02-25,4.182435077645841,4.516593572036398,-1.517300931351384,-2.115007356547327,-11.9547835676868,91.72670509125842,15.5256,15.88786,15.120339999999999,15.56131541835065,15.832986604534648,2.843046323491527,0.4981161717185323,5.599477260431995,2.607006996149863,4.502153203706129,3.8627169515855444,0.3197181260602866,100.0,1694598467.1000001,53836145.0,63828643.333333336,837305863.08,1026133563.2583333,1.971376293752088,2.0238702985626777,0.37678571428571445,2.359777755907274,26.458784894990266,23.843980760853956,14.306432088202877,54.726368159203986,19.17,8.287,70.56877699163833,-6.6257309941520575,-14.960587984661267,-0.21627835837106923,-13.681692808411272,0.5610477841043476,0.43565382433150335,-0.039686264800065096,-9.069859263287183,0.6239318789084949,0.4679242138263825
1772064000,16.065,16.065,15.77,15.917,45204400,2026-02-26,SHB,2026-02-26,-0.313145863343145,5.208539890276964,-0.9212573918456313,-1.52808710715171,-14.096821199201248,91.97925461343624,15.518199999999998,15.88096,15.145719999999999,15.595190140412493,15.836281247494075,2.569885682617845,0.22693842185863566,5.092395739522448,2.0635199487153866,1.8475605937245676,-0.926911755495719,0.6137658921525624,49.830508474576064,719518434.8,53151170.0,63287660.0,825967227.145,1017203017.2116666,0.8504873928457266,0.8711222566142897,0.36964285714285733,2.3223148655076793,26.28847949319169,23.781038534008108,14.306037459369,52.812858783008046,19.17,8.287,70.10934484976568,-6.918128654970768,-15.226885385598631,-0.7571340178090025,-14.734861541611721,0.5493530314679443,0.4282735579189501,-0.3195333781111587,-9.91832590061632,0.61079407629407,0.4608104559371713
1772150400,15.917,15.917,15.622,15.72,38821900,2026-02-27,SHB,2026-02-27,-1.2376704152792573,3.230890464933034,-2.147525676937445,-4.495747266099636,-16.276097145291857,88.76080691642653,15.50095,15.871099999999998,15.16906,15.607076793706542,15.831721198572739,1.4131391946945238,-0.9520449118208485,3.6319982912586646,0.7235384805628353,1.8533643274486393,-1.2376704152792561,0.0,33.220338983051114,610280268.0,52641370.0,62481168.333333336,817107612.37,1003449360.9449999,0.7374789067989682,0.7468786959772624,0.3660714285714287,2.328698655034534,26.632530987277008,23.594540977311095,14.29524623854187,53.84315255559893,19.17,8.287,68.29918221078745,-8.070175438596493,-16.276097145291857,-2.6574706734362574,-16.396173365268872,0.5350419230467373,0.41786358232736737,-1.3769843247119606,-11.680379846484856,0.604896988418621,0.45970187101684334
1772409600,15.08,15.622,14.981,15.425,88122000,2026-03-02,SHB,2026-03-02,-1.8765903307888077,-0.9440020549704498,-0.6313212652193423,-6.566115452177601,-16.976155874912536,82.71736555318645,15.49605,15.8573,15.191139999999997,15.589736146686871,15.815771347648319,-0.458503941326982,-2.726189199926843,1.53944996886346,-1.0566961822627174,4.077608142493638,2.1946564885496223,-4.071246819338425,69.26677067082696,1359281850.0,53278745.0,63126476.666666664,826569786.6949999,1012510685.42,1.6539804006269292,1.6444852834931507,0.4012857142857144,2.601528131511925,24.643972410716106,23.870612254986874,11.170795956221735,47.383410466358164,19.17,8.287,65.58853257373886,-9.795321637426902,-17.847251810822318,-0.7604081113781858,-16.17117862307149,0.5521161701026276,0.43676696764038936,0.42807999838606614,-11.22835428456186,0.6137015377743638,0.48073962764600187
1772496000,15.425,15.474,15.129,15.277,53183400,2026-03-03,SHB,2026-03-03,-0.9594813614262621,-0.3197181260602977,-3.4262595612870705,-7.736441599226962,-13.888732314976615,80.96422648661455,15.468950000000001,15.847439999999999,15.2129,15.559951751764311,15.794643059505248,-1.240872845280394,-3.5995719182404184,0.42135293073641833,-1.8184616268635212,2.2366288492706685,-0.9594813614262655,0.0,42.898550724637516,812482801.8,53342680.0,63069295.0,826139904.3199999,1010428405.7933333,0.997014023292418,0.9834687775659,0.40835714285714314,2.6730191978604645,23.755327781218146,23.919747025885695,11.023362976617896,45.011836320595194,19.17,8.287,64.22861343379581,-10.660818713450304,-18.63549211759693,-2.4778848002928067,-14.960020686034115,0.5465309322820293,0.44078925843728506,-0.42954688528650253,-9.577994262539347,0.5909838200959989,0.4809057679635657
1772582400,15.228,15.326,14.784,15.277,87559100,2026-03-04,SHB,2026-03-04,0.0,-4.321412914135414,-3.126188966391885,-8.821247388839149,-10.145865192330316,79.98350612629595,15.444299999999998,15.839559999999999,15.231715,15.533003965881996,15.774343331681512,-1.0832475411640452,-3.551613807454246,0.29730729599390937,-1.6481291477444149,3.5478169797735144,0.32074360149243625,-0.32074360149243475,90.9594095940957,1337640370.7,55576515.0,63566618.333333336,859209150.4549999,1016604185.7466666,1.5754694226509165,1.5568274267000575,0.43300000000000033,2.834326111147479,23.75550511976987,23.76462689387582,11.197037380280522,47.3665480427046,19.17,8.287,64.22861343379581,-10.660818713450304,-18.63549211759693,-3.9781449708513272,-15.673339745171456,0.5404788794032213,0.4381621767709009,-1.0932717301578854,-10.009211558557174,0.5849749390893214,0.478613911086336
1772668800,15.425,15.474,14.932,15.03,67258100,2026-03-05,SHB,2026-03-05,-1.6168095830333185,-5.5726581642269295,-4.389312977099246,-10.295434198746644,-13.356776387848058,77.95406109400899,15.4098,15.82674,15.250345,15.485098826274186,15.745153397105767,-2.464665342833794,-5.0341384264858124,-1.4448525590732508,-2.93894686356152,3.5478169797735144,-2.5855861752962057,0.9687765922628877,18.081180811807933,1010889243.0,56842670.0,63625943.333333336,876792702.6049999,1015664505.7466666,1.1832325962168913,1.1529398454122528,0.4365000000000003,2.904191616766469,24.31939834666557,23.95337017826618,11.675828521374475,48.20717131474103,19.17,8.287,61.95901865294494,-12.105263157894752,-19.95100127822753,-4.032835219768582,-15.62139834676709,0.5512684117255662,0.44281332414137914,-0.6141393745870856,-9.918021526705955,0.5966420382693151,0.4837814035316955
1772755200,14.981,15.375,14.735,15.178,73881300,2026-03-06,SHB,2026-03-06,0.9846972721224256,-3.44783715012722,-3.753963221306267,-11.23976608187135,-13.486092111263105,80.60447405997147,15.380200000000002,15.82082,15.270135,15.455851319009978,15.722912087415345,-1.314677312388668,-4.063126942851247,-0.603367291775736,-1.7977095746788962,4.258150365934801,1.3107119095143112,-0.3260146373918804,69.21875000000016,1121370371.4,57869465.0,63494006.666666664,890798373.275,1011041724.4366666,1.2766888375415255,1.2588374710174957,0.45400000000000035,2.9911714323362784,24.62572047726603,23.62532386807934,11.675828521374475,52.63345195729541,19.17,8.287,63.318937792887986,-10.98469297988387,-19.162760971452908,-0.4079456383119018,-13.322606181884623,0.47386637592354774,0.39634668583365257,2.4347933618221957,-7.8016147727876355,0.5266869914570717,0.43914582298711086
1773014400,14.34,14.685,14.143,14.143,123396700,2026-03-09,SHB,2026-03-09,-6.819080247726972,-8.311183144246348,-8.890034142884751,-17.05471819834613,-19.385544915640672,69.64135780256689,15.3112,15.78632,15.284749999999999,15.330817860056648,15.660954750653959,-7.629708971210613,-10.409772511896376,-7.469863753087214,-7.7479092824618405,3.570957965476346,-1.2979312162340173,-5.521149031492955,0.0,1745199528.1000001,61545250.0,64747358.333333336,939343211.53,1026431996.9783332,2.004975201173121,1.8578933734533765,0.49628571428571455,3.509055464086223,33.87139140285323,27.256260053738245,24.64194832066241,38.46553966189859,19.17,8.287,53.80869245612423,-15.589376305580416,-24.67511717085641,-0.3813156264164448,-12.193559118426256,0.644637093609472,0.5646995286896447,2.2659247656673145,-7.0109199229979495,0.6841582120643114,0.5943589256564203
1773100800,14.34,14.538,13.946,14.291,79944700,2026-03-10,SHB,2026-03-10,1.0464540762214591,-6.454146756562141,-8.226303621885434,-13.435096008237934,-17.37873619702839,70.55734574531569,15.24715,15.753800000000002,15.299475,15.2317875876703,15.60723103494204,-6.271008024450464,-9.285378765758113,-6.591566050469044,-6.176475231520695,4.185816304885813,-0.34646114685709883,1.392915223078539,58.27702702702708,1142489707.7,62879845.0,65110298.333333336,955005066.835,1029468484.3616668,1.271388312105413,1.1963179540882922,0.49985714285714317,3.497705848835933,34.18620444780491,26.718104274245174,24.64194832066241,36.839295248264825,19.17,8.337,54.96169112895781,-14.706057893166214,-23.886876864081806,-0.6896321759827018,-9.725840960343234,0.6551520930299226,0.5902593593646593,-0.18051073109657345,-6.422187883712505,0.6608505951251239,0.6094174286807248
1773187200,14.34,14.636,14.193,14.538,52147100,2026-03-11,SHB,2026-03-11,1.7283605066125585,-4.837337173528833,-6.640123298227585,-11.142350712059168,-17.134062927496586,73.15388280133395,15.19545,15.72326,15.315645000000002,15.165712579320749,15.565300406120784,-4.326624088131636,-7.538258605403714,-5.077455112076579,-4.139024632292376,3.0998530543698806,1.3854873696732237,0.34287313693932564,77.878103837472,758114539.8000001,63134865.0,65055498.333333336,956280233.2049999,1026987498.84,0.8259635939666616,0.7927744540521956,0.5032857142857144,3.461863490753298,34.999224374775004,26.97709290865576,24.64194832066241,42.3146944083225,19.17,8.337,57.241761284962614,-13.231871083258717,-22.571367703451216,-3.1183557717264,-9.694017435746826,0.6589756323023772,0.6074386682062594,-1.6984426741423642,-6.410066533050995,0.6637023451952537,0.6241938153151727
1773273600,14.39,14.883,14.242,14.735,83295200,2026-03-12,SHB,2026-03-12,1.3550694731049528,-1.9627411842980669,-4.4732576985413335,-9.38998893125077,-17.855948266250422,75.3331746787244,15.16095,15.69666,15.33259,15.124692333671154,15.532739605880753,-2.8095205115774458,-6.126526280113098,-3.8975150317069773,-2.576530649840769,4.409134681524269,2.37309120924473,-1.0180217361397736,76.91107644305771,1227354772.0,64984390.0,64968425.0,981935471.93,1023451649.4533333,1.281772437965487,1.249934244240741,0.5349285714285715,3.6303262397595626,35.4042362696873,27.144483833050376,24.86895169464902,43.74841491250317,19.17,8.337,59.06027877780854,-12.056102655923606,-21.522155943757994,-0.3808288321918152,-7.240226744400024,0.6422239898354224,0.5903920895224544,1.0856549949948553,-3.6515777646128225,0.6381879642938827,0.6006100300243172
1773360000,14.439,14.735,14.39,14.735,57514000,2026-03-13,SHB,2026-03-13,0.0,-2.918698115693774,-2.604269945138482,-9.116141368038,-17.1725688589095,75.3331746787244,15.141250000000003,15.658219999999998,15.349115,15.087578778083426,15.501455699767783,-2.683067778419901,-5.89607247822549,-4.000979861053877,-2.336881107759914,2.3413640990838065,2.008822531387848,-2.008822531387844,100.0,847468790.0,64719800.0,65278816.666666664,976799464.0199999,1027067268.0116667,0.8886615842446979,0.8675975174190392,0.5314285714285715,3.606573270638422,34.82225356573333,27.144320358780718,24.755889691722345,38.371769936093365,19.17,8.337,59.06027877780854,-12.056102655923606,-21.522155943757994,0.7708560880488324,-7.793263847648003,0.6484976026431278,0.5921349286876131,2.0263124792286757,-4.319995542194899,0.6429077480697867,0.6021217416336486
1773619200,14.636,15.08,14.488,14.981,84195400,2026-03-16,SHB,2026-03-16,1.6694944010858581,5.925192674821456,-0.3260146373918804,-7.036922122246347,-14.846814073779345,78.2603522132318,15.1388,15.6326,15.36603,15.077428418265956,15.48104567232591,-1.0423547441012482,-4.16821258140041,-2.5057220375074185,-0.6395548072981483,4.017645062775708,2.3413640990838185,-0.6718696979979621,83.277027027027,1261331287.4,66239890.0,65759653.333333336,999440137.99,1033224657.8349999,1.271067932027061,1.2620378544498885,0.5525714285714287,3.688481600503496,35.31274847820545,27.37884154312498,24.9158492623283,45.20700194498471,19.17,8.337,61.33111788055016,-10.587884213667554,-20.211972731146144,3.184886765601014,-6.7019995252718285,0.6484002961288914,0.584256447914998,4.539086119892167,-3.331659401970299,0.6449353399684713,0.5964240830340334
1773705600,15.03,15.08,14.833,14.833,48614400,2026-03-17,SHB,2026-03-17,-0.9879180295040313,3.7925967392064885,-1.310711909514295,-5.9416613823715885,-15.210929461529666,76.66746069556932,15.12895,15.60696,15.382204999999999,15.054149521288247,15.455632116548424,-1.956183343854001,-4.959069543331951,-3.570391891149538,-1.469027001329548,1.6487550897803875,-1.3149989987317212,0.3270809692276888,0.0,721097395.2,66399885.0,65476800.0,1001366011.0,1028004865.8883332,0.7321458463369327,0.7201137119482279,0.5209285714285715,3.511956930011269,35.489247290098476,27.11366264740293,24.757948637951255,31.745009658725053,19.17,8.354,59.90199704142012,-11.471202626081755,-21.000213037920744,1.182974059368791,-9.791341688888721,0.6366566850337932,0.5613585152253407,2.682462851448608,-6.296235224248792,0.629283105759402,0.572812857283568
1773792000,14.833,14.981,14.685,14.883,46241800,2026-03-18,SHB,2026-03-18,0.3370862266567798,2.3730912092447376,-2.579040387510634,-5.028396400995472,-13.213598460551646,77.45320138309286,15.109249999999998,15.585280000000001,15.39947,15.037849566879842,15.433175955115153,-1.4974270728196237,-4.506046731274649,-3.353816722263825,-1.0297321182204944,1.9955504618081261,0.3370862266567716,0.0,66.89189189189156,688216709.4,65747465.0,65429871.666666664,990488027.2,1026662143.0033333,0.7033244551710093,0.6948258742162814,0.5209999999999999,3.500638312168245,34.96561120163859,27.103659585982033,24.757948637951255,33.35479716677398,19.17,8.354,60.36427514792898,-11.172784243509405,-20.73391563698339,2.0412673732929982,-9.148662985038104,0.6365302503987444,0.5614545460437526,4.020989598995451,-4.974915889293941,0.6287706067769682,0.5726681381956052
1773878400,14.735,14.932,14.538,14.784,65431900,2026-03-19,SHB,2026-03-19,-0.6651884700665134,0.3325415676959764,-2.280388657545107,-5.660136557973317,-11.763652641002675,75.91623036649216,15.092000000000002,15.55866,15.416450000000003,15.013673417653191,15.407718074522403,-2.0408163265306256,-4.978963484001831,-4.102436034236168,-1.5297616463612385,2.6473157293556415,0.32923469730565924,-0.9944231673721715,62.43654822335034,967345209.6,67146080.0,65574450.0,1010518973.26,1027960528.4766667,0.9744708849719894,0.9572756526077698,0.5280714285714285,3.5719117192331473,34.88289288612608,27.13043418630442,24.756873478151903,34.44148936170211,19.17,8.446,59.101081685938084,-11.763652641002675,-21.26118449083937,4.056672899488989,-6.848216454113099,0.6541313872281507,0.5698879814158616,5.767338310869997,-2.744754882780776,0.6491955279362926,0.5822509307068322
1773964800,14.685,14.883,14.587,14.685,35688500,2026-03-20,SHB,2026-03-20,-0.6696428571428603,-0.3393281303019968,-3.5657998423955783,-5.0988755331523805,-14.12280701754386,63.311832740213504,15.064850000000002,15.53006,15.432305000000001,14.982371187400506,15.379376189247015,-2.521432340846419,-5.441447103230768,-4.842471685208405,-1.984807235656938,2.002164502164498,0.0,-0.6696428571428603,33.10810810810843,524085622.5,67042820.0,65355335.0,1007977587.2050002,1024100639.1916667,0.5323239684726866,0.5199377735701703,0.4964285714285713,3.3805146164696716,34.82374214685869,27.048399096778148,24.582370717142865,36.84210526315788,19.17,8.908,56.295069187292924,-12.354521038495959,-21.78845334469536,6.098196999865491,-3.554356335704867,0.6217379824992818,0.5618087788149246,7.364826718060969,0.16785962846936897,0.6190277975587403,0.5737354153929234
1774224000,14.538,14.587,14.094,14.193,85660000,2026-03-23,SHB,2026-03-23,-3.350357507660884,-5.259995994926914,-8.855638325199077,-10.555835644063528,-17.000000000000004,50.11105235325224,14.9959,15.496559999999999,15.444859999999998,14.90719297907665,15.332851632805957,-5.354130128901902,-8.411931422199503,-8.105350258921085,-4.790928648197368,3.357167177391899,-2.34933605720123,-1.0010214504596493,20.081135902636944,1215772380.0,68595950.0,65578180.0,1026256670.5650002,1025245401.985,1.248761770920878,1.184666969648697,0.5139999999999999,3.6215035580920167,35.348153134867154,27.307996311455096,25.911495840447156,32.82636248415716,19.17,8.908,51.50068212824009,-15.290957923008053,-24.40881976991904,5.60402600114195,-5.438899246491703,0.6427887488963654,0.5984000464795866,5.7904054045783475,-2.0229982470990286,0.6389825823115828,0.604675527003805
1774310400,14.488,14.538,14.193,14.242,34929600,2026-03-24,SHB,2026-03-24,0.3452406115690865,-3.9843591990831206,-7.072947931619467,-10.52333982534397,-15.986314299197735,46.08677813109037,14.9417,15.46206,15.45808,14.843841266783635,15.290073137401802,-4.682867411338732,-7.8906691605128865,-7.866953722583913,-4.0544846577575955,2.4307757345170202,-1.7332487846121232,2.0784893961812267,14.202898550724976,497467363.20000005,67861040.0,65368041.666666664,1013100255.5849998,1020925512.1333333,0.5147224386776271,0.4910346833470542,0.49992857142857133,3.510241338495796,35.18397005337256,27.310833557358478,26.052144884489536,33.853354134165386,19.17,8.908,51.9781718963165,-14.998507908087133,-24.14784831700042,6.465673415335482,-5.2696007755232195,0.6447382560335055,0.5992031007275274,6.613572291702562,-2.0858656881263986,0.6382125444419601,0.6046008454628364
1774396800,14.39,14.784,14.291,14.784,76541900,2026-03-25,SHB,2026-03-25,3.8056452745400815,-0.6651884700665134,-7.409031126698817,-7.973856209150332,-10.713854330233119,50.995812480849764,14.88255,15.4325,15.474430000000002,14.838142098518526,15.270227132013495,-0.6621849078282893,-4.202170743560663,-4.4617475409433505,-0.3648846207230383,3.4615924729672822,2.7664653840752713,1.0391798904648253,100.0,1131595449.6000001,66381570.0,65536561.666666664,984950104.71,1021998616.3683333,1.153059501304353,1.148886064571948,0.49992857142857133,3.3815514842300547,34.56119250457104,28.419134867006058,26.052144884489536,46.48571428571431,19.17,8.908,57.25979341259014,-11.763652641002675,-21.26118449083937,3.4845639423802925,-2.671833970810612,0.6984656778608628,0.6232156778496976,4.052005933467839,0.6168715471359327,0.6898564053522324,0.6261491544645652
1774483200,14.735,15.03,14.538,14.932,67867100,2026-03-26,SHB,2026-03-26,1.0010822510822415,1.0010822510822415,-6.188352076396297,-7.0525988173047,-10.356006483760583,51.210126582278484,14.8333,15.403920000000001,15.491520000000001,14.847080946278666,15.256963322914928,0.6653947536960914,-3.0636357498610822,-3.6117824461382786,0.5719579089559668,3.3279220779220715,1.3325216450216515,-0.33143939393940336,80.08130081300831,1013391537.2,67514705.0,65670530.0,999643759.8300002,1022869260.5716667,1.0052195295824813,1.013752676625859,0.48935714285714266,3.277237763575828,34.89861963177515,28.51147510188759,26.173087997372324,46.48571428571427,19.17,8.908,58.70200740596374,-10.880334228588474,-20.472944184064758,6.314574015834129,0.1431803210300906,0.6975461105347216,0.6179634273685392,7.270306164416917,3.957550869460958,0.6854782061074298,0.617947416375126
1774569600,14.932,15.228,14.833,15.178,69844300,2026-03-27,SHB,2026-03-27,1.6474685239753484,3.3571671773918954,-3.44783715012722,-8.879149906946026,-9.146414461869979,53.701265822784826,14.8062,15.38224,15.510494999999999,14.878597046633079,15.253866722016303,2.5111102105874528,-1.3277650069170588,-2.143677555100587,2.0123063513886486,2.64532547548888,1.6474685239753577,0.0,87.341772151899,1060096785.4000001,69065825.0,64956825.0,1022134585.7,1009259414.3916667,1.011271493535334,1.0371401185627644,0.4436428571428569,2.9229335692637823,35.365076058700886,27.647035386975695,26.33525280113817,69.08889708594616,19.17,8.908,61.09920093549016,-9.412115786332432,-19.162760971452908,7.58905531023878,-2.708027752157548,0.6882025161384883,0.6346126004967207,8.20342997731306,1.0856076716574297,0.6768808933255098,0.6353543785674862
1774828800,14.981,15.228,14.784,15.228,85561300,2026-03-30,SHB,2026-03-30,0.3294241665568576,7.292327203551041,-1.27714748784441,-6.358381502890175,-9.113697403760067,46.12801074752903,14.796349999999999,15.351700000000001,15.529285,14.91187351838231,15.252852340760763,2.917273516779484,-0.8057739533732455,-1.9401086399019607,2.11996488052284,2.9252865990248984,1.6273553827908807,-1.2979312162340273,100.0,1302927476.4,68937790.0,65434308.333333336,1019316867.0200001,1015549741.955,1.241137843264195,1.2782359622961437,0.4330714285714282,2.8439153439153415,34.800035320933404,27.267375518560407,26.20454539670639,67.929582854956,19.17,8.908,61.58643539271096,-9.113697403760067,-18.896463570515554,8.66597585325304,-1.750411798096307,0.6740554425734739,0.6210632244792939,8.611202630270721,1.9550062443633998,0.6640090515194117,0.6227145635143069
1774915200,15.08,15.326,15.03,15.326,96443300,2026-03-31,SHB,2026-03-31,0.64355135277121,7.611290549080185,0.32074360149245695,-4.896059571827482,-6.889428918590523,47.06841953747243,14.7988,15.32902,15.54791,14.951314135679233,15.255720876417204,3.562451009541312,-0.019701194205501427,-1.4272657868485195,2.5060396759815973,1.9437877593906039,1.615445232466512,-0.9718938796952958,100.0,1478090015.8,71100785.0,65239578.333333336,1052597227.72,1011143438.6100001,1.3564308748489908,1.4042313402265436,0.4225714285714283,2.7572192912138087,34.703910406819645,27.255666045058717,26.32552645958053,65.99025974025976,19.17,8.908,62.54141492886377,-8.528797373918229,-18.374520664678307,7.967698607724749,-1.6985800944312568,0.6734628675950948,0.6210235750080549,6.943348036636765,2.0409740553387508,0.6625581520336122,0.6237257109142512
1775001600,15.375,15.425,14.981,14.981,79845400,2026-04-01,SHB,2026-04-01,-2.2510766018530637,1.3325216450216448,-1.9375531845257532,-6.175236425126829,-12.6421365677299,45.51724137931035,14.784,15.299440000000002,15.56481,14.95414136085264,15.244947508714569,1.3325216450216448,-2.0813833708946405,-3.750832808110083,0.1796066955584097,2.897037713689161,-2.5707947279133507,0.3197181260602866,0.0,1196163937.4,70715100.0,65824158.333333336,1045523406.0550001,1019165301.3966668,1.129113866769615,1.1440814528613963,0.4085,2.7267872638675654,35.64480915956359,27.56810352562725,26.734949755248184,54.70903522205208,19.17,8.908,59.179497174040144,-10.587884213667554,-20.211972731146144,4.405839160945491,-3.217131982556576,0.6528086691832022,0.5967809142846635,2.9021374923358323,0.29598417507612496,0.6369235962120878,0.5959316926695184
1775088000,14.932,14.932,14.538,14.636,110127300,2026-04-02,SHB,2026-04-02,-2.3029170282357736,-1.9823198499866135,-2.621423819028612,-9.177784672665211,-13.91600988119045,37.13107842218682,14.7643,15.26692,15.58173,14.92384218362858,15.221067214255175,-0.8689880319419196,-4.132595179643317,-6.069480089823154,-1.928740468351664,2.6299979974634544,-1.9758360590080843,-0.3270809692276888,24.87309644670024,1611823162.8,72858560.0,66561663.333333336,1075570102.045,1028335556.5266666,1.5115217758901631,1.4985756481473524,0.41550000000000004,2.8388904072150867,36.1189016620896,27.85180886791106,27.115071374061188,48.32600608725058,19.17,8.908,55.817579419216514,-12.64697105341689,-22.04942479761398,3.6649666349915506,-5.098323469427889,0.6555173290313814,0.5924439125464077,1.9993219241408955,-1.3801034267081,0.6390088857977148,0.5898812487995739
1775174400,14.85,14.9,14.4,14.9,52368000,2026-04-03,SHB,2026-04-03,1.8037715222738449,-1.831598366056142,-1.831598366056142,-7.5395594166925095,-12.615095888804163,39.60460976295326,14.750399999999999,15.242619999999999,15.599095000000002,14.921571499473476,15.208476343107915,1.0142097841414621,-2.247776300924631,-4.48163819760058,-0.1445658687775353,3.416233943700465,0.34162339437005135,1.4621481279037951,100.0,780283200.0,71782895.0,66557163.333333336,1058515743.475,1027202587.0266666,0.7295331290274654,0.7371484125861079,0.4089285714285714,2.744487056567593,36.56174509596691,28.13580140143845,27.115071374061188,48.638655462184886,19.17,8.908,58.39017735334242,-11.07132199343479,-20.643374520664672,2.9086496201869543,-1.9105001336480525,0.6507922535983193,0.5806322174585118,1.6743542962307068,1.9747292523412456,0.6329211710891568,0.5766836466130555
1775433600,14.8,14.8,14.5,14.5,35893400,2026-04-06,SHB,2026-04-06,-2.684563758389269,-4.780667192014709,2.524216927101741,-8.621124275270986,-17.809772134678603,38.58358023511421,14.76825,15.20738,15.614025000000002,14.881421832856955,15.180692957103684,-1.8163966617574911,-4.651557335977663,-7.134771463475953,-2.5630738590771363,2.013422818791951,-2.013422818791951,-0.6711409395973145,0.0,520454300.0,67407730.0,66083015.0,997278482.07,1018860431.7533333,0.5324819571879961,0.5218745910567724,0.4198571428571429,2.8955665024630544,28.488397417604176,28.48061185792486,17.210976959239247,44.840409048652,19.17,8.908,54.492301695575904,-13.458669054013717,-22.773753728163616,1.1810335825752194,-2.2797017747118176,0.6610367236260614,0.5828373982018419,-0.5947637042194698,0.8643539667385944,0.6319444035110575,0.5688312221725963
1775520000,14.7,14.7,14.45,14.7,51817400,2026-04-07,SHB,2026-04-07,1.379310344827589,-4.084562181913098,2.861941081799735,-7.935116177115309,-17.141085620878194,40.495077893529576,14.7887,15.17514,15.630175,14.864143563061054,15.16184225290354,-0.5997822661897301,-3.131041954143432,-5.95114897945801,-1.1042920997410777,1.7241379310344827,0.0,1.379310344827589,100.0,761715780.0,66001365.0,65654968.333333336,978239785.6850001,1010931599.8633333,0.785095884001793,0.7786595793245294,0.41657142857142865,2.833819241982508,28.652885367271878,28.608283486076424,17.210976959239247,47.290494521764884,19.17,8.908,56.44123952445915,-12.264995523724265,-21.708564124414153,2.8136327674020745,-0.2969346292176933,0.6674628560998201,0.580474539721534,2.644190014819503,2.522285717863194,0.637361119575142,0.5672448216627859
1775606400,15.0,15.35,14.85,15.3,80529600,2026-04-08,SHB,2026-04-08,4.081632653061229,2.1293638608904653,5.241436236070984,-5.9156315336367005,-14.232860586355722,45.064947378401435,14.8268,15.156880000000001,15.649980000000001,14.905653699912381,15.167260203770068,3.1915180618879324,0.944257657248726,-2.236296787599734,2.6456156034937006,3.4013605442176873,2.040816326530617,2.0408163265306145,90.00000000000021,1232102880.0,67420490.0,65644825.0,1001939202.695,1009475491.0566667,1.1944380706814797,1.2297182071386261,0.43485714285714294,2.8422035480859016,31.44637529574257,29.613785225929806,17.210976959239247,56.652913873130466,19.17,8.908,62.28805301110894,-8.683974932855854,-18.512995313165735,3.6092342387787912,-0.2736499910760859,0.6929818817504066,0.6142824454017258,3.0683513762341574,1.9894219774947652,0.6584603148235204,0.6037461948981516
1775692800,15.2,15.5,15.05,15.5,85696800,2026-04-09,SHB,2026-04-09,1.3071895424836555,5.903252254714397,5.191720393620636,-5.262514516227624,-12.631756947184492,57.63246211735991,14.86505,15.14558,15.670345000000003,14.962258109444535,15.180308823230066,4.271428619479911,2.3400886595297044,-1.0870532844044156,3.593988865998976,2.94117647058823,1.9607843137254948,-0.6535947712418388,100.0,1328300400.0,67540570.0,64807186.666666664,1006986484.095,994541141.205,1.2688196146405042,1.3190846361694433,0.4458571428571429,2.876497695852535,31.425002999748624,29.718012055625376,17.210976959239247,60.24126664991202,19.17,8.908,64.23699083999219,-7.4903014025663905,-17.447805709416276,3.6083183311619305,1.144176725230472,0.6806883645761596,0.6031846396954086,2.22312161955891,2.4046841260292435,0.6582412498653933,0.6006842105067847
1775779200,15.55,15.55,15.2,15.4,105591400,2026-04-10,SHB,2026-04-10,-0.6451612903225823,3.3557046979865834,4.513064133016642,-5.300701020784649,-14.148734530047935,52.06872716500443,14.898299999999997,15.132279999999998,15.690649999999998,15.003947813306961,15.188924163495553,3.3674983051757756,1.769198032285968,-1.852377052575882,2.6396531874216533,2.2580645161290414,-0.9677419354838732,0.3225806451612856,57.14285714285722,1626107560.0,69944440.0,65425703.333333336,1045918422.595,1003082462.7916666,1.5096467996598444,1.5547173898758837,0.4286428571428572,2.7833951762523195,31.582109404105786,29.72119081641659,17.041534958937977,66.82464454976304,19.17,8.908,63.26252192555057,-8.087138167711128,-17.980400511291005,1.3437013070014547,1.011200044582882,0.679448692206251,0.6023285254559703,0.48684488398771375,1.3772261986170538,0.6526035671206218,0.596457501946398
1776038400,15.2,15.25,14.95,15.0,115190900,2026-04-13,SHB,2026-04-13,-2.5974025974025983,3.4482758620689724,0.12682731459849883,-10.474485228290053,-16.14958913298675,58.64621893178212,14.899249999999999,15.12182,15.708954999999998,15.003571831087251,15.181515372770237,0.676208533986622,-0.8055908614174712,-4.5130627721576495,-0.023806538386084153,1.9480519480519525,-1.298701298701294,-1.2987012987013102,16.666666666666863,1727863500.0,71494215.0,65551861.666666664,1069245033.225,1001826911.8416667,1.611191898533329,1.6159658883693946,0.4361428571428573,2.9076190476190487,32.634329208921606,29.446993723445146,18.130550936862306,59.62417470797358,19.17,8.908,59.364646267784046,-8.869987849331718,-20.11077971878994,-3.7563295295023558,-4.169253862467325,0.658533539908829,0.5892389402250622,-3.794942365755949,-3.043611867523998,0.6409187273661866,0.5901743759261447
1776124800,15.1,15.15,14.8,15.1,98761800,2026-04-14,SHB,2026-04-14,0.6666666666666599,2.7210884353741527,1.8000404503471845,-8.262454434993927,-15.353999663658268,64.07693143540149,14.912600000000001,15.107439999999999,15.727540000000001,15.0127554662218,15.17831869148513,1.2566554457304369,-0.049247258304507824,-3.990070920182065,0.5811360477728345,2.333333333333331,0.0,0.6666666666666599,85.7142857142855,1491303180.0,74001585.0,65717505.0,1107755322.465,1002314800.3083333,1.334590333436777,1.346238785548348,0.42242857142857154,2.7975402081362355,32.48041250323651,29.305815381728717,18.338260210968564,54.519450800915315,19.17,9.665,57.180431351920035,-8.262454434993927,-19.57818491691521,-2.02153366866189,-1.57382164240566,0.6826603949580708,0.6118015379192633,-2.0907609266442417,-1.4340360376092658,0.647360561308758,0.6009458732046892
1776211200,15.1,15.4,14.95,15.4,71780700,2026-04-15,SHB,2026-04-15,1.9867549668874274,0.6535947712418277,3.473762010347392,-6.439854191980565,-7.268019509845236,56.61547849079629,14.93845,15.10004,15.747404999999999,15.0496358980102,15.187012076132772,3.089677978639016,1.9864848040137773,-2.2061095145517573,2.3280569999445833,2.980132450331133,1.9867549668874218,0.0,100.0,1105422780.0,75278530.0,65553981.666666664,1128615625.9950001,998355080.5416666,0.9535348259324405,0.9794501817440698,0.41942857142857165,2.723562152133582,33.15484949527475,29.62364145792764,18.338260210968564,56.41447368421051,19.17,9.665,60.33666491320358,-5.590975968612066,-17.980400511291005,-1.5920846605592898,-1.4890507883362218,0.69327868922287,0.6186411168220342,-1.489744763908285,-1.3360856273247679,0.659159499477759,0.6049848010546444
1776297600,15.15,15.55,15.1,15.55,137811200,2026-04-16,SHB,2026-04-16,0.9740259740259827,0.3225806451612856,5.181277056277067,-4.378305251506576,-7.191883019994016,52.28674958378219,14.97675,15.09664,15.768675,15.097289622009228,15.201246896676585,3.8275994458076834,3.0030523348241633,-1.386768387324866,2.998620211476899,2.922077922077929,2.5974025974025996,-1.6233766233766267,100.0,2142964160.0,78897495.0,66463900.0,1187396573.5149999,1011516812.9050001,1.7467119836947929,1.8047585851256702,0.4233571428571432,2.722553973357834,33.10357444535838,29.61141287817793,18.534028377041054,55.23648648648648,19.17,9.833,61.22951697547392,-4.671407552721929,-17.18150830847891,-1.922358333598928,-1.9667865899879122,0.6944633707223337,0.6179502497730323,-1.5602111407253982,-1.0429857367860396,0.6586982066861862,0.6050120088210971
1776384000,15.4,15.5,15.25,15.3,65583800,2026-04-17,SHB,2026-04-17,-1.6077170418006381,-0.649350649350644,4.18794688457611,-5.057399937945995,-6.764168190127973,49.83840955831946,15.007499999999999,15.08724,15.788915000000001,15.116595372294064,15.205119567395151,1.949025487256395,1.410198286764186,-3.0965712336788243,1.213266765359644,1.607717041800643,-0.6430868167202549,-0.9646302250803873,20.000000000000284,1003432140.0,80392260.0,66576831.666666664,1211363899.3899999,1012445860.0966667,0.8157974411964535,0.8283490539096411,0.41307142857142903,2.699813258636791,33.62148222191531,29.732231840978297,18.79412441402001,50.95948827292112,19.17,9.833,58.551997429581235,-6.204021579205499,-18.512995313165735,-6.089937094766174,-1.760129392534016,0.7024101217251151,0.6212693353196067,-6.386083004355413,-0.6235306371071951,0.6719359497178014,0.6102223658729794
1776643200,15.2,15.3,15.15,15.3,47390400,2026-04-20,SHB,2026-04-20,0.0,2.0000000000000018,7.799619530754609,-5.9156315336367005,-7.047387606318345,52.98470152984702,15.062850000000001,15.082779999999998,15.809375,15.134062479694629,15.208840368673773,1.5744032503808958,1.440185430006946,-3.22198062858271,1.0964506095307192,0.9803921568627474,0.6535947712418394,-0.6535947712418388,100.0,725073120.0,78478780.0,66373458.333333336,1186828936.3899999,1008378776.87,0.6038625982717876,0.6109331326260621,0.4026428571428576,2.6316526610644284,30.88594443667897,29.662333538586495,16.294286717567548,49.644225506294475,19.17,9.875,58.36471221086605,-6.204021579205499,-18.512995313165735,-7.656931309193339,-2.7794766451262665,0.69550208454452,0.6172835579167159,-7.592816068452769,-1.8473299063160535,0.6654737796246506,0.6070314223943717
1776729600,15.3,15.4,15.15,15.15,48986600,2026-04-21,SHB,2026-04-21,-0.9803921568627527,0.33112582781458233,6.3755090577166,-7.123589995095636,-5.695611577964521,50.223103619236475,15.108249999999998,15.074340000000001,15.828645000000002,15.135580338771332,15.206532903235585,0.27633908626083503,0.5019125215432352,-4.287448483429889,0.09526995930067006,1.6339869281045754,-0.9803921568627474,0.0,0.0,742146990.0,79181630.0,66288120.0,1199062917.73,1006038030.8233334,0.6186611717894668,0.6189391557575576,0.3887857142857146,2.5662423385195683,31.269846469704003,29.707074444587782,16.183178729473696,52.44290257299798,19.17,9.917,56.55463093050902,-6.556467032628143,-19.311887515977844,-7.1688347187964565,-3.9394820205685077,0.6965747781190218,0.617329518015264,-7.008591814520936,-3.3582647425316248,0.6670491835473655,0.6073261419885
1776816000,15.15,15.25,15.05,15.2,47506900,2026-04-22,SHB,2026-04-22,0.3300330033003229,-1.2987012987013102,2.813852813852802,-6.2480725343859955,-4.504617704341274,50.09380863039399,15.129050000000001,15.0669,15.847949999999999,15.141715544602633,15.206276710951837,0.4689653349020384,0.88339339877479,-4.088541420183677,0.384926366009708,1.3201320132013155,0.33003300330032304,0.0,74.99999999999956,722104880.0,77729880.0,65982531.666666664,1178588389.25,1000281452.3466667,0.6111793817255347,0.6126862326036613,0.3714285714285718,2.443609022556393,28.44951937450682,29.701618129243997,16.183178729473696,58.912768647281915,19.17,10.211,55.687018640473255,-5.384375972611277,-19.04559011504048,-9.193818200928373,-4.75558271768538,0.6920156488433636,0.6163873825734344,-8.795587708979792,-3.605766801779453,0.6654472876122565,0.6075054760322964
1776902400,15.15,15.2,14.8,14.8,97117400,2026-04-23,SHB,2026-04-23,-2.631578947368407,-4.8231511254019255,-0.8840075006697035,-7.8742608154372835,-8.160099286379142,37.04972682655803,15.12245,15.054400000000001,15.865255,15.10917120702143,15.19034429091451,-2.1322603149621866,-1.6898713997236747,-6.714389399981268,-2.0462486180430117,2.631578947368412,-2.3026315789473664,-0.3289473684210509,0.0,1437337520.0,79192395.0,66619423.333333336,1199785688.3899999,1008465558.455,1.226347555216634,1.1979952202370179,0.3642857142857145,2.461389961389963,29.90033313409744,30.110998088730867,17.422321741012052,48.48484848484849,19.17,10.337,50.526434959809805,-7.8742608154372835,-21.175969322539412,-14.609283094572278,-7.217236175685426,0.6784266173281643,0.5969419258622382,-13.91903890332149,-5.107674986926236,0.6661270482088782,0.5998305244430656
1776988800,14.8,14.85,14.6,14.75,44854800,2026-04-24,SHB,2026-04-24,-0.33783783783783994,-3.594771241830075,-2.8198708657267146,-8.18549642079055,-10.919193139268025,32.954750315485846,15.101049999999997,15.04682,15.878385000000002,15.07496442540034,15.173075887349235,-2.3246727876538253,-1.9726427245092326,-7.10642171732202,-2.155656333442457,1.689189189189189,-0.3378378378378426,0.0,60.00000000000014,661608300.0,77942920.0,66550038.333333336,1179861264.1200001,1006367820.73,0.5754826737309816,0.5607509290454253,0.35357142857142876,2.397094430992737,29.24860443633953,30.11326589209614,17.26094363065047,54.23728813559322,19.17,10.337,49.96037586324012,-7.621970313772152,-21.442266723476777,-13.609564792077744,-7.250062727003437,0.6783186816987408,0.597584114106082,-13.244623683412959,-4.992634877590174,0.6656744883469352,0.5999917145181128
1777334400,14.75,14.75,14.45,14.45,51564900,2026-04-28,SHB,2026-04-28,-2.033898305084747,-5.55555555555557,-5.109009718938795,-6.912323648779228,-13.249684817193973,30.25058590228953,15.062150000000003,15.035219999999999,15.888924999999999,15.015444003933641,15.144719970198285,-4.064160826973595,-3.8923274817395437,-9.05615074651054,-3.7657494762426635,2.0338983050847506,-2.0338983050847506,0.0,0.0,745112805.0,76243100.0,66153211.666666664,1151970530.55,999285728.0883334,0.6763221852206954,0.6468158561697331,0.3571428571428574,2.4715768660405355,29.954195918244885,29.61683700543651,17.51563332276568,45.9016393442623,19.17,10.379,46.30872483221475,-9.500845493831033,-23.04005112910098,-17.9387762207974,-8.654453690217178,0.6381335295086897,0.5703516212418429,-17.774028042043575,-7.361080709814138,0.616720402152483,0.5610677226208226
1777420800,14.55,14.6,14.35,14.55,41650500,2026-04-29,SHB,2026-04-29,0.6920415224913601,-3.960396039603953,-5.0632911392405,-8.021998862127822,-10.257201011533956,33.180778032036606,15.023349999999999,15.025620000000002,15.900615,14.97111600355901,15.121397618425803,-3.1507619805169806,-3.1653935078885365,-8.494105416677279,-2.8128564594576577,1.7301038062283738,0.0,0.6920415224913601,80.00000000000043,606014775.0,73503460.0,65982308.333333336,1108366768.51,995701300.1833333,0.5666467945862684,0.5467637538562059,0.3285714285714288,2.258222876779579,29.973761314390423,29.368485170548208,17.51563332276568,35.294117647058826,19.17,10.379,47.4462518484814,-8.874553767144732,-22.507456327226237,-15.789542117150189,-9.311264090207573,0.638205817147458,0.5767516244697591,-15.620847750284506,-8.164086510899038,0.618059056467291,0.5678305997120506
1777852800,14.65,14.65,14.35,14.35,62363300,2026-05-04,SHB,2026-05-04,-1.3745704467354014,-5.592105263157887,-4.2120018690341094,-9.004438807863036,-8.715012722646321,32.36786274328938,14.991800000000001,15.007079999999998,15.909780000000001,14.911962098458151,15.091146731428713,-4.281006950466271,-4.378466697052319,-9.80390677935208,-3.7685322343748218,2.0618556701030974,-2.0618556701030974,0.6872852233676952,0.0,894913355.0,72629355.0,66306990.0,1093304239.3899999,999345598.6333333,0.858651436461194,0.8185400941089459,0.31785714285714317,2.215032354405179,29.349743009147883,29.478380115339633,16.886346043937888,27.45098039215688,19.17,10.379,45.17119781594812,-10.127137220517323,-23.57264593097571,-13.086706055348285,-11.841518861775867,0.6463656145133069,0.5776705753020278,-12.417862737852047,-9.880195518743129,0.624126975896413,0.5693542968356234
1777939200,14.4,14.4,14.0,14.0,79172900,2026-05-05,SHB,2026-05-05,-2.4390243902439046,-5.405405405405405,-4.345449576386984,-10.941475826972013,-12.85403050108933,30.14781072789812,14.959999999999999,14.984499999999999,15.917850000000001,14.82510856527166,15.048356663529548,-6.4171122994652325,-6.5701224598751935,-12.048423625049875,-5.565615669112245,2.7874564459930338,-2.7874564459930338,0.34843205574912606,0.0,1108420600.0,71081635.0,66927621.666666664,1068134111.25,1006832305.3,1.1138305977345626,1.0377166952405013,0.3214285714285717,2.2959183673469408,29.482839812194854,29.851207318716,17.046769834398333,25.000000000000014,19.17,10.379,41.189853259014896,-12.319158263919338,-25.43672773753728,-14.967816553411083,-14.24013476536251,0.6292080368844251,0.5565953437337027,-14.022242219628446,-11.601214903139178,0.6151778982285288,0.5535016929044839
1778025600,14.1,14.2,14.0,14.1,38754800,2026-05-06,SHB,2026-05-06,0.7142857142857117,-4.406779661016946,-5.369127516778526,-10.589727330374131,-11.692866537233048,32.109060245479235,14.919999999999998,14.96194,15.926639999999999,14.756050606674359,15.011166206136233,-5.495978552278813,-5.760883949541307,-11.469085758201347,-4.445976936251617,1.4285714285714235,0.0,0.7142857142857117,50.0,546442680.0,70400975.0,66684445.0,1056442085.25,1001918734.0,0.5504866942538793,0.517248117648293,0.3035714285714287,2.152988855116516,28.742385166751937,29.890203678046223,17.046769834398333,32.0,19.17,10.379,42.32738027528153,-11.692866537233048,-24.90413293566255,-17.670498030543047,-13.98823146368997,0.6308822626438343,0.5575991834602236,-17.123588911226193,-11.752397728096085,0.6162245245891972,0.554967345752262
1778112000,14.25,14.3,14.05,14.1,40214900,2026-05-07,SHB,2026-05-07,0.0,-2.422145328719716,-2.758620689655178,-9.167042453134055,-9.74267059275381,33.157049768627815,14.9,14.9325,15.935645000000001,14.693569596514896,14.97543419805246,-5.369127516778526,-5.575087895529885,-11.519113283459825,-4.039655528331809,1.773049645390071,-1.0638297872340452,1.0638297872340496,19.999999999999574,567030090.0,70617050.0,66523343.333333336,1058770874.75,998464189.45,0.569478617416049,0.5355550511661824,0.2964285714285716,2.1023302938196564,27.281406300197297,29.749463179699394,15.872602882048504,29.166666666666686,19.17,10.379,42.32738027528153,-11.692866537233048,-24.90413293566255,-16.730047384739933,-14.841551171650524,0.6241709949848002,0.5525573248619263,-15.983944038872334,-12.898501159621578,0.6074499414228853,0.5491899229081245
1778198400,14.1,14.25,14.0,14.25,65804100,2026-05-08,SHB,2026-05-08,1.0638297872340496,-2.0618556701030966,-3.0612244897959107,-8.489596712047264,-5.503978779840846,33.51447578000561,14.877500000000001,14.91098,15.944745000000001,14.651324873037288,14.946985798128834,-4.217778524617721,-4.4328407656639595,-10.6288623618628,-2.7391712115799383,1.773049645390071,1.0638297872340452,0.0,100.0,937708425.0,71316385.0,66732531.666666664,1067570507.0,1000271786.5066667,0.922706612232238,0.878357372043812,0.2821428571428572,1.979949874686717,27.072749405517566,29.838082618517568,15.872602882048504,24.444444444444457,19.17,10.379,44.03367079968149,-10.753428947203613,-24.10524073285044,-17.238531737313114,-14.112735567236411,0.6251798106494947,0.5517648081608685,-15.723096556543691,-12.31251217941206,0.6065059268375759,0.5466050824835608
1778457600,14.25,14.25,14.0,14.15,39403900,2026-05-11,SHB,2026-05-11,-0.7017543859649145,-1.3937282229965153,-7.516339869281053,-9.131774980734642,-6.167108753315653,34.69776297001428,14.819999999999999,14.87464,15.953129999999998,14.603579647033737,14.915731453104174,-4.520917678812408,-4.8716473138173395,-11.302672265567937,-3.105948390714375,1.7543859649122806,-0.7017543859649098,0.0,60.00000000000014,557565185.0,69260100.0,66605151.666666664,1033843622.25,997354352.7166667,0.5689264092890424,0.53931288349639,0.26785714285714285,1.8929833417465927,22.03110844550246,29.859649035230845,15.636857131217338,18.181818181818187,19.17,10.379,42.89614378341485,-11.379720673889903,-24.637835534725184,-15.426732400094302,-14.941100491639336,0.6319374162404291,0.556589861262859,-13.186947478770396,-11.763314219942156,0.6035027617425631,0.547573967659294
1778544000,14.1,14.15,13.95,14.0,45001700,2026-05-12,SHB,2026-05-12,-1.0600706713780994,0.0,-9.677419354838712,-9.238249594813619,-10.09504238376573,32.212673529133994,14.745,14.8363,15.961199999999998,14.546095871125761,14.87982041572754,-5.052560189894873,-5.636850158058271,-12.287296694484118,-3.754243585110495,1.4134275618374632,-0.7067137809187254,-0.35335689045936647,25.00000000000022,630023800.0,67225345.0,66583435.0,998929792.25,995950582.7583333,0.6694156794583948,0.6306987787209026,0.26071428571428573,1.862244897959184,21.212897893437756,29.87390922706488,15.397712732155371,19.04761904761905,19.17,10.505,40.33467974610501,-12.319158263919338,-25.43672773753728,-19.144909047816107,-15.888236131031196,0.629212793715439,0.5533459759907708,-16.933778329465465,-13.539335784112183,0.5980294858984367,0.5412435930596694
1778630400,14.05,14.05,13.9,14.0,39752300,2026-05-13,SHB,2026-05-13,0.0,-0.7092198581560294,-9.090909090909093,-7.462489259038929,-12.85403050108933,29.139378286135976,14.675,14.8019,15.967524999999998,14.494086740542356,14.845317654326461,-4.599659284497449,-5.417547747248664,-12.32204114288219,-3.408884943128654,1.071428571428574,-0.3571428571428622,0.3571428571428559,66.66666666666627,556532200.0,63933390.0,66199210.0,945451024.25,989389636.955,0.6217768211571449,0.5886420192325472,0.26071428571428573,1.862244897959184,21.277493292817464,29.64487717107217,15.663150737677652,19.04761904761905,19.17,10.631,39.45426864972478,-12.319158263919338,-25.43672773753728,-17.569194805194797,-15.6015273623605,0.6208756460649854,0.5457028689908138,-15.069448995381062,-12.602950259244727,0.5884335307834951,0.5341829185077589
1778716800,14.0,14.1,13.9,14.0,38039000,2026-05-14,SHB,2026-05-14,0.0,-0.7092198581560294,-6.666666666666665,-6.852960745176306,-13.12441824387216,29.139378286135976,14.625,14.773399999999999,15.97385,14.447030860490703,14.81216794239209,-4.273504273504269,-5.235084679220758,-12.356758076481256,-3.0942749746124543,1.4285714285714235,0.0,0.0,50.0,532546000.0,60075795.0,65936633.333333336,885685149.25,984790106.8216667,0.6331834643220285,0.6012813926607679,0.2571428571428571,1.8367346938775508,19.772258924369787,29.624059074679355,14.341821748251041,20.512820512820525,19.17,10.715,38.85274985215848,-12.319158263919338,-25.43672773753728,-16.13248737890571,-16.57703500920339,0.614953861205746,0.5435553727437552,-14.090614819507753,-13.058582616566373,0.5851762096588355,0.5335526747353483
1778803200,14.0,14.05,13.9,13.9,39435600,2026-05-15,SHB,2026-05-15,-0.7142857142857117,-2.4561403508771895,-7.947019867549665,-7.518296739853625,-13.74495811355878,25.76909156713718,14.565000000000001,14.74586,15.979455,14.394932683301112,14.776396650533577,-4.5657397871610055,-5.73625410793267,-13.013303645211927,-3.438242430096672,1.071428571428574,-0.7142857142857117,0.0,0.0,548154840.0,57109485.0,65836985.0,838527732.25,982549688.5716667,0.6905262759767489,0.6537110448680691,0.2535714285714286,1.8242548818088389,19.447528195977085,29.649813714859864,14.129492917405814,17.500000000000043,19.17,10.799,37.04455859514992,-12.945449990605628,-25.96932253941201,-16.1665451118264,-17.07172513047408,0.6161396226615651,0.5442830561755067,-13.291347010443499,-12.591109537689228,0.5853474886513449,0.5347230404361062
1779062400,13.85,13.9,13.7,13.8,44049800,2026-05-18,SHB,2026-05-18,-0.7194244604316502,-2.473498233215543,-10.389610389610382,-9.668128559272105,-15.65307744025426,25.351984739758393,14.485000000000003,14.716320000000001,15.982820000000002,14.338272427748626,14.73810658580677,-4.729030031066639,-6.2265566391597975,-13.657289514616322,-3.754095414639458,1.438848920863317,-0.35971223021581966,-0.3597122302158362,50.00000000000044,607887240.0,55722940.0,65582978.333333336,813650955.25,977584869.4816667,0.7905146426229485,0.7471105835710872,0.23928571428571452,1.7339544513457574,17.28342755874939,29.44674173816397,13.88952192633993,20.588235294117695,19.17,10.799,35.849958188985795,-13.571741717291907,-26.50191734128674,-17.458724320690834,-16.96367354076751,0.6099636787230763,0.5336448273544485,-14.71108265714708,-11.94060594444877,0.5810296074294884,0.5251176625556314
1779148800,13.8,13.9,13.6,13.65,46256500,2026-05-19,SHB,2026-05-19,-1.0869565217391353,-2.500000000000002,-12.218649517684888,-9.775927027562958,-16.06198499569549,24.942791762013726,14.39,14.68872,15.985435000000003,14.272722672724948,14.695435739304544,-5.142460041695617,-7.07154878028855,-14.609768204618778,-4.363026501698696,2.173913043478266,-1.086956521739133,0.0,16.666666666666863,631401225.0,51145205.0,65729593.333333336,738072808.5,978662785.0916667,0.9044151841800223,0.8554728174896583,0.24285714285714313,1.7791732077446383,16.41319697083512,29.46173001535943,13.665889787474672,19.444444444444485,19.17,10.799,34.058057579739575,-14.511179307321353,-27.300809544098847,-17.33451198835524,-15.224388790761044,0.6194110174405228,0.5417893083119922,-14.657020770571172,-10.320442939032002,0.5887540145057577,0.532430629551728
1779235200,13.65,13.65,13.1,13.55,105588900,2026-05-20,SHB,2026-05-20,-0.73260073260073,-3.214285714285714,-11.43790849673203,-11.019175203572363,-16.42509097637698,17.682820913670326,14.3025,14.65616,15.98297,14.203891941989239,14.650516690704366,-5.261317951407096,-7.547406687699909,-15.222264697987919,-4.603611071246028,4.0293040293040345,-0.73260073260073,0.0,81.8181818181819,1430729595.0,53145460.0,66860180.0,759437681.25,992926389.2816666,1.9867905932134184,1.8839328496909502,0.260714285714286,1.9240906694781255,16.021224007262113,29.436242800411293,13.315151285348009,21.87500000000007,19.17,11.094,30.411094601287775,-15.137471034007643,-27.833404345973577,-16.72415029029015,-15.905995481080605,0.6181055824652096,0.5407680647749231,-13.49161779853123,-11.529419724636037,0.5881783263645703,0.5323631523593072
1779321600,13.6,13.6,13.35,13.6,37560900,2026-05-21,SHB,2026-05-21,0.36900369003689537,-2.857142857142858,-11.111111111111116,-12.66375545851528,-17.123705057891534,20.3113941967445,14.217500000000001,14.645299999999999,15.985335,14.14637842370455,14.609319957735568,-4.343238966062957,-7.137443411879573,-14.922020714611229,-3.862320145409115,1.8450184501845017,0.0,0.36900369003689537,100.0,510828240.0,52653985.0,66576238.333333336,748725437.25,987270348.0683333,0.7133534147510393,0.6822637706503273,0.260714285714286,1.9170168067226914,16.25651376345036,29.019990793977247,13.315151285348009,19.354838709677367,19.17,11.094,31.030212976721145,-14.824325170664498,-27.567106945036212,-14.365135094432757,-14.639413204706429,0.5953246116551367,0.5235477647583893,-12.030455673688278,-12.061245408510379,0.5763141850851108,0.5274096598493493
1779408000,13.5,13.55,13.35,13.55,41369900,2026-05-22,SHB,2026-05-22,-0.367647058823517,-2.517985611510787,-10.561056105610556,-11.588150854756618,-17.4283973187081,20.766488413547247,14.1375,14.63048,15.98287,14.08958047858983,14.567777998608683,-4.1556145004420735,-7.385130221291436,-15.221734269252018,-3.829641907434811,1.4705882352941255,0.36764705882353466,-0.7352941176470562,100.0,560562145.0,52273150.0,66438606.666666664,739646195.0,983936456.105,0.7914177737519166,0.757878765265601,0.2571428571428574,1.897733263046918,16.202844791413852,28.881412429850673,13.346414367706588,21.428571428571402,19.17,11.094,30.411094601287775,-15.137471034007643,-27.833404345973577,-12.941774739028977,-12.097355082597417,0.5958689394028002,0.5282987392244671,-10.752877059434018,-9.641640871091317,0.5804891057949443,0.534352336883095
1779667200,13.45,13.75,13.45,13.7,47404600,2026-05-25,SHB,2026-05-25,1.1070110701106861,-0.7246376811594346,-9.868421052631582,-14.198033443978208,-16.01275134870035,22.103386809269153,14.0625,14.613719999999999,15.976354999999998,14.05247757586699,14.533747488859323,-2.577777777777779,-6.252480545678996,-14.248275028941205,-2.5082948822655826,2.2140221402214073,1.8450184501845017,-0.738007380073813,83.33333333333314,649443020.0,52268035.0,65459828.333333336,736013102.0,966517198.6533333,0.9069520214410203,0.8823796998113764,0.2500000000000003,1.8248175182481774,16.979632575436334,27.55041607693161,13.346414367706588,37.49999999999993,19.17,11.094,32.26844972758791,-13.928504115097073,-27.034512143161482,-11.415290163706803,-15.547910654590224,0.6106143472323095,0.5676160928539412,-9.68623571731675,-12.83584301053624,0.5850185306287466,0.5650516106334467
1779753600,13.7,13.9,13.6,13.8,47154600,2026-05-26,SHB,2026-05-26,0.7299270072992803,1.098901098901095,-6.756756756756754,-13.300245021046674,-14.625092798812178,21.628767847699628,14.0125,14.595020000000002,15.969470000000001,14.028432092451085,14.504973077531506,-1.5165031222122982,-5.447200483452585,-13.585109587231138,-1.6283508445252948,2.1897810218978155,0.7299270072992805,0.0,66.66666666666686,650733480.0,49769895.0,65492331.666666664,696682900.0,965370782.74,0.9474522700921912,0.934045431572958,0.2571428571428575,1.8633540372670832,15.54815473729725,27.621416130210747,11.45623191872084,37.50000000000002,19.17,11.121,33.2836377189713,-12.213740458015266,-26.50191734128674,-7.495651942710269,-13.5417806342492,0.6141429439975825,0.5676723820062951,-6.912826178015785,-11.274948135327143,0.5905598575789976,0.5673985262533483
1779840000,13.75,14.05,13.65,14.0,65737500,2026-05-27,SHB,2026-05-27,1.4492753623188248,3.3210332103321027,-5.0847457627118615,-10.941475826972013,-14.945321992709603,23.84996461429583,13.975,14.580320000000002,15.958350000000001,14.02572427412241,14.485170211745958,0.17889087656530744,-3.9801595575405857,-12.271632092290252,-0.18340781281342977,2.898550724637684,1.8115942028985508,-0.36231884057971175,87.49999999999983,920325000.0,50814030.0,65940925.0,709618735.0,970538194.94,1.2936879834171784,1.296928836017837,0.26785714285714324,1.9132653061224518,16.801998686086765,27.748246018648942,11.61202803584281,46.42857142857143,19.17,11.121,35.76841843707292,-9.967845659163988,-25.43672773753728,-6.225419915165064,-10.627701117213627,0.6074699292258993,0.5594502882967742,-5.633611737993005,-9.03581316176042,0.5860045162185229,0.5603203128685794
1779926400,14.0,14.05,13.7,13.8,50474100,2026-05-28,SHB,2026-05-28,-1.4285714285714235,1.4705882352941346,-4.498269896193763,-10.534846029173417,-16.409231328366346,21.628767847699628,13.942499999999999,14.556700000000001,15.947320000000001,14.00422672420599,14.45830079167749,-1.0220548682086994,-5.198293569284251,-13.465083788373223,-1.4583220353965642,2.50000000000001,-1.4285714285714235,0.0,28.571428571428864,696542580.0,50759490.0,65313460.0,707190223.75,959492540.44,0.9943776030846646,0.9849437345251479,0.27500000000000047,1.992753623188409,16.07370607280412,27.64609406108356,10.761684206148002,34.48275862068964,19.17,11.121,33.2836377189713,-11.2540192926045,-26.50191734128674,-3.849493881181832,-11.486582121476118,0.6038194831525027,0.5525862620104092,-2.4614324317085994,-9.991267762357548,0.5862313602189951,0.5542739484946428
1780012800,13.75,13.8,13.65,13.8,47509600,2026-05-29,SHB,2026-05-29,0.0,1.845018450184499,-5.154639175257736,-9.668128559272105,-16.656601038772788,20.734908136482954,13.905000000000001,14.536039999999998,15.934545,13.984776559995897,14.432485074356803,-0.7551240560949357,-5.063552384280712,-13.395707251132672,-1.3212693045411839,1.086956521739133,0.36231884057971525,-0.36231884057971175,100.0,655632480.0,51052445.0,65218896.666666664,709671109.0,956878368.41,0.930603813392287,0.9238539820563556,0.26785714285714335,1.9409937888198792,15.734180944208816,27.598997712398376,10.761684206148002,37.03703703703701,19.17,11.121,33.2836377189713,-11.2540192926045,-26.50191734128674,-5.661084350814605,-12.445079042963371,0.6075799980851498,0.5507333460672628,-3.8845860297874624,-11.592746417235201,0.5980049913087456,0.5545024298735213
1780272000,13.7,13.8,13.6,13.75,43742100,2026-06-01,SHB,2026-06-01,-0.36231884057971175,0.36496350364965124,-4.181184668989546,-9.9954179485501,-17.934944792599218,18.554923262631483,13.875,14.51338,15.921085,13.962416887615335,14.405720953793791,-0.9009009009009028,-5.259836096071346,-13.636539218275633,-1.5213475526844378,1.4492753623188481,0.36231884057971525,-0.7246376811594346,74.99999999999977,601453875.0,50121385.0,64488613.333333336,694998135.0,944608593.4816667,0.872723289669669,0.8654035812628476,0.26785714285714335,1.9480519480519516,15.183415173367809,27.600334334633665,10.299519264724061,39.99999999999997,19.17,11.121,32.662442539445884,-11.575562700964637,-26.768214742224117,-3.6677169279239923,-11.440197876723591,0.6043746898046521,0.5498102991871162,-2.944723202310973,-11.691277454921067,0.5982233331596291,0.5549201900072034
1780358400,13.65,13.7,13.55,13.6,70057300,2026-06-02,SHB,2026-06-02,-1.090909090909098,-1.449275362318847,-2.857142857142858,-9.514304723885559,-18.830199940316316,17.26159682703914,13.855,14.489700000000001,15.907745,13.927900993556731,14.374124053645016,-1.8404907975460127,-6.140223745143114,-14.50705301097045,-2.3542742995403487,1.0909090909090806,-0.3636363636363688,-0.7272727272727209,33.33333333333294,952779280.0,49665605.0,64535266.666666664,687216069.0,943640094.0983334,1.4105798167564858,1.3864333547765164,0.27142857142857185,1.9957983193277344,13.179053517509528,27.502671834784305,7.677655611402064,35.714285714285666,19.17,11.121,30.798857000869656,-12.540192926045023,-27.567106945036212,-0.2766697526278339,-10.50738742732652,0.6022928307566833,0.5511652783282494,0.06122549398640542,-11.070338407922698,0.5956466266914076,0.5548923674881904
1780444800,13.55,13.8,13.5,13.8,52279700,2026-06-03,SHB,2026-06-03,1.4705882352941346,-1.4285714285714235,-2.127659574468077,-9.07893003030702,-19.298245614035093,20.734908136482954,13.839999999999998,14.472000000000001,15.893445,13.915719946551329,14.351609384874623,-0.28901734104044285,-4.643449419568824,-13.171750995457554,-0.8315771443791253,2.205882352941182,1.8382352941176472,-0.367647058823517,100.0,721459860.0,50341850.0,64175240.0,695966928.0,936974918.9083333,1.0384938177679208,1.0366295163956412,0.2785714285714291,2.018633540372674,14.073538427864275,27.606246039327043,7.677655611402064,43.750000000000014,19.17,11.121,33.2836377189713,-11.2540192926045,-26.50191734128674,1.6894935558195767,-11.9734227445798,0.6365499992681968,0.5703560619542268,1.7103464740073848,-12.776565245280302,0.627976466851201,0.5748623982601192
1780531200,13.75,13.8,13.65,13.8,42763300,2026-06-04,SHB,2026-06-04,0.0,0.0,-2.127659574468077,-2.425228027999715,-19.066330420503185,21.180189673340365,13.825,14.46414,15.880015,13.904698999260726,14.329977644291304,-0.1808318264014397,-4.591631441620447,-13.098318861789481,-0.7529756614385597,1.086956521739133,0.36231884057971525,-0.36231884057971175,100.0,590133540.0,50469270.0,62831350.0,697122100.5,917723819.1066667,0.8473136227252742,0.8465282331125865,0.2785714285714291,2.018633540372674,14.073538427864275,23.84413613172552,7.677655611402064,46.66666666666667,19.17,11.121,33.2836377189713,-11.2540192926045,-26.50191734128674,1.929940961935606,-13.24087913915115,0.4677919821170802,0.4047473503061235,2.5286821118384983,-13.745431766957772,0.46662972413149895,0.41607569718372517
1780617600,13.9,14.15,13.85,14.0,55973700,2026-06-05,SHB,2026-06-05,1.4492753623188248,1.4492753623188248,-1.7543859649122862,-2.0362465887621584,-15.197770912835429,21.591106479068966,13.8125,14.4593,15.865625000000001,13.913775285045418,14.317037344515175,1.3574660633484115,-3.176502320305963,-11.758912743746318,0.6197075429790644,2.173913043478266,0.7246376811594177,0.7246376811594235,50.0,783631800.0,49977750.0,62431833.333333336,689418269.25,911742853.9783332,1.119972387712532,1.1366565624268885,0.2892857142857147,2.066326530612248,14.555901123699725,23.935911808563517,7.677655611402064,56.24999999999998,19.17,11.121,35.76841843707292,-9.967845659163988,-25.43672773753728,2.2380541380443097,-11.708048250329629,0.46481494534049816,0.3974423801628619,2.4778927541218803,-10.164893919134066,0.4772590057323297,0.40555119866374856
1780876800,13.85,13.9,13.6,13.7,45816900,2026-06-08,SHB,2026-06-08,-2.1428571428571463,-0.363636363636366,-3.180212014134287,-5.764204154629249,-16.26428702402054,17.27443930833761,13.790000000000001,14.437620000000003,15.845155,13.89341573408871,14.292839801593011,-0.6526468455402612,-5.109013812525909,-13.538239291442721,-1.3921395414242865,2.142857142857148,-1.071428571428574,-1.0714285714285787,33.33333333333314,627691530.0,50298400.0,62326330.0,692924586.5,909569137.1483333,0.9109017384250792,0.9058583606774646,0.2964285714285718,2.1637122002085536,16.175245263590252,24.040597207174734,9.8052724943046,51.4285714285714,19.17,11.121,32.04124735992047,-11.897106109324762,-27.034512143161482,2.357640795150861,-9.362454498890227,0.475389047069986,0.4021314797258248,1.9018508034946424,-8.244177063822134,0.4871412169466457,0.40977926319676466
1780963200,13.6,13.8,13.6,13.8,42321800,2026-06-09,SHB,2026-06-09,0.7299270072992803,1.4705882352941346,-1.4285714285714235,-6.345436036647434,-15.139589226417415,18.986032074495608,13.779999999999998,14.41498,15.823220000000001,13.884518997508833,14.273512750550148,0.14513788098695635,-4.2662563527663515,-12.786398722889524,-0.608728307577644,1.4598540145985481,1.4598540145985481,-0.7299270072992692,100.0,584040840.0,50164405.0,61643440.0,690625438.5,898847238.2816666,0.8436619551253524,0.8456694576274285,0.27142857142857185,1.966873706004144,16.096833982214896,23.914166705067412,9.702561206984688,57.14285714285714,19.17,11.121,33.2836377189713,-11.2540192926045,-26.50191734128674,4.254980199433412,-11.226081330018435,0.5002308308276573,0.42242043140172914,3.539855568901751,-11.298656813075002,0.5309427623857289,0.44365473435383646
1781049600,13.75,13.85,13.7,13.8,42373200,2026-06-10,SHB,2026-06-10,0.0,0.0,-1.4285714285714235,-6.345436036647434,-14.883118485166225,19.854090672225123,13.770000000000001,14.387420000000002,15.799325,13.876469569174658,14.254943623077594,0.2178649237472685,-4.082872398247927,-12.654496315507146,-0.551073663178181,1.086956521739133,0.36231884057971525,-0.36231884057971175,66.66666666666745,584750160.0,50295450.0,61391093.333333336,692036336.5,894468594.4483334,0.8424857516932446,0.8449703132026218,0.26428571428571473,1.915113871635614,16.096833982214896,23.914166705067412,9.702561206984688,55.88235294117651,19.17,11.121,33.2836377189713,-11.2540192926045,-26.50191734128674,3.5578116263651705,-12.681213992597073,0.5044463263798191,0.42479555261632457,2.6105573253862318,-12.13794790544329,0.5320496437396689,0.44446642057022195
1781136000,13.65,13.75,13.6,13.65,37995600,2026-06-11,SHB,2026-06-11,-1.0869565217391353,-1.0869565217391353,-2.500000000000002,-8.884587143715372,-15.296307787775355,18.551328817092248,13.752499999999998,14.35586,15.776405,13.854901038777072,14.231220343741217,-0.7453190329030912,-4.916877149818955,-13.47838750336341,-1.4789065486905728,1.086956521739133,0.0,-1.0869565217391353,33.33333333333373,518639940.0,50293280.0,60621096.666666664,691341033.5,882090405.325,0.755480652683619,0.7501940646779214,0.26071428571428623,1.909994767137628,16.494302740756922,23.710320616969092,9.82661720936644,52.77777777777777,19.17,11.121,31.420052180395075,-12.218649517684888,-27.300809544098847,4.088036105657878,-15.109449978213163,0.5134860501819676,0.436288140353541,3.3657462462897914,-13.97311973158687,0.5391881931171114,0.4557929132455883
1781222400,13.75,13.85,13.65,13.8,58486500,2026-06-12,SHB,2026-06-12,1.098901098901095,-1.4285714285714235,-0.7194244604316502,-6.9642014427290455,-12.492073557387439,21.23341825529299,13.747499999999999,14.32534,15.755225000000001,13.849672368417352,14.214309742025875,0.3818876159301876,-3.6672078987304957,-12.410010012551398,-0.3586537435399828,1.46520146520146,0.3663003663003715,0.73260073260073,75.00000000000044,807113700.0,51245825.0,60785631.666666664,704288976.5,883524010.4050001,1.1412929736227293,1.1459979169502166,0.253571428571429,1.8374741200828186,16.881027525278075,23.77867490563665,9.933651485930321,52.77777777777781,19.17,11.121,33.2836377189713,-11.2540192926045,-26.50191734128674,6.043169211508392,-11.721289421960645,0.5187695755068852,0.4381270865276611,4.460573393833977,-10.738118663127727,0.55164106645009,0.46245554757679797
1781481600,13.9,14.0,13.8,13.9,48683600,2026-06-15,SHB,2026-06-15,0.7246376811594235,1.4598540145985384,0.7246376811594235,-6.604851172478654,-11.30112947482611,21.185701830863124,13.752500000000001,14.303719999999998,15.733554999999999,13.854465476187128,14.201983869789567,1.0725322668605708,-2.822482543002791,-11.653787081177768,0.32866315839565896,1.4492753623188355,0.0,0.7246376811594235,50.0,676702040.0,51477515.0,60826328.333333336,707729716.5,883332099.2483333,0.9457255269606546,0.9561588615305798,0.24642857142857175,1.772867420349437,16.877875041604646,23.822966307012162,10.00373076201054,52.77777777777777,19.17,11.121,34.52602807802211,-10.61093247588425,-25.96932253941201,7.396525810458055,-11.59251039188781,0.5206418819246953,0.4391266612947554,4.824091836566313,-11.61544597995282,0.5571768065395373,0.4677634561506744
1781568000,14.0,14.05,13.85,13.9,47856000,2026-06-16,SHB,2026-06-16,0.0,0.7246376811594235,1.831501831501825,-5.979437229437234,-11.30112947482611,19.81725713300577,13.765,14.289000000000001,15.718045,13.85880209750264,14.190141365091938,0.980748274609522,-2.7223738540135822,-11.566610224108654,0.29726885633776234,1.438848920863317,-0.7194244604316521,0.7194244604316502,25.00000000000022,665198400.0,51557490.0,60533396.666666664,709419575.25,878296319.0883334,0.9282065515602098,0.9376656963061437,0.2321428571428575,1.6700924974306295,16.34664803982622,23.794877630469745,9.776758794514851,46.87500000000002,19.17,11.121,34.52602807802211,-10.61093247588425,-25.96932253941201,7.319941032099864,-12.383302737079372,0.5195279517174558,0.43690564748391847,5.1489695865636005,-11.69621922049533,0.5559462013266195,0.4654628435995587
1781654400,13.8,14.05,13.8,14.0,55469700,2026-06-17,SHB,2026-06-17,0.7194244604316502,1.4492753623188248,3.3210332103321027,-4.664623765747367,-9.525655938994449,20.679251788638897,13.7875,14.271,15.70772,13.872249516788102,14.182684840970685,1.5412511332729029,-1.8989559246023413,-10.871851548155941,0.9209067574606156,1.7985611510791366,1.4388489208633042,-0.7194244604316502,79.99999999999972,776575800.0,49051530.0,60863083.333333336,676711885.5,882504488.7133334,1.1308454598663895,1.147572278010477,0.22500000000000028,1.607142857142859,16.18238929210438,23.821039190609845,9.752855046255505,56.66666666666663,19.17,11.121,35.76841843707292,-9.967845659163988,-25.43672773753728,8.91523777538701,-14.276775652190588,0.5565106758692084,0.44210316446006204,6.858348261541103,-13.517843194109046,0.5969988077152116,0.47199960728992807
1781740800,14.05,14.1,13.9,13.9,46859900,2026-06-18,SHB,2026-06-18,-0.7142857142857117,1.831501831501825,2.205882352941191,-2.0643979426477777,-12.402319132845975,23.533594027728412,13.802499999999998,14.259,15.691475,13.87489241995114,14.171599160932619,0.7063937692447064,-2.5177081141735003,-11.416868076455533,0.18095693493636045,1.4285714285714235,-1.071428571428574,0.3571428571428559,0.0,651352610.0,49516480.0,60216415.0,683738104.0,873097492.5466667,0.9463495789684566,0.9526346508838127,0.2285714285714288,1.6443987667009263,16.458814129618617,22.86319421215745,9.767727810855861,53.12499999999999,19.17,11.121,34.52602807802211,-10.61093247588425,-25.96932253941201,5.707403263484245,-17.103645791714804,0.4710543938759017,0.36111381893927297,5.1794805102868935,-15.054834748023838,0.5322288978475691,0.4081167724095591
1781827200,13.85,13.9,13.75,13.75,40246300,2026-06-19,SHB,2026-06-19,-1.0791366906474864,-0.36231884057971175,1.4760147601476037,-3.4545709872209063,-13.614374568071874,20.329045243721012,13.8125,14.24,15.673245,13.862997903765317,14.155065860503889,-0.4524886877828038,-3.4410112359550604,-12.270879450936933,-0.8151043847061779,1.0791366906474844,-0.7194244604316521,-0.3597122302158362,0.0,553386625.0,49460300.0,60305026.666666664,683379328.0,874029480.2433333,0.8137091768549726,0.809779579694866,0.22500000000000014,1.6363636363636376,16.922359163792663,22.95096939929323,10.096398470313343,50.0,19.17,11.121,32.662442539445884,-11.575562700964637,-26.768214742224117,4.2781648509777614,-16.444656262523274,0.4809109006740614,0.36397126137294095,3.8311439789667667,-14.38070195843253,0.5453498155999055,0.4106327988505547
1782086400,13.75,13.8,13.6,13.7,43863500,2026-06-22,SHB,2026-06-22,-0.363636363636366,-1.4388489208633115,0.0,-7.332251082251096,-14.72144413320885,18.985582768803198,13.8125,14.208,15.651069999999999,13.847474293882906,14.137220140484128,-0.814479638009058,-3.575450450450457,-12.466048647153194,-1.0649905589501851,1.4545454545454624,-0.3636363636363688,0.0,49.99999999999956,600929950.0,49283245.0,59760386.666666664,680953674.5,865185055.25,0.8900286496962608,0.8824828655800139,0.22500000000000028,1.6423357664233598,16.537900053563273,21.50567534315999,9.989534807103333,53.12499999999999,19.17,11.121,32.04124735992047,-11.897106109324762,-27.034512143161482,1.490962497945414,-19.376709196218734,0.35535372089631534,0.27974522666084106,2.0571592505391423,-16.44655458745573,0.4439952836305266,0.3435878538051416
1782172800,13.7,13.85,13.6,13.7,63395600,2026-06-23,SHB,2026-06-23,0.0,-1.4388489208633115,-0.7246376811594346,-8.250736672917236,-14.72144413320885,19.442022667829107,13.807500000000001,14.172,15.626925000000002,13.833429123036915,14.120074252622006,-0.778562375520564,-3.330510866497327,-12.330800845335865,-0.9645411983548957,1.8248175182481754,0.0,0.0,39.99999999999986,868519720.0,50095295.0,59685861.666666664,691842986.5,862770524.9633334,1.265500083391065,1.2553711419317828,0.22142857142857167,1.6162669447340998,16.31509361318056,21.38071189771045,9.989534807103333,46.42857142857138,19.17,11.121,32.04124735992047,-11.897106109324762,-27.034512143161482,0.07889489003864991,-21.895751053051363,0.37836093120879316,0.2975898358848942,0.8918128341519838,-19.632174216532015,0.48390833508069053,0.3714290009333382
1782259200,13.8,13.8,13.55,13.65,38938800,2026-06-24,SHB,2026-06-24,-0.36496350364962904,-2.500000000000002,-2.500000000000002,-10.067202529977603,-18.052470432851052,20.38098597759943,13.790000000000001,14.137,15.601295,13.815959682747685,14.101639968205458,-1.0152284263959421,-3.444861003041666,-12.507263018871184,-1.2012171905432134,1.8248175182481754,-1.0948905109489078,0.7299270072992803,39.99999999999986,531514620.0,48755360.0,59170770.0,672402467.5,853960822.2066667,0.7986568040929244,0.7904709540644272,0.2285714285714288,1.6745159602302475,15.375316758618442,21.059694726864166,9.87251729307089,44.82758620689654,19.17,11.121,31.420052180395075,-12.218649517684888,-27.300809544098847,-2.691524890233288,-22.335256092866185,0.34812612687967587,0.2733496101922087,-1.8913353045301284,-20.422233740004348,0.4528503986291102,0.34736649869452463
1782345600,13.65,13.7,13.55,13.65,36595800,2026-06-25,SHB,2026-06-25,0.0,-1.7985611510791366,-1.0869565217391353,-10.362490149724191,-16.06198499569549,19.453924914675767,13.782500000000002,14.11,15.576649999999999,13.800153998676477,14.083928596903283,-0.9613640486123898,-3.26009922041105,-12.368834120301852,-1.088060312159389,1.0989010989010883,0.0,0.0,66.66666666666707,499532670.0,48061445.0,58354678.333333336,662551972.0,840570908.7666667,0.7614377803247488,0.7539524310705696,0.2142857142857144,1.5698587127158565,14.580951299883985,21.03726808849124,9.24142910748634,36.000000000000036,19.17,11.121,31.420052180395075,-12.218649517684888,-27.300809544098847,-1.0547619808601083,-22.42415483147622,0.35000648466665935,0.2758259755560053,-1.3269781236832978,-20.997617528416402,0.459500831411305,0.35200733938718876
1782432000,13.6,13.65,13.5,13.65,39538000,2026-06-26,SHB,2026-06-26,0.0,-0.7272727272727209,-1.0869565217391353,-10.93566488320501,-15.296307787775355,20.38098597759943,13.775,14.081000000000001,15.556195,13.785853617850146,14.066911789181585,-0.907441016333943,-3.0608621546765247,-12.253607003512112,-0.9854566979750845,1.0989010989011014,0.3663003663003715,-0.3663003663003761,100.0,539693700.0,47662865.0,57406256.666666664,656755033.0,824930970.17,0.829534691210862,0.821757996333467,0.19642857142857156,1.4390371533228685,14.580951299883985,20.97174950139903,9.24142910748634,47.36842105263164,19.17,11.121,31.420052180395075,-12.218649517684888,-27.300809544098847,-1.5387968857872414,-22.7255232878536,0.3451287562953028,0.2724136240047521,-1.663303752167855,-20.718184464094726,0.45352296613387927,0.34663952898836903
1782691200,13.7,13.7,13.6,13.6,32752100,2026-06-29,SHB,2026-06-29,-0.3663003663003761,-0.7299270072992692,-1.090909090909098,-9.218343234764037,-14.824325170664498,19.940029985007477,13.767500000000002,14.045,15.539185,13.768153273292988,14.04860152293917,-1.2166333757036685,-3.1683873264506945,-12.4793224355074,-1.2213204629205165,0.73260073260073,-0.73260073260073,0.366300366300365,0.0,445428560.0,47113365.0,56621368.333333336,648953767.25,812418713.8799999,0.695176411194573,0.686379496474061,0.1892857142857143,1.3918067226890758,14.58208699620511,20.529428098116444,9.241451717914503,38.888888888888836,19.17,11.121,30.798857000869656,-12.540192926045023,-27.567106945036212,-1.6563617240859418,-18.146484732065737,0.4055507286803858,0.32397311960622993,-1.8236791930847929,-16.869376621091547,0.5328002895125511,0.4072996516170609
1782777600,13.65,13.7,13.45,13.55,57843886,2026-06-30,SHB,2026-06-30,-0.367647058823517,-1.0948905109488982,-0.367647058823517,-7.420060125717399,-15.916847657461975,19.03716067820436,13.764999999999997,14.005,15.520199999999999,13.747376771074608,14.029048522039595,-1.5619324373410515,-3.248839700107109,-12.694424040927299,-1.435741337139318,1.8382352941176472,-0.7352941176470562,0.3676470588235281,40.00000000000057,783784655.3000001,46502694.3,55749978.1,640504036.015,798618072.0883334,1.243882464676891,1.2236997914586827,0.19642857142857142,1.4496573537163941,14.116434114872536,20.041029541779437,8.83070935155591,36.84210526315788,19.17,11.121,30.177661821344266,-12.86173633440515,-27.833404345973577,-2.2039761526493007,-17.16681789350395,0.3857855919848844,0.314731559924339,-1.5191987646101635,-15.122206386625436,0.512846429913624,0.4014091769828833
1782864000,13.55,13.75,13.5,13.7,46147200,2026-07-01,SHB,2026-07-01,1.1070110701106861,0.366300366300365,-0.7246376811594346,-8.053691275167797,-14.986037852932043,19.89148507919838,13.760000000000002,13.972999999999999,15.50098,13.74286469763893,14.0161446584302,-0.43604651162791885,-1.9537679811064135,-11.618491217974613,-0.31190511281316,1.8450184501845017,1.1070110701106906,0.0,79.99999999999972,632216640.0,46196069.3,55646298.1,636041875.015,796150296.0883334,0.998942132940302,0.9939858755134483,0.19999999999999993,1.4598540145985397,13.66071355846027,19.804750155891668,8.83070935155591,52.631578947368375,19.17,11.121,32.04124735992047,-11.897106109324762,-27.034512143161482,-3.374430700439157,-18.93051130319563,0.4189269510878717,0.3441841003519289,-2.6870604503278828,-17.627933559227582,0.5657209488861258,0.4464552570208755
1782950400,13.7,13.95,13.65,13.85,27696600,2026-07-02,SHB,2026-07-02,1.0948905109489093,1.46520146520146,0.36231884057971175,-4.482758620689653,-12.717418704310568,22.609773371104815,13.7625,13.944,15.482510000000001,13.753068059768557,14.009629181629016,0.6357856494096259,-0.6741250717154368,-10.544220543051496,0.7048023016405613,2.1897810218978027,1.0948905109489078,0.0,66.66666666666666,383597910.0,45442734.3,55509684.766666666,625715093.515,793869356.255,0.6094835715024305,0.6130552290901453,0.20714285714285705,1.4956162970603397,14.236337089901841,19.230641432527413,8.83070935155591,52.631578947368375,19.17,11.121,33.90483289849669,-10.932475884244376,-26.235619940349387,-1.551906815285542,-15.922826919604871,0.38778377518565477,0.32685912269601264,-1.319069856331434,-14.251036360648795,0.5551514958608313,0.4510057403386965
