t,open,high,low,close,volume,date_vn,Ticker,Date,ret_1d_pct,ret_5d_pct,ret_20d_pct,ret_60d_pct,ret_120d_pct,ret_252d_pct,sma_20,sma_50,sma_200,ema_20,ema_50,dist_sma20_pct,dist_sma50_pct,dist_sma200_pct,dist_ema20_pct,range_pct,body_pct,gap_pct,close_location_pct,traded_value,adv20_shares,adv60_shares,avg_value_20,avg_value_60,volume_ratio_20,value_ratio_20,atr14,atr14_pct,realized_vol_20d_pct,realized_vol_60d_pct,downside_vol_20d_pct,rsi14,high_52w,low_52w,pos_52w_pct,drawdown_60d_pct,drawdown_252d_pct,excess_ret_20d_vs_vnindex_pct,excess_ret_60d_vs_vnindex_pct,beta_60d_vs_vnindex,corr_60d_vs_vnindex,excess_ret_20d_vs_vn30_pct,excess_ret_60d_vs_vn30_pct,beta_60d_vs_vn30,corr_60d_vs_vn30
1758153600,18.381,18.524,17.81,17.953,18506300,2025-09-18,TPB,2025-09-18,-2.328491376965347,-4.071600320598456,-11.295024457730129,42.26959347016403,39.462440767497874,33.698242478403316,19.29325,17.33942,14.46383,18.712368512334074,17.50978025943558,-6.946730073989615,3.5386420076334746,24.12341682666348,-4.0581100774792045,3.8844458952179,-2.3284913769653492,0.0,20.028011204481828,332243603.9,40635415.0,36213113.333333336,799397556.7900001,636016661.3166667,0.4554229358799461,0.4156174872914699,0.7006428571428577,3.9026505717309514,53.92706100800666,48.35567260476939,33.76488717000829,38.0642764257849,21.715,9.855,68.27993254637437,-14.509523809523817,-14.509523809523817,-11.958789419645266,20.43636622637026,1.9645578370527466,0.755830550263087,-14.127453785083388,14.99723908132071,1.6632887425435148,0.7319696458203611
1758240000,18.0,18.238,17.715,17.715,12254000,2025-09-19,TPB,2025-09-19,-1.325683729738758,-4.614473400818431,-9.925255504144005,38.81053126469205,39.532136105860104,33.02545618382518,19.195649999999997,17.4099,14.480714999999998,18.617381034968922,17.51782809239889,-7.713466332215879,1.75245119156342,22.335119502041167,-4.8469816096796015,2.9131621456024046,-1.5874784158636448,0.2617946861248832,0.0,217079610.0,38453470.0,36223920.0,755289254.075,637166143.6966666,0.31867085077107477,0.2874125493362892,0.6802142857142862,3.83976452562397,53.34410790477002,48.509749661497594,33.47781493170194,29.253317488611643,21.715,9.855,66.27318718381113,-15.642857142857148,-15.642857142857148,-9.580378193946693,17.455491937821748,1.973957406115388,0.7589789174982258,-11.624499676835764,11.911339257267244,1.6705670922711588,0.7336107142804332
1758499200,17.81,18.096,17.334,18.096,20761200,2025-09-22,TPB,2025-09-22,2.1507197290431934,-4.040725421571745,-13.828571428571424,42.32009437672042,43.53930356151346,34.76318141197496,19.050449999999998,17.48896,14.49906,18.567725698305214,17.54050150054011,-5.010117871231379,3.470989698644189,24.8080910072791,-2.5405680047733137,4.30143945808637,1.614451030200403,0.536268698842779,100.0,375694675.2,33766945.0,36488973.333333336,653857702.8349999,642398230.45,0.6148379724609377,0.574581707259945,0.6836428571428578,3.7778672476948376,47.181333496635766,48.571017907529985,33.47781493170194,33.045923149015934,21.715,9.855,69.48566610455312,-13.828571428571424,-13.828571428571424,-10.65617806364252,22.63891224633754,1.8670222927962277,0.7300201327515063,-10.878563161507927,17.99396033461789,1.5396664480399547,0.6946206559384698
1758585600,18.048,18.286,17.858,18.286,12062800,2025-09-23,TPB,2025-09-23,1.049955791335111,-2.29227892065188,-11.11219132801866,43.2847516063313,44.02961562696915,35.43178788327654,18.936149999999998,17.57182,14.518574999999998,18.540894679419,17.569736735813045,-3.4333800693382543,4.064348485245151,25.948999815753293,-1.3747701166866633,2.3651635720601285,1.315207780725039,-0.2652519893899252,100.0,220580360.8,30335370.0,36551790.0,581884563.8950001,644310478.5366666,0.39764802605011906,0.37907924438394847,0.6836428571428578,3.738613459164704,47.29186075071214,48.57510578041403,33.86594641627318,33.630620587142374,21.715,9.855,71.0876897133221,-12.923809523809515,-12.923809523809515,-10.49169991826947,24.048036912287078,1.865056770137688,0.7294086171067954,-11.521778873911213,19.871082565955668,1.541981849224674,0.6951260361020312
1758672000,18.238,18.715,17.762,18.715,29866300,2025-09-24,TPB,2025-09-24,2.3460570928579116,1.8170937380991292,-2.235804210416348,46.0967993754879,47.40863264020163,38.60909494889646,18.91475,17.662300000000002,14.54068,18.557476138521952,17.61464902068312,-1.0560541376439136,5.960152415030873,28.707873359430238,0.848843130942023,5.2116373181669,2.608552991359512,-0.2624958985015913,100.0,558947804.5,28854325.0,36837048.333333336,552893780.6400001,650903979.4783332,1.03507186530962,1.010949705118752,0.7075000000000004,3.7803900614480384,41.790736025664046,48.69578027378067,27.247077514729877,33.630620587142346,21.715,9.855,74.70489038785834,-10.88095238095238,-10.88095238095238,-4.926584431353998,25.647984998312314,1.8618295747840516,0.7310469695017315,-6.181696803175118,20.65485454752829,1.5367653393113787,0.6967210781254645
1758758400,18.715,18.762,18.429,18.477,9188700,2025-09-25,TPB,2025-09-25,-1.271707186748594,2.9187322453071873,-7.39738385205232,43.177063153816356,46.04015175466331,37.98073332835487,18.84095,17.75088,14.56204,18.549811744377003,17.64846670614653,-1.9316966501158328,4.090614099132006,26.884694726837722,-0.3925201257046429,1.7793213999465773,-1.271707186748595,0.0,14.414414414414875,169779609.9,26839820.0,36771905.0,512020236.31500006,650916628.7016666,0.34235326466421906,0.33158769489639833,0.6462142857142863,3.4973983098678696,38.71345872269754,48.85942408258652,26.935661359658404,38.00923981520371,21.715,9.855,72.69814502529512,-12.01428571428571,-12.01428571428571,-7.30503722840078,22.256636979514546,1.8574304911279695,0.7268890863022079,-7.917651016271788,17.264560444083003,1.5420078572514562,0.6960729213800884
1758844800,18.429,18.524,17.905,17.905,10599500,2025-09-26,TPB,2025-09-26,-3.0957406505385032,1.07253739768558,-6.928994697993551,38.23052574693122,51.63448509485096,32.24758106211685,18.774300000000004,17.825159999999997,14.581425,18.488401102055384,17.658526835317254,-4.630265842135273,0.44790621795263164,22.793211225926147,-3.155497865039969,3.3501109487470897,-2.8359582183254717,-0.2597824322130293,0.0,189784047.5,24656670.0,36785960.0,469314339.94000006,651973495.1833333,0.42988367853404374,0.4043857844281151,0.6054285714285719,3.3813380141221554,38.209460740200406,49.45581861478995,26.406016348613676,43.677606177606215,21.715,9.855,67.8752107925801,-14.738095238095228,-14.738095238095228,-6.206843548410223,18.288882372358238,1.8773723727342813,0.7274477404470028,-7.150790159301068,13.284479185114062,1.5584574790042562,0.6965481919610229
1759104000,17.905,18.191,17.762,17.953,7329400,2025-09-29,TPB,2025-09-29,0.26808154146884533,-0.7902298850574696,-9.374053508329128,37.087660354306664,58.59540636042402,31.302567103049796,18.68145,17.9004,14.598165000000002,18.43741052090725,17.670074802559718,-3.8993225900559203,0.29384818216351416,22.98121030965192,-2.6273240505110484,2.3959787768779583,0.26808154146885377,0.0,44.52214452214444,131584718.2,23109010.0,36453910.0,437974660.55,648218283.3133334,0.31716633468937006,0.30043911224169567,0.5986428571428574,3.334500401842909,36.26424971748821,49.44828221085453,26.406016348613676,43.031486453502545,21.715,9.855,68.27993254637437,-14.509523809523817,-14.509523809523817,-8.518539069291975,16.499510190770806,1.8858952094714447,0.7297807506406695,-9.429394148776161,11.36324771590538,1.5634193001488734,0.6981850547116651
1759190400,18.0,18.096,17.524,17.953,11734600,2025-09-30,TPB,2025-09-30,0.0,-1.8210652958547624,-9.806581260989711,37.087660354306664,69.92901088499764,29.624548736462096,18.58385,17.97184,14.615795,18.391276185582747,17.68116990834169,-3.394614140772778,-0.10483066842349453,22.832866771872485,-2.3830656511282244,3.1860970311368533,-0.26179468612488493,0.2617946861248832,74.99999999999984,210671273.79999998,21308945.0,36474935.0,400999069.765,649443542.5833334,0.5506889242991617,0.5253659913063164,0.5952857142857145,3.3158007814054176,36.13818488667358,49.44828221085453,26.406016348613676,45.685410728167895,21.715,9.855,68.27993254637437,-14.509523809523817,-14.509523809523817,-8.58735179498963,17.279733722872685,1.8823652257904735,0.7299384431825737,-9.68596240585028,11.942070370628844,1.5643756738580668,0.6989186386768429
1759276800,17.953,18.619,17.905,18.381,19780100,2025-10-01,TPB,2025-10-01,2.384002673647867,-1.784664707453909,-8.31504389465283,36.39804096170971,76.94455140546785,24.347179001488307,18.5005,18.05184,14.6349,18.390297501241534,17.708614225661623,-0.6459284884192229,1.8234152308019613,25.59703175286472,-0.05055655701549089,3.9770511892162794,2.384002673647863,0.0,66.66666666666666,363578018.1,20931925.0,36367093.333333336,391791901.46999997,649607291.4583334,0.9449728106707815,0.9279875789567327,0.557857142857143,3.0349662306574343,37.34034219274586,49.355530202005596,26.406016348613676,45.67133229652671,21.715,9.855,71.88870151770658,-12.471428571428566,-12.471428571428566,-7.348529887634447,17.640641135739354,1.8721975558496957,0.7247842110813497,-8.90872314653095,12.405226145912906,1.5577585144580377,0.6944566832826107
1759363200,18.381,18.619,17.905,17.905,11176400,2025-10-02,TPB,2025-10-02,-2.5896305968119204,-3.0957406505385032,-12.560433657274006,34.28078596070199,61.33537574337717,19.334844041588916,18.371900000000004,18.118499999999997,14.651845000000002,18.34407869159948,17.716315628576854,-2.541381130966325,-1.1783536164693298,22.203039958448922,-2.39357178401417,3.8844458952178806,-2.5896305968119204,0.0,0.0,200113442.0,19596605.0,36011026.666666664,363011268.79,645710953.9316667,0.5703232779351322,0.5512595866982976,0.5782142857142857,3.2293453544500736,36.8332637465694,49.670194101627054,26.518443304827414,42.04247196373183,21.715,9.855,67.8752107925801,-14.738095238095228,-14.738095238095228,-9.99129748362446,17.51945042313823,1.9093592018320393,0.7370009925670115,-11.29741994409863,12.667205624986249,1.600218812256259,0.7083645173502156
1759449600,17.81,18.0,17.667,17.81,9148300,2025-10-03,TPB,2025-10-03,-0.5305780508238045,-0.5305780508238045,-9.220653448187988,25.50207878232682,51.97542452427682,16.626285115578533,18.28145,18.181359999999998,14.668534999999999,18.293214054304293,17.71998952549541,-2.578843581882184,-2.0425314717930854,21.41635139432807,-2.6414934678501534,1.859815693940231,0.0,-0.5305780508238045,42.94294294294229,162931223.0,17700520.0,35129568.333333336,324984513.44,633753973.685,0.51683792340564,0.5013507298404883,0.5713571428571428,3.2080693029598137,34.367070561557604,48.17229666643561,24.265025004648095,36.89999999999998,21.715,9.855,67.0741989881956,-15.190476190476199,-15.190476190476199,-7.951884364161278,10.515912166894914,1.8639018279538677,0.7405155099147271,-9.980889267595394,5.010525133256991,1.5756137466554037,0.7184407796616776
1759708800,18.143,19.0,17.905,18.905,25592500,2025-10-06,TPB,2025-10-06,6.148231330713094,5.302734918955054,2.582885669325541,33.67036696599024,63.171068530985686,24.522460808852586,18.30525,18.26232,14.690479999999997,18.351479382465786,17.766460524495592,3.2763824585842816,3.519158573499981,28.688783484270107,3.0162179625860874,6.1482313307130765,4.27849522740034,1.869736103312758,91.32420091324211,483826212.5,16270135.0,35271213.333333336,299233049.775,637788450.3366666,1.5729740410881656,1.616887616069815,0.6189285714285714,3.273888238183398,35.27858664159289,49.548149632362254,15.868250983510695,51.918416801292416,21.715,9.855,76.30691399662733,-9.976190476190471,-9.976190476190471,-1.7857624935277094,16.38667254690942,1.8970831106210613,0.762391004016978,-3.6006448360916155,11.391574607419109,1.6369384664774116,0.7458449990243675
1759795200,19.0,19.0,18.429,18.429,12560200,2025-10-07,TPB,2025-10-07,-2.517852419994726,2.651367459477516,-0.512848196933724,30.304744396521222,62.17001055966207,18.613631975284783,18.3005,18.333759999999998,14.71049,18.358862298421425,17.792442464711453,0.7021666074697341,0.5194788194020195,25.277947913359778,0.3820372985999576,3.0203649828087884,-3.0203649828087884,0.5025125628140614,0.0,231471925.79999998,15805505.0,35041863.333333336,290566582.70500004,635441970.24,0.7946724891105978,0.7966226661205691,0.6325000000000001,3.432090726572251,36.48512694327243,49.93096090997808,16.707420589851097,50.47114252061247,21.715,9.855,72.29342327150083,-12.242857142857154,-12.242857142857154,-3.443246652947207,14.695865019943467,1.9198949313980929,0.7673447019154805,-5.141458134638166,10.503112035369156,1.6753393747674894,0.7546816226595814
1759881600,18.762,18.762,18.191,18.524,21253800,2025-10-08,TPB,2025-10-08,0.5154918877855685,0.7779772591262724,1.3015421634037017,30.533436685223037,61.12029225015223,19.225075625925214,18.3124,18.3909,14.731195,18.374589698571764,17.821130995507083,1.155501190450181,0.7237274956636286,25.746757136810693,0.8131354434534721,3.098377557111083,-1.2914428346627573,1.8069347224483279,58.3187390542909,393705391.20000005,15857985.0,35051760.0,291779152.205,637117292.4266666,1.3402585511337033,1.3493266678744344,0.6222857142857142,3.3593484899898196,36.203444916796286,49.929986762384246,16.94847876324629,55.996639361478685,21.715,9.855,73.09443507588533,-11.790476190476184,-11.790476190476184,-2.019295683315625,15.067787414946523,1.923907314676229,0.7683889292583058,-3.8564176206969503,10.772715237344912,1.6763484715805492,0.7550626429580635
1759968000,18.619,19.096,18.477,19.048,42825400,2025-10-09,TPB,2025-10-09,2.8287626862448567,6.383691706227301,1.7793213999465651,35.59225512528472,63.76923738285613,24.37479595168135,18.32905,18.48042,14.75452,18.4387240129935,17.869243505487198,3.922461884276607,3.071250545171589,29.09942173652549,3.3043283612095298,3.341610883178578,2.315914489311156,0.5128481969336907,92.24555735056514,815738219.1999999,16345350.0,35440810.0,301613231.09000003,646151450.1600001,2.6200356676363614,2.704583669131502,0.6291428571428571,3.3029339413211742,36.64047473430975,50.05617617187025,16.94847876324629,63.205864870219905,21.715,9.855,77.51264755480605,-9.295238095238101,-9.295238095238101,-1.7628291052562695,18.078134699446924,1.9326555090472644,0.7692705122880108,-2.846355120742583,13.8177984671509,1.68519541375193,0.7547140221381269
1760054400,19.143,19.191,18.619,18.667,23788700,2025-10-10,TPB,2025-10-10,-2.000209995800062,4.811903425042119,0.5115227223777774,31.541117609752668,59.28833518218279,20.14545922636288,18.3338,18.5509,14.77572,18.460464583184596,17.900528073899466,1.8174082841527772,0.6258456463028805,26.33563711277691,1.1187985864859362,3.0029399412011717,-2.4989500209995756,0.49874002519951777,8.391608391608722,444063662.90000004,16857170.0,35571823.333333336,311231748.45500004,649785297.3933334,1.4111917955386344,1.4267942300372538,0.6155714285714284,3.297645195111311,37.289998121016986,50.319070084713324,17.428173044349098,55.65682583713098,21.715,9.855,74.3001686340641,-11.109523809523802,-11.109523809523802,-4.304162893542962,13.10089178340581,1.8514258149991896,0.7401423587054489,-5.659642412040178,8.861145855190667,1.6173195152360047,0.726607559018064
1760313600,18.381,18.619,18.334,18.524,18298800,2025-10-13,TPB,2025-10-13,-0.7660577489687737,-2.0153398571806425,-1.7711316152296042,30.533436685223037,53.981712385702416,18.888389705410447,18.3171,18.62232,14.797315,18.466515575262253,17.92497795335439,1.1295456158453065,-0.527968588231742,25.184873066498902,0.3112900455067624,1.5267584507419516,0.766057748968772,-1.5321154979375473,66.66666666666708,338966971.2,17117310.0,35555268.333333336,315831878.615,650871843.7283334,1.0690231116921993,1.0732512901688487,0.6087857142857143,3.2864700620045033,36.96611001457019,50.376509811821656,17.106745013656163,52.38,21.715,9.855,73.09443507588533,-11.790476190476184,-11.790476190476184,-6.532245034423612,12.069802212971183,1.8449921068554218,0.7368387720322382,-8.992658190426084,7.4356205721747735,1.597994885690957,0.7193245001822722
1760400000,18.572,18.858,18.143,18.286,41097900,2025-10-14,TPB,2025-10-14,-1.2848196933707645,-0.7759509468771908,-2.29227892065188,27.15388359641193,53.702614104396076,17.02291053372584,18.295650000000002,18.68898,14.818164999999999,18.449323615713467,17.939135680673825,-0.0527447781303203,-2.156243946967673,23.402594045888957,-0.885255303204513,3.859857482185272,-1.5439429928740973,0.2591232995033277,20.0000000000001,751516199.4000001,18428150.0,35792240.0,339482699.26,656954521.5916667,2.23016960465375,2.213709862205483,0.5917857142857142,3.2362775581631533,37.14411145987151,50.47552617017551,17.131200569961262,45.539613225202764,21.715,9.855,71.0876897133221,-12.923809523809515,-12.923809523809515,-7.061152738249577,9.536604263221069,1.8483177616484447,0.7375878259843605,-9.666745031700785,4.659951446841703,1.6001344080158697,0.7189811194282392
1760486400,18.286,18.905,18.286,18.762,28525100,2025-10-15,TPB,2025-10-15,2.603084326807381,1.2848196933707534,2.0727925575322326,30.463806411237048,56.532621391623564,21.099851545859426,18.314700000000002,18.745160000000002,14.840724999999999,18.479102318978853,17.97140486966701,2.4423004471817666,0.08983652313450108,26.42239513231328,1.5309059722592666,3.385103357760034,2.603084326807388,0.0,76.89822294022606,535187926.2,19317500.0,35913336.666666664,356373244.765,660778820.4733334,1.4766455286657176,1.5017623630890533,0.6122142857142856,3.263054502261409,37.74977040731128,50.6578301525477,17.183381156457298,52.82345948087973,21.715,9.855,75.10118043844857,-10.657142857142855,-10.657142857142855,-3.132567203564607,12.087320771022902,1.85200120158742,0.7325126748692756,-5.460717354980815,7.026095270369989,1.6041810057727692,0.7139252234229969
1760572800,18.905,18.905,18.572,18.81,17126800,2025-10-16,TPB,2025-10-16,0.2558362647905321,-1.2494750104997898,4.7735754470005,29.083173208893776,57.52449543589313,21.06584282680053,18.35755,18.786119999999997,14.863525,18.51061638383801,18.00429095320948,2.464653507684833,0.12711512542240566,26.551406883629557,1.6173616802052537,1.7748640869843406,-0.5063426073979449,0.7621788721884792,71.47147147147092,322155108.0,19248525.0,35723548.333333336,355868819.97,659222947.8533332,0.8897720734445886,0.9052636531268963,0.5917857142857142,3.1461228829649883,36.61580761683717,50.63008249727451,16.566783756114972,60.00442184390889,21.715,9.855,75.50590219224283,-10.42857142857143,-10.42857142857143,-1.3320707894423967,12.0375831615946,1.8755554042320153,0.7350004524983845,-3.849003430823462,6.963944715796046,1.618204845386536,0.7151511838830839
1760659200,18.81,18.858,18.286,18.334,18700200,2025-10-17,TPB,2025-10-17,-2.5305688463583165,-1.7838967161300845,3.4942139429861685,25.00170450671575,54.106077162309816,18.3373136255083,18.3885,18.80612,14.882394999999999,18.493795775853435,18.017220719750284,-0.2963808902303078,-2.5104593611016024,23.192537222671493,-0.864050721605103,3.0409356725146157,-2.5305688463583156,0.0,8.3916083916081,342849466.8,19570835.0,35583583.333333336,362157312.81,658312975.0883334,0.9555136507972194,0.9466865770010572,0.6020000000000001,3.283516963019527,37.54515230764087,51.00164229414287,17.622115832901226,53.847707533831546,21.715,9.855,71.49241146711636,-12.695238095238093,-12.695238095238093,-0.8811101215976613,10.528481424146687,1.8459787952689313,0.7379286805146587,-2.8305025176248444,5.393232688638427,1.5983786878306023,0.7198039725614502
1760918400,18.334,18.334,17.096,17.096,26339100,2025-10-20,TPB,2025-10-20,-6.752481727937165,-7.7089181602245755,-5.526083112290003,15.070337214780928,42.63307191723678,10.346608145614145,18.338500000000003,18.77756,14.894404999999999,18.3606723686293,17.98109441701498,-6.775363306704496,-8.955157113064748,14.781355817838993,-6.88794148296058,6.752481727937163,-6.752481727937163,0.0,0.0,450293253.6,19849730.0,35542120.0,365887241.73,658679841.76,1.3269248498594188,1.2306885899352729,0.6495714285714287,3.7995521090982023,44.127843811166564,53.039907615347246,27.138447072515643,43.07642591694943,21.715,9.855,61.0539629005059,-18.590476190476192,-18.590476190476192,-5.647224780741166,7.482665783767529,1.6993096784260122,0.7525183932181763,-8.343185772215255,2.4513741572874004,1.5285572876641451,0.7420182014897287
1761004800,16.953,17.524,16.191,17.334,23292000,2025-10-21,TPB,2025-10-21,1.3921385119326057,-5.206168653614796,-5.206168653614796,16.672275694958614,43.56468444591683,11.56593937053485,18.2909,18.75566,14.90672,18.26289404780746,17.955718165367333,-5.231563236363446,-7.579898547958319,16.2831259995492,-5.086236854771542,7.797145531118402,2.228591483387928,-0.8364529714553148,85.74643660915221,403743528.0,20411190.0,35531716.666666664,375045400.09000003,659486850.8366667,1.1411387577108438,1.0765190771653599,0.6937857142857146,4.00245594949645,44.27769478199599,53.08421699854981,27.138447072515643,41.27354559093182,21.715,9.855,63.06070826306913,-17.45714285714286,-17.45714285714286,-6.928830493322258,8.031598548014848,1.6871226022271164,0.7522622760627217,-10.391597844643929,1.9016791083040765,1.499139081538665,0.7380232102237545
1761091200,17.477,17.524,16.715,17.286,8153400,2025-10-22,TPB,2025-10-22,-0.2769124264451306,-7.866965142308913,-7.63558642799892,10.333822684623751,43.167135994699365,8.77170903599296,18.219450000000002,18.729,14.91924,18.169856519444846,17.929454707901947,-5.123370903073365,-7.70462918468684,15.863810757116315,-4.864411111331379,4.667128187377415,-1.101880696896267,0.8249682704511319,70.58096415327574,140939672.4,19325545.0,34966033.333333336,354144993.485,650844295.9633334,0.42189754545085273,0.39797166412849366,0.7005714285714291,4.052825573131026,43.2200507555672,52.00240183602865,26.99795277448589,44.444444444444436,21.715,9.855,62.65598650927488,-17.685714285714283,-17.685714285714283,-8.90499866117499,2.5594265679692816,1.6454902434935395,0.7435288186194053,-11.811514951640934,-3.54007669200913,1.4675819810432245,0.7340615293103173
1761177600,17.334,17.381,16.953,16.953,9146100,2025-10-23,TPB,2025-10-23,-1.926414439430768,-9.872408293460921,-8.248092222763436,16.33955531155642,38.369245837414276,7.277099284945887,18.143250000000002,18.70234,14.930095000000001,18.05396542235486,17.891162366415596,-6.560291017320507,-9.35358890919532,13.549177014613756,-6.0981917080201065,2.475992132361453,-2.2040958000694215,0.27768136063865967,0.0,155053833.29999998,19323415.0,34305413.333333336,353408704.655,641580689.0583333,0.47331695769096715,0.43873801425283115,0.7073571428571436,4.17245999443841,43.464802878235815,50.002569447048884,27.126898731829534,42.62351523498021,21.715,9.855,59.848229342327144,-19.271428571428572,-19.271428571428572,-9.506727710642249,3.3725870978709622,1.6295530566731595,0.7096915933152365,-12.934776787532853,-3.6747542814220076,1.4429084197674276,0.697938632594689
1761264000,17.0,17.096,16.619,17.048,10405100,2025-10-24,TPB,2025-10-24,0.5603727953754412,-7.014290389440392,-4.786372521642013,12.580069999339605,38.14115549793371,9.725172169659512,18.1004,18.67854,14.941865,17.9581591916544,17.85809717557577,-5.81423614947737,-8.729483139474514,14.095529574119414,-5.068220979338323,2.813661298885155,0.28313572818969074,0.2772370671857427,89.93710691823861,177386144.79999998,19313695.0,34006166.666666664,352788809.52,637379558.7099999,0.5387420687755502,0.5028111437019483,0.656428571428572,3.850472615137096,42.37417506457633,49.43533976354167,26.49642178853182,30.692451653150286,21.715,9.855,60.64924114671162,-18.819047619047623,-18.819047619047623,-6.140018574511286,0.9359663399536746,1.6092542219972603,0.7076978213550825,-9.749533399303722,-6.66348216588195,1.4341650948655233,0.7018289760500411
1761523200,17.143,17.191,16.715,16.715,7149400,2025-10-27,TPB,2025-10-27,-1.9533083059596335,-2.2285914833879317,-6.895783434523473,11.78358857754298,33.99871733205067,8.82869978514227,18.0385,18.63568,14.953524999999999,17.839763078163504,17.813269835357115,-7.337084569116048,-10.306465876211657,11.779663992269395,-6.304809504674724,2.792116377287653,-2.5105584232754623,0.5572501173158217,0.0,119502221.0,19304695.0,33798920.0,352184684.65999997,634490553.35,0.3703451414280308,0.33931691582604667,0.6496428571428575,3.8865860433314836,42.77286189766739,49.546478951486456,26.368069010486707,31.633090441491618,21.715,9.855,57.84148397976391,-20.404761904761905,-20.404761904761905,-6.0592897472304905,1.7990293037895455,1.5882904447050954,0.7085734749618648,-8.964808205899722,-5.893770064879456,1.4105003776873613,0.7010030563149662
1761609600,16.667,17.096,16.619,17.096,8875800,2025-10-28,TPB,2025-10-28,2.279389769667972,-1.3730241144571331,-4.7735754470005,14.331572259747215,37.05307038640371,9.100191448627948,17.995649999999998,18.60616,14.967755,17.768928499290787,17.78514160651958,-4.999263710952362,-8.116451755762599,14.218865821895132,-3.7871079244741535,2.8537241998205225,2.5665569847442327,-0.2871672150762672,100.0,151740676.8,19161755.0,33603691.666666664,349238154.81,631888318.0716667,0.4632039184302273,0.43449054666593695,0.6429285714285717,3.7606959021324973,43.75448101010318,49.72049579634738,26.368069010486707,35.58158319870755,21.715,9.855,61.0539629005059,-18.590476190476192,-18.590476190476192,-5.904946934031852,1.9393330425135247,1.5883006872336667,0.7116727347974019,-9.397514731967194,-6.433431364541089,1.3937174492914322,0.7020722556110692
1761696000,17.143,17.524,17.048,17.286,10934100,2025-10-29,TPB,2025-10-29,1.1113710809546262,0.0,-5.957238452750113,8.355795148248003,32.00458190148912,14.197000726696185,17.9409,18.56806,14.982715,17.72293530888214,17.765567425871755,-3.6503185458923393,-6.904652397719513,15.372948093853477,-2.465366494133514,2.784277023865247,0.8364529714553152,0.2749181094993114,50.00000000000038,189006852.60000002,18719455.0,32817085.0,340509596.53499997,619582501.1733334,0.5841035436127815,0.5550705604873388,0.6327142857142862,3.660270078180529,42.98089655721511,47.92805497157477,26.368069010486707,30.922477262884357,21.715,9.855,62.65598650927488,-17.685714285714283,-17.685714285714283,-7.205249023003257,-1.9596760955109538,1.5304706999441013,0.698897025302434,-10.187364132333986,-9.581321508942196,1.338997807088928,0.6891809339735109
1761782400,17.5,17.5,17.15,17.15,5633500,2025-10-30,TPB,2025-10-30,-0.7867638551429024,1.1620362177785504,-4.216699246020683,2.3147595752296857,32.40176020998995,13.298540001321246,17.90315,18.50628,14.996550000000003,17.668370041369553,17.74142752681796,-4.206801596367127,-7.32875542788719,14.359636049624713,-2.9338871676097944,2.0247599213236227,-2.0247599213236227,1.2379960661807132,0.0,96614524.99999999,18442310.0,31317746.666666668,335334650.685,594487021.9966667,0.30546607230872924,0.288113753835585,0.6168571428571435,3.5968346522282424,42.15994104312267,46.86572949645653,25.83968302960154,32.654927967070606,21.715,9.855,61.50927487352445,-18.333333333333336,-18.333333333333336,-5.236841920779112,-5.597853939943365,1.4907947067074256,0.6964392479784951,-7.73213101287733,-11.572239590663024,1.2947819743172995,0.677536318285524
1761868800,17.1,17.3,16.65,16.65,8998600,2025-10-31,TPB,2025-10-31,-2.9154518950437303,-2.334584702017828,-6.513194834362723,-3.9460020768432025,26.683405615156342,9.030187937921541,17.84515,18.44594,15.008329999999999,17.571382418381976,17.698626447334902,-6.697337932155245,-9.736234640251473,10.938392212857796,-5.243653552369853,3.790087463556864,-2.623906705539375,-0.2915451895043608,0.0,149826690.0,18434825.0,30588896.666666668,334679424.03499997,581750552.0566667,0.48813048130372816,0.44767224765013186,0.6395000000000007,3.840840840840846,43.25741498918937,46.738519583311515,26.56054550448751,30.1902748414376,21.715,9.855,57.293423271500835,-20.71428571428572,-20.71428571428572,-6.138305721337012,-8.136100633756483,1.4786804958669257,0.6957906918811891,-7.903346003219025,-13.349417596975977,1.2812823628397911,0.6772033794500955
1762128000,16.8,17.3,16.65,16.65,20592700,2025-11-03,TPB,2025-11-03,0.0,-0.38887227041579653,-11.928061359428732,-10.11660548477652,27.138057422113615,9.669345277302055,17.732400000000002,18.35894,15.020999999999999,17.483631711869407,17.657503841557062,-6.104080665899724,-9.308489487955196,10.84481725584181,-4.7680695041377845,3.903903903903917,-0.9009009009009137,0.9009009009009139,0.0,342868455.0,18184835.0,29704531.666666668,327631536.15999997,564725396.1333333,1.1324106047704035,1.0465062643803589,0.6348571428571438,3.812955812955819,35.996111102276885,44.4791745694214,26.56054550448751,31.789848619768435,21.715,9.855,57.293423271500835,-20.71428571428572,-20.71428571428572,-7.29815867585456,-12.341272164086924,1.4262122799801713,0.711017407782157,-8.73207601312317,-17.194450831636498,1.2346699797862062,0.6912828214728017
1762214400,16.65,17.45,16.55,17.25,16470600,2025-11-04,TPB,2025-11-04,3.603603603603611,0.9007955077211083,-6.3975256389386175,-6.3975256389386175,33.173782135412644,12.634671890303629,17.673450000000003,18.2925,15.036669999999999,17.46138107264375,17.641523298750904,-2.3959668316033467,-5.699056990569906,14.71954894268479,-1.2105633097654223,5.405405405405397,3.6036036036036125,0.0,77.77777777777783,284117850.0,18380355.0,29252461.666666668,330263832.37,556070550.8133333,0.8960980351032393,0.8602753984932208,0.6549285714285722,3.7966873706004183,38.18094411740996,45.126685160345616,26.38858001840004,33.62218370883882,21.715,9.855,62.35244519392917,-17.85714285714286,-17.85714285714286,-4.420429572956309,-10.626681132802773,1.4394169289627043,0.7206750747056717,-5.7722801751101676,-16.15011082875054,1.2518053287518605,0.6998257504539547
1762300800,17.2,17.25,16.85,16.9,4660000,2025-11-05,TPB,2025-11-05,-2.0289855072463836,-2.2330209418026326,-8.767004966529923,-9.232504430957633,31.92818110850897,10.033205286802517,17.59225,18.24764,15.05059,17.407916208582442,17.612443953701852,-3.934971365231854,-7.38528379560317,12.2879568176397,-2.9177312350115225,2.3188405797101366,-1.7391304347826129,-0.28985507246377384,12.499999999999334,78754000.0,17550665.0,28314856.666666668,314516262.81,538479774.3183333,0.26551700462632044,0.2503972268282212,0.6597142857142863,3.9036348267117535,38.52498495638187,45.24330761673275,26.290619569640146,30.581537210248072,21.715,9.855,59.40134907251263,-19.523809523809533,-19.523809523809533,-6.237894278180688,-12.866511169181415,1.4367729349005576,0.7161506112872053,-6.869919758906217,-17.532062384915946,1.255255328944434,0.7004592326023087
1762387200,16.9,17.15,16.75,16.9,4174700,2025-11-06,TPB,2025-11-06,0.0,-1.4577259475218707,-11.276774464510709,-7.579569069233305,31.445904954499483,11.646957785558554,17.48485,18.18658,15.064065000000001,17.359543236336496,17.58450497512531,-3.34489572401252,-7.074337231079186,12.18751379524714,-2.6472081095693434,2.3668639053254354,0.0,0.0,37.49999999999978,70552430.0,15618130.0,27694778.333333332,277256973.35,527044586.34499997,0.267298325727856,0.25446584497962094,0.6474285714285719,3.830938292476757,36.61309816952015,45.11009013016648,26.290619569640146,33.858622242233224,21.715,9.855,59.40134907251263,-19.523809523809533,-19.523809523809533,-6.97550499868842,-9.719823512033432,1.4427718861558532,0.7218958889909702,-7.603717258795795,-14.09431055904956,1.256211009226833,0.7045910633081401
1762473600,16.8,16.95,16.35,16.5,8560700,2025-11-07,TPB,2025-11-07,-2.3668639053254337,-0.9009009009008917,-11.608721272834421,-9.529553679131485,28.33475927510307,12.290730910575732,17.3765,18.13182,15.075315,17.27768197573302,17.541975368257653,-5.044168848732489,-8.999758435722393,9.450449294094355,-4.501078193390162,3.550295857988153,-1.775147928994087,-0.5917159763313529,24.999999999999854,141251550.0,14856730.0,27118701.666666668,262116367.70499998,516290125.155,0.5762169737216736,0.5388887051836923,0.6018571428571432,3.6476190476190498,36.82546893648759,45.34967709007587,26.477381606893243,41.73140954495007,21.715,9.855,56.02866779089376,-21.42857142857143,-21.42857142857143,-3.1139714802676846,-8.753926972752733,1.409633361703038,0.722180953038005,-3.7392695493406842,-13.578113589264861,1.2421809322320971,0.7072596559301714
1762732800,16.5,16.8,16.45,16.5,5423200,2025-11-10,TPB,2025-11-10,0.0,-0.9009009009008917,-10.926365795724468,-12.503977091950368,30.25973000710507,12.290730910575732,17.275299999999998,18.06562,15.086125,17.20361702566321,17.501113589110297,-4.487910484911972,-8.666295427447269,9.37202230526395,-4.089936579113573,2.1212121212121295,0.0,0.0,14.285714285714432,89482800.0,14212950.0,26014991.666666668,249642159.14499998,495263230.215,0.38156751413323764,0.3584442640076093,0.5316428571428575,3.2220779220779248,36.877016481747674,44.75192278903488,26.773980189995356,37.611408199643506,21.715,9.855,56.02866779089376,-21.42857142857143,-21.42857142857143,-0.46928639035827047,-8.837836626658323,1.3793264562509022,0.7101996421883169,-0.5848626251915405,-13.083758336027127,1.2183041122651055,0.6947586362676706
1762819200,16.55,16.9,16.45,16.9,4332600,2025-11-11,TPB,2025-11-11,2.4242424242424176,-2.0289855072463836,-7.579569069233305,-9.002799913848813,33.92503367937236,12.299820586085453,17.206,18.00552,15.097825,17.17470111845719,17.477540507184404,-1.7784493781239141,-6.1398948766822725,11.936653127188833,-1.5994521043628307,2.727272727272723,2.1212121212121082,0.3030303030303161,100.0,73220940.0,12374685.0,25342143.333333332,215727396.175,482646355.8483333,0.3501180030037128,0.33941419262578276,0.5060000000000002,2.994082840236688,38.22354760760222,44.97860539647078,27.069325754881767,44.80903711672939,21.715,9.855,59.40134907251263,-19.523809523809533,-19.523809523809533,1.9289087793351705,-6.770284576425489,1.386350591262166,0.7112920892840355,1.9596350783763103,-11.153367697390092,1.2245956136811964,0.6959149093333288
1762905600,16.9,17.3,16.75,17.3,10048700,2025-11-12,TPB,2025-11-12,2.366863905325456,2.366863905325456,-7.792346231745018,-9.853577197644725,36.05977192292569,15.990613476366079,17.1329,17.95056,15.11241,17.18663434527079,17.470578134353644,0.9753164963316241,-3.6241766273586884,14.475454278966748,0.6596152129134447,3.25443786982249,2.3668639053254568,0.0,100.0,173842510.0,11450865.0,24669418.333333332,197660125.365,469419388.84499997,0.8775494253054246,0.8795021741435289,0.5147142857142859,2.9752270850536755,37.98870976402426,44.70479092399712,27.069325754881767,54.583883751651264,21.715,9.855,62.77403035413154,-17.619047619047613,-17.619047619047613,-0.6197872852448221,-9.57796715835043,1.3617047779363205,0.7186763845389657,-0.956793595451944,-14.662211467140974,1.208406853846662,0.7073079767042935
1762992000,17.2,17.25,16.95,16.95,4498500,2025-11-13,TPB,2025-11-13,-2.0231213872832443,0.2958579881656931,-9.888357256778303,-16.25080290528189,33.30711757766418,14.66648626708158,17.0399,17.88002,15.125690000000002,17.164097740959285,17.450163305555463,-0.5275852557820149,-5.201448320527602,12.061003498022217,-1.2473579688862757,1.7341040462427786,-1.4450867052023122,-0.5780346820809301,0.0,76249575.0,10819450.0,23567796.666666668,185364848.715,446877075.15833336,0.4157789906141255,0.41134862153522084,0.5056428571428574,2.983143699957861,38.344669875823264,43.31392382243278,26.954187989864437,48.7871287128713,21.715,9.855,59.822934232715,-19.285714285714285,-19.285714285714285,-2.224435588272212,-14.874911235592613,1.3267499002261767,0.7193975736362132,-2.0733770612554556,-19.22076633998908,1.179314266276647,0.7094151693228213
1763078400,16.95,17.0,16.8,16.95,4315300,2025-11-14,TPB,2025-11-14,0.0,2.7272727272727337,-7.548816406676117,-13.815020084405361,33.30711757766418,17.84745880553431,16.9707,17.82664,15.13786,17.143707479915545,17.43054905827878,-0.12197493326734365,-4.917584020320165,11.970912665330502,-1.1299042528722603,1.1799410029498483,0.0,0.0,74.99999999999956,73144335.0,10100205.0,22708170.0,171879592.125,429775386.33666664,0.42724875386192657,0.42555567008098055,0.48592857142857177,2.8668352296670903,37.60454172445154,42.9842902187044,26.766123159535017,53.16967898570271,21.715,9.855,59.822934232715,-19.285714285714285,-19.285714285714285,-2.019094076949168,-12.078616902401475,1.343266991602016,0.7330070765762989,-2.2077682259706517,-16.17110115809579,1.200875341473878,0.7261688494772615
1763337600,17.0,17.2,16.9,17.15,4670500,2025-11-17,TPB,2025-11-17,1.179941002949847,3.9393939393939315,0.3158633598502547,-18.333333333333336,34.38332549757091,19.980411361410376,16.973399999999998,17.80106,15.150585000000001,17.144306767542638,17.419547134424707,1.040451530041131,-3.657422647864794,13.196949160708948,0.03320771457577809,1.7699115044247828,0.884955752212381,0.2949852507374784,83.33333333333314,80099075.0,9016775.0,20877816.666666668,153369883.195,391038275.91999996,0.5179789891618677,0.5222607811349713,0.47328571428571464,2.7596834652228264,29.373694386632394,40.55917212175582,16.42518503173756,50.76574021554167,21.715,9.855,61.50927487352445,-16.634260159440018,-18.333333333333336,-0.7834809445196322,-16.343996840442344,1.2845573070909002,0.7409067768169117,-0.8964133471187408,-19.326981028422697,1.1356193199276312,0.7162655548239648
1763424000,17.15,17.6,17.1,17.6,13307100,2025-11-18,TPB,2025-11-18,2.6239067055393805,4.142011834319548,1.5345563632167991,-14.446820921641057,39.47222442348841,22.750732319709876,16.9867,17.78258,15.166895,17.187706123014767,17.426623717388445,3.6104717219942906,-1.0267351531667357,16.042209034874986,2.398771971282221,2.915451895043732,2.623906705539375,0.0,100.0,234204960.00000003,8517530.0,19754696.666666668,144892954.79500002,367274306.26,1.5623191230321467,1.616399916278621,0.47500000000000014,2.698863636363637,30.436370980107558,40.832510807682944,16.42518503173756,54.14685684099312,21.715,9.855,65.30354131534571,-14.049909654734572,-16.19047619047619,1.7455661442114856,-15.324989469229278,1.3215625669723374,0.7384703742847655,2.4651894860311496,-19.08017667295582,1.1850699897503616,0.715563474551167
1763510400,17.6,17.6,17.15,17.15,4219000,2025-11-19,TPB,2025-11-19,-2.556818181818199,-0.8670520231213952,-0.7867638551429024,-10.41111633495273,37.46393074703429,22.648930844597004,16.979899999999997,17.75986,15.179175,17.18411506368003,17.41577572847125,1.0017726841736518,-3.433923465612909,12.98374252882648,-0.19852674143304716,2.5568181818181976,-2.5568181818181976,0.0,0.0,72355850.0,8320810.0,18833560.0,141463763.675,349500845.93333334,0.507041982691589,0.5114797466171684,0.4821428571428574,2.811328613077886,31.847674554019356,38.68152478999078,17.574235448925066,50.0,21.715,9.855,61.50927487352445,-16.247497191971494,-18.333333333333336,0.9707577415207891,-12.577742729753316,1.2613741376733265,0.7338714896903443,1.52720697680937,-16.191994795179767,1.133280252185719,0.7154122254689399
1763596800,17.2,17.3,17.0,17.25,4211000,2025-11-20,TPB,2025-11-20,0.5830903790087438,1.7699115044247815,1.7519023181737703,-13.546835062396633,36.69862905143037,24.548736462093856,16.99475,17.73056,15.191735000000001,17.190389819520025,17.409274719511593,1.5019344209241003,-2.7103486861103088,13.548584147893571,0.34676456500297714,1.7492711370262433,0.29154518950437736,0.291545189504383,83.33333333333314,72639750.0,8074055.0,18079096.666666668,137343059.51000002,334257333.4933333,0.521547103654855,0.5288927613754743,0.4571428571428573,2.650103519668738,31.092523623238044,37.62317188908879,17.30542509123245,58.108108108108105,21.715,9.855,62.35244519392917,-15.759144405918835,-17.85714285714286,3.593567700554945,-12.848838504407144,1.2545808960705258,0.715714666512742,4.235225201541882,-16.164936249492722,1.1250194042652968,0.6958377584913116
1763683200,17.05,17.25,16.85,17.25,5447600,2025-11-21,TPB,2025-11-21,0.0,1.7699115044247815,1.1848897231346855,-10.333714523339221,38.26546970182749,21.436114044350575,17.004849999999998,17.70412,15.204515,17.19606697956574,17.403028652079765,1.4416475299694032,-2.5650526544103824,13.45314204366268,0.31363578949972215,2.3188405797101366,1.1594202898550683,-1.1594202898550732,100.0,93971100.0,7826180.0,17265515.0,133172307.27000001,318425152.2433333,0.6960739466764118,0.7056354427311861,0.43928571428571417,2.5465838509316763,31.04728318647388,36.963629767202036,17.30542509123245,58.108108108108105,21.715,9.855,62.35244519392917,-15.759144405918835,-17.85714285714286,2.8632604262086248,-9.266628594526116,1.2655131149658232,0.7345075877242285,3.484077216706616,-13.111026470541098,1.1229384891693686,0.7069396649794009
1763942400,17.25,17.3,17.0,17.25,6498000,2025-11-24,TPB,2025-11-24,0.0,0.5830903790087438,3.2007179180376877,-12.922766279656738,37.73554774832324,22.9683490162532,17.0316,17.67196,15.217295000000002,17.201203457702334,17.397027528468794,1.2823222715423022,-2.387737409998658,13.357860250458419,0.2836809785876637,1.7391304347826129,0.0,0.0,83.33333333333314,112090500.0,7793610.0,16735771.666666666,132801721.22,307653688.81,0.8337599648943173,0.8440440302299269,0.39642857142857146,2.298136645962733,30.113229977027956,36.386670036844095,16.859670300299072,50.0,21.715,9.855,62.35244519392917,-15.759144405918835,-17.85714285714286,2.2663986277330572,-12.156491872508024,1.2479784410134178,0.7371538784614972,2.3799935761954716,-15.886445626314803,1.1062176083599147,0.7081865786143291
1764028800,17.1,17.25,16.85,16.95,5087000,2025-11-25,TPB,2025-11-25,-1.7391304347826098,-3.6931818181818343,-0.8540009358914413,-14.845516201959319,35.86085283744789,18.947368421052623,17.0243,17.636660000000003,15.22769,17.17727931887354,17.37949703715629,-0.43643497823699917,-3.8933675650605237,11.31038259906787,-1.3231392157884936,2.3188405797101366,-0.8695652173913166,-0.8695652173912993,24.999999999999556,86224650.0,7604170.0,16024956.666666666,129525919.88,293254381.48499995,0.6689750492164168,0.6656941720999419,0.39642857142857146,2.3388116308470295,29.764530793049364,36.4924983188134,17.120589340647342,50.81967213114755,21.715,9.855,59.822934232715,-17.22420276407678,-19.285714285714285,0.34445190552481186,-13.54662961823908,1.2514551213044336,0.7377226665135824,1.181622473777777,-17.21607876829968,1.1089429362840142,0.7082539818625895
1764115200,16.9,17.45,16.9,17.4,6895100,2025-11-26,TPB,2025-11-26,2.6548672566371723,1.4577259475218707,0.6594932315168167,-13.208300079808454,39.99517258025585,20.60719484300271,17.03,17.61704,15.239225,17.198490812314155,17.38030107491487,2.172636523781546,-1.231989028803937,14.17903469500581,1.1716678508881806,3.2448377581120984,2.949852507374631,-0.2949852507374673,90.90909090909079,119974739.99999999,7402220.0,15684533.333333334,126074314.25,286125270.75166667,0.9314908230233633,0.9516192153311671,0.40714285714285736,2.339901477832514,31.024529021484042,36.923270651150595,17.120589340647342,57.142857142857125,21.715,9.855,63.61720067453624,-15.02661522683988,-17.14285714285715,0.9839624840511818,-13.152390961864002,1.266987527855761,0.7431002255330093,2.003761243990143,-16.64776791949355,1.1241090419762485,0.7104444411969129
1764201600,17.4,17.8,17.3,17.35,8297800,2025-11-27,TPB,2025-11-27,-0.2873563218390607,0.5797101449275477,1.1661807580175099,-15.270791619866186,39.592887601576976,21.379599832097384,17.04,17.60498,15.251175,17.212920258760427,17.379112797467226,1.8192488262910977,-1.4483401855611255,13.761726555494924,0.7963770190000607,2.873563218390805,-0.2873563218390641,0.0,10.000000000000142,143966830.0,7535435.0,15191450.0,128441929.5,275595949.65833336,1.1011706689792957,1.120870969164318,0.40000000000000036,2.3054755043227684,30.89605351687509,36.59738564405017,17.186739605735358,63.49206349206349,21.715,9.855,63.1956155143339,-11.565319333299339,-17.380952380952376,0.28271974709852543,-14.565133978778865,1.2561038917323166,0.7407829603425353,1.373953537705641,-17.266448848881012,1.114294004509649,0.7063366925177844
1764288000,17.35,17.4,17.0,17.3,3772500,2025-11-28,TPB,2025-11-28,-0.2881844380403509,0.28985507246377384,3.903903903903916,-11.82017432081145,37.09485696172439,20.658390291533003,17.072499999999998,17.59668,15.262655,17.22121356744991,17.376010334821455,1.3325523502709213,-1.6859998590643133,13.348562225903681,0.45749640257062296,2.305475504322758,-0.2881844380403499,0.0,75.00000000000044,65264250.0,7274130.0,14469825.0,124213807.5,261292581.65833333,0.5186187214141073,0.5254186415628552,0.40357142857142875,2.3327828241123045,28.862827876795283,35.66466711795114,15.088757345592779,62.49999999999998,21.715,9.855,62.77403035413154,-9.176816463670711,-17.619047619047613,0.7727478645052743,-13.26111207014108,1.2248509516966,0.7313393419839712,1.8586711632071706,-16.070559044568967,1.0859122410845181,0.6940766818619559
1764547200,17.2,17.25,17.0,17.0,4157400,2025-12-01,TPB,2025-12-01,-1.7341040462427793,-1.449275362318836,2.1021021021021102,-7.754083238374299,34.20699455277494,18.566048263356127,17.089999999999996,17.574759999999998,15.272635000000001,17.20014560864516,17.361264831495124,-0.526623756582778,-3.270371828690677,11.310196308626509,-1.1636274087386878,1.4450867052023122,-1.1560693641618456,-0.5780346820809301,0.0,70675800.0,6452365.0,13635778.333333334,110604174.75,245822920.22833335,0.6443218881758859,0.6389975799715463,0.3928571428571431,2.3109243697479007,29.67302320066293,33.66247508299913,15.478777585493168,51.61290322580647,21.715,9.855,60.244519392917375,-10.751784964300704,-19.047619047619047,-3.134137848423557,-12.502533559390239,1.1404964765965644,0.6991835025333233,-1.984803864608331,-14.74493105989021,1.0129804221743575,0.6729720472015108
1764633600,17.0,17.15,16.85,17.1,6543900,2025-12-02,TPB,2025-12-02,0.588235294117645,0.884955752212413,-0.8695652173912993,-7.687324551932628,36.01654470251354,19.26349560608176,17.0825,17.55104,15.283335,17.190607931631334,17.35101915182865,0.10244402165959787,-2.5698762010684217,11.886574494375758,-0.5270781114413703,1.7647058823529245,0.5882352941176554,0.0,83.33333333333412,111900690.00000001,5956030.0,13380630.0,101993316.75,240941243.94166666,1.0987016519392951,1.0971374749414649,0.375,2.1929824561403506,26.766756852737128,33.668599020618736,15.478777585493168,46.42857142857145,21.715,9.855,61.0876897133221,-10.2267954640907,-18.571428571428562,-4.809080223626228,-12.557478217679085,1.1397972350571883,0.6992503146009881,-3.6313149051728777,-14.533262190618334,1.0146090441608677,0.6732985691501545
1764720000,17.15,17.65,17.15,17.35,17159000,2025-12-03,TPB,2025-12-03,1.4619883040935644,-0.2873563218390607,2.662721893491149,-5.118670020780924,36.97007973474384,20.260622444028577,17.104999999999997,17.52374,15.295065,17.205788128618828,17.35097918509027,1.4323297281496838,-0.9914550204465411,13.435281249213403,0.8381590561451935,2.923976608187134,1.1695906432748704,0.29239766081869956,40.00000000000057,297708650.0,6580980.0,13329876.666666666,112941049.25,239745488.0883333,2.6073624293038424,2.6359649744444003,0.38928571428571396,2.243721696171262,26.17094971041414,33.73014169738112,14.741473217331649,57.407407407407426,21.715,9.855,63.1956155143339,-8.914321713565709,-17.380952380952376,-1.9829040997772829,-10.504914437367475,1.1490286127252873,0.7054271623378611,-1.8706128534170974,-12.958418903824498,1.0198372224937877,0.6783686760463189
1764806400,17.35,17.65,17.35,17.6,16127000,2025-12-04,TPB,2025-12-04,1.4409221902017322,1.4409221902017322,4.142011834319548,-5.957787870691956,36.89040989344328,22.366682889522373,17.14,17.5062,15.3076,17.243332116369416,17.360744707243594,2.683780630105015,0.5358101701111728,14.975567691865477,2.068439447918502,1.7291066282420584,1.440922190201729,0.0,83.33333333333412,283835200.0,7178595.0,13047358.333333334,123605187.75,234158464.06333333,2.246539886983456,2.2963049137878926,0.39642857142857096,2.252435064935062,26.562397915358233,33.504011259285825,14.741473217331649,61.01694915254238,21.715,9.855,65.30354131534571,-7.60184796304072,-16.19047619047619,-1.6170102277269116,-10.752841407111802,1.1398917113369813,0.7025222611700558,-1.7378555169855536,-12.666393429481872,1.010404063774573,0.671802142123418
1764892800,17.7,17.75,17.25,17.4,7624600,2025-12-05,TPB,2025-12-05,-1.1363636363636576,0.5780346820809079,5.454545454545445,-6.310575059228951,36.34226610249176,21.729396949769118,17.185,17.496100000000002,15.318689999999998,17.258252867191377,17.362284130488945,1.2510910677916875,-0.5492652648304674,13.58673620263875,0.8213295627281569,2.840909090909091,-1.7045454545454586,0.5681818181818121,29.999999999999716,132668039.99999999,7131790.0,12948563.333333334,123176012.25,232174709.47,1.0691004642593234,1.0770606839482253,0.4107142857142852,2.360426929392444,25.304522665692215,33.545119874031506,13.307075866031248,54.23728813559321,21.715,9.855,63.61720067453624,-8.65182696346073,-17.14285714285715,-3.439207281368506,-10.752593700592616,1.144127820995157,0.7035021395211478,-2.8092334473074567,-12.209955905673496,1.0167629637966196,0.6749088960148978
1765152000,17.35,17.45,17.15,17.2,4425100,2025-12-08,TPB,2025-12-08,-1.1494252873563204,1.17647058823529,4.2424242424242475,-8.792024604942206,34.775113618555075,21.08412530799013,17.220000000000002,17.481039999999997,15.329225000000001,17.25270497507791,17.355920046940362,-0.11614401858306422,-1.6076846686467028,12.203976391500525,-0.3054881837604384,1.7241379310344869,-0.8620689655172536,-0.2873563218390607,16.666666666666863,76111720.0,7081885.0,12804048.333333334,122507458.25,229327165.33666667,0.624847762989656,0.6212823373143488,0.39642857142857096,2.3048172757475056,25.79613119988693,33.440767925966426,13.373041768456648,42.592592592592574,21.715,9.855,61.93086003372681,-9.701805963880716,-18.0952380952381,-6.7158558390668865,-12.877727020515827,1.1275723670045095,0.6935390238244246,-5.714453674413301,-14.497099868029995,1.0081012378758218,0.6708100739847305
1765238400,17.15,17.25,16.7,16.9,16834200,2025-12-09,TPB,2025-12-09,-1.744186046511631,-1.1695906432748648,0.0,-9.698103125834901,32.91388124262682,20.473339036213268,17.22,17.45998,15.33804,17.219114025070493,17.33804082941329,-1.8583042973286945,-3.2072201686370927,10.18356973902792,-1.8532546134828687,3.1976744186046555,-1.4534883720930232,-0.29069767441860517,36.36363636363619,284497980.0,7706965.0,12836600.0,133071310.25,229427135.22833335,2.184283956135781,2.137936264890726,0.40357142857142797,2.387996618765846,25.31202135276962,33.58045202535651,13.853548366114946,45.09803921568628,21.715,9.855,59.40134907251263,-11.276774464510709,-19.523809523809533,-9.635983709941588,-13.640633912913259,1.1317029259874198,0.6935489545557935,-8.31247255160299,-14.903953642260804,1.0127317364384918,0.6721984062345832
1765324800,16.9,17.1,16.9,16.9,2980100,2025-12-10,TPB,2025-12-10,0.0,-2.5936599423631246,-2.3121387283237094,-8.057233012349718,33.417541643640945,15.71379664498458,17.2,17.43036,15.347294999999999,17.188722213159018,17.320862757671595,-1.744186046511631,-3.042736925685996,10.117124874448557,-1.6797188853164724,1.1834319526627388,0.0,0.0,0.0,50363689.99999999,7353535.0,12707300.0,126897369.25,226976913.12666667,0.4052608711320474,0.3968852175396851,0.39642857142857096,2.3457311918850356,23.736881078404977,33.40763566624662,13.853548366114946,42.85714285714283,21.715,9.855,59.40134907251263,-11.276774464510709,-19.523809523809533,-7.650831998579754,-10.930414457857417,1.092260236081669,0.6808862519554889,-6.302482001462739,-12.237878864076713,0.9897337659291867,0.6653874599991784
1765411200,16.95,17.05,16.75,16.8,6528300,2025-12-11,TPB,2025-12-11,-0.5917159763313529,-4.545454545454552,-0.8849557522123797,-6.422324959616765,33.13257785878439,16.448326055312968,17.1925,17.40826,15.35605,17.151701050001016,17.30043676717467,-2.282972226261437,-3.4940884384768944,9.403134269555014,-2.050531600193639,1.775147928994087,-0.8875739644970331,0.2958579881656931,16.666666666666863,109675440.0,7455025.0,12507666.666666666,128568662.5,223267443.72833335,0.8756912283996365,0.8530495524132873,0.38928571428571396,2.3171768707482974,22.726062090129048,33.10506300141089,12.84336165036651,41.17647058823532,21.715,9.855,58.55817875210793,-11.80176396472069,-19.999999999999996,-5.019953055208514,-8.447331265241376,1.0754145461810143,0.680911398947899,-4.106661228467978,-9.782085183923051,0.9753790044878072,0.6654343482598909
1765497600,16.8,16.9,16.35,16.35,9135900,2025-12-12,TPB,2025-12-12,-2.678571428571419,-6.034482758620674,-3.539823008849541,-7.705334462320057,28.114715561824166,12.293956043956044,17.1625,17.37906,15.36278,17.07534856904854,17.26316473708939,-4.734158776402042,-5.921263865824722,6.426050493465385,-4.247928328463724,3.273809523809507,-2.6785714285714244,0.0,0.0,149371965.0,7696055.0,12455698.333333334,132380044.0,222138982.97833335,1.1870887097350526,1.1283571185397099,0.4071428571428566,2.4901703800786334,24.584730497923665,33.43535381782577,14.67880510124182,35.00000000000003,21.715,9.855,54.76391231028669,-14.164216715665667,-22.14285714285713,-4.238708949196601,-6.9981200310458735,1.052337110256157,0.6889647677059748,-3.2988449907468076,-8.108662184916625,0.9654895906561083,0.6765093998267416
1765756800,16.3,16.5,16.25,16.35,7333700,2025-12-15,TPB,2025-12-15,0.0,-4.941860465116266,-4.664723032069951,-9.64854111405835,28.58828155721589,12.634334527418023,17.1225,17.32796,15.370394999999998,17.00626775294868,17.22735435524275,-4.511607533946549,-5.643826509294803,6.37332352226474,-3.858975775768847,1.5290519877675839,0.3058103975535212,-0.3058103975535187,40.00000000000057,119905995.00000001,7829215.0,12231906.666666666,134370390.0,217875838.30833334,0.9367094913091543,0.892354297699069,0.39642857142857096,2.4246395806028804,24.07781969174172,33.102637257201245,14.67880510124182,38.88888888888893,21.715,9.855,54.76391231028669,-14.164216715665667,-22.14285714285713,-4.1563877846720665,-10.355812673298459,1.103184394168065,0.7225001756521433,-3.4130990896129587,-12.40958749787897,1.0429662574689307,0.7243514230552548
1765843200,16.35,16.8,15.9,16.8,10785400,2025-12-16,TPB,2025-12-16,2.752293577981657,-0.5917159763313529,-4.545454545454552,-8.126435524444931,31.640808650681706,16.08623548922057,17.0825,17.29538,15.382480000000001,16.986623205048808,17.210595360919505,-1.653739206790572,-2.8642331073384986,9.215159064078083,-1.098648052623774,5.504587155963304,2.752293577981647,0.0,100.0,181194720.0,7703130.0,12210616.666666666,131719878.0,217219410.96166667,1.4001321540724354,1.3756064972972417,0.42142857142857093,2.508503401360541,24.282924291168488,33.54653643628525,14.67880510124182,38.88888888888893,21.715,9.855,58.55817875210793,-11.80176396472069,-19.999999999999996,-5.705751427231986,-10.812246955043136,1.1152747431204655,0.733451152250489,-5.16713867723052,-12.980809786708514,1.0544782104694441,0.7350352311763043
1765929600,16.7,16.9,16.5,16.5,4972400,2025-12-17,TPB,2025-12-17,-1.7857142857142905,-2.3668639053254337,-3.790087463556846,-11.835426128773708,28.805620608899286,13.66767704601819,17.05,17.2549,15.393065000000002,16.940278137901302,17.182728876177567,-3.2258064516129115,-4.37498913352149,7.191127952750143,-2.5990018246291213,2.3809523809523725,-1.1904761904761862,-0.5952380952381042,0.0,82044600.0,7740800.0,11795718.333333334,132204315.5,209271024.22,0.642362546506821,0.6205894239511417,0.4142857142857137,2.510822510822507,23.438832062270993,33.31756041227087,13.597155541160314,35.593220338983045,21.715,9.855,56.02866779089376,-13.376732465350683,-21.42857142857143,-5.285539252519866,-12.812825281694451,1.107199227611466,0.7279761101378298,-4.4130330684768015,-14.234696690096206,1.0497871646160843,0.7299439376182378
1766016000,16.5,16.7,16.45,16.7,3417100,2025-12-18,TPB,2025-12-18,1.2121212121211977,-0.5952380952381042,-3.1884057971014568,-9.617362125886242,29.407206509105,15.755181257364658,17.0225,17.20794,15.405095,16.917394505720225,17.16379833201374,-1.8945513291232285,-2.951776912285853,8.405693051552099,-1.2850353856010077,1.5151515151515151,1.2121212121212077,0.0,100.0,57065570.0,7701105.0,11699525.0,131425606.5,207392456.88833332,0.4437155447172841,0.4342043496675817,0.4035714285714281,2.4165953806672342,23.814738182305895,33.36132907587168,13.597155541160314,40.32258064516127,21.715,9.855,57.7150084317032,-12.326753464930695,-20.47619047619048,-4.455925528500792,-10.270988280535764,1.1164002992547286,0.7323546732561128,-3.505145016900546,-12.027687788860298,1.0544068927945098,0.7322091249727856
1766102400,16.75,16.85,16.65,16.85,3947500,2025-12-19,TPB,2025-12-19,0.8982035928143839,3.0581039755351647,-2.3188405797101352,-5.892208880201055,30.085694433721933,17.152193561843852,17.0025,17.1716,15.41743,16.91097598136592,17.151492515072025,-0.8969269225113985,-1.872859838337726,9.29188587202927,-0.3605704450949876,1.1976047904191787,0.5988023952095893,0.29940119760478723,100.0,66515375.00000001,7626100.0,11588658.333333334,130052820.25,205337979.01333332,0.5176302435058548,0.5114489241535691,0.3964285714285711,2.352691818567187,24.102073250232518,32.853588844156796,13.597155541160314,47.4576271186441,21.715,9.855,58.979763912310304,-11.539269214615688,-19.76190476190476,-5.302652583843226,-8.518209964081347,1.0976202450527057,0.738973134467588,-4.076310749035727,-10.244353106039705,1.0398654305255695,0.7393678606524094
1766361600,16.95,17.4,16.8,17.3,12313500,2025-12-22,TPB,2025-12-22,2.6706231454005858,5.810397553516822,0.28985507246377384,-3.6372751072244136,32.101405009163095,20.280887158450955,17.005000000000003,17.14712,15.43135,16.9480258879025,17.15731633801038,1.7347838870920285,0.8915782941975037,12.109439550006961,2.0767853107230616,3.5608308605341117,2.077151335311581,0.5934718100890191,83.33333333333363,213023550.0,7916875.0,11671726.666666666,135099472.75,206695292.87666667,1.5553485434593826,1.5767903875849878,0.4178571428571426,2.41535920726672,26.04432600169667,33.32787032735432,13.597155541160314,53.03030303030302,21.715,9.855,62.77403035413154,-9.176816463670711,-17.619047619047613,-4.689221415263889,-8.710843346867259,1.0932090592169583,0.7475085787297187,-3.3065464387345367,-10.244944406934964,1.0409182505634842,0.7480065465015523
1766448000,17.4,17.65,16.95,17.35,11798600,2025-12-23,TPB,2025-12-23,0.28901734104047616,3.2738095238095344,2.359882005899716,-3.3587701219851773,32.4832009773977,20.260622444028577,17.025,17.128400000000003,15.446185,16.98630913667369,17.164872560049186,1.90895741556536,1.2937577356904262,12.325470658288772,2.1410823293042336,4.04624277456647,-0.28901734104044596,0.5780346820809079,57.14285714285751,204705710.00000003,8252455.0,11672793.333333334,141023525.75,206595866.81333333,1.4297078869257693,1.4515713524486182,0.42857142857142844,2.470152326060106,25.201326852866067,33.334615779909214,13.155172004579343,50.0,21.715,9.855,63.1956155143339,-8.914321713565709,-17.380952380952376,-4.372995201452912,-10.005577608294391,1.0868270201765315,0.7462212715560211,-3.0480568294584787,-11.39578310551288,1.0318471608272075,0.7456933994330094
1766534400,17.35,17.6,17.1,17.4,5933400,2025-12-24,TPB,2025-12-24,0.28818443804032867,5.454545454545445,0.0,-5.3370328056145055,29.118432769367743,22.49208025343188,17.025,17.10116,15.46105,17.02570826651429,17.174093243968827,2.2026431718061623,1.7474837964208234,12.540868828443074,2.19839155955619,2.881844380403458,0.2881844380403294,0.0,59.99999999999943,103241159.99999999,8204370.0,11442015.0,140186846.75,202256919.17833334,0.723199953195675,0.7364539712068242,0.44285714285714295,2.545155993431856,23.38987812405974,32.95956620596492,13.155172004579343,46.55172413793099,21.715,9.855,63.61720067453624,-8.65182696346073,-17.14285714285715,-6.097502916041808,-12.410093674657485,1.084572516796359,0.7538374941932738,-5.17688648592447,-13.489366511371381,1.0275743862615936,0.7512422681618556
1766620800,17.45,17.55,17.0,17.0,6278500,2025-12-25,TPB,2025-12-25,-2.298850574712641,1.7964071856287456,-2.017291066282434,-5.054454063110869,27.493625318734072,20.430716916973644,17.0075,17.06496,15.474359999999999,17.023259860179596,17.167266057930835,-0.04409819197412901,-0.38066306630663016,9.859147648109534,-0.1366357581957911,3.1609195402298895,-2.58620689655172,0.287356321839094,0.0,106734500.0,8103405.0,11360383.333333334,138325230.25,200700603.47833335,0.7747977547709882,0.7716198975927604,0.44642857142857156,2.626050420168068,24.778004237065986,32.86989278849008,14.455795995073911,43.548387096774206,21.715,9.855,60.244519392917375,-10.751784964300704,-19.047619047619047,-5.492283941745524,-10.508526465407698,1.0679759008774974,0.7587639527910082,-4.881676496070386,-11.31372925399161,1.0137043676119004,0.757974452612966
1766707200,16.9,17.15,16.6,16.95,7454900,2025-12-26,TPB,2025-12-26,-0.2941176470588225,0.5934718100890191,-2.0231213872832443,-4.828747894441321,19.441899795645124,18.947368421052623,16.990000000000002,17.03728,15.487859999999998,17.016282730638682,17.15874582036492,-0.2354326074161417,-0.5122883464966255,9.440555376921033,-0.3895253251718578,3.235294117647042,0.2941176470588277,-0.5882352941176561,63.63636363636358,126360555.0,8287525.0,11332160.0,141380045.5,200091092.345,0.8995327314246413,0.8937651317986031,0.46428571428571414,2.739148756847871,24.778641720837342,32.85916704965659,14.453730761348446,45.76271186440678,21.715,9.855,59.822934232715,-11.014279714405706,-19.285714285714285,-4.318226621495147,-9.931371510632637,1.0638678466176619,0.7574259510958461,-4.208763201911703,-10.553912050589975,1.0116145386700284,0.7576684889622499
1766966400,17.0,17.15,16.9,16.9,4987800,2025-12-29,TPB,2025-12-29,-0.2949852507374673,-2.3121387283237094,-0.5882352941176561,-10.605659878339079,19.493742487449616,18.596491228070168,16.985,17.033360000000002,15.50089,17.00520818486357,17.148598925448653,-0.5004415660877282,-0.7829341950149726,9.025997862058244,-0.6186821338489579,1.4749262536873156,-0.5899705014749347,0.2949852507374784,0.0,84293820.0,8329045.0,10988748.333333334,142060946.5,193432219.1366667,0.5988441652074158,0.5933637785526088,0.44285714285714267,2.620456466610312,24.027806176639885,30.204468595768112,13.943061772325594,50.0,21.715,9.855,59.40134907251263,-11.276774464510709,-19.523809523809533,-3.712812914925434,-14.105512429209032,0.9695130396372802,0.7308315378133908,-3.5413373442221396,-14.341518177322387,0.927099348830075,0.7329473983408893
1767052800,17.0,17.3,16.95,17.15,9182200,2025-12-30,TPB,2025-12-30,1.4792899408283988,-1.1527377521614035,0.29239766081869956,-6.940148678712898,21.261401399985846,17.78846153846152,16.9875,17.02968,15.514059999999999,17.01899788154323,17.148653869548706,0.9565857247976428,0.7065311855536827,10.544886380483254,0.76974049452605,2.0710059171597717,0.8875739644970331,0.591715976331364,57.142857142856705,157474730.0,8460960.0,10932448.333333334,144339648.5,192198932.54,1.0852432820861935,1.0910012019323991,0.4571428571428569,2.6655560183256966,24.529235622616934,29.98672250533468,13.943061772325594,54.23728813559322,21.715,9.855,61.50927487352445,-9.964300713985718,-18.333333333333336,-2.610238240081686,-11.782016595404286,0.9649956910121794,0.7324323081940575,-2.7627989424672705,-12.179328633154817,0.9244582332337805,0.7373664310805212
1767139200,17.25,17.25,17.1,17.1,4734200,2025-12-31,TPB,2025-12-31,-0.2915451895043608,-1.724137931034464,-1.4409221902017322,-7.687324551932628,20.498907758438456,16.37403021641486,16.975,17.02596,15.527425000000001,17.026712369015303,17.146745874664443,0.7363770250368162,0.4348653467998176,10.127725620957762,0.43042737433014455,0.8746355685131112,-0.8746355685131112,0.5830903790087438,0.0,80954820.0,7839720.0,10657121.666666666,133501957.0,186986423.02,0.6038736077308884,0.6063942568272613,0.44642857142857106,2.610693400167082,23.950557575255395,29.961327565143396,13.814842119230214,55.172413793103466,21.715,9.855,61.0876897133221,-10.2267954640907,-18.571428571428562,-4.4852063618873395,-12.791486923901562,0.9571786370932833,0.7282901272131264,-4.414568101185057,-13.287054134085052,0.9167543533872671,0.7332908812165244
1767571200,17.15,17.2,16.55,16.6,9746200,2026-01-05,TPB,2026-01-05,-2.923976608187129,-2.35294117647058,-5.681818181818176,-12.851742965140678,18.166287015945336,11.626655907470917,16.925,17.018900000000002,15.539175,16.98607309577575,17.12530485997172,-1.9202363367799125,-2.461381170345911,6.8267781268954275,-2.2728802213371035,3.8011695906432665,-3.216374269005831,0.29239766081869956,7.692307692307819,161786920.0,7520680.0,10105801.666666666,127399543.0,176087234.7,1.2959200497827323,1.2699175851831745,0.4535714285714283,2.732358003442339,25.292357135712795,29.866119097888856,15.843243874119675,54.23728813559322,21.715,9.855,56.87183811129849,-11.749069643806475,-20.952380952380945,-8.626719289322049,-17.04232013805952,0.9370202011662291,0.7122611697821325,-8.164730792387363,-17.37492562876407,0.9064754462734336,0.7255698472591774
1767657600,16.75,17.15,16.55,17.05,9984600,2026-01-06,TPB,2026-01-06,2.710843373493965,0.5899705014749346,-2.011494252873547,-8.662345315262233,20.146571770840673,15.342984711135177,16.907500000000002,17.01894,15.556949999999999,16.99216137236854,17.122351728208123,0.8428212331805351,0.18250255303797758,9.597318240400599,0.34038417105379803,3.614457831325288,1.8072289156626546,0.9036144578313143,83.33333333333363,170237430.0,7638680.0,9875733.333333334,129278012.5,171523464.15166667,1.3071106526258462,1.3168320482959157,0.47857142857142815,2.80687054880603,27.180888493606286,30.21943338779221,15.997443771590584,60.294117647058826,21.715,9.855,60.66610455311974,-9.35672514619882,-18.80952380952381,-6.315700257513712,-12.594707765549774,1.0054589831573795,0.7528040360085196,-6.084387191370122,-12.468825268003116,0.9771034762283974,0.7664009779223733
1767744000,17.2,17.65,17.1,17.45,24298100,2026-01-07,TPB,2026-01-07,2.346041055718473,3.2544378698224907,1.4534883720930258,-5.7978838263873955,22.96525967162284,18.048978487349476,16.919999999999998,17.033640000000002,15.578724999999999,17.035765051190584,17.1352006800431,3.1323877068557993,2.4443395539649693,12.011733951270088,2.4315605877674784,3.2258064516128866,1.4662756598240467,0.8797653958944274,63.63636363636358,424001845.0,8632330.0,9975721.666666666,146672518.75,172940712.04833332,2.8147788604003785,2.890806325639649,0.4571428571428565,2.6197298403602094,28.1833117856067,30.61144484556479,16.091706068651956,59.70149253731343,21.715,9.855,64.0387858347386,-7.2301967038809085,-16.904761904761912,-4.695655742770066,-11.262668090346795,1.0177254574258552,0.767618604867194,-4.239568457659693,-9.996106737711873,1.0102152818577064,0.7861288314930582
1767830400,17.5,18.15,17.3,17.65,28555100,2026-01-08,TPB,2026-01-08,1.1461318051575908,2.9154518950437414,4.4378698224851965,-3.478070655146026,22.731381684166596,20.117054580100714,16.9575,17.044719999999998,15.60261,17.094263617743863,17.15538888866886,4.083738758661348,3.551129029986999,13.122099443618707,3.2510109512952745,4.871060171919759,0.8595988538681867,0.2865329512893977,41.17647058823515,503997514.99999994,9218375.0,9766675.0,157647495.5,168815400.64166668,3.097628378103516,3.1969903067695733,0.4892857142857136,2.7721570214488027,27.552699630230986,30.608551168596463,15.69799843099305,67.69230769230771,21.715,9.855,65.72512647554805,-6.166932482721954,-15.952380952380963,-1.7658768077797315,-8.844156989512818,1.0098583605566978,0.7619706083526577,-0.6816930810839672,-6.474559687718084,0.9898054364450322,0.7741713273608974
1767916800,17.9,18.0,17.5,17.6,23633700,2026-01-09,TPB,2026-01-09,-0.28328611898015277,2.923976608187129,4.142011834319548,-6.193369576804175,22.383700716222798,22.366682889522373,16.9925,17.051000000000002,15.62491,17.142428987482543,17.172824618524984,3.575106664705019,3.219752507184337,12.640648810137156,2.669230905676079,2.8328611898017,-1.6997167138810036,1.4164305949008416,20.000000000000284,415953120.00000006,10251055.0,9685151.666666666,175926967.0,166828153.87166664,2.305489532540797,2.364351111674653,0.5071428571428565,2.881493506493502,27.60259525357924,30.11131672982622,15.596326570784624,64.51612903225814,21.715,9.855,65.30354131534571,-6.432748538011679,-16.19047619047619,-4.521265225332116,-12.4478136736215,1.0129805203496416,0.7776781664753565,-1.9818312457326348,-9.008301604431011,0.9947798835892404,0.7912712313471145
1768176000,17.6,18.4,17.55,18.2,31613600,2026-01-12,TPB,2026-01-12,3.409090909090895,9.638554216867457,8.333333333333325,-3.242955874534814,24.897062860279995,27.719298245614034,17.0625,17.072,15.651545,17.24315003629373,17.21310600603381,6.666666666666665,6.607310215557649,16.282450071222996,5.549159879095589,4.829545454545442,3.409090909090897,0.0,76.47058823529414,575367520.0,11505320.0,9926598.333333334,199211571.0,171048360.7383333,2.7477375683596805,2.8882233954171266,0.5535714285714276,3.041601255886965,29.62609128460874,30.94723804236919,15.727355733334303,69.0140845070423,21.715,9.855,70.36256323777403,-0.7308825133631514,-13.333333333333341,-2.1693448702101445,-9.49589189060861,1.0228949970606116,0.7640746092508044,0.22904551808720086,-6.10953649927829,1.0090276765736064,0.7811000612362885
1768262400,18.3,18.5,17.85,17.9,25027900,2026-01-13,TPB,2026-01-13,-1.6483516483516536,4.985337243401755,9.480122324159002,-2.367186647758268,22.042680848162544,25.227368126486628,17.14,17.096999999999998,15.677565000000001,17.305707175694327,17.240043025405036,4.434072345390883,4.696730420541617,14.175894024358993,3.4340857514355116,3.5714285714285636,-2.19780219780221,0.5494505494505475,7.692307692307272,447999409.99999994,12299920.0,10032060.0,214142943.25,172800859.79166666,2.0348018523697715,2.0920577778600227,0.5571428571428562,3.112529928172381,28.398380352350294,30.695302572573695,14.224970042662136,58.82352941176471,21.715,9.855,67.83305227655985,-1.6483516483516536,-14.761904761904765,-6.066756945251829,-12.287530457507623,0.9888733420175996,0.7352594994371504,-2.420061390082328,-8.035475185747487,1.0006499025637317,0.7656421797257645
1768348800,17.95,17.95,17.5,17.5,16879600,2026-01-14,TPB,2026-01-14,-2.2346368715083775,0.2865329512893977,7.033639143730874,2.36312587739822,17.789594130712793,21.67141764583189,17.1975,17.113999999999997,15.702030000000002,17.32421125419963,17.250237416565625,1.7589765954353798,2.2554633633282917,11.45055766674754,1.0146998510986105,2.5139664804469235,-2.5139664804469235,0.27932960893854997,0.0,295393000.0,12777215.0,9874401.666666666,222917293.5,170219188.89833334,1.3210703584466568,1.3251237504370652,0.5392857142857134,3.0816326530612193,29.953149387388468,27.715594820094143,15.367558481750763,51.99999999999999,21.715,9.855,64.46037099494097,-3.8461538461538436,-16.666666666666664,-8.059221774489544,-13.403512475601898,0.9280872295647924,0.656832589844798,-3.515926594514119,-8.126167816411046,0.9443732530041796,0.7048054373874477
1768435200,17.5,17.65,17.3,17.4,9922700,2026-01-15,TPB,2026-01-15,-0.5714285714285783,-1.4164305949008527,3.5714285714285587,0.3807545863620643,17.116510735680144,21.729396949769118,17.2275,17.116999999999997,15.725549999999998,17.33142922999014,17.25611045905325,1.0013060513713423,1.6533271017117546,10.647958259011613,0.39564405854772833,1.999999999999988,-0.5714285714285796,0.0,28.571428571428136,172654980.0,12734080.0,9651580.0,222490306.5,166367713.09833333,0.7792239407950947,0.7760112461348962,0.5285714285714275,3.037766830870273,28.72680611924336,27.60254737944066,15.203268284843304,50.0,21.715,9.855,63.61720067453624,-4.395604395604402,-17.14285714285715,-7.482776457216378,-11.72495470107413,0.9069541579963795,0.6486855172749127,-3.6337738769056216,-6.487036008136604,0.9578489922948161,0.703643590150451
1768521600,17.65,17.7,17.35,17.4,8678500,2026-01-16,TPB,2026-01-16,0.0,-1.1363636363636576,5.454545454545445,0.6594932315168167,11.061466777302599,23.264380844431855,17.2725,17.127,15.74907,17.33795977951489,17.261753186149203,0.7381676074684984,1.593974426344369,10.482714217410916,0.3578288407290575,2.011494252873551,-1.4367816091954024,1.4367816091954033,14.28571428571356,151005900.0,12919385.0,9660331.666666666,225938371.5,166535483.55833334,0.6717425016748089,0.6683499531198489,0.514285714285713,2.9556650246305347,27.780709867688312,27.59560788366079,14.718602870545505,55.88235294117647,21.715,9.855,63.61720067453624,-4.395604395604402,-17.14285714285715,-6.822141566713346,-11.293440935894573,0.9108978758978572,0.6510411417704242,-4.155823627885602,-7.081536765168628,0.9423172392276508,0.6987053436055969
1768780800,17.4,17.5,17.3,17.35,5048400,2026-01-19,TPB,2026-01-19,-0.2873563218390607,-4.670329670329654,3.8922155688622784,2.34176841856899,19.063958276146042,22.91017285349959,17.305,17.136,15.772559999999999,17.339106467180137,17.265213845515902,0.26004045073679816,1.248832866479943,10.001166582977028,0.06282637943588743,1.1494252873563178,-0.2873563218390641,0.0,25.000000000000444,87589740.0,13000950.0,9592036.666666666,227464580.0,165411082.00333336,0.3883100850322476,0.3850697985594065,0.4892857142857131,2.8200905722519485,27.623161362809267,27.30324774067256,14.613208132195352,55.88235294117652,21.715,9.855,63.1956155143339,-4.670329670329654,-17.380952380952376,-9.203349077108447,-10.078062529944987,0.9106225318723966,0.6593863001086575,-6.130007003597472,-5.288076682110421,0.9545568974817155,0.7149131806281439
1768867200,17.4,17.8,17.4,17.45,19291000,2026-01-20,TPB,2026-01-20,0.5763688760806795,-2.5139664804469275,3.5608308605341144,2.3580478648521863,15.234761936208141,23.61858883536412,17.335,17.155,15.80077,17.349667756020125,17.272460361378023,0.6633977502163102,1.7196152725152958,10.43765588639034,0.5782949010367133,2.3054755043227786,0.2881844380403499,0.28818443804032867,12.50000000000011,336627950.0,13768125.0,9740135.0,240970208.75,168065112.09,1.401134867674429,1.396969159574586,0.5035714285714273,2.8857961522717903,27.539607392416578,27.304536762445142,14.613208132195352,57.971014492753675,21.715,9.855,64.0387858347386,-4.120879120879117,-16.904761904761912,-7.556278116119186,-10.153982933992857,0.9116547060790271,0.6598707177473495,-4.318524432025694,-4.893314883270827,0.9501635858191999,0.7125189837110556
1768953600,17.3,17.45,17.1,17.2,7502100,2026-01-21,TPB,2026-01-21,-1.4326647564469885,-1.7142857142857237,-0.5780346820809301,2.901585402333229,15.0270848659132,21.08412530799013,17.33,17.169,15.83017,17.33541368401821,17.269618778578888,-0.7501442585112428,0.18055798241014553,8.653286730338316,-0.7811390399240947,2.005730659025776,-0.5730659025788047,-0.859598853868182,28.571428571428136,129036120.0,13527555.0,9746013.333333334,236770837.25,168224010.40666667,0.5545791534390361,0.5449831638841325,0.4999999999999985,2.906976744186038,26.466992135204347,27.16158074226197,14.773680866347478,50.724637681159436,21.715,9.855,61.93086003372681,-5.494505494505497,-18.0952380952381,-8.254088204864662,-11.19187073186021,0.9147364124199154,0.6519250850504243,-5.368290968347855,-6.5483188464935616,0.9617766282066775,0.7040864724830997
1769040000,17.2,17.6,17.2,17.4,7320300,2026-01-22,TPB,2026-01-22,1.1627906976744207,0.0,0.28818443804032867,1.7781937295273664,16.364609108540094,22.10526315789472,17.332500000000003,17.179000000000002,15.864345,17.341564761730762,17.274731767654227,0.38944180008650964,1.2864543919901994,9.679914298384196,0.33696635264535146,2.32558139534885,1.1627906976744147,0.0,49.99999999999956,127373219.99999999,13303640.0,9720088.333333334,232904212.75,167817886.12666667,0.5502479020779275,0.5468910093812804,0.5178571428571416,2.976190476190469,26.780344293555164,26.86704418523977,14.773680866347478,54.16666666666664,21.715,9.855,63.61720067453624,-4.395604395604402,-17.14285714285715,-5.951693676114789,-10.25572474711649,0.8936964012490025,0.6362945112175616,-3.1636033078150883,-5.0484294338970725,0.9638730686270901,0.6905296771692946
1769126400,17.4,17.5,17.2,17.25,6045100,2026-01-23,TPB,2026-01-23,-0.8620689655172376,-0.8620689655172376,-0.8620689655172376,-0.20826102047900585,8.130132263524104,20.309666620170177,17.325,17.178,15.898655000000002,17.332844308232595,17.273761894412885,-0.43290043290042934,0.4191407614390519,8.499744160748168,-0.4779614168301638,1.7241379310344869,-0.8620689655172332,0.0,16.666666666666863,104277975.0,13309225.0,9638605.0,232956053.5,166405738.16666666,0.45420375716843014,0.4476293851707099,0.4928571428571417,2.8571428571428505,26.94281333900802,26.836387505582227,14.603538228893687,60.00000000000002,21.715,9.855,62.35244519392917,-5.219780219780212,-17.85714285714286,-5.796386507389095,-11.179711285333715,0.8937184085888669,0.6394891874697933,-3.56234032721916,-6.773171573572723,0.967282704812474,0.6941817565796722
1769385600,17.15,17.25,16.8,17.1,9056800,2026-01-26,TPB,2026-01-26,-0.8695652173912993,-1.4409221902017322,0.588235294117645,-0.2915451895043608,2.01646581553514,17.44505494505495,17.33,17.181,15.928664999999999,17.310668659829492,17.266947702475125,-1.3271783035198936,-0.4714510214772094,7.353629447288923,-1.2169874195464225,2.608695652173909,-0.28985507246375164,-0.5797101449275477,66.66666666666693,154871280.0,13448140.0,9695660.0,235362892.5,167376684.08333334,0.6734611626589253,0.6580106080230977,0.48214285714285615,2.819548872180445,25.799629948286075,26.847428958049747,13.315093737745654,50.847457627118665,21.715,9.855,61.0876897133221,-6.043956043956033,-18.571428571428562,-5.199411376565433,-10.722374684524038,0.8860354613683915,0.6386089395678588,-2.2490137836625568,-5.854661365654112,0.9411606239482665,0.6882386954067825
1769472000,17.05,17.25,17.0,17.2,7435400,2026-01-27,TPB,2026-01-27,0.5847953216374213,-1.4326647564469885,1.4749262536873253,3.3033033033033066,-0.7730471904926706,19.585621914760477,17.3425,17.186,15.956070000000002,17.30012878746478,17.264322302378062,-0.8216808418624821,0.0814616548353353,7.795967302725537,-0.578774809684246,1.461988304093567,0.877192982456132,-0.29239766081872176,79.99999999999972,127888880.0,13447165.0,9669606.666666666,235439308.75,167011053.91666666,0.5529343917472568,0.5431925564129061,0.4571428571428563,2.657807308970095,25.836445059487495,26.168578071429938,13.444916886117358,45.2830188679245,21.715,9.855,61.93086003372681,-5.494505494505497,-18.0952380952381,-4.346555998596169,-8.336375896525915,0.8436453877483937,0.6127435646076465,-1.2672315615387397,-3.831673571139782,0.9080276120930947,0.6650905618888271
1769558400,17.25,17.25,16.85,16.9,6350500,2026-01-28,TPB,2026-01-28,-1.744186046511631,-1.744186046511631,0.0,1.501501501501501,-8.767004966529923,18.231425773051612,17.3425,17.180999999999997,15.982639999999998,17.262021283896704,17.2500351532652,-2.5515352457834983,-1.6355276177172362,5.739727604450828,-2.0972125914039186,2.3255813953488293,-2.034883720930241,0.29069767441860517,12.499999999999334,107323449.99999999,13515300.0,9432236.666666666,236590790.25,163085303.83333334,0.4698748825405281,0.4536248003846379,0.4249999999999992,2.5147928994082793,26.6199425611729,26.430614651191842,14.002843242990012,36.3636363636363,21.715,9.855,59.40134907251263,-7.142857142857151,-19.523809523809533,-2.739281074058053,-9.995715567144137,0.8744669453295989,0.6303596891248595,-0.32501783328142686,-6.007488399663408,0.9439335587466213,0.68062834309994
1769644800,16.9,17.1,16.7,16.7,5243000,2026-01-29,TPB,2026-01-29,-1.1834319526627168,-4.0229885057471275,-2.6239067055393583,-3.1884057971014568,-9.38195235769711,15.045467070818397,17.32,17.163,16.00932,17.208495447335114,17.2284651472548,-3.5796766743649067,-2.697663578628451,4.3142369569725725,-2.9549093870019805,2.3668639053254568,-1.1834319526627177,0.0,0.0,87558100.0,13318340.0,9245110.0,233094958.75,159809308.0,0.3936676793053789,0.37563274842811245,0.4178571428571422,2.502138579982888,26.351686108893468,25.476146985020957,13.895582980988323,34.48275862068955,21.715,9.855,57.7150084317032,-8.241758241758246,-20.47619047619048,-5.345056742326948,-13.055353338839259,0.8190237630949377,0.5990122216828088,-3.0856671672998104,-9.578739409718773,0.8770100476482834,0.6435907848087496
1769731200,16.8,17.2,16.65,17.2,6437600,2026-01-30,TPB,2026-01-30,2.9940119760478945,-0.28985507246377384,0.5847953216374213,1.775147928994092,-7.621247113163976,17.767887709688445,17.325,17.164,16.037835,17.207686357112724,17.2273488669703,-0.721500721500723,0.20974131903983562,7.246395788458959,-0.04466816138560814,3.293413173652699,2.3952095808383147,0.5988023952095967,100.0,110726720.0,13403510.0,9274736.666666666,234583553.75,160342186.66666666,0.4802921025910377,0.47201399343622996,0.39642857142857096,2.3048172757475056,28.556270599950146,25.87887527417675,14.051534210338609,32.14285714285708,21.715,9.855,61.93086003372681,-5.494505494505497,-18.0952380952381,-1.9117162867212656,-8.748210118972843,0.8377412822576381,0.6045273627879744,0.6251768781001976,-5.823170623646545,0.8781790251175494,0.6331280039250193
1769990400,17.2,17.35,17.0,17.0,7436300,2026-02-02,TPB,2026-02-02,-1.1627906976744096,-0.5847953216374324,2.409638554216853,0.591715976331364,-7.032702614021657,18.566048263356127,17.345,17.159000000000002,16.06468,17.18790670405437,17.21843322512833,-1.989045834534442,-0.9266274258406759,5.822213701113266,-1.0932494997197395,2.034883720930241,-1.1627906976744147,0.0,0.0,126417100.0,13288015.0,9329096.666666666,232815062.75,161273264.5,0.5596245940420748,0.5429936470036237,0.3749999999999997,2.205882352941175,26.75564241427385,25.996456198883738,11.520608273428168,33.3333333333333,21.715,9.855,60.244519392917375,-6.593406593406592,-19.047619047619047,1.3975607192806105,-9.383689468562206,0.8461144810146184,0.6120277878239692,3.610912288862045,-6.613568576514162,0.8885624718064911,0.6411100260672268
1770076800,17.2,17.35,16.95,17.15,8592700,2026-02-03,TPB,2026-02-03,0.8823529411764675,-0.29069767441860517,0.586510263929596,3.9393939393939315,-5.965566399824551,16.71430515856811,17.35,17.157,16.091835,17.18429654176348,17.215749569240945,-1.1527377521614035,-0.0407996736026206,6.575788280205441,-0.19958071417197631,2.3529411764706007,-0.2941176470588277,1.17647058823529,49.99999999999956,147364805.0,13218420.0,9329630.0,231671431.5,161375152.08333334,0.6500549990089587,0.6360939889992435,0.3714285714285714,2.165764264889629,25.158179871601728,25.56998580755404,11.520608273428168,42.85714285714279,21.715,9.855,61.50927487352445,-5.769230769230771,-18.333333333333336,0.7445264179155031,-9.461894285232432,0.8473435798307775,0.5921202155827728,3.4207093728616744,-5.54046861410773,0.8755325262728,0.6174534697147657
1770163200,17.15,17.45,17.1,17.4,8474000,2026-02-04,TPB,2026-02-04,1.4577259475218707,2.9585798816567976,-0.2865329512893977,5.454545454545445,-7.731466751511307,18.062152259465325,17.3475,17.16,16.118685,17.204839728262197,17.222975076329536,0.3026372676178113,1.3986013986013957,7.949252684074404,1.134333564393586,2.0408163265306,1.457725947521866,0.0,85.71428571428542,147447600.0,12427215.0,9380476.666666666,217843719.25,162341232.08333334,0.6818905120737028,0.6768503609268046,0.3714285714285714,2.1346469622331687,24.260327763576452,25.72524965767639,11.520608273428168,50.0,21.715,9.855,63.61720067453624,-4.395604395604402,-17.14285714285715,3.4817713923326776,-7.888362665464176,0.8180117358815034,0.5687151078892421,4.891455945866219,-4.744547762317608,0.8769606976557535,0.6096555276152675
1770249600,17.4,17.55,17.1,17.1,5380800,2026-02-05,TPB,2026-02-05,-1.724137931034464,2.3952095808383422,-3.116147308781858,1.183431952662728,-7.925909972000856,16.37403021641486,17.32,17.163,16.1447,17.194854992237225,17.218152524316615,-1.2702078521939941,-0.3670686942842116,5.917112117289269,-0.5516475264260579,2.58620689655172,-1.7241379310344664,0.0,0.0,92011680.00000001,11268500.0,9397946.666666666,197244427.5,162654411.08333334,0.4775080977947375,0.46648557409815805,0.3785714285714286,2.213868003341688,24.593718333032065,25.529455783619664,11.920530647954319,44.82758620689657,21.715,9.855,61.0876897133221,-6.043956043956033,-18.571428571428562,0.8179750046976353,-10.673295854015196,0.8140331777142547,0.570674859902981,1.934888597159723,-6.92317762133816,0.8712775512308631,0.6126163016718792
1770336000,17.05,17.1,16.75,16.8,8877300,2026-02-06,TPB,2026-02-06,-1.7543859649122862,-2.3255813953488302,-4.545454545454552,-2.8901734104046284,-12.458965139909328,14.332380563495306,17.28,17.151,16.168770000000002,17.1572497548813,17.20175438610812,-2.777777777777779,-2.046527899247852,3.904007540462251,-2.082208745487657,2.0467836257310026,-1.461988304093567,-0.29239766081872176,14.285714285714432,149138640.0,10530680.0,9378423.333333334,183903703.5,162242679.91666666,0.8429939946898016,0.810960503576808,0.3892857142857145,2.3171768707483005,25.24764659622883,25.315997392259437,12.37328422061824,41.26984126984122,21.715,9.855,58.55817875210793,-7.692307692307687,-19.999999999999996,1.4725335695409019,-10.4661909609298,0.806134531277682,0.5614935777945852,1.3885986243587833,-6.6999871658993015,0.8805223871940998,0.6024226162917389
1770595200,16.9,17.0,16.75,16.8,4925200,2026-02-09,TPB,2026-02-09,0.0,-1.17647058823529,-7.692307692307687,-0.8849557522123797,-16.991946242403277,12.97155537623562,17.21,17.14,16.193065,17.12322596870213,17.1859993121431,-2.382335851249273,-1.9836639439906656,3.7481168636079643,-1.8876464592181508,1.488095238095238,-0.5952380952380826,0.5952380952380931,20.000000000000284,82743360.0,9196260.0,9385535.0,159272495.5,162350909.66666666,0.5355655451237786,0.5195081532454547,0.3750000000000003,2.2321428571428585,21.346266281672357,24.97509297546834,12.37328422061824,39.344262295081954,21.715,9.855,58.55817875210793,-7.692307692307687,-19.999999999999996,-1.1665503667442563,-8.447599796737448,0.8018217226962756,0.5661282882501124,-1.3233310357680717,-5.365089641271126,0.8691012328572928,0.601722671000716
1770681600,16.7,17.0,16.65,16.8,4365300,2026-02-10,TPB,2026-02-10,0.0,-2.0408163265306034,-6.145251396648033,-0.8849557522123797,-14.577719021711498,11.30987875173921,17.154999999999998,17.13,16.21758,17.092442543111453,17.17086208421592,-2.069367531331956,-1.9264448336252071,3.5912879726814895,-1.7109464745827752,2.0833333333333415,0.5952380952381037,-0.5952380952381042,42.857142857143295,73337040.0,8163130.0,9386368.333333334,140539377.0,162354121.41666666,0.5347581136157332,0.5218255663677803,0.3750000000000005,2.23214285714286,20.85459452899911,24.97509297546834,12.210302104465896,42.857142857142854,21.715,9.855,58.55817875210793,-7.692307692307687,-19.999999999999996,1.6795240811677603,-8.134903779067216,0.8016535847657092,0.5660651481811635,0.44240613897548187,-5.1616476743727375,0.8701487872620636,0.6020826117681881
1770768000,16.8,17.35,16.8,17.35,9392200,2026-02-11,TPB,2026-02-11,3.2738095238095344,-0.2873563218390607,-0.8571428571428452,1.1661807580175099,-17.380952380952376,15.97593582887702,17.1475,17.137,16.2444,17.116971824719887,17.177887100521176,1.1809301647470516,1.242924665927525,6.806037773017182,1.3613866849017109,3.273809523809528,3.273809523809528,0.0,100.0,162954670.0,7788760.0,9465063.333333334,133917460.5,163735048.0,1.205865888793595,1.2168291527601063,0.3857142857142861,2.2231370934540986,23.14693765243734,25.75504326506947,10.978565811759804,49.20634920634925,21.715,9.855,63.1956155143339,-4.670329670329654,-17.380952380952376,4.294247527350736,-7.442878610220283,0.8392723753203114,0.5913048806931982,2.3454114459871334,-4.503622890175829,0.904076847707114,0.6269649261087837
1770854400,17.45,17.5,17.15,17.15,4649600,2026-02-12,TPB,2026-02-12,-1.1527377521614035,0.29239766081869956,-1.4367816091954033,-2.556818181818199,-16.634260159440018,14.302852572647296,17.134999999999998,17.137999999999998,16.26978,17.120117365222754,17.17679348873603,0.08754012255618449,0.07001983895438268,5.410153056771505,0.17454690373763793,2.0172910662824286,-1.7291066282420788,0.5763688760806795,0.0,79740640.0,7525105.0,9320771.666666666,129271743.5,161160642.66666666,0.6178784216299972,0.6168450880373559,0.38928571428571473,2.2698875468554798,23.416681205898104,25.29061906424785,11.165155074890716,48.43749999999998,21.715,9.855,61.50927487352445,-5.769230769230771,-18.333333333333336,1.282544860131063,-11.844615184083363,0.8143441942492744,0.5866328439513181,0.07776309942202353,-8.7947335379431,0.883670813051833,0.6258926474348603
1770940800,17.15,17.5,17.1,17.5,5366800,2026-02-13,TPB,2026-02-13,2.0408163265306145,4.166666666666652,0.5747126436781658,2.0408163265306145,-8.582771770359921,16.63556384964009,17.14,17.141,16.29691,17.156296663772967,17.18946825388364,2.100350058343059,2.0943935593022767,7.3823197158234155,2.003365545390645,2.3323615160349775,2.0408163265306207,0.0,100.0,93919000.0,7359520.0,9339901.666666666,126417398.5,161520028.5,0.7292323412396461,0.7429278019828892,0.3857142857142861,2.2040816326530637,24.580062319009482,25.083546666308916,11.165155074890716,55.88235294117645,21.715,9.855,64.46037099494097,-3.8461538461538436,-16.666666666666664,3.503727666587708,-8.577133946362036,0.8027601388926682,0.5810809428449479,3.5410404250610927,-4.980708432243652,0.8645827384671919,0.6151821713639792
1771804800,17.6,18.05,17.4,18.0,34774400,2026-02-23,TPB,2026-02-23,2.857142857142847,7.14285714285714,3.746397694524495,4.347826086956519,-9.788001804239965,20.320855614973254,17.1725,17.148999999999997,16.32565,17.236649362461257,17.22125381255487,4.8187509098849945,4.962388477462265,10.255946930137538,4.428648639805832,3.7142857142857264,2.2857142857142776,0.5714285714285783,92.30769230769222,625939200.0,8845820.0,9849291.666666666,153334871.5,170741686.0,3.9311674892774215,4.082171223523672,0.41428571428571487,2.301587301587305,26.485165260264715,25.71651363905021,11.320349046052607,60.5263157894737,21.715,9.855,68.67622259696459,-1.098901098901095,-14.28571428571429,5.668267998596532,-7.98014690804949,0.8319972376723224,0.5992633553833209,6.345908734328898,-3.1537813250574365,0.8884058111936918,0.6191782827008888
1771891200,18.0,18.35,17.65,18.05,34910600,2026-02-24,TPB,2026-02-24,0.2777777777777768,7.440476190476186,3.4383954154727947,4.637681159420293,-6.175278095436109,20.301252999200226,17.2025,17.162,16.354195,17.314111327941138,17.253753663042914,4.926609504432489,5.174222118634209,10.369235538649257,4.250224906844058,3.888888888888905,0.27777777777778173,0.0,57.14285714285722,630136330.0,9626800.0,10340341.666666666,168010290.5,179677773.16666666,3.626397141313832,3.7505817538003723,0.43571428571428655,2.41392956074397,26.449651716620092,25.71894795813856,11.320349046052607,66.19718309859158,21.715,9.855,69.09780775716695,-0.8241758241758212,-14.047619047619042,4.819759671088553,-8.214221942221457,0.8325234645033379,0.5994622161309342,5.105054090872329,-3.308042014026591,0.8874547480835417,0.6191522459361308
1771977600,18.25,18.7,18.05,18.65,50381300,2026-02-25,TPB,2026-02-25,3.32409972299168,7.492795389048967,8.430232558139528,8.11594202898549,-5.855628470469465,23.567216590472405,17.275,17.191000000000003,16.385075,17.441338820518173,17.308508421354958,7.959479015918958,8.48699901111043,13.82309815487568,6.929864684813891,3.601108033240989,2.216066481994452,1.1080332409972193,92.30769230769218,939611244.9999999,11770760.0,11071730.0,208539046.74999997,193469785.58333334,4.280207905012081,4.505684952738953,0.4535714285714292,2.4320183837610148,27.944788840526385,26.558643632948346,11.05221509765987,74.68354430379746,21.715,9.855,74.15682967959528,0.0,-11.190476190476195,9.731255131119843,-3.450743422878455,0.8114447227953645,0.5656834731554391,9.907847224690848,1.1610901222456338,0.8867728121440023,0.5970677091617246
1772064000,18.8,18.8,18.15,18.35,20461500,2026-02-26,TPB,2026-02-26,-1.6085790884718398,6.99708454810497,5.4597701149425415,8.259587020648972,-7.812107510675704,20.866815966275865,17.322499999999998,17.22,16.414454999999997,17.527877980468823,17.349351228360646,5.931591860297325,6.562137049941952,11.791710416215494,4.690368226246577,3.48525469168902,-2.412868632707771,0.8042895442359255,30.769230769231104,375468525.0,12427820.0,11327971.666666666,220943812.0,198290516.83333334,1.6464271288126155,1.6993846607480458,0.4607142857142864,2.5107045543012885,28.689495236383607,26.520430124227367,11.50879396195176,65.33333333333337,21.715,9.855,71.62731871838113,-1.6085790884718398,-12.619047619047608,5.623893488979171,-4.94718741381104,0.7763259585365966,0.5427053431434136,6.061494128677014,-0.13065177281563933,0.848956128486943,0.5743319931614655
1772150400,18.45,18.7,18.25,18.4,17478286,2026-02-27,TPB,2026-02-27,0.27247956403269047,5.142857142857138,6.666666666666665,5.747126436781613,-8.220271348762964,21.910819585238173,17.38,17.25,16.44098,17.610937220424173,17.390553140973957,5.868814729574212,6.666666666666665,11.915469759101939,4.480526900412296,2.4523160762942737,-0.2724795640327014,0.5449591280653809,33.33333333333307,321600462.4,12999479.3,11504358.1,231809936.36999997,201650945.54,1.3445373923553998,1.3873454582493918,0.4678571428571434,2.5427018633540404,28.370560944667183,26.002176218468453,11.657361691263452,69.44444444444446,21.715,9.855,72.04890387858346,-1.3404825737265424,-12.380952380952392,6.156721670167853,-6.153299662387624,0.7536949561453473,0.5341265365682581,7.43720801889215,-1.4375061436036063,0.8288002415898207,0.5715398987891583
1772409600,17.9,18.45,17.8,17.8,38690700,2026-03-02,TPB,2026-03-02,-3.2608695652173836,-1.1111111111111072,4.093567251461994,2.5936599423631135,-13.073204082629285,17.592653762304277,17.415,17.27,16.465215,17.628943199431394,17.406609880543606,2.2107378696526014,3.0689056166763207,8.106696450668881,0.9703179517540406,3.5326086956521667,-0.5434782608695536,-2.717391304347827,0.0,688694460.0,14481174.3,12010906.433333334,258501095.36999997,210729739.37333333,2.671792991263146,2.664183913860218,0.48571428571428604,2.72873194221509,30.879687914008176,26.893271441416427,15.085827887050959,58.02469135802473,21.715,9.855,66.98988195615514,-4.557640750670233,-15.238095238095239,3.96448040530315,-7.011403228530777,0.7979342614452712,0.5602815931659154,5.152968515067402,-2.0685788900211444,0.8662928072357018,0.6023339503486417
1772496000,17.85,18.2,17.55,17.6,24818800,2026-03-03,TPB,2026-03-03,-1.1235955056179692,-2.4930747922437657,2.3255813953488413,1.7341040462427681,-10.291044395738814,16.95129244468072,17.435,17.295,16.4875,17.626186704247452,17.4141938067968,0.9463722397476504,1.763515466897947,6.747536012130406,-0.14856704224709416,3.6516853932584183,-1.4044943820224718,0.2808988764045006,7.692307692307819,436810880.00000006,15350344.3,12361678.1,273947195.37,216922183.20666665,1.6168236695511773,1.5945075816893552,0.5071428571428575,2.8814935064935083,31.204787716438897,26.993348407695816,14.941058291332308,52.500000000000036,21.715,9.855,65.30354131534571,-5.630026809651456,-16.19047619047619,3.273956156343105,-5.489475040564384,0.7914543228532215,0.5656423699867706,5.322294071349409,-0.1074486170696165,0.8344207722142656,0.601685193061649
1772582400,17.55,17.8,16.6,17.3,30136803,2026-03-04,TPB,2026-03-04,-1.7045454545454586,-7.238605898123318,2.366863905325456,1.764705882352935,-6.126214119051488,14.957804505282745,17.455000000000002,17.314,16.50852,17.595121303842934,17.409715618294964,-0.887997708393018,-0.08085942012243663,4.794372845052131,-1.6772905326800758,6.818181818181814,-1.4204545454545454,-0.28409090909091717,58.3333333333333,521366691.90000004,16539659.45,12794668.15,294649357.465,224433698.07166666,1.8220933200653053,1.7694479172992283,0.560714285714286,3.2411230388109016,31.173456496830372,26.98510426564028,14.906193936632055,52.499999999999986,21.715,9.855,62.77403035413154,-7.238605898123318,-17.619047619047613,1.5149079008660138,-5.087386473979372,0.8007771112159666,0.5717085786032908,4.399781141559456,0.5767417126349095,0.8490887932466814,0.6117980172482584
1772668800,17.5,17.7,17.05,17.05,18616900,2026-03-05,TPB,2026-03-05,-1.4450867052023142,-7.0844686648501405,2.095808383233533,-0.29239766081872176,-7.9572446555819525,13.636363636363647,17.4725,17.319000000000003,16.529004999999998,17.543204989191228,17.395609123459867,-2.4180855630276166,-1.553207460015027,3.152004612497872,-2.8113733465185087,3.7572254335260036,-2.6011560693641576,1.156069364161838,0.0,317418145.0,17208354.45,12995884.816666666,306142359.715,227858988.9883333,1.081852425465353,1.0368318363244378,0.5821428571428573,3.414327607875996,31.33368315431212,27.131078929415047,15.039227122781137,53.16455696202532,21.715,9.855,60.66610455311974,-8.579088471849861,-18.80952380952381,2.452286140564197,-5.618361808839167,0.8085866309597131,0.5734343312861933,5.8709819857456935,0.0850150112219672,0.8575576730440931,0.6139008278017067
1772755200,17.0,17.25,16.85,16.85,14312800,2026-03-06,TPB,2026-03-06,-1.1730205278592365,-8.423913043478247,-2.034883720930225,-2.8818443804034533,-7.853002296839106,13.644027787145085,17.455000000000002,17.326,16.549205,17.47718546641111,17.374212687245755,-3.466055571469495,-2.7473161722267103,1.8175797568523722,-3.5885953583114305,2.3460410557184668,-0.8797653958944197,-0.2932551319648091,0.0,241170680.00000003,17602114.45,12948448.15,312664557.71500003,226916689.4883333,0.8131295839858603,0.7713400001666704,0.5928571428571429,3.5184400169563377,29.717782865101384,27.06586790275793,14.841737337890134,50.60240963855423,21.715,9.855,58.979763912310304,-9.651474530831084,-19.76190476190476,1.31113386206414,-4.964684480416725,0.7833058310352647,0.5718821086373803,4.153872862198238,0.5563069286802613,0.8401183526342224,0.6114380327720104
1773014400,15.8,16.5,15.7,15.7,28431800,2026-03-09,TPB,2026-03-09,-6.824925816023752,-11.79775280898877,-7.647058823529418,-10.795454545454552,-16.110072134651354,9.156643259403463,17.39,17.305999999999997,16.56342,17.30792970770529,17.308557287745924,-9.718228867165045,-9.280018490696861,-5.212812329820782,-9.290133105806753,4.74777448071217,-0.5934718100890292,-6.231454005934722,0.0,446379260.0,18651889.45,13153528.15,328662665.715,229625757.155,1.5243388653046086,1.3581684400596874,0.6500000000000001,4.140127388535033,38.063136514177,30.254659502585753,26.03643004365952,39.62264150943395,21.715,9.855,49.28330522765598,-15.81769436997319,-25.238095238095237,0.861659692938888,-5.934295465534678,0.8596843198135106,0.6784457611717136,3.5089000850226473,-0.7516562701063716,0.9021652521328016,0.7060774394666952
1773100800,16.1,16.35,15.7,16.0,22268300,2026-03-10,TPB,2026-03-10,1.9108280254777066,-9.090909090909093,-6.705539358600577,-8.045977011494243,-13.848804652164548,11.242438990474879,17.3325,17.288999999999998,16.579135,17.18336497363812,17.257241315677458,-7.6878696091158165,-7.45560761177626,-3.493155704444173,-6.886689396713519,4.140127388535046,-0.6369426751592447,2.5477707006369643,46.15384615384611,356292800.0,19335669.45,13397589.816666666,339109065.465,233352836.4883333,1.1516694602989297,1.050673179472324,0.6571428571428574,4.1071428571428585,38.681738281212624,30.48355176675262,26.03643004365952,36.63366336633661,21.715,9.855,51.812816188870144,-14.209115281501338,-23.809523809523814,0.831132087302155,-4.336721963599543,0.8708577835589276,0.687682639158221,1.3402535321882834,-1.0330688869688132,0.8804923224874942,0.7116676616242911
1773187200,16.05,16.7,16.0,16.45,21018900,2026-03-11,TPB,2026-03-11,2.8124999999999956,-4.913294797687873,-5.459770114942531,-4.360465116279066,-12.769116555308102,15.083251714005863,17.285,17.272000000000002,16.59805,17.11352069043449,17.22558479349403,-4.830778131327751,-4.759147753589643,-0.8919722497522375,-3.877172338976187,4.374999999999996,2.499999999999991,0.31250000000000444,64.28571428571425,345760905.0,19962914.45,13674153.15,349024730.715,237846989.57166666,1.0528973638916737,0.9906487265005153,0.6821428571428572,4.1467650890143295,39.78960428421337,30.990049510256373,26.03643004365952,43.39622641509434,21.715,9.855,55.607082630691394,-11.796246648793563,-21.666666666666668,-1.9380025884413459,-2.9121318399667246,0.8837966712148461,0.7091830028978432,-0.5180894908573102,0.3718190627291067,0.8911912330593282,0.7296085121255425
1773273600,16.2,16.45,15.95,16.05,13103500,2026-03-12,TPB,2026-03-12,-2.4316109422492294,-5.8651026392961825,-6.14035087719299,-5.02958579881656,-14.239914507079876,11.590071612320108,17.232499999999998,17.246,16.615205,17.012233005631206,17.179483429043284,-6.862033947482937,-6.934941435695219,-3.4017335326286924,-5.65612406856112,3.0395136778115504,-0.9118541033434565,-1.5197568389057725,20.000000000000284,210311175.0,20349049.45,13611974.816666666,354939705.465,236610542.82166666,0.6439367122379271,0.5925264819963583,0.6892857142857144,4.294615042278594,40.21419513481665,31.181479351692953,26.38426131345365,36.44859813084111,21.715,9.855,52.23440134907251,-13.94101876675602,-23.571428571428566,-2.0479220108434717,-2.879823611965815,0.8908935609801257,0.7129592330600246,-0.5814381836568012,0.7088253678213867,0.8974262322755062,0.7352374211903415
1773360000,16.1,16.2,15.85,16.0,11262700,2026-03-13,TPB,2026-03-13,-0.31152647975077885,-5.044510385756684,-4.761904761904767,-5.325443786982243,-12.953593384473095,10.223201984017628,17.192500000000003,17.218,16.63163,16.915829862237757,17.13322917692394,-6.936164025010916,-7.073992333604362,-3.7977636587634644,-5.414040397049746,2.1806853582554497,-0.6230529595015665,0.31152647975078995,42.857142857143,180203200.0,20468319.45,13750018.15,356492933.465,238774534.655,0.5502503528691018,0.5054888416678591,0.6678571428571428,4.174107142857142,39.83958791092573,31.185160786915066,26.42408012923782,29.591836734693842,21.715,9.855,51.812816188870144,-14.209115281501338,-23.809523809523814,-1.3867787287174527,-4.002566266592245,0.9051143232263694,0.7193607320626438,-0.13132233753760936,-0.5292979611391413,0.9071729241973238,0.7395315620297531
1773619200,16.1,16.2,15.95,16.0,6987300,2026-03-16,TPB,2026-03-16,0.0,1.9108280254777066,-4.761904761904767,-4.761904761904767,-10.878404723444547,11.242438990474879,17.1525,17.198,16.648055,16.828607970596067,17.088788817044573,-6.71913715201865,-6.96592627049657,-3.8926769523526916,-4.923805771956069,1.5625,-0.6250000000000089,0.6250000000000089,20.000000000000284,111796800.0,20571424.45,13757668.15,357945605.465,238809890.655,0.3396604847167013,0.3123290195301239,0.6357142857142855,3.9732142857142843,39.83958791092573,31.166620257085594,26.42408012923782,28.865979381443253,21.715,9.855,51.812816188870144,-14.209115281501338,-23.809523809523814,-1.251003358911873,-4.426982164930249,0.9091792959800168,0.7196729934887403,0.10319599537927981,-1.0566420416287192,0.9107055177040656,0.7398476913259893
1773705600,16.15,16.35,16.1,16.1,6385100,2026-03-17,TPB,2026-03-17,0.6250000000000089,0.6250000000000089,-4.1666666666666625,-1.5290519877675823,-9.116567880327398,11.596312469674919,17.1175,17.180999999999997,16.66498,16.759216735301205,17.050012785003613,-5.944209142690216,-6.291834002677355,-3.3902230905767605,-3.9334579038687756,1.5625,-0.31249999999998224,0.9374999999999911,0.0,102800110.00000001,20672414.45,13711821.483333332,359418758.96500003,238033693.07166666,0.3088705489841802,0.286017653324574,0.6142857142857142,3.8154392191659268,39.94561045771768,30.71418161503151,26.42408012923782,20.68965517241378,21.715,9.855,52.65598650927489,-13.67292225201071,-23.33333333333333,-1.6729806977835766,-5.378732294284716,0.9116649243611662,0.7096096247543268,-0.17349190570375939,-1.883625829644786,0.9088325522537536,0.730297475433865
1773792000,16.2,16.35,15.9,16.05,8612200,2026-03-18,TPB,2026-03-18,-0.31055900621118626,-2.4316109422492294,-7.49279538904899,-1.834862385321101,-11.306366047745353,11.9402985074627,17.052500000000002,17.163999999999998,16.68142,16.691672284320138,17.010796597356414,-5.878903386600209,-6.490328594733152,-3.7851693680753695,-3.8442660111588256,2.7950310559006275,-0.9316770186335316,0.6211180124223503,33.33333333333333,138225810.0,20633414.45,13733129.816666666,358182315.965,238339023.32166666,0.4173909277531136,0.3859090855102596,0.5999999999999999,3.738317757009345,37.80138070739943,30.72046602350909,26.282738109882718,21.951219512195095,21.715,9.855,52.23440134907251,-13.94101876675602,-23.571428571428566,-2.8724876282453575,-5.955128969363733,0.911379693436428,0.7092429655781277,-0.8927654025429055,-1.7813818736195697,0.9090442865559054,0.7304592033941395
1773878400,15.85,16.1,15.75,16.0,11842100,2026-03-19,TPB,2026-03-19,-0.31152647975077885,-0.31152647975077885,-6.705539358600577,-4.761904761904767,-12.501367166138033,12.280701754385959,16.995,17.141,16.698325,16.625798733432504,16.971157515107144,-5.854663136216542,-6.656554460066499,-4.182006279072903,-3.764022068750883,2.180685358255461,0.9345794392523387,-1.2461059190031265,71.42857142857115,189473600.0,20993039.45,13750741.483333332,363668963.965,238477004.655,0.5640964962793894,0.52100569136891,0.5928571428571429,3.705357142857143,37.68555072871767,30.17972319297985,26.415776388991823,20.7317073170732,21.715,9.855,51.812816188870144,-14.209115281501338,-23.809523809523814,-0.36847780156648113,-5.949984658044549,0.892449102113855,0.6989553904634569,1.342187609814527,-1.8465230867122262,0.8937421026963464,0.7205902494348918
1773964800,15.9,16.0,15.8,15.8,4820600,2026-03-20,TPB,2026-03-20,-1.2499999999999956,-1.2499999999999956,-9.714285714285708,-4.242424242424237,-15.575741383916641,10.535889184273127,16.91,17.115,16.714945,16.54715123501036,16.92522976941667,-6.5641632170313375,-7.683318726263499,-5.473814002977573,-4.515286192764966,1.2499999999999956,-0.6249999999999978,-0.6249999999999978,0.0,76165480.0,20965729.45,13748211.483333332,362781287.965,238379019.32166666,0.22992760693093844,0.20994875570139165,0.5607142857142858,3.5488245931283915,36.75096439003616,30.068908747213335,26.143530916590546,22.972972972972997,21.715,9.855,50.12647554806071,-15.281501340482562,-24.761904761904763,-0.050288872024639275,-2.6979050449767232,0.8562738976890107,0.6960135998698654,1.216340846170839,1.0243109191975126,0.8594140395322928,0.7165192291497486
1774224000,15.6,15.75,15.1,15.1,11931000,2026-03-23,TPB,2026-03-23,-4.430379746835444,-5.625000000000002,-16.11111111111111,-9.58083832335329,-18.27677653298696,4.02314687241665,16.765,17.085,16.727349999999998,16.409327307866516,16.85365213140033,-9.931404712198033,-11.618378694761489,-9.728677883824988,-7.979165040110048,4.113924050632913,-3.164556962025316,-1.2658227848101333,0.0,180158100.0,19823559.45,13890109.816666666,340492232.965,240430561.4883333,0.6018596221376379,0.5291107477876562,0.5642857142857146,3.7369914853358583,37.0668640133683,31.25392592656941,28.336569978771465,20.23809523809524,21.715,9.855,44.22428330522765,-19.03485254691688,-28.095238095238095,-1.6514467847700836,-4.463901925781466,0.886422239493073,0.7210232227112318,-1.4650673813336859,-1.0480009263887915,0.8901948958393038,0.7360439180886117
1774310400,15.5,15.95,15.35,15.8,11898000,2026-03-24,TPB,2026-03-24,4.635761589403975,-1.8633540372670843,-12.46537396121884,-6.231454005934722,-11.756492599832447,9.51687807583006,16.6525,17.06,16.74397,16.351296135688752,16.81233243997287,-5.119351448731413,-7.3856975381008105,-5.637671352731766,-3.3715745291009624,3.9735099337748316,1.9867549668874218,2.6490066225165476,75.00000000000023,187988400.0,18672929.45,14022618.15,318384836.465,242455111.905,0.6371790795792891,0.5904439485473598,0.5392857142857146,3.413200723327307,41.75420557047255,32.694009989761376,28.336569978771465,33.69565217391306,21.715,9.855,50.12647554806071,-15.281501340482562,-24.761904761904763,1.07324738573611,-0.9777149561139726,0.9268811550713169,0.719583884947771,1.2211462621031899,2.2060201312828482,0.9318528212592355,0.7374243988382233
1774396800,15.85,16.2,15.8,16.15,11989200,2026-03-25,TPB,2026-03-25,2.215189873417711,0.6230529595015355,-13.404825737265414,-6.647398843930652,-10.042889767726848,13.33333333333333,16.5275,17.034,16.7621,16.332125075146966,16.786358618797465,-2.2840720012101134,-5.189620758483038,-3.6516904206513656,-1.1151339725172127,2.531645569620244,1.898734177215183,0.31645569620253333,87.49999999999977,193625579.99999997,16753324.45,14017213.15,281085553.215,242131812.405,0.7156310997128693,0.6888492766182736,0.5214285714285717,3.2286598850066364,40.528859971760475,32.542956266328495,28.336569978771465,40.4255319148936,21.715,9.855,53.07757166947722,-13.404825737265414,-23.095238095238102,-2.511230668186304,-1.345376605590932,0.9193520085945287,0.7163561270132465,-1.9437886770987571,1.9433289123556126,0.9266828526571148,0.7345207597304497
1774483200,16.15,16.15,15.9,15.9,6802600,2026-03-26,TPB,2026-03-26,-1.5479876160990558,-0.6249999999999978,-13.351498637602187,-8.35734870317003,-11.435414693923018,17.821415339014468,16.405,16.999,16.77922,16.29097030608535,16.751599457275997,-3.0783297775068608,-6.46508618154008,-5.239933679873077,-2.39992031622146,1.5479876160990602,-1.5479876160990602,0.0,0.0,108161340.0,16070379.45,13933946.483333332,267720193.96499997,240522739.57166666,0.42330052138252405,0.4040088959973648,0.510714285714286,3.2120395327942517,40.51112775866994,32.668176799884385,28.328897845179984,39.99999999999999,21.715,9.855,50.96964586846543,-14.745308310991945,-24.28571428571429,-0.848572545371761,-1.16156956483524,0.9300498121644238,0.7191025864993458,0.10715960321102713,2.652800983595627,0.9399043672653201,0.7394968468829858
1774569600,15.9,16.3,15.9,16.25,9247800,2026-03-27,TPB,2026-03-27,2.2012578616352085,2.848101265822778,-11.684782608695643,-6.609195402298839,-11.593493281105493,24.093165330278723,16.297500000000003,16.971999999999998,16.798325,16.287068372172456,16.731928890323996,-0.29145574474614966,-4.254065519679462,-3.264164730709751,-0.22759388814127535,2.5157232704402537,2.201257861635218,0.0,87.49999999999983,150276750.0,15658855.15,13989186.483333332,259154008.34499997,241306666.07166666,0.5905795737563866,0.5798743031593144,0.4571428571428573,2.8131868131868143,41.676080779998465,33.00491078245314,28.328897845179984,56.96202531645571,21.715,9.855,53.92074198988196,-12.868632707774797,-22.619047619047617,-0.647890148329644,-0.4380732475103617,0.9386601662500142,0.7250547938140753,-0.033515481255363966,3.355562176304616,0.9475666062285184,0.7450467496211614
1774828800,15.9,16.2,15.85,15.95,5128400,2026-03-30,TPB,2026-03-30,-1.846153846153853,5.629139072847678,-10.393258426966302,-6.176470588235294,-10.91873778274226,23.90274217354151,16.205000000000002,16.927,16.81593,16.254966622441746,16.701265012272074,-1.5735883986424115,-5.771843799846399,-5.14946244424187,-1.8761442550162322,2.1538461538461515,0.30769230769230116,-2.1538461538461506,28.5714285714285,81797980.0,13980740.15,13970018.15,228809184.34499997,240891057.405,0.3668189198123391,0.3574943035357553,0.43928571428571433,2.7541424093148232,40.76447984390943,32.88849100401834,27.466236549765416,49.36708860759493,21.715,9.855,51.39123102866778,-14.477211796246648,-24.04761904761905,-0.45013508586885287,-1.568500883441426,0.9405570257467426,0.7184966003093328,-0.5049083088511708,2.1369171590182807,0.9488931835281404,0.7377882623569317
1774915200,16.05,16.5,16.0,16.3,11363300,2026-03-31,TPB,2026-03-31,2.1943573667711602,3.164556962025311,-7.386363636363635,-3.834808259587008,-8.478382930937666,24.04870624048707,16.14,16.895,16.834335,16.25925551554253,16.685529129437878,0.991325898389106,-3.5217519976324274,-3.1740784533514366,0.25059255891835,3.1347962382445145,1.5673981191222572,0.6269592476489061,60.00000000000014,185221790.0,13307965.15,14035158.15,216229729.84499997,241872077.9883333,0.8538720887768481,0.8565972409657664,0.4285714285714287,2.6292725679228757,41.7963534875941,33.214695976570866,27.814346971618697,48.051948051948074,21.715,9.855,54.34232715008432,-12.600536193029477,-22.38095238095238,0.2605913698686573,-0.6373287821907825,0.9505510766909454,0.7192773880736574,-0.7637592012193268,3.102225367579225,0.9579414592258683,0.7400058147415657
1775001600,16.55,16.75,16.3,16.35,11594500,2026-04-01,TPB,2026-04-01,0.30674846625766694,1.2383900928792713,-5.491329479768781,-3.2544378698224685,-13.514943136736314,27.01002097413192,16.092499999999998,16.872,16.85275,16.267897847395624,16.672371124361884,1.6001242814976058,-3.0938833570412383,-2.9831926540178855,0.5046881494742195,2.760736196319014,-1.2269938650306704,1.5337423312883347,11.111111111111287,189570075.00000003,12380850.0,14145269.816666666,199639899.0,243626682.2383333,0.9364865901775726,0.9495600626405848,0.4250000000000001,2.599388379204893,41.5405558733374,33.21813073756673,28.044620493332577,54.285714285714285,21.715,9.855,54.76391231028669,-12.332439678284167,-22.14285714285713,0.8520628657024636,-0.29633342725221556,0.9519795383564211,0.7222512915790658,-0.6516388029071951,3.2167827303804852,0.9542648402119058,0.7409855989634124
1775088000,16.25,16.25,15.95,16.0,5650100,2026-04-02,TPB,2026-04-02,-2.140672782874631,0.6289308176100628,-6.158357771261002,-6.705539358600577,-13.180313636116981,26.023944549464396,16.04,16.844,16.86989,16.242383766691276,16.64600362928887,-0.24937655860348684,-5.0106862977915,-5.15646515774556,-1.4922918345787406,1.8348623853211052,-1.5290519877675839,-0.6116207951070374,16.666666666666863,90401600.0,11732510.0,14086401.483333332,188289071.75,242508796.7383333,0.48157640607167607,0.48012133237360866,0.4285714285714288,2.67857142857143,41.878186656206175,33.34218943892499,28.267871853627863,50.0,21.715,9.855,51.812816188870144,-14.209115281501338,-23.809523809523814,0.12803268275916047,-2.6260781553632544,0.9526280354865535,0.7191934349243186,-1.5376120280914947,1.0921418873565347,0.9547239535360519,0.7361982895542326
1775174400,16.15,16.15,15.95,16.0,4118600,2026-04-03,TPB,2026-04-03,0.0,-1.538461538461533,-5.044510385756684,-6.432748538011701,-13.625566832217672,26.913619417783785,15.997499999999999,16.816,16.886555,16.219299598434965,16.620670153630485,0.015627441787779972,-4.852521408182675,-5.250064326323523,-1.3520904346333573,1.2499999999999956,-0.9374999999999911,0.9374999999999911,25.000000000000444,65897600.0,11222800.0,14076141.483333332,179525417.75,242257843.07166666,0.36698506611540793,0.36706557113693167,0.4250000000000002,2.6562500000000013,41.754664907557185,33.34015863749408,28.5488634793528,50.0,21.715,9.855,51.812816188870144,-14.209115281501338,-23.809523809523814,-0.304262399513588,-0.8036892549672441,0.9589958651546526,0.7220497425369784,-1.5385577234698355,3.081540131022054,0.9614137342302796,0.7392476674198973
1775433600,16.0,16.1,15.85,15.85,4698000,2026-04-06,TPB,2026-04-06,-0.9375000000000022,-0.6269592476489061,0.9554140127388644,-4.518072289156638,-16.78916421671566,24.842470069313173,16.005000000000003,16.786,16.90152,16.184128208107825,16.590447794664584,-0.9684473601999533,-5.57607530084595,-6.221452271748351,-2.0645425185178423,1.562500000000011,-0.9375000000000022,0.0,0.0,74463300.0,10036110.0,13992004.816666666,160929619.75,240802449.405,0.4681096560320682,0.4627072388269904,0.4178571428571431,2.636322667868411,33.90424235237171,32.86383832485424,18.78992137257278,46.75324675324673,21.715,9.855,50.548060708263066,-15.013404825737265,-24.523809523809526,-0.3877693317876574,1.8233502114025306,0.9669169597067813,0.7388257633832553,-2.1635666185823466,4.967405952852943,0.9619446872209094,0.7503876610042761
1775520000,15.95,16.0,15.55,15.75,9187900,2026-04-07,TPB,2026-04-07,-0.6309148264984188,-3.3742331288343586,-1.5625,-7.624633431085048,-15.626506669523765,24.05482041587903,15.992500000000001,16.752,16.91646,16.14278266447851,16.557489057618916,-1.516335782398004,-5.9813753581661855,-6.895414288805113,-2.4331781740629554,2.839116719242898,-1.2618296529968411,0.6309148264984188,44.44444444444436,144709425.0,9382090.0,13978726.483333332,150350451.0,240376982.655,0.979302053167258,0.9624808175666862,0.417857142857143,2.6530612244897966,33.26755566133963,32.372131332973524,18.57663441539114,46.153846153846146,21.715,9.855,49.70489038785835,-15.54959785522787,-25.0,-1.6108083143976604,0.013548116812567734,0.951875065810892,0.7315710836745289,-1.7802510669802318,2.832768463893455,0.9459714750848135,0.7440181339936571
1775606400,16.2,16.6,16.15,16.5,17311600,2026-04-08,TPB,2026-04-08,4.761904761904767,0.917431192660545,0.3039513677811634,-5.444126074498568,-10.926365795724468,30.414163768574156,15.995000000000001,16.738,16.93515,16.176803363099605,16.555234584771117,3.15723663644889,-1.421914207193209,-2.5695077988680315,1.9979017463835236,2.857142857142875,1.9047619047619095,2.857142857142847,77.7777777777776,285641400.0,9196725.0,13862284.816666666,147344475.75,238070975.2383333,1.8823657334540285,1.9385959232339933,0.4535714285714287,2.7489177489177496,36.097679312123155,33.513962982808515,18.57663441539114,55.43478260869565,21.715,9.855,56.02866779089376,-11.528150134048254,-21.42857142857143,-1.3282506295110297,0.19785546806204657,0.9605731490311319,0.7523930995232503,-1.8691334920556635,2.4609274366328977,0.9433145469556337,0.7642746763723781
1775692800,16.45,16.45,16.25,16.25,5397600,2026-04-09,TPB,2026-04-09,-1.5151515151515138,1.5625,1.2461059190031154,-7.932011331444755,-11.134201028108947,37.61856368563685,16.005000000000003,16.715,16.952825,16.183774471375834,16.543264601054602,1.5307716338643917,-2.7819323960514453,-4.145769215455242,0.40920941367106334,1.2121212121212077,-1.2121212121212077,-0.303030303030305,0.0,87711000.0,8811430.0,13476326.483333332,141214467.0,231132866.655,0.6125679940713369,0.6211190812340778,0.4571428571428573,2.8131868131868143,35.405508733317916,33.54482660268913,17.781732984489967,54.83870967741934,21.715,9.855,53.92074198988196,-12.868632707774797,-22.619047619047617,-0.3372961434555899,-1.5253200899866597,0.9653808401471479,0.7578701900683698,-1.7224928550586105,-0.26481268918788814,0.9584358383344971,0.7748513064283384
1775779200,16.4,16.9,16.3,16.3,8878700,2026-04-10,TPB,2026-04-10,0.3076923076923199,1.8750000000000044,1.8750000000000044,-7.386363636363635,-13.122268414881145,43.99293286219081,16.020000000000003,16.695999999999998,16.97099,16.19484356934004,16.53372481277795,1.7478152309612804,-2.3718255869669247,-3.953746952888426,0.6493204470282121,3.6923076923076796,-0.6153846153846023,0.9230769230769154,0.0,144722810.0,8692230.0,13230409.816666666,139440447.5,226612361.4883333,1.021452492628474,1.0378825699049767,0.45357142857142857,2.7826468010517087,35.381657154377216,33.554075206608935,17.920163110999514,65.0,21.715,9.855,54.34232715008432,-12.600536193029477,-22.38095238095238,-1.294362826015183,-1.0744625709961042,0.9674265626404901,0.7596537817724225,-2.151219249028924,-0.7084364169619324,0.956953482287667,0.774714744326949
1776038400,16.2,16.5,16.1,16.35,7939500,2026-04-13,TPB,2026-04-13,0.30674846625766694,3.154574132492116,2.187500000000009,-10.16483516483515,-13.078149920255166,54.75627070515856,16.0375,16.680999999999997,16.989645,16.209620372260037,16.52651991815921,1.9485580670304037,-1.9842935075834567,-3.7649109207402387,0.8660266219448376,2.453987730061341,0.9202453987730193,-0.613496932515345,62.50000000000022,129810825.00000001,8739840.0,12835841.483333332,140341148.75,219186416.57166666,0.9084262412126538,0.9249662423046114,0.4214285714285713,2.577544779379641,35.385032133815926,32.75896275867423,17.920163110999514,58.2089552238806,21.715,9.855,54.76391231028669,-12.332439678284167,-22.14285714285713,-1.6956568441008457,-3.8596037990124223,0.9559473969130914,0.7688796333309234,-1.7342696803544388,-2.7339618040690947,0.9441462278089883,0.7814972814043122
1776124800,16.5,16.7,16.4,16.45,8610800,2026-04-14,TPB,2026-04-14,0.6116207951070152,4.444444444444451,2.1739130434782483,-8.10055865921787,-10.275989964001308,58.35579514824798,16.055,16.666,17.008084999999998,16.232513670140033,16.523519137054926,2.4602927436935484,-1.2960518420736866,-3.2812923971158314,1.3398191695968453,1.8348623853211052,-0.3058103975535212,0.917431192660545,16.666666666666863,141647660.0,8851125.0,12562223.15,142283526.25,214080554.07166666,0.9728480842830713,0.9955309917686271,0.4178571428571427,2.5401650021710807,35.38259004927791,32.64688991741346,17.920163110999514,54.83870967741937,21.715,11.098,50.40972025996043,-11.796246648793563,-21.666666666666668,-1.6476610755308263,-1.4119258666296037,0.9806385238750122,0.7889088018163385,-1.716888333513178,-1.2721402618332096,0.9478448019807101,0.7898385864304925
1776211200,16.45,16.6,16.35,16.4,6809100,2026-04-15,TPB,2026-04-15,-0.3039513677811634,-0.60606060606061,2.180685358255441,-6.2857142857142945,-4.071127749181103,47.77437376103799,16.072499999999998,16.656000000000002,17.026510000000002,16.248464749174317,16.518675249327284,2.037641934982126,-1.5369836695485306,-3.6796149064018624,0.9326127308943555,1.5197568389057752,-0.30395136778115933,0.0,19.999999999998863,111669239.99999999,8760970.0,12394381.483333332,140955697.75,211018491.405,0.7772084597938356,0.7922293442728177,0.4178571428571428,2.547909407665505,35.38150406743416,32.351143598037176,17.922308053161785,58.62068965517237,21.715,11.32,48.869648869648856,-12.06434316353887,-21.904761904761916,-2.885161312651241,-1.3349108820699511,0.9615160685764828,0.7856629663627831,-2.7828214160002362,-1.1819457210584972,0.9359969283658788,0.7866420856644507
1776297600,16.4,16.45,16.2,16.25,6088700,2026-04-16,TPB,2026-04-16,-0.9146341463414531,0.0,1.5625,-6.609195402298839,-6.253605630552672,38.66370850755185,16.085,16.647000000000002,17.04395,16.248610963538667,16.50813896503994,1.0258004351880512,-2.3848140806151386,-4.658251168303118,0.008548647416395383,1.5243902439024393,-0.9146341463414549,0.0,20.000000000000284,98941375.0,8473300.0,12330481.483333332,136429086.5,209789931.32166666,0.7185748173674955,0.7252220002220714,0.4071428571428571,2.505494505494505,35.54601541148219,32.38069674419452,17.856260516116265,50.0,21.715,11.32,47.42664742664743,-12.868632707774797,-22.619047619047617,-5.541135389875995,-4.197676740780176,0.957629576214856,0.7792461393981113,-5.178988197002465,-3.273875887578303,0.9283591105185899,0.779769884226753
1776384000,16.25,16.4,16.2,16.25,6009400,2026-04-17,TPB,2026-04-17,0.0,-0.30674846625767804,2.848101265822778,-6.609195402298839,-5.993289367117905,40.25548075263248,16.1075,16.628,17.06115,16.24874325272546,16.49801586837171,0.8846810492006751,-2.2732739956699555,-4.754368843835266,0.007734427549199729,1.2307692307692264,0.0,0.0,25.000000000000444,97652750.0,8532740.0,12285996.483333332,137503450.0,208900712.155,0.7042755316580606,0.710183999019661,0.39285714285714274,2.417582417582417,35.19096291614983,32.38069674419452,17.96697796539751,56.250000000000014,21.715,11.32,47.42664742664743,-12.868632707774797,-22.619047619047617,-7.429782713519507,-3.3119248568868604,0.9608430684503759,0.7803383298906632,-7.725928623108746,-2.1753261014600396,0.9412878159468934,0.7849174831758271
1776643200,16.25,16.5,16.25,16.4,6485400,2026-04-20,TPB,2026-04-20,0.9230769230769154,0.3058103975535076,8.609271523178808,-5.475504322766589,-3.2619595351855213,44.31538190777893,16.1725,16.616,17.078625,16.2631486572278,16.494172108827723,1.4067089194620408,-1.2999518536350618,-3.973534169173454,0.8414812264006422,1.5384615384615385,0.9230769230769144,0.0,59.99999999999943,106360559.99999999,8260460.0,12309946.483333332,133813573.0,209213559.155,0.7851136619510294,0.7948413424399032,0.3714285714285713,2.264808362369337,30.77531980168465,32.4446825402131,11.54551806679385,52.272727272727224,21.715,11.32,48.869648869648856,-12.06434316353887,-21.904761904761916,-6.847279316769139,-2.3393494342561554,0.9670225892144365,0.7846657153115272,-6.783164076028569,-1.4072026954459425,0.9447898912732974,0.7879111508773355
1776729600,16.45,16.5,16.25,16.25,6860400,2026-04-21,TPB,2026-04-21,-0.9146341463414531,-1.2158054711246202,2.848101265822778,-6.876790830945556,-4.68090098545283,41.341219448551804,16.195,16.598,17.09511,16.261896404158485,16.48459673201095,0.33961099104662384,-2.09663814917459,-4.9435774323768555,-0.0731550851316598,1.5243902439024393,-1.219512195121947,0.3048780487804992,0.0,111481500.0,8008580.0,12102769.816666666,129988228.0,205461118.32166666,0.8566312629704642,0.8576276614833153,0.35714285714285704,2.197802197802197,26.76318387578761,32.46106856779435,11.485052309944088,47.826086956521706,21.715,11.409,46.97263729866097,-12.868632707774797,-22.619047619047617,-10.69624251069028,-3.6926828564184273,0.968191665185299,0.7852495757199436,-10.535999606414759,-3.1114655783815444,0.9471035185583191,0.7891483287462053
1776816000,16.35,16.35,16.15,16.3,5312400,2026-04-22,TPB,2026-04-22,0.3076923076923199,-0.609756097560965,0.9287925696594534,-5.232558139534871,-2.4827998803469864,40.14272203593845,16.2025,16.576,17.11113,16.265525318048155,16.47735764448111,0.601758987810519,-1.6650579150579103,-4.7403648969997825,0.21194939159814297,1.2307692307692484,-0.3076923076923121,0.6153846153846176,75.0,86592120.0,7674740.0,12066274.816666666,124636555.0,204753718.32166666,0.69219282998512,0.6947570076852654,0.3428571428571428,2.1034180543382996,25.64784980427841,32.35120963873052,11.485052309944088,57.500000000000036,21.715,11.542,46.7708640519021,-12.600536193029477,-22.38095238095238,-11.07887844512172,-3.7400683228342557,0.9585849509531245,0.7838952222446978,-10.680647953173139,-2.5902524069283284,0.9428633561797404,0.7902688822650898
1776902400,16.3,16.65,16.25,16.3,7412000,2026-04-23,TPB,2026-04-23,0.0,0.3076923076923199,2.515723270440251,-6.321839080459757,-4.656059897051934,39.09036607219048,16.2225,16.56,17.12715,16.26880862109119,16.470402442736752,0.4777315456927056,-1.5700483091787287,-4.829466665498927,0.1917250342989174,2.453987730061341,0.0,0.0,12.500000000000222,120815600.0,7705210.0,12067803.15,125269268.0,204644424.655,0.9619465270901117,0.9644472417608443,0.35714285714285704,2.1910604732690615,24.940728237128482,32.249707834295506,10.982240402381736,57.500000000000036,21.715,11.542,46.7708640519021,-12.600536193029477,-22.38095238095238,-11.209552323462324,-5.664814440707899,0.9571723536922054,0.7863551162621861,-10.519308132211535,-3.555253251948709,0.9420410115510132,0.7920282474615885
1776988800,16.35,16.45,16.25,16.3,4051000,2026-04-24,TPB,2026-04-24,0.0,0.3076923076923199,0.3076923076923199,-5.507246376811592,-5.704037949785956,35.49459684123026,16.225,16.55,17.141270000000002,16.271779228606313,16.463719994001977,0.46224961479197635,-1.5105740181268867,-4.907862719623468,0.17343383902403975,1.2269938650306704,-0.30674846625767305,0.30674846625766694,25.000000000000444,66031300.0,7445370.0,12034568.15,121056995.5,204006980.07166666,0.5440965324758877,0.5454562929409561,0.35357142857142826,2.1691498685363695,23.716941869502495,32.20974644698739,10.982240402381736,62.16216216216222,21.715,11.542,46.7708640519021,-12.600536193029477,-22.38095238095238,-10.48200161865871,-4.571812683024479,0.9512107261422759,0.7834522954025475,-10.117060509993923,-2.314384833611216,0.9389863186574159,0.791248969175566
1777334400,16.3,16.4,16.25,16.25,4413200,2026-04-28,TPB,2026-04-28,-0.30674846625767804,-0.9146341463414531,1.8808777429467183,-4.970760233918137,-5.247813411078706,36.58905606455409,16.240000000000002,16.538999999999998,17.15585,16.269705016358092,16.455338817766606,0.061576354679782064,-1.747384968861465,-5.280123106695389,-0.12111477336731458,0.9202453987729974,-0.30674846625767305,0.0,0.0,71714500.0,7409610.0,11957174.816666666,120552821.5,202621033.7383333,0.5956048968839116,0.5948803114492015,0.3321428571428568,2.043956043956042,22.713678249654627,32.17100484402825,9.688798608969284,63.888888888888914,21.715,11.852,44.59089526513231,-12.868632707774797,-22.619047619047617,-10.948888758911888,-6.712890275356087,0.9465077261364219,0.7788060713877241,-10.784140580158063,-5.419517294953047,0.9404622058452167,0.787666483215044
1777420800,16.25,16.4,16.15,16.25,4029500,2026-04-29,TPB,2026-04-29,0.0,0.0,-0.30674846625767804,-5.523255813953487,-2.4024024024023927,35.57483731019522,16.2375,16.528,17.166145,16.267828348133513,16.447286315109093,0.07698229407235857,-1.6819941916747294,-5.336929170760241,-0.1095926742770037,1.5384615384615385,0.0,0.0,40.00000000000057,65479375.0,7042920.0,11900409.816666666,114565700.75,201580875.32166666,0.5721348531574971,0.5715443153696242,0.2892857142857138,1.7802197802197772,21.326881264482296,32.14289047115948,9.688798608969284,38.09523809523806,21.715,11.852,44.59089526513231,-12.868632707774797,-22.619047619047617,-11.032999444167368,-6.812521042033237,0.9440465370715115,0.7795035354294785,-10.864305077301685,-5.665343462724703,0.9398822508858324,0.78896708261506
1777852800,16.25,16.45,16.25,16.3,6862500,2026-05-04,TPB,2026-05-04,0.3076923076923199,0.0,-0.3058103975535187,-3.5502958579881505,-2.102102102102088,36.50448036177873,16.235000000000003,16.507,17.17693,16.270892314977942,16.441510381183246,0.40036957191251776,-1.2540134488398857,-5.105277834863376,0.1788942146415895,1.2307692307692264,0.3076923076923121,0.0,25.000000000000444,111858750.0,6806320.0,11908943.15,110680134.5,201656463.655,1.0082540932545045,1.0106488441247783,0.2857142857142852,1.7528483786152467,21.32706565146007,31.96217905721434,9.688798608969284,52.94117647058828,21.715,11.897,44.846200855571404,-12.600536193029477,-22.38095238095238,-9.180514583867694,-6.387375911900984,0.941825564481685,0.7763180981184624,-8.511671266371456,-4.4260525688682435,0.9338468941872973,0.7856924173189496
1777939200,16.25,16.3,15.95,16.25,11225300,2026-05-05,TPB,2026-05-05,-0.30674846625767804,-0.30674846625767804,1.5625,-2.6946107784431073,-5.797101449275366,36.58905606455409,16.247500000000002,16.489,17.187465,16.26890257069433,16.43400017015645,0.01538698261269733,-1.4494511492510243,-5.454352925227768,-0.11618835758706592,2.14723926380369,0.0,-0.30674846625767804,85.71428571428557,182411125.0,7085080.0,12008648.15,115280610.75,203237347.405,1.5843575513614525,1.5823226803992274,0.26428571428571396,1.6263736263736241,19.834775285807307,31.87863714792917,7.12421243517824,47.05882352941171,21.715,11.897,44.33693216541047,-12.868632707774797,-22.619047619047617,-9.0598669770241,-5.993269716833605,0.93998459981934,0.7786247424664446,-8.11429264324146,-3.3543498546102724,0.9420326714255252,0.7936816672159167
1778025600,16.2,16.3,16.0,16.25,7676800,2026-05-06,TPB,2026-05-06,0.0,-0.30674846625767804,1.5625,-5.523255813953487,-3.8461538461538436,35.57483731019522,16.26,16.464000000000002,17.19776,16.267102325866297,16.42678447720914,-0.06150061500616033,-1.299805636540341,-5.510950263290093,-0.10513443343319606,1.8461538461538505,0.3076923076923121,-0.3076923076923088,83.33333333333314,124748000.0,7262990.0,12029301.483333332,118223130.75,203471035.405,1.0569751576141506,1.0551911390656519,0.257142857142857,1.5824175824175817,19.834775285807307,31.251668755562932,7.12421243517824,43.74999999999989,21.715,11.986,43.82773152430877,-12.868632707774797,-22.619047619047617,-10.738870513764521,-8.921759947269326,0.9262324240094612,0.7829778093537827,-10.191961394447668,-6.685926211675441,0.9290036916010525,0.8002055391240711
1778112000,16.25,16.35,16.05,16.05,10346200,2026-05-07,TPB,2026-05-07,-1.2307692307692242,-1.2307692307692242,1.2618296529968598,-5.588235294117638,-5.02958579881656,32.930263375848945,16.27,16.425,17.20777,16.24642591387903,16.412008615357802,-1.3521819299323834,-2.2831050228310557,-6.7281815133512275,-1.2090407756159216,1.8461538461538505,-1.2307692307692264,0.0,0.0,166056510.0,7545400.0,12077799.816666666,122802791.25,204131692.2383333,1.3711930447689984,1.3522209740489104,0.2535714285714286,1.5798842901646644,20.06127824941398,31.262079032255475,7.540785139043808,27.77777777777783,21.715,11.986,41.77202179052318,-13.94101876675602,-23.571428571428566,-12.709597042087896,-11.262744012634107,0.9171014455701846,0.7725959227309845,-11.963493696220297,-9.31969400060516,0.9140033150102221,0.7863594547642765
1778198400,16.05,16.2,15.95,16.0,12442900,2026-05-08,TPB,2026-05-08,-0.31152647975077885,-1.538461538461533,1.5873015873015817,-6.705539358600577,-3.0303030303030276,32.516150405830714,16.2825,16.384,17.216815,16.222956779223885,16.395851414755537,-1.7349915553508288,-2.34375,-7.067596416642685,-1.3743288739412662,1.557632398753894,-0.31152647975078324,0.0,20.000000000000284,199086400.0,7708150.0,12141969.816666666,125521640.0,204993718.82166666,1.614252447085228,1.5860723298389028,0.2535714285714286,1.5848214285714288,19.94494149589856,31.20133942678373,7.442950721776439,27.77777777777783,21.715,11.986,41.25809435707678,-14.209115281501338,-23.809523809523814,-12.59000566021562,-12.328678213789724,0.9152736913639639,0.7724986091562696,-11.0745704794462,-10.528454825965373,0.9170955931070304,0.7904072169925718
1778457600,16.1,16.1,15.75,15.75,12446900,2026-05-11,TPB,2026-05-11,-1.5625,-3.3742331288343586,-4.545454545454541,-9.482758620689646,-4.545454545454541,28.550440744368256,16.244999999999997,16.326,17.22461,16.17791327644066,16.370523908294537,-3.0470914127423643,-3.528114663726578,-8.561064662712237,-2.645046175787169,2.187500000000009,-2.187500000000009,0.6250000000000089,0.0,196038675.0,7464915.0,12208184.816666666,121041503.75,205803570.07166666,1.6673867016570183,1.6195988064135398,0.26071428571428584,1.655328798185942,10.832873029915993,31.172661971221054,8.609928477542883,25.0,21.715,12.143,37.68282490597576,-15.54959785522787,-25.0,-12.45584707626779,-15.29208413159434,0.9407261753133297,0.7936613981591881,-10.216062154943884,-12.11429785989716,0.9226332570940561,0.8018690383612581
1778544000,15.8,15.85,15.5,15.8,11282100,2026-05-12,TPB,2026-05-12,0.31746031746031633,-2.7692307692307683,-2.7692307692307683,-7.602339181286554,-6.508875739644959,28.028522810145052,16.2225,16.275000000000002,17.231704999999998,16.141921535827265,16.34815042169475,-2.604407458776392,-2.9185867895545448,-8.308551011057796,-2.118220777299429,2.2222222222222197,0.0,0.31746031746031633,85.714285714286,178257180.0,7759140.0,12306539.816666666,125568812.75,207240995.07166666,1.4540400095886916,1.4195975584709826,0.27142857142857163,1.7179023508137443,9.85893824914559,31.01182932706623,7.547467687492272,28.571428571428626,21.715,12.143,38.205181780192234,-15.281501340482562,-24.761904761904763,-12.236720462208162,-14.252325717504132,0.9371860403842698,0.7939436772506561,-10.025589743857521,-11.903425370585119,0.9184164221085931,0.8007085825029643
1778630400,15.8,15.85,15.55,15.6,7045100,2026-05-13,TPB,2026-05-13,-1.2658227848101333,-4.0000000000000036,-4.294478527607371,-7.142857142857151,-9.826589595375722,25.06012506012505,16.1875,16.218999999999998,17.237800000000004,16.090309960986573,16.31881118947143,-3.6293436293436288,-3.816511498859354,-9.501212451705,-3.047237512362444,1.898734177215183,-1.2658227848101333,0.0,16.666666666666373,109903560.0,7667460.0,12276003.15,123827850.25,206587077.07166666,0.918831007921789,0.8875512235584498,0.2750000000000001,1.7628205128205134,10.477248856917623,30.91739286459604,8.205446326403143,13.636363636363782,21.715,12.143,36.11575428332636,-16.353887399463808,-25.71428571428571,-12.772764241893075,-15.281895246178722,0.9377250375113273,0.7902671233103474,-10.27301843207934,-12.28331814306295,0.9175614070909921,0.7986831346065968
1778716800,15.7,16.0,15.6,15.85,11037200,2026-05-14,TPB,2026-05-14,1.6025641025640969,-1.2461059190031265,-3.0581039755351758,-5.654761904761907,-6.4896755162241915,27.064293730960397,16.1625,16.18,17.24419,16.06742329803547,16.300426436943138,-1.9334880123743292,-2.0395550061804713,-8.084983985910622,-1.3531933154587117,2.5641025641025665,0.9615384615384639,0.6410256410256387,62.49999999999994,174939620.0,7822345.0,12377869.816666666,126084290.0,208123681.405,1.410983534988549,1.3874815014622361,0.28571428571428586,1.8026137899954946,12.20401714759614,31.114389201620362,8.205446326403143,33.333333333333385,21.715,12.143,38.72753865440868,-15.013404825737265,-24.523809523809526,-12.523924687774223,-15.37883616878899,0.9420315949904338,0.7927751240636713,-10.482052128376262,-11.860383776151973,0.9219290871051233,0.8003343229199985
1778803200,15.9,15.95,15.7,15.7,2817200,2026-05-15,TPB,2026-05-15,-0.9463722397476393,-1.8750000000000044,-4.559270516717328,-6.547619047619058,-7.374631268436582,19.893088965253902,16.125,16.142,17.249355,16.032430602984473,16.276880302161054,-2.635658914728689,-2.738198488415311,-8.982103968525212,-2.073488488530184,1.5772870662460567,-1.2618296529968522,0.3154574132492094,0.0,44230040.0,7532665.0,12352068.15,121213409.0,207638564.7383333,0.3739977816616032,0.3648939532754169,0.2892857142857142,1.8425841674249315,12.163421877856681,31.164662469852622,8.347488838095355,26.923076923076948,21.715,12.143,37.16046803175929,-15.81769436997319,-25.238095238095237,-12.778795760994067,-16.10104743823951,0.9435852760525998,0.7930240774124823,-9.903597659611162,-11.620431845454661,0.9216940045687965,0.801053352256119
1779062400,15.7,15.7,15.5,15.5,7794500,2026-05-18,TPB,2026-05-18,-1.273885350318471,-1.5873015873015928,-5.487804878048774,-10.662824207492804,-9.620991253644306,19.66339844051572,16.080000000000002,16.106,17.252570000000002,15.981722926509761,16.24641440795866,-3.606965174129362,-3.762572954178578,-10.158312645594258,-3.0142114759773575,1.2738853503184668,-1.2738853503184668,0.0,0.0,120814750.0,7581935.0,12325439.816666666,121670684.5,206936232.7383333,1.0280357191139202,0.9929651542315437,0.27499999999999997,1.7741935483870965,12.71607326346252,30.451175927407835,8.887132664240543,23.33333333333337,21.715,12.143,35.071040534893434,-16.890080428954413,-26.190476190476186,-12.556918809129225,-17.958369188988208,0.9237235003366827,0.7814901360984114,-9.80927714558547,-12.935301592669468,0.9062534662627499,0.7920292538721557
1779148800,15.65,15.7,15.35,15.35,8041100,2026-05-19,TPB,2026-05-19,-0.9677419354838679,-2.848101265822789,-5.5384615384615365,-10.495626822157433,-12.784090909090917,16.792208780339337,16.035,16.072,17.255035,15.921558838270736,16.211260901764206,-4.271905207358905,-4.492284718765549,-11.040458625554805,-3.589842201235205,2.2580645161290303,-1.9354838709677464,0.967741935483879,0.0,123430885.0,7679555.0,12381964.816666666,122895160.0,207664403.4883333,1.047078899753957,1.0043592034055695,0.2857142857142857,1.8613308515588647,12.75264090822985,30.42801602502731,8.925740870672968,21.212121212121247,21.715,12.143,33.50396991224404,-17.694369973190348,-26.90476190476191,-10.654324009131887,-15.94408858535552,0.9331384677623644,0.7902822119969118,-7.976832791347821,-11.040142733626478,0.9132211802115634,0.7996312064774653
1779235200,15.45,15.65,15.15,15.5,13707400,2026-05-20,TPB,2026-05-20,0.9771986970684043,-0.6410256410256387,-4.61538461538461,-11.428571428571432,-9.620991253644306,18.356750152718384,15.997499999999999,16.045,17.254199999999997,15.881410377483046,16.183368317381298,-3.109860915768081,-3.3966967902773537,-10.166799967544115,-2.401615274823554,3.257328990228013,0.32573289902280594,0.6514657980456029,69.99999999999993,212464700.0,8064455.0,12520974.816666666,128635757.5,209640165.155,1.6997304839570684,1.6516768286609578,0.31071428571428583,2.0046082949308763,13.48912354087481,30.175492400816474,8.925740870672968,28.571428571428612,21.715,12.143,35.071040534893434,-16.890080428954413,-26.190476190476186,-9.901626408942732,-16.315391706079673,0.9272521338700107,0.7913602331616703,-6.66909391718381,-11.938815949635107,0.9124666866441337,0.8056455254650591
1779321600,15.6,15.65,15.5,15.6,5920600,2026-05-21,TPB,2026-05-21,0.6451612903225712,-1.577287066246058,-4.8780487804877986,-13.33333333333333,-9.565217391304348,20.435420365938395,15.957500000000001,16.043,17.25934,15.854609389151328,16.160491128464386,-2.2403258655804614,-2.761328928504636,-9.614156740640157,-1.6059013685038925,0.9677419354838732,0.0,0.6451612903225712,66.66666666666627,92361360.0,8036215.0,12040078.15,127935797.5,200747201.155,0.7367398706978348,0.7219352347414726,0.3035714285714287,1.945970695970697,13.206447136355163,29.55743716785498,8.925740870672968,32.43243243243245,21.715,12.143,36.11575428332636,-16.353887399463808,-25.71428571428571,-8.13207276380944,-15.308991079524482,0.9007887764648627,0.7777785003832135,-5.797393343064961,-12.73082328332843,0.898739150063122,0.8075193288552
1779408000,15.6,15.6,15.4,15.55,4716400,2026-05-22,TPB,2026-05-22,-0.32051282051280827,-0.9554140127388422,-4.307692307692301,-13.850415512465375,-9.85507246376811,21.38953942232631,15.922500000000003,16.034000000000002,17.261375,15.825598971136916,16.136550299897156,-2.339456743601831,-3.0185855058001865,-9.914476685663798,-1.7414757674547365,1.2820512820512775,-0.3205128205128137,0.0,75.00000000000044,73340020.0,7929015.0,11536841.483333332,126028723.5,191467262.655,0.5948279830470746,0.5819309913108816,0.3035714285714287,1.9522278364722103,12.974101059326484,29.539734052354532,8.767108600323823,29.72972972972974,21.715,12.143,35.593397409109905,-16.621983914209103,-25.95238095238095,-6.688410941110723,-14.359619740306172,0.8942553095119197,0.7751793610847144,-4.499513261515764,-11.903905528800074,0.8956024771839991,0.8060477553022676
1779667200,15.6,15.7,15.5,15.6,4907800,2026-05-25,TPB,2026-05-25,0.3215434083601254,0.6451612903225712,-4.294478527607371,-16.353887399463808,-9.565217391304348,21.334681496461073,15.8875,16.017,17.26461,15.804113354838162,16.115509111665897,-1.8095987411486991,-2.6034837984641346,-9.641746903057768,-1.2915204431615646,1.2861736334405098,0.0,0.3215434083601254,50.0,76561680.0,7908785.0,10778949.816666666,125527201.5,177083103.2383333,0.6205504385313294,0.6099210297458914,0.2928571428571428,1.8772893772893773,12.981617886295163,28.622967665674963,8.767108600323823,32.43243243243242,21.715,12.143,36.11575428332636,-15.217391304347816,-25.71428571428571,-5.841347638682593,-17.703764610075822,0.9046864039988964,0.8094672104973909,-4.1122931922925385,-14.991696966021841,0.8968683570083438,0.8337977105423974
1779753600,15.6,15.9,15.6,15.8,10799100,2026-05-26,TPB,2026-05-26,1.2820512820512997,2.931596091205213,-3.0674846625766916,-13.89645776566758,-6.784660766961648,22.8902543361593,15.8625,16.012,17.268845,15.803721606758337,16.10313620532606,-0.3940110323089052,-1.3240069947539346,-8.505751253196136,-0.023548926328498254,1.9230769230769278,1.282051282051289,0.0,66.66666666666686,170625780.0,8078140.0,10617909.816666666,128017710.5,173669057.4883333,1.3368300128494925,1.332829491588197,0.2928571428571428,1.853526220614828,14.020696292229404,28.6633766358796,8.767108600323823,39.02439024390246,21.715,12.143,38.205181780192234,-14.130434782608681,-24.761904761904763,-3.806379848530206,-14.137993378870107,0.9177239180378536,0.8174457500796645,-3.2235540838357224,-11.87116087994805,0.9129198602891616,0.8452312118990689
1779840000,15.85,16.3,15.8,16.25,22070600,2026-05-27,TPB,2026-05-27,2.848101265822778,4.8387096774193505,-0.30674846625767804,-11.684782608695643,-6.609195402298839,28.286097734270154,15.86,16.017,17.270329999999998,15.846224310876591,16.108895569823076,2.459016393442637,1.454704376599869,-5.907993651539945,2.5480876781875716,3.164556962025316,2.531645569620255,0.31645569620253333,89.99999999999986,358647250.0,8979120.0,10694448.383333333,142648508.0,174286503.94833332,2.4579914290041787,2.5142026021050286,0.30714285714285705,1.8901098901098896,17.6143891424099,29.335491277201236,8.767108600323823,54.34782608695651,21.715,12.143,42.90639364814041,-8.70786516853933,-22.619047619047617,-1.4474226187108807,-11.371007898937258,0.9053660886876751,0.7886841476657158,-0.8556144415388212,-9.77911994348405,0.9098029610004703,0.8228580466941529
1779926400,16.25,16.25,15.9,15.9,7024400,2026-05-28,TPB,2026-05-28,-2.1538461538461506,1.9230769230769384,-2.1538461538461506,-10.67415730337079,-8.35734870317003,26.000475473492358,15.842499999999998,16.015,17.26602,15.851345805078822,16.10070358669276,0.3629477670822334,-0.7180768029971918,-7.911609044817514,0.30694046751278403,2.1538461538461515,-2.1538461538461515,0.0,0.0,111687960.0,9109680.0,10166676.716666667,144647181.0,164669728.94833332,0.7710918495490511,0.7721405922179707,0.31428571428571417,1.9766397124887682,19.178558424274037,28.925388543207703,10.680572070849442,48.07692307692308,21.715,12.143,39.24989552862515,-9.659090909090917,-24.28571428571429,-1.5050701388342191,-11.625893395673494,0.8936772918627947,0.7816786751587318,-0.11700868936098674,-10.130579036554922,0.9035961650056278,0.816552999694503
1780012800,15.9,16.15,15.85,15.9,10467100,2026-05-29,TPB,2026-05-29,0.0,2.2508038585209,-2.1538461538461506,-9.659090909090917,-8.092485549132956,25.04915454187968,15.825,16.011,17.25885,15.855979537928457,16.092832857802847,0.4739336492891155,-0.6932733745549813,-7.8733519324868055,0.2776268849631336,1.886792452830182,0.0,0.0,16.666666666666963,166426890.0,9431560.0,9927481.716666667,149694556.75,160163329.11499998,1.1097951982492822,1.1117764975111561,0.31071428571428544,1.9541778975741224,19.178558424274037,28.85901105033129,10.680572070849442,53.19148936170213,21.715,12.143,39.24989552862515,-8.092485549132956,-24.28571428571429,-2.6602913294030195,-12.436041392782183,0.9019973159732695,0.7819068470592637,-0.8837930083758772,-11.583708767054013,0.9263364288924422,0.8214464442959588
1780272000,16.0,16.05,15.7,15.7,7151500,2026-06-01,TPB,2026-06-01,-1.2578616352201366,0.6410256410256387,-3.6809815950920366,-9.248554913294804,-7.647058823529418,23.476209201730235,15.795000000000002,16.004,17.24473,15.841124343840033,16.077427647692932,-0.6014561570117261,-1.8995251187203355,-8.957693161910917,-0.8908732787954565,2.201257861635229,-1.8867924528301931,0.6289308176100628,0.0,112278550.0,9446010.0,9544393.333333334,149715546.75,153345193.41666666,0.7570921479016007,0.7499458301914794,0.31071428571428555,1.9790718835304815,19.536877494502424,28.770810611234822,10.805579631078896,47.99999999999997,21.715,12.143,37.16046803175929,-7.917888563049857,-25.238095238095237,-3.1675138540264824,-10.693334841468292,0.905895670213773,0.7905821982197243,-2.4445201284134632,-10.94441441966577,0.9266038650218517,0.824562405642427
1780358400,15.75,15.8,15.55,15.6,7023600,2026-06-02,TPB,2026-06-02,-0.6369426751592355,-1.2658227848101333,-4.0000000000000036,-8.504398826979475,-8.771929824561408,22.689736531655512,15.762499999999998,15.996000000000002,17.230584999999998,15.818160120617172,16.05870499484223,-1.0309278350515316,-2.4756189047261956,-9.463317699312002,-1.3791750681093728,1.5923566878980893,-0.9554140127388558,0.31847133757962887,19.999999999999574,109568160.0,9235925.0,9351171.666666666,146073398.5,149881027.0,0.7604652484726759,0.7500897571024885,0.30714285714285705,1.9688644688644685,19.60030538072786,28.662345032733015,10.758345507533514,50.0,21.715,12.143,36.11575428332636,-7.418397626112771,-25.71428571428571,-1.4195268954849793,-9.497481530420437,0.9000019869792293,0.790279638081658,-1.08163164887074,-10.060432511016614,0.921800083176715,0.8239862690923464
1780444800,15.6,15.9,15.6,15.7,7620800,2026-06-03,TPB,2026-06-03,0.6410256410256387,-3.384615384615386,-3.384615384615386,-6.824925816023752,-9.510086455331423,23.021469989029917,15.735000000000003,15.993999999999998,17.21599,15.80690677579649,16.044638132299397,-0.22243406418813727,-1.8381893209953648,-8.805709111122873,-0.6763295141348324,1.9230769230769278,0.6410256410256387,0.0,33.33333333333314,119646560.0,9233125.0,9239638.333333334,145818326.5,147855625.0,0.8253760238272524,0.8205179888688409,0.29999999999999993,1.9108280254777066,19.816506450610806,28.621981546487895,10.758345507533514,46.66666666666666,21.715,12.143,37.16046803175929,-4.8484848484848575,-25.238095238095237,0.4325377456722679,-9.71941853029653,0.9124479845220543,0.7885501395033412,0.453390663860076,-10.522561030997036,0.9331932748562133,0.8239479747709207
1780531200,15.7,15.95,15.7,15.95,7207400,2026-06-04,TPB,2026-06-04,1.5923566878981,0.3144654088050203,-0.6230529595015688,1.5923566878981,-9.37500000000001,26.396703383786345,15.73,16.011,17.20431,15.820534701911109,16.040926832993538,1.3986013986013957,-0.3809880707013935,-7.29067309296334,0.8183370570480797,1.5923566878980893,1.5923566878980893,0.0,100.0,114958030.0,9076185.0,8885898.333333334,143263402.5,142331937.83333334,0.7941001643311589,0.8024242618417499,0.29999999999999993,1.8808777429467083,20.329205751422894,25.166734084891523,10.682569390190302,55.319148936170215,21.715,12.143,39.772252402841616,-3.3333333333333326,-24.04761904761905,3.4345475769021143,-9.223294423253336,0.869137602020699,0.7124830096285631,4.033288726805006,-9.727847051059957,0.8978041008384654,0.7584662613205672
1780617600,15.95,16.4,15.95,16.2,28615800,2026-06-05,TPB,2026-06-05,1.5673981191222541,1.8867924528301883,1.2499999999999956,1.2499999999999956,-6.896551724137923,29.849310676498853,15.74,16.019000000000002,17.194119999999998,15.85667425411005,16.047164996405556,2.9224904701397714,1.1299082339721433,-5.7817439915505915,2.165181300870578,2.8213166144200583,1.5673981191222572,0.0,55.55555555555565,463575960.0,9884830.0,8991690.0,156487880.5,144119990.5,2.8949208028868476,2.9623761183218273,0.3178571428571428,1.962081128747795,21.05712414613691,25.06725661098377,10.825228650869455,64.58333333333333,21.715,12.381,40.91493464752517,-1.8181818181818188,-22.857142857142865,5.242440102956591,-8.421801661567475,0.8623046287570669,0.7040410434482824,5.482278719034162,-6.878647330371913,0.9235918913059498,0.7494019826257545
1780876800,16.05,16.1,15.8,15.8,10799200,2026-06-08,TPB,2026-06-08,-2.4691358024691246,0.6369426751592355,0.31746031746031633,-3.951367781155002,-8.139534883720923,25.208019652904355,15.742500000000001,16.012,17.17883,15.851276706099569,16.037472251448477,0.3652532952199472,-1.3240069947539346,-8.026332410298032,-0.3234862847346309,1.8518518518518563,-1.54320987654321,-0.9259259259259189,0.0,170627360.0,9802445.0,8821361.666666666,155217314.75,141201098.08333334,1.1016843246761394,1.0992804525372708,0.3214285714285713,2.0343580470162737,22.204322852866987,24.90220365568499,12.354428505825581,58.49056603773588,21.715,12.381,36.62952646239555,-4.242424242424237,-24.761904761904763,5.855313126745465,-7.54961812541598,0.8566768480885499,0.699589692600409,5.399523135089246,-6.431340690347886,0.9183381681897707,0.7457705115073576
1780963200,15.85,16.0,15.75,16.0,5911300,2026-06-09,TPB,2026-06-09,1.2658227848101111,2.564102564102577,1.2658227848101111,-0.31152647975077885,-5.325443786982243,28.24623276691247,15.752500000000001,16.014,17.16597,15.86544082932818,16.036002751391674,1.5711791779082551,-0.08742350443361468,-6.79233390248265,0.8481275252250065,1.582278481012658,0.9493670886075972,0.31645569620253333,100.0,94580800.0,9533905.0,8701491.666666666,151033495.75,139272258.5,0.6200292534905687,0.6262240010424972,0.30357142857142844,1.8973214285714277,22.621187747148362,24.54541331564458,12.354428505825581,59.259259259259274,21.715,12.381,38.77223055496036,-3.0303030303030276,-23.809523809523814,6.949374412814946,-5.192171773121778,0.8403221128037515,0.69136144306153,6.234249782283285,-5.264747256178348,0.9075310900835616,0.7388288237986698
1781049600,15.95,16.15,15.9,15.95,6641500,2026-06-10,TPB,2026-06-10,-0.31250000000000444,1.5923566878981,2.2435897435897356,-0.31250000000000444,-5.621301775147924,27.355477483232193,15.77,16.008000000000003,17.149765,15.873494083677878,16.032630094474353,1.1414077362079889,-0.36231884057973396,-6.995810146669646,0.4819727523053041,1.562499999999989,0.0,-0.31250000000000444,19.999999999999716,105931925.0,9513725.0,8624471.666666666,150834914.0,138034403.91666666,0.6980966971401843,0.7023037451395371,0.31071428571428544,1.9480519480519463,22.120674330653,24.545467269930935,12.097546154603936,56.60377358490566,21.715,12.381,38.236554531819145,-3.3333333333333326,-24.04761904761905,7.22997279852633,-6.648277955949644,0.8404000381145869,0.6895011729066122,6.282718497547391,-6.105011868795862,0.9052771683041878,0.7368045759991364
1781136000,15.85,16.05,15.8,15.85,5464100,2026-06-11,TPB,2026-06-11,-0.6269592476489061,-0.6269592476489061,0.0,-0.9375000000000022,-5.654761904761907,27.043924334722647,15.770000000000001,16.006,17.12782,15.871256551899032,16.025468129985164,0.5072923272035457,-0.9746345120579814,-7.460494096738524,-0.1339311215184713,1.5673981191222572,0.0,-0.6269592476489061,19.999999999999574,86605985.0,9235070.0,8599085.0,146418232.25,137614557.0,0.5916684984520962,0.5914972723624041,0.31428571428571406,1.9828751689950415,21.54735924205793,24.57977958068228,11.94597080069166,55.555555555555536,21.715,12.381,37.16520248553674,-3.9393939393939426,-24.523809523809526,6.58803610565788,-7.162362834497793,0.8423628137209757,0.6904041404517632,5.865746246289794,-6.0260325878715,0.9046690081515654,0.7376941679407089
1781222400,16.05,16.6,16.0,16.35,44500500,2026-06-12,TPB,2026-06-12,3.154574132492116,0.92592592592593,4.140127388535042,1.552795031055898,0.0,31.547188027999052,15.8025,16.007,17.111235,15.916851166003886,16.038194869985748,3.4646416706217487,2.1428125195227077,-4.448743763965601,2.7213223864356983,3.785488958990545,1.8927444794952726,1.2618296529968598,58.333333333333435,727583175.0000001,11319235.0,9234341.666666666,180585889.0,148027608.08333334,3.931405258394229,4.029014553844792,0.35357142857142854,2.1625163826998683,23.922624361644278,25.389595237050276,11.999900756977294,61.90476190476193,21.715,12.381,42.5219627169488,-0.9090909090909038,-22.14285714285713,10.902721060475084,-3.204292948175702,0.8257400746588417,0.6531318157688859,9.32012524280067,-2.2211221893427835,0.9000521847110947,0.7066639987858893
1781481600,16.45,16.6,16.3,16.45,19583400,2026-06-15,TPB,2026-06-15,0.6116207951070152,4.113924050632911,6.129032258064515,2.492211838006231,0.6116207951070152,32.35175798535681,15.849999999999998,16.009,17.088485000000002,15.967627245432087,16.05434409077062,3.785488958990535,2.754700480979433,-3.7363464344557284,3.0209419793783443,1.8348623853211052,0.0,0.6116207951070152,49.9999999999994,322146930.0,11908680.0,9417195.0,190652498.0,151092960.08333334,1.644464373885267,1.6897073648623266,0.35357142857142854,2.149370386452453,23.295485506578142,25.40582668739833,11.761237745782866,60.65573770491802,21.715,12.429,43.30174456170578,-0.303030303030305,-21.666666666666668,12.800920387363146,-2.4954473814029265,0.8273423962682219,0.6543324973241955,10.228486413471405,-2.518382969467936,0.8980236129887845,0.7069415724773157
1781568000,16.6,16.6,16.3,16.45,15322100,2026-06-16,TPB,2026-06-16,0.0,2.8124999999999956,7.166123778501632,2.8124999999999956,-2.083333333333337,30.358982486726372,15.905000000000001,16.018,17.067875,16.01356750777189,16.069860008779617,3.4265954102483454,2.696965913347471,-3.620105021861253,2.725392027830753,1.8237082066869346,-0.911854103343478,0.911854103343468,49.9999999999994,252048545.0,12272730.0,9475195.0,197083381.0,152135875.83333334,1.2484671299702674,1.278892942271982,0.3392857142857143,2.0625271385149806,22.841388279434348,25.394725656251243,11.683728099882735,53.84615384615383,21.715,12.476,43.013313129126516,-0.303030303030305,-21.666666666666668,12.654562979099671,-3.5913655076421414,0.8301848393777647,0.6541743151162799,10.483591533563407,-2.9042819910580997,0.9017047645678048,0.7073861720428488
1781654400,16.45,16.6,16.3,16.45,16106600,2026-06-17,TPB,2026-06-17,0.0,3.1347962382445083,6.129032258064515,4.113924050632911,-0.303030303030305,29.865003552538095,15.9525,16.027,17.05441,16.055132507031708,16.084767459415712,3.1186334430340024,2.639296187683282,-3.544010024386668,2.4594471132228346,1.8237082066869346,0.0,0.0,49.9999999999994,264953570.0,12392690.0,9663295.0,199707824.5,155282344.0,1.2996855404274616,1.326706004951749,0.3357142857142858,2.0408163265306127,22.752370752442317,25.248363199641098,11.683728099882735,62.22222222222221,21.715,12.476,43.013313129126516,-0.303030303030305,-21.666666666666668,11.723236823119422,-5.498227835810311,0.8788127910390994,0.6586792275214148,9.666347309273515,-4.7392953777287685,0.9590783719623982,0.7154013339062861
1781740800,16.45,16.55,16.15,16.2,18062000,2026-06-18,TPB,2026-06-18,-1.5197568389057725,2.208201892744488,3.8461538461538547,7.284768211920523,-2.9940119760479056,28.857779191854927,15.982499999999998,16.034000000000002,17.035645,16.068929411123925,16.08928638257588,1.3608634443923018,1.0352999875264945,-4.905273618932537,0.8156771712827249,2.4316109422492533,-1.5197568389057752,0.0,12.50000000000011,292604400.0,12999760.0,9765478.333333334,209719976.5,157156449.0,1.3894102660356806,1.3952147281496572,0.34285714285714314,2.1164021164021185,23.60803705403399,23.683900694238087,12.244744856621374,55.99999999999998,21.715,12.524,39.99564791644,-1.8181818181818188,-22.857142857142865,7.347674756696909,-7.754479637146505,0.7693521820639749,0.569353392749634,6.819752003499557,-5.705668593455537,0.8884230141163844,0.657641886311981
1781827200,16.2,16.2,16.05,16.2,7920400,2026-06-19,TPB,2026-06-19,0.0,-0.9174311926605672,4.1800643086816525,2.5316455696202445,-3.857566765578646,27.891371279703158,16.015,16.043,17.020455,16.081412324350218,16.093628093063103,1.1551670309085216,0.9786199588605715,-4.820405799962457,0.7374207765957097,0.9259259259259172,0.0,0.0,100.0,128310480.0,13159960.0,9699185.0,212468499.5,156161817.0,0.6018559326928046,0.6039035447699389,0.3285714285714287,2.0282186948853624,23.541748339195358,21.74122188384751,12.3472884678839,60.86956521739131,21.715,12.524,39.99564791644,-1.8181818181818188,-22.857142857142865,6.98221439951181,-10.458439705682121,0.7030172913418757,0.5616756093643941,6.535193527500816,-8.394485401591378,0.8187393567211624,0.65079051938269
1782086400,16.25,16.25,16.0,16.25,10984200,2026-06-22,TPB,2026-06-22,0.30864197530864335,-1.2158054711246202,4.166666666666674,0.6191950464396356,-6.069364161849711,26.3902932254803,16.0475,16.038,17.002655,16.09746829345972,16.099760324707688,1.2618787973204482,1.3218605811198492,-4.426691007963168,0.9475509052703224,1.54320987654321,0.0,0.30864197530864335,100.0,178493250.0,13463780.0,9682435.0,217565078.0,155909611.5,0.8158332949587709,0.8204131455324829,0.3285714285714287,2.0219780219780223,23.54102118025748,21.27669249274245,12.3472884678839,64.44444444444446,21.715,12.524,40.539658361440544,-1.5151515151515138,-22.619047619047617,5.6576291646120875,-11.425263067528002,0.6659044465384305,0.5298619101911799,6.223825917205817,-8.495108458765,0.8065833919127359,0.6308958775186945
1782172800,16.25,16.6,16.1,16.15,14302200,2026-06-23,TPB,2026-06-23,-0.6153846153846287,-1.823708206686936,2.215189873417711,1.5723270440251458,-6.91642651296831,26.54756307788746,16.065,16.035999999999998,16.983880000000003,16.102471313130224,16.101730508052487,0.5291005291005124,0.7109004739336511,-4.909832146717974,0.29516392822894755,3.076923076923077,-0.6153846153846242,0.0,9.999999999999432,230980529.99999997,13638935.0,9807428.333333334,220582815.5,157956598.0,1.0486302632866862,1.047137463888251,0.3428571428571429,2.1229544449358695,23.36284593110635,21.068140570131387,12.24337174569765,59.999999999999986,21.715,12.524,39.45163747143944,-2.121212121212135,-23.095238095238102,3.0187224446157956,-12.072687336108979,0.6467442180112114,0.5162265264052819,3.8316403887291295,-9.809110499589634,0.7869695337923651,0.6130086196786857
1782259200,16.15,16.2,15.95,16.0,8873700,2026-06-24,TPB,2026-06-24,-0.9287925696594312,-2.7355623100303927,-1.538461538461533,-1.538461538461533,-8.045977011494243,25.372198714934967,16.052500000000002,16.03,16.96364,16.092712140451155,16.097741076364155,-0.3270518610808404,-0.18714909544604863,-5.680620432878802,-0.576112588369182,1.5479876160990713,-0.928792569659434,0.0,20.000000000000284,141979200.0,12979090.0,9801193.333333334,209749413.0,157818305.5,0.6836919999784269,0.6768991529907166,0.3428571428571429,2.1428571428571432,21.26560369250431,20.665974187524803,12.204630982320527,51.16279069767444,21.715,12.524,37.81960613643783,-3.0303030303030276,-23.809523809523814,-1.7299864286948186,-13.806515101350115,0.6133548079861141,0.49078333054241746,-0.9297968429916592,-11.893492748488278,0.7490413963875939,0.5855111714178028
1782345600,16.05,16.25,16.0,16.0,5236700,2026-06-25,TPB,2026-06-25,0.0,-1.2345679012345623,0.6289308176100628,0.31347962382446415,-5.882352941176472,25.83562721195438,16.0575,16.023,16.941255,16.08388241278914,16.093908092977326,-0.35808812081582486,-0.1435436559945047,-5.555993342878085,-0.5215308756699288,1.5625,-0.31250000000000444,0.31250000000000444,0.0,83787200.0,12889705.0,9802998.333333334,208354375.0,157851459.16666666,0.406269965061264,0.4021379440676492,0.3285714285714287,2.0535714285714293,19.787937083006486,20.31156273798284,10.695968478656694,44.73684210526317,21.715,12.524,37.81960613643783,-3.0303030303030276,-23.809523809523814,0.6611253584890897,-11.748185057927564,0.5869657383379221,0.4790907952620354,0.3889092156659002,-10.321647754867747,0.7313893195328467,0.5803099726672301
1782432000,16.0,16.2,16.0,16.1,5985600,2026-06-26,TPB,2026-06-26,0.6250000000000089,-0.6172839506172756,1.2578616352201255,-1.2269938650306678,-5.014749262536866,27.101918370569212,16.0675,16.016,16.923659999999998,16.085417421094938,16.094146991291943,0.20227166640736094,0.5244755244755428,-4.8669141308676505,0.09065713697886668,1.2499999999999956,0.6250000000000089,0.0,50.00000000000089,96368160.00000001,12665630.0,9713370.0,204851438.5,156370565.33333334,0.47258604585796365,0.4704295010356982,0.31428571428571445,1.9520851818988474,19.895794411046833,19.84094167204256,10.695968478656694,59.375000000000014,21.715,12.619,38.26956904133687,-2.4242424242424176,-23.33333333333333,0.8060212711720194,-13.016852269679259,0.5735336998902616,0.4784967584519576,0.6815144047914057,-11.009513445920383,0.7101529545249508,0.5737240836848347
1782691200,16.15,16.4,16.15,16.35,10092000,2026-06-29,TPB,2026-06-29,1.552795031055898,0.6153846153846176,4.140127388535042,0.0,-3.2544378698224685,29.566526666138373,16.1,16.015,16.913265,16.11061576194304,16.104180442613828,1.552795031055898,2.091788947861395,-3.330314992403882,1.4858788862834205,1.5527950310559004,1.2422360248447382,0.31055900621115295,80.00000000000114,165004200.0,12812655.0,9688328.333333334,207487721.0,155961134.08333334,0.7876587639330022,0.7952480233758026,0.3178571428571428,1.9440803844473564,19.909364427892722,20.08947621558043,10.311581245107822,60.60606060606063,21.715,12.619,41.018029903254195,-0.9090909090909038,-22.14285714285713,3.574674755358198,-8.9281414973017,0.5502582641717564,0.4491988161003558,3.407357286359347,-7.65103338632751,0.7225241718885675,0.5644301506115739
1782777600,16.35,16.65,16.25,16.6,32664421,2026-06-30,TPB,2026-06-30,1.5290519877675823,2.786377708978338,6.410256410256432,3.750000000000009,-3.206997084548091,30.07365616674502,16.15,16.022000000000002,16.903644999999997,16.157223784615134,16.12362434682505,2.786377708978338,3.6075396330046194,-1.796328543340775,2.740422620168692,2.4464831804281255,1.5290519877675839,0.0,87.50000000000067,542229388.6,14094696.05,10138567.016666668,229120782.43,163491597.22666666,2.317497368096845,2.3665657163407237,0.32857142857142857,1.9793459552495694,20.169438254242223,19.819107898709518,10.328835741533444,67.56756756756761,21.715,12.667,43.46816976127323,0.0,-20.952380952380945,4.573927316430648,-5.9967577677865425,0.5344861402906028,0.4409269706183383,5.258704704469785,-3.9521462609080293,0.6859951745970951,0.5429463869545941
1782864000,16.6,16.75,16.5,16.75,21976800,2026-07-01,TPB,2026-07-01,0.9036144578313143,4.6875,6.687898089171984,4.6875,-2.046783625730997,31.734172237514755,16.202499999999997,16.032,16.895965,16.213678662270837,16.14818809792995,3.3791081623206543,4.478542914171646,-0.8639044884385161,3.3078325338788295,1.506024096385542,0.9036144578313166,0.0,100.0,368111400.0,14812496.05,10436203.683333334,241544024.43,168528493.89333335,1.483666218429135,1.5239929899680855,0.32857142857142857,1.9616204690831558,20.2464712306401,19.89205966139368,10.328835741533444,73.6842105263158,21.715,12.667,45.12599469496021,0.0,-20.238095238095234,4.038105069892262,-6.189320028027833,0.5415805294026245,0.4430014629907047,4.725475320003536,-4.886742284059785,0.7003912380429825,0.5503082191271753
1782950400,16.8,16.8,16.4,16.5,9887100,2026-07-02,TPB,2026-07-02,-1.4925373134328401,3.125,3.4482758620689724,4.100946372239744,-0.6024096385542244,29.29007992477668,16.229999999999997,16.034000000000002,16.88489,16.240947361102187,16.161984643109168,1.6635859519408713,2.9063240613695696,-2.2794936774832353,1.5950586695346214,2.38805970149255,-1.7910447761194073,0.29850746268658135,25.00000000000022,163137150.0,14946481.05,10522688.683333334,243952980.43,170006391.39333335,0.6615001863599191,0.6687237422246237,0.30357142857142855,1.8398268398268396,20.656368043960764,20.04573107900428,11.042671686927283,54.54545454545451,21.715,12.762,41.75136825645035,-1.4925373134328401,-21.42857142857143,1.5482458328587523,-7.323599445944228,0.5396047910067877,0.43635578431474814,2.09882648786035,-5.30899236159279,0.7055556384042386,0.5505413786506421
1783036800,16.5,16.6,16.35,16.55,7418900,2026-07-03,TPB,2026-07-03,0.3030303030303161,2.795031055900621,2.1604938271605034,5.0793650793650835,-2.9325513196480912,29.195940671350517,16.2475,16.04,16.87478,16.270380945759122,16.177200931614692,1.861824896137887,3.179551122194524,-1.9246473139205356,1.718577181278369,1.5151515151515151,0.3030303030303073,0.0,79.99999999999972,122782795.0,13886636.05,10493205.35,226913322.18,169640947.56,0.534247457288261,0.5410999839956598,0.29999999999999993,1.8126888217522654,20.005454196724582,19.9966170327568,11.042671686927283,53.12500000000005,21.715,12.81,41.99887703537339,-1.1940298507462699,-21.190476190476183,0.8999576370468665,-5.921266798265257,0.5363162373973122,0.4353553829241233,1.3408712160482672,-3.6986637751456053,0.7024673247258665,0.5504929384528532
1783296000,16.65,16.65,16.1,16.2,9645700,2026-07-06,TPB,2026-07-06,-2.114803625377648,-0.9174311926605672,2.5316455696202445,-1.8181818181818188,-7.163323782234954,25.53273924835335,16.2675,16.038,16.86149,16.26367799854397,16.17809501272784,-0.4149377593360981,1.0101010101009944,-3.923081530754402,-0.391535042378921,3.3232628398791366,-2.7190332326283944,0.6042296072507503,18.18181818181789,156260340.0,13828961.05,10365440.35,226194971.18,167484596.56,0.6974999759652949,0.6908214589600762,0.31785714285714256,1.9620811287477935,19.429787756376456,18.00154648005985,10.200885076140198,43.589743589743605,21.715,12.857,37.739896139083314,-3.2835820895522394,-22.857142857142865,-0.4266963738266627,-6.7682259387590875,0.329986104160227,0.2455324322201874,-0.27193351144603195,-4.9305427070430845,0.5479664061660465,0.3720795401090999
1783382400,16.25,16.3,16.1,16.2,5916800,2026-07-07,TPB,2026-07-07,0.0,-2.4096385542168752,1.2499999999999956,-0.3076923076923088,-8.21529745042493,25.067551918474496,16.2775,16.035999999999998,16.848915,16.257613427254068,16.178954031836554,-0.4761173398863505,1.0226989274133347,-3.851375593027817,-0.3543781349695907,1.2345679012345634,-0.3086419753086464,0.30864197530864335,49.99999999999911,95852160.0,13829236.05,10374093.683333334,226258539.18,167620282.56,0.4278472056307116,0.4236399666831792,0.31071428571428533,1.917989417989416,18.96418721773108,17.73135750571969,10.200885076140198,43.589743589743605,21.715,12.905,37.40068104426788,-3.2835820895522394,-22.857142857142865,-1.8285533030311552,-6.732019184261395,0.29655891110392274,0.22004377517771925,-1.003678429443844,-4.532213328470281,0.5210744182906433,0.3552714342933521
1783468800,16.2,16.5,16.2,16.3,11505800,2026-07-08,TPB,2026-07-08,0.6172839506172867,-2.686567164179099,2.1943573667711602,0.0,-7.386363636363635,24.465485644471595,16.294999999999998,16.036,16.83851,16.26165024370606,16.183700932548845,0.03068425897516658,1.6462958343726575,-3.198085816381613,0.23582942517645922,1.8518518518518563,0.6172839506172928,0.0,33.33333333333373,187544540.0,14072451.05,10417878.683333334,230339169.93,168333978.06,0.8176116555047459,0.8142103666388775,0.30357142857142805,1.8624014022786997,19.003337146765915,17.76554885162234,10.288465075415255,52.77777777777781,21.715,13.096,37.17368604246433,-2.686567164179099,-22.38095238095238,-0.5771524657407268,-5.92571428571429,0.2974433677645766,0.21917512878748396,0.28356831849403186,-3.6411631392520682,0.5224804735844576,0.35353965307172974
1783555200,16.25,16.45,16.15,16.2,6449600,2026-07-09,TPB,2026-07-09,-0.613496932515345,-1.8181818181818188,2.208201892744488,-0.9174311926605672,-10.989010989010994,23.70189370800244,16.3125,16.035,16.829745,16.25577879192453,16.18434011166458,-0.6896551724137945,1.0289990645462987,-3.741857051310049,-0.34313208021901076,1.8404907975460165,-0.30674846625767305,-0.30674846625767804,16.666666666666863,104483520.0,14121726.05,10393047.016666668,231233046.68,167911856.31,0.4567147087519092,0.45185375317306264,0.31428571428571395,1.9400352733686048,18.996421155005702,17.799113538090126,10.284027348596144,50.0,21.715,13.096,36.01345863789302,-3.2835820895522394,-22.857142857142865,-0.1319385490411218,-5.564495366945366,0.30288447445376204,0.22399888084892472,0.1627846954231016,-4.10854488874397,0.529993848370421,0.3598187180203585
1783641600,16.2,16.25,15.95,15.95,7734900,2026-07-10,TPB,2026-07-10,-1.5432098765432056,-3.625377643504535,-2.4464831804281495,-3.039513677811545,-10.89385474860335,18.358563371920432,16.2925,16.029,16.82092,16.226657002217433,16.175150303364006,-2.102194261163115,-0.4928566972362658,-5.177600273944593,-1.7049537817902194,1.8518518518518563,-1.54320987654321,0.0,0.0,123371655.0,12283446.05,10378448.683333334,201022470.68,167607256.22666666,0.6297011415619804,0.613720717801696,0.31785714285714256,1.9928347514554394,16.133481858463398,18.024504542687307,10.993531069897431,42.857142857142854,21.715,13.238,31.99245015925445,-4.7761194029850795,-24.04761904761905,-4.494316183525848,-6.006877741675476,0.31838168441630915,0.2318359333221402,-3.807342280594783,-4.286334977033235,0.5543126174313351,0.3696892280424049
1783900800,15.9,15.95,15.35,15.55,14668100,2026-07-13,TPB,2026-07-13,-2.507836990595602,-4.012345679012341,-5.4711246200607855,-5.1829268292682755,-11.142857142857142,16.61916904154792,16.247500000000002,16.014,16.808190000000003,16.162213478196726,16.15063460519287,-4.292968148945997,-2.897464718371412,-7.485576971702502,-3.7879308983427173,3.7617554858934152,-2.194357366771158,-0.31347962382444194,33.333333333333535,228088955.0,12037681.05,10509432.016666668,196319571.93,169547584.81,1.218515421622672,1.1618248387446959,0.3249999999999997,2.090032154340834,17.957045684663186,18.71244978557204,13.066703475839,37.50000000000006,21.715,13.381,26.025917926565885,-7.164179104477608,-25.95238095238095,-5.539484157883612,-5.176817924150668,0.4153774533493855,0.2931169515844051,-4.31748228994786,-4.07362829745751,0.637963693633388,0.421138035426883
1783987200,15.55,15.65,15.3,15.5,7153700,2026-07-14,TPB,2026-07-14,-0.3215434083601365,-4.320987654320985,-5.775075987841937,-4.61538461538461,-10.91954022988505,9.224156155309693,16.2,15.998999999999999,16.79426,16.099145527892276,16.12511952263629,-4.320987654320985,-3.1189449340583764,-7.70656164665785,-3.721598310011154,2.250803858520898,-0.3215434083601332,0.0,57.142857142857,110882350.0,11629261.05,10527182.016666668,189261262.18,169746601.06,0.6151465659978456,0.5858692303052673,0.3321428571428568,2.1428571428571406,17.92802738919816,18.639041498966456,12.930858080618979,39.13043478260871,21.715,13.857,20.90862814965641,-7.462686567164178,-26.190476190476186,-5.702617831044698,-3.890042138340066,0.44644957838331145,0.31229148775249355,-5.054227498664865,-2.9414675078810344,0.6707427629781508,0.4399878669395823
1784073600,15.55,15.55,15.25,15.3,7420954,2026-07-15,TPB,2026-07-15,-1.2903225806451535,-6.134969325153373,-6.990881458966558,-5.846153846153845,-12.06896551724137,8.180725447217707,16.1425,15.98,16.777185,16.023036429997774,16.092761894297613,-5.219142016416278,-4.255319148936165,-8.804724988131197,-4.512480722094159,1.9354838709677464,-1.6129032258064515,0.3225806451612856,16.666666666666863,113540596.2,11194978.75,10550707.916666666,181690613.49,170011398.49666664,0.66288236589998,0.624911733297929,0.3357142857142854,2.194211017740427,18.232817332678156,18.804613808848945,12.970548091922463,36.000000000000036,21.715,13.857,18.363451259862575,-8.656716417910449,-27.142857142857135,-5.6576957652449185,-3.917330455937184,0.46651792493330185,0.33058401182907876,-4.889888699012124,-2.22160590866548,0.6821995147422899,0.45611112192723685
1784160000,15.25,15.5,15.05,15.4,14125400,2026-07-16,TPB,2026-07-16,0.6535947712418277,-4.93827160493826,-4.93827160493826,-6.097560975609751,-11.239193083573495,8.887789012232194,16.1025,15.967,16.7618,15.963699627140842,16.065594761187903,-4.36267660301195,-3.551074090311268,-8.124425777661115,-3.5311340122089363,2.94117647058823,0.9803921568627474,-0.326797385620925,77.77777777777783,217531160.0,10998148.75,10678041.25,177936951.49,171864241.82999998,1.2843434218872518,1.2225181907324358,0.35357142857142826,2.2959183673469368,18.022919007942566,18.75042474706036,12.734536040677716,35.999999999999986,21.715,13.857,19.636039704759494,-8.059701492537307,-26.66666666666666,-3.5053063009452985,-4.308337684679986,0.4580227684286939,0.32684817083430134,-3.638467820918178,-2.7432225851347085,0.6670894136997836,0.45155944062619435
1784246400,15.5,15.5,15.2,15.2,3539600,2026-07-17,TPB,2026-07-17,-1.2987012987013102,-4.702194357366773,-6.172839506172845,-6.4615384615384635,-12.893982808022919,7.11014022972305,16.052500000000002,15.951,16.748275,15.890966329317905,16.0316498685923,-5.310699268026808,-4.708168766848486,-9.244384869486566,-4.348170620959113,1.9480519480519525,-1.9480519480519525,0.6493506493506551,0.0,53801920.0,10779108.75,10622694.583333334,174211523.49,170902915.49666664,0.3283759429553951,0.30883100567735006,0.35357142857142854,2.3261278195488724,18.37326189210699,18.83818936468059,12.795913989889396,26.530612244897938,21.715,14.0,15.554115359688907,-9.253731343283588,-27.61904761904762,-4.140535296321546,-3.9510120309256385,0.4717083433120544,0.3381450813768311,-4.54722901100334,-2.7033424753296513,0.6770221196439548,0.4574039298851522
1784505600,15.15,15.2,14.45,14.55,11497600,2026-07-20,TPB,2026-07-20,-4.2763157894736725,-6.430868167202575,-10.461538461538456,-10.73619631901841,-15.406976744186041,3.5734624145785876,15.967500000000001,15.927,16.73126,15.763255250335249,15.973545952176917,-8.877407233442936,-8.64569598794499,-13.037033672299625,-7.69673034577959,4.934210526315789,-3.947368421052629,-0.3289473684210509,13.333333333333522,167290080.0,10804778.75,10725781.25,173651364.99,172247881.49666664,1.0641217433536063,0.9633674921566765,0.3785714285714286,2.6018654884634267,22.956632664645205,20.663921631475908,17.943462991198942,14.03508771929826,21.715,14.0,7.1289695398574295,-13.134328358208947,-30.714285714285715,-4.30408196472214,-4.6095608804785915,0.6318321288802707,0.4310262285700314,-5.774472460821324,-3.918317469797749,0.8218548774326713,0.5314078738420912
1784592000,14.4,14.75,14.4,14.55,6349100,2026-07-21,TPB,2026-07-21,0.0,-6.129032258064515,-9.907120743034048,-10.73619631901841,-16.37931034482758,2.529772390952001,15.8875,15.901999999999997,16.714245000000002,15.647707131255702,15.917720620718999,-8.4185680566483,-8.502075210665305,-12.948505900206687,-7.015130856220287,2.405498281786939,1.0309278350515487,-1.0309278350515538,42.857142857143,92379405.0,10407123.75,10708066.25,166721308.74,171773944.91333333,0.6100724996183504,0.5540947686780976,0.38571428571428573,2.6509572901325478,23.033956920546643,20.663921631475908,18.181630850529274,9.259259259259323,21.715,14.096,5.958787242420273,-13.134328358208947,-30.714285714285715,-2.49796952101633,-3.261699430718834,0.6298825520945314,0.42844332994652856,-4.203203184190473,-3.652817712382495,0.8199638007300951,0.5303982272194587
1784678400,14.55,14.75,13.9,14.1,17492600,2026-07-22,TPB,2026-07-22,-3.0927835051546504,-7.843137254901967,-11.875000000000002,-13.496932515337434,-18.260869565217398,-0.6412514974279526,15.792499999999999,15.872,16.69284,15.500306452088493,15.846437459122177,-10.717112553427254,-11.164314516129037,-15.532647530318389,-9.034056561506354,5.841924398625427,-3.0927835051546464,0.0,23.52941176470581,246645660.0,10838068.75,10932092.916666666,171954631.74,174784184.24666664,1.6139960359635106,1.4343647362342342,0.4178571428571427,2.9635258358662604,24.770907097729047,21.5034090186398,19.89614000358473,8.62068965517247,21.715,13.9,2.559181062060132,-15.820895522388057,-32.85714285714286,-0.7201667181393141,-3.5276346720425344,0.6821859761770463,0.49707641839240324,-2.758764893167175,-4.323313877758018,0.861821970136669,0.5806953330612543
1784764800,13.9,14.2,13.75,14.0,15575200,2026-07-23,TPB,2026-07-23,-0.7092198581560294,-9.090909090909093,-12.5,-13.846153846153841,-18.128654970760238,-2.6493289757318683,15.692499999999999,15.835,16.673315,15.35742012331816,15.774028146999738,-10.785407041580363,-11.588253868013897,-16.033494239147995,-8.838855175011473,3.1914893617021227,0.7092198581560258,-1.4184397163120477,55.55555555555565,218052800.0,11354993.75,11118126.25,178667911.74,177223155.91333333,1.3716608166340911,1.2204362712724455,0.43214285714285694,3.0867346938775495,24.663786518081704,21.525168992897513,19.614881825072935,6.779661016949177,21.715,13.75,3.1387319522912747,-16.417910447761198,-33.333333333333336,-3.713964048586483,-4.439168175734197,0.6432818853373145,0.4769178335849518,-4.553356745916936,-4.240980925609106,0.8772139741037818,0.5822460980321245
1784851200,13.95,14.35,13.75,14.2,12197200,2026-07-24,TPB,2026-07-24,1.4285714285714235,-6.578947368421051,-11.801242236024855,-12.615384615384617,-17.441860465116278,-1.2586051039566115,15.5975,15.805,16.655265,15.247189635383098,15.71230155299975,-8.959769193781064,-10.15501423600127,-14.741674779716806,-6.8680829741433636,4.285714285714283,1.7857142857142856,-0.357142857142867,74.99999999999993,173200240.0,11665573.75,11254254.583333334,182509515.74,179018503.66333333,1.0455722334274387,0.9489929294795684,0.43571428571428567,3.0684104627766597,25.371195965908043,21.790387538850535,19.614881825072935,14.285714285714292,21.715,13.75,5.649717514124284,-15.223880597014928,-32.38095238095239,-1.8755513641346404,-3.554924014554029,0.6363242456415427,0.4636073944622213,-2.8789741547530987,-3.054638106918416,0.8577550720685853,0.5619849200944373
1785110400,14.4,14.45,13.9,13.9,6261500,2026-07-27,TPB,2026-07-27,-2.1126760563380254,-4.467353951890041,-14.984709480122326,-14.723926380368102,-17.751479289940818,-4.611583859456481,15.475,15.773,16.63024,15.118885860584708,15.641230903862505,-10.177705977382868,-11.874722627274448,-16.41732169830381,-8.062008482796813,3.873239436619711,-3.5211267605633805,1.4084507042253502,0.0,87034850.0,11474048.75,11244237.916666666,178611048.24,178604771.99666664,0.5457097260459173,0.4872870455530338,0.4607142857142857,3.314491264131551,24.542644183870067,22.104621934957986,19.67262802298692,12.90322580645163,21.715,13.75,1.883239171374769,-17.014925373134325,-33.80952380952381,-4.959749507723853,-4.743127484970977,0.6542026733584879,0.47264133825652366,-5.116377053178123,-4.393442219583443,0.8823026857890833,0.5764462084872407
1785196800,13.9,14.2,13.8,14.05,8165700,2026-07-28,TPB,2026-07-28,1.0791366906474753,-3.436426116838487,-15.361445783132533,-13.538461538461533,-15.86826347305389,-4.2067225744869425,15.347500000000002,15.746999999999998,16.608345,15.017087207195688,15.578829691946328,-8.454145626323516,-10.776655870959528,-15.40397312314984,-6.439912040547324,2.8776978417266084,1.0791366906474844,0.0,62.50000000000022,114728085.0,10249112.7,11193244.583333334,157235983.06,177476721.32999998,0.796722627510965,0.7296554056346038,0.46785714285714264,3.3299440772750364,24.023581088827367,22.27273765537895,19.67262802298692,14.285714285714278,21.715,13.75,3.766478342749538,-16.119402985074625,-33.09523809523809,-5.716873979755123,-3.178699424159049,0.6854005543472845,0.48763714333385816,-6.775027916809263,-3.3062123626508733,0.9106417626599654,0.5919512063514306
1785283200,14.05,14.15,14.0,14.1,4506100,2026-07-29,TPB,2026-07-29,0.3558718861209842,0.0,-15.820895522388057,-13.230769230769235,-18.023255813953487,-5.095241300397113,15.215,15.719,16.586225,14.929745568415147,15.520836370693532,-7.328294446270133,-10.299637381512817,-14.98969777631739,-5.557667172644443,1.0676156583629919,0.35587188612098886,0.0,66.66666666666627,63536010.0,9375577.7,11140399.583333334,142007213.56,176456521.49666664,0.48062105015672796,0.447413961637626,0.4571428571428569,3.242147922998985,23.57706237237292,22.30052362486314,19.67262802298692,16.129032258064484,21.715,13.75,4.39422473320778,-15.820895522388057,-32.85714285714286,-7.11646484774514,-3.3682480801770165,0.6801485173133529,0.489351546887863,-7.663843842352291,-3.281952384644983,0.9070630941630476,0.5941161153983361
1785369600,14.05,14.45,14.05,14.4,7989100,2026-07-30,TPB,2026-07-30,2.1276595744680993,2.857142857142869,-12.72727272727272,-10.280373831775702,-15.294117647058824,-3.0759911152991815,15.110000000000003,15.695,16.562985,14.879293609518466,15.476882003215355,-4.6988749172733435,-8.251035361580117,-13.059149664145686,-3.2212121226766866,2.8368794326241034,2.482269503546097,-0.35460992907800915,87.50000000000023,115043040.0,9280677.7,11101114.583333334,139602508.06,175606296.99666664,0.860831531731783,0.8240757390301,0.4642857142857139,3.2242063492063466,25.671007048210665,22.71286078523219,19.957440954043058,25.396825396825392,21.715,13.75,8.160703075957318,-14.029850746268657,-31.428571428571427,-6.207059476810594,-1.6711994429563717,0.7339733481606352,0.5397829808146349,-6.616393899573923,-1.0056876694939483,0.9839301706555923,0.649761161316115
1785456000,14.5,14.7,14.1,14.1,10522700,2026-07-31,TPB,2026-07-31,-2.083333333333337,-0.7042253521126751,-14.803625377643515,-11.875000000000002,-17.784256559766764,-10.00191485287547,14.9875,15.665999999999999,16.54015,14.805075170516709,15.422886630540242,-5.921601334445381,-9.996170049789344,-14.752889181778883,-4.762388318843646,4.166666666666664,-2.77777777777778,0.694444444444442,0.0,148370070.0,9435867.7,11069111.25,140881871.81,174761024.82999998,1.1151809599873894,1.0531523189874914,0.4642857142857139,3.292806484295843,25.873280139416877,23.04762745940653,19.951262020959316,26.229508196721298,21.715,13.75,4.39422473320778,-15.820895522388057,-32.85714285714286,-8.020887793866239,-2.4987437153135,0.7465208836369785,0.5405928440050517,-8.287466061568095,-2.136130343384478,0.9985337539095218,0.6519374402581157
1785715200,14.25,14.6,14.2,14.4,11241900,2026-08-03,TPB,2026-08-03,2.1276595744680993,3.597122302158273,-11.111111111111105,-8.571428571428575,-17.24137931034482,-1.1803458687894564,14.897500000000003,15.641999999999998,16.519530000000003,14.76649658284845,15.382773429342587,-3.3394864910220035,-7.9401611047180465,-12.830449776718844,-2.481946755563824,2.8368794326241162,1.0638297872340452,1.0638297872340496,50.00000000000022,161883360.0,9515677.7,11049027.916666666,141163022.81,174191769.57999998,1.1814082353798092,1.1467830369280827,0.47499999999999964,3.2986111111111085,27.32338932286665,23.354612357629957,19.934300326831238,33.33333333333333,21.715,13.75,8.160703075957318,-14.029850746268657,-31.428571428571427,-6.735738179188134,-1.5727474846440774,0.7628579048295324,0.5537247937776875,-7.423720660558409,-2.5523451070005647,0.9888397233761036,0.6630078602869954
1785801600,14.4,14.55,14.35,14.55,7492500,2026-08-04,TPB,2026-08-04,1.041666666666674,3.558718861209975,-10.185185185185174,-7.911392405063289,-14.912280701754387,-3.916000792445351,14.814999999999998,15.617,16.50085,14.745877860672408,15.35011564779974,-1.788727640904464,-6.8322981366459645,-11.82272428390052,-1.3283567280508835,1.3888888888888962,1.041666666666669,0.0,100.0,109015875.0,9594462.7,10985867.916666666,141821208.56,173037747.82999998,0.7809191858132921,0.7686852770957658,0.4678571428571425,3.2155130093274398,27.858067171140792,23.461923312946055,19.934300326831238,38.46153846153846,21.715,13.75,10.043942247332087,-13.134328358208947,-30.714285714285715,-6.342631418108213,-1.3956909690525654,0.7683891306585844,0.5580469691118534,-6.750160559826313,-1.7467454043768154,0.9989306152066356,0.6654750307835948
1785888000,14.55,15.05,14.55,14.75,20657300,2026-08-05,TPB,2026-08-05,1.3745704467353903,4.6099290780141855,-9.509202453987731,-5.448717948717952,-12.202380952380953,-1.3575871062663003,14.7375,15.587,16.48079,14.746270445370275,15.326581700827202,0.08481764206953457,-5.369859498299867,-10.501863078165542,0.025291511121694477,3.4364261168384878,1.3745704467353903,0.0,39.99999999999986,304695175.0,10052037.7,11212737.916666666,147678740.31,176284274.74666664,2.055036064976159,2.0632297808093347,0.47142857142857114,3.196125907990313,28.392985896712037,23.53815929043379,19.934300326831238,40.29850746268656,21.715,13.75,12.554927809165099,-11.940298507462687,-29.761904761904766,-5.3424009219167345,0.9731070906579324,0.7690712283633663,0.5567433798436217,-5.428019130995798,0.7479730388475607,0.9787344382001272,0.6500727653403998
1785974400,14.75,14.75,14.45,14.5,6257200,2026-08-06,TPB,2026-08-06,-1.6949152542372836,0.694444444444442,-10.493827160493819,-8.517350157728709,-13.690476190476197,-3.0294924095499165,14.652499999999998,15.559000000000001,16.45924,14.722816117239773,15.294166732167312,-1.0407780242279396,-6.806350022495023,-11.90358728592572,-1.5134069152630714,2.0338983050847506,-1.694915254237288,0.0,16.666666666666863,90729400.0,10042417.7,11133071.25,146991034.31,174880771.07999998,0.6230770504596718,0.6172444491318717,0.47142857142857114,3.251231527093594,28.716534242893832,23.499962189085878,20.030983525978908,39.70588235294118,21.715,13.75,9.416195856873824,-13.432835820895528,-30.952380952380953,-6.369309314022365,-0.1723313050908999,0.7663503774862008,0.5469682648517213,-6.2504787801827115,-0.5008947430077839,0.9800654329608586,0.643796072857519
1786060800,14.45,14.65,14.35,14.6,4801500,2026-08-07,TPB,2026-08-07,0.6896551724137945,3.546099290780136,-8.463949843260188,-7.006369426751591,-13.095238095238104,-8.481163417539017,14.584999999999999,15.533000000000001,16.44057,14.711119344169319,15.266944507376438,0.1028453890983938,-6.006566664520707,-11.195293107234129,-0.7553425512339507,2.0689655172413843,1.0344827586206922,-0.34482758620689724,83.33333333333314,70101900.0,9895747.7,11166142.916666666,144327546.56,175311968.74666664,0.48520840926451675,0.4857139310606736,0.43928571428571406,3.008806262230918,28.77269179333346,23.498608497016797,20.27105727210131,50.877192982456116,21.715,13.75,10.671688637790329,-12.835820895522387,-30.476190476190478,-5.1669700692575375,0.9838470595098565,0.7683665165497162,0.5488539338515857,-5.433231665039951,-0.20390378288497324,0.9815348877649489,0.6433705779132586
1786320000,14.6,14.85,14.55,14.75,12963800,2026-08-10,TPB,2026-08-10,1.0273972602739656,2.430555555555558,-5.1446945337620615,-4.8387096774193505,-14.98559077809799,-12.003340890108582,14.544999999999998,15.514000000000001,16.42884,14.714822263772241,15.246672173753833,1.4094190443451504,-4.9245842464870515,-10.218859030826287,0.2390632764512901,2.054794520547938,1.0273972602739752,0.0,66.66666666666666,191216050.0,9810532.7,11252297.916666666,142483901.31,176485323.74666664,1.3214165220610294,1.3420186297676833,0.43571428571428544,2.9539951573849863,28.108056859801877,23.485115318028253,19.69306001596257,53.33333333333332,21.715,13.75,12.554927809165099,-11.940298507462687,-29.761904761904766,-3.824535026058817,3.0023019723207867,0.7851304337055125,0.5619019964166743,-4.388962102221328,1.0834842562290063,0.9839674968671889,0.649383975603566
1786406400,14.75,14.9,14.7,14.7,5886047,2026-08-11,TPB,2026-08-11,-0.3389830508474634,1.0309278350515427,-5.161290322580648,-4.234527687296419,-14.28571428571428,-15.19556940117688,14.504999999999999,15.495999999999999,16.41567,14.713410619603456,15.225234049292899,1.3443640124095158,-5.136809499225603,-10.451416238265022,-0.09114555387714773,1.3559322033898378,-0.33898305084746244,0.0,0.0,86524890.89999999,9747150.05,11216380.366666667,141266028.355,175870223.84499997,0.6038736420190843,0.6124960962487307,0.3892857142857141,2.6482021379980556,28.10872444675293,23.4179198240636,19.687019987202067,61.53846153846153,21.715,13.75,11.927181418706834,-12.238805970149258,-30.000000000000004,-3.322507616658566,3.0589958603503886,0.7814856654366908,0.5591045678843692,-3.9521806342873838,0.9404458015689121,0.982952158158878,0.6465517867868434
1786492800,14.7,14.8,14.6,14.7,3025400,2026-08-12,TPB,2026-08-12,0.0,-0.3389830508474634,-3.9215686274509887,-5.161290322580648,-16.000000000000004,-20.64348952709999,14.475,15.476,16.402739999999998,14.71213341773646,15.204636635595138,1.5544041450777257,-5.0142155595761295,-10.380826617991868,-0.08247218395825984,1.3605442176870821,0.0,0.0,49.99999999999956,44473380.0,9527372.35,11038347.033333333,137812667.54500002,173070368.51166666,0.3175482062480743,0.3227089410012189,0.3714285714285714,2.5267249757045676,27.8470158098451,23.318240330331324,19.832042713300808,63.999999999999986,21.715,13.75,11.927181418706834,-12.238805970149258,-30.000000000000004,-4.54217778957251,1.113438800420763,0.7634752131401745,0.5547278325630118,-4.9867809131429075,-0.6032452349979742,0.9702343217277765,0.6444912535793962
1786579200,14.7,14.8,14.45,14.45,6506500,2026-08-13,TPB,2026-08-13,-1.7006802721088454,-0.34482758620689724,-6.168831168831179,-7.371794871794879,-19.72222222222223,-21.590970752618155,14.4275,15.446,16.390225,14.68716833033299,15.175043042042388,0.1559521746664183,-6.448271397125471,-11.837695943771376,-1.6147995651631053,2.3809523809523907,-1.7006802721088436,0.0,0.0,94018925.0,9146427.35,11048112.033333333,131637055.795,173097994.59499997,0.7113706533731994,0.7142284095628576,0.35357142857142865,2.446861097380129,28.158820396839772,23.502528784195988,19.863269356978584,54.90196078431373,21.715,13.75,8.78844946641556,-13.731343283582099,-31.19047619047619,-4.028871961630365,-0.4520472849553707,0.7883911266436138,0.5745787001742583,-4.499117265707541,-1.538038194885761,0.9773852934474057,0.65409364670624
1786665600,14.5,14.5,14.35,14.4,4193700,2026-08-14,TPB,2026-08-14,-0.34602076124566894,-1.3698630136986245,-5.263157894736836,-7.395498392282962,-20.22160664819944,-22.659648745904715,14.3875,15.41,16.376985,14.659818965539372,15.144649197256411,0.08688097306690512,-6.554185593770279,-12.07172748830142,-1.7723204232611978,1.0380622837370268,-0.6920415224913471,0.34602076124568004,33.33333333333373,60389280.0,9179132.35,11039400.366666667,131966423.795,172882148.9283333,0.4568732468488702,0.45761094574942973,0.3250000000000002,2.256944444444446,27.91391533718063,23.503531597471962,19.87548074492699,60.869565217391305,21.715,13.75,8.160703075957318,-14.029850746268657,-31.428571428571427,-1.9976120053413204,0.4915419299110333,0.7595571963018759,0.5652968628796702,-2.42413426209116,-0.7259474879749979,0.9478940226308797,0.6453722572933865
1786924800,14.4,14.55,14.3,14.45,4463800,2026-08-17,TPB,2026-08-17,0.3472222222222099,-2.033898305084747,-0.6872852233677063,-7.371794871794879,-22.520107238605892,-20.977797221918415,14.382499999999999,15.383,16.365660000000002,14.639836206916575,15.117408052265963,0.46932035459761323,-6.065136839368135,-11.705363547819047,-1.2967099100937185,1.7361111111111112,0.3472222222222148,0.0,59.99999999999943,64501910.0,8827442.35,11032000.366666667,126827015.295,172681152.76166666,0.5056730843447537,0.5085817863801996,0.31428571428571456,2.174987642115672,23.566055512976337,23.50563756746421,15.268493625903318,59.090909090909065,21.715,13.75,8.78844946641556,-13.731343283582099,-31.19047619047619,0.23327158445100027,1.0358126424016003,0.7600218039032072,0.5641296182720564,-0.17650803666910964,-0.24716831618876256,0.9506817087759395,0.6450627852664953
1787011200,14.4,14.5,14.3,14.35,3707900,2026-08-18,TPB,2026-08-18,-0.692041522491349,-2.3809523809523836,-1.3745704467354014,-9.177215189873422,-21.798365122615813,-21.318126987608288,14.372499999999999,15.35,16.35193,14.612232758638807,15.087313618843769,-0.15654896503739524,-6.514657980456029,-12.242775011879326,-1.7946111519731578,1.3840830449826942,-0.3460207612456797,-0.34602076124566894,24.999999999999556,53208365.0,8695382.35,10913813.7,124868463.295,170724195.84499997,0.4264217317597311,0.42611531843950046,0.31785714285714306,2.2150323544051784,23.684457787348766,23.35154145856614,15.102144403972732,55.55555555555556,21.715,13.75,7.5329566854990535,-14.328358208955228,-31.666666666666664,-1.4589362011732665,-1.1015536288760615,0.754409179683179,0.5642890466392803,-1.0992318546830249,-1.693611461878941,0.9430279355019323,0.6431134869663513
1787097600,14.35,14.5,14.2,14.5,7658000,2026-08-19,TPB,2026-08-19,1.0452961672473782,-1.3605442176870652,2.8368794326241176,-10.769230769230765,-21.19565217391304,-23.109555626259414,14.392500000000002,15.321,16.338,14.601543924482732,15.064281712222446,0.7469167969428314,-5.358658051041054,-11.249846982494805,-0.6954327912712777,2.0905923344947785,1.0452961672473893,0.0,100.0,111041000.0,8203652.35,10673603.7,118088230.295,166597425.01166666,0.9334866560989753,0.940322331214592,0.31071428571428605,2.1428571428571455,21.06304268298896,22.64463087483796,12.134684120229133,52.38095238095237,21.715,13.75,9.416195856873824,-13.432835820895528,-30.952380952380953,-0.6488235514397145,-2.8873680162872066,0.7689426339295883,0.5926270111463366,0.16404567051344632,-3.514204711855096,0.9526515671951258,0.669895202478342
1787184000,14.5,14.6,14.35,14.5,6285000,2026-08-20,TPB,2026-08-20,0.0,0.34602076124568004,3.571428571428581,-8.805031446540879,-18.53932584269663,-21.925479216024122,14.4175,15.294,16.324749999999998,14.591873074531996,15.042153017625488,0.5722212588867626,-5.191578396756902,-11.177812830211787,-0.6296181036028026,1.7241379310344827,0.0,0.0,60.00000000000014,91132500.0,7739142.35,10661280.366666667,111742215.295,166254834.01166666,0.8121054912499446,0.815560169085692,0.2857142857142861,1.970443349753697,20.829214499862207,22.26972189332443,12.220851266001775,61.11111111111113,21.715,13.75,9.416195856873824,-13.432835820895528,-30.952380952380953,1.5200922016937346,-1.8601324032553102,0.7564356591320575,0.5932557034120153,1.3094902626257676,-3.1665239808689734,0.9287561596820858,0.661158157344198
1787270400,14.6,14.8,14.45,14.8,8105700,2026-08-21,TPB,2026-08-21,2.0689655172413834,2.77777777777779,4.225352112676073,-6.91823899371069,-15.909090909090917,-22.880516908967742,14.447500000000002,15.263,16.3155,14.61169468648133,15.03265682085586,2.4398684893580214,-3.0334796566861,-9.288713186846865,1.2887301408842644,2.4137931034482856,1.3793103448275934,0.6896551724137945,100.0,119964360.0,7534567.35,10621923.7,109080421.295,165480458.51166666,1.0758016517033324,1.099779030698508,0.27500000000000047,1.8581081081081114,21.45154415690303,22.725758382002972,12.220851266001775,61.11111111111113,21.715,13.75,13.182674199623362,-11.641791044776117,-29.52380952380952,-0.6385061172140327,-1.8004224237264106,0.7738323303913927,0.6119557827818657,-1.1552181414018703,-3.4496401534154564,0.9332632828208136,0.6779884423145319
1787529600,14.95,14.95,14.6,14.6,13007700,2026-08-24,TPB,2026-08-24,-1.3513513513513598,1.038062283737018,5.035971223021574,-7.006369426751591,-15.606936416184979,-27.862048520183812,14.482499999999998,15.225999999999999,16.30525,14.610580906816443,15.015689886704651,0.8113240117383125,-4.111388414554051,-10.458287974732073,-0.07241948067586712,2.3648648648648622,-2.3648648648648622,1.0135135135135087,0.0,189912420.0,7871877.35,10719527.033333333,114224299.795,166774356.34499997,1.652426660331541,1.6626271322375235,0.2857142857142861,1.956947162426617,20.504817613650438,22.746737832310046,11.092462662829,51.351351351351326,21.715,13.75,10.671688637790329,-12.835820895522387,-30.476190476190478,-2.1401391657717816,-3.9833935086365013,0.7332581389953858,0.5816529545337401,-2.464720722729874,-4.608532556051836,0.9050681344610613,0.6594969680400036
1787616000,14.6,14.7,14.4,14.45,5370200,2026-08-25,TPB,2026-08-25,-1.0273972602739767,0.6968641114982521,2.8469750889679624,-7.371794871794879,-15.249266862170096,-26.526669039507812,14.502499999999998,15.186000000000002,16.29125,14.59528748711964,14.993505969578978,-0.36200655059471787,-4.84656920848151,-11.302079337067461,-0.9954410781415346,2.054794520547938,-1.0273972602739752,0.0,16.666666666666373,77599390.0,7732102.35,10691970.366666667,112367865.045,166241543.51166666,0.6945329687727169,0.6905834685826214,0.27142857142857174,1.878398418190808,20.742376303366843,22.79932322318084,11.187441981199846,41.66666666666665,21.715,13.75,8.78844946641556,-13.731343283582099,-31.19047619047619,-3.7452349287635966,-5.452245139250689,0.7328483786205607,0.5767122694916335,-3.2812349584461886,-5.5045781094190005,0.9105744595636476,0.6589749543097043
1787702400,14.45,14.65,14.35,14.5,6927200,2026-08-26,TPB,2026-08-26,0.34602076124568004,0.0,2.8368794326241176,-7.643312101910826,-13.946587537091993,-30.952380952380953,14.522499999999999,15.147,16.27925,14.58621248834634,14.974152794301371,-0.1549320020657552,-4.271472898923879,-10.929557565612669,-0.5910546580561671,2.0761245674740536,0.3460207612456797,0.0,50.0,100444400.0,7853157.35,10680410.366666667,114213284.545,165921507.51166666,0.8820910738532446,0.8794458578102177,0.27142857142857174,1.871921182266012,20.74109988668334,22.765401582935986,11.187441981199846,50.0,21.715,13.75,9.416195856873824,-13.432835820895528,-29.515846782033826,-4.005460478678868,-7.770304256984195,0.7218117103075716,0.5788136228198424,-3.700824988938578,-7.410859959704819,0.8796475013057957,0.6528245511450176
1787788800,14.5,14.75,14.5,14.7,4143700,2026-08-27,TPB,2026-08-27,1.379310344827589,1.379310344827589,2.083333333333326,-7.836990595611281,-6.369426751592355,-28.543651565234295,14.5375,15.117,16.268250000000002,14.597049394218118,14.963401704328769,1.1177987962166736,-2.7584838261559885,-9.639942833433235,0.7052836707030607,1.7241379310344827,1.3793103448275814,0.0,79.99999999999972,60912390.0,7660887.35,10629348.7,111506752.045,165020746.84499997,0.5408903447718756,0.5462663819265223,0.2678571428571431,1.8221574344023341,19.948754854268273,22.700961558755427,11.187441981199846,52.94117647058822,20.81,13.75,13.456090651558068,-12.238805970149258,-28.21214045026127,-2.8975798531901242,-7.837536581251869,0.7189487434440149,0.5775715783247,-2.8449112976049795,-7.682623676542931,0.8792994482479548,0.6547466158136387
1787875200,14.7,14.8,14.6,14.65,6618500,2026-08-28,TPB,2026-08-28,-0.340136054421758,-1.0135135135135198,3.900709219858167,-9.567901234567898,-8.437499999999998,-23.470720367758446,14.565000000000001,15.085999999999999,16.259,14.602092309054488,14.951111441413916,0.5835907998626766,-2.890096778470097,-9.896057568116124,0.3280878516005892,1.3605442176870821,-0.3401360544217614,0.0,25.00000000000022,96961025.0,7465677.35,10262727.033333333,108936299.795,158910497.9283333,0.8865237124130472,0.8900708504186806,0.2607142857142861,1.7796196977084375,18.297259323548985,22.428226751416076,9.405493690932255,46.875000000000014,20.81,13.75,12.747875354107657,-12.537313432835816,-28.45631684328759,-1.6495333223994768,-9.199202556010054,0.7115867482124446,0.5780231472234183,-2.0226803969830787,-9.400754608714545,0.8737452920192335,0.6584982755578506
1788393600,14.6,14.6,14.5,14.5,3213600,2026-09-03,TPB,2026-09-03,-1.0238907849829393,-0.6849315068493178,0.694444444444442,-8.227848101265822,-11.854103343465038,-27.32922367563775,14.569999999999999,15.050999999999998,16.249,14.59236923200168,14.933420796652586,-0.48043925875085325,-3.6608863198458463,-10.763739307034271,-0.6329968117796181,0.6825938566552877,-0.6825938566552877,-0.34129692832765013,0.0,46597200.0,7064262.35,10136300.366666667,103171991.79499999,156843328.59499997,0.4549094924256317,0.4516458312890518,0.2571428571428575,1.7733990147783276,17.280130921192907,21.983184258770592,9.56551308311875,44.11764705882354,20.81,13.75,10.623229461756376,-13.432835820895528,-29.188846022366555,-2.985980324678117,-10.304886743455576,0.697750732480225,0.5517630309446196,-1.5937251762971671,-9.506238857199545,0.8669258288295283,0.6407721806991
1788480000,14.6,14.8,14.5,14.7,8578600,2026-09-04,TPB,2026-09-04,1.379310344827589,1.730103806228378,1.0309278350515427,-8.125000000000004,-8.41121495327104,-23.588730637280385,14.5775,15.022,16.238,14.602619781334853,14.924267039921112,0.8403361344537785,-2.143522833178013,-9.471609804163073,0.6668681382064001,2.0689655172413843,0.6896551724137907,0.6896551724137945,66.66666666666627,126105420.0,7118567.35,10180755.366666667,104026469.04499999,157368738.9283333,1.2051020350323722,1.2122435872109536,0.2642857142857146,1.797862001943637,17.578641482822118,22.015246685862287,9.56551308311875,50.0,20.81,13.75,13.456090651558068,-12.238805970149258,-28.21214045026127,-3.2369497047153972,-11.472926717046382,0.706763772002768,0.5650501430071241,-1.95451850318491,-9.814106110906184,0.8673493016060538,0.6441799489711781
1788739200,14.7,14.8,14.5,14.55,5151500,2026-09-07,TPB,2026-09-07,-1.0204081632652962,0.34482758620690834,-1.3559322033898202,-8.77742946708463,-9.062499999999996,-26.552246340232198,14.5675,14.993000000000002,16.224249999999998,14.597608373588677,14.909589901100677,-0.1201304273210968,-2.9547121990262215,-10.319429249425994,-0.3261381753110637,2.040816326530617,-1.0204081632652966,0.0,16.666666666666863,74954325.0,6343277.35,10155922.033333333,92539426.54499999,156852445.59499997,0.8121196214130539,0.8099717903865687,0.260714285714286,1.791850760922928,17.25060785647839,22.087769966426627,9.648520637430149,52.77777777777783,20.81,13.75,11.331444759206812,-13.134328358208947,-28.944669629340236,-3.8991923950068563,-9.771491705471082,0.702927220049948,0.5705324794534861,-3.76244695653033,-8.881459615429577,0.8696506350050209,0.6492123538195077
1788825600,14.55,14.65,14.5,14.5,5559300,2026-09-08,TPB,2026-09-08,-0.3436426116838587,-1.3605442176870652,0.0,-8.517350157728709,-9.375,-27.153981411705608,14.5675,14.963000000000001,16.212,14.588312338008803,14.893527552037906,-0.46336021966707497,-3.0942992715364603,-10.56007895386134,-0.6053636360575543,1.0309278350515487,-0.3436426116838536,0.0,0.0,80609850.0,6308382.35,10157508.7,92033449.04499999,156752510.01166666,0.8812560323012127,0.875875573896895,0.260714285714286,1.7980295566502484,16.18895528472893,22.068903018325695,8.511050551265841,52.77777777777777,20.81,13.75,10.623229461756376,-13.432835820895528,-29.188846022366555,-3.7205770690964313,-10.287050092678484,0.6986814066111601,0.5679811625167062,-3.4544011688100174,-9.608102386478546,0.8693474201078205,0.6473005380583281
1788912000,14.5,14.6,14.45,14.45,2307600,2026-09-09,TPB,2026-09-09,-0.34482758620689724,-1.3651877133105894,-1.0273972602739767,-11.620795107033654,-10.248447204968958,-27.92298483639265,14.559999999999999,14.93,16.1995,14.575139734388918,14.876134314703085,-0.7554945054945028,-3.21500334896182,-10.799716040618545,-0.8585834281482851,1.0344827586206922,-0.34482758620690146,0.0,0.0,33344820.0,6183687.35,9454293.7,90195595.04499999,145181870.76166666,0.3731753999496757,0.36969455086319625,0.2535714285714289,1.7548195748887812,16.024253551008304,20.97670326494212,8.378125738282234,50.0,20.81,13.75,9.91501416430594,-13.731343283582099,-29.433022415392884,-4.367781636369806,-13.600534453446166,0.719159864816477,0.6145292006471331,-3.986441575298405,-12.81810424731632,0.8790506990448534,0.6884654032000107
1788998400,14.45,14.5,14.4,14.45,4276600,2026-09-10,TPB,2026-09-10,0.0,-0.34482758620689724,-2.033898305084747,-12.158054711246201,-9.968847352024934,-29.433022415392884,14.544999999999998,14.892000000000001,16.186,14.563221664447116,14.859423165106886,-0.653145410794076,-2.9680365296803735,-10.72531817620166,-0.7774492969747415,0.6920415224913471,0.0,0.0,49.99999999999911,61796870.0,5749327.35,9199180.366666667,83724636.04499999,140842703.095,0.7438435384967252,0.7380966095425684,0.24642857142857175,1.7053880375679706,15.517783307493088,20.913350783200872,8.378125738282234,52.94117647058822,20.81,13.75,9.91501416430594,-13.731343283582099,-26.346908609001485,-4.986447031143825,-13.82091436300159,0.716538804810435,0.6135449229462044,-4.716244890858546,-12.888762794895458,0.877510825934614,0.6858906616713856
1789084800,14.4,14.45,14.15,14.15,6437500,2026-09-11,TPB,2026-09-11,-2.076124567474036,-3.741496598639449,-3.741496598639449,-13.981762917933127,-11.562499999999998,-27.87603853407411,14.517500000000002,14.843,16.16875,14.523867220214058,14.831602648828184,-2.53142758739453,-4.668867479620021,-12.48550444530343,-2.5741575197941513,2.076124567474041,-1.7301038062283738,-0.34602076124566894,0.0,91090625.0,5776900.0,9051103.7,83952922.75,138160071.095,1.1143519880904984,1.08502029490093,0.24642857142857164,1.7415446744068666,17.02707009486969,21.255499920199668,10.207064562059603,40.54054054054055,19.572,13.75,6.870491240123676,-15.522388059701486,-25.71398572028558,-4.9707667617714835,-13.277646630888206,0.7293507679633436,0.6278038035461103,-4.478026067620422,-12.782899542444014,0.8801940030576159,0.6988095914950194
1789344000,14.15,14.25,13.95,14.0,6595500,2026-09-14,TPB,2026-09-14,-1.0600706713780994,-3.7800687285223455,-4.761904761904756,-14.893617021276595,-11.392405063291145,-24.032774431602355,14.482500000000002,14.788,16.153,14.473975104003197,14.798990780246687,-3.331607112031776,-5.328644847173381,-13.328793412988293,-3.274671267550444,2.1201413427561886,-1.0600706713780943,0.0,16.666666666666863,92337000.0,5955405.0,8892585.366666667,86346103.75,135283128.26166666,1.1074813551723182,1.0693823576260673,0.2500000000000003,1.7857142857142878,17.288078271966047,21.314927372290594,10.193566831810662,37.5,19.191,13.75,4.594743613306378,-16.417910447761198,-26.501469970600578,-4.4858588546338725,-13.898710587880515,0.7322863733486564,0.6291241539193714,-4.354460249753711,-13.432323418779102,0.8836992813067156,0.7003872136259539
1789430400,14.0,14.35,14.0,14.15,16853100,2026-09-15,TPB,2026-09-15,1.0714285714285676,-2.4137931034482696,-2.076124567474036,-12.65432098765431,-6.29139072847682,-23.612610667242496,14.467499999999998,14.741,16.1375,14.443120332193368,14.773540161413484,-2.194574045273867,-4.0092259683874865,-12.316034082106885,-2.0294806485826267,2.4999999999999973,1.071428571428574,0.0,42.857142857143,238471365.0,6472735.0,8872437.033333333,93568725.75,134380911.01166666,2.6037061613058468,2.54862255618566,0.2500000000000001,1.7667844522968206,16.97494262610627,21.322060776704678,9.443423003587384,32.43243243243242,19.191,13.75,7.351589781290212,-15.522388059701486,-25.71398572028558,-4.654241160418193,-11.598854358864985,0.7775756279299793,0.6671115658466483,-4.271250351166933,-11.8369238485443,0.9018404396156514,0.7205089511379162
1789516800,14.2,14.25,14.0,14.0,4619700,2026-09-16,TPB,2026-09-16,-1.0600706713780994,-3.114186851211065,-2.777777777777779,-13.58024691358024,-11.392405063291145,-23.438696270370784,14.4475,14.69,16.12125,14.400918395794001,14.74320525312276,-3.09742169925592,-4.697072838665761,-13.15809878266263,-2.783977971231999,1.76678445229682,-1.4134275618374508,0.35335689045936647,0.0,64675800.0,6494035.0,8817425.366666667,93783051.75,133320333.01166667,0.7113759011154083,0.6896320688348682,0.24285714285714302,1.7346938775510214,17.29866868108131,21.386706426413514,9.64574052353335,33.33333333333333,19.191,13.75,4.594743613306378,-16.417910447761198,-26.501469970600578,-7.464084946908189,-12.78990638752695,0.7799677695943996,0.6667270074422219,-6.906059276704147,-13.10763834856855,0.9004552337234221,0.7172023338053388
1789603200,14.0,14.3,13.95,14.05,8807200,2026-09-17,TPB,2026-09-17,0.3571428571428559,-2.768166089965385,-2.768166089965385,-13.538461538461533,-13.003095975232181,-24.926529521773976,14.4275,14.646999999999998,16.105249999999998,14.367497596194573,14.716020733392456,-2.616530930514638,-4.075919983614373,-12.761366635103444,-2.2098322555395122,2.50000000000001,0.3571428571428622,0.0,28.571428571428864,123741160.0,6711205.0,8781142.033333333,96745014.25,132407798.17833333,1.3123127664853034,1.2790443100275837,0.24642857142857175,1.7539400101677705,17.302372972433375,21.392192651899276,9.64574052353335,38.23529411764709,19.191,13.75,5.513692335967668,-16.119402985074625,-26.238975220495576,-8.28551526158151,-11.647088974666731,0.8022545103113136,0.6728029943136997,-7.951690439162251,-13.27989265662044,0.8974871232070086,0.716824008030276
1789689600,14.2,14.35,14.1,14.1,6855800,2026-09-18,TPB,2026-09-18,0.3558718861209842,-0.35335689045936647,-1.7421602787456414,-12.693498452012374,-11.32075471698114,-24.07925909972001,14.415000000000001,14.605,16.091,14.342021634652234,14.691863057573144,-2.1852237252861673,-3.4577199589181817,-12.373376421602146,-1.6875001364345832,1.779359430604982,-0.7117437722419904,1.0676156583629748,0.0,96666780.0,6868600.0,8657035.366666667,98917935.0,130169235.67833333,0.9981364470197711,0.9772421957656111,0.24642857142857164,1.747720364741643,17.25438411971501,21.41066948995802,9.79088317506119,38.23529411764702,19.191,13.75,6.432641058628922,-15.820895522388057,-25.976480470390584,-6.571203823277461,-9.837486809671924,0.805709603690096,0.6738911793985525,-6.4342408271055636,-11.1422133162812,0.9011909249736649,0.7175988401212189
1789948800,14.3,14.3,14.0,14.0,6197800,2026-09-21,TPB,2026-09-21,-0.7092198581560294,0.0,-3.4482758620689613,-12.5,-13.846153846153841,-25.76095025983668,14.39,14.559,16.074,14.309448145637736,14.664731172962433,-2.710215427380125,-3.8395494196029945,-12.902824436978976,-2.162544232930963,2.1276595744680904,-2.1276595744680904,1.4184397163120588,0.0,86769200.0,6795590.0,8612437.033333333,97704345.0,129249069.01166667,0.9120326564728007,0.8880792353707504,0.2500000000000003,1.7857142857142878,16.853033120500896,21.384203017454066,9.650066937246343,28.125,19.191,13.75,4.594743613306378,-16.417910447761198,-26.501469970600578,-7.6748596727124525,-8.328052949382869,0.8119071013491665,0.6817217917370454,-7.581599954555617,-9.669862945551323,0.9178218671048127,0.7299112720444417
1790035200,14.1,14.25,14.05,14.25,10217300,2026-09-22,TPB,2026-09-22,1.7857142857142794,0.7067137809187329,-1.7241379310344862,-10.9375,-10.658307210031348,-23.857868020304572,14.377500000000001,14.52,16.058500000000002,14.303786417481762,14.64846720539528,-0.8868022952530086,-1.8595041322314043,-11.261948500793984,-0.3760292268907617,1.4285714285714235,1.071428571428574,0.7142857142857117,100.0,145596525.0,6992205.0,8695447.033333333,100427546.25,130279224.42833333,1.4612414824794182,1.4497668263004087,0.2535714285714287,1.7794486215538858,18.227829586700878,21.769958406131526,9.650066937246343,38.888888888888864,19.191,13.75,9.189487226612757,-14.925373134328357,-25.188996220075587,-6.492220780005786,-8.460942490083578,0.8352842890446401,0.6910272508083168,-5.873449558645694,-8.979024079376641,0.9325977846002846,0.7305089533103295
1790121600,14.3,14.75,14.25,14.75,28156800,2026-09-23,TPB,2026-09-23,3.5087719298245723,5.35714285714286,-0.33783783783783994,-8.385093167701873,-9.509202453987731,-19.754093901311144,14.375,14.495999999999999,16.04575,14.346282949150165,14.652448883615072,2.60869565217392,1.7522075055187658,-8.075347054516001,2.8140881668150097,3.508771929824561,3.1578947368421004,0.35087719298245723,100.0,415312800.0,7994760.0,9064967.033333333,115194968.25,135594968.42833334,3.521906848986086,3.6053033071607277,0.27857142857142875,1.888619854721551,20.987486075793647,22.995156042309098,9.650066937246343,55.8139534883721,19.191,13.75,18.378974453225513,-11.940298507462687,-22.56404871902561,-2.234202337984892,-4.6317075882669645,0.7877874409580303,0.6184693931464926,-1.744630071431763,-5.7135407697271985,0.90050785220517,0.6687470181488799
1790208000,14.75,14.85,14.5,14.7,13346400,2026-09-24,TPB,2026-09-24,-0.3389830508474634,4.62633451957295,0.6849315068493178,-10.091743119266072,-10.091743119266072,-18.11953433966468,14.38,14.479000000000001,16.03425,14.37997028732634,14.654313633277226,2.225312934631418,1.5263485047309677,-8.321249824594235,2.2255241581111918,2.372881355932201,-0.33898305084746244,0.0,57.142857142857,196192080.0,8011695.0,9119207.033333333,115508951.25,136114766.42833334,1.6658647140211902,1.6985010934379858,0.2821428571428572,1.919339164237124,20.428693131970594,22.727185656889326,9.146278382394154,50.0,19.191,13.75,17.460025730564226,-12.238805970149258,-22.826543469130613,1.4502575950211427,-5.785474015183523,0.7966823920558673,0.6381278517384174,1.1921405696711518,-6.492463573890905,0.8917804773719898,0.6760344322550214
1790294400,14.7,14.8,14.6,14.6,8775900,2026-09-25,TPB,2026-09-25,-0.6802721088435382,3.546099290780136,1.038062283737018,-12.048192771084343,-8.750000000000002,-17.58396838837144,14.3875,14.461000000000002,16.02175,14.400925498057166,14.652183686874197,1.476976542137276,0.9612060023511448,-8.873874576747243,1.3823729729710132,1.3605442176870821,-0.6802721088435351,0.0,0.0,128128140.0,8181980.0,8721065.016666668,118035388.75,129213078.95166667,1.072588786577332,1.0855061465623377,0.2750000000000001,1.883561643835617,20.223831132657985,22.472555053542386,8.945095984753424,51.282051282051256,19.191,13.75,15.62212828524168,-12.835820895522387,-23.351532969340603,1.3897405706730148,-8.021332700439554,0.7823952438636366,0.6349377943901082,0.9166873902628492,-9.1815438090608,0.8984590272326164,0.6888090016364666
1790553600,12.255,12.297,12.087,12.255,9160600,2026-09-28,TPB,2026-09-28,-16.061643835616437,-12.464285714285705,-15.482758620689651,-26.83582089552239,-23.406249999999996,-32.27785145888594,14.27525,14.4001,15.996275,14.19655164109934,14.558176483467367,-14.152116425281513,-14.896424330386592,-23.388413865102965,-13.676220044017617,1.4383561643835676,0.0,-16.061643835616437,80.00000000000017,112263153.0,8293650.0,8507461.683333334,118626326.4,124948941.50166668,1.1045317803379695,0.9463595173760687,0.44378571428571434,3.621262458471761,60.63229498744691,39.41271205156168,56.02537151939352,23.557126030624275,19.191,12.087,2.3648648648648796,-25.95166163141994,-35.66253674926501,-13.25140992853232,-22.20163406061898,0.8134351394704155,0.3759751011455067,-13.06703484263777,-22.319467554076546,1.0606677528217663,0.4626933567126019
1790640000,12.171,12.339,12.087,12.171,6922700,2026-09-29,TPB,2026-09-29,-0.6854345165238751,-14.58947368421053,-17.204081632653057,-26.236363636363635,-23.211356466876975,-33.44088373619163,14.1488,14.335519999999999,15.96913,14.003641960994642,14.464561719409824,-13.978570620830034,-15.098998850407941,-23.78420114308043,-13.086895295518364,2.0563035495716084,0.0,-0.6854345165238751,33.3333333333331,84256181.7,8432600.0,8458055.016666668,119793515.98500001,123634258.69666667,0.8209449042999787,0.7033450934902868,0.4510714285714287,3.7061164125497386,60.106251202601,39.35939965217668,55.87468591123703,23.36994624912363,19.191,12.087,1.1824324324324273,-26.459214501510587,-36.103527929441405,-14.265056976076153,-21.4880581202493,0.8139561929172563,0.37674426007298484,-13.926039161591076,-21.523167283876873,1.0580980559722761,0.46253266676251864
1790726400,12.255,12.255,12.087,12.129,5569300,2026-09-30,TPB,2026-09-30,-0.34508257333004666,-17.76949152542373,-17.20819112627987,-26.71299093655589,-22.990476190476194,-35.191023243387654,14.022749999999998,14.274099999999999,15.942775000000001,13.825104631376105,14.372971063746695,-13.50484034871904,-15.027917697087734,-23.921651030012036,-12.26829508057966,1.380330293320196,-1.0352477199901506,0.6901651466601155,24.999999999999737,67550039.7,8380140.0,8427228.35,118322966.72,122713712.775,0.6645831692549289,0.5708954193132321,0.4559285714285716,3.7589955596386484,60.1056816088549,39.327207779943166,55.87357660106915,23.142791020597087,19.191,12.087,0.5912162162162137,-25.588957055214735,-36.324023519529604,-13.74226094703397,-21.693872531331625,0.8129923400917474,0.37700974451304825,-13.367972463271029,-21.931611102743176,1.0596561015272126,0.4637278924059864
1790812800,12.129,12.297,12.087,12.087,16555800,2026-10-01,TPB,2026-10-01,-0.34627751669552564,-17.775510204081634,-16.641379310344828,-25.388888888888882,-26.74545454545455,-34.58353628835851,13.902099999999999,14.224839999999999,15.91721,13.659570856959332,14.283325139678198,-13.056300846634672,-15.0289212391844,-24.063325168167037,-11.512593429376539,1.7313875834776227,-0.3462775166955216,0.0,0.0,200109954.6,9047250.0,8542396.683333334,125998604.45,123444539.685,1.8299262206747906,1.5881918333421667,0.44950000000000034,3.718871514850669,60.129981520201724,39.180705117511536,55.967668748225755,24.612355402412007,19.191,12.087,0.0,-25.846625766871167,-36.5445191096178,-12.350787753651238,-20.279043486122404,0.7901477905138771,0.3682168862289987,-13.021829663888163,-20.339444106832648,1.0412465624785818,0.458543458607096
1790899200,12.3,12.3,11.75,11.9,11178200,2026-10-02,TPB,2026-10-02,-1.5471167369901506,-18.493150684931503,-19.047619047619047,-26.543209876543205,-26.769230769230766,-33.538117844177606,13.7621,14.17184,15.89221,13.491992680106062,14.189861408710426,-13.530638492671898,-16.030663625894725,-25.120546481578078,-11.799537087308487,4.550343344088696,-3.3093406138826866,1.7622238768925325,27.272727272727305,133020580.0,9177230.0,8630086.683333334,126344362.45,124064013.35166667,1.2180363791688777,1.05284143606045,0.4673571428571432,3.9273709483793544,59.59835799350009,39.23231092756752,55.77716320973245,24.39024390243904,19.191,11.75,2.01585808359092,-26.993865030674847,-37.52624947501049,-12.821768032012605,-20.562417234855126,0.7938831948581772,0.3699669023068815,-13.561168916881318,-20.534922929736986,1.0442604475928712,0.460438997615902
1791158400,11.95,12.1,11.85,11.9,4973300,2026-10-05,TPB,2026-10-05,0.0,-2.8967768257853965,-18.21305841924399,-26.993865030674847,-26.993865030674847,-33.715813513061875,13.6296,14.12784,15.86721,13.34037432961977,14.100062922094331,-12.690027587016495,-15.769148008471223,-25.002568189366624,-10.79710579351354,2.1008403361344534,-0.4201680672268818,0.42016806722688926,20.000000000000284,59182270.0,9168320.0,8521211.683333334,125555759.7,121924642.185,0.5424439810128792,0.4713624459874141,0.4602142857142861,3.867346938775513,59.69848559839414,39.178911849484884,55.96978961079404,21.518987341772146,19.191,11.75,2.01585808359092,-26.543209876543205,-37.52624947501049,-14.456004336110107,-21.57227577675026,0.7863343460126818,0.3688575691444574,-14.720972286213597,-21.79080664513412,1.0319702250258187,0.45922917988569606
