t,open,high,low,close,volume,date_vn,Ticker,Date,ret_1d_pct,ret_5d_pct,ret_20d_pct,ret_60d_pct,ret_120d_pct,ret_252d_pct,sma_20,sma_50,sma_200,ema_20,ema_50,dist_sma20_pct,dist_sma50_pct,dist_sma200_pct,dist_ema20_pct,range_pct,body_pct,gap_pct,close_location_pct,traded_value,adv20_shares,adv60_shares,avg_value_20,avg_value_60,volume_ratio_20,value_ratio_20,atr14,atr14_pct,realized_vol_20d_pct,realized_vol_60d_pct,downside_vol_20d_pct,rsi14,high_52w,low_52w,pos_52w_pct,drawdown_60d_pct,drawdown_252d_pct,excess_ret_20d_vs_vnindex_pct,excess_ret_60d_vs_vnindex_pct,beta_60d_vs_vnindex,corr_60d_vs_vnindex,excess_ret_20d_vs_vn30_pct,excess_ret_60d_vs_vn30_pct,beta_60d_vs_vn30,corr_60d_vs_vn30
1750204800,56.788,56.887,56.093,56.292,3421100,2025-06-18,VCB,2025-06-18,-0.873423962809039,1.795692508001956,-0.7003122298858688,-15.119347396673655,-8.95092679455245,-4.110382420577463,56.07334999999999,56.750420000000005,60.40458,56.208955786690126,57.35772949653057,0.3899356824587974,-0.8077825679528083,-6.808391019356486,0.1477419605961483,1.398182714658021,-0.8734239628090356,0.0,25.062972292191287,192580561.20000002,3624810.0,3934805.0,203551196.975,226281635.64166668,0.943801192338357,0.9461038012154388,0.6026428571428575,1.0705657236247734,8.583314651848966,33.227940692467136,3.8696760561097894,50.0,68.106,51.626,28.313106796116532,-14.736220293542967,-15.749457457157822,-2.497674385511117,-16.849046096755984,0.9931034901648145,0.8786202265544188,-1.6606041924605686,-19.03827121552132,0.9895617361034061,0.8725788004590092
1750291200,56.292,56.59,56.093,56.192,2368700,2025-06-19,VCB,2025-06-19,-0.1776451360761766,1.070201629584333,-0.5275269959284845,-14.24341854254102,-8.4239174720099,-3.2956442425181143,56.05844999999999,56.6829,60.381719999999994,56.2073409498625,57.31201461431368,0.23823348665545918,-0.8660460209339971,-6.9387225140323805,-0.02729349868406672,0.8828963262985857,-0.17764513607617674,0.0,19.919517102615025,133101990.4,3558530.0,3945925.0,199771746.145,226641822.35666665,0.6656400255161541,0.6662703458745903,0.6027142857142859,1.0725980312398309,8.520137263064544,33.169596079940064,3.8514986985545376,52.49244712990937,68.106,51.626,27.706310679611672,-14.887687251026193,-15.899124448102963,-3.4350347594308994,-16.52501747739138,0.9918948555076028,0.8792495963097136,-2.6374052558109984,-18.67143337272669,0.9885065197011185,0.873416511725337
1750377600,56.292,56.788,56.093,56.689,6886500,2025-06-20,VCB,2025-06-20,0.8844675398633317,1.6022941123756684,0.5284531219520883,-14.134896472334557,-7.714722927655138,-1.993361225407142,56.073350000000005,56.70872,60.362674999999996,56.25321324035178,57.28758266865432,1.0979368987228177,-0.03477419345737642,-6.086004306469183,0.774687763677151,1.2368308656036326,0.7065062642368993,0.17796127562643704,85.75539568345359,390388798.5,3725530.0,4027740.0,209291651.995,230972250.17166665,1.8484618295920312,1.8652860483385474,0.6239999999999993,1.1007426484855956,9.084114514041788,33.18689374644829,3.9335965248922617,60.46838407494146,68.106,51.626,30.722087378640794,-13.74556852243507,-15.15527950310559,-2.125868804922826,-15.565379363668963,0.9890519645149565,0.875648298105414,-1.301403554647873,-17.334004835029592,0.985092467259572,0.8687695711095164
1750636800,56.292,56.49,56.093,56.192,2480600,2025-06-23,VCB,2025-06-23,-0.8767132953483081,0.0,-0.703304470754551,-14.501772591025974,-8.4239174720099,-2.852598457867983,56.05345,56.790119999999995,60.339815,56.24738340793733,57.244618642432584,0.24717479477178728,-1.0532113684563305,-6.874093001445236,-0.09846397215610425,0.7003122298858658,-0.1764010654624379,-0.7003122298858688,24.937027707807815,139389875.2,3613145.0,4035281.6666666665,202882420.905,231073867.82000002,0.6865486992633841,0.6870475745420521,0.6169285714285705,1.0978939554181566,9.537896741107993,33.21033991017085,4.474884012814993,47.614480939822606,68.106,51.626,27.706310679611672,-13.98218167345313,-15.899124448102963,-2.6297440471930056,-16.473362476304366,0.9854171736233196,0.8726024291473876,-2.4218843773458287,-18.78823778734796,0.9789945218391701,0.864187217758348
1750723200,56.49,56.689,56.192,56.192,3507600,2025-06-24,VCB,2025-06-24,0.0,-1.049517503697961,-0.3528931921760514,-13.98218167345313,-8.125960563748736,-2.291775343418534,56.04350000000001,56.800039999999996,60.316295,56.24210879765758,57.20333947998425,0.26497274438603835,-1.0704922038787257,-6.837779077776574,-0.08909480588265017,0.8844675398633255,-0.5303246013667458,0.5303246013667495,0.0,197099059.2,3511080.0,4068618.3333333335,197091972.86999997,232717645.26666668,0.9990088519771694,1.0000359544323232,0.6169285714285705,1.0978939554181566,9.46374747376547,33.205062445976324,4.5574493608190885,50.0,68.106,51.626,27.706310679611672,-13.587992864612175,-15.899124448102963,-2.3651188062556616,-17.04984676405785,0.9847692521052749,0.872346593634049,-2.829337200722748,-19.86938877892772,0.9768620680357616,0.8633364667731686
1750809600,56.391,56.49,56.192,56.192,2739800,2025-06-25,VCB,2025-06-25,0.0,-0.1776451360761766,-0.3528931921760514,-13.587992864612175,-8.4239174720099,-1.6091470995079682,56.033550000000005,56.73650000000001,60.29509499999999,56.237336531214,57.163679108220165,0.2827770148419839,-0.9596996642373234,-6.805022862970844,-0.08061642675561975,0.5303246013667458,-0.3541429384965797,0.3541429384965822,0.0,153954841.6,3400560.0,4099256.6666666665,190832378.54000002,234306513.5933333,0.8056908273931352,0.8067542980801332,0.6027857142857138,1.0727251464367058,9.46374747376547,33.204896747304616,4.5574493608190885,54.040816326530575,68.106,51.626,27.706310679611672,-12.654469712278305,-15.899124448102963,-2.2070221316411343,-16.831660762573375,0.9846744018699773,0.8721527645993031,-2.668926679353023,-19.7534979143854,0.9768783578115149,0.8632755711446861
1750896000,56.292,56.391,55.994,55.994,2842900,2025-06-26,VCB,2025-06-26,-0.3523633257403236,-0.3523633257403236,-0.5293825055070034,-12.96224332768563,-8.449690984598279,-1.955840381012408,56.01865,56.678920000000005,60.275895,56.214161623479335,57.11780933927036,-0.0440032025048831,-1.2084210496600911,-7.103826496479226,-0.3916479711179699,0.7065062642368993,-0.5303246013667458,0.17796127562643704,0.0,159185342.6,3347480.0,4119128.3333333335,187802039.97,235189801.80666667,0.8492657163000227,0.8476230749433217,0.595714285714285,1.0638894983646194,9.52390477463418,33.159243019269255,4.56390671825725,54.05552531301038,68.106,51.626,26.504854368932058,-12.96224332768563,-16.195465090174356,-2.303785200273989,-16.621557462460125,0.9838203090163231,0.8719865389639612,-2.764690593829622,-19.486593185393076,0.9759307148358407,0.8630345516847329
1750982400,56.192,56.887,55.994,56.292,4082600,2025-06-27,VCB,2025-06-27,0.5321998785584148,-0.7003122298858688,0.5321998785584148,-11.405593415067916,-8.063172679612595,-0.8577114778351214,56.03354999999999,56.6134,60.257855,56.22157480219559,57.08542465929897,0.46124152405122576,-0.5677101180992405,-6.581473900788537,0.12526365199159173,1.5948137300425058,0.1785905632746391,0.35360931528378714,33.370660694289086,229817719.20000002,3354910.0,4157640.0,188278906.13,237143684.55833334,1.2169029869653731,1.2206238283608835,0.6240714285714277,1.1086325384982372,9.523459225862368,33.123684093736536,4.529775227978398,60.51934287228412,68.106,51.626,28.313106796116532,-12.499028492375608,-15.749457457157822,-2.382403153109003,-16.34720919640641,0.983763743412639,0.871397908365446,-3.135056808337522,-19.618192763984233,0.9752291553559229,0.8627983160426989
1751241600,56.59,56.788,56.49,56.59,2952200,2025-06-30,VCB,2025-06-30,0.5293825055070034,0.7082858769931644,1.4248588583206434,-11.627834343181952,-7.375278250621964,-0.3328695468394982,56.0733,56.56773999999999,60.24130499999999,56.2566629162722,57.06599624128725,0.9214724298373778,0.03935105061649846,-6.061131975809597,0.5925290737986311,0.5293825055069897,0.0,0.5293825055070034,33.55704697986685,167064998.0,3341235.0,4178256.6666666665,187633259.45499998,238097525.40500003,0.8835655079633729,0.8903805140157848,0.6382857142857128,1.127912553959556,9.56848215200708,33.0963551311928,4.5740663483037824,63.40864440078594,68.106,51.626,30.121359223301013,-12.035813657065574,-15.30344982414128,-1.5512692566236108,-16.086853723291725,0.9833921684442982,0.8708333433203895,-2.4063756818187843,-18.937680302612847,0.9744314356226731,0.8613837898492362
1751328000,56.788,58.377,56.689,57.781,10049500,2025-07-01,VCB,2025-07-01,2.1046121222830783,2.8278046697038706,2.4649323473604046,-10.1845087280245,-4.595139026484385,2.1226581831035762,56.1428,56.569720000000004,60.234695,56.401837876627226,57.09403560437403,2.917916455894609,2.141216184205952,-4.073557606625222,2.4452432319484574,2.982859162396187,1.7547269835660044,0.3498851387170765,64.69194312796192,580670159.5,3675510.0,4306903.333333333,207181801.23,245276346.0116667,2.7341783861287277,2.8027083269508655,0.7304999999999983,1.2642564164690786,11.509323827884394,33.40299689204513,4.5740663483037824,74.50631911532389,68.106,51.626,37.3483009708738,-3.4827782046570666,-13.520915961984581,0.194381224703144,-14.738206852972336,0.9839964811107197,0.8633665021824065,-0.19803440206758172,-17.39034195242062,0.9720851258116234,0.8514952695088069
1751414400,57.88,58.178,57.285,57.582,2913600,2025-07-02,VCB,2025-07-02,-0.34440386978418225,2.4736617312072884,2.4736617312072884,-3.815187251528407,-5.648134493437551,1.7709437963944863,56.212300000000006,56.56772,60.22908,56.51423426932939,57.11317146302603,2.4366553227674226,1.7930367354385135,-4.395019814348822,1.8893748530360854,1.5454907322476257,-0.5157404683200392,0.17133659853585392,33.25867861142261,167770915.2,3686665.0,4192028.3333333335,208011118.19,238288328.22166666,0.7903077713868768,0.8065478261924245,0.7659285714285698,1.3301527759170746,11.504693894061822,30.266937480089023,4.570685895817574,69.98992950654586,68.106,51.626,36.14077669902915,-3.3340048348106333,-13.818753273965424,-0.41322578049629577,-16.39812486942993,0.9772959474723356,0.8297377432831688,-0.8344035940254235,-19.368733909051116,0.969673081947712,0.8148670337885349
1751500800,57.682,58.377,57.285,57.483,7395300,2025-07-03,VCB,2025-07-03,-0.17192872772742174,2.65921348715934,2.841041238035591,-3.5002014504431966,-5.913644101086812,1.5959703075291598,56.291700000000006,56.56175999999999,60.21931500000001,56.606497672250406,57.127674542907364,2.1162977845756936,1.6287329107156578,-4.543915851583513,1.5484129274778713,1.8964259664478584,-0.345594109270267,0.1736653815428424,18.13186813186807,425104029.9,3917275.0,4117155.0,221488250.95999998,233571286.82666668,1.8878684800020422,1.9193073585504647,0.7375714285714275,1.2831122741878946,11.304006251898556,30.253571555912533,4.414884037610937,67.34484175914505,68.106,51.626,35.54004854368932,-3.5002014504431966,-13.966923595001123,-0.12969842919985375,-17.648565579396593,0.9916636039914289,0.8340920655563185,-0.5672721983430273,-19.171959798614246,0.9691300245885246,0.8145447917388591
1751587200,57.483,58.377,57.384,57.98,4849800,2025-07-04,VCB,2025-07-04,0.8646034479759201,2.9986498969658104,4.100833093938516,4.66081808007508,-6.018511014215555,1.4026373780125168,56.40590000000001,56.55978,60.21071,56.737307417750365,57.16109907063649,2.7906655154868343,2.511006938145788,-3.7048392221251003,2.1902565327956536,1.7274672511873115,0.8646034479759231,0.0,60.020140986907876,281191404.0,4033170.0,4078298.3333333335,228496986.04000002,231627408.26666668,1.2024784474743193,1.230613186078417,0.7729999999999991,1.3332183511555695,11.419720121689334,26.599738428050962,4.421740866109724,68.0024164317358,68.106,51.626,38.55582524271845,-2.6658608648939097,-13.223078650003739,-0.19125121378618104,-17.777586213748144,0.9695932489687246,0.7771030198669614,-0.8182279151032423,-19.66131701691784,0.94206516775336,0.7508398581157834
1751846400,58.079,58.476,57.781,58.178,8056200,2025-07-07,VCB,2025-07-07,0.3414970679544771,2.8061494963774303,4.829002846949448,11.61889413299566,-5.08524349457542,-0.6726763641330402,56.5399,56.5717,60.206415,56.87451623510747,57.200977538454666,2.8972460156455826,2.839405568508635,-3.3691011165504547,2.291859080619152,1.1986892031735086,0.17074853397722775,0.17074853397724965,57.12230215827314,468693603.59999996,4324785.0,4062638.3333333335,245760566.10999998,231624316.86666667,1.8627978038214617,1.9071147622203042,0.7587857142857136,1.3042485377388593,11.233616300455243,23.475714067799515,4.409877271597951,65.21453590192645,68.106,51.626,39.757281553398066,-2.333467633628794,-12.926738007932348,-2.151929113953055,-16.505020698403406,0.8683839009448038,0.7356668121866908,-3.1978631666840673,-17.472046073048777,0.8380890255171202,0.7311394879384835
1751932800,58.377,59.072,58.178,58.575,10394500,2025-07-08,VCB,2025-07-08,0.6823885317474021,1.3741541337117802,5.544343940322194,5.169132433208867,-4.540343214745512,-0.33349781354748975,56.69375,56.587579999999996,60.19879000000001,57.03646706985914,57.25486077224076,3.318267004740383,3.5121134354924033,-2.697379797833155,2.69745482001269,1.5366633435319288,0.34033483447351304,0.3420536972738919,44.40715883668939,608857837.5,4732940.0,4232973.333333333,270011546.125,241610057.78499997,2.1962036281888215,2.2549325991346065,0.7659285714285714,1.3076031949271385,11.302442526731854,18.967930064543978,4.409877271597951,75.54262698590286,68.106,51.626,42.16626213592237,-1.6670024174053055,-12.332560053880115,-1.9946120172232185,-15.982244734396465,0.7259727892270215,0.5707970767356028,-3.314442238690062,-17.241997088359383,0.688920720128736,0.5656467851571748
1752019200,58.972,61.355,58.972,61.057,16449700,2025-07-09,VCB,2025-07-09,4.237302603499793,6.034872008613812,10.412484855060677,2.843234684768148,0.04587982762294107,4.479885008299256,56.98165,56.667,60.201915,57.4193749679678,57.40396427136858,7.152039296861368,7.747013252863222,1.4203617941389357,6.335187441628376,4.068288518992737,3.5595390524968002,0.6777635510029745,87.49475451112063,1004369332.9,5440635.0,4372810.0,313882240.56,250374805.74166667,3.0234889861201864,3.1998284806050066,0.9289999999999995,1.5215290630066978,17.802815557838215,15.879212254124035,4.376863920273897,85.50576558166689,68.106,51.626,57.22694174757286,0.0,-8.617825338621564,1.583409429269933,-14.241986917574657,0.38148732214478975,0.2892785252100408,0.5829292915977113,-14.96903152589799,0.32867947440275486,0.2584202546280285
1752105600,61.355,61.355,60.561,60.958,8152900,2025-07-10,VCB,2025-07-10,-0.16214357076175245,6.045265556773316,9.642606615464855,3.541521580350926,0.43000477783086133,4.310477592019035,57.249700000000004,56.74444,60.20288500000001,57.756386875780386,57.54333822151099,6.477413855443781,7.425502833405351,1.2542837440431498,5.543305766521511,1.3004241937861292,-0.6502120968930646,0.48806852613130225,50.0,496984478.2,5720240.0,4448366.666666667,331612824.59000003,255106366.6533333,1.4252723661944253,1.4986889569619704,0.9360714285714283,1.5356006243174454,17.956980990514666,15.77819352482531,4.345895291127105,83.07763830776376,68.106,51.626,56.62621359223302,-0.16214357076175245,-8.765995659657266,0.37193941465456426,-12.907118708346067,0.4246890303926875,0.31870381656740987,-1.4878601871637365,-14.821515519817273,0.33297473584555304,0.26744777906091033
1752192000,61.057,62.646,61.057,62.249,12701900,2025-07-11,VCB,2025-07-11,2.117851635552359,7.362883753018301,11.567344744152708,4.500738651625036,1.9990496321421025,7.496373558057612,57.572399999999995,56.85168000000001,60.2133,58.184254792372734,57.72787397753017,8.122989488018572,9.493686026516702,3.3808145376519994,6.985988257703202,2.6067128186620274,1.9554447324387287,0.16240690311362105,75.01573316551298,790680573.1,6087090.0,4566180.0,356180123.46999997,262691834.525,2.086694956046321,2.219889659751316,1.0140714285714287,1.6290565769272256,18.877600548865086,16.1737756717191,4.345895291127105,91.7897060852766,68.106,51.626,64.45995145631072,0.0,-6.833794806555405,0.752363254365628,-14.229663127180793,0.5316963785663351,0.3798598015907342,-2.19300352875622,-17.10886188546794,0.45044683810147024,0.3506316708689541
1752451200,62.447,62.447,60.561,61.951,6475000,2025-07-14,VCB,2025-07-14,-0.47872254975983575,6.485269345800826,10.248789863325737,5.228203081208704,1.7324619022595966,5.888284962226087,57.86035,56.95692,60.22123,58.54299243119438,57.89348676272507,7.06986736167341,8.768170750806048,2.87235913314956,5.821375756989289,3.0297675464666143,-0.7967999485935552,0.318077398833716,73.70095440084827,401132725.0,6194010.0,4630333.333333333,364052648.36,266800901.21833333,1.0453647959883823,1.1018536104792531,1.1132857142857147,1.7970423629735026,19.216776822643773,16.008150791691964,4.46047924342507,88.16434724983425,68.106,51.626,62.65169902912624,-0.47872254975983575,-7.279802439571947,0.36096300305266205,-16.263988937299125,0.49483039023056463,0.34147358634620034,-2.797994379994595,-18.928765795651927,0.4181455997521465,0.31673859316231484
1752537600,61.951,62.149,60.958,60.958,6315400,2025-07-15,VCB,2025-07-15,-1.6028796952430202,4.0682885189927465,7.34310065506798,5.679414722097009,0.43000477783086133,3.603113634046018,58.06885,57.04428000000001,60.2232,58.77299315203301,58.013663752422126,4.975386975977658,6.860845644821856,1.2201277912830877,3.71770558343838,1.9224871269228945,-1.6028796952430182,0.0,0.0,384974153.2,6251790.0,4683060.0,368650619.9,270187101.64500004,1.0101746859699383,1.0442791424151896,1.177071428571429,1.9309548026041357,20.46389090293616,15.793015667603058,6.7052631279207064,77.9105176856406,68.106,51.626,56.62621359223302,-2.073928898456201,-8.765995659657266,-1.038648857060176,-14.31647765826858,0.5547331473202725,0.39407113597066656,-4.006007554434655,-16.638567212317405,0.4823306292422661,0.37577975344862946
1752624000,60.958,61.653,60.66,61.355,7603200,2025-07-16,VCB,2025-07-16,0.6512680862232889,0.48806852613130225,8.994173239536686,6.367671023889598,-0.33462744269912026,4.869586025364914,58.322,57.139579999999995,60.22183999999999,59.0188985661251,58.14469654644479,5.20043894242308,7.37740809435421,1.8816429388407885,3.958226077800342,1.628990452442669,0.6512680862232988,0.0,69.9899295065457,466494336.0,6460895.0,4773690.0,382346308.64,275880263.865,1.176802904241595,1.2200832738762752,1.219642857142858,1.987845908471776,19.951624964506202,15.832295951162797,6.338404391470511,80.67986723131503,68.106,51.626,59.03519417475729,-1.4361676492795183,-8.171817705605033,-0.5571435561984899,-14.65979140802851,0.5584116145179652,0.39881190163733937,-3.6667664739295596,-17.22523686440045,0.4846215001441449,0.3812712122199762
1752710400,61.355,62.249,61.355,61.752,9992700,2025-07-17,VCB,2025-07-17,0.6470540298264327,1.3025361724466,9.894646924829154,6.872501341271353,0.5274467669466709,6.15051397531543,58.6,57.240840000000006,60.223459999999996,59.279193940779855,58.28615942697637,5.378839590443696,7.88101642114265,2.5381138845227635,4.171456956196962,1.4570939613723501,0.6470540298264291,0.0,44.40715883668939,617069210.4,6842095.0,4918726.666666667,406544669.64,284921977.69666666,1.4604737291721321,1.5178386447580825,1.2197142857142869,1.9751818333240814,19.8279709305109,15.870420990736553,6.381037611195736,80.89633318243543,68.106,51.626,61.44417475728159,-0.7984064001028135,-7.577639751552789,-0.3099328213322039,-16.56772996262983,0.5994526054489012,0.4174379179543452,-3.6813969854049944,-19.428404947118437,0.5122344990821934,0.3970929260614961
1752796800,61.851,62.149,61.355,61.454,6915300,2025-07-18,VCB,2025-07-18,-0.482575463142898,-1.2771289498626492,8.40551076928504,5.811050465744927,0.9163163426169296,5.760063331440279,58.838249999999995,57.34608,60.223589999999994,59.48631832737225,58.410388469055725,4.445662472966161,7.163384140642215,2.043069833598432,3.3077886276285717,1.2857883145485232,-0.6428941572742558,0.16031869413135613,12.468513853904692,424972846.2,6843535.0,4969803.333333333,408273872.025,288277445.045,1.0104865394858067,1.0409014030022903,1.2410000000000017,2.0193966218635104,20.05080146870202,15.894795928107843,6.410824349547835,77.52376641014025,68.106,51.626,59.63592233009712,-1.2771289498626492,-8.023647384569333,-2.557545517075056,-19.261414512995877,0.6454191252008157,0.43765828602032675,-6.137511408963148,-21.586305351921187,0.5245093209031018,0.40330481694084663
1753056000,61.752,62.249,60.859,60.859,6138200,2025-07-21,VCB,2025-07-21,-0.9682038597975673,-1.7626834110829548,8.305452733485197,5.691014553158968,0.2668995172743216,4.258818289277588,59.071600000000004,57.43942,60.222405,59.61704991524156,58.50641245066139,3.025819513945782,5.953367913533958,1.0570733599895243,2.0832129173183445,2.2618543951573544,-1.4531194063852648,0.4849155465876942,0.0,373564713.8,7026415.0,5039961.666666667,419982613.955,292652550.2183333,0.8735891631792315,0.8894766149534621,1.212642857142859,1.992544828444205,20.131250903851452,15.925294751352459,6.541346632096628,68.67718446601938,68.106,51.626,56.02548543689324,-2.232967597873059,-8.914165980692957,-1.035724430071916,-16.939043250309236,0.7003855937490038,0.4804663419128397,-4.10478809727044,-19.252195171791907,0.5581665789154626,0.43738394964677546
1753142400,60.859,61.752,60.462,61.752,4902600,2025-07-22,VCB,2025-07-22,1.4673261144612981,1.3025361724466,9.894646924829154,6.872501341271353,1.9615613235585583,5.669159294306891,59.349599999999995,57.54664,60.225685000000006,59.820378494742364,58.6336903937727,4.047879008451627,7.307742033244691,2.5343256784875035,3.2290359136183167,2.1196536255935836,1.467326114461297,0.0,100.0,302745355.2,7096165.0,5090651.666666667,425264928.755,295905939.5183334,0.690880214876627,0.7118982420824433,1.2410000000000017,2.0096515092628606,20.409421067342056,16.16416277909282,6.541346632096628,73.33781061114837,68.106,51.626,61.44417475728159,-0.7984064001028135,-7.577639751552789,-0.5511486369698346,-16.521457869093627,0.725753174247008,0.5012879806031598,-3.3115330040743185,-19.37820387196987,0.5791078390930047,0.45736236307993744
1753228800,62.05,62.149,61.355,61.653,5087300,2025-07-23,VCB,2025-07-23,-0.16031869413136723,0.48569798712412293,9.718465261958986,8.000210209158109,0.3662824770463091,5.4997518780266486,59.62265,57.61416,60.226145,59.99491387619547,58.752094692056126,3.4053333758227833,7.0101516710475265,2.369162097291788,2.7637111492919697,1.2857883145485232,-0.6428941572742558,0.4825754631428758,37.53148614609575,313647306.9,7213540.0,5114073.333333333,433249552.02,297630217.1,0.7052431954352509,0.7239414453809317,1.2197142857142873,1.9783535038267193,20.467344756082927,15.940552651850787,6.491746271138698,73.33781061114837,68.106,51.626,60.843446601941764,-0.9574450995196715,-7.725810072588491,-0.9316170500951451,-15.028840497381758,0.7330065319432861,0.5134986926398872,-3.0872616583882397,-17.49592547465124,0.5796391414598944,0.46614681165837063
1753315200,61.752,63.043,61.454,61.653,8710200,2025-07-24,VCB,2025-07-24,0.0,-0.16031869413136723,10.106439975711679,8.000210209158109,0.2585618109083754,6.1025349785740035,59.90560000000001,57.68168,60.226940000000006,60.152826840367325,58.86585568452451,2.916922624929885,6.884889621800205,2.367810816886906,2.493936259411078,2.5773279483561202,-0.16057612768235732,0.16057612768236584,12.52359974826924,537009960.6,7506905.0,5231666.666666667,452140782.91999996,305006141.51666665,1.160291758054751,1.1877052035251077,1.2622857142857156,2.04740355584597,20.31663827930952,15.940552651850787,6.528491585030016,71.7672158350124,68.106,51.626,60.843446601941764,-0.9574450995196715,-7.725810072588491,-1.2689288908519725,-15.982509060486507,0.7359405800188424,0.5132846513940409,-3.398892874784032,-18.58705509198797,0.5852160580622926,0.467170253966546
1753401600,61.653,62.05,61.454,61.554,4978400,2025-07-25,VCB,2025-07-25,-0.16057612768234364,0.16272333778111214,9.34768706032829,8.20398333538419,1.1902022028604353,5.690247252747249,60.1687,57.77104,60.228235000000005,60.28627190318949,58.97127310866081,2.3023598648466814,6.5481943894380334,2.2012350187582186,2.102847060847113,0.9667007282695027,-0.16057612768234578,0.0,16.77852348993322,306440433.6,7551695.0,5274103.333333333,455971918.64,307807472.72,0.6592427263018434,0.6720598814813015,1.2552142857142867,2.039208314186384,20.446062666699827,15.920922682584434,6.481908647841422,70.24466298872628,68.106,51.626,60.242718446601984,-1.1164837989365295,-7.87398039362418,-2.296278406626163,-16.653718695114073,0.7280503329577651,0.507722469825491,-3.7589807807709725,-19.2520572225934,0.5823210644646498,0.46326243422921715
1753660800,61.752,62.546,61.653,62.348,10484700,2025-07-28,VCB,2025-07-28,1.2899242941157407,2.446638952332436,10.174942569358535,9.982536294519218,2.049233992405397,7.298604298965694,60.4566,57.8862,60.23449500000001,60.48262696002858,59.10369377106627,3.1285252561341403,7.707882016784651,3.5087950849425953,3.0841468595671273,1.4507586834324344,0.9682555154823351,0.3216687786333994,77.82754759238519,653700075.6,7928320.0,5413823.333333333,480303672.52,316716941.75500005,1.3224365313206328,1.3610141104485929,1.2622142857142862,2.0244663593287453,20.65958868835097,16.0613158445504,6.481908647841422,71.59702346880361,68.106,51.626,65.06067961165051,0.0,-6.685624485519714,-3.0038928096556283,-15.610786555365873,0.7610487713727668,0.5372827156038511,-4.583848951797975,-18.434394810213405,0.6037869505070796,0.48360592728262347
1753747200,62.745,62.745,60.561,60.561,10595600,2025-07-29,VCB,2025-07-29,-2.866170526720979,-1.9286824718227735,4.811270140703683,7.017140837603808,-1.5172211923114465,4.223243326965775,60.595600000000005,57.963640000000005,60.23348,60.49009105907348,59.160843034946026,-0.05709985543506102,4.481016030049179,0.5437507512433326,0.11722406047838252,3.502919099249371,-3.502919099249371,0.6367485725283784,0.0,641680131.6,7955625.0,5540535.0,483354171.125,324588807.09833336,1.3318375363343546,1.327556830856551,1.219642857142858,2.0139080549245523,22.928714980028943,17.209615662454947,11.326786105736872,46.91542288557213,68.106,51.626,54.217233009708764,-2.866170526720979,-9.360173613709488,-3.576496218234948,-13.230051078334835,0.7260312545600506,0.6161044237317462,-5.0203199308332715,-15.839504055777809,0.6133844774909853,0.5766997233806502
1753833600,60.561,61.454,59.965,60.462,7271000,2025-07-30,VCB,2025-07-30,-0.1634715410907983,-1.9317794754513118,5.001562988433883,6.842198268245281,-1.9953641417988943,4.289780077619665,60.739599999999996,58.0391,60.233630000000005,60.4874157201141,59.21186879828148,-0.45703297354607875,4.1745995372085565,0.3791403573053742,-0.04201819471293389,2.458678027113154,-0.16347154109079548,0.0,33.37810611148427,439619202.0,8173495.0,5621461.666666667,496946585.46500003,329637669.0316667,0.8895827305210317,0.8846407538722537,1.269285714285715,2.099311491987885,22.875954960330944,17.217695556642678,11.350370605674545,46.91542288557218,68.106,51.626,53.616504854368976,-3.0249566946814577,-9.50834393474519,-3.884822150849243,-13.732511617628518,0.7193408817778706,0.6118163554351664,-4.981171911347615,-16.254118156875496,0.6118472407505033,0.575236035071928
1753920000,61.057,61.256,59.667,59.767,6066900,2025-07-31,VCB,2025-07-31,-1.1494823194733939,-3.059056331403165,3.973348642207264,5.429624794933763,-3.227007772020718,3.0909874946097426,60.8538,58.104639999999996,60.22732,60.418804699150854,59.233638649329265,-1.7859196960584134,2.8609763351085338,-0.7643043057535936,-1.078810980118594,2.6280969865369963,-2.133571499454201,0.9840891799808071,6.293266205160573,362600412.3,8107075.0,5672205.0,493821404.58500004,332825489.825,0.7483463517976582,0.7342743934008366,1.2622142857142862,2.1118916554524843,23.37514946211473,17.41121915600924,11.660734370370642,33.32885545405696,68.106,51.626,49.399271844660234,-4.139667671777758,-10.548529521813954,-4.750492858270316,-12.897670842174438,0.7509491613554747,0.6242542462251586,-5.075395619202406,-14.119631366712305,0.6478408327605366,0.5968501952307578
1754006400,59.866,60.164,59.27,59.767,4751600,2025-08-01,VCB,2025-08-01,0.0,-2.9031419566559413,3.0820972749223907,6.362115603644658,-2.3877574352022646,3.0909874946097426,60.94315,58.172160000000005,60.222335,60.35672806113649,59.25455478072812,-1.9299133700834248,2.7415863533346574,-0.7560899124884446,-0.9770709580862902,1.4958087238777225,-0.1656432479461854,0.16564324794619,55.59284116331105,283988877.2,8102165.0,5654275.0,493961278.24500006,332101083.4316667,0.5864605324626195,0.5749213343381628,1.191357142857143,1.993336026330823,23.252830493834455,17.294759261695177,11.660734370370642,34.71872376154495,68.106,51.626,49.399271844660234,-4.139667671777758,-10.548529521813954,-4.721964817264168,-11.621787181804734,0.7375393651904588,0.619506675369343,-5.336933199899096,-13.002646829337404,0.6439763976265429,0.5977349799360339
1754265600,59.667,60.958,59.568,60.66,4462400,2025-08-04,VCB,2025-08-04,1.4941355597570372,-2.7073843587605118,4.266217470521494,7.951309794988615,-0.604630585459387,4.393618669007182,61.06725,58.25356,60.22215,60.38561110293301,59.3096702795231,-0.6668877344239377,4.130974999639503,0.7270580675050597,0.45439450235795764,2.32569812772935,1.6614519718239078,-0.16731641206686465,78.56115107913656,270689184.0,7922475.0,5628773.333333333,484061057.26500005,331000393.8316667,0.563258325207716,0.5592046291214267,1.2055714285714285,1.9874240497385898,23.725982411746585,17.52422134266416,11.660734370370642,47.88532500709621,68.106,51.626,54.817961165048544,-2.7073843587605118,-9.2120032926738,-4.729831200719391,-11.135235410191946,0.751620968994188,0.6400742740001739,-5.315795706735149,-12.542261820999268,0.6600928098324105,0.6201925799186873
1754352000,61.057,63.241,60.759,61.057,18590000,2025-08-05,VCB,2025-08-05,0.6544675239037456,0.819008933141796,4.237302603499793,8.27437002358533,0.4821934039892062,3.0741441015598614,61.19135,58.34688,60.22395,60.44955290265368,59.37819301365945,-0.21955717597339497,4.644841335132233,1.3832536723346722,1.0048826966918112,4.091658424002636,0.0,0.6544675239037456,12.006446414182188,1135049630.0,8332250.0,5815396.666666667,510370646.89,342969952.555,2.231090041705422,2.223971219576499,1.3190000000000002,2.1602764629772184,23.718965616752328,17.551156682390772,11.660734370370642,47.88532500709626,68.106,51.626,57.22694174757286,-2.070635786232111,-8.617825338621564,-5.066386656528743,-11.341689600824179,0.7496763687992716,0.6413544184292728,-6.301058836926043,-13.974288475959074,0.6391097718077994,0.6158100894424686
1754438400,61.653,62.348,61.454,61.851,4677500,2025-08-06,VCB,2025-08-06,1.3004241937861316,2.297310707551836,1.3004241937861316,6.132779655781873,1.678448134144328,2.6879399654668568,61.23105,58.45608,60.229385,60.5830240547819,59.4751658366532,1.0124765131416025,5.807642250386946,2.6923984032046766,2.0929558486079136,1.4642055783939572,0.3242871415234951,0.9761370522626267,44.40715883668895,289308052.5,7743640.0,5759785.0,474617582.87000006,340007694.54,0.6040440929588669,0.609560334344467,1.3473571428571423,2.17839184953702,18.925225586533085,16.41985439064932,11.660734370370642,50.66505441354291,68.106,51.626,62.04490291262138,-0.7971386411753434,-7.429469430517099,-8.647735546872859,-14.02251952801936,0.7084916688466726,0.6544663207675493,-10.365713293497357,-17.14835521369813,0.6131584967336169,0.6408630537485996
1754524800,62.447,62.447,60.859,61.256,9498700,2025-08-07,VCB,2025-08-07,-0.9619892968585786,2.4913413756755265,0.48886118310969007,5.111793675034737,0.7003123458819704,3.992937661279372,61.24594999999999,58.55536,60.22952,60.64711700194553,59.545002470509935,0.01640924828500978,4.612114074612461,1.704280558769189,1.0039768222369627,2.5674605099351684,-1.925595382451379,0.9636060855928053,24.99999999999989,581852367.2,7810930.0,5783586.666666667,478860977.32,341866394.72333336,1.21607798303147,1.2150757626073503,1.4040714285714277,2.292136980167539,19.266033316380046,16.563724585868698,11.780519674004267,48.72093023255813,68.106,51.626,58.4344660194175,-1.7514595496246899,-8.319988026640724,-8.93049633328442,-15.342821006658827,0.7039426990665311,0.6448454348789602,-10.057610582090959,-18.67431967575619,0.6074807441053817,0.6298098201939764
1754611200,61.752,62.844,61.156,61.454,10679800,2025-08-08,VCB,2025-08-08,0.32323364241870767,2.8226278715679287,-1.2771289498626492,7.651613355288522,1.025809633404573,6.489455717479076,61.2062,58.66456,60.229985,60.72396300176024,59.61986511872524,0.4048609454597729,4.75489801679243,2.032235272846239,1.2022222565062135,2.7556484262766134,-0.4864829567715845,0.809716599190291,17.65402843601904,656316429.2,7709825.0,5822170.0,472142770.125,344846452.33000004,1.385219508873418,1.3900804390719357,1.4253571428571423,2.3193887181585287,17.675851320132434,15.961729869519273,11.780519674004267,54.051477597712115,68.106,51.626,59.63592233009712,-1.4338872137037217,-8.023647384569333,-10.002159133157562,-14.137396856869234,0.6730902360703138,0.6309831813870359,-9.750726982497326,-17.242206528563432,0.5726384410622462,0.6069869924579885
1754870400,61.653,62.745,61.653,62.05,7266300,2025-08-11,VCB,2025-08-11,0.9698310931753884,2.291460600065953,0.15980371583992348,9.648347764622711,2.0055893473615027,7.028891763691236,61.21115000000001,58.789660000000005,60.23475499999999,60.85025223968783,59.715164525834055,1.3704202584006175,5.545771144109346,3.01361730449472,1.9716397486511328,1.7769388485696598,0.6460116509909827,0.3238194421844032,36.35531135531125,450873915.0,7749390.0,5863535.0,474629829.625,347848530.9800001,0.9376608997611425,0.9499485427543202,1.4254285714285706,2.2972257396109117,17.964431998237718,15.916037991913083,11.886965551039005,52.11467499290375,68.106,51.626,63.25242718446603,-0.47796240456791095,-7.131632118536258,-8.439099998745014,-13.53859342909165,0.6701136732998675,0.627749426402097,-8.325180651958995,-16.599160842008942,0.5694692738017223,0.6035581877914064
1754956800,62.348,64.333,62.249,62.546,12129000,2025-08-12,VCB,2025-08-12,0.7993553585817992,2.438704816810522,2.6050723448932,10.331810404134846,2.709537572254339,7.393543956043946,61.290549999999996,58.91276,60.244,61.01175202638423,59.8261776816837,2.048358188986721,6.167152922388963,3.8211274151782826,2.5146761446094734,3.3585817888799294,0.3190975020145051,0.4802578565672899,14.251439539347293,758620434.0,8040070.0,6001235.0,493312143.6650001,356838598.83000004,1.5085689552454145,1.537810175042369,1.5317857142857132,2.4490546386430996,17.09953697631631,15.9701378065122,11.118624116628398,55.998925164584186,68.106,51.626,66.26213592233012,0.0,-6.3892838434483235,-7.497963974553622,-11.952339692812263,0.6888347234320624,0.6362957014339163,-7.522042045509858,-14.373344762399196,0.5952235444338188,0.6167822420476698
1755043200,63.043,63.142,61.554,62.05,7519800,2025-08-13,VCB,2025-08-13,-0.7930163399737844,0.32174095810899583,1.1327520169505334,9.45686111944115,1.8950341565948436,7.028891763691236,61.325300000000006,59.029920000000004,60.25043000000001,61.110632785776204,59.91338640004905,1.181730868010411,5.116185148141805,2.986816857572605,1.5371583821047086,2.5389313465289565,-1.5876315032136383,0.7946151632398646,31.234256926951815,466603590.0,8035900.0,6040535.0,493317606.36500007,359738370.65999997,0.9357757065170049,0.945848240524311,1.531714285714285,2.4685161735927235,17.287799072046877,16.088227397287675,11.147951579916626,52.50031490112104,68.106,51.626,63.25242718446603,-0.7930163399737844,-7.131632118536258,-8.093460647488593,-12.35259430552389,0.6927791115594318,0.6349081659457602,-7.495114337529717,-14.09953049368027,0.603373598731723,0.6205443175841479
1755129600,63.241,65.823,62.844,64.731,19003100,2025-08-14,VCB,2025-08-14,4.320709105560039,5.67291367376257,4.824135250680128,14.588422729686656,4.698670462265064,11.145260989010985,61.474250000000005,59.20664,60.269605,61.455429663321326,60.10231242357654,5.297746617486165,9.330642644135857,7.402396282504253,5.329993386464982,4.800966962127305,2.401289282836414,1.9194198227236114,63.34340382678746,1230089666.1,8486420.0,6295681.666666667,523968629.15,376761681.64500004,2.2392363328706333,2.347639911373118,1.7586428571428563,2.716847966419268,22.933103891908157,18.173414806045205,11.147951579916626,65.09837467921298,68.106,51.626,79.52063106796116,0.0,-3.119060091296866,-5.288548556811091,-10.289035712741669,0.7837019596874129,0.6420448689290221,-4.907313944890924,-12.669728750207778,0.6901199366073857,0.6402798260195204
1755216000,66.915,67.014,63.738,63.837,16667800,2025-08-15,VCB,2025-08-15,-1.3811002456319055,3.8776971393237325,3.8776971393237325,13.204234718306118,2.8103459382851304,9.48428147563758,61.59340000000001,59.36946,60.283975,61.68224588586215,60.248770759906876,3.642598070572478,7.5249800149774115,5.893813405635595,3.4933133241047187,5.06094452426194,-4.7550632618065585,3.3739630161746526,3.02197802197814,1064022348.6,8974045.0,6514370.0,555921104.27,391162209.43,1.857334123018104,1.9139808516483756,1.9217857142857133,3.010457437357196,23.52567681575239,18.455121830730114,11.694791335893886,57.00969776857173,68.106,51.626,74.09587378640782,-1.3811002456319055,-4.457082990346473,-4.986376380659173,-10.801060231711368,0.7983556199005943,0.6498644614859848,-4.59843598231917,-13.321237113679118,0.7029685298753507,0.6461355990709793
1755475200,64.333,65.128,63.539,64.036,8297300,2025-08-18,VCB,2025-08-18,0.31173144101381833,3.2006446414182266,5.220263231403743,13.157801731754715,4.133736624711348,7.739417188236097,61.75224999999999,59.54022,60.298675,61.90641294435147,60.39728955363602,3.6982458129056317,7.550828666739906,6.198021764159822,3.440010419538986,2.489152059150647,-0.46524742704073974,0.7769788680545675,31.277533039647597,531325902.8,9082000.0,6573853.333333333,563809163.72,395558066.1933333,0.9135983263598326,0.9423860713691203,1.8792857142857133,2.934733141179514,23.117326974292894,18.453986631631956,11.60872746345818,69.23502712277211,68.106,51.626,75.30339805825247,-1.0736741283156381,-4.159245678365631,-4.9692926758047715,-9.645779479643311,0.811620359701433,0.6542028391976823,-4.503579870201845,-12.30274537643785,0.7050506592979817,0.6463802171700522
1755561600,64.036,64.929,63.738,63.738,9191400,2025-08-19,VCB,2025-08-19,-0.4653632331813373,1.9057973331627842,3.216090167120078,13.028674788530093,3.9856432009136133,9.067574736049554,61.851549999999996,59.705020000000005,60.31188499999999,62.08084980679419,60.52829780643461,3.0499639863512007,6.754842390137372,5.680663106450767,2.669341992519647,1.859891311137489,-0.4653632331813384,0.0,0.0,585841453.2,9296440.0,6634561.666666667,577963968.62,400106956.7483333,0.9887010511550658,1.0136297157049583,1.8579999999999994,2.9150585208196045,22.799623836054277,18.470306576189756,11.52293746753136,67.74263431542462,68.106,51.626,73.49514563106798,-1.5340408768596103,-4.605253311382174,-6.366961623491641,-10.436592674766953,0.7963302393209052,0.6444351594551243,-6.112524912772188,-13.80308814537301,0.6850940776286476,0.6316934749581592
1755648000,64.036,64.135,61.752,62.546,10537600,2025-08-20,VCB,2025-08-20,-1.8701559509240906,0.7993553585817992,1.4484291113165737,10.91486230072174,0.19543765218505982,7.515384879843223,61.8962,59.84996,60.320135,62.12514982519475,60.60742338265286,1.049822121551891,4.504664664771707,3.6900862373733023,0.6774231949370435,3.738742979070574,-2.3376949386551225,0.4675389877310199,33.31934536298766,659084729.6,9568955.0,6727685.0,595235839.755,406439256.77166665,1.1012278770252342,1.107266541395223,1.9147142857142856,3.061289747888411,23.9072349544173,18.952865640528085,12.590221298068604,64.28204337547538,68.106,51.626,66.26213592233012,-3.37550787103551,-6.3892838434483235,-8.605726452026907,-13.118017188349484,0.7851994136139336,0.6193786299954213,-9.165541766052598,-16.753952591157127,0.6637480213661441,0.5979100093194215
1755734400,62.844,64.532,62.844,63.738,9639300,2025-08-21,VCB,2025-08-21,1.9057973331627842,-1.5340408768596103,3.3818305678555705,13.22745683223192,2.871253570909782,8.942672546405506,62.00045,60.01277999999999,60.328035,62.27875460374763,60.730191093137066,2.8024796594218193,6.207377828522542,5.652372068806821,2.343086989354415,2.698813673136564,1.4293479998720915,0.47644933329069605,52.96208530805693,614389703.4,9615410.0,6823265.0,599104826.895,413015883.2616666,1.002484553440779,1.0255128582158441,1.9927142857142854,3.1264148321476752,24.76172268878755,19.26365770293919,12.590221298068604,68.18056954491348,68.106,51.626,73.49514563106798,-1.5340408768596103,-4.605253311382174,-7.596328825183307,-12.568080705216113,0.8020751331051459,0.6281031138361337,-9.480927749776558,-17.74133966392266,0.672432879343139,0.614038001561831
1755820800,63.539,66.716,63.241,64.135,18944300,2025-08-22,VCB,2025-08-22,0.6228623427154911,0.46681391669407546,4.193066250771693,14.539057756188178,3.511999870882354,8.756846585609889,62.12950000000001,60.17958000000001,60.338249999999995,62.45553987958119,60.863713011053264,3.2279351998647954,6.572694591753536,6.292443019146243,2.6890490798045175,5.452006652232568,0.9350779754620534,-0.3122156327465486,25.72661870503617,1214992680.5,10313705.0,7073436.666666667,644532439.24,429594421.33666664,1.8368084020242967,1.885076074576879,2.1416428571428563,3.3392731849112907,24.775836401216814,19.218309113353456,12.65875784691374,66.66666666666671,68.106,51.626,75.90412621359229,-0.9207334970879333,-4.011075357329929,-3.27462101288325,-8.939105233456136,0.6738961732467643,0.5637424896094742,-4.47448300551676,-12.878620373728644,0.5469094563933941,0.5423339212067508
1756080000,65.326,65.326,62.944,63.142,7750800,2025-08-25,VCB,2025-08-25,-1.548296561939666,-1.3960896995440009,1.273497145056779,13.167846581234887,2.237694300518145,4.714837725335408,62.169200000000004,60.318580000000004,60.34682000000001,62.52091703390679,60.953057598855096,1.5647619721662842,4.680846266606409,4.63185964065711,0.9934002819510512,3.7140406954081087,-3.405316909643705,1.8570203477040526,8.312342569269571,489401013.6,10177010.0,7148855.0,636317486.14,434751472.705,0.7615989372124032,0.7691145132106648,2.12742857142857,3.369276506015916,25.190672673952736,19.5274787936661,13.06258187589723,59.459214227384095,68.106,51.626,69.87864077669907,-2.4547743739475547,-5.497268577415248,-2.3613605041322483,-7.615660116362967,0.682174936294581,0.5846300095313287,-3.8862369950563247,-12.135728862884744,0.5598996344820795,0.5598183857004808
1756166400,63.142,64.532,62.447,64.135,7988400,2025-08-26,VCB,2025-08-26,1.572645782521942,0.6228623427154911,5.901487756146695,13.732687840258206,3.8455310880829208,4.0696447985461015,62.3479,60.465520000000005,60.36002499999999,62.67463922115376,61.07783965380196,2.8663355141071323,6.06871486427305,6.254097807282233,2.3300665101448903,3.302081023724294,1.5726457825219378,0.0,80.95923261390922,512336034.00000006,10046650.0,7225928.333333333,629850281.26,440128751.205,0.7951307152135288,0.8134251094959971,2.1841428571428554,3.405539654077891,23.162445571114837,19.648744284030553,9.9398123581956,60.17825311942961,68.106,51.626,75.90412621359229,-0.9207334970879333,-4.011075357329929,-5.764431181050723,-10.047605349572942,0.6515942054870839,0.5904393784365032,-8.146585074747215,-14.863777765116426,0.5406329165062881,0.5677339806158397
1756252800,64.532,68.602,64.532,68.602,31048100,2025-08-27,VCB,2025-08-27,6.9649957121696415,9.682473699357285,13.46300155469551,22.08499430523918,10.484442440249953,11.800655139257854,62.7549,60.71171999999999,60.39457,63.23914977152007,61.37290476541757,9.317360078655224,12.996304502656187,13.589681986311032,8.480269339255276,6.345988929601633,6.345988929601633,0.6190067825680101,100.0,2129961756.2,11235505.0,7698555.0,714367408.97,473108370.875,2.7633915876500432,2.981605444838327,2.389785714285712,3.4835510834752808,33.01022674129996,23.980021590281936,10.011713589523046,74.33739729658099,68.602,51.626,100.0,0.0,0.0,2.508722321727209,-2.2168767842729125,0.6443127437902714,0.4776613549096731,0.10926898500494175,-6.708690550677442,0.5069570729376972,0.43585582562891284
1756339200,69.0,70.092,68.205,68.503,8799400,2025-08-28,VCB,2025-08-28,-0.14431066149674932,7.475917035363522,14.616761758160845,22.556579300474098,8.469772302625334,11.639314874268681,63.191700000000004,60.95794,60.427620000000005,63.74046884089911,61.652516343244336,8.405059525222459,12.377485197170369,13.363723409924134,7.471754202167102,2.7506486691350114,-0.7244686743826709,0.5801580128859118,15.792262851086472,602785298.2,11372130.0,7798826.666666667,726376653.265,480562102.9366666,0.7737688542076111,0.8298522474401296,2.4039999999999977,3.5093353575755772,32.47046142273914,23.933181057731968,9.654382137335798,73.5076368972187,70.092,51.626,91.39499620924944,-0.14431066149674932,-0.14431066149674932,2.7473690046533985,-2.685394039614877,0.639459243612095,0.4736828518612842,-0.6114100811437826,-7.381007094197692,0.5018685807585239,0.43156544523105256
1756425600,68.702,69.595,68.007,68.106,14696100,2025-08-29,VCB,2025-08-29,-0.5795366626279219,6.191627036719405,13.95251560225541,22.281671933352488,5.947139990355144,11.473746235432758,63.60865,61.18628,60.462005,64.15623371319444,61.90559413370534,7.070343420273817,11.309267371704902,12.642642267652215,6.156480918849883,2.3181466505116473,-0.8700348889829697,0.2904982263550515,6.234256926951506,1000892586.5999999,11869355.0,8001563.333333333,762221838.7349999,494893367.67333335,1.238154895527179,1.3131250454081758,2.4252142857142833,3.560940718459876,32.70140976208333,23.965725988153448,9.588127435115512,70.46775719886438,70.092,51.626,89.24509910105056,-0.7230109909332261,-0.7230109909332261,1.4459111787964876,-4.210744732687541,0.6448782029622406,0.4718596027733971,-1.6145770989855386,-9.178471691953202,0.5037059457096832,0.42843017940336103
1756857600,68.305,68.305,66.518,66.518,14216900,2025-09-03,VCB,2025-09-03,-2.3316594719995254,5.3466789141934035,9.65710517639302,19.856571407978674,3.476813465457429,9.469422684484229,63.90155,61.392799999999994,60.489115,64.38116383574734,62.086472795128664,4.094501620070257,8.348210213575546,9.966892390473902,3.3190393539704655,2.623851055707289,-2.623851055707289,0.2921915837077682,0.0,945679754.2,12357080.0,8201446.666666667,795971367.245,508597663.54,1.1505064303217265,1.1880826284909816,2.389785714285712,3.5926902707323007,34.21486805339071,24.54818905911815,11.682725049967862,62.50157371270302,70.092,51.626,80.64551066825518,-3.0378123086790554,-3.0378123086790554,-0.36193695842006335,-8.431120207120113,0.6748044392392518,0.4710187834979847,-2.8258069587130183,-13.29846668562276,0.5303814257001123,0.43217811542020496
1756944000,67.014,68.503,66.418,68.404,8942100,2025-09-04,VCB,2025-09-04,2.835322769776605,6.656271926405233,12.033018327136924,23.25489206818263,3.29809725158563,13.068200601672775,64.2689,61.63704,60.52599,64.7642910894857,62.33421896002558,6.4340606420834945,10.978723183332617,13.015912668260366,5.619931677296153,3.1344899125048764,2.0896599416699244,0.7456628281066635,95.25179856115088,611675408.4,11874685.0,8313291.666666667,769802656.1650001,516728283.06,0.7530389227166868,0.7945872926020315,2.4252857142857116,3.545532007317864,35.22035067187184,25.075397221805098,11.682725049967862,68.38967353554064,70.092,51.626,90.8588757716885,-0.28862132299350973,-0.28862132299350973,2.3933583071001028,-5.6200006177461255,0.6895886346925769,0.471961580285161,0.6063399080364693,-10.825630703417996,0.5483572862715511,0.4388945199263005
1757030400,69.0,69.099,67.014,67.014,11047800,2025-09-05,VCB,2025-09-05,-2.032044909654407,-2.3148013177458515,8.34748023475771,21.184831552107617,3.0540690164236883,10.2856954775854,64.52705,61.85348,60.55392,64.97854908096325,62.517739785122615,3.8541200938211118,8.343136069304435,10.668310160597372,3.132496720572475,3.048067364481621,-2.9033389860242154,0.8712940763698107,0.0,740357269.1999999,12193200.0,8459158.333333334,792355117.0,526951646.81,0.9060623954335203,0.9343755764500223,2.304714285714284,3.439153439153437,36.30189919558545,25.51129343292638,12.702733742751008,57.14106975289334,70.092,51.626,83.33152821401492,-2.3148013177458515,-2.3148013177458515,2.4213566160477873,-5.561670880982408,0.7134696873637619,0.49488167204729716,1.2582159700577966,-10.152036397933298,0.5713853863779388,0.463732322887458
1757289600,66.617,67.014,64.83,64.83,11249800,2025-09-08,VCB,2025-09-08,-3.2590205031784336,-5.361808971869852,5.834530494971912,16.60701116966743,-1.0606638687523984,6.460194429847599,64.70575,62.030199999999994,60.57259,64.96440154944294,62.60841665629428,0.19202312004729105,4.513607887770799,7.028608154282323,-0.2068849188746058,3.259020503178437,-2.666606977646471,-0.5924135255319651,0.0,729324534.0,12280755.0,8603975.0,799728725.34,536734175.75,0.9160511711209938,0.9119649087131788,2.226714285714284,3.4346973402965975,38.325964624652705,26.546851363939787,15.797807053640541,52.87409551374818,70.092,51.626,71.50438643994367,-5.498381971371103,-5.498381971371103,3.1338268706428085,-6.185300185671604,0.7659712146114501,0.539326442043649,1.6629882867118306,-11.36857233361832,0.6213378946473396,0.49963745250351366
1757376000,65.028,65.723,64.036,64.433,6192300,2025-09-09,VCB,2025-09-09,-0.6123708159802455,-5.393063753560612,4.847528232499121,15.481673985124122,-3.5650677243133866,6.620664548583544,64.85470000000001,62.19302,60.590275,64.91379187806743,62.67996894428274,-0.6502227286534379,3.6016581925110147,6.342148141760395,-0.7406621369007826,2.6021903439765506,-0.9177849760913139,0.3054141601110727,23.53289863663344,398988465.90000004,12056380.0,8617765.0,786862327.175,538395073.59,0.5136118801829405,0.5070626107269005,2.233714285714284,3.4667240167527256,38.46567154056608,26.60755124753445,15.57550596770079,51.13603845933727,70.092,51.626,69.35448933174487,-6.077082300807557,-6.077082300807557,1.543323052525003,-8.9829741687957,0.768866601778841,0.5378834131118669,-0.7097623497758443,-14.775962326608674,0.6246155204671933,0.4984016706826601
1757462400,65.128,65.525,64.333,65.326,5006400,2025-09-10,VCB,2025-09-10,1.385935778250258,-1.791996151417674,5.2796132151490704,16.25498291571752,-1.4973084636378808,9.178727813617659,65.01849999999999,62.367740000000005,60.614745,64.95304979444195,62.78373486803636,0.47294231641763496,4.743253483291188,7.772457015203149,0.5741842865551794,1.8499837040026186,0.3072959508326374,1.0786398274176268,83.30536912751585,327048086.4,11943385.0,8628928.333333334,780671035.745,539784504.5766666,0.4191776451985765,0.4189320103158376,2.233785714285713,3.41944358185977,38.59503518118185,26.69286520026477,15.57550596770079,54.39450963028558,70.092,51.626,74.19040398570343,-4.7753709804378985,-4.7753709804378985,2.373910774108512,-6.549569774270616,0.7790465601491808,0.5370471154430222,0.3005673456961677,-12.490044718316362,0.6226573820738582,0.49338306721882824
1757548800,65.128,65.525,63.738,65.227,6349100,2025-09-11,VCB,2025-09-11,-0.15154762269232736,-4.644465235951101,4.286445176350218,14.860533915615992,-1.2026476424167987,8.893155258764619,65.15255,62.516659999999995,60.64204000000001,64.97914029020939,62.8795491869369,0.1142702779860505,4.335388358879078,7.560695517499072,0.38144504326100837,2.735511128800181,0.15154762269234878,-0.3030952453846769,83.32400671516503,414132745.70000005,11654390.0,8648750.0,763446651.33,541803138.2983334,0.5447818375736525,0.5424514535213948,2.1912142857142847,3.3593669580300864,38.57458905962781,26.65411796491764,15.487652317995362,57.896907216494874,70.092,51.626,73.65428354814256,-4.919681641934637,-4.919681641934637,1.2066426617688863,-8.146240639363267,0.7711707346030587,0.5328892128711481,-1.4010637255156055,-14.739365482870781,0.6108421613642302,0.486811974613401
1757635200,65.723,65.723,64.532,65.326,5694200,2025-09-12,VCB,2025-09-12,0.15177763809464118,-2.5188766526397455,5.2796132151490704,16.048461593121566,-1.4973084636378808,9.058430717863097,65.31635,62.67153999999999,60.668835,65.01217454828468,62.975488434508,0.014774248714122251,4.235511046960072,7.6763712373906445,0.48271797381924664,1.8259309795023568,-0.6086436598341263,0.7604212979287706,66.66666666666627,371979309.2,11563110.0,8686635.0,758715437.29,544793117.4316667,0.49244537153066953,0.49027512940641566,2.134428571428571,3.267349250571857,38.38512020269075,26.553023755108278,15.718252468851897,54.999370356378286,70.092,51.626,74.19040398570343,-4.7753709804378985,-4.7753709804378985,1.8259026169857417,-7.742959744389477,0.7661784445203788,0.531016683184391,-1.092021775812957,-14.130395202808632,0.6077394567511959,0.48595630801853124
1757894400,65.525,65.525,65.028,65.326,5367400,2025-09-15,VCB,2025-09-15,0.0,0.7650778960357707,0.9191886422270645,16.25498291571752,-0.3037008775276795,10.529076358222067,65.3461,62.8284,60.694965,65.04206268654328,63.067665358644945,-0.03075929550503398,3.9752723290741088,7.630015109161015,0.43654414040510403,0.7607996815969138,-0.30462602945230427,0.3046260294523151,59.95975855130536,350630772.4,10881325.0,8736613.333333334,714742492.605,548418597.1316667,0.4932671342874144,0.4905693673284581,1.9217142857142855,2.9417296110496367,35.29982172939446,26.54295708991809,15.718252468851897,53.84565708750401,70.092,51.626,74.19040398570343,-4.7753709804378985,-4.7753709804378985,-1.775409362271052,-8.364111193924217,0.7594405181943106,0.5281211500899011,-3.706239225181429,-14.138263801436658,0.6071715362658517,0.48574135204135555
1757980800,65.525,66.12,65.128,65.128,6765400,2025-09-16,VCB,2025-09-16,-0.3030952453846769,1.0786398274176268,2.022338142456559,14.886485914374914,-1.3525999303252045,10.941146410016177,65.41065,62.971360000000004,60.719775,65.05024719258677,63.14846279556083,-0.43211617679995706,3.424795017925608,7.25994949750719,0.11952730507394094,1.518537795058636,-0.6077212748369801,0.3046260294523151,0.0,440616971.2,10386205.0,8734595.0,683572223.735,549255733.3433334,0.6513832530746312,0.6445799813112559,1.8224285714285722,2.798225911172725,34.91789895440257,26.53613334129578,15.580956298052259,56.75970047651465,70.092,51.626,73.11816311058162,-5.063992303431397,-5.063992303431397,-1.1003612440465105,-9.684603869595152,0.767799316931765,0.5342235955178535,-3.1446322767219037,-15.785411186357388,0.6159370520632328,0.49225046765862845
1758067200,65.028,65.326,64.333,64.333,5627200,2025-09-17,VCB,2025-09-17,-1.2206731359783785,-1.5200685791262214,0.4638016115934729,14.487827448747147,-2.114936932276368,8.23911434147655,65.4255,63.09446,60.738285,64.98193793614993,63.19491523495061,-1.6698382129292089,1.9629932643848713,5.918367632540167,-0.9986435565950136,1.5246898415428003,-1.0671293452892878,-0.1535437906890924,0.0,362014657.59999996,10252700.0,8787038.333333334,675106661.475,552966146.3833334,0.5488505466852633,0.5362332772854823,1.7444285714285723,2.7115610517597073,35.23014570735791,26.607506018595657,15.492329469327505,50.68313552304718,70.092,51.626,68.81295353622875,-6.222850645753775,-6.222850645753775,-1.6506346100434444,-8.542256928875847,0.7812889526378958,0.5449466159991821,-4.153382958232488,-14.547882891509147,0.629508656046072,0.5027221558476294
1758153600,64.433,64.433,63.142,63.44,8783400,2025-09-18,VCB,2025-09-18,-1.3880900937310536,-2.739663022981287,-0.467538987731031,12.89863325740319,-2.8870587514925106,6.262876668732509,65.4106,63.19176,60.74868000000001,64.83508670413565,63.20452640220745,-3.0126615563838333,0.3928360279884524,4.430252640880417,-2.1517464926080865,2.0067461489437832,-1.5435313136337638,0.15544121990269666,23.08288148721873,557218896.0,10232300.0,8874968.333333334,673675533.615,558968143.6633334,0.8583993823480547,0.8271324520424783,1.5175714285714297,2.3921365519726194,35.5585301958935,26.812125367833012,15.63211740104121,26.360139219637162,70.092,51.626,63.97703888227011,-7.524561966123445,-7.524561966123445,-1.1313039496461674,-8.934593986390581,0.7920731738704094,0.549592901364342,-3.2999683150842896,-14.373721131440131,0.6411351733760686,0.5088516814822671
1758240000,63.738,64.036,62.546,62.546,6932700,2025-09-19,VCB,2025-09-19,-1.4092055485498078,-4.255579707926394,0.0,11.307659453302964,-3.8168173709786646,5.943730203092978,65.4106,63.221540000000005,60.753605,64.61707844659892,63.178701837415005,-4.37941251112205,-1.0685282262975604,2.9502693708463923,-3.2051564329243276,2.348675914249688,-1.8789407313997482,0.46973518284993965,0.0,433612654.2,10052055.0,8944850.0,662401929.845,563629107.2066666,0.6896798714292749,0.6546065684039658,1.489214285714287,2.3809904481730038,35.273505151671245,27.015431003896122,15.284412753465372,24.57098949884731,70.092,51.626,59.13570887035634,-8.827730969942571,-8.827730969942571,0.34487731019731127,-10.04737987356734,0.8015865297882947,0.5534258980508998,-1.6992441726917606,-15.591532554121844,0.6473512944614852,0.5104566862878732
1758499200,62.546,62.745,61.355,61.554,6061300,2025-09-22,VCB,2025-09-22,-1.5860326799475577,-5.774117502985021,-3.4265273463240153,9.929635318069806,-4.319711501095858,2.4193011647254625,65.3014,63.23346000000001,60.753904999999996,64.32535668977998,63.11498803986932,-5.738621224047257,-2.655967267962256,1.31694415363095,-4.30834251436073,2.2223643398458743,-1.5860326799475541,0.0,14.316546762590294,373097260.2,9873155.0,8998490.0,650337307.6850001,567194305.8333334,0.6139172331438127,0.5736980729709494,1.4750714285714304,2.3963859839676225,34.97789594819525,27.239128615651957,15.290430036915295,23.383165420864373,70.092,51.626,53.763673778836804,-10.27375295180899,-10.27375295180899,-0.25413398139511045,-9.751546812313073,0.8078259062126089,0.5632317196812396,-0.47651907926051784,-14.396498724032725,0.6492698508843687,0.522312331531978
1758585600,61.951,62.646,61.752,61.752,3267800,2025-09-23,VCB,2025-09-23,0.3216687786333994,-5.183638373664168,-3.715599906447342,9.699424429759107,-2.8124458993688872,2.1842732327243874,65.18225,63.22352,60.752869999999994,64.08027510027712,63.061537528501894,-5.262552305267143,-2.3274882512077766,1.6445807416176628,-3.633372510704236,1.4523832732235085,-0.3232933684244697,0.6449621470578704,0.0,201793185.6,9089330.0,8984910.0,599677332.94,566727230.2733333,0.35952044870193955,0.3365029400238981,1.4254285714285726,2.30831158736328,34.9057086869443,27.230659134180623,15.290430036915295,28.173658179153577,70.092,51.626,54.83591465395865,-9.985131628815491,-9.985131628815491,-3.0951084966981512,-9.537290264285113,0.806379026650469,0.5625662301458623,-4.125187452339896,-13.714244610616523,0.6482802325839627,0.5213179445289025
1758672000,61.951,62.249,61.355,62.249,3879200,2025-09-24,VCB,2025-09-24,0.8048322321544177,-3.239395022772129,-1.4142725919356391,9.999999999999986,-2.7906177775001595,2.4438812454742997,65.13759999999999,63.229479999999995,60.751329999999996,63.90586794786977,63.0296733116979,-4.434612266954863,-1.5506690866348927,2.465246439872182,-2.5926695013693157,1.4477263894286914,0.48257546314289707,0.3222567690115197,100.0,241476320.8,8895750.0,9000360.0,587281098.3,567967418.9866667,0.43607340583986737,0.4111767286551542,1.340357142857145,2.153218755091881,34.668962098684055,27.252086799738763,15.311150161003345,17.70385140098631,70.092,51.626,57.52734755767358,-9.260662954432819,-9.260662954432819,-4.105052812873289,-10.448814377175598,0.8036777130384616,0.563869815473195,-5.360165184694409,-15.44194482795962,0.6462927416254082,0.52356696550822
1758758400,62.844,62.944,62.249,62.546,3870300,2025-09-25,VCB,2025-09-25,0.4771160982505629,-1.4092055485498078,-2.4775863413112997,8.246655474983132,-2.7777345996611413,3.9557225010803387,65.05815,63.26124,60.75526,63.77635671473932,63.010705730847,-3.861391693431182,-1.130613310772921,2.9474649602355463,-1.9291737222345562,1.1164837989365295,-0.4787225497598384,0.9558386480104097,42.73381294963984,242071783.8,8689845.0,8897373.333333334,573767885.7900001,562324112.725,0.44538193719220537,0.42189845370432366,1.2410714285714302,1.9842538748623895,34.20428413669774,26.96200827713,15.311150161003345,23.5182550972023,70.092,51.626,59.13570887035634,-8.827730969942571,-8.827730969942571,-2.3852397176597595,-12.673770699318677,0.8087627326416139,0.5735520212453532,-2.9978535055307676,-17.66584723475022,0.6555510097911272,0.5362542523823977
1758844800,62.745,62.944,62.447,62.546,3981900,2025-09-26,VCB,2025-09-26,0.0,0.0,-8.827730969942571,8.620749539786733,4.476664550830178,3.613020790192989,64.75534999999999,63.28506,60.757529999999996,63.65917988476415,62.99248197669614,-3.4118416470608093,-1.167826972116326,2.943618675742754,-1.7486557112096457,0.7946151632398553,-0.3181658299491544,0.31816582994914633,19.919517102615025,249051917.4,7336535.0,8915178.333333334,479722393.85,563678796.095,0.5427494041805839,0.5191584145181135,1.1205714285714303,1.7915956713002117,21.798490242576918,26.94447832063917,15.311150161003345,31.733845169545603,70.092,51.626,59.13570887035634,-8.827730969942571,-8.827730969942571,-8.105579820359244,-11.32089383478625,0.8072773045028584,0.5741451957367639,-9.049526431250088,-16.325297022030426,0.6538504849052381,0.5363919819120825
1759104000,62.447,62.447,61.951,62.149,2782900,2025-09-29,VCB,2025-09-29,-0.6347328366322347,0.9666309256912697,-9.275506182211002,8.117182471339369,4.332863282299226,2.6170662439733094,64.43764999999999,63.29299999999999,60.756155,63.515353229072325,62.959404252119825,-3.55172791062367,-1.8074668604742938,2.2925167005713343,-2.1512172405693475,0.7930163399737828,-0.476449333290701,-0.15828350334153862,39.91935483870958,172954452.1,7035710.0,8838305.0,458230851.54499996,559476303.1316667,0.3955393272320775,0.3774395624320272,1.0425714285714303,1.6775353240944024,21.776163233891655,26.984896006099827,15.151596797470551,31.73384516954556,70.092,51.626,56.98581176215749,-9.406431299379026,-9.406431299379026,-8.41999174317385,-12.470967692196488,0.8074850493114103,0.5725847764033387,-9.330846822658035,-17.607230167061914,0.6528656584979187,0.5342559461082756
1759190400,62.348,62.447,61.355,61.554,4104100,2025-09-30,VCB,2025-09-30,-0.9573766271380069,-0.32063738826273447,-9.620297771121479,6.164194549844781,11.11231452399004,-0.11845457348240718,64.11004999999999,63.295,60.75113999999999,63.32855768344639,62.90429035987983,-3.9869724013629426,-2.7506122126550236,1.3215554473545943,-2.802144480088553,1.757067692159175,-1.277574860416092,0.3201982332780906,18.2234432234436,252623771.4,6506110.0,8825876.666666666,420817410.785,559000175.9216667,0.6308070413811018,0.6003168236997402,1.0354285714285731,1.6821466865330819,21.841065120766505,27.03541916650219,15.14617493369737,18.323815922069073,70.092,51.626,53.763673778836804,-10.27375295180899,-10.27375295180899,-8.401068305121395,-13.643732081589198,0.8112910164067217,0.5754096148284644,-9.499678915982047,-18.981395433833036,0.6547295594221371,0.5350145817002602
1759276800,62.249,62.249,61.554,61.951,3022000,2025-10-01,VCB,2025-10-01,0.6449621470578704,-0.47872254975983575,-6.865810757990321,6.485269345800826,18.85768005832471,0.8514032688676121,63.8817,63.31684,60.74446,63.197361713594354,62.86690642419827,-3.022305292438998,-2.157151241281152,1.9862552074707773,-1.9721736474423879,1.1290899047990386,-0.4841277577411733,1.12908990479903,57.12230215827314,187215922.0,5946365.0,8741973.333333334,382894219.175,554308881.2283334,0.5082096373162428,0.48894946077635565,0.9574285714285727,1.5454610440970649,21.063890318668854,27.05348340487197,14.24154355569678,23.800383877159177,70.092,51.626,55.91357088703565,-9.695052622372536,-9.695052622372536,-5.8992967509719385,-12.27213048016953,0.8143779259844347,0.5751692670333765,-7.459490009868442,-17.50754546999598,0.6582611647427216,0.5353722922644507
1759363200,61.951,62.646,61.653,61.653,3657500,2025-10-02,VCB,2025-10-02,-0.4810253264676989,-1.427749176606019,-9.869305888544522,5.254801536491671,10.695561620224069,0.3662824770463091,63.54415,63.31486000000001,60.738945,63.05027964563298,62.819302250700304,-2.976119752959172,-2.6247550732956038,1.5048911369797358,-2.2161355246737013,1.6028796952430182,-0.4810253264676952,0.0,0.0,225495847.5,5682135.0,8629690.0,363585241.13,547919514.7283334,0.6436841081741282,0.6202007727243635,0.9432857142857155,1.5299915888695044,17.388113646244,27.055038980522905,14.038858949979197,21.531545496822176,70.092,51.626,54.2997942163977,-10.129442290312241,-10.129442290312241,-7.300169714894977,-11.506534001072088,0.8113344550906427,0.5749473107790476,-8.606292175369147,-16.35877879922407,0.6589158216223254,0.5354945511284653
1759449600,62.0,62.0,61.4,61.7,2821100,2025-10-03,VCB,2025-10-03,0.0762331111219261,-1.352604483100428,-7.9296863341988155,1.053114303028324,3.926291498930423,0.9886080921827967,63.27845,63.315799999999996,60.737649999999995,62.921681584144125,62.77540804479049,-2.4944511125035373,-2.5519696505453493,1.5844373300580639,-1.9415908052463404,0.9731886526203128,-0.4865943263101506,0.5628274374320785,50.00000000000059,174061870.0,5270800.0,8402546.666666666,335270471.17,534081057.0133334,0.5352318433634363,0.5191685071237345,0.9506428571428585,1.5407501736513103,16.53384713399403,25.643996939036967,13.319598427130488,22.099107417667014,70.092,51.626,54.55431604029029,-10.060931168187516,-10.060931168187516,-6.660917250172105,-13.933052312403582,0.7719113209708997,0.5760897805429084,-8.689922153606222,-19.438439346041505,0.6385153970771327,0.5469205280308941
1759708800,62.8,64.0,62.8,64.0,7461700,2025-10-06,VCB,2025-10-06,3.7277147487844386,2.978326280390675,-1.2802714792534253,4.990321204763948,8.708576087510412,4.753175330627224,63.23695,63.36274,60.74719,63.024378576130395,62.82343125872028,1.2066521234816108,1.005733022277755,5.354667433999816,1.5480064157889384,1.944894651539713,1.944894651539713,1.7828200972447306,100.0,477548800.0,5081395.0,8391026.666666666,322681684.47,533757129.04333335,1.4684353410825177,1.479937731155603,1.0440714285714294,1.6313616071428585,18.970101228348447,26.73530679403199,9.02113637577492,43.441860465116264,70.092,51.626,67.0096393371602,-6.708259234424663,-6.708259234424663,-5.648919642106676,-12.293373214316873,0.8239267339028271,0.6136521617728148,-7.463801984670582,-17.288471153807183,0.6949868826012884,0.5868608033391494
1759795200,64.1,64.1,63.3,63.7,4229300,2025-10-07,VCB,2025-10-07,-0.46874999999999556,3.4863696916528575,-1.1376158179814744,2.3309611399379815,6.936610260542575,3.474602426861173,63.200300000000006,63.40566,60.75656,63.088723473641785,62.85780650347635,0.7906608038252827,0.46421723234173484,4.844645582304197,0.9689156678112321,1.2499999999999956,-0.6249999999999867,0.15624999999999112,50.00000000000089,269406410.0,4983245.0,8249816.666666667,316202581.675,525069226.325,0.8487040071278855,0.8520057254842462,1.0302857142857154,1.617403005158109,18.921191191787067,26.423076733212664,8.99852631214704,46.095003084515746,70.092,51.626,65.38503195061196,-7.145564269263282,-7.145564269263282,-4.068014273994958,-13.277918236639774,0.8126550240480614,0.6137702013554347,-5.766225755685916,-17.470671221214083,0.6824325900400173,0.5809078906494998
1759881600,64.2,64.9,63.6,64.6,8113800,2025-10-08,VCB,2025-10-08,1.412872841444246,4.275960032929249,-1.1113492330771857,4.275960032929249,9.727718988330803,5.050899274725973,63.164,63.450700000000005,60.770430000000005,63.232654571390185,62.92612781706551,2.2734469001329805,1.8113275346056001,6.3016996917744095,2.1624039633921566,2.0408163265306185,0.6279434850863288,0.7849293563579218,76.92307692307612,524151479.99999994,5138615.0,8277130.0,326057751.355,527119538.90833336,1.5789857772960223,1.607541847484934,1.0309285714285725,1.5958646616541374,18.94853612751654,26.544946210356144,8.99852631214704,57.149901380670606,70.092,51.626,70.25885411025666,-5.833649164747401,-5.833649164747401,-4.432187079796512,-11.189689237347267,0.8246547234015433,0.6195105481504223,-6.269309017177838,-15.484761414948878,0.6889055302834652,0.5836573426318684
1759968000,64.5,65.2,63.8,63.8,5734200,2025-10-09,VCB,2025-10-09,-1.238390092879249,3.4823933952930153,-2.18774433900073,4.662226450999052,10.606428348531605,4.0867933762949615,63.09264999999999,63.51548,60.78063,63.286687469353026,62.9603973144355,1.1211290063105617,0.44795379016264736,4.967651700879028,0.8110908489175506,2.1671826625387087,-1.0835913312693544,-0.1547987616098978,0.0,365841960.0,5107870.0,8267443.333333333,323643212.07000005,526800669.0216667,1.1226205835309042,1.1303866305741426,1.0245000000000013,1.6057993730407543,19.41345114080858,26.456414892106622,9.371681069625064,57.81990521327015,70.092,51.626,65.92656774612801,-6.9997959243170875,-6.9997959243170875,-5.729894844203565,-12.851893974838747,0.7973300064698114,0.6004673842485805,-6.813420859689878,-17.112230207134772,0.6712510879407856,0.5687793635365456
1760054400,63.9,64.4,63.6,64.2,4985600,2025-10-10,VCB,2025-10-10,0.6269592476489061,4.051863857374394,-1.7236628601169368,4.636948903919813,11.299885579556879,5.080529003535439,63.03634999999999,63.59024,60.7925,63.373669615128925,63.00900918445764,1.8459983802996405,0.9588892886707168,5.605132212032737,1.3039017464026026,1.2539184952978124,0.47021943573668384,0.15673981191222097,74.99999999999977,320075520.0,5072440.0,8223816.666666667,321048022.61,524360355.42166674,0.9828800340664453,0.9969708500239499,0.9823571428571444,1.5301513128615956,19.568980166641698,26.45425677631323,9.371681069625064,67.81578238621066,70.092,51.626,68.09271092819237,-6.416722544532227,-6.416722544532227,-6.539348476037676,-13.803276922427045,0.7865341636917274,0.5980859194123029,-7.894827994534892,-18.04302285064219,0.6632646563431431,0.5667975730995832
1760313600,63.4,63.8,62.8,63.1,7992500,2025-10-13,VCB,2025-10-13,-1.7133956386292892,-1.4062499999999978,-3.4075253344763023,2.1829252493846374,9.205448157698903,3.844381541702324,62.92505,63.65690000000001,60.801195,63.347605842259505,63.01257745173381,0.2780291791583789,-0.8748462460471784,3.780854965103897,-0.39086850871059564,1.557632398753894,-0.4672897196261638,-1.2461059190031265,30.000000000000426,504326750.0,5203695.0,8190480.0,328732821.49,522481314.415,1.5359278358935333,1.5341539299730116,1.004357142857145,1.591691193117504,20.40368700464121,26.682894574634314,10.139228202598906,58.093179634966376,70.092,51.626,62.13581717751545,-8.020174338940556,-8.020174338940556,-8.16863875367031,-16.280709222867216,0.7686169412156465,0.5795395046893934,-10.629051909672782,-20.914890863663626,0.6363894449030564,0.5408384637825225
1760400000,63.5,64.0,62.9,63.1,7008900,2025-10-14,VCB,2025-10-14,0.0,-0.9419152276295195,-3.1138680751750414,2.678426139876988,8.645121300297864,4.4148795340217095,62.82365,63.72356,60.809555,63.324024333472885,63.01600578695994,0.4398821144584897,-0.978539177660509,3.766587339769223,-0.35377463108335894,1.7432646592710006,-0.6339144215530881,0.6339144215530945,18.181818181818414,442261590.0,5215870.0,8192040.0,328815052.43,522769460.14500004,1.34376431927943,1.3450162537621393,1.0190714285714304,1.6150101879103491,20.404927306362808,26.6600977746639,10.300858800005425,55.433533392925554,70.092,51.626,62.13581717751545,-8.020174338940556,-8.020174338940556,-7.882741892772738,-14.938853193313873,0.7682451333209541,0.5804382684073992,-10.488334186223947,-19.815506009693237,0.6372644629735241,0.5421255048517505
1760486400,63.1,63.4,62.5,62.5,5218800,2025-10-15,VCB,2025-10-15,-0.9508716323296418,-3.2507739938080427,-2.8492375608163756,2.6963965888364916,8.540863464277027,2.4103295154762394,62.732000000000006,63.76036,60.81525,63.24554582552309,62.995770265902685,-0.3698272014283077,-1.9767140587035548,2.770275547662804,-1.178811591854767,1.4263074484944511,-0.9508716323296378,0.0,0.0,326175000.0,5195450.0,8176716.666666667,327023069.55,521979631.5816667,1.0044943171428846,0.997406698092685,1.0337142857142874,1.6539428571428598,20.23900969006286,26.657272514141788,10.112365343024663,49.71723629210721,70.092,51.626,58.886602404418944,-8.894784408617829,-8.894784408617829,-8.054597321913215,-15.680089051377653,0.7693426857063772,0.578261902478127,-10.382747473329424,-20.741314552030566,0.6382681425901527,0.53980064167374
1760572800,62.7,63.0,62.5,62.9,4634400,2025-10-16,VCB,2025-10-16,0.6399999999999961,-1.4106583072100332,-0.8511979823455196,1.859049099624288,8.859313615202225,3.5152392864195914,62.705000000000005,63.797219999999996,60.82393999999999,63.2126366992828,62.99201456920062,0.3109799856470641,-1.4063622207989623,3.4132284097347254,-0.49457943159384454,0.8,0.3199999999999932,0.32000000000000917,79.99999999999972,291503760.0,4988000.0,8172246.666666667,313737312.75,521792271.6616667,0.9291098636728148,0.9291332211807504,1.033928571428573,1.6437656143538524,19.85258873320508,26.52404315909355,9.765315927956626,52.07405671431919,70.092,51.626,61.05274558648327,-8.311711028832992,-8.311711028832992,-6.956844218788416,-15.186540947674887,0.7649714466475103,0.5722316076639167,-9.473776860169481,-20.260179393473443,0.6328868507444176,0.5338992937774913
1760659200,62.9,62.9,61.8,61.9,5405900,2025-10-17,VCB,2025-10-17,-1.5898251192368873,-3.5825545171339623,-1.0328398298852015,0.4006293286620277,8.432890726272646,1.9819760449445445,62.6727,63.79820000000001,60.826635,63.08762368030348,62.949190468447654,-1.2329132142065102,-2.9753190528886586,1.7646299191135473,-1.8824986756860063,1.7488076311605747,-1.5898251192368837,0.0,9.090909090909207,334625210.0,4911660.0,8177556.666666667,308787940.54,522141903.38000005,1.1006258576530135,1.0836731817143392,1.0700000000000018,1.7285945072697932,20.027945766914588,26.732101775242107,10.013132165318279,48.63740833971762,70.092,51.626,55.63738763132243,-9.769394478295101,-9.769394478295101,-5.408163894469031,-14.072593753907036,0.7621996494216436,0.5813095821473151,-7.357556290496214,-19.207842489415295,0.6334756614003092,0.5442714422725061
1760918400,61.8,62.2,58.6,59.4,12115600,2025-10-20,VCB,2025-10-20,-4.038772213247177,-5.863708399366086,-3.499366409981486,-3.6543233905892647,4.053533265599274,-2.136843666079058,62.565,63.76107999999999,60.817825,62.73642142503648,62.81000652850853,-5.058738911532002,-6.839721033583491,-2.3312655459151954,-5.318157059728312,5.815831987075931,-3.8772213247172838,-0.1615508885298933,22.222222222222136,719666640.0,5214375.0,8234313.333333333,326116409.53000003,525186181.36999995,2.3234999400695195,2.206778374130838,1.2491428571428587,2.1029341029341055,24.02542692527033,27.996751608509175,15.74668354650738,40.24633218619814,70.092,51.626,42.09899274342035,-13.41360310195039,-13.41360310195039,-3.6205080784326493,-11.241994821602663,0.7505341235432996,0.6296658585853938,-6.316469069906738,-16.273286448082793,0.6502217554518123,0.5979838425547882
1761004800,59.7,60.7,59.3,59.3,8416700,2025-10-21,VCB,2025-10-21,-0.16835016835017313,-6.022187004754365,-3.970721596061677,-3.6618253890892682,4.241742401603177,-2.409321308669621,62.4424,63.718,60.80818,62.40914319408063,62.67235921366506,-5.032477931661827,-6.933676512131592,-2.480225522289936,-4.981871301151797,2.3569023569023666,-0.673400673400683,0.5050505050505194,0.0,499110310.0,5471820.0,8291618.333333333,340982265.75,528397345.9766666,1.5381902182454832,1.4637427225201667,1.2995000000000019,2.1913996627318753,23.956089305962756,27.996890945578297,15.672249114546494,37.664029781293614,70.092,51.626,41.55745694790426,-13.559371446896606,-13.559371446896606,-5.693383435769139,-12.302502536033034,0.7381331778983828,0.6240407883120195,-9.15615078709081,-18.432421975743807,0.6296990678073079,0.5877826394510527
1761091200,60.1,60.2,58.5,59.6,4664800,2025-10-22,VCB,2025-10-22,0.5059021922428464,-4.64,-4.255490048032906,-4.407519086418166,5.1350350156115,-2.660504009537956,62.30994999999999,63.669,60.8007,62.14160574702533,62.55187453861937,-4.349144879750333,-6.390865256247147,-1.974812789984326,-4.09002264500864,2.8667790893760587,-0.8431703204047217,1.3490725126475533,64.70588235294115,278022080.0,5511100.0,8194620.0,342809553.71000004,522136046.05,0.8464371903975613,0.8110103029252007,1.3500000000000019,2.2651006711409427,23.81426871564365,27.882851048171055,15.672249114546494,40.44849725504793,70.092,51.626,43.18206433445253,-13.122066412057965,-13.122066412057965,-5.524902281208976,-12.181915203072634,0.7359011115318418,0.6201663209765174,-8.43141857167492,-18.281418463051047,0.6262132129416382,0.5841690507428438
1761177600,58.9,60.3,58.9,59.8,4227100,2025-10-23,VCB,2025-10-23,0.3355704697986406,-4.9284578696343395,-4.390368688645163,-1.2565842704050478,5.67238027920125,-2.5439611479604274,62.17265,63.61408,60.796879999999994,61.91859567588006,62.443957890046065,-3.8162278751187273,-5.995653792367984,-1.6396894051142086,-3.4215822448075195,2.3489932885906017,1.5100671140939574,-1.1744966442953086,64.28571428571425,252780580.0,5528940.0,8088478.333333333,343344993.52,515654386.8566667,0.7645407618820244,0.7362291129061576,1.4071428571428588,2.353081700907791,23.765629087229694,27.27198467917818,15.672249114546494,41.28440366972474,70.092,51.626,44.265135925484664,-12.83052972216554,-12.83052972216554,-5.649004176523975,-14.223552484090506,0.7486193673992226,0.5977750596963505,-9.07705325341458,-21.270893863383478,0.6292658415177351,0.5580693943650642
1761264000,59.8,59.9,58.8,59.5,4372700,2025-10-24,VCB,2025-10-24,-0.5016722408026753,-3.8772213247172838,-4.8700156684680085,-1.5910820019185645,5.142251281145072,-2.612282309807512,62.02035000000001,63.56308,60.789235,61.68825323055815,62.328508561024655,-4.063746818584557,-6.392201258969832,-2.120827807752468,-3.5472770194669323,1.8394648829431464,-0.5016722408026708,0.0,63.63636363636381,260175650.0,5548480.0,8040173.333333333,343901180.15,512663660.99,0.7880897110560009,0.7565418934780007,1.3214285714285734,2.22088835534214,23.77255199528676,27.28908797351497,15.512746585691348,24.71910112359548,70.092,51.626,42.64052853893644,-13.26783475700417,-13.26783475700417,-6.223661721337281,-13.235185661304495,0.7541170807310411,0.6007731033700255,-9.833176546129717,-20.83463416714012,0.6306213262670111,0.559048262416146
1761523200,60.0,60.0,59.2,59.2,2640000,2025-10-27,VCB,2025-10-27,-0.5042016806722671,-0.33670033670032407,-4.745048190638624,-0.9486840564190913,4.429430753761765,-2.4663492429609413,61.872899999999994,63.45246,60.779754999999994,61.45127673240976,62.2058219507884,-4.319985001511151,-6.701804784243192,-2.5991467060043183,-3.663514986373617,1.3445378151260456,-1.3445378151260456,0.8403361344537785,0.0,156288000.0,5541335.0,7983058.333333333,343067857.54499996,509225120.78499997,0.4764194909710386,0.45556001987012096,1.3214285714285734,2.2321428571428603,23.748209654479048,27.206161221419677,15.519935171765919,24.71910112359548,70.092,51.626,41.015921152388195,-13.705139791842802,-13.705139791842802,-3.908554503345641,-10.933243330172527,0.7330066156143621,0.5955365094234175,-6.814072962014873,-18.626042698841527,0.6075637203668379,0.5499004393896163
1761609600,59.2,60.2,59.1,60.0,2789700,2025-10-28,VCB,2025-10-28,1.3513513513513375,1.180438448566612,-2.524612535334836,0.38984724011577043,6.77676537585421,-1.257323415180045,61.7952,63.37572,60.77129,61.31305990075169,62.11931912918885,-2.905080006214078,-5.326519367353932,-1.2691683852687707,-2.141566418112484,1.8581081081081103,1.3513513513513467,0.0,81.81818181818159,167382000.0,5475615.0,7950360.0,338805768.975,507281672.8316667,0.5094770176500721,0.4940352713189806,1.307142857142859,2.1785714285714315,24.22234801673837,27.34709965743123,15.624316234035987,23.863636363636388,70.092,51.626,45.34820751651685,-12.538993032273115,-12.538993032273115,-3.6559840223661877,-12.00239197711792,0.7388944809205086,0.6019413859739622,-7.148551820301529,-20.375156384172534,0.607758589202428,0.5566245488974207
1761696000,60.0,61.0,59.8,60.7,3716000,2025-10-29,VCB,2025-10-29,1.1666666666666714,1.8456375838926231,-2.0193378637955783,0.06594131223212063,8.022494305239182,-0.321860220704151,61.73265,63.309000000000005,60.768315,61.25467324353724,62.06365955549517,-1.6727776954334472,-4.121057037703968,-0.11241878271596173,-0.9055198798171071,2.000000000000005,1.1666666666666714,0.0,75.0000000000003,225561200.0,5510315.0,7937920.0,340723032.875,506529539.76500005,0.6743716103344364,0.6620074906493068,1.2928571428571445,2.129912920687223,24.509016822232713,27.279902060686606,15.624316234035987,32.18390804597705,70.092,51.626,49.13895808512945,-11.518614617649636,-11.518614617649636,-3.2673484340487224,-10.249529931526837,0.7403550115460471,0.593984607386873,-6.249463543379452,-17.87117534495808,0.6023160641188274,0.5446591859750409
1761782400,61.0,61.2,60.3,60.6,1946600,2025-10-30,VCB,2025-10-30,-0.16474464579900872,1.3377926421404673,-1.707946085348644,-0.7484809276577686,7.4639570144172,-0.5954431376408609,61.68000000000001,63.24624,60.76451,61.192323410819405,62.006261141554184,-1.7509727626459193,-4.184027382497357,-0.27073368978043355,-0.9679701273030528,1.482701812191113,-0.6589785831960437,0.49423393739702615,33.3333333333336,117963960.0,5424770.0,7660530.0,335346438.5,489578111.9316667,0.35883548979956753,0.3517674454145127,1.3000000000000018,2.1452145214521483,24.467871691510222,27.2495825457061,15.691820538349846,28.571428571428555,70.092,51.626,48.59742228961336,-11.664382962595843,-11.664382962595843,-2.7280887601070725,-8.66109444283082,0.7353481182927262,0.5908182600841262,-5.2233778522052905,-14.635480093550479,0.6021656691820544,0.5419353181600269
1761868800,60.8,60.8,59.6,59.6,2117800,2025-10-31,VCB,2025-10-31,-1.650165016501648,0.1680672268907557,-3.4035656401944947,-3.639391440720441,2.270192357190659,-2.4486054733534046,61.575,63.18732,60.757365,61.040673562169935,61.91189795953245,-3.2074705643524215,-5.677278289378307,-1.9048966326962957,-2.3601862137097918,1.9801980198019733,-1.9801980198019733,0.3300330033003229,0.0,126220880.0,5389605.0,7617868.333333333,332954389.0,486859992.39000005,0.3929415977608749,0.379093606121528,1.2857142857142867,2.157238734419944,25.086142454847742,27.319818886052268,15.991455958427675,28.9156626506024,70.092,51.626,43.18206433445253,-13.122066412057965,-13.122066412057965,-3.028676527168783,-7.82948999763372,0.7372325195776886,0.5934797297761092,-4.793716809050796,-13.042806960853216,0.6030505726920776,0.5452869940964418
1762128000,60.0,60.3,59.3,59.3,2800100,2025-11-03,VCB,2025-11-03,-0.5033557046979942,0.16891891891890332,-7.343750000000004,-3.1931565887423297,1.7554095097551237,-2.939635982715727,61.339999999999996,63.098560000000006,60.75038000000001,60.87489512767756,61.8094705885704,-3.325725464623408,-6.0200422957354505,-2.3874418563307964,-2.5871011759025064,1.6778523489932886,-1.1744966442953066,0.6711409395973034,0.0,166045930.0,5156525.0,7506225.0,317379245.5,479929885.1033333,0.5430207358637842,0.5231782870313743,1.2785714285714296,2.15610696217779,20.45528386494925,27.270363752442506,15.819210683698598,27.906976744186025,70.092,51.626,41.55745694790426,-13.559371446896606,-13.559371446896606,-2.7138473164258325,-5.417823268052735,0.7345749911369783,0.5973075288937646,-4.147764653694441,-10.271001935602309,0.6018108056210513,0.5495796530317671
1762214400,59.2,60.4,59.1,60.1,2952400,2025-11-04,VCB,2025-11-04,1.3490725126475533,0.16666666666667052,-5.651491365777083,-2.203273993556154,5.279753354587813,-1.3071466106148177,61.160000000000004,63.01786,60.745734999999996,60.80109559170827,61.742432526273525,-1.733158927403533,-4.630211181401589,-1.0630129012349498,-1.1530969711734618,2.192242833052272,1.5177065767284967,-0.1686340640809303,76.92307692307709,177439240.0,5092680.0,7377435.0,312780887.0,471948598.6166667,0.5797340496555841,0.5672956608758514,1.307142857142858,2.1749465177085825,21.34060748401198,27.409368212644438,15.986740468269273,36.36363636363638,70.092,51.626,45.88974331203294,-12.393224687326898,-12.393224687326898,-3.6743952997947744,-6.43242948742031,0.731425671766023,0.6029169629244227,-5.026245901948633,-11.955859183368078,0.6061813076584813,0.5579433050450083
1762300800,60.0,61.1,59.9,60.8,4601700,2025-11-05,VCB,2025-11-05,1.1647254575707144,0.16474464579900872,-5.882352941176472,-2.014504431909747,7.4394769393885785,-2.1847549792464394,60.970000000000006,62.971019999999996,60.745255,60.800991249640816,61.70547438798829,-0.27882565195999076,-3.4476494107924527,0.09012226551685654,-0.0016303182241661496,1.9966722129783743,1.3311148086522415,-0.16638935108153063,74.9999999999997,279783360.0,4917075.0,7333025.0,300562481.0,469097089.3666667,0.9358612589801864,0.9308658854196775,1.357142857142858,2.232142857142859,21.096031346131536,27.442400541896244,15.986740468269273,38.46153846153846,70.092,51.626,49.68049388064551,-11.37284627270343,-11.37284627270343,-3.3532422528272376,-5.6485111701335295,0.7295577834594542,0.5995262073745059,-3.9852677335527664,-10.314062385868061,0.595458982500478,0.5478162237114217
1762387200,60.9,61.3,60.2,60.3,2821200,2025-11-06,VCB,2025-11-06,-0.8223684210526327,-0.4950495049505066,-5.485893416927901,-3.5909570556070802,6.36984247384853,-2.8860400695741806,60.795,62.89432,60.74327,60.75327779729407,61.65035774532208,-0.814211695040723,-4.124887589213144,-0.7297433937949127,-0.7460960358492086,1.8092105263157803,-0.9868421052631603,0.164473684210531,9.090909090908621,170118360.0,4771425.0,7177895.0,290776301.0,459288721.46666664,0.5912699036451374,0.585048917036743,1.3571428571428577,2.2506515043828488,20.899841210589702,27.43699495251908,15.85170379155802,40.69767441860464,70.092,51.626,46.972814903065085,-12.101687997434485,-12.101687997434485,-1.1846239511056122,-5.731211498407207,0.7289982271504616,0.5997089374519097,-1.8128362112129874,-10.105698545423337,0.5947572159793312,0.5484681422484337
1762473600,60.0,60.0,59.0,59.3,3586300,2025-11-07,VCB,2025-11-07,-1.6583747927031545,-0.5033557046979942,-7.632398753894087,-4.431909750201446,4.605831819224182,-3.464218271797881,60.55,62.70828,60.731965,60.61487038802797,61.55818685334867,-2.064409578860449,-5.4351355195837,-2.3578440117984045,-2.169220819265616,1.658374792703151,-1.1608623548922103,-0.497512437810943,29.999999999999716,212667590.0,4701460.0,7112336.666666667,285405904.5,455056454.8,0.7628055965593666,0.7451408210091883,1.192857142857143,2.0115634786798364,21.166731089111096,27.594433000533925,16.068542983492584,49.29577464788731,70.092,51.626,41.55745694790426,-13.559371446896606,-13.559371446896606,0.8623510386726494,-3.6562830438226945,0.7230506703377002,0.6087813197582708,0.23705296959964972,-8.480469660334823,0.5958981922008905,0.5575949337117838
1762732800,59.4,59.7,58.8,58.8,2316500,2025-11-10,VCB,2025-11-10,-0.8431703204047181,-0.8431703204047181,-6.814580031695727,-9.162534179913795,4.089219330855021,-4.380915211240122,60.334999999999994,62.514219999999995,60.718824999999995,60.44202558916816,61.45002266302127,-2.5441286152316223,-5.941400212623615,-3.1601813770276377,-2.7166951689031937,1.5177065767285087,-1.0118043844856686,0.1686340640809414,0.0,136210200.0,4417660.0,6834226.666666667,267000077.0,436825130.365,0.5243726316647275,0.5101504146757231,1.1571428571428573,1.9679300291545192,20.66322391435055,26.080064188066842,15.64141896033664,46.666666666666664,70.092,51.626,38.849777970323835,-14.288213171627662,-14.288213171627662,3.6424993736704705,-5.49639371462175,0.6766305035724391,0.5978166399090784,3.5269231388372004,-9.742315423990554,0.5508756668182365,0.5390572319851495
1762819200,59.1,59.6,58.8,58.9,2540900,2025-11-11,VCB,2025-11-11,0.1700680272108901,-1.9966722129783787,-6.656101426307448,-7.733759418519048,4.449291553616708,-4.527255928549434,60.125,62.3301,60.708845000000004,60.29516600924738,61.35002177427534,-2.037422037422043,-5.503119680539581,-2.9795411195848054,-2.313893636238451,1.3605442176870821,-0.3401360544217735,0.5102040816326703,12.50000000000011,149659010.0,4194260.0,6598778.333333333,252369948.0,421585741.3883334,0.6058041227773194,0.5930143869586247,1.0928571428571432,1.8554450642735878,20.709556161859442,25.960003719960845,15.64141896033664,45.205479452054774,70.092,51.626,39.391313765839925,-14.142444826681444,-14.142444826681444,2.8523764222610275,-5.501244081095724,0.6705807858336644,0.5961111529680674,2.8831027213021674,-9.884327202060327,0.5459294578959762,0.5375281411776531
1762905600,59.1,59.7,59.0,59.5,2012700,2025-11-12,VCB,2025-11-12,1.018675721561979,-2.1381578947368363,-4.800000000000004,-7.08351552251858,5.142251281145072,-3.8663499911136934,59.975,62.18974,60.70286,60.219435913128585,61.27747190077435,-0.7919966652772059,-4.325054261362082,-1.9815540816363497,-1.1946905550002662,1.1884550084889691,0.6791171477079772,0.339558573853993,71.42857142857115,119755650.0,4033955.0,6494035.0,242048980.5,414726237.175,0.49893962624768995,0.4947579194616769,1.0500000000000007,1.7647058823529425,21.10969371913263,26.05061427436023,15.778361708784066,48.051948051948074,70.092,51.626,42.64052853893644,-13.26783475700417,-13.26783475700417,2.3725589465001917,-6.807905483224285,0.6611678435826223,0.598822673452265,2.03555263629307,-11.892149792014827,0.5398264253964008,0.5422325891361542
1762992000,59.5,60.0,59.2,59.8,2113500,2025-11-13,VCB,2025-11-13,0.5042016806722671,-0.8291873963515717,-4.9284578696343395,-6.178417898271049,6.045290915216972,-2.333861405543125,59.81999999999999,62.01766000000001,60.699040000000004,60.179489635687766,61.21953182623418,-0.03343363423603529,-3.575852426550774,-1.4811436885987073,-0.6305963011403182,1.3445378151260456,0.5042016806722641,0.0,74.99999999999956,126387300.0,3907910.0,6376070.0,233793157.5,407068667.95500004,0.5408261705105798,0.5405945210351163,1.028571428571429,1.72001911132346,21.040243305349577,26.069782869351382,15.778361708784066,51.94805194805192,70.092,51.626,44.265135925484664,-12.83052972216554,-12.83052972216554,2.735463798871751,-4.802526228581772,0.6702504662553884,0.6038195139090884,2.8865223258885075,-9.14838133297824,0.545432464078479,0.5451324265974664
1763078400,59.8,60.4,59.4,60.0,2069600,2025-11-14,VCB,2025-11-14,0.33444816053511683,1.180438448566612,-3.0694668820678506,-4.070604035429925,6.399957440017023,-1.7938981275369859,59.725,61.87738,60.691900000000004,60.162395384669885,61.1717070487348,0.46044370029301174,-3.0340327919507915,-1.140020332202496,-0.26992838904028593,1.6722408026755853,0.33444816053512183,0.0,60.00000000000014,124176000.0,3741095.0,6234936.666666667,223270697.0,398153522.46166664,0.5532070155930282,0.5561679238185027,1.0428571428571434,1.738095238095239,20.509709437496532,25.81822562799585,15.491900388731677,55.263157894736814,70.092,51.626,45.34820751651685,-12.538993032273115,-12.538993032273115,2.4602554476590988,-2.334200853426038,0.6815613608509702,0.6192045713626805,2.271581298637615,-6.426685109120355,0.55957740042448,0.5633563866443956
1763337600,60.0,60.4,59.9,60.2,1585600,2025-11-17,VCB,2025-11-17,0.33333333333334103,2.3809523809523947,1.3468013468013629,-5.550848787222684,6.942371917856893,-1.3583706106932825,59.765,61.78478,60.68543,60.16597677660609,61.13360088996089,0.7278507487660013,-2.5650006360789734,-0.7999119393238163,0.05654894213757977,0.8333333333333334,0.3333333333333381,0.0,60.00000000000085,95453120.0,3214595.0,6100708.333333333,192060021.0,389504579.40500003,0.4932503161362473,0.4969963009636451,1.0000000000000004,1.6611295681063132,14.499430686130758,25.50703291221219,8.425267763866524,51.428571428571445,70.092,51.626,46.43127910754903,-12.24745634238069,-12.24745634238069,0.24745704243147593,-3.561512294331692,0.6666964236986993,0.6114590087385137,0.1345246398323674,-6.544496482312045,0.5484521454951562,0.5500588708647023
1763424000,60.4,60.4,59.8,59.9,2158800,2025-11-18,VCB,2025-11-18,-0.4983388704319025,1.6977928692699429,1.0118043844856706,-6.603258751071972,6.975747401507304,-2.487464999674416,59.795,61.694120000000005,60.68078,60.14064565502456,61.08522438447223,0.17559996655238663,-2.9080891339401616,-1.286700665350704,-0.4001381302171869,0.9966777408637897,-0.830564784053156,0.33222591362125353,16.666666666666863,129312120.0,2901700.0,5820950.0,173570111.5,371409903.3966667,0.7439776682634318,0.7450137519788366,0.9571428571428575,1.5979012640114483,14.618468299689116,25.4780665093239,8.417094919130689,43.939393939393916,70.092,51.626,44.80667172100076,-12.684761377219333,-12.684761377219333,1.222814165480357,-7.481427298660193,0.7145245370276413,0.6398852718542508,1.942437507300021,-11.236614502386733,0.6065319316979141,0.5869450608380943
1763510400,59.9,60.1,59.3,59.4,2896200,2025-11-19,VCB,2025-11-19,-0.8347245409014992,-0.1680672268907557,-0.3355704697986628,-5.9263247917392565,6.461152433013706,-2.7759591462616195,59.785000000000004,61.5756,60.67230000000001,60.07010797359364,61.01913715370861,-0.643974241030365,-3.533217703116176,-2.097003080483195,-1.1155431481631783,1.335559265442411,-0.8347245409015025,0.0,12.50000000000011,172034280.0,2813270.0,5740040.0,168270721.5,366120457.83666664,1.0294781517593405,1.0223660923686002,0.9500000000000003,1.5993265993265997,14.842115910444113,25.34659759512715,8.468464842583803,41.428571428571416,70.092,51.626,42.09899274342035,-13.41360310195039,-13.41360310195039,1.4219511268650287,-8.092951186539842,0.7149253530709422,0.6347763057908997,1.9784003621536095,-11.707203251966291,0.6034330479062162,0.5813424583709548
1763596800,59.6,59.7,59.2,59.4,2259400,2025-11-20,VCB,2025-11-20,0.0,-0.6688963210702337,-0.6688963210702337,-7.382864270679046,5.335957865616847,-2.4566473988439363,59.765,61.45906,60.66183,60.006288166584724,60.95564157905338,-0.6107253409186053,-3.3502953022711446,-2.080105397413834,-1.010374387600177,0.8417508417508417,-0.3367003367003415,0.33670033670034627,39.99999999999915,134208360.0,2714885.0,5644556.666666667,162342110.5,359818329.9366666,0.8322267794031791,0.8267008454346785,0.9000000000000006,1.5151515151515162,14.785384402981935,25.1099496298368,8.468464842583803,48.333333333333314,70.092,51.626,42.09899274342035,-13.41360310195039,-13.41360310195039,1.172769061310941,-6.684867712689558,0.735147281461256,0.6283840711241256,1.8144265622978772,-10.000965457775134,0.6170741221089003,0.5718667911326061
1763683200,59.1,59.2,58.7,59.0,3452400,2025-11-21,VCB,2025-11-21,-0.6734006734006703,-1.6666666666666718,-0.8403361344537785,-13.996676481735227,4.997152619589973,-2.3696055070161592,59.739999999999995,61.33254,60.648365000000005,59.91045119833856,60.878949752423836,-1.2387010378305918,-3.8031035401436153,-2.7179050910935643,-1.5196867660442703,0.8417508417508417,-0.16835016835017075,-0.5050505050504972,59.99999999999943,203691600.0,2668870.0,5184628.333333333,159517908.0,327713827.3333333,1.2935811785512221,1.276919955595205,0.8785714285714289,1.489104116222761,14.870453793866748,20.335932143138436,8.517859471698015,47.540983606557404,70.092,51.626,39.932849561356015,-13.872385151015287,-13.996676481735227,0.8380345686201607,-12.929590552922122,0.7152142942259695,0.7545297178449633,1.4588513591181518,-16.773988428937102,0.6214200105745018,0.7110860251964709
1763942400,59.0,59.3,58.7,58.8,2025600,2025-11-24,VCB,2025-11-24,-0.3389830508474634,-2.3255813953488413,-0.6756756756756799,-14.16434316745252,5.197244834063852,-1.6195957703118768,59.720000000000006,61.202020000000005,60.633565,59.80469394135394,60.79742231115232,-1.5405224380442228,-3.9247397389824856,-3.024009886273382,-1.6799583362790416,1.0169491525423633,-0.33898305084746244,0.0,16.66666666666588,119105280.0,2638150.0,5071731.666666667,157658772.0,319652493.6966667,0.7678107764911017,0.7554624363051616,0.8285714285714286,1.4091350826044706,14.813210724514224,20.335814450121685,8.513206751794103,38.18181818181816,70.092,51.626,38.849777970323835,-14.04011461318051,-14.288213171627662,-1.6099949659803103,-13.398068760303804,0.7114722986498309,0.751951464060236,-1.496400017517896,-17.128022514110587,0.619042261307109,0.7091011104044684
1764028800,58.9,59.0,58.2,58.2,2755000,2025-11-25,VCB,2025-11-25,-1.0204081632652962,-2.838063439065097,-2.9999999999999916,-14.544974011100331,4.4958345303073965,-2.9466206413527374,59.63000000000001,61.06345999999999,60.61842000000001,59.65186594693928,60.69556261267576,-2.398121750796589,-4.689318292805533,-3.98957940507193,-2.4338986281346564,1.3605442176870701,-1.1904761904761834,0.1700680272108901,0.0,160341000.0,2636415.0,4872713.333333333,157306722.0,305643300.58666664,1.0449796409138925,1.0192889277802126,0.7999999999999997,1.3745704467353947,14.262480377101594,20.386693367149523,8.647768600888291,25.92592592592601,70.092,51.626,35.600563197227366,-14.917256300801117,-15.162823241304924,-1.8015471585837384,-13.246087427380093,0.7136622149675326,0.7530561451801648,-0.9643765903307733,-16.915536577440694,0.6212842087257,0.7102756839977142
1764115200,58.5,58.6,57.8,58.1,5371200,2025-11-26,VCB,2025-11-26,-0.1718213058419238,-2.188552188552184,-4.283360790774305,-12.65522114314922,4.688457241702415,-3.3277870216306127,59.5,60.9388,60.603775000000006,59.50406919008792,60.59377584355122,-2.352941176470591,-4.658444209600454,-4.131384554840034,-2.359618777671435,1.3745704467354025,-0.6872852233676952,0.5154639175257714,37.500000000000334,312066720.0,2719175.0,4725285.0,161631998.0,295083083.35,1.9753050097915728,1.9307236429756935,0.778571428571429,1.340054093926728,13.390380368800042,19.92153173965917,8.550032241952698,28.00000000000007,70.092,51.626,35.059027401711276,-15.063446582071215,-15.30859158625113,-3.9588915382399397,-12.599312025204767,0.7039235251906956,0.765205299335106,-2.9390927783009784,-16.094688982834313,0.61401796455723,0.7192505340584522
1764201600,58.2,58.5,57.9,57.9,3113500,2025-11-27,VCB,2025-11-27,-0.3442340791738441,-2.5252525252525304,-4.455445544554459,-15.355827144611423,4.328083894915125,-3.766246717415145,59.364999999999995,60.827999999999996,60.589455,59.35130069579383,60.488137575176665,-2.4677840478396273,-4.813572696784374,-4.438816952553881,-2.4452719296456538,1.0327022375215171,-0.5163511187607647,0.1721170395869276,0.0,180271650.0,2777520.0,4628141.666666667,164747382.5,287893020.71,1.120964025461563,1.094230738385176,0.7285714285714293,1.2583271650629178,13.396554382057015,18.87882737017872,8.491643329970493,33.333333333333385,70.092,51.626,33.97595581067909,-13.60014325364849,-15.600128276143554,-5.338906555473444,-14.650169503524102,0.683365122915828,0.7812558455645648,-4.247672764866328,-17.35148437362625,0.5912515297700804,0.7265396129146876
1764288000,58.0,58.1,57.4,57.4,3534300,2025-11-28,VCB,2025-11-28,-0.8635578583765069,-2.7118644067796627,-3.691275167785235,-14.346256006207659,3.799345376950747,-5.3289571341393005,59.254999999999995,60.72508,60.572305,59.16546253428966,60.36703414085601,-3.1305375073833352,-5.475628850550707,-5.237220211448124,-2.983941067419993,1.2089810017271208,-1.036269430051816,0.17271157167531026,0.0,202868820.0,2848345.0,4502916.666666667,168579779.5,278934879.89,1.2408258128843241,1.20339948599826,0.7142857142857147,1.2444001991040328,12.5503346088889,18.562365758121214,7.4321448140115836,33.333333333333385,70.092,51.626,31.268276833098668,-12.132994519793028,-16.32897000087462,-6.822431207183877,-15.787193755537288,0.6707465634160025,0.7694829439446315,-5.736507908481981,-18.596640729965173,0.5815877496593328,0.714221343620519
1764547200,57.6,58.0,57.5,57.5,2824900,2025-12-01,VCB,2025-12-01,0.17421602787457413,-2.2108843537414935,-3.0354131534569895,-11.306493907141757,3.4228465564688726,-6.292270334577332,59.165,60.644,60.555654999999994,59.0068470548335,60.2546014294499,-2.8141637792613916,-5.184354594024143,-5.046027493220895,-2.553681699741095,0.8710801393728222,-0.17421602787456694,0.34843205574912606,0.0,162431750.0,2849585.0,4362501.666666667,168399070.5,269486666.8233333,0.9913373350856353,0.9645644095167378,0.7000000000000003,1.2173913043478266,12.552770045716855,17.48852712043115,7.5783600993119675,33.333333333333385,70.092,51.626,31.809812628614765,-11.979916113033084,-16.183201655928404,-8.271653103982658,-16.054944228157698,0.6371360920944841,0.7518344851218597,-7.122319120167431,-18.297341728657667,0.5492430249923563,0.7023495916259594
1764633600,57.5,57.8,57.2,57.6,3185600,2025-12-02,VCB,2025-12-02,0.17391304347826875,-1.0309278350515538,-4.159733777038266,-10.604814303229714,3.235056904740574,-6.434268449180481,59.04,60.560959999999994,60.539505,58.87286162103983,60.15049941260873,-2.4390243902438935,-4.889222363714174,-4.855515419229139,-2.1620515565102694,1.0434782608695554,0.17391304347826333,0.0,66.66666666666707,183490560.0,2861245.0,4312390.0,168701636.5,265895035.05833334,1.1133614912389538,1.0876631893253745,0.6857142857142853,1.1904761904761898,11.323002981249882,17.482383712868533,7.5783600993119675,24.324324324324408,70.092,51.626,32.351348424130855,-11.82683770627314,-16.037433310982184,-8.099248783273193,-15.474967968976172,0.6419402243224017,0.7584449399648081,-6.921483464819844,-17.45075194191542,0.5557188691190873,0.7102128123588939
1764720000,57.8,59.1,57.8,58.9,6161200,2025-12-03,VCB,2025-12-03,2.256944444444442,1.376936316695354,-3.125,-9.83681841839389,4.819191343963558,-4.218297720102782,58.94499999999999,60.49398,60.529855,58.875446228559845,60.10146021995741,-0.07634235304095904,-2.6349398733560014,-2.692646463468318,0.041704603553793795,2.2569444444444517,1.9097222222222248,0.3472222222222099,84.61538461538444,362894680.0,2939220.0,4331636.666666667,172857202.5,266492478.285,2.0962023938323773,2.0993899863675045,0.7357142857142855,1.249090468105748,13.530139784143557,17.901858832271873,7.5783600993119675,40.42553191489365,70.092,51.626,39.391313765839925,-9.83681841839389,-14.142444826681444,-7.770625993268432,-15.223062834980439,0.6529759371505346,0.7553331570949599,-7.658334746908246,-17.676567301437462,0.5707549345732701,0.7153270356807342
1764806400,59.0,59.4,58.7,58.9,2923100,2025-12-04,VCB,2025-12-04,0.0,1.7271157167530138,-2.321724709784412,-9.699970870958353,3.7190955835739947,-4.937135847899421,58.875,60.42106,60.519875,58.877784682982714,60.054344132900255,0.0424628450106157,-2.5174334909053186,-2.676600042548005,0.037731237914084836,1.1884550084889571,-0.16977928692699734,0.1697792869270076,28.571428571428136,172170590.0,2944315.0,4274536.666666667,172959814.0,262459775.69,0.992794588894191,0.9954369516146682,0.7142857142857137,1.212709192335677,13.305322101772186,17.905081525862652,7.537556262057896,37.77777777777778,70.092,51.626,39.391313765839925,-9.83681841839389,-14.142444826681444,-8.08074677183087,-14.4950244073782,0.6569994060416106,0.7576732854417092,-8.201592061089514,-16.40857642974827,0.5791989414617518,0.72060050590513
1764892800,59.0,59.2,58.2,58.3,3604700,2025-12-05,VCB,2025-12-05,-1.018675721561968,1.5679442508710784,-1.6863406408094472,-10.755288858953548,3.567114332409571,-6.804993845612806,58.825,60.33614000000001,60.50689500000001,58.82275757031769,59.98554632376691,-0.8924776880578134,-3.374660692579956,-3.647344653861362,-0.8886995304373202,1.697792869269949,-1.1884550084889691,0.1697792869270076,9.999999999999432,210154010.0,2945235.0,4239711.666666667,172834135.0,259762687.37,1.2239091277945562,1.2159288441487557,0.7499999999999994,1.286449399656946,12.489293589079802,17.977541919389846,6.322879964188415,30.612244897959144,70.092,51.626,36.14209899274341,-10.755288858953548,-15.017054896358717,-10.580093376723399,-15.197307500317214,0.6555497011246325,0.7521345488367984,-9.95011954266235,-16.654669705398096,0.5807440028504463,0.7192985850666938
1765152000,58.2,58.3,57.8,57.9,2141500,2025-12-08,VCB,2025-12-08,-0.6861063464837058,0.6956521739130306,-1.5306122448979553,-11.367602485993322,3.039578587699321,-6.25,58.78000000000001,60.25116,60.487265,58.7348758969541,59.90376019342311,-1.4971078598162824,-3.9022651182151535,-4.277371443393918,-1.4214312777621751,0.8576329331046313,-0.514579759862786,-0.17152658662091813,20.000000000000284,123992850.0,2936485.0,4185946.6666666665,172223267.5,255985388.66333333,0.7292732637830603,0.719954114213981,0.7428571428571422,1.2830002467308155,12.374260166972793,18.002656997888067,6.176821932004884,30.0,70.092,51.626,33.97595581067909,-11.098145191008479,-15.600128276143554,-12.48889232638909,-15.453304901566945,0.6541776920353516,0.7474150589204683,-11.487490161735504,-17.07267774908111,0.5793225885019212,0.7160700762714532
1765238400,57.9,58.7,57.3,58.0,4519400,2025-12-09,VCB,2025-12-09,0.17271157167531026,0.694444444444442,-1.5280135823429464,-10.944601400319376,2.312617968212538,-6.590220962442828,58.735,60.18008,60.466805,58.66488771629181,59.82910293093593,-1.251383331914535,-3.6225940543781254,-4.079602022961193,-1.1333657016565968,2.4179620034542415,0.1727115716753047,0.0,50.0,262125200.0,3035410.0,4148513.3333333335,177846577.0,253010525.81,1.4888927690163767,1.4738838633931088,0.7857142857142853,1.3546798029556641,12.374955888369167,18.016811234790904,6.176821932004884,34.7826086956522,70.092,51.626,34.51749160619518,-10.216718266253865,-15.454359931197349,-11.163997292284535,-14.887132187397734,0.6514927293335937,0.7441540770367485,-9.840486133945937,-16.15045191674528,0.5752375825944152,0.7116376560283604
1765324800,58.3,58.6,57.8,58.2,3082500,2025-12-10,VCB,2025-12-10,0.34482758620690834,-1.1884550084889534,-2.184873949579824,-9.533210016632198,3.5734624145785876,-6.766628219915416,58.67,60.10506,60.450334999999995,58.620612695692586,59.76521654148747,-0.8010908471109524,-3.1695501177438246,-3.722617914358939,-0.7175167169883423,1.3793103448275934,-0.17241379310343846,0.5172413793103292,50.00000000000044,179401500.0,3088900.0,4106101.6666666665,180828869.5,249966973.18333334,0.9979280650069604,0.9921065175934201,0.8071428571428569,1.386843397152675,11.803726409845924,17.91845059350585,6.176821932004884,37.50000000000006,70.092,51.626,35.600563197227366,-9.907120743034048,-15.162823241304924,-7.523567219835869,-12.406391462139897,0.6208644269963594,0.7215900005060122,-6.175217222718854,-13.713855868359193,0.5565003036699966,0.6975364675522103
1765411200,58.4,58.4,57.6,57.6,1746700,2025-12-11,VCB,2025-12-11,-1.0309278350515538,-2.2071307300509324,-3.678929765886285,-9.205548549810839,2.505694760820054,-7.92397333631728,58.56,60.023999999999994,60.43186,58.52341148657901,59.680306088880116,-1.6393442622950838,-4.038384646141536,-4.68603812624665,-1.5778497239361533,1.3745704467353903,-1.3745704467353903,0.3436426116838476,0.0,100609920.0,3070560.0,3988823.3333333335,179540000.5,242356823.58333334,0.5688538898441978,0.5603760706238831,0.8142857142857142,1.413690476190476,12.004190211523145,17.828669630826745,6.536428987823401,36.000000000000036,70.092,51.626,32.351348424130855,-10.83591331269349,-16.037433310982184,-7.81392706888242,-11.23055485543545,0.6184706604531272,0.7271253425326261,-6.900635242141884,-12.565308774117124,0.5547100122227704,0.7027054105659175
1765497600,57.8,57.8,56.8,56.8,4847700,2025-12-12,VCB,2025-12-12,-1.388888888888895,-2.572898799313894,-5.333333333333334,-9.186838486873661,1.0820045558086466,-10.250130358525455,58.4,59.926,60.403740000000006,58.359277059285766,59.567352908924036,-2.73972602739726,-5.216433601441784,-5.96608753034168,-2.6718580795676017,1.7361111111111112,-1.7361111111111112,0.3472222222222099,0.0,275349360.0,3209465.0,3954073.3333333335,187098668.5,239719102.01333332,1.5104386556637945,1.4716799547934785,0.8428571428571432,1.4839034205231396,12.561700836850564,17.822610844886658,7.297214624748012,32.14285714285717,70.092,51.626,28.019062060002163,-12.074303405572751,-17.203580070551883,-6.032219273680394,-8.479624055599478,0.5963516871356412,0.7324520161530558,-5.0923553152306,-9.59016620947023,0.5429494483356032,0.7137074573254298
1765756800,56.8,57.3,56.7,56.8,3203100,2025-12-15,VCB,2025-12-15,0.0,-1.899827288428324,-5.6478405315614655,-7.7232998667836394,1.4394399399935587,-9.490725986359871,58.23,59.782,60.377945,58.21077448221093,59.45882926543682,-2.4557788081744802,-4.988123515439424,-5.9259138415525765,-2.4235624671890665,1.0563380281690042,0.0,0.0,16.66666666666588,181936080.0,3290340.0,3906436.6666666665,191422816.5,236533082.34333333,0.9734860227210562,0.9504409313714178,0.8285714285714286,1.4587525150905434,12.403844079935196,17.57306026190982,7.297214624748012,35.999999999999986,70.092,51.626,28.019062060002163,-12.074303405572751,-17.203580070551883,-5.139505284163581,-8.430571426023747,0.5886481521191904,0.7262076659972081,-4.3962165891044735,-10.48434625060426,0.5384479886019214,0.7044302788270576
1765843200,56.9,57.4,56.0,56.9,6346800,2025-12-16,VCB,2025-12-16,0.17605633802817433,-1.8965517241379293,-5.008347245409017,-7.857235393185647,1.080082427343143,-8.165076905695711,58.08,59.646,60.35265,58.08593881723846,59.35848301973341,-2.031680440771344,-4.603829259296521,-5.720792707528166,-2.041696908730173,2.464788732394364,0.0,0.17605633802817433,64.28571428571425,361132920.0,3499740.0,3957753.3333333335,203013856.5,239188744.58333334,1.8135061461708584,1.7788584790516504,0.8714285714285711,1.5315089128797383,12.48246451479749,17.55968000310845,7.460132044617445,38.00000000000001,70.092,51.626,28.560597855518253,-11.919504643962842,-17.057811725605674,-6.168644127186451,-10.543046823783854,0.5736901070710193,0.7207717872274174,-5.630031377184985,-12.71160965544923,0.5252908911289348,0.6995222066218387
1765929600,57.0,57.5,56.7,56.7,2331200,2025-12-17,VCB,2025-12-17,-0.35149384885764245,-2.577319587628868,-4.545454545454541,-8.914199424890356,0.19438063262060545,-8.68388842362945,57.94500000000001,59.48799999999999,60.32735,57.953944644168125,59.25422878366544,-2.1485891793942558,-4.686659494351786,-6.0127786153378215,-2.1636916207640855,1.405975395430575,-0.5272407732864625,0.17574692442883233,0.0,132179040.0,3471490.0,3931953.3333333335,201021094.5,237367123.23666668,0.6715272116583946,0.6575381570216254,0.8857142857142851,1.5621063240110846,12.300642391597576,17.45627138538659,7.298056206487876,38.000000000000064,70.092,51.626,27.47752626448611,-12.22910216718265,-17.34934841549809,-6.040906334417562,-9.891598577811099,0.5714774345992155,0.7171535432740682,-5.168400150374497,-11.313469986212853,0.5236697753320739,0.694972251583453
1766016000,57.2,57.5,56.7,56.8,3075800,2025-12-18,VCB,2025-12-18,0.17636684303350414,-1.388888888888895,-4.377104377104379,-9.186838486873661,-1.6977899309461586,-8.12926600459354,57.815,59.348,60.302550000000004,57.844045154247354,59.15798451763934,-1.755599757848314,-4.293320752173624,-5.8082950057667615,-1.8049310892129022,1.4109347442680724,-0.7054673721340489,0.8818342151675429,12.499999999999334,174705440.0,3512310.0,3918711.6666666665,203045948.5,236244350.84,0.8757199677704987,0.8604231765796597,0.8928571428571418,1.5719315895372215,12.36007175214672,17.42100296751078,7.298056206487876,43.478260869565204,70.092,51.626,28.019062060002163,-12.074303405572751,-17.203580070551883,-5.644624108503715,-9.840464641523184,0.570304236485561,0.7164374840159465,-4.693843596903468,-11.597164149847718,0.523126708296534,0.695671134395652
1766102400,57.0,57.5,56.7,57.5,4265500,2025-12-19,VCB,2025-12-19,1.232394366197198,1.232394366197198,-2.5423728813559365,-8.06766220062034,-0.14240561286513742,-6.997056254650147,57.739999999999995,59.214,60.27959,57.811278949080936,59.09296551694761,-0.4156563907170008,-2.8945857398588126,-4.611162750111609,-0.5384398247876621,1.4084507042253471,0.8802816901408451,0.35211267605634866,100.0,245266250.0,3552965.0,3923438.3333333335,205124681.0,236181256.38333333,1.2005465857389532,1.1956935109139792,0.9071428571428558,1.5776397515527927,13.253233555859731,17.649288307634247,7.347926753242764,50.0,70.092,51.626,31.809812628614765,-10.9907120743034,-16.183201655928404,-5.526184885489027,-10.693663284500632,0.5779140974171073,0.7242615835249541,-4.299843050681529,-12.41980642645899,0.5311399261315113,0.7029881377957878
1766361600,57.7,58.0,57.3,57.8,2961200,2025-12-22,VCB,2025-12-22,0.521739130434784,1.760563380281699,-1.7006802721088454,-6.99769907802218,0.5514673903588951,-6.411917098445596,57.69,59.108000000000004,60.25282,57.81020476345418,59.042260986871234,0.19067429363841537,-2.2128984232252957,-4.07088000196506,-0.01765218354776721,1.217391304347831,0.17391304347825098,0.3478260869565375,71.42857142857115,171157360.0,3599745.0,3926410.0,207727285.0,236151304.84833333,0.822613824034758,0.8239522314076362,0.9142857142857136,1.5818091942659405,13.420355958804544,17.668275993532955,7.4589314799186015,51.85185185185181,70.092,51.626,33.434420015163,-10.526315789473683,-15.745896621089772,-6.679756759836508,-12.071267317665026,0.5597642314851284,0.7219905135895052,-5.297081783307156,-13.60536837773273,0.5193458698899746,0.7039776090412082
1766448000,57.8,58.1,57.0,57.2,3147900,2025-12-23,VCB,2025-12-23,-1.038062283737018,0.5272407732864748,-1.718213058419249,-7.073463950352532,-1.3452914798206206,-7.482289004625886,57.64,58.99,60.217405,57.752090024077596,58.97001545797433,-0.7633587786259555,-3.034412612307169,-5.0108519289398075,-0.9559654444495802,1.9031141868512136,-1.0380622837370144,0.0,18.181818181818414,180059880.0,3619390.0,3910473.3333333335,208713229.0,234941906.65833333,0.8697321924412678,0.862714265227529,0.8857142857142851,1.5484515484515473,13.436858779519586,17.685477193277844,7.480403594852129,31.914893617021306,70.092,51.626,30.185205242066527,-11.455108359133115,-16.620506690767034,-8.451090265771876,-13.720271436661747,0.5439599267115026,0.7039677688713238,-7.126151893777443,-15.110476933880236,0.5042360121312464,0.6868429676405706
1766534400,57.3,57.3,56.9,57.0,4431500,2025-12-24,VCB,2025-12-24,-0.34965034965035446,0.5291005291005346,-1.8932874354561147,-7.991799970944779,-2.0248203788373553,-7.10712015775492,57.585,58.88,60.18099,57.68046240273687,58.892759949818476,-1.015889554571503,-3.192934782608703,-5.285705668849916,-1.1797103809358278,0.6993006993006968,-0.5244755244755195,0.17482517482516613,25.000000000000444,252595500.0,3572405.0,3933965.0,205739668.0,236031566.29166666,1.240480852534917,1.227743305194796,0.8642857142857139,1.516290726817042,13.467201806232488,17.620012562679896,7.452479448120773,30.6122448979592,70.092,51.626,29.102133651034347,-11.764705882352933,-16.91204338065946,-7.990790351497923,-15.064860839987759,0.541576864942961,0.7041327051514426,-7.070173921380585,-16.144133676701657,0.5018959226224333,0.6863658795644798
1766620800,57.0,57.9,57.0,57.1,3968100,2025-12-25,VCB,2025-12-25,0.17543859649122862,0.528169014084523,-1.3816925734024155,-7.3848798923004555,-2.5181391378574447,-7.04564693625056,57.544999999999995,58.763999999999996,60.13539,57.62518026914289,58.82245563806089,-0.7733078460335219,-2.8316656456333744,-5.047593438738818,-0.9113728871475768,1.5789473684210502,0.17543859649123056,0.0,11.111111111111287,226578510.0,3615135.0,3939141.6666666665,208055011.0,236049610.66666666,1.0976353580156757,1.0890317368996223,0.8571428571428567,1.5011258443832867,13.46450529445568,17.615938109373122,7.557635356264769,36.36363636363641,70.092,51.626,29.643669446550437,-11.609907120743024,-16.766275035713253,-4.856685448865505,-12.838952294597284,0.513221631104702,0.6803661556837673,-4.246078003190368,-13.644155083181197,0.4754185784731561,0.6633029232119904
1766707200,57.1,57.4,56.6,57.1,3302500,2025-12-26,VCB,2025-12-26,0.0,-0.6956521739130417,-0.5226480836236891,-7.455429497568888,-6.480829388931653,-6.944150193119403,57.53000000000001,58.66799999999999,60.095749999999995,57.57516310065309,58.75490835813693,-0.7474361202850832,-2.6726665303061115,-4.984961498941265,-0.8252918012970456,1.4010507880910632,0.0,0.0,62.50000000000022,188572750.0,3603545.0,3947165.0,207340207.5,236291458.66666666,0.9164586539088592,0.9094847172852376,0.8785714285714279,1.5386539904928684,13.130979372242294,17.612971739555583,7.37819345271218,40.00000000000004,70.092,51.626,29.643669446550437,-11.609907120743024,-16.766275035713253,-2.817753317835592,-12.558053113760202,0.5114040577792481,0.6792670984086765,-2.7082898982521475,-13.180593653717542,0.4737855198365451,0.6620180925980261
1766966400,57.4,57.5,57.1,57.1,2099700,2025-12-29,VCB,2025-12-29,0.0,-1.211072664359858,-0.6956521739130417,-10.781249999999998,-6.3289478001246735,-6.6413786337922165,57.510000000000005,58.62200000000001,60.053625000000004,57.52990947201947,58.69000999115117,-0.7129194922622206,-2.5962949063491614,-4.918312591454721,-0.7472799383224538,0.7005253940455316,-0.5253940455341456,0.5253940455341555,0.0,119892870.0,3567285.0,3857798.3333333335,205213263.5,230330526.5,0.5885988924350031,0.5842354824204625,0.8071428571428559,1.4135601701275935,13.11082887897358,15.683089145783214,7.37819345271218,38.46153846153848,70.092,51.626,29.643669446550437,-11.609907120743024,-16.766275035713253,-3.8202297947208197,-14.281102550869951,0.44767364613073557,0.6499272448491757,-3.6487542240175252,-14.517108298983306,0.41420041766253285,0.6306619834228123
1767052800,57.3,58.1,57.2,57.3,2958000,2025-12-30,VCB,2025-12-30,0.3502626970227629,0.17482517482516613,-0.520833333333337,-10.047095761381486,-7.950328519333649,-6.6182102638483675,57.49499999999999,58.582,60.006049999999995,57.50801333182714,58.635499795419754,-0.33915992695016106,-2.1883855109077976,-4.509628612448246,-0.3617119072204411,1.5761821366024493,0.0,0.3502626970227629,11.111111111110498,169493400.0,3555905.0,3836610.0,204513405.5,228665309.66666666,0.8318557441776425,0.8287642542825878,0.82142857142857,1.4335577162802269,13.162347253315302,15.709621503850723,7.37819345271218,38.46153846153836,70.092,51.626,30.726741037582578,-11.300309597523217,-16.47473834582083,-3.4234692342337225,-14.888963678072876,0.44903678465069363,0.6505599411010973,-3.576029936619307,-15.286275715823406,0.4150587162331257,0.6319298718063222
1767139200,57.4,57.9,57.3,57.5,2530800,2025-12-31,VCB,2025-12-31,0.3490401396160525,0.8771929824561431,-2.376910016977929,-10.9907120743034,-7.184710497005698,-5.9873777835911195,57.425,58.54,59.961954999999996,57.50725015736741,58.59097039167781,0.1306051371354089,-1.776563033823031,-4.105861791864518,-0.01260737967399006,1.04712041884817,0.17452006980803042,0.17452006980802626,33.33333333333373,145521000.0,3374385.0,3743560.0,193644721.5,222354801.66666666,0.7500033339408514,0.7514844653279124,0.8071428571428559,1.4037267080745321,10.18493103093738,15.399595830348819,7.37819345271218,48.57142857142855,70.092,51.626,31.809812628614765,-10.436137071651096,-16.183201655928404,-5.421194188663536,-16.094874446272335,0.44298176265351624,0.6557661610191861,-5.350555927961254,-16.590441656455823,0.4100530176135706,0.638138644786107
1767571200,57.5,57.6,57.0,57.1,3591800,2026-01-05,VCB,2026-01-05,-0.6956521739130417,0.0,-3.056027164685904,-10.501567398119116,-6.3289478001246735,-6.743536559473451,57.335,58.486,59.917350000000006,57.46846442809432,58.532500964553186,-0.40987180605215334,-2.3697979003522107,-4.702060421564047,-0.641159341494757,1.0434782608695676,-0.695652173913041,0.0,16.666666666666863,205091780.0,3407820.0,3707853.3333333335,195290781.0,219675632.0,1.053987593241427,1.0501866957048014,0.7785714285714275,1.363522641981484,10.375370564691831,15.281374210204316,7.424622216431978,54.838709677419445,70.092,51.626,29.643669446550437,-11.059190031152655,-16.766275035713253,-6.0009282721897765,-14.692144571037957,0.4549486759104289,0.6758792319172092,-5.538939775255091,-15.024750061742509,0.41943641659167114,0.6561538744651834
1767657600,57.1,57.5,56.6,57.3,4173200,2026-01-06,VCB,2026-01-06,0.3502626970227629,0.3502626970227629,-1.715265866209259,-10.747663551401876,-6.60907831472578,-6.213172711797821,57.285000000000004,58.442,59.872254999999996,57.45242019684724,58.48416759339424,0.02618486514793794,-1.9540741247732862,-4.296238716914869,-0.26529813074021025,1.5761821366024493,0.35026269702275964,0.0,77.77777777777743,239124360.0,3436245.0,3694313.3333333335,196739298.5,218326446.0,1.2144652083888081,1.2154376976189127,0.7999999999999992,1.396160558464222,9.991323980183344,15.229386787185236,7.03818606861955,57.57575757575761,70.092,51.626,30.726741037582578,-9.191759112519815,-16.47473834582083,-6.019471870849424,-14.680026001689416,0.4529038535385359,0.6728643150965966,-5.788158804705834,-14.554143504142758,0.4196770706995574,0.6531826405513694
1767744000,57.6,59.9,57.5,59.6,12918300,2026-01-07,VCB,2026-01-07,4.013961605584648,4.378283712784592,2.936096718480141,-5.546751188589538,-3.4849073714211753,-1.5917046430222515,57.36999999999999,58.45,59.84263,57.65695160667131,58.52792572698662,3.8870489803033204,1.9674935842600494,-0.4054467525909211,3.370015824950179,4.1884816753926675,3.4904013961605584,0.523560209424101,87.50000000000011,769930680.0,3975085.0,3776410.0,229036190.0,222753178.16666666,3.2498172995042873,3.3616114553774232,0.8857142857142851,1.4860977948226262,17.41187878515558,17.173139585582835,6.9298224276187534,74.54545454545463,70.092,51.626,43.18206433445253,-5.546751188589538,-13.122066412057965,-3.213047396382951,-11.011535452548937,0.5266111986226163,0.7080094805133421,-2.7569601112725772,-9.744974099914018,0.4932214228384829,0.6841571197337513
1767830400,59.8,63.7,59.7,63.7,27104600,2026-01-08,VCB,2026-01-08,6.879194630872476,11.16928446771379,9.827586206896566,0.9508716323296307,3.6547661665636166,4.376607842173397,57.654999999999994,58.52400000000001,59.831025,58.23248002508357,58.73075216906558,10.484780157835427,8.84423484382475,6.4665029556154385,9.389124372792136,6.7114093959731544,6.5436241610738355,0.3355704697986406,100.0,1726563020.0,5104345.0,4111338.3333333335,302258081.0,244158202.0,5.310103451079423,5.712214589227145,1.1214285714285712,1.7604844135456377,29.56092703851515,22.3365838675776,6.9298224276187534,87.23404255319153,70.092,51.626,65.38503195061196,0.0,-7.145564269263282,3.623839576631638,-4.415214702037162,0.5030551179090099,0.5201389129430793,4.708023303327402,-2.0456174002424277,0.4288814202749639,0.45967459263613725
1767916800,65.4,68.0,65.4,68.0,32481400,2026-01-09,VCB,2026-01-09,6.750392464678168,18.260869565217398,16.838487972508574,8.800000000000008,11.733679488654092,11.30024878879141,58.145,58.67,59.84241,59.16272002269466,59.09425208400419,16.94900679336142,15.902505539457978,13.631787222473157,14.937244220541901,4.081632653061215,4.081632653061215,2.668759811616961,100.0,2208735200.0,6574290.0,4565715.0,403724766.0,275534205.3333333,4.940670399389136,5.470893504710087,1.3714285714285712,2.0168067226890756,36.97158955129429,26.149579026184565,6.9298224276187534,91.17647058823532,70.092,51.626,88.67107115780354,0.0,-0.8775254365761986,8.17521091285691,2.5455559031826835,0.529603803243843,0.4681822590897728,10.714644892456391,5.98506797237317,0.40484921139064245,0.37081451427331613
1768176000,69.9,72.7,69.6,72.7,21973100,2026-01-12,VCB,2026-01-12,6.911764705882351,27.32049036777584,26.21527777777779,15.580286168521473,17.72898043788056,17.841570356442382,58.9,58.912,59.87928,60.451984782438025,59.62781082580795,23.429541595925297,23.40439978272679,21.410945488990517,20.26073297947393,4.558823529411777,4.117647058823525,2.794117647058836,100.0,1597444370.0,7585610.0,4854693.333333333,478566488.5,297299882.1666667,2.8966820071161052,3.337977916103083,1.6500000000000001,2.269601100412655,42.127889228278306,29.581441425031702,6.313426352099707,93.1818181818182,72.7,51.626,100.0,0.0,0.0,15.71259957423432,9.327350152447679,0.5493124407465664,0.42926621764819684,18.110989962531665,12.713705543777998,0.43381842698684403,0.35132912313864034
1768262400,74.3,76.0,71.8,74.0,28198200,2026-01-13,VCB,2026-01-13,1.7881705639614776,29.144851657940674,30.281690140845075,19.547657512116313,20.026600489838287,20.72762868096909,59.760000000000005,59.2,59.924139999999994,61.74227194601536,60.19142608754097,23.82864792503345,25.0,23.48946518047652,19.85305637068595,5.777166437414034,-0.41265474552956966,2.2008253094910613,52.380952380952415,2086666800.0,8753135.0,5234565.0,569132360.5,326500575.3333333,3.221497212141707,3.6663998479489024,1.9000000000000001,2.5675675675675675,41.030395761580145,29.489993451925457,4.476501166467577,93.54838709677422,76.0,51.626,91.79453516041683,0.0,0.0,14.734810871434245,9.627313702366958,0.5454138074456769,0.42210776906554826,18.381506426603746,13.879368974127093,0.4218504666030102,0.33596920366106287
1768348800,73.1,78.8,73.1,76.0,21213600,2026-01-14,VCB,2026-01-14,2.7027027027026973,27.516778523489926,33.80281690140845,27.94612794612794,23.270562665239325,23.857173122993448,60.720000000000006,59.534,59.982474999999994,63.10015080829961,60.81137016253936,25.164690382081666,27.658144925588736,26.703674698318135,20.4434522365732,7.702702702702706,3.918918918918927,-1.216216216216226,50.87719298245621,1612233600.0,9653660.0,5386198.333333333,640647236.5,341376691.3333333,2.19746707466391,2.5165699750895594,2.2285714285714286,2.9323308270676693,40.96199670299417,28.457697726486806,4.476501166467577,96.99999999999999,78.8,51.626,89.6960329726945,0.0,0.0,18.70995598318803,12.179489593127823,0.4431970796893059,0.305483127177712,23.253251163163455,17.456834252318675,0.2732697531821853,0.19862850496123868
1768435200,74.0,74.9,71.9,71.9,23227200,2026-01-15,VCB,2026-01-15,-5.394736842105252,12.872841444270012,26.362038664323386,21.247892074198994,16.808005978490435,17.81284307460389,61.470000000000006,59.77,60.02428,63.93823168369965,61.24621839145939,16.96762648446397,20.294462104734823,19.78486039316092,12.45228106352232,3.9473684210526314,-2.763157894736835,-2.631578947368418,0.0,1670035680.0000002,10497680.0,5633040.0,706092374.5,360892114.1666667,2.2126031656518395,2.3651801666638734,2.492857142857143,3.467117027617723,47.582884578693694,30.84053714309796,19.21763471394155,81.17154811715483,78.8,51.626,74.60808125414002,-5.394736842105252,-5.394736842105252,15.307833635678449,9.142182786762799,0.5594343224409545,0.35811721954330716,19.156836215989205,14.380101479700325,0.3631050872291459,0.23873453790556567
1768521600,73.0,76.0,72.0,73.0,13426500,2026-01-16,VCB,2026-01-16,1.5299026425591,7.352941176470584,28.747795414462086,22.483221476510074,17.08475011227304,20.269535561889374,62.285000000000004,60.014,60.0691,64.80125723763301,61.70715100355902,17.203178935538244,21.638284400306596,21.52670840748405,12.652135331728731,5.563282336578581,0.0,1.5299026425591,25.0,980134500.0,11052445.0,5779068.333333333,748490147.5,372593987.8333333,1.2147990783939662,1.3094821665638559,2.721428571428571,3.7279843444227003,47.22681838570731,30.935350506534924,19.267771280392857,81.92771084337352,78.8,51.626,78.65606830058145,-3.9473684210526327,-3.9473684210526327,16.471108393203295,10.530287309098686,0.5667014623715919,0.3613083532562954,19.13742633203104,14.74219147982463,0.3733714343216977,0.2469579097590128
1768780800,73.0,73.5,71.6,72.7,8212000,2026-01-19,VCB,2026-01-19,-0.4109589041095818,0.0,27.992957746478876,21.571906354515068,20.044252902032667,19.123695292401965,63.08,60.262,60.110935,65.55351845309653,62.13824312106651,15.250475586556767,20.63987255650328,20.943053040183134,10.901751295038075,2.602739726027405,-0.4109589041095852,0.0,57.894736842105544,597012400.0,11309255.0,5845483.333333333,769605495.5,378331184.8333333,0.7261309431965236,0.7757382236624115,2.8000000000000003,3.851444291609354,47.4596878543205,30.975349278181806,19.217152895641,80.95238095238098,78.8,51.626,77.55207183337015,-4.342105263157892,-4.342105263157892,14.89739310050815,9.152075406001092,0.55797967778126,0.35613774704183326,17.970735174019126,13.942061253835657,0.36976640803717337,0.244105202837559
1768867200,74.0,75.0,72.1,73.5,18491600,2026-01-20,VCB,2026-01-20,1.1004126547455195,-0.6756756756756799,27.826086956521735,23.529411764705888,21.563957527041765,20.697582764056754,63.879999999999995,60.54599999999999,60.179105,66.3103262194683,62.58380221435802,15.05948653725737,21.395302745020327,22.135415606463415,10.842464802142482,3.9889958734525526,-0.6877579092159559,1.7881705639614776,48.27586206896562,1359132600.0,12020560.0,6080798.333333333,825298813.0,396647134.0,1.5383309928988333,1.6468369741857365,2.978571428571429,4.052478134110788,47.4638778648196,30.962449199474978,19.217152895641,81.53846153846156,78.8,51.626,80.4960624126003,-3.289473684210531,-3.289473684210531,16.708977979868436,11.017380965860845,0.5514398889916263,0.35198662592032287,19.946731663961927,16.278049016582873,0.36306641041487786,0.24009528673558977
1768953600,72.8,73.6,71.7,72.8,11179000,2026-01-21,VCB,2026-01-21,-0.9523809523809601,-4.210526315789476,25.951557093425603,22.97297297297296,21.806347984673803,19.940029985007477,64.63000000000001,60.826,60.245264999999996,66.92839038904275,62.984437421638106,12.641188302645801,19.68566073718474,20.839372189665028,8.772972989230187,2.585034013605431,0.0,-0.9523809523809601,57.89473684210522,813831200.0,12431450.0,6223115.0,857432505.0,407606187.3333333,0.8992514951996751,0.9491489945322286,3.042857142857143,4.179748822605966,48.059561558054895,31.03011458123019,19.255191708284418,79.24528301886794,78.8,51.626,77.9200706557739,-4.210526315789476,-4.210526315789476,18.27550357064187,8.879516838779523,0.564435717862117,0.3521177155533493,21.16130080715868,13.523068724146171,0.3680143583742472,0.23582411132095987
1769040000,73.4,75.9,70.6,71.0,18577500,2026-01-22,VCB,2026-01-22,-2.4725274725274637,-1.2517385257301838,24.125874125874127,18.333333333333336,18.794652567470326,15.332759376878213,65.32000000000001,61.068000000000005,60.323274999999995,67.31616273294344,63.29877320902485,8.695652173913038,16.263837034125885,17.69917995997401,5.472440967366299,7.280219780219796,-3.2967032967033045,0.8241758241758435,7.547169811320846,1319002500.0,13202930.0,6486245.0,914379636.0,426799862.3333333,1.4070740358390146,1.4425107997483881,3.3785714285714294,4.758551307847084,49.20287909669242,31.496298671351664,20.478461259337084,74.02135231316728,78.8,51.626,71.29609185250608,-6.578947368421051,-6.578947368421051,17.88599601171901,6.299414856689479,0.5720637284788548,0.3474345065919159,20.67408638001871,11.506710169908896,0.3657571764814772,0.22351965983152253
1769126400,71.0,71.0,68.5,68.6,16804700,2026-01-23,VCB,2026-01-23,-3.3802816901408517,-6.027397260273981,20.350877192982452,13.014827018121888,13.089350478074513,11.675457446115779,65.9,61.25,60.405665,67.43843294885359,63.50666445572976,4.097116843702553,11.99999999999999,13.565507473512618,1.7224110946162607,3.5211267605633805,-3.380281690140853,0.0,3.9999999999997726,1152802420.0,13821590.0,6704390.0,959389982.0,442253882.6666667,1.2158297272600331,1.2015993929776099,3.514285714285715,5.122865472719702,51.53353324926475,32.32930748033726,22.845110379865556,69.1029900332226,78.8,51.626,62.46412011481562,-9.736842105263166,-9.736842105263166,15.416559651110594,2.0433767532671787,0.6010608592867029,0.3570085380915001,17.65060583128053,6.4499164650281715,0.38034266852193543,0.22658047095541367
1769385600,68.9,71.1,68.7,69.6,10990600,2026-01-26,VCB,2026-01-26,1.4577259475218707,-4.264099037138935,21.891418563922937,14.851485148514843,13.991843687046511,14.29322122963741,66.525,61.446,60.475185,67.6442964775342,63.745618790799185,4.6223224351747305,13.270188458158373,15.08852763327635,2.8911580492456235,3.4985422740524657,1.0204081632652895,0.4373177842565745,37.49999999999978,764945759.9999999,14172715.0,6855123.333333333,986308344.5,453036912.6666667,0.7754759761979267,0.7755645222567615,3.6285714285714294,5.213464696223319,51.469065011800375,32.4168270980569,22.845110379865556,69.90291262135922,78.8,51.626,66.1441083388533,-8.421052631578952,-8.421052631578952,16.10377189323986,4.4206556534951655,0.5640751226345128,0.3367076887462629,19.054169486142733,9.288368972365092,0.3289085851299024,0.1991969775233106
1769472000,69.7,71.5,68.1,70.6,9645200,2026-01-27,VCB,2026-01-27,1.4367816091954033,-3.9455782312925236,23.642732049036773,18.456375838926164,14.145284635656651,16.315468639306708,67.2,61.657999999999994,60.53134,67.92579205110236,64.0144180539051,5.0595238095237915,14.502578740796013,16.633796641541387,3.9369551213856324,4.885057471264377,1.2931034482758499,0.1436781609195581,73.52941176470576,680951120.0,14489850.0,6980580.0,1010927263.0,462282416.6666667,0.6656521634109394,0.673590618161022,3.685714285714287,5.220558478348849,51.335086551009226,32.260437005454776,22.845110379865556,68.58108108108108,78.8,51.626,69.82409656289099,-7.105263157894748,-7.105263157894748,17.82124979675328,6.816696639096941,0.5273718839609252,0.31070316217124616,20.90057423381071,11.321398964483075,0.2865575029854008,0.17025637905249302
1769558400,71.1,72.9,69.4,69.6,12283200,2026-01-28,VCB,2026-01-28,-1.4164305949008527,-4.395604395604402,21.891418563922937,17.369308600337273,13.621522789604267,14.919754309490774,67.825,61.846000000000004,60.58497500000001,68.08524042718786,64.23346048316373,2.617029119056391,12.537593377097945,14.879968176928337,2.224798742441192,4.957507082152975,-2.1246458923512748,0.7082152974504208,5.714285714285389,854910719.9999999,14999025.0,7138631.666666667,1047678155.5,473763496.5,0.8189332306599929,0.8160051018645104,3.6428571428571437,5.2339901477832536,51.98547969035734,32.411784212600736,22.851258672936428,61.1320754716981,78.8,51.626,66.1441083388533,-8.421052631578952,-8.421052631578952,19.152137489864884,5.872091531691636,0.5442331280021533,0.31991480072408013,21.56640073064151,9.860318699172364,0.30006314866694134,0.17643534461221563
1769644800,69.3,70.8,68.6,69.8,7855400,2026-01-29,VCB,2026-01-29,0.287356321839094,-1.6901408450704314,21.815008726003484,16.13976705490847,13.580889771210991,13.628963990362708,68.45,62.044,60.636135,68.24855086269378,64.45175615049064,1.9722425127830512,12.500805879698284,15.112877824419368,2.2732338162425147,3.1609195402298895,0.7183908045977012,-0.4310344827586188,54.54545454545461,548306920.0,15243895.0,7220348.333333333,1066618831.5,479944624.5,0.5153144914734719,0.5140607907971293,3.492857142857144,5.004093327875565,51.99710617080103,32.33618997863638,22.851258672936428,54.01785714285714,78.8,51.626,66.88010598366085,-8.157894736842108,-8.157894736842108,19.093858689215892,6.272819513170669,0.5429239761685503,0.3128405927637329,21.35324826424303,9.749433442291156,0.2852508081618526,0.16492140644321704
1769731200,70.6,71.9,69.6,70.5,11480700,2026-01-30,VCB,2026-01-30,1.002865329512903,2.76967930029155,22.608695652173914,15.953947368421062,13.618049959709921,14.645331251829452,69.1,62.26599999999999,60.694269999999996,68.46297459005628,64.68894218380473,2.026049204052116,13.223910320238996,16.155940255974755,2.9753679593109483,3.2951289398280967,-0.143266475644691,1.1461318051575908,39.130434782608745,809389350.0,15691390.0,7334998.333333333,1099812249.0,488771391.0,0.7316560228252564,0.7359341112411997,3.3214285714285734,4.711246200607905,51.933337913794105,32.318751347015144,22.851258672936428,44.021739130434774,78.8,51.626,69.45609774048724,-7.236842105263152,-7.236842105263152,20.112184043815226,5.430589320454127,0.5458524052859578,0.315407559921826,22.64907720863669,8.355628815780424,0.2980019560813555,0.17203563004623051
1769990400,70.5,71.5,69.3,71.5,10711000,2026-02-02,VCB,2026-02-02,1.4184397163120588,2.7298850574712707,25.218914185639218,18.573797678275294,14.315863524446005,17.540687160940326,69.82,62.508,60.763360000000006,68.75221510528901,64.95604249032219,2.4061873388713906,14.385358674089721,17.669595624731738,3.996649257777296,3.120567375886529,1.4184397163120568,0.0,100.0,765836500.0,16047350.0,7466495.0,1127849485.0,498700026.6666667,0.6674622289661533,0.6790236730923365,3.1785714285714306,4.445554445554448,51.51816651346003,32.32241222888576,23.000540135525952,43.093922651933696,78.8,51.626,73.13608596452492,-5.921052631578949,-5.921052631578949,24.206836350702975,8.598392233381723,0.5069910693831728,0.29495292474095053,26.42018792028441,11.368513125429768,0.2621240688991969,0.15211144335558488
1770076800,72.4,73.3,71.3,71.8,15094700,2026-02-03,VCB,2026-02-03,0.41958041958041203,1.6997167138810276,25.30541012216405,21.079258010118053,15.713134568896049,17.519968574047407,70.54499999999999,62.764,60.833949999999994,69.04248033335672,65.22443298089779,1.7790063080303398,14.396787967624736,18.02620083029296,3.993946412888394,2.797202797202797,-0.8391608391608512,1.2587412587412583,25.0,1083799460.0,16593425.0,7658301.666666667,1170083240.0,513218891.1666667,0.9096795869448291,0.9262584258535316,2.914285714285716,4.058893752487069,51.503942648153064,32.06296758931907,23.000540135525952,37.195121951219505,78.8,51.626,74.24008243173623,-5.52631578947369,-5.52631578947369,25.46342627614996,7.67796978549169,0.4864871800018764,0.27111185994195847,28.13960923109613,11.599395456616392,0.21690054006410173,0.121988630258711
1770163200,72.0,72.0,70.5,70.8,8726700,2026-02-04,VCB,2026-02-04,-1.392757660167132,1.7241379310344973,18.791946308724828,20.408163265306122,9.375724150716035,15.133183725241484,71.105,63.004,60.89904500000001,69.20986315875132,65.4430826679214,-0.4289431122987186,12.373817535394572,16.25798072859761,2.297558135032385,2.0891364902506964,-1.671309192200561,0.278551532033422,19.999999999999808,617850360.0,16383845.0,7765138.333333333,1162479224.0,521246227.1666667,0.5326405370656278,0.5314936794087599,2.728571428571431,3.8539144471347897,51.137609804285475,32.169122085439774,22.968548649248397,45.86466165413531,78.8,51.626,70.56009420769853,-6.842105263157894,-6.842105263157894,22.5602506523469,7.065255145296501,0.4968336105222776,0.276227293491572,23.969935205880446,10.209070048443069,0.21499534252835018,0.11952364438269886
1770249600,70.7,70.8,68.4,68.4,11688700,2026-02-05,VCB,2026-02-05,-3.3898305084745672,-2.005730659025773,7.378335949764536,16.129032258064523,7.147892288171431,10.871573760394227,71.34,63.208,60.950649999999996,69.13273333410834,65.55904021035586,-4.121110176619003,8.21415010758133,12.22193692766198,-1.0598934813804362,3.3898305084745646,-3.2485875706214653,-0.14124293785310327,0.0,799507080.0000001,15613050.0,7917601.666666667,1116126427.0,532077028.3333333,0.748649367035909,0.7163230442889604,2.607142857142859,3.811612364243946,48.15230593719114,33.05959061285202,24.556298071086687,34.246575342465775,78.8,51.626,61.72812247000813,-9.999999999999998,-9.999999999999998,11.312458263244029,4.272304451386599,0.531652361875005,0.28781834279796203,12.429371855706117,8.022422684063635,0.26880412961238065,0.14595267090233074
1770336000,67.9,67.9,64.9,65.1,24570400,2026-02-06,VCB,2026-02-06,-4.8245614035087865,-7.659574468085117,-4.264705882352948,9.41176470588234,1.6615653694796562,5.408031088082899,71.19500000000001,63.34799999999999,60.988240000000005,68.74866349276469,65.54103863347916,-8.560994451857596,2.7656753172949466,6.741889911891197,-5.307250072066772,4.385964912280701,-4.093567251462005,-0.7309941520467822,6.666666666666288,1599533039.9999998,15217500.0,8293563.333333333,1085666319.0,556739984.8333334,1.614614752751766,1.4733192068381737,2.721428571428573,4.180381830151418,45.35304180539668,34.626478319661146,27.85555197502525,28.409090909090892,78.8,51.626,49.58416133068373,-14.342105263157901,-14.342105263157901,1.7532822326425057,1.8357471553571694,0.639576315752376,0.3256989509415859,1.6693472874603872,5.601950950387668,0.3593184434899137,0.17973269798121938
1770595200,65.5,66.0,64.2,65.0,7308900,2026-02-09,VCB,2026-02-09,-0.1536098310291778,-9.090909090909093,-10.591471801925723,8.695652173913038,1.9799805453575514,6.158846298322684,70.81,63.49,61.024335,68.3916479220252,65.51982143216625,-8.205055783081495,2.378327295637095,6.5148845948096,-4.959155138200632,2.7649769585253416,-0.7680491551459294,0.6144393241167556,44.44444444444436,475078500.0,14484290.0,8380153.333333333,1029548025.5,562551504.8333334,0.5046087864852195,0.46144374835673946,2.6428571428571437,4.0659340659340675,36.83688969745397,34.62585535850386,27.77433912511128,24.852071005917168,78.8,51.626,49.21616250827998,-14.473684210526317,-14.473684210526317,-4.065714476362292,1.133008129387969,0.6409831979576568,0.32643016688272175,-4.222495145386107,4.215518284854292,0.362292549506225,0.18092226440804113
1770681600,64.5,65.5,62.6,63.1,15811100,2026-02-10,VCB,2026-02-10,-2.923076923076917,-12.116991643454034,-14.729729729729723,5.166666666666675,0.885748089406202,3.393468678824818,70.265,63.604000000000006,61.054405,67.8876814532609,65.4249264740421,-10.197110937166443,-0.792402993522423,3.350446212685232,-7.052356702676765,4.461538461538459,-2.1538461538461515,-0.7692307692307665,17.241379310344836,997680410.0,13864935.0,8609178.333333334,975098706.0,577109911.6666666,1.1403659663748875,1.0231583775683937,2.7142857142857157,4.301562146253115,36.69661956127536,35.195498619685665,28.050820757682477,23.204419889502788,78.8,51.626,42.22418488260839,-16.97368421052632,-16.97368421052632,-6.90495425191393,-2.0832813601881606,0.6476751323756824,0.32453152591072476,-8.142072194106209,0.8899747445063166,0.35661392516091667,0.17509786659860285
1770768000,64.0,66.6,63.5,64.7,11121200,2026-02-11,VCB,2026-02-11,2.535657686212356,-8.615819209039543,-14.868421052631575,7.475083056478415,1.509303712071297,6.477519583964186,69.7,63.748000000000005,61.09247499999999,67.58409274342652,65.39649798486397,-7.173601147776187,1.4933801844763783,5.90502349102735,-4.2674135678281155,4.912836767036441,1.1093502377179125,1.4263074484944571,38.709677419354996,719541640.0,13360315.0,8768105.0,930464108.0,587511387.0,0.8324055233727647,0.7733147725027563,2.585714285714286,3.9964672113049238,36.49130729910176,35.54344152451267,28.050820757682477,32.40223463687151,78.8,51.626,48.11216604106869,-14.868421052631575,-14.868421052631575,-9.717030668137994,-1.133976311759377,0.6811451785113741,0.3477371011163741,-11.665866749501596,1.8052794082850765,0.40954375591253295,0.2057979359144452
1770854400,65.5,65.5,64.2,64.2,7950400,2026-02-12,VCB,2026-02-12,-0.7727975270479082,-6.14035087719299,-10.709318497913767,7.178631051752937,0.10134871754892139,5.54002959066251,69.315,63.88,61.12904,67.26179819643352,65.34957649526146,-7.379355117939834,0.5009392611145858,5.023733400688113,-4.5520611677548946,2.0092735703245705,-2.0092735703245705,1.2364760432766575,0.0,510415680.0,12596475.0,8864631.666666666,872483108.0,593863113.0,0.6311607017042467,0.5850149708571779,2.5,3.894080996884735,32.16402623698353,35.56908604892434,23.6293499475622,36.25000000000003,78.8,51.626,46.27217192904985,-15.526315789473678,-15.526315789473678,-7.9899920285873005,-2.109165950512226,0.6676575265729645,0.3419785551176336,-9.19477378929634,0.940715695628036,0.4000950006297353,0.2014926541925441
1770940800,64.7,65.1,64.0,64.4,4951400,2026-02-13,VCB,2026-02-13,0.31152647975078995,-1.075268817204289,-11.780821917808215,8.417508417508435,1.9923347375756295,5.868814729574234,68.88499999999999,63.99,61.167595,66.98924598724938,65.31233820132964,-6.5108514190316935,0.6407251132989566,5.2845056275304,-3.8651666384515004,1.7133956386292746,-0.4672897196261638,0.7788161993769416,36.36363636363707,318870160.0,12172720.0,8898885.0,839419891.0,596310377.6666666,0.40676200553368513,0.37986967359104434,2.3999999999999995,3.72670807453416,31.40332621846738,35.51245203948074,23.6293499475622,32.8947368421053,78.8,51.626,47.008169573857394,-15.263157894736834,-15.263157894736834,-8.851806894898672,-2.2004418553842164,0.6625397971664202,0.3387435904986097,-8.814494136425289,1.3959836587341679,0.39326139633031204,0.19764543140217442
1771804800,65.0,66.7,64.6,66.4,10104200,2026-02-23,VCB,2026-02-23,3.105590062111796,2.153846153846173,-8.665749656121037,11.784511784511785,3.5316130038200777,9.156666118691437,68.57000000000001,64.14,61.216645,66.93312732179706,65.35499160519906,-3.16464926352632,3.523542251325229,8.467231420473965,-0.7965074143837847,3.2608695652174045,2.1739130434782696,0.9316770186335255,85.71428571428591,670918880.0,12267330.0,9029631.666666666,843115215.0,605255553.0,0.8236674158109385,0.7957617987003117,2.3214285714285703,3.4961273666092927,34.061273168859586,36.01974038637677,23.83346758686971,37.03703703703708,78.8,51.626,54.36814602193276,-12.631578947368416,-12.631578947368416,-6.7438793520489995,-0.5434612104942236,0.7021894275902959,0.3610951344864677,-6.0662386163166335,4.28290437249783,0.42704912615766555,0.21249742674118854
1771891200,66.6,66.6,64.9,65.0,10246500,2026-02-24,VCB,2026-02-24,-2.108433734939763,3.0110935023771823,-11.564625850340137,10.169491525423723,-5.250575784962541,6.855170146309386,68.14500000000001,64.274,61.258694999999996,66.74901995781639,65.34107036577949,-4.615158852446999,1.1295391604692506,6.107386061684794,-2.6202930903280963,2.5602409638554042,-2.4096385542168584,0.30120481927709,5.882352941176175,666022500.0,11855075.0,9142866.666666666,808459710.0,612961068.0,0.8643133847740314,0.8238165634747587,2.192857142857141,3.3736263736263705,34.05336726715388,36.28925984188008,23.736580511671626,36.14457831325304,78.8,51.626,49.21616250827998,-14.473684210526317,-14.473684210526317,-10.18326159472438,-2.6824115762180263,0.6938832820951789,0.35410074897176447,-9.897967174940602,2.2237683519768394,0.413472446739153,0.2044433076091218
1771977600,65.0,66.5,64.7,65.1,9488800,2026-02-25,VCB,2026-02-25,0.15384615384614886,0.6182380216383176,-10.576923076923084,10.71428571428572,-4.967665649679587,6.903573305307398,67.75999999999999,64.418,61.30075,66.59197043802435,65.331616625945,-3.9256198347107363,1.0587102983637964,6.197721887578855,-2.2404659724146403,2.7692307692307647,0.1538461538461451,0.0,22.22222222222178,617720880.0,11770565.0,9267253.333333334,798654194.0,621271328.0,0.8061465188799348,0.7734522458414587,2.164285714285712,3.3245556287030906,34.12379746669986,36.2728059610342,24.100622783513494,35.75757575757575,78.8,51.626,49.58416133068373,-14.342105263157901,-14.342105263157901,-9.275900503942768,-0.8523997375782244,0.698349712220446,0.35646118617533346,-9.099308410371766,3.7594338075458644,0.4216506856100325,0.20786853936736271
1772064000,65.2,65.9,65.0,65.4,7561900,2026-02-26,VCB,2026-02-26,0.4608294930875667,1.869158878504673,-7.887323943661961,12.371134020618557,-3.973218218659136,7.396216500262742,67.47999999999999,64.566,61.34679,66.47844944392679,65.33429832688834,-3.082394783639575,1.2917015147291266,6.607044965188891,-1.6222542086160363,1.3824884792626817,0.30721966205837614,0.1536098310291889,44.4444444444448,494548260.00000006,11219785.0,9347368.333333334,757431482.0,626841449.0,0.6739790468355678,0.6529280492727131,2.064285714285712,3.1564001747487946,33.497899390378336,36.187717454733495,23.886915377050823,34.16149068322984,78.8,51.626,50.68815779789507,-13.94736842105262,-13.94736842105262,-7.723200569625332,-0.835640413841455,0.6889762919604047,0.35297475032572406,-7.285599929927489,3.9808952271539457,0.4138785425798584,0.2051965455847712
1772150400,65.5,66.4,64.8,64.9,8849923,2026-02-27,VCB,2026-02-27,-0.7645259938837912,0.7763975155279601,-5.393586005830886,11.703958691910499,-2.4324243062028295,4.972018244751397,67.295,64.7,61.39032999999999,66.32812092545757,65.31726701995154,-3.5589568318597165,0.3091190108191588,5.7169752956206965,-2.153115308456499,2.4464831804281473,-0.9174311926605416,0.1529051987767538,6.250000000000499,574360002.7,10822046.15,9405347.05,728509361.135,631213003.7116666,0.8177679966740855,0.7884044232529298,2.021428571428569,3.1146819282412466,31.63443285672724,36.235470041675256,22.201175883890766,28.846153846153882,78.8,51.626,48.84816368587623,-14.605263157894733,-14.605263157894733,-5.903531002329698,-0.1964674072587389,0.7043385411375502,0.3581836829334813,-4.623044653605401,4.519326111525279,0.4242184147721581,0.20992395465573807
1772409600,62.9,63.9,62.9,62.9,17105000,2026-03-02,VCB,2026-03-02,-3.081664098613257,-5.271084337349407,-9.626436781609193,8.635578583765113,-8.04631308110636,1.301294852799062,66.96000000000001,64.806,61.422875000000005,66.00163321827114,65.2224722348554,-6.063321385902043,-2.941085701941182,2.4048451004613502,-4.699327981799883,1.5408320493066254,0.0,-3.081664098613257,0.0,1075904500.0,11127766.15,9638538.716666667,744057298.135,646140217.8783333,1.5371458897884909,1.4459968374704262,2.0214285714285696,3.2137179196002696,32.4623265815334,36.84346750424605,23.238275233407638,24.27745664739888,78.8,51.626,41.488187237800844,-17.23684210526316,-17.23684210526316,-9.755523627768037,-0.9694845871287772,0.7492877342414875,0.38403517413542043,-8.567035518003784,3.9733397513808555,0.4914915941963395,0.24944331378229354
1772496000,62.9,63.7,61.4,61.6,12575400,2026-03-03,VCB,2026-03-03,-2.0667726550079424,-5.230769230769228,-12.747875354107641,7.317073170731714,-8.078908884710645,0.172374540605591,66.51,64.902,61.43949,65.58243005462627,65.08041450015519,-7.382348519019699,-5.087670641890851,0.2612489133617446,-6.072403921765545,3.65659777424484,-2.0667726550079446,0.0,8.695652173913151,774644640.0,11274276.15,9789223.716666667,748741974.135,655669814.8783333,1.1154064201274687,1.0345949162192016,2.078571428571427,3.374304267161407,32.09182276530911,37.06867151109549,23.167784491587383,23.863636363636402,78.8,51.626,36.70420254655187,-18.947368421052634,-18.947368421052634,-11.799500593113377,0.09349408392456127,0.7699999888473685,0.4007343170902492,-9.751162678107073,5.475520507419329,0.5200559327101767,0.2730763004906267
1772582400,61.8,63.2,61.7,63.0,10278450,2026-03-04,VCB,2026-03-04,2.2727272727272707,-3.2258064516128893,-9.482758620689646,9.565217391304337,-2.822767237390089,2.781629822987197,66.18,65.02600000000001,61.463105,65.33648433513805,64.99882961779616,-4.805077062556673,-3.115676806200607,2.500516366688599,-3.5760790604423276,2.4350649350649354,1.9480519480519525,0.32467532467532756,86.66666666666649,647542350.0,11174038.65,9913449.55,738373555.635,663754991.545,0.9198509439557021,0.8769847525797625,2.021428571428571,3.2086167800453507,33.575876842070706,37.32450956710242,23.49077540211809,33.73493975903615,78.8,51.626,41.856186060204614,-17.105263157894733,-17.105263157894733,-10.334714625149088,2.7131250349720304,0.7759480270168955,0.4005213594021045,-7.449841384455646,8.377253221586312,0.5168910335600257,0.26926750447723674
1772668800,63.7,63.7,62.5,62.5,6037000,2026-03-05,VCB,2026-03-05,-0.7936507936507908,-4.434250764526004,-10.458452722063038,8.506944444444443,-3.000015519997523,0.12174804562348207,65.81500000000001,65.138,61.490175,65.0663429698868,64.90083629945121,-5.036845703866922,-4.049863367005447,1.6422542300456922,-3.944194268109591,1.9047619047619095,-1.9047619047619095,1.1111111111111072,0.0,377312500.0,11083118.65,9960972.883333333,729823834.635,666985357.2116666,0.54470228016552,0.5169911999225153,1.8571428571428565,2.97142857142857,33.46922640934519,37.37773432632337,23.176379871417907,40.57971014492757,78.8,51.626,40.01619194818578,-17.763157894736846,-17.763157894736846,-10.101974964732374,3.1809802964239973,0.7850893810651229,0.4041385967338344,-6.683279119550877,8.884357116485132,0.5258441728973896,0.2732411091138073
1772755200,62.0,63.2,61.6,61.6,8854200,2026-03-06,VCB,2026-03-06,-1.4399999999999968,-5.084745762711873,-12.624113475177301,4.584040747028872,-5.703701435875441,-0.5794154198744406,65.37,65.236,61.515225,64.73621506799282,64.77139173868842,-5.767171485390854,-5.573609663376056,0.1378114117277507,-4.844606785705386,2.5600000000000023,-0.6399999999999977,-0.8000000000000007,0.0,545418720.0,10951793.65,10005856.216666667,716625303.135,670027424.545,0.8084703093360419,0.7610933044283708,1.8428571428571427,2.99165120593692,33.107116352008944,37.26088571865368,22.819627020935254,38.35616438356166,78.8,51.626,36.70420254655187,-18.947368421052634,-18.947368421052634,-9.278095892182936,2.5012006470156,0.7658542756883169,0.4061533833411995,-6.435356892048839,8.022192056112587,0.5183250866244309,0.27402045922784873
1773014400,57.4,59.7,57.3,57.3,29396000,2026-03-09,VCB,2026-03-09,-6.980519480519487,-8.903020667726558,-19.86013986013987,-2.716468590831922,-12.152942799760847,-7.519488694136456,64.66,65.24600000000001,61.518280000000004,64.02800410913636,64.47839598423005,-11.382616764614905,-12.1785243539834,-6.856953737978378,-10.507908535878164,3.896103896103905,-0.16233766233766464,-6.818181818181824,0.0,1684390800.0,11886043.65,10447071.216666667,762553018.135,695231094.7116666,2.47315262046846,2.208883526708173,1.942857142857143,3.390675641984543,39.03471586290035,39.98852688118714,30.25181320332326,32.941176470588246,78.8,51.626,20.88025318318981,-24.60526315789474,-24.60526315789474,-11.351421343671564,2.144690489087952,0.8663708724612088,0.5172932775803979,-8.704180951587805,7.3273296845162585,0.700075465149467,0.4145414488562082
1773100800,59.8,60.9,58.8,60.4,11524700,2026-03-10,VCB,2026-03-10,5.410122164048858,-1.9480519480519543,-15.877437325905285,3.6020583190394584,-7.540642316994761,-2.2020725388601003,64.09,65.304,61.536835,63.68247990826623,64.31845888680927,-5.7575284755812195,-7.509494058556909,-1.8474057042420333,-5.154447366048876,3.6649214659685887,1.04712041884817,4.363001745200701,76.1904761904762,696091880.0,11707543.65,10579071.216666667,743167639.135,703330059.2116666,0.9843824071499404,0.936655262344586,1.9500000000000008,3.228476821192054,45.11014131318807,41.4431917932662,30.25181320332326,38.378378378378386,78.8,51.626,32.288216677706636,-20.52631578947368,-20.52631578947368,-8.340765880002554,7.311313366934158,0.914469894562646,0.5311566298216828,-7.831644435116425,10.614966443564889,0.7706557152943789,0.45816766238701345
1773187200,60.5,61.2,60.0,60.4,8789200,2026-03-11,VCB,2026-03-11,0.0,-4.1269841269841345,-14.689265536723163,4.317789291882557,-7.540642316994761,-2.2020725388601003,63.56999999999999,65.356,61.556385,63.36986277414564,64.16479383242459,-4.986628913009272,-7.583083420037939,-1.8785784772773817,-4.686553898231449,1.9867549668874218,-0.16556291390728714,0.16556291390728006,33.33333333333314,530867680.0,11710668.65,10689866.216666667,738818505.135,710111306.3783333,0.7505293047464031,0.7185359818552428,1.9428571428571442,3.2166508987701063,45.14734793108918,41.41199109677184,30.738478340356952,39.44444444444445,78.8,51.626,32.288216677706636,-20.52631578947368,-20.52631578947368,-11.167498010221978,5.766122568194898,0.8588210707412901,0.5157091131877553,-9.747584912637942,9.05007347089073,0.7275144182849735,0.44571448637201677
1773273600,60.2,60.3,59.5,59.8,6217000,2026-03-12,VCB,2026-03-12,-0.9933774834437137,-4.320000000000002,-12.573099415204691,3.103448275862064,-8.18081316791549,-3.691296785415188,63.14000000000001,65.408,61.57343,63.029875843274624,63.99362544683932,-5.289832119100424,-8.573874755381606,-2.8801871196715956,-5.124356981609479,1.3245033112582734,-0.6622516556291486,-0.3311258278145601,37.49999999999978,371776600.0,11437083.65,10718159.55,717431981.135,711938829.7116666,0.5435826291259136,0.5182046657745,1.9285714285714302,3.2250358337314884,44.079352239113504,41.47260525151029,29.914114274223145,37.499999999999986,78.8,51.626,30.08022374328402,-21.31578947368421,-21.31578947368421,-8.480670548855173,5.25321046271281,0.8610212325087369,0.5180696328598317,-7.014186721668502,8.841859442500011,0.7286281361037436,0.44881790928441967
1773360000,59.2,60.1,58.9,59.0,5656900,2026-03-13,VCB,2026-03-13,-1.3377926421404673,-4.2207792207792245,-9.370199692780334,1.3745704467353903,-8.289680257410659,-6.577572283624167,62.835,65.44800000000001,61.58548,62.64607814391513,63.79779699794366,-6.103286384976525,-9.852096320743197,-4.198197367301503,-5.820121948478718,2.006688963210707,-0.33444816053512183,-1.0033444816053394,8.333333333333432,333757100.0,10491408.65,10761066.216666667,654143184.135,714511423.045,0.5391935619627208,0.5102202516125587,1.8500000000000019,3.1355932203389862,41.33350280583671,41.57070421488818,26.948556676854906,28.48837209302326,78.8,51.626,27.136233164053884,-22.368421052631582,-22.368421052631582,-5.99507365959302,2.697447967125388,0.8833129155464944,0.5266456195178992,-4.739617268413176,6.170716272578492,0.7403824865831543,0.45277597789026386
1773619200,59.3,59.8,58.6,58.8,3985900,2026-03-16,VCB,2026-03-16,-0.3389830508474634,2.617801047120416,-9.53846153846154,2.083333333333326,-7.313997477931911,-8.529471244341435,62.525,65.482,61.597525000000005,62.27978498735179,63.601804958808614,-5.957616953218714,-10.204330961180174,-4.541619164081689,-5.587342647471393,2.0338983050847386,-0.847457627118644,0.5084745762711895,16.666666666666373,234370920.0,10325258.65,10798386.216666667,642107805.135,716740773.045,0.3860339130584394,0.36500244682545896,1.8142857142857167,3.0855199222546204,41.320614791276235,41.51756420486239,26.86365261929582,30.625000000000014,78.8,51.626,26.400235519246333,-22.631578947368425,-22.631578947368425,-6.027560135468645,2.4182559303078444,0.8831032224007894,0.5247530618363788,-4.673360781177493,5.788596053609374,0.7382865391157124,0.4502431858539759
1773705600,59.5,60.5,59.4,60.5,7148800,2026-03-17,VCB,2026-03-17,2.8911564625850428,0.16556291390728006,-4.120443740095093,6.51408450704225,-3.2711924023918426,-5.8849151408615015,62.395,65.55,61.618069999999996,62.11028165522305,63.48016554865926,-3.0371023319176293,-7.704042715484361,-1.8145164235101707,-2.592616894191191,1.8707482993197304,1.7006802721088436,1.1904761904761862,100.0,432502400.0,9892143.65,10836737.883333333,613848904.635,719359990.3783333,0.7226745034176693,0.7045746872468067,1.80714285714286,2.987012987012992,41.888256115952174,41.80177208427718,26.347024158150457,36.93181818181821,78.8,51.626,32.656215500110406,-20.394736842105267,-20.394736842105267,-1.6267577712120067,2.6644042005251167,0.9259890405528944,0.5295833872196278,-0.12726897913218949,6.159510665165047,0.7681457137908686,0.45352767312150666
1773792000,60.9,62.0,60.0,60.5,8225000,2026-03-18,VCB,2026-03-18,0.0,0.16556291390728006,-6.49149922720248,6.51408450704225,-1.7123176397959572,-8.637873754152825,62.185,65.618,61.63911,61.956921497582755,63.363296311456935,-2.709656669614857,-7.799689109695507,-1.8480312256293208,-2.3515072446580465,3.3057851239669422,-0.6611570247933861,0.6611570247933907,25.0,497612500.0,9747333.65,10920436.216666667,602752447.635,724621264.045,0.8438205046977129,0.8255669503333679,1.8857142857142881,3.1168831168831206,40.65944524275296,41.80177208427718,26.347024158150457,35.838150289017335,78.8,51.626,32.656215500110406,-20.394736842105267,-20.394736842105267,-1.871191466398848,2.3938179229996193,0.925717044231325,0.5294281823812192,0.10853075930360401,6.567565018743782,0.7682462770499712,0.4536746309714092
1773878400,59.7,60.0,59.0,59.8,6184000,2026-03-19,VCB,2026-03-19,-1.1570247933884392,0.0,-6.853582554517146,5.096660808435849,-3.1610312216608483,-8.039613704865612,61.964999999999996,65.668,61.658139999999996,61.75150040257488,63.22355920120372,-3.4939078512063237,-8.935859170372185,-3.0136166935947117,-3.160247750827938,1.6528925619834711,0.1652892561983377,-1.3223140495867702,79.99999999999972,369803200.0,9659013.65,10917722.883333333,595721823.635,724765768.7116666,0.640231003297112,0.6207649028929637,1.8785714285714303,3.14142379359771,40.74104061371738,41.885934093717054,26.331812934365594,35.428571428571416,78.8,51.626,30.08022374328402,-21.31578947368421,-21.31578947368421,-0.5165209974830507,3.908580912296067,0.9552714532909905,0.5390634028928127,1.1941444138979573,8.01204248362839,0.7970673631129256,0.46303971037901187
1773964800,59.8,59.8,58.0,58.0,8322900,2026-03-20,VCB,2026-03-20,-3.0100334448160515,-1.6949152542372836,-9.937888198757772,2.2927689594356204,-6.825812462850811,-11.48416634872187,61.645,65.678,61.66916499999999,61.3942146499487,63.018713742332984,-5.912888312109665,-11.690368159809983,-5.9497562517669795,-5.52855781167898,3.010033444816049,-3.010033444816049,0.0,0.0,482728200.0,9827588.65,11017584.55,603914725.635,730608254.7116666,0.8468913684131457,0.7993317260022503,1.8642857142857154,3.214285714285716,41.74866810453543,42.36453654536647,26.896771623399957,35.83815028901735,78.8,51.626,23.4562449400162,-23.684210526315784,-23.684210526315784,-0.27389135649670315,3.837288156883134,0.9595540352466122,0.5535918193997323,0.992738361698775,7.55950412105737,0.8119370641984015,0.4804663538683679
1774224000,57.8,58.3,56.5,57.6,9648600,2026-03-23,VCB,2026-03-23,-0.6896551724137945,-2.0408163265306034,-13.25301204819278,1.4084507042253502,-7.907779874012721,-13.791813215595294,61.205,65.688,61.67521,61.03286087376311,62.80621516420228,-5.890041663262801,-12.312751187431491,-6.607533237422292,-5.624610782810013,3.103448275862064,-0.3448275862068892,-0.34482758620689724,61.111111111111285,555759360.0,9804808.65,11127131.216666667,598156749.635,736959153.3783333,0.9840681592495943,0.9291199344304462,1.8285714285714292,3.1746031746031758,39.52931151696191,42.39264431096024,26.597176656507383,37.80487804878049,78.8,51.626,21.984249650401132,-24.210526315789473,-24.210526315789473,1.2066522781482476,6.525387101797175,0.9036800646170782,0.541922748778942,1.3930316815846453,9.94128810118985,0.7786176809058194,0.47463194113876767
1774310400,59.0,59.0,58.0,58.2,4332300,2026-03-24,VCB,2026-03-24,1.041666666666674,-3.8016528925619797,-10.461538461538456,1.2173913043478368,-6.948485914367019,-12.242343823037139,60.864999999999995,65.706,61.68525,60.76306460007139,62.62557927541003,-4.378542676415009,-11.423614281800754,-5.650054105316915,-4.218129248320324,1.7361111111111112,-1.388888888888884,2.430555555555558,20.000000000000284,252139860.0,9509098.65,11128244.55,577462617.635,737073713.545,0.45559523141554537,0.43663408210325305,1.8142857142857147,3.1173294059892007,39.59959031732805,42.37187684455395,26.73475921223631,34.61538461538463,78.8,51.626,24.19224258482375,-23.42105263157894,-23.42105263157894,3.077082885416493,6.4711303541685865,0.9034324466942242,0.5411822578530598,3.2249817617835728,9.654865441565407,0.775368705029794,0.4734443480805758
1774396800,58.8,59.1,58.0,58.4,8558200,2026-03-25,VCB,2026-03-25,0.3436426116838476,-3.4710743801652955,-10.291858678955446,1.038062283737018,-6.032277269143515,-11.543296829796578,60.53000000000001,65.682,61.697775,60.53801082863602,62.45987028421749,-3.5189162398810647,-11.086751316951382,-5.3450468837814675,-3.53168331659931,1.8900343642611708,-0.6872852233676952,1.0309278350515427,36.36363636363619,499798880.0,9462568.65,11221527.883333333,571566517.635,742551072.2116666,0.9044267277257745,0.8744369457959913,1.8071428571428574,3.0944227005870846,39.64820222151833,42.36506894862935,26.73475921223631,36.60130718954248,78.8,51.626,24.928240229631268,-23.15789473684211,-23.15789473684211,0.6017363901236639,6.340084522076738,0.9017516784211327,0.5397382478473627,1.1691783812112106,9.628790040023283,0.7765052441141825,0.4727879791959129
1774483200,58.5,58.6,57.5,57.9,6217800,2026-03-26,VCB,2026-03-26,-0.8561643835616417,-3.17725752508361,-11.46788990825689,1.2237762237762073,-5.936251096598111,-12.694702875495711,60.154999999999994,65.56599999999999,61.708795,60.28677170209925,62.28105184169915,-3.7486493225833195,-11.692035506207477,-6.172207705562882,-3.9590305380643565,1.8835616438356189,-1.0273972602739752,0.1712328767123239,36.36363636363619,360010620.0,9395363.65,11272692.883333333,564839635.635,745550251.2116666,0.6617945011633477,0.6373678426360279,1.7714285714285718,3.0594621268196405,39.49505332989708,42.346714356519755,26.424586070296463,37.58389261744966,78.8,51.626,23.088246117612428,-23.815789473684212,-23.815789473684212,1.0350361839735367,8.419555362110998,0.9227267359372341,0.550380354693369,1.9907683325563248,12.233925910541865,0.7996812095633247,0.48537201000331487
1774569600,58.0,59.0,57.9,58.8,6135900,2026-03-27,VCB,2026-03-27,1.5544041450777257,1.379310344827589,-9.399075500770426,3.157894736842093,-5.086277864764089,-10.263258298359412,59.85,65.382,61.725305,60.14517439713742,62.14454000476977,-1.7543859649122862,-10.066990914930729,-4.739231341181716,-2.236545841991011,1.8998272884283272,1.381692573402413,0.17271157167531026,81.81818181818159,360790920.0,9259662.5,11301099.55,554161181.5,747353508.2116666,0.6626483416647205,0.6510577284092931,1.542857142857143,2.623906705539359,40.20090901218735,42.448656518796426,26.719996105414296,56.52173913043478,78.8,51.626,26.400235519246333,-22.631578947368425,-22.631578947368425,1.6378169595955736,9.32901689163057,0.9253988726323288,0.5557839739860411,2.2521916266698536,13.12265231544555,0.8037872303991064,0.49139359701571445
1774828800,57.9,58.5,57.8,58.0,5546000,2026-03-30,VCB,2026-03-30,-1.3605442176870652,0.694444444444442,-7.790143084260725,1.5761821366024442,-5.925096913369988,-12.149164659729482,59.605,65.08800000000001,61.73781499999999,59.940872073600524,61.98200902419057,-2.692727120208027,-10.889872173058023,-6.054336390103843,-3.2379777044574065,1.1904761904761954,0.17006802721088676,-1.5306122448979553,28.571428571428864,321668000.0,8681712.5,11327397.883333333,516449356.5,748938333.045,0.6388140588622349,0.6228451946962587,1.3571428571428572,2.3399014778325125,39.16399301966703,42.551546042267894,25.739306087560742,36.95652173913044,78.8,51.626,23.4562449400162,-23.684210526315784,-23.684210526315784,2.152980256836724,6.184151841396313,0.9595570575445812,0.5665509774536766,2.098207033854406,9.88956988385602,0.832816631759087,0.5004865466813483
1774915200,58.2,58.9,58.0,58.1,5481100,2026-03-31,VCB,2026-03-31,0.17241379310344307,-0.1718213058419238,-5.681818181818176,1.7513134851138368,-5.834683954619124,-11.598679305570347,59.42999999999999,64.77,61.751819999999995,59.765550923733805,61.8297733761831,-2.2379269729092877,-10.297977458700004,-5.913704243858708,-2.786807614070519,1.551724137931032,-0.17241379310345073,0.34482758620690834,11.111111111111287,318451910.0,8326997.5,11363707.883333333,493639720.0,751102985.7116666,0.6582324541348787,0.6451099802098583,1.3357142857142854,2.2989918859109904,38.68513182368755,42.551954171442866,25.703252730146815,37.63440860215056,78.8,51.626,23.824243762419975,-23.55263157894737,-23.55263157894737,1.9651368244141159,4.948792962510062,0.9590956572866379,0.5664918237726427,0.9407862533261317,8.68834711228007,0.8278225865320239,0.4991650918854626
1775001600,58.9,59.2,58.5,59.0,8254700,2026-04-01,VCB,2026-04-01,1.5490533562822595,1.0273972602739656,-6.349206349206349,3.327495621716281,-7.8125,-9.683740011633946,59.23,64.43,61.768834999999996,59.692641311949636,61.718801871234746,-0.388316731386118,-8.427751047648623,-4.482576043404407,-1.160346228155562,1.2048192771084387,0.17211703958692154,1.376936316695354,71.42857142857115,487027300.0,8225810.0,11466291.216666667,485613967.5,757221892.8783333,1.0035121161320284,1.0029104033133067,1.3499999999999999,2.2881355932203387,38.13725351742557,42.66027766255871,25.703252730146815,45.83333333333335,78.8,51.626,27.136233164053884,-22.368421052631582,-22.368421052631582,-0.005814003735104656,6.285600064286534,0.971852395767577,0.5741330332788752,-1.5095156723447634,9.798716221919236,0.8374381941795105,0.5063433628911792
1775088000,58.7,58.8,58.1,58.2,5664500,2026-04-02,VCB,2026-04-02,-1.3559322033898202,0.5181347150259086,-6.879999999999997,1.5706806282722585,-8.634222919937207,-10.500092267946115,59.015,64.15599999999999,61.780860000000004,59.55048499652586,61.580809640990246,-1.3810048292806854,-9.283621173389845,-5.796066937235899,-2.2677984849403754,1.1864406779660945,-0.847457627118644,-0.5084745762711784,14.285714285714576,329673900.0,8207185.0,11511399.55,483232037.5,759891567.8783333,0.6901879267982871,0.6822269105036315,1.328571428571428,2.2827687776141374,38.285769799084655,42.75898533480049,25.735973761272398,45.83333333333335,78.8,51.626,24.19224258482375,-23.42105263157894,-23.42105263157894,-0.5936095459798345,5.650141831509581,0.9769609402325805,0.5751303420713383,-2.2592542568304896,9.36836187422937,0.8443584349194425,0.5077039650691813
1775174400,58.3,58.5,57.7,57.7,5919600,2026-04-03,VCB,2026-04-03,-0.8591065292096189,-1.8707482993197133,-6.3311688311688314,0.3478260869565375,-10.681114551083581,-10.31041611614567,58.82000000000001,63.85,61.788399999999996,59.37424833019006,61.42862102761808,-1.9041142468548156,-9.631949882537194,-6.616775964420496,-2.81982235948367,1.3745704467353903,-1.0309278350515367,0.1718213058419238,0.0,341560920.0,8060455.0,11567879.55,473039147.5,763158899.8783333,0.7344002292674545,0.7220563494694696,1.2999999999999996,2.253032928942807,38.11712524022925,42.79594704899862,25.679608954192073,44.444444444444464,78.8,51.626,22.352248472804906,-24.078947368421044,-24.078947368421044,-1.5909208449257353,5.9768853700009945,0.9837072836922314,0.577007276946179,-2.825216168881983,9.862114755990293,0.8511587085435085,0.5098650090720731
1775433600,57.8,58.2,57.7,58.0,4303300,2026-04-06,VCB,2026-04-06,0.5199306759098743,0.0,1.221640488656206,1.5761821366024442,-9.090909090909083,-8.717480602464633,58.855000000000004,63.556000000000004,61.79446,59.243367536838626,61.29416530104482,-1.452722793305583,-8.74189690981183,-6.14045336750253,-2.098745544917713,0.8665511265164645,0.3466204506065907,0.17331022530329143,59.99999999999943,249591400.0,6805820.0,11579737.883333333,401299177.5,763900560.2116666,0.6322970633957407,0.6219584140563059,1.2142857142857137,2.0935960591133,28.85076657737946,42.779044308102634,12.497648130651674,35.2941176470588,78.8,51.626,23.4562449400162,-23.684210526315784,-23.684210526315784,-0.12154285587031577,7.917604637161613,0.9831615367693949,0.5771184258479809,-1.897340142665005,11.061660378612025,0.8516819501197126,0.5103877406619236
1775520000,58.0,58.3,57.7,58.0,3889100,2026-04-07,VCB,2026-04-07,0.0,-0.1721170395869165,-3.9735099337748325,1.221640488656206,-9.657320872274145,-9.425947904303833,58.735,63.246,61.80299999999999,59.12495158094924,61.16498234806267,-1.251383331914535,-8.294595705657281,-6.153422972994827,-1.9026680798360451,1.03448275862068,0.0,0.0,50.0,225567800.0,6424040.0,11575002.883333333,377772973.5,763674617.545,0.60539784932846,0.5970988287228546,1.1142857142857134,1.9211822660098508,20.873078869261256,42.774970508387575,12.497648130651674,35.2941176470588,78.8,51.626,23.4562449400162,-23.684210526315784,-23.684210526315784,-4.021818248172493,8.859822036553822,0.9980878807999134,0.5805330341081003,-4.191261000755064,11.679042383634709,0.8603821614560359,0.5121279188824117
1775606400,59.2,60.3,58.8,60.2,13743100,2026-04-08,VCB,2026-04-08,3.7931034482758585,2.033898305084758,-0.3311258278145601,1.0067114093959662,-4.5958795562599075,-6.424385618578333,58.725,62.994,61.82304,59.227337144668354,61.12713990304061,2.5117071094082677,-4.435343048544304,-2.625299564693029,1.6422532266744172,2.586206896551724,1.7241379310344827,2.0689655172413834,93.33333333333371,827334620.0,6671735.0,11588749.55,392596320.5,764631349.8783333,2.0598989618142807,2.107341757422304,1.1714285714285704,1.9458946369245353,25.22937263275191,42.68998897797959,12.497648130651674,52.000000000000036,78.8,51.626,31.552219032899114,-20.789473684210524,-20.789473684210524,-1.9633278251067532,6.648692951956581,0.9443565591021357,0.5806976991425564,-2.504210687651387,8.911764920527432,0.8167408207006785,0.5194897023920186
1775692800,60.0,60.1,59.3,59.4,6217700,2026-04-09,VCB,2026-04-09,-1.3289036544850585,2.0618556701030855,-0.6688963210702337,-6.75039246467819,-5.863708399366086,-0.7784051047339036,58.705,62.762,61.836594999999996,59.24378122612851,61.05940892645078,1.1838855293416328,-5.356744526943058,-3.9403770534260474,0.2636880540680009,1.3289036544850568,-0.9966777408637897,-0.33222591362126463,12.50000000000011,369331380.0,6671770.0,11240634.55,392474059.5,742010822.545,0.9319415987061904,0.9410338621373268,1.1071428571428565,1.8638768638768628,25.431074702546365,40.332426511490645,12.693670613869815,57.77777777777777,78.8,51.626,28.608228453668954,-21.842105263157897,-21.842105263157897,-2.252298383528939,-0.3437012232200942,0.9566995594720157,0.6246588882324118,-3.6374950951319596,0.9168061775786773,0.8627472821111238,0.5801096966518161
1775779200,59.6,61.0,59.6,59.8,7655400,2026-04-10,VCB,2026-04-10,0.6734006734006703,3.6395147313691423,1.3559322033898313,-12.058823529411766,-4.320000000000002,0.389470856835894,58.74499999999999,62.586000000000006,61.85463500000001,59.2967544426877,61.01002034109977,1.7958975231934682,-4.451474770715514,-3.321715502807532,0.8486898853776292,2.3569023569023546,0.3367003367003295,0.33670033670034627,14.285714285713997,457792920.0,6771695.0,10826867.883333333,398675850.5,712828451.2116666,1.1304998231609664,1.148283547713909,1.0928571428571427,1.8275203057811753,25.049518550863304,37.7754449599947,12.570577814833502,62.22222222222221,78.8,51.626,30.08022374328402,-21.31578947368421,-21.31578947368421,-1.813430622625356,-5.746922464044236,0.9277851614459853,0.6471140122397794,-2.670287045639097,-5.380896310010064,0.8743167046332082,0.6287173647124652
1776038400,59.5,59.5,59.0,59.2,5088700,2026-04-13,VCB,2026-04-13,-1.0033444816053394,2.0689655172413834,0.6802721088435382,-18.56946354883081,-5.88235294117646,6.863063648507173,58.765,62.378,61.869675,59.2875397338603,60.93903915125272,0.7402365353526896,-5.094744942127027,-4.314997613936066,-0.14765283608201285,0.8361204013377926,-0.5016722408026708,-0.5016722408026753,40.00000000000057,301251040.0,6826835.0,10545461.216666667,402019856.5,691225229.045,0.7453966589202756,0.7493436832267513,1.0499999999999996,1.7736486486486478,25.30628372016604,34.78793404979875,12.645175585219558,55.555555555555564,78.8,51.626,27.87223080886143,-22.10526315789473,-22.10526315789473,-3.2028847352573164,-12.264232183008083,0.8984974970764238,0.6805228906411802,-3.2414975715109096,-11.138590188064756,0.8448401189074819,0.6585128324884768
1776124800,59.7,59.8,59.1,59.3,5548100,2026-04-14,VCB,2026-04-14,0.16891891891890332,2.2413793103448265,-1.983471074380172,-19.864864864864874,-4.200323101777059,13.771536011664942,58.705,62.15200000000001,61.88521500000001,59.288726425873605,60.874763106105554,1.0135422877097344,-4.5887501608958825,-4.177435595885082,0.01901470111773662,1.1824324324324251,-0.6756756756756852,0.8445945945946054,28.571428571428136,329002330.0,6746800.0,10167959.55,396844853.0,661930821.2116666,0.8223305863520484,0.8290452238774532,1.0214285714285707,1.7224765116839305,22.9852751398477,34.526514157693214,12.645175585219558,55.0561797752809,78.8,54.306,20.388666612231564,-21.973684210526322,-21.973684210526322,-5.805045193389247,-13.176232072276607,0.8883445500140255,0.6757536104007711,-5.874272451371598,-13.036446467480213,0.8361576286417775,0.6588375622609395
1776211200,59.7,60.5,59.6,59.9,8919600,2026-04-15,VCB,2026-04-15,1.0118043844856706,-0.4983388704319025,-0.991735537190086,-21.184210526315795,0.8417508417508435,7.548118356794031,58.675,61.95799999999999,61.904745000000005,59.34694295674279,60.83653710194455,2.0877716233489663,-3.321604958197477,-3.238435115111138,0.9319048559254917,1.5177065767284967,0.3372681281618815,0.6745362563237878,33.33333333333307,534284040.0,6781530.0,9963059.55,398678430.0,643964995.2116666,1.3152784106241513,1.3401378148298617,1.028571428571428,1.7171476269973756,23.316158592110654,34.0597634442653,12.645175585219558,61.11111111111113,78.8,54.306,22.838246101085986,-18.503401360544224,-21.184210526315795,-6.057582208096768,-16.23340712267145,0.8961789275968385,0.6955405811303798,-5.9552423114457635,-16.080441961659997,0.8611082071486784,0.6873983615341586
1776297600,60.0,60.1,59.3,59.4,4174500,2026-04-16,VCB,2026-04-16,-0.8347245409014992,0.0,-0.6688963210702337,-17.38525730180808,0.1686340640809414,0.05221580286007832,58.654999999999994,61.75,61.92028500000001,59.35199600848157,60.780202313633,1.2701389480862746,-3.80566801619433,-4.070208979173806,0.08088016367902018,1.335559265442411,-1.0016694490818054,0.16694490818029983,12.50000000000011,247965300.0,6681055.0,9645514.55,392586535.0,620263822.2116666,0.6248264682748458,0.631619472124789,1.0071428571428567,1.695526695526695,23.13868862642033,32.431352266761984,12.501397365712567,53.48837209302327,78.8,54.306,20.796929860373975,-19.183673469387752,-21.842105263157897,-7.772531710946229,-14.973738640289415,0.8513988034631372,0.6917215021996208,-7.410384518072699,-14.049937787087542,0.8317315071748944,0.6975169083478161
1776384000,59.4,59.9,59.4,59.5,4257800,2026-04-17,VCB,2026-04-17,0.16835016835017313,-0.5016722408026753,2.586206896551735,-18.493150684931503,-0.1677852348993314,1.065004331357322,58.73,61.53,61.934835,59.36609162672142,60.729998301333666,1.3110846245530494,-3.29920364050057,-3.931285196771739,0.22556373446405154,0.8417508417508417,0.16835016835017075,0.0,20.000000000000284,253339100.0,6477800.0,9492702.883333333,381117080.0,608150565.545,0.6572910556052981,0.6647277524271544,0.971428571428571,1.632653061224489,20.270394723887545,32.22310845268164,8.672626219131295,59.49367088607596,78.8,54.306,21.205193108516383,-19.047619047619047,-21.71052631578947,-7.69167708279055,-15.195880139519524,0.8452780665794136,0.6898407331413718,-7.9878229923797885,-14.059281384092703,0.8274380319996334,0.6933552375157325
1776643200,59.6,60.5,59.5,60.1,6442900,2026-04-20,VCB,2026-04-20,1.0084033613445342,1.520270270270263,4.340277777777768,-17.331499312242094,0.5016722408026864,0.8930969648133225,58.855000000000004,61.302,61.94643,59.435987662271764,60.705292485595095,2.1153682779712746,-1.9607843137254832,-2.980688314080404,1.1171890362137171,1.680672268907563,0.8403361344537815,0.1680672268907557,60.00000000000014,387218290.0,6317515.0,9463217.883333333,372690026.5,604653997.045,1.019847202578862,1.0389821633716296,0.9785714285714283,1.628238649869265,20.249837415347187,32.33705198474114,8.727664821231718,61.90476190476192,78.8,54.306,23.6547725973708,-18.231292517006803,-20.92105263157894,-11.11627306217018,-14.19534442373166,0.85328028135404,0.6946769229638525,-11.05215782142961,-13.263197684921447,0.8329909267831437,0.696988133574667
1776729600,60.4,60.6,59.6,59.6,6379000,2026-04-21,VCB,2026-04-21,-0.8319467554076532,0.5059021922428464,2.405498281786933,-18.911564625850342,0.1680672268907557,1.2348614814940762,58.925,61.058,61.95652,59.45160788491255,60.66194768223843,1.1455239711497756,-2.3878934783320704,-3.803506071677354,0.2496015168752308,1.6638935108153077,-1.3311148086522415,0.4991680532445919,0.0,380188400.0,6419850.0,9261341.216666667,379092453.5,588338260.3783333,0.9936369229810665,1.0028909741934495,0.971428571428571,1.6299137104506225,20.333869527992814,32.22288976410287,8.74690964835386,53.75000000000002,78.8,54.306,21.613456356658787,-18.131868131868124,-21.578947368421055,-11.138845494726123,-15.727456651323214,0.85465885810214,0.6982926896202096,-10.978602590450603,-15.146239373286331,0.8367167498592126,0.7023247617474171
1776816000,59.6,59.8,59.2,59.4,3011000,2026-04-22,VCB,2026-04-22,-0.3355704697986628,-0.8347245409014992,1.7123287671232834,-18.40659340659341,0.33783783783782884,2.978398807253546,58.975,60.83,61.966105,59.44669284825421,60.61245953783692,0.7206443408223739,-2.3508137432188048,-4.141142968401834,-0.07854574580523632,1.0067114093959635,-0.3355704697986625,0.0,33.33333333333294,178853400.0,6142490.0,9125207.883333333,363045179.5,577755297.045,0.49019208822480786,0.4926477752612606,0.9499999999999993,1.5993265993265984,20.380609300572655,32.196655021091715,8.612492450256594,58.108108108108084,78.8,54.306,20.796929860373975,-17.27019498607242,-21.842105263157897,-10.29534224765789,-16.914103589892793,0.8447076620181238,0.6940865265452272,-9.89711175570931,-15.764287673986866,0.8316780025454141,0.7004241446133943
1776902400,59.7,63.5,59.6,62.8,35200000,2026-04-23,VCB,2026-04-23,5.723905723905731,5.723905723905731,8.462867012089802,-11.549295774647895,4.666666666666663,8.872785270968397,59.220000000000006,60.718,61.990204999999996,59.766055434134756,60.698245438313904,6.0452549814251855,3.4289666985078515,1.306327346392866,5.076367419310124,6.565656565656564,5.21885521885521,0.5050505050505194,82.05128205128197,2210560000.0,7591600.0,9402249.55,455572648.5,592614588.7116666,4.636703725169925,4.852266718114882,1.1857142857142853,1.888080072793448,28.201062299717254,34.175130779104386,8.597746493912647,74.75728155339804,78.8,54.306,34.677880297215644,-12.534818941504177,-17.36842105263158,-5.262408581812773,-10.892271134896038,0.8660618749307057,0.6714181711114457,-4.5721643905619835,-8.782709946136848,0.8333170459990595,0.661145011972687
1776988800,63.0,63.0,60.6,60.6,11882500,2026-04-24,VCB,2026-04-24,-3.5031847133757843,1.8487394957983128,3.061224489795933,-11.661807580174921,-0.16474464579900872,4.87876637649054,59.30999999999999,60.628,62.002314999999996,59.845478726121925,60.694392676027086,2.1750126454223695,-0.04618328165203467,-2.2617139376166717,1.2607824182192306,3.821656050955412,-3.821656050955412,0.31847133757962887,0.0,720079500.0,7878930.0,9320212.883333333,473537077.5,585402540.045,1.5081362570805934,1.5206401657112056,1.321428571428571,2.1805752003771794,31.07463017247354,34.22515703595473,13.849168272083407,60.655737704918046,78.8,54.306,25.696088838082815,-15.598885793871863,-20.26315789473684,-7.7284694365550966,-10.726373886387808,0.8698817136792372,0.6742762711108087,-7.363528327890311,-8.468946036974545,0.8401661342068077,0.6662863577548297
1777334400,60.8,61.5,59.8,59.8,7596400,2026-04-28,VCB,2026-04-28,-1.320132013201325,-0.499168053244603,3.103448275862064,-14.080459770114938,-1.320132013201325,2.9632052893472594,59.4,60.52400000000001,62.00843999999999,59.84114741887222,60.65931845343779,0.6734006734006703,-1.1962196814486958,-3.561515174385932,-0.0687610793693505,2.8052805280528097,-1.65016501650165,0.3300330033003229,0.0,454264720.0,7981450.0,9263642.883333333,480166913.5,580224522.7116666,0.9517568862800619,0.9460558552208533,1.4000000000000001,2.3411371237458196,31.048571297104154,34.12952541257119,13.819308847577927,56.92307692307692,78.8,55.2,19.491525423728795,-16.713091922005574,-21.31578947368421,-9.726318225996543,-15.822589811552888,0.8804761475728037,0.682900038553321,-9.561570047242718,-14.52921683114985,0.8640670539948426,0.6821546462021935
1777420800,59.9,60.5,59.5,59.8,6431000,2026-04-29,VCB,2026-04-29,0.0,0.3355704697986406,2.9259896729776136,-15.29745042492917,0.3355704697986406,3.8518981626202597,59.485,60.45799999999999,62.002155,59.837228617074864,60.625619690557876,0.5295452635118103,-1.0883588606966699,-3.551739451636815,-0.06221647949825604,1.6722408026755853,-0.16722408026756092,0.16722408026756952,29.999999999999716,384573800.0,8028945.0,9210072.883333333,483473008.0,575284900.7116666,0.8009769652177217,0.7954400631193045,1.3071428571428574,2.18585762064023,31.054485238487878,33.95643660373002,13.819308847577927,48.14814814814812,78.8,55.2,19.491525423728795,-16.713091922005574,-21.31578947368421,-7.800261304932076,-16.58671565300892,0.8818042666395136,0.6892229034935875,-7.631566938066393,-15.439538073700387,0.8665387297099262,0.6885511899549325
1777852800,60.5,61.2,60.0,60.7,7506200,2026-05-04,VCB,2026-05-04,1.5050167224080369,2.1885521885522063,2.8813559322034,-12.787356321839072,2.360876897133224,5.05183364773889,59.57000000000001,60.378,62.000865,59.91939732021059,60.62853656543796,1.8969279838845,0.5333068336148994,-2.098140082400457,1.3027545581238975,2.006688963210707,0.33444816053512183,1.17056856187292,58.333333333333435,455626340.0,7991520.0,9130456.216666667,481902960.0,568630161.045,0.9392706268644764,0.945473213113279,1.3428571428571432,2.212285243586727,31.028784452665263,34.0568726581356,13.819308847577927,55.96330275229361,78.8,55.2,23.305084745762716,-15.459610027855142,-20.13157894736842,-5.993348254110776,-15.624436375751905,0.8830205959895782,0.6830801803217424,-5.324504936614538,-13.663113032719165,0.8599672414877652,0.679032257296191
1777939200,60.6,60.7,59.7,59.9,6407700,2026-05-05,VCB,2026-05-05,-1.317957166392103,-4.6178343949044525,2.9209621993127044,-14.18338108882521,-0.33277870216306127,4.929404757733935,59.654999999999994,60.29200000000001,61.98912,59.91754995638101,60.59996650404824,0.4106948285977685,-0.6501691766735429,-3.37013979227323,-0.029290176907748044,1.6474464579901154,-1.1532125205930852,-0.16474464579900872,19.999999999999574,383821230.0,8028680.0,9106327.883333333,484610326.5,565888732.8783333,0.798101306815068,0.7920203285226527,1.3000000000000003,2.1702838063439067,31.004460644159526,34.1165826415497,13.791243620431842,50.4424778761062,78.8,55.2,19.91525423728812,-16.57381615598885,-21.184210526315795,-7.701404777711396,-17.482040027215707,0.869960771062261,0.6733507608013325,-6.755830443928756,-14.843120164992374,0.8533475346464997,0.6718008448564824
1778025600,60.2,60.5,59.7,60.5,5807400,2026-05-06,VCB,2026-05-06,1.001669449081799,-0.16501650165017256,4.8526863084922045,-14.184397163120565,-0.49342105263157077,5.980450548295546,59.794999999999995,60.214000000000006,61.981865000000006,59.97302138910663,60.59604624898753,1.1790283468517515,0.4749725977347463,-2.3908041489232423,0.8786927833339009,1.3355592654423993,0.5008347245408968,0.5008347245408995,100.0,351347700.0,8023070.0,9011772.883333333,485099665.5,558254705.3783333,0.7238376332251869,0.7242794109904411,1.3000000000000003,2.148760330578513,30.89510648770362,34.11639787329349,13.886517446829385,55.75221238938051,78.8,55.2,22.457627118644062,-15.738161559888574,-20.394736842105267,-7.448684205272317,-17.582901296436404,0.8699081222030677,0.6736167867946871,-6.901775085955464,-15.347067560842518,0.8531645980410864,0.6731734538754583
1778112000,60.9,61.1,60.3,60.3,6055700,2026-05-07,VCB,2026-05-07,-0.33057851239669533,0.8361204013378032,3.9655172413793016,-15.66433566433567,0.0,5.999613268409298,59.90999999999999,60.092,61.978575,60.00416220919171,60.58443659216449,0.6509764646970506,0.34613592491512524,-2.708314929796307,0.49302878319825716,1.322314049586784,-0.991735537190085,0.6611570247933907,0.0,365158710.0,8110690.0,8934184.55,490878031.0,551576742.2116667,0.7466319141774621,0.7438888826540294,1.307142857142858,2.167732764747692,30.945815959237482,33.94289291438739,13.770229031161433,54.385964912280684,78.8,55.2,21.610169491525404,-16.016713091922007,-20.65789473684211,-10.005909453705453,-21.338844382852137,0.8884218968390459,0.6893238271884005,-9.259806107837854,-19.395794370823193,0.8668935276765833,0.6869230746598944
1778198400,60.5,61.7,60.3,60.7,9970000,2026-05-08,VCB,2026-05-08,0.6633499170812795,1.5050167224080369,4.655172413793118,-15.459610027855142,2.360876897133224,7.0754467356982875,60.044999999999995,60.006,61.975300000000004,60.07043247498298,60.58896849051098,1.090848530268973,1.1565510115655098,-2.057755267017669,1.0480489303605678,2.3217247097844207,0.3316749585406349,0.3316749585406287,28.571428571428864,605179000.0,8414735.0,8848772.883333333,509858591.0,543599734.545,1.1848263789649942,1.1869546001236253,1.3214285714285725,2.17698281948694,30.97499476426388,33.967437256059554,13.770229031161433,53.57142857142858,78.8,55.2,23.305084745762716,-14.26553672316383,-20.13157894736842,-9.522134833724085,-21.08274888304429,0.8886948142692204,0.6889850987162613,-8.006699652954662,-19.282525495219936,0.8671133292074186,0.6864716539178316
1778457600,61.0,61.1,60.2,60.3,5510000,2026-05-11,VCB,2026-05-11,-0.6589785831960571,-0.6589785831960571,0.16611295681061566,-14.830508474576277,2.5510204081632626,6.555928609294925,60.05,59.91,61.96804,60.092296048794125,60.577636392843885,0.41631973355538143,0.6509764646970506,-2.691774663197355,0.34564156283398706,1.4827018121911013,-1.1532125205930852,0.49423393739702615,11.111111111110498,332253000.0,8003080.0,8795161.216666667,485104510.0,538839778.545,0.6884849333006793,0.6849101444140356,1.3285714285714292,2.203269367448473,28.111246108044153,33.895850575131824,13.625193623949263,54.05405405405404,78.8,55.2,21.610169491525404,-11.84210526315791,-20.65789473684211,-7.744279574002633,-20.639833985480973,0.8846367479112549,0.6863795872881348,-5.504494652678726,-17.46204771378379,0.8546712453613443,0.6831259547875048
1778544000,60.3,60.5,59.5,59.9,6549200,2026-05-12,VCB,2026-05-12,-0.6633499170812573,0.0,0.8417508417508435,-12.42690058479533,1.6977928692699429,5.8490899452199985,60.075,59.8,61.96027,60.07398213938516,60.551062416653934,-0.29130253849355414,0.16722408026756952,-3.325146904621301,-0.28961312899398184,1.658374792703151,-0.663349917081258,0.0,39.99999999999986,392297080.0,8019655.0,8709502.883333333,486252795.0,532052945.2116667,0.8166436087337922,0.8067759898428964,1.364285714285715,2.277605533031244,27.784104823469974,33.27008469505571,13.337416278160125,51.754385964912274,78.8,55.2,19.91525423728812,-9.789156626506035,-21.184210526315795,-8.62573885122655,-19.07688712101291,0.8740482051841493,0.6901964917916207,-6.41460813287591,-16.727986774093893,0.837717347855711,0.6807784985826496
1778630400,59.7,61.3,59.2,60.1,8868000,2026-05-13,VCB,2026-05-13,0.33388981636059967,-0.6611570247933907,0.5016722408026864,-7.680491551459278,1.0084033613445342,6.017040342923674,60.089999999999996,59.70399999999999,61.956475,60.07646003087228,60.533373694432214,0.01664170411050936,0.6632721425700261,-2.9964180499293946,0.03918334921135802,3.5058430717863014,0.6677796327211997,-0.33388981636058856,42.857142857142904,532966800.0,8080285.0,8447796.216666667,490011489.0,514276841.2116667,1.0974860416433332,1.0876618445980968,1.442857142857143,2.4007606370335157,27.710121518261303,31.856611683918835,13.337416278160125,50.0,78.8,55.2,20.76271186440678,-9.487951807228923,-20.92105263157894,-7.976613473483018,-15.81952965478085,0.8392773896990083,0.6864473123441226,-5.476867663669283,-12.820952551665076,0.8054125491734887,0.6803949004703482
1778716800,60.5,61.5,60.0,61.0,5612100,2026-05-14,VCB,2026-05-14,1.4975041597337757,1.1608623548922115,3.040540540540526,-6.153846153846154,2.006688963210701,8.556378132118446,60.17999999999999,59.666,61.952715,60.164416218408256,60.5516727652388,1.3625789298770563,2.2357791707170005,-1.537809924875766,1.3888338558100788,2.4958402662229617,0.8319467554076538,0.6655574043261225,66.66666666666666,342338100.0,8106455.0,8419516.216666667,492065842.0,512064501.2116667,0.6923001484619355,0.695716042000737,1.4785714285714289,2.4238875878220147,27.883481960220657,32.02694327519787,13.350612589831258,56.140350877192965,78.8,55.2,24.57627118644067,-8.13253012048194,-19.736842105263154,-6.425280171698521,-15.877920417873238,0.8436084039760439,0.6897174790210796,-4.3834076123005605,-12.35946802523622,0.8100545805007616,0.6831781948607231
1778803200,61.3,61.7,60.7,60.7,8271800,2026-05-15,VCB,2026-05-15,-0.4918032786885185,0.0,2.360876897133224,-3.803486529318545,1.1666666666666714,8.022494305239182,60.25,59.648,61.94795,60.21542419760747,60.55748951954316,0.7468879668049766,1.7636802575107247,-2.0145137974702854,0.8047370069208748,1.639344262295082,-0.98360655737704,0.4918032786885185,0.0,502098260.0,8242640.0,8293861.216666667,500720638.5,503804798.7116667,1.0035377015131075,1.002751277646807,1.5071428571428578,2.4829371616851033,27.980502720836313,31.490066872060872,13.224838395118251,55.652173913043484,78.8,55.2,23.305084745762716,-8.584337349397597,-20.13157894736842,-5.8586483471435145,-13.356914919939001,0.8403386114397586,0.6989536568004076,-2.9834502457606105,-8.876299327154147,0.80952103795262,0.6962924148365026
1779062400,60.7,63.5,60.3,63.2,18877600,2026-05-18,VCB,2026-05-18,4.1186161449752845,4.809286898839149,5.509181969949917,-2.3183925811437356,4.983388704318936,12.074621836817933,60.415,59.652,61.955684999999995,60.499669512121045,60.66111738152186,4.609782338823143,5.947830751693162,2.0083951940810696,4.4633805600176935,5.271828665568373,4.118616144975288,0.0,90.6250000000001,1193064320.0,8740540.0,8423134.55,533659652.5,511696843.37833333,2.1597750253416836,2.2356277346637143,1.4428571428571435,2.283001808318265,31.258486621878912,32.20323316584025,13.224838395118251,51.886792452830214,78.8,55.2,33.89830508474577,-4.81927710843374,-16.84210526315789,-1.559931961130534,-9.61393756263914,0.8355615694496469,0.6684432728788856,1.18770970241322,-4.590869966320399,0.7935356636128208,0.6557866686416334
1779148800,63.4,65.0,62.6,64.4,24224800,2026-05-19,VCB,2026-05-19,1.8987341772152,7.512520868113537,8.417508417508435,0.31152647975078995,7.512520868113537,10.506717916159047,60.665000000000006,59.69,61.96991499999999,60.87112955858571,60.807740229305324,6.156762548421657,7.890768973027318,3.9213947606673516,5.797281021404288,3.797468354430377,1.5822784810126693,0.31645569620253333,75.00000000000023,1560077120.0000002,9743055.0,8694374.55,599265243.5,529191200.7116667,2.4863659293722553,2.603316539581692,1.4428571428571435,2.240461401952086,31.463156607491,32.40090398854736,13.288459695142144,69.79166666666663,78.8,55.2,38.98305084745765,-3.0120481927710885,-15.263157894736834,3.301645946838083,-5.136935283447297,0.8283892782819856,0.6588508216865075,5.97913716462215,-0.2329894317182557,0.7842328956295238,0.6448746773127307
1779235200,63.7,64.7,61.8,64.6,14381600,2026-05-20,VCB,2026-05-20,0.31055900621115295,7.4875207986688785,8.571428571428562,0.31055900621115295,8.754208754208737,10.849906481116033,60.92,59.75,61.98117499999999,61.22626007681564,60.956456298744335,6.040709126723565,8.117154811715466,4.225194181943159,5.51028254698489,4.503105590062121,1.3975155279502973,-1.0869565217391353,96.55172413793075,929051359.9999999,10249245.0,8851544.55,633050856.5,539360887.3783333,1.403186283477466,1.4675777632408904,1.5285714285714296,2.366209641751439,31.451920582753484,32.400867589675514,13.288459695142144,76.66666666666661,78.8,55.2,39.83050847457624,-2.7108433734939874,-15.000000000000002,3.2851867778704404,-4.5762612712970885,0.8284688102317425,0.6584916472041307,6.517719269629362,-0.19968551485252117,0.7841957460651797,0.6448358733353008
1779321600,64.6,66.2,63.8,64.9,20114300,2026-05-21,VCB,2026-05-21,0.46439628482974893,6.393442622950829,7.986688851913493,-2.259036144578308,9.259259259259277,13.688119679080701,61.15999999999999,59.902,62.002869999999994,61.576140069499864,61.1111050713426,6.115107913669093,8.34362792561183,4.672574027621645,5.39796734051301,3.7151702786377796,0.46439628482973905,0.0,45.833333333333584,1305418070.0,10932815.0,9018379.55,678960845.5,549935873.8783333,1.8398097836650487,1.9226706203340262,1.62857142857143,2.509355051727935,31.378518536380767,31.774594057931605,13.288459695142144,77.41935483870965,78.8,55.2,41.101694915254264,-0.7645259938837912,-14.605263157894733,4.7326648685918515,-4.234693890769458,0.8020162817319557,0.6441735919926321,7.06734428933633,-1.6565260945734073,0.7695729155313457,0.6432144684518766
1779408000,64.9,64.9,63.3,63.5,8118400,2026-05-22,VCB,2026-05-22,-2.157164869029282,4.612850082372311,6.543624161073813,-2.3076923076923106,7.6271186440677985,12.210637921894318,61.355,59.964000000000006,62.01806,61.75936482478559,61.2047872254076,3.496047591883311,5.896871456207053,2.3895297595571297,2.8184149564242977,2.4653312788906137,-2.1571648690292844,0.0,12.50000000000011,515518400.0,11019785.0,8982911.216666667,685727345.5,547427472.2116667,0.7367112879244014,0.7517833485612395,1.6428571428571443,2.587176602924637,32.40615889499159,31.788438855923257,14.537566935791698,64.28571428571423,78.8,55.2,35.16949152542372,-2.905198776758422,-16.447368421052634,4.162905527655392,-2.816896535533109,0.8166825871681507,0.657856773577481,6.3518032072503505,-0.36118232402700956,0.785328341570059,0.6568015040400645
1779667200,63.2,64.0,62.1,63.7,5410300,2026-05-25,VCB,2026-05-25,0.31496062992126816,0.7911392405063333,7.239057239057245,-2.150537634408589,8.333333333333348,12.367478699571354,61.56999999999999,60.03,62.037725,61.94418722242506,61.302638706764164,3.4594770180282675,6.1136098617357915,2.6794583457081966,2.8345077339868796,2.9921259842519663,0.7874015748031495,-0.47244094488188004,84.21052631578961,344636110.0,11139750.0,8914936.216666667,694016481.0,542876059.3783333,0.4856751722435423,0.4965820256939979,1.7071428571428586,2.6799730881363555,32.3092287345045,31.793899268694087,14.648206543811199,70.65217391304344,78.8,55.2,36.01694915254238,-2.599388379204892,-16.18421052631579,5.692188127982023,-3.500414845020605,0.8178242124445078,0.6587672913774851,7.421242574372078,-0.7883472009666215,0.7850543687973375,0.6570563206738874
1779753600,63.3,64.4,63.3,64.4,5623900,2026-05-26,VCB,2026-05-26,1.098901098901095,0.0,2.5477707006369643,-1.5290519877675823,10.65292096219932,13.602286157808408,61.65,60.122,62.06089,62.178074153622674,61.42410385551851,4.460665044606671,7.115531752104065,3.7690564862991938,3.5734877231604845,1.7268445839874544,1.7268445839874544,-0.6279434850863463,100.0,362179160.00000006,9660945.0,8882636.216666667,601597439.0,540669907.7116667,0.5821273177727437,0.6020290920819562,1.7285714285714309,2.6841171251109173,25.622326669082817,31.861635723217063,14.648206543811199,70.96774193548384,78.8,55.2,38.98305084745765,-0.7704160246533087,-15.263157894736834,1.80887551468345,-1.7705876009701083,0.8189572335557357,0.6562470969897533,2.3917012793779335,0.4962448979519474,0.7886150290163929,0.6568515097865819
1779840000,64.4,64.5,63.8,64.2,4185600,2026-05-27,VCB,2026-05-27,-0.31055900621118626,-0.6191950464396134,5.940594059405946,-1.078582434514641,10.499139414802073,13.648433351035582,61.830000000000005,60.22599999999999,62.078590000000005,62.37063851994432,61.53296252785112,3.833090732654054,6.5984790621990586,3.4172973323008726,2.933049145345379,1.0869565217391348,-0.31055900621118454,0.0,57.14285714285773,268715520.0,9276100.0,8804897.5,579029240.0,535575833.0,0.45122411358221665,0.4640793615189451,1.7214285714285735,2.681352914997778,21.829978986459526,31.829033853315718,9.515301294974432,70.96774193548384,78.8,55.2,38.13559322033899,-1.078582434514641,-15.526315789473678,4.799919906952743,-0.7648077247562557,0.8186482081878813,0.6572734857351729,5.391728084124803,0.8270802306969527,0.7877271012960567,0.6566338564070512
1779926400,64.2,64.2,62.8,62.8,4972400,2026-05-28,VCB,2026-05-28,-2.180685358255463,-3.2357473035439233,5.0167224080267525,-0.15898251192368873,8.462867012089802,11.365288787217809,61.980000000000004,60.306000000000004,62.08730499999999,62.41153008947343,61.582650271856956,1.323007421748934,4.135575232978472,1.1478916664203753,0.6224329222014768,2.180685358255461,-2.180685358255461,0.0,0.0,312266720.0,9144900.0,8602687.5,571929340.0,522848536.6666667,0.5437347592647268,0.5459882858955968,1.7214285714285735,2.741128298453143,22.865108783311168,31.508186296057755,11.033198991310831,60.1941747572815,78.8,55.2,32.20338983050846,-3.2357473035439233,-17.36842105263158,5.6654984230386845,-1.1107186042263906,0.8059310485231648,0.6471444418744561,7.053559872511917,0.3845957548921808,0.7791633247576208,0.6463895078274782
1780012800,63.0,63.0,61.8,62.0,5820000,2026-05-29,VCB,2026-05-29,-1.273885350318471,-2.3622047244094446,3.678929765886285,0.6493506493506551,8.013937282229966,9.559992931613358,62.089999999999996,60.336000000000006,62.088049999999996,62.37233674761882,61.599016927862564,-0.14495087775808768,2.7578891540705364,-0.14181472924338356,-0.5969581500937293,1.9108280254777117,-1.5923566878980893,0.31847133757962887,16.666666666666863,360840000.0,9114350.0,8490097.5,570742650.0,515951792.6666667,0.6385534898264824,0.6322289038676188,1.7428571428571453,2.8110599078341054,23.491939613824066,31.32562131447211,11.33464999864429,57.94392523364486,78.8,55.2,28.813559322033893,-4.46841294298922,-18.42105263157895,3.1724845903294163,-2.12759983434061,0.7986914746463325,0.6378382662451908,4.948982911356559,-1.2752672086124406,0.7790700537686589,0.6364565681151121
1780272000,62.3,62.8,61.7,62.2,2924300,2026-06-01,VCB,2026-06-01,0.3225806451612856,-2.3547880690737877,2.471169686985175,-1.2698412698412653,8.173913043478276,10.301289212817654,62.165,60.37,62.09277,62.355923724036074,61.622584891475796,0.056301777527556496,3.031306940533396,0.17269321371875535,-0.2500543889400686,1.7741935483870879,-0.161290322580636,0.4838709677419395,45.454545454545695,181891460.0,8885255.0,8367528.333333333,557055906.0,508190944.5,0.32911829767406786,0.3265228104412199,1.750000000000002,2.8135048231511286,22.98427930644545,30.982329706090102,11.33464999864429,60.95238095238095,78.8,55.2,29.661016949152554,-4.160246533127898,-18.157894736842106,2.9846374280507293,-2.714621198014755,0.7870300834801425,0.6378201085990554,3.7076311536637485,-2.9657007762122323,0.7803116384880814,0.6448155975931451
1780358400,62.3,62.7,61.6,61.6,5063900,2026-06-02,VCB,2026-06-02,-0.9646302250803873,-4.34782608695653,2.8380634390651194,-1.4399999999999968,6.944444444444442,9.23728963841748,62.25,60.406000000000006,62.093500000000006,62.283930988413594,61.62169920945714,-1.0441767068273045,1.976624838592178,-0.7947691787385192,-1.0980857784021691,1.7684887459807095,-1.1254019292604434,0.1607717041800516,0.0,311936240.0,8818065.0,8351310.0,553461656.5,507101340.1666667,0.5742643085529535,0.5636094864685536,1.678571428571431,2.7249536178107645,22.7213625572051,31.002950564884735,11.049560181499343,56.880733944954116,78.8,55.2,27.11864406779661,-5.084745762711873,-18.947368421052634,5.418536543580144,-2.4330827034409586,0.7868378015125577,0.6387504691982501,5.756431790194383,-2.996033684037136,0.7808667277084492,0.6453106635457492
1780444800,61.7,62.5,61.4,61.9,4431300,2026-06-03,VCB,2026-06-03,0.48701298701299134,-3.5825545171339623,2.3140495867768562,0.48701298701299134,5.093378607809851,9.96233923115184,62.32000000000001,60.483999999999995,62.09275,62.247366132374204,61.63261296594902,-0.6739409499358251,2.3411150056213303,-0.310422714407077,-0.5580414946963375,1.785714285714288,0.32467532467531773,0.16233766233766378,45.454545454545396,274297470.0,8749260.0,8277595.0,549609145.0,502582652.6666667,0.5064771192077958,0.4990773397702471,1.6500000000000026,2.6655896607431386,22.53810851540771,30.873360315643094,11.049560181499343,54.36893203883494,78.8,55.2,28.389830508474567,-4.622496147919886,-18.552631578947366,6.13120271706451,-2.407479727259787,0.7898678931758437,0.6328364030422967,6.152055635252318,-3.2106222279602914,0.7829010624023761,0.6408418545100989
1780531200,61.8,62.5,61.7,62.2,3910600,2026-06-04,VCB,2026-06-04,0.4846526655896577,-0.9554140127388422,3.1509121061360057,8.551483420593375,5.602716468590829,11.08333035682396,62.415000000000006,60.576,62.09102,62.24285507214809,61.65486343787259,-0.34446847712890083,2.6809297411516164,0.17551652396756712,-0.06885139201665558,1.2924071082390907,0.6462035541195569,-0.1615508885298933,62.50000000000022,243239320.0,8642005.0,7852838.333333333,543513175.5,478563461.3333333,0.4525107310167027,0.44753159806334813,1.6357142857142881,2.629765732659627,22.50580468638445,27.209815719937748,11.15933763252861,57.281553398058236,78.8,55.2,29.661016949152554,-4.160246533127898,-18.157894736842106,7.208512642539689,-2.264167690558061,0.6675459903178814,0.506137393553323,7.807253792442581,-2.7687203183646822,0.6652067404259298,0.5197716442299586
1780617600,62.4,62.5,61.6,61.7,4011200,2026-06-05,VCB,2026-06-05,-0.8038585209003246,-0.4838709677419284,1.6474464579901094,2.1523178807947074,5.831903945111505,10.583385608029406,62.464999999999996,60.645999999999994,62.08927,62.191154589086366,61.65663349913249,-1.2246858240614666,1.73795468786071,-0.6269521287655566,-0.7897499127191843,1.4469453376205765,-1.1254019292604434,0.3215434083601254,11.111111111111287,247491040.0,8344065.0,7727613.333333333,525628777.5,471086780.6666667,0.48072492244487547,0.4708475840632603,1.4714285714285735,2.3848112989117887,22.676600189209932,24.96779826756201,11.10837450315592,40.96385542168677,78.8,55.2,27.542372881355938,-4.930662557781207,-18.81578947368421,5.639886560946705,-7.519483780772762,0.6069865310319991,0.49755703939882634,5.879725177024276,-5.976329449577201,0.5622145296460235,0.45799775763384887
1780876800,61.2,62.1,60.9,61.3,7352300,2026-06-08,VCB,2026-06-08,-0.6482982171799101,-1.4469453376205865,1.6583747927031434,1.490066225165565,5.872193436960282,8.70528985121739,62.51500000000001,60.70400000000001,62.072115,62.106282723459096,61.64264787171553,-1.9435335519475516,0.981813389562447,-1.2438999379995375,-1.2982305301530217,1.944894651539713,0.16207455429496648,-0.8103727714748765,33.33333333333314,450695990.0,8436180.0,7703665.0,531550927.0,469750585.8333333,0.8715200481734624,0.8478886351373064,1.3857142857142881,2.2605453274295075,22.671944309791684,25.008387039181912,11.106095979223953,29.333333333333357,78.8,55.2,25.847457627118626,-5.54699537750386,-19.342105263157894,7.196227601988292,-2.108184119095413,0.6356703078000638,0.5169045994271744,6.740437610332073,-0.9899066840273196,0.588589753267902,0.47595661562670616
1780963200,61.3,61.7,61.0,61.5,2564800,2026-06-09,VCB,2026-06-09,0.32626427406199365,-0.16233766233766378,2.6711185308848195,2.842809364548504,6.034482758620685,9.446184510250566,62.595000000000006,60.776,62.06043,62.04854151170109,61.63705383753061,-1.7493410016774624,1.1912597077793796,-0.9030391829383033,-0.884052224817633,1.1419249592169705,0.3262642740619949,0.0,71.42857142857115,157735200.0,8236960.0,7642795.0,519822833.0,466183229.1666667,0.3113770128785377,0.30344030694011476,1.2285714285714309,1.9976771196283427,22.506250856044375,24.922304378151463,11.205822791438345,29.333333333333485,78.8,55.2,26.694915254237284,-5.238828967642539,-19.07894736842105,8.354670158889654,-2.0378359288224956,0.6321427985557333,0.5122202124429613,7.639545528357994,-2.110411411879065,0.5864173758273152,0.47018774133312435
1781049600,61.6,62.2,61.6,61.7,2309200,2026-06-10,VCB,2026-06-10,0.3252032520325354,-0.3231017770597644,2.66222961730449,4.5762711864406835,6.013745704467355,10.385544324179264,62.675,60.833999999999996,62.04875,62.01534708201527,61.63952231449019,-1.555644196250494,1.4235460433310365,-0.5620580591873203,-0.5084984553875294,0.9756097560975632,0.1626016260162625,0.1626016260162677,16.666666666666863,142477640.0,7909020.0,7587000.0,500298375.0,462995238.1666667,0.2919704337579119,0.2847853343517256,1.1071428571428592,1.7943968511229484,22.505286378667922,24.7567720369759,11.205822791438345,28.378378378378457,78.8,55.2,27.542372881355938,-4.930662557781207,-18.81578947368421,7.648612672241084,-1.7595067695089561,0.6239072611636933,0.5075119496568239,6.701358371262145,-1.2162406823551741,0.5812469744380627,0.46903876631182656
1781136000,61.5,61.9,61.3,61.6,2588500,2026-06-11,VCB,2026-06-11,-0.16207455429497752,-0.9646302250803873,0.9836065573770592,4.761904761904767,6.944444444444442,10.600402183280666,62.705000000000005,60.90599999999999,62.03806,61.97579021706143,61.637972419804306,-1.7622199186667742,1.1394608084589475,-0.7061149236452624,-0.6063500211054618,0.9724473257698565,0.16207455429497797,-0.32414910858995505,50.00000000000059,159451600.0,7757840.0,7563710.0,491154050.0,461746582.8333333,0.33366246274736266,0.3246468190580939,1.0357142857142871,1.6813543599257907,21.9424437280162,24.74644012162766,11.13566963602331,34.4262295081968,78.8,55.2,27.11864406779661,-5.084745762711873,-18.947368421052634,7.571642663034939,-1.4629580725930236,0.6231797235466394,0.5073209139941761,6.849352803666853,-0.3266278259667299,0.578976991210946,0.4689355887466584
1781222400,61.9,62.1,61.6,61.6,3152300,2026-06-12,VCB,2026-06-12,0.0,-0.16207455429497752,1.4827018121911006,1.81818181818183,8.450704225352123,10.994990810479655,62.75,60.976000000000006,62.03333000000001,61.94000067257939,61.63648330530218,-1.8326693227091573,1.0233534505379005,-0.6985438311952752,-0.5489193879358534,0.8116883116883116,-0.4870129870129824,0.48701298701299134,0.0,194181680.0,7501865.0,7497101.666666667,475758221.0,457774570.8333333,0.42020217639213714,0.4081520222432478,0.9357142857142874,1.519016697588129,21.84826133357928,24.047806945403458,11.247255636437826,32.20338983050854,78.8,55.2,27.11864406779661,-5.084745762711873,-18.947368421052634,8.245295484131143,-2.93890616104977,0.6001682539019874,0.5011996947897844,6.662699666456728,-1.9557354022168516,0.5540400501181633,0.4592685818029611
1781481600,62.3,62.4,61.6,61.6,5222300,2026-06-15,VCB,2026-06-15,0.0,0.4893964110930016,-2.5316455696202556,1.81818181818183,8.450704225352123,10.994990810479655,62.67,61.028,62.022639999999996,61.907619656143254,61.63505258744719,-1.707355991702575,0.9372746935832676,-0.6814285880123672,-0.49690112114127993,1.298701298701294,-1.1363636363636294,1.1363636363636243,0.0,321693680.0,6819100.0,7447056.666666667,432189689.0,454842590.5,0.7658342009942661,0.7443344628242623,0.9142857142857151,1.4842300556586285,15.81555153000006,24.047806945403458,11.247255636437826,23.076923076923165,78.8,55.2,27.11864406779661,-5.084745762711873,-18.947368421052634,4.140242559678375,-3.1694774012273275,0.599427684342628,0.5008502112632759,1.5678085857866342,-3.192412989292337,0.5498854554819841,0.45732595746942384
1781568000,61.8,62.3,61.6,61.8,3110000,2026-06-16,VCB,2026-06-16,0.32467532467532756,0.4878048780487809,-4.037267080745355,3.3444816053511683,8.611599297012296,11.7560896218738,62.54,61.1,62.010965000000006,61.897370165081995,61.641521113429654,-1.1832427246562194,1.1456628477904962,-0.340205961961737,-0.15730905016207997,1.1363636363636294,0.0,0.32467532467532756,28.571428571428136,192198000.0,5763360.0,7395823.333333333,363795733.0,451882503.8333333,0.5396157796840731,0.5283129585249974,0.9142857142857146,1.4794267221451693,14.032757219404537,23.92387067709051,11.247255636437826,26.923076923076948,78.8,55.2,27.966101694915235,-4.776579352850552,-18.68421052631579,1.451172119852684,-3.0593839022909686,0.5931021556565819,0.4960897707230115,-0.7197993256835793,-2.372300385706927,0.5421248939826727,0.45144373568144314
1781654400,61.8,62.4,61.6,62.2,6825500,2026-06-17,VCB,2026-06-17,0.6472491909385258,0.8103727714748876,-3.7151702786377583,7.241379310344831,9.700176366843039,11.876540101084586,62.42,61.19,62.00625499999999,61.926192054121806,61.66342224623634,-0.3524511374559447,1.650596502696522,0.3124604122600516,0.4421520794285261,1.294498381877018,0.6472491909385205,0.0,75.00000000000044,424546100.0,5385555.0,7370866.666666667,338570470.0,450912802.1666667,1.2673717007810708,1.253937178868553,0.8714285714285711,1.4010105649977027,14.245182586479258,23.074482010951446,11.247255636437826,42.85714285714296,78.8,55.2,29.661016949152554,-4.160246533127898,-18.157894736842106,1.8790342864171472,-2.370772576098391,0.5447272180522847,0.4467431914990704,-0.17785522742875814,-1.6118401180168487,0.48673618684984493,0.3972743740718194
1781740800,62.3,62.4,61.6,61.6,4650700,2026-06-18,VCB,2026-06-18,-0.9646302250803873,0.0,-5.084745762711873,6.944444444444442,8.450704225352123,10.404158078680892,62.254999999999995,61.262,61.99358,61.89512614420544,61.66093509932511,-1.0521243273632574,0.5517286409193245,-0.634872191604352,-0.47681645161824493,1.2861736334405098,-1.1254019292604434,0.1607717041800516,0.0,286483120.0,4612375.0,7287568.333333333,287623722.5,446424864.8333333,1.0083091682701428,0.9960343935121694,0.8428571428571422,1.3682745825602958,14.283885625711148,23.122872151028968,11.28489203445517,45.00000000000004,78.8,55.795,25.233644859813086,-5.084745762711873,-18.947368421052634,-1.5832248521688186,-8.094803404622585,0.5765136898461394,0.43699634142301885,-2.1111476053661704,-6.045992360931618,0.5187812301971622,0.39333751920898297
1781827200,61.9,61.9,61.2,61.7,4869000,2026-06-19,VCB,2026-06-19,0.16233766233766378,0.16233766233766378,-2.8346456692913358,6.013745704467355,7.304347826086954,9.802107061503417,62.165,61.33599999999999,61.959070000000004,61.87654270190016,61.662467056214325,-0.7480093300088364,0.5934524585887724,-0.41813087252601244,-0.2853144248066375,1.1363636363636294,-0.32467532467531773,0.48701298701299134,71.42857142857186,300417300.0,4449905.0,7296513.333333333,276868667.5,447229488.8333333,1.0941806622838015,1.0850534396421003,0.8142857142857137,1.3197499421162295,12.445396672937955,23.0436247556845,9.467154420769795,43.58974358974363,78.8,55.994,25.01973164956592,-4.930662557781207,-18.81578947368421,-0.03249557846117801,-6.9763395708350115,0.5701001489287731,0.42973810696560816,-0.47951645047217273,-4.912385266744269,0.5140703600154809,0.3855238659024062
1782086400,61.7,61.8,61.2,61.3,2686300,2026-06-22,VCB,2026-06-22,-0.6482982171799101,-0.48701298701299134,-3.767660910518067,4.965753424657526,6.055363321799301,7.945340564908077,62.045,61.358000000000004,61.923055,61.82163387314777,61.64825266185298,-1.2007413973728842,-0.09452720101699175,-1.0061761326213614,-0.8437723826874466,0.9724473257698448,-0.6482982171799119,0.0,16.66666666666588,164670190.0,4313705.0,7198648.333333333,267870371.5,441644010.6666667,0.622736139814846,0.6147383492914594,0.7785714285714275,1.2701002097413172,12.447293737269357,23.08985124508738,9.414795238858972,45.94594594594591,78.8,55.994,23.265807243707787,-5.54699537750386,-19.342105263157894,-2.276698412572653,-7.078704689310111,0.5729544606841485,0.42010115225756894,-1.7105016599789247,-4.148550080547109,0.5376262022896253,0.38750010352360376
1782172800,61.7,62.6,61.3,61.3,5176000,2026-06-23,VCB,2026-06-23,0.0,-0.8090614886731351,-4.813664596273304,5.872193436960282,7.167832167832167,8.896468414694802,61.89,61.396,61.889025000000004,61.771954456657504,61.63459569472149,-0.9533042494748845,-0.15636197797902485,-0.9517438673496748,-0.764027074760365,2.1207177814029436,-0.6525285481239897,0.6525285481239873,0.0,317288800.0,4291310.0,7181285.0,265625853.5,440931980.3333333,1.206158492395096,1.1944951736409197,0.7928571428571419,1.2934048007457455,11.515705434909483,23.006347968180847,9.414795238858972,41.17647058823535,78.8,55.994,23.265807243707787,-5.54699537750386,-19.342105263157894,-4.010132025075219,-7.772820943173842,0.5653595372879259,0.4132482360203705,-3.1972140809618854,-5.5092441066544975,0.5298436292411123,0.3779504803422545
1782259200,61.4,61.6,61.0,61.0,2542500,2026-06-24,VCB,2026-06-24,-0.4893964110929794,-1.9292604501607746,-4.984423676012462,3.741496598639471,7.017543859649122,8.556378132118446,61.73,61.42,61.861435,61.69843498459488,61.60970958904614,-1.182569253199417,-0.6838163464669478,-1.3925234679732168,-1.1320141017665541,0.978792822185973,-0.6525285481239781,0.16313213703100793,0.0,155092500.0,4209155.0,7121395.0,259944702.5,437503673.3333333,0.6040404784333198,0.5966365096438155,0.7785714285714279,1.2763466042154554,11.546901281705464,22.837186519621714,9.414205883466732,32.35294117647065,78.8,55.994,21.95036393931422,-6.009244992295848,-19.736842105263154,-5.175948566245747,-8.52655696424911,0.547788351154474,0.3966469378171076,-4.375758980542588,-6.613534611387274,0.5050640681221571,0.3572638893724902
1782345600,61.1,61.3,60.8,60.8,3093500,2026-06-25,VCB,2026-06-25,-0.3278688524590234,-1.2987012987013102,-3.1847133757961776,4.827586206896539,6.479859894921192,7.251847801160705,61.629999999999995,61.452,61.823415,61.6128697479668,61.57795627182865,-1.3467467142625367,-1.060990691922148,-1.6553841291361837,-1.319318108849532,0.819672131147541,-0.4918032786885316,0.16393442622950616,0.0,188084800.0,4115210.0,7080520.0,253735606.5,435277286.6666667,0.7517234843422328,0.7412629334700804,0.7499999999999994,1.2335526315789465,9.046149687166938,22.65800376223303,6.685653396541615,35.48387096774195,78.8,55.994,21.073401736385154,-6.31741140215718,-20.000000000000007,-3.1525188349171507,-7.2340784748554885,0.5331405230166857,0.3900932744044108,-3.42473497774034,-5.8075411717956715,0.4939014384621303,0.3512961619641827
1782432000,61.0,61.5,60.8,61.4,3344300,2026-06-26,VCB,2026-06-26,0.9868421052631637,-0.4862236628849326,-0.9677419354838679,5.679862306368322,7.53064798598948,9.268223234624152,61.6,61.494,61.795345,61.592596438636626,61.57097759450203,-0.32467532467532756,-0.1528604416691115,-0.6397650178989966,-0.3126941382127102,1.151315789473689,0.657894736842103,0.328947368421062,85.71428571428557,205340020.0,3991425.0,7044906.666666667,245960607.5,433392088.5,0.8378711863557501,0.8348492146247444,0.7142857142857137,1.1633317822242897,8.912944246487656,22.732240727803998,5.719620190256891,51.51515151515152,78.8,55.994,23.70428834517232,-5.392912172573205,-19.21052631578948,-1.419582299531974,-6.109996098280269,0.5380548942395692,0.3918020271877652,-1.5440891659125877,-4.102657274521394,0.49866299287189303,0.35162387522276356
1782691200,61.6,62.2,61.4,62.0,5481600,2026-06-29,VCB,2026-06-29,0.9771986970684043,1.1419249592169667,-0.3215434083601365,5.084745762711873,8.581436077057791,10.335990888382685,61.589999999999996,61.536,61.781195,61.63139677781409,61.58780200256078,0.6656924825458654,0.7540301612064537,0.3541611650600185,0.5980770215459508,1.3029315960912122,0.6514657980456003,0.32573289902280145,74.99999999999977,339859200.0,4119290.0,6998688.333333333,253858994.5,430939286.8333333,1.3307147590968347,1.3387715517797028,0.721428571428571,1.163594470046082,9.552986541194949,22.606630747320246,5.719620190256891,56.75675675675672,78.8,55.994,26.335174953959488,-4.46841294298922,-18.42105263157895,-0.8869960415369804,-3.8433957345898273,0.4979011506120819,0.36120015839723385,-1.0543135105358314,-2.5662876236156373,0.4740138229340064,0.3290649326238729
1782777600,62.2,62.6,61.9,62.2,4630222,2026-06-30,VCB,2026-06-30,0.3225806451612856,1.4681892332789603,0.9740259740259827,6.872852233676974,8.551483420593375,10.691913439635536,61.620000000000005,61.592,61.77003,61.68554946564132,61.61180976716624,0.9412528399870057,0.987141187167162,0.6960819025019216,0.8339887361224374,1.1290322580645207,0.0,0.3225806451612856,42.857142857143295,287999808.40000004,4097606.1,6981450.366666666,252662172.92,430244718.64,1.129982210832808,1.1398612030902977,0.721428571428571,1.159853008727606,8.926948836868187,22.408121796358163,5.115082141295611,56.75675675675672,78.8,55.994,27.212137156888556,-4.160246533127898,-18.157894736842106,-0.862303119799801,-2.8739055341095776,0.48662933028736083,0.35506441056543425,-0.17752573176066377,-0.8292940272310645,0.4570601262609791,0.31995423838711134
1782864000,62.4,63.0,62.1,63.0,4232900,2026-07-01,VCB,2026-07-01,1.2861736334405016,3.2786885245901676,1.7770597738287597,9.185441941074512,9.565217391304337,12.51205486302105,61.675,61.662,61.7584,61.81073523081834,61.66624859982639,2.148358329955413,2.1698939379196203,2.0104147775849013,1.9240424252205068,1.4469453376205765,0.964630225080388,0.3215434083601254,100.0,266672700.0,4087686.1,6953338.7,252280934.42,428996581.64,1.0355247189846597,1.0570465842497652,0.7428571428571422,1.1791383219954639,9.848963459582267,22.438825472120463,5.115082141295611,65.90909090909085,78.8,55.994,30.719985968604757,-2.927580893682602,-17.105263157894733,-0.8727332454509629,-1.6913780869533213,0.4824304295799593,0.34982951167966575,-0.18536299533968847,-0.3888003429852738,0.4581216125703869,0.3190991946344271
1782950400,63.0,63.1,62.5,62.6,857800,2026-07-02,VCB,2026-07-02,-0.6349206349206327,2.960526315789491,0.6430868167202508,7.931034482758625,9.632224168126102,11.205855183685065,61.69499999999999,61.71200000000001,61.745264999999996,61.885903304073736,61.70286630179398,1.4668935894319057,1.438942183043812,1.3842923825818865,1.1538923370280063,0.9523809523809548,-0.6349206349206327,0.0,16.666666666666863,53698280.0,3935046.1,6895913.7,242803882.42,425731696.3066666,0.21798982227933747,0.22115906658820716,0.7499999999999994,1.1980830670926508,10.053515398157067,22.483656355839678,5.276134836615274,60.416666666666636,78.8,56.0,28.947368421052644,-3.5439137134052445,-17.63157894736842,-1.2951622073304137,-3.535302629701742,0.49298614403907526,0.3553842638959813,-0.9530469477642578,-1.7452078589704536,0.4616011771691785,0.32079003239392856
