t,open,high,low,close,volume,date_vn,Ticker,Date,ret_1d_pct,ret_5d_pct,ret_20d_pct,ret_60d_pct,ret_120d_pct,ret_252d_pct,sma_20,sma_50,sma_200,ema_20,ema_50,dist_sma20_pct,dist_sma50_pct,dist_sma200_pct,dist_ema20_pct,range_pct,body_pct,gap_pct,close_location_pct,traded_value,adv20_shares,adv60_shares,avg_value_20,avg_value_60,volume_ratio_20,value_ratio_20,atr14,atr14_pct,realized_vol_20d_pct,realized_vol_60d_pct,downside_vol_20d_pct,rsi14,high_52w,low_52w,pos_52w_pct,drawdown_60d_pct,drawdown_252d_pct,excess_ret_20d_vs_vnindex_pct,excess_ret_60d_vs_vnindex_pct,beta_60d_vs_vnindex,corr_60d_vs_vnindex,excess_ret_20d_vs_vn30_pct,excess_ret_60d_vs_vn30_pct,beta_60d_vs_vn30,corr_60d_vs_vn30
1750204800,67.459,67.767,67.228,67.459,662400,2025-06-18,VJC,2025-06-18,0.0,0.1142738416787914,-0.6787396937573575,-8.835493330810706,-12.908931291796844,-17.263751763046542,68.13579999999999,67.52964,75.233175,68.15411550080752,68.88776449024256,-0.9933104183116437,-0.10460591823086007,-10.333440001701376,-1.0199171329562384,0.7990038393691005,0.0,0.0,42.85714285714437,44684841.6,754250.0,721090.0,51525239.365,49378413.41499999,0.8782234007292012,0.8672418051948627,1.368,2.0278984271928135,18.77773584613233,35.85255776197299,8.892257027388206,50.80712788259956,84.227,59.305,32.71808041088196,-9.30735930735931,-19.467325645249865,-2.476101849382606,-10.565192030893034,0.8682730658123312,0.7119447640565209,-1.6390316563320573,-12.75441714965837,0.8417974358519258,0.6879432988630604
1750291200,67.151,68.613,66.92,68.074,1200900,2025-06-19,VJC,2025-06-19,0.9116648631020352,-0.45041092685210726,1.490890658079147,-8.385707556692024,-11.500260010400421,-15.55351560561703,68.1858,67.56348,75.17356,68.14648545311157,68.85585215729188,-0.16396375784988315,0.7556153117038944,-9.444224804572244,-0.10636711875837701,2.5096725418402253,1.3682384855986627,-0.4565736224966366,68.1630242173655,81750066.6,772415.0,730731.6666666666,52803683.575,49970123.99166667,1.5547341778707042,1.5481887070224152,1.4284999999999997,2.098451684931104,18.480629166958483,35.89908831315073,8.511455185024282,55.90583418628453,84.227,59.305,35.18577963245324,-8.480546368745134,-18.733137549841228,-1.416617105423268,-10.667306491542384,0.8702392758549603,0.7127578077687217,-0.6189876018033669,-12.813722386877691,0.8435375157666376,0.6886570941015777
1750377600,68.305,68.305,67.459,68.228,697600,2025-06-20,VJC,2025-06-20,0.22622440285571255,0.794799822721215,1.0246387112058608,-8.178453670681662,-10.585151693860183,-15.362477050563195,68.22040000000001,67.65732,75.11548499999999,68.15424874329142,68.83123050406475,0.01114036270672969,0.8434859672242334,-9.169194607476738,0.1082122656598683,1.2427652260775093,-0.11311220142787613,0.3393366042835799,90.89834515366287,47595852.8,778725.0,732885.0,53253972.695,50059472.17166666,0.8958233009085363,0.8937521539021024,1.2911428571428567,1.8923944086633886,18.35115224852808,35.9053328289298,8.511455185024282,46.15673040869884,84.227,59.305,35.80370756761092,-8.273507031271022,-18.54929207554379,-1.6296832156690533,-9.60893656201607,0.8707119051953794,0.7125128951000742,-0.8052179653941005,-11.377562033376698,0.8447086534589943,0.6885606411877322
1750636800,67.613,67.613,66.843,67.305,672800,2025-06-23,VJC,2025-06-23,-1.3528170252682048,-0.34203980099501985,-0.34203980099501985,-9.514398644833422,-13.022408312010548,-16.34765964851226,68.20885000000001,67.78654,75.049335,68.073367910597,68.77137832743476,-1.3251213002418383,-0.7103770158500389,-10.318992166952567,-1.1287349725462636,1.1285689159875654,-0.4514275663950178,-0.9013894588731808,60.00000000000074,45282804.00000001,783625.0,735200.0,53577128.255,50152309.74166667,0.8585739352368799,0.8451890848736198,1.2802142857142849,1.9021087374107195,19.023145711388207,35.9910660506328,9.026109380632654,39.82514666973429,84.227,59.305,32.10015247572428,-9.514398644833422,-19.651171119547307,-2.2684793774334744,-11.485988530111813,0.8653713839542155,0.7070944537862013,-2.0606197075862975,-13.800863841155408,0.8371246001374385,0.6818616911578781
1750723200,67.305,67.767,67.151,67.767,640600,2025-06-24,VJC,2025-06-24,0.6864274570982598,0.4565736224966255,-0.33825021692134305,-8.893280632411082,-12.77143482346278,-14.713433512044105,68.19735,67.8404,74.98318499999999,68.04419001434967,68.73199094204516,-0.6310362499422739,-0.10819511677409022,-9.623737641979325,-0.4073676448954955,0.9152366094643779,0.6864274570982676,0.0,100.0,43411540.199999996,778815.0,733826.6666666666,53242695.785000004,49979532.311666675,0.8225316666987668,0.8153520320477513,1.1484285714285707,1.6946722909802276,19.0250001724454,36.03004783651406,9.026109380632654,31.31565126050407,84.227,59.305,33.953936281197315,-8.704262542436814,-19.099634696654977,-2.3504758310009533,-11.960945723015804,0.8676769957784873,0.7083569113070832,-2.8146942254680396,-14.780487737885672,0.8394819688602451,0.6837505277062544
1750809600,67.382,67.92,66.997,66.997,664900,2025-06-25,VJC,2025-06-25,-1.1362462555521091,-0.6848604337449493,-1.023784901758007,-9.741606940777059,-14.607815646587985,-16.089074809313285,68.1627,67.86654,74.91703000000001,67.94445763203065,68.6639520815728,-1.7101728658049042,-1.2812499355352447,-10.571735158214379,-1.3944590405914004,1.3620198621748076,-0.5681231277760638,-0.5681231277760435,0.0,44546305.3,780440.0,736346.6666666666,53329653.25,50086455.34,0.8519553072625698,0.8353008614395969,1.1594285714285704,1.7305678932318915,19.387495993562943,36.08882593961808,9.340637825100707,29.808773903261994,84.227,59.305,30.86429660540887,-9.271020949853071,-20.018862068142205,-2.87791384122309,-12.98527483873826,0.8681681481204937,0.707510912182734,-3.3398183889349786,-15.907111990550282,0.8392674443488249,0.6823995326823106
1750896000,67.074,67.536,66.997,66.997,525900,2025-06-26,VJC,2025-06-26,0.0,-1.5821018303610712,-0.4576183047321991,-9.271020949853071,-14.187821810077617,-15.02479611379578,68.1473,67.89114,74.8528,67.85422357183725,68.5985814117072,-1.6879612251695986,-1.3170201590369413,-10.494998183100702,-1.2633311925376423,0.8045136349388801,-0.11493051927697984,0.11493051927697895,0.0,35233722.3,780550.0,732536.6666666666,53328957.94,49745108.32000001,0.6737556850938441,0.6606864949366006,1.0605714285714285,1.5830133118966947,19.288330690406642,36.081562525456484,9.496297516222885,34.06656191972567,84.227,59.305,30.86429660540887,-8.509040257824873,-20.018862068142205,-2.2320209994991846,-12.930335084627565,0.8682426406314124,0.7072197479726557,-2.6929263930548175,-15.795370807560516,0.839163528476342,0.6819853854418162
1750982400,67.074,67.613,66.997,67.074,708000,2025-06-27,VJC,2025-06-27,0.11493051927697895,-1.691387700064484,0.23012552301253653,-8.210854749979468,-13.83425613093021,-14.173842945067882,68.155,67.95114,74.788955,67.77991656499562,68.53879390536575,-1.5860905289413862,-1.290839270687727,-10.315634173522014,-1.0414833785147848,0.9194441542158599,0.0,0.11493051927697895,12.499999999999712,47488392.0,789380.0,735590.0,53925313.14,49897427.6,0.8969064328967037,0.880632660893622,0.9947142857142859,1.4830102360292898,19.17949219682667,36.0355179493903,9.626585952936285,39.999999999999865,84.227,59.305,31.17326057298771,-8.4038892227017,-19.926939330993488,-2.684477508654881,-13.152470531317961,0.8675409089931512,0.7063558219406391,-3.4371311638834,-16.423454098895785,0.8371255251268479,0.6807710235854831
1751241600,67.305,68.305,67.305,67.767,602400,2025-06-30,VJC,2025-06-30,1.0331872260488373,0.6864274570982598,-1.5629766279796176,-7.457529906593107,-11.987480031689557,-13.28709805376771,68.10119999999999,67.99268000000001,74.73165,67.77868641594841,68.50852747770435,-0.49074025127310295,-0.33191808294659175,-9.319545333202207,-0.017242021889740666,1.4908906580791366,0.6887914840325449,0.3443957420163013,46.19999999999891,40822840.8,762630.0,738065.0,52051353.769999996,50023838.46,0.7898981157310885,0.7842800973128273,1.0057857142857145,1.4841821451233117,16.46640594542421,36.106856797541404,9.626585952936285,44.83119211233933,84.227,59.305,33.953936281197315,-7.2625010263568495,-19.099634696654977,-4.539104742923872,-11.916549286702882,0.8697017784292939,0.7059422042658581,-5.394211168119045,-14.767375866024,0.8384223425181389,0.6793580658304933
1751328000,67.843,69.997,67.843,69.613,1284900,2025-07-01,VJC,2025-07-01,2.724039724349625,2.724039724349625,0.7803225526247237,-4.736294714946487,-9.499479979199165,-10.925004158616014,68.12815,68.03114000000001,74.67896,67.95338294776285,68.55184012563751,2.179495553600086,2.3251999011040914,-6.783650977464073,2.442287609894178,3.1785382265704496,2.611890743282123,0.11214898106748361,82.17270194986068,89445743.7,788810.0,750898.3333333334,53894339.145,50887504.145,1.6289093698102204,1.6596500693579475,1.0881428571428577,1.5631316810694234,19.208043041496403,36.56770537308965,9.626585952936285,64.94707222296667,84.227,59.305,41.361046464970705,-2.6881570118541753,-16.89587660864791,-1.4902285700325368,-9.289992839894323,0.8702061959823914,0.6974475359113941,-1.8826441968032626,-11.942127939342605,0.8349957339123707,0.6681130000380584
1751414400,69.613,69.613,69.151,69.382,598200,2025-07-02,VJC,2025-07-02,-0.33183457112895276,3.5598608892935646,-1.7433050571424413,2.0368545671132665,-9.709407493200416,-11.567972673277415,68.06660000000001,68.08806,74.62204,68.08944171464258,68.5843954148282,1.932519032829605,1.9003919336224362,-7.022107677570855,1.898324105482363,0.6636691422579164,-0.33183457112894793,0.0,50.00000000000154,41504312.400000006,749900.0,748743.3333333334,51109968.105,50754779.06000001,0.7977063608481131,0.8120590549916565,1.0277142857142871,1.481240502888771,17.41644348293269,33.63739025092346,9.498503591599418,57.46937556020321,84.227,59.305,40.434154562234184,-3.011071348691563,-17.171644820094066,-4.6301925688460255,-10.546083050788258,0.8243800441332843,0.6297793321216613,-5.051370382375153,-13.516692090409443,0.7831866823116774,0.5922061161379634
1751500800,67.151,69.536,67.151,68.459,699800,2025-07-03,VJC,2025-07-03,-1.33031622034534,2.1821872621162086,-2.518938315201902,3.1288602331957405,-10.552035016659033,-12.315239388272659,67.97815,68.16498,74.55935000000001,68.12463774181947,68.57947794758003,0.7073596442386254,0.43133585603634117,-8.1818712207121,0.4908095943903623,3.4374909918999235,1.8852151854948067,-3.215531405840144,54.84276729559766,47907608.2,749965.0,743336.6666666666,51052635.614999995,50420098.45666667,0.9331102118098845,0.938396375091829,1.0827142857142869,1.5815514186802124,17.909257133073496,33.382121682600726,9.995941202754894,55.55234657039719,84.227,59.305,36.73059947034749,-4.301330798479086,-18.27352386409761,-5.489677982437346,-11.019503895757655,0.8158379138521865,0.621893784533003,-5.9272517515805205,-12.542898114975308,0.7794920616609504,0.5937550761347696
1751587200,68.536,69.228,68.074,69.074,793800,2025-07-04,VJC,2025-07-04,0.8983479162710362,2.981781316158272,-0.22245334257814386,8.716318307731052,-9.92971612617194,-10.823930388081282,67.97045,68.2619,74.50166,68.21505319497952,68.59887096924356,1.6235731851120594,1.1896826780385616,-7.28528733453725,1.2591748665288671,1.6856804802874659,0.7858718356972738,0.11247608057376457,86.65511265164672,54830941.199999996,739740.0,745990.0,50338667.055,50661948.38333333,1.0730797307161977,1.0892410230110332,1.0992142857142864,1.5913575089241776,17.5629855581953,32.15839633846755,9.500340895927211,60.411589493636654,84.227,59.305,39.19829869191878,-3.441623797808102,-17.53933576868898,-4.514537650302842,-13.72208598609217,0.8846491243887293,0.586466282266814,-5.141514351619902,-15.60581678926187,0.8384281762802022,0.5527327783185845
1751846400,68.997,69.459,68.228,69.228,789200,2025-07-07,VJC,2025-07-07,0.22294930074990837,2.1559165965735483,1.3512919991215622,13.77950167641837,-9.547265956751815,-10.890859709868838,68.01660000000001,68.32806000000001,74.447815,68.31152431926718,68.62354269593989,1.7810358059649811,1.3170870064216356,-7.011374343222842,1.3416121069843134,1.7821466832672335,0.33442395112487266,-0.11147465037495419,81.23476848090925,54634737.599999994,737195.0,748601.6666666666,50201252.41,50931130.17666667,1.0705444285433299,1.0883142347483916,1.1321428571428587,1.6353828756324877,16.856904915202648,30.825545424123273,8.965187476165559,61.8518022243066,84.227,59.305,39.81622662707645,-3.2263475732498437,-17.35549029439153,-5.629639961780941,-14.344413154980696,0.8356912502214684,0.5391669930314329,-6.6755740145119535,-15.311438529626066,0.7718074715901004,0.512775310767352
1751932800,69.228,73.074,68.843,73.074,2138100,2025-07-08,VJC,2025-07-08,5.555555555555558,4.971772513754602,6.741261192830739,12.293696407167221,-4.425959350231501,-6.126433976080071,68.24735000000001,68.47114,74.409355,68.76509343171793,68.79807043335401,7.0722892537219195,6.722335862963558,-1.7946063367973109,6.266124792749261,6.111688912000917,5.555555555555562,0.0,100.0,156239519.4,815390.0,783875.0,56047770.489999995,53511587.07,2.6221807969192654,2.78761345962684,1.395857142857144,1.910196708620226,25.76336741578689,29.63527372384466,8.965187476165559,74.82536033247864,84.227,59.305,55.248374929780894,0.0,-12.764128644079943,-0.7976947647146737,-8.857680760438111,0.7195639724151645,0.36211107263672687,-2.1175249861815173,-10.117433114401031,0.6550505392097884,0.344240434739966
1752019200,73.074,73.228,72.305,72.305,1068600,2025-07-09,VJC,2025-07-09,-1.0523578837890235,4.212908247095792,7.3061054881125465,10.070025879129263,-5.337644994894086,-7.114319848926676,68.4935,68.51729999999999,74.366665,69.10222739060194,68.93559708302641,5.564761619715752,5.528092905003579,-2.7722972382854483,4.634832667975108,1.2631031557051586,-1.052357883789024,0.0,0.0,77265123.0,834595.0,785061.6666666666,57604877.69,53707352.35333333,1.2803815024053582,1.341294801731919,1.3408571428571432,1.8544459482153972,25.31304614055992,29.706222454468122,8.182089042000195,68.45502922446143,84.227,59.305,52.16274777305194,-1.0523578837890235,-13.68216221378602,-1.522969937678198,-7.015195723213543,0.9773454202894567,0.39615550213346373,-2.5234500753504197,-7.742240331536875,0.9048272555124193,0.3802779685821971
1752105600,72.382,73.843,72.074,73.843,1272300,2025-07-10,VJC,2025-07-10,2.127100477145416,7.864561270249348,7.986019712789916,12.279714750558801,-2.6370264889310824,-5.5124054714590915,68.76655,68.62344,74.331665,69.55372954387795,69.12804425624105,7.382150187845693,7.606089114739811,-0.6574116158974741,6.16684465987718,2.44658045778301,2.020607150266231,0.10649332687919788,100.0,93950448.9,865160.0,796210.0,60042375.035000004,54611796.37166666,1.4705950344444958,1.564735719485351,1.4067857142857148,1.9051036852317953,25.788525052187044,29.97330826328266,8.182089042000195,71.85335097688187,84.227,59.305,58.33400208650992,0.0,-11.846095074373853,-1.2846474880203749,-4.1689255381381916,1.0572594681892087,0.4176576131932995,-3.1444470898386756,-6.083322349609398,0.9524681724397717,0.4027177606236318
1752192000,73.843,76.92,73.612,76.92,2011400,2025-07-11,VJC,2025-07-11,4.16694879677153,11.358832556388808,13.635692125867926,20.0486936979118,1.4200387642893775,-1.2833675564681735,69.22805000000001,68.83882,74.311665,70.25527911112766,69.43361114815318,11.111030861045478,11.739277343801069,3.509994023145624,9.48643429105205,4.479774657042654,4.166948796771526,0.0,100.0,154716888.0,922500.0,816478.3333333334,64851980.735,56341110.30166666,2.180379403794038,2.3856925609135753,1.5441428571428588,2.0074660129262334,28.45015566086205,30.477855003890287,7.841291433431142,82.04786347576834,84.227,59.305,70.68052323248534,0.0,-8.172766993768354,2.8207106360808467,1.3182919191059739,1.0559667613323482,0.4003472959257737,-0.12465614704100147,-1.5609068391811753,0.9873098652649214,0.40783837869238426
1752451200,77.228,77.612,75.535,76.151,1133300,2025-07-14,VJC,2025-07-14,-0.9997399895995907,10.00028890044491,12.75615967780146,15.924798295022068,0.5081434944434138,-2.366757695808819,69.6588,68.98344,74.28859,70.81677633863931,69.6970381619511,9.319999770308996,10.390261778768917,2.50699333504647,7.532429372177174,2.70020800832033,-1.4001560062402472,0.40041601664064785,29.65816080885894,86301928.3,941780.0,824701.6666666666,66642243.79,57078891.92333333,1.2033595956592835,1.2950033401028738,1.6485000000000016,2.164777875536765,28.896813081152338,30.246169487340406,8.245042713624045,77.38437418343354,84.227,59.305,67.59489607575634,-0.9997399895995907,-9.090800563474454,2.868332817528385,-5.567393723485761,1.2651339649420112,0.4620702971973677,-0.29062456551887195,-8.232170581838563,1.158807522711944,0.46457468752264347
1752537600,76.92,76.997,74.997,74.997,1114200,2025-07-15,VJC,2025-07-15,-1.515410171895304,2.6315789473684292,11.174194696037599,10.794799822721224,-1.2157534246575397,-3.4650980190245595,70.03569999999999,69.1142,74.25936,71.21489287781652,69.9048798026589,7.083958609680496,8.51170960526202,0.9933293257577303,5.310837339420615,2.6263607831807856,-2.525245893028328,1.0098357211330233,0.0,83561657.4,963965.0,821578.3333333334,68558763.685,57003164.480000004,1.1558510941787306,1.2188326175765403,1.7254285714285729,2.3006634551096345,29.781947673215882,29.89745313161343,9.231596523774586,75.49069589599799,84.227,59.305,62.964449081133125,-2.500000000000002,-10.468447818924155,2.792445183909443,-9.201092557644365,1.2600248679629398,0.4728250720820829,-0.17491351346503592,-11.523182111693188,1.1467531896170124,0.4719427999143331
1752624000,74.612,74.997,73.459,73.843,1545300,2025-07-16,VJC,2025-07-16,-1.538728215795293,2.127100477145416,9.463525993566456,10.98202476854635,-2.9326708205168583,-4.950507793896164,70.35490000000001,69.22341999999999,74.226285,71.46518879421495,70.05931588882913,4.957863631388837,6.673435088876012,-0.5163736808328712,3.327230006530857,2.050748696614527,-1.025374348307254,-0.5133538674880422,24.9674902470742,114109587.9,1008110.0,834985.0,72030001.0,58083382.23833333,1.5328684369761236,1.5841952841289009,1.7967857142857153,2.43325124153368,30.64541855321561,29.854439651949775,9.965065285806014,70.31936364715664,84.227,59.305,58.33400208650992,-4.000260010400414,-11.846095074373853,-0.08779080216871904,-10.04543766337176,1.1898381300328384,0.45064704265483374,-3.1974137198997887,-12.6108831197437,1.068812526224159,0.4459311883578441
1752710400,73.843,75.228,72.536,72.536,1712800,2025-07-17,VJC,2025-07-17,-1.7699714258629817,-1.7699714258629817,6.554631724300042,12.26223824926873,-4.74714711559926,-7.547987458257921,70.578,69.29266,74.18475000000001,71.56717081381353,70.15644075593387,2.7742355974949673,4.680640056248397,-2.2224918194103327,1.3537340866903058,3.645572362986326,-1.7699714258629824,0.0,0.0,124239660.8,1033705.0,852840.0,74154480.71000001,59463222.593333334,1.6569524187268128,1.6754167733420027,1.9450714285714292,2.681525626683894,31.59696830349909,29.446126154177932,10.818666598653385,65.10843106882056,84.227,59.305,53.08963967578846,-5.699427977119087,-13.40639400233986,-3.6499480218613156,-11.177993054632452,1.0575825355221236,0.3969278693099324,-7.021412185934106,-14.03866803912106,0.9340754972030374,0.39027037369606904
1752796800,73.459,73.997,71.536,71.766,2612300,2025-07-18,VJC,2025-07-18,-1.0615418550788513,-6.7004680187207395,5.185554317875374,11.736314380021184,-5.5673250259878575,-10.461503911367288,70.75489999999999,69.35112,74.139365,71.58610692678367,70.21956072628942,1.4290176369410545,3.4821067057028143,-3.20122110568386,0.2512960697811373,3.3927980588948916,-2.3340134553876664,1.272471600308811,9.345794392523532,187474321.8,1129440.0,880875.0,81148404.16,61592046.53,2.3129161354299477,2.3102650476078077,2.032928571428571,2.83271823903878,31.98480223084996,29.515917881613795,10.757145430661383,61.01470831267564,84.227,59.305,50.000000000000014,-6.7004680187207395,-14.32562137382709,-5.777501968484723,-13.33615059871962,1.0711521046335455,0.39114981873273025,-9.357467860372815,-15.66104143764493,0.9245187723504932,0.3828199795715284
1753056000,72.305,74.074,72.228,73.151,1560900,2025-07-21,VJC,2025-07-21,1.9298832316138492,-3.9395411747711773,8.6858331476116,10.969356796116504,-3.7448846665000035,-9.858165641828197,71.0472,69.42342,74.10129,71.73514436232809,70.33451912918002,2.961130065646489,5.369340778659426,-1.2824203195383133,1.9737266165110734,2.5722486971546465,1.1788312014045499,0.7510520302092871,50.0,114181395.89999999,1173845.0,894700.0,84593333.755,62691504.995,1.3297326307987851,1.3497682480595128,2.038499999999999,2.7867014804992403,31.895433748764713,29.302476853845004,10.579234788745914,59.998869545557326,84.227,59.305,55.55733889735974,-4.8998959958398425,-12.672205906931222,-0.6553440159455128,-11.660701007351701,0.8998831098597591,0.3355019224717246,-3.7244076831440367,-13.973852928834372,0.7828660070958446,0.3334030716420268
1753142400,73.459,78.228,73.459,78.228,2916000,2025-07-22,VJC,2025-07-22,6.940438271520555,4.308172326893067,15.436716986143706,18.671116504854357,2.935642196402477,-3.6019272713829764,71.57025000000002,69.59572,74.087445,72.35351156591588,70.64406739862395,9.302398692194004,12.403463891170308,5.588740440434936,8.11914765012105,6.519391395879744,6.519391395879744,0.4210468756408181,100.0,228112847.99999997,1287615.0,933643.3333333334,93828399.145,65856818.32833333,2.2646520893279436,2.4311706272157565,2.368142857142856,3.0272317547973313,39.39106803041625,32.39870686743119,10.579234788745914,69.6246339515485,84.227,59.305,75.92889816226624,0.0,-6.611274264021216,4.990921424344718,-4.722842705510622,1.1656422772641,0.40168829531273914,2.230537057240234,-7.579588708386865,0.9833979166271786,0.387485809110049
1753228800,83.074,83.689,82.689,83.689,1717100,2025-07-23,VJC,2025-07-23,6.9808764125377065,13.33369445986754,24.91454841261549,19.56083832164235,9.898753791808378,2.933435009347618,72.40485,69.83878,74.10206,73.43308189297152,71.15563338299164,15.584798532142518,19.83170381842294,12.937481090269287,13.966345743157627,1.2783146699391523,0.7861635220125722,6.194712890525134,100.0,143702381.89999998,1340225.0,938778.3333333334,98786202.975,66608095.14333333,1.2812027831147754,1.4546806899377134,2.5878571428571413,3.0922309298200976,44.45159774752446,33.05024875363781,10.493815488169068,78.12453833653421,84.227,59.305,97.8412647460075,0.0,-0.09192273714874188,14.264466100561357,-3.468212384897516,1.1008628606544388,0.3719575336953582,12.108821492268262,-5.935297362166999,0.8718854435452785,0.3381840198750305
1753315200,89.535,89.535,84.15,87.689,2891800,2025-07-24,VJC,2025-07-24,4.779600664364492,20.890316532480412,30.884964998432764,27.9458970468075,14.228955527186503,7.954153740089631,73.43945,70.19261999999999,74.13475,74.79078837935518,71.8040007013057,19.40312733823579,24.92623868435173,18.283261223650182,17.245722234163765,6.434537394400687,-2.205785706604218,6.985386370968705,65.71959145775288,253579050.2,1458520.0,979470.0,109703469.37,70320049.96666667,1.9826947864959,2.311495266797322,2.9229999999999987,3.3333713464630668,46.015053533865995,33.90003580971172,10.493815488169068,80.55546436426908,89.535,59.305,93.8934832947403,0.0,0.0,19.509596131869113,3.9631777771628833,1.0972149660898411,0.3598408525734883,17.379632147937052,1.3586317456614196,0.8480609160420335,0.31833853520856525
1753401600,87.843,93.765,86.304,93.765,3280800,2025-07-25,VJC,2025-07-25,6.929033288097708,30.653791489005933,39.79336255479025,41.743888981270125,23.379870258036494,15.763546798029559,74.774,70.68336000000001,74.19859000000001,76.59785615274993,72.66521636007802,25.397865568245635,32.65498414336838,26.3703259051149,22.412042202611637,8.508478828587393,6.753412628721958,0.17562065937575255,100.0,307624212.0,1587160.0,1023085.0,122710260.37,74715159.35166667,2.067088384283878,2.50691515992584,3.367999999999998,3.5919586199541387,49.71204297167133,35.44426678824528,10.493815488169068,83.72041887694805,93.765,59.305,100.0,0.0,0.0,28.149397087835794,16.88618695077186,1.109688764464973,0.34760691271447774,26.686694713690986,14.287848423292534,0.8066381927992826,0.2882475351385313
1753660800,95.612,99.765,95.381,97.688,2342200,2025-07-28,VJC,2025-07-28,4.183863915106922,33.54294541428007,44.152758717369835,41.74114915844458,29.328126034288758,19.81112405715337,76.27005,71.28332,74.28320000000001,78.60644128105946,73.64650199301614,28.08173064000876,37.04187739852745,31.507527947099746,24.274802939766627,4.675518583693276,2.214045752679579,1.9698181624273392,52.623175182481795,228804833.6,1674150.0,1051520.0,132109360.00999999,77797906.37833333,1.3990383179523938,1.7319350694203701,3.494357142857141,3.5770587409478556,50.37618221783992,35.4433985021244,10.493815488169068,83.7547997805815,99.765,59.305,94.86653484923382,0.0,0.0,30.97392333835567,16.147826308559488,1.1347019283057285,0.3630094560365048,29.393967196213325,13.324218053711956,0.8520708833806633,0.3092640098265734
1753747200,98.381,98.381,90.919,90.996,3093100,2025-07-29,VJC,2025-07-29,-6.850380804192946,16.32152170578309,30.716963785499818,32.92043412845644,21.08421710955277,9.637697748111362,77.33919999999999,71.74484000000001,74.33512,79.7863992542919,74.32687446387826,17.658315576059746,26.83281473622352,22.413201189424313,14.049513263509139,7.638604536892969,-7.559782163622968,0.7094013594300286,1.0318949343339339,281459727.59999996,1764560.0,1093138.3333333333,141710059.20499998,81808875.77166668,1.7529015731967177,1.9861661845249527,3.961428571428571,4.353409569023442,59.00392542498639,38.523894868456374,24.782795046930268,72.05011443267347,99.765,59.305,78.32674246169054,-6.850380804192946,-6.850380804192946,22.329197426561187,12.673242212517799,1.340389493008543,0.508125520235172,20.885373713962863,10.063789235074825,1.1060021307586676,0.46453015107288
1753833600,90.996,95.304,90.381,91.304,2121100,2025-07-30,VJC,2025-07-30,0.3384764165457854,9.099164764783918,31.596091205211717,33.52051709514199,21.12175320368257,10.008795498632473,78.4353,72.21252,74.38550000000001,80.883313611026,74.99264409274578,16.406770930945648,26.43790855103798,22.744352057860738,12.883604693902484,5.41012791771067,0.33847641654578986,0.0,18.748730448913296,193664914.4,1840705.0,1118660.0,149318089.305,84364429.285,1.1523302213010775,1.2969956640981142,4.186714285714285,4.585466448035448,58.788570947079876,38.504156335068785,24.897660551444364,71.21473525623891,99.765,59.305,79.08798813643104,-6.535091311112929,-6.535091311112929,22.709706065928593,12.945807209268192,1.33539936052365,0.5078844497718291,21.61335630543022,10.424200670021214,1.1047818076492248,0.46445859577268617
1753920000,92.842,94.227,88.458,93.227,2767900,2025-07-31,VJC,2025-07-31,2.1061508805747753,6.315501374174648,36.17931900845761,34.966847149433946,23.54656170900753,12.430053063193448,79.67370000000001,72.73558,74.44396,82.05890279092829,75.70771687342241,17.01100865153744,28.172484497958237,25.23111344426061,13.609854420703238,6.318452641724355,0.421668273021998,1.6844826075527841,82.66597330559891,258043013.3,1944110.0,1152910.0,159824859.56,87844431.93,1.4237363112169579,1.6145361491972896,4.362499999999999,4.67943836013172,57.894270236889724,38.629998749628605,24.973730706991983,70.38425960649016,99.765,59.305,83.840830449827,-4.566579313733521,-4.566579313733521,27.45547750798003,16.639551512325745,1.3337800977993413,0.4997349102143626,27.13057474704794,15.417590987787879,1.0778317004932585,0.4475612345862617
1754006400,93.227,93.227,89.996,91.535,2498100,2025-08-01,VJC,2025-08-01,-1.8149248608235857,-2.378286140884134,32.517300286649096,32.961956916462086,22.933426449455396,12.053030395769326,80.79675,73.21556,74.482805,82.9613882394113,76.32839464309212,13.290447944997785,25.021238654734045,22.89413643860485,10.334460334543616,3.4657341757216344,-1.8149248608235888,0.0,47.632311977715794,228663583.5,2029325.0,1184736.6666666667,168516491.67499998,90980256.56333333,1.2310004558165892,1.3569211014729607,4.444928571428571,4.855987951525178,59.12986863981954,38.88972956274634,25.091703333648603,68.79673525243146,99.765,59.305,79.6589223924864,-6.298624191302926,-6.298624191302926,24.713238194462537,14.978054131012694,1.3520566558754343,0.5050510446004393,24.09826981182761,13.597194483480024,1.0874978597248461,0.44889702837819984
1754265600,89.996,97.919,89.381,97.919,3266700,2025-08-04,VJC,2025-08-04,6.974381384169992,0.23646711981000212,41.44421332408852,40.81770593649332,31.916527455946554,20.77731455213756,82.2313,73.82321999999999,74.559725,84.3859226928007,77.17508504924538,19.077528872825788,32.639838793268574,31.329615284927613,16.03712666206807,9.32757961435516,8.65570546785383,-1.681324083683844,100.0,319871997.3,2153200.0,1226815.0,181778354.66,95451527.985,1.5171372840423556,1.759681442261328,4.911928571428571,5.01631815217534,62.00829566461085,41.07994812078793,25.091703333648603,74.83315999306637,99.765,59.305,95.43746910528917,0.0,0.0,32.44816465284764,21.73116073131276,1.5088441028387496,0.5481314206161059,31.86220014683188,20.324134320505436,1.2393905264525389,0.4967508049462915
1754352000,99.227,101.457,92.304,97.919,3989200,2025-08-05,VJC,2025-08-05,0.0,7.608026726449513,33.999781043873334,40.661945326303986,32.46617965367964,20.207959930270803,83.47355,74.42166,74.64203,85.67478719824825,77.98857191005929,17.305421897115902,31.573254345576274,31.184802985663683,14.291500687850078,9.347521931392265,-1.3357979554529835,1.3357979554529775,61.34600677373538,390618474.8,2245755.0,1283343.3333333333,193497302.43,101268606.44000001,1.776329118715087,2.0187282711153607,5.455857142857142,5.571806434764594,60.691703585838695,41.08625900216888,25.091703333648603,76.75230010222674,101.457,59.305,91.60656671095086,0.0,0.0,24.6960917838448,21.045885701894477,1.484316961098453,0.5424504371948239,23.461419603447496,18.41328682675958,1.1608459171898262,0.47780981237598685
1754438400,97.919,99.611,96.381,99.227,2196300,2025-08-06,VJC,2025-08-06,1.3357979554529775,8.677604486112322,37.23393956157941,38.70918139118766,34.095976863926914,23.800077353994343,84.81965,75.05239999999999,74.73126,86.96547413174842,78.82145144299814,16.985863535159606,32.21029574004297,32.77843836702339,14.09930318976469,3.2986447982516203,1.3357979554529835,0.0,88.11145510835914,217932260.1,2302140.0,1303015.0,200530659.285,103689467.84166667,0.954025385076494,1.0867777569626813,5.494285714285715,5.53708739988684,59.924544322973595,40.86940134976401,25.24568557926327,79.65732571834928,101.457,59.305,94.70962231922569,0.0,0.0,27.28577982092042,18.55388220738643,1.435671189734787,0.5328176039522351,25.567802074295923,15.42804652170766,1.1210605476977786,0.4707524387028356
1754524800,99.381,99.458,96.765,98.227,2219800,2025-08-07,VJC,2025-08-07,-1.0077902183881382,5.363253134821466,33.02141028939778,40.330299869994434,32.05748702643112,21.851585371904946,86.03885,75.67084,74.81741,88.03800040491524,79.58245334719429,14.165868093309019,29.808259033466534,31.288960684418242,11.573410968243557,2.7139790581192593,-1.16298991201991,0.1551996936317801,54.2888971407354,218044294.6,2349515.0,1322598.3333333333,206735351.57,106104658.325,0.9447907334066818,1.0547025119028606,5.510857142857143,5.610328262959413,60.630927052562825,40.609476338281105,25.086966911660625,79.25224966282693,101.457,59.305,92.3372556462327,-1.0077902183881382,-1.0077902183881382,23.602052773003667,19.87568518830087,1.4262324478035002,0.5328920542932402,22.47493852419713,16.544186519203507,1.1085062946855662,0.46875475559112595
1754611200,98.304,98.304,93.458,93.458,2177500,2025-08-08,VJC,2025-08-08,-4.855080578659643,2.100835745889551,21.500260010400417,35.00028890044491,24.615651292718365,21.622008510859803,86.86574999999999,76.2016,74.8751,88.55419084254235,80.12659243161805,7.589009477268083,22.645718725066132,24.818531127170452,5.537636458309558,4.93347043073697,-4.93347043073697,0.07838985207733185,0.0,203504795.0,2357820.0,1348468.3333333333,209174746.92,108774933.76833335,0.923522575938791,0.972893707278305,5.692142857142858,6.090589202789336,63.75526832301088,41.98613808509362,28.631005116077606,70.88638841462159,101.457,59.305,81.02343898272917,-5.813941769881181,-5.813941769881181,12.775229827105505,13.211278688287152,1.4406820030199354,0.5134363953200972,13.026661977765741,10.106469016592953,1.1593428109158128,0.4671805847078956
1754870400,96.15,96.15,93.458,95.381,2038500,2025-08-11,VJC,2025-08-11,2.0576087654347486,-2.591938234663338,25.25245893028325,40.90855370069435,27.310464495461815,23.38270487031886,87.82725,76.73236,74.945865,89.2043631432526,80.72480449312323,8.600690560162128,24.30348812417604,27.26652764632178,6.924142092498742,2.8804382717370447,-0.8228295063023021,2.8804382717370514,71.4338781575036,194434168.5,2403080.0,1370620.0,214581358.93,111215181.81,0.8482863658305175,0.906109316622548,5.521785714285715,5.789188322921458,63.37138561790897,41.700913579261325,28.88267903279417,68.86645108779338,101.457,59.305,85.58550009489468,-3.875961179920795,-3.875961179920795,16.65355521569831,17.721612506979987,1.4232491745727252,0.5088715642716898,16.76747456248433,14.661045094062693,1.1438420796284787,0.4627051320553162
1754956800,96.15,99.611,94.381,97.688,3151000,2025-08-12,VJC,2025-08-12,2.418720709575295,-0.23590927194926392,30.255876901742738,43.82803297997644,30.389749065670046,27.89400644130815,88.9618,77.30464,75.03354999999999,90.01232855818093,81.39002784633409,9.808929225802544,26.367576383513324,30.192427254208297,8.527355713120777,5.48327234983907,1.6124804730501845,0.8062402365250909,63.23135755258126,307814888.0,2504920.0,1408158.3333333333,225794020.45999998,115328101.54333334,1.2579244047714098,1.3632552685536252,5.505285714285717,5.63558033155118,62.664426812753064,41.86143492937362,29.038901783169752,66.54532561162982,101.457,59.305,91.05855000948948,-1.5509891460993463,-1.5509891460993463,20.152840582295916,21.543882883029333,1.472897886940264,0.5190523358068949,20.12876251133968,19.1228778134424,1.2064466130960563,0.47692975779030944
1755043200,98.073,98.073,94.689,97.996,3060400,2025-08-13,VJC,2025-08-13,0.31528949307999543,-1.2405897588358084,32.70858442912665,44.281507656065955,31.476487556181667,28.297242805896673,90.16945,77.8523,75.12201,90.77267821930656,82.0412424405955,8.679824486009391,25.8742516277618,30.449118707020737,7.957594644549215,3.4640897551388097,-0.07882237327000059,0.39411186635001094,97.72458628841612,299906958.4,2580675.0,1447678.3333333333,235083888.98499998,119546376.45,1.185891288131981,1.275744414876241,5.329428571428573,5.438414395922867,61.850028928398984,41.845789526795876,29.135087657688224,63.34654132028072,101.457,59.305,91.7892389447713,-1.2405897588358084,-1.2405897588358084,23.482371764687528,22.472052231100914,1.478602697896672,0.5209836000098619,24.080718074646402,20.725116042944535,1.2139102300414377,0.4799870286669248
1755129600,99.15,104.842,98.458,104.842,4476000,2025-08-14,VJC,2025-08-14,6.9859994285481175,6.734400928461626,44.53788463659425,56.30795837433282,41.09683063050937,35.08478070401484,91.78475,78.54458000000001,75.245465,92.11261362699165,82.93538979586626,14.22594712084524,33.48088435892074,39.33331397447009,13.819373777141708,6.514551614351608,5.80840034287113,1.1775990856769836,100.0,469272792.0,2718835.0,1508318.3333333333,252335545.545,126431236.60999998,1.6462933572651521,1.8597173497156498,5.285500000000002,5.04139562389119,63.50388192111107,43.61891678342346,29.08569357990541,64.0631744661402,104.842,59.305,100.0,0.0,0.0,34.425200829103034,31.430499931904496,1.585681892436852,0.5412428556879858,34.8064354410232,29.049806894438387,1.3165131137017791,0.5088995854628569
1755216000,110.073,112.149,102.996,111.996,3441800,2025-08-15,VJC,2025-08-15,6.823601228515286,19.835648098611138,56.05718585402557,65.83155650319827,50.72471569880894,44.01666538075764,93.79625,79.39994,75.40469,94.00626947204006,84.07502156857738,19.403494276157083,41.05300331461208,48.5265704295051,19.136734846509952,8.73027984967857,1.8341885885427611,4.989412639972524,98.32841691248765,385467832.8,2760310.0,1556158.3333333333,262235221.09499997,132212532.65,1.2468889363875797,1.4699315797108603,5.510714285714288,4.920456342828572,64.72656504728808,45.339893751652745,29.193043551318592,66.78791007650065,112.149,59.305,99.71046854893648,0.0,0.0,47.19311233404267,41.826261553180785,1.440891582940542,0.47741287151861506,47.581052732382666,39.306084671213036,1.2117694850748892,0.4533610614074809
1755475200,111.996,111.996,107.688,109.534,2043900,2025-08-18,VJC,2025-08-18,-2.198292796171286,14.838385003302545,49.73684570272452,62.186093342809755,48.17911255411256,38.52087917646762,95.6154,80.22452,75.553915,95.48510095089338,85.07341287961357,14.556860087391787,36.53431644090861,44.974618456237515,14.713184475064622,3.846565948783879,-2.198292796171282,0.0,42.850510677808884,223876542.60000002,2784460.0,1580643.3333333333,267719978.43,135296813.48,0.734038197711585,0.8362339781770766,5.285428571428573,4.82537711708563,66.69268689046089,45.74537824417826,29.508717144642986,74.14808253438933,112.149,59.305,95.05147225796685,-2.198292796171286,-2.198292796171286,39.54728979551601,39.38251213141173,1.4846211533578737,0.4827453672798996,40.013002601118934,36.72554623461719,1.2362964123216706,0.45722852924157653
1755561600,116.841,117.149,110.996,112.303,2386000,2025-08-19,VJC,2025-08-19,2.527982179049415,14.960895913520588,43.55857237817662,65.15875700398546,50.36082957329728,42.43877072156057,97.31915,81.1014,75.71583,97.08680562223687,86.14123982551108,15.396610019713485,38.47233216689232,48.32169177832431,15.672772711226157,5.617433856154259,-4.14300582467544,6.670988003724854,21.24167072972535,267954958.0,2757960.0,1608130.0,269712083.93,138927726.28666666,0.8651321991616993,0.9934851790680018,5.477714285714287,4.8776206207441355,64.25942252546841,45.8728045434234,29.508717144642986,75.70571673399436,117.149,59.305,91.62229444713367,0.0,0.0,33.9755205875649,41.69348954068841,1.4944047343726778,0.48693732484398483,34.229957298284354,38.32699407008235,1.2430661479746645,0.4614973682727764
1755648000,112.303,112.303,104.996,110.611,2404800,2025-08-20,VJC,2025-08-20,-1.506638291051876,12.872974407118676,32.169102271505224,63.408184369921706,48.40142215066749,39.88289450388245,98.66525,81.96598,75.86928499999999,98.37482413440479,87.10083826372633,12.10735289273579,34.94745014944005,45.79154133322862,12.438320447594919,6.506504723827504,-1.5066382910518803,0.0,76.84412207472296,265997332.8,2792345.0,1637670.0,275826831.475,142647562.56666666,0.8612116339492434,0.9643635152445605,5.5875714285714295,5.051551318197493,62.39693742355591,46.05423215271778,29.426887909657996,71.40148717191117,117.149,59.305,88.69718553350391,-1.506638291051876,-1.506638291051876,22.114946708161742,39.37530488085048,1.477017623355922,0.47947643292731723,21.55513139413605,35.73936947804284,1.2150188227313972,0.45042338316663855
1755734400,110.534,112.303,107.765,112.149,2763800,2025-08-21,VJC,2025-08-21,1.3904584534991882,6.9695351099750225,27.894034599550686,66.62803655003341,51.874923824871686,38.856697125027836,99.88825,82.84132,76.0262,99.68665040731862,88.08311911612923,12.274466716555743,35.378093927040275,47.5136203045792,12.50152306428227,4.102666100116622,1.460071783095709,-0.06961332959650735,96.60643455266646,309957406.2,2785945.0,1675005.0,278645749.275,147226058.86166665,0.9920511711465948,1.1123708400593544,5.680928571428572,5.065518704070988,61.16544496258628,45.96911994684768,29.426887909657996,75.4745427582798,117.149,59.305,91.35606112993568,-0.1371290170342654,-0.1371290170342654,16.915875206511807,40.83249901258538,1.4505021141488916,0.47599985856534643,15.031276281918558,35.65924005387883,1.1498381501569104,0.4400029477513782
1755820800,108.073,111.534,106.15,107.688,2398900,2025-08-22,VJC,2025-08-22,-3.977743894283492,-3.8465659487838755,14.848824188129894,60.9205020920502,44.47977460253574,33.33333333333333,100.5844,83.64128,76.161965,100.44868370185971,88.85193797432024,7.062327756590481,28.74982305387963,41.39341073986209,7.206979754585152,4.800756136924984,-0.3432932973098208,-3.6344505969736707,28.566121842496223,258332743.20000002,2741850.0,1706130.0,276181175.835,150938916.44833332,0.8749202181009172,0.9353741884071664,5.4995714285714286,5.10694917592622,60.11437748758499,46.95274117258616,31.130553164398783,62.67483197965593,117.149,59.305,83.64393887006432,-4.109418270215393,-4.109418270215393,7.381136924474951,37.44233910240588,1.4833484211362977,0.5079081420644233,6.1812749318414415,33.50282396213338,1.1727489905575998,0.4760040265313726
1756080000,108.073,111.149,107.688,109.611,2427600,2025-08-25,VJC,2025-08-25,1.7857142857142794,0.07029780707359379,12.205183850626478,59.218802202112045,47.209873890328915,35.198707353775575,101.18055,84.48278,76.310035,101.32128525406354,89.66601883807239,8.33208556387568,29.743599819986976,43.639037775307024,8.181612308953623,3.2139142708565474,1.4281999851422729,0.35751430057200384,55.561976307425674,266091663.60000002,2746120.0,1727633.3333333333,278045517.33500004,154068743.705,0.88401089537238,0.9570075653455058,5.093000000000001,4.6464314712939405,58.89437662018977,46.804032432703316,31.130553164398783,64.44883835887298,117.149,59.305,86.96839775949105,-2.397086453612096,-2.397086453612096,8.57032620143745,38.43529550451419,1.338043979967497,0.4784302562590049,7.045449710513374,33.915226757992414,1.1049324341895295,0.460930661656561
1756166400,109.996,111.149,108.611,110.765,2017200,2025-08-26,VJC,2025-08-26,1.052814042386263,-1.3695092740176107,21.725130774979128,60.357008425746315,49.37762134023818,37.27397786563225,102.16900000000001,85.3489,76.4658,102.22068665843844,90.49342986403033,8.413510947547675,29.779059835569054,44.85560865118785,8.358692962131675,2.3154610394942083,0.7015719225260288,0.3512421198602178,84.86997635933803,223435158.0,2692325.0,1748565.0,275144288.855,156916229.06833333,0.749240897737086,0.8120654036826092,5.043571428571428,4.553398120860766,51.81437495628054,46.79538792774672,22.746071751475704,64.31300550786484,117.149,59.305,88.96341885070188,-1.3695092740176107,-1.3695092740176107,10.05921183778171,36.57671523591517,1.194391146492735,0.454439868045214,7.6770579440852185,31.760542820371683,0.9999559050451741,0.4409151308581982
1756252800,111.149,111.611,109.073,110.842,2022600,2025-08-27,VJC,2025-08-27,0.06951654403466456,0.20883998878953314,21.398843424165428,56.971095973829186,49.326399741337504,37.89577138876101,103.14590000000001,86.21656000000002,76.616565,103.04176411953954,91.29141300661738,7.461372676955635,28.562308679446247,44.671064279637186,7.569975094187398,2.291337516363482,-0.27716336387848345,0.34667990791314995,69.70055161544515,224189029.2,2687400.0,1759335.0,276670494.595,159032850.66833332,0.7526233534271043,0.8103105809247052,5.032500000000001,4.540246476967215,51.87127358373702,46.72942812132885,22.746071751475704,66.01579361653506,117.149,59.305,89.09653550930088,-1.300944765500478,-1.300944765500478,10.444564191197127,32.66922488431709,1.2077344874029934,0.4594666103763182,8.04511085447486,28.177411117912563,1.0136776155428502,0.447229691428313
1756339200,111.149,113.995,110.765,111.534,1972700,2025-08-28,VJC,2025-08-28,0.624312083867129,-0.5483776047936151,19.637015027835282,58.81699606994364,49.485337479225876,38.75667135268286,104.06125,87.08576,76.773095,103.8505484891072,92.08523994753435,7.181107280567933,28.07375166732198,45.27745690075411,7.398566134389473,2.914057848108121,0.34734126053301556,0.2769708233341106,23.808049535603853,220023121.8,2647640.0,1780571.6666666667,274769500.02000004,161882331.73166665,0.7450786360683477,0.8007552577123184,4.91707142857143,4.408585210403491,51.72781460294722,46.64742486141586,22.746071751475704,75.59904832039884,117.149,59.305,90.29285664891779,-0.6847546370087998,-0.6847546370087998,7.767622274327836,33.575022729854666,1.2022704647130995,0.4569300537366997,4.408843188530655,28.87940967527185,1.0080747767680638,0.4447563497645394
1756425600,111.996,112.457,109.919,111.149,2058500,2025-08-29,VJC,2025-08-29,-0.3451862212419554,3.213914270856555,21.427869121101217,60.554977754665764,47.90089286902371,38.27770244211941,105.04195,87.94418000000002,76.92654999999999,104.54563910919222,92.83283838096438,5.813915297650141,26.385850661180733,44.48717640398539,6.316247092727534,2.2755392974339634,-0.7594096867322917,0.4142234654903376,48.463356973995495,228800216.5,2625660.0,1798241.6666666667,274776331.67,164543830.13333333,0.7839933578604998,0.8326780371126861,4.906071428571429,4.413959125652438,50.94296477799741,46.47828680259512,22.44518116265215,73.34754797441367,117.149,59.305,89.62727335592284,-1.0275771795944855,-1.0275771795944855,8.921264697642295,34.062561088625735,1.1933122408289296,0.45022506911018617,5.860776419860269,29.094834129360073,0.99819936471439,0.43778486745250755
1756857600,110.765,110.765,107.688,109.226,2128500,2025-09-03,VJC,2025-09-03,-1.7301100324789265,-0.35124211986024,11.547299298399704,59.90923065661371,45.342044683370816,36.537620160756035,105.60730000000001,88.7826,77.070775,104.99138776545963,93.47570746406382,3.426562368321129,23.026358768497435,41.72168373809657,4.03329484890711,2.7683559906072013,-1.3846278419059115,-0.3454821905730099,49.98375040623977,232487541.0,2568750.0,1819715.0,270407108.855,167462238.64166668,0.8286131386861314,0.8597685984826177,4.779714285714285,4.375985832781834,46.64583997231939,46.564347137808944,22.574915664307575,67.2807332854062,117.149,59.305,86.30281446649609,-2.739908996197782,-2.739908996197782,1.5282571635866198,31.62153904151492,1.2084714036336732,0.4446953770749243,-0.9356128367063352,26.754192563012275,1.0106344632466322,0.43414470638144764
1756944000,109.38,109.38,107.303,107.688,2005200,2025-09-04,VJC,2025-09-04,-1.4080896489846673,-2.7779533246061416,9.976613323256988,57.30291123154003,43.73731980779498,34.874691582230135,106.09575,89.58102000000001,77.20730999999999,105.248207978273,94.03305226939464,1.5007669958504444,20.21296475525729,39.479020833649045,2.318131651448785,1.9015618991815118,-1.549081720469479,0.1409920714848134,18.536350505537094,215935977.6,2469550.0,1843565.0,261672983.99499997,170406018.9716667,0.8119697920673807,0.825213112577667,4.686357142857142,4.351791418595519,47.146498048008866,46.77436786965989,22.48190393889659,64.00011556017799,117.149,59.305,83.64393887006432,-4.109418270215393,-4.109418270215393,0.3369533032201666,28.428018545611273,1.1897094668933152,0.436513182150522,-1.4500650958434669,23.222388459939403,0.9857145204066461,0.42294859669416873
1757030400,107.765,111.534,107.688,109.226,2084300,2025-09-05,VJC,2025-09-05,1.4281999851422533,-1.4579311091463487,10.076894393663016,62.09967053515775,45.94016808519166,35.62550443906376,106.59570000000001,90.42559999999999,77.354995,105.62704531367557,94.6288541411831,2.4675479404891565,20.79101493382407,41.20096575534651,3.407228400299167,3.5714285714285747,1.356697125027857,0.07150286011439189,39.989599583983235,227659751.8,2463950.0,1866895.0,262159358.58,173431631.85166666,0.8459181395726374,0.8684021544496106,4.472071428571428,4.094328665859253,47.16889322605286,46.527770308507854,22.48190393889659,57.479696990377406,117.149,59.305,86.30281446649609,-2.739908996197782,-2.739908996197782,4.150770774953094,35.35316810206773,1.08525522986604,0.41274133853971906,2.9876301289631035,30.762802585116834,0.900207322296266,0.40059084292002134
1757289600,108.457,109.688,107.073,109.149,2161700,2025-09-08,VJC,2025-09-08,-0.0704960357424067,-2.138361396524835,11.119142394657278,59.61656576292005,43.914402120169285,34.75684284603133,107.14179999999999,91.26863999999999,77.50344999999999,105.96246956951599,95.1982716258426,1.8734051509308403,19.59091315483612,40.83115009718925,3.0072255237440615,2.394118616446642,0.633548788749938,-0.7040448244923447,79.38814531548759,235947393.3,2461045.0,1891906.6666666667,263054513.51500002,176610746.70666665,0.8783667100764107,0.8969524610971775,4.005071428571428,3.669361541169803,46.88202960818963,46.546339537315404,22.641073203565323,43.5962031580368,117.149,59.305,86.16969780789711,-2.8084735047149145,-2.8084735047149145,8.418438770328173,36.82425440758101,1.003320490050112,0.40290850121197314,6.947600186397196,31.640982259634296,0.8678961506792428,0.3980360346590135
1757376000,109.226,112.765,109.149,111.534,2383000,2025-09-09,VJC,2025-09-09,2.18508644146993,0.34638188377764667,19.341308395214973,64.77175358250851,46.316314215249,39.02128932542257,108.0456,92.15784,77.66383,106.49309151527638,95.83888842482916,3.2286367977965025,21.024971939446523,43.61125378441935,4.733554461606104,3.312902546060889,2.114540673757897,0.07054576771201582,65.95685840707979,265785522.0,2471320.0,1917213.3333333333,266168549.865,180065092.50666666,0.9642620138225726,0.9985609574640044,3.9556428571428577,3.5465802868567944,42.537101363029436,46.46880774730664,16.969672068978642,54.51426507764536,117.149,59.305,90.29285664891779,-0.6847546370087998,-0.6847546370087998,16.037103215240855,40.307105428588685,0.9974298492960387,0.39954241831519893,13.784017812940007,34.514117270775714,0.8630790504010142,0.39433077336883754
1757462400,111.919,111.996,109.073,111.457,1971900,2025-09-10,VJC,2025-09-10,-0.0690372442484044,2.0425539706663276,16.854509808033047,65.0334636342099,47.25653661694567,39.59520559097227,108.84939999999999,93.03164000000001,77.82997499999999,106.96584470429767,96.45136338856136,2.3956034668082715,19.805476932364073,43.20575074063689,4.1986816521834,2.620725518675921,-0.4142234654903467,0.3451862212419554,81.5600410537119,219782058.29999998,2467990.0,1937616.6666666667,267435944.35500002,182886515.69166666,0.7989902714354596,0.8218119625993756,3.6205000000000007,3.248337924042457,42.453459784051184,46.45384827578333,16.9411022684364,47.82631038026721,117.149,59.305,90.15973999031878,-0.7533191455259436,-0.7533191455259436,13.948807366992488,42.22891094422176,1.0395865277033975,0.4117969378173196,11.875463938580143,36.28843600017601,0.8816784837042911,0.40143833046712196
1757548800,111.534,112.303,108.073,111.842,2166300,2025-09-11,VJC,2025-09-11,0.34542469293090683,3.857440011886193,14.488985341085892,65.79255547814226,48.67070771521242,40.07740190123117,109.55709999999999,93.87621999999999,77.998045,107.4302404467455,97.05491776548052,2.0855791181037198,19.137732644113715,43.390773448231926,4.106627272645325,3.7951855872668423,0.27633975434471836,0.06908493858619469,89.10165484633575,242283324.6,2418755.0,1962546.6666666667,264159366.185,186170716.77666667,0.8956260555533735,0.9171861974802005,3.4007142857142867,3.0406415172424373,42.050733159718625,46.42139311746074,16.9411022684364,53.390624139260716,117.149,59.305,90.82532328331374,-0.4104966029402579,-0.4104966029402579,11.40918282650456,42.785780923163,1.03862905485981,0.4120908791603212,8.801476439220068,36.19265607965549,0.87220633255414,0.3991146125844559
1757635200,111.996,114.226,111.149,112.303,2318100,2025-09-12,VJC,2025-09-12,0.41218862323635364,2.817094830901068,14.599575492877271,66.47593352999598,51.76696352554833,41.74660473569951,110.27244999999998,94.73464,78.16727,107.89431278515069,97.65288177467737,1.8413937479397902,18.5448110638305,43.67010642689708,4.0861164050678855,2.7512025893671415,0.2744943759947088,0.1376942472416376,37.50406239843994,260329584.29999998,2381640.0,1990141.6666666667,262180497.48000002,189764795.82166666,0.9733209049226583,0.992940309451731,3.296357142857144,2.935235160999389,42.040031035980846,46.395410772706406,16.9411022684364,50.45092527524008,117.149,59.305,91.62229444713367,0.0,0.0,11.145864894713942,42.684512192484945,1.0343046298538972,0.4102661299913802,8.227940501915244,36.29707673406578,0.8696885464053411,0.3979994766129124
1757894400,112.688,112.688,110.38,111.996,2238300,2025-09-15,VJC,2025-09-15,-0.2733675859059925,2.6083610477420693,6.823601228515286,64.52096248200488,50.72471569880894,39.73125725193698,110.63015,95.60537999999998,78.33611,108.28494966275538,98.21535699919983,1.2346091910749424,17.144035199692766,42.96854924248854,3.4271155398809983,2.055154359188986,-0.6161901284916764,0.3428225425856857,70.0173310225301,250680646.79999998,2269755.0,2007431.6666666667,251250890.22000003,192580305.49166667,0.9861416760839826,0.9977303824893885,3.0327142857142877,2.7078773221492622,34.98630123941437,46.45705311938906,16.847654228583202,66.66924624671097,117.149,59.305,91.09155660051171,-0.2733675859059925,-0.2733675859059925,4.129003224017169,39.90186837236314,1.0181317002591284,0.404521308019926,2.198173361106792,34.1277157648507,0.8677940129748053,0.396650466924107
1757980800,112.072,113.149,109.226,109.226,2235800,2025-09-16,VJC,2025-09-16,-2.4733026179506346,-2.0693241522764416,-2.4733026179506346,60.08969924371228,46.99683735953164,35.23759998018967,110.49165,96.40842,78.4911,108.37457350439773,98.64714692079984,-1.145471173613577,13.29508356220337,39.157178329772414,0.7856330761640384,3.5028036715597004,-2.5411621843637304,0.06785956641308655,0.0,244207490.8,2209455.0,2033068.3333333333,244187873.12000003,195857166.125,1.0119237549531446,1.0000803384695125,3.065714285714288,2.8067623878145205,26.784997251856552,46.944848172813956,17.97045075683751,48.60193187595321,117.149,59.305,86.30281446649609,-2.739908996197782,-2.739908996197782,-5.5960020044537035,35.518609459742216,1.0385273043433514,0.4084538234675613,-7.640273037129097,29.41780214297998,0.8822444794227227,0.39855518067920304
1758067200,109.226,109.611,107.996,109.226,2022300,2025-09-17,VJC,2025-09-17,0.0,-2.001668805010004,-0.28119122829441956,62.28511997622761,46.844666720443115,34.85190809536156,110.47625000000001,97.20837999999999,78.64186,108.45566174207414,99.0620039042979,-1.1316912005974178,12.362740743133482,38.89040772942045,0.7102794317532801,1.478585684727088,0.0,0.0,76.16099071207412,220887739.8,2208375.0,2055560.0,244038432.97999996,198783915.05499998,0.9157412124299541,0.9051350523058913,2.9997857142857174,2.7464026095304392,25.625003184338063,46.75771159710436,17.222354992143075,43.900118906064215,117.149,59.305,86.30281446649609,-2.739908996197782,-2.739908996197782,-2.395627449931337,39.25503559860462,1.0457712619058472,0.4150781771994136,-4.89837579812038,33.24940963597132,0.8948895774431465,0.406674265248866
1758153600,109.303,109.303,107.073,107.534,2103300,2025-09-18,VJC,2025-09-18,-1.5490817204694807,-3.851862448811705,-4.246547287249669,58.68195434355956,44.56992283079239,33.397012851684636,110.2378,97.89758,78.782625,108.36788443330518,99.39423904530582,-2.452697713488461,9.843368957639198,36.494563363432,-0.7694940596707722,2.0416384377346093,-1.619577756211883,0.0704960357424067,20.67264573991085,226176262.20000002,2194240.0,2079938.3333333333,241949498.19,201829993.75500003,0.9585551261484614,0.9348077342255389,2.9777857142857167,2.7691573960660967,24.341511192129257,47.01531156329238,17.392248888926474,38.37666900913567,117.149,59.305,83.37770555286635,-4.246547287249669,-4.246547287249669,-4.9103122491648055,36.84872709976579,1.0615207070397745,0.4200453711591484,-7.078976614602928,31.40959995471624,0.9111056253290818,0.412384431776952
1758240000,107.534,107.534,103.842,105.534,2084700,2025-09-19,VJC,2025-09-19,-1.859876876150801,-6.027443612370098,-4.589959407292222,57.520485991910085,42.175459395376436,31.92244709176595,109.98395000000001,98.56216,78.916465,108.0979906777523,99.6350139847056,-4.0459994390090515,7.073546277800724,33.72874722657686,-2.3719133553515737,3.433332713374381,-1.8598768761507987,0.0,45.8288190682558,220006729.8,2178235.0,2103601.6666666665,239649968.03999996,204754334.16333333,0.9570592704643898,0.918033628793469,3.010785714285717,2.852905901686392,24.62262157718004,47.16672942795066,17.66070460455831,30.69249581670745,117.149,59.305,79.92013000484062,-6.027443612370098,-6.027443612370098,-4.24508209709491,36.16544666503978,1.0719229418101885,0.42388570578699375,-6.289203579983982,30.621293984485277,0.91815897922963,0.4146798182608573
1758499200,104.996,105.15,100.765,104.227,2352000,2025-09-22,VJC,2025-09-22,-1.2384634335853906,-6.936854887674548,-7.0638168864635364,55.569652372494296,41.14675730942676,29.048114305524606,109.58785,99.16984000000001,79.04454,107.72932489891876,99.81509186765832,-4.891828793064191,5.0994939590504496,31.858569864534616,-3.2510413503518687,4.155059033107818,-0.728675118919013,-0.5097883146663706,78.9509692132269,245141904.0,2157645.0,2134036.6666666665,236409192.92999998,208252803.85833332,1.0900773760280305,1.036938965705051,3.1701428571428605,3.041575462349353,24.100425256364005,47.3248001722813,17.567875943382518,28.973268529769157,117.149,59.305,77.6606043842058,-7.1912593608363,-7.1912593608363,-3.8914235215346316,35.88847024211142,1.0728822060654875,0.4305521800855458,-4.113808619400039,31.243518330391765,0.9099546412447737,0.4213366216333087
1758585600,104.304,104.611,102.073,102.304,1763500,2025-09-23,VJC,2025-09-23,-1.8450113694148396,-6.337318953362747,-4.999628556570834,52.52407788412798,40.00054739031667,26.546516086736016,109.31865,99.67752,79.16223,107.21262728949793,99.91269610814231,-6.416700169641687,2.634977274715511,29.233347772037256,-4.578404068247988,2.43506960768324,-1.9188885797346178,0.07387721031977268,9.101654846336004,180413104.0,2125875.0,2151628.3333333335,232513210.96999997,210468215.725,0.8295407773269831,0.7759262505874465,3.10421428571429,3.0343039233209748,20.812657715801887,47.61243100392146,13.539654643505239,28.973268529769157,117.149,59.305,74.33614549477906,-8.903591177439596,-8.903591177439596,-4.379137146821643,33.28736319008377,1.0810118609745922,0.4313230740026684,-5.409216102463388,29.110408843752353,0.9201338920847585,0.4231834942271121
1758672000,102.304,103.073,100.304,102.842,1531900,2025-09-24,VJC,2025-09-24,0.5258836409133494,-5.844762236097633,-6.175475089179006,51.75823040713033,40.440814988802096,27.21200351298194,108.9802,100.21134,79.282995,106.79637707145051,100.0275707705681,-5.632399279869182,2.6251120881129797,29.71507950727643,-3.702725860077527,2.7066390365968007,0.525883640913353,0.0,91.65763813651154,157543659.8,2081090.0,2167120.0,227085810.77999997,212413562.70833334,0.7361046374736316,0.69376267613932,3.1536428571428607,3.0664931225986085,19.626592890455225,47.61087684743103,13.539654643505239,34.32729624838292,117.149,59.305,75.26623331719797,-8.424530065982205,-8.424530065982205,-8.866255310116657,31.309416029954743,1.0643583964872423,0.4274431839396964,-10.121367681937777,26.31628557917072,0.9032319900738672,0.4188281396446156
1758758400,103.073,105.611,102.996,104.534,1690500,2025-09-25,VJC,2025-09-25,1.6452422162151814,-2.789815314226196,-5.625423193246959,50.164480772269556,43.05224840572572,29.18190805734058,108.66865,100.80208,79.415295,106.58091258845522,100.20429348544779,-3.8048231941778865,3.7022251921785765,31.629555742379356,-1.9205245467910692,2.5427354582758106,1.4206258143560146,0.22461640185915677,58.81453154875739,176714727.0,2064755.0,2173880.0,224749789.22999996,213868045.76333335,0.818741206583832,0.7862731600569254,3.0767142857142895,2.9432665790214565,20.27452918726671,47.47009945111625,13.539654643505239,34.97502241578074,117.149,59.305,78.19134223082776,-6.917891774930318,-6.917891774930318,-5.533076569595419,29.244054597967747,1.0709296514184956,0.4313648197181146,-6.145690357466427,24.251978062536203,0.9126140251390507,0.4240172189423829
1758844800,104.688,104.688,101.919,101.919,1761300,2025-09-26,VJC,2025-09-26,-2.5015784338110136,-3.4254363522656317,-8.050197578535212,46.89544838718975,49.88749503654573,26.190476190476186,108.2225,101.3636,79.534905,106.13692091336425,100.27153687817533,-5.824574372242375,0.5479284476873181,28.143737645754396,-3.9740373821539388,2.6488989228385074,-2.6488989228385074,0.1473204890274804,0.0,179509934.7,2051690.0,2193265.0,222515834.50499997,216168139.46833333,0.8584630231662678,0.8067288114543884,3.087714285714289,3.0295767086748198,21.68922203513171,47.88253812247973,14.815432297328593,30.084839136183362,117.149,59.305,73.67056220178411,-9.246413720025293,-9.246413720025293,-7.328046428951884,26.95380501261677,1.092168376464402,0.4371004020464232,-8.271993039842728,21.949401825372593,0.9290894880752653,0.42889796927921753
1759104000,101.765,101.919,98.765,99.765,1784400,2025-09-29,VJC,2025-09-29,-2.1134430282871652,-4.281040421387939,-10.551939318952074,45.72956075899444,50.289235033593435,23.405860742426675,107.63404999999997,101.90817999999999,79.63759,105.53007130256765,100.25167268687433,-7.310929951999368,-2.1030500201259517,25.273755772870565,-5.46296541962763,3.0946143506117565,-1.9623426446491823,-0.15110038363798095,31.705770450221976,178020666.0,2042275.0,2211341.6666666665,220415711.715,218336690.43166667,0.8737315004100819,0.807658694631455,3.0547142857142893,3.061909773682443,22.130492979305462,48.050064852357536,15.254871856595281,17.16422074661014,117.149,59.305,69.9467533365604,-11.164439062179987,-11.164439062179987,-9.696424879914922,25.14141059545858,1.082486240019229,0.43107661316567886,-10.607279959399108,20.005148120593155,0.9190642191909288,0.42237496496910476
1759190400,99.842,101.15,99.073,99.688,1689700,2025-09-30,VJC,2025-09-30,-0.07718137623414778,-2.557084766969031,-10.311383818118024,44.320583721805605,56.900025182573664,23.90066867185365,107.06099999999999,102.46661999999998,79.74065999999999,104.97368355946597,100.22956787562435,-6.886728126955655,-2.711731879123147,25.015268245835955,-5.035246340071231,2.0818924472510525,-0.15436275246829687,0.07718137623415888,29.610014443909744,168442813.6,2023835.0,2226273.3333333335,217397841.57000002,220230221.63833332,0.8349000783166612,0.7748136429669336,2.9942857142857187,3.003657124514203,22.18325257202352,48.07219385247314,15.406963126544795,17.164220746610155,117.149,59.305,69.81363667796143,-11.23300357069713,-11.23300357069713,-9.09215435211794,24.512657090371626,1.0830298552326563,0.4319963141083668,-10.190764962978593,19.174993738127785,0.9202162708024924,0.4228951877102238
1759276800,99.534,99.842,98.458,98.458,1675800,2025-10-01,VJC,2025-10-01,-1.2338496107856534,-4.262849808444025,-9.858458608756159,42.22280002311205,61.820393136545924,21.789146864911004,106.52260000000001,102.97276,79.837965,104.35314226808826,100.16009462559987,-7.570787795265987,-4.384421666467908,23.3222815736849,-5.649223530752301,1.3883315945750745,-1.0793676269962358,-0.1544819837894229,0.0,164995916.4,2001200.0,2241050.0,214023260.34,222069574.61833334,0.8373975614631222,0.770925160834787,2.791000000000004,2.8347112474354588,21.896247607530515,48.22094614180404,15.133718174341368,14.33976340189706,117.149,59.305,67.68722771592559,-12.3282548106462,-12.3282548106462,-8.891944601737777,23.465400197141694,1.09682630187728,0.43460528234976126,-10.45213786063428,18.229985207315245,0.9308310042084983,0.42473295849227727
1759363200,98.611,101.15,97.996,98.996,1759900,2025-10-02,VJC,2025-10-02,0.546425887180324,-5.29779784567701,-8.071465715771497,35.47362947149464,52.128346190490824,22.45463429115693,106.088,103.38812,79.938345,103.84293824255604,100.1144438559685,-6.685016212955286,-4.248186348683003,23.84044228086033,-4.6675665428828506,3.2033963720571315,0.3910296776290305,0.15539620955129507,31.70577045022183,174223060.4,1988935.0,2234746.6666666665,211937614.48,222369300.30166665,0.8848454072154193,0.8220487940635993,2.796500000000005,2.8248616105701294,21.930368237913537,47.11715376829057,15.252206415162975,14.689805232712416,117.149,59.305,68.6173155383445,-11.84919369918881,-11.84919369918881,-5.502329542121952,18.71229393393088,1.050917597561902,0.4276277772656937,-6.8084520025961215,13.860049135778898,0.8880633912575159,0.41441761197811683
1759449600,98.996,99.996,98.15,99.458,1613800,2025-10-03,VJC,2025-10-03,0.46668552264739205,-2.4146626242408153,-8.942925677036605,37.55341954221698,51.40508448774548,23.143401926553242,105.59960000000001,103.7035,80.03988,103.42532507659833,100.08870095965601,-5.815931120951223,-4.093883041555979,24.260556112777778,-3.835931938004611,1.864721806941684,0.46668552264738306,0.0,70.85590465872157,160505320.4,1965410.0,2243833.3333333335,208579892.91000003,223756636.925,0.821100940770628,0.7695148279189898,2.7635000000000036,2.7785597940839386,21.111254761155223,46.99921134607769,15.252206415162975,17.00178966206971,117.149,59.305,69.41601548993846,-11.43780664808598,-11.43780664808598,-7.6741565930098945,22.567252926785073,1.0717255948033486,0.4364168489873863,-9.703161496444011,17.06186589314715,0.8985285446006169,0.4199328742219675
1759708800,99.611,103.304,99.611,103.304,1702900,2025-10-06,VJC,2025-10-06,3.866958917331953,3.5473362401643893,-5.355065094503841,39.89680809284564,57.07573707178373,27.54052619232812,105.30735,104.0158,80.160645,103.41377030739848,100.21479111810088,-1.9023838317078545,-0.6843191130578186,28.871218538723078,-0.10614670277679927,3.713125138249309,3.713125138249309,0.15383377908262386,100.0,175916381.6,1942470.0,2251010.0,205578342.325,225122735.8033333,0.8766673359176719,0.8557145641435944,2.7580000000000036,2.6697901339735184,26.107390541693558,47.37830759174606,15.296783308180958,35.24957656670321,117.149,59.305,76.06493326879192,-8.013143014879386,-8.013143014879386,-9.72371325735709,22.61311367376482,1.075242156811,0.451903376376571,-11.538595599920997,17.618015734274508,0.9117905858909074,0.43446943475748606
1759795200,103.688,103.688,101.304,102.611,1598400,2025-10-07,VJC,2025-10-07,-0.6708355920390319,2.9321483027044293,-8.000251044524543,33.399635985439424,60.14452039828948,27.04727236708515,104.86120000000001,104.19272,80.27987,103.33731599240815,100.30876009386164,-2.145884273687504,-1.5180715120979515,27.81659960336258,-0.7028593547576789,2.3077518779524513,-1.0425540153333832,0.3717184232943538,54.823825503355785,164013422.4,1903240.0,2244126.6666666665,200489737.345,225277678.04333335,0.8398310249889662,0.8180639297151053,2.8129285714285746,2.7413518739984744,24.474064430905916,46.85903337090057,15.03686695548748,34.073289353300936,117.149,59.305,74.866883341401,-8.630223591533614,-8.630223591533614,-10.930649500538026,17.79075660886167,1.0596338789326498,0.45127935977606176,-12.628860982228986,13.598003624287358,0.8892532255622098,0.42683795113673517
1759881600,103.842,103.842,101.765,102.611,1815000,2025-10-08,VJC,2025-10-08,0.0,4.21804221089197,-7.9366930744592,34.74675316148181,56.20490181153905,26.44452933420416,104.41890000000001,104.29118,80.40063500000001,103.26814304075023,100.39904401174942,-1.7313915392711543,-1.6110470703275093,27.62461391007669,-0.6363463323736829,2.024149457660483,-1.1996764479441722,1.1996764479441646,40.73182474723179,186238965.0,1895395.0,2255488.3333333335,198812582.68,226943295.3216667,0.9575840392108241,0.936756429042331,2.8020000000000027,2.7307013867908925,24.487849779540504,46.764912721956286,15.08301495050782,37.09567496723461,117.149,59.305,74.866883341401,-8.630223591533614,-8.630223591533614,-11.257530921178526,19.281103891205298,1.068586797902904,0.45566752745816796,-13.09465285855985,14.986031713603687,0.8931589480240661,0.42952530745041895
1759968000,102.688,102.688,100.842,102.381,1712300,2025-10-09,VJC,2025-10-09,-0.22414750855171972,3.419330073942395,-8.45925502047531,36.513460538421526,51.24981533461368,26.40097781399311,103.94585,104.51888000000001,80.521785,103.18365322734545,100.47676777599455,-1.5054473074201602,-2.0454486309076536,27.146957807753537,-0.7778879718252973,1.799027394723766,-0.29918819619729087,0.0750406876455667,83.36944745395442,175306986.3,1872695.0,2265456.6666666665,195463765.765,228472384.1366667,0.9143507084709469,0.8968771557934996,2.6701428571428596,2.6080452985835842,24.340490702058993,46.59704620638024,14.947324260807132,40.889916209188094,117.149,59.305,74.46926215337804,-8.835026668922463,-8.835026668922463,-12.001405525678145,18.999340112583727,1.0428635494486187,0.4459143075814099,-13.084931541164458,14.739003880287704,0.8762559807648365,0.4215629438122578
1760054400,102.688,103.457,101.534,102.534,1820600,2025-10-10,VJC,2025-10-10,0.14944179095730536,3.0927627742363795,-8.698788100050747,38.85405522527525,54.103041962246,26.951935220265955,103.4574,104.74348,80.647165,103.12178149140779,100.55744354948496,-0.8925412778592934,-2.1094200803715935,27.13900110437857,-0.5699877202536063,1.8782781961496642,-0.1504185346890501,0.29986032564637277,52.00208008320366,186673400.4,1847820.0,2270045.0,191780956.57,229681781.01166666,0.9852691279453626,0.9733677615267513,2.466857142857144,2.4058918435417946,24.23758784118708,46.4000278935667,14.947324260807132,44.75883846201475,117.149,59.305,74.73376668280203,-8.698788100050747,-8.698788100050747,-13.514473715971487,20.413829398928396,1.0325186625058782,0.447632097378214,-14.869953234468703,16.174083470713253,0.8723286356431301,0.4250094422974702
1760313600,101.457,109.688,99.996,109.688,3773100,2025-10-13,VJC,2025-10-13,6.977197807556523,6.179818787268654,-2.060787885281612,51.218705194661965,69.7615031030907,36.069071602242865,103.34200000000001,105.0727,80.81100500000001,103.74713563508324,100.91550458676006,6.140775289814382,4.39248253828064,35.73398821113534,5.726292421038948,9.452474301207412,8.027581095051406,-1.0503832874948937,100.0,413863792.8,1924560.0,2304383.3333333335,199940113.87,234508849.87833336,1.9605000623519142,2.069938767110496,2.9778571428571436,2.714843139502173,35.81162108284827,47.937255404461595,15.106447098323406,67.26685997568046,117.149,59.305,87.10151441809005,-2.3285219450949635,-2.3285219450949635,-6.821901304475619,32.75507072241011,1.0976814629827238,0.46069043754063327,-9.28231446047809,28.1208890816137,0.9505840831443817,0.44967103681391385
1760400000,111.919,117.303,110.457,117.303,4715400,2025-10-14,VJC,2025-10-14,6.942418496098024,14.318153024529522,7.394759489498837,63.45205250397123,82.63529924643458,44.41202540995717,103.74584999999999,105.58805999999998,81.015995,105.03817033650388,101.55815146571065,13.067655236329934,11.094947667378307,44.78992697676549,11.676545416017902,6.241339070819054,4.908467653708701,2.0339508423893093,100.0,553130566.1999999,2048540.0,2339435.0,215386267.64000002,240603120.61833334,2.3018344772374473,2.5680864999458137,3.324000000000001,2.8336871179765235,42.44861783175041,49.438468010134514,13.95711072564135,75.40672546470358,117.303,59.305,100.0,0.0,0.0,2.6258856719011403,45.834773170780366,1.065812097253115,0.43424377229670014,0.02029337844993151,40.958120354401004,0.9391412580648617,0.4308318407696709
1760486400,120.534,125.457,117.534,125.457,3453800,2025-10-15,VJC,2025-10-15,6.951228868826886,22.264669479880304,14.86001501474008,71.50414895216744,90.31705097087377,53.86889066045257,104.5574,106.13882,81.25637,106.98282078064636,102.49536121215337,19.988637819991695,18.200861852430616,54.396510698176634,17.268360550365756,6.754302959003596,4.196823610649333,2.754405258177539,100.0,433303386.59999996,2120115.0,2370983.3333333335,226007049.98000002,245921820.4633333,1.6290625744358207,1.9172118154648015,3.708642857142858,2.956106759401913,48.360490583824046,50.94664605181819,13.95711072564135,79.95761862489617,125.457,59.305,100.0,0.0,0.0,9.654655253643242,53.1276633119533,1.0594777139785982,0.41667427694611386,7.326505102227032,48.06643781130038,0.9334967794594534,0.413088557546023
1760572800,126.149,133.456,123.995,133.456,3679500,2025-10-16,VJC,2025-10-16,6.375889747084651,30.352311464041158,24.10586419179048,70.5987625913995,102.45145631067957,59.320010505455656,105.85350000000001,106.84956,81.53520499999999,109.50407594439433,103.70950390971599,26.07613352416309,24.900841893967552,63.6789899528676,21.87308905996188,7.5412292658042075,5.824306336035445,0.5515834110492168,100.0,491051351.99999994,2198925.0,2383708.3333333335,239250804.46999997,250304128.8633333,1.6733176438486987,2.052454340071294,4.186642857142856,3.1370960145237805,51.47146882851024,50.675670175172925,13.73812477839593,89.12293760079395,133.456,59.305,100.0,0.0,0.0,18.000217955347583,53.553172544100335,1.0047511977053112,0.39339186548480515,15.483285313966519,48.47953409830178,0.8908036338923687,0.3933285570279879
1760659200,133.533,137.687,129.995,134.61,3068900,2025-10-17,VJC,2025-10-17,0.864704471885891,31.283281643162276,27.551310478139747,60.845511357526114,92.30824178179067,63.09444478100201,107.30729999999998,107.55722,81.81596499999999,111.8951163306425,104.92128807011929,25.44346936322135,25.15198886694916,64.5277911224295,20.300156444930593,5.763697398393484,0.8070075530512129,0.05769691883465988,59.997399895995905,413104629.00000006,2248135.0,2406238.3333333335,248905699.43,254794166.315,1.3650870610528283,1.659683285461199,4.510785714285714,3.3510034278922176,50.26389025983572,49.08867528254696,13.022410361736158,94.32642157486325,137.687,59.305,96.0743538057207,0.0,0.0,23.17598641355592,46.37228827495705,0.9565190591502369,0.3972685257653927,21.226594017528733,41.23703953944879,0.8709558738658949,0.40750558013921234
1760918400,134.225,138.456,127.38,134.225,3485400,2025-10-20,VJC,2025-10-20,-0.28601144045763416,22.369812559258982,28.78140980743953,53.06937016045343,95.84597875569042,64.77816789020108,108.80720000000001,108.27718,82.09672,114.02177191820036,106.0704532438401,23.36040262041481,23.964255441451265,63.49617865366606,17.718745939410162,8.228214842879424,0.0,-0.28601144045763416,61.800288912964994,467827815.0,2304805.0,2416131.6666666665,260039994.98000002,258364979.06166667,1.5122320543386534,1.7990610061193901,5.153571428571427,3.839501902455896,49.74437602994422,48.4464633180372,12.7371704346523,93.5930123949208,138.456,59.305,94.65452110522925,-0.28601144045763416,-0.28601144045763416,28.660268138988368,45.48169872944003,0.7561103605731821,0.3665814276843932,25.964307147514276,40.4504071029599,0.726374098864333,0.3860413884305147
1761004800,134.225,143.61,134.225,138.456,4128300,2025-10-21,VJC,2025-10-21,3.15216986403426,18.032786885245898,35.337816703159206,47.662773956167,109.30295838309321,70.13307774541968,110.61479999999999,109.17714,82.399785,116.34884125932413,107.34047468525814,25.16950715455799,26.81775690405519,68.02956464024754,19.000755401940197,6.991991059787685,3.152169864034267,0.0,45.08257858284481,571587904.8,2423045.0,2430256.6666666665,279598735.02,262764373.94166666,1.7037653035746343,2.0443150601490157,5.725071428571428,4.134939207092093,48.68130100032072,46.98768350606272,11.693403793612417,96.9305861923311,143.61,59.305,93.88648360120987,0.0,0.0,33.61515486345174,39.022096809223235,0.7477166761865913,0.37665270239255433,30.152387512130073,32.89217736951247,0.7280777950619425,0.4049368137588862
1761091200,138.841,139.456,136.225,138.61,2921000,2025-10-22,VJC,2025-10-22,0.11122667128908859,10.48407023920548,34.77956476925772,41.89050855785767,101.11723737666863,71.12979493067645,112.4032,110.04172,82.70785,118.46895161557897,108.56673057995391,23.31499459090134,25.961317216779257,67.5898962432224,17.001119795317265,2.333593343733746,-0.16684000693360676,0.27806667822269926,73.81615598885865,404879810.00000006,2492500.0,2439903.3333333335,291965542.53,265698956.88166666,1.1719157472417252,1.3867383338854034,5.7305714285714275,4.134313129335132,48.821066656576775,46.43378387401525,11.693403793612417,96.90267582287468,143.61,59.305,94.06915366822845,0.0,0.0,33.51015253608165,34.1161124412032,0.7125244373558155,0.36057165694773513,30.603636245615704,28.01660918122479,0.7032787704422622,0.39395528255202683
1761177600,138.533,142.379,138.533,141.533,2601400,2025-10-23,VJC,2025-10-23,2.1087944592742103,6.05218199256683,35.39422580213134,55.537606048617505,106.74126119283072,72.76977539062499,114.25315,110.91862,83.030915,120.6655276521905,109.85952545917141,23.876672109259122,27.60075810535687,70.45819620318528,17.293648611854117,2.7746915806940358,2.164346006781617,-0.05555154750741531,78.00312012480491,368183946.2,2538045.0,2431708.3333333335,301539003.48999995,267144360.525,1.0249621263610378,1.2210159944108532,5.873428571428571,4.149865099608268,48.861134876890475,43.829362538610106,11.693403793612417,97.07323622205809,143.61,59.305,97.53632643378208,0.0,0.0,34.135590314252525,42.57063783493204,0.5424714870928419,0.26952883810166856,30.707541237361923,35.52329645563908,0.5617273257439387,0.30997822643394307
1761264000,141.533,141.917,133.456,138.456,3503900,2025-10-24,VJC,2025-10-24,-2.1740512813266166,2.857142857142847,35.849056603773576,51.642863401384375,102.47433535140824,70.45353818880189,116.08,111.72782,83.33898,122.35985835198188,110.98095583332154,19.276361130254994,23.922582576121144,66.13594262852746,13.15475668639281,5.978111111896175,-2.1740512813266153,0.0,59.094669660796505,485135978.4,2625175.0,2454755.0,316820305.675,272002211.59166664,1.3347300656146732,1.5312654198928184,6.203071428571429,4.480175238755582,48.511702422221134,44.23694669576278,10.92889484756475,90.01639269614313,143.61,59.305,93.88648360120987,-2.1740512813266166,-2.1740512813266166,34.4954105509043,39.99875974199844,0.5585798175555851,0.2745116757859619,30.885895726111865,32.399311236162816,0.5702412905513989,0.3118481608159627
1761523200,140.764,140.764,130.764,134.841,3024700,2025-10-27,VJC,2025-10-27,-2.6109377708441572,0.458930899608867,35.15862276349422,44.63728319049203,95.2123809248053,68.2337088744994,117.8338,112.32780000000001,83.63051000000002,123.54853850893599,111.91664383985795,14.433210165504295,20.042411584665597,61.234219425422594,9.140101232559106,7.222511122667131,-4.277893337955742,1.6669555671115832,40.76999999999998,407853572.70000005,2687190.0,2459035.0,328311951.01,274499054.24833333,1.1255996040473506,1.2422745241082538,6.747071428571429,5.003723962720113,49.04419662966317,44.66605935388247,12.082068087007793,84.40141747075398,143.61,59.305,89.59848170333906,-4.728225926109086,-4.728225926109086,35.99511645078721,34.652723916738594,0.6045794325807938,0.29918753393631603,33.08959799211797,26.95992454806959,0.6221563600377641,0.3429899600328547
1761609600,134.072,144.225,134.072,144.225,3724300,2025-10-28,VJC,2025-10-28,6.959307628985245,4.166666666666674,44.67639033785409,57.56268094171628,109.49842395014744,79.59877465630602,120.06064999999998,112.97238000000002,83.96818999999999,125.51772531760875,113.18363819907921,20.126785920282806,27.6639475949785,71.76147300543218,14.904089948295795,7.5296089468336715,7.5296089468336715,-0.5703013178484317,100.0,537137167.5,2788920.0,2479471.6666666665,346746668.705,279640280.6483333,1.3353914777046312,1.5490766486843386,7.323928571428572,5.078126934601194,52.18492217126448,46.18735402052987,12.109431693891121,87.00469516966635,144.225,59.305,100.0,0.0,0.0,43.545018850822736,45.170441724482586,0.661141172158102,0.31889974710177643,40.05245105288739,36.797677317427976,0.6902112861082736,0.3742842028460362
1761696000,145.763,151.148,145.379,150.071,2318200,2025-10-29,VJC,2025-10-29,4.053388802218749,8.268523194574694,52.42133701679905,53.26034783851961,115.81770593649333,87.23534328954099,122.6413,113.78312,84.33587,127.85613243021744,114.63020140695846,22.36579357850903,31.89214709528092,77.94444997128743,17.37489406846182,4.000000000000004,2.986999479979194,1.0663893222395693,81.33125325013005,347894592.2,2821040.0,2463663.3333333335,355891602.495,280107323.89666665,0.8217536794940873,0.9775296459963189,7.686571428571428,5.121956559609404,51.32309980887091,44.88958124444784,11.714071240961156,88.55669102904082,151.148,59.305,98.82734666768289,0.0,0.0,51.17332644654591,42.94487659476065,0.5773223820216925,0.28148212292680763,48.19121133721518,35.323231181329405,0.6129783425763332,0.3368548228739907
1761782400,150.071,154.763,148.148,150.379,2386700,2025-10-30,VJC,2025-10-30,0.20523618820424971,6.25013247793802,51.90411733807427,53.57489353445195,116.02143277836036,87.61961797107958,125.21045000000001,114.54464,84.705475,130.0011674368634,116.03211507727382,20.1009979598348,31.284187544698728,77.53161764336956,15.675115050819311,4.407913587568557,0.20523618820424516,0.0,33.72637944066503,358909559.29999995,2852380.0,2436955.0,365125927.44,279578841.9716667,0.8367398453221521,0.9829747282435275,8.021714285714287,5.334331446355068,51.48100475429088,44.876853195061486,11.714071240961156,88.58529976289941,154.763,59.305,95.40740430346328,0.0,0.0,50.88397466331584,45.6622800192789,0.5897177708109158,0.28770181144369567,48.38868557121762,39.68789436855924,0.636821392902332,0.348005866307802
1761868800,149.225,149.379,141.917,143.84,2801200,2025-10-31,VJC,2025-10-31,-4.348346511148494,3.888599988443997,44.623861328399926,44.96054501295011,101.07358532766719,80.5017003601501,127.42954999999999,115.20922,85.042765,131.31915149049544,117.12262036836113,12.878056934204052,24.85111868650791,69.13843288138621,9.534670584900006,4.962129020674422,-3.580952127624197,-0.7673943835242891,25.770570892522176,402924608.0,2911750.0,2447036.6666666665,377246891.82,282662047.77000004,0.9620331415815231,1.06806607751258,7.933857142857143,5.515751628793898,56.20335283262236,46.05952876441631,18.467653949222257,77.818323993223,154.763,59.305,88.55727126065914,-4.348346511148494,-4.348346511148494,44.998750441425635,40.77044645603683,0.6603242293712221,0.3152949139402991,43.23371015954363,35.55712949281733,0.7000706027704152,0.3754668263380398
1762128000,143.687,146.071,140.841,141.148,2409100,2025-11-03,VJC,2025-11-03,-1.8715239154616259,4.677360743394066,36.63362502904051,43.6957252079367,101.64864208466078,76.61161161161161,129.32175,115.7892,85.36929,132.25523230092446,118.06479211862148,9.144826759613123,21.90083358378847,65.33814443109458,6.723943956214562,3.635984427141261,-1.7651557285873303,-0.10636818687429495,5.86998087954089,340039646.8,2947060.0,2450191.6666666665,385453055.08000004,284695303.64,0.8174587555054869,0.8821817399512515,7.7635,5.5002550514353725,57.24855631258511,46.226924466316994,18.962712550995033,71.11634579621332,154.763,59.305,85.73718284481131,-6.138490081726832,-6.138490081726832,41.26352771261468,41.471058528626294,0.687748760027133,0.3299040120202561,39.82961037534607,36.617879861076716,0.7229325772304895,0.3894613729786561
1762214400,141.533,145.379,140.61,142.917,2129600,2025-11-04,VJC,2025-11-04,1.2532944143735625,-0.9069162766510597,39.280389042110485,52.92109824734106,106.44392442364361,78.82507507507508,131.33705,116.49378,85.70466,133.27063874845547,119.03938850612653,8.816971296370667,22.682086545736603,66.75522661194853,7.238174396201225,3.3787230424802175,0.9805310737665532,0.27276334060701846,48.37492136716291,304356043.2,2973620.0,2449393.3333333335,392470186.12,286376157.77666664,0.7161641366415346,0.7754883146893135,7.521714285714284,5.262994805176629,56.625478213470316,44.79449774606197,19.082965728290347,67.4335010783609,154.763,59.305,87.59035387290746,-4.962129020674421,-4.962129020674421,41.257485108092794,48.6919427534769,0.6785362388619501,0.3422431026447921,39.905634505938934,43.16851305752913,0.6940694426278939,0.3908992242302675
1762300800,142.533,143.456,140.764,141.917,2043500,2025-11-05,VJC,2025-11-05,-0.6997068228412284,-5.433428177329391,38.30583465710304,48.78959121837683,109.6572610429901,75.71379045638015,133.30235,117.1399,86.035415,134.09410172479303,119.93654974118039,6.462489220932732,21.151716878706583,64.9518398905846,5.833886930584198,1.883610767088575,-0.43101940287018725,-0.2686874199710476,42.83060921248145,290007389.5,2985045.0,2449476.6666666665,397658607.34499997,287969044.7933333,0.6845792944494974,0.729287343825544,7.038214285714283,4.9593877306554415,56.96238740546649,44.80679197799245,18.96423218741708,59.82078603431067,154.763,59.305,86.54277273774854,-5.627115488199808,-5.627115488199808,40.834945345452276,45.155584480153045,0.6722964062221739,0.3383666213229163,40.202919864726745,40.490033264418514,0.694985320276935,0.391594801825712
1762387200,142.148,143.456,139.148,139.148,1768700,2025-11-06,VJC,2025-11-06,-1.9511404553365752,-7.468463016777605,35.911936785145684,42.441241503562345,104.87043580683158,72.77953684733347,135.14069999999998,117.70756000000002,86.351555,134.57542537005085,120.6899399474086,2.965279889774153,18.215006750628394,61.14127881078688,3.3977783219897972,3.0355771331130117,-2.1139116525856663,0.16277119724910083,0.0,246111067.6,2987865.0,2426438.3333333335,401198811.40999997,286940647.7866667,0.5919611495164607,0.6134391742962816,6.796499999999996,4.884367723574896,58.053310522086285,44.98660615155476,19.481060961033176,55.07697127002594,154.763,59.305,83.64202057449349,-7.468463016777605,-7.468463016777605,40.21320625096797,40.30098706076222,0.6790167799117487,0.34068096477201865,39.584993990860596,35.92650001374609,0.7024677186645436,0.3950857546379978
1762473600,137.302,138.456,132.995,136.918,2066800,2025-11-07,VJC,2025-11-07,-1.6026101704659679,-4.812291434927696,33.53424230011508,39.71794767133354,101.5871613663133,71.1539182719352,136.85989999999998,118.22908,86.65577499999999,134.7985277157603,121.32633445927493,0.04245217189258188,15.807380045586083,58.002164310457125,1.5723259891301522,3.9245982694684685,-0.27596515939861593,-1.326645011067351,71.83665995238991,282982122.40000004,3000175.0,2409878.3333333335,406014247.51,286658567.18666667,0.6888931478997059,0.6969758429303156,6.444857142857139,4.707092670691318,58.96319278120662,45.21502321067213,19.55093362328999,52.89339665212628,154.763,59.305,81.30591464308911,-8.951382839359212,-8.951382839359212,42.02899209268182,40.49357437771229,0.6881565528427305,0.35360512518577525,41.40369402360882,35.66938776120016,0.7096443133284788,0.40525295923559035
1762732800,137.302,139.225,134.841,135.764,1928500,2025-11-10,VJC,2025-11-10,-0.8428402401437385,-3.8144359112420867,23.77288308657284,29.493905114362583,102.40927930345589,70.53208059086573,138.1637,118.71368000000001,86.95384,134.89047745711645,121.89251742165631,-1.7368527333879946,14.362557036392086,56.13341515452337,0.647579102209983,3.201916475554701,-1.123300077418588,0.280459837274849,21.053832116788428,261820874.00000003,2907945.0,2367420.0,398412101.57,283201035.22,0.6631831069707302,0.6571609470903553,6.087642857142852,4.483989022968424,55.814616393562076,43.29672455136695,19.334249791423797,46.90289921767144,154.763,59.305,80.09700601311572,-9.718777222883501,-9.718777222883501,34.229962491939034,33.16004557965463,0.6170572973004794,0.328394241128116,34.114386257105764,28.914123870285824,0.642498004658738,0.37870992255081054
1762819200,135.764,136.533,131.149,134.533,2016700,2025-11-11,VJC,2025-11-11,-0.9067204855484734,-5.8663420027008755,14.688456390714633,20.123040108575307,99.20190713101158,66.73028541684741,139.02519999999998,119.18135999999998,87.24652,134.85643198501012,122.38822262080704,-3.2312127585502504,12.880906880069176,54.19870041807968,-0.23983430397007677,3.9657051943077586,-0.9067204855484685,0.0,62.852897473996926,271312701.09999996,2773010.0,2343668.3333333335,384321208.315,281298449.69166666,0.7272602695266155,0.7059529769109821,6.241428571428565,4.63932906530633,51.78078085234091,41.302059455875565,19.090967326599948,45.42290679659605,154.763,59.305,78.80743363573507,-10.53737556440727,-10.53737556440727,24.19693423928311,22.355555445998633,0.6376144336329589,0.35626021392379764,24.227660538324248,17.972472325034026,0.6586496165084326,0.4076168821804458
1762905600,134.61,136.148,130.995,135.456,1922100,2025-11-12,VJC,2025-11-12,0.6860770219946133,-4.552661062452001,7.970061455319355,23.665711103401676,100.56858564321249,68.83880939322928,139.52515,119.70595999999999,87.543815,134.91353370072343,122.90068447881461,-2.9164276117961574,13.157273038034202,54.72937751227771,0.4020844198476814,3.830286992782434,0.6288419941575489,0.05723502783705481,86.57092955559852,260359977.59999996,2696425.0,2341638.3333333335,375674037.86499995,281906506.94166666,0.7128327322287844,0.6930475661284888,6.334785714285707,4.676637221153516,46.29347617073123,40.96699066337723,19.090967326599948,42.85680701506923,154.763,59.305,79.77435102348676,-9.92359305488133,-9.92359305488133,15.142620401819551,23.94132114269597,0.6238383725044021,0.35928782691648037,14.80561409161243,18.857076833905428,0.6356315674590276,0.4059951436533843
1762992000,135.225,136.764,133.995,135.61,1857900,2025-11-13,VJC,2025-11-13,0.11369005433501389,-2.542616494667538,1.6140151061023955,20.753675324790976,99.4352692030531,68.54756518929133,139.63285,120.26440000000001,87.84188,134.97986382446405,123.39908900905718,-2.881019760034964,12.759885718466979,54.379664916096985,0.46683716939841524,2.0442062367115565,0.2842251358374818,-0.17053508150247643,58.32430480317825,251949819.00000003,2605345.0,2332836.6666666665,363718961.215,281639754.625,0.7131109315656852,0.6927046589992556,5.928214285714278,4.371517060478046,40.601458421214396,40.726084397480264,19.090967326599948,46.40783561367197,154.763,59.305,79.93567851830126,-9.821185138882404,-9.821185138882404,9.277936774608486,22.129566994480253,0.6113609707678035,0.3525595526861579,9.428995301625243,17.783711890083786,0.6245864272582653,0.3995934238007504
1763078400,135.072,136.148,133.302,135.687,1849300,2025-11-14,VJC,2025-11-14,0.0567804734164179,-0.8990782804306208,0.8000891464229998,22.67043964885953,100.45353818880191,68.80481705875768,139.68670000000003,120.79362,88.13955999999999,135.04721012689603,123.8809678714471,-2.8633363090401764,12.329608136588677,53.94562895480761,0.47375275098449077,2.0986652901703438,0.45350637858565673,-0.39672590516924844,83.80182712579115,250925969.10000002,2544365.0,2323578.3333333335,355610028.21999997,281388565.22999996,0.726821819982589,0.7056211838457024,5.417214285714278,3.9924342683634233,40.50362587772448,40.54788790325549,19.090967326599948,51.172524670140824,154.763,59.305,80.01634226570849,-9.769981180882958,-9.769981180882958,6.329811476149949,24.406842830863418,0.6214212277010871,0.3594789229446716,6.141137327128465,20.314358575169102,0.6380257954621505,0.40899636490457175
1763337600,135.687,137.687,134.225,137.687,1912600,2025-11-17,VJC,2025-11-17,1.4739805581964305,1.4164285082937988,2.579251257217363,22.77149149791795,104.57172572617188,71.29296724350283,139.8598,121.36438,88.444165,135.29861868623928,124.42238089609623,-1.553555775140525,13.449267404488886,55.676748149524634,1.765266591005954,2.551460346238046,1.4739805581964371,0.0,100.0,263340156.20000002,2465725.0,2309391.6666666665,345385645.28,280611611.06333333,0.775674497358789,0.7624525216921315,4.939285714285709,3.58732902473415,40.779138576319305,40.55720391731861,19.23242353556338,38.606580231423436,154.763,59.305,82.11150453602633,-8.440008245832187,-8.440008245832187,1.4799069528474762,24.76082799080894,0.6234359420338422,0.35960274235151835,1.3669745502483677,21.77784380282859,0.650239792429105,0.41014357511591915
1763424000,138.61,138.61,136.148,137.764,1830000,2025-11-18,VJC,2025-11-18,0.05592394343691964,2.4016412330060355,-0.49979776968854805,27.928831438971848,105.86371787208608,72.8770595690748,139.8252,121.88898,88.75299999999999,135.53341690659744,124.94558164526893,-1.4741262662238186,13.02416346416222,55.22179531959486,1.645780903568439,1.788113620022237,-0.6144370928264858,0.6703610362634116,65.63769293257525,252108120.00000003,2350810.0,2299910.0,329411656.04,280507867.34333336,0.7784550856938672,0.7653284738940351,4.620642857142853,3.3540277990932696,39.21528811961235,39.53830352419935,19.23242353556338,23.155782401954426,154.763,59.305,82.19216828343356,-8.38880428783273,-8.38880428783273,-0.2887879886938616,27.050662891383627,0.5637283173490283,0.32531437467462165,0.43083535312580246,23.29547568765709,0.5977133167087706,0.3727221050620398
1763510400,137.456,137.764,135.456,136.918,1811700,2025-11-19,VJC,2025-11-19,-0.6140936674312591,1.0793172690763075,-1.2206911478248372,24.912645628632156,98.884418168877,72.31493367565255,139.7406,122.3982,89.059915,135.66528196311197,125.41508824741526,-2.0198854162641333,11.862756151642762,53.736953375713426,0.9233888130853352,1.6753288232049162,-0.3905229232600552,-0.2235707441712087,63.34488734835373,248054340.60000002,2295345.0,2289645.0,321570382.57000005,280207245.29333335,0.7892931128000366,0.7713842879979877,4.312999999999996,3.1500606202252417,39.27333333330967,39.49559062898236,18.99434393936766,21.311964536891082,154.763,59.305,81.30591464308911,-8.951382839359212,-8.951382839359212,0.5368304488388542,22.746019233831568,0.6078908600510432,0.3463830881444283,1.093279684127435,19.13176716840512,0.6322968222640801,0.3909264070188188
1763596800,136.533,146.456,136.302,146.456,3009500,2025-11-20,VJC,2025-11-20,6.96621335397829,7.997935255512112,3.47834074032205,32.2222723784589,112.02768045863856,84.3187595962647,139.98675,123.09048000000001,89.41644000000001,136.69296939519654,126.24022204163427,4.6213302330399,18.982394089291034,63.79090914377712,7.142306329286985,7.416117676273387,7.247403555412729,-0.28119020143444473,100.0,440759331.99999994,2315750.0,2306183.3333333335,325199151.86,283829314.85999995,1.2995789700960811,1.3553520342197853,4.43385714285714,3.0274329101280526,45.99593054199652,41.709560362479074,18.99434393936766,54.94331065759633,154.763,59.305,91.29774351023485,-2.608741912102086,-2.608741912102086,5.320006122703225,32.92026893644839,0.6742102498920729,0.3469416120401941,5.961663623690161,29.60417119136281,0.7056422378298899,0.3936881486467055
1763683200,146.917,151.609,145.071,149.686,1923700,2025-11-21,VJC,2025-11-21,2.2054405418692413,10.317126917095965,8.110879990755194,35.044477725050086,111.98079673714471,91.34580968451196,140.54825,123.83814000000001,89.78796,137.93040088136829,127.15966431451136,6.501503931923747,20.87229346306396,66.71054782846164,8.522848511650839,4.464139400229429,1.8906702354290748,0.3147703064401597,70.58733557662896,287950958.2,2236740.0,2304535.0,315339900.85,284892013.6766667,0.8600463174083711,0.9131446969566077,4.527285714285712,3.0245218085096215,45.61055066335092,41.84494622545806,18.595025156242603,65.81228239128824,154.763,59.305,94.68143057679818,-0.46083562199508155,-0.46083562199508155,9.789250693829134,36.11156365386319,0.6752020968286139,0.3461744542199908,10.410067484327124,32.267165777848206,0.7063326892716163,0.3927962071489088
1763942400,149.763,157.763,148.456,157.532,2856900,2025-11-24,VJC,2025-11-24,5.241639164651346,14.41312542215314,16.827967754614704,41.24123585633082,124.31508799908872,101.37546658485456,141.6828,124.74886000000001,90.19832500000001,139.7972198450475,128.35073630217758,11.186396655063291,26.279310287885593,74.65069334713255,12.686074998208063,6.217682348382625,5.190198148123408,0.05144101652791999,97.51799720640385,450053170.8,2228350.0,2319271.6666666665,317449880.755,288725847.82666665,1.2820696928220432,1.417714096252378,4.851428571428572,3.079646402907709,47.159751137298976,42.9424423055584,17.44518144449439,72.09372637944065,157.763,59.305,99.76538219342258,0.0,0.0,15.893648464310074,42.00751026347953,0.7068282728559314,0.35376963736691747,16.00724341277249,38.27755650967275,0.7343533171405052,0.39835269287290465
1764028800,157.917,168.532,156.532,168.532,3212400,2025-11-25,VJC,2025-11-25,6.982708275144089,22.3338462878546,16.85352747443232,51.62709516055026,143.44484890506735,114.80537357567107,142.89815000000002,125.93498,90.66868999999998,142.53386557409058,129.92647213346473,17.9385457404452,33.82461330442108,85.87673429493692,18.239970073915757,7.617499936520833,6.73831348551406,0.24439478963003136,100.0,541392196.8000001,2202755.0,2338503.3333333335,317662632.22,293935714.16499996,1.4583555592882549,1.7042992844844722,5.516285714285717,3.2731384628947118,47.20019960178124,44.82913996222392,17.44518144449439,80.89378990133486,168.532,59.305,100.0,0.0,0.0,18.05198031584857,52.9259817442705,0.6802719361213618,0.3264401675032506,18.889150884101536,49.2565325942099,0.7147186453294484,0.3715849600035154
1764115200,168.07,169.224,159.147,159.84,2250800,2025-11-26,VJC,2025-11-26,-5.157477511689179,16.741407265662666,6.509585462880896,46.33878380605352,134.00922333650539,104.32581684307411,143.3866,126.94726,91.09674999999999,144.1820688527486,131.0995516576426,11.474851903873873,25.91055529674291,75.46180297321257,10.859832482527798,5.979279899366291,-4.88334559608857,-0.2741319156006061,6.877046740101342,359767872.0,2199385.0,2340541.6666666665,318256296.21000004,296057053.015,1.0233769894766036,1.1304344212018629,5.928357142857146,3.708932146432148,50.075240146790165,46.164311076284456,23.48783376764403,71.11514755704313,169.224,59.305,91.4628044287157,-5.157477511689179,-5.157477511689179,6.834054715415261,46.39469292399797,0.605675148389759,0.28412445301024336,7.853853475354223,42.89931596636843,0.6749929379885506,0.34120447100504475
1764201600,159.224,159.84,148.686,155.378,4882800,2025-11-27,VJC,2025-11-27,-2.7915415415415534,6.091932047850546,3.3242673511594045,44.28534284228511,126.96504477132295,98.6219767858056,143.63655,127.90414000000001,91.50404,145.2483480096297,132.05164767106837,8.174416609142998,21.48003966095231,69.8045244778263,6.974022169049876,6.978228228228225,-2.4061561561561584,-0.385385385385395,59.99641384256752,758679698.4,2324190.0,2388501.6666666665,338244803.165,305102781.695,2.1008609451034554,2.2429899625979073,6.285571428571432,4.045341958688767,51.314460284651005,46.516951205427596,24.150414882393186,68.01678703884438,169.224,59.305,87.4034516325658,-7.805045925996268,-7.805045925996268,2.44080634024042,44.99100048337243,0.6192790099602392,0.2873363712584644,3.5320401308475358,42.28968561327029,0.7082265689330861,0.3532018816403582
1764288000,154.609,159.071,151.379,156.532,1487300,2025-11-28,VJC,2025-11-28,0.7427048874358189,4.573574014937942,8.823692992213573,43.31020086792523,132.30536345017958,97.95634468978427,144.27115,128.9241,91.91671500000001,146.3229815325221,133.01166148788923,8.498476653163166,21.414072310762688,70.29764390513738,6.977043770263003,4.950507793896181,1.2376269484740452,-0.49492206103822767,66.99167966718689,232810043.60000002,2258495.0,2378551.6666666665,329739074.94500005,305188619.89166665,0.6585358834090844,0.7060432362735062,6.521857142857148,4.166468928306767,48.41306213261436,46.489439738528944,20.971428856371972,70.26937341401518,169.224,59.305,88.45331562332265,-7.120309496119425,-7.120309496119425,5.692536952814931,41.869263118595605,0.6493074996486567,0.2974198664330949,6.778460251516828,39.05981614416771,0.7469145710898302,0.3662414710110336
1764547200,156.686,162.07,154.378,156.84,1854100,2025-12-01,VJC,2025-12-01,0.19676487874682458,-0.43927582967270284,11.117408677416618,43.69348322018525,129.3586031411775,97.57876569960067,145.05575000000002,129.97636,92.329005,147.32460233894858,133.94610613542298,8.123945448560278,20.66809687546258,69.87077896052276,6.458797451330911,4.914011192599601,0.09838243937341652,0.09838243937341229,32.00728029121185,290797044.0,2230745.0,2373425.0,327276944.805,306102780.7366666,0.8311573039500256,0.8885350728670005,6.6867142857142925,4.263398549932602,47.638450255197604,46.47515004430297,20.78038878755002,72.17087085296279,169.224,59.305,88.7335219570775,-6.937554885719033,-6.937554885719033,5.881168726890951,38.94503289916931,0.6701044113633156,0.2975534196922114,7.030502710706177,36.70263539866934,0.7612313871168765,0.36630083188302676
1764633600,156.917,167.763,155.071,167.609,3559400,2025-12-02,VJC,2025-12-02,6.866233103800057,-0.5476704720765224,17.277160869595654,50.276148976993575,147.6126458856552,112.79359114338673,146.29035000000002,131.28246,92.79206500000001,149.2564497352392,135.26621962030836,14.572834093294595,27.670520494512395,80.6285914641516,12.295984727839748,8.092323386891104,6.817138485080341,0.04909461871971388,98.7866372518122,596587474.6,2302235.0,2393031.6666666665,341888516.375,311616146.61333334,1.5460628476241565,1.7449766401209972,7.225214285714293,4.31075555949519,52.61230291914835,48.098550903487755,20.78038878755002,76.72601532758131,169.224,59.305,98.53073626943478,-0.5476704720765224,-0.5476704720765224,13.337645863360727,45.40599531124712,0.7089889715361369,0.30446516048874694,14.515411181814077,43.43021133830787,0.7903507786239525,0.36713171314192183
1764720000,167.839,167.916,163.224,164.609,1692700,2025-12-03,VJC,2025-12-03,-1.7898800183761,2.983608608608601,15.989627740157975,47.68834617834683,143.73519308220804,109.39424006513003,147.42495000000002,132.5178,93.24051,150.7185973795021,136.4169168901002,11.656134188955104,24.21652034670061,76.5423633997712,9.216117229065324,2.799372348740227,-1.927104153118263,0.13722413474215323,29.5183290707591,278633654.3,2284695.0,2388378.3333333335,341319829.615,312597006.5466667,0.7408866391356396,0.8163418299320365,7.362571428571436,4.472763596505316,53.17777671514167,48.34856943283606,21.1180567560772,73.01544468959823,169.224,59.305,95.80145379779658,-2.327747846106376,-2.327747846106376,11.344001746889543,42.302101761760284,0.6884290017418548,0.2948594353523798,11.456292993249729,39.84859729530326,0.7630847796917187,0.3541133137955029
1764806400,164.686,164.686,158.455,158.455,2249900,2025-12-04,VJC,2025-12-04,-3.738556215030764,1.9803318359098654,13.875154511742904,41.67754510827777,134.89082257371146,101.17182540690143,148.3903,133.59622,93.65818500000002,151.45539762907333,137.2811554434296,6.782586193302409,18.607397724276954,69.1843590605562,4.621560195609065,3.785333730233459,-3.785333730233459,0.04677751520270057,0.0,356507904.5,2308755.0,2389771.6666666665,346839671.46,314500749.545,0.9745079057760568,1.0278752225756131,7.6043571428571495,4.799064177752137,54.757747424759295,49.192336180819886,23.272772692459824,66.48039840176037,169.224,59.305,90.20278568764274,-5.9792798993662855,-5.9792798993662855,8.116132449696444,36.882491571857926,0.6849981895236864,0.28753139827736873,7.995287160437803,34.96893954948786,0.7680169426419221,0.34778949402863046
1764892800,157.071,159.609,153.84,159.609,2320700,2025-12-05,VJC,2025-12-05,0.7282824776750463,1.9657322464416316,16.57269314480201,42.12354077807361,136.60149127618254,102.83521203726065,149.52485,134.75002,94.08355499999999,152.23193118820922,138.1567571907461,6.744129821899181,18.448219896368112,69.64601305722347,4.845940502896395,3.6407812943738,1.6017165756839549,-0.8734340980089073,100.0,370404606.3,2321450.0,2389815.0,351210795.65500003,316335333.245,0.999676926059144,1.0546504005072053,7.769142857142863,4.867609506445666,54.07449090482756,49.19066465596667,23.300900489133998,66.06478088817235,169.224,59.305,91.25264967839956,-5.294543469489477,-5.294543469489477,7.678940408888058,37.681522136709944,0.6877166719699337,0.28836801417028896,8.308914242949108,36.22415993162907,0.7692632214352375,0.3482146678593887
1765152000,157.224,159.609,154.532,158.763,1673000,2025-12-08,VJC,2025-12-08,-0.5300452981974679,1.2260902830910414,16.940426033410905,41.75774134790529,133.22120045832477,103.34938647949383,150.6748,135.92998,94.50584500000001,152.8539377417131,138.96484514405017,5.367984560125505,16.797633605184092,67.99278393839026,3.8658227230441433,3.180898320270159,0.9642313403379608,-1.49427663853543,83.33661611187702,265610499.0,2308675.0,2380393.3333333335,351400276.90500003,316584164.11499995,0.7246580830996134,0.7558630896349776,7.955928571428577,5.01119818309592,53.95790051269685,49.21368944410674,23.3183056822928,65.21688720126377,169.224,59.305,90.48299202139759,-5.796525288965892,-5.796525288965892,5.982145951919771,37.67203893233167,0.6930872496314795,0.28967079120803,6.983548116573356,36.0526660848175,0.7710051445202887,0.3486125531078376
1765238400,157.686,157.686,153.84,153.84,1981000,2025-12-09,VJC,2025-12-09,-3.100848434458914,-8.214952657673514,14.351125746099491,40.845586215736176,125.47927537081551,97.23835532135851,151.64015,137.01302,94.90352000000001,152.94784843297853,139.54818455016584,1.4507041835556178,12.281299981563798,62.10146894446063,0.5833044244570873,2.422478789138529,-2.422478789138529,-0.6783696453203869,0.0,304757040.0,2306890.0,2376146.6666666665,353072493.85,317593323.2683333,0.8587318857856248,0.863157128658891,8.14271428571429,5.292976004754478,55.44134025724126,49.39913466861472,24.738356490949172,61.578356779243514,169.224,59.305,86.0042394854393,-8.717632259748898,-8.717632259748898,4.7151420361579035,36.90305542865782,0.6994842627081719,0.29140018767647735,6.038653194496501,35.63973569931027,0.7844961836555179,0.35396562680740606
1765324800,154.225,154.609,148.917,151.225,2538900,2025-12-10,VJC,2025-12-10,-1.69981799271971,-8.130782642504364,11.641418615639033,38.45146759928954,124.68613030235494,90.87317614984602,152.42860000000002,138.06835999999998,95.29004499999999,152.7837676298377,140.0060988815319,-0.7896155970730012,9.529076755891076,58.69968368679017,-1.020244266795589,3.6999479979199217,-1.9500780031201248,0.2502600104004049,40.548137737174805,383945152.5,2337730.0,2384756.6666666665,359251752.595,320310946.81333333,1.0860535647829304,1.0687356421412866,7.824000000000004,5.173747726897011,56.10907670899997,49.61248431555186,24.666522227974834,53.60452284854806,169.224,59.305,83.62521493099464,-10.269266370778263,-10.269266370778263,6.302725345382988,35.578286153781846,0.7172276202033446,0.30106496100250824,7.651075342500003,34.27082174756255,0.7978314011983817,0.3611786881953243
1765411200,150.532,150.994,144.533,144.61,1748000,2025-12-11,VJC,2025-12-11,-4.374276739957006,-8.737496450096238,6.636678711009503,34.478397530083505,113.39294937063764,82.87932822419508,152.8786,138.98064,95.63965,152.00531356985317,140.18664402343262,-5.408605259336485,4.050463431453499,51.20297909914979,-4.865167799844494,4.272441725905117,-3.916019176723424,-0.45825756323357725,1.1917659804987843,252778280.00000003,2332235.0,2378835.0,359293175.64500004,320754313.77666664,0.7494956554549606,0.7035432263532827,7.8350000000000035,5.418020883756312,58.83153306912027,50.46348375026008,27.14494186873614,46.350197014581966,169.224,59.305,77.60714708103241,-14.194336980514088,-14.194336980514088,2.5016814080133676,32.4533912244589,0.7583197521086303,0.3149809266901032,3.414973234753904,31.11863730577722,0.8321468149289107,0.3724336871858389
1765497600,142.302,146.533,138.302,142.302,1994200,2025-12-12,VJC,2025-12-12,-1.5960168729686863,-10.843373493975916,4.875190696234699,34.839956791176284,112.40055524874246,80.13595452991883,153.20935000000003,139.83752,95.978485,151.0811884679624,140.2695991597686,-7.119245659615448,1.7623882345739306,48.264478231762034,-5.810907735759619,5.691860867159943,0.0,-1.5960168729686863,48.59676831490709,283778648.4,2339480.0,2377326.6666666665,360935809.61,321817179.0866667,0.8524116470326739,0.7862302405145939,7.758142857142859,5.45188602910912,59.2452811439305,50.4126784531189,26.806163961458456,38.1015625,169.224,59.305,75.50741909951874,-15.563809840267728,-15.563809840267728,4.176304755887639,35.547171222450466,0.7452556572066515,0.3236037606890773,5.116168714337432,34.43662906857971,0.8206607708086863,0.3813783752734367
1765756800,141.533,143.84,140.764,143.071,1403500,2025-12-15,VJC,2025-12-15,0.5403999943781601,-9.88391501798278,3.910318330706586,37.268653995605725,113.54836783736584,81.2861125190066,153.47854999999998,140.63286,96.324625,150.3183133757755,140.37945801624826,-6.781110454848571,1.733691542645155,48.530035803409575,-4.821310998652695,2.1615999775126093,1.0807999887563147,-0.5403999943781601,74.99999999999977,200800148.5,2314025.0,2361518.3333333335,357808809.225,321078149.8283333,0.6065189442637828,0.5611939765678919,7.120714285714287,4.977049357112404,59.09310911890158,50.275059455475755,26.806163961458456,26.323718127545618,169.224,59.305,76.207025173082,-15.107516673391409,-15.107516673391409,4.41865357810447,36.56138243636562,0.7358014513545426,0.3172929990581674,5.161942273163578,34.507607611785104,0.8203950824102668,0.3751561843861063
1765843200,143.148,147.302,139.841,147.302,1586300,2025-12-16,VJC,2025-12-16,2.9572729623753125,-4.249869994799804,6.923434278911755,43.984594932749445,119.61117571637297,86.10251291834594,153.95544999999998,141.52668,96.68845999999999,150.03104543522545,140.6509302509052,-4.321672275973332,4.080728806752187,52.34703293443705,-1.8189871484990072,5.2148933047228185,2.9034535300654896,0.05381943230982067,100.0,233665162.6,2301840.0,2358565.0,356886661.355,321965684.1383333,0.6891443367045494,0.6547321261961373,6.933857142857144,4.707238966787378,59.85489909141717,50.24994078661019,26.806163961458456,37.286038776669095,169.224,59.305,80.05622321891575,-12.597014216884638,-12.597014216884638,5.763137397134321,41.29878350215124,0.7514138977250086,0.3298987609515684,6.301750147135787,39.13022067048586,0.8313425627794975,0.3868678989775184
1765929600,147.379,147.379,142.379,142.379,1511100,2025-12-17,VJC,2025-12-17,-3.3421134811475794,-5.849561911059686,3.9885186754115454,38.4444098714533,110.10078651851197,79.8827557453475,154.2285,142.32204000000002,97.02806000000001,149.3022792032992,140.71869769204616,-7.683080623879512,0.04002191087197904,46.74002551426872,-4.637088757280161,3.3943870415880304,-3.3943870415880304,0.052273560440463385,0.0,215148906.89999998,2286810.0,2358218.3333333335,355241389.66999996,322925771.59000003,0.6607894840410878,0.6056414403171367,6.4942857142857155,4.561266559173555,61.23634964729203,50.91414308827985,27.656889096879123,36.94066587634874,169.224,59.305,75.57747068295745,-15.518121187667633,-15.518121187667633,2.493066886448525,37.467010718532556,0.7763010830570298,0.3340075627476672,3.36557307049159,36.04513931013081,0.8702731542390715,0.3959848672024777
1766016000,142.379,150.763,140.687,149.148,2130100,2025-12-18,VJC,2025-12-18,4.754212348731213,3.138095567388133,1.838094717867489,42.67893699657526,114.25308491230086,89.35581342203487,154.3631,143.25737999999998,97.403045,149.28758594584215,141.04925856686788,-3.3784628580275977,4.11191381553957,53.12457634153019,-0.09350137518654433,7.076886338575207,4.754212348731208,0.0,83.97181421198879,317700154.8,2242840.0,2365545.0,349088430.81,325275528.72,0.9497333737582707,0.9100850293515346,6.664571428571429,4.468428291744729,58.46674671942061,51.58279811860498,27.656889096879123,43.33381482016466,169.224,59.305,81.73564169979713,-11.501673272731594,-11.501673272731594,0.5705749864681531,42.02531084192574,0.7797161618652735,0.3308083754521166,1.5213554980683996,40.26861133360121,0.8762810872790772,0.3935580375023573
1766102400,149.225,153.763,147.533,153.763,2115800,2025-12-19,VJC,2025-12-19,3.094241961005184,8.053997835589112,2.723701615381535,50.86784603459611,121.61799890461502,95.98128935226491,154.56695,144.28196,97.80072,149.71381585576194,141.54783666228482,-0.5201305971295866,6.571188802813599,57.22072393741069,2.7046162180110134,4.177059028615884,3.0426153887413916,0.05162657226378542,100.0,325331755.40000004,2252445.0,2371453.3333333335,350957470.66999996,327705892.3983334,0.9393348117268124,0.9269834170474308,6.560142857142858,4.266398845718969,58.96322866734487,51.39928619417812,27.656889096879123,47.42255951483473,169.224,59.305,85.93418790200059,-8.763320912348993,-8.763320912348993,-0.26011038875155545,48.24184495071582,0.7866992354213742,0.33854078668487,0.9662314460559429,46.51570180875746,0.880354309682194,0.400098250468624
1766361600,153.84,159.224,151.994,158.455,1857400,2025-12-22,VJC,2025-12-22,3.051449308351173,10.752703203304659,0.5859127034507194,58.82824637899064,131.45970580931655,102.75492316157187,154.6131,145.25730000000001,98.21993499999999,150.54630958378462,142.21086267552857,2.484847661679379,9.085739580730202,61.3267204870376,5.253327323718904,4.702041453405559,3.001372241696643,0.050077066654519165,89.36376210235161,294314317.0,2202470.0,2372670.0,343170527.97999996,329644119.915,0.8433259022824374,0.857632847239005,6.17,3.8938499889558544,56.957434865777245,51.26505116695923,27.656889096879123,41.46305069571382,169.224,59.305,90.20278568764274,-5.9792798993662855,-5.9792798993662855,-4.393163784276943,53.754678139347796,0.7974910418156667,0.35450710217798187,-3.010488807747591,52.22057707928009,0.8902986011288894,0.41592079478129673
1766448000,158.071,161.532,155.609,158.84,1843400,2025-12-23,VJC,2025-12-23,0.2429711905588272,7.832887537168554,-5.750836636365797,59.3371318513763,129.95627877348932,105.06597123602468,154.1285,146.08804,98.63838,151.33618486151943,142.8629857078608,3.0568648887129957,8.72895549834196,61.03265280715276,4.958374724027137,3.737969770597331,0.48531128711621935,-0.24234009655739186,54.5500590916764,292805656.0,2134020.0,2375231.6666666665,330741200.93999994,331716833.95500004,0.8638157093185631,0.8853014234931019,6.257928571428571,3.939768680073389,50.83458505883274,51.24519751782075,27.656889096879123,44.3440067452303,169.224,59.305,90.5530436048363,-5.750836636365797,-5.750836636365797,-12.483713843718425,52.690324365067084,0.7824751798409417,0.3494781681179261,-11.158775471723992,51.300118867848596,0.8739721047150778,0.410851407242449
1766534400,158.455,158.609,153.071,153.071,1833200,2025-12-24,VJC,2025-12-24,-3.6319566859733143,7.509534411675878,-4.2348598598598635,55.46832151780454,121.11140001155603,99.00026001040041,153.79005,146.64032,99.02797999999999,151.50140535089852,143.26329999382705,-0.46755300489206286,4.385342312400842,54.57348519075116,1.036026461580386,3.4865273230924267,-3.389574414505171,-0.2423822714681334,0.0,280609757.2,2113140.0,2377855.0,326783295.2,333643731.3016666,0.8675241583614904,0.8587028814562244,6.224928571428571,4.066693607168289,49.14041692885537,51.889283002820804,25.345978050695418,44.68131347058125,169.224,59.305,85.30463341187601,-9.173925426625217,-9.173925426625217,-10.332362775901672,48.395260648761564,0.7649911068965578,0.3377375457866557,-9.411746345784334,47.315987812047666,0.8654261364682988,0.40188386414270266
1766620800,151.84,163.763,150.609,163.07,3518200,2025-12-25,VJC,2025-12-25,6.532262806148781,9.334352455279316,4.950507793896186,64.72382722534245,123.15734734652546,113.70814494463008,154.17465,147.2326,99.46873,152.60317626986057,144.04003332740245,5.769657982035303,10.756720997931168,63.94096918699979,6.858850507560921,8.593397834991604,7.336464777782853,-0.8042019716340776,94.73164056560732,573712874.0,2044910.0,2407160.0,317534953.98,340301894.8616666,1.7204669154143704,1.8067707721907535,6.752428571428571,4.140815951081481,53.49783556494966,53.20283853743161,25.146813210298557,52.91040885315931,169.224,59.305,94.40133188984616,-3.2409275389837067,-3.2409275389837067,1.4755149184330962,59.269754823045616,0.6292606070385506,0.27620991616492063,2.086122364108234,58.464552034461704,0.7318965730997986,0.33810877929175437
1766707200,160.532,163.455,157.686,159.917,1665600,2025-12-26,VJC,2025-12-26,-1.9335254798552692,4.002263223272173,2.162497125188456,60.78847352651371,121.17004356545186,106.65917138352587,154.34390000000002,147.73874,99.8941,153.29973091082624,144.66265947142588,3.6108326924484846,8.24310536288586,60.086531637003596,4.316556232589219,3.5377445268902963,-0.3771386521125953,-1.556386827742673,38.67221355520874,266357755.2,2053825.0,2408023.3333333335,319212339.56,342066102.10833335,0.8109746448699378,0.834421863412754,6.801857142857143,4.253367148493996,54.04156819044865,53.51082168715163,24.868138146243616,50.93417090308584,169.224,59.305,91.53285601215441,-5.111788859089083,-5.111788859089083,-0.13260810902344655,55.685849910322396,0.6439233784232179,0.2815150522338725,-0.023144689440002253,55.06330937036506,0.7419886543169619,0.3412529058941849
1766966400,160.301,162.455,158.994,160.147,1680400,2025-12-29,VJC,2025-12-29,0.14382460901591898,1.0678110504559468,2.1085182351440857,55.024974831565075,116.87499153609684,106.13857817709072,154.50925,148.25717999999998,100.31562,153.95185177646184,145.26988851176213,3.64881066991134,8.019726262161475,59.64313433939799,4.024081654135281,2.164247703496197,-0.09629995560196625,0.2401245646178829,33.314071077722836,269111018.8,2045140.0,2407648.3333333335,318128038.3,343619346.0616666,0.821655241205981,0.8459204672372319,6.697428571428572,4.1820505981558025,54.04143481118149,53.156933809378835,24.868138146243616,55.5253797767771,169.224,59.305,91.74210100164667,-4.975316260413464,-4.975316260413464,-1.0160593856636924,51.52512228069512,0.5984144000743108,0.25631672108048126,-0.8445838149603979,51.289116532581765,0.7112459055784635,0.3195049479424361
1767052800,159.994,160.147,153.532,157.994,1702600,2025-12-30,VJC,2025-12-30,-1.344389841832816,-0.5326114328884413,-5.736565458895415,53.973745504867885,105.40041601664068,101.37398353259069,154.0285,148.64794,100.72444999999999,154.33681827394167,145.76887327600676,2.5745235459671445,6.287379428197926,56.857644792302175,2.3696106780994874,4.1305800295977955,-1.248852616658445,-0.09553722517436913,67.45275888133034,269000584.4,1952300.0,2409385.0,301748693.79,345369132.095,0.872099574860421,0.8914722414248764,6.763357142857141,4.280768347441764,48.05220080352805,53.253692744644276,24.39889334849238,55.97852007560369,169.224,59.305,89.78338594783433,-6.252818455842224,-6.252818455842224,-8.6392013597958,49.13187758817649,0.5800463716068139,0.24790432637060505,-8.791762062181384,48.73456555042597,0.6889056128937819,0.3094105112288228
1767139200,157.301,160.763,155.148,160.763,1395200,2025-12-31,VJC,2025-12-31,1.7525981999316542,5.025119062395889,-2.336445759344874,56.67228659695353,111.11081929324631,105.91105873914492,153.83620000000002,149.091,101.14982,154.94883558118534,146.35687824557513,4.502711325422748,7.82877571416114,58.935527517498286,3.7523124307496714,3.5539324278137205,2.1912224514855105,-0.4386242515538652,100.0,224296537.6,1937425.0,2402388.3333333335,299031837.95500004,346003424.97166663,0.7201311018491038,0.7500757749873891,6.6864285714285705,4.159183749636776,48.19340233493419,53.26570242830866,24.79880075314132,65.30654790107077,169.224,59.305,92.3025136691564,-4.609807039612656,-4.609807039612656,-5.380729931030482,51.5681242249846,0.5895644640093899,0.25232258087879794,-5.310091670328198,51.072557014801106,0.6964358365227367,0.3133414206548988
1767571200,159.224,161.147,156.686,159.609,1788000,2026-01-05,VJC,2026-01-05,-0.7178268631463647,-2.122401422701903,0.7282824776750463,55.897090280423136,112.82051282051282,105.03963105224621,153.8939,149.45252,101.57172499999999,155.3926607639296,146.87656929476827,3.7136624648540284,6.795790395504886,57.1392038483151,2.7133451575784617,2.774892232665467,0.23948296560777002,-0.9573098287541382,65.52342524097763,285380892.0,1914330.0,2403650.0,295475487.33000004,347837990.06666666,0.9340082430928837,0.9658360988885486,6.4171428571428555,4.020539479066253,46.303306891815396,53.31604557318982,23.058969260640364,66.76677452481061,169.224,59.305,91.25264967839956,-5.294543469489477,-5.294543469489477,-2.216618629828826,51.70651310750429,0.601404348785627,0.2560812263834049,-1.7546301328941416,51.37390761679974,0.7085018919871278,0.31767647706800617
1767657600,159.609,165.763,157.84,163.224,2090200,2026-01-06,VJC,2026-01-06,2.2649098735033624,2.0679477478942054,2.2649098735033624,59.19012230089529,121.04194033286836,111.98748003168953,154.07465000000002,149.94788,102.01786,156.1385025959363,147.51764500869893,5.938257850983253,8.853823075057798,59.99551451089054,4.537956549000555,4.96400578914723,2.2649098735033615,0.0,67.95405780638629,341170804.79999995,1902805.0,2408143.3333333335,294013797.255,350412946.8066667,1.0984835545418474,1.1603904578127686,6.763357142857141,4.143604581959235,46.90758706986983,53.382491008078446,23.058969260640364,68.50358998843124,169.224,59.305,94.54143505672359,-3.1495502337835046,-3.1495502337835046,-2.039296131136803,55.25775985060775,0.6330321193853684,0.2683062614639336,-1.8079830649932127,55.38364234815441,0.744570876371122,0.3306046961433627
1767744000,163.455,163.609,159.917,161.224,1487800,2026-01-07,VJC,2026-01-07,-1.2253100034308684,0.6725071340705657,1.5501092823894558,46.98417329151774,122.26756369251129,109.59958398335931,154.1977,150.47554,102.45245499999999,156.62283568203762,148.05514912600486,4.556682752077368,7.142994801680058,57.36470150959292,2.937735291233823,2.2619222663333867,-1.3668333088271474,0.1415233053962739,35.40086673889451,239869067.2,1893545.0,2370055.0,292726725.665,347513034.7133333,0.7857220187531851,0.819430021823525,6.494142857142857,4.028024895265505,47.10639891470873,51.978053660021885,22.957471907875078,63.328610270746374,169.224,59.305,92.72191340896478,-4.33626848313674,-4.33626848313674,-4.599034832473636,41.51938902755834,0.5237967717074374,0.23267058779419086,-4.142947547363263,42.78595038019326,0.6373290363457134,0.29208369302703147
1767830400,161.532,162.455,153.455,156.148,2229900,2026-01-08,VJC,2026-01-08,-3.1484146280950642,-1.1683987999544287,1.5002600104004005,33.1150950956071,117.57935512638294,103.2039352966438,154.31310000000002,150.714,102.86166999999999,156.57761323612928,148.37251582694586,1.1890759760512681,3.605504465411302,51.80387407670906,-0.2743771777140358,5.582295439884881,-3.3394531831489203,0.19103855505384626,29.92222222222204,348194425.2,1905990.0,2328630.0,294898594.925,344097432.36333334,1.1699431791352526,1.1807259552679605,6.779857142857144,4.341942991813628,47.14979571758363,50.90112385229497,23.011685264160626,63.14362626243343,169.224,59.305,88.10396746695294,-7.348159399995257,-7.348159399995257,-4.7034866198645275,27.74900876124031,0.5528548023742973,0.25084430322212303,-3.619302893168763,30.118606063035045,0.6633449830713697,0.31199102318937544
1767916800,155.148,155.917,146.148,152.84,2533600,2026-01-09,VJC,2026-01-09,-2.1185029587314608,-4.9283728221045875,1.0679451148950303,21.82660194329533,108.93767686019333,99.69948389625662,154.39385000000001,150.76938,103.25396,156.22165007078362,148.5477112847127,-1.0064196209887966,1.3733690488081818,48.02337847381348,-2.1646487981988427,6.256244076132904,-1.4780848938186801,-0.6404180649127733,68.50240556863551,387235424.0,1905725.0,2313293.3333333335,295063108.5,343329632.9866667,1.3294677878497685,1.3123817002016027,6.774428571428572,4.432366246681871,47.38648580561639,49.383526208794635,23.191489708058715,53.77366204669038,169.224,59.305,85.09447866155989,-9.310991384425515,-9.310991384425515,-7.595331944756634,15.572157846478007,0.5549155111524094,0.2597606285664874,-5.055897965157152,19.01166991566849,0.6836741903027003,0.33158525993796967
1768176000,152.148,152.302,144.61,149.994,1966900,2026-01-12,VJC,2026-01-12,-1.8620779900549667,-6.024096385542177,3.72311735011408,12.39209926867284,91.73953060285321,95.5873723741345,154.66305,150.76167999999998,103.63202,155.6285405402328,148.60442848923378,-3.0188529192977875,-0.5092010118220913,44.737118894334,-3.6205059307718446,5.032713949227937,-1.409316932740118,-0.4527610573148433,69.9947997919917,295023198.6,1916670.0,2284750.0,297175354.42999995,340062497.0966667,1.0262069109445027,0.9927579599118241,6.917285714285713,4.611708277854923,45.02403340620259,47.974676268859646,20.098316314137143,46.003096566204995,169.224,59.305,82.5052993567991,-10.999691453255178,-10.999691453255178,-6.779560853429389,6.139163252599045,0.528963746508925,0.25488276165243146,-4.381170465132044,9.525518643929365,0.6475755782342663,0.32337310586127355
1768262400,149.225,151.148,146.302,149.994,1639400,2026-01-13,VJC,2026-01-13,0.0,-8.105425672695187,5.405405405405417,11.42857142857141,79.22785551267194,95.98092376037108,155.04765,150.88476,104.01085,155.0919176316392,148.658921489656,-3.2594173468607934,-0.5903578333557369,44.209955019115775,-3.287029852675716,3.2307958985026093,0.5126871741536364,-0.5126871741536365,76.18654560462245,245900163.6,1898930.0,2260925.0,295281430.19,337275756.0066667,0.8633282954084669,0.8327654178651687,6.747,4.4981799271970875,44.52354239998488,47.95924433808153,20.316309796157736,40.03580092799771,169.224,59.305,82.5052993567991,-10.999691453255178,-10.999691453255178,-10.141473864005413,1.5082276188220547,0.5515397955850626,0.2624680325436892,-6.494778308835913,5.76028289058219,0.684467291247725,0.33519380228445583
1768348800,149.379,150.148,143.071,145.686,1902700,2026-01-14,VJC,2026-01-14,-2.872114884595378,-9.637522949436795,1.8277638375352234,8.53864779288509,66.1394245572421,90.54382798399124,155.1784,150.97552,104.370065,154.19611595243546,148.5423363331989,-6.117088460765164,-3.5035613720687864,39.58600102433587,-5.519020955794085,4.7181887275491015,-2.4620984839393465,-0.4100164006560325,36.95068531863798,277196752.2,1923890.0,2234546.6666666665,299101260.375,334098571.6266667,0.9889858567797535,0.9267655771575917,6.829428571428571,4.687772724509267,45.90599194025946,48.36797823786002,21.049428242131647,35.8193186718413,169.224,59.305,78.58604972752664,-13.555882562362044,-13.555882562362044,-13.265097080685194,-7.227990560115028,0.7382233786947847,0.29937805323590794,-8.721801900709771,-1.950645900924176,0.8922595181010213,0.38157773546674656
1768435200,144.994,144.994,136.533,138.841,1674500,2026-01-15,VJC,2026-01-15,-4.698461073816285,-11.083715449445386,-5.743981751775252,0.27806667822269926,48.073374926678405,81.7718834280328,154.75535,150.894,104.6989,152.7337239569654,148.16189177111266,-10.283554009602891,-7.98772648349172,32.60979819272218,-9.096042181803831,5.807696003734067,-4.22346690828219,-0.4749941655341039,27.27809951542392,232489254.5,1928300.0,2193650.0,299042464.96999997,328446927.455,0.8683814759114246,0.7774456197159938,7.071142857142858,5.092978916273188,47.661997616041596,48.980644546566324,24.143553745827038,35.00716453135534,169.224,59.305,72.35873688807214,-17.617425770773497,-17.617425770773497,-16.79818678042019,-11.827642609213495,0.7757559555757501,0.31267895532166534,-12.949184200109432,-6.589723916275969,0.9120129592452558,0.3775559917411012
1768521600,138.841,143.84,138.148,141.533,1380500,2026-01-16,VJC,2026-01-16,1.9389085356630753,-7.3979324784088085,-0.5941887497454057,2.1087944592742103,44.882687740561764,86.61313502894134,154.71305,150.88631999999998,105.040425,151.6669883420163,147.90193523106905,-8.519029260944711,-6.198918497051286,34.741457872052585,-6.681736383637881,4.099653560547681,1.9389085356630813,0.0,59.46943078004193,195386306.49999997,1921770.0,2167975.0,298054334.95,324955369.06333333,0.7183481894295363,0.6555392208362846,6.538142857142859,4.619518315264185,46.80080857743441,49.13325830276543,23.378925487940116,23.178659493387073,169.224,59.305,74.80781302595547,-16.02010300714406,-16.02010300714406,-12.870875771004197,-9.844139708137178,0.7886525346457919,0.316583916789819,-10.204557832176453,-5.632235537411234,0.9236175113627486,0.3846391500492283
1768780800,141.917,143.84,140.148,142.302,1083300,2026-01-19,VJC,2026-01-19,0.543336183080978,-5.128205128205132,-4.590071606726209,0.543336183080978,56.38269814057762,87.62707171393535,154.37075,150.9494,105.38656499999999,150.77508469039572,147.68232992788987,-7.818028998369186,-5.728674641966114,35.02859686146902,-5.6196849153124395,2.608578917990863,0.27202136604183547,0.2713148170391477,58.342361863488414,154155756.6,1869430.0,2142673.3333333335,289877115.04,321388232.57,0.5794814462162263,0.5317969187692796,6.389785714285716,4.490299303091816,43.404328281824675,48.96178003094191,23.378925487940116,26.67814113597241,169.224,59.305,75.50741909951874,-15.563809840267728,-15.563809840267728,-17.685636252696934,-11.876494765432998,0.7817591587259699,0.3156687691895479,-14.612294179185959,-7.086508917598433,0.9140324377484742,0.3817422279191345
1768867200,142.687,143.071,139.456,139.841,1416900,2026-01-20,VJC,2026-01-20,-1.729420528172465,-6.7689374241636235,-9.054193791744435,1.0003177904894134,53.15977394199598,84.56959586094027,153.67464999999999,151.00786,105.745785,149.73374329131042,147.37482679346283,-9.001907601546499,-7.39488659729367,32.242623192971735,-6.606889718948549,2.540371885145683,-1.9999718907675255,0.27055136259506174,10.65006915629373,198140712.9,1834485.0,2107890.0,283517562.915,316604978.14500004,0.7723693570675149,0.6988657452568594,6.400785714285716,4.577188173915887,41.90076181439201,48.88373223906484,23.026843566294858,24.61496149614959,169.224,59.305,73.26849771195154,-17.02406664609688,-17.02406664609688,-20.171302768397737,-11.51171300835563,0.7786001991222432,0.31478457658051356,-16.933549084304243,-6.2510449576336,0.9171974642777294,0.38417699836893093
1768953600,139.61,141.148,136.995,139.841,1463200,2026-01-21,VJC,2026-01-21,0.0,-4.012053320154307,-11.74718374301852,3.708070987310985,50.00053632531349,84.19520547945206,152.74394999999998,151.0894,106.11308,148.79157726356658,147.0793826054839,-8.447437689021386,-7.444863769397458,31.784884577848473,-6.015513396777616,2.9698014173239544,0.16518760592386675,-0.1651876059238666,68.52877437996652,204615351.20000002,1814775.0,2081865.0,279032614.625,313217674.4533333,0.8062707498174705,0.7333026337261274,6.224928571428573,4.451433107192148,39.879047040216996,48.56564671422872,23.026843566294858,26.015379330391326,169.224,59.305,73.26849771195154,-17.02406664609688,-17.02406664609688,-19.42323726580225,-10.385385146882452,0.7496504381950712,0.29880398789288687,-16.537440029285445,-5.741833261515805,0.903149708795927,0.3697748694034865
1769040000,139.225,140.071,137.764,139.225,1307700,2026-01-22,VJC,2026-01-22,-0.4405002824636628,0.27657536318521636,-12.348904558045836,-3.466805338880219,52.10028950674606,83.01259300155112,151.76319999999998,151.18324,106.491525,147.88047466703642,146.77136760134727,-8.261686627588238,-7.909765659209322,30.738103337331314,-5.853020614469118,1.649730765655271,0.0,-0.4405002824636628,63.32899869960953,182064532.5,1787990.0,2041588.3333333333,273495558.45,307299797.2033333,0.7313799294179497,0.6656946589254565,5.988642857142858,4.301413436626222,39.76261107442413,46.42624381763539,22.75762764409934,19.826281871672677,169.224,59.305,72.70808504444182,-17.389575866897687,-17.389575866897687,-18.588782672200953,-15.500723815524076,0.6502681632366519,0.26792732078006215,-15.800692303901254,-10.293428502304657,0.7715782071538404,0.3198886246201713
1769126400,139.61,148.917,138.379,148.917,1510400,2026-01-23,VJC,2026-01-23,6.961393427904472,5.217157835981734,-2.7137733470088965,-0.7689693545055332,52.08182273103279,95.55488437446652,151.5555,151.45246,106.93189000000001,147.9791913654139,146.85551004835327,-1.7409463859774155,-1.6740962807735182,39.26341337462564,0.6337435864683938,7.5690429161429424,6.684862632429513,0.27653079547496073,100.0,224924236.8,1771850.0,2028125.0,270711282.42999995,305250291.28,0.8524423625024692,0.8308639181233997,6.422714285714288,4.3129490157029,46.37584041903109,47.875184616065255,21.403608923438124,37.91263453016187,169.224,59.305,81.52548694948098,-11.638739230531892,-11.638739230531892,-7.648090888880754,-11.740419619360242,0.5729784749446993,0.22981819110215912,-5.4140447087108186,-7.3338799075992505,0.7479898152539138,0.3009047548808935
1769385600,145.917,146.071,139.994,139.994,1220900,2026-01-26,VJC,2026-01-26,-5.991928389639867,-1.6219027139463882,-14.150978107561162,-6.9058844652511215,42.96918881933027,84.20990302248772,150.40169999999998,151.54013999999998,107.30649000000001,147.2186969496602,146.58643122292764,-6.9199350805210225,-7.619195811749934,30.461820156450912,-4.9074588346143315,4.080796685401935,-3.9773833746315073,-2.014545015008362,0.0,170918674.6,1656985.0,2008695.0,250571572.45999998,302117109.8683333,0.7368201884748504,0.6821151853819516,6.49414285714286,4.63887227819968,43.86909007789402,49.43805280803555,27.109723914094374,26.55240633074935,169.224,59.305,73.40769111800508,-16.93328270002137,-16.93328270002137,-19.93862477824424,-17.3367139602708,0.6778071664079651,0.2652964209063458,-16.988227185341366,-12.469000641400873,0.8750694034102515,0.34750349877877224
1769472000,140.148,141.148,137.533,137.533,1224400,2026-01-27,VJC,2026-01-27,-1.757932482820701,-1.6504458635164365,-13.997261079184831,-4.384733036707466,38.60441210557608,80.9716173006829,149.28249999999997,151.57706,107.665705,146.29624962112112,146.23139470438147,-7.870647932610975,-9.265293837998968,27.740769449287473,-5.990071272377961,2.5822535251510845,-1.8679371973084626,0.11000471448776583,0.0,168395405.2,1634925.0,1982415.0,245673454.95999998,298208289.82166666,0.7489028548710186,0.6854440388255124,6.488642857142859,4.717880695646034,43.80925937064604,48.761434956209214,27.07138265221736,26.30757845470727,169.224,59.305,71.16876973043786,-18.39353950585053,-18.39353950585053,-19.818743331468326,-16.02441223653669,0.6203981804072967,0.24182042766160247,-16.739418894410896,-11.519709911150555,0.8235195227076203,0.32371235578841284
1769558400,137.687,138.61,128.149,131.918,1969300,2026-01-28,VJC,2026-01-28,-4.082656526070094,-5.665720353830428,-17.626930257825613,-6.5392354124748415,34.299123458926786,73.58316775662198,147.87105,151.46168,107.99645999999998,144.92689251434768,145.67008510813122,-10.788487672198166,-12.903382558545495,22.150300111688857,-8.976175703939704,7.606174518115662,-4.194629652519763,0.1119731264496604,36.02906031928115,259786117.4,1649370.0,1975085.0,245207209.88999996,296870730.99833333,1.1939710313634904,1.0594554602066562,6.5930000000000035,4.9978016646704795,45.255173444982525,49.32561039521737,28.13831703123703,26.026990660123474,169.224,59.305,66.06046270435503,-21.72525099090974,-21.72525099090974,-20.366211331883665,-18.036452481120477,0.6642461944589907,0.2565717901586964,-17.95194809110704,-14.048225313639751,0.858158717217241,0.33156678399264583
1769644800,132.302,132.995,123.841,126.149,1782400,2026-01-29,VJC,2026-01-29,-4.373171212419836,-9.391991380858322,-20.155828702355784,-11.732684005401739,34.97934901239059,65.65639321873647,146.2788,151.22938,108.306835,143.13852179869554,144.90455235879276,-13.761255903111035,-16.58433037284157,16.47372024120175,-11.869286887417307,6.939159174638798,-4.664261131915274,0.2910899194954242,25.213021629888622,224847977.6,1653360.0,1969298.3333333333,242999579.55,295545596.57166666,1.0780471282721247,0.9253019203423555,6.5325714285714325,5.178456768243453,46.87427627892507,50.02577193052667,29.78014256711659,24.81838594637432,169.224,59.305,60.812052511394754,-25.14833978116916,-25.14833978116916,-22.876978739143375,-21.59963154713954,0.6352762924232503,0.23661472948873205,-20.617589164116236,-18.123017618019055,0.8069607565531233,0.30157657883911837
1769731200,126.38,131.149,122.61,131.149,1696000,2026-01-30,VJC,2026-01-30,3.963566893118453,-11.931478608889512,-18.420905307813364,-7.587533558347481,37.50013105335444,70.84256050855846,144.7981,151.114,108.63413,141.99666257977216,144.36511893295776,-9.426297720757393,-13.211879772886693,20.725411065564757,-7.639378547843023,6.768979540067699,3.7804501026563866,0.18311679046207896,100.0,222428704.0,1668400.0,1963506.6666666667,242906187.86999997,294419285.14666665,1.0165427954926876,0.9156979735692891,6.554642857142862,4.997859577383633,49.24220184675414,50.71876674918933,29.78014256711659,32.915087668401284,169.224,59.305,65.36085663079177,-22.18154415778606,-22.18154415778606,-20.91741691617205,-18.110891606314418,0.6627825462492202,0.24403595721703347,-18.380523751350587,-15.185852110988119,0.8260909654648857,0.30388764835189935
1769990400,131.302,132.072,123.303,130.764,1498600,2026-02-02,VJC,2026-02-02,-0.2935592341535176,-6.593139705987394,-18.07228915662651,-6.025239313536657,33.858815821800015,72.06468676395122,143.35585,150.80016,108.9495,140.92688519122242,143.8317417199006,-8.783631780635382,-13.286564152186575,20.02257926837665,-7.211459458166902,6.686288115044723,-0.4102204362976329,0.11666120214413045,85.0838179952105,195962930.4,1653930.0,1959005.0,238435289.78999996,293583482.86,0.9060842961914954,0.8218704981657406,6.834857142857148,5.226864536766348,49.293713897256296,50.571374818167335,30.01252370123581,32.68690579083838,169.224,59.305,65.01059871359821,-22.40998742078656,-22.40998742078656,-19.084366991562753,-16.000644758430226,0.6367984011618496,0.23678455260263562,-16.87101542198132,-13.230523866382182,0.7978306085744267,0.29591343598127234
1770076800,129.841,130.764,126.764,129.226,1304800,2026-02-03,VJC,2026-02-03,-1.1761646936465753,-6.040004944267919,-20.829044748321323,-5.617961115412151,31.868647699906116,71.08095584828227,141.65595,150.39096,109.26295,139.81251517301075,143.25896753480646,-8.774746136678335,-14.073292703231633,18.27064892536765,-7.57193671819042,3.0589458872472655,-0.47031293016427234,-0.7058517634823014,61.54999999999986,168614084.8,1614660.0,1946305.0,229807453.79000002,291677348.9,0.8080958220306442,0.7337189547997907,6.615071428571435,5.118994187370525,47.811810080867254,50.52313367760267,29.397558100220593,34.4028351590039,169.224,59.305,63.61138656647167,-23.3225737545392,-23.3225737545392,-20.671028594335414,-19.019249340038513,0.643393259467486,0.22754487553829109,-17.994845639389244,-15.097823668913811,0.8183363535936945,0.2920814678465866
1770163200,127.687,128.456,123.995,126.918,1312300,2026-02-04,VJC,2026-02-04,-1.7860182935322544,-3.7902333267635924,-21.278469706743408,-6.515718452608943,21.05644684382213,68.88398025309046,139.94065,149.77868,109.574475,138.58446610891448,142.61814527853954,-9.305837867696054,-15.262973341733288,15.828070360364489,-8.418307214710286,3.4520916843359575,-0.5950814851500404,-1.1909368083822147,65.52342524097763,166554491.4,1605885.0,1936035.0,226141725.0,290089575.8566666,0.8171818031801779,0.7365049125719724,6.334928571428576,4.991355498375782,47.86986927707338,50.62346072628332,29.32236353998038,37.63917974662547,169.224,59.305,61.51165858495803,-24.69204661429284,-24.69204661429284,-17.51016536312133,-19.858626572618565,0.6606763889367059,0.2334166245452882,-16.100480809587793,-16.714811669471995,0.8332163275739672,0.2943539881520505
1770249600,126.149,130.764,124.764,128.072,1515400,2026-02-05,VJC,2026-02-05,0.9092484911517706,1.5243878270933653,-17.98037759049107,-4.802539153962215,14.354084074431238,69.89732296834788,138.53685000000002,148.96948,109.89369500000001,137.58327886044643,142.0477082087929,-7.553838563530213,-14.028027754409834,16.54171788472487,-6.913106693796644,4.727461825745768,1.5151515151515165,-0.6059030239997543,55.133333333333326,194080308.8,1570160.0,1927680.0,218436019.17999998,288802369.3183334,0.9651245732918938,0.8884995685627749,6.356928571428576,4.963558444803374,47.785658181675466,50.63095599797636,29.55446791204276,35.58501638431392,169.224,59.305,62.56152257571485,-24.00731018441602,-24.00731018441602,-14.046255277011577,-16.65926696064014,0.6579947459681248,0.2325918484425569,-12.929341684549488,-12.909148727963103,0.8223220321116376,0.2915408262659748
1770336000,126.918,127.764,124.149,127.687,1268400,2026-02-06,VJC,2026-02-06,-0.3006121556624386,-2.6397456328298374,-16.457079298612932,-5.735441767068272,16.57293625723519,69.21374521263202,137.2792,148.32641999999998,110.20252999999998,136.64077611183248,141.4845431809971,-6.9873658937406375,-13.914864256819515,15.865760976630948,-6.552784876239537,2.822631020051217,0.6004435005309444,-0.9010556561933836,97.8699861687414,161958190.79999998,1506900.0,1916785.0,207172157.51999998,287162339.5383333,0.8417280509655585,0.7817565484607403,6.373428571428576,4.991446718482364,47.6281245412376,50.61151817933579,29.882336841837475,34.21944846351525,169.224,59.305,62.211264658521294,-24.23575344741652,-24.23575344741652,-10.439091183617478,-13.311459317593442,0.6614832354188597,0.2304633061041074,-10.523026128799597,-9.545255522562945,0.8607112416558044,0.2945533851187255
1770595200,127.687,129.61,126.533,126.918,1042500,2026-02-09,VJC,2026-02-09,-0.602253949109921,-2.941176470588236,-15.384615384615385,-6.409556817343853,13.013899895817582,70.45353818880189,136.1254,147.75722,110.50752,135.7147974345151,140.91330619350703,-6.763910335617018,-14.103689823075982,14.85010250886094,-6.4818263010411385,2.409798961523109,-0.602253949109926,0.0,12.512187195320232,132312015.0,1460680.0,1903195.0,199036598.33999997,285168376.1383334,0.713708683626804,0.6647622402287083,6.335000000000005,4.991411777683232,47.48362645038885,50.62295703699166,30.052159687806324,35.51720273450633,169.224,59.305,61.51165858495803,-24.69204661429284,-24.69204661429284,-8.858858059051954,-13.972200861868922,0.6630500859072899,0.2309633008499605,-9.01563872807577,-10.8896907064026,0.863698208891543,0.29501740003765636
1770681600,126.149,126.918,124.226,125.38,1049000,2026-02-10,VJC,2026-02-10,-1.2118060479995085,-2.976181263832356,-16.409989732922657,-7.596158806665354,13.352198244297565,68.91200086220834,134.8947,147.13418,110.78443500000002,134.73053101218034,140.30415693101656,-7.053427599453499,-14.785266074816871,13.174743365347297,-6.9401723142729965,2.121054539151269,-0.605903023999752,-0.6059030239997543,42.86775631500718,131523620.0,1431160.0,1889856.6666666667,193317771.16,283178336.9866667,0.7329718549987423,0.6803493502474954,6.230642857142863,4.969407287560108,47.41120057198808,50.67709127717181,29.550795586326483,34.33362944987324,169.224,59.305,60.112446437831494,-25.60463294804548,-25.60463294804548,-8.585214255106864,-14.846106833520189,0.6653725350434674,0.23154743914608308,-9.822332197299144,-11.872850728825712,0.8622225543784682,0.29402034226227075
1770768000,124.995,129.226,123.995,129.226,1187900,2026-02-11,VJC,2026-02-11,3.0674748763758197,1.818496982303519,-11.298271625276278,-6.145097213244544,15.227063995220647,74.81872294372293,134.0717,146.58190000000002,111.087885,134.20628996340125,139.86971940431005,-3.6142601309597677,-11.84041140140769,16.327716564232,-3.710921421611013,4.172116765034292,3.374541394161744,-0.30706651778592553,100.0,153507565.4,1395420.0,1877778.3333333333,187133311.82,281347793.8066667,0.8512849178025254,0.8203112738562338,6.439500000000007,4.9831303298097955,48.72104122757723,50.99032562279058,29.62542883448681,39.87607071259342,169.224,59.305,63.61138656647167,-23.3225737545392,-23.3225737545392,-6.146881240782697,-14.754156581482336,0.701845577576034,0.24976098662804183,-8.0957173221463,-11.814900861437883,0.8871415574931761,0.310745838111874
1770854400,129.226,130.764,127.456,129.226,1078600,2026-02-12,VJC,2026-02-12,0.0,0.9010556561933836,-6.925187804755084,-6.197555239394914,20.000371443429167,74.63680960038921,133.59095,145.81424,111.40325999999999,133.7319766335535,139.4523186433567,-3.2673994757878355,-11.376282590781262,15.998400764932752,-3.3694085341313573,2.559856375651964,0.0,0.0,53.50665054413519,139383163.6,1365625.0,1865255.0,182478007.275,279469044.53333336,0.7898215102974828,0.7638354105322142,5.9230714285714345,4.583498234543694,46.208596675924404,50.98993252026007,27.340281998234257,25.1946285052027,169.224,59.305,63.61138656647167,-23.3225737545392,-23.3225737545392,-4.205861335428618,-15.485352241660078,0.6965414144882845,0.24887446315509734,-5.410643096137657,-12.435470595519815,0.8822735429265742,0.3099471290354009
1770940800,129.226,130.379,127.303,130.149,1247500,2026-02-13,VJC,2026-02-13,0.7142525497964902,1.9281524352518398,-8.043353846806035,-4.943834996129071,18.737170539453164,74.97378397999515,133.02175,145.12504,111.709405,133.39074076369127,139.08748261812704,-2.159609236835325,-10.319404563127089,16.506752497697043,-2.430259210745511,2.3803259406001835,0.714252549796482,0.0,92.52275682704844,162360877.5,1358975.0,1855851.6666666667,180826735.825,278040820.1483333,0.9179712651078938,0.8978809287202373,5.505428571428577,4.230096713327476,45.61590957491345,51.000549857614196,27.340281998234257,34.46719888927457,169.224,59.305,64.45109580691238,-22.774903282462677,-22.774903282462677,-5.114338823896492,-15.561785269021723,0.6990419089582343,0.24886746911575736,-5.077026065423108,-11.965359754903337,0.8830370057117036,0.3090225478970194
1771804800,130.379,134.61,130.149,134.533,1266800,2026-02-23,VJC,2026-02-23,3.3684469338988388,5.999936967175645,-5.45951567792442,-8.141011634893758,21.458041800207628,79.38450871368185,132.6333,144.6466,112.03977499999999,133.49952735762542,138.90887545663188,1.4322949063319657,-6.9919375913433335,20.07610690042889,0.7741395515251881,3.4276098932761774,3.1917264058886325,0.176720528010188,98.273929612194,170426404.39999998,1368150.0,1826806.6666666667,181640268.215,273535271.355,0.9259218652925484,0.9382633381617415,5.565857142857149,4.137168681927221,47.439645168846624,49.39910049954987,27.340281998234257,45.5375736300351,169.224,59.305,68.43948725879966,-20.173616879880395,-20.173616879880395,-3.5376453738523828,-20.468984629899765,0.7274493603241153,0.27276689121530184,-2.8600046381200173,-15.642619046907713,0.8735556671141594,0.31694795980533824
1771891200,134.533,143.533,131.302,143.533,1663400,2026-02-24,VJC,2026-02-24,6.689808448484769,14.478385707449348,2.64014130333734,-4.110604866186563,29.49333285216793,91.5816871329418,132.8179,144.32507999999999,112.41553,134.45509618070872,139.09021367401886,8.06751198445388,-0.548816602076363,27.680757276152136,6.751624949262225,9.091449681490783,6.689808448484759,0.0,100.0,238752792.2,1380475.0,1822468.3333333333,183670872.18,272715301.9216667,1.20494757239356,1.299894694059159,5.692285714285719,3.9658376222093312,53.014985389358884,51.11580580947279,27.573655771566656,65.69637017216678,169.224,59.305,76.62733467371427,-14.833384757790814,-14.833384757790814,4.021505558953098,-16.962507967828312,0.751917804379456,0.27241667546883386,4.3067999787368745,-12.056328039633446,0.9084814576833448,0.31890790980301487
1771977600,138.61,141.148,136.148,137.302,1183500,2026-02-25,VJC,2026-02-25,-4.341161962754203,6.249516351198681,-1.8156334694403031,-12.841835309651383,23.103268958344536,83.26481580352375,132.69095,143.89586,112.75667,134.72622987778408,139.02008764758673,3.4750297590001367,-4.582383398660673,21.76840625037968,1.9118549702997756,3.483519469390315,-0.9112886931925211,-3.4298732695616896,23.079999999999927,162496917.0,1366490.0,1794578.3333333333,181564950.46999997,267922697.69166666,0.8660875674172515,0.8949795463241096,5.565928571428574,4.053785503072479,55.39949295603343,50.67381422430268,29.512641651388883,64.88614826085795,169.224,59.305,70.95861498012172,-18.53060546365083,-18.53060546365083,-0.5146108964599883,-24.408520761515327,0.7425113079748339,0.27129383153948905,-0.3380188028889841,-19.79668721639124,0.8723616661548025,0.30784356843657884
1772064000,136.533,137.764,133.61,137.302,1174800,2026-02-26,VJC,2026-02-26,0.0,6.249516351198681,-1.381217453761896,-18.53060546365083,23.52967638035428,84.21144428791843,132.59480000000002,143.56509999999997,113.09896499999999,134.9715413179951,138.95271166140688,3.5500638034070553,-4.362550508445285,21.39987311112883,1.7266296726317298,3.0254475535680445,0.560079241380319,-0.560079241380318,88.87818969667747,161302389.6,1359845.0,1760618.3333333333,180526843.325,261587867.57166666,0.8639219911092808,0.893509168105319,5.252714285714289,3.8256648014699635,55.37870460080742,48.42952565125183,29.72697552902226,59.47752687840793,169.224,59.305,70.95861498012172,-18.081964572308173,-18.53060546365083,-1.2170940797252672,-31.73737989811084,0.8019690779825973,0.3070067757074314,-0.7794934400274234,-26.92084425711544,0.9154860988262397,0.33915628055624786
1772150400,136.764,137.302,134.764,135.225,1133900,2026-02-27,VJC,2026-02-27,-1.5127237767840196,3.9001452181730123,-9.194383448498167,-15.399774774774777,23.802940691776687,81.9864073750084,131.91019999999997,143.2451,113.42741,134.99568024009082,138.80652689037132,2.5129216694387724,-5.598865161879896,19.217215662422337,0.16987192442108334,1.8484799930081008,-1.1208868042708888,-0.39183697251313765,18.163908589440013,153331627.5,1341020.0,1742003.3333333333,176947212.86,258147263.49666664,0.8455504019328571,0.8665388113307861,4.807642857142858,3.5552914454744746,49.03113070932403,47.4324656573925,29.334740206352812,56.53090504494479,169.224,59.305,69.0690417489242,-19.321158171697228,-19.763012365604173,-9.704328444996978,-27.300200873944014,0.87598752245377,0.3403145069958598,-8.423842096272683,-22.584407355159996,0.964128424712584,0.36447317320510153
1772409600,131.149,131.995,129.379,129.995,1184600,2026-03-02,VJC,2026-03-02,-3.8676280273618024,-3.3731500821359672,-7.142448962098369,-16.33628956480324,20.71447143600029,74.94785007738373,131.41025,142.9528,113.72932,134.51942497912978,138.4609768162391,-1.0769707842424703,-9.064390484131824,14.302099054140127,-3.3633989885339832,1.9345535219079415,-0.8533924939914931,-3.014235533370302,23.5474006116212,153992077.0,1339205.0,1680366.6666666667,176100882.98000002,248069136.47333333,0.8845546424931209,0.8744537471597406,4.939500000000001,3.7997615292895888,46.34465966176991,47.7305373263706,25.632515747007663,51.0159862597437,169.224,59.305,64.31099264003495,-22.44151567039956,-22.866280587662878,-7.271535808257212,-25.94135273569713,0.9226496274268653,0.3650256343951248,-6.08304769849296,-20.9985283971875,0.9935860387594644,0.3892471366656805
1772496000,129.456,130.764,126.226,126.226,1193000,2026-03-03,VJC,2026-03-03,-2.8993422823954784,-12.057854291347624,-8.22129961536503,-19.360897452278138,15.564059839232414,70.76028138528139,130.8449,142.63128,114.00277,133.72957498111742,137.98117380383758,-3.530057342701165,-11.501880933831632,10.721871056291011,-5.611006377741745,3.490903496288327,-2.484710950421162,-0.41463133197431334,0.0,150587618.0,1337635.0,1675461.6666666667,175210493.62,246698762.7133333,0.8918725960370355,0.859466889732058,4.8900000000000015,3.874003771013897,46.98391008268943,47.9889957546981,26.236567043307822,49.11972726810155,169.224,59.305,60.882104094833466,-24.69020160015274,-25.102651128569065,-7.272924854370766,-26.58447653908529,0.9388773840071752,0.3774331607446046,-5.224586939364462,-21.202450115590523,0.9931942524846781,0.40284085889155113
1772582400,125.841,127.687,119.841,125.533,1467800,2026-03-04,VJC,2026-03-04,-0.5490152583461416,-8.571615854102632,-4.840127958277119,-19.96110686049477,15.010673483036951,68.07428135334521,130.52564999999998,142.28052,114.28045,132.94894879243958,137.49301012525572,-3.825033623659402,-11.770775085725017,9.846434801403037,-5.578042443958986,6.2158350894427485,-0.24400678148716803,-0.30500847685897003,72.54652052001026,184257337.4,1312560.0,1669023.3333333333,171434054.61999997,244923100.93666664,1.1182726884866216,1.0748000903812494,5.021857142857144,4.000427889763762,44.9264070873168,47.97946469159247,24.227121612348217,46.731883125241346,169.224,59.305,60.251639843885066,-25.10366388439762,-25.51384900196996,-5.692083962736561,-26.813199216827076,0.937948488494657,0.37662639034367285,-2.807210722043119,-21.149071030212795,0.9930318963260231,0.4024267643974379
1772668800,125.61,125.918,119.995,120.303,1566900,2026-03-05,VJC,2026-03-05,-4.166235173221389,-12.380737352696968,-4.634202411434096,-28.224021383099963,7.862176556027745,61.404709197021546,130.23335,141.74054,114.535825,131.74457271696915,136.81889208112804,-7.6250438155818,-15.124494375427112,5.035258618864447,-8.684663421808981,4.718281248755309,-4.227573626058488,0.06133845283711192,5.200067533344464,188502770.7,1301785.0,1635815.0,169616794.275,238121689.20499998,1.2036549814293451,1.1113449673761675,5.164714285714287,4.293088522908229,44.67738922294649,46.21061097203191,23.869990315755448,41.54955367360952,169.224,59.305,55.49359073499578,-26.91590374766872,-28.617117224028675,-4.277724654103432,-33.549985531120406,0.9010529558963037,0.37517406068749576,-0.8590288089219351,-27.846608711059275,0.9562086660119975,0.4018952852864312
1772755200,119.995,121.918,117.072,120.303,1238100,2026-03-06,VJC,2026-03-06,0.0,-11.034941763727124,-8.269982996439163,-26.91590374766872,7.936693074459211,62.917270425091054,129.69105,141.29901999999998,114.79889000000001,130.65489912487683,136.17121003873086,-7.238780162547831,-14.85928210967068,4.794567264544103,-7.923085314223643,4.028162223718447,0.2560202156222145,-0.2560202156222102,66.67354519191069,148947144.29999998,1278890.0,1628238.3333333333,165942716.29,235960247.37166664,0.9681051536879638,0.8975816934302877,5.291071428571429,4.398120935115026,41.908159534314535,46.1443781424855,23.869990315755448,42.29398196686935,169.224,59.305,55.49359073499578,-26.29576532862814,-28.617117224028675,-4.923965413444797,-28.998743847681993,0.8529219173019138,0.3652477800863642,-2.0812264133107004,-23.477752438585007,0.9352446221672985,0.399245800804128
1773014400,114.995,117.688,111.919,117.688,1111300,2026-03-09,VJC,2026-03-09,-2.1736781293899554,-9.46728720335398,-9.999694105411283,-25.727809157173965,5.227016684251007,57.89629033340042,129.03725,140.66982,115.04772999999999,129.41995635107904,135.44637827250614,-8.795328480729403,-16.337420492896047,2.2949344589415333,-9.065028826971332,4.795391636118804,2.238514417761816,-4.412192547151772,100.0,130786674.4,1259525.0,1609261.6666666667,162683903.48999998,232198226.87,0.8823167463924892,0.8039312531496967,5.697642857142857,4.8413116521164925,42.37488562754742,45.78240478485293,23.9235111995544,41.258693576980775,169.224,59.305,53.11456618055115,-27.897858158113998,-30.16875133505803,-1.4909755889429768,-20.866650077254093,0.6753437721932776,0.3522043340739162,1.1562648031407825,-15.684010881825785,0.7423842001410103,0.38396233891399933
1773100800,118.688,119.995,115.918,119.226,1429000,2026-03-10,VJC,2026-03-10,1.306845217864172,-5.545608670163038,-7.738380821196977,-25.30120481927711,6.164572629404375,60.12302072281388,128.53725,139.97908,115.30426,128.44910336526198,134.81028500691767,-7.244009032401111,-14.82584397611415,3.401209981313791,-7.180356361877327,3.4642444429338575,0.4571409149615906,0.8497043029025875,81.13809173411808,170373954.0,1265735.0,1594400.0,162771896.95,228864382.665,1.1289882953382817,1.0467037442730989,5.615214285714286,4.709722951130027,42.75795925316429,45.86149868398102,24.31920126140473,38.0067162389062,169.224,59.305,54.51377832767766,-26.955594765475666,-29.25616500130539,-0.2017093752942456,-21.59194977138241,0.6814016467737731,0.3576525500468306,0.3074120695918827,-18.28829669475168,0.7269335965167851,0.3905383829843543
1773187200,120.764,123.072,117.534,122.841,1433700,2026-03-11,VJC,2026-03-11,3.0320567661416,-2.144456039447795,-3.2123103105942463,-22.62617864363864,9.683381549341053,65.66330865396286,128.3334,139.2668,115.583095,127.91499828285608,134.3409012811562,-4.279789984524696,-11.79448368168149,6.279382811128209,-3.9666953453230236,4.644959991948062,1.74206968278731,1.2899870833543048,95.82881906825553,176117141.7,1271805.0,1590411.6666666667,163250029.465,227372826.70999998,1.1272954580301224,1.0788184374432754,5.774499999999999,4.700792080819921,44.039423536934265,46.41075249086992,24.54497575680795,42.95331641099216,169.224,59.305,57.8025637060017,-24.740846934274373,-27.11117176559942,0.30945721590693864,-21.1778453673263,0.7131243867153382,0.3820981237283068,1.7293703134909744,-17.893894464630467,0.7539370676145453,0.4121523142356177
1773273600,119.226,121.457,117.534,117.534,1393200,2026-03-12,VJC,2026-03-12,-4.320218819449517,-2.3016882372010605,-8.22818414641764,-23.59984399375975,7.606247596726057,58.34186560327641,127.80649999999999,138.44068000000001,115.833085,126.92633177972692,133.68180711326772,-8.037541126625003,-15.101543852572819,1.4684189754593957,-7.399829214340448,3.1935591537027443,-1.3773902850025588,-2.942828534446962,0.0,163748368.8,1265695.0,1580615.0,161733432.46499997,225022682.19,1.100739119614125,1.0124583786066377,5.933857142857142,5.048630305151821,46.26365555295465,46.7813350088003,26.715506969926402,37.30604359113686,169.224,59.305,52.97446301367372,-27.992207028378168,-30.260128640258234,-4.135755280068121,-21.450081806909004,0.7302649237889492,0.3895322533176121,-2.6692714528814507,-17.861432827121803,0.7743612438746574,0.4228599521630504
1773360000,117.38,120.764,117.38,120.611,1257300,2026-03-13,VJC,2026-03-13,2.6179658651964477,0.2560202156222324,-5.541676129911421,-20.244007273929565,10.423342427627125,61.6509408674208,127.45270000000001,137.79148,116.09845999999999,126.32487161022912,133.1692264421592,-5.368030649801847,-12.468463217029091,3.8868215823018026,-4.523156475360657,2.8791668793710756,2.748991781101646,-0.13102591590519186,95.47872340425558,151644210.3,1265140.0,1559255.0,161217733.44,221150999.82,0.9938030573691449,0.9406174312482631,5.856928571428569,4.856048429603079,47.480962098332334,47.106727147398004,26.885016991368243,35.61241784134596,169.224,59.305,55.77379706875064,-26.107067588099785,-28.434362613628274,-2.1665500967241065,-18.921129753539567,0.7095743153695417,0.3733414693572103,-0.9110937055442632,-15.447861448086464,0.7659459164362951,0.4133612816807182
1773619200,119.995,119.995,117.38,118.457,1162100,2026-03-16,VJC,2026-03-16,-1.7859067580900723,0.653422608932086,-6.666509084605821,-18.08519466150337,10.157717559097579,57.625314367074296,127.02964999999999,136.89921999999999,116.35076000000001,125.57555050449301,132.59227638560392,-6.748542564668957,-13.471384278157316,1.8102503155114524,-5.668739237769316,2.1681272852393305,-1.275173906194303,-0.5107328518957677,41.18546845124262,137658879.7,1271120.0,1549490.0,161485076.675,219232343.14833334,0.9142331172509283,0.8524557348233985,5.214071428571428,4.4016575032049,47.78487942181308,46.452463464964914,26.81619205294409,19.814137134052388,169.224,59.305,53.8141722541144,-27.426726461794836,-29.712458168181723,-3.1556076816129264,-17.75027206452885,0.6847694747230452,0.36367296696769424,-1.8014083273217736,-14.379931941227321,0.7419897190513418,0.4044298495829836
1773705600,118.457,120.764,118.457,120.764,1243800,2026-03-17,VJC,2026-03-17,1.9475421460952047,1.2899870833543048,-3.681607911947682,-15.135416227459908,14.431368089904662,60.69513379728812,126.79885000000002,136.11616,116.61613000000001,125.1173075993032,132.1284224096979,-4.759388590669412,-11.27871958774036,3.556857872062791,-3.4793808169569784,1.9475421460952096,1.9475421460952096,0.0,100.0,150206263.2,1280860.0,1536983.3333333333,162419208.83499998,217006136.72833332,0.9710663148197305,0.9248060268080298,4.851357142857142,4.0172213100403615,48.29985507984908,46.59440880465013,27.23556932458986,28.014995214293307,169.224,59.305,55.91299047480418,-26.01333137283732,-28.34357866755276,-1.187921943064596,-18.985096533977043,0.7142278073681502,0.3664596381569208,0.31156684901522125,-15.48999006933711,0.7707018394328015,0.4082323932459844
1773792000,120.149,123.072,119.38,123.072,1285600,2026-03-18,VJC,2026-03-18,1.9111655791461013,0.1880479644418509,-4.76219955736461,-13.978374373562774,18.080727642549444,64.27122263747998,126.49114999999999,135.37466,116.89496500000001,124.92251639936957,131.77326858970974,-2.7030744838670406,-9.087860313000974,5.284260960256071,-1.4813313505898207,3.0572024775595437,2.4204233049584327,-0.5092577258123288,100.0,158221363.20000002,1285745.0,1535018.3333333333,162654898.725,216296490.30666667,0.9998872249162937,0.972742686757343,4.818357142857144,3.9150717814426867,47.4471441557705,46.77567554443763,27.23556932458986,32.176853707414836,169.224,59.305,58.01271845631785,-24.5993236288781,-26.97410580779912,-0.14189179656097828,-18.098640957605404,0.717043262966032,0.3664787354105626,1.8378304291414738,-13.924893861861243,0.7656288974485913,0.40405173109635245
1773878400,121.841,122.149,119.226,122.072,1725300,2026-03-19,VJC,2026-03-19,-0.8125325013000562,3.8610104310242033,-5.536037639484315,-17.128077011853193,19.322802627463243,63.104097911628344,126.13345,134.65622,117.170725,124.65103864704867,131.39282668423093,-3.2199626665250114,-9.345442787566727,4.183020118719916,-2.0690069453422333,2.3750325013000535,0.1876950078003191,-1.000227509100371,97.36572015053035,210610821.6,1318080.0,1537335.0,166216281.625,215912251.29,1.3089493809176984,1.2670889971847545,4.911785714285716,4.023679233801131,47.489045430628174,46.32185721319653,26.87916019326878,33.06902144530547,169.224,59.305,57.10295763243845,-25.211978630593535,-27.567464932475737,0.8010239175497809,-18.316156907992976,0.6896305561586165,0.3518939386592042,2.511689328930789,-14.212695336660651,0.7414847056626461,0.3895001685575381
1773964800,121.149,121.149,116.38,120.995,1784200,2026-03-20,VJC,2026-03-20,-0.8822662035519957,0.3183789206622878,-7.0334770148061,-15.019068823351745,17.651348670776535,59.533510014108096,125.67575,133.86086,117.431485,124.30284449018689,130.9850687750454,-3.7244655392945636,-9.611368102670193,3.034548187822028,-2.6611172928130533,3.906710793629993,-0.1261550560325024,-0.7561111475195004,96.77081149087867,215879279.0,1344915.0,1541886.6666666667,168892201.7,215924424.15833333,1.3266265897844844,1.2782075005657292,4.900785714285717,4.050403499554292,47.400710939938314,45.89765959833545,26.483417664521898,37.02796194868838,169.224,59.305,56.12314522512033,-25.87180806744106,-28.206512709752452,2.630519827454969,-13.474549625904231,0.6511919408635266,0.3467697168299833,3.8971495456504472,-9.752333661729995,0.699416337999076,0.38202193963614534
1774224000,117.303,117.918,116.226,116.765,980100,2026-03-23,VJC,2026-03-23,-3.496012231910417,-1.4283664114404293,-13.207168501408573,-21.71199077426449,11.700499359060213,53.17862202865089,124.78735000000002,133.00398,117.66993999999998,123.58495453874052,130.42741901916125,-6.428816702975116,-12.209394034674759,-0.7690494275768178,-5.518434314431575,1.39840489276417,-0.44464647299474913,-3.0513657589156584,31.85579196217489,114441376.5,1330580.0,1522720.0,166092950.305,212536777.85333335,0.7365960708863803,0.6890200715313255,4.9172857142857165,4.211266830202301,46.56810927455325,45.17966831436552,26.995094968375383,36.54234587920685,169.224,59.305,52.27485694011046,-28.46333872469734,-30.71642180713455,1.2524958249324545,-16.595054376692666,0.66548758765652,0.37446403187956834,1.4388752283688522,-13.17915337729999,0.7079653539035464,0.4049413942620623
1774310400,116.765,117.688,112.842,117.688,1654700,2026-03-24,VJC,2026-03-24,0.7904765982957196,-2.5471166904044162,-18.006312137278524,-23.46143090340329,15.472090581736486,55.48890856002855,123.49510000000001,132.09326000000001,117.90531500000002,123.02333982076523,129.9278339595863,-4.70229183182167,-10.905370947768278,-0.18431314992035652,-4.336851713291456,4.150216246306687,0.7904765982957238,0.0,100.0,194738333.6,1330145.0,1515035.0,163892227.375,210360220.82333332,1.2439997143168602,1.1882096955972254,4.703000000000002,3.9961593365508823,38.159522090312386,44.66953227068054,26.995094968375383,38.91354116616263,169.224,59.305,53.11456618055115,-27.897858158113998,-30.16875133505803,-4.467690790323575,-18.20769185358254,0.640403280527626,0.3638879801392068,-4.319791913956495,-15.02395676618572,0.6820852905548919,0.3950623549717935
1774396800,117.688,118.072,115.38,117.688,1290300,2026-03-25,VJC,2026-03-25,0.0,-4.374674986999483,-14.285298101994137,-25.727809157173965,17.96521826291786,56.441750412080616,122.5144,131.22254,118.142615,122.5152122187876,129.44784047097508,-3.9394552803588723,-10.314188400864676,-0.38480187695185686,-3.94009211702393,2.2874039834137783,0.0,0.0,85.73551263001488,151852826.4,1335485.0,1505583.3333333333,163360022.845,207985862.64666668,0.9661658498597888,0.9295592872442342,4.472214285714288,3.8000597220738634,36.114412892613075,44.09481821808869,25.370487005265236,45.6634937481344,169.224,59.305,53.11456618055115,-27.897858158113998,-30.16875133505803,-3.391703032915027,-20.425786918834245,0.584359185296895,0.336044252161966,-2.82426104182748,-17.137081400887702,0.6303997659913225,0.36877242324807
1774483200,117.688,119.226,116.072,119.226,1165100,2026-03-26,VJC,2026-03-26,1.306845217864172,-2.3314109705747432,-13.165139619233512,-24.939561823218337,19.59914934595939,61.122748219522414,121.6106,130.4841,118.392605,122.20195391223639,129.04698398191724,-1.9608488075875008,-8.627947772947053,0.7039248777404694,-2.435275228392564,2.6799673713547656,1.3068452178641805,0.0,100.0,138910212.6,1335000.0,1494278.3333333333,162240413.99499997,205420938.59,0.8727340823970038,0.85619981593662,4.351357142857145,3.64967133247542,36.763099501582005,44.22065055682251,25.370487005265236,48.30067215753101,169.224,59.305,54.51377832767766,-26.955594765475666,-29.25616500130539,-0.662213527003086,-17.74378268488355,0.5744280944047161,0.3281104660904732,0.2935186215797021,-13.92941213645268,0.6151285469078557,0.35753479313038095
1774569600,119.226,121.149,117.918,120.764,1004300,2026-03-27,VJC,2026-03-27,1.2899870833543048,-0.19091698004050084,-10.69402847106674,-21.105892037028575,22.65534542647627,62.524729156853496,120.88755,129.84258,118.6549,122.06500592059483,128.7221610806656,-0.10220241869407509,-6.9919898387724615,1.777507713545745,-1.0658303833951832,2.709979366916608,1.2899870833542992,0.0,88.08418446301437,121283285.2,1328520.0,1480463.3333333333,160637996.88,202765497.39,0.7559539939180442,0.7550099450667404,3.983285714285716,3.2984049172648437,37.26144848416485,43.85164451507825,25.785513749184325,55.02417352672153,169.224,59.305,55.91299047480418,-26.01333137283732,-28.34357866755276,0.3428639892992589,-14.934769882240097,0.598973955210219,0.34822749367189987,0.9572386563735389,-11.14113445842512,0.6373161504259047,0.37715631151084617
1774828800,119.226,121.918,116.918,120.841,1246800,2026-03-30,VJC,2026-03-30,0.06376072339437933,3.4907720635464434,-7.041809300357715,-25.89624087815049,22.066548143359334,62.628356099858664,120.42985000000002,129.25951999999998,118.91681,121.94843392815723,128.41309594024733,0.34140206933743755,-6.512881991206521,1.6180975591255642,-0.9081165640959732,4.140306713921368,1.3373190685965974,-1.2735583452022081,78.45999999999975,150664558.79999998,1331630.0,1442606.6666666667,160471620.96999997,195714692.13666666,0.9362961182911169,0.9388860029535477,4.049214285714287,3.350861285254415,35.15501845135659,41.44906666239257,24.178001138652032,52.77005934616307,169.224,59.305,55.983042058242894,-25.966156937705243,-28.297890014952653,2.9013140407397335,-21.28827117335662,0.7166444417801556,0.43438269399210966,2.8465408177574156,-17.582853130896915,0.753710256429601,0.464994731049913
1774915200,120.918,121.534,119.995,119.995,864400,2026-03-31,VJC,2026-03-31,-0.7000935113082418,1.9602678267962803,-4.9363839462551296,-24.964200178842777,20.6489171308492,61.32263181952622,120.1183,128.65954000000002,119.17987500000001,121.76239260166606,128.08297453082588,-0.10264880538601862,-6.734471458548674,0.6839451711121436,-1.4515094224929692,1.2735743663160695,-0.7638136063091184,0.06372009500088538,0.0,103723678.0,1315200.0,1429253.3333333333,158128423.96999997,193004124.1833333,0.6572384428223844,0.6559458154068392,3.7635714285714306,3.136440208818226,33.87572875364574,41.33932572781839,23.192235111316712,44.60617087408083,169.224,59.305,55.21338440124093,-26.484463069156494,-28.79987183442907,2.7105710599771626,-21.766720701446552,0.7078593525076738,0.4303628915857915,1.6862204888891785,-18.027166551676544,0.7430600905151533,0.4611975500401633
1775001600,120.38,128.379,120.149,128.379,1686900,2026-04-01,VJC,2026-04-01,6.986957789907899,9.084188702331586,2.267132945121997,-19.836774963002746,24.273019437775865,72.59417601032506,120.2606,128.3134,119.47986,122.39254568722167,128.09458337275427,6.75067312153772,0.051124824063575325,7.448234371884932,4.89119192608094,6.858619109129538,6.666111087961994,0.32084670194589826,100.0,216562535.1,1326155.0,1429361.6666666667,159743683.855,192128316.12166664,1.272023255200184,1.3556876232839021,3.9833571428571446,3.1028105397745307,42.421121954733934,44.04539455322667,23.39731339022946,68.4069384568383,169.224,59.305,62.84081914864582,-21.347963534774294,-23.825148933140305,8.610525290593241,-16.878670520432493,0.7848841019520424,0.4490978035817136,7.106823621983582,-13.365554362799791,0.8189355343674457,0.4795846191023563
1775088000,130.764,130.764,123.995,127.303,1060100,2026-04-02,VJC,2026-04-02,-0.8381433100429159,6.774529045677946,5.818641264141378,-19.425421218527283,24.06369687460408,71.50266745702432,120.6106,128.08264,119.77792500000001,122.86020800272436,128.0635408875482,5.5487660288565,-0.6087007575733883,6.2825224263986845,3.6161358258298915,5.272669206022797,-2.6959237881585096,1.8577804781156004,48.86984783572152,134953910.3,1300815.0,1418653.3333333333,157066240.83499998,189894204.8866667,0.8149506271068523,0.8592165291698218,4.225142857142859,3.3189656623511294,39.47700066791006,44.007809505170506,20.003295063264275,62.18588389540388,169.224,59.305,61.86191650215158,-22.0071803166201,-24.463603351292342,12.105031718161541,-15.345960015289961,0.7932868640002417,0.45375035872466724,10.439387007310884,-11.627739972570172,0.8324786413750137,0.4863561899481582
1775174400,126.918,131.149,123.918,123.918,1433000,2026-04-03,VJC,2026-04-03,-2.6590103925280606,2.6117054751416013,3.0049125956958855,-22.91883082550089,20.764830281353852,67.81279200465853,120.79135,127.73034,120.059835,122.96095009770299,127.90097065666397,2.5884717738480445,-2.984678503165339,3.213535151035307,0.7783364568479278,5.680148936003075,-2.3565823272036006,-0.302428065324456,0.0,177574494.0,1310560.0,1419283.3333333333,158497608.32,189115504.16,1.09342571114638,1.1203607163679377,4.510857142857144,3.6401952443205534,40.86004289816228,44.048327222653725,20.88747284830822,59.51758513716062,169.224,59.305,58.78237611331981,-24.08101749742684,-26.472123988322693,7.745160581938982,-17.289771542456435,0.7912421705854994,0.4509184963303474,6.510865257982735,-13.404542156467135,0.8316510218606661,0.4840152084633953
1775433600,122.303,125.764,122.303,125.61,1008000,2026-04-06,VJC,2026-04-06,1.3654190674478262,3.946508221547318,6.731357487594325,-21.301430370467834,22.688780144753416,71.89424419082027,121.18744999999998,127.39650000000002,120.35059,123.21324056458842,127.81112867012813,3.649346528869124,-1.402314820265882,4.370074130920343,1.945212563543608,2.792976000258234,2.6687002695330797,-1.3032812020852602,95.55041895405962,126614880.0,1305395.0,1406283.3333333333,158289018.6,186469403.96,0.7721800681019921,0.7998968034539321,4.593285714285715,3.656783468104223,40.08074632767495,44.18985234718642,20.528578973221915,58.630761558737646,169.224,59.305,60.32169142732378,-23.044405234524334,-25.46816034936986,5.388174143067803,-14.960007869908665,0.7861183669008397,0.44672116745711504,3.612376856273114,-11.815952128458253,0.8327611214827236,0.4831163773464151
1775520000,125.61,125.764,122.687,125.764,992900,2026-04-07,VJC,2026-04-07,0.12260170368600942,4.807700320846697,5.483703219096503,-22.950056364260153,22.65589950650515,71.74304910689901,121.51435000000001,127.11496,120.64211499999999,123.45617003462762,127.73084911443684,3.4972412723270896,-1.0627860009553514,4.245519899912242,1.869351661180696,2.449645728843244,0.12260170368600935,0.0,100.0,124871075.6,1283590.0,1387995.0,156013874.68,182864408.47333333,0.7735336049673183,0.8003844264243998,4.549357142857143,3.6173763102772996,39.92837324226265,43.86309920699274,20.528578973221915,55.1929012345679,169.224,59.305,60.4617945942012,-21.994244033146426,-25.37678304416966,5.435394904698843,-15.311874816362536,0.7713196835299619,0.43750495327199485,5.265952152116271,-12.49265446928165,0.8193965980858768,0.47563260260234586
1775606400,127.687,130.379,126.687,130.379,1266500,2026-04-08,VJC,2026-04-08,3.669571578512132,1.5578871933883187,6.136387688149725,-19.131766982583244,18.863503756108212,78.42050524126228,121.89124999999999,126.92572,120.95364,124.1154871741869,127.83469816877265,6.963379241742129,2.7207094038938617,7.79253935640134,5.046519953648265,2.9356572628097015,2.140517159123432,1.5290544193886868,100.0,165125003.5,1275230.0,1384306.6666666667,155464267.76999998,181618674.07833332,0.9931541761094077,1.062141197257575,4.604285714285714,3.531462669820841,40.566584372075994,44.60872041130848,20.528578973221915,64.06297613001524,169.224,59.305,64.66034079640463,-16.502933114737306,-22.63843068378707,4.504185690857532,-13.48978544002263,0.826904038062567,0.4866037973953645,3.963302828312898,-11.226713471451777,0.8486833783087775,0.5165884053395887
1775692800,128.995,129.072,126.918,127.687,1032800,2026-04-09,VJC,2026-04-09,-2.0647496912846397,0.301642537882052,8.63835145574896,-18.226938545482486,8.852288517770223,87.78328455667162,122.3989,126.69496000000001,121.25093500000001,124.45563125283576,127.82890608372274,4.320381964217002,0.7830145729553761,5.308053913151256,2.5964021994308917,1.6521065509015997,-1.0032290476227053,-1.0615206436619284,35.70102135561711,131875133.6,1257210.0,1364355.0,153870606.01,178013352.55166668,0.8215015788929455,0.8570521493327289,4.444928571428569,3.4811128552073187,37.83638401086791,44.36933869665458,16.53466721855369,60.74157303370787,169.224,59.305,62.211264658521294,-16.457079298612932,-24.23575344741652,7.054949393290255,-11.820247304024392,0.8288534944881333,0.4919449628598412,5.669752681687235,-10.55973990322562,0.842114584123559,0.5147177073160755
1775779200,128.072,130.379,127.687,128.456,1039700,2026-04-10,VJC,2026-04-10,0.6022539491099321,3.6620991300698735,6.504381855717956,-15.953938759487052,2.390460476497913,93.51028893374706,122.79114999999999,126.28573999999999,121.55669,124.83661875256568,127.85349800200812,4.613402513129006,1.7185313242809475,5.675796206691697,2.89929452079134,2.1082804044264436,0.3007353920132716,0.3015185570966583,28.566121842496035,133555703.19999999,1246330.0,1339456.6666666667,152966180.655,173785357.20499998,0.8342092383237184,0.8731060854635678,4.296571428571426,3.3447806475146558,36.96514799473671,44.24234976020746,16.53466721855369,71.1112716241107,169.224,59.305,62.91087073208453,-14.359241036308124,-23.77946028054021,3.335019029702768,-9.642037694119521,0.8412952706104283,0.5010178891832411,2.478162606689027,-9.27601154008535,0.8405454199447937,0.5160826622961322
1776038400,124.149,128.456,124.072,128.303,1053300,2026-04-13,VJC,2026-04-13,-0.11910693155632313,2.143937584587219,8.311876883594893,-14.461245116471321,-3.8611976981177243,101.93748426089147,123.28344999999999,126.05192000000001,121.85937,125.16675029994038,127.87112553134114,4.0715521832005885,1.785835550938053,5.287759160415817,2.505657207320744,3.412841751261122,3.2337921155882148,-3.352899047144542,96.51003649635055,135141549.9,1240890.0,1324230.0,152840314.16500002,171120663.06,0.848826245678505,0.884200942914229,4.263571428571424,3.3230488987564004,36.1578939521428,44.115323009377036,16.08432442207102,69.71655707864339,169.224,59.305,62.77167732603098,-14.461245116471321,-23.87024422661572,4.4287200394940385,-8.156013750648594,0.8476870090421237,0.5062914212451622,4.390107203240445,-7.030371755705266,0.8509694968164561,0.5230496081923077
1776124800,128.456,129.995,127.226,128.303,1099200,2026-04-14,VJC,2026-04-14,0.0,2.0188607232594302,6.242754463250644,-14.461245116471321,-4.685387415496633,110.87206626783251,123.66039999999998,125.86732,122.16590000000001,125.4654407475651,127.88806178501403,3.7543142347914227,1.9351170740744994,5.023578592716937,2.2616261781154723,2.158172451150796,-0.11924896533985299,0.11924896533985763,38.89490790899227,141030657.6,1233660.0,1315226.6666666667,152381533.88500002,169372837.96,0.8910072467292447,0.925510158641884,4.269071428571424,3.3273356262686176,35.727975816229204,44.115323009377036,16.08432442207102,69.71655707864339,169.224,61.613,61.9732183512838,-13.842610313127446,-23.87024422661572,2.421180344241569,-7.772612323883054,0.852578835354718,0.507580290538143,2.3519530862592175,-7.63282671908666,0.8462433842468549,0.5218536818176118
1776211200,128.303,137.225,128.303,137.071,2641000,2026-04-15,VJC,2026-04-15,6.833823059476396,5.132728430191991,11.374642485699415,-5.913402797798007,2.120320357608496,110.63865752835235,124.36035000000001,125.97038,122.51627,126.57073210493985,128.24817700913113,10.220821990288687,8.812087412929914,11.879834408931966,8.295968365225526,6.953851429818475,6.833823059476396,0.0,98.2739296121946,362004511.0,1301430.0,1327531.6666666667,162570691.275,170786300.60666665,2.029306224691301,2.226751379113246,4.681071428571424,3.415070604702252,42.292996261518105,46.06645360635184,16.08432442207102,76.1281443087646,169.224,61.613,70.12108427577107,-7.954766749263009,-18.667671421451125,6.308795814792733,-0.9625993941536635,0.899318398911977,0.5160574739875853,6.4111357114437375,-0.8096342331422095,0.866618210162503,0.5114879684084721
1776297600,135.764,137.071,131.841,137.071,1542600,2026-04-16,VJC,2026-04-16,0.0,7.349221142324591,12.28701094436071,-1.2748395646819066,-1.0003177904893912,108.66341908966359,125.11030000000001,126.18881999999999,122.866255,127.5707576187551,128.59417006759656,9.560124146453152,8.623727521978575,11.561144270247347,7.4470376742892475,3.8155408510917623,0.9535204383129823,-0.9535204383129825,100.0,211445724.6,1292295.0,1325333.3333333333,162612436.425,170435575.10833332,1.1936902951725419,1.300304756810669,4.823857142857138,3.519239768336948,42.0375229512408,45.040928383438334,16.185857153639677,75.00229983747822,169.224,61.613,70.12108427577107,-7.954766749263009,-18.667671421451125,5.183375554484714,1.1366790968367568,0.8616954249585722,0.5040919376791929,5.545522747358244,2.0604799500386295,0.8420769649122299,0.5084884556595343
1776384000,136.995,136.995,132.456,136.764,1633500,2026-04-17,VJC,2026-04-17,-0.22397151841015983,6.46758423117646,13.032769949171463,-3.369532193905289,-1.3317942428396234,107.9523165113203,125.89875000000002,126.30112000000001,123.21124,128.44630451220698,128.9145555551418,8.630149227057448,8.284075390622036,10.999613346964132,6.4756207034376345,3.31142254743893,-0.1685258004975484,-0.05544571791260555,94.91077329808341,223403994.00000003,1284760.0,1329550.0,162988672.175,170902536.56666666,1.2714436937638158,1.370671906328143,4.796357142857139,3.5070319256947284,41.79105503551687,44.86467391909224,16.168798476397,74.24256265034569,169.224,61.613,69.83579745565046,-8.160921855798865,-18.84983267272684,2.7548859698291785,-0.0722616484933103,0.8555978715955909,0.5015125987379184,2.45874006023994,1.0643371069335106,0.8348951944762918,0.5024758580621456
1776643200,135.302,135.995,133.225,134.841,920700,2026-04-20,VJC,2026-04-20,-1.406071773273665,5.095749904522906,15.480666295550893,-5.243074587848373,-4.728225926109086,110.44573461934641,126.80255,126.38266,123.53738,129.05532313009203,129.14696514121465,6.339344122022794,6.692642804004922,9.149959307862932,4.483098201285207,2.0253867976953073,-0.33707700856949513,-1.0689947647041786,58.3393501805057,124148108.7,1281790.0,1326840.0,163474008.785,170402409.10166666,0.7182923879886721,0.7594363753768272,4.939214285714283,3.6629914385938127,39.64683065633824,44.93827395582848,12.273996451945795,71.88513473671803,169.224,61.613,68.04880541952032,-9.45224521041922,-19.99086226947998,0.0241154556029457,-2.1069196993379387,0.8406540103018022,0.49248441194257503,0.08823069634351555,-1.1747729605277257,0.8201154715289165,0.49379212043847837
1776729600,134.918,138.61,134.61,135.148,1478300,2026-04-21,VJC,2026-04-21,0.22767555862088784,5.335027240204826,14.83583712867922,-3.35595426234081,-2.3892066793782862,105.73603288171718,127.67555,126.5011,123.86621,129.63557807008326,129.3822998415592,5.852686751692082,6.835434632584225,9.108044881650933,4.252244647635717,2.9664567898487846,0.17057126541629752,0.05710429320457955,13.449999999999562,199789288.4,1272970.0,1327863.3333333333,163726556.525,170429885.35999998,1.1612999520805676,1.2202619577447318,4.626071428571427,3.422966990685343,39.68971190199307,44.804801868753145,12.273996451945795,63.097403351263544,169.224,61.613,68.33409223964094,-9.246090103883375,-19.808701018204268,1.2914933521661638,-0.17184628781368172,0.8392001418039855,0.4931172217466633,1.4517362564416842,0.4093709902232012,0.8170948110349436,0.49325545220183675
1776816000,135.225,135.687,133.072,135.148,1254700,2026-04-22,VJC,2026-04-22,0.0,-1.402922572973131,14.83583712867922,-3.35595426234081,0.22767555862088784,99.65726104299011,128.54855,126.6657,124.199655,130.16057063483723,129.6084057301255,5.133819090141412,6.6966037372390375,8.815117079028912,3.8317513059733743,1.934915796016226,-0.05697457602036152,0.056974576020363266,79.38814531548705,169570195.6,1271190.0,1324388.3333333333,164612424.98499998,169845799.43333334,0.9870279029885383,1.0301178396190431,4.329357142857141,3.2034193201950023,39.68971190199307,44.804801868753145,12.273996451945795,65.83888552392494,169.224,61.613,68.33409223964094,-9.246090103883375,-19.808701018204268,2.828166113898046,-1.863464445640195,0.8312820039888151,0.49084203998362985,3.2263966058466274,-0.7136485297342676,0.8131159859674237,0.4920900527543236
1776902400,135.072,136.918,132.61,134.533,1053200,2026-04-23,VJC,2026-04-23,-0.4550566786042043,-1.8515951587133705,12.838642577961167,-3.370084395762263,-6.7200554688854215,102.19580377539974,129.3139,126.79492,124.52695,130.57699247913845,129.80152707404216,4.035993037098096,6.102831249075269,8.035248594782086,3.029635960939725,3.187616538905491,-0.39882203214255163,-0.05623464646165033,44.637883008356006,141690155.6,1265595.0,1320146.6666666667,164751422.13500002,169172893.15166667,0.832177750386182,0.8600238696810566,4.120571428571426,3.0628703950491154,39.83836204988779,44.80539795236368,12.182981372373826,74.13048420095478,169.224,61.613,67.76258932636998,-9.659071831960098,-20.173616879880395,-0.886633015941408,-2.7130597560104053,0.8266104427268656,0.4887929164775652,-0.1963888246906187,-0.603498567251215,0.8135045247444613,0.49229596829448474
1776988800,134.456,138.841,132.456,138.841,1581700,2026-04-24,VJC,2026-04-24,3.202188310674714,1.5186745049866834,14.968864893511324,-6.7661851904080805,-7.483124654330275,114.88090631916181,130.21775,127.01799999999999,124.875015,131.3640408144586,130.15601620839345,6.622177084153291,9.308129556440846,11.183970628552075,5.691785315969389,4.746047438175035,3.2594233385117555,-0.057235027837032604,100.0,219604809.70000002,1294465.0,1321335.0,169667498.35999998,169084236.03333333,1.2218947596111134,1.2943245572822863,4.329428571428571,3.1182637487691465,40.8215755794507,42.927146009989755,12.182981372373826,76.88025679574179,169.224,61.613,71.76589753835576,-3.2689346700758515,-17.617425770773497,4.179170967160294,-5.830751496620968,0.8334321840933335,0.5150642134636241,4.54411207582508,-3.5733236472077046,0.8076141123531859,0.5106379436391675
1777334400,137.533,138.841,135.456,137.456,1353200,2026-04-28,VJC,2026-04-28,-0.9975439531550667,1.9393211263636356,13.74947244726541,-1.812934840064584,-8.593620119830558,114.0125801830977,131.0485,127.22876000000001,125.196925,131.9442274035578,130.44229008257412,4.889411172199609,8.03846551675893,9.791833944803363,4.177350313010808,2.4380406364114484,-0.055459122305369576,-0.9420848308496876,59.08419497784308,186005459.2,1299785.0,1323540.0,171434543.38,169335682.44333333,1.0410952580619102,1.0849940480647606,4.351428571428572,3.165688344945708,41.22330525883405,41.1742671520534,12.237725996439083,72.6220880736785,169.224,64.844,69.56505077601072,-4.2338695630969925,-18.43922815845064,0.9197059454068022,-3.5550648815025343,0.776870238083337,0.49945043661076155,1.0844541241606276,-2.261691901099494,0.7347157091295444,0.4807940584971984
1777420800,136.687,139.61,135.533,138.456,1495900,2026-04-29,VJC,2026-04-29,0.7275055290420163,2.4476869801994816,15.384807700320824,0.6711116604742218,-3.743047830923263,110.03640776699028,131.97155,127.49028,125.52768,132.56439622226657,130.75655321659082,4.913521133911036,8.601220422451018,10.299178635341622,4.4443334301128345,2.966040041904338,1.286957280875318,-0.5594517518332953,71.69487368162822,207116330.39999998,1331360.0,1328065.0,176604176.0,169981031.19666666,1.1235879101069584,1.1727714207618736,4.313000000000003,3.1150690472063354,40.900835498514724,41.035276040001584,12.317618923059017,68.1693435911279,169.224,64.844,70.52308871431309,-3.5371656692189224,-17.845869033774008,4.658556722411134,-0.6181535676055283,0.7595229333816159,0.4912393483980924,4.8272510892768175,0.5290240117030054,0.7222411954435212,0.474892445577632
1777852800,137.302,138.456,135.533,138.379,1174600,2026-05-04,VJC,2026-05-04,-0.05561333564453319,2.3907124041791183,7.789435966941638,4.897739504843912,-1.9617706237424537,109.91959951456307,132.47155,127.67334,125.85036,133.11816801062213,131.05547269829313,4.4594103413147845,8.385196157631647,9.955188050316256,3.95200149461048,2.1111400011556034,0.7778644479112485,-0.8334777835557805,97.36572015053035,162539973.39999998,1305745.0,1314820.0,173903047.91500002,168360262.13000003,0.8995630846757982,0.9346585660732406,4.274571428571433,3.0890318824181655,33.65149871812806,40.125522860347154,12.292936639086761,77.25882112992042,169.224,64.844,70.44931979306381,-3.590811869047539,-17.891557686374114,-1.085268219372538,2.0606594509310794,0.7310476301645069,0.4799882272702207,-0.4164249018763,4.021982793963819,0.6992059298973663,0.4685950121203383
1777939200,137.687,139.994,136.302,139.225,1482700,2026-05-05,VJC,2026-05-05,0.6113644411362973,3.4876201378100546,9.365058168307105,10.365520138883388,-2.5833175899298233,98.90138148777805,133.06765,127.87332,126.161885,133.69977105722955,131.37584631796793,4.627232839837481,8.877285738729546,10.35424843248023,4.132564251292092,2.6680348896870245,1.1114403197016762,-0.5000758785653758,79.1711809317442,206428907.5,1326875.0,1309825.0,177476797.775,168053277.62833336,1.1174375883184173,1.1631318013845655,4.346000000000005,3.121565810738018,33.337986112034045,39.03181805251137,12.293784965365916,77.3477576311646,169.224,66.151,70.8953848243478,-3.0014003748266904,-17.389575866897687,-1.2573088087169957,7.066861200492891,0.7474385196529898,0.5056661744865738,-0.31173447493435624,9.705781062716223,0.7318305426455693,0.5035839502083359
1778025600,139.302,146.148,137.687,139.61,2074100,2026-05-06,VJC,2026-05-06,0.27653079547496073,0.5538709747120896,12.663212769734834,6.451440727721924,-1.6255980608383735,103.70316330103888,133.85225,128.06253999999998,126.47918,134.26265000416007,131.6987543054986,4.301571322110775,9.01704745197154,10.381803550592284,3.9827532047626457,6.077213144191047,0.2212246363799757,0.05530615909499215,22.727809951542437,289565101.0,1358930.0,1316126.6666666667,183076328.125,169172217.57833335,1.5262743482004224,1.5816632546961074,4.6372142857142915,3.3215488043222483,31.247724298112555,38.23412286642533,8.990013578067124,78.3795994176999,169.224,66.151,71.26890650315798,-2.7331693756836195,-17.16113260389718,0.3618422559703127,3.052936594406086,0.730902626338841,0.5050229067319585,0.9087513752871654,5.28877032999997,0.7178599548901395,0.5054124337491286
1778112000,139.61,141.917,138.61,139.994,1264500,2026-05-07,VJC,2026-05-07,0.2750519303774679,1.8464090327086513,11.451317570257146,7.058517634823036,0.6079857418000989,111.62794213239407,134.57145,128.17176,126.804165,134.80849286090674,132.02405805822414,4.0294951120761535,9.223747883309086,10.401736409841122,3.8465730378304697,2.3687414941623004,0.27505193037747017,0.0,41.85061989718752,177022413.0,1371755.0,1312225.0,185596704.775,168856542.28833336,0.9218118395777671,0.9538014870178074,4.675642857142861,3.3398880360178733,31.140328461201783,38.224821514876425,8.990013578067124,78.78847574489038,169.224,66.151,71.64145799578941,-2.4656350804344584,-16.93328270002137,-2.5201091248276093,1.3840089163065672,0.7326845015651837,0.5048059083923591,-1.77400577896001,3.3270589283355134,0.7167124765139476,0.5043020077237901
1778198400,139.917,139.994,135.533,135.533,1363900,2026-05-08,VJC,2026-05-08,-3.186565138505948,-2.111140001155598,7.767723672911164,4.880596783928914,-1.0115543610044075,96.65264074289028,135.0599,128.01175999999998,127.11261499999999,134.87749354082038,132.1616636245683,0.3502890199089448,5.875428944965688,6.624350384106248,0.4860013646244221,3.1865651385059452,-3.131562781262064,-0.055002357243882916,0.0,184853458.7,1390305.0,1313210.0,188595823.93,169127198.51999998,0.9810077644833328,0.9801566908958226,4.3570000000000055,3.2147152354039283,33.855699027720476,38.73948929783253,13.648072883599635,45.193149143642934,169.224,66.305,67.26454784830788,-5.573631151024506,-19.580257755203768,-6.409583574606038,-0.7425420712602326,0.73036509771634,0.4964849464384526,-4.894148393836617,1.0576813165641186,0.7200879576826964,0.49985171380927546
1778457600,135.533,135.533,131.149,131.149,1526200,2026-05-11,VJC,2026-05-11,-3.2346365829724055,-5.2247812168031205,0.5905859072396602,3.333648497455055,-3.3992811054476935,91.57305832688178,135.0984,127.88870000000001,127.40567999999999,134.5223989178851,132.12195132556562,-2.923350683649839,2.5493260937049067,2.938110765548285,-2.5076856679788317,3.234636582972403,-3.234636582972403,0.0,0.0,200159603.8,1403290.0,1316775.0,190347553.945,169687283.72666666,1.0875870276279316,1.0515480743074594,4.296571428571434,3.276099267681365,33.87136031701409,39.15359936095684,16.780899795576236,35.47247571386521,169.224,66.305,63.004887338586656,-8.627981021785924,-22.18154415778606,-7.319806623573588,-2.4756770134496398,0.7405055310700331,0.4973962810905605,-5.080021702249682,0.7021092582475408,0.7361395961425399,0.5093739325813328
1778544000,130.764,134.61,130.302,134.61,1271400,2026-05-12,VJC,2026-05-12,2.6389831413125675,-3.3147782366672485,5.421851872156136,5.104940970703997,0.05723502783705481,96.8500482583136,135.44455,127.83485999999999,127.7199,134.53074187808653,132.21952186181795,-0.616156205620666,5.2999158445513395,5.394695736529709,0.058914505938956196,3.2848134564503133,2.9325423754660758,-0.2935592341535176,100.0,171143154.00000003,1415220.0,1312708.3333333333,192310954.965,169304997.81333336,0.8983762241912918,0.8899293024214224,4.274642857142863,3.175576002631946,34.089598401764086,39.46847995517888,15.949521572502242,45.424031271244075,169.224,66.305,66.36772607584606,-6.216688845073937,-20.12792822728028,-4.045637820821257,-1.5450455655135809,0.747961388484068,0.4978746876345225,-1.8345071024706172,0.8038547814054331,0.7527280106840412,0.5156439239782958
1778630400,134.61,139.61,132.918,133.149,1105600,2026-05-13,VJC,2026-05-13,-1.0853577000222936,-4.6278919848148465,3.6533910444043194,4.27764768535559,-1.7031360737065793,92.76283406202043,135.67919999999998,127.79334,128.01989,134.39914741350685,132.25597198488393,-1.864840004952839,4.190875674741745,4.0064946157975845,-0.9301751071831732,4.971398855954243,-1.085357700022296,0.0,3.4518828451881993,147209534.4,1418515.0,1309995.0,192993646.525,169059186.87333333,0.7794066329929539,0.7627688115677466,4.499857142857148,3.3795651059017704,34.40670480432939,39.53631972109029,15.978031723464728,46.333535581173614,169.224,66.305,64.94816311856898,-7.234573234029796,-20.994825908432823,-4.824894669881385,-3.861390417965981,0.758270478498405,0.4997228122459192,-2.3251488600676495,-0.8628133148502082,0.7606346076019589,0.5177523522492528
1778716800,133.456,134.995,131.841,133.149,1197100,2026-05-14,VJC,2026-05-14,0.0,-4.889495264082743,3.7769966407644517,4.909469106036957,-1.8147629230882756,93.40964222942057,135.92149999999998,127.85642,128.294495,134.28008575507764,132.29099269135907,-2.039780314372619,4.139471447738008,3.7838763073972714,-0.8423332087683533,2.368774831204137,-0.23056876131250548,0.2305687613125107,41.47114774889011,159392667.9,1425705.0,1312571.6666666667,194206202.425,169510531.0883333,0.8396547672905685,0.8207393271157518,4.439428571428577,3.33418093371229,34.394581899608035,39.509886112347765,16.02499130331035,45.60987394035229,169.224,66.305,64.94816311856898,-7.234573234029796,-20.994825908432823,-5.6888240714745955,-4.814605157990126,0.7491313366650935,0.49647571699557774,-3.646951512076635,-1.296152765353109,0.7548290423683232,0.5160336572974985
1778803200,133.302,133.379,131.764,131.764,1138200,2026-05-15,VJC,2026-05-15,-1.0401880599929303,-2.7808725550234836,2.6975207126879397,5.091721167650354,-2.891212864902315,89.49033594109528,136.09455,127.96717999999998,128.53486999999998,134.04045854030835,132.27032631130578,-3.1820157383230963,2.9670263891101056,2.512259902701919,-1.6983368791026354,1.2129268713996955,-1.1550969214939522,0.11490886150102853,0.0,149973784.8,1427655.0,1314058.3333333333,194653358.785,169818033.83499998,0.7972514367967051,0.7704659489880685,4.368000000000003,3.315017759023711,34.67482415651562,39.48692125372294,15.992112315512227,42.99436899635646,169.224,66.305,63.60244464093123,-8.199508127050903,-21.81662829610994,-5.522004531588799,-4.461707222970102,0.7495992931967167,0.49721421952335493,-2.6468064302058947,0.018908369814751858,0.7579190559434036,0.5198842493914686
1779062400,130.379,132.533,130.379,131.61,1391200,2026-05-18,VJC,2026-05-18,-0.11687562611942814,0.3515085894669534,-3.984066651589313,1.8448299877733776,-4.413633821638929,89.059514745809,135.8215,128.08872,128.754475,133.80898629837424,132.2444311618428,-3.1007609251848756,2.7490945338512374,2.2178064102237993,-1.6433771446940137,1.6347409003976778,0.9342460763182834,-1.0511217024377073,57.14948932219244,183095832.00000003,1365165.0,1317446.6666666667,185707924.83499998,170311171.61166665,1.0190709547930104,0.9859344029754208,4.2141428571428605,3.201992901103913,24.077678500245984,39.00557803153742,15.940778902376785,43.830990671563114,169.224,66.305,63.45281240587259,-8.306800526708125,-21.908005601310133,-11.053180582669764,-5.450714993722028,0.7305755542821994,0.4825296388730731,-8.30553891912601,-0.4276473974032857,0.7413079098152167,0.5057868411593336
1779148800,131.687,132.687,130.226,132.302,1175600,2026-05-19,VJC,2026-05-19,0.525795912164706,-1.7145828690290577,-3.47921879901657,2.380325940600181,-3.964751313841075,84.94464325654214,135.58305000000001,128.3287,128.94716,133.66546379376717,132.24668876333917,-2.4199558868162496,3.096189706589403,2.601716858285208,-1.0200569055525577,1.8699186991870014,0.4672897196261535,0.05850619253855438,84.35595286468845,155534231.2,1346815.0,1319063.3333333333,182912350.16500002,170580356.07166666,0.8728741512382918,0.8503211022093204,3.933857142857146,2.973392044607902,24.20532422409671,39.017016261197746,15.940778902376785,33.71357409713572,169.224,66.305,64.12518582574646,-7.82468143214452,-21.49740108703393,-8.595081269686922,-3.068135822597906,0.7278503474202587,0.4807261963403984,-5.917590051902854,1.8358100291311352,0.7372460185234577,0.5034377486899746
1779235200,132.302,132.764,129.918,131.226,1335700,2026-05-20,VJC,2026-05-20,-0.8132908043718134,-1.4442466710226864,-4.049311222251473,0.8275130811608244,-4.1572327962722255,87.47374887495178,135.30614999999997,128.54716,129.11485000000002,133.43313390864648,132.20666175301216,-3.015494861098311,2.0839355766397283,1.6350946463555394,-1.6541123212751474,2.151139060634007,-0.813290804371811,0.0,45.9592410400559,175278568.2,1331925.0,1320533.3333333333,180506078.875,170795650.91666666,1.0028342436698763,0.9710396973465916,3.8953571428571445,2.9684339558145068,24.314243086812144,39.03463321307759,15.898458358926312,34.24061519781445,169.224,66.305,63.07970345611598,-8.574334821957308,-22.135855505185965,-9.335553015809595,-4.059307196347417,0.727316030880758,0.4798481269828688,-6.103020524050673,0.3172685600971503,0.7366647438713396,0.5028067852844397
1779321600,131.533,133.841,131.379,133.456,1520400,2026-05-21,VJC,2026-05-21,1.6993583588618133,0.2305687613125107,-1.027135663485157,-0.8005470776686785,-8.876386081826626,92.77748887733289,135.2369,128.86252000000002,129.32715,133.43531163163254,132.25565540975677,-1.3168743146286244,3.5646361719450903,3.192562427920209,0.01550441791942081,1.8761525917120219,1.465410817978146,0.2339475408836611,84.36230706742418,202906502.39999998,1361910.0,1324760.0,184443998.56,171336985.88333333,1.1163733286340507,1.100098154367403,3.790928571428572,2.8405830921266726,24.757934948320194,38.574484503941385,15.758693273886216,38.092970089540856,169.224,66.305,65.24645595079626,-7.02068513860924,-20.81266465715711,-4.281159646806798,-2.776204823859829,0.6887275336917148,0.45566645396374533,-1.9464802260623193,-0.19803702766377773,0.7196359968817407,0.49544880936166796
1779408000,133.456,133.456,130.61,130.841,1084400,2026-05-22,VJC,2026-05-22,-1.959447308476192,-0.7004948240794118,-3.186876609346778,-8.842565821100356,-12.589687746349021,93.29443049194862,135.02155,129.09482,129.524835,133.1882343333818,132.2001787270212,-3.0962094569348286,1.3526336688025165,1.0161487563369764,-1.7623436072487286,2.1325380649801997,-1.9594473084761876,0.0,8.116654954321733,141883980.4,1342215.0,1315110.0,181548733.16000003,169722505.68666667,0.8079182545270318,0.7815200796524246,3.7854285714285703,2.8931516660898113,25.64558481395473,36.18072369115987,16.375732790220436,33.98487294977481,169.224,66.305,62.70562286846939,-6.538137348743511,-22.36429876818645,-5.5675952427652,-9.351770048941155,0.6812728704123332,0.48215991321963825,-3.378697563170241,-6.896055837435055,0.7050163521243236,0.5180527798603024
1779667200,130.841,133.841,130.533,133.687,1116300,2026-05-25,VJC,2026-05-25,2.1751591626477884,1.5781475571765124,-1.0810370852694762,-2.6328822595446444,-15.136607165528272,96.83009422850412,134.94850000000002,129.31174000000001,129.727135,133.23573582544068,132.2584854436086,-0.9348010537353235,3.383497894313381,3.052456989819441,0.33869605009766435,2.5282594905266857,2.1751591626477964,0.0,95.34461910519965,149234798.10000002,1335295.0,1313990.0,180531963.28500003,169501470.3716667,0.8359950422940249,0.8266392021916242,3.7579999999999996,2.811043706568327,26.943092948158338,35.396455538236516,16.375732790220436,39.155635623090795,169.224,66.305,65.47090430338423,-4.505193079703407,-20.6755986993568,-2.627906196344698,-3.9827594701566604,0.6768194787847136,0.4896986774500387,-0.8988517499546433,-1.2706918261026767,0.7100456106030744,0.5337933117975148
1779753600,133.687,133.841,132.149,132.764,996200,2026-05-26,VJC,2026-05-26,-0.6904186644924315,0.34920107027862635,-1.3149190161521496,-3.305123013503064,-21.223269171433312,95.47114252061249,134.86005,129.61634,129.93328000000002,133.19080860397014,132.27830954385925,-1.5542408593204549,2.4284438212034187,2.17859504508775,-0.3204489922718379,1.2656428822548245,-0.6904186644924352,0.0,36.34751773049684,132259496.80000001,1332445.0,1311013.3333333333,180060430.345,169017422.15833333,0.7476481205603234,0.734528383313245,3.274500000000001,2.4664065559940953,27.003992494370895,35.42303968649595,16.360404011420727,36.87097269100948,169.224,66.305,64.5740825309224,-5.164507050302147,-21.223269171433312,-2.053814202105664,-3.54665862670559,0.6813875882456812,0.49111435981848084,-1.4709884374111803,-1.2798261277835343,0.7124547838546174,0.5337546878160252
1779840000,132.764,132.841,130.379,132.379,1047500,2026-05-27,VJC,2026-05-27,-0.28998824982677807,0.8786368555011803,-4.654244783601403,-2.1046404141246144,-17.18030530530531,97.36261442585801,134.53695,129.8517,130.10558,133.11349349883014,132.2822581891981,-1.6039831436642449,1.9462971990355182,1.747365485784691,-0.5517798981337751,1.8544183664246463,-0.2899882498267748,0.0,81.23476848090925,138667002.5,1305735.0,1309573.3333333333,176013539.985,168773011.74166667,0.8022301615565179,0.7878200876581273,3.2141428571428605,2.4279854487062607,24.112008229661388,35.293089824520194,16.237400620319775,35.3967706056073,169.224,66.305,64.20000194327578,-5.439518836521573,-21.451712434433823,-5.794918936054605,-1.790865704366229,0.681308426004973,0.4933172847298485,-5.203110758882546,-0.19897774891302067,0.7098326862491524,0.5336263328080676
1779926400,132.456,132.687,130.764,131.072,999300,2026-05-28,VJC,2026-05-28,-0.9873167194192289,-1.7863565519721791,-4.644395297404246,0.8284934035924341,-15.643141242646951,94.07723288320304,134.21775,130.104,130.271345,132.9190655465606,132.23479708373935,-2.34376600710412,0.7440201684805858,0.614605614150987,-1.3896167107145252,1.4526473232159194,-1.045483044893817,0.058166325474573455,16.01664066562623,130980249.60000001,1288040.0,1306485.0,173262279.50500003,168389481.285,0.7758299431694667,0.7559651758836531,3.0328571428571456,2.3138863699776806,24.107700422484438,34.432021515946104,16.234733926156668,40.267899995636824,169.224,66.305,62.93007122105734,-6.373130277011874,-22.227232810386166,-3.995619282392315,-0.12324268871026778,0.6514306245666605,0.47866579378935564,-2.6075578329190825,1.3720716704083036,0.6784608003344682,0.5150524296490165
1780012800,129.995,132.302,129.61,132.225,998700,2026-05-29,VJC,2026-05-29,0.879669189453125,1.05777241078866,-4.500346680533884,4.752586630329714,-15.528454245777235,95.78447050461976,133.90619999999998,130.33322,130.43633499999999,132.8529640659358,132.23441288437704,-1.2555057196754094,1.4514948683075346,1.3712935126550585,-0.47267599210216726,2.0538330078124836,1.701354980468742,-0.821685791015625,97.13967310549782,132053107.5,1263180.0,1303246.6666666667,169509118.36,168080572.77666667,0.7906236640858785,0.7790324719850663,2.912000000000002,2.202306674229535,24.19346273062667,33.92293500482758,16.234733926156668,52.73262901259649,169.224,66.536,63.96949984418821,-5.549523551009328,-21.543089739634024,-5.006791856090753,1.9756361466384487,0.6289582906128288,0.4638308612793288,-3.2302935350636104,2.827968772366618,0.6570083582434031,0.4956435163950843
1780272000,132.225,132.687,130.456,131.533,881400,2026-06-01,VJC,2026-06-01,-0.5233503497825698,-1.6112262224449836,-4.947282463379565,4.779619701592397,-16.135552155062495,93.43941644484313,133.56390000000002,130.50244,130.602865,132.72725320251334,132.2069064967544,-1.520545596527223,0.7896863844078172,0.7121857548836985,-0.8997799424743436,1.6872754774059542,-0.5233503497825731,0.0,48.27431645002183,115933186.19999999,1248520.0,1293473.3333333333,167178779.0,166941836.92333335,0.7059558517284464,0.6934683151382508,2.7636428571428593,2.101102276343472,24.20856089729318,33.92087969647148,16.0830111766982,40.90667297121569,169.224,66.536,63.29561389841072,-6.043830449876431,-21.95369425391025,-4.433814722314011,3.3348397734189072,0.6298995203447463,0.466256732970894,-3.710820996700992,3.08376019522143,0.6573138981570744,0.49612056466723103
1780358400,131.533,131.61,129.841,130.841,901200,2026-06-02,VJC,2026-06-02,-0.5261037154174031,-1.4484348166671657,-6.021906985096059,8.759548805931704,-21.9367695052175,93.29443049194862,133.1447,130.67782,130.78978,132.54761004036922,132.15334153609737,-1.730222832752626,0.12487199434456642,0.03916208131857779,-1.287544935626861,1.344909642447147,-0.5261037154174077,0.0,56.529112492933685,117913909.2,1219445.0,1282378.3333333333,162753029.085,165765355.89833334,0.7390247202620864,0.7244959424897576,2.412000000000002,1.8434588546403667,24.0124960639382,32.766092106164045,15.888123235541196,42.85448916408668,169.224,66.536,62.621727952633236,-6.538137348743511,-22.36429876818645,-3.441433880581035,7.766466102490742,0.6149084304981522,0.4723183768194055,-3.103538633966796,7.203515121894565,0.6393373874483298,0.4999198779939053
1780444800,130.841,132.302,129.995,131.379,1089800,2026-06-03,VJC,2026-06-03,0.4111860961013569,-0.7554068243452505,-5.895709476398558,9.206752948804265,-20.18723156085027,95.19946512146196,132.73315,130.8855,130.96977,132.43631384604834,132.12297520134845,-1.020204824491855,0.377047113698592,0.3124614176233109,-0.7983564441981006,1.7632087801224292,0.41118609610136153,0.0,59.99133073255282,143176834.2,1170230.0,1279906.6666666667,155433615.745,165669184.06333336,0.9312699212975227,0.9211445896934667,2.3515000000000015,1.7898598710600642,24.060023041785993,32.76831369329781,15.888123235541196,44.69678811121758,169.224,66.536,63.14564506076658,-6.153835164364196,-22.04507155911045,-2.0785563461109042,6.312260234531487,0.6331918606524062,0.47797163585663893,-2.057703427923096,5.5091177338309825,0.654951320280902,0.5051063369056559
1780531200,131.379,132.764,130.149,132.764,1034100,2026-06-04,VJC,2026-06-04,1.0542019653065005,1.2908935546875,-5.164507050302147,12.810142070559461,-16.213435991290904,98.39210998206815,132.37165,131.20548,131.14515,132.4675220511866,132.14811342874657,0.29640032438971176,1.1878467271336568,1.2343956295753244,0.22381180248760568,1.990424649297079,1.0542019653064945,0.0,100.0,137291252.4,1158710.0,1278620.0,153447057.715,165777593.69666666,0.8924579920773964,0.8947141407885026,2.422928571428575,1.8249891321657787,24.459400694998138,32.44943834167693,15.888123235541196,52.996164908916604,169.224,66.536,64.49439077594268,-5.164507050302147,-21.223269171433312,-1.1069065138984637,1.9944909594080258,0.757645342763833,0.48169441067383384,-0.5081653639955714,1.4899383316014045,0.7794237921898767,0.5106790208591687
1780617600,133.072,141.994,132.533,141.994,1789100,2026-06-05,VJC,2026-06-05,6.9521858335090725,7.3881641141992915,4.767104690370627,19.09650579571569,-11.036345068260566,106.25771683395553,132.6947,131.6916,131.36514,133.3748056653593,132.53422662761926,7.008041768058559,7.823126152313442,8.091081088940344,6.462385674447746,7.126178783405149,6.720195233647673,0.23199059986140913,100.0,254041465.4,1179970.0,1284621.6666666667,156906458.05,167172052.21999997,1.516224988770901,1.6190631574835934,2.9448571428571477,2.0739306892242966,33.23597030611433,35.20179248333367,13.119002131520768,70.15215028722251,169.224,66.767,73.42299696458026,0.0,-15.746564450668131,8.759544793327223,9.42470413414822,0.7720231618462686,0.448858670790883,8.999383409404793,10.967858465343781,0.8221574324416608,0.47504170835297826
1780876800,136.918,138.456,134.533,135.995,846900,2026-06-08,VJC,2026-06-08,-4.224826401115534,3.3923045927638062,3.6950338927479454,10.70815118730717,-14.340872873402489,96.88305295769754,132.937,132.05774,131.52090499999997,133.62434798294413,132.66994323045773,2.3003377539736913,2.981468560646272,3.4018128144723825,1.7741168079326908,2.7627927940617223,-0.6500274659492667,-3.574798935166268,37.267397399949445,115174165.5,1146005.0,1274841.6666666667,152657186.13500002,166156335.95,0.7390020113350291,0.7544627830238368,3.3020000000000045,2.4280304422956758,34.76496584013027,35.94361367709688,15.95702025270127,55.94284059090474,169.224,66.767,67.56785773544026,-4.224826401115534,-19.306125839603162,9.232886702033094,7.109900843046192,0.8239744097534619,0.46618268489194997,8.777096710376874,8.228178278114285,0.8716513794636226,0.4904123930398869
1780963200,136.148,137.994,134.918,137.687,898900,2026-06-09,VJC,2026-06-09,1.2441633883598646,5.232304858568804,2.285862863085941,17.146527813228516,-10.499869994799782,94.98817498194386,133.09085,132.42696,131.64936,134.01126722266375,132.86669055475352,3.4533929267113628,3.972031072826865,4.5861521848644005,2.7428535327771453,2.261847862053747,1.1316592521784004,0.11250413618146826,90.0195058517559,123766844.30000001,1127380.0,1266603.3333333333,150288370.65,165489977.20833334,0.797335414855683,0.8235290845506282,3.3184285714285755,2.4101248276370137,33.80861263304224,34.74746797015787,15.95702025270127,60.19503266323733,169.224,66.767,69.21928223547441,-3.0332267560601034,-18.30216220065032,7.9694144910907765,12.265882519857517,0.780781597557089,0.4537703535589124,7.2542898605591155,12.193307036800947,0.8192117354179768,0.4711136303111584
1781049600,137.918,141.148,137.456,139.994,1008400,2026-06-10,VJC,2026-06-10,1.6755394481686725,6.557364571202418,5.1408572351275605,16.070673487492847,-7.426682096214243,99.34214273509143,133.43310000000002,132.81156,131.80166,134.58105129669576,133.14619288593966,4.916995857849349,5.40799309939588,6.2156576783630735,4.022073427982753,2.681444145053641,1.5077676178578903,0.16777183031078113,68.74322860238368,141169949.6,1122520.0,1262455.0,149986391.41,165315406.19666666,0.8983358871111428,0.9412183883676517,3.3953571428571467,2.425359045999933,33.90793960130745,34.53046863053288,15.995805554618928,60.29152499685181,169.224,66.767,71.47095854846425,-1.408510218741632,-16.93328270002137,10.127240290064154,9.734895531543208,0.8141272111088917,0.47479927624781243,9.179985989085216,10.27816161869699,0.835858300714085,0.48358435108178144
1781136000,139.225,140.379,136.379,136.533,817800,2026-06-11,VJC,2026-06-11,-2.4722488106633245,2.8388719833689624,2.541513642610904,15.25954565791805,-5.585367540280773,97.22222222222221,133.6023,133.1254,131.92281,134.76695117320094,133.27900885119692,2.1935999604796974,2.55969183942355,3.494611735453468,1.3104465237395946,2.857265311370487,-1.9229395545523431,-0.5493092561109747,3.849999999999909,111656687.39999999,1103555.0,1256716.6666666667,147599592.385,164882036.325,0.7410595756441681,0.7564837110711916,3.47778571428572,2.547212552486007,35.27910562935237,34.73319074716331,17.211769708808696,58.72738423796379,169.224,66.767,68.09295606937545,-3.845937152274048,-18.98689863052715,9.129549748268783,9.034682823420258,0.8186015378002391,0.474799288480516,8.407259888900697,10.171013070046552,0.850707173932707,0.4909079159387268
1781222400,136.764,140.841,136.687,139.071,907600,2026-06-12,VJC,2026-06-12,1.8588912570587368,-2.0585376846909087,5.545520779575597,15.159319002351701,-2.2705232533625663,103.60295732376836,133.96765,133.50691999999998,132.06511,135.17686058527704,133.5061457589931,3.809389804180352,4.167634157090894,5.304875754088267,2.8807736752151536,3.042487896698964,1.6897013908725278,0.16918986618621457,57.390467019739724,126220839.6,1092025.0,1251113.3333333333,146411945.125,164482279.265,0.8311165037430461,0.8620938646244899,3.5492142857142914,2.552087987944497,35.483648860629735,34.71526563549006,17.32052097284461,58.33384929725712,169.224,66.767,70.57009281942669,-2.0585376846909087,-17.48095317209789,12.308114451515639,10.402231023120102,0.7992792197571952,0.46237174216368426,10.725518633841224,11.38540178195302,0.8372843666509266,0.4807879154349032
1781481600,139.225,142.687,139.225,141.302,1074500,2026-06-15,VJC,2026-06-15,1.6042165512579976,3.9023493510790708,7.364182053035462,14.812467498699933,-1.2364490357934188,106.4038329511094,134.45225,133.76538,132.21087500000002,135.76020719620303,133.81186553315024,5.094559592717851,5.634208193480261,6.8762308698130825,4.082045039742654,2.489375930280229,1.4934817467336814,0.11073480452430395,59.99422299248953,151828999.0,1076190.0,1247595.0,144848603.475,164375739.86166665,0.9984296453228519,1.048190975663806,3.6866428571428633,2.6090521416136103,35.744537094428544,34.65850979983685,17.371355449721122,62.70157691163342,169.224,66.767,72.74759167260412,-0.48734453568460845,-16.157168964944358,14.036070182334093,9.824808279290774,0.8011776045724932,0.4644783295485603,11.463636208442352,9.801872691225766,0.8500089358375067,0.4905041680135729
1781568000,143.8,144.1,137.8,138.0,969400,2026-06-16,VJC,2026-06-16,-2.3368388274758956,0.22732719864619888,4.306813200102799,13.048037223933417,-6.3149176521703705,104.80246950224092,134.73714999999999,133.97932,132.362435,135.97352079656466,133.9761061004777,2.421640950547066,3.0009705975519108,4.2591880392650605,1.490348408692932,4.458535618745653,-4.10468358551189,1.7678447580359968,3.174603174603003,133777200.0,1065880.0,1234996.6666666667,143760751.915,163095179.50166664,0.9094832438923707,0.9305543983179577,3.9607857142857177,2.870134575569361,37.01119677088715,34.997888263400796,18.217251712713995,57.694308319872995,169.224,66.767,69.52477624759656,-2.812794906827054,-18.11644079462654,9.79525240070084,6.64417171629128,0.7865923236116505,0.4497488683144521,7.624280955164576,7.331255232875321,0.8525701834705824,0.4853153489866802
1781654400,136.8,144.0,136.3,143.9,959700,2026-06-17,VJC,2026-06-17,4.275362318840581,2.790119576553285,9.658147013549145,18.93053431959999,1.0682755181592896,110.43549472083293,135.37085000000002,134.37896,132.53387999999998,136.7284235778442,134.36527841026287,6.3005809596379025,7.08521631660195,8.576010903777975,5.245124776906951,5.579710144927528,5.14492753623188,-0.8695652173912993,98.70129870129878,138100830.0,1047080.0,1221255.0,141901865.005,161798872.01833332,0.9165488787867212,0.9732136360232753,4.373428571428574,3.0392137397001906,39.425738566051365,35.88392112441392,18.402363597441624,65.59824902723736,169.224,66.767,75.28328957513885,0.0,-14.615621959034486,15.25235157860405,9.318382433156767,0.8250440359073876,0.43509897765479166,13.195462064758146,10.07731489123831,0.8967405716526134,0.47064755070896847
1781740800,142.8,142.8,138.4,138.4,1144100,2026-06-18,VJC,2026-06-18,-3.8220986796386414,1.3674349790893103,3.7045917755665014,18.528668693529738,-7.2062649180679506,104.46151573349094,135.61804999999998,134.63476,132.672055,136.88762133233524,134.523502786331,2.051312491220769,2.796632905202201,4.317371129888659,1.1048323091194856,3.057678943710914,-3.057678943710914,-0.7644197359277238,0.0,158343440.0,1028265.0,1223988.3333333333,139673711.885,162530573.07666665,1.1126509216982003,1.133666728427549,4.574000000000004,3.3049132947976907,41.97062401863174,36.0376963687776,21.252989095283368,56.790639364814055,169.224,66.767,69.91518393081977,-3.8220986796386414,-17.879097144755896,7.206112686109556,3.4894208444627104,0.7035135011288399,0.34215695241394106,6.678189932912204,5.538231888153678,0.8386144619136278,0.4079699950988637
1781827200,138.9,141.0,138.4,140.5,1166800,2026-06-19,VJC,2026-06-19,1.5173410404624166,1.0275326991249,7.382242569225239,19.383454557813874,-8.625612143363492,108.03719497749347,136.101,134.92948,132.820345,137.23165739592235,134.75787522608272,3.232158470547608,4.128467700312766,5.781986938823258,2.3816243759617883,1.8786127167630018,1.1560693641618456,0.36127167630057855,80.76923076923073,163935400.0,1032385.0,1215856.6666666667,140776282.86499998,162017190.85,1.130198520900633,1.16451007700785,4.600357142857145,3.2742755465175404,41.39215984143644,36.109921194323285,21.084701944155412,59.56480000000001,169.224,66.843,71.94401304929626,-2.3627519110493433,-16.633042982935,10.184392660055398,6.393369282511507,0.6984582199133653,0.3359830735005821,9.737371788044403,8.45732358660225,0.8464887012850424,0.4051110818587047
1782086400,140.5,141.0,138.9,139.5,1005000,2026-06-22,VJC,2026-06-22,-0.7117437722419906,-1.2752827277745515,4.3482163561153975,18.533750254911286,-11.962386797513492,106.79227382558292,136.39164999999997,135.1119,132.960175,137.44769002488212,134.94384090349124,2.278988486465283,3.247752418550842,4.9186344708105345,1.49315712380933,1.4946619217081811,-0.7117437722419928,0.0,28.571428571428374,140197500.0,1026820.0,1211101.6666666667,140324417.95999998,161822935.40999997,0.9787499269589607,0.9990955390241764,4.624000000000001,3.314695340501793,41.006336433538706,36.166340185801424,20.87973442778345,59.175974397558434,169.224,66.843,70.96726931754917,-3.0576789437109175,-17.226402107611616,5.839178854060812,6.489292140943649,0.7220288875678158,0.33799082665868524,6.405375606654539,9.419446749706651,0.9134381648907673,0.4203268385017308
1782172800,139.5,140.2,137.5,137.5,938200,2026-06-23,VJC,2026-06-23,-1.4336917562724039,-0.36231884057971175,3.567232080985794,15.327193732910604,-13.434903047091417,103.82751004313731,136.62845,135.30816,133.09193000000002,137.4526719272743,135.04408243668766,0.6378978902271237,1.619887521935115,3.312049047601895,0.03443226825792234,1.9354838709677338,-1.4336917562724014,0.0,0.0,129002500.0,1023920.0,1207320.0,140161568.11999997,161657806.86666667,0.9162825220720369,0.9203842517626081,4.65207142857143,3.3833246753246766,41.31478605667821,36.27927013886673,20.98063551094193,56.2914996402508,169.224,66.843,69.01378185405495,-4.447533009034055,-18.413120356964853,4.370764652183878,1.6821793527764797,0.7374258393203064,0.3418170954481257,5.183682596297212,3.9457561892958246,0.9469631956738479,0.42836051079886717
1782259200,137.5,138.2,136.1,136.4,967200,2026-06-24,VJC,2026-06-24,-0.8000000000000007,-5.211952744961779,3.0374908406922696,12.94756715577492,-10.891024426573281,100.3701853864912,136.8295,135.46704000000003,133.2278,137.35241745801008,135.0972556744646,-0.313894299109474,0.6886988894124979,2.3810345888771067,-0.6934114998749408,1.5272727272727231,-0.7999999999999958,0.0,14.285714285714866,131926080.0,1019905.0,1206701.6666666667,139824521.99499997,161835186.78,0.9483236183762214,0.9435117540020453,4.615285714285714,3.3836405529953915,41.435680962034624,36.27946612537835,20.87261882773232,53.75930521091811,169.224,66.843,67.93936374913315,-5.211952744961779,-19.06581539410913,2.845965950458984,0.6795135928863374,0.7336626519294933,0.3344024386426036,3.6461555361621434,2.5925359457481747,0.9415861430560474,0.41926095510222405
1782345600,136.5,139.9,136.3,139.4,965800,2026-06-25,VJC,2026-06-25,2.1994134897360684,0.7225433526011571,6.353759765625,15.358197962612042,-14.515238854479662,104.31494401125639,137.2459,135.68898,133.38636,137.54742531915198,135.26599074605423,1.5695186522876048,2.734945756096052,4.508436994607257,1.3468624923727024,2.63929618768328,2.126099706744872,0.07331378299120228,86.1111111111111,134632520.0,1018230.0,1202018.3333333333,140007135.515,161567986.13333333,0.9485086866425071,0.9616118457446466,4.196642857142856,3.0105042016806713,41.785762604034595,36.50140813371418,21.105685485726593,46.92143365772609,169.224,66.843,70.86959494437446,-3.127171646977067,-17.28573802007928,6.385954306504027,3.2965332808600145,0.6974733127358156,0.31678629875131625,6.1137381636808374,4.7230705839198315,0.929622527554141,0.41044198490552836
1782432000,138.5,140.0,138.0,139.5,982800,2026-06-26,VJC,2026-06-26,0.0717360114777632,-0.7117437722419906,5.501985252410657,16.254843951831322,-12.767248009905142,107.26543347448181,137.60965000000002,135.91291999999999,133.53772999999998,137.73338481256607,135.43203032464035,1.37370453307597,2.639248718959175,4.464857984331494,1.2826339742089576,1.4347202295552368,0.7173601147776184,-0.6456241032998578,75.0,137100600.0,1017435.0,1203991.6666666667,140259510.14,162124268.16666666,0.9659585133202613,0.9774781037175524,3.8065714285714267,2.7287250384024566,41.746036430014016,36.44857365005911,21.105685485726593,54.83701802323976,169.224,66.997,70.92353292183084,-3.0576789437109175,-17.226402107611616,5.050144888362551,4.4649855471827316,0.7066951249777966,0.32094742582937624,4.925638021981937,6.472324370941607,0.9526380638187087,0.4189487083490544
1782691200,139.5,139.5,136.6,138.8,1234200,2026-06-29,VJC,2026-06-29,-0.5017921146953319,-0.5017921146953319,5.524849277367672,8.117371221149883,-13.329628403903904,104.81945489692626,137.973,135.9475,133.685985,137.8349672113693,135.56410756681132,0.599392634790874,2.098236451571389,3.8253935145108997,0.7001364081661743,2.078853046594986,-0.5017921146953324,0.0,75.86206896551768,171306960.0,1035075.0,1196446.6666666667,143028198.82999998,161370008.58166665,1.1923773639591333,1.1977145863635708,3.793999999999999,2.733429394812679,41.740462272053094,33.68652776052075,21.11014804926381,51.57921620931354,169.224,66.997,70.23878231778299,-3.5441278665740095,-17.641753494885247,4.959396644190828,-0.8107702761518176,0.5677568057076682,0.2764055399703984,4.792079175191977,0.46633783482237234,0.8081515870337452,0.37649829978476473
1782777600,138.7,140.0,137.8,139.5,746006,2026-06-30,VJC,2026-06-30,0.5043227665705974,1.454545454545464,6.617956145244985,9.58107821496743,-11.705507804093829,108.21827843037748,138.40595000000002,135.99608,133.825815,137.99354176266746,135.71845628968146,0.790464571790439,2.576486028126679,4.239977914574999,1.0916874935520404,1.5850144092218938,0.5763688760806998,-0.07204610951010437,77.27272727272717,104067837.0,1027315.3,1191211.7666666666,142335895.21999997,160855240.6933333,0.7261704366711953,0.7311426034813541,3.687428571428569,2.6433179723502285,41.629516892162144,33.630290321983765,21.296171668880305,49.2655803996194,169.224,66.997,70.92353292183084,-3.0576789437109175,-17.226402107611616,4.781627051419202,-0.16567955281912106,0.5617918790777816,0.2731235565533225,5.466404439458339,1.878931954059392,0.79513826690648,0.3708788153337322
1782864000,139.1,140.0,138.8,139.3,888300,2026-07-01,VJC,2026-07-01,-0.14336917562722817,2.126099706744866,6.0291218535686975,12.41304733775561,-13.350708807374822,107.91975760108663,138.802,136.0468,133.96502999999998,138.11796635669913,135.85890898420377,0.3587844555554165,2.391235957038318,3.982360172651056,0.8558145435244802,0.8602150537634327,0.14336917562725238,-0.28673835125448965,41.66666666666706,123740190.00000001,1017240.3,1182133.4333333333,141364063.01,159958002.29333332,0.8732449943243499,0.8753298919488945,3.4874285714285684,2.503538098656546,41.665807943510856,33.116270313758776,21.229361987655267,54.555332389450506,169.224,66.997,70.7278898921029,-3.196664350243217,-17.345073932546928,3.379328834288975,1.5362273097277779,0.5289752931827171,0.2599057215773941,4.066699084400249,2.8388050536958254,0.74749908104269,0.3527883963409108
1782950400,139.3,139.4,138.1,138.1,228300,2026-07-02,VJC,2026-07-02,-0.861450107681272,-0.9325681492109106,4.0191618209755475,9.943475837910999,-13.476057114573747,105.89199988072875,139.06879999999998,136.11198000000002,134.09632,138.11625527510873,135.94679490639186,-0.6966336086886349,1.4605767986036078,2.9856747746694445,-0.011769270080741467,0.9332376166547103,-0.8614501076812756,0.0,0.0,31528230.0,976950.3,1169138.4333333333,136075911.89,158373224.79333332,0.23368640144744313,0.2316958935795084,3.2725714285714247,2.3697113892624366,41.7761998274296,33.10069378550893,21.005834181264618,48.32776495711775,169.224,67.151,69.50809714616011,-4.030576789437113,-18.05710488215888,2.104936165110294,-1.4965924610042194,0.5503541363904056,0.26950689773282327,2.3377731240644017,0.17519809795185637,0.7535278990585966,0.3556530728329226
