t,open,high,low,close,volume,date_vn,Ticker,Date,ret_1d_pct,ret_5d_pct,ret_20d_pct,ret_60d_pct,ret_120d_pct,ret_252d_pct,sma_20,sma_50,sma_200,ema_20,ema_50,dist_sma20_pct,dist_sma50_pct,dist_sma200_pct,dist_ema20_pct,range_pct,body_pct,gap_pct,close_location_pct,traded_value,adv20_shares,adv60_shares,avg_value_20,avg_value_60,volume_ratio_20,value_ratio_20,atr14,atr14_pct,realized_vol_20d_pct,realized_vol_60d_pct,downside_vol_20d_pct,rsi14,high_52w,low_52w,pos_52w_pct,drawdown_60d_pct,drawdown_252d_pct,excess_ret_20d_vs_vnindex_pct,excess_ret_60d_vs_vnindex_pct,beta_60d_vs_vnindex,corr_60d_vs_vnindex,excess_ret_20d_vs_vn30_pct,excess_ret_60d_vs_vn30_pct,beta_60d_vs_vn30,corr_60d_vs_vn30
1755129600,28.886,30.261,28.689,30.261,69328900,2025-08-14,VPB,2025-08-14,6.944444444444442,6.391730830081199,47.370215252751535,68.30367074527253,62.66731172391549,75.77253717472117,25.540100000000002,21.394920000000003,18.78332,25.938273743698893,22.69882212138307,18.4842659190841,41.44011756061716,61.10570442286027,16.665435406437613,5.555555555555553,4.859344076901329,2.0851003675431246,100.0,2097961842.8999999,54391090.0,37748415.0,1376972352.275,827014576.8833333,1.2746370775066285,1.5236049143861157,1.3649285714285715,4.510520377477848,50.27246214592338,35.153038546703016,22.819922108228347,79.73457675753227,30.261,14.49,100.0,0.0,0.0,37.25753144526031,43.426212302844206,1.3483000055820964,0.5710506788618214,37.63876605718048,41.04551926537809,1.0310298398141977,0.49452715967765903
1755216000,32.226,32.226,30.359,30.556,64889700,2025-08-15,VPB,2025-08-15,0.9748521198903015,5.245754830709881,45.67124332570558,71.82702581116796,63.40980801112357,76.01382488479264,26.0191,21.656260000000003,18.839975000000003,26.37805719667995,23.006946744073932,17.43680603864084,41.09546154322121,62.18705173441046,15.838705527736519,6.169657314695474,-5.5186543736162,6.493506493506485,10.551687198714486,1982769673.2,55238195.0,38581008.333333336,1425823393.0549998,855634519.765,1.174725205991977,1.390613790500151,1.4245714285714286,4.662165952910815,50.400261999349496,34.907448280655984,22.819922108228347,78.30052808449351,32.226,14.49,90.58412268831756,0.0,0.0,36.80716980572268,47.82173086115047,1.3108914459121754,0.5641465593633882,37.19511020406268,45.30155397918272,1.005372410337002,0.48855511263011153
1755475200,31.489,31.98,31.047,31.44,46632900,2025-08-18,VPB,2025-08-18,2.8930488283806843,8.108108108108114,43.49612049292561,76.31224764468372,69.87248757294144,81.10599078341014,26.495600000000003,21.934300000000004,18.90105,26.860146987472334,23.337654714894565,18.661211672881528,43.337147754886175,66.33996524002634,17.050736969770597,3.053410132216258,-0.1603613038355789,3.05341013221625,42.122186495176926,1466138376.0,53940420.0,38948498.333333336,1419609719.655,872763943.1650001,0.8645260826667646,1.03277566763653,1.3683571428571428,4.35228098873137,49.67024162929085,35.10953905973972,22.819922108228347,91.99999999999999,32.226,14.49,95.56833558863332,0.0,0.0,33.3065645857171,53.5086664332857,1.3516723192039497,0.5726588615798105,33.772277391320024,50.85170053649116,1.0108163585764551,0.4870853512680215
1755561600,32.128,33.602,32.128,33.602,21644900,2025-08-19,VPB,2025-08-19,6.876590330788779,15.54225981706896,52.00398081968694,88.95574425012649,82.50054312404953,95.17890334572488,27.0704,22.25362,18.97222,27.502228226760682,23.740178059408503,24.128199066138656,50.995658234480466,77.11158736299704,22.17919116569622,4.688295165394392,4.688295165394392,2.188295165394405,100.0,727311929.8,52936405.0,38926110.0,1409856452.585,878072489.3183333,0.4088849630041934,0.5158765833687954,1.3999999999999997,4.1664186655556215,52.569337719975806,37.03015890168577,22.819922108228347,92.41751881149912,33.602,14.49,100.0,0.0,0.0,42.42092902907522,65.49047678682945,1.4259238056509436,0.5755736018254461,42.67536573979467,62.12398131622338,1.0770117137205184,0.49533057107248674
1755648000,34.977,35.91,33.11,35.91,75558800,2025-08-20,VPB,2025-08-20,6.8686387715017005,26.908396946564885,56.5319733228717,103.05343511450383,94.52871072589379,108.58503717472115,27.718849999999996,22.618119999999998,19.05493,28.302968395640615,24.217425978647384,29.550829128914092,58.766511098181454,88.45516619583486,26.877151180831827,8.332837331111236,2.7766204392595677,4.092018332242131,100.0,2713316507.9999995,53016800.0,39967705.0,1460696898.14,919444082.3933333,1.4251859787840835,1.8575493050303873,1.540357142857142,4.2894935752078585,54.9179125297088,38.70762459906372,22.819922108228347,93.5218000494519,35.91,14.49,100.0,0.0,0.0,46.47781775952822,79.0205556254326,1.4463393430450668,0.5586307190893395,45.91800244550252,75.38462022262496,1.1188551559453588,0.49349733903383064
1755734400,36.353,38.219,36.058,37.974,51427900,2025-08-21,VPB,2025-08-21,5.747702589807857,25.48825220580946,64.46792845077742,112.95423956931359,105.70964247020585,115.77362350133527,28.463100000000004,23.01996,19.147000000000002,29.224019024627225,24.756899469680818,33.41484237486427,64.96119020189433,98.32871990390134,29.94105967423275,6.017822333611812,4.514062935115554,1.2336396546922979,88.66265617769531,1952923074.6,53230305.0,40051370.0,1503901729.66,938200342.7033333,0.9661394951616377,1.298570934579292,1.6421428571428567,4.324387362782053,55.83094589561325,39.79492305117514,22.819922108228347,94.46361907445234,38.219,14.49,98.96750811243624,0.0,0.0,53.48976905773854,87.15870203186554,1.5055978288265637,0.5707369073147084,51.60517013314529,81.985443073159,1.1816231330111509,0.5223196650090856
1755820800,37.335,37.581,35.321,35.321,75347200,2025-08-22,VPB,2025-08-22,-6.986359087796911,15.594318628092662,49.48156925811502,100.27784078022228,92.33827052929644,100.1530005100017,29.0477,23.369739999999997,19.22724,29.804683879424633,25.171177921850198,21.596546370280613,51.13989287001055,83.70291315862288,18.508218852082848,5.951440459261614,-5.303628798651718,-1.6827302891451956,0.0,2661338451.2,54273510.0,41109505.0,1572599593.725,979070198.7633334,1.388286845645325,1.6923179058542905,1.750928571428571,4.957188560427426,65.358039833755,43.00887136014072,32.48564803085997,78.8512391611832,38.219,14.49,87.78709595853174,-6.986359087796911,-6.986359087796911,42.01388199446008,76.79967779057796,1.677940382355937,0.6272222174889183,40.81402000182657,72.86016265030545,1.3361146946184594,0.592041574893838
1756080000,35.321,35.37,32.865,32.914,67974200,2025-08-25,VPB,2025-08-25,-6.814642847031505,4.688295165394396,33.46579619642349,86.11252473847897,80.17298007444712,85.01405283867342,29.46035,23.658599999999996,19.2976,30.100809224241335,25.47481800334627,11.72304470245602,39.12065802710223,70.56006964596635,9.34589749664636,7.0920981852155816,-6.814642847031502,0.0,1.9560878243512805,2237302818.8,54813980.0,42017595.0,1613977678.025,1012382755.2766666,1.2400887510813847,1.3862043132701523,1.7859999999999994,5.426262380749831,71.9566071111933,46.00983455757163,38.71507650762519,68.51911685514271,38.219,14.49,77.6433899447933,-13.324906514983926,-13.324906514983926,29.830938547234464,65.32901804088111,1.8206634493831615,0.6622325481562505,28.306062056310388,60.80894929435934,1.4559701828810088,0.6178527128119186
1756166400,32.472,33.749,32.177,33.7,47968700,2025-08-26,VPB,2025-08-26,2.3880415628607876,0.29164930658891475,45.34006124121275,87.4304783092325,85.43993837010954,87.91123006579681,29.986,23.963179999999998,19.37189,30.44358929812311,25.79737416007779,12.385780030680982,40.63242023804856,73.96340780378168,10.696539984126163,4.776083125721586,3.7309351643677506,-1.342893601506956,96.88295165394406,1616545190.0000002,53059165.0,42436023.333333336,1598503529.775,1032473896.11,0.9040605897209276,1.0112865939229672,1.8421428571428566,5.466299279355658,66.248595676028,46.07263793356675,34.34462255259026,68.84791644463392,38.219,14.49,80.95579249020187,-11.255069257913297,-11.255069257913297,33.674142304015334,63.65018511940135,1.6569815679900157,0.6403353824990097,31.291988410318844,58.834012703857866,1.3428906906739388,0.6014157391741576
1756252800,33.896,34.093,31.931,32.717,57247900,2025-08-27,VPB,2025-08-27,-2.9169139465875515,-8.89167362851573,31.880844888745564,82.46054319335228,78.62524568683118,82.43002118880338,30.38145,24.254,19.440545,30.66010460306377,26.068732036153172,7.6874211072875065,34.89321349055825,68.29260702310557,6.708703129247295,6.415430267062322,-3.498516320474783,0.5816023738872245,36.35522664199801,1872979544.3,52372820.0,42694748.333333336,1604115365.07,1051220884.9083333,1.0930841608299877,1.1676090043675054,1.8667857142857138,5.705858465891475,65.62093124523254,46.72173928260836,34.97013129682861,61.917242917689045,38.219,14.49,76.81318218213998,-13.843682519618683,-13.843682519618683,20.926565655777264,58.15867210384019,1.6564191607193366,0.6302664631005301,18.527112319054996,53.666858337435656,1.35516207434642,0.5979893861036881
1756339200,32.521,33.602,32.03,33.405,37019300,2025-08-28,VPB,2025-08-28,2.102882293608843,-12.031916574498325,31.780346364748112,87.84794466625428,81.43058874646971,86.26630980260957,30.784249999999997,24.558580000000003,19.51336,30.921523212295792,26.356428819049125,8.5132819542461,36.02170809550063,71.19040493282553,8.031547380941007,4.804841519699226,2.701959226090413,-0.5990769324815792,87.46819338422415,1236629716.5,51463995.0,43100808.333333336,1595988934.185,1068080441.6316667,0.7193242576679094,0.7748360217368871,1.8702857142857137,5.598819680543971,65.61039607661078,46.60505815917356,34.97013129682861,62.124237382140876,38.219,14.49,79.71258797252307,-12.031916574498325,-12.031916574498325,19.910953611240664,62.6059713261653,1.6503821731764095,0.6278077739282166,16.552174525443483,57.91035827158249,1.3502251859019196,0.596252527624241
1756425600,33.405,35.665,33.061,34.388,65834600,2025-08-29,VPB,2025-08-29,2.9426732525070998,-2.6414880665892815,35.65821136928478,96.62645091200181,85.33009970358394,89.22577450063281,31.236199999999997,24.883799999999997,19.592045,31.25166385874381,26.671392394772692,10.090215839314641,38.194327232978885,75.52021751685443,10.03574131422984,7.795240233497977,2.9426732525071007,0.0,50.96006144393236,2263920224.7999997,51976055.0,43862946.666666664,1638723090.5949998,1099951794.0333333,1.2666332602580168,1.3815148134502693,1.9896428571428564,5.785863839545354,65.56710792453786,46.39733296110189,34.97013129682861,63.98966462771567,38.219,14.49,83.85519828058491,-9.443303312792962,-9.443303312792962,23.151606945825854,70.13403424596179,1.6287526284169316,0.6155846785338939,20.09111866804383,65.16630728669612,1.3321687206335904,0.5852747434425376
1756857600,34.535,34.781,33.749,33.896,28617800,2025-09-03,VPB,2025-09-03,-1.4307316505757783,2.983532843167036,30.680854344976495,93.27175276542366,79.89597707249763,86.5184614538051,31.6341,25.200159999999997,19.669705,31.503505396006307,26.954710340075724,7.150195516863134,34.507082494714346,72.32591947871106,7.594375844590906,3.0010468768174845,-1.8582063510526807,0.42747470047690417,14.244186046511528,970028948.8000001,51495590.0,44106315.0,1637647812.0449998,1112022154.07,0.5557330249056278,0.5923306230224703,2.0212142857142847,5.962987626015709,66.38026049157638,46.669968417526405,34.811630113663526,62.37150493421053,38.219,14.49,81.78178600025285,-10.738926634012735,-10.738926634012735,20.66181221016341,64.98406115032486,1.699510344527399,0.6239733772512243,18.197942209870455,60.11671467182222,1.385861337088087,0.593985982656383
1756944000,34.093,34.388,33.209,34.289,44836900,2025-09-04,VPB,2025-09-04,1.159428841161203,1.747774480712172,31.69841757566447,94.42617373554097,82.903931295674,89.18068965517243,32.04675,25.521440000000002,19.749810000000004,31.76879059638666,27.242329542425693,6.996809348841926,34.35370417970145,73.61686011156561,7.932972443401698,3.478286523483582,0.5782393202737726,0.5811895208874374,91.60305343511476,1537412464.1000001,50149425.0,44515646.666666664,1621101006.8899999,1131685608.9383333,0.8940660835094321,0.9483754914503743,1.9931428571428558,5.812776275606916,66.27384768350242,46.65388904249496,34.811630113663526,65.71893196244034,38.219,14.49,83.43798727295713,-9.704008005477416,-9.704008005477416,22.05875755562765,65.55128104961221,1.694267395864556,0.6232445281231757,20.271739156564017,60.345650963940344,1.3773267261357753,0.5925069976151919
1757030400,34.879,34.879,32.914,32.914,37902100,2025-09-05,VPB,2025-09-05,-4.010032371897698,0.6021334474432427,23.616014421993548,86.11252473847897,78.7638496632631,81.59448275862069,32.36115,25.818160000000002,19.821839999999998,31.87785815863555,27.464747991742335,1.7083756294198338,27.483910549783563,66.04916597046493,3.250349619501547,5.730700807839238,-5.730700807839238,1.7206684359415414,0.0,1247509719.4,50625710.0,45034096.666666664,1645698991.5399997,1150474581.87,0.7486729568829751,0.7580424645169254,1.9931428571428556,6.055608121598273,68.96255655937122,47.81205629946804,36.10488571129344,57.180750284198574,38.219,14.49,77.6433899447933,-13.324906514983926,-13.324906514983926,17.689890803283625,59.36602230538894,1.7380410988641157,0.6432516981476605,16.526750157293634,54.775656788438056,1.4183185539213194,0.6141961350993822
1757289600,32.717,32.766,30.654,30.654,58073200,2025-09-08,VPB,2025-09-08,-6.86637904842925,-8.235294117647063,7.7734416200822665,71.42377810088357,63.51416226596256,69.12551724137931,32.4717,26.070660000000004,19.884245,31.7613002387655,27.589816697948518,-5.59779746671717,17.580452508682164,54.162252577354586,-3.486318980776526,6.416722367381656,-6.267849547305095,-0.5985295011241454,0.0,1780175872.8,50401030.0,45637266.666666664,1645728410.56,1173622316.3166666,1.1522224843420859,1.081694805398815,2.014214285714284,6.570804089888055,71.12474753457602,50.51243784421907,40.88037080176256,50.23974948625109,38.219,14.49,68.11917906359308,-19.276346974245527,-19.276346974245527,5.072737995753163,48.63146674554453,1.839040549646827,0.6805268404103304,3.6018994118221848,43.44819459759782,1.5200982077348038,0.6424117561760736
1757376000,30.949,31.98,30.801,31.833,39698200,2025-09-09,VPB,2025-09-09,3.8461538461538325,-7.429917413051069,9.644197981607117,78.51615074024225,64.75855286993423,79.89827634925119,32.6117,26.3438,19.95398,31.7681287874545,27.756216043127008,-2.387793337973798,20.83678132995239,59.53208332372788,0.20420218319914252,3.8461538461538525,2.8837998303647057,0.9623540157891464,87.53180661577593,1263712800.6,50139870.0,45811906.666666664,1643703900.28,1186000071.7666667,0.7917491608973058,0.7688202238765329,2.0072142857142845,6.305451216392689,71.9281396589462,50.78964626470292,40.88037080176256,50.94776443351178,38.219,14.49,73.08778288170592,-16.17159108863959,-16.17159108863959,6.339992801633,54.05150258632243,1.8549846894998332,0.679840767920494,4.086907399332152,48.25851442850946,1.5373414545661412,0.6426385519716936
1757462400,32.275,32.373,31.244,31.882,22042300,2025-09-10,VPB,2025-09-10,0.1539283133854985,-5.94170403587444,9.627948559246269,72.60570624221754,68.34935051219773,82.15163114894591,32.75170000000001,26.617919999999998,20.02396,31.778973664839786,27.918011492416145,-2.655434679726565,19.776451353073444,59.21925533211214,0.32419654658075725,3.546633996167493,-1.234567901234559,1.3884962146200497,56.5101860053147,702752608.6,49553070.0,44983903.333333336,1629724504.6799998,1175632843.618333,0.4448220867042143,0.4312094507887314,1.9334285714285702,6.064326489644847,71.9292278941227,50.53625410047379,40.88037080176256,45.38131041890442,38.219,14.49,73.29428125921869,-16.04255543266444,-16.04255543266444,6.72224611820571,49.8011535522294,1.8537483286193517,0.6749815347520483,4.648902689793366,43.860678608183655,1.5281035635765587,0.6395581438131486
1757548800,31.489,31.784,29.917,31.686,44389200,2025-09-11,VPB,2025-09-11,-0.6147669531397115,-7.591355828399782,8.953992160099023,71.54458340100697,70.32736655378162,79.5545985153284,32.881899999999995,26.8891,20.093915,31.770119030093138,28.065775747615515,-3.6369552854305653,17.83957068105664,57.68952939235585,-0.2647740476309224,5.855968885264404,0.6179035192271475,-1.2326704723668591,94.75093733261922,1406516191.2,49996040.0,45140038.333333336,1648386432.06,1188293534.5033333,0.8878543180619906,0.8532684835571396,1.8737857142857133,5.9136076320321695,72.0255794689768,50.60198907820713,40.62138246599374,37.206203053065195,38.219,14.49,72.46828774916769,-16.558698056565014,-16.558698056565014,5.874189645517692,48.537808846027716,1.8441708862489414,0.6712499672070793,3.2664832582332,41.944684002520205,1.5030767301758607,0.6309720554204314
1757635200,31.538,31.735,30.998,31.047,23141700,2025-09-12,VPB,2025-09-12,-2.016663510698724,-5.672358266998845,9.722222222222232,70.81316021126763,65.61049767962874,76.89590336732952,33.01945,27.144539999999996,20.15972,31.701250551036647,28.182686502610984,-5.973600408244229,14.376592861768911,54.00511515040884,-2.0638004484502925,2.325948368364572,-1.5495802562645953,-0.4670832544341308,6.648575305291669,718480359.9,48978820.0,45132221.666666664,1622786315.775,1193115739.1150002,0.47248382055753896,0.44274489679614576,1.7614999999999985,5.673656069829609,71.65769623196769,50.69952728504119,40.45085269112551,27.037061592521397,38.219,14.49,69.77538033629736,-18.241428345710208,-18.241428345710208,6.268511624058903,47.02173887375659,1.8255978088231712,0.6626640584667717,3.3505872312602047,40.63430341533743,1.4932377767011789,0.6253437777981546
1757894400,30.949,31.637,30.408,30.998,64130100,2025-09-15,VPB,2025-09-15,-0.15782523271169469,1.1222026489202008,2.435478007997105,70.543573943662,66.20020374242668,78.55990783410141,33.05630000000001,27.398020000000002,20.22289,31.634274308080776,28.29309095348899,-6.226649685536511,13.139562639927993,53.28175152018333,-2.01134472655895,3.958514510258637,0.15782523271169352,-0.31565046542338937,48.006509357201,1987904839.8,48718880.0,45901526.666666664,1617283465.62,1220803229.165,1.3163295215325148,1.2291629031388873,1.6597857142857129,5.354492916593692,67.58684597343402,50.7131414479865,40.372748295859154,32.67890055292894,38.219,14.49,69.56888195878463,-18.37046400168535,-18.37046400168535,-0.2591199965010116,45.92447983402026,1.8054103466711628,0.6571197408630716,-2.1899498594113886,40.15032722650782,1.4911867887977859,0.6243879481293397
1757980800,30.998,32.275,30.949,31.145,70212600,2025-09-16,VPB,2025-09-16,0.47422414349311826,-2.161279175698172,1.9276083256970722,71.81552380426987,66.13324798634449,78.43024921226012,33.085750000000004,27.65248,20.28751,31.587676754930225,28.404930523940404,-5.865818365912833,12.630042585692136,53.518100545606615,-1.401422327968871,4.277695335182905,0.47422414349312364,0.0,14.78129713423819,2186771427.0,48985025.0,46656713.333333336,1627483553.31,1249726291.6516669,1.4333482528589094,1.3436519358690366,1.5755714285714273,5.058826227553146,67.53475018931276,50.66000783308272,40.372748295859154,41.34455426166943,38.219,14.49,70.18837709132286,-17.98335703375994,-17.98335703375994,-1.1950910608059973,47.244434020299806,1.7992715041106324,0.6557592639989549,-3.2393620934813905,41.14362670353757,1.4888203720950437,0.6232531731081574
1758067200,31.145,31.391,30.458,30.458,26679300,2025-09-17,VPB,2025-09-17,-2.2058115267298173,-4.4664701085252005,-3.123409669211208,68.48102666224139,63.30491662645434,72.12771969482903,33.036649999999995,27.882400000000004,20.348695,31.480088492555918,28.48544305241333,-7.8054221599344835,9.237368375749554,49.68036033760394,-3.2467776982190277,2.9956654358645043,-2.205811526729816,0.0,0.0,812598119.4,47987345.0,46797876.666666664,1594806540.48,1257783071.2916667,0.5559653279421898,0.5095277068248207,1.52992857142857,5.023076273650831,67.24459170140918,51.01421047397216,39.977360819612755,33.98221343873516,38.219,14.49,67.29318555354207,-19.7924895981461,-19.7924895981461,-5.237845890848125,45.45094228461839,1.822446190201667,0.662994598465681,-7.7405942390371685,39.445316321985096,1.5120557293166765,0.6298064688653487
1758153600,30.556,30.703,29.77,30.261,26645900,2025-09-18,VPB,2025-09-18,-0.6467923041565404,-4.497254307896236,-9.94286054401523,66.04115226337446,63.50226928895613,71.47957159857201,32.8696,28.10248,20.408895,31.363984826598212,28.555072736632418,-7.936208533112666,7.680887950102622,48.27358365065819,-3.516724142982075,3.0632346181627157,-0.9685468514019361,0.32175454724538977,52.62593783494103,806331579.9,48237395.0,46530008.333333336,1598757522.985,1258246338.4566665,0.5523909406799434,0.5043488886260367,1.4421428571428554,4.765681428713048,62.03305141345904,51.11539734972042,39.67715049855194,36.843796871652025,38.219,14.49,66.46297779088879,-20.31126560278085,-20.31126560278085,-10.606625505930367,44.207925019580685,1.8272104104418838,0.6650340334238156,-12.77528987136849,38.76879787453113,1.5199389952247253,0.6327720212731587
1758240000,30.359,30.408,29.475,29.868,28454900,2025-09-19,VPB,2025-09-19,-1.2987012987012991,-3.797468354430389,-16.825396825396822,65.21739130434783,62.22029111449054,70.17833741667144,32.5675,28.30586,20.46713,31.221510081207906,28.606560080293892,-8.288938358793285,5.518786569282819,45.9315497580755,-4.335184549649895,3.083176365619113,-1.6225504775123203,0.3238491788110087,42.12218649517655,849890953.1999999,45882200.0,46717965.0,1505586245.245,1267235606.9266665,0.620172964679113,0.5644917093817495,1.3964999999999985,4.675572519083965,55.706288283447904,51.195446328009176,39.189467910094805,30.434782608695627,38.219,14.49,64.80677651818449,-21.34618423131616,-21.34618423131616,-16.48051951519951,43.86235197747752,1.830456746972105,0.666882170057205,-18.524640998088582,38.31819929692302,1.523887581703652,0.6340921447973046
1758499200,29.819,29.868,28.787,28.984,54206200,2025-09-22,VPB,2025-09-22,-2.9596892995848334,-6.497193367314013,-23.674092800337064,60.76321482056688,57.4190745166196,62.48458347348358,32.117999999999995,28.489599999999996,20.520945,31.00841388299763,28.621361645772563,-9.75776822965313,1.7353700999663157,41.24105883038038,-6.52859540199715,3.6192580688362113,-2.7956341234766215,-0.16405517610821319,18.22386679000951,1571112500.8000002,46021115.0,47439153.333333336,1486495716.5549998,1290135060.0716665,1.1778549911274423,1.0569236650349068,1.2877142857142843,4.442845313670591,50.327549503994916,51.749724882247136,38.79439346208892,19.77628635346757,38.219,14.49,61.08137721775044,-23.674092800337064,-23.674092800337064,-20.50169943540816,41.082032690184,1.840677670843707,0.6755107078155894,-20.724084533273565,36.43708077846435,1.5213997341645653,0.644219021416242
1758585600,29.082,30.114,29.082,29.377,27129500,2025-09-23,VPB,2025-09-23,1.3559205078663927,-5.67667362337454,-16.82851561394071,61.62522007042255,61.65190117206847,64.68774526292185,31.820800000000002,28.681200000000004,20.57625,30.85304113223595,28.650994522408936,-7.679882341110222,2.425979387194377,42.77139906445537,-4.784102565156056,3.5605851504278223,1.0178029257521326,0.33811758211426124,28.585271317829275,796983321.5,43610230.0,47538760.0,1393277960.07,1297010136.3366666,0.6220902756073518,0.5720203321525007,1.2947142857142846,4.407237926657878,46.36632904832895,51.7601862543785,34.43775497414342,24.442936319420866,38.219,14.49,62.737578490454716,-22.639174171801756,-22.639174171801756,-16.208024204191517,42.38850537637833,1.8381066789931135,0.6746328299603203,-17.238103159833262,38.21155103004692,1.5224638137116626,0.6440939167007733
1758672000,29.573,31.047,29.033,31.047,40528600,2025-09-24,VPB,2025-09-24,5.6847193382578265,1.9338104931380995,-5.672358266998845,70.81316021126763,69.50753439615637,73.11809969889596,31.727450000000005,28.889480000000002,20.639665,30.871513405356335,28.744955521530155,-2.1446728306245944,7.468185650970516,50.423953101952,0.5684418264159996,6.855703441467813,5.017530721312593,0.6671886169452357,100.0,1258291444.2,42237950.0,48021778.333333336,1344327391.34,1314483537.7400002,0.9595304696369024,0.9360007482595137,1.354357142857142,4.362280229513775,46.36039001427976,52.66206799147095,28.77335245909856,33.979047242538044,38.219,14.49,69.77538033629736,-18.241428345710208,-18.241428345710208,-8.363138487936496,50.36434583409205,1.8733872968025602,0.6801838986653557,-9.618250859757616,45.37121538330803,1.5537463226129407,0.6513657611449082
1758758400,31.145,31.293,30.359,30.408,30534200,2025-09-25,VPB,2025-09-25,-2.0581698714851604,0.4857737682165242,-9.768545994065281,67.74976554311249,66.01878139331734,67.76827586206898,31.562850000000005,29.089899999999997,20.699885,30.827369271512875,28.810172952058387,-3.6588901192382894,4.531125923430479,46.899366832231216,-1.3603796931851986,3.0083421908718955,-2.3738203369085524,0.31565046542338937,5.246252676659488,928483953.6,41366225.0,48246345.0,1309924329.52,1324804099.5433333,0.738143255759983,0.7088073201451472,1.280714285714285,4.211767579960159,45.685242681823546,52.96573424274802,28.50782869328955,36.64463866979322,38.219,14.49,67.08247292342703,-19.924158634855416,-19.924158634855416,-9.676199370413741,46.82933936881068,1.8636334485351413,0.6727743429279835,-10.28881315828475,41.837262833379135,1.554579422045042,0.6473429365758426
1758844800,30.408,30.556,29.868,29.868,25508600,2025-09-26,VPB,2025-09-26,-1.7758484609313396,0.0,-8.708011125714465,63.43638850889193,74.9428922860657,64.3537115501018,31.4204,29.277559999999998,20.758359999999996,30.736000769464027,28.851656365703157,-4.9407391376303345,2.0166981128208805,43.8841989444253,-2.824052406734645,2.2625624835569664,-1.7758484609313427,0.0,0.0,761890864.8,39779260.0,48365193.333333336,1254369895.545,1331904739.4983332,0.6412537588683148,0.6073893095696248,1.1684285714285707,3.9119745929709753,45.05083578872708,53.25315855172777,27.96337389202113,44.870790916209856,38.219,14.49,64.80677651818449,-21.34618423131616,-21.34618423131616,-7.985859976131138,43.49474513431895,1.8754788297722362,0.6748939983364002,-8.929806587021982,38.49034194707477,1.5644281263896773,0.6493574841266553
1759104000,29.966,30.654,29.524,30.556,33075500,2025-09-29,VPB,2025-09-29,2.303468595152003,5.4236820314656375,-8.528663373746447,66.75398384632176,83.07968843618934,66.39076453931605,31.277950000000004,29.478,20.817885,30.718857839038883,28.918493370969703,-2.308175567772197,3.656964515910177,46.77763855454096,-0.5301559058355165,3.7833132449444187,1.9753582429355827,0.32811035221642637,91.32743362831867,1010654978.0,39582070.0,48130565.0,1243071158.6200001,1334348401.8516667,0.8356182483634635,0.8130306708442839,1.1544285714285707,3.7780749163129035,45.20495179407583,53.31702487227662,27.96337389202113,41.09608143912985,38.219,14.49,67.70618230856759,-19.53441828619581,-19.53441828619581,-7.673148934709294,46.1658336827859,1.8778878067756517,0.673953278446927,-8.584004014193479,41.029571207920476,1.5664222685961304,0.6487677145624648
1759190400,30.703,30.703,29.77,30.556,28902200,2025-09-30,VPB,2025-09-30,0.0,4.0133437723389065,-11.143422123996737,65.86689827380306,96.59010487035967,64.25307746062462,31.08635,29.6696,20.878125,30.703347568654227,28.982709317206186,-1.70605426497481,2.9875697683824587,46.354138602005676,-0.4799071773028962,3.053410132216258,-0.4810839115067367,0.4810839115067411,84.24437299035385,883135623.2,37735450.0,48242601.666666664,1174031928.54,1342257329.5716667,0.7659163995659254,0.7522245364299827,1.1404285714285707,3.7322574009313083,43.48792943489471,53.344413433224034,27.96337389202113,40.69081718618366,38.219,14.49,67.70618230856759,-19.53441828619581,-19.53441828619581,-9.924192657996656,46.05897164236908,1.8765970205646338,0.6745523091712357,-11.022803268857306,40.721308290125236,1.5681449105832292,0.6494325116725868
1759276800,30.556,30.998,30.31,30.359,16624800,2025-10-01,VPB,2025-10-01,-0.6447178950124366,-2.215995104196855,-10.434859570450783,60.10441936504589,98.99711588883062,61.94057715901211,30.909499999999998,29.838579999999997,20.937145,30.670552562115727,29.03668150084516,-1.78100583962858,1.7441178501121923,45.000667474003734,-1.0158035512557229,2.2516036130383634,-0.6447178950124335,0.0,7.122093023256232,504712303.20000005,37135800.0,47625135.0,1150766096.26,1333706807.3983333,0.44767582763802044,0.43858808913498537,1.0492142857142852,3.456023866775207,43.366893826733794,53.26684966966317,28.054450480707345,40.685104590762336,38.219,14.49,66.87597454591429,-20.053194290830557,-20.053194290830557,-9.4683455634324,41.34701953907553,1.872788801172981,0.671776276912227,-11.028538822328905,36.11160454924909,1.5630956884079243,0.6456682077840158
1759363200,30.556,30.949,29.622,29.622,31474300,2025-10-02,VPB,2025-10-02,-2.427616192891735,-2.584846093133386,-13.61077896701567,53.824583268421854,81.64091243561442,56.813128639491794,30.676149999999996,29.988899999999997,20.993195,30.5706904133428,29.05963516747868,-3.436382988086828,-1.2234526774906662,41.10286690520428,-3.1032678703544647,4.371026713659876,-3.0765176718600777,0.6489014789683445,0.0,932331714.6,36467670.0,47393336.666666664,1120512058.785,1334680252.2183335,0.863074059845337,0.8320586175671784,1.0913571428571427,3.684279059000549,43.40038455222913,53.66320070049609,27.928320040441662,40.13294557540506,38.219,14.49,63.77007037801846,-21.993995891926044,-21.993995891926044,-11.041642793366124,37.063247730858095,1.8925876191592728,0.676169712749369,-12.347765253840294,32.21100293270611,1.585263467147495,0.6495284274966316
1759449600,29.622,29.672,28.984,28.984,30206400,2025-10-03,VPB,2025-10-03,-2.153804604685705,-2.9596892995848334,-11.940207814303939,47.1343723031626,73.66087477531455,50.76202860858257,30.47965,30.109759999999998,21.046055000000003,30.419577040643485,29.05666908247952,-4.907044536272553,-3.7388541124206753,37.717021075921345,-4.719253784250233,2.322598069002764,-2.1538046046857002,0.0,0.0,875502297.6,36082885.0,46789420.0,1101911687.6950002,1327458138.2016668,0.8371392697673703,0.7945303669764974,1.0527142857142855,3.6320531524782136,41.99633385851853,53.89943480542654,26.345965621720406,37.106274007682465,38.219,14.49,61.08137721775044,-23.674092800337064,-23.674092800337064,-10.671438730277227,32.148205687730695,1.906151876165971,0.676833376643881,-12.700443633711345,26.64281865409277,1.589163016040177,0.6476238061882419
1759708800,29.721,30.998,29.475,30.998,42838700,2025-10-06,VPB,2025-10-06,6.948661330389183,1.446524414190331,1.1222026489202008,56.57927968884175,87.33305130839426,62.855941998528955,30.496850000000002,30.26794,21.108745000000003,30.474664941534584,29.132799706696012,1.6432844703633265,2.411991037381478,46.84909027040687,1.7172791217538563,5.2546232404085,4.405879105713501,2.542782224675677,100.0,1327914022.6000001,35321160.0,46891008.333333336,1079298595.185,1337466553.7483332,1.2128338933375915,1.230349069779328,1.1018571428571426,3.5546072096817296,43.26929820128124,55.39548334485036,16.51447405814684,49.2404670869071,38.219,14.49,69.56888195878463,-18.37046400168535,-18.37046400168535,-3.2464455139330495,39.295585269760934,1.9472004327930021,0.6999308685155081,-5.0613278564969555,34.30048733027062,1.6559744303028023,0.6748743757213546
1759795200,31.342,31.342,30.359,30.507,26704000,2025-10-07,VPB,2025-10-07,-1.5839731595586826,-0.16036130383557667,-4.165488643860138,54.09910592514018,88.7342242019302,61.909563740579564,30.43055,30.405500000000004,21.1697,30.477744470912246,29.186689914276563,0.2512277957513076,0.3338211836674265,44.10690751404132,0.09598981025540354,3.1711723336989386,-2.693722175624225,1.1097490160655532,15.055951169888113,814658928.0,34671450.0,46583060.0,1056845901.555,1336136764.5933332,0.7702014193233915,0.7708398422147865,1.1054285714285712,3.623524343359134,41.26458735082701,55.58915386996475,16.263700151051008,50.258411559962056,38.219,14.49,67.49968393105485,-19.66345394217095,-19.66345394217095,-7.095887099873622,38.490226548562426,1.9655430061382468,0.7056274186485586,-8.79409858156458,34.29747356398811,1.693047080261766,0.6850304466795433
1759881600,30.851,31.096,30.163,30.556,25369900,2025-10-08,VPB,2025-10-08,0.16061887435669941,0.6489014789683445,-4.159086631955333,48.092860950903905,90.15495674901987,59.736525693972496,30.364250000000006,30.523400000000002,21.23114,30.48519737844441,29.240388349010818,0.6314992137134823,0.10680330500534296,43.920675008501675,0.23225246232341235,3.0583144852001176,-0.9669911823515852,1.1276100567082947,42.122186495176926,775202664.4,34837830.0,45949581.666666664,1060468404.345,1327261964.7700002,0.7282284803617217,0.7310002459515096,1.1054285714285712,3.6177136124773237,41.26531480137688,55.13716402083018,16.263700151051008,51.58041358619951,38.219,14.49,67.70618230856759,-19.53441828619581,-19.53441828619581,-7.4799244786746595,32.62721168062739,1.9422364083261328,0.702451057545057,-9.317046416055984,28.33213950302578,1.679216727994559,0.6849241186094996
1759968000,30.752,31.538,30.556,31.538,39130900,2025-10-09,VPB,2025-10-09,3.2137714360518377,6.468165552629812,-0.4670832544341308,54.69662039534997,99.241897782551,64.87009252966698,30.35685,30.690420000000003,21.298205,30.585464294783037,29.33049076669667,3.8908845944160886,2.7617087025853637,48.078206590649316,3.1143411655824904,3.213771436051837,2.572326220709521,0.6414452153423067,100.0,1234110324.2,34574915.0,45788778.333333336,1051848110.9950001,1331256144.9783332,1.1317714013179787,1.1732780724705474,1.108928571428571,3.51616643867262,42.935356191483024,55.22528185978952,16.61312822733879,58.415642007659756,38.219,14.49,71.84457836402714,-16.94843840522462,-16.94843840522462,-4.009233759636965,37.182499969512165,1.9483354544532954,0.7029235590153752,-5.0927597751232785,32.922163737216145,1.685189991583728,0.6840703248060449
1760054400,31.735,31.784,31.145,31.538,34643000,2025-10-10,VPB,2025-10-10,0.0,8.81175821142699,1.5814732502335227,53.95655357578717,94.5349124105601,64.87009252966698,30.381400000000003,30.825020000000006,21.36503,30.676181980994176,29.41705975623798,3.806934505980619,2.3129912000056985,47.61505132452424,2.80940444133424,2.026127211617729,-0.6246432874627408,0.624643287462745,61.50234741784054,1092570934.0,35149980.0,45841771.666666664,1070552639.7,1338723531.395,0.9855766632015154,1.0205672224638764,1.0773571428571425,3.4160604440901214,42.26394450911376,55.245530195806126,16.512572234786475,64.12923213100242,38.219,14.49,71.84457836402714,-16.94843840522462,-16.94843840522462,-3.234212365687217,35.51632774944031,1.9010669439951908,0.6922162908405488,-4.5896918841844325,31.276581821225168,1.648381016983457,0.6745236009123321
1760313600,31.047,31.293,30.703,31.145,35739000,2025-10-13,VPB,2025-10-13,-1.2461157968165382,0.47422414349311826,0.47422414349311826,51.675270283432376,94.98528767294809,62.002600780234054,30.388749999999998,30.94094,21.430844999999998,30.720831316137588,29.484822118738453,2.488585414010114,0.6595145460997598,45.32791404165353,1.3807200706824618,1.8707590842792818,0.3107362546768945,-1.5568520514934403,74.91525423728818,1113091155.0,33730425.0,45613465.0,1026811955.46,1340355924.4516668,1.0595478710985704,1.0840262903847353,1.056285714285714,3.3915097585028544,42.53159836904769,55.391424544789714,16.318347974061208,59.78092498340341,38.219,14.49,70.18837709132286,-17.98335703375994,-17.98335703375994,-4.286889275700889,33.21163581118052,1.8891869492737074,0.6861806000430382,-6.747302431703361,28.57745417038411,1.6213337115180484,0.6637544128541009
1760400000,31.342,32.275,31.342,31.931,57074600,2025-10-14,VPB,2025-10-14,2.5236795633327924,4.667781164978524,2.5236795633327924,52.22635392829902,101.1148201801348,64.86472532011567,30.428049999999995,31.07258,21.500114999999997,30.836085476505435,29.58075066310165,4.939356942032114,2.76262865845065,48.515484684616816,3.5507571942904326,2.9956654358645043,1.8911542783753483,0.6325252849574525,63.1296891747055,1822449052.6000001,33073525.0,45765581.666666664,1008595836.74,1353967594.368333,1.7256884471794283,1.8069170883062038,0.9931428571428569,3.1102779654343955,43.41131214640831,55.436586931490126,16.318347974061208,55.420652440519994,38.219,14.49,73.50077963673144,-15.9135197766893,-15.9135197766893,-2.245194254264904,34.609074595108154,1.8721984026102305,0.6802575084461102,-4.850786547716113,29.732421778728792,1.614274988618192,0.6604240960263827
1760486400,32.177,34.044,32.177,33.11,92652500,2025-10-15,VPB,2025-10-15,3.692336600795465,8.358423877470877,8.707072033620067,51.118210862619804,107.28729731421774,68.45586364792673,30.56065,31.21602,21.575039999999998,31.0526487644573,29.719152597881976,8.341936444414632,6.06733337561931,53.46437364658421,6.625364718959292,5.846982556136661,2.9219254016473015,0.7704111991481577,49.973219068023624,3067724275.0,36372185.0,46099983.333333336,1121352144.52,1378589468.2183332,2.547344901055573,2.735736753161652,1.0773571428571425,3.253872373473701,44.19059123033933,55.24196085899891,15.941098311279545,65.53945249597422,38.219,14.49,78.46938345484428,-12.808763891083363,-12.808763891083363,3.5017122725232275,32.74172522240566,1.9210173460408326,0.6967591229228004,1.173562121107019,27.680499721752746,1.6609462011129255,0.6778481571984917
1760572800,33.209,33.307,32.619,32.619,30745500,2025-10-16,VPB,2025-10-16,-1.482935668982177,3.4276111357727235,7.792207792207795,47.55722428300009,104.82888540031396,64.75074498712057,30.67855,31.34768,21.647509999999997,31.201825072604223,29.83287210384739,6.325103370270102,4.055547332370368,50.68245724335041,4.54196164518621,2.0779220779220853,-1.781938991241327,0.2990033222591393,0.0,1002887464.5,36577165.0,45916988.333333336,1131179938.75,1379931304.7733333,0.8405654183422909,0.8865852638866912,1.0773571428571425,3.302851537009542,44.56502453241418,55.42991441588313,16.082521140253014,65.91093117408909,38.219,14.49,76.4001854271145,-14.101753831568963,-14.101753831568963,1.6865615557648983,30.511634235700914,1.9511433701781855,0.6984113976838877,-0.830371085616167,25.43799578990236,1.6790467518714136,0.6777844183784717
1760659200,32.619,32.766,31.342,31.391,50287200,2025-10-17,VPB,2025-10-17,-3.7646770287255937,-0.4661043820153532,5.099102718628634,36.83361666884617,98.90381447218348,58.933724874689865,30.754699999999996,31.442980000000002,21.712645000000002,31.2198417323562,29.893975158598472,2.068952062611573,-0.1653151196228997,44.57473974267068,0.5482355391520422,4.365553818326741,-3.7646770287255946,0.0,3.4410112359550213,1578565495.1999998,37668780.0,45522593.333333336,1167613665.85,1377965603.0783336,1.334983506235137,1.351958735469951,1.0983571428571426,3.498955569612764,46.63263830269712,55.8012292313961,19.040848052841735,54.54545454545453,38.219,14.49,71.22508323148888,-17.33554537315005,-17.33554537315005,0.7237786540448043,22.360393586277105,1.9530295442773917,0.713570504469777,-1.2256137419823787,17.225144850768846,1.6977625215109056,0.6987983906492119
1760918400,30.998,31.244,29.229,29.229,52634700,2025-10-20,VPB,2025-10-20,-6.887324392341753,-6.151870284154759,0.8452939552856753,26.59274979427433,84.65474761513676,46.57005315414702,30.76695,31.458700000000004,21.76673,31.030237757846088,29.867897701398533,-4.998708029232679,-7.087705467803829,34.28291709411566,-5.8047823284584465,6.419037303685772,-5.635373196139027,-1.2519511962027274,0.0,1538459646.3,37590205.0,45613875.0,1165981023.125,1385459489.7799997,1.4002238083032534,1.319455133306289,1.1861428571428567,4.058102764866594,52.03336243343698,57.86342371386958,27.578776593319215,44.15263946417554,38.219,14.49,62.113869105314166,-23.028914520461363,-23.028914520461363,0.7241522868345118,19.00507836326093,1.79560560548358,0.7288768776826425,-1.9718087046395771,13.973786736780802,1.619795801907324,0.7207617644298866
1761004800,28.984,30.114,27.854,29.819,54104300,2025-10-21,VPB,2025-10-21,2.0185432276164095,-6.614262002442772,1.504578411682611,26.196622794024282,88.38208351759427,49.528633035803814,30.789049999999996,31.47442,21.823764999999998,30.914881780908367,29.865980144480947,-3.1506330984554465,-5.259572694270453,36.63545222375699,-3.544835748280739,7.7320469396831975,2.8567518560333824,-0.8382086284169699,86.94690265486719,1613336121.7,38938945.0,45607561.666666664,1206798663.135,1390892072.3100002,1.3894649688120724,1.3368726457724973,1.298428571428571,4.35436658314689,52.29916935233905,57.822696363219706,27.578776593319215,47.70017035775126,38.219,14.49,64.60027814067175,-21.475219887291296,-21.475219887291296,-0.21808342802485114,17.555945647080517,1.7786486170139002,0.7280812972918016,-3.680850779346523,11.426026207369745,1.5905690629971543,0.7188655994422539
1761091200,29.917,29.917,28.886,29.917,26715100,2025-10-22,VPB,2025-10-22,0.32864951876321324,-9.643612201751727,-3.639643121718683,21.313004338834606,88.4298041191661,49.6598299149575,30.732549999999996,31.491120000000002,21.88129,30.819845420821856,29.867980923128755,-2.6537010433562935,-4.9986154827138645,36.724114528896614,-2.92942877712129,3.457527080049641,0.0,0.32864951876321324,100.0,799235646.7,38248270.0,45100066.666666664,1183845873.26,1380716980.875,0.6984655776588066,0.6751179902322212,1.277285714285714,4.269431140440933,48.03024812528215,57.244578146808855,27.578776593319215,51.32870912530404,38.219,14.49,65.01327489569726,-21.217148575341017,-21.217148575341017,-4.909055354894754,13.538608222180137,1.7561191840097397,0.7208510332642623,-7.815571645360697,7.439104962201725,1.5719037830445235,0.7142415253326517
1761177600,29.966,30.261,29.475,29.475,14351400,2025-10-23,VPB,2025-10-23,-1.4774208643914877,-9.638554216867467,-3.0682715074980216,27.118644067796605,82.34966592427617,49.96184177054184,30.685899999999997,31.498980000000003,21.936844999999998,30.691764904553107,29.85256990653547,-3.9461120579810105,-6.4255413984833805,34.362986108531125,-3.964467042990416,2.627268776949553,-1.6412073403081848,0.16378647591670514,0.0,423007515.0,37439130.0,43954840.0,1158572051.3300002,1355666636.875,0.3833262151123704,0.36511109905888217,1.2842857142857138,4.357203441172905,47.76643150721437,55.83355331981005,27.41601157351171,52.25126088950022,38.219,14.49,63.150575245480226,-22.381102859851467,-22.381102859851467,-4.3269069953768335,14.151675854111147,1.7919125379183658,0.6988999633159758,-7.754956072267438,7.104334474818177,1.5934091232013887,0.6902442920185691
1761264000,29.377,29.377,28.493,28.689,23926000,2025-10-24,VPB,2025-10-24,-2.6666666666666727,-8.607562677200464,-3.9473684210526216,15.644147049338919,76.4391143911439,45.2534048908916,30.62695,31.506839999999997,21.98871,30.501025389833764,29.806939714122315,-6.327597099939764,-8.943581774624166,30.47150105667862,-5.940867123889304,2.9991518235793055,-2.334181509754025,-0.332485156912643,22.17194570135763,686413014.0,37360000.0,43170693.333333336,1154798158.79,1337761139.8016667,0.6404175588865096,0.5944008559203325,1.2105714285714284,4.219636197049143,48.27970972683838,54.50162880445735,27.85498672612217,38.06964968481967,38.219,14.49,59.838172700071645,-24.450940116922094,-24.450940116922094,-5.301014473921894,4.000043389952989,1.7651320149547802,0.704090419976102,-8.910529298714332,-3.599405115882636,1.58768884286765,0.7047345785390036
1761523200,28.984,29.279,27.805,27.805,23908400,2025-10-27,VPB,2025-10-27,-3.081320366691065,-4.871873823941975,-9.003141772483314,9.68874511815061,71.00246002460023,41.12064152667108,30.4894,31.45772,22.038064999999996,30.244261066992454,29.728432274352812,-8.804371355290696,-11.611521750463794,26.168064210719066,-8.065203053198678,5.137857715500715,-4.109589041095898,1.0282686744048197,0.0,664773062.0,36901645.0,42649236.666666664,1137504062.99,1325521385.265,0.6478952361066831,0.5844137912374596,1.245642857142857,4.479923960233257,48.423031737662036,54.792317672302474,28.21485470945865,36.58391261171797,38.219,14.49,56.112773399637575,-26.778848685943014,-26.778848685943014,-8.166648085190332,-0.29581415560282487,1.7746408335923336,0.7159102215291061,-11.072166543859563,-7.988613524271827,1.609292398719028,0.7232272645831253
1761609600,27.707,28.935,27.559,28.935,26721300,2025-10-28,VPB,2025-10-28,4.064017263082187,-2.9645528019048295,-5.305013745254616,14.146514655410458,77.95202952029518,47.929447852760745,30.408350000000002,31.425299999999996,22.09283,30.119569536802693,29.69731728320172,-4.8452152122690055,-7.924506687286992,30.97009301207676,-3.932889994843003,4.948750224779708,4.416471857579564,-0.3524545944973867,100.0,773180815.5,36792600.0,42168035.0,1132006322.605,1314920447.2466667,0.726268325695928,0.6830181069313622,1.2772857142857141,4.414327680268582,50.97915666998403,55.355069981586546,28.21485470945865,42.7315935790512,38.219,14.49,60.87487884023768,-23.803128456312205,-23.803128456312205,-6.436385232285968,1.7542754381767676,1.794976095461314,0.7224109490210807,-9.92895303022131,-6.6184889688778465,1.6132779255046499,0.7299520144550447
1761696000,29.18,29.77,28.935,29.328,25082900,2025-10-29,VPB,2025-10-29,1.3582166925868444,-1.968780292141603,-3.3960275371389126,13.069627573444365,76.72793009942755,53.316953316953295,30.3568,31.383059999999997,22.15004,30.044181961869104,29.68283425248793,-3.3890265113582507,-6.548309820648457,32.40608143371298,-2.3837625626753733,2.8857784689822044,0.5114912735441496,0.8467254190426932,47.065868263473085,735631291.1999999,37215505.0,41948965.0,1143552272.005,1310655393.4366667,0.6739905853756385,0.6432861087409771,1.2667857142857142,4.3193730028836415,51.25459078575369,55.238111580727235,28.52601086467353,39.53796629426245,38.219,14.49,62.53108011294197,-22.768209827776897,-22.768209827776897,-4.644038107392056,2.754156329685408,1.8241664693561774,0.7227758324846804,-7.626153216722786,-4.867489083745834,1.6304451390745636,0.7281327422205578
1761782400,29.721,29.721,28.443,28.689,19085200,2025-10-30,VPB,2025-10-30,-2.178805237315873,-2.6666666666666727,-3.1496860441563745,10.189737286833612,69.46659578238527,49.227568270481136,30.310150000000004,31.2848,22.203339999999997,29.915117013119662,29.6438603602335,-5.348538360912114,-8.297320104331817,29.21028998339892,-4.098653575655186,4.357610474631747,-3.518821603927987,1.3400163666121179,19.248826291079727,547535302.8,36596050.0,41071048.333333336,1124312451.415,1288641839.03,0.5215098350778294,0.4869956764339851,1.3124285714285713,4.574675211504657,51.11363475563097,55.463702060332245,28.41347790251938,37.282385501294534,38.219,14.49,59.838172700071645,-24.450940116922094,-24.450940116922094,-4.169828718914803,2.2771237716605617,1.845817298086659,0.7286192394224411,-6.665117811013022,-3.6972618790590985,1.6739308084549103,0.7401503776155152
1761868800,28.689,28.836,28.149,28.198,15506600,2025-10-31,VPB,2025-10-31,-1.7114573529924404,-1.7114573529924404,-2.7118410157328188,5.904003605498387,55.98827239033024,46.673602080624185,30.270850000000003,31.13056,22.254900000000003,29.751582059489216,29.587159953949836,-6.847676890473842,-9.420196745577336,26.70468076693222,-5.22184687988283,2.3946460315800397,-1.7114573529924348,0.0,7.1324599708878695,437255106.8,35861060.0,40856551.666666664,1102400091.875,1283336923.7033334,0.43240774254860287,0.3966392147666656,1.3018571428571426,4.616842126594591,50.902809033532925,55.436502083756345,28.285679041830974,36.959022922382516,38.219,14.49,57.76897467234187,-25.743930057407695,-25.743930057407695,-2.3369519027071073,1.713905048585107,1.83158296768619,0.7266244364214164,-4.10199218458912,-3.499411914634388,1.6544238054228306,0.7372251999767658
1762128000,28.542,28.542,27.117,27.117,23165800,2025-11-03,VPB,2025-11-03,-3.8336052202283866,-2.4743751123898483,-12.520162591134909,-4.6619554899272275,48.79012345679013,40.00929368029742,30.0768,30.913420000000002,22.30201,29.500669482395004,29.490290936147883,-9.840807532716244,-12.280815257580691,21.58993740922903,-8.080052162265316,5.053549897155829,-5.053549897155829,1.2199446769274536,0.0,628186998.6,34877415.0,40199868.333333336,1067413740.675,1264146915.4733331,0.664206335245889,0.5885131272553731,1.3229285714285712,4.8785948719569685,45.2015574738804,54.25065431188876,29.20011553579821,29.23926168707952,38.219,14.49,53.213367609254504,-28.59061463106335,-28.59061463106335,-7.890259907560737,-6.886622169237633,1.8240288872723278,0.7455547007152017,-9.324177244829347,-11.739800836787207,1.6467788830860628,0.7559479679774866
1762214400,27.068,28.984,26.773,28.984,31974700,2025-11-04,VPB,2025-11-04,6.884979901906552,0.16934508380854751,-4.992296849903299,-0.16877346467811805,63.43746475696401,49.64890541098721,30.00065,30.78668,22.359415,29.45146286502405,29.47043638963228,-3.388759910201944,-5.855389408666345,29.627720582135098,-1.5872313954876538,8.153556809381577,7.06567835675038,-0.18069845484381952,100.0,926754704.8000001,35140950.0,39984090.0,1073018529.5150001,1257856110.45,0.9098985656335415,0.8636893765654627,1.3299285714285716,4.588492173021569,52.269217224058714,55.91501162506313,29.674087089166296,33.20306139065299,38.219,14.49,61.08137721775044,-23.674092800337064,-23.674092800337064,-3.0152007839209904,-4.397928958542274,1.8753275117022552,0.7577658586058741,-4.367051386074849,-9.921358654490042,1.7039193757907365,0.7687890297327165
1762300800,28.493,28.935,28.296,28.738,13066000,2025-11-05,VPB,2025-11-05,-0.848744134695012,-2.0117294053464296,-5.9497316402670535,-1.1828622515645426,60.709092942623855,46.92229038854807,29.909749999999995,30.703160000000004,22.416305,29.383514020736047,29.441713393960427,-3.9176188366669584,-6.4005138233328545,28.20132488382898,-2.196857803598662,2.204664642561411,0.8452939552856783,-1.6940380899806873,69.17057902973406,375490708.0,34525755.0,39638885.0,1053032931.695,1247741946.9066665,0.37844212240977787,0.35658021387384015,1.3299285714285716,4.627770100315163,52.298548578713444,55.94527334252965,29.28713941456811,33.87887347345685,38.219,14.49,60.04467107758439,-24.321904460946964,-24.321904460946964,-3.4206209519178192,-4.8168689897883255,1.8809389693146323,0.7581966831778574,-4.052646432643348,-9.482420205522857,1.705461182164266,0.7696328150725753
1762387200,28.689,28.689,27.903,28.001,13235900,2025-11-06,VPB,2025-11-06,-2.564548681188661,-2.3981316881034553,-11.215042171348843,-3.717075854480434,56.587630019013524,45.28615161106211,29.7329,30.589180000000002,22.468315000000004,29.251846018761185,29.385214829491392,-5.824860676220611,-8.46109637460043,24.624387721108576,-4.2761267714828355,2.735054631498369,-2.394042730878972,-0.17050595030969617,12.468193384224218,370618435.90000004,33231005.0,39267320.0,1009858337.28,1236697626.7783332,0.3982997203966597,0.3670004219584315,1.2878571428571433,4.599325534292144,51.226886079136335,56.19959482368301,29.006134889375257,35.31959120041573,38.219,14.49,56.938766909688574,-26.26270606204244,-26.26270606204244,-6.913772705526554,-5.85733029728056,1.8950390310008989,0.7610892138875044,-7.5419849656339295,-10.23181734429669,1.7158412109257113,0.772488708637393
1762473600,27.952,28.001,26.822,27.019,23937800,2025-11-07,VPB,2025-11-07,-3.5070176065140624,-4.181147599120516,-14.328746274335725,-4.513005371784007,49.053897500965405,43.39772847893004,29.50695,30.47522,22.515414999999997,29.039194016974406,29.292422091079963,-8.431742352225502,-11.341083017612352,20.00222958359863,-6.956784047771903,4.210563908431849,-3.332023856290859,-0.17499375022320685,16.709075487701345,646775418.1999999,32695745.0,38941515.0,987568561.49,1226969172.3216665,0.732138080964358,0.6549169783454565,1.2176428571428577,4.5066170366884695,52.23588512839815,56.38855432797283,29.131988378178676,39.34015049199306,38.219,14.49,52.800370854228994,-28.848685943013642,-28.848685943013642,-5.833996481768988,-3.7373786654052554,1.8665028160106927,0.7690449922819453,-6.459294550841988,-8.561565281917382,1.7003523926536381,0.7786032325379385
1762732800,26.921,27.707,26.921,27.019,16818300,2025-11-10,VPB,2025-11-10,0.0,-0.36139690968766125,-13.24771231337294,-10.713459568421403,50.272525027808655,43.39772847893004,29.30065,30.3475,22.562275,28.84679458678637,29.20326828358663,-7.787028615406156,-10.967954526732026,19.7529947667068,-6.336213825378067,2.909063992005631,0.36270772419408187,-0.36270772419407793,12.468193384223767,454413647.7,31749710.0,38066338.333333336,954634686.125,1199576702.4016669,0.5297150745628858,0.47600789527618215,1.1123571428571435,4.116944160987244,52.256383828023175,54.49180839230402,29.754128265231984,35.67921440261867,38.219,14.49,52.800370854228994,-28.848685943013642,-28.848685943013642,-2.7906329080067422,-7.047319103129357,1.793516030446863,0.7584013973121513,-2.9062091428400123,-11.293240812498162,1.6372113517742835,0.7667670997063258
1762819200,27.264,27.314,26.921,27.019,14818100,2025-11-11,VPB,2025-11-11,0.0,-6.7796025393320525,-15.38316996022675,-11.575467993192834,51.93724343474102,42.31012324870955,29.05505,30.200120000000002,22.609375,28.672718911854336,29.117610703838135,-7.007559787369155,-10.533468078934794,19.503524533517623,-5.767569224733093,1.4545319960028156,-0.9067693104852179,0.9067693104852115,24.936386768447534,400370243.9,29636885.0,37231811.666666664,883530745.6899999,1173203378.5800002,0.4999884434548368,0.4531480606114367,1.0667857142857147,3.9482797819523845,50.971277340664,54.443919252107854,29.754128265231984,35.02789832610043,38.219,14.49,52.800370854228994,-28.848685943013642,-28.848685943013642,-5.874692111658275,-9.34295265576951,1.7945417984013992,0.7606503850698357,-5.843965812617135,-13.726035776734115,1.6374738682088426,0.7687664534406075
1762905600,27.166,27.805,27.019,27.51,16274200,2025-11-12,VPB,2025-11-12,1.817239720196917,-4.273087897557238,-16.913319238900627,-12.5,54.273216689098255,46.00360895870927,28.775050000000004,30.072400000000002,22.65893,28.56198377739202,29.054567146824876,-4.39634335995942,-8.520769875367451,21.409086836845347,-3.683160755187831,2.909063992005631,1.2731781339057744,0.5440615862911446,62.46819338422422,447703242.0,25817970.0,36725833.333333336,752529694.0400001,1156229459.68,0.6303439038778029,0.5949309981330819,1.066785714285715,3.877810666251235,49.191233736477606,54.231558489209284,29.754128265231984,39.89924951166856,38.219,14.49,54.8695688819588,-27.55569600252803,-27.55569600252803,-9.74076029240043,-12.224389960705706,1.7438597285365998,0.7586892742359457,-10.077766602607554,-17.30863426949625,1.593862998847644,0.7690389699781836
1762992000,27.805,27.854,27.264,27.264,12863200,2025-11-13,VPB,2025-11-13,-0.8942202835332647,-2.632048855398028,-16.416812287317207,-18.861972501636803,53.314963729404475,46.17982949975872,28.507299999999997,29.931899999999995,22.707494999999998,28.438366274783256,28.98434882734155,-4.361339025442601,-8.913233038998513,20.066083907538037,-4.129513852645561,2.1446746637586327,-1.9665576154125786,1.0723373318793028,0.0,350702284.8,24923855.0,36579471.666666664,719920435.055,1149952632.2633333,0.5160999371886893,0.48714033901983533,1.0387857142857146,3.8101001844399747,49.13935623883518,52.22304621492667,29.884250636767206,42.24447588984434,38.219,14.49,53.832862741792745,-28.203507663137927,-28.203507663137927,-8.752890618811115,-17.486080831947525,1.6999673576105632,0.7645146547663161,-8.60183209179436,-21.831935936343992,1.5527694225388051,0.7747172319906646
1763078400,27.117,27.707,27.117,27.314,11783400,2025-11-14,VPB,2025-11-14,0.1833920187793492,1.091824271808739,-12.987799050683313,-23.93762183235867,54.447271699180114,48.736658680026125,28.303450000000005,29.819899999999997,22.75368,28.331283772422946,28.918844951759528,-3.495863578468361,-8.403448703717975,20.042120659163707,-3.5906730545445575,2.164025821596244,0.7225645539906073,-0.5391725352112631,33.389830508474446,321851787.6,22998665.0,35516548.333333336,657084749.675,1110094886.9233334,0.512351477792298,0.4898177712375623,0.9756428571428576,3.571951589451774,48.01599505875521,50.058745818050944,29.36909606749803,47.060936190590205,38.219,14.49,54.04357537190779,-28.0718386264286,-28.0718386264286,-7.458076720956363,-22.201218650354782,1.6700989903072627,0.7825603384772071,-7.646750869977847,-26.2937029060491,1.5186501226387537,0.788546326099872
1763337600,27.461,27.903,27.363,27.608,12074200,2025-11-17,VPB,2025-11-17,1.0763710917478297,2.179947444390984,-5.5458619863833825,-27.29762469057776,54.82279048900851,51.12765491569957,28.2224,29.758979999999998,22.801334999999998,28.262399603620764,28.867439267376803,-2.176994160666701,-7.228003110321646,21.080629708742936,-2.315442470556983,1.9770081277000775,0.5381855458739182,0.5381855458739038,45.37037037037063,333344513.6,20970640.0,34860653.333333336,596828993.0400001,1083101910.9066668,0.5757668816974589,0.5585260057526377,0.9194285714285719,3.3302976362958994,42.27260262618806,48.49709304805983,21.744007994726978,41.1733404283624,38.219,14.49,55.28256563698428,-21.836867585855437,-27.29762469057776,-6.645206290753269,-25.308288197686768,1.6233845632211557,0.7830777232616505,-6.758138693352378,-28.29127238566712,1.4780559899388872,0.7796605395943658
1763424000,27.805,28.296,27.657,28.296,18859400,2025-11-18,VPB,2025-11-18,2.492031295276731,4.726303712202529,-5.107481806901637,-19.889017864726366,60.44454524835563,52.885238815647284,28.146250000000002,29.68824,22.85434,28.265599641371168,28.84502988434242,0.5320424568103999,-4.689533633519538,23.810182223595167,0.10755249849478954,2.3145465082584735,1.778470008693131,0.7135612865835972,100.0,533645582.4,19208395.0,33919190.0,542844466.075,1047640363.0933334,0.9818311212363136,0.9830542922514952,0.9089285714285718,3.212215759925685,42.641655061466615,46.93402404568787,21.744007994726978,43.39477726574501,38.219,14.49,58.18197142736735,-17.71548214493428,-25.485858745457413,-4.8964720259069505,-20.767186412314587,1.5783140436982164,0.7672856276288952,-4.176848684087286,-24.522373616041126,1.4420238994114007,0.7575214175785937
1763510400,28.198,28.247,27.608,27.608,16825600,2025-11-19,VPB,2025-11-19,-2.4314390726604462,0.3562340966920985,-7.718019854931979,-16.120799659719275,56.109697483743304,51.917680074836305,28.0308,29.60276,22.90271,28.20297110409772,28.796518908485858,-1.5083408250923913,-6.738425741383569,20.544686633153898,-2.109604345945215,2.258269720101779,-2.0851003675431152,-0.3463387051173328,0.0,464521164.8,18713920.0,33066713.333333332,526108741.9799999,1018094002.1933334,0.8990954327046391,0.8829375521337732,0.8667857142857146,3.139617916131971,43.284495816932896,45.17230631359513,21.76882574619333,43.12428444218294,38.219,14.49,55.28256563698428,-19.716180062812604,-27.29762469057776,-5.960498258268288,-18.287426054519862,1.527759496905806,0.7611362507456056,-5.404049022979708,-21.90167811994631,1.3970521409114816,0.7552017233007357
1763596800,27.756,28.247,27.51,28.05,19548400,2025-11-20,VPB,2025-11-20,1.6009852216748666,2.882922535211274,-4.834605597964381,-16.765578635014844,56.00667408231368,56.82656826568267,27.95955,29.530040000000003,22.951855000000002,28.188402427516984,28.76724365717269,0.32350306067157053,-5.011981020005396,22.21234405672221,-0.4909906755903193,2.669516082294981,1.0649087221095352,0.5360764995653522,73.27001356852108,548332620.0,18973770.0,32593041.666666668,532374997.2299999,1000290459.3600001,1.0302854941321624,1.029974403105009,0.8703571428571433,3.102877514642222,43.61411676115712,45.00426003983112,22.200327716385505,49.05273937532002,38.219,14.49,57.14526528720132,-18.430847970222164,-26.1336704060673,-2.9929402155832063,-16.067582077025357,1.605612942952412,0.765744504146304,-2.35128271459627,-19.383679822110935,1.4703796933200501,0.7602899604286515
1763683200,27.854,28.198,27.51,28.05,18164600,2025-11-21,VPB,2025-11-21,0.0,2.694588855531954,-2.2273345184565474,-14.264755325977319,56.43299314037142,56.82656826568267,27.9276,29.470100000000002,23.000999999999998,28.175221243943938,28.739116454930624,0.43827611395179655,-4.818782426934421,21.95121951219514,-0.4444374823528774,2.4527629233511545,0.6987522281639983,-0.6987522281640013,78.48837209302326,509517030.0,18685700.0,31941653.333333332,523530198.0299999,977566084.1216667,0.9721123640002783,0.9732333147491199,0.817714285714286,2.91520244461421,42.639862853721404,44.66613881386719,21.85655902784336,56.9306195216164,38.219,14.49,57.14526528720132,-18.430847970222164,-26.1336704060673,-0.5489638153826082,-13.197669397164214,1.6147138091240851,0.7755707042512353,0.07185297511538291,-17.042067273179196,1.4688036763402068,0.7652200368496342
1763942400,28.05,28.689,27.903,28.493,18118500,2025-11-24,VPB,2025-11-24,1.5793226381461523,3.205592581860328,2.4743751123898594,-14.704385571022305,60.226058595287626,61.02288782141847,27.962,29.42,23.05284,28.205485887377847,28.729464829247068,1.8990057935770022,-3.150917743031967,23.598654222212968,1.0193552905635839,2.8021390374331596,1.5793226381461598,0.0,75.06361323155201,516250420.5,18396205.0,31626640.0,516104065.9549999,965559762.5216668,0.9849042234526089,1.000283575648119,0.7159285714285717,2.512647216609594,41.48055561444206,44.562743853292744,20.772992815646322,45.374034294328226,38.219,14.49,59.01217919002064,-17.142607886472028,-24.967082740822665,1.540055822085229,-13.93811116387359,1.6115755996168326,0.7772704264149616,1.6536507705476433,-17.668064917680372,1.4657798862179185,0.766207275354661
1764028800,28.443,28.493,27.608,27.707,14577900,2025-11-25,VPB,2025-11-25,-2.758572280911098,-2.0815662991235495,-4.243995161569025,-19.428288938001625,58.42529590028018,54.90886727049089,27.900600000000004,29.351240000000004,23.10123,28.158011040960908,28.689368169276595,-0.6938918876296718,-5.601943904243923,19.93733666995221,-1.60171483811421,3.106026041483866,-2.5830905836521274,-0.17548169725896123,11.186440677966148,403909875.3,17789035.0,30772361.666666668,497640518.945,934559590.03,0.8194879598584184,0.8116498957044146,0.7299999999999999,2.634713249359367,39.99463604576084,44.36249418964089,21.48610686783558,41.18351291260477,38.219,14.49,55.699776644612086,-19.195660415876816,-27.036919997893282,-3.0455423201527716,-18.12940235428139,1.6163607741737223,0.7837973505536444,-2.2083717518998065,-21.798851504341986,1.4678590058605445,0.7711729876957661
1764115200,27.707,28.591,27.707,28.493,18812900,2025-11-26,VPB,2025-11-26,2.836828238351319,3.205592581860328,-2.847108565193679,-15.939933915506266,62.46436309727448,55.156828577651915,27.85885,29.31194,23.15331,28.189914751345583,28.681667456755942,2.276296401323097,-2.793878535504646,23.062318087565004,1.075154896096131,3.1905294690872354,2.8368282383513113,0.0,88.91402714932099,536035959.7,17475535.0,30608946.666666668,487660752.37,927326373.5450001,1.0765278430674654,1.099198483976616,0.7334999999999999,2.5743164987891762,41.08183011604051,44.766836977012304,21.48610686783558,54.172320217096306,38.219,14.49,59.01217919002064,-16.903380092741116,-24.967082740822665,-2.522639312659314,-15.884024797561814,1.6287378619020179,0.7878980018608892,-1.5028405527203526,-19.37940175519136,1.477371502453546,0.7701142337990642
1764201600,28.542,28.984,28.296,28.591,14878100,2025-11-27,VPB,2025-11-27,0.3439441266275933,1.928698752228164,-0.3415943392938048,-16.617574149144044,62.117260149693834,56.91235387739422,27.853949999999998,29.27854,23.205879999999997,28.22811334645553,28.678111870216494,2.6461237993175235,-2.3482728305441403,23.20584265711969,1.2855505045293425,2.4146281542835166,0.17197206331379458,0.17197206331380777,42.877906976744285,425379757.1,17265180.0,30109633.333333332,481552975.0849999,908792495.095,0.8617402193316258,0.8833498682567902,0.6984285714285713,2.4428266637353406,40.36898807608284,44.68830542754599,21.341099141855672,65.68236233040705,38.219,14.49,59.42517594504615,-13.648444578677132,-24.709011428872373,-1.2250553502127892,-15.911916508056724,1.6294658689145147,0.78698574664231,-0.13382155960567355,-18.61323137815887,1.480154996706952,0.768378748855684
1764288000,28.591,28.738,28.198,28.738,11904900,2025-11-28,VPB,2025-11-28,0.5141478087510087,2.4527629233511483,1.915029434711668,-12.687610135504656,62.49929318631611,57.71911530651445,27.880950000000002,29.25594,23.259185,28.276673980126432,28.680460424325652,3.0739626877850146,-1.7703755203216875,23.555490013945036,1.6314720047973186,1.8887062362281806,0.5141478087510002,0.0,100.0,342123016.2,17085095.0,29676346.666666668,476796370.555,893702716.7083334,0.6968003397113097,0.7175453449902782,0.6808571428571426,2.3691876360816435,39.87786145655646,44.025224038610276,21.371885509355167,66.66020546617563,38.219,14.49,60.04467107758439,-13.204469948655994,-24.321904460946964,-1.2161266046869734,-14.128547884834285,1.614405874366475,0.7808812985764917,-0.13020330598507712,-16.937994859262172,1.4686016811663365,0.7604196771807876
1764547200,28.542,29.033,28.345,28.787,11852800,2025-12-01,VPB,2025-12-01,0.17050595030969617,1.03183237988278,6.158498358963005,-6.090559143994256,60.98311150877975,57.98803578288787,27.96445,29.252000000000002,23.312255,28.32527645820963,28.68463844690112,2.941413115580671,-1.5896348967592067,23.4844076645524,1.630076029342864,2.394042730878984,0.8525297515484636,-0.6820238012387736,64.24418604651143,341206553.59999996,16519445.0,28906006.666666668,462447348.305,869719894.7216666,0.7175059452663209,0.7378278951119911,0.7019285714285713,2.438352629411093,37.03842862753218,41.770273062209775,18.376717448682335,66.97388632872506,38.219,14.49,60.251169455097134,-13.05647840531562,-24.192868804971823,0.9222584084373375,-10.839009465010196,1.5446948304519605,0.763165357635967,2.0715923922525636,-13.081406965510167,1.4018181252450161,0.7505270948438333
1764633600,28.738,28.738,28.198,28.394,10412200,2025-12-02,VPB,2025-12-02,-1.3651995692500085,2.4795178113834027,-2.035605851504285,-10.803254484340153,59.2305966801256,55.831183798913344,27.934949999999997,29.23234,23.364080000000005,28.33182155742776,28.673240860748134,1.6432819818900768,-2.867851153893264,21.528431678028802,0.21946503667689132,1.875846736374055,-1.19498384687533,-0.17021572237467808,36.29629629629598,295644006.8,15441320.0,28417906.666666668,430891813.40500003,853585414.825,0.6743076369118702,0.6861211970210279,0.6878571428571425,2.422543998229001,28.174217064014208,41.041984090883005,18.37498586538179,58.64970645792561,38.219,14.49,58.59496818239285,-14.243430987617034,-25.22778743350713,-5.975120857739213,-15.67340815008661,1.5039279111193695,0.7568830654671204,-4.797355539285864,-17.64919212302586,1.367042686416389,0.7441966929096662
1764720000,28.64,29.77,28.493,29.721,30066400,2025-12-03,VPB,2025-12-03,4.673522575191957,4.309830484680455,3.4205581460087675,-6.778119314973974,60.90628552866655,63.11398935294441,27.9841,29.20582,23.422060000000002,28.464124266244163,28.714329454444286,6.206738826690872,1.7639634839905272,26.893193852291386,4.415648702202923,4.497429034303026,3.807142354018453,0.8663802211734906,96.16288175411124,893603474.4,16291340.0,28551641.666666668,456797451.725,856766262.5883334,1.845544933688696,1.9562356817567466,0.7439999999999998,2.503280508731199,32.658141454858495,42.21693204270758,18.541416082308785,69.84332094976581,38.219,14.49,64.18728138564626,-10.235578375113253,-21.733291199241577,-1.2250678472596643,-12.164363731560524,1.532044261539987,0.7514916221362786,-1.1127766008994788,-14.617868198017547,1.3959025531828688,0.7418592648319298
1764806400,29.819,29.917,29.377,29.721,16875100,2025-12-04,VPB,2025-12-04,0.0,3.9522926795145352,6.142637762937042,-6.201476992993749,60.90628552866655,62.26796243721338,28.070099999999996,29.19208,23.479560000000003,28.58382671707805,28.75380673074059,5.881347056120223,1.8118612993661243,26.5824402160858,3.978380131455661,1.8168971434339445,-0.32973318528985895,0.32973318528985995,63.70370370370361,501544847.1,16473300.0,28093073.333333332,463343772.285,841683406.8533332,1.024390984198673,1.082446505381112,0.7404285714285714,2.4912639932322986,31.018510638012014,42.202617948927504,17.267956611683037,69.59778537697446,38.219,14.49,64.18728138564626,-10.235578375113253,-21.733291199241577,0.3836157008905827,-10.996530529413596,1.5452924662912892,0.7560745083139696,0.2627704116319407,-12.910082551783663,1.4223129801943808,0.7507561303689283
1764892800,29.721,29.77,29.279,29.328,12515000,2025-12-05,VPB,2025-12-05,-1.3222973654991477,2.0530308302595834,8.545838113919846,-5.536766837375595,61.355633802816925,59.703768242213016,28.185549999999996,29.18128,23.534380000000002,28.654700363070617,28.7763241138488,4.053318100941805,0.5027880888021308,24.617686975395124,2.3497004972947266,1.6520305507890032,-1.3222973654991443,0.0,9.9796334012219,367039920.0,15902160.0,27915961.666666668,449356997.375,835826066.1883334,0.7870000050307631,0.8168114041711377,0.7334285714285714,2.5007793624814902,28.29663921371083,42.089809655997584,13.668546584765288,63.782051282051285,38.219,14.49,62.53108011294197,-11.42253095741468,-22.768209827776897,-0.3479146219941054,-9.97878547873926,1.5563505019932216,0.7626946024608494,0.28205921206694384,-11.436147683820142,1.4344735886927624,0.7588752294299097
1765152000,29.279,29.721,29.033,29.18,15691000,2025-12-08,VPB,2025-12-08,-0.5046372067648686,1.3651995692500085,7.9980754284022515,-5.864894509323182,60.54137323943662,58.897843607057276,28.293599999999998,29.153760000000002,23.587265000000002,28.704728899921037,28.79215454075669,3.1328639692368654,0.09000554302429631,23.71082446396391,1.6557240506816617,2.3458810692853205,-0.33756137479541803,-0.1670758319694432,21.366279069767256,457863380.0,15845795.0,27108643.333333332,449529483.98999995,810325375.1916667,0.9902311622736505,1.018539153285406,0.7334285714285714,2.5134632331342406,28.45362360424954,42.09923187537655,13.570809658764993,57.75438596491229,38.219,14.49,61.90737072780143,-11.869525823014193,-23.157950176436504,-2.9602046530888826,-9.950596924896804,1.5632052456934948,0.7637382685817572,-1.958802488435297,-11.569969772410971,1.4355458203879292,0.758777697019183
1765238400,29.131,29.18,27.903,28.247,25274800,2025-12-09,VPB,2025-12-09,-3.1973954763536705,-0.5177150102134154,4.544949850105495,-9.304864344196496,55.82832239201192,55.43388543443572,28.355,29.10758,23.635004999999996,28.66113567135713,28.770775931315253,-0.38088520543114734,-2.9565494623737143,19.51340818417431,-1.4449381074979617,4.376285126799181,-3.029472241261139,-0.16792323509252638,26.93813625685207,713937275.6,16368630.0,26359680.0,465207835.575,785778139.3349999,1.5440999032906235,1.5346630495111262,0.7755000000000002,2.7454242928452586,31.183318815702098,42.56770316218678,16.542131865871955,55.374264087468454,38.219,14.49,57.97547304985461,-14.687405617638172,-25.614894401432554,-5.0910338598360925,-13.247395131274853,1.5773814596430682,0.7625840807420595,-3.7675227014974952,-14.510714860622398,1.4487782126936808,0.7585972870678329
1765324800,28.247,28.591,28.001,28.493,9284000,2025-12-10,VPB,2025-12-10,0.8708889439586365,-4.131758689142362,3.5732460923300513,-6.451506993236588,57.6114614448501,52.76928850999947,28.404149999999998,29.070260000000005,23.684929999999998,28.645122750275497,28.759882757538183,0.31280640328965603,-1.985740753608689,20.300123327364705,-0.531059865240191,2.088717385917088,0.8708889439586457,0.0,83.38983050847413,264529012.0,16019120.0,26069758.333333332,456049124.075,776643654.2116666,0.5795574288724974,0.5800449952327869,0.7650000000000003,2.6848699680623325,30.726342949992645,42.3927547830539,16.542131865871955,53.85284397286483,38.219,14.49,59.01217919002064,-13.944427665357907,-24.967082740822665,-1.765447177925994,-9.324688438744289,1.5106733270601418,0.7421182381440761,-0.4170971808089785,-10.632152844963581,1.4075147156982821,0.745698502106988
1765411200,28.443,28.493,27.657,27.657,10971700,2025-12-11,VPB,2025-12-11,-2.9340539781700703,-6.944584637125262,1.441461267605626,-8.60513532269257,51.75308641975307,49.43267776096825,28.4238,29.03096,23.731154999999998,28.551015821677833,28.716632453320997,-2.6977392185422056,-4.732740494975019,16.543000119463215,-3.13129251604084,2.9340539781700716,-2.758572280911106,-0.17548169725896123,0.0,303444306.9,15924545.0,25808521.666666668,453686225.17999995,768262199.6616666,0.6889804386875732,0.6688417898947857,0.7755714285714289,2.804250021952594,32.48671402136239,42.78159910218681,18.458278340901394,47.01594533029612,38.219,14.49,55.489064014497025,-16.46934460887949,-27.16858903460262,-2.693536035390509,-10.63014162831718,1.522682961243574,0.7460391028735279,-1.7802442086499726,-11.964895546998855,1.4192046466464938,0.7492284166799327
1765497600,27.608,27.707,26.085,26.085,21016800,2025-12-12,VPB,2025-12-12,-5.683913656578799,-11.057692307692301,-4.49952405359888,-12.665729208517472,44.29140391636244,40.58205335489087,28.36235,28.972980000000003,23.76928,28.31615717199423,28.613431180641744,-8.029482747374594,-9.967839000337564,9.742491148238418,-7.879449031314634,5.864699714358029,-5.506743319955164,-0.17717033662363324,0.0,548223228.0,16386215.0,25684553.333333332,465004797.2,763234404.2416667,1.2825902748133111,1.178962521034396,0.8352857142857145,3.2021687340836285,38.403519297359864,44.21985440889238,25.2658175301972,34.39201451905626,38.219,14.49,48.864258923679884,-21.21715493808517,-31.308263548743863,-5.1984099939459405,-11.95851477724329,1.5438774567764133,0.7642642910943188,-4.258546035496147,-13.06905693111404,1.4474357075756885,0.766856559423277
1765756800,26.135,27.019,26.135,27.019,18306600,2025-12-15,VPB,2025-12-15,3.580601878474199,-7.405757368060318,-2.133439582729646,-6.7796025393320525,49.86410782627988,46.746686943297846,28.332900000000002,28.8934,23.812075,28.19261839370907,28.5509044676754,-4.637365042053599,-6.487294676292866,13.467641942165898,-4.162857019236466,3.388920835729334,3.388920835729334,0.1916810427448734,100.0,494626025.4,16697835.0,25086226.666666668,473068872.7900001,745292962.985,1.096345723861806,1.0455687403038443,0.8387857142857145,3.104429158317164,40.48164107124241,44.49910764325206,25.2658175301972,45.624523022131754,38.219,14.49,52.800370854228994,-18.396254907882813,-28.848685943013642,-1.6251043353317618,-7.4868740985721605,1.534207631677902,0.7474553919909933,-0.881815640272654,-9.540648923152673,1.456603442903657,0.7525436312019211
1765843200,26.97,27.805,26.331,27.756,11815200,2025-12-16,VPB,2025-12-16,2.7277101299086004,-1.738237688958122,-1.9083969465648831,-5.517922184021506,52.706866197183125,50.74951118835542,28.305899999999998,28.838379999999997,23.859035,28.1510356895463,28.519731743452837,-1.9427045244984176,-3.7532621457932014,16.333288416736046,-1.4032723126168878,5.455420259817167,2.909063992005631,-0.18135386209704452,96.67571234735416,327942691.2,16345625.0,24830988.333333332,462783728.23,737475619.1466666,0.722835621152449,0.7086305572027696,0.8809285714285716,3.1738311407572115,40.68810965951497,44.77592015017955,25.2658175301972,45.283501855881234,38.219,14.49,55.90627502212483,-16.17034128662035,-26.90788434191814,-3.068693828342317,-8.203733614619711,1.529899877200931,0.7537989112275063,-2.530081078340851,-10.37229644628509,1.4527776594042452,0.7587048610221894
1765929600,27.707,27.805,27.314,27.51,6311700,2025-12-17,VPB,2025-12-17,-0.8862948551664473,-3.4499701681114603,-0.3549695740365122,-11.392405063291132,51.35343309859157,49.02491874322861,28.301,28.777459999999998,23.905245,28.089984671494275,28.48013442018018,-2.794954241899572,-4.4043497932061975,15.079347649438436,-2.064738298283375,1.768986885718402,-0.709756449056057,-0.17653840611039362,39.91853360488832,173634867.0,15819930.0,24260706.666666668,448239413.34,719398009.5266666,0.3989714240202074,0.3873708153109105,0.8668571428571428,3.151061951498156,39.857361354430914,43.17423319006597,24.701782530983877,43.21065192814972,38.219,14.49,54.8695688819588,-16.913319238900627,-27.55569600252803,-1.8504213629995325,-12.369804216211875,1.4862702185628611,0.7541151918254401,-0.9779151789564677,-13.79167562461363,1.406583486228969,0.7547486116516097
1766016000,27.51,27.805,27.215,27.805,7996800,2025-12-18,VPB,2025-12-18,1.0723373318793028,0.5351267310264918,-0.8734402852049961,-8.560247303341228,53.389970761846975,51.80716313605591,28.28875,28.702799999999996,23.953405000000004,28.062843274209104,28.45365856056527,-1.710043745305112,-3.1279178338001756,16.07953023797659,-0.9188066643484927,2.1446746637586327,1.07233733187931,0.0,100.0,222351024.0,15242350.0,23885083.333333332,431940333.53999996,707629127.3666667,0.5246435096950274,0.5147725431836967,0.8704285714285714,3.1304749916510395,39.62136244941713,43.06450255885041,24.701782530983877,44.2471328153903,38.219,14.49,56.112773399637575,-16.022349743279975,-26.778848685943014,-2.140960016604332,-9.21387345799075,1.4995579062538305,0.7620591166298827,-1.1901795050040853,-10.970572966315284,1.4123571789291616,0.7597931108265024
1766102400,27.756,27.952,27.51,27.952,9896000,2025-12-19,VPB,2025-12-19,0.5286818917460856,7.157370136093544,-0.34937611408198954,-6.414892192312838,52.95212038303696,53.010729143858114,28.28385,28.631079999999997,24.001585,28.052286771903475,28.43398567583722,-1.1732844008152998,-2.371828097298445,16.458975521824936,-0.35749945349881074,1.5896421506923224,0.7049091889947906,-0.1762272972486989,100.0,276612992.0,14828920.0,23624873.333333332,420295131.64,699541162.8199999,0.6673446211861687,0.6581398907016852,0.8528571428571426,3.051148908332651,39.66827758733002,42.9432321949417,24.701782530983877,44.912879249421245,38.219,14.49,56.73226853217582,-15.578375113258824,-26.39174171801758,-3.33318811821508,-9.04089327619313,1.4713970141488444,0.7578696229157144,-2.106846283407582,-10.767036418151488,1.3913360548328462,0.756839091564025
1766361600,27.952,28.493,27.608,28.493,13903800,2025-12-22,VPB,2025-12-22,1.9354607899255694,5.455420259817156,0.0,-6.751538159444959,55.49552499454264,57.20275862068964,28.283849999999994,28.578039999999998,24.05199,28.09425946029362,28.43629996305929,0.739467929578197,-0.2975711420377336,18.464210237905455,1.4192954267754576,3.166141957641664,1.9354607899255754,0.0,100.0,396160973.4,14618185.0,23305345.0,414290659.28499997,689299596.0766666,0.9511303899902758,0.9562392115808526,0.8739999999999998,3.0674200680868977,39.87447823637847,42.86273787082055,24.701782530983877,50.592459605026924,38.219,14.49,59.01217919002064,-13.944427665357907,-24.967082740822665,-4.979076487727663,-11.825106399087804,1.4249320607381462,0.7575909393025319,-3.5964015111983105,-13.35920745915551,1.3550715415447097,0.7571442957637283
1766448000,28.591,28.886,28.05,28.198,12224300,2025-12-23,VPB,2025-12-23,-1.0353420138279557,1.5924484796080218,1.7721153499115738,-7.7169786621285485,53.0669851264792,55.16425466351183,28.3084,28.503380000000003,24.100205000000003,28.10413951169423,28.426954866468733,-0.38999025024374356,-1.0713817098182865,17.003154122547915,0.33397389116545106,2.9340539781700716,-1.379286140455553,0.3439441266275933,17.703349282296646,344700811.4,14500505.0,23027380.0,411330206.09,680325682.5466667,0.843025811859656,0.8380148267656732,0.8354285714285711,2.9627227868237855,38.728755887822544,42.906908330928374,23.751377836481048,39.601256315717585,38.219,14.49,57.76897467234187,-14.835397160978559,-25.743930057407695,-4.960761857441054,-14.363786148437763,1.404428081415921,0.7491606080934042,-3.635823485446621,-15.753991645656251,1.3305646549426486,0.747049087082221
1766534400,28.1,28.787,27.903,28.787,15286500,2025-12-24,VPB,2025-12-24,2.0888006241577273,4.641948382406391,1.03183237988278,-5.1780361671991955,51.814154625039556,60.08786564342119,28.3231,28.41692,24.149929999999998,28.169173843913825,28.441074283469963,1.6378856834174282,1.302322700700853,19.201173667998205,2.193270415062809,3.1349741116391243,2.436343003049853,-0.34754237889211836,100.0,440052475.5,14324185.0,23005075.0,406531031.88,679248018.7516667,1.0671811345636768,1.0824572812190507,0.8599999999999994,2.9874596171883123,38.11803310871481,43.12329000732578,23.751377836481048,44.09757330637005,38.219,14.49,60.251169455097134,-13.05647840531562,-24.192868804971823,-5.065670536159028,-12.251097036242175,1.410703786900682,0.7494187790978494,-4.14505410604169,-13.330369872956071,1.3368650517452725,0.7470056989682318
1766620800,28.787,29.18,28.247,28.247,14199000,2025-12-25,VPB,2025-12-25,-1.8758467363740539,1.5896421506923275,-1.2031758245601765,-4.641820268719199,46.68432258399542,56.259335066659276,28.3059,28.329480000000004,24.19743,28.176585858779177,28.433463527255455,-0.20808382704666784,-0.2911454781379774,16.73553761701139,0.24990302790315333,3.241046305624066,-1.875846736374055,0.0,0.0,401079153.0,14290230.0,22717153.333333332,405316001.675,670393809.3916667,0.9936159180083176,0.9895468013661171,0.891571428571428,3.156340243464538,38.72289325989046,43.00815469099612,23.798019787949524,43.293212557389246,38.219,14.49,57.97547304985461,-14.687405617638172,-25.614894401432554,-4.678168700023266,-10.095892671016028,1.3753335910017757,0.7467939074697308,-4.067561254348129,-10.90109545959994,1.3047307991181167,0.745609861100508
1766707200,27.707,28.345,26.871,27.657,27183600,2025-12-26,VPB,2025-12-26,-2.0887173859170827,-1.0553806525472331,-3.76157004662816,-4.578388076179962,40.39798974567235,52.5903448275862,28.251849999999997,28.2548,24.243655,28.1271014912764,28.403013977167006,-2.105525832821553,-2.1157467049846335,14.079333334845746,-1.6713470864468616,5.218253265833541,-0.17700994795907782,-1.9117074379580101,53.32428765264595,751816825.2,15054165.0,22666773.333333332,425800692.125,668332384.8516667,1.8057195467168057,1.7656543051820435,0.9477142857142853,3.426670592306777,39.333316834377094,42.99471667763065,23.85834983851252,41.042230325844,38.219,14.49,55.489064014497025,-16.46934460887949,-27.16858903460262,-6.056675280840063,-9.681011692371278,1.3755322933831011,0.7484533682792585,-5.947211861256618,-10.303552232328617,1.3084497550500334,0.7489669819210945
1766966400,27.657,27.805,27.314,27.51,20347900,2025-12-29,VPB,2025-12-29,-0.5315110098709108,-3.4499701681114603,-4.436030152499382,-11.252338860571653,38.960448552811044,51.77931034482759,28.188,28.22042,24.287470000000003,28.068329920678647,28.367993821199672,-2.405278842060443,-2.5173969770825533,13.268281957733752,-1.9891811242652824,1.7753190873919789,-0.5315110098709132,0.0,39.91853360488832,559770729.0,15478920.0,22291926.666666668,436728900.895,655529996.625,1.3145555374664382,1.2817350256711821,0.891571428571428,3.2408994132003923,39.333480809458095,40.45799356374899,23.623110804270254,45.223590408295536,38.219,14.49,54.8695688819588,-16.913319238900627,-27.55569600252803,-7.56060777330716,-14.752191411441606,1.276641947352995,0.7184550376862016,-7.389132202603865,-14.98819715955496,1.2218427397643428,0.7211551387606221
1767052800,27.412,28.591,27.412,28.198,23124400,2025-12-30,VPB,2025-12-30,2.5009087604507485,0.0,-0.6902866802845575,-7.56875471203331,42.43572258422994,53.550424744064465,28.178200000000004,28.188000000000002,24.331855,28.080679452042585,28.361327396838902,0.07026708590327502,0.0354760891159378,15.889232448574099,0.41779810975650644,4.285714285714293,2.857142857142862,-0.3562340966921207,66.66666666666666,652061831.2,16114530.0,22232266.666666668,454549792.11499995,652820045.0116668,1.4350030686591542,1.4345223394910938,0.9336428571428568,3.3110250980312674,40.1955989385005,40.71214777809108,23.893309468464444,48.191737158268985,38.219,14.49,57.76897467234187,-14.835397160978559,-25.743930057407695,-3.592922581184943,-12.410622628724699,1.2826921980748447,0.7170832178578685,-3.7454832835705276,-12.80793466647523,1.2288406314060274,0.7219325391687919
1767139200,28.198,28.493,28.05,28.149,22530100,2025-12-31,VPB,2025-12-31,-0.17377118944605918,-2.216278181123421,-5.2891894619965685,-7.877339965964136,36.42708282847866,52.88398870301978,28.099600000000002,28.15264,24.37791,28.08718617089567,28.353000832256985,0.17580321428063428,-0.01292951566886913,15.469291666102624,0.22007839706059684,1.5710334066245755,-0.17377118944605818,0.0,22.347629796839882,634199784.9,15737715.0,22184936.666666668,441579607.64000005,650469997.02,1.4315991870484375,1.4362071389334503,0.9055714285714281,3.2170642956106015,36.197957860888266,40.70881828611927,23.804356158489494,53.33785617367708,38.219,14.49,57.56247629482911,-14.983388704318934,-25.872965713382833,-8.333473633682175,-12.98150233793307,1.2766134075818576,0.7148968505390059,-8.262835372979893,-13.47706954811656,1.222316971849503,0.7195810246238636
1767571200,28.149,28.296,27.068,27.412,16194100,2026-01-05,VPB,2026-01-05,-2.6182102383743744,-2.956066130916557,-7.768917600349923,-13.082630477519185,34.45823318781576,48.8811644579622,27.98415,28.11138,24.421955000000004,28.022882726048465,28.316098838835146,-2.0445502186058895,-2.4878892462767754,12.243266356030858,-2.179942484934372,4.362499555934484,-2.6182102383743717,0.0,28.013029315960765,443912669.2,15703665.0,21802656.666666668,438697998.745,637300036.1033334,1.03123060763204,1.0118866976141168,0.8774285714285709,3.2008922057076132,37.14231101745858,40.43212998179616,24.140368522185156,60.15302218821729,38.219,14.49,54.45657212693329,-17.209302325581397,-27.813767314478323,-10.713818707853795,-17.273207650438025,1.2563051441401674,0.70540352348747,-10.25183021091911,-17.605813141142576,1.2107982998993034,0.7158914173712885
1767657600,27.363,28.394,27.166,28.345,21660200,2026-01-06,VPB,2026-01-06,3.4036188530570444,2.487616155042116,-3.3517457719585364,-10.124294501870768,38.36953868684403,53.948511840104274,27.935000000000002,28.1045,24.469945,28.0535605616629,28.31723221770436,1.4676928584213211,0.8557348467327142,15.835977563496773,1.0388679101766884,4.479789873048293,3.582372683496277,-0.17875383043922666,96.00977198697072,613958369.0,16160925.0,21586276.666666668,451043921.195,629323160.0200001,1.3402821930056603,1.361194198944912,0.8984285714285709,3.169619232416902,39.27468727226718,41.100731907310426,24.463955036545396,60.14692378328743,38.219,14.49,58.3884698048801,-14.39142253095742,-25.356823089482273,-7.655951776598702,-14.05665695215831,1.3065280519305429,0.7192387544884674,-7.4246387104551115,-13.930774454611651,1.263432744514737,0.7286255255777411
1767744000,28.64,29.229,28.591,28.738,34203500,2026-01-07,VPB,2026-01-07,1.3864879167401645,4.463831334060342,-1.5147361206305665,-7.728367314175633,39.95324827116002,56.49096057503811,27.9129,28.123160000000002,24.52038,28.118745270075955,28.333732915049286,2.955980926381696,2.186240806509643,17.20046752945916,2.202284362179774,2.2508378902804664,0.34573998941611916,1.0407479273240483,23.040752351097005,982940183.0,17086550.0,21560685.0,477297761.34499997,627153977.1533334,2.001779177189076,2.059385697159204,0.8562857142857138,2.9796287643041053,39.61468328915653,41.153495348039684,24.68498817155082,57.93214862681745,38.219,14.49,60.04467107758439,-13.204469948655994,-24.321904460946964,-7.663880235493659,-13.193151578135032,1.2920541608934941,0.7248909437369703,-7.2077929503832845,-11.92659022550011,1.2854822071160026,0.7440857050181215
1767830400,28.787,29.229,28.493,28.738,29952600,2026-01-08,VPB,2026-01-08,0.0,1.915029434711668,1.7382376889581108,-9.999686824715791,37.004195270785665,56.901070102642514,27.937450000000002,28.11922,24.570335,28.177721911021102,28.349586526223824,2.865508484131496,2.200558905972505,16.962182241308476,1.988372554559703,2.5610689679170457,-0.1705059503096927,0.17050595030969617,33.288043478260974,860777818.8,17320440.0,21108651.666666668,484639788.50499994,611126123.2566665,1.7293209641325509,1.7761187570985404,0.8737857142857138,3.0405237465575676,37.8271296269124,40.789451783265015,23.582564467127252,60.32974427994617,38.219,14.49,60.04467107758439,-13.204469948655994,-24.321904460946964,-4.465508941306817,-15.365773159082584,1.297875931393398,0.7348620798662688,-3.381325214611053,-12.996175857287849,1.2716734635931897,0.7463761635860022
1767916800,28.738,29.131,27.707,27.756,37610200,2026-01-09,VPB,2026-01-09,-3.4170784327371417,-1.396141958861774,-2.5866002175973013,-16.17034128662035,26.681880419899585,54.767480762796914,27.900599999999997,28.087780000000002,24.615859999999998,28.137557919495283,28.326308623234652,-0.5182684243349445,-1.181225429706445,12.756572388695764,-1.35604490122051,4.955111698796018,-3.4170784327371404,0.0,3.4410112359550213,1043908711.2,18736750.0,20191280.0,523608773.465,577395863.86,2.0072958223811495,1.993680709916101,0.9333571428571423,3.3627220884030202,39.70394146474079,40.53570061493198,24.949210653459023,49.630523299653156,38.219,14.49,55.90627502212483,-14.908488917502073,-26.90788434191814,-11.249877277248965,-22.424785383437673,1.2897962390902245,0.7355496308378835,-8.710443297649483,-18.985273314247188,1.2884950123312615,0.7613304268479231
1768176000,28.001,29.672,27.657,29.672,49690500,2026-01-12,VPB,2026-01-12,6.903011961377725,8.244564424339718,7.285678128502737,-9.034611729360186,34.22600199040984,65.00945389834281,28.001350000000002,28.10744,24.671680000000002,28.283695260495733,28.3790808340882,5.9663194810250175,5.566355384908772,20.26744834563352,4.908498435999387,7.259691598213001,6.0203199308257656,0.882692030551957,100.0,1474416516.0,20672690.0,20507030.0,582157383.92,585254681.385,2.403678476289249,2.5326768271354854,1.0457142857142852,3.5242460424450157,45.34776207696123,43.023243859074014,24.191931317924045,60.23809523809524,38.219,14.49,63.980783008133514,-5.476091873466915,-21.86232685521672,-3.2170000750407324,-15.287547745433983,1.31617513266105,0.7071916724204704,-0.818609686743387,-11.901192354103662,1.3261905327005095,0.7384621830475896
1768262400,30.752,30.9,29.77,29.966,42211100,2026-01-13,VPB,2026-01-13,0.9908331086546207,5.718821661668727,14.878282537857013,-4.539517696154938,30.62203042587508,67.5388572067539,28.1954,28.142799999999998,24.729449999999996,28.44391475949614,28.441312958241607,6.279747760272958,6.478388788606693,21.175359743140287,5.351180571920766,3.808304125101102,-2.6489619843623546,3.639795093016973,17.34513274336298,1264897822.6000001,21732405.0,20372428.333333332,617991113.65,580026886.8416667,1.9423114929065606,2.046789661956817,1.0702142857142853,3.57142857142857,39.27088429625445,42.40271200715655,16.533962581187524,59.03348460689319,38.219,14.49,65.21977327321,0.0,-21.088112919365877,-0.6685967315538175,-14.459861505904293,1.2958742293455456,0.6974950223088348,2.9780988236156833,-10.207806234144158,1.3168085812869306,0.7293645080782665
1768348800,30.015,30.261,28.689,28.984,44749400,2026-01-14,VPB,2026-01-14,-3.2770473202963335,0.8560094648200955,7.272659980014073,-0.8382086284169699,25.53163844254842,60.76321482056688,28.293650000000003,28.18014,24.782310000000003,28.495351449067936,28.462594803016447,2.4399467725090274,2.8525763179316987,16.95439206433944,1.7148360209048974,5.245945404792095,-3.4405659747714035,0.16351865447508107,18.76590330788816,1297016609.6000001,23054545.0,20241006.666666668,658110642.86,576002836.23,1.9410229089318396,1.9708184690091917,1.1227857142857138,3.873812152517644,40.18972539403303,40.5170721746838,18.809646875387706,54.44570135746607,38.219,14.49,61.08137721775044,-3.2770473202963335,-23.674092800337064,-7.820200938206345,-16.60484698141709,1.344391383448809,0.6508452879894405,-3.27690575823092,-11.327502322226236,1.3582400585978018,0.6934070472953953
1768435200,28.836,28.886,28.247,28.493,34620800,2026-01-15,VPB,2026-01-15,-1.6940380899806873,-0.8525297515484809,2.6552817408848517,-4.446829202857239,20.584874518600003,59.30336576093034,28.3305,28.17032,24.83391,28.495127501537656,28.46378716368247,0.5735867704417474,1.1454608964328372,14.734248453022492,-0.007466194132810244,2.204664642561411,-1.1834115373999448,-0.5106265525807507,38.49765258215945,986450454.4,24194825.0,19916281.666666668,691036031.02,565554741.775,1.4309175619166494,1.4274949642552721,1.1122857142857139,3.903715699595388,39.82960934055505,40.44836427215433,18.82096399335705,48.318462594371994,38.219,14.49,59.01217919002064,-4.915570980444517,-24.967082740822665,-8.398923287760084,-16.552538490293433,1.3283591806617678,0.6483545871271674,-4.549920707449329,-11.314619797355906,1.384827012927544,0.69422366838187
1768521600,28.787,28.935,28.345,28.394,24981000,2026-01-16,VPB,2026-01-16,-0.347453760572769,2.298602104049574,3.2133769538349677,-5.090751077982425,15.1372612627225,60.46340774230008,28.3747,28.16344,24.8843,28.48549631091502,28.46105041216551,0.0680183402820056,0.8186499944608849,14.104073652865456,-0.32120314814372275,2.0706840276559153,-1.379286140455553,1.03183237988278,8.305084745762628,709310514.0,25128290.0,19887380.0,717819813.37,564055989.5633333,0.9941384789812597,0.9881456331916351,1.087785714285714,3.831040763139092,39.68743156996045,40.445485094472694,18.915485336327592,50.88543548970003,38.219,14.49,58.59496818239285,-5.245945404792107,-25.22778743350713,-9.063310067423824,-17.043685245393814,1.3261141560953278,0.6466802128214973,-6.39699212859608,-12.83178107466787,1.3529490865109284,0.6844603558068404
1768780800,28.443,29.279,28.394,29.131,30777100,2026-01-19,VPB,2026-01-19,2.595618792702692,-1.8232677271501796,4.76892645207696,-1.1670907548770204,25.635054125156344,66.43432554419242,28.440999999999995,28.18604,24.938375,28.546972852732637,28.487322945021763,2.426075032523478,3.3525816326096303,16.811941435638843,2.0458461577703035,3.1168556737338933,2.4230471226315378,0.17257167007114216,83.27683615819215,896567700.1,26267305.0,20161141.666666668,751530647.175,571948659.3149999,1.171688530665784,1.1929888734014955,1.0457142857142856,3.589695807607997,40.49790713480089,40.69441658510456,18.915485336327592,58.723958333333336,38.219,14.49,61.700872350288684,-2.7864913568711236,-23.286985832411645,-8.326638193893764,-13.586921703390995,1.3456037564071137,0.6537296782227056,-5.25329612038279,-8.79693585555643,1.3784868316976469,0.6926815002039328
1768867200,29.622,30.408,29.18,29.229,48697600,2026-01-20,VPB,2026-01-20,0.3364113830627069,-2.4594540479209837,4.5685460789925525,1.8822545226393261,17.820864237342793,68.36981566820278,28.504849999999998,28.23024,24.999155000000002,28.61192781913905,28.516408319726793,2.5404448716622063,3.5379082855831134,16.91995189437401,2.156695573823497,4.215440595928741,-1.3490783014657948,1.6854896845285072,3.9902280130292693,1423382150.3999999,28207385.0,20574001.666666668,808869105.095,584231478.255,1.7264131361343846,1.75971877456344,1.1018571428571426,3.769739446635679,40.48697215145833,40.313556545477766,18.915485336327592,60.233361114418365,38.219,14.49,62.113869105314166,-2.4594540479209837,-23.028914520461363,-6.548562897660748,-10.629776276205718,1.3325774545691296,0.6532879361633424,-3.310809213567256,-5.3691082254836875,1.3680545554062804,0.6948405774996992
1768953600,29.131,29.131,28.493,28.542,34082700,2026-01-21,VPB,2026-01-21,-2.35040541927537,-1.5249792989235456,0.17197206331380777,2.6506024096385694,12.596157639354622,62.179669299392025,28.507300000000004,28.2607,25.058415,28.605268026840093,28.517411915031627,0.12172320773975454,0.9953752030204654,13.901856921118117,-0.2211761371392451,2.1827636935919865,-2.0151219679085792,-0.3352834513667857,7.680250783699516,972788423.4000001,29216330.0,20743573.333333332,837700477.595,589365067.6116666,1.1665633568624123,1.161260437851046,1.0702142857142856,3.7496121004634766,40.98157777287912,40.097343573471434,19.344861429889843,52.04810669206955,38.219,14.49,59.218677567533405,-4.752052325969425,-24.838047084847513,-7.5040814594699246,-11.442853724554869,1.3339969429892096,0.644015024037851,-4.618284222953117,-6.799301839188221,1.379345577404121,0.6840129237385354
1769040000,28.591,28.886,28.542,28.689,19795300,2026-01-22,VPB,2026-01-22,0.5150304813958284,0.6878882532551867,1.741258245265631,-0.8501814411612241,13.176062172077785,63.01494403091083,28.53185,28.2941,25.124145,28.61324250047437,28.52414085954019,0.550787979047973,1.3956973361937575,14.188960460147015,0.2647637698676597,1.2052413986405914,0.3433536542638882,0.1716768271319502,42.73255813953473,567907361.7,29594880.0,20628140.0,848860805.11,585943843.3816667,0.6688758325764457,0.6690229520332341,1.063142857142857,3.7057508353126876,40.8112640980433,39.23972079327841,19.645569924686388,53.177966101694906,38.219,14.49,59.838172700071645,-4.261496362544214,-24.450940116922094,-4.498619868889486,-12.88409991780508,1.2947549045469058,0.6311748909309882,-1.7105295005897858,-7.676804604585663,1.3599295895184598,0.6670722992705268
1769126400,28.689,28.787,28.001,28.001,31092900,2026-01-23,VPB,2026-01-23,-2.3981316881034553,-1.384095231386906,-2.730399138500006,-4.524686306601189,7.953581617703764,58.67286224287416,28.49255,28.303919999999998,25.187870000000004,28.554933690905383,28.503625531715084,-1.725187812252682,-1.070240447259596,11.16859027778052,-1.9398878558131827,2.7397260273972526,-2.39813168810345,0.0,0.0,870632292.9000001,30385200.0,20728306.666666668,870389795.9800001,588193860.0766667,1.0232909442755025,1.0002786072643775,1.0315714285714284,3.6840521001800948,41.04365791639054,39.445359888526085,19.99923498806404,53.48644489167753,38.219,14.49,56.938766909688574,-6.557431755990118,-26.26270606204244,-7.664716680371864,-15.4961365714559,1.3055125491492199,0.6355382365014526,-5.430670500201929,-11.089596859694906,1.3689383265153257,0.6683928379424009
1769385600,28.1,28.149,27.117,27.264,32470600,2026-01-26,VPB,2026-01-26,-2.632048855398028,-6.40898012426625,-3.480015576875417,-4.967060545853819,4.716546320479331,54.91789306210579,28.443399999999997,28.30392,25.242650000000005,28.43198762510487,28.455012765765474,-4.146480378576389,-3.6741200512155237,8.007677482356224,-4.108005534138459,3.685582657762223,-2.985607656869405,0.3535588014713875,14.244186046511478,885278438.4,31298780.0,20951396.666666668,894599760.25,593822912.3366666,1.0374397979729562,0.9895804556806553,1.0175714285714286,3.732289570757881,41.56042010002526,39.56075187425957,20.590506058167094,43.449278875287845,38.219,14.49,53.832862741792745,-9.016885803911102,-28.203507663137927,-9.267662247558494,-15.397890040873497,1.305752040628631,0.6386791931723053,-6.317264654655618,-10.53017672200357,1.3508061115616279,0.6703575721620342
1769472000,27.314,27.608,27.215,27.314,12846500,2026-01-27,VPB,2026-01-27,0.1833920187793492,-6.551712340483762,-1.240192356365477,-3.1349741116391217,2.5839405092766388,55.202000113642825,28.426250000000003,28.30392,25.295769999999997,28.32551261319012,28.410267167108003,-3.912756694956254,-3.497466075370481,7.978527635252863,-3.571030212244408,1.4414612676056364,0.0,0.1833920187793492,25.190839694656496,350889301.0,30581925.0,20907061.666666668,874553384.04,592383482.24,0.42006839007027846,0.4012211345853659,0.9824999999999999,3.597056454565424,40.92866989265424,39.41209886312858,20.563369840096904,40.996459281740016,38.219,14.49,54.04357537190779,-8.85003003403858,-28.0718386264286,-7.061674608648971,-14.774653311468345,1.3120322970876646,0.6327234191008252,-3.982350171591542,-10.269950986082211,1.3729605779778562,0.6677138100268831
1769558400,27.461,27.805,27.166,27.264,14212000,2026-01-28,VPB,2026-01-28,-0.18305630812037732,-4.47761194029852,-0.8942202835332647,0.5420953645314697,-4.145132370003168,55.34157597857674,28.41395,28.297040000000003,25.349355,28.224416173838684,28.365315513495926,-4.047131778580592,-3.6506998611869013,7.553032414434213,-3.4027849076605388,2.3394596177784264,-0.7212418539942856,0.5381855458739038,15.336463223787023,387475968.0,30275130.0,20757831.666666668,865938645.99,588371631.7299999,0.46942820724469225,0.44746353542982376,0.9755714285714284,3.5782402749832327,40.89084998089826,38.60638326306358,20.69911775045622,40.738879115355616,38.219,14.49,53.832862741792745,-9.016885803911102,-28.203507663137927,-3.6335013575913178,-10.955121704114168,1.2384815102251656,0.6111991014474412,-1.2192381168146915,-6.966894536633439,1.3195156341836414,0.65137530455846
1769644800,27.51,27.657,27.166,27.166,8246800,2026-01-29,VPB,2026-01-29,-0.3594483568075124,-5.308654885147613,-3.6598340307823274,-6.272426166160649,-6.430613439878763,50.27936051335951,28.36235,28.27444,25.404365000000002,28.123614633473096,28.31828353257452,-4.218091942310842,-3.9202898448209678,6.934379190347784,-3.405019752807059,1.8009096244131444,-1.2617370892018822,0.902288732394374,0.0,224032568.8,29531250.0,20362366.666666668,844537182.8700001,576659596.13,0.2792567195767196,0.2652725934915827,0.9089285714285713,3.345831448975084,39.80386565707196,35.876807272435315,20.51779320051708,45.829799264913774,38.219,14.49,53.41986598676725,-9.34392311286124,-28.46157897508821,-6.380984067569917,-16.13937370789845,1.1240269502971627,0.5837620567792977,-4.12159449254278,-12.662759778777964,1.1951141369809404,0.6227799037727717
1769731200,27.264,27.51,27.068,27.51,15839700,2026-01-30,VPB,2026-01-30,1.2662887432820513,-1.75350880325702,-2.2700628796760047,-4.273087897557238,-5.405405405405405,52.182331139016426,28.330399999999997,28.27248,25.461570000000002,28.065175144570897,28.286586139140223,-2.895829215259915,-2.696898185090235,8.04518338814142,-1.9781638336872853,1.627033792240301,0.9055436943237953,0.3607450489582442,100.0,435750147.0,29196730.0,20408595.0,834614700.975,577663920.1133332,0.5425162338385154,0.5220973779768737,0.7965714285714284,2.895570441917224,40.12268074366468,35.94573857943106,20.616552081693207,30.35259905488914,38.219,14.49,54.8695688819588,-8.19595541613829,-27.55569600252803,-4.766574488034692,-14.796445945524173,1.1289260442544022,0.5865020362444345,-2.2296813232132284,-11.871406450197874,1.1999636005614345,0.6228371685033195
1769990400,27.363,27.51,26.773,27.117,14154800,2026-02-02,VPB,2026-02-02,-1.4285714285714346,-0.5391725352112631,-1.0761710199912344,-3.1570301060676376,-6.756756756756754,53.246679853065835,28.315649999999998,28.253819999999997,25.51801,27.974872749849858,28.240720016036686,-4.233171408743919,-4.023597517079091,6.266123416363589,-3.0665832067259813,2.679025808796808,-0.8942202835332558,-0.5343511450381699,46.67571234735418,383835711.6,29094765.0,20423910.0,831610853.095,577884208.0416666,0.48650676504862644,0.4615568810477659,0.7615000000000001,2.808201497215769,39.34101855296871,35.680413112209,19.765320997999243,24.567041599714344,38.219,14.49,53.213367609254504,-9.50744176733631,-28.59061463106335,-2.088248854927477,-13.132435550961208,1.1091928590559292,0.5845657326474618,0.1251027146539574,-10.362314658913164,1.1793354670113616,0.6199636647724645
1770076800,27.363,27.51,27.019,27.019,15333400,2026-02-03,VPB,2026-02-03,-0.36139690968766125,-1.0800322179102317,-4.678073734344679,0.0,-4.513005371784007,50.657968105274875,28.24935,28.233199999999997,25.572045,27.883837249864158,28.192809427172502,-4.355321449874072,-4.300610628621615,5.658346839292672,-3.1015718608398246,1.810672272006502,-1.26857690747502,0.9071799977873551,0.0,414293134.59999996,28778425.0,20280503.333333332,821627591.375,574009503.315,0.5328088663642989,0.504234690934219,0.6842857142857147,2.5326093278275095,37.20039205992624,34.945445948808675,19.586828746931545,29.171083315666735,38.219,14.49,52.800370854228994,-9.834479076286462,-28.848685943013642,-4.520057580358772,-13.401288224626363,1.0943187832795616,0.5595438142720562,-1.8438746254126004,-9.479862553501661,1.1611818283200108,0.5992003817033155
1770163200,27.019,27.314,26.773,27.264,16720100,2026-02-04,VPB,2026-02-04,0.9067693104852115,0.0,-5.129097362377344,0.9067693104852115,-9.903836621393868,49.629548323363146,28.175649999999997,28.20862,25.6285,27.82480513082948,28.1563855280677,-3.235595274643166,-3.348692704570444,6.381567395672794,-2.0154862835251808,2.002294681520413,0.9067693104852179,0.0,90.75785582255071,455856806.4,27904255.0,20278866.666666668,795273422.5450001,574033555.9599999,0.5991953556903777,0.5732076459203006,0.6702857142857146,2.4585010060362187,36.964951960733785,34.99219467202213,19.586828746931545,36.2558711697607,38.219,14.49,53.832862741792745,-9.016885803911102,-28.203507663137927,-1.3607930187552686,-12.43613880952441,1.074976204517494,0.5494428145903004,0.04889153477827257,-9.292323906377842,1.1725830127398105,0.5992891296441967
1770249600,27.51,27.559,26.921,26.921,9669100,2026-02-05,VPB,2026-02-05,-1.258069248826288,-0.9018626223956439,-6.3226390145452065,-0.36270772419407793,-11.896190600863987,47.747104988749236,28.0848,28.192899999999998,25.683720000000005,27.738728451702862,28.107939036770926,-4.143878539281043,-4.511419541799522,4.817370692407463,-2.947966606063601,2.3400821596244197,-2.1603579812206655,0.902288732394374,0.0,260301841.1,26890080.0,20193050.0,765249623.6600001,571699082.58,0.3595786996542963,0.34015285085021085,0.6737142857142862,2.502560401598329,37.12710782054099,35.09300091891144,19.30810590742577,34.379639448568426,38.219,14.49,52.38737409920351,-10.161516385236602,-29.106757254963924,-2.388516701065713,-12.219435530872001,1.085756548864959,0.5537326626956346,-1.2716031086036255,-8.469317298194966,1.1830531550603325,0.6051420498221514
1770336000,26.724,26.773,26.331,26.331,18137700,2026-02-06,VPB,2026-02-06,-2.191597637532039,-4.285714285714293,-5.134025075659321,-4.285714285714293,-16.250000000000007,45.27448275862069,28.013550000000002,28.149659999999997,25.735510000000005,27.60465907535021,28.03825515297599,-6.006200570795217,-6.46068194074102,2.3138845898138083,-4.613927931055429,1.6418409420155278,-1.4598269009323601,-0.7317707365996795,0.0,477583778.7,25916455.0,20224108.333333332,736933377.0350001,572197091.525,0.6998526611760753,0.6480691383819863,0.6526428571428574,2.4786102204354465,36.00044054904515,35.17665465752273,17.682643228958923,19.352014010507887,38.219,14.49,49.90096506384592,-12.130414469732365,-30.660451888133977,0.8839630393361331,-11.861731836239464,1.1123266721139937,0.557583773566885,0.8000280941540145,-8.095528041208965,1.2443273713032659,0.6126832776295915
1770595200,26.528,26.675,26.184,26.282,8770500,2026-02-09,VPB,2026-02-09,-0.1860924385705065,-3.0792491794815136,-11.42491237530332,-3.601819248826288,-21.78441759419082,45.77624937600533,27.84405,28.10348,25.787295,27.478691544364473,27.96938240187889,-5.609995672324963,-6.481332560949749,1.9184059437021173,-4.3549800849593145,1.864722190573847,-0.934259997721312,0.7481675591508141,19.9592668024438,230506281.0,23870455.0,20155896.666666668,674737865.2850001,570193824.795,0.367420729935814,0.3416234553586781,0.5965000000000001,2.2696141846130438,24.211014535522388,35.13388491964219,17.565611799289258,17.39322859039612,38.219,14.49,49.69446668633318,-12.293933124207435,-30.789487544109118,-4.899155049739889,-11.164463293351357,1.1107974355430594,0.5575102366543778,-5.055935718763704,-8.081953137885034,1.242074151980884,0.6113001071569233
1770681600,26.233,26.822,25.889,26.135,11076900,2026-02-10,VPB,2026-02-10,-0.559318164523237,-3.2717717161997006,-12.784489087632645,-4.316467745478503,-27.22082985240879,44.57598052774243,27.652499999999996,28.051419999999997,25.83906,27.350720921091664,27.897445837099323,-5.487749751378701,-6.831811009923905,1.1453203018995328,-4.444931907276173,3.549958146259797,-0.372878776348828,-0.18643938817440864,26.36655948553079,289494781.5,22313745.0,20144121.666666668,625967713.23,569654541.36,0.496415998300599,0.46247558041964154,0.6105714285714287,2.3362212686873107,23.479714091980618,35.146942545624604,17.281331227162447,19.753706961548147,38.219,14.49,49.074971553794946,-12.784489087632645,-31.17659451203454,-4.959713609816852,-11.56641577233334,1.1114084369000543,0.5576644106859601,-6.19683155200913,-8.593159667638862,1.2416802544844665,0.6105087640780432
1770768000,26.331,27.805,26.331,27.805,28252000,2026-02-11,VPB,2026-02-11,6.389898603405397,1.9843016431924987,-4.067761523599234,0.7135612865835972,-26.778848685943014,53.81423908834429,27.59355,28.031779999999998,25.898940000000003,27.39398559527341,27.893820510154253,0.7663022699145206,-0.8090103446873442,7.359606223266257,1.500381911559101,5.639946431987757,5.639946431987757,0.7499521714176227,100.0,785546860.0,21488875.0,20413751.666666668,600394225.75,577191247.1333333,1.3147268063125688,1.3083851015034516,0.7052857142857144,2.5365427595242385,32.565946608746124,37.483227698697746,15.253064412599008,41.966557615412576,38.219,14.49,56.112773399637575,-7.211506373890408,-26.778848685943014,1.083628860894347,-7.895498081654195,1.2268508076604085,0.5939167736647293,-0.8652072204692556,-4.956242361609742,1.3555634766383884,0.6459264369852984
1770854400,27.854,28.001,27.657,27.756,8140700,2026-02-12,VPB,2026-02-12,-0.1762272972486989,3.101667842947897,-2.5866002175973013,-1.9083969465648831,-21.41785340165906,53.54317641201525,27.5567,28.01902,25.958575,27.428463157628325,27.88841578426585,0.7232360914042779,-0.9387194841218638,6.924205200015798,1.1941494515728346,1.2371875561949333,-0.35245459449738886,0.1762272972486878,28.77906976744182,225953269.2,20164870.0,20235106.666666668,562369366.49,572063041.9133333,0.403707041007455,0.40178801098337896,0.6737142857142862,2.427274411710211,32.07685324656934,37.13466422026146,15.019524570611345,47.48097881965864,38.219,14.49,55.90627502212483,-7.375025028365478,-26.90788434191814,0.13272625172916497,-11.196193948830047,1.209177165140132,0.5932370488150168,-1.0720555089798744,-8.146312302689784,1.341432012723545,0.6470799812006136
1770940800,27.608,27.805,27.412,27.805,12905500,2026-02-13,VPB,2026-02-13,0.17653840611038252,5.597964376590325,-2.0743819116714746,0.7135612865835972,-15.52227015859513,53.00170582732626,27.527250000000002,27.980700000000002,26.018215,27.46432380928277,27.88514457703974,1.0090001725562736,-0.6279328251258987,6.867438830834471,1.24043174367936,1.4159100734976247,0.709756449056057,-0.5332180429456712,100.0,358837427.5,19561095.0,20169771.666666668,544845712.165,570301646.2916666,0.659753454497307,0.658603746873813,0.6280714285714291,2.2588434762504193,32.079748336073,36.78997354263781,15.18405544731953,56.47904191616767,38.219,14.49,56.112773399637575,-7.211506373890408,-26.778848685943014,0.8546331112380678,-9.904388986309055,1.192152696984265,0.5883587090671999,0.8919458697114524,-6.30796347219067,1.3269899972185368,0.6437604575647571
1771804800,27.952,28.64,27.805,28.296,15465000,2026-02-23,VPB,2026-02-23,1.7658694479410153,7.663039342515798,-2.866362294462943,0.8770053475935846,-16.035608308605354,56.947140717732545,27.485500000000002,27.952199999999998,26.078874999999996,27.543531065541554,27.901256554410732,2.9488275636244454,1.229956854916603,8.501612895494937,2.731926174127408,3.00305700413595,1.2371875561949206,0.5286818917460856,58.80239520958074,437597640.0,18795490.0,20101715.0,521897209.15999997,568456063.2916666,0.8228037683508118,0.8384747653744284,0.6596428571428576,2.331222989619938,31.2852736771511,36.821430454835195,15.18405544731953,60.63691507798959,38.219,14.49,58.18197142736735,-5.572982713742247,-25.485858745457413,-0.9444919903909055,-11.450967647412424,1.179351762213001,0.5932676025417051,-0.26685125465854,-6.624602064420371,1.3272493691997302,0.6460532082594501
1771891200,28.198,28.64,28.05,28.493,18101200,2026-02-24,VPB,2026-02-24,0.6962114786542184,9.022383776544851,-2.5180471449587793,1.5793226381461523,-12.910719197970478,57.20275862068964,27.448700000000002,27.9355,26.140040000000003,27.633956678347122,27.924462179727957,3.804551763835806,1.9956685937248198,9.001363425610664,3.108651184670874,2.0851003675431152,1.0425501837715514,-0.3463387051173328,75.08474576271152,515757491.59999996,17265670.0,20100658.333333332,476515976.21999997,568560070.985,1.0483925616555858,1.082350891341118,0.6561428571428577,2.302821244315649,31.381911369971693,36.84577188553924,15.18405544731953,62.90153264749108,38.219,14.49,59.01217919002064,-4.915570980444517,-24.967082740822665,-1.1366828893430214,-11.272580463495597,1.1812802034769905,0.5937228979274003,-0.8513884695592444,-6.366400535300731,1.327813544015669,0.6466270528657161
1771977600,28.493,28.984,28.296,28.345,20144800,2026-02-25,VPB,2026-02-25,-0.5194258238865657,1.942096745189703,-0.6902109172447712,-0.5194258238865657,-15.147433019009139,55.56226332253993,27.438849999999995,27.918799999999997,26.200464999999998,27.70167508993311,27.940953858954312,3.302434322138148,1.5265699098815144,8.185102821648393,2.3223321621466564,2.4146281542835166,-0.5194258238865676,0.0,7.122093023255714,571004356.0,16568775.0,20134430.0,456426772.85,569472636.5766667,1.2158291726455335,1.2510316878095464,0.6702142857142864,2.364488571932568,30.302032093197894,36.72513703088999,13.88679098859535,62.24807812175357,38.219,14.49,58.3884698048801,-5.409464059267178,-25.356823089482273,0.6108116557355436,-12.086111275750511,1.174320973901206,0.5920301642290486,0.7874037493065478,-7.474277730626422,1.323027666770529,0.6442027989563545
1772064000,28.493,28.689,28.345,28.394,13933100,2026-02-26,VPB,2026-02-26,0.17286999470806919,2.298602104049574,-1.0282686744048308,2.4795178113834027,-17.430499011283008,54.61773034197341,27.4241,27.92174,26.261135,27.767610795653766,27.958720374289438,3.5366703009396705,1.6913702369551364,8.12175482895161,2.2558267938712184,1.2136179220321086,-0.3492679484917982,0.522137943199863,14.244186046511429,395616441.4,16275665.0,20123683.333333332,447812226.8349999,569334412.6783334,0.8560694755022299,0.8834426969448694,0.6632142857142865,2.3357550387908947,30.246542923236614,36.26724226252032,13.88679098859535,59.78308986277111,38.219,14.49,58.59496818239285,-5.245945404792107,-25.22778743350713,-0.864145300368202,-10.72725662307661,1.1495899474554518,0.5876638509740748,-0.42654466067035823,-5.910720982081209,1.2978423072629937,0.6420453705704652
1772150400,28.542,28.935,28.247,28.443,18002900,2026-02-27,VPB,2026-02-27,0.17257167007114216,2.294551339687123,1.5785150530338132,-0.17548169725896123,-16.08744394618834,52.89469440412835,27.446199999999997,27.920739999999995,26.320375,27.831933577020074,27.97771173216044,3.6318324576808614,1.8705091627227777,8.064569748721295,2.195558642337603,2.4230471226315378,-0.3486652109600627,0.5212368810312062,28.48837209302352,512056484.70000005,15621165.0,20110183.333333332,429883436.425,568934754.7616667,1.1524684618592786,1.1911519293657093,0.6597142857142863,2.3194258190566615,28.930269192949314,35.806010353066306,12.31772378118078,65.88404408241496,38.219,14.49,58.80146655990561,-5.082426750317026,-25.09875177753198,1.068570056535001,-12.075907796428199,1.1282427346619048,0.580637199438517,2.3490564052592977,-7.360114277644181,1.2762291280356264,0.6391151337249427
1772409600,27.756,28.198,27.461,27.559,24664300,2026-03-02,VPB,2026-03-02,-3.107970326618148,-2.6046084252191015,1.0820129107981247,-3.6095274736805294,-19.62728571845198,47.38221295256431,27.460950000000004,27.91878,26.373525000000004,27.80593990301816,27.96129166423258,0.3570524690514887,-1.2886666251175738,4.494943319105027,-0.8880832796137716,2.5911472066940964,-0.6926132967689737,-2.4153570298491744,13.297150610583754,679723443.7,15230850.0,20273286.666666668,419605686.68999994,573173816.2049999,1.6193646447834493,1.619909989928645,0.6947857142857148,2.5210846340060042,29.567316135234606,36.36783285038022,13.475441828031268,55.44354838709681,38.219,14.49,55.07606725947154,-8.03243676166322,-27.4266603465529,0.9529260646392812,-13.21459064457442,1.1483181973328018,0.5962490525657533,2.141414174403533,-8.271766306064787,1.272120296391399,0.6540742154824967
1772496000,27.559,27.952,26.822,26.97,18795100,2026-03-03,VPB,2026-03-03,-2.1372328458942658,-5.345172498508399,-1.259427399868207,-6.15213306423551,-18.05918454153248,45.720769397017506,27.44375,27.936480000000003,26.41799,27.726326578921192,27.9224174813215,-1.7262582555226724,-3.459562550471651,2.0895230863513747,-2.7278282853964053,4.1002939148735535,-2.137232845894271,0.0,13.097345132743305,506903847.0,15528280.0,20388123.333333332,427406413.98999995,575920163.385,1.210378741238566,1.1859996256674334,0.7368571428571435,2.7321362360294534,30.57937972583669,36.6018015015267,14.486412405602664,47.22850678733031,38.219,14.49,52.59387247671625,-9.997997730761533,-28.977721598988783,-0.3110526388739432,-13.375712151042663,1.1445490417444792,0.6032603512718261,1.737285276132361,-7.993685727547895,1.2348396443906353,0.6566728787968171
1772582400,26.871,27.166,26.036,26.675,26580500,2026-03-04,VPB,2026-03-04,-1.0938079347422969,-5.891691656376786,-2.160357981220651,-7.336645013374088,-12.980361453643896,44.87834021290465,27.414300000000004,27.9296,26.46024,27.626200238071554,27.873499148720658,-2.696767745300821,-4.49200847846013,0.8116328498910086,-3.4431091857529794,4.189840563589169,-0.726733407489796,-0.3670745272525089,56.54867256637167,709034837.5,16146705.0,20633585.0,443484357.465,582050634.7833333,1.6461872561615511,1.5987820665263428,0.7720000000000005,2.8940955951265246,30.803558519503166,36.65653600886129,14.479942807406513,47.65981735159818,38.219,14.49,51.350667959037466,-10.982446773009414,-29.75456891557381,-3.012313985680093,-14.188737369706395,1.1442327638268168,0.6013815707293191,-0.12744074498665103,-8.524609183092114,1.2380874489191929,0.656718053429358
1772668800,26.97,27.608,26.478,26.528,21450200,2026-03-05,VPB,2026-03-05,-0.551077788191201,-6.571810945974499,-2.3485238901568173,-6.571810945974499,-16.665095969591302,43.70530877573129,27.3824,27.905040000000003,26.504210000000004,27.521609739207598,27.82073447622181,-3.120252424915282,-4.934735803998147,0.08975932502797157,-3.6102893276336645,4.236176194939078,-1.656982193064668,1.1059044048734812,4.424778761061699,569030905.6,16806875.0,20817551.666666668,460734274.305,586607083.0966667,1.2762753337547879,1.2350522575260139,0.810571428571429,3.0555316215750494,30.8331543916214,36.57448433244592,14.441541912190544,52.046540619156445,38.219,14.49,50.73117282649922,-11.473002736434633,-30.141675883499232,-1.992046132826153,-11.897775093994944,1.1623021736460974,0.6114557551946033,1.4266497123553434,-6.19439827393381,1.2566480543132792,0.6673250046026439
1772755200,26.528,26.528,26.184,26.184,15454600,2026-03-06,VPB,2026-03-06,-1.2967430639324373,-7.942200189853388,-4.820065430752452,-11.900676289492274,-17.87215356627564,41.8418201516793,27.3161,27.87852,26.545720000000003,27.394218335473543,27.75654881048762,-4.14444228861367,-6.078227969060057,-1.3626302093143527,-4.417787434753695,1.29674306393244,-1.29674306393244,0.0,0.0,404663246.40000004,16787620.0,20574021.666666668,459179929.275,578458079.2966666,0.92059505754836,0.8812738114205548,0.8000714285714289,3.0555737418707185,30.667290648370756,35.27877910233968,14.366812313873819,49.040720438527806,38.219,14.49,49.28146993130768,-12.620970433157574,-31.0475588560594,-1.474047847758087,-13.983516389505546,1.0898560909476618,0.6104536810510434,1.3686911523760106,-8.46252498040856,1.1859845888954839,0.662215640232497
1773014400,24.366,24.759,24.366,24.366,32371300,2026-03-09,VPB,2026-03-09,-6.9431714023831415,-11.586051743532067,-10.144927536231885,-18.0175633390532,-23.101685286877483,32.683511217599644,27.17855,27.80974,26.578140000000005,27.105816589237968,27.623586112037124,-10.348418145927585,-12.383215377058542,-8.323155796455294,-10.10785482229588,1.5009165902841455,0.0,-6.9431714023831415,0.0,788759095.8,17698445.0,20832291.666666668,479426098.485,583244983.4416667,1.8290476931730444,1.645215181844503,0.8632857142857147,3.5429931637762238,38.71801828001197,37.894347787699424,26.264295727971625,36.95235285440329,38.219,14.49,41.619958700324496,-18.68784622572249,-35.835045030810555,-1.6362090197635784,-13.156404259133327,1.0717517137625703,0.67528662412257,1.011031372320181,-7.97376506370502,1.1452609901455635,0.7156300032481356
1773100800,25.545,25.545,24.366,25.054,30382100,2026-03-10,VPB,2026-03-10,2.8236066650250358,-7.10418984056359,-7.272659980014062,-14.573104200763776,-19.3029922375753,37.14692358222027,27.0803,27.75178,26.612774999999996,26.910405485501016,27.52281802921214,-7.482561123768949,-9.721106177693828,-5.857243372778664,-6.898467161712684,4.838709677419363,-2.015103012394333,4.838709677419373,58.35453774385052,761193133.4,18450880.0,21130076.666666668,496771098.425,589814203.6650001,1.6466477479664927,1.532281438701533,0.8282142857142863,3.3057167945808508,40.485070007004126,38.367422237837815,26.415223633866482,26.27220976367086,38.219,14.49,44.51936449070757,-16.39191083227659,-34.023279085690206,0.26401146588866986,-10.863849152869076,1.0911484802187708,0.6845853803261129,0.7731329107747982,-7.560196076238347,1.1289617829204996,0.7249930520048791
1773187200,25.054,26.036,24.956,25.987,17296100,2026-03-11,VPB,2026-03-11,3.7239562544902904,-2.5791940018744186,-4.683832159624412,-10.942426319396848,-16.165559068326996,42.99785395917019,27.016450000000003,27.70166,26.65281,26.822462105929493,27.462589871203818,-3.810456222042513,-6.18973736591959,-2.4980855677131264,-3.1147852968531287,4.310688911950195,3.7239562544903,0.0,95.46296296296269,449473750.7,18479680.0,21156828.333333332,496451945.64,589674376.51,0.9359523541533187,0.905372120398404,0.8807857142857151,3.3893320286516917,42.80942427118445,39.209239093983214,26.415223633866482,36.76096392755575,38.219,14.49,48.45126216865439,-13.278382166455327,-31.566334860694155,-1.1620646331232272,-9.494093043084506,1.1082698869283494,0.7028867322054075,0.25784846446080856,-6.210142140388675,1.1431115046569411,0.7396758474740642
1773273600,25.398,25.742,25.054,25.299,12809200,2026-03-12,VPB,2026-03-12,-2.6474775849463117,-4.632840772014468,-6.025036217079604,-10.436506531667078,-18.770268100818754,38.125136492683986,26.93535,27.64368,26.690389999999997,26.67737047679335,27.377743209587983,-6.075102049908388,-8.481794030317236,-5.213074818314745,-5.166815365076538,2.6474775849463286,-0.3809597106245438,-2.2665178743217718,35.61046511627909,324059950.8,18636685.0,20949068.333333332,499639851.125,583176421.0966667,0.6873110749041473,0.6485870774125394,0.9193571428571435,3.6339663340730604,43.540599416507455,39.04331147362775,27.047383259078085,32.88251366120218,38.219,14.49,45.55185637827131,-15.57431755990123,-33.378100805814505,-1.9326073507300858,-8.286744344816332,1.1113641540808317,0.7103057540760193,-0.46612352354341535,-4.698095365029131,1.1429367966169717,0.7478269779153431
1773360000,24.956,25.545,24.563,25.201,13865300,2026-03-13,VPB,2026-03-13,-0.3873670896082815,-3.7542010388023295,-4.291519501728002,-11.553714947530969,-17.259833212948973,36.87269172278948,26.87885,27.57196,26.727234999999997,26.53676376471779,27.292380730780614,-6.242268549435703,-8.59917104188458,-5.71041112183881,-5.033634758786098,3.8815763468911926,0.9684177240207161,-1.3557848136290018,64.96945010183298,349419425.3,18423065.0,21025423.333333332,493231633.45500004,584591261.3183333,0.7526054975108648,0.7084286602876197,0.9298571428571437,3.689762877890337,42.95398831735619,38.9873748142912,26.81272333058004,27.659881622636078,38.219,14.49,45.13885962324582,-15.901354868851369,-33.63617211776479,-0.9163934685406878,-10.23083742714097,1.1392132620960704,0.7242230049118359,0.3390629226391555,-6.757569121687867,1.1629792478158507,0.7583376067355175
1773619200,25.25,25.299,24.956,25.054,7467100,2026-03-16,VPB,2026-03-16,-0.583310186103736,2.8236066650250358,-4.672399360779245,-9.411722167986413,-17.206966061927897,35.025599568849366,26.817449999999997,27.5081,26.76359,26.395548168078,27.204601094279415,-6.575755711299913,-8.921372250355352,-6.3877454407275,-5.082478907183418,1.361057100908694,-0.777746914804974,0.19443672870123052,28.571428571428275,187080723.39999998,18357895.0,20967013.333333332,491060355.575,582651868.26,0.4067514276555128,0.38097297262154367,0.9122142857142865,3.640992598843644,42.97735333677971,38.572222356066874,26.693480213664202,24.99636469390724,38.219,14.49,44.51936449070757,-16.39191083227659,-34.023279085690206,-1.161497957786351,-9.076799571011895,1.127625134839204,0.7212161843003853,0.1927013965048019,-5.706459447710365,1.1518991963254632,0.7561254886087736
1773705600,25.349,25.938,25.25,25.25,9324100,2026-03-17,VPB,2026-03-17,0.782310209946524,0.782310209946524,-3.3862636311459804,-3.2010734138393726,-15.461363331994104,34.009128542617574,26.773199999999996,27.459960000000002,26.801415,26.286448342546763,27.127950070974343,-5.689271360913139,-8.047935976600119,-5.788556313164806,-3.942899889100604,2.746068492057152,-0.39514648359543464,1.1774566935419672,0.0,235433525.0,18270255.0,20772135.0,488357292.75,577438706.5433333,0.5103431780235141,0.48209278021475804,0.9262142857142864,3.6681753889674713,43.09396841964423,36.83689567694959,26.889109199674955,27.65342960288811,38.219,14.49,45.345358000758566,-15.7378362143763,-33.50713646178964,-0.8925776622628945,-7.050753720356506,1.07719231165721,0.6990905317962886,0.6069111298169227,-3.5556472557165764,1.1029064918273872,0.7389423239794787
1773792000,25.496,25.692,24.956,25.152,9271600,2026-03-18,VPB,2026-03-18,-0.38811881188118846,-3.2131450340554757,-9.54144937960798,-6.909952255819974,-13.22108749654982,34.16546647463594,26.640549999999998,27.412799999999997,26.838015,26.178405643256596,27.050461832896918,-5.587534791886794,-8.247242164244428,-6.282189647781323,-3.92081037036337,2.9148514851485174,-1.362376237623753,0.9742574257425751,26.630434782608877,233199283.20000002,17321235.0,20621551.666666668,460739913.91,573081594.1733334,0.5352736106865359,0.5061408316483574,0.9542142857142863,3.793790894220286,35.530892265943635,36.06625787635453,26.737859971204664,26.75652423286496,38.219,14.49,44.93236124573308,-16.06487352332644,-33.76520777373992,-4.921141618804349,-11.030218839862606,1.0804057766530268,0.7161587505759548,-2.9414193931018966,-6.856471744118442,1.0996318417632236,0.7526359293530201
1773878400,24.808,25.349,24.513,25.152,23991600,2026-03-19,VPB,2026-03-19,0.0,-0.5810506344124167,-9.381755296152184,-9.381755296152184,-14.381999523436695,36.60656093851837,26.51035,27.351879999999998,26.875594999999997,26.080652724851205,26.976012349253903,-5.1238478556488225,-8.042884072319701,-6.413234758151387,-3.5606958715658554,3.323791348600503,1.367684478371506,-1.3676844783715114,76.43540669856465,603436723.2,18113780.0,20824491.666666668,479614086.61,577673161.3733333,1.324494390458535,1.25817139247348,0.9647857142857149,3.8358210650672504,35.55610325841605,35.58476610761052,26.816338989459055,26.238267148014444,38.219,14.49,44.93236124573308,-16.06487352332644,-33.76520777373992,-3.044693739118088,-10.569835192291965,1.0618295794492867,0.7052968715750785,-1.3340283277370801,-6.466373620959643,1.0868786269531536,0.7432045315651598
1773964800,24.857,25.447,24.612,24.612,15978800,2026-03-20,VPB,2026-03-20,-2.14694656488551,-2.337208840919025,-11.483546124797705,-10.53435114503818,-20.726640255097116,31.28500560089613,26.3507,27.28114,26.910230000000002,25.94078103677014,26.8833059826165,-6.598306686349897,-9.783828681646012,-8.540358072004606,-5.122363258402441,3.319815521628502,-0.9740776081424976,-1.1728689567430117,0.0,393270225.59999996,18267445.0,20985610.0,481335726.515,581333750.6833333,0.8747145536773205,0.8170393426795515,0.9542857142857147,3.8773188456269905,35.95260275438455,35.79096224271111,26.855614547716574,27.60978574684698,38.219,14.49,42.656664840490535,-17.866915837949684,-35.187233370200666,-1.8195492825366362,-8.989831947590666,1.034521657228411,0.7064621515590354,-0.552919564341158,-5.26761598341643,1.0614658088303723,0.7434909866600689
1774224000,24.464,24.464,23.482,23.58,22738500,2026-03-23,VPB,2026-03-23,-4.1930765480253545,-5.883292089087577,-16.666666666666675,-15.195108793382495,-22.454617205998428,22.043372496247592,26.1149,27.2045,26.938229999999997,25.715944747553937,26.7537645715335,-9.706719152667631,-13.323163447223807,-12.46640926296939,-8.30591591528873,3.9899236144969907,-3.591743864781409,-0.6013326832439492,9.9796334012219,536173829.99999994,18631120.0,21231305.0,486264536.015,586564130.7833333,1.2204580293616272,1.1026381532858904,0.9542857142857145,4.047013207318552,36.99565951477577,36.633118488214606,28.66188816210446,25.868451025056956,38.219,14.49,38.307556154915915,-21.310818928118547,-37.90488228788118,-2.207002340325648,-10.07817239581067,1.0436107858425305,0.7242322431908035,-2.02062293688925,-6.662271396417996,1.0737831577642682,0.7574708149673175
1774310400,24.022,25.201,23.826,24.808,29998900,2026-03-24,VPB,2026-03-24,5.207803223070395,-1.750495049504952,-12.933001087986518,-11.247853463079572,-16.941207981786523,30.99588129686346,25.930650000000004,27.13376,26.972615,25.629473819215466,26.67746007853219,-4.329432544112866,-8.571462266932405,-8.025232258718706,-3.2051919013630803,5.831212892281595,3.3333333333333397,1.8744698897370737,71.41818181818176,744212711.2,19226005.0,21566353.333333332,497687296.995,594357459.4366667,1.560329355994654,1.4953419862100212,0.9893571428571433,3.988056848021377,42.59019094440043,38.27525056745264,28.66188816210446,38.26819152947091,38.219,14.49,43.482658350541534,-17.21284122004939,-34.671090746300095,0.6056202589684307,-5.994114413258822,1.0945706476086163,0.7258574233006582,0.7535191353355106,-2.8103793258620016,1.125671426615282,0.7609076830282478
1774396800,25.496,25.938,25.103,25.84,21942900,2026-03-25,VPB,2026-03-25,4.159948403740721,2.7353689567430006,-8.837537484565171,-9.31105885656126,-15.433957324257108,38.90232758157286,25.8054,27.0758,27.0129,25.649523931671137,26.644618506825044,0.13408046377889615,-4.564223402447942,-4.341999563171662,0.7426105405943684,3.3658497258948614,1.386649467913581,2.77329893582714,88.26347305389231,567004536.0,19315910.0,21700338.333333332,497487305.995,597204852.1466668,1.1360013584656379,1.1397366911020212,0.9893571428571433,3.8287815126050435,45.89910035628721,39.06137949917062,28.907706820652457,46.109477493779686,38.219,14.49,47.83176703611615,-13.768938129880537,-31.953441828619578,2.0560575845139386,-4.00903661822154,1.1368506924940223,0.7380061941278306,2.6234995756014854,-0.7203311002749953,1.1680540323101527,0.7713390285790941
1774483200,25.84,26.036,25.398,25.742,19426700,2026-03-26,VPB,2026-03-26,-0.3792569659442635,2.3457379134860012,-9.340001408748321,-8.70983757713313,-15.754679931928262,37.31263668853684,25.672800000000002,27.015880000000003,27.054165,25.658331176273887,26.60922170263583,0.2695459786232757,-4.715300778653154,-4.850140449723728,0.3260883303411566,2.469040247678025,-0.3792569659442685,0.0,53.91849529780569,500082111.40000004,19590590.0,21820378.333333332,502710589.495,599794540.4799999,0.9916342488919425,0.9947713890458516,1.0103571428571436,3.9249364573737218,45.84605765107197,39.01977727151872,28.71677030682058,47.429036761284316,38.219,14.49,47.41877028109066,-14.095975438830678,-32.211513140569856,3.162924683482105,-1.5140584387983385,1.1548803705519004,0.7475870202002212,4.118656832064893,2.3003121096325287,1.187367625637026,0.7821282519000455
1774569600,25.545,26.085,25.447,25.987,11263600,2026-03-27,VPB,2026-03-27,0.9517520006215419,5.586705672029901,-8.634813486622372,-9.72661270712475,-14.401001350505627,39.33301163476488,25.55,26.980499999999996,27.096410000000002,25.689632969009708,26.58482085155207,1.7103718199608542,-3.6822890606178493,-4.094306219901467,1.1575370942395802,2.478439903659396,1.7170383031621341,-0.7652863025405909,84.63949843260153,292707173.2,19253625.0,21753330.0,491743123.91999996,597338785.4416667,0.5850119133409942,0.5952440592694888,0.9260714285714293,3.5635949843053427,46.069115570124666,38.81361991002717,28.71677030682058,61.54065214295884,38.219,14.49,48.45126216865439,-13.278382166455327,-31.566334860694155,2.4020789737436274,-3.5554905523362716,1.1362807314835335,0.7463499306243621,3.0164536408179075,0.23814487147870622,1.1679597964179125,0.7809011915588716
1774828800,25.201,25.938,25.103,25.643,16541700,2026-03-30,VPB,2026-03-30,-1.3237387924731503,8.748939779474153,-6.952356761856382,-9.218678089708643,-13.432583890351768,36.78455219501788,25.4542,26.899919999999998,27.136445000000002,25.685191733865924,26.547886700510816,0.7417243519733496,-4.672578951907658,-5.503465910881111,-0.16426481960145622,3.2131450340554792,1.700850425212607,-3.024589217685758,64.67065868263484,424178813.1,18847495.0,21792375.0,478965892.39000005,597723779.7766666,0.8776603999629659,0.8856138189368411,0.9050000000000004,3.5292282494247957,45.10872900263621,38.724619543665604,27.907944495127985,54.40934271597547,38.219,14.49,47.00155927346286,-14.426349863178267,-32.47221783325433,2.9907665792410665,-4.6107083849147745,1.1488785694356833,0.7453675850618844,2.9359933562587486,-0.9052903424550678,1.1811347248060733,0.779956964631769
1774915200,25.938,26.429,25.791,26.233,19377200,2026-03-31,VPB,2026-03-31,2.3008228366415695,5.744114801676892,-2.7326659251019625,-5.148786925552296,-9.49144355506487,40.651975765374516,25.41735,26.825260000000004,27.179185000000004,25.737363949688216,26.53553820245157,3.209028478578624,-2.2078443974075324,-3.4812854027815865,1.925745197840234,2.4880084233513946,1.1504114183207959,1.1504114183207736,69.278996865204,508322087.6,18876600.0,21662268.333333332,479036804.41999996,593665534.15,1.0265196062850301,1.0611336809818979,0.8840000000000001,3.369801395189266,45.48808931464475,38.822033970014715,27.990621956747148,51.9412878787879,38.219,14.49,49.487968308820435,-12.457451778682504,-30.91852320008426,4.914289081130329,-1.95130744815607,1.1511452504266835,0.7452518653774535,3.8899385100423456,1.7882467016139376,1.1850307685200578,0.7832092094871121
1775001600,26.822,26.871,26.331,26.331,10288600,2026-04-01,VPB,2026-04-01,0.37357526779246975,1.9001547987615997,-1.2895970009372149,-4.285714285714293,-15.055810052261442,42.26820834233844,25.40015,26.772199999999998,27.22143,25.793900716384577,26.527517096473076,3.6647421373495748,-1.6479781265641202,-3.2710625415343753,2.0822724314599306,2.0584759653871045,-1.871688331490869,2.2452635992833425,0.0,270909126.6,18062005.0,21494613.333333332,457130518.875,588851174.11,0.5696266831949166,0.5926297094902095,0.8629285714285714,3.2772343299858395,45.36057939609269,38.819277323643796,28.260109757453005,58.98016011138183,38.219,14.49,49.90096506384592,-12.130414469732365,-30.660451888133977,5.053795344534029,-1.3276098431440397,1.154650343826492,0.749616170462854,3.5500936759243706,2.185506314488661,1.1818767151652463,0.7853093447231418
1775088000,26.135,26.135,25.545,25.791,11441500,2026-04-02,VPB,2026-04-02,-2.0508146291443485,0.19035040012431725,-2.7781966224366683,-8.536066387687068,-15.458747172780019,40.077123615033685,25.363300000000002,26.718159999999997,27.261225,25.793624457681283,26.498634073081977,1.686294764482521,-3.470149142006773,-5.393099539730883,-0.010174830937725865,2.2407048725836463,-1.306444874862334,-0.7443697542820149,41.69491525423707,295087726.5,17561570.0,21299898.333333332,443433359.91999996,582901605.6983333,0.6515078093815074,0.6654612692045473,0.848928571428571,3.291569041249161,45.90008782384297,38.66536181347602,28.41554470686588,54.76729153199741,38.219,14.49,47.625268658603396,-13.932456784355606,-32.08247748459472,3.5081938315834944,-4.456605184449746,1.1503253941535208,0.7488849438449766,1.8425491207328393,-0.7383851417299567,1.1763931937465553,0.7822427100716244
1775174400,25.84,25.938,25.299,25.349,16758100,2026-04-03,VPB,2026-04-03,-1.713776123453914,-2.4550736906914894,-3.188970363580812,-9.94706739138158,-17.040843042283026,37.67651531609821,25.32155,26.65726,27.295614999999998,25.751279271235447,26.453550383941508,0.10840568606582668,-4.907706193359706,-7.131603372922712,-1.5621719876449003,2.477608468070254,-1.9037648792214326,0.18998875576752283,7.8247261345854096,424801076.9,17626745.0,21203698.333333332,444440251.445,579411627.2316667,0.9507200563688871,0.9558114403878867,0.8700714285714282,3.4323698314388267,46.06776764793643,38.80313853036669,28.48899609730136,52.275181243251595,38.219,14.49,45.762569008386365,-15.407461790028698,-33.246431769105165,1.5512776226622842,-4.318008108337123,1.1630524329798206,0.7524029413177195,0.31698229870603667,-0.432778722347825,1.1907899185835609,0.7867116796176248
1775433600,25.349,25.496,25.054,25.152,11093100,2026-04-06,VPB,2026-04-06,-0.7771509724249448,-1.9147525640525687,3.2258064516129004,-8.244564424339696,-20.248589003741515,38.40312551587522,25.36085,26.57768,27.32902,25.69420505492731,26.40250919241439,-0.8235134074764727,-5.364200336522973,-7.965964385111501,-2.110223117501475,1.7436585269635891,-0.7771509724249445,0.0,22.171945701358027,279013651.2,16562835.0,21118681.666666668,418952979.21500003,576663310.265,0.6697585286576845,0.6659784392100351,0.8384999999999996,3.333730916030533,38.5428427940703,38.4841203224955,18.470086040506217,49.2442936458976,38.219,14.49,44.93236124573308,-16.06487352332644,-33.76520777373992,1.8826231070863786,-1.9031419237805274,1.1694085188768906,0.7630549749403719,0.10682582029168941,1.2409138176698846,1.1913048863765205,0.7935882490254638
1775520000,25.152,25.643,25.054,25.594,11428900,2026-04-07,VPB,2026-04-07,1.7573155216284997,-2.4358632257080792,2.1553444559750945,-9.70541541718115,-18.847105079586523,39.73575016379123,25.38785,26.50498,27.36611,25.684661716362804,26.37080294957461,0.8120025917909501,-3.4370144780339285,-6.475564119270139,-0.3529799900188868,2.3417620865140036,1.7573155216284992,0.0,91.68081494057738,292511266.6,15615175.0,20948160.0,395518885.875,571305858.5583333,0.7319098248978958,0.7395633357756914,0.8279999999999996,3.2351332343517996,37.75302032918867,37.98595948166298,18.470086040506217,53.236672524897486,38.219,14.49,46.79506089595011,-14.589868517653336,-32.601253489229464,2.107036141577434,-2.067233869283535,1.154048119644578,0.7558727538482609,1.9375933889948627,0.7519864777973524,1.1778866879582686,0.7895091842817838
1775606400,26.724,27.264,26.184,27.117,24909900,2026-04-08,VPB,2026-04-08,5.950613425021478,2.9850746268656803,4.348328010158942,-5.640615213306422,-12.933055065018461,48.050884472592294,25.44435,26.476479999999995,27.410815000000003,25.82107488623301,26.40006557900306,6.573758024866039,2.419203761225086,-1.0718944329090596,5.01886586626159,4.2197390013284295,1.535516136594517,4.415097288426972,86.38888888888901,675481758.3000001,15995865.0,20793266.666666668,406819286.255,566181551.48,1.557271207277631,1.6603975797661636,0.8875714285714282,3.273118075640477,41.22914255594213,39.8750389796735,18.470086040506217,61.765058076877025,38.219,14.49,53.213367609254504,-9.50744176733631,-28.59061463106335,2.7161260128667486,0.0013663292541927774,1.193247858130635,0.7855425057682812,2.175243150322115,2.264438297825044,1.193983108247464,0.8130472510011638
1775692800,26.871,27.019,26.577,26.626,11852400,2026-04-09,VPB,2026-04-09,-1.810672272006486,3.2375634911403273,5.245266611328514,-7.349154429674987,-16.613948827158566,55.953845252738255,25.5107,26.43522,27.45331,25.897734420877484,26.408925752375488,4.371891010438755,0.7216887167952546,-3.0135164029401085,2.8120821971802545,1.629973817162653,-0.9034922742191152,-0.9071799977873773,11.085972850678703,315582002.40000004,15948025.0,20491596.666666668,406395388.835,557094954.54,0.7431892036788255,0.7765393286195209,0.8664999999999995,3.2543378652444956,40.55203494417875,40.03458991320884,17.59585130568207,62.129607323536526,38.219,14.49,51.14416958152472,-11.145965427484484,-29.88360457154895,3.6618645488698087,-0.942463188216891,1.1968889681468096,0.7872998721017612,2.276667837266788,0.31804421258188054,1.2045095788244005,0.815935351631918
1775779200,27.019,27.412,26.822,26.822,14448500,2026-04-10,VPB,2026-04-10,0.7361225869450871,5.810880113613948,6.432284433157398,-3.3650381899409165,-18.991241316822716,60.70701018573994,25.59175,26.411640000000002,27.49703,25.985759714127248,26.42512474247841,4.807213262086396,1.5537088950174915,-2.454919676779632,3.218071340119888,2.215879215804101,-0.7398783144295018,1.4760009013745856,0.0,387537667.0,15977185.0,20105568.333333332,408301300.92,546155437.1366667,0.9043207548764066,0.9491462949708594,0.8419285714285708,3.138947772084747,40.50048320877727,39.46382458541093,17.76565116729655,71.71175997856955,38.219,14.49,51.97016309157571,-10.491890809584204,-29.367461947648387,3.2629216071422107,2.946862875426614,1.2156121289115693,0.8115939908379751,2.4060651841284697,3.312889029460786,1.1990449354511044,0.8253393563747666
1776038400,26.528,26.724,26.331,26.429,13557000,2026-04-13,VPB,2026-04-13,-1.4652151219148535,5.077131043256977,5.488145605492134,-10.92949582097601,-18.976670038934362,70.03795920993372,25.660500000000003,26.394940000000002,27.53805,26.02797307468656,26.42527671336161,2.994875392139651,0.12903988415959855,-4.027336721372787,1.5407535737135714,1.4652151219148486,-0.36909999254343523,-1.096115129371411,24.936386768447534,358297953.0,16281680.0,19503343.333333332,416862162.4,527553461.08666664,0.8326536327946502,0.8595118130587138,0.761214285714285,2.8802235639422036,40.88705129911276,36.82560688132113,17.91897007988366,62.222892474739865,38.219,14.49,50.31396181887142,-11.803377160782224,-30.402380576183706,1.6049887613912794,-4.624264455153282,1.1846100840535436,0.8475786666668061,1.5663759251376863,-3.4986224602099547,1.171576222091614,0.8626586624773417
1776124800,26.822,27.264,26.626,26.871,14453500,2026-04-14,VPB,2026-04-14,1.6724053123462923,4.989450652496674,6.4198019801980255,-10.328372155109133,-14.39903156955815,76.13398007341372,25.74155,26.386079999999996,27.582015000000002,26.10826135328784,26.442756057935668,4.387653424133342,1.8377871968856319,-2.577821091026178,2.921445577670023,2.4140149078663518,0.18540239888001625,1.4870029134662621,38.40125391849501,388379998.5,16538150.0,19040716.666666668,424509486.075,512944830.685,0.8739490209001611,0.9148912126580445,0.7401428571428565,2.754429895213638,41.14796478290677,36.94338914331895,17.91897007988366,58.533355404734316,38.219,14.873,51.39210143065193,-8.067330391049987,-29.238426291673246,2.598227861188951,-3.6397393625208654,1.1937056265247554,0.8486335013938526,2.5290006032065993,-3.4999537577244713,1.172953909479888,0.8637481721843979
1776211200,27.363,27.363,26.773,26.871,12229700,2026-04-15,VPB,2026-04-15,0.0,-0.9071799977873773,6.834446564885477,-7.290229091912792,-8.067330391049987,64.77189109639441,25.827499999999997,26.378220000000002,27.626224999999998,26.180903129165188,26.459549938016625,4.040267157099997,1.868132118088317,-2.7337249298447386,2.635878783211454,2.1956756354434144,-1.830970190912139,1.83097019091214,16.610169491525255,328624268.7,16686055.0,18498721.666666668,429280735.35,496804958.3366667,0.732929383248467,0.7655229821391052,0.736714285714285,2.7416705210609393,41.07949695038758,36.366479701363154,18.092982844590342,59.49856974591957,38.219,14.873,51.39210143065193,-8.067330391049987,-29.238426291673246,1.768599893978795,-2.3394256882684488,1.1725989043419833,0.8523492714431745,1.8709397906297998,-2.186460527256995,1.1572880951084734,0.8652320813692288
1776297600,26.822,27.412,26.528,27.117,15412800,2026-04-16,VPB,2026-04-16,0.91548509545607,1.8440621948471403,7.8125,-4.829256308567009,-9.061336731614066,62.47453565008987,25.92575,26.37724,27.670930000000002,26.270055212101834,26.485332293388524,4.594852607928401,2.804539064739142,-2.001848148941876,3.2239931780120745,3.2897919690372532,1.0978378177217138,-0.18235272226563293,66.62895927601832,417948897.6,16257115.0,18178588.333333332,420006344.07000005,487329932.39000005,0.9480648934328139,0.9951013919216964,0.7542857142857134,2.781597205759167,41.10088238055003,36.27115637860908,18.092982844590342,59.50538358008078,38.219,14.873,52.44581512893001,-7.22570050292517,-28.59061463106335,0.7088646101240048,-2.417737647048346,1.1719679931003861,0.8513686367277875,1.0710118029975346,-1.4939367938464732,1.1536784328608194,0.8650874583902959
1776384000,27.314,28.001,27.166,27.756,25668400,2026-04-17,VPB,2026-04-17,2.356455360106202,3.4822160912683753,12.774256460263288,-2.2469535817426167,-7.223317846040722,67.7403758989545,26.08295,26.38216,27.718829999999997,26.41157376333023,26.53516239953015,6.414343469584538,5.207458373385654,0.13409656901104405,5.090292039077071,3.079249179481509,1.629973817162666,0.7264815429435467,70.65868263473045,712452110.4,16741595.0,18190045.0,435965438.31000006,487382292.33,1.5332111426659167,1.6341940158416863,0.7542857142857137,2.7175591377925983,40.4916895922454,36.60044717187609,17.559271343572476,66.93380349414971,38.219,14.873,55.18290071104257,-5.0395155496253725,-26.90788434191814,2.4963724809210035,1.0503169636693621,1.1764523061875276,0.8452878014151398,2.200226571331765,2.186915719096183,1.1806044652242613,0.8709751911303574
1776643200,28.001,28.001,27.559,27.559,14857100,2026-04-20,VPB,2026-04-20,-0.7097564490560537,4.275606341518801,16.874469889737085,-5.3963132058631675,-6.500424088210344,70.49616431576342,26.2819,26.391000000000005,27.76599,26.520852452536875,26.575312893666226,4.859237726343979,4.425751203061634,-0.7454803520421827,3.9144576869127867,1.5924484796080132,-1.5924484796080132,0.882692030551957,0.0,409446818.90000004,16347525.0,17924711.666666668,429629087.755,479263610.9766667,0.90882870648615,0.9530239701402409,0.7297142857142853,2.6478257038146715,36.69457405020795,36.21955260630536,11.710192451695525,61.34108792336642,38.219,14.873,54.33907307461664,-5.713503712066781,-27.4266603465529,1.4179190497891376,-2.2601583173527335,1.1534284121910066,0.8383766050995675,1.4820342905297075,-1.3280115785425206,1.1602328460184963,0.8667375511678929
1776729600,27.51,27.756,27.068,27.068,12776900,2026-04-21,VPB,2026-04-21,-1.7816321346928343,0.7331323731904371,9.109964527571757,-7.393342228608568,-5.650249224441417,68.44856556101813,26.3949,26.391980000000004,27.809955,26.572961742771458,26.594633956659706,2.550113847750901,2.5614599586692544,-2.6679475029715016,1.862939713008127,2.49646213578141,-1.6038317790921301,-0.17780035560071017,0.0,345845129.2,15486425.0,17326033.333333332,409710708.65500003,461304660.62333333,0.8250387032513959,0.8441203070706689,0.7332857142857139,2.7090502227194984,33.855777367373626,36.37856165096468,12.367264487077092,55.906395255649954,38.219,14.873,52.23592906707787,-5.650249224441417,-28.71965028703849,-4.434379248941299,-4.20923425408144,1.1552652039582632,0.8360752200630157,-4.274136344665779,-3.628016976044557,1.1624303159488905,0.8642619776401289
1776816000,27.117,27.363,26.921,27.068,13650100,2026-04-22,VPB,2026-04-22,0.0,0.7331323731904371,4.752321981424146,-5.164319248826288,-2.650602409638547,71.00259018257628,26.4563,26.38806,27.853675000000003,26.62010824345989,26.613197330908346,2.312114694798595,2.576695672209328,-2.8207229387145594,1.6825316878647634,1.632924486478499,-0.18102556524308958,0.181025565243087,33.25791855203664,369480906.8,15071785.0,16985490.0,399834527.19500005,451249535.34666663,0.9056724203536608,0.9240845441539457,0.7087142857142855,2.618273554434334,30.91552226819057,36.075802523926356,12.367264487077092,61.20371995086859,38.219,14.873,52.23592906707787,-5.650249224441417,-28.71965028703849,-7.255349033357028,-3.6718294321256733,1.139031167495728,0.8352904993611406,-6.857118541408447,-2.522013516219746,1.1542753118564466,0.8675810427729477
1776902400,27.166,27.608,26.921,26.921,12903100,2026-04-23,VPB,2026-04-23,-0.5430766957292832,-0.7227938193753003,4.580063709113502,-6.16264073338213,-6.960428546742692,66.05600789538613,26.51525,26.38806,27.89617,26.648764601225615,26.625268023813902,1.530251459066001,2.019625542764425,-3.4957128523378067,1.0215685524193718,2.53805231269396,-0.905127826215461,0.362051130486174,0.0,347364355.09999996,14745605.0,16870620.0,392198639.38,447573818.57,0.8750471750735219,0.8856847531371463,0.7121428571428571,2.64530610728746,30.965184807114777,36.06855310251634,12.34202249643857,64.54478164322722,38.219,14.873,51.60627088152145,-5.517144561822196,-29.106757254963924,-9.145211884789074,-5.505616093630272,1.1341677517125652,0.8331111152701614,-8.454967693538283,-3.396054904871082,1.153957263890121,0.8674763624058787
1776988800,26.921,27.117,26.724,26.773,8708200,2026-04-24,VPB,2026-04-24,-0.5497566955165123,-3.54157659605131,3.0245892176857803,-4.385557658655048,-8.711811238406986,67.614098791711,26.55455,26.396900000000002,27.935225,26.66059654396603,26.631061434644728,0.8226462131725176,1.4247885168334085,-4.16042827648605,0.4216089308002102,1.4598269009323601,-0.5497566955165101,0.0,12.468193384223767,233144638.6,14617835.0,16497541.666666666,389220512.65,436949024.3316667,0.595724332638862,0.5990039862304262,0.7086428571428571,2.6468563744924256,30.967371602911076,35.75889714383925,12.134892956936207,65.13538748832866,38.219,14.873,50.97232930694765,-6.036570385708762,-29.496497603623528,-7.765104708665249,-3.450123964867935,1.1249001277711888,0.8345511781610497,-7.400163600000464,-1.1926961154546722,1.1508489998364237,0.8735251780677311
1777334400,26.773,26.97,26.528,26.528,7722200,2026-04-28,VPB,2026-04-28,-0.9151010346244437,-3.741064624986401,3.4512342549623654,-2.699530516431925,-7.532503747080765,67.08446180008816,26.5988,26.40182,27.97158,26.647968301683548,26.6270198097567,-0.26617742153781654,0.47792159782922283,-5.160881151511642,-0.45019680421929387,1.6509169685877572,-0.9151010346244388,0.0,0.0,204854521.6,14176860.0,16085068.333333334,378254298.075,425608625.7183333,0.5447045396512344,0.5415788337172618,0.698142857142857,2.6317206617266926,30.73962482242895,35.400678225386464,11.912506650494501,59.05389685924774,38.219,15.734,48.00533689126084,-6.8964307022777565,-30.141675883499232,-9.378532246896242,-4.441660557869875,1.1002122560757661,0.8226870995301242,-9.213784068142417,-3.148287577466835,1.1267437805576013,0.8575890584830755
1777420800,26.331,26.528,26.036,26.036,18791500,2026-04-29,VPB,2026-04-29,-1.8546441495777999,-3.812620067976946,-0.7509625281134413,-4.678919235556855,-7.667210440456762,63.00006260564703,26.58895,26.399840000000005,28.003265000000003,26.589685606285112,26.60384256231526,-2.0796233021612376,-1.3781901708495359,-7.025127248554774,-2.0823322790783028,1.8546441495777948,-1.1120325693606685,-0.7426115802171229,0.0,489255494.0,14147575.0,16184151.666666666,377300968.395,427914728.935,1.328248834164159,1.2967247237165682,0.6139999999999998,2.358273160239667,30.488150002656372,35.59620501231912,12.447904166645303,36.90331960261691,38.219,15.734,45.81721147431622,-8.623170603306063,-31.437299204719004,-11.47721350602313,-5.9681844636366055,1.108661012700882,0.8266176804666527,-11.308519139157447,-4.821006884328072,1.1343690207023458,0.8598466868497712
1777852800,26.233,26.675,26.233,26.478,6238600,2026-05-04,VPB,2026-05-04,1.6976494085112925,-2.179695581498453,0.5582773157115195,-2.882922535211263,-2.356455360106202,66.2668759811617,26.596300000000003,26.3733,28.03667,26.579048881877007,26.598907559871524,-0.4447987126028896,0.3969924127811053,-5.5593977458806565,-0.38018245997473166,1.6976494085112925,0.9410047626363536,0.7566446458749487,55.429864253393866,165185650.8,13945075.0,16051261.666666666,372014794.60499996,424209890.31499994,0.4473694117815788,0.4440297891254346,0.6210714285714284,2.3456130696103497,31.07181409898047,35.77557988920723,12.447904166645303,48.185384992643456,38.219,15.734,47.78296642205916,-7.071912399536718,-30.273344920208554,-8.316426870602657,-5.720002589124096,1.1232340092421258,0.8271593419289798,-7.6475835531064185,-3.7586792460913565,1.1366756674037721,0.8544037473468017
1777939200,26.429,27.51,26.036,27.51,22244500,2026-05-05,VPB,2026-05-05,3.8975753455699147,2.1878830652650505,6.665115738048155,1.2662887432820513,-5.085564449351365,74.31250792041568,26.68225,26.36838,28.075235000000003,26.667710893126817,26.63463667517068,3.1022496228766405,4.329503746532781,-2.013286798846037,3.158460470224589,5.56688571644384,4.082634640078567,-0.18505929450866043,100.0,611946195.0,14485225.0,16284556.666666666,387857718.03000003,430675117.4183333,1.5356682412596283,1.5777594889904116,0.6702142857142857,2.436256945526302,32.87061798992645,36.657924750756166,11.615747473652842,57.00040700040702,38.219,15.782,52.270802691982,-3.4499701681114603,-27.55569600252803,-3.957251238975945,-2.032370195108446,1.1446072387693242,0.824509798296997,-3.0116769051933057,0.6065496671148862,1.1613863065396006,0.8509204399128794
1778025600,27.412,27.608,27.068,27.51,18609200,2026-05-06,VPB,2026-05-06,0.0,2.7527733164008694,8.524991123910208,0.0,-4.273087897557238,73.79493335018006,26.790300000000002,26.362479999999994,28.10962,26.747928903305215,26.668964648693397,2.686420084881469,4.352852994103773,-2.133148722750422,2.8490845008961374,1.9629225736095934,0.35623409669212114,-0.3562340966921207,81.851851851852,511939092.0,14577780.0,16330715.0,392214618.78499997,431944933.1683333,1.2765455371119607,1.3052524497579456,0.6737142857142856,2.4489795918367343,31.99962883891796,36.569788364215455,11.026070889824053,61.95531961955323,38.219,15.782,52.270802691982,-3.4499701681114603,-27.55569600252803,-3.7763793898543128,-3.3985041333158383,1.138084185032307,0.8221567515791435,-3.22947027053746,-1.1626703977219544,1.1522787122493003,0.8481885736636232
1778112000,27.51,27.756,27.314,27.657,18127700,2026-05-07,VPB,2026-05-07,0.5343511450381699,4.255880579010851,9.9594465648855,1.9913707268503167,-1.2285275525874106,74.72360856655504,26.915550000000003,26.349700000000002,28.14597,26.834507102990433,26.70771113305836,2.754727285899783,4.961346808502554,-1.7372646954430748,3.065056845847214,1.6066884769174852,0.5343511450381623,0.0,77.6018099547511,501357798.9,14929510.0,16396930.0,403331826.16999996,433903634.62333333,1.2142193548214242,1.2430405099960624,0.645642857142857,2.334464537523437,31.681121133186117,36.457413303250235,11.130599579628079,59.29957406531001,38.219,15.782,52.92597049516423,-2.9340539781700703,-27.16858903460262,-4.011980130199255,-3.683137991666152,1.135813455944923,0.8204914282655756,-3.265876784331656,-1.740087979637206,1.1463173394560902,0.8456880788636498
1778198400,27.608,27.805,27.412,27.461,15747600,2026-05-08,VPB,2026-05-08,-0.7086813464945663,5.473190966354258,7.294678440259417,1.6358858580998614,1.6358858580998614,72.96088681740882,27.0089,26.32906,28.18085,26.89417309318182,26.737251872938423,1.6738926798203435,4.299203997408196,-2.5543942074139014,2.1076197615530257,1.4209784141447035,-0.5315110098709261,-0.17717033662363324,12.468193384223767,432444843.59999996,15145445.0,16403833.333333334,410328505.02,434206163.1066666,1.039758158310964,1.0538991035461258,0.6315714285714285,2.299885031759326,31.586454014597106,36.481442949510026,11.007583555169981,56.671189507010396,38.219,15.925,51.74486408899255,-3.621942231425268,-27.684731658503182,-6.8826288072577855,-3.9872529970892856,1.1356236484453994,0.8197518117260792,-5.367193626488365,-2.1870296092649344,1.1471852309434434,0.8456118650173099
1778457600,27.412,27.608,27.314,27.314,14897400,2026-05-11,VPB,2026-05-11,-0.5353046138159567,3.1573381675353174,0.7264815429435467,0.1833920187793492,1.091824271808739,68.98045038356841,27.01875,26.30844,28.214750000000002,26.934156608116883,26.75986944654868,1.0927596576451482,3.822195462748823,-3.1924791111032413,1.4102665155241834,1.0706092276319161,-0.35686974254396775,-0.17843487127198188,0.0,406907583.6,14644820.0,16373455.0,396899796.285,433390342.7266667,1.0172470539071152,1.025214896577608,0.5894285714285713,2.1579723637276538,23.828755861806634,36.456973826443786,10.8368470673562,52.278510293777465,38.219,16.069,50.767494356659135,-4.137858421366647,-28.0718386264286,-7.183910987869702,-5.625933492125346,1.1497459629849094,0.8294060454441899,-4.944126066545795,-2.448147220428165,1.1385859731122439,0.8461228873597358
1778544000,27.264,27.412,27.019,27.363,14565400,2026-05-12,VPB,2026-05-12,0.17939518195797532,-0.5343511450381699,2.767971156012905,1.6418409420155378,1.2731781339057724,68.28413284132839,27.055600000000005,26.28782,28.246685,26.974998835915272,26.783521625115398,1.1361788317390653,4.090031048599685,-3.1284556046134226,1.4383732375481406,1.4388225818261722,0.3624514900783488,-0.18305630812037732,87.53180661577623,398553040.2,14780470.0,16455060.0,401048348.175,435694529.3783333,0.9854490418775587,0.9937780370213339,0.5543571428571428,2.0259370056541415,22.79594951206719,36.35913998770738,9.894095916760202,44.73613715510312,38.219,16.164,50.777601450918155,-3.9658863580528503,-27.942802970453464,-6.699518536964488,-5.00814559420204,1.1474120458563417,0.8290812076084151,-4.488387818613848,-2.6592452472830264,1.1359556168424214,0.844714577806631
1778630400,27.51,27.657,27.215,27.264,13166100,2026-05-13,VPB,2026-05-13,-0.36180243394364764,-0.8942202835332647,1.6479009768100905,3.5433519425771998,-0.8942202835332647,67.6752767527675,27.077700000000004,26.264240000000004,28.273455,27.002522756304295,26.80236391432656,0.6880200312433971,3.806544564015546,-3.5703277155197277,0.9683437583055454,1.6153199576069883,-0.8990242297993722,0.5372217958557357,11.085972850678614,358960550.4,14716350.0,16372200.0,399619492.34499997,433717475.5733334,0.8946579824480935,0.8982558590763179,0.5543571428571428,2.033293511066398,22.752281367516105,36.06892972812599,9.756710301902002,45.942228335625835,38.219,16.164,50.328723645431864,-4.31334011862562,-28.203507663137927,-6.8303847374756135,-4.595686160744371,1.1438146284478559,0.826273183769625,-4.330638927661878,-1.5971090576285984,1.1295078794505125,0.8427490056369281
1778716800,27.264,28.149,27.264,28.149,25280800,2026-05-14,VPB,2026-05-14,3.246038732394374,1.778934808547561,6.5080025729312485,7.103721177992539,3.246038732394374,73.1180811808118,27.1637,26.27604,28.30367,27.111711065227695,26.855173172588263,3.6272672721315624,7.128014723679832,-0.5464662356507111,3.825981076136098,3.246038732394372,3.246038732394372,0.0,100.0,711629239.2,15302540.0,16647371.666666666,417286056.65500003,441736191.54333335,1.6520656047950208,1.705375072688696,0.5684285714285716,2.0193561811381278,24.551965676659144,36.64073980450449,9.143933153209304,63.41523951352692,38.219,16.212,54.24183214431771,-1.2073140771417412,-25.872965713382833,-2.9578181393077987,-2.6203530860345436,1.157027501690764,0.8268472252703079,-0.9159455799098382,0.8980993066024734,1.1420352045219349,0.8418805242441482
1778803200,28.2,28.25,27.55,27.55,12744400,2026-05-15,VPB,2026-05-15,-2.1279619169419894,0.32409599067768635,2.5268877228238784,5.414195523244691,0.864025774328181,66.01385959626396,27.19765,26.287639999999996,28.326715,27.153452868539343,26.882421283467156,1.295516340566194,4.8021047153719465,-2.741987554857661,1.4603930239756258,2.4867668478453915,-2.309140644427861,0.1811787274858645,0.0,351108220.0,15217085.0,16675163.333333334,415422467.73,442763082.18500006,0.8375060006564989,0.8451835114228813,0.586857142857143,2.130152968628468,25.47834784103958,36.90875129697166,10.872069613292307,55.20743301642177,38.219,16.69,50.44358771889079,-3.309584810304278,-27.450360773160575,-5.69263752145286,-4.139232867375764,1.1606320588426091,0.823631324913134,-2.817439420069956,0.34138272540908954,1.1489354575495563,0.8431471716215848
1779062400,27.45,27.5,27.1,27.45,15227700,2026-05-18,VPB,2026-05-18,-0.3629764065335772,0.4979131580874263,2.154739310036846,-1.276748786189541,-0.5722978846711135,62.14779372674111,27.2266,26.30314,28.348519999999997,27.181695452487975,26.9046792723508,0.8205211080340558,4.360163843556331,-3.169548180998505,0.9870780429462434,1.451905626134296,0.0,-0.3629764065335772,87.49999999999977,418000365.0,15366985.0,16458091.666666666,419891272.54499996,436637307.2683334,0.9909360879834268,0.9954966733803754,0.5699285714285713,2.0762425188654694,25.536738386385732,34.52206082849008,10.724063073560698,55.77384850469329,38.219,16.977,49.30326711232463,-3.6605482048222338,-27.713698846579238,-4.914374621043605,-8.572293767684947,1.1057281020371499,0.8251581820645982,-2.1667329574998506,-3.5492261713662043,1.0971289801749249,0.845778388612912
1779148800,27.5,27.5,26.75,26.75,19221900,2026-05-19,VPB,2026-05-19,-2.5500910746812377,-2.2402514344187385,-1.3533945495445732,-3.6244415621847548,-5.463669776646873,47.97809371023951,27.208250000000003,26.307579999999998,28.364124999999998,27.140581599870075,26.898613418533124,-1.684231804691605,1.681720629567618,-5.690727283143748,-1.4391054901783829,2.73224043715847,-2.73224043715847,0.18214936247722413,0.0,514185825.0,15557440.0,16642778.333333334,424703118.91499996,441441183.1983334,1.2355438941111134,1.2106947232071283,0.5954285714285713,2.225901201602136,27.022518323850083,34.91490728638092,12.712052242873009,49.77595947788817,38.219,16.997,45.95702572801809,-6.11729196644789,-29.557065360509817,-6.469257020214925,-9.072903325382843,1.120523357791393,0.8270271571886605,-3.7917658024308576,-4.1689574736538,1.110005440684263,0.8470354949169939
1779235200,26.7,26.8,25.65,26.7,24208300,2026-05-20,VPB,2026-05-20,-0.18691588785046953,-2.0686619718309873,-3.80458279290965,-3.9741053767308077,-3.2889017676036025,46.5020576131687,27.155450000000002,26.317899999999998,28.374319999999997,27.098621447501493,26.890824657022023,-1.6771955537470462,1.4518635605424546,-5.900828636598154,-1.471002679135347,4.299065420560756,0.0,-0.18691588785046953,91.30434782608685,646361610.0,15484435.0,16831158.333333332,421398593.895,446233252.9066667,1.5633957583857596,1.533848521006347,0.646,2.4194756554307117,25.47678783898269,34.91332418996532,12.602121540992714,51.74159578776833,38.219,16.997,45.72142116671378,-6.292773663706875,-29.68873439721914,-9.090824586467772,-8.860925654239049,1.1214049318055628,0.8271837753454478,-5.85829209470885,-4.484349897794482,1.109880708921721,0.8469669212493713
1779321600,26.9,27.15,26.55,27.0,10367000,2026-05-21,VPB,2026-05-21,1.1235955056179803,-4.081850154534806,-2.028375485322398,-4.580152671755721,-3.7433155080213942,52.24991541671364,27.127499999999998,26.37058,28.393385,27.089228928691824,26.89510604302116,-0.47000276472213276,2.3868265316879578,-4.907428261899726,-0.32938895723723105,2.2471910112359472,0.37453183520599787,0.7490636704119868,75.00000000000014,279909000.0,15259930.0,16746191.666666666,414921702.95,443605108.9066667,0.6793609144996078,0.674606794510651,0.6537142857142858,2.4211640211640217,25.80182001854725,34.79574426680803,12.814539270631478,60.15592077538978,38.219,16.997,47.13504853453963,-5.2398834801530185,-28.898720176963177,-5.282399468644039,-6.555810417946872,1.112089912183538,0.8156681674119511,-2.94772004789956,-3.9776426217508205,1.10506399805185,0.8434266918302132
1779408000,27.0,27.0,26.55,26.8,7815500,2026-05-22,VPB,2026-05-22,-0.7407407407407418,-2.722323049001818,-0.990099009900991,-5.9418102691889185,-4.456327985739749,49.8713790403758,27.1141,26.405500000000004,28.403344999999998,27.061683316435463,26.89137639427523,-1.1584378607440438,1.4940069303743364,-5.644916118154386,-0.9669883184115657,1.6666666666666639,-0.740740740740738,0.0,55.55555555555565,209455400.0,15011860.0,16574763.333333334,408102216.48999995,438500074.0466667,0.5206216951130639,0.5132424954744945,0.6402142857142857,2.388859275053305,25.153068545239964,34.78794059524313,12.078812592386114,53.574600355239774,38.219,16.997,46.1926302893224,-5.7764652111240045,-29.42539632380049,-3.3708176433194126,-6.451014497029717,1.1075913937754205,0.8152637037787682,-1.1819199637244537,-3.9953002855236175,1.1034645222553474,0.8432992665218259
1779667200,26.8,27.3,26.8,27.0,8099400,2026-05-25,VPB,2026-05-25,0.746268656716409,-1.6393442622950838,-0.2512191517659246,-4.745104956782498,-5.2398834801530185,50.989822167542776,27.1107,26.42576,28.4116,27.05580871487018,26.89563614351934,-0.40832586395778137,2.173031163531336,-4.968393191513321,-0.20627258071760357,1.8656716417910446,0.7462686567164152,0.0,39.99999999999986,218683800.0,14734325.0,16374006.666666666,400562361.15,432628064.78,0.5496960329027628,0.5459419586307779,0.5706428571428572,2.113492063492064,25.30700915987717,34.816110857599085,12.078812592386114,43.055555555555536,38.219,16.997,47.13504853453963,-5.073304503744335,-28.898720176963177,-1.7980882628411465,-6.094982167394514,1.1084656131875519,0.8153758158404707,-0.06903381645109175,-3.3829145233405304,1.104041808773445,0.8438240905584788
1779753600,27.0,27.8,26.9,27.6,15075400,2026-05-26,VPB,2026-05-26,2.2222222222222365,3.17757009345796,2.522194569295344,-2.796365429316039,-0.3861839968239078,52.25906106912341,27.144649999999995,26.47178,28.422855,27.10763645631112,26.92325825553819,1.6774944602343522,4.261972560968719,-2.895046961327419,1.816327825121955,3.333333333333341,2.2222222222222276,0.0,77.77777777777791,416081040.0,14842940.0,16393045.0,403998195.395,432969141.42333335,1.0156613177712772,1.0299081647956034,0.5963571428571431,2.1607142857142865,26.400826425106494,35.12594166646951,12.248608162474362,51.05337078651685,38.219,16.997,49.96230327019131,-2.963822381605319,-27.31869173645125,1.7832993833418298,-3.037901042518565,1.112125315569573,0.808351020744811,2.3661251480363132,-0.7710685435965092,1.11314231624527,0.8409940789884621
1779840000,27.65,28.25,27.55,28.05,21261000,2026-05-27,VPB,2026-05-27,1.6304347826086918,5.0561797752809,4.7697306988383925,-1.3817107900010561,-1.5547678377145213,56.00667408231368,27.208500000000004,26.528760000000002,28.433415,27.19738536523387,26.9674442063014,3.092783505154628,5.734304958090752,-1.3484662324240615,3.1349139754294875,2.5362318840579685,1.4492753623188481,0.18115942028984477,71.4285714285715,596371050.0,15470580.0,16447346.666666666,422159515.965,434374384.17833334,1.3742859026616971,1.4126675520668435,0.6147857142857145,2.1917494270435456,26.77946297101494,35.28734463363523,12.400111745174906,54.295081967213115,38.219,16.997,52.08274432193007,-0.3516998827667095,-26.1336704060673,3.62905654638519,-1.0679360802426707,1.104372359517073,0.7997768025320809,4.220864723557249,0.5239518752105377,1.111584200179648,0.8357845263081523
1779926400,28.05,28.1,27.3,27.3,12835600,2026-05-28,VPB,2026-05-28,-2.67379679144385,1.1111111111111072,2.910132689987943,-0.9398018796037633,-4.5154069462418285,53.51740426249789,27.2471,26.57368,28.439735,27.20715818759255,26.980485609975858,0.1941491021062891,2.7332307757149232,-4.007544374094896,0.3412403888980453,2.852049910873443,-2.6737967914438503,0.0,0.0,350411880.0,15726250.0,16250201.666666666,429437383.88500005,428885858.1166667,0.8161894920912487,0.8159789835480126,0.643857142857143,2.3584510727367873,28.465944245845513,35.13484563053492,14.536057304192148,48.43049327354262,38.219,16.997,48.54867590236547,-3.016092934029624,-28.108705956707215,3.5589087049998747,-1.891537971906465,1.0990934523430904,0.7914496907136093,4.946970154473107,-0.39622361278789375,1.1158949519645498,0.8301842008245678
1780012800,27.2,27.4,27.05,27.1,12537100,2026-05-29,VPB,2026-05-29,-0.73260073260073,1.1194029850746245,4.086649254877872,0.4820170559881376,-5.69977033892407,51.973979362943034,27.3003,26.61068,28.442105,27.196952645917072,26.985172448800334,-0.733691571154893,1.8388105828186285,-4.718725987404937,-0.35648348982078026,1.2820512820512742,-0.3663003663003585,-0.3663003663003761,14.285714285714576,339755410.0,15413530.0,16145901.666666666,421962379.68500006,426100050.8333333,0.8133827877196204,0.8051793864979894,0.6478571428571429,2.3906167633104904,27.681179611404012,34.885524561132975,13.782977198900342,47.935160169818616,38.219,17.341,46.74298304435291,-3.7265977476997336,-28.635382103544515,3.5802040793210033,-2.2949334277031275,1.0975036116209937,0.7870311393674067,5.356702400348146,-1.442600801974958,1.1286626468055923,0.8279628480384091
1780272000,27.0,27.2,26.95,26.95,7009500,2026-06-01,VPB,2026-06-01,-0.5535055350553542,-0.18518518518518823,1.7826119797567763,1.0309278350515427,-6.381352693924336,51.54923241297866,27.323900000000002,26.64664,28.434639999999998,27.173433346305924,26.983793137082678,-1.3683990938336166,1.1384549796897403,-5.221237195195716,-0.8222492294529982,0.9225092250922509,-0.1845018450184528,-0.3690036900369065,0.0,188906025.0,15452075.0,15819718.333333334,423148398.395,417431237.2916667,0.4536283961862727,0.4464297294200326,0.6376428571428571,2.366021733368672,27.231499206908534,34.828595810338314,13.629724499405093,46.09123604012872,38.219,17.341,46.024523421783684,-4.25947635795233,-29.030389213672514,2.2960797208223305,-0.41385209312194693,1.0955545855583428,0.7898034035716761,3.0190734464353497,-0.6649316713194242,1.127881658029533,0.8291041513841699
1780358400,26.95,27.1,26.2,26.45,16345300,2026-06-02,VPB,2026-06-02,-1.855287569573283,-4.166666666666674,-3.8531443111595842,-0.29402895054282396,-6.84651686976121,49.561775515974006,27.2709,26.672600000000003,28.421725000000002,27.104534932372026,26.96286007288336,-3.010168347945985,-0.8345643094411659,-6.937386805339941,-2.414853949736251,3.3395176252319194,-1.855287569573284,0.0,27.77777777777771,432333185.0,15157115.0,15734636.666666666,414167747.895,415152941.9483334,1.0783912373825757,1.0438600958122053,0.670357142857143,2.534431541992979,24.070430324135973,35.02525407932926,14.168879220258788,42.83954961294863,38.219,17.341,43.62965801321965,-6.03573839212761,-30.34707958076578,-1.27267120664456,-1.2871116539837857,1.1010169504547571,0.7911553229368449,-0.9347759600303207,-1.8500626345799631,1.1342394804988685,0.829694893271898
1780444800,26.4,26.75,26.1,26.45,12339400,2026-06-03,VPB,2026-06-03,0.0,-5.704099821746889,-3.8531443111595842,1.0158875649251442,-11.00568621513408,48.32884701659936,27.217900000000004,26.70936,28.408565,27.04219827214612,26.942747913162442,-2.8213050970133824,-0.9710453563844368,-6.894276426845214,-2.189904334649062,2.4574669187145504,0.1890359168241993,-0.1890359168241984,53.84615384615363,326377130.0,14843625.0,15682716.666666666,404889649.79499996,413848173.34166664,0.831292895098064,0.806089091596311,0.6535714285714285,2.4709694842019982,24.070430324135973,34.9178494716977,14.168879220258788,32.298395499062295,38.219,17.341,43.62965801321965,-6.03573839212761,-30.34707958076578,-0.03599118087193043,-1.8786051493476341,1.1187162064653182,0.7924891687056775,-0.015138262684122328,-2.6817476500481385,1.147725732132086,0.8306508577667215
1780531200,26.55,26.6,26.25,26.5,7702400,2026-06-04,VPB,2026-06-04,0.1890359168241984,-2.930402930402931,-4.183389377011249,8.758105556923578,-10.837454998149454,50.26083012020868,27.160050000000002,26.767760000000003,28.395654999999998,26.99056034146554,26.925385249901172,-2.4302238029753287,-1.0003078330050874,-6.675862909307773,-1.8175255913894128,1.3232514177693815,-0.1890359168241993,0.3780718336483968,71.42857142857115,204113600.0,14322360.0,15271568.333333334,390027439.85,404104081.745,0.5377884650295063,0.5233313842700393,0.6285714285714287,2.3719676549865234,23.964463036335275,31.739728383113906,14.168879220258788,37.64705882352941,38.219,17.341,43.86914455407606,-5.858112188710085,-30.215410544056454,-0.1257888406075658,-2.0575455542278576,1.1402632878316756,0.7411647725232025,0.4729523092953265,-2.562098182034479,1.1815323082462796,0.7914508288058678
1780617600,26.5,26.7,26.3,26.45,6898800,2026-06-05,VPB,2026-06-05,-0.18867924528301883,-2.3985239852398643,-3.681584792979131,5.57196455655784,-9.813147845062742,49.561775515974006,27.109499999999997,26.8006,28.386425,26.939078404183107,26.90674269108152,-2.432726534978502,-1.3081796676193802,-6.821658592091118,-1.815497905478325,1.5094339622641455,-0.18867924528302155,0.0,37.49999999999978,182473260.0,13879920.0,14880180.0,377528860.66999996,394458750.52166665,0.4970345650407207,0.48333592212305293,0.625,2.3629489603024574,23.88979419234517,31.25646878071197,14.269671249800176,38.0952380952381,38.219,17.341,43.62965801321965,-6.03573839212761,-30.34707958076578,0.3108553099774647,-4.099837105009629,1.1228313288559768,0.7352223105129766,0.5506939260550352,-2.5566827738140683,1.2076914113693111,0.7858824660431384
1780876800,26.15,26.25,25.6,25.6,14124400,2026-06-08,VPB,2026-06-08,-3.2136105860113395,-5.009276437847854,-6.275170242366546,-1.4892061415322955,-12.268677176148046,42.38042269187987,27.0238,26.7958,28.36312,26.81154712759424,26.855497879666558,-5.26868908147633,-4.462639667410562,-9.741946584155759,-4.518751274697319,2.4574669187145504,-2.079395085066152,-1.1342155009451793,0.0,361584640.0,13841270.0,14827318.333333334,375262713.48999995,392993932.01000005,1.0204554928846847,0.9635506726399972,0.632142857142857,2.4693080357142847,26.202826733365526,31.062737663129635,16.921045420681835,36.781609195402325,38.219,17.341,39.55838681866079,-9.055383850225585,-32.58545320482435,-0.7373174330813974,-5.087456485793274,1.1174581541055122,0.7315696712649967,-1.193107424737616,-3.96917905072518,1.2027700709480498,0.7830387176892425
1780963200,25.6,26.05,25.6,25.9,9222900,2026-06-09,VPB,2026-06-09,1.1718749999999778,-2.07939508506616,-5.346635968278335,2.3755879679038694,-8.308846957199002,44.4425854665105,26.950649999999996,26.798959999999997,28.33984,26.724733115442405,26.818027374581597,-3.8984217449300806,-3.3544585312265784,-8.609222917278291,-3.086029379151589,1.7578124999999973,1.171874999999989,0.0,66.66666666666615,238873110.0,13574145.0,14767546.666666666,367278716.98,391574151.33,0.6794461087604413,0.6503864747845101,0.5821428571428567,2.247655819084389,26.681416918130324,30.659273165813445,16.921045420681835,41.30434782608694,38.219,17.341,40.995306063799205,-7.9896266297204255,-31.795438984568392,0.3369156597265004,-2.5050573254671304,1.1014475599457196,0.725490422015305,-0.3782089708051606,-2.5776328085237,1.193019395530001,0.7775678884905699
1781049600,25.85,26.15,25.8,26.05,10242500,2026-06-10,VPB,2026-06-10,0.5791505791505891,-1.512287334593565,-4.452758215962438,3.3689139319868167,-8.574035728073559,46.48821908564358,26.88995,26.800220000000003,28.312889999999996,26.660472818733606,26.78790865400977,-3.1236577234245444,-2.7993053788364475,-7.992437366867156,-2.2898049216315552,1.3513513513513433,0.7722007722007695,-0.19305019305018156,71.42857142857186,266817125.0,13427965.0,14707166.666666666,362671545.71000004,390197446.325,0.7627738082427233,0.7356990868353172,0.564285714285714,2.166163970386618,26.842802580363383,30.66338536835148,17.086828973597274,39.32584269662922,38.219,17.341,41.713765686368426,-7.456748019467829,-31.400431874440393,0.5336248389741556,-2.966864023962823,1.1060815174933136,0.7264191493746065,-0.4136294620047831,-2.423597936809041,1.1935788509766174,0.7776301043540658
1781136000,25.9,26.05,25.7,26.0,8711700,2026-06-11,VPB,2026-06-11,-0.19193857965451588,-1.8867924528301883,-7.634374222885365,3.775844176578591,-5.99124995480349,48.664875064326154,26.7825,26.807360000000003,28.27488,26.597570645520882,26.757010275421152,-2.9216839354055724,-3.011710216895669,-8.045586754037505,-2.246711376332089,1.3435700575815792,0.38387715930902655,-0.5758157389635365,85.71428571428557,226504200.0,12599510.0,14727910.0,338415293.75,390854504.2683334,0.6914316509134085,0.6693084035597017,0.5571428571428569,2.1428571428571423,23.53573037424003,30.638064087543732,16.986993656680603,40.69767441860464,38.219,17.341,41.474279145512014,-7.634374222885365,-31.53210091114973,-1.046338117227485,-2.4490186579191997,1.1043647008554898,0.7261617701638776,-1.768627976595571,-1.312688411292906,1.1871479529698508,0.7766192463214626
1781222400,26.5,26.5,25.95,26.0,12467100,2026-06-12,VPB,2026-06-12,0.0,-1.7013232514177634,-5.626134301270424,2.970297029702973,-0.3258577726662826,48.24951533812294,26.705000000000002,26.8027,28.22533,26.540659155471275,26.727323597953657,-2.639955064594657,-2.9948475340170977,-7.884159370324451,-2.0370976934075857,2.115384615384618,-1.9230769230769231,1.9230769230769162,9.090909090909207,324144600.0,12585645.0,14780293.333333334,337067112.75,392333022.18500006,0.9905809356612235,0.9616618997784441,0.5607142857142856,2.156593406593406,22.64166638181485,30.603390800806896,16.39813684717715,37.80487804878049,38.219,17.538,40.916783521106325,-7.634374222885365,-31.53210091114973,1.136459370669618,-1.7867909495286272,1.104879664291502,0.7250345244887686,-0.4461364470047968,-0.8036201906957086,1.192435850661085,0.7767236519531806
1781481600,26.5,26.5,26.0,26.25,19473200,2026-06-15,VPB,2026-06-15,0.9615384615384581,2.5390625,-4.371584699453546,4.365458015267176,-2.846145305155623,48.843275119074626,26.645,26.801080000000002,28.16671,26.51297733114068,26.708605025484886,-1.4824544942765971,-2.0561857954978002,-6.804877104922791,-0.9918815524041502,1.9230769230769231,-0.9615384615384616,1.9230769230769162,50.0,511171500.0,12797920.0,14950320.0,341725669.5,396965892.46500003,1.5215910085388875,1.4958533865715347,0.5321428571428568,2.02721088435374,23.061061307413,30.64265403914394,16.536111258306235,31.999999999999986,38.219,17.587,41.9881737107406,-6.74624320579772,-30.87375572760309,2.3003034298450853,-0.6222012041419811,1.1074652791619333,0.7261900307891537,-0.2721305440466564,-0.6451367922069906,1.1909883321633998,0.7773385845925536
1781568000,26.5,26.65,26.2,26.35,13094700,2026-06-16,VPB,2026-06-16,0.3809523809523929,1.737451737451745,-1.495327102803734,4.763040712468203,-5.06557140798386,48.99632456884366,26.625,26.812260000000002,28.121855,26.497455680555852,26.69454208330901,-1.0328638497652531,-1.724062052210451,-6.300633439721526,-0.5564899601438134,1.7142857142857115,-0.5714285714285661,0.952380952380949,33.33333333333386,345045345.0,12491560.0,14768705.0,333268645.5,392659369.495,1.0482838012225855,1.0353369561133827,0.514285714285714,1.9517484413120074,21.40941054309547,30.64785310688271,15.04885210443653,25.00000000000003,38.219,17.587,42.4728576967817,-6.390990798962659,-30.61041765418443,3.993112097794305,-1.640824795173934,1.1168246044951033,0.7292007916478876,1.822140652258042,-0.9537412785898924,1.1987804382336502,0.7792473194277456
1781654400,26.35,26.8,26.25,26.5,15641900,2026-06-17,VPB,2026-06-17,0.5692599620493288,1.7274472168905985,-0.7490636704119868,7.671054770030894,-3.67139222101055,48.19371434962532,26.615000000000002,26.835279999999997,28.089785000000003,26.49769799669339,26.686912982002774,-0.43208716888972765,-1.2494000435247843,-5.659655280380404,0.008687559601971984,2.087286527514234,0.5692599620493305,0.0,45.454545454545396,414510350.0,12063240.0,14763090.0,321676082.5,393013371.5683334,1.2966582775440096,1.288595492641266,0.4964285714285711,1.8733153638814004,21.521017697389194,30.3024925224703,15.11767368052448,35.71428571428571,38.219,17.587,43.199883675843346,-5.858112188710085,-30.215410544056454,4.845140894642919,-1.9410971164123278,1.1622679373972986,0.7258363796858229,2.7882513807970133,-1.1821646583307857,1.2537996773835955,0.7792533502958133
1781740800,26.5,26.55,26.25,26.4,10095500,2026-06-18,VPB,2026-06-18,-0.37735849056603765,1.538461538461533,-2.2222222222222254,11.959287531806616,-5.053048012947315,48.04845222072678,26.585,26.860240000000005,28.053285000000002,26.488393425579734,26.675661492512468,-0.6958811359789485,-1.7134619794908934,-5.89337398454407,-0.33370625450758196,1.1320754716981158,-0.3773584905660431,0.0,49.9999999999994,266521200.0,12049665.0,14552373.333333334,321006692.5,388519161.0683334,0.8378241220814022,0.8302668019919865,0.49285714285714277,1.8668831168831168,21.11061931471148,28.95032471136333,15.008603220900623,37.03703703703699,38.219,17.832,42.02678177269827,-6.213364595545146,-30.478748617475116,1.279298688320829,-3.0799603172604115,1.125371335681454,0.6813219242570724,0.7513759351234772,-1.0311492735694436,1.2413525085719435,0.7517346773399083
1781827200,26.3,26.4,25.85,25.9,14326900,2026-06-19,VPB,2026-06-19,-1.8939393939393923,-0.38461538461539435,-3.3582089552238847,4.401805869074482,-7.341156267887817,40.2198040171079,26.54,26.86636,28.0192,26.4323559564769,26.645243394766883,-2.4114544084400946,-3.5969145057238916,-7.56338510735497,-2.0140314293340733,2.083333333333323,-1.5151515151515234,-0.37878787878786735,9.090909090908621,371066710.0,12375235.0,14291173.333333334,329087258.0,382300061.04833335,1.1577073081844507,1.1275632859659368,0.514285714285714,1.9856591285162706,21.95216318766984,27.3207621750986,15.766164420165524,32.78688524590163,38.219,17.931,39.27937697160882,-7.9896266297204255,-31.795438984568392,-0.556058864393727,-8.588279406227883,1.0714630164533097,0.6812207698975495,-1.0030797364047217,-6.524325102137142,1.1816466794979332,0.7474365420442466
1782086400,25.9,26.05,25.8,26.0,6206700,2026-06-22,VPB,2026-06-22,0.38610038610038533,-0.952380952380949,-3.703703703703709,0.6191950464396356,-8.749517425332531,40.761193221807154,26.49,26.84402,27.982175,26.391179198717197,26.619939732227007,-1.849754624386557,-3.1441639515989106,-7.083705966387532,-1.4822346351852644,0.9652509652509652,0.3861003861003916,0.0,79.99999999999972,161374200.0,12280600.0,14028903.333333334,326221778.0,375539555.4483334,0.5054069019429018,0.49467635480792455,0.4678571428571424,1.799450549450548,21.791264322229082,25.979093727698725,15.766164420165524,41.509433962264175,38.219,17.931,39.772279179810724,-7.634374222885365,-31.53210091114973,-2.212741205758295,-11.425263067528002,0.9838331172717026,0.64113921848039,-1.6465444531645668,-8.495108458765,1.1286538212587796,0.7230183015907975
1782172800,26.15,27.25,26.05,26.55,23143600,2026-06-23,VPB,2026-06-23,2.115384615384608,0.7590132827324458,-3.8043478260869623,3.138839251029446,-5.84438612667565,46.071742957746494,26.4375,26.8425,27.942985,26.406304989315558,26.617196997629872,0.42553191489362874,-1.0896898575020963,-4.9850973330157755,0.5441693214653931,4.615384615384613,1.5384615384615468,0.5769230769230749,41.66666666666669,614462580.0,12684010.0,14090851.666666666,336140855.0,377445896.59166664,1.824628015903488,1.8279913639179624,0.5107142857142853,1.923594296475651,21.637848773128056,26.314854508852953,15.766164420165524,51.56250000000002,38.219,17.931,42.48324132492113,-5.680485985292549,-30.083741507347128,-3.000815254888878,-10.50617512910468,1.0028658069476328,0.6408786747418823,-2.187897310775544,-8.242598292585335,1.1702253826691487,0.7297992448822898
1782259200,26.55,26.8,26.2,26.55,12665100,2026-06-24,VPB,2026-06-24,0.0,0.18867924528302993,-5.3475935828877,2.1664678493092726,-7.770868794942154,46.071742957746494,26.3625,26.83706,27.906254999999998,26.41999022842836,26.61456182125223,0.7112375533428139,-1.0696402661096283,-4.860039442770081,0.4920886436655447,2.259887005649723,0.0,0.0,58.333333333333435,336258405.0,12254215.0,14114210.0,323135222.75,378171750.455,1.0335300955630369,1.0406120451318086,0.5285714285714282,1.990852838310464,20.571371015801695,26.250064275360874,15.766164420165524,50.793650793650805,38.219,17.931,42.48324132492113,-5.680485985292549,-30.083741507347128,-5.539118473120985,-10.10158571357931,1.0158876436358846,0.6399546793037179,-4.738928887417826,-8.188563360717472,1.1850282950299396,0.7292620221227423
1782345600,26.45,26.85,26.45,26.7,5889800,2026-06-25,VPB,2026-06-25,0.5649717514124131,1.1363636363636465,-2.197802197802201,4.121982607339225,-5.476687789853796,47.29409168643461,26.3325,26.842479999999995,27.868309999999997,26.446657825720898,26.61791233806587,1.3956137852463746,-0.5308004327468807,-4.1922527774378775,0.9579364468228269,1.5065913370998196,0.9416195856873822,-0.37664783427495685,62.499999999999666,157257660.0,11906925.0,13936678.333333334,313477511.75,373723064.57,0.494653321491485,0.5016553153114659,0.5285714285714285,1.979668271803103,18.668752898475145,26.11320611833036,13.799760380212096,53.846153846153854,38.219,17.931,43.22259463722396,-5.147607375039975,-29.68873439721914,-2.165607656923174,-7.9396820744128025,0.9854881485528922,0.6256617753385453,-2.4378237997463637,-6.5131447713529855,1.1710285575815533,0.7227066451996143
1782432000,26.75,26.75,26.35,26.75,7818600,2026-06-26,VPB,2026-06-26,0.18726591760300781,3.2818532818532864,-1.291512915129156,1.9708001372317208,-3.279459088115122,47.96990817568316,26.314999999999998,26.840059999999998,27.83749,26.47554755660462,26.623092246377016,1.653049591487754,-0.3355432141358805,-3.90656628884285,1.0366261275941646,1.4981273408239646,0.0,0.18726591760300781,100.0,209147550.0,11671000.0,13744035.0,306947118.75,368736822.2766667,0.6699168880130237,0.6813797466212573,0.4964285714285714,1.8558077436582106,18.543358836933887,25.701644466678246,13.845964855099153,73.46938775510199,38.219,18.029,43.19465081723625,-4.96998117162244,-29.557065360509817,-1.7433532791772621,-9.819058267416871,0.9707285170689768,0.6252003542191307,-1.8678601455578758,-7.811719443657995,1.1537224642937818,0.7195382745729358
1782691200,26.8,27.15,26.8,27.05,12693500,2026-06-29,VPB,2026-06-29,1.1214953271028172,4.038461538461546,0.37105751391466324,2.730621700657032,-1.6721192293711384,48.422496570644704,26.32,26.84364,27.819469999999995,26.530257313118465,26.639833726911252,2.773556231003038,0.7687482025537484,-2.7659405445179086,1.9590563361198132,1.3084112149532632,0.9345794392523363,0.18691588785046953,71.42857142857186,343359175.0,11955200.0,13784116.666666666,314669776.25,369944323.0833333,1.0617555540685224,1.0911730357198548,0.49285714285714277,1.82202270926855,18.90001267269162,25.78800633539396,13.911093747810789,73.46938775510202,38.219,18.029,44.68053491827638,-3.9042239511172694,-28.76705114025385,-0.19439511926218067,-6.197519796644668,0.9628893095176165,0.61234931959321,-0.3617125882610317,-4.920411685670478,1.1879132793584128,0.7229252711575826
1782777600,27.1,27.15,27.0,27.0,6687344,2026-06-30,VPB,2026-06-30,-0.1848428835489857,1.6949152542372836,2.07939508506616,4.68768174944747,-4.248528264415919,49.35280451377366,26.347500000000004,26.8413,27.795305,26.57499471186909,26.653957894483362,2.4765157984628416,0.591253031708594,-2.8612925816068557,1.5992676301120445,0.5545286506469448,-0.36968576709797196,0.1848428835489857,0.0,180558288.0,11472302.2,13704880.733333332,302081031.4,368035499.10833335,0.5829121202891605,0.5977147494604325,0.47857142857142854,1.7724867724867723,17.5794943958997,25.417210267579055,12.789603778482542,70.21276595744675,38.219,18.029,44.43288756810302,-4.081850154534806,-28.898720176963177,0.24306599124037653,-5.0590760183390815,0.9469113314721628,0.6091100294554334,0.9278433792795138,-3.0144645114605684,1.169286094195812,0.7216271954932156
1782864000,27.05,27.9,27.05,27.7,25427300,2026-07-01,VPB,2026-07-01,2.592592592592591,4.331450094161959,4.725897920604916,9.274527594776917,-1.5950833066894043,53.641355593765596,26.409999999999997,26.84018,27.774395,26.68213807264346,26.69497915352323,4.88451344187808,3.203480751619403,-0.2678546193355391,3.8147689836000254,3.1481481481481404,2.407407407407402,0.18518518518517713,76.47058823529414,704336210.0,12126697.2,13849367.4,320978985.4,372694417.9933334,2.09680340661924,2.1943374552145993,0.5178571428571426,1.8695203713254245,19.653124992056078,25.64389959001239,12.789603778482542,78.33333333333329,38.219,18.029,47.89995047052996,-1.5950833066894043,-27.055353663032598,2.076104901325193,-1.6022924332509163,0.9408968283744035,0.5970075288124009,2.7634751514364675,-0.2997146892828688,1.1781869086327137,0.718083872651256
1782950400,27.85,28.0,27.45,27.7,12453200,2026-07-02,VPB,2026-07-02,0.0,3.7453183520599342,4.528301886792452,10.130407124681916,1.0506347584999354,52.39876760563382,26.47,26.842999999999996,27.754465,26.779077303820277,26.734391735738008,4.64676992822064,3.1926386767499926,-0.19623869528740956,3.4389635077096026,1.985559566787006,-0.5415162454873723,0.5415162454873723,45.454545454545396,344953640.0,12364237.2,13872035.733333332,328020987.4,373793417.8066667,1.0071951709240907,1.0516206378567838,0.5178571428571426,1.8695203713254245,19.670877573958755,25.571869224406086,12.789603778482542,78.33333333333329,38.219,18.029,47.89995047052996,-1.5950833066894043,-27.055353663032598,2.6282718575822317,-1.294138693502056,0.9375928447106162,0.5943450495992416,3.1788525125838296,0.7204683908493816,1.1738175090525733,0.7179905159314117
1783036800,27.7,27.85,27.45,27.8,11584000,2026-07-03,VPB,2026-07-03,0.3610108303249149,3.9252336448598157,5.1039697542533125,8.619207626787517,-1.9227376962427156,52.948943661971846,26.5375,26.857639999999996,27.738229999999998,26.876308036789776,26.77618029512083,4.757418747056041,3.5087222853534605,0.22268904684978885,3.4368260772492443,1.4440433212996466,0.3610108303249149,0.0,87.49999999999989,322035200.0,12598497.2,13874620.733333332,334999084.4,374285483.36333334,0.9194747449719639,0.9613017318443752,0.5107142857142856,1.8371017471736888,19.612755666885455,25.36175975329742,12.829352451471209,77.19298245614031,38.219,18.029,48.39524517087667,-1.239830899854344,-26.79201558961394,3.8434335641396755,-2.381424250842823,0.934489760223783,0.5981011876273128,4.284347143141076,-0.15882122772317153,1.1648987628433003,0.7197653797748284
1783296000,27.8,27.95,26.95,27.45,14582500,2026-07-06,VPB,2026-07-06,-1.258992805755399,1.4787430683918634,7.2265625,1.2280119482243501,-4.4818706938548285,51.431566172008615,26.630000000000003,26.86528,27.720489999999998,26.930945366619323,26.802604597272957,3.0792339466766627,2.1764895061581413,-0.9757764022208848,1.9273539280356689,3.597122302158273,-1.2589928057554007,0.0,50.0,400289625.0,12621402.2,13702497.4,336934333.65,369698947.80833334,1.1553787581541455,1.1880345367706342,0.5499999999999999,2.0036429872495445,15.902138563412665,22.456733540342487,7.8297619913262855,67.7419354838709,38.219,18.029,46.6617137196632,-2.48321432377705,-27.713698846579238,4.268220556553093,-3.722032172352918,0.7699561419399277,0.4592428800822391,4.422983418933724,-1.8843489406369152,1.1376662710871808,0.6192413777385372
1783382400,27.35,27.7,27.25,27.6,8051500,2026-07-07,VPB,2026-07-07,0.5464480874316946,2.2222222222222365,6.563706563706573,3.6580785698189677,-3.959913703110862,51.02599179206568,26.714999999999996,26.87886,27.702765,26.99466485551272,26.83387500522304,3.3127456485120943,2.6829262848201196,-0.37095575116778967,2.2424251152118435,1.6393442622950793,0.9107468123861567,-0.36429872495445936,77.77777777777821,222221400.0,12562832.2,13639149.066666666,336101748.15,368142937.7683334,0.6408984751065926,0.6611729966391727,0.5428571428571427,1.9668737060041401,15.628230789540268,22.148909753436367,7.8297619913262855,67.74193548387095,38.219,18.176,47.01890934490846,-1.9503357135244537,-27.31869173645125,3.485153260675422,-2.7662483067501187,0.7437169732821194,0.44176920106718587,4.310028134262733,-0.5664424509590038,1.117149133092593,0.6097633571046484
1783468800,27.6,28.1,27.5,27.75,18004600,2026-07-08,VPB,2026-07-08,0.5434782608695565,0.18050541516245744,6.525911708253362,3.4598463947505875,-0.02161694768698652,51.44073346430908,26.8,26.898400000000002,27.689224999999997,27.06660153594008,26.86980147560645,3.5447761194029814,3.165987568033768,0.21948971125049788,2.524877248266555,2.173913043478266,0.54347826086956,0.0,41.66666666666657,499627650.0,12950937.2,13698417.4,347742274.4,370011104.1516667,1.3902159914728025,1.4367757008033188,0.5642857142857142,2.033462033462033,15.62098603922713,22.127651628886422,7.8297619913262855,71.42857142857142,38.219,18.275,47.50802246289611,-1.4174571032718797,-26.923684626323265,3.7544018757414754,-2.465867890963702,0.7424184135085912,0.43921687661627246,4.615122659976234,-0.18131674450148072,1.1183839918299467,0.6075783818285163
1783555200,27.65,27.7,27.25,27.25,9817200,2026-07-09,VPB,2026-07-09,-1.8018018018018056,-1.6245487364620947,4.807692307692313,3.106436111846844,-8.162577514154757,47.92096406470523,26.8625,26.912840000000003,27.67417,27.08406805632674,26.884711221661103,1.4425314099581144,1.2527849160475002,-1.5327288948503215,0.6126551717717366,1.6216216216216188,-1.4414414414414363,-0.3603603603603678,0.0,267518700.0,13006212.2,13636087.4,349792999.4,368498116.6016667,0.7548085368005913,0.7647914636910256,0.5607142857142858,2.0576671035386638,17.279520468409224,22.237627875502195,9.685775614589943,71.42857142857142,38.219,18.569,44.17811704834605,-3.1937191374471596,-28.240374993416538,2.467551865906703,-1.5406280624379542,0.7865298041603019,0.46557959166243956,2.7622751103709264,-0.0846775842365588,1.132332204114967,0.6153138590745239
1783641600,27.2,27.25,26.7,26.7,14081800,2026-07-10,VPB,2026-07-10,-2.0183486238532167,-3.9568345323741094,2.6923076923076827,-0.6363737858657958,-10.899018888073153,40.80793165277925,26.897499999999997,26.926119999999997,27.658329999999996,27.04749014620038,26.87746764434106,-0.7342689841063232,-0.8397793666521491,-3.46488743174298,-1.2847408181760556,2.0183486238532136,-1.834862385321101,-0.18348623853211565,0.0,375984060.0,13086947.2,13629892.4,352384972.4,368291517.6266667,1.0760187066392384,1.066969619729448,0.5821428571428573,2.1803103263777426,19.047220093279464,22.380957921714405,11.41816992544303,59.7222222222222,38.219,18.717,40.93426315249718,-5.147607375039975,-29.68873439721914,0.644474689209984,-3.6037378497297268,0.7926103814181399,0.4648117470938659,1.331448592141049,-1.8831950850874857,1.145465377082669,0.6152458086440663
1783900800,26.45,26.45,25.8,26.4,21924200,2026-07-13,VPB,2026-07-13,-1.1235955056179803,-3.825136612021862,0.5714285714285561,-1.7528190242268593,-8.915263593706879,37.09300514098768,26.905,26.92456,27.645410000000002,26.98582441799082,26.85874342299435,-1.8769745400483262,-1.9482583930805264,-4.504943135225714,-2.170859814830284,2.434456928838946,-0.18726591760299893,-0.9363295880149836,92.30769230769218,578798880.0,13209497.2,13791467.4,355766341.4,372461094.4816667,1.6597300917706392,1.626907362068963,0.5571428571428572,2.110389610389611,19.290551657873092,22.498914236619434,11.621199882997999,47.76119402985072,38.219,19.355,37.34626802374893,-6.213364595545146,-30.478748617475116,0.5030690336057297,-1.7467101191092516,0.8249358080655607,0.4841581636888984,1.7250709015414811,-0.6435204924160942,1.1337024598825012,0.6224388328642156
1783987200,26.25,26.5,25.9,26.5,14462900,2026-07-14,VPB,2026-07-14,0.37878787878788955,-3.985507246376818,0.5692599620493288,-2.275325441604903,-6.994700452742775,34.52459515711457,26.9125,26.90436,27.631025,26.939555425801217,26.84467505346516,-1.532745006967029,-1.5029534246493892,-4.093315394561003,-1.6316357818593974,2.2727272727272783,0.946969696969697,-0.5681818181818121,100.0,383266850.0,13277907.2,13775635.733333332,357677416.65,371883060.35499996,1.0892454497648545,1.0715433297122032,0.5571428571428572,2.102425876010782,19.290039086064297,22.430421698899938,11.621199882997999,49.27536231884057,38.219,19.552,37.22076391493009,-5.858112188710085,-30.215410544056454,0.6417181188465682,-1.5499829645603591,0.8244050306552392,0.47919745127580343,1.2901084512264016,-0.6014083341013277,1.1364854632239838,0.6194906085098163
1784073600,26.5,26.5,25.8,25.8,12967745,2026-07-15,VPB,2026-07-15,-2.6415094339622636,-7.027027027027022,-2.6415094339622636,-7.047124945957628,-9.135732901317173,30.32277617820882,26.877499999999998,26.870160000000002,27.60479,26.831026337629673,26.803707404309666,-4.008929401916095,-3.9827079555908917,-6.537959535283555,-3.8426645505680534,2.6415094339622613,-2.6415094339622613,0.0,0.0,334567821.0,13144199.45,13563958.15,353680290.2,365584988.865,0.9865754890078148,0.9459611696507254,0.5785714285714284,2.242524916943521,21.366571218803667,22.499144572339976,13.879247867689893,38.750000000000036,38.219,19.552,33.47083087802004,-8.344879036555476,-32.05877705798703,-1.3083237402406245,-5.118301555740967,0.8794083086538771,0.5208377900004753,-0.5405166740078293,-3.422577008469263,1.1467576914365742,0.6408100734964607
1784160000,25.8,26.25,25.05,26.0,22414600,2026-07-16,VPB,2026-07-16,0.7751937984496138,-4.587155963302747,-1.5151515151515138,-5.656954171051199,-10.748000411932301,31.33303025710965,26.857499999999998,26.83702,27.58275,26.75188097214113,26.77218946688576,-3.192776691799304,-3.1189006827136545,-5.738187816660778,-2.810572359095509,4.651162790697672,0.7751937984496096,0.0,79.16666666666666,582779600.0,13760154.45,13689916.483333332,369493210.2,368473868.55,1.6289497390052916,1.5772403495169829,0.6357142857142856,2.4450549450549444,21.576768228680994,22.5363809583214,14.010932421659769,40.96385542168676,38.219,19.847,33.49118223383409,-7.634374222885365,-31.53210091114973,-0.08218621115855251,-3.8677308801214343,0.9150405584150035,0.5432831935111827,-0.21534773113143224,-2.3026157805761565,1.1754394234220833,0.6620001150296952
1784246400,25.95,26.55,25.7,25.85,11440800,2026-07-17,VPB,2026-07-17,-0.5769230769230749,-3.183520599250933,-0.19305019305018156,-4.499778336042559,-11.560436552738707,25.284738041002285,26.855,26.8048,27.56266,26.665987546222926,26.73602517406671,-3.7423198659467527,-3.5620485883125386,-6.21369635586696,-3.0600312282021758,3.269230769230775,-0.3846153846153764,-0.19230769230769162,17.647058823529633,295744680.0,13615849.45,13667648.15,365727108.7,367638861.06333333,0.84025605908855,0.808648505852473,0.6678571428571429,2.5835866261398177,20.581662147827185,22.28330190236368,13.079585803834417,35.00000000000003,38.219,20.141,31.579820776634598,-8.167252833137939,-31.927108021277707,1.8392540168011173,-1.9892519054297342,0.9022736727769806,0.5467986277654857,1.4325603021193234,-0.741582349833747,1.1732123058302357,0.6700901853663046
1784505600,25.85,26.0,24.6,25.0,22577700,2026-07-20,VPB,2026-07-20,-3.288201160541593,-5.303030303030298,-3.8461538461538436,-7.6400177331166,-12.409782075537812,22.627164369451116,26.805,26.758520000000004,27.534879999999998,26.507322065630266,26.66794575547586,-6.73381831747808,-6.571813388782354,-9.206068811630907,-5.686436607584289,5.415860735009665,-3.2882011605415915,0.0,28.5714285714285,564442500.0,14434399.45,13816441.483333332,385880523.7,370888220.95,1.5641592903264154,1.4627390223996424,0.7571428571428572,3.028571428571429,23.577897924321757,23.239498653561952,16.29160657105473,29.166666666666686,38.219,20.141,26.8779732271269,-11.186898291235925,-34.165481645336286,2.3113026506624723,-1.5133822945767816,0.9891897984015928,0.6000226053571832,0.8409121545632892,-0.8221388838959394,1.2309513151695606,0.707717143848037
1784592000,24.8,25.45,24.8,25.35,13683400,2026-07-21,VPB,2026-07-21,1.4000000000000012,-4.3396226415094326,-4.519774011299427,-5.835593031462416,-11.638607131653245,23.749084696119116,26.744999999999997,26.71826,27.508850000000002,26.39710091652262,26.616261608202294,-5.215928210880527,-5.121067015591585,-7.8478380593881685,-3.9667269516979853,2.5999999999999943,2.200000000000003,-0.8000000000000007,84.61538461538491,346874190.0,13961389.45,13829446.483333332,372501104.2,370880051.5316667,0.980088697403968,0.9312031188336005,0.7392857142857144,2.9163144547759936,22.775099315182445,23.429459428988682,16.29160657105473,23.595505617977594,38.219,20.387,27.83198743831315,-9.943514867313219,-33.24379838837098,2.8893772107182905,1.6389038568371594,0.9822228894458412,0.5892428694751248,1.1841435475441475,1.2477855751734985,1.2235850240871344,0.6980588129338099
1784678400,25.35,25.55,24.45,25.0,26398100,2026-07-22,VPB,2026-07-22,-1.3806706114398493,-3.100775193798455,-5.838041431261775,-6.622343405669895,-10.717474375915149,21.749293854095654,26.6675,26.67298,27.482055,26.264043686377608,26.552878800037497,-6.25292959595013,-6.272190059003524,-9.031548041076254,-4.812829667326635,4.339250493096652,-1.3806706114398477,0.0,50.0,659952500.0,14648039.45,14124278.15,388685808.95,377993515.8883333,1.802159264392205,1.6979073709503385,0.7785714285714287,3.1142857142857148,23.121949491975396,23.560700116911423,16.304087125947543,21.875000000000057,38.219,20.436,25.66496091773042,-11.186898291235925,-34.165481645336286,5.3167918505989125,3.346954437625005,0.861155440349619,0.5726919083215957,3.2781936755710515,2.5512752319095213,1.1085455742555752,0.6817159435205836
1784764800,24.85,25.15,24.0,25.0,19164900,2026-07-23,VPB,2026-07-23,0.0,-3.8461538461538436,-6.367041198501866,-5.759951749095293,-8.303990610328638,19.183829138062556,26.5825,26.61,27.458945,26.143658573389263,26.49198159219289,-5.953164676008649,-6.0503570086433704,-8.954987163563644,-4.374516176375387,4.599999999999994,0.5999999999999943,-0.5999999999999894,86.95652173913054,479122500.0,15311794.45,14314989.816666666,404779050.95,382564648.8616667,1.251642977743866,1.18366427036063,0.8321428571428571,3.328571428571428,22.930994668506287,23.500589807549172,16.304087125947543,20.212765957446848,38.219,20.976,23.33700632140579,-11.186898291235925,-34.165481645336286,2.418994752911651,3.6470339213243506,0.8523728829832863,0.5788148608996048,1.5796020555811978,3.8452211714494418,1.1707186166651955,0.7117400057245669
1784851200,24.4,24.95,24.35,24.95,12405700,2026-07-24,VPB,2026-07-24,-0.20000000000000018,-3.481624758220514,-6.728971962616825,-4.171147641726847,-8.654902247931462,13.874942948425373,26.4925,26.558000000000003,27.438775,26.02997680449505,26.431511725832383,-5.822402566764184,-6.054672791625892,-9.070284661031703,-4.1489733648496845,2.3999999999999915,2.200000000000003,-2.400000000000002,100.0,309522215.0,15541149.45,14208559.816666666,409797784.2,379569094.2116667,0.7982485491123053,0.755304755012875,0.8071428571428569,3.235041511594617,22.858812559838157,23.212206224003154,16.203106359496434,21.590909090909122,38.219,21.419,21.017857142857135,-11.36452449465346,-34.297150682045604,3.1967189092733896,4.889312959103741,0.8323405077131992,0.5692741295111977,2.1932961186549313,5.3895988667393535,1.146324077259784,0.7050457769524919
1785110400,24.9,25.0,24.35,24.55,12699000,2026-07-27,VPB,2026-07-27,-1.6032064128256418,-1.8000000000000016,-9.242144177449163,-7.281516730870918,-9.954518779342713,11.055821948792177,26.3675,26.5,27.406534999999998,25.88902663263838,26.35772695227033,-6.8929553427514945,-7.358490566037734,-10.422824337334136,-5.172178358186185,2.6052104208416775,-1.4028056112224363,-0.2004008016032066,30.769230769230727,311760450.0,15541424.45,14316233.15,408217847.95,382012007.5316667,0.8171065683750759,0.7637109733579938,0.8214285714285712,3.345941227814954,22.59636426461382,23.129945845002112,16.25260836500862,17.204301075268816,38.219,22.106,15.167876869608385,-12.785534121993681,-35.35050297572022,0.7828157949493111,2.699282164526207,0.8394280870536803,0.579577291182458,0.6261882494950406,3.0489674299137404,1.1621947777850512,0.7256523078696371
1785196800,24.1,24.7,23.95,24.6,12046500,2026-07-28,VPB,2026-07-28,0.20366598778003286,-2.9585798816568087,-8.888888888888879,-10.577971646673934,-9.445630567621288,7.2315940891853225,26.247499999999995,26.456999999999997,27.377,25.766262191434723,26.288796483553845,-6.276788265549083,-7.018936387345487,-10.14355115607991,-4.526315003587966,3.054989816700611,2.0366598778004072,-1.8329938900203624,86.66666666666694,296343900.0,15809382.25,14146266.483333332,414007128.55,376751969.2816667,0.7619842324958649,0.7157941966794185,0.8321428571428567,3.3826945412311247,22.704135737671884,21.579440655951906,16.358886435810888,15.384615384615444,38.219,22.745,11.987850588083239,-12.607907918576144,-35.2188339390109,0.7556829144885313,-0.2182095323714499,0.7686841008860039,0.5644606137825767,-0.30247102256560865,-0.345722470863274,1.0778331966291474,0.723141557256082
1785283200,24.35,24.55,24.2,24.35,10055400,2026-07-29,VPB,2026-07-29,-1.0162601626016232,-2.599999999999991,-12.09386281588447,-11.486732097419116,-11.486732097419116,5.461475161332241,26.080000000000002,26.41,27.345969999999998,25.63138007796475,26.212765248904674,-6.63343558282209,-7.800075728890565,-10.955800799898475,-4.999262911583713,1.422764227642282,0.0,-1.0162601626016232,42.857142857143295,244848990.0,15040787.25,14003703.15,391032767.55,372300467.5816667,0.6685421336572659,0.6261597756476815,0.8249999999999998,3.3880903490759744,19.694443745762932,21.644236385970423,16.09981458362784,16.27906976744191,38.219,22.991,8.9243498817967,-13.49603893566379,-35.877179122557536,-3.3894321412415547,-1.6242109468268975,0.7244570301832172,0.5370350525154248,-3.9368111358487052,-1.537915251294864,1.0289979192656127,0.6944182474788719
1785369600,24.5,25.05,24.4,25.0,13162500,2026-07-30,VPB,2026-07-30,2.6694045174537884,0.0,-9.747292418772558,-9.606971110387963,-7.8069107939668925,5.802192221422819,25.945,26.37,27.31328,25.571248641968104,26.165205827379,-3.642320292927348,-5.195297686765265,-8.46943318415071,-2.233948955588183,2.6694045174538075,2.0533880903490758,0.6160164271047153,92.30769230769222,329062500.0,15076252.25,13920949.816666666,390238210.55,369428879.26666665,0.8730618048659938,0.8432349552244532,0.8357142857142854,3.3428571428571416,22.86093782428682,22.380843406736712,16.09981458362784,30.6818181818182,38.219,23.089,12.630535360211507,-11.186898291235925,-34.165481645336286,-3.227079168310432,-0.9977967215686334,0.7654546157409589,0.5712862003844789,-3.6364135910737616,-0.33228494810621,1.0741759234778443,0.7198802766997886
1785456000,25.2,25.5,24.8,24.8,12104700,2026-07-31,VPB,2026-07-31,-0.8000000000000007,-0.6012024048096087,-10.79136690647482,-9.690105968464358,-8.212739183537499,0.5636429990673486,25.794999999999998,26.33,27.27959,25.497796390352093,26.111668343952374,-3.857336693157576,-5.810862134447392,-9.089542768054793,-2.7366929269861395,2.799999999999997,-1.5999999999999945,0.8000000000000007,0.0,300196560.0,15102287.25,13860234.816666666,389146278.55,367224741.2066667,0.8015143533970326,0.7714234377842799,0.8214285714285712,3.312211981566819,22.65041322994992,22.391213421206864,15.790064913494476,31.395348837209326,38.219,23.089,11.308658294778597,-11.897403104906035,-34.69215779217358,-4.008629322697544,-0.3138496837778568,0.7743076781513366,0.5771523825977524,-4.2752075903994005,0.048763688151165496,1.0735413351108776,0.7214571465512989
1785715200,24.9,25.6,24.9,25.5,13595900,2026-08-03,VPB,2026-08-03,2.8225806451612767,3.86965376782078,-7.103825136612018,-6.641282858607312,-6.470070422535212,9.97541725967137,25.6975,26.3,27.251365,25.498006257937607,26.08768135007189,-0.7685572526510476,-3.041825095057038,-6.426705598049853,0.007819207675385798,2.8225806451613016,2.4193548387096833,0.40322580645160144,85.71428571428557,346695450.0,15052957.25,13838543.15,386466569.8,366221205.64666665,0.9032045846008099,0.8970904008059949,0.8357142857142854,3.2773109243697465,25.440674273491787,23.193867474406492,16.02572285667942,39.79591836734694,38.219,23.089,15.935228023793794,-9.410636257060645,-32.848791278243006,-2.728452204689047,0.3573982281771855,0.81961366267215,0.5990443831945168,-3.4164346860593215,-0.6221993941793018,1.1131395108985167,0.7515222843634416
1785801600,25.6,25.65,25.35,25.65,11402500,2026-08-04,VPB,2026-08-04,0.588235294117645,4.268292682926811,-7.0652173913043566,-6.260278478237035,-4.721221351361393,3.3940664301838064,25.6,26.261000000000003,27.21996,25.51248185241974,26.07051737555927,0.1953124999999778,-2.326644072959916,-5.767679305921103,0.5390230098966775,1.176470588235283,0.19607843137253786,0.39215686274509665,100.0,292474125.0,15220507.25,13785828.15,389979206.05,364453223.7266667,0.7491537445310832,0.7499736408061237,0.8071428571428567,3.146755778334724,25.460748933771715,23.230305988465325,16.02572285667942,48.27586206896549,38.219,23.482,14.711270950668379,-8.87775764680806,-32.45378416811502,-3.222663624227395,0.2554229577736882,0.8189605644326476,0.6007049504828648,-3.6301927659454942,-0.09563147755056178,1.1208274641174114,0.7541259512117992
1785888000,25.6,26.0,25.5,25.5,13987100,2026-08-05,VPB,2026-08-05,-0.5847953216374213,4.7227926078028615,-8.108108108108103,-6.470070422535212,-3.1559758459610343,0.5956842478993307,25.4875,26.21,27.18191,25.51129310457024,26.04814414514518,0.049043648847479915,-2.708889736741704,-6.187607861257716,-0.0442670801670042,1.9493177387914233,-0.3898635477582902,-0.19493177387913674,0.0,356671050.0,15019632.25,13799511.483333332,382831376.05,364415065.38666666,0.9312544919333827,0.9316661912095122,0.7571428571428568,2.9691876750700263,25.247676804846513,23.24564715822335,15.759866992916994,44.1860465116279,38.219,23.482,13.693424713306646,-9.410636257060645,-32.848791278243006,-3.941306576037107,-0.048245383159327915,0.8183387006813491,0.5998635089127738,-4.0269247851161705,-0.27337943496969963,1.1221395332394053,0.7547008183426145
1785974400,25.5,25.5,25.0,25.15,14053700,2026-08-06,VPB,2026-08-06,-1.3725490196078494,0.6000000000000005,-7.706422018348624,-10.654019680983351,-4.30713035537631,-0.7850408300130285,25.3825,26.166999999999998,27.144565000000004,25.47688423746831,26.012922806119878,-0.9159854230276876,-3.886574693316003,-7.347935028614405,-1.2830620668581316,1.9607843137254901,-1.3725490196078487,0.0,29.999999999999716,353450555.0,15231457.25,13612393.15,387127968.8,358445420.65,0.9226759967435157,0.9130070247717013,0.7321428571428567,2.91110479977279,24.97834331917992,22.313768929433365,15.4879784206234,42.22222222222219,38.219,23.482,11.31845015946257,-10.338680926916233,-33.770474535208294,-3.58190417187717,-2.3090008283455425,0.774991980797739,0.5825405940681425,-3.4630736380375167,-2.6375642662624266,1.0828803615866043,0.7491485807859829
1786060800,24.9,25.1,24.65,25.0,24187100,2026-08-07,VPB,2026-08-07,-0.5964214711729587,0.8064516129032251,-6.367041198501866,-9.255898366606175,-4.342835278362356,-3.6163158300562825,25.2975,26.125,27.11261,25.431466691042758,25.973200343134785,-1.176005534143687,-4.30622009569378,-7.791983139948533,-1.696585951115137,1.789264413518898,0.39761431411531384,-0.994035785288272,77.7777777777776,604677500.0,15736722.25,13803104.816666666,398562640.8,362671575.31666666,1.5369846157130975,1.517145457452519,0.6678571428571425,2.67142857142857,24.24694712494129,21.960018043899122,14.850651059888614,50.0,38.219,23.482,10.300603922100839,-10.873440285204994,-34.165481645336286,-3.0700614244992153,-1.2656818803447276,0.7698061850190593,0.5884088543184703,-3.3363230202816285,-2.4534327227395574,1.0568951232826105,0.7413047833341252
1786320000,25.1,25.85,25.1,25.85,17881200,2026-08-10,VPB,2026-08-10,3.400000000000003,1.3725490196078383,-2.083333333333326,-5.828779599271394,-7.031109512677569,-0.7143954524504559,25.270000000000003,26.103,27.095715,25.471327006181543,25.9683689571295,2.2952117134942496,-0.9692372524230941,-4.597461259095759,1.486663783659803,3.0,3.0,0.40000000000000036,100.0,462229020.0,15534572.25,13847329.816666666,392734147.8,363408719.56666666,1.1510584078039225,1.1769514379874864,0.6821428571428569,2.6388505111909355,27.367825840758954,23.128824946207192,15.019599302968487,55.8139534883721,38.219,23.482,16.06839926715072,-7.843137254901955,-31.927108021277707,-0.7631738256300813,2.012232050468743,0.8026805944659879,0.5833116557521008,-1.3276009017925916,0.09341433437696267,1.096044131335596,0.734493545722089
1786406400,25.9,26.0,25.5,25.5,9997255,2026-08-11,VPB,2026-08-11,-1.3539651837524258,-0.5847953216374213,-3.7735849056603765,-4.672897196261683,-8.127972330306966,-4.2289491474498675,25.220000000000002,26.084,27.074119999999997,25.474057767497584,25.95000154704599,1.1102299762093537,-2.2389204109799055,-5.814113256497344,0.10183784907449311,1.9342359767891681,-1.5473887814313292,0.19342359767891004,0.0,254930002.5,15311290.0,13693585.733333332,386317305.425,359087789.19166666,0.6529335542596345,0.6598979619086527,0.639285714285714,2.5070028011204473,27.662778159400762,22.711468513240053,14.947817579390602,55.8139534883721,38.219,23.482,13.693424713306646,-9.090909090909093,-32.848791278243006,-1.9348021997382947,2.6206263513851242,0.784524644455358,0.5787376190618867,-2.5644752173671126,0.5020762926036477,1.0737156014883606,0.728221165964868
1786492800,25.55,25.8,25.35,25.7,7494700,2026-08-12,VPB,2026-08-12,0.7843137254901933,0.7843137254901933,-0.3875968992248069,-3.745318352059923,-7.5705808307858335,-9.643849101712199,25.215,26.068999999999996,27.053035,25.495576075354954,25.94019756480889,1.923458258972821,-1.4154743181556517,-5.001416661753488,0.8018015519274613,1.7647058823529385,0.5882352941176415,0.19607843137254832,77.77777777777743,192613790.0,15037637.75,13415025.733333332,379219603.875,351525325.525,0.498396099480452,0.507921499921956,0.5892857142857141,2.292940522512506,26.252910625627113,22.77717648557721,13.42645560967707,57.77777777777777,38.219,23.482,15.050553029788965,-8.377896613190739,-32.322115131405695,-1.0082060613463284,2.5294107709414875,0.7828309311311903,0.5823028005957787,-1.4528091849167257,0.8127267355227503,1.0742624530252425,0.7305445047642948
1786579200,25.75,25.8,25.2,25.35,13839600,2026-08-13,VPB,2026-08-13,-1.3618677042801508,0.7952286282306265,-2.499999999999991,-6.1111111111111,-10.411365564037311,-12.685564702235386,25.182499999999997,26.046,27.03241,25.48171168722591,25.917052562267365,0.6651444455475275,-2.672195346694306,-6.223677430166219,-0.5168871261185259,2.334630350194558,-1.5564202334630295,0.1945525291828787,25.000000000000295,350833860.0,14608887.75,13472902.4,367622316.875,352707406.525,0.9473411143158383,0.9543323239521706,0.5857142857142856,2.310510002817695,26.503737662041825,22.798118152255753,13.437533034697108,54.1666666666667,38.219,23.482,12.675578475944912,-9.625668449197855,-33.24379838837098,-0.36004079279917667,0.8086364757284086,0.8057080497622072,0.6053423950326514,-0.8302860968763537,-0.2773544342019818,1.0709585846449905,0.7388604164912446
1786665600,25.1,25.35,24.85,25.1,13926300,2026-08-14,VPB,2026-08-14,-0.9861932938856066,0.40000000000000036,-2.9013539651837505,-6.343283582089554,-11.908187975994089,-13.692318272470938,25.145,26.019000000000002,27.014465,25.445358193204395,25.885011285315706,-0.1789620202823583,-3.5320342826396067,-7.0868144159064395,-1.3572542016587863,1.9723865877712032,0.0,-0.9861932938856066,50.0,349550130.0,14733162.75,13574749.066666666,370312589.375,355042318.69166666,0.9452349258817493,0.9439326126879939,0.5750000000000001,2.2908366533864544,26.63816004092635,22.833339710321564,13.463596827867075,55.91397849462367,38.219,23.482,10.97916808034201,-10.516934046345805,-33.90214357191762,0.36419192421176527,1.543756740104441,0.7884608992525284,0.6040319888890184,-0.062330332538074185,0.3262673222184098,1.0506095133573423,0.7363012236282117
1786924800,24.9,25.2,24.75,24.75,12064300,2026-08-17,VPB,2026-08-17,-1.394422310756982,-4.255319148936176,-1.0000000000000009,-8.333333333333337,-12.683012877050626,-14.895811842376727,25.1325,26.002,26.999190000000002,25.379133603375404,25.840501038832738,-1.5219337511190756,-4.815014229674642,-8.33058325083087,-2.4789404288085293,1.7928286852589612,-0.5976095617529823,-0.7968127490039945,0.0,298591425.0,14207492.75,13640830.733333332,357020035.625,356374112.44166666,0.8491505300961706,0.836343608776144,0.5535714285714286,2.236652236652237,24.419638571819938,22.9161802567589,9.889669083189874,51.5151515151515,38.219,23.482,8.604193526497934,-11.764705882352944,-34.82382682888291,-0.07944319218129436,0.07427418086314219,0.7844197608150727,0.5972156525133259,-0.48922281330140427,-1.2087067777272207,1.044753267071093,0.7271272037143016
1787011200,24.75,24.95,24.5,24.9,18835800,2026-08-18,VPB,2026-08-18,0.60606060606061,-2.352941176470591,-1.775147928994092,-9.782608695652184,-12.305416637317744,-12.001696352841396,25.11,25.982000000000003,26.979015,25.333501831625366,25.803618645153023,-0.8363201911589013,-4.164421522592576,-7.706044864869977,-1.7111800591428694,1.8181818181818152,0.6060606060606003,0.0,88.88888888888872,469011420.0,14465112.75,13703504.066666666,363126897.125,357256285.44166666,1.3021536938936062,1.2915909664454053,0.5571428571428569,2.2375215146299476,23.95731642916423,22.44065031567208,9.889669083189874,55.67010309278348,38.219,23.482,9.622039763859666,-11.229946524064182,-34.42881971875493,-1.859513683431957,-1.7069471346548237,0.7856047707163998,0.6114752508211211,-1.4998093369417154,-2.2990049676577033,1.0313865617127986,0.7319217341419983
1787097600,24.8,24.95,24.6,24.85,9828400,2026-08-19,VPB,2026-08-19,-0.20080321285139702,-3.3073929961089377,-0.5999999999999894,-11.408199643493756,-12.632282108075799,-17.881101087207952,25.1025,25.958,26.956625000000003,25.287454038137238,25.766221835539177,-1.0058759087740121,-4.26843362354572,-7.814869257557278,-1.7299251932499482,1.4056224899598309,0.20080321285140845,-0.40160642570280514,71.42857142857186,244235740.0,13636627.75,13512960.733333332,342341059.125,351387363.60833335,0.7207353738903667,0.7134281252276593,0.5321428571428568,2.141419948260993,23.4680231024861,22.127679051455846,9.588039724153393,48.23529411764707,38.219,23.482,9.282757684739105,-10.611510791366907,-34.560488755464256,-4.085702984063822,-3.5263368905501977,0.7967141296130775,0.6283757298604539,-3.2728337621106607,-4.153173586118087,1.0359750289798177,0.7455065281349115
1787184000,24.9,25.05,24.8,24.9,10121700,2026-08-20,VPB,2026-08-20,0.2012072434607548,-1.775147928994092,-0.40000000000000036,-8.791208791208794,-9.648390725352884,-18.51027621416417,25.0975,25.936,26.93768,25.25055365355274,25.732252351792543,-0.7869309692200455,-3.994447871684148,-7.564422771374524,-1.3883008601018099,1.0060362173038229,0.0,0.2012072434607548,39.99999999999915,252030330.0,13184467.75,13467729.066666666,330986450.625,349747671.10833335,0.7676987946669293,0.7614521063448139,0.4999999999999997,2.008032128514055,23.481140285028783,21.526763624629574,9.588039724153393,51.21951219512193,38.219,23.482,9.622039763859666,-10.431654676259006,-34.42881971875493,-2.4513363697348467,-1.8463097479232253,0.7825439842892556,0.6349137567386199,-2.6619383088028137,-3.1527013255368885,1.0064825866085743,0.741218022414166
1787270400,24.9,25.7,24.75,25.7,13914800,2026-08-21,VPB,2026-08-21,3.2128514056224855,2.39043824701195,3.006012024048088,-5.166051660516613,-4.708935854653317,-18.256997455470746,25.135,25.93,26.925189999999997,25.293358067500098,25.730987553683033,2.2478615476427155,-0.887003470883152,-4.550348576927399,1.607702430870206,3.8152610441767045,3.212851405622493,0.0,100.0,357610360.0,13259922.75,13490690.733333332,333390857.875,350045253.60833335,1.0493877123077509,1.072645969596685,0.5107142857142853,1.9872151195108378,26.094056940198712,22.55992510232354,9.716797309481853,52.38095238095237,38.219,23.482,15.050553029788965,-7.553956834532382,-32.322115131405695,-1.8578462058420175,-0.04823509053233366,0.8299748235805845,0.6611786522680629,-2.374558230029855,-1.6974528202213794,1.0436254698783278,0.7637364387681326
1787529600,26.1,26.5,25.9,26.35,19279300,2026-08-24,VPB,2026-08-24,2.529182879377445,6.464646464646462,7.331975560081472,-2.226345083487935,-1.2183692596063667,-21.582048687578105,25.225,25.932,26.921355,25.39399063250009,25.755262551577818,4.459861248761143,1.6119080672528208,-2.122311451262382,3.7647070967899765,2.334630350194558,0.9727626459143969,1.5564202334630517,75.0000000000003,508009555.0,13588937.75,13695187.4,343203313.125,355363645.775,1.4187496002032978,1.4802000317956574,0.5464285714285714,2.073732718894009,26.508304843015928,23.159290742730644,9.087729687833837,57.44680851063834,38.219,23.482,19.461220058356528,-5.215827338129497,-30.61041765418443,0.1558651712881165,0.7966308346271544,0.8588164680239284,0.6691157875451721,-0.16871638566997582,0.17149178721181935,1.0642652184335506,0.7616847579686628
1787616000,26.3,26.65,26.15,26.4,16309200,2026-08-25,VPB,2026-08-25,0.1897533206830948,6.024096385542177,7.317073170731692,-0.1890359168241984,-0.4825090470446325,-26.482873851294897,25.315,25.933000000000003,26.908435,25.48980104845246,25.780546373084572,4.28599644479557,1.8007943546832106,-1.889500448465331,3.570835840646147,1.8975332068311195,0.3795066413662158,-0.189753320683117,50.0,430562880.0,13802072.75,13694585.733333332,349914262.125,355334140.69166666,1.1816486041924392,1.23048108238066,0.5464285714285714,2.0698051948051948,26.50949135531394,22.846879161101764,9.087729687833837,59.78260869565217,38.219,23.482,19.800502137477093,-5.035971223021585,-30.478748617475116,0.7248631530001326,1.7305138157199917,0.8459621944185025,0.6643410456307808,1.1888631233175406,1.67818084555168,1.0496994156020976,0.7580772615415399
1787702400,26.25,26.8,26.1,26.75,16398100,2026-08-26,VPB,2026-08-26,1.3257575757575912,7.645875251509038,9.856262833675554,1.1342155009451904,2.1616254201038743,-29.557065360509817,25.435000000000002,25.938000000000002,26.898494999999997,25.609819996218892,25.818564162375377,5.170041281698445,3.1305420618397584,-0.5520569087601235,4.452120334892817,2.6515151515151487,1.893939393939394,-0.5681818181818121,92.85714285714275,438649175.0,14119207.75,13762230.733333332,359604271.375,357205341.44166666,1.1614036913650485,1.2198108029216677,0.5607142857142856,2.0961281708945254,26.190475413102416,23.006140500770794,9.013006898871156,67.39130434782612,37.581,23.482,23.17894886162139,-3.7769784172661858,-24.266017383426288,3.0139229223725685,1.0072233458718216,0.8451913885960933,0.670658497935006,3.318558412112859,1.3666676431511982,1.0356113771305944,0.7605296782952787
1787788800,26.7,27.45,26.7,27.4,29962700,2026-08-27,VPB,2026-08-27,2.4299065420560595,10.040160642570273,9.599999999999987,3.396226415094339,12.451777066403992,-22.425752385266552,25.555,25.958,26.89549,25.78031332991233,25.88058125404693,7.21972216787321,5.555127513675928,1.8758163543404427,6.282649281102337,2.803738317757009,2.6168224299065392,-0.18691588785046953,93.33333333333323,820977980.0,14959217.75,14133235.733333332,384200045.375,367486414.44166666,2.0029590116769307,2.1368502942228473,0.5785714285714284,2.1115745568300306,25.937990017922942,23.525181086722032,9.013006898871156,73.5294117647059,35.665,23.482,32.15956660920955,-1.4388489208633115,-20.321042224031636,4.619086813476537,3.3956804294537513,0.8626287578700472,0.6687181263530932,4.671755369061682,3.5505933341626883,1.0503381737386357,0.7547044134840024
1787875200,27.1,27.9,27.1,27.8,28676500,2026-08-28,VPB,2026-08-28,1.4598540145985384,8.17120622568095,12.096774193548377,5.1039697542533125,10.960325696495588,-15.537461262684571,25.705000000000002,25.996,26.899395,25.972664441349252,25.95585257741764,8.150165337482985,6.9395291583320695,3.3480492776882143,7.035610700539352,2.91970802919707,2.554744525547443,-1.0948905109488982,87.50000000000023,797206700.0,15787807.75,14496197.4,409050552.375,377731971.775,1.8163699770159667,1.9489197493349308,0.5749999999999995,2.0683453237410054,25.70757610466032,23.690828868799517,9.027770276047503,70.96774193548389,35.665,23.482,35.442830173192164,0.0,-19.157845760148884,6.546531651290733,5.472668432811156,0.8662361248199608,0.6661443557586971,6.173384576707131,5.271116380106666,1.0550398083917574,0.752754434293764
