Date,TickerCount,Advancers,Decliners,Unchanged,AdvancerPct,DeclinerPct,EqualWeightRet1dPct,MedianRet1dPct,MedianRet5dPct,MedianRet20dPct,TotalVolume,TotalTradedValue,UpTradedValuePct,AboveSMA20Pct,AboveSMA50Pct,New52wHighCount,New52wLowCount,MedianVolumeRatio20
2024-01-15,13,0,0,0,0.0,0.0,,,,,92367700.0,2220008525.1,0.0,0.0,0.0,0,0,
2024-01-16,13,10,1,2,76.92307692307693,7.6923076923076925,1.0621438129081655,0.6432641058628841,,,99017300.0,2602521786.7,87.99465204876627,0.0,0.0,0,0,
2024-01-17,13,5,6,2,38.46153846153847,46.15384615384615,-0.06901077785341513,0.0,,,113240800.0,2874820041.2000003,48.91643556975491,0.0,0.0,0,0,
2024-01-18,13,11,1,1,84.61538461538461,7.6923076923076925,0.909072316210775,0.9322651128914838,,,96532700.0,2469361548.6000004,87.25135329500529,0.0,0.0,0,0,
2024-01-19,13,10,3,0,76.92307692307693,23.076923076923077,1.3563158159176718,1.2706089250384522,,,115833500.0,3015255320.5,72.9549439957617,0.0,0.0,0,0,
2024-01-22,13,7,4,2,53.84615384615385,30.76923076923077,0.18804310330358634,0.10356880852715467,3.2012195121951414,,150576800.0,3381536297.2,82.79447800155938,0.0,0.0,0,0,
2024-01-23,13,2,11,0,15.384615384615385,84.61538461538461,-0.5841645616848932,-0.628167915782174,1.9786181586085805,,95824800.0,2391641763.8,24.288045559007728,0.0,0.0,0,0,
2024-01-24,13,4,9,0,30.76923076923077,69.23076923076923,-0.4665364212191975,-0.43775919952604436,1.4324659231722325,,93547600.0,2453340946.8,40.2035042372122,0.0,0.0,0,0,
2024-01-25,13,4,7,2,30.76923076923077,53.84615384615385,-0.1079754445167169,-0.10909451552116867,0.6024096385542022,,68582100.0,1685895949.6000001,34.522021441364046,0.0,0.0,0,0,
2024-01-26,13,8,4,1,61.53846153846154,30.76923076923077,0.23251495330038555,0.3559277676000949,-0.6472176147266473,,64874100.0,1664530818.6,62.1240252415234,0.0,0.0,0,0,
2024-01-29,13,2,10,1,15.384615384615385,76.92307692307693,-0.45172399042426703,-0.43978349120432636,-1.0717156381173432,,78467800.0,1846309661.1,19.05326043684428,0.0,0.0,0,0,
2024-01-30,13,6,6,1,46.15384615384615,46.15384615384615,0.18921984634012562,0.0,-0.7011767575147765,,76395800.0,1872120754.0,53.766419321475034,0.0,0.0,0,0,
2024-01-31,13,2,11,0,15.384615384615385,84.61538461538461,-1.4479109552833078,-1.5480188893658875,-1.7691703742475862,,156886300.0,3729551049.3,31.228441118096477,0.0,0.0,0,0,
2024-02-01,13,9,4,0,69.23076923076923,30.76923076923077,0.8098680223281878,0.7251540428385939,-1.3188377018798048,,83640300.0,2595831099.2000003,81.27088346965898,0.0,0.0,0,0,
2024-02-02,13,6,5,2,46.15384615384615,38.46153846153847,0.1290007186560702,0.0,-1.58556303134616,,98531400.0,2667427140.6,65.5766052341561,0.0,0.0,0,0,
2024-02-05,13,9,3,1,69.23076923076923,23.076923076923077,1.4931901219415449,0.3550797604536582,0.0,,139494100.0,3317006647.4999995,74.3800861828089,0.0,0.0,0,0,
2024-02-06,13,8,5,0,61.53846153846154,38.46153846153847,0.09017108625479518,0.17955217574989746,0.7222404606177069,,78423900.0,2082739473.8,61.188706774488175,0.0,0.0,0,0,
2024-02-07,13,12,1,0,92.3076923076923,7.6923076923076925,1.112580080098379,0.5585840231509431,2.0329463050676955,,99282600.0,2465186559.9,89.44903048187352,0.0,0.0,0,0,
2024-02-15,13,6,4,3,46.15384615384615,30.76923076923077,0.3733680260760922,0.0,1.8197398931343978,,127545700.0,3110223103.7999997,54.28678433830365,0.0,0.0,0,0,
2024-02-16,13,8,5,0,61.53846153846154,38.46153846153847,0.7662320186639386,0.7165173922099477,3.039398095962409,,97120800.0,2523364950.5,56.15672275701604,84.61538461538461,0.0,0,0,0.9700837118247995
2024-02-19,13,11,2,0,84.61538461538461,15.384615384615385,2.4384783229685985,1.0798992977341992,4.359989082969418,9.090259074767015,198865800.0,5453669958.599999,91.29983242840383,92.3076923076923,0.0,1,0,1.7170049600087853
2024-02-20,13,6,4,3,46.15384615384615,30.76923076923077,0.8042487231568358,0.0,3.4714673913043503,8.20510323334631,135161500.0,3728563111.2,53.72020923243424,100.0,0.0,0,0,0.9958598629402059
2024-02-21,13,6,7,0,46.15384615384615,53.84615384615385,-0.3164558936592117,-0.11050452738697869,2.1255330490405067,7.397769516728614,146022000.0,3830418048.6000004,42.26801644514368,100.0,0.0,0,0,1.288528812447427
2024-02-22,13,5,7,1,38.46153846153847,53.84615384615385,-0.0790057289241445,-0.20878188817120558,1.6347139250631137,4.737004791097821,112710900.0,3140752815.5000005,34.24585222026683,84.61538461538461,0.0,0,0,1.1164074033695348
2024-02-23,13,1,12,0,7.6923076923076925,92.3076923076923,-1.369087044156799,-1.4008004574042277,-0.14062952392769335,4.31239722160861,217517100.0,5713062554.3,5.15915933351992,76.92307692307693,0.0,0,0,1.877160444260783
2024-02-26,13,11,1,1,84.61538461538461,7.6923076923076925,1.3899593988571555,1.275732096259774,-0.28265945680227,3.3893985728848053,132923900.0,3697598992.0,91.66023653005149,84.61538461538461,0.0,1,0,1.1192987765750615
2024-02-27,13,11,2,0,84.61538461538461,15.384615384615385,1.4991982155214305,1.4028056112224352,1.6992769903190208,7.056798623063698,216386500.0,5417742239.099999,94.57982241789375,92.3076923076923,0.0,0,0,1.126334177443043
2024-02-28,13,12,1,0,92.3076923076923,7.6923076923076925,1.5551562818935567,0.8233460001948689,2.455231592303364,8.322428683590676,155357600.0,4462954431.6,94.58037694744542,92.3076923076923,0.0,1,0,1.246379937039057
2024-02-29,13,5,7,1,38.46153846153847,53.84615384615385,-0.21732965416544345,-0.10358368634242332,3.377386196769483,9.502502654330346,187454800.0,5388446164.0,60.24649186232456,100.0,0.0,0,0,1.3201974813494421
2024-03-01,13,9,3,1,69.23076923076923,23.076923076923077,0.395481151216799,0.5555555555555536,4.715215622457292,9.088967971530248,137645600.0,4040985254.6,70.05847418466351,100.0,0.0,0,0,1.0021876689009077
2024-03-04,13,6,3,4,46.15384615384615,23.076923076923077,0.30185092202435954,0.0,3.147566215609565,9.429153924566759,165647500.0,4687718574.599999,57.32414937322249,100.0,0.0,0,0,1.0767404071835938
2024-03-05,13,9,4,0,69.23076923076923,30.76923076923077,1.2926079167771658,0.8366904245429296,2.5945848792574333,11.307921212980009,161415200.0,5289202554.0,81.54470971882543,100.0,0.0,2,0,0.9867390342013588
2024-03-06,13,3,7,3,23.076923076923077,53.84615384615385,-0.6448210769277434,-0.801943169988828,0.6523314810340519,13.102951763858893,168729400.0,4964427916.3,17.69774062617101,92.3076923076923,0.0,0,0,1.1892044669842075
2024-03-07,13,9,4,0,69.23076923076923,30.76923076923077,0.587204058729857,0.5807898742289597,0.9475517312026227,11.411411411411422,146594200.0,4519526292.8,83.16734478540481,92.3076923076923,0.0,1,0,0.9081270461630524
2024-03-08,13,0,13,0,0.0,100.0,-2.4843380207462484,-2.3866896156052753,-1.7829754601226933,8.509719222462198,233261300.0,6281041447.3,0.0,61.53846153846154,0.0,0,0,1.4115279410552768
2024-03-11,13,0,11,2,0.0,84.61538461538461,-1.435330053420085,-1.2225226284236501,-2.923667786845885,4.554276535938961,158074300.0,4370231064.5,0.0,46.15384615384615,0.0,0,0,0.9725137471232761
2024-03-12,13,11,2,0,84.61538461538461,15.384615384615385,1.1235399724002115,1.0039068295336406,-2.9417434552955313,5.474796419678296,131995500.0,3863049920.8,84.09020797554898,61.53846153846154,0.0,0,0,0.7534822703853181
2024-03-13,13,13,0,0,100.0,0.0,2.534144559806618,1.987857422640027,-0.30863549518150846,7.456195165845991,137676300.0,4327025986.700001,100.0,69.23076923076923,0.0,1,0,0.8140891354731705
2024-03-14,13,1,10,2,7.6923076923076925,76.92307692307693,-0.978666661731957,-1.430629888843138,-2.0939661340329097,5.74961360123647,160104400.0,4823159136.3,2.868279090333443,69.23076923076923,0.0,0,0,1.0285421390639748
2024-03-15,13,4,8,1,30.76923076923077,61.53846153846154,-0.38111984866057674,-0.5069708491761804,0.7269038965429742,5.242477510081711,149114400.0,4392142650.1,22.477948273777535,61.53846153846154,0.0,0,0,0.9323343805808544
2024-03-18,13,2,11,0,15.384615384615385,84.61538461538461,-0.9446544058711115,-1.6604440951070942,0.5161290322580614,3.089403789520473,239157400.0,6664645302.0,16.481065737592647,38.46153846153847,0.0,0,0,1.258666318381344
2024-03-19,13,4,7,2,30.76923076923077,53.84615384615385,-0.22661573197860177,-0.5375647668393824,-0.769411764705874,2.0559043953818135,117233000.0,3320522858.8,36.68050566711551,30.76923076923077,0.0,0,0,0.60311670380768
2024-03-20,13,9,4,0,69.23076923076923,30.76923076923077,1.7973900020334421,2.2324741502993017,-1.1309548881681453,4.123231158230944,149198200.0,4248779679.7000003,77.52048486855315,69.23076923076923,0.0,0,0,0.898184483450883
2024-03-21,13,11,0,2,84.61538461538461,0.0,1.6570248572321091,1.2093960772152856,1.196953210010876,6.368194360320345,152283800.0,4346873969.6,96.26354819955947,76.92307692307693,0.0,1,0,0.8708741767165369
2024-03-22,13,9,4,0,69.23076923076923,30.76923076923077,0.5993113007046217,0.6410256410256387,2.7355878157254487,7.57015671369814,187460200.0,5190113606.7,78.8853084605833,92.3076923076923,0.0,0,0,1.0785821265103923
2024-03-25,13,1,12,0,7.6923076923076925,92.3076923076923,-1.3861246050685556,-1.1470887178742672,2.0281746428214564,5.044843049327352,135731100.0,4132716933.2,2.6858689887103444,61.53846153846154,0.0,0,0,0.8074504804645787
2024-03-26,13,11,1,1,84.61538461538461,7.6923076923076925,0.8621145994118483,0.8773208904442331,2.7126360467597754,4.208194905869322,91471400.0,2792633976.4,80.93270668480433,84.61538461538461,0.0,0,0,0.5601286556674012
2024-03-27,13,7,5,1,53.84615384615385,38.46153846153847,0.322443181253546,0.16456125066550698,2.001084331411107,3.1798245614035103,104604800.0,3299621074.0,76.12210387707083,69.23076923076923,0.0,0,0,0.6608894427883586
2024-03-28,13,10,3,0,76.92307692307693,23.076923076923077,1.0324055053994807,0.7922262796311141,0.9922768599081255,5.5890553070090165,159672000.0,4887063255.8,82.90927758078969,76.92307692307693,0.0,0,0,0.8782792158600868
2024-03-29,13,3,10,0,23.076923076923077,76.92307692307693,-0.7047301657227838,-0.8355231066983437,0.11888586956521063,3.0808431781329526,95197700.0,3184764333.0,25.106864351460317,53.84615384615385,100.0,0,0,0.5935066271106798
2024-04-01,13,6,6,1,46.15384615384615,46.15384615384615,-0.2621179164854227,0.0,0.8224326434986384,2.8922678744742747,131380500.0,4061920958.3,53.818017837917424,69.23076923076923,100.0,0,0,0.8003739699754702
2024-04-02,13,7,5,1,53.84615384615385,38.46153846153847,0.1619199304172391,0.17197006534863668,0.6756756756756799,-1.0469883317565487,144128800.0,4134249944.0999994,74.37115731447003,69.23076923076923,100.0,0,0,0.8901324780050371
2024-04-03,13,0,13,0,0.0,100.0,-1.483184111702156,-1.6243991380739287,-1.7356262219207497,-1.3538412240647335,135054800.0,4048852165.0,0.0,46.15384615384615,84.61538461538461,0,0,0.8555515979665188
2024-04-04,13,3,8,2,23.076923076923077,61.53846153846154,-0.42132571429733984,-0.7836608738021833,-3.0402419167248285,-0.46392000384596344,138541800.0,3917873721.9,22.322880916536157,38.46153846153847,84.61538461538461,0,0,0.9357635807353167
2024-04-05,13,1,12,0,7.6923076923076925,92.3076923076923,-1.1116500543586858,-1.1450621156983365,-3.0997304582210172,-0.2090128891281684,146673900.0,4119991212.3,9.861171972577898,38.46153846153847,61.53846153846154,0,0,0.9337725108441791
2024-04-08,13,6,5,2,46.15384615384615,38.46153846153847,-0.2946323299467287,0.0,-2.7232942112591974,0.9639414494823306,122577000.0,3349369937.7,57.37557886244237,38.46153846153847,69.23076923076923,0,0,0.6673640342836464
2024-04-09,13,11,1,1,84.61538461538461,7.6923076923076925,1.7313220591036844,2.1255330490405067,-1.6440488350600746,1.172178988326844,97844900.0,3256528239.0,96.11428729883032,38.46153846153847,84.61538461538461,0,0,0.6389825071143752
2024-04-10,13,5,8,0,38.46153846153847,61.53846153846154,-0.33080952966169597,-0.8351275526848001,-1.1288963774220728,-1.5623039277199213,104046900.0,3279895520.3,44.746012082292246,30.76923076923077,84.61538461538461,0,0,0.6732471554922399
2024-04-11,13,6,7,0,46.15384615384615,53.84615384615385,0.009499962400086112,-0.11511805473980452,0.44761201164660314,-1.052498097895005,92169200.0,2833859237.5,48.54341373051349,46.15384615384615,69.23076923076923,0,0,0.654647958432379
2024-04-12,13,12,1,0,92.3076923076923,7.6923076923076925,1.56097622949393,0.7548999238174314,1.9607450029070383,2.2970185636602247,133770900.0,3833555026.8999996,91.15723090391829,61.53846153846154,84.61538461538461,0,0,0.7573013966330208
2024-04-15,13,0,13,0,0.0,100.0,-5.275458331662701,-5.069241519501966,-2.1652737300994707,-1.0751295336787536,227099300.0,6311508922.900001,0.0,0.0,30.76923076923077,0,0,1.587422063275615
2024-04-16,13,7,5,1,53.84615384615385,38.46153846153847,0.3749653970982497,0.707795547500667,-3.4987145298053357,-1.276595744680853,191535700.0,5304784553.6,57.785757465300115,0.0,30.76923076923077,0,0,1.426658620466591
2024-04-17,13,1,12,0,7.6923076923076925,92.3076923076923,-1.8616783808237263,-1.4298608142130909,-5.4316927052742825,-4.350645140374764,120747200.0,3363722361.7,14.331212512924802,0.0,23.076923076923077,0,0,0.8554141823648133
2024-04-19,13,1,11,1,7.6923076923076925,84.61538461538461,-1.859591918957773,-1.7285791757049918,-7.022402452895515,-8.281665190434007,159257400.0,4267116091.3999996,2.0095982430106707,0.0,7.6923076923076925,0,0,1.1571481896229936
2024-04-22,13,10,3,0,76.92307692307693,23.076923076923077,1.5298969895899108,0.8294442087399156,-6.539906010971941,-7.564675606122173,103442200.0,2949226626.9,76.68931827654659,0.0,15.384615384615385,0,0,0.791397282200887
2024-04-23,13,3,10,0,23.076923076923077,76.92307692307693,-1.134305871675417,-1.70898036315833,-2.6689982053287986,-7.998154272091062,140525300.0,3966948113.4,38.80576618080855,7.6923076923076925,23.076923076923077,0,2,1.0370921601510446
2024-04-24,13,13,0,0,100.0,0.0,3.0052074290835415,2.969126755236151,1.210287443267788,-5.91859392347266,120138000.0,3828474151.2000003,100.0,23.076923076923077,23.076923076923077,1,0,0.8141920908887519
2024-04-25,13,7,5,1,53.84615384615385,38.46153846153847,0.2615244793787565,0.15487410947387925,1.9645120405576755,-6.7021019569944436,88911000.0,3219066827.5,70.56520498408322,23.076923076923077,23.076923076923077,1,0,0.5689291970135825
2024-04-26,13,5,6,2,38.46153846153847,46.15384615384615,0.39885991888633465,0.0,3.797351543395,-6.617647058823528,96473800.0,2927603224.8,37.81672241038173,23.076923076923077,23.076923076923077,0,0,0.7560172126541873
2024-05-02,13,8,4,1,61.53846153846154,30.76923076923077,0.5301596320383373,0.6756281230206218,1.4343649237110734,-6.281161403851798,82749100.0,2925187317.4,78.32893374283299,23.076923076923077,23.076923076923077,0,0,0.4853472090333997
2024-05-03,13,8,3,2,61.53846153846154,23.076923076923077,0.7059243336134392,0.1532359834144792,3.8037072752598267,-4.904632152588562,118328500.0,4166848014.3,78.83607361311094,38.46153846153847,23.076923076923077,0,0,0.873639120266501
2024-05-06,13,12,1,0,92.3076923076923,7.6923076923076925,1.6773492007350157,1.862464183381074,2.6493368347571655,-4.563758389261752,111654500.0,3327517949.8,94.47772871034266,61.53846153846154,23.076923076923077,0,0,0.8261890251818724
2024-05-07,13,5,7,1,38.46153846153847,53.84615384615385,0.29259299169468034,-0.10848445595854628,3.544699021993658,-2.997275204359673,92121200.0,2804871552.1,61.10267668823707,53.84615384615385,30.76923076923077,0,0,0.6762438904099195
2024-05-08,13,6,7,0,46.15384615384615,53.84615384615385,0.13977685386253708,-0.22893917813999742,2.1372328458942436,-2.833427491199847,128844200.0,3680965725.7999997,53.0448070900101,69.23076923076923,30.76923076923077,0,0,0.9048360063444661
2024-05-09,13,4,8,1,30.76923076923077,61.53846153846154,-0.371850235928546,-0.5340072751882197,1.6991166396250312,-1.3941358551268657,101512900.0,3188934615.2000003,27.33454673059613,53.84615384615385,30.76923076923077,0,0,0.7063599196845441
2024-05-10,13,3,8,2,23.076923076923077,61.53846153846154,-0.3991046917443375,-0.22122364327687993,1.237345331833506,-3.056075656120083,89628700.0,2867768152.3,28.89471675509826,46.15384615384615,30.76923076923077,0,0,0.7367778516132993
2024-05-13,13,2,9,2,15.384615384615385,69.23076923076923,-0.6002830814573288,-0.8206672170154916,-0.42194092827003704,-5.064215950165352,80381300.0,2411420090.9,18.917621177724424,53.84615384615385,30.76923076923077,0,0,0.6568738609186858
2024-05-14,13,5,5,3,38.46153846153847,38.46153846153847,0.30599253332480336,0.0,-0.6098011288706018,-3.987104414764131,94668600.0,3079698136.0,58.464535616421855,61.53846153846154,38.46153846153847,0,0,0.7524807708477139
2024-05-15,13,13,0,0,100.0,0.0,1.106551174698472,0.6514657980456029,-0.13831258644535493,-3.233193603477713,137579100.0,4213940836.8,100.0,61.53846153846154,38.46153846153847,0,0,0.9099311835964164
2024-05-16,13,11,1,1,84.61538461538461,7.6923076923076925,1.2343082690334297,1.2843601895734524,1.6977692908601627,-3.5087719298245723,148518800.0,4265028088.0,74.71666648494063,92.3076923076923,38.46153846153847,0,0,1.1199909837203825
2024-05-17,13,5,7,1,38.46153846153847,53.84615384615385,0.38671709523161035,-0.303016995301042,2.664396484285114,2.664396484285114,123816600.0,4117905831.5,51.5149408632124,92.3076923076923,46.15384615384615,0,0,0.9374196100642255
2024-05-20,13,8,5,0,61.53846153846154,38.46153846153847,0.18852504583391708,0.5082560618832721,2.916622820863579,2.928967865304788,146916600.0,4340102960.599999,77.26046901515068,92.3076923076923,53.84615384615385,0,0,1.2978754096218958
2024-05-21,13,7,6,0,53.84615384615385,46.15384615384615,0.13890041619146412,0.40917496163983547,3.6638368739591476,5.224021084337349,108279100.0,3336932271.5000005,49.38138646905408,84.61538461538461,61.53846153846154,0,0,1.134648011287418
2024-05-22,13,3,9,1,23.076923076923077,69.23076923076923,-0.8248797668896866,-0.9521570471376584,1.3129102844638973,7.51894307363512,162557600.0,4908656641.5,29.47080683276184,76.92307692307693,38.46153846153847,0,0,1.503296378903175
2024-05-23,13,10,3,0,76.92307692307693,23.076923076923077,0.716742996002292,0.4454643628509558,0.7455947988957767,4.560019719004194,117004300.0,3690002491.2999997,84.80018179059815,76.92307692307693,46.15384615384615,1,0,1.0108411068870615
2024-05-24,13,0,13,0,0.0,100.0,-2.0935589585969425,-2.03681764330631,-1.9331582470776043,3.5602339181286524,193357400.0,6259019355.0,0.0,38.46153846153847,38.46153846153847,0,0,1.7591593397845278
2024-05-27,13,3,4,6,23.076923076923077,30.76923076923077,-0.0808618958145307,0.0,-2.1501068376068466,1.756822442885908,81935000.0,2720676722.5,23.675878389847917,38.46153846153847,38.46153846153847,0,0,0.6320186395507797
2024-05-28,13,11,1,1,84.61538461538461,7.6923076923076925,1.0461015107643112,0.6732599712123255,-0.6394884092725928,3.8215215708353956,108078800.0,3489503487.3,82.92175300386036,46.15384615384615,38.46153846153847,0,0,0.8725194500799676
2024-05-29,13,0,13,0,0.0,100.0,-1.2444795116596872,-1.2528592222915358,-1.7548596112311077,0.0,115757100.0,3749062335.7,0.0,30.76923076923077,38.46153846153847,0,1,0.9930421720610512
2024-05-30,13,4,9,0,30.76923076923077,69.23076923076923,-0.5015037481204677,-1.139773624638063,-3.823303457106264,-0.3005941978329152,149791200.0,5041537655.6,42.58898179635764,30.76923076923077,38.46153846153847,1,1,1.3391643728986393
2024-05-31,13,6,7,0,46.15384615384615,53.84615384615385,-0.023993808681763366,-0.2965440814316267,-1.8482795747162495,-0.7549807759524629,90235300.0,3048410104.8999996,46.81919827669708,38.46153846153847,38.46153846153847,0,2,0.7260086234071252
2024-06-03,13,13,0,0,100.0,0.0,1.5223620261495125,1.400639217898103,0.6165061650616588,-0.6997532661893735,119087300.0,3962921422.3,100.0,46.15384615384615,38.46153846153847,0,0,1.04322144240846
2024-06-04,13,8,4,1,61.53846153846154,30.76923076923077,0.31431078608551855,0.34129692832765013,-0.4473969631236474,0.0,114115200.0,3745956985.2,66.1428165269686,53.84615384615385,38.46153846153847,0,0,0.7550082329376904
2024-06-05,13,6,6,1,46.15384615384615,46.15384615384615,-0.17313390400862574,0.0,1.584704562453254,-0.6127286551276923,113277100.0,4081259853.4,40.488224946603204,46.15384615384615,38.46153846153847,0,0,1.0012905262827816
2024-06-06,13,6,4,3,46.15384615384615,30.76923076923077,0.07494000046600185,0.0,1.5763995200463343,0.5694154274712204,93384900.0,3125867926.3999996,39.10264678737388,46.15384615384615,38.46153846153847,0,0,0.7679943658452084
2024-06-07,13,6,6,1,46.15384615384615,46.15384615384615,0.16226375217950084,0.0,2.0708369037417906,0.0,77316700.0,2531193461.7,54.83477149027593,46.15384615384615,38.46153846153847,0,0,0.6996006323321408
2024-06-10,13,4,8,1,30.76923076923077,61.53846153846154,0.22694345705112426,-0.2101109488302999,-0.14256619144602523,2.205323193916353,101279700.0,3205192518.7,37.26824720296325,53.84615384615385,46.15384615384615,0,0,0.8205735229406864
2024-06-11,13,3,10,0,23.076923076923077,76.92307692307693,-0.5186828267156526,-0.6835803092168691,-0.6835803092168691,0.8634276708010757,134729000.0,4408805917.2,32.35551524132308,61.53846153846154,46.15384615384615,1,1,1.2435156788159352
2024-06-12,13,13,0,0,100.0,0.0,1.6046927431571578,1.7184035476718318,1.194852941176472,3.1044857768052436,138227900.0,4805819631.9,100.0,61.53846153846154,61.53846153846154,0,0,1.0155109419552064
2024-06-13,13,5,7,1,38.46153846153847,53.84615384615385,0.15601556672546224,-0.2309468822170757,0.93999846739381,2.0790921297699994,138395200.0,4418329484.400001,45.448809897270316,61.53846153846154,61.53846153846154,0,0,0.9286010128724819
2024-06-14,13,1,12,0,7.6923076923076925,92.3076923076923,-1.2784109959589536,-1.154690333047037,0.0,-0.8279195056250965,156780100.0,4986848539.0,14.067219517773285,61.53846153846154,53.84615384615385,0,0,1.192624663045879
2024-06-17,13,3,9,1,23.076923076923077,69.23076923076923,-0.7031284423294661,-0.5512282804074342,-1.167315175097261,-1.8011716359185082,127123800.0,4090869920.7999997,32.484658576973835,38.46153846153847,53.84615384615385,0,0,0.9696387326992325
2024-06-18,13,4,4,5,30.76923076923077,30.76923076923077,-0.05553424324894047,0.0,-0.11397388961802424,-1.9043140942753056,91579900.0,3203988677.3,29.842559565652056,38.46153846153847,53.84615384615385,0,0,0.7736265226162574
2024-06-19,13,5,8,0,38.46153846153847,61.53846153846154,-0.17676108488236317,-0.5739773866740405,-2.227691263207021,-0.6843895877838402,116540000.0,4243202612.3,50.32324788145257,46.15384615384615,53.84615384615385,0,1,1.0685316441995933
2024-06-20,13,4,7,2,30.76923076923077,53.84615384615385,-0.1060121943259978,-0.12048192771083599,-1.643424327420695,-2.1805752003771883,145560400.0,4799875334.1,55.20811558321177,46.15384615384615,53.84615384615385,0,0,1.0355166710232377
2024-06-21,13,4,6,3,30.76923076923077,46.15384615384615,-0.1635385653931108,0.0,-1.1797645907521637,0.520954462998291,100156600.0,3610463725.6000004,35.641432333907495,30.76923076923077,46.15384615384615,1,0,0.9035223582313265
2024-06-24,13,0,13,0,0.0,100.0,-1.7621871816052135,-1.7070409780394091,-2.5470147891181294,-1.4255196779229262,170519700.0,5821809009.299999,0.0,7.6923076923076925,46.15384615384615,0,2,1.2304459132479693
2024-06-25,13,5,5,3,38.46153846153847,38.46153846153847,0.3492299343775809,0.0,-2.137767220902609,-2.119205298013238,112762000.0,4283194172.8,33.92700348091023,7.6923076923076925,46.15384615384615,0,1,0.8022756919014915
2024-06-26,13,5,6,2,38.46153846153847,46.15384615384615,-0.11172513911802492,0.0,-1.5343042960520359,-1.3333333333333308,90890000.0,3201261886.2999997,63.58851520119696,7.6923076923076925,38.46153846153847,0,1,0.8155208609830844
2024-06-27,13,4,6,3,30.76923076923077,46.15384615384615,-0.23788250567411318,0.0,-1.7037647705413606,-1.5805370515950212,71822300.0,2742041433.4999995,59.48048876191425,15.384615384615385,30.76923076923077,0,2,0.6696864446116171
2024-06-28,13,4,8,1,30.76923076923077,61.53846153846154,-0.6891417104024941,-0.7934715995226216,-2.582018416547127,-2.293292809283698,111729300.0,3665519643.4,26.85110978663484,15.384615384615385,30.76923076923077,0,1,0.8558246593584214
2024-07-01,13,10,3,0,76.92307692307693,23.076923076923077,1.3096716103059454,1.0569105691056846,0.6082725060827299,-2.243441179197192,91249400.0,3720806715.0,71.33107641685172,23.076923076923077,30.76923076923077,1,0,0.6111858543148184
2024-07-02,13,11,2,0,84.61538461538461,15.384615384615385,1.0546461162308345,1.105918282356222,0.9708737864077666,-1.808470764617709,92804000.0,3298464437.4,72.85411373100044,30.76923076923077,38.46153846153847,1,0,0.7467607135037175
2024-07-03,13,9,4,0,69.23076923076923,30.76923076923077,0.5307843491759048,0.2621231979030192,1.7772027781560729,-1.0546754335642783,108591200.0,3654538335.9,61.81435052708706,53.84615384615385,38.46153846153847,0,0,0.7839807357431104
2024-07-04,13,5,7,1,38.46153846153847,53.84615384615385,0.22973326346039144,-0.1423130048972321,2.2592762748966155,-1.5370296503124492,75630000.0,3212981083.5,56.24991607579752,53.84615384615385,38.46153846153847,0,0,0.739668584559647
2024-07-05,13,4,3,6,30.76923076923077,23.076923076923077,0.18813420839502054,0.0,2.677376171352064,-1.1597938144329745,92264200.0,3411298413.0,50.440959900859895,53.84615384615385,46.15384615384615,0,0,0.7964738577759857
2024-07-08,13,3,10,0,23.076923076923077,76.92307692307693,-0.47066139564106485,-0.4367692514446908,1.588430535798957,-1.7066568793870696,98924600.0,3611561341.6000004,48.99496110499623,46.15384615384615,46.15384615384615,0,0,0.7914200592656491
2024-07-09,13,10,3,0,76.92307692307693,23.076923076923077,0.48459860967018376,0.695449241540258,1.0491803278688483,0.31524547803618574,110977500.0,4135055980.9000006,54.26331142466492,69.23076923076923,46.15384615384615,0,0,0.993077682227122
2024-07-10,13,4,9,0,30.76923076923077,69.23076923076923,-0.5996702201393427,-0.4901960784313597,0.1140018036106305,-2.0868987713607012,114040800.0,3853879985.3,25.87654493663145,69.23076923076923,38.46153846153847,0,0,0.8496129294459251
2024-07-11,13,4,9,0,30.76923076923077,69.23076923076923,-0.22873828887947686,-0.5642611917468288,-0.46123161306407257,-3.206215046688776,94813700.0,3392811668.3,24.42789469110952,53.84615384615385,38.46153846153847,0,0,0.7736122784383214
2024-07-12,13,4,7,2,30.76923076923077,53.84615384615385,-0.232909845857601,-0.4261437908496646,-0.5784436121514913,-1.8932564010097352,76460500.0,2673751871.0,30.97654182436288,53.84615384615385,23.076923076923077,0,0,0.7320449166434398
2024-07-15,13,2,11,0,15.384615384615385,84.61538461538461,-0.5500387014306535,-0.43531036792097133,-0.9579840683084373,-1.5476190476190421,62256200.0,2012390145.6000001,5.977997818317283,46.15384615384615,23.076923076923077,0,0,0.5072660494870986
2024-07-16,13,7,5,1,53.84615384615385,38.46153846153847,0.3043874216285295,0.22210911110081,-1.043841336116924,-1.043841336116924,100732100.0,3117080710.4,52.61439976924892,38.46153846153847,30.76923076923077,0,0,0.8988215744327291
2024-07-17,13,5,8,0,38.46153846153847,61.53846153846154,-0.007456449679333814,-0.8788508788508786,-0.6781331792379053,-1.841831994316001,230437800.0,6561238085.1,42.55039557305516,38.46153846153847,46.15384615384615,0,1,1.5514651674867335
2024-07-18,13,8,3,2,61.53846153846154,23.076923076923077,0.4713874078205637,0.5869188869653374,-1.292781967348977,-1.4483248619992395,128737300.0,4474077880.6,53.41888621705188,46.15384615384615,46.15384615384615,0,0,1.0958289061377453
2024-07-19,13,5,8,0,38.46153846153847,61.53846153846154,-0.11881143905349428,-0.2808988764045006,-0.11517172620071348,-0.5021743632221853,139906000.0,4334042204.099999,50.986505267751056,53.84615384615385,38.46153846153847,0,0,1.01458981733181
2024-07-22,13,6,5,2,46.15384615384615,38.46153846153847,0.06996523132104697,0.0,0.22888808577279374,0.4982354162341718,128232700.0,3783065891.9000006,37.17039858097111,53.84615384615385,30.76923076923077,0,0,0.9589762280808326
2024-07-23,13,2,10,1,15.384615384615385,76.92307692307693,-1.7778603720003616,-1.6620498614958512,-0.7432467066482151,-0.8495145631068013,135791800.0,3799938243.8999996,15.441427229558983,23.076923076923077,7.6923076923076925,0,0,0.8597440735535153
2024-07-24,13,6,5,2,46.15384615384615,38.46153846153847,-0.2773198978313023,0.0,-2.244872436218115,-1.1368090944727571,126096600.0,3837560812.8999996,34.30422161323817,7.6923076923076925,7.6923076923076925,0,0,0.9050030714626988
2024-07-25,13,1,11,1,7.6923076923076925,84.61538461538461,-0.8199547109927993,-0.6993006993006978,-3.696691437497035,-2.985608295342801,100907000.0,2640975247.4,3.4151384072529116,15.384615384615385,7.6923076923076925,0,0,0.7546781752014645
2024-07-26,13,7,2,4,53.84615384615385,15.384615384615385,0.6958592782407317,0.36862282512533096,-2.781385766112787,-0.9370816599732268,74835300.0,2495206028.5,64.32979600746424,15.384615384615385,15.384615384615385,0,0,0.6004453815122233
2024-07-29,13,6,3,4,46.15384615384615,23.076923076923077,0.15436135672258766,0.0,-2.1124445175078055,0.30982321851649175,70890800.0,2355681693.9,59.73423330256325,23.076923076923077,23.076923076923077,0,1,0.6285220633583006
2024-07-30,13,6,6,1,46.15384615384615,46.15384615384615,0.15381190419161075,0.0,0.3578163531744005,-0.9298546537871211,86172200.0,2574049302.7,51.843450341072604,23.076923076923077,15.384615384615385,0,1,0.7972008454644779
2024-07-31,13,6,5,2,46.15384615384615,38.46153846153847,0.16012065609707277,0.0,1.874240388920878,-1.8318798228391442,105177300.0,3144899850.5,47.40171353192667,46.15384615384615,46.15384615384615,0,0,0.9421095945446809
2024-08-01,13,1,12,0,7.6923076923076925,92.3076923076923,-1.9592692230824817,-1.8383988139362484,-0.1598254361703133,-4.60919970082273,163434600.0,4913832940.3,5.884403127110519,15.384615384615385,15.384615384615385,0,0,1.371540226588269
2024-08-02,13,8,5,0,61.53846153846154,38.46153846153847,0.5335354129012119,0.5571030640668662,-1.5603675734692013,-4.114863611059583,127248100.0,4141706246.6,60.893807791665324,30.76923076923077,23.076923076923077,0,0,0.9952803018295243
2024-08-05,13,0,13,0,0.0,100.0,-3.7728354672237563,-3.7345244453075743,-4.7740130951624105,-7.513752851200872,187860900.0,5467317123.799999,0.0,7.6923076923076925,0.0,0,2,1.4628530355038056
2024-08-06,13,11,0,2,84.61538461538461,0.0,1.4433932335459985,1.3250157164272913,-4.22439860992011,-6.576600677724276,117832500.0,3540040199.2,88.37643085824313,7.6923076923076925,15.384615384615385,0,0,1.004227480964138
2024-08-07,13,5,6,2,38.46153846153847,46.15384615384615,0.8611041046808935,0.0,-3.2286795813849856,-4.9479166666666625,133291500.0,3854854941.2000003,55.27484509278842,15.384615384615385,23.076923076923077,0,0,0.7727835670855204
2024-08-08,13,3,9,1,23.076923076923077,69.23076923076923,-0.8532791737791517,-0.8622735543074245,-1.7098039215686311,-3.7038196618660035,128698400.0,3668098974.1,37.79411084293731,23.076923076923077,0.0,0,0,0.7045347827250543
2024-08-09,13,10,3,0,76.92307692307693,23.076923076923077,1.7357768601404255,1.5214384508990486,-1.127257911177515,-1.5627847639876125,102500300.0,3703075497.1000004,88.17982693188986,30.76923076923077,38.46153846153847,0,0,0.8964229976902428
2024-08-12,13,8,4,1,61.53846153846154,30.76923076923077,0.3282180668220707,0.2148396562565491,3.5747303543913533,-1.8137847642079818,86463300.0,3179452550.8,68.84407818098268,23.076923076923077,46.15384615384615,0,0,0.7265307010937705
2024-08-13,13,5,8,0,38.46153846153847,61.53846153846154,-0.20646527646298768,-0.32156862745097436,2.520051746442431,-2.0008075007850734,91230000.0,3019275087.3,29.60245210711377,38.46153846153847,46.15384615384615,0,0,0.7328586387060025
2024-08-14,13,7,6,0,53.84615384615385,46.15384615384615,0.46870174366412987,0.201111405133636,0.341689560439562,-1.9805765848436185,90431800.0,3123388027.6,62.54909729231364,53.84615384615385,46.15384615384615,0,0,0.7337560427311163
2024-08-15,13,2,10,1,15.384615384615385,76.92307692307693,-0.5842541891780889,-0.6416131989000817,0.8707211698238737,-3.816851664984855,88942600.0,2769597540.0,26.8857776354033,38.46153846153847,38.46153846153847,0,0,0.6510022697524842
2024-08-16,13,13,0,0,100.0,0.0,2.390042596631627,1.8228551944815985,2.792553191489344,-0.4206638280408237,175127700.0,5618858323.8,100.0,69.23076923076923,61.53846153846154,0,0,1.1720685418629475
2024-08-19,13,7,2,4,53.84615384615385,15.384615384615385,0.4113494486996024,0.46206989367905127,2.3503267973856268,0.41809880469914074,101964500.0,3155566023.0,61.31653681771183,76.92307692307693,61.53846153846154,0,0,0.9452778429395172
2024-08-20,13,10,3,0,76.92307692307693,23.076923076923077,1.1412616031414797,0.8345012103452731,3.743315508021383,2.470524705247046,133643800.0,4242855244.9999995,74.13726028025263,84.61538461538461,69.23076923076923,0,0,1.0536020308103997
2024-08-21,13,12,1,0,92.3076923076923,7.6923076923076925,1.335471264847583,1.2233361303714219,5.004601932811781,5.0178326474622725,156850900.0,4937178747.0,92.89967473401667,84.61538461538461,69.23076923076923,0,0,1.2964916740816068
2024-08-22,13,8,5,0,61.53846153846154,38.46153846153847,0.2874524648326664,0.15270506108200355,5.47839240897996,5.291063432323284,132391600.0,3867140650.0,76.28235765875235,92.3076923076923,76.92307692307693,0,0,1.0305260035123203
2024-08-23,13,6,4,3,46.15384615384615,30.76923076923077,0.24101125821518551,0.0,2.751565393773703,4.6763397870715595,103107200.0,3105830103.7000003,49.77961086661355,92.3076923076923,76.92307692307693,0,0,0.7511997284768497
2024-08-26,13,5,8,0,38.46153846153847,61.53846153846154,0.024450130182472288,-0.2854824218183949,2.7422828427853485,4.748114960113647,127088400.0,3992619696.3,42.37732637716437,92.3076923076923,84.61538461538461,0,0,1.016389816724131
2024-08-27,13,7,5,1,53.84615384615385,38.46153846153847,0.6646480666506656,0.6661076951742118,0.9160837420029377,4.572598826303209,132469800.0,4422997954.8,58.179264697768964,92.3076923076923,84.61538461538461,0,0,0.9300053358482904
2024-08-28,13,6,6,1,46.15384615384615,46.15384615384615,-0.08045992814741046,0.0,-0.15054437922845665,4.202652683528685,120699700.0,3591031088.0,52.461537626209484,92.3076923076923,84.61538461538461,0,0,0.8413474916797453
2024-08-29,13,5,7,1,38.46153846153847,53.84615384615385,-0.03214312834152787,-0.25940337224382715,-0.07420984398051056,6.193531491423343,112602500.0,3036465303.7,44.93124475809238,92.3076923076923,84.61538461538461,0,0,0.7651822523580858
2024-08-30,13,5,5,3,38.46153846153847,38.46153846153847,0.07704662070322499,0.0,0.28784781611113086,5.9556786703601095,94536900.0,3004416412.3000007,44.29307411422569,92.3076923076923,84.61538461538461,0,0,0.7927969240537585
2024-09-04,13,4,9,0,30.76923076923077,69.23076923076923,-0.40113763768912813,-0.9804955192409093,-0.7563507380939916,6.80851063829786,113863700.0,3557172761.6,31.385160626773644,84.61538461538461,92.3076923076923,0,0,0.9619166779573608
2024-09-05,13,2,10,1,15.384615384615385,76.92307692307693,-0.4473646655618522,-0.8508529180950797,-1.5305114870647119,8.112658202776846,132546300.0,4593374270.9,22.528951824281446,69.23076923076923,84.61538461538461,0,0,1.0391601706133256
2024-09-06,13,11,1,1,84.61538461538461,7.6923076923076925,0.8173674078002316,0.906120670877808,-0.900140899422941,6.249505577090408,112148100.0,3538619226.7000003,90.94504045865331,69.23076923076923,92.3076923076923,0,0,0.9985093170947753
2024-09-09,13,1,10,2,7.6923076923076925,76.92307692307693,-0.6556854009697078,-0.6049409548648854,-1.4218945428214114,8.155301537248704,102794700.0,2977226740.9,20.88207144787573,53.84615384615385,84.61538461538461,0,0,0.7315954184017508
2024-09-10,13,1,12,0,7.6923076923076925,92.3076923076923,-1.3153014234195202,-1.3305509181969932,-2.714932126696834,3.514995162850676,119007300.0,3733178236.0,11.558865184598167,38.46153846153847,61.53846153846154,0,0,1.018806869417948
2024-09-11,13,5,5,3,38.46153846153847,38.46153846153847,0.0190881453225271,0.0,-1.882000616568058,1.8018704115514872,89511800.0,2882114641.7,52.84856370257272,23.076923076923077,61.53846153846154,0,0,0.7698957950928181
2024-09-12,13,7,5,1,53.84615384615385,38.46153846153847,0.10682975195497238,0.10386057351303712,-0.6651736470902891,2.0042797321477845,58140900.0,2021821903.8,60.9406184532998,30.76923076923077,69.23076923076923,0,0,0.49231564678158674
2024-09-13,13,4,8,1,30.76923076923077,61.53846153846154,-0.07801497574678569,-0.2832743178504349,-2.0508089696281706,2.7029773397012624,69473200.0,2371294262.7999997,33.94978232053774,30.76923076923077,61.53846153846154,0,0,0.6162047643047269
2024-09-16,13,0,11,2,0.0,84.61538461538461,-1.2126141280604084,-1.112209175725698,-2.4325035063113565,2.7938850817079475,80507800.0,2506332314.8,0.0,15.384615384615385,38.46153846153847,0,0,0.6860345004553327
2024-09-17,13,13,0,0,100.0,0.0,2.059005138466082,1.8732312115358862,0.925678682688047,2.5269177270619503,84175000.0,2901674803.6,100.0,38.46153846153847,76.92307692307693,0,0,0.6959560176337316
2024-09-18,13,8,5,0,61.53846153846154,38.46153846153847,0.6012926284743941,0.6127992924379377,2.0897435897435868,3.084112149532725,133634400.0,4321928803.1,72.35900986052502,53.84615384615385,84.61538461538461,0,0,1.1001863868209685
2024-09-19,13,10,0,3,76.92307692307693,0.0,0.5408838504600927,0.5676979846721331,2.1927643298279342,2.8137878333015065,96966000.0,3209264242.8,79.42828404108002,61.53846153846154,84.61538461538461,0,0,0.758572437586365
2024-09-20,13,6,5,2,46.15384615384615,38.46153846153847,0.09787289663843671,0.0,1.7435823130237393,1.0752688172043001,206056100.0,5713418726.9,51.225630595221475,61.53846153846154,92.3076923076923,0,0,1.5339145389971756
2024-09-23,13,5,8,0,38.46153846153847,61.53846153846154,-0.36715402363789107,-0.27540399335789223,2.249436793875037,0.15020787697259674,97435900.0,2729646603.6000004,41.55794379037616,61.53846153846154,76.92307692307693,0,0,0.6679905426977448
2024-09-24,13,12,0,1,92.3076923076923,0.0,0.7183940431187289,0.5376344086021501,1.2043963165996097,1.052489663850431,81372500.0,2507383783.9,91.88528866596057,69.23076923076923,92.3076923076923,0,0,0.6194098885178733
2024-09-25,13,11,2,0,84.61538461538461,15.384615384615385,0.9943874877945552,0.9358288770053624,1.4784946236559016,1.067615658362997,178526100.0,5088078686.700001,86.32712780133505,84.61538461538461,100.0,0,0,1.3998803288095443
2024-09-26,13,6,5,2,46.15384615384615,38.46153846153847,0.1844262238073828,0.0,1.1137661496091855,1.1641261223637622,154547800.0,4545415422.1,55.80703457304793,84.61538461538461,92.3076923076923,0,0,1.1520435757523264
2024-09-27,13,5,5,3,38.46153846153847,38.46153846153847,-0.025202136422448788,0.0,1.6064257028112428,1.3599037606569553,148940800.0,4679335690.599999,30.831082899184214,84.61538461538461,92.3076923076923,0,0,1.2337049240991622
2024-09-30,13,4,7,2,30.76923076923077,53.84615384615385,-0.1916963688182607,-0.1339795878157357,1.7473118279569766,0.8115553570098966,125696700.0,3642451681.4,49.093748008558,76.92307692307693,92.3076923076923,0,0,0.945295905051294
2024-10-01,13,7,4,2,53.84615384615385,30.76923076923077,0.5536088746901822,0.7142857142857117,1.24565234975329,1.636390932292442,173298700.0,5339725594.999999,65.0331602330213,92.3076923076923,100.0,0,0,1.3352161664601394
2024-10-02,13,4,9,0,30.76923076923077,69.23076923076923,-0.4104695764637815,-0.5894938432305485,0.0,1.8682155149589486,114426000.0,3337161136.5,31.30969799366175,69.23076923076923,92.3076923076923,0,0,0.872448603640115
2024-10-03,13,1,11,1,7.6923076923076925,84.61538461538461,-1.137864637418339,-0.7809239940387513,-0.5527517423696282,2.6041952917468247,173706400.0,5524452879.1,4.094935910410994,69.23076923076923,76.92307692307693,0,0,1.4095580680039463
2024-10-04,13,2,10,1,15.384615384615385,76.92307692307693,-0.7350547609284714,-0.6055812343970124,-1.6305491268672534,0.28339083292263645,106000500.0,2926334930.2,17.418057729474047,61.53846153846154,76.92307692307693,0,0,0.7985701918512106
2024-10-07,13,5,7,1,38.46153846153847,53.84615384615385,0.0026998202046785583,-0.1497166078494261,-1.3072378138847873,0.9870856296783748,77297700.0,2398539824.7999997,44.81406349755432,53.84615384615385,69.23076923076923,0,0,0.6513943180379079
2024-10-08,13,6,6,1,46.15384615384615,46.15384615384615,0.1309590121348877,0.0,-1.7500895950304574,2.2902674064494644,118738500.0,3554730795.6,50.83822085309193,46.15384615384615,69.23076923076923,0,0,0.8361426884774938
2024-10-09,13,10,3,0,76.92307692307693,23.076923076923077,0.9685753241550323,1.1259570635039573,-1.005976934085362,2.941827782982709,151417400.0,5083301003.9,63.24320048396731,61.53846153846154,76.92307692307693,0,0,1.0082826168702492
2024-10-10,13,7,6,0,53.84615384615385,46.15384615384615,0.7045316990249308,0.13731825525040708,0.12091898428052694,3.2868152468235934,128529500.0,5463108071.799999,73.79084169886768,69.23076923076923,76.92307692307693,0,0,0.9529415379651786
2024-10-11,13,7,6,0,53.84615384615385,46.15384615384615,0.40493054296130826,0.1825177584846127,1.8265962239423228,3.86848811463425,102263200.0,3757575542.0000005,53.795957446648714,76.92307692307693,84.61538461538461,0,0,0.740128303912317
2024-10-14,13,5,7,1,38.46153846153847,53.84615384615385,0.1340792608147874,-0.1102626555197106,2.4644839350272507,4.958572106435022,120699800.0,4270027063.4,41.71798931366932,76.92307692307693,84.61538461538461,0,0,0.9600456694898771
2024-10-15,13,5,7,1,38.46153846153847,53.84615384615385,-0.2992870237740855,-0.4089011320104974,1.7812632986807575,3.084802822860122,120936000.0,4141249651.8999996,55.094909862611075,69.23076923076923,76.92307692307693,0,0,0.8315007015414009
2024-10-16,13,4,9,0,30.76923076923077,69.23076923076923,-0.054401376349522135,-0.29854398629634016,0.5533117932148501,1.6785101690762083,84900500.0,3348795453.3999996,40.417662273931946,61.53846153846154,76.92307692307693,0,0,0.6586699421548702
2024-10-17,13,13,0,0,100.0,0.0,0.6712075867499429,0.6193157210913736,1.106711590959386,2.1340554506608322,90107300.0,3027164913.3,100.0,76.92307692307693,76.92307692307693,0,0,0.7249772224391514
2024-10-18,13,4,6,3,30.76923076923077,46.15384615384615,-0.16842966362315373,0.0,0.0,2.5493277457656616,102290700.0,3235769862.6,26.147608257905038,69.23076923076923,76.92307692307693,0,0,0.8422862464628132
2024-10-21,13,4,9,0,30.76923076923077,69.23076923076923,-0.06203316031601066,-0.7431792109332203,-0.25952960259530977,1.2109666197299696,103699100.0,3546901726.2,42.685939402162845,46.15384615384615,84.61538461538461,1,0,0.8752122025996402
2024-10-22,13,3,10,0,23.076923076923077,76.92307692307693,-0.7990469989393917,-0.7448945430197584,-1.5589535300441937,0.0,131923800.0,4571041561.1,35.3923254640171,30.76923076923077,53.84615384615385,0,0,1.096452858662084
2024-10-23,13,7,4,2,53.84615384615385,30.76923076923077,0.010988551493292724,0.11038436825543396,-0.735263573297884,-1.400360231716613,115665800.0,4084996538.1,30.333321755428784,23.076923076923077,69.23076923076923,0,0,0.7786276758320246
2024-10-24,13,2,10,1,15.384615384615385,76.92307692307693,-1.5049969736312137,-0.8266343091157258,-2.8752205914001627,-1.8699717329854315,125546400.0,4069732490.6,7.411940285921062,15.384615384615385,53.84615384615385,0,0,0.8343905571460949
2024-10-25,13,2,8,3,15.384615384615385,61.53846153846154,-0.4440300533715059,-0.2226913586845125,-3.0934459335413944,-2.893027284538763,97765900.0,3569453220.1999993,10.658295666883214,0.0,53.84615384615385,0,0,0.6961842210554178
2024-10-28,13,8,3,2,61.53846153846154,23.076923076923077,0.13060183175401124,0.2907589229278029,-2.0701328009721354,-2.273711563447378,69534200.0,2556579162.6,52.535455457365074,7.6923076923076925,46.15384615384615,0,0,0.5352631031950023
2024-10-29,13,10,2,1,76.92307692307693,15.384615384615385,0.3832098380573941,0.27458383387677365,-0.9890176566955899,-2.245862884160743,76835200.0,2875047097.2999997,91.89767836433838,23.076923076923077,53.84615384615385,0,0,0.6193651627580788
2024-10-30,13,5,7,1,38.46153846153847,53.84615384615385,-0.43014101661907794,-0.1838692043929946,-0.9890176566955899,-2.7242921013412635,97177500.0,3553778604.6999993,28.68098136029054,23.076923076923077,46.15384615384615,0,0,0.623027316861097
2024-10-31,13,8,4,1,61.53846153846154,30.76923076923077,0.33724740862302127,0.20223066552271796,1.0591624196764737,-0.23963455730010574,97203700.0,3499221459.7,60.61988439228022,38.46153846153847,46.15384615384615,0,0,0.7877732943007094
2024-11-01,13,0,11,2,0.0,84.61538461538461,-0.898514099511696,-0.8375723557270565,0.37607358845352934,-0.6019218723742226,122613800.0,4843404746.1,0.0,15.384615384615385,38.46153846153847,0,0,1.0249387534976409
2024-11-04,13,2,9,2,15.384615384615385,69.23076923076923,-0.6182790806910496,-0.6103257146415797,-1.408537715450675,-1.8100032130234478,112967700.0,3935296291.9,11.21310045976109,15.384615384615385,23.076923076923077,0,0,1.0153243850976108
2024-11-05,13,5,5,3,38.46153846153847,38.46153846153847,-0.07400180639821619,0.0,-2.0325001242359586,-1.9575856443719397,64052000.0,2301663818.9,27.464697550926946,15.384615384615385,15.384615384615385,0,0,0.581954345016942
2024-11-06,13,12,0,1,92.3076923076923,0.0,1.274129520184201,1.5047879616963078,-0.18420790600417458,-2.235633307271301,92995700.0,3057286409.2,88.54423909562186,38.46153846153847,38.46153846153847,0,0,0.8035827453631332
2024-11-07,13,2,9,2,15.384615384615385,69.23076923076923,-0.3069148245960624,-0.23923444976075015,-0.31516642324543875,-2.1662270610023016,74991600.0,2739978221.8999996,17.92144476825413,23.076923076923077,30.76923076923077,0,0,0.6765617394250034
2024-11-08,13,2,11,0,15.384615384615385,84.61538461538461,-0.9963203007992599,-1.0069809106072802,-0.4201123247689287,-3.4763598954091424,106018400.0,3494589406.3999996,21.075107283024245,23.076923076923077,23.076923076923077,0,0,1.0580104037689704
2024-11-11,13,5,8,0,38.46153846153847,61.53846153846154,-0.17810423876096257,-0.21721733165657175,-0.9708737864077777,-4.721732019110759,153031100.0,4891594128.2,56.473921979224606,15.384615384615385,23.076923076923077,0,0,1.2582324870314134
2024-11-12,13,0,11,2,0.0,84.61538461538461,-0.8697657463612276,-0.723055272480233,-1.5723793677204667,-4.948569452848139,102443500.0,3374301041.0,0.0,15.384615384615385,23.076923076923077,0,0,0.9922368953521613
2024-11-13,13,8,4,1,61.53846153846154,30.76923076923077,0.14092183067114794,0.2034199987286156,-2.8708133971291794,-5.293198750300398,103233100.0,3278496108.4,55.96613820888315,23.076923076923077,23.076923076923077,0,0,1.045662700717324
2024-11-14,13,2,10,1,15.384615384615385,76.92307692307693,-1.3006547853053774,-1.4077785731329007,-2.592087312414726,-6.838713655844353,108224600.0,3422975241.3,20.408335034719432,7.6923076923076925,15.384615384615385,0,0,1.0231848516420363
2024-11-15,13,1,12,0,7.6923076923076925,92.3076923076923,-1.2261652088967472,-1.4883922759817758,-4.077466892362835,-8.691630133129546,140207100.0,4348823418.9,4.250418998312758,7.6923076923076925,7.6923076923076925,0,0,1.1896110744891233
2024-11-18,13,4,8,1,30.76923076923077,61.53846153846154,-0.1261986010201862,-0.38407640006227206,-3.700901582497962,-7.039319503515317,133734500.0,4270866390.6,46.17821982539076,7.6923076923076925,0.0,0,0,1.1409310866309916
2024-11-19,13,3,10,0,23.076923076923077,76.92307692307693,-0.6680320544871997,-1.0671729736807523,-3.4482758620689613,-7.43611953226504,99542100.0,3663744226.9000006,34.107676123377686,7.6923076923076925,0.0,0,0,0.8561486711775854
2024-11-20,13,10,1,2,76.92307692307693,7.6923076923076925,1.003842595567213,0.8970701196093556,-2.480492292076386,-6.597222222222221,132732600.0,4665686639.5,84.0370395175143,7.6923076923076925,7.6923076923076925,0,0,1.1998025511196944
2024-11-21,13,11,0,2,84.61538461538461,0.0,1.2678752240190276,1.232280181599199,-0.33075185543725016,-2.271687757280072,113446100.0,3920995167.2000003,62.38704614999149,23.076923076923077,7.6923076923076925,0,0,0.9893163015292803
2024-11-22,13,7,4,2,53.84615384615385,30.76923076923077,-0.10291642205304709,0.10981697171379423,0.7733430217470305,-2.641392169049106,89426100.0,2775345358.1000004,54.888870513141775,30.76923076923077,0.0,0,0,0.8543847191277844
2024-11-25,13,8,2,3,61.53846153846154,15.384615384615385,0.6489553474341496,0.6195099398982995,1.9382066378367035,-1.0856453558504287,63728200.0,2076290958.5,63.8575473236113,38.46153846153847,0.0,0,0,0.6667538354253836
2024-11-26,13,12,1,0,92.3076923076923,7.6923076923076925,0.5997726698903596,0.5690786740882192,3.700757160100965,-0.8428577732668585,65067000.0,2325745792.0,92.46931564479425,53.84615384615385,15.384615384615385,0,0,0.7338174159600407
2024-11-27,13,4,7,2,30.76923076923077,53.84615384615385,-0.110450726194487,-0.1887562493623096,2.7357697962612892,-2.083060395650471,58086800.0,2568635531.6,60.07189668278278,61.53846153846154,15.384615384615385,0,0,0.5807297458648905
2024-11-28,13,4,8,1,30.76923076923077,61.53846153846154,-0.19391574133871525,-0.12269938650305567,1.5427769985974837,-1.8589775623407134,67509200.0,2323722092.3999996,47.048209033931556,38.46153846153847,23.076923076923077,0,0,0.7323352439204942
2024-11-29,13,9,3,1,69.23076923076923,23.076923076923077,0.7551333262444009,0.8335024007574132,2.1453863778379434,-1.6889778556236856,80161300.0,3421609730.2,82.99488039023113,61.53846153846154,30.76923076923077,0,0,0.8419241267753239
2024-12-02,13,4,8,1,30.76923076923077,61.53846153846154,-0.11223468399826396,-0.1659931926023983,0.831574233992205,-0.819672131147553,69428000.0,2479851978.5,29.36576737295774,61.53846153846154,30.76923076923077,0,0,0.7731751014200274
2024-12-03,13,6,6,1,46.15384615384615,46.15384615384615,-0.18427351664130642,0.0,-0.3330628254547996,-0.5471956224350039,76176200.0,2607549178.5,58.487909431388694,53.84615384615385,30.76923076923077,0,0,0.8268372191907023
2024-12-04,13,1,12,0,7.6923076923076925,92.3076923076923,-1.262339913422637,-1.0348217943465743,-1.0284443620865225,-3.4913653062754513,80651800.0,2895015087.7,2.5831853214766234,46.15384615384615,23.076923076923077,0,0,0.8193052037845524
2024-12-05,13,13,0,0,100.0,0.0,3.237144432299087,3.1841034235096988,1.7955801104972302,0.0,153957800.0,4631225727.099999,100.0,92.3076923076923,38.46153846153847,1,0,1.3356920985949206
2024-12-06,13,7,6,0,53.84615384615385,46.15384615384615,0.3073754017399767,0.1629693684105371,1.3988580750407875,1.948842874543244,118827600.0,3837963114.5,61.02391410567579,92.3076923076923,53.84615384615385,0,0,1.0755879944395175
2024-12-09,13,5,4,4,38.46153846153847,30.76923076923077,-0.024856193958546255,0.0,1.67561412070929,1.9448094612352307,79725600.0,2661909807.3,27.065214156551786,92.3076923076923,53.84615384615385,0,0,0.8328639931903249
2024-12-10,13,4,9,0,30.76923076923077,69.23076923076923,-0.3088032485174521,-0.4897728782042754,1.612694300518136,1.602959309494456,85316200.0,2621854728.2000003,57.19733382900096,84.61538461538461,46.15384615384615,0,0,0.6875491932478901
2024-12-11,13,4,7,2,30.76923076923077,53.84615384615385,-0.28278866309128237,-0.24343856979841538,2.985608295342823,1.365662604035145,79778300.0,2673312845.7,36.748473766554646,84.61538461538461,53.84615384615385,0,0,0.8363386276045089
2024-12-12,13,2,8,3,15.384615384615385,61.53846153846154,-0.27002972375921563,-0.1989279991158721,-0.5318467256183568,2.0984872867717996,85187700.0,2645652889.4,17.793326376490757,84.61538461538461,46.15384615384615,0,0,0.7921982134564427
2024-12-13,13,4,9,0,30.76923076923077,69.23076923076923,-0.21206356085614864,-0.2446358493450762,-1.1685342967213908,3.194471608318672,71602200.0,2394282820.2000003,31.599560624872243,76.92307692307693,38.46153846153847,0,0,0.8109946692157473
2024-12-16,13,4,6,3,30.76923076923077,46.15384615384615,0.04253216774864685,0.0,-1.2050305641847725,3.5650316891705724,67206100.0,2169434750.2,45.312303889728675,69.23076923076923,46.15384615384615,0,0,0.6733110817106279
2024-12-17,13,2,9,2,15.384615384615385,69.23076923076923,-0.304111805412623,-0.3192965008244175,-0.9520542070503568,4.485350598046756,55037000.0,2127467827.6000001,9.79888598997867,69.23076923076923,46.15384615384615,0,0,0.6579728536652996
2024-12-18,13,8,3,2,61.53846153846154,23.076923076923077,0.20400700752005216,0.12330456226881115,-0.27275279772172034,4.111041627015388,51951700.0,1763241457.3,64.92397132341404,69.23076923076923,46.15384615384615,0,0,0.6330733592887977
2024-12-19,13,0,12,1,0.0,92.3076923076923,-0.930126935521517,-0.752110762462399,-1.3984354607797345,2.0981697171380986,127466300.0,3840682032.2000003,0.0,30.76923076923077,38.46153846153847,0,0,1.3672297560426818
2024-12-20,13,8,3,2,61.53846153846154,23.076923076923077,0.2654154512881458,0.18905216120994606,-0.7352941176470562,1.6411876522716806,61066500.0,2092018077.9,65.40198862781538,38.46153846153847,38.46153846153847,0,0,0.752550745141295
2024-12-23,13,9,2,2,69.23076923076923,15.384615384615385,0.2067763422496192,0.24691358024691024,-0.24570024570025328,1.7036838819016964,51717700.0,1748624819.9999998,75.47586441098325,38.46153846153847,38.46153846153847,0,0,0.5579713650683431
2024-12-24,13,4,7,2,30.76923076923077,53.84615384615385,-0.19656644442749624,-0.14077142742227045,-0.8271979211779912,-0.31745191926140226,62174000.0,1989584133.6999998,44.14944166077917,38.46153846153847,30.76923076923077,0,0,0.7357190207390963
2024-12-25,13,13,0,0,100.0,0.0,1.547771925125621,1.463533126859784,1.0319068118511021,1.4493674909414445,136281800.0,3907084910.7,100.0,61.53846153846154,53.84615384615385,0,0,1.3384399635310444
2024-12-26,13,3,8,2,23.076923076923077,61.53846153846154,-0.16225715598744161,-0.32431022962468026,1.1184873298375253,2.37008333775679,74271200.0,2321271700.9,26.61519171411358,53.84615384615385,53.84615384615385,0,0,0.6679111892806232
2024-12-27,13,6,6,1,46.15384615384615,46.15384615384615,0.20504913955630827,0.0,0.5829841501184152,1.3347640608233569,95989400.0,2863238914.7,51.88897970659452,53.84615384615385,53.84615384615385,1,0,1.059400200967769
2024-12-30,13,2,9,2,15.384615384615385,69.23076923076923,-0.43152515315407325,-0.37048162611396096,0.0,0.4956629491945419,75230300.0,2214736192.3999996,20.02528604182845,46.15384615384615,38.46153846153847,1,0,0.78127819513723
2024-12-31,13,3,7,3,23.076923076923077,53.84615384615385,-0.3648468260433259,-0.14265335235377208,-0.12315270935961964,0.3712871287128605,71912700.0,2415945972.9999995,35.92172215351109,38.46153846153847,38.46153846153847,0,0,0.9229739906825901
2025-01-02,13,7,4,2,53.84615384615385,30.76923076923077,0.34232946417677934,0.40285661966674713,-0.4115049937845616,2.3792748360522475,75437500.0,2328537191.3,49.571573132382284,38.46153846153847,46.15384615384615,0,0,0.8468417520922047
2025-01-03,13,1,10,2,7.6923076923076925,76.92307692307693,-1.4339118007473426,-1.5536723163841692,-1.4836204321417856,-2.127386902473416,95432700.0,3037537885.6,2.820337208175363,15.384615384615385,23.076923076923077,0,0,1.2110647134249435
2025-01-06,13,3,6,4,23.076923076923077,46.15384615384615,-0.686375097424136,0.0,-2.5992294049293596,-3.112021058789116,84188900.0,2711377267.4,27.299135372989884,23.076923076923077,38.46153846153847,0,0,0.9952635204960386
2025-01-07,13,6,4,3,46.15384615384615,30.76923076923077,0.303204232592292,0.0,-1.1652478415745793,-3.2258064516129115,97109200.0,3101432813.5000005,54.485051939365505,30.76923076923077,30.76923076923077,0,0,1.1147769549497455
2025-01-08,13,7,3,3,53.84615384615385,23.076923076923077,0.40265152410496713,0.10767599314789322,-1.1652478415745793,-2.2228950219899346,64808300.0,2133330315.2999997,58.696223717418626,23.076923076923077,38.46153846153847,0,0,0.738519962024684
2025-01-09,13,4,8,1,30.76923076923077,61.53846153846154,-0.3264924356012658,-0.5410602825899113,-1.840655135466096,-1.3317191283292895,49697800.0,1524670025.3,30.018186171787924,30.76923076923077,38.46153846153847,0,0,0.6509633166800077
2025-01-10,13,1,12,0,7.6923076923076925,92.3076923076923,-1.3417482258468882,-1.0076009197751645,-1.1409936451996172,-2.2466662371964152,83633700.0,2342683046.6,8.235246346277973,15.384615384615385,30.76923076923077,0,0,0.867941617027206
2025-01-13,13,8,4,1,61.53846153846154,30.76923076923077,0.45603541835163874,0.512024825446078,-0.4938271604938316,-1.5991416747560327,74387100.0,2347189207.5000005,69.45258328945344,23.076923076923077,38.46153846153847,0,0,0.9014121923778622
2025-01-14,13,0,12,1,0.0,92.3076923076923,-1.0360789313223826,-0.8297207849717991,-1.3353577824495866,-2.8768600388181964,54752300.0,1782214453.7,0.0,7.6923076923076925,30.76923076923077,0,2,0.6246206856423712
2025-01-15,13,10,2,1,76.92307692307693,15.384615384615385,0.680992633661612,0.2759264414495588,-1.3775643823657813,-2.0658293633607605,61498500.0,1926013059.8999999,86.6639926982979,7.6923076923076925,30.76923076923077,0,0,0.7519524615433392
2025-01-16,13,12,0,1,92.3076923076923,0.0,0.5746550154482324,0.5107173256983621,-0.7361963190184007,-1.4796586878016105,79560800.0,2470126685.0,91.98637959736871,23.076923076923077,46.15384615384615,0,0,0.9753300005287058
2025-01-17,13,8,3,2,61.53846153846154,23.076923076923077,0.49644038654584793,0.25406112864732044,1.024049650892156,0.10918987630579302,59821200.0,1928673495.3999999,77.79002792221397,38.46153846153847,46.15384615384615,0,0,0.7887074346991771
2025-01-20,13,5,7,1,38.46153846153847,53.84615384615385,0.10008297794327044,-0.12360939431398377,0.7692307692307665,-0.8660545679494591,55865500.0,1693756729.4,44.3367139958771,38.46153846153847,38.46153846153847,0,0,0.754226090978501
2025-01-21,13,3,6,4,23.076923076923077,46.15384615384615,-0.11260911398887673,0.0,2.050763527002153,-1.0821205651798227,59745300.0,1890743242.5,19.540424463529455,30.76923076923077,38.46153846153847,0,0,0.8184748020291933
2025-01-22,13,0,11,2,0.0,84.61538461538461,-0.5051824859162778,-0.23169318943967454,0.3726708074534235,-0.9777312710506525,56959000.0,1821050058.4,0.0,30.76923076923077,38.46153846153847,0,0,0.7864960912662076
2025-01-23,13,11,0,2,84.61538461538461,0.0,1.575833751510189,1.6543958423560046,1.3289036544850363,-0.6150061500615034,108348000.0,3632663651.8,94.35915023130576,69.23076923076923,61.53846153846154,0,0,1.2724536096065744
2025-01-24,13,8,3,2,61.53846153846154,23.076923076923077,0.5502236490195801,0.25088061630471614,1.4346462780808311,-0.6150061500615034,77212300.0,2737742234.1,62.702736295563795,76.92307692307693,61.53846153846154,0,0,0.9921078519048471
2025-02-03,13,1,11,1,7.6923076923076925,84.61538461538461,-1.3845938643095945,-1.2671205867662128,-0.19311886974640036,-1.9352171952502495,97796800.0,3928144874.1000004,5.531389988506534,61.53846153846154,38.46153846153847,0,0,1.186845489619695
2025-02-04,13,10,1,2,76.92307692307693,7.6923076923076925,0.9727949575728261,0.6338696846049263,1.8579471632741429,-1.1097410604192226,101367700.0,3279368849.5,84.27458933817013,69.23076923076923,53.84615384615385,0,0,1.3229923193865303
2025-02-05,13,6,7,0,46.15384615384615,53.84615384615385,0.09940791210153287,-0.12468827930175452,2.4880481159718304,-1.2330456226880449,81327800.0,2677832276.1,51.916433759053085,76.92307692307693,46.15384615384615,0,0,1.0152652033027958
2025-02-06,13,7,4,2,53.84615384615385,30.76923076923077,0.2414216281149863,0.13642564802183177,0.4313993618545231,-0.7418102160708817,101299400.0,3024850625.2000003,64.52883003672098,84.61538461538461,46.15384615384615,0,0,1.0074108597955456
2025-02-07,13,8,5,0,61.53846153846154,38.46153846153847,0.6416658028498148,0.4451038575667532,0.43256252642533966,0.37037037037037646,110140400.0,3473902097.2,59.27514294256318,84.61538461538461,46.15384615384615,0,0,1.0699788519506805
2025-02-10,13,2,10,1,15.384615384615385,76.92307692307693,-1.242360689140252,-1.2221706035807522,0.6559263521288772,0.0,168226600.0,5036536757.400001,16.038087692166275,53.84615384615385,30.76923076923077,0,0,1.479283443226003
2025-02-11,13,6,7,0,46.15384615384615,53.84615384615385,0.22528931237684693,-0.12499999999999734,-0.10966348042423801,0.12263489838821862,104386800.0,3259081351.3,63.382798492465476,46.15384615384615,30.76923076923077,0,0,1.121413301302204
2025-02-12,13,3,8,2,23.076923076923077,61.53846153846154,-0.3205000074267272,-0.2745412056934571,-0.8883908269992968,-0.9729306888740297,65838000.0,2035704960.6999998,21.447614906330372,46.15384615384615,30.76923076923077,0,0,0.8181052647918259
2025-02-13,13,9,3,1,69.23076923076923,23.076923076923077,0.254305679503632,0.2001273537705739,-0.2976005952011973,-0.326074489177286,72244300.0,2456285634.8,52.01955421214842,53.84615384615385,30.76923076923077,0,0,0.7854180342543414
2025-02-14,13,7,4,2,53.84615384615385,30.76923076923077,0.20669173107129227,0.12863115017685,-0.6110853017903706,2.151838796232952,92136200.0,2978061561.3,77.84459112013859,53.84615384615385,30.76923076923077,0,0,0.9228063826659278
2025-02-17,13,2,9,2,15.384615384615385,69.23076923076923,-0.7838394997976825,-0.8977911877080524,-0.3708715481381186,0.965381221778161,87212500.0,2675828782.8,25.77024252943543,38.46153846153847,30.76923076923077,0,0,0.8937308414388735
2025-02-18,13,11,0,2,84.61538461538461,0.0,0.6116569096426251,0.37402861500470674,-0.19423761735188894,3.8474501568535935,90476300.0,2460947994.3999996,90.34462631714688,53.84615384615385,30.76923076923077,0,0,0.8709215490924512
2025-02-19,13,12,1,0,92.3076923076923,7.6923076923076925,0.861849365317367,0.6573155701625533,1.2531328320801949,2.8875379939209855,94001700.0,2913538851.9,90.76191340903257,76.92307692307693,46.15384615384615,0,0,0.9832757838370121
2025-02-20,13,9,2,2,69.23076923076923,15.384615384615385,0.75429374855115,0.4431314623338123,1.8157058556513839,2.564102564102577,105399500.0,3280229316.7000003,69.43482930612146,76.92307692307693,53.84615384615385,0,0,1.140484198811377
2025-02-21,13,5,7,1,38.46153846153847,53.84615384615385,0.18666057609859707,-0.1894836570345837,1.637349991780379,2.5796661608497473,97013100.0,3246553502.9,48.29791251859427,92.3076923076923,69.23076923076923,1,0,1.0037411416321624
2025-02-24,13,8,3,2,61.53846153846154,23.076923076923077,0.6778729010290666,0.43632555704229414,3.1116186126177503,3.2061068702289974,167661100.0,4917313524.9,67.06042207196988,92.3076923076923,76.92307692307693,0,0,1.122660971111581
2025-02-25,13,5,7,1,38.46153846153847,53.84615384615385,0.05950161341376535,-0.11831025123529848,2.7841188845620257,3.91716566866267,156897200.0,4732950614.1,30.522210595149,92.3076923076923,76.92307692307693,0,0,1.2847645111833903
2025-02-26,13,4,8,1,30.76923076923077,61.53846153846154,0.04813745075149619,-0.12231792467253255,1.4851485148514865,4.754601226993849,109792400.0,3175511267.6000004,43.12898582265449,92.3076923076923,84.61538461538461,0,0,0.7806450992901143
2025-02-27,13,8,4,1,61.53846153846154,30.76923076923077,0.4457874933671993,0.14641288433383526,1.231754161331633,3.922290281027352,135067800.0,3944460977.5999994,68.76508913393694,92.3076923076923,92.3076923076923,0,0,1.0482685004618701
2025-02-28,13,4,7,2,30.76923076923077,53.84615384615385,-0.256655431217832,-0.5123944052070395,0.3439546049760045,2.68244810563254,136021100.0,4081725313.3,37.95307165703291,84.61538461538461,76.92307692307693,0,0,1.0050182403617243
2025-03-03,13,9,1,3,69.23076923076923,7.6923076923076925,0.7426817298028768,0.4344300278035229,0.591715976331364,4.993757802746557,111419000.0,3290378194.1,81.54188317048087,92.3076923076923,84.61538461538461,0,0,0.8284507857647445
2025-03-04,13,5,7,1,38.46153846153847,53.84615384615385,0.4773872646887932,-0.23781212841853527,1.2708964708182613,4.151463913856013,167750200.0,4971970130.000001,48.863979816387186,92.3076923076923,92.3076923076923,0,0,1.4284671694976028
2025-03-05,13,5,7,1,38.46153846153847,53.84615384615385,-0.2054385423896602,-0.3667814924041446,0.9667726342376781,4.192881538738091,156596200.0,4490084043.6,37.359658772779945,92.3076923076923,92.3076923076923,0,0,1.1579034613636818
2025-03-06,13,13,0,0,100.0,0.0,1.5644258861916152,1.4626842751842783,3.066637912443393,4.7373028269339645,176805500.0,5616203422.0,100.0,92.3076923076923,92.3076923076923,2,0,1.34879242631144
2025-03-07,13,9,2,2,69.23076923076923,15.384615384615385,1.397658165700407,0.857475651161077,2.2813850960921256,5.255989911727621,196807300.0,5576277935.5,72.5112875177633,92.3076923076923,92.3076923076923,1,0,1.3492611376655599
2025-03-10,13,8,4,1,61.53846153846154,30.76923076923077,0.44030313140045796,0.1812894210069027,3.1061713951447967,7.025634070256337,170256700.0,5437028994.099999,46.57650001403365,92.3076923076923,92.3076923076923,0,0,1.3560315125113842
2025-03-11,13,7,2,4,53.84615384615385,15.384615384615385,0.25901352067997374,0.19008997592193655,2.404317958783131,7.854346930366707,154085200.0,5034142281.1,67.61540724582441,92.3076923076923,92.3076923076923,0,0,1.193442450328075
2025-03-12,13,5,7,1,38.46153846153847,53.84615384615385,0.217872684363624,-0.2902757619738794,3.097474187715088,8.368337343501487,164553300.0,5536367380.4,33.56263232418925,92.3076923076923,92.3076923076923,0,0,1.276076435134098
2025-03-13,13,6,7,0,46.15384615384615,53.84615384615385,0.41980904240013395,-0.35781635317442273,0.834761457239197,6.901200065757029,225078700.0,6985510433.000001,63.47874866025555,84.61538461538461,92.3076923076923,1,0,1.3317630361198747
2025-03-14,13,5,3,5,38.46153846153847,23.076923076923077,-0.04004272387960921,0.0,-0.2372683195213332,6.349483995102312,161533900.0,6381271578.6,30.260109484693665,84.61538461538461,92.3076923076923,0,0,1.0927367856048114
2025-03-17,13,6,6,1,46.15384615384615,46.15384615384615,0.2004803967163191,0.0,0.3537695346041536,7.287806599611768,127821000.0,4277005655.3,41.578488747059296,84.61538461538461,92.3076923076923,0,0,0.9587978853826571
2025-03-18,13,0,12,1,0.0,92.3076923076923,-0.9233978367898751,-0.8977700550246159,-1.4100896707509025,5.9965942264028405,143102500.0,4599524755.799999,0.0,76.92307692307693,84.61538461538461,0,0,1.0739803222068214
2025-03-19,13,2,10,1,15.384615384615385,76.92307692307693,-1.0116416402615955,-0.5469915464942798,-1.9776606547072362,4.405091756013335,183719700.0,6866424585.1,12.83529738187847,53.84615384615385,84.61538461538461,0,0,1.198705410325604
2025-03-20,13,6,4,3,46.15384615384615,30.76923076923077,0.19891685132654713,0.0,-1.482873851294908,5.149353544360236,132296100.0,4368348198.5,51.04066058116909,53.84615384615385,84.61538461538461,0,0,0.8524471766360147
2025-03-21,13,8,4,1,61.53846153846154,30.76923076923077,0.40962359365339307,0.18655925376298566,-1.454013173944868,3.786992579659554,118997000.0,3923906482.7000003,73.49500808479091,53.84615384615385,84.61538461538461,0,0,0.7385232947148681
2025-03-24,13,10,1,2,76.92307692307693,7.6923076923076925,1.8347725194523152,0.781511045108596,-0.7694838426670736,5.029830597047424,147492300.0,4597281216.5,86.03756885490932,53.84615384615385,84.61538461538461,1,0,0.8522557506379332
2025-03-25,13,7,5,1,53.84615384615385,38.46153846153847,0.22311417585621027,0.18814675446847673,0.3738396270004607,3.7740116926503253,140244800.0,4388557723.099999,55.927938650109276,61.53846153846154,84.61538461538461,0,0,0.829387333445775
2025-03-26,13,5,7,1,38.46153846153847,53.84615384615385,-0.35264791085704783,-0.29197080291971655,0.6256284214054109,3.445503617778778,176516400.0,5351988116.8,43.083480272722866,46.15384615384615,84.61538461538461,0,0,0.8429369161292227
2025-03-27,13,3,10,0,23.076923076923077,76.92307692307693,-0.19666527913076048,-0.45617365214460914,0.9599391721712536,3.014815665556436,92310500.0,3332573886.1,39.58686033946835,46.15384615384615,84.61538461538461,0,0,0.5735203435454153
2025-03-28,13,2,8,3,15.384615384615385,61.53846153846154,-0.5151327351437682,-0.7213808210900008,-0.7176363509066697,2.5734270601336373,104260800.0,3325458307.1,17.23727024861968,30.76923076923077,84.61538461538461,0,0,0.6485565805093331
2025-03-31,13,3,9,1,23.076923076923077,69.23076923076923,-0.9131780820154858,-1.23420328602738,-1.4705154230826412,0.4842358263819957,133486600.0,4278450433.7000003,21.799656743794802,23.076923076923077,69.23076923076923,0,0,0.8599749000044355
2025-04-01,13,10,3,0,76.92307692307693,23.076923076923077,1.22526848689568,0.9346733668341711,-1.061629670481179,0.6028319080330968,119243700.0,4208437590.2999997,63.17650533366874,38.46153846153847,61.53846153846154,0,0,0.7097777028672023
2025-04-02,13,8,4,1,61.53846153846154,30.76923076923077,0.33872147714309764,0.3410192494114339,-0.3593352298248198,1.8189539245523356,115701600.0,3774884940.7,66.72013133022696,38.46153846153847,69.23076923076923,0,0,0.7648221830263752
2025-04-03,13,0,13,0,0.0,100.0,-6.966580604965429,-6.973173466747173,-6.4848736639347315,-6.315032729198977,415676000.0,11567193354.1,0.0,15.384615384615385,23.076923076923077,0,1,2.2442195198257022
2025-04-04,13,3,9,1,23.076923076923077,69.23076923076923,-1.005838846851166,-0.882301041115241,-7.406774128363358,-8.727347752828308,449719900.0,13470207843.1,14.570067547289812,15.384615384615385,23.076923076923077,0,0,2.6403501888317327
2025-04-08,13,0,13,0,0.0,100.0,-6.788189470582652,-6.911934790989694,-13.148545499314078,-15.194916709599859,282960900.0,7967229490.3,0.0,7.6923076923076925,15.384615384615385,0,5,1.485001795539966
2025-04-09,13,4,9,0,30.76923076923077,69.23076923076923,-2.666748148456862,-3.1359410841482416,-16.79500142594176,-20.6584981860497,389224500.0,10124943774.5,29.66468229546611,7.6923076923076925,23.076923076923077,0,3,2.082003183089451
2025-04-10,13,13,0,0,100.0,0.0,6.886657978227071,6.9199219178382565,-10.335998327846585,-15.239983590865581,23283400.0,645568113.9000001,100.0,23.076923076923077,23.076923076923077,0,0,0.10213423327787055
2025-04-11,13,13,0,0,100.0,0.0,5.6259515655555,6.223279825764294,2.0840355016290335,-8.70240511779542,393934900.0,11487271889.300001,100.0,23.076923076923077,38.46153846153847,1,0,2.0006329938748535
2025-04-14,13,8,3,2,61.53846153846154,23.076923076923077,2.8481007717834355,2.769910229945771,3.4482758620689724,-7.987313979019273,233119800.0,7262312373.1,66.25718599248336,23.076923076923077,30.76923076923077,2,0,1.0820012506568168
2025-04-15,13,5,7,1,38.46153846153847,53.84615384615385,-0.6807146438148427,-1.3499849698029864,10.045894951555322,-7.904123036649214,219690400.0,6744195310.099999,48.97752317245722,30.76923076923077,23.076923076923077,0,0,1.0965404068354516
2025-04-16,13,1,12,0,7.6923076923076925,92.3076923076923,-1.8366197784650664,-1.3520540821632898,12.12723658051691,-8.090673319982923,168500100.0,5873082718.1,6.598785510131158,30.76923076923077,23.076923076923077,0,0,0.811492135372901
2025-04-17,13,8,2,3,61.53846153846154,15.384615384615385,0.5709528942551176,0.43561254955704065,4.999232461751002,-6.422651933701651,136923900.0,4288466629.1,70.87875822034574,30.76923076923077,23.076923076923077,0,0,0.6941276099564929
2025-04-18,13,6,4,3,46.15384615384615,30.76923076923077,-0.3928389709784579,0.0,-0.4272478517593936,-6.3332657063637,170286700.0,5082516883.6,46.30420830462738,23.076923076923077,23.076923076923077,0,0,0.8498403617017057
2025-04-21,13,3,8,2,23.076923076923077,61.53846153846154,-1.2475927193721217,-0.9594066190994455,-3.0120006316121994,-8.100212902906367,147904700.0,4071017532.3999996,17.242302714579193,23.076923076923077,23.076923076923077,0,0,0.5913477200984082
2025-04-22,13,7,6,0,53.84615384615385,46.15384615384615,-0.0029276904021683114,0.39868541565648563,-2.4996642492613463,-10.181164845036694,271152300.0,7744320696.799999,56.08669817605533,23.076923076923077,23.076923076923077,0,0,1.2992886580592062
2025-04-23,13,10,2,1,76.92307692307693,15.384615384615385,1.6524159680909098,1.5332197614991383,1.1617987569565669,-6.450037565740052,174193400.0,5149596163.900002,76.73648134589403,38.46153846153847,30.76923076923077,0,0,0.7688672293846521
2025-04-24,13,11,2,0,84.61538461538461,15.384615384615385,1.474684301247383,0.503355704697972,0.39923284668677006,-8.036382692019773,131161200.0,4444645071.0,87.9652450835708,46.15384615384615,30.76923076923077,0,0,0.6732434036893552
2025-04-25,13,8,4,1,61.53846153846154,30.76923076923077,0.9473254779833571,0.39382482671708186,0.9824116621771406,-6.545116824714037,184517100.0,5828181054.9,79.5046655526302,53.84615384615385,38.46153846153847,0,0,0.8831663504505779
2025-04-28,13,7,5,1,53.84615384615385,38.46153846153847,-0.3669716209706371,0.1898222940226013,2.8015731910996156,-5.626569276420923,110693600.0,3515963342.9,63.17270660074607,61.53846153846154,38.46153846153847,0,0,0.5846176715235893
2025-04-29,13,3,7,3,23.076923076923077,53.84615384615385,0.15879971087299471,-0.09222189673316894,1.949362708345359,-4.673366834170856,115395400.0,3528085990.0000005,29.030288711868952,61.53846153846154,38.46153846153847,0,0,0.5391048140639656
2025-05-05,13,9,2,2,69.23076923076923,15.384615384615385,1.1711453140767032,0.6523765144454741,1.5299361522708166,-5.18974051297435,96918208.0,3259126121.3999996,60.35037941566663,61.53846153846154,38.46153846153847,1,0,0.4834471238891912
2025-05-06,13,6,4,3,46.15384615384615,30.76923076923077,0.11184959819101528,0.0,0.6509715628211898,-6.060606060606055,136529600.0,4073254957.3,48.60138030525438,76.92307692307693,46.15384615384615,0,0,0.6001782739095763
2025-05-07,13,3,7,3,23.076923076923077,53.84615384615385,0.05613170635817484,-0.14465081293758564,-0.48170680890072815,0.19620320288471493,114659580.0,3558777462.6,26.2749920619327,69.23076923076923,38.46153846153847,0,0,0.6290047429936806
2025-05-08,13,13,0,0,100.0,0.0,1.7475304252642778,1.185498809208796,1.899184933132858,4.901786244139816,144065818.0,5216162198.1,100.0,92.3076923076923,46.15384615384615,1,0,0.8588218872545801
2025-05-09,13,3,8,2,23.076923076923077,61.53846153846154,-0.2824528875485079,-0.21496860326978284,0.674139688014419,12.436257011728703,112676500.0,4020026241.4,39.70292757203891,84.61538461538461,38.46153846153847,0,0,0.6483616013920032
2025-05-12,13,10,2,1,76.92307692307693,15.384615384615385,1.2866705807310728,1.0667289574087135,1.1460237328459133,19.248974439886403,221817957.0,6484679458.7,72.29043561915357,84.61538461538461,46.15384615384615,0,0,1.0549961244285424
2025-05-13,13,10,2,1,76.92307692307693,15.384615384615385,1.2601054563921226,0.8588480760832518,2.430133657351141,13.406995982037362,187324600.0,6404415087.599999,83.42998790858071,92.3076923076923,46.15384615384615,0,0,1.040821050444444
2025-05-14,13,10,2,1,76.92307692307693,15.384615384615385,1.1695518629040613,0.787565097926457,5.380780471033186,7.6118825026276316,202322000.0,6907624677.5,82.38138291641425,100.0,61.53846153846154,0,0,1.1358607590077092
2025-05-15,13,5,4,4,38.46153846153847,30.76923076923077,-0.25354970722322007,0.0,3.4649122807017596,4.666666666666663,236589700.0,7557910285.7,40.425069205713974,92.3076923076923,61.53846153846154,0,0,1.1626218763361362
2025-05-16,13,2,10,1,15.384615384615385,76.92307692307693,-1.0853082775139915,-1.3365547730427085,4.138441174180474,4.309709135600159,161273700.0,5352135643.499999,9.340347945163211,84.61538461538461,53.84615384615385,0,0,0.984871755490708
2025-05-19,13,5,8,0,38.46153846153847,61.53846153846154,0.17960370413460788,-0.19997838071559304,0.7082858769931644,7.423352143812911,142185700.0,5001508208.1,33.99474466614742,84.61538461538461,46.15384615384615,1,0,0.8986375927080048
2025-05-20,13,11,0,2,84.61538461538461,0.0,2.263147701928609,1.0254689189693078,1.1184544992374201,8.958125190043864,183844100.0,6708970522.2,92.55561537575181,92.3076923076923,53.84615384615385,1,0,1.0429927600411433
2025-05-21,13,5,6,2,38.46153846153847,46.15384615384615,0.7175411509269968,0.0,0.4691635891014512,7.747407025385367,166325200.0,5853064195.400001,48.13452302665991,92.3076923076923,61.53846153846154,1,0,0.981519416172513
2025-05-22,13,2,9,2,15.384615384615385,69.23076923076923,-0.5990567811770174,-0.5530417295123158,-1.6008083816412388,7.407407407407396,173343600.0,5841907430.5,20.20398929701938,92.3076923076923,53.84615384615385,0,0,0.9221506468923457
2025-05-23,13,4,7,2,30.76923076923077,53.84615384615385,-0.03509428151519795,-0.12759888913909112,0.0,6.707422573389477,109373000.0,3883837185.5,35.75752396585627,84.61538461538461,53.84615384615385,0,0,0.802765976381093
2025-05-26,13,10,2,1,76.92307692307693,15.384615384615385,1.0083745453098536,0.6107447843476388,1.070292160833075,6.250134515636097,141955200.0,4839235959.3,82.9387540110892,84.61538461538461,61.53846153846154,1,0,0.8805049596944444
2025-05-27,13,7,4,2,53.84615384615385,30.76923076923077,0.35341841945477115,0.31347962382446415,-0.16744241675220595,6.4523523007277594,154148100.0,5225546669.099999,56.40188553722394,84.61538461538461,69.23076923076923,0,0,0.9353184620404238
2025-05-28,13,6,5,2,46.15384615384615,38.46153846153847,0.7116154082137403,0.0,0.2513119964520749,5.337702145650569,138324000.0,4898869891.499999,50.95540269463391,84.61538461538461,69.23076923076923,0,0,0.897975575473248
2025-05-29,13,3,9,1,23.076923076923077,69.23076923076923,0.05263518565038483,-0.17555992977602575,0.2573413485500442,5.563029199968339,115709900.0,4041593602.6000004,35.879400449049,84.61538461538461,53.84615384615385,1,0,0.7358965110616433
2025-05-30,13,3,10,0,23.076923076923077,76.92307692307693,-0.6777207104614236,-0.5392450569203233,0.4174187725631606,3.3942411042597875,165435900.0,5046806185.7,36.573742550883864,61.53846153846154,53.84615384615385,0,0,0.729188466410954
2025-06-02,13,5,8,0,38.46153846153847,61.53846153846154,-0.33406258010761913,-0.3553952209165212,-0.4202391696750962,2.8106335636491453,117787800.0,4035643805.4,31.64654162220875,46.15384615384615,46.15384615384615,0,0,0.6689374250443623
2025-06-03,13,12,1,0,92.3076923076923,7.6923076923076925,1.1906339432549944,1.0681960749171049,0.0,4.8820501216269685,175309800.0,5159734606.6,95.65469900112284,61.53846153846154,76.92307692307693,0,0,0.7288527979599011
2025-06-04,13,2,10,1,15.384615384615385,76.92307692307693,-0.26317445271535,-0.3528931921760514,0.3129890453833939,5.592802704716049,119061300.0,3999655384.1000004,16.64724421626202,61.53846153846154,76.92307692307693,0,0,0.7214925722051873
2025-06-05,13,4,9,0,30.76923076923077,69.23076923076923,-0.1204009425653924,-0.3892413161474595,-0.25668080271087357,3.6092097075295593,114387000.0,3977938842.4,34.8918631429385,53.84615384615385,76.92307692307693,0,0,0.6089076659516114
2025-06-06,13,1,12,0,7.6923076923076925,92.3076923076923,-1.1139324625130973,-1.041131452986821,-0.8207036165672865,2.7665967458472718,157475000.0,4838202290.8,16.920468115950484,38.46153846153847,61.53846153846154,0,0,0.7321659692512142
2025-06-09,13,3,8,2,23.076923076923077,61.53846153846154,-1.5529855762708853,-0.5229007633587801,-1.2603732970798975,0.645349119316796,113451400.0,3700609786.8999996,27.69877887499893,23.076923076923077,69.23076923076923,0,0,0.6507599471903213
2025-06-10,13,6,5,2,46.15384615384615,38.46153846153847,0.6883827629513467,0.0,-1.8154311649016708,-0.21168093909362806,123932000.0,4348395500.5,60.343665733677675,30.76923076923077,69.23076923076923,0,0,0.7512441609427346
2025-06-11,13,6,6,1,46.15384615384615,46.15384615384615,0.010984247226344732,0.0,-1.5891941913439678,-1.022294725394235,73645200.0,2606386538.2,59.126782866377226,38.46153846153847,69.23076923076923,0,0,0.519647620926582
2025-06-12,13,10,3,0,76.92307692307693,23.076923076923077,0.3586668059380751,0.7154396492037751,-0.48191959019983077,-1.0456408082520907,160894800.0,5043491327.3,87.46056736577033,53.84615384615385,84.61538461538461,0,0,0.862827629763824
2025-06-13,13,5,8,0,38.46153846153847,61.53846153846154,-0.48551209081117813,-0.6079027355622935,0.8519304687051754,0.810723165063254,218623100.0,6571843390.700001,42.29944959939016,46.15384615384615,76.92307692307693,0,0,1.36186700843492
2025-06-16,13,10,3,0,76.92307692307693,23.076923076923077,1.2820144243276206,1.0079348059189197,2.1405843216661724,2.0308692120227567,140270800.0,4970150963.6,89.25968486049068,76.92307692307693,92.3076923076923,0,0,0.986965893990846
2025-06-17,13,10,2,1,76.92307692307693,15.384615384615385,0.7232715796973437,0.20285690136083723,2.4780668000615735,0.6058331546214824,127492800.0,4208263886.7,70.9466272358989,76.92307692307693,92.3076923076923,0,0,0.942609058295472
2025-06-18,13,6,7,0,46.15384615384615,53.84615384615385,-0.03178123930046658,-0.4950316169828328,1.795692508001956,0.0,135928300.0,4459744977.2,46.27679699514456,61.53846153846154,92.3076923076923,0,0,0.9391134590850322
2025-06-19,13,9,3,1,69.23076923076923,23.076923076923077,0.5881133623245732,0.4197628906914552,1.4149862511457334,1.8268295319425087,126673200.0,4413218379.7,65.69895963310786,69.23076923076923,92.3076923076923,1,0,0.8666137174005933
2025-06-20,13,8,3,2,61.53846153846154,23.076923076923077,0.10254774820651716,0.15691620040891863,2.276083303630516,2.036103480544549,183612000.0,5929270025.1,62.12608688432727,69.23076923076923,92.3076923076923,0,0,1.1454328819169297
2025-06-23,13,7,6,0,53.84615384615385,46.15384615384615,0.9189372460812921,0.12356139236038288,1.0885512802309538,0.6795608991113422,123696700.0,4257939964.7,51.73758530330084,84.61538461538461,92.3076923076923,0,0,0.8537585843393422
2025-06-24,13,10,1,2,76.92307692307693,7.6923076923076925,1.1377314323585472,0.5607289476319055,1.8880392712168348,2.5317056951503325,180926700.0,5845705961.9,79.20812584276896,92.3076923076923,92.3076923076923,0,0,1.1892866602084762
2025-06-25,13,7,4,2,53.84615384615385,30.76923076923077,0.13832929710387085,0.15474069211289798,2.1911397117481135,2.906761409621539,145295000.0,4842082645.200001,72.5829750940741,92.3076923076923,92.3076923076923,0,0,1.0154319539677297
2025-06-26,13,5,7,1,38.46153846153847,53.84615384615385,-0.008584177484569326,-0.08550361630002001,1.7140572685023336,0.771056956759919,126655923.0,4221560835.2000003,55.98037893697768,84.61538461538461,76.92307692307693,0,0,0.8294786552135509
2025-06-27,13,11,2,0,84.61538461538461,15.384615384615385,1.0416525784533244,0.5321998785584148,1.5582993129543032,5.1173731457923255,118814400.0,4935748341.7,88.54655451081422,92.3076923076923,92.3076923076923,0,0,0.8456574572319504
2025-06-30,13,7,5,1,53.84615384615385,38.46153846153847,0.08114252550843065,0.10471204188480243,1.3292902224886216,4.217926186291732,112899944.0,4216268768.8999996,55.12356471066144,92.3076923076923,92.3076923076923,0,0,0.7511050585926743
2025-07-01,13,6,5,2,46.15384615384615,38.46153846153847,0.0034649073164971446,0.0,0.6671313352583974,2.4649323473604046,118222200.0,4414278673.3,50.020470421486195,92.3076923076923,92.3076923076923,0,0,0.7075677598975852
2025-07-02,13,6,5,2,46.15384615384615,38.46153846153847,0.596639143017167,0.0,1.534296028880866,5.372842722240323,125642600.0,4152505565.4,63.18381407267939,100.0,100.0,0,0,0.7903077713868768
2025-07-03,13,5,8,0,38.46153846153847,61.53846153846154,0.027973496230813646,-0.2749999999999919,1.4301621546384702,5.995988425621479,209271000.0,6776224028.099999,52.56994542281728,100.0,100.0,0,0,1.350381675348325
2025-07-04,13,11,2,0,84.61538461538461,15.384615384615385,0.4863305014908367,0.4734296202270949,1.4111556446225748,7.435070972540747,116068600.0,4739523818.8,91.15752225281338,100.0,100.0,0,0,0.8209057780746125
2025-07-07,13,13,0,0,100.0,0.0,1.3153782615696084,1.196953210010876,2.8061494963774303,8.770048763292415,159135000.0,5543460354.4,100.0,100.0,100.0,1,0,0.8948883086884388
2025-07-08,13,10,0,3,76.92307692307693,0.0,1.2445804888801495,0.8072626457557686,3.8011894878669406,9.091169150670808,226138100.0,7462041401.1,88.24058064364738,100.0,100.0,0,0,1.0678505702452652
2025-07-09,13,11,2,0,84.61538461538461,15.384615384615385,1.6491079902036012,1.3496207270219829,4.94444444444444,10.412484855060677,250422000.0,9027191850.9,74.15111461747254,100.0,100.0,0,0,1.3443432628492051
2025-07-10,13,9,3,1,69.23076923076923,23.076923076923077,1.7819084448438312,0.8949640287769789,5.883563758619514,12.614736419722128,240940000.0,8293125427.799999,82.3313286642439,100.0,100.0,1,0,1.4485453479419825
2025-07-11,13,10,3,0,76.92307692307693,23.076923076923077,1.4681101485792472,0.9469601571550745,4.788646674781449,12.019214619234786,237858400.0,8602766793.9,86.09597994626398,100.0,100.0,0,0,1.400077691227025
2025-07-14,13,9,4,0,69.23076923076923,30.76923076923077,0.47794700506307386,0.3742328227134273,3.8976923704166833,10.248789863325737,200056700.0,7207607486.1,66.76151026786418,100.0,100.0,0,0,1.1966305004843931
2025-07-15,13,2,11,0,15.384615384615385,84.61538461538461,-0.7283336356333987,-0.9700713415695117,3.1247169640431283,9.41644083107498,201756300.0,7111495037.1,33.62344347321769,100.0,100.0,0,0,0.9910371910767443
2025-07-16,13,13,0,0,100.0,0.0,1.6148742879050397,1.0100122958018654,2.849880095923263,11.111111111111116,176972700.0,6316862907.200001,100.0,100.0,100.0,0,0,0.8850908098064035
2025-07-17,13,10,3,0,76.92307692307693,23.076923076923077,1.3836868501200439,0.6470540298264327,2.5023055056425436,10.564212788823223,212761800.0,8317362125.5,75.21500980485354,100.0,100.0,1,0,1.278334860784637
2025-07-18,13,7,6,0,53.84615384615385,46.15384615384615,0.441741451150796,0.11016070502851694,2.9722684816450684,10.29593290077544,209068600.0,8169381978.6,55.72155423659234,100.0,100.0,0,0,1.0616578112072361
2025-07-21,13,3,10,0,23.076923076923077,76.92307692307693,-1.4315801729810869,-0.990013774104681,1.2215395735453383,9.438775510204088,209030700.0,7631306312.000001,30.432006281128547,100.0,100.0,0,0,1.0120085395834457
2025-07-22,13,12,1,0,92.3076923076923,7.6923076923076925,1.735832831032843,1.4673261144612981,3.2858888411875453,10.653077319743986,191506700.0,7225161729.0,87.40729713705763,100.0,100.0,0,0,0.9423958629596106
2025-07-23,13,4,9,0,30.76923076923077,69.23076923076923,-0.6746479681064727,-0.26773394738525136,1.5569250729808637,9.790667028799627,192138800.0,6883480027.6,36.87590255397344,100.0,100.0,0,0,0.9789050334154977
2025-07-24,13,7,5,1,53.84615384615385,38.46153846153847,0.17118652993428715,0.0014388696240263954,0.0014388696240263954,9.649709377089666,227268100.0,8646029200.5,34.92266080393745,92.3076923076923,100.0,0,0,1.160291758054751
2025-07-25,13,6,6,1,46.15384615384615,46.15384615384615,0.4704832021905269,0.0,0.5795346423319803,9.34768706032829,195800800.0,6984025043.400001,68.57954588559572,92.3076923076923,100.0,0,0,0.873653781094964
2025-07-28,13,11,1,1,84.61538461538461,7.6923076923076925,1.3256446149290788,1.1523907808737466,1.730284323102338,10.174942569358535,281384600.0,10367752499.7,95.64219772401901,100.0,100.0,0,0,1.3224365313206328
2025-07-29,13,0,13,0,0.0,100.0,-4.710688739903672,-4.762737446620536,-3.948714669395059,4.743331655762439,389338800.0,13942761592.1,0.0,30.76923076923077,100.0,0,0,1.8822902314413523
2025-07-30,13,10,3,0,76.92307692307693,23.076923076923077,0.8762804277665122,0.7507507507507505,-1.9317794754513118,5.180790671508206,260540100.0,9411924664.9,87.93048991099134,38.46153846153847,100.0,0,0,1.0637411402759602
2025-07-31,13,2,10,1,15.384615384615385,76.92307692307693,-1.172854184504786,-1.1494823194733939,-3.344748322934754,5.780880993941873,269912900.0,9642708442.0,20.893184226382523,30.76923076923077,92.3076923076923,0,0,1.1338571896715324
2025-08-01,13,4,7,2,30.76923076923077,53.84615384615385,-0.436741083358534,-0.1107649705780589,-3.5590186374644617,3.7456892136442876,214275700.0,7985110944.3,38.007229736318344,23.076923076923077,100.0,0,0,0.8894493680482449
2025-08-04,13,12,1,0,92.3076923076923,7.6923076923076925,2.4598867832994524,2.394621914716133,-3.5562603869089604,4.266217470521494,188332900.0,6735935179.3,92.86571827358439,53.84615384615385,100.0,0,0,0.8473961152231059
2025-08-05,13,12,1,0,92.3076923076923,7.6923076923076925,3.222385551776362,3.432835820895508,4.054054054054057,4.815771503221411,618981500.0,21199631597.9,94.4482810252392,76.92307692307693,100.0,1,0,1.985291754254013
2025-08-06,13,11,2,0,84.61538461538461,15.384615384615385,1.6425119342104237,1.8766756032171594,6.557339839981857,9.456740442655942,282253700.0,10729620320.1,87.4198544605405,92.3076923076923,100.0,1,0,0.9308570679676501
2025-08-07,13,8,4,1,61.53846153846154,30.76923076923077,0.40375846368445945,0.4919888540578121,6.8680878345888985,8.004893039353167,307029300.0,11002646648.4,72.50196028298366,92.3076923076923,100.0,0,0,1.012014263104504
2025-08-08,13,4,9,0,30.76923076923077,69.23076923076923,-0.404470566919785,-0.5524861878453136,6.92730231927301,7.5654356400143286,359551300.0,12827564421.2,36.84632958762287,92.3076923076923,100.0,0,0,1.1383047652706604
2025-08-11,13,8,5,0,61.53846153846154,38.46153846153847,1.138019728375632,0.5360643277193322,5.6522547899338305,5.998235812996167,289817900.0,11888149290.4,84.15428294443453,92.3076923076923,100.0,0,0,0.9376608997611425
2025-08-12,13,9,3,1,69.23076923076923,23.076923076923077,0.6931947844092287,0.7993553585817992,3.2264133195371913,8.333333333333325,295142300.0,11255549192.099998,73.99154386127451,84.61538461538461,100.0,0,0,1.11845046949311
2025-08-13,13,4,6,3,30.76923076923077,46.15384615384615,0.42175474143326847,0.0,0.32174095810899583,6.383611334106387,366546100.0,14892648022.4,33.399742792003536,84.61538461538461,92.3076923076923,2,0,1.14010182602172
2025-08-14,13,11,2,0,84.61538461538461,15.384615384615385,1.6515812292322176,1.4104372355430161,2.7826086956521667,8.461505320753094,337162600.0,13900724147.6,78.69506068781806,92.3076923076923,92.3076923076923,1,0,1.172282032982856
2025-08-15,13,3,9,1,23.076923076923077,69.23076923076923,-1.0211629235487225,-1.3811002456319055,1.025641025641022,3.8776971393237325,424435200.0,16052703067.199997,26.3364322301479,92.3076923076923,92.3076923076923,0,0,1.2633789218286435
2025-08-18,13,4,8,1,30.76923076923077,61.53846153846154,-0.33698185112165974,-0.48829810846137134,1.491523718496901,7.05120624408706,261569800.0,9998779702.7,38.20455476050219,92.3076923076923,92.3076923076923,0,0,0.8253145766220518
2025-08-19,13,6,4,3,46.15384615384615,30.76923076923077,0.5144964791614057,0.0,1.674641148325362,5.0140361821584545,300118500.0,11847990627.7,58.1567405285634,84.61538461538461,92.3076923076923,0,0,0.9887010511550658
2025-08-20,13,6,7,0,46.15384615384615,53.84615384615385,0.4682062518152525,-0.3688027524071158,0.7993553585817992,7.374787417360262,410571500.0,16342181209.099998,30.819983954133264,84.61538461538461,92.3076923076923,1,0,1.4108036467387461
2025-08-21,13,12,0,1,92.3076923076923,0.0,1.8872435164531145,1.9057973331627842,0.6791067604772216,8.477809381913403,333144400.0,13069098164.6,86.90175601912014,92.3076923076923,92.3076923076923,0,0,1.1007767986732535
2025-08-22,13,2,11,0,15.384615384615385,84.61538461538461,-2.271491304345086,-1.736658410267955,-0.28368794326241176,5.145184253219881,446757400.0,16253141182.4,13.457556405579805,84.61538461538461,92.3076923076923,0,0,1.447275626485233
2025-08-25,13,3,9,1,23.076923076923077,69.23076923076923,-0.969100678060691,-1.548296561939666,-1.0522245850479117,2.448453608247436,306692200.0,11022144958.0,27.103413254710706,76.92307692307693,92.3076923076923,0,0,0.873072659217357
2025-08-26,13,13,0,0,100.0,0.0,4.184536526588271,4.334920963622557,2.3241998960421784,12.326869806094166,294549800.0,11690141718.2,100.0,92.3076923076923,92.3076923076923,2,0,0.8069969795767415
2025-08-27,13,6,7,0,46.15384615384615,53.84615384615385,0.8840074012880894,-0.19364392299805466,5.159992050084461,12.602739726027412,324246900.0,13791818383.8,61.578161949084695,92.3076923076923,92.3076923076923,1,0,0.941073914129557
2025-08-28,13,7,5,1,53.84615384615385,38.46153846153847,0.7158544090220175,0.32822386898114786,0.9877384196185224,14.620689655172402,227489700.0,9035557562.5,68.50761355326156,92.3076923076923,92.3076923076923,2,0,0.5894246182514344
2025-08-29,13,5,7,1,38.46153846153847,53.84615384615385,-0.062337592624767554,-0.09530427876501824,3.1598513011152463,15.80107951553449,294999800.0,11595207654.800001,57.73571576813189,92.3076923076923,92.3076923076923,0,0,0.837176420517656
2025-09-03,13,4,7,2,30.76923076923077,53.84615384615385,-0.43578748693169006,-0.8208446866485031,5.3466789141934035,12.022295354146273,308873000.0,11651876320.099998,49.70323971350133,92.3076923076923,92.3076923076923,0,0,0.8083974041219623
2025-09-04,13,8,3,2,61.53846153846154,23.076923076923077,1.329780879775959,0.7895115977524902,3.829221093372026,11.832611832611839,292816200.0,11660579481.5,79.37409820055863,100.0,92.3076923076923,0,0,0.662187571354837
2025-09-05,13,0,11,2,0.0,84.61538461538461,-2.0690609272684846,-2.1226415094339535,-0.9779041044902459,5.893366892783702,328928100.0,12523719753.199999,0.0,100.0,92.3076923076923,0,0,0.9159905224732667
2025-09-08,13,1,9,3,7.6923076923076925,69.23076923076923,-1.5298522301832391,-1.4503234498677409,-4.041393182299391,3.4492214875529337,391599000.0,14432715099.099998,25.342596281333673,53.84615384615385,92.3076923076923,0,0,1.0424740569809345
2025-09-09,13,7,3,3,53.84615384615385,23.076923076923077,0.9752380731738897,0.19602127082098963,-2.564102564102566,4.847528232499121,231924000.0,8743645708.6,55.17755234358056,46.15384615384615,92.3076923076923,0,0,0.5837083648489452
2025-09-10,13,9,2,2,69.23076923076923,15.384615384615385,0.6135168985600292,0.9875615090213286,-0.8766430738119335,4.715672676837723,199139700.0,7755612967.6,63.56622038381048,69.23076923076923,92.3076923076923,0,0,0.5774382812113666
2025-09-11,13,8,4,1,61.53846153846154,30.76923076923077,1.1711477466817983,0.790525836327749,-2.2734490789752315,5.4158313589696805,276125300.0,11351174951.1,51.78008640092732,69.23076923076923,92.3076923076923,0,0,0.7366381527220275
2025-09-12,13,6,7,0,46.15384615384615,53.84615384615385,0.4647710119519741,-0.25998645903858586,1.4830508474576343,4.412333438807425,238049300.0,9758039405.5,60.90696003799818,69.23076923076923,92.3076923076923,0,0,0.5892402604512749
2025-09-15,13,9,2,2,69.23076923076923,15.384615384615385,0.9123053737472687,0.7173562600752303,4.241406733233188,2.788185065783755,240216300.0,10305471153.7,91.41917215417647,76.92307692307693,92.3076923076923,0,0,0.6972612608054976
2025-09-16,13,5,8,0,38.46153846153847,61.53846153846154,-0.1235655431030162,-0.3030952453846769,3.1894934333958735,4.655052264808357,266245100.0,11254222891.7,50.64221846630835,92.3076923076923,92.3076923076923,0,0,0.8271616090723999
2025-09-17,13,3,10,0,23.076923076923077,76.92307692307693,-1.0174419447961713,-1.8181818181818188,1.0812685524262289,2.8161236885698493,262142100.0,10820453608.8,24.822709029643654,61.53846153846154,100.0,0,0,0.6959688151560631
2025-09-18,13,5,7,1,38.46153846153847,53.84615384615385,-0.1911485820811832,-0.17262544115390632,0.2572782667569662,2.692075941869132,195591900.0,8098264687.700001,37.44654817353556,61.53846153846154,92.3076923076923,0,0,0.7589740741255051
2025-09-19,13,3,8,2,23.076923076923077,61.53846153846154,-0.3665657077707675,-0.5597014925373234,-2.4418604651162745,1.1842673966287354,178078700.0,8868292355.1,21.900693894953346,46.15384615384615,69.23076923076923,1,0,0.6735949553079467
2025-09-22,13,1,12,0,7.6923076923076925,92.3076923076923,-2.116224415954903,-2.3837902264600697,-4.458760701873343,-2.8469750889679624,238620800.0,10263855192.9,3.1582759558439366,15.384615384615385,76.92307692307693,0,0,0.881942774705458
2025-09-23,13,7,4,2,53.84615384615385,30.76923076923077,0.07655689591434213,0.2520695482799207,-4.701025436143292,-1.009850177965399,110284100.0,5350586897.7,45.90485560856533,23.076923076923077,76.92307692307693,0,0,0.43158181143321733
2025-09-24,13,11,2,0,84.61538461538461,15.384615384615385,1.3514374459917278,1.3957852758337497,-0.8623319007347807,2.850694856871372,144789400.0,6019995907.7,90.42612696359458,23.076923076923077,76.92307692307693,0,0,0.6322639436236395
2025-09-25,13,5,8,0,38.46153846153847,61.53846153846154,0.2713756750861777,-0.3955422104169104,-1.4092055485498078,-1.757033830732424,127519000.0,5530064490.8,26.138212981145443,23.076923076923077,76.92307692307693,1,0,0.583069951707637
2025-09-26,13,2,8,3,15.384615384615385,61.53846153846154,-0.2879702264278856,-0.5111213312149698,-0.9739150244902572,-3.188454438664212,146677700.0,6096660609.799999,9.511481368470386,15.384615384615385,76.92307692307693,0,0,0.6990204716032349
2025-09-29,13,6,7,0,46.15384615384615,53.84615384615385,0.3629145854599281,-0.3809523809523818,0.7020588467302913,-2.2799325463743636,143056200.0,6141984680.099999,40.625273659252684,23.076923076923077,76.92307692307693,0,0,0.5447071775803043
2025-09-30,13,7,6,0,53.84615384615385,46.15384615384615,0.46607017586375743,0.19120458891013214,-0.12853470437017567,-1.8896887571458798,188691800.0,7762403733.9,55.565562526247824,46.15384615384615,76.92307692307693,1,0,0.7222372080139444
2025-10-01,13,10,2,1,76.92307692307693,15.384615384615385,0.38027922259251584,0.4306641700627667,-1.4925373134328401,-1.4600606673407457,116750500.0,4921009613.0,80.61795056282081,38.46153846153847,76.92307692307693,0,0,0.6234712639800273
2025-10-02,13,5,7,1,38.46153846153847,53.84615384615385,-0.6792278589939555,-0.4810253264676989,-0.9048309834166601,-3.891509433962259,158029000.0,6271372093.1,38.58943836648875,38.46153846153847,76.92307692307693,0,0,0.7017848020928469
2025-10-03,13,5,8,0,38.46153846153847,61.53846153846154,0.06477285285663839,-0.5307732467080495,-0.921592419252315,-3.1021897810218912,167158500.0,6861426927.0,31.071697767568455,30.76923076923077,61.53846153846154,0,0,0.7789745446758444
2025-10-06,13,13,0,0,100.0,0.0,3.51479827857064,3.0131826741996326,2.747362703336287,2.6715205824698884,256456500.0,10165659993.9,100.0,84.61538461538461,92.3076923076923,1,0,1.2739331663885751
2025-10-07,13,4,7,2,30.76923076923077,53.84615384615385,-0.3308855381955338,-0.46874999999999556,2.6886220949443596,1.6764296247747001,168396500.0,7031841391.2,41.52089645613792,69.23076923076923,84.61538461538461,0,0,0.7683248111713863
2025-10-08,13,8,4,1,61.53846153846154,30.76923076923077,1.0802237744662695,0.6914133415736545,3.182393920202675,1.5963021687135592,254505800.0,11002167263.0,76.4558007792578,76.92307692307693,84.61538461538461,0,0,1.403639349368901
2025-10-09,13,9,4,0,69.23076923076923,30.76923076923077,1.3672522935094475,0.8648918885139301,3.4823933952930153,2.4344569288389684,228611400.0,9976485206.2,67.62471850213608,92.3076923076923,84.61538461538461,2,0,1.1226205835309042
2025-10-10,13,13,0,0,100.0,0.0,2.282314270436045,1.024955436720143,6.493506493506485,3.195488721804507,256977900.0,11000072705.400002,100.0,92.3076923076923,92.3076923076923,3,0,1.309093861894561
2025-10-13,13,8,5,0,61.53846153846154,38.46153846153847,1.3756930529052023,1.0701545778834864,2.732926030984051,1.862197392923659,311420600.0,13620754649.3,65.10225719729645,92.3076923076923,76.92307692307693,3,0,1.5359278358935333
2025-10-14,13,3,9,1,23.076923076923077,69.23076923076923,-0.6165599388358067,-1.0968921389396757,0.7448789571694592,1.0634843318720666,344678400.0,15271502069.7,23.202922993609683,69.23076923076923,76.92307692307693,0,0,1.6818817683295149
2025-10-15,13,3,8,2,23.076923076923077,61.53846153846154,-0.6879408231910816,-0.631313131313127,1.4897579143389184,4.691529183418819,188696100.0,8892705248.8,25.8821273707524,69.23076923076923,69.23076923076923,0,0,0.9834789480098599
2025-10-16,13,8,4,1,61.53846153846154,30.76923076923077,0.9819613986150106,0.6399999999999961,1.7230204169817354,5.000000000000004,205054200.0,9833837775.5,54.33627513881088,76.92307692307693,69.23076923076923,0,0,0.9614235114713325
2025-10-17,13,0,12,1,0.0,92.3076923076923,-2.092057015190765,-1.5898251192368873,-1.2750455373406133,3.688307340345376,264866100.0,12881670334.9,0.0,69.23076923076923,69.23076923076923,0,0,1.306819985398216
2025-10-20,13,0,13,0,0.0,100.0,-5.792966462388796,-6.826568265682664,-8.222269420697693,-0.011829769615245844,419522800.0,17115072587.800001,0.0,23.076923076923077,30.76923076923077,0,0,1.8900075281282311
2025-10-21,13,10,3,0,76.92307692307693,23.076923076923077,1.6327214751508592,1.7125169949955055,-6.022187004754365,0.46287036772478807,351783200.0,15041337774.5,74.85868352207983,30.76923076923077,30.76923076923077,0,0,1.462894025290143
2025-10-22,13,10,3,0,76.92307692307693,23.076923076923077,0.9521187755203702,0.5928853754940677,-5.487708168120542,-2.0417295966884685,202491900.0,9539711106.3,74.18258120234373,38.46153846153847,30.76923076923077,0,0,0.9659461828908776
2025-10-23,13,5,8,0,38.46153846153847,61.53846153846154,-0.09007104303180394,-0.8064516129032362,-7.169811320754715,-3.061501797809185,145993900.0,6885858168.9,38.64316781919827,38.46153846153847,30.76923076923077,0,0,0.7484830159892779
2025-10-24,13,4,7,2,30.76923076923077,53.84615384615385,-0.5227712260789834,-0.3804209992391616,-5.366432648113539,-3.5279805352798066,256430300.0,10650530850.2,29.6650345164783,38.46153846153847,30.76923076923077,0,0,1.0200588069440528
2025-10-27,13,1,12,0,7.6923076923076925,92.3076923076923,-2.7448133229656224,-2.4105483271375627,-0.6122630068916557,-4.0342298288508545,230740500.0,9313223864.2,13.249529267124474,15.384615384615385,30.76923076923077,0,0,0.8008180057937042
2025-10-28,13,13,0,0,100.0,0.0,2.047285384728786,1.9389072135379104,0.0,-2.524612535334836,234839700.0,10791214965.7,100.0,23.076923076923077,38.46153846153847,0,0,0.9072569706475686
2025-10-29,13,7,6,0,53.84615384615385,46.15384615384615,-0.10785634772700635,0.25316455696202667,-0.4733727810650956,-2.583025830258301,151033600.0,6307040618.9,51.447982598626865,23.076923076923077,30.76923076923077,0,0,0.628785435463526
2025-10-30,13,4,9,0,30.76923076923077,69.23076923076923,-1.0905045103657598,-0.9059659752971294,-2.100350058343059,-2.6993865030674913,135629600.0,5868730937.5,33.82556611882499,23.076923076923077,30.76923076923077,0,0,0.5574518011719147
2025-10-31,13,2,11,0,15.384615384615385,84.61538461538461,-1.818222905156707,-1.5494636471990564,-2.768978391220722,-2.763905631134844,148803900.0,7081423553.800001,28.519131001792324,7.6923076923076925,23.076923076923077,0,0,0.6016989777121163
2025-11-03,13,2,11,0,15.384615384615385,84.61538461538461,-1.9078652436732286,-1.937046004842613,-1.9108280254777066,-7.343750000000004,195721300.0,8395536219.2,29.81622200944456,7.6923076923076925,23.076923076923077,0,0,0.6946978794343275
2025-11-04,13,12,1,0,92.3076923076923,7.6923076923076925,2.9908803393926635,2.865916069600827,-0.18390804597701038,-4.286601780907018,218762400.0,9014498365.2,88.11852785580668,7.6923076923076925,23.076923076923077,0,0,0.8129945316161191
2025-11-05,13,6,7,0,46.15384615384615,53.84615384615385,-0.251306735536371,-0.4166666666666763,-1.9674355495250984,-5.882352941176472,132837200.0,5952095492.9,45.25983023648475,30.76923076923077,30.76923076923077,0,0,0.5679688313053002
2025-11-06,13,2,11,0,15.384615384615385,84.61538461538461,-0.7931293262504917,-0.7623834064483082,-1.5782012915419807,-6.340959096572374,114414700.0,4994128791.8,16.80911656460177,30.76923076923077,30.76923076923077,0,0,0.5367950274069355
2025-11-07,13,1,12,0,7.6923076923076925,92.3076923076923,-2.7188106714091265,-2.538071065989844,-2.791059932367823,-10.51505546751189,198789900.0,7649337468.2,7.558183468875604,7.6923076923076925,15.384615384615385,0,0,0.8351525848855033
2025-11-10,13,4,9,0,30.76923076923077,69.23076923076923,-1.1946378519784981,-0.8431703204047181,-0.8431703204047181,-10.588235294117643,159606200.0,6255366255.1,47.81661772500295,0.0,7.6923076923076925,0,0,0.6416639314526578
2025-11-11,13,12,1,0,92.3076923076923,7.6923076923076925,1.646724845680058,1.0425769126465312,-2.9014043723758376,-7.3634204275534465,145041900.0,6113751966.400001,89.83500516842294,7.6923076923076925,7.6923076923076925,0,0,0.7242400747261701
2025-11-12,13,13,0,0,100.0,0.0,2.844282515536437,2.155172413793105,-0.297452869455761,-4.800000000000004,139443300.0,5677113331.9,100.0,30.76923076923077,23.076923076923077,0,0,0.6313202347486934
2025-11-13,13,3,9,1,23.076923076923077,69.23076923076923,-0.7405778744356327,-0.7114090013816798,-0.24906600249066102,-9.199666639782789,108488000.0,4427396416.6,14.264907909127478,23.076923076923077,23.076923076923077,0,0,0.5408261705105798
2025-11-14,13,7,3,3,53.84615384615385,23.076923076923077,0.28136667928143877,0.13054830287206887,2.2666666666666613,-6.993433265911175,99495600.0,4038141358.3,49.32722759459225,38.46153846153847,23.076923076923077,0,0,0.5190017388928874
2025-11-17,13,13,0,0,100.0,0.0,1.0778671171837533,1.1711233494791307,4.989671401494977,-0.10056493833002778,113621000.0,4739807676.7,100.0,61.53846153846154,23.076923076923077,0,0,0.6316865232095124
2025-11-18,13,8,4,1,61.53846153846154,30.76923076923077,0.36477192690031673,0.46625293417794644,3.3814797658651585,0.0,125071100.0,5018363683.200001,67.22918113915303,69.23076923076923,23.076923076923077,0,0,0.6548689750653512
2025-11-19,13,2,11,0,15.384615384615385,84.61538461538461,-0.8807930102586385,-0.7812499999999889,-0.39215686274509665,-2.2768931149043214,139879100.0,5221325779.700001,31.495894766682948,46.15384615384615,23.076923076923077,0,0,0.669419831374626
2025-11-20,13,5,7,1,38.46153846153847,53.84615384615385,0.12187556989109447,-0.3807106598984755,0.10150181253236745,-1.207694322381625,97423200.0,4047579609.8,47.215649687849655,30.76923076923077,23.076923076923077,0,0,0.6121404252233695
2025-11-21,13,5,7,1,38.46153846153847,53.84615384615385,-0.14776529896999546,-0.6423982869379063,-0.6410256410256387,-2.2698612862547263,120381500.0,5145193343.0,43.01075600221618,30.76923076923077,15.384615384615385,0,0,0.7340469746177885
2025-11-24,13,6,7,0,46.15384615384615,53.84615384615385,0.8370832618193175,-0.21551724137931494,-1.953125,-0.8917197452229297,100381600.0,4477841680.5,56.67557205186009,30.76923076923077,23.076923076923077,0,0,0.5676251373001753
2025-11-25,13,1,12,0,7.6923076923076925,92.3076923076923,-1.254485608308482,-1.0282776349614386,-2.5316455696202556,-2.9999999999999916,147604100.0,5610525499.700001,7.418168761950275,30.76923076923077,15.384615384615385,0,0,0.8400821012707876
2025-11-26,13,10,3,0,76.92307692307693,23.076923076923077,1.1340869208007203,1.1965446720185513,-1.0638297872340385,-2.655009870674041,128464200.0,5334263226.4,75.52070638101497,38.46153846153847,15.384615384615385,0,0,0.8076235570231695
2025-11-27,13,5,8,0,38.46153846153847,61.53846153846154,-0.08185984931396312,-0.12722646310431296,-0.5096029221161813,-1.8789144050104345,103111700.0,4185032745.1,39.274958517934486,46.15384615384615,15.384615384615385,0,0,0.6894303977731515
2025-11-28,13,4,8,1,30.76923076923077,61.53846153846154,-0.16065324590076074,-0.8635578583765069,-0.20325203252032908,-1.4830508474576343,105499000.0,4503767060.2,28.977151174911025,23.076923076923077,7.6923076923076925,0,0,0.7810358043071299
2025-12-01,13,7,6,0,53.84615384615385,46.15384615384615,0.3686246636207894,0.12515644555692873,-0.8180201541197474,-0.20576745295679544,103613600.0,4572635270.5,59.5396274696167,30.76923076923077,30.76923076923077,0,0,0.7596953719976567
2025-12-02,13,7,2,4,53.84615384615385,15.384615384615385,0.7213230728001156,0.17391304347826875,1.9108280254777066,-1.8749999999999933,137153300.0,5584493635.2,60.15397552655089,46.15384615384615,30.76923076923077,0,0,1.0814498143467328
2025-12-03,13,9,2,2,69.23076923076923,15.384615384615385,1.945832806351937,2.0480668756530873,2.8112449799196693,1.8995698283572615,198920200.0,8500909129.4,78.92496710494245,69.23076923076923,53.84615384615385,0,0,1.6204562812473933
2025-12-04,13,6,5,2,46.15384615384615,38.46153846153847,0.5801934365642153,0.0,2.230837871934499,4.600858369098715,207052700.0,7764649361.0,72.45444998530436,84.61538461538461,46.15384615384615,0,0,1.1571887608560587
2025-12-05,13,2,11,0,15.384615384615385,84.61538461538461,-0.5591232094421241,-1.099622517643195,1.886792452830166,5.100504737447986,151319200.0,6653597767.2,22.99215607894765,69.23076923076923,38.46153846153847,1,0,1.118181343861144
2025-12-08,13,4,9,0,30.76923076923077,69.23076923076923,0.14827027529288325,-0.6861063464837058,1.4884979702300294,2.5000000000000133,122905700.0,5273178668.0,51.244511899402234,38.46153846153847,38.46153846153847,1,0,0.8910932944606414
2025-12-09,13,3,10,0,23.076923076923077,76.92307692307693,-0.7770968073938384,-1.1673384087177108,0.6563083385189739,1.881322148437925,188364800.0,8975254164.1,36.417389783498756,38.46153846153847,30.76923076923077,0,0,1.4228664184503421
2025-12-10,13,6,6,1,46.15384615384615,46.15384615384615,-1.0369725578023992,0.0,-1.8229166666666519,-1.437908496732021,111701000.0,5210677830.6,35.706972940711594,38.46153846153847,30.76923076923077,0,0,0.9054978441189139
2025-12-11,13,1,12,0,7.6923076923076925,92.3076923076923,-0.9764390155293452,-0.8907471368841957,-3.3073929961089377,-1.8276762402088642,88908300.0,4343272827.8,11.340763749568476,30.76923076923077,23.076923076923077,0,0,0.682111850850944
2025-12-12,13,0,13,0,0.0,100.0,-3.292946849138553,-3.2702237521514577,-4.346938080811514,-3.5626535626535727,163318900.0,6724410087.7,0.0,15.384615384615385,7.6923076923076925,0,0,1.401208145484018
2025-12-15,13,5,4,4,38.46153846153847,30.76923076923077,0.25392607133128453,0.0,-5.6482670089858855,-5.6478405315614655,114400900.0,4817773376.599999,40.09470395768636,7.6923076923076925,7.6923076923076925,0,0,0.9403408683601737
2025-12-16,13,12,0,1,92.3076923076923,0.0,2.4124898682198643,2.4218973918028075,-2.0641961875666914,-2.9083503054989857,157430900.0,6657663704.2,88.55926622548556,38.46153846153847,23.076923076923077,0,0,1.1651196237918
2025-12-17,13,3,9,1,23.076923076923077,69.23076923076923,-0.3362489294583621,-0.2044989775051187,-1.3253012048192736,-2.06397685259605,91735200.0,3989790505.1000004,21.864826809450115,38.46153846153847,23.076923076923077,0,0,0.7136895670788226
2025-12-18,13,5,4,4,38.46153846153847,30.76923076923077,0.17024442306999843,0.0,-0.8505467800729027,-3.1199901344185488,93103500.0,4131312069.1000004,35.32058518440329,38.46153846153847,23.076923076923077,0,0,0.6886657983337838
2025-12-19,13,11,2,0,84.61538461538461,15.384615384615385,2.0030824176190563,1.5931372549019773,3.125,-1.4210728459864264,148249300.0,7088547744.700001,93.03906106622571,46.15384615384615,23.076923076923077,0,0,1.0251098998568688
2025-12-22,13,12,1,0,92.3076923076923,7.6923076923076925,2.591681230050019,2.110389610389607,6.315789473684208,1.9920318725099584,181612600.0,7199705963.5,92.11471322192699,84.61538461538461,61.53846153846154,0,0,1.0981613979018294
2025-12-23,13,6,7,0,46.15384615384615,53.84615384615385,1.0995852931935706,-0.4267425320056861,2.147651006711393,2.9308558633826864,159808600.0,7739128651.1,59.94496301519171,76.92307692307693,53.84615384615385,1,0,1.1562332395808197
2025-12-24,13,9,4,0,69.23076923076923,30.76923076923077,0.929551487067953,0.5714285714285783,3.688524590163933,2.8112449799196693,137790500.0,7026577717.400001,62.33163026510468,69.23076923076923,69.23076923076923,1,0,0.999677523379555
2025-12-25,13,3,10,0,23.076923076923077,76.92307692307693,-2.3813521858080544,-1.1857707509881465,2.1775544388609624,0.8531181800145449,147262600.0,6964195640.8,8.870600739312877,69.23076923076923,46.15384615384615,0,0,1.0976353580156757
2025-12-26,13,4,7,2,30.76923076923077,53.84615384615385,-0.318748808158864,-0.294294294294295,0.8933997812082151,2.918535377200615,253155100.0,11539948871.8,38.143174063417,69.23076923076923,53.84615384615385,0,0,1.2039210421132391
2025-12-29,13,8,2,3,61.53846153846154,15.384615384615385,1.175209466476958,0.26560424966799445,0.426742532005675,4.634807369034966,94113800.0,5158065016.2,76.19148084905832,76.92307692307693,53.84615384615385,0,0,0.7203767486500189
2025-12-30,13,10,3,0,76.92307692307693,23.076923076923077,0.8027734560462197,0.8785870640799054,0.17482517482516613,4.003806675277,114641700.0,6203271527.0,73.94600644570495,84.61538461538461,46.15384615384615,0,0,0.8456344314996124
2025-12-31,13,8,5,0,61.53846153846154,38.46153846153847,0.9309082150375283,0.28050490883591017,0.454545454545463,0.0,117576600.0,6112245258.900001,72.74107007774344,92.3076923076923,61.53846153846154,0,0,0.9083741139153678
2026-01-05,13,5,8,0,38.46153846153847,61.53846153846154,0.3860646471754393,-0.6956521739130417,1.4285714285714235,-1.2719563900666309,188237400.0,8337929554.099999,49.54305320760039,76.92307692307693,61.53846153846154,1,0,1.257803224431232
2026-01-06,13,10,1,2,76.92307692307693,7.6923076923076925,2.1516359500611837,1.6018306636155444,2.257636122177953,2.910052910052907,237848600.0,10031847526.8,72.60877560330586,76.92307692307693,61.53846153846154,1,0,1.2144652083888081
2026-01-07,13,13,0,0,100.0,0.0,2.6829608851050892,2.50356109984029,5.541237113402087,5.771495877502941,211430500.0,10544041997.2,100.0,100.0,84.61538461538461,0,0,1.2935483739356428
2026-01-08,13,4,9,0,30.76923076923077,69.23076923076923,-0.4315744915724761,-0.7537794247694407,6.400000000000006,7.692307692307709,294892800.0,13928612360.8,39.13312014727456,92.3076923076923,84.61538461538461,0,0,1.7931475217068993
2026-01-09,13,7,6,0,53.84615384615385,46.15384615384615,1.395585483673274,0.6472419430695764,4.012431151727736,8.752954008362135,305850900.0,14130435111.3,70.44749360222767,92.3076923076923,76.92307692307693,1,0,1.2770786306880493
2026-01-12,13,10,3,0,76.92307692307693,23.076923076923077,1.5661357179065645,2.7450980392156765,5.969698277722624,12.123287671232873,356497300.0,15631938980.300001,77.74445989915684,92.3076923076923,92.3076923076923,2,0,1.7262737761666591
2026-01-13,13,7,6,0,53.84615384615385,46.15384615384615,0.699361328380009,0.8905852417302906,3.7523398944920405,16.597222222222218,295499200.0,14018165121.8,57.59978452203597,100.0,100.0,0,0,1.5028196531782678
2026-01-14,13,6,6,1,46.15384615384615,46.15384615384615,-0.47942785369803936,0.0,2.3592654979516237,14.061453048722106,315839700.0,14668781611.0,55.109558186740934,76.92307692307693,92.3076923076923,1,0,1.6718076009246416
2026-01-15,13,3,10,0,23.076923076923077,76.92307692307693,-2.4991995845457335,-2.3255813953488413,2.443609022556381,7.933884297520666,311969800.0,15024720960.0,21.339997172233673,69.23076923076923,92.3076923076923,0,0,1.5509558239126504
2026-01-16,13,9,2,2,69.23076923076923,15.384615384615385,1.6764683768141564,0.7889546351084853,1.1627906976744207,10.118043844856661,251642300.0,12410461281.599998,64.88211113907836,84.61538461538461,92.3076923076923,0,0,1.2019130012452472
2026-01-19,13,8,3,2,61.53846153846154,23.076923076923077,0.4980170324708263,0.47464089036084456,-0.9142857142857119,11.561866125760645,172340500.0,8065840042.700001,70.3837222365699,76.92307692307693,92.3076923076923,0,0,0.7354701293118188
2026-01-20,13,2,11,0,15.384615384615385,84.61538461538461,-0.6239602309546866,-0.8073817762399127,-0.6756756756756799,8.417508417508412,221673000.0,10953454265.5,19.959544697110235,69.23076923076923,92.3076923076923,0,0,0.9946220789138825
2026-01-21,13,3,10,0,23.076923076923077,76.92307692307693,-0.4814862435221112,-0.3759398496240629,-1.7289658765303417,5.13157894736842,210341900.0,10030130949.1,25.25922962678103,61.53846153846154,84.61538461538461,0,0,0.8992514951996751
2026-01-22,13,6,6,1,46.15384615384615,46.15384615384615,-0.2856610306256434,0.0,0.41709934233298274,4.873970844743281,172868500.0,8711093263.5,33.98711887869802,69.23076923076923,92.3076923076923,0,0,0.7437717068828956
2026-01-23,13,4,7,2,30.76923076923077,53.84615384615385,-0.40162882740173345,-0.3712974551522641,-1.379310344827589,3.6745406824146842,177685200.0,8632780190.0,27.73796202032106,69.23076923076923,84.61538461538461,0,0,0.8270787124215185
2026-01-26,13,2,11,0,15.384615384615385,84.61538461538461,-1.8789584907375019,-2.3274029316325384,-4.264099037138935,4.024674982511289,176507000.0,7871718460.9,17.68603344892528,15.384615384615385,69.23076923076923,0,0,0.812635669253702
2026-01-27,13,7,6,0,53.84615384615385,46.15384615384615,-0.5776215036226084,0.13089005235600304,-3.2846715328467058,1.8592297476759612,152348000.0,8009567300.400001,54.32307335606891,23.076923076923077,69.23076923076923,0,0,0.7781461468886892
2026-01-28,13,7,6,0,53.84615384615385,46.15384615384615,-1.082294414565768,0.18867924528302993,-2.3659305993690816,1.4754098360655776,196289500.0,10537747891.599998,47.50101025277028,30.76923076923077,61.53846153846154,0,0,0.9413548257351917
2026-01-29,13,10,1,2,76.92307692307693,7.6923076923076925,1.6593801527360375,1.160140874249005,-1.6901408450704314,2.2613914954772163,163609400.0,9864552943.8,82.42136060418353,46.15384615384615,76.92307692307693,0,0,0.5562304592805472
2026-01-30,13,7,4,2,53.84615384615385,30.76923076923077,0.8895506690392706,0.6661144474356284,0.18424689083371693,5.090497737556565,213865200.0,10993421662.400002,54.23041092283973,46.15384615384615,76.92307692307693,0,0,0.94956874183407
2026-02-02,13,5,8,0,38.46153846153847,61.53846153846154,-1.5125562531506982,-0.23809523809523725,2.7298850574712707,7.208237986270016,213811200.0,10889648861.6,39.953445931044875,53.84615384615385,69.23076923076923,0,0,0.9906497912967551
2026-02-03,13,6,5,2,46.15384615384615,38.46153846153847,-0.12475016715312635,0.0,1.6997167138810276,3.9399624765478425,228430800.0,10966382657.0,47.97778995648629,53.84615384615385,69.23076923076923,0,0,0.9096795869448291
2026-02-04,13,4,9,0,30.76923076923077,69.23076923076923,-0.9555550228675391,-0.528637573371249,1.938610662358653,4.512654147690642,316395400.0,13154388716.800001,46.477071113094375,38.46153846153847,69.23076923076923,0,0,0.912654492615764
2026-02-05,13,4,9,0,30.76923076923077,69.23076923076923,-0.5928790901503708,-2.5252525252525304,-0.770712909441229,1.4729950900163713,186227600.0,9586832637.1,27.05206288011835,15.384615384615385,76.92307692307693,0,0,0.748649367035909
2026-02-06,13,2,11,0,15.384615384615385,84.61538461538461,-1.6110122924611692,-1.5113350125944613,-4.84391819160388,-1.4827018121911117,283614200.0,12435143873.5,18.689876479457688,15.384615384615385,46.15384615384615,0,0,1.1489804693164758
2026-02-09,13,6,6,1,46.15384615384615,46.15384615384615,-0.07200077924361008,0.0,-3.8961038961038974,-8.552543192627027,120025900.0,5208974969.4,47.4877479644508,15.384615384615385,46.15384615384615,0,0,0.5020650338004102
2026-02-10,13,5,6,2,38.46153846153847,46.15384615384615,0.33136829145081764,0.0,-2.4043715846994607,-7.647058823529407,208462300.0,9265596444.099998,43.43672844895773,15.384615384615385,23.076923076923077,0,0,0.7748997608588833
2026-02-11,13,13,0,0,100.0,0.0,2.6323519706297285,2.156334231805923,-1.1093502377179099,-5.8676654182271974,236172000.0,9808360433.3,100.0,23.076923076923077,69.23076923076923,0,0,0.7448974246864145
2026-02-12,13,9,3,1,69.23076923076923,23.076923076923077,0.806749089037712,0.20255194891989348,0.8064516129032251,-3.703703703703709,115140700.0,5758494785.7,69.65204727909527,46.15384615384615,76.92307692307693,0,0,0.6311607017042467
2026-02-13,13,4,6,3,30.76923076923077,46.15384615384615,-0.14389397081220162,0.0,3.208556149732633,-3.8284839203675314,138736900.0,7306326104.4,29.555736346062456,46.15384615384615,69.23076923076923,0,0,0.6600704609674223
2026-02-23,13,11,2,0,84.61538461538461,15.384615384615385,1.1454113323443347,1.1261520737327224,3.023516237402024,-3.215926493108723,152104100.0,7689099585.2,66.5425794334658,69.23076923076923,76.92307692307693,0,0,0.668661248588228
2026-02-24,13,6,7,0,46.15384615384615,53.84615384615385,-0.06854261529659797,-0.13670929338382987,3.4703573641809538,-1.5337423312883458,267674100.0,11433955827.0,53.54657965480699,61.53846153846154,76.92307692307693,0,0,0.8516465487171704
2026-02-25,13,7,6,0,53.84615384615385,46.15384615384615,-0.5336310754394531,0.15384615384614886,1.58311345646438,-1.5576323987538943,329583200.0,14693163830.2,54.20939968986639,69.23076923076923,76.92307692307693,0,0,0.8804374058570442
2026-02-26,13,11,1,1,84.61538461538461,7.6923076923076925,1.3003239218554654,0.5609417610465739,1.869158878504673,0.6257822277847325,179920200.0,8748213559.6,92.3460152128406,76.92307692307693,76.92307692307693,0,0,0.7544099831578532
2026-02-27,13,3,9,1,23.076923076923077,69.23076923076923,-0.45770898750705674,-0.649350649350644,0.7763975155279601,-0.6853530267427521,172462009.0,8188936153.15,34.85000935197455,53.84615384615385,76.92307692307693,0,0,0.6638007760324026
2026-03-02,13,0,13,0,0.0,100.0,-3.3995199964224243,-3.329752953813103,-3.3465295776252346,-2.8067361668003166,340680500.0,14069955836.1,0.0,23.076923076923077,46.15384615384615,0,0,1.305446087079642
2026-03-03,13,1,12,0,7.6923076923076925,92.3076923076923,-3.0622934868642773,-2.806272845183355,-5.230769230769228,-3.8621092608822516,313925300.0,13415349417.0,17.201149133512725,23.076923076923077,30.76923076923077,0,0,1.2950517335920917
2026-03-04,13,7,4,2,53.84615384615385,30.76923076923077,0.8943266073332937,0.06430868167202064,-5.35491905354919,-4.402515723270439,349352320.0,14899464411.15,47.654441313920856,23.076923076923077,30.76923076923077,0,0,1.231932540210958
2026-03-05,13,3,10,0,23.076923076923077,76.92307692307693,-0.6612954867538032,-0.8231776324410633,-6.740301784494063,-7.7352915362335795,240007000.0,10554176308.7,20.987437007984155,15.384615384615385,30.76923076923077,0,0,0.8605811961606239
2026-03-06,13,0,11,2,0.0,84.61538461538461,-2.3994603879571104,-2.3305958080984235,-9.011627906976749,-10.97954790096879,233324300.0,10228492362.3,0.0,7.6923076923076925,15.384615384615385,0,0,0.8084703093360419
2026-03-09,13,0,13,0,0.0,100.0,-6.940399451488427,-6.95770804911322,-12.040462069393065,-15.628970775095297,367878600.0,13479464605.0,0.0,0.0,0.0,0,1,1.1407573198011176
2026-03-10,13,11,2,0,84.61538461538461,15.384615384615385,3.0779865387805105,3.591999162215931,-8.163265306122447,-11.712846347607064,355444700.0,13944981109.5,93.99169448190065,0.0,7.6923076923076925,0,0,1.3711785733340447
2026-03-11,13,11,1,1,84.61538461538461,7.6923076923076925,2.874387451375635,2.023608768971341,-4.1269841269841345,-9.382788447441715,208393300.0,9004604865.7,91.25435994421304,0.0,7.6923076923076925,0,0,0.8878485266576708
2026-03-12,13,2,10,1,15.384615384615385,76.92307692307693,-1.6657884028900651,-2.1912432034667306,-4.320000000000002,-7.934508816120922,196000100.0,7887484927.9,9.96855735113702,0.0,0.0,0,0,0.751985268085475
2026-03-13,13,2,10,1,15.384615384615385,76.92307692307693,-0.7267647345652055,-0.5600835945663518,-4.2207792207792245,-7.239819004524895,166339200.0,6582604246.7,15.086678101571433,0.0,0.0,0,0,0.599187818582691
2026-03-16,13,7,5,1,53.84615384615385,38.46153846153847,0.3145787252700248,0.06915629322268302,3.249904003909654,-7.951482479784378,111603000.0,4785469589.6,52.57261784857127,0.0,0.0,0,0,0.5685609199373194
2026-03-17,13,13,0,0,100.0,0.0,1.4316070263701586,1.0366275051831408,0.0,-5.385996409335725,131207700.0,5667292706.1,100.0,7.6923076923076925,0.0,0,0,0.6320152112863223
2026-03-18,13,3,7,3,23.076923076923077,53.84615384615385,-0.029117695334395916,-0.13262599469496816,-0.9592326139088891,-8.922742110990212,151348500.0,6364708501.0,22.03970330738011,7.6923076923076925,0.0,0,0,0.6614867579480171
2026-03-19,13,3,10,0,23.076923076923077,76.92307692307693,-0.9546584616193468,-0.8255829626634181,0.0,-8.81578947368421,196541600.0,7949013090.5,20.040718399418264,7.6923076923076925,0.0,0,0,0.7860922020230275
2026-03-20,13,1,12,0,7.6923076923076925,92.3076923076923,-2.626543042440536,-2.865779608215857,-2.2140221402213944,-12.95336787564767,207782500.0,9095813570.9,2.339282210892395,7.6923076923076925,0.0,0,0,0.9146439527057212
2026-03-23,13,0,13,0,0.0,100.0,-3.308228324781308,-3.1811185223191374,-4.59057071960296,-16.020671834625333,221152500.0,8842592611.5,0.0,0.0,0.0,0,0,0.9840681592495943
2026-03-24,13,11,2,0,84.61538461538461,15.384615384615385,1.7186317692023345,1.836158192090398,-3.8016528925619797,-14.236074549857857,122071300.0,4778197319.1,88.48105950334276,7.6923076923076925,0.0,0,0,0.5056058740731251
2026-03-25,13,13,0,0,100.0,0.0,2.6049130451404383,2.121680672268922,-2.7142857142857246,-11.558441558441569,132386800.0,5491603039.5,100.0,7.6923076923076925,0.0,0,0,0.6459789400774446
2026-03-26,13,1,12,0,7.6923076923076925,92.3076923076923,-1.5836497204477509,-1.51898734177216,-2.995469038429266,-14.119653360247808,109111300.0,4600237672.5,6.882861768051399,7.6923076923076925,0.0,0,0,0.5392263893808628
2026-03-27,13,13,0,0,100.0,0.0,2.078236435001065,2.0000000000000018,1.6311166875784044,-11.359424009124607,126180500.0,5169763032.2,100.0,15.384615384615385,0.0,0,0,0.5758080563108112
2026-03-30,13,2,10,1,15.384615384615385,76.92307692307693,-0.8124296114790608,-1.0037641154328703,4.527559055118124,-7.790143084260725,130023200.0,5058330226.6,29.31744656965176,23.076923076923077,0.0,0,0,0.5486056174145902
2026-03-31,13,10,1,2,76.92307692307693,7.6923076923076925,1.0996517109663566,0.9358288770053624,3.3203125,-5.681818181818176,133425100.0,5233955639.700001,80.89521726138827,53.84615384615385,0.0,0,0,0.6938792565826591
2026-04-01,13,13,0,0,100.0,0.0,2.379042194109645,1.5490533562822595,3.035198095561964,-5.230749897898268,164551000.0,6578037565.900001,100.0,69.23076923076923,15.384615384615385,0,0,0.9187488002263152
2026-04-02,13,2,11,0,15.384615384615385,84.61538461538461,-0.33714121792654334,-1.040312093628104,4.2038216560509545,-5.248618784530401,168773000.0,7456637398.7,41.223855046725355,69.23076923076923,15.384615384615385,0,0,0.7799323856192457
2026-04-03,13,2,11,0,15.384615384615385,84.61538461538461,-1.3498009179259294,-1.4577259475218707,-0.7648183556405286,-5.189340813464238,134015200.0,5605677612.6,19.551997916120758,38.46153846153847,7.6923076923076925,0,0,0.7675046579185716
2026-04-06,13,4,8,1,30.76923076923077,61.53846153846154,-0.5844090659494342,-0.18518518518518823,-0.13562758582897905,1.5060240963855387,101992500.0,4182886324.7,29.48014866477254,30.76923076923077,7.6923076923076925,0,0,0.6439533570066591
2026-04-07,13,5,6,2,38.46153846153847,46.15384615384615,-0.013418577925333314,0.0,-0.37476577139288203,-3.703703703703709,96413300.0,3962083777.0,38.954827804490414,38.46153846153847,7.6923076923076925,0,0,0.5880684414346734
2026-04-08,13,13,0,0,100.0,0.0,5.604663934951223,5.3412462908011715,2.158273381294973,-0.3311258278145601,278477900.0,11196733336.4,100.0,100.0,30.76923076923077,0,0,1.613750345862818
2026-04-09,13,3,9,1,23.076923076923077,69.23076923076923,-0.882729346956157,-1.0112273146724138,2.267002518891692,2.0408163265306145,166696300.0,6506004447.8,37.277616238336684,100.0,38.46153846153847,0,0,0.9319415987061904
2026-04-10,13,6,5,2,46.15384615384615,38.46153846153847,0.4375983373193594,0.0,3.774322106743755,2.941176470588225,168659900.0,6342933189.3,52.282473644752,100.0,38.46153846153847,0,0,0.9395937537314423
2026-04-13,13,3,10,0,23.076923076923077,76.92307692307693,-0.2070715619523117,-0.7160859303116274,3.537755527743025,1.9033674963396807,116985400.0,5296012311.299999,22.429120991005053,100.0,38.46153846153847,0,0,0.8066184287515555
2026-04-14,13,13,0,0,100.0,0.0,1.288770141421159,0.7792207792207684,4.3636363636363695,1.4534883720930258,153768900.0,6296762786.7,100.0,100.0,38.46153846153847,0,0,0.8201038133526944
2026-04-15,13,5,7,1,38.46153846153847,53.84615384615385,0.9824143534481171,-0.24752475247524774,-0.4983388704319025,2.499999999999991,144655800.0,6955391968.5,45.749964368812556,84.61538461538461,38.46153846153847,0,0,0.8285785696930202
2026-04-16,13,7,6,0,53.84615384615385,46.15384615384615,0.8142265056327646,0.15708149003013094,0.0,3.44827586206895,146617600.0,7591586674.4,67.28921720180104,92.3076923076923,38.46153846153847,0,0,0.8704432239207244
2026-04-17,13,9,4,0,69.23076923076923,30.76923076923077,0.31028296991947496,0.24875621890545485,0.0,8.041730802120739,138997000.0,8305507804.299999,61.216777250726075,100.0,53.84615384615385,0,0,1.0086083569697921
2026-04-20,13,12,1,0,92.3076923076923,7.6923076923076925,1.5097857389107925,1.0827581840055833,2.192491118010431,12.711864406779672,135629600.0,6957411384.1,94.97182952556925,100.0,53.84615384615385,0,0,0.9049261507127956
2026-04-21,13,4,9,0,30.76923076923077,69.23076923076923,-0.58395963563146,-0.5097915128502772,0.5059021922428464,9.546776124508316,205854900.0,8151611091.9,52.21396309165597,92.3076923076923,53.84615384615385,0,0,0.9936369229810665
2026-04-22,13,6,6,1,46.15384615384615,46.15384615384615,0.8276625597151649,0.0,0.5351223992652088,7.018364223771467,121228600.0,6550955372.3,59.70874536619991,84.61538461538461,53.84615384615385,1,0,0.8060809055188829
2026-04-23,13,6,7,0,46.15384615384615,53.84615384615385,0.49072743392682716,-0.40089692192700754,2.6011560693641522,7.643312101910826,212284900.0,9989220912.7,57.40204174791991,84.61538461538461,69.23076923076923,0,0,1.0318099620409205
2026-04-24,13,2,11,0,15.384615384615385,84.61538461538461,-1.2525473311673472,-1.1834319526627168,0.43041606886655703,3.0864197530864113,127782000.0,6642226120.5,21.366977158753595,69.23076923076923,46.15384615384615,0,0,0.7111176580255069
2026-04-28,13,7,6,0,53.84615384615385,46.15384615384615,1.5781891922176001,0.2590673575129543,-0.9864364981504337,3.4759358288770192,124926300.0,6969249302.5,72.25451026975944,69.23076923076923,53.84615384615385,0,0,0.9517568862800619
2026-04-29,13,4,6,3,30.76923076923077,46.15384615384615,-0.49049548653556485,0.0,0.13745949218333386,2.689486552567244,126804400.0,6695358633.1,26.725795981319976,61.53846153846154,46.15384615384615,0,0,0.8673750726538398
2026-05-04,13,7,5,1,53.84615384615385,38.46153846153847,0.21666676322728173,0.1808318264014508,-0.3816793893129722,1.726618705035965,127028000.0,6132780076.0,40.94954339269217,61.53846153846154,69.23076923076923,0,0,0.8981655131267676
2026-05-05,13,4,9,0,30.76923076923077,69.23076923076923,0.6814790737966614,-0.26041666666667407,-0.5633802816901512,2.9154518950437414,125339100.0,5944303921.2,44.659056323353184,61.53846153846154,53.84615384615385,0,0,0.802859179925789
2026-05-06,13,10,2,1,76.92307692307693,15.384615384615385,1.270704206023976,1.001669449081799,1.5544041450777257,5.177514792899407,140939300.0,6632146600.6,67.06270388832513,76.92307692307693,69.23076923076923,0,0,1.0058009662504979
2026-05-07,13,6,6,1,46.15384615384615,46.15384615384615,0.8849945863423359,0.0,0.8361204013378032,6.2314540059347,147951600.0,8162622875.3,60.15124903855792,76.92307692307693,69.23076923076923,1,0,0.995902401658817
2026-05-08,13,8,5,0,61.53846153846154,38.46153846153847,0.23629051377578392,0.36329875267429035,2.350813743218816,7.41839762611276,166104700.0,8422335139.5,67.28298494230206,69.23076923076923,76.92307692307693,1,0,1.0914117807505859
2026-05-11,13,0,12,1,0.0,92.3076923076923,-1.7928527351796695,-1.3274336283185861,0.7072135785006983,0.16611295681061566,148471800.0,7857801237.3,0.0,61.53846153846154,76.92307692307693,0,1,1.0400009891497022
2026-05-12,13,5,7,1,38.46153846153847,53.84615384615385,0.25796855448412426,-0.3707325022407004,0.711848452759134,0.8417508417508435,116566700.0,6187360442.2,34.99111866885511,46.15384615384615,76.92307692307693,0,0,0.8166436087337922
2026-05-13,13,6,7,0,46.15384615384615,53.84615384615385,-0.6176718688240084,-0.11933174224343368,-0.6611570247933907,1.571428571428557,152395900.0,8468455076.3,39.85157791230214,61.53846153846154,76.92307692307693,0,0,1.0974860416433332
2026-05-14,13,12,1,0,92.3076923076923,7.6923076923076925,1.7268106287307663,1.1911997082776127,-0.7346708109635447,3.3045977011494365,121002000.0,6685432674.3,94.83306088134125,69.23076923076923,76.92307692307693,0,0,0.7701633774634286
2026-05-15,13,2,11,0,15.384615384615385,84.61538461538461,-0.9265742386405762,-0.7736943907156735,-1.4134275618374659,2.360876897133224,195460300.0,8044771511.199999,18.506529131713297,53.84615384615385,61.53846153846154,0,0,1.0035377015131075
2026-05-18,13,5,8,0,38.46153846153847,61.53846153846154,0.1595165335436602,-0.37701454198948436,-0.5300353356890497,3.566333808844502,180680900.0,9008237817.099998,49.29592290814523,69.23076923076923,69.23076923076923,0,0,0.9494139364863913
2026-05-19,13,4,8,1,30.76923076923077,61.53846153846154,-0.4622754895533774,-0.7568826416035845,-1.5224746254228982,3.4682080924855363,210314800.0,9528386137.100002,34.86697643648541,53.84615384615385,61.53846153846154,0,0,1.173827924663079
2026-05-20,13,4,8,1,30.76923076923077,61.53846153846154,-0.16819720411725714,-0.4601226993865004,-0.9845288326300827,2.237014113064606,222090100.0,10478771755.2,46.083357048059234,46.15384615384615,61.53846153846154,0,0,1.3025475824377692
2026-05-21,13,5,8,0,38.46153846153847,61.53846153846154,-0.22614990071569294,-0.2277904328018221,-3.153153153153143,-0.42735042735042583,148702400.0,7616262484.9,43.33110694442316,30.76923076923077,69.23076923076923,0,0,0.9361517918239752
2026-05-22,13,1,12,0,7.6923076923076925,92.3076923076923,-1.1229013171500966,-0.7540290839789576,-2.658490739645347,0.0,133570500.0,6664716251.4,9.733686784695873,23.076923076923077,46.15384615384615,0,0,0.8973257916304335
2026-05-25,13,8,3,2,61.53846153846154,23.076923076923077,0.6566065957640371,0.6053016071801531,-1.8692221274752674,-0.2865329512893977,94764200.0,4581389124.0,66.49039803325817,23.076923076923077,53.84615384615385,0,0,0.5299146431308349
2026-05-26,13,8,5,0,61.53846153846154,38.46153846153847,0.39367521190953547,1.0752688172043001,0.0,0.17889087656530744,99086800.0,4325852636.799999,65.7451342287019,30.76923076923077,69.23076923076923,0,0,0.5047010460336196
2026-05-27,13,3,10,0,23.076923076923077,76.92307692307693,-0.7056876365720541,-0.4123711340206282,0.42613636363635354,0.316002861912712,113023700.0,5886953155.7,20.041100273707077,30.76923076923077,61.53846153846154,0,0,0.7565285202704782
2026-05-28,13,2,10,1,15.384615384615385,76.92307692307693,-0.6103154740945164,-1.4144271570014189,-1.3139511459707376,-2.454780361757114,99526800.0,5485311880.4,28.326021186724137,15.384615384615385,46.15384615384615,0,0,0.6955973557313975
2026-05-29,13,3,7,3,23.076923076923077,53.84615384615385,-0.4196568899787768,-0.14347202295553751,-0.1814882032667886,-1.2155762676077542,91432000.0,4687497684.9,22.217680199712305,7.6923076923076925,46.15384615384615,0,0,0.6385534898264824
2026-06-01,13,5,7,1,38.46153846153847,53.84615384615385,-0.36860759704428514,-0.181818181818183,-0.7183908045977017,-2.2630834512022746,67725800.0,3550625258.3,36.05502050680885,15.384615384615385,46.15384615384615,0,0,0.5178218830398963
2026-06-02,13,1,11,1,7.6923076923076925,84.61538461538461,-0.9304266332355329,-1.391035548686248,-3.57142857142857,-2.7572624322993677,123873500.0,5553007634.0,23.395004754643203,7.6923076923076925,53.84615384615385,0,0,0.6478234993498638
2026-06-03,13,9,4,0,69.23076923076923,30.76923076923077,0.21725413319465198,0.48701298701299134,-2.150537634408589,-4.209183673469397,126083000.0,6915147743.5,64.71519215488183,7.6923076923076925,38.46153846153847,0,0,0.8705672440710728
2026-06-04,13,6,7,0,46.15384615384615,53.84615384615385,0.29370077587346743,-0.127388535031836,-1.6333938294010864,-4.714294370720474,74911500.0,3931056209.6,41.98564206661249,7.6923076923076925,46.15384615384615,0,0,0.5507757126279444
2026-06-05,13,4,8,1,30.76923076923077,61.53846153846154,-0.11096692849690794,-0.5102040816326592,-1.8181818181818188,-4.59363957597173,76588400.0,4172019630.4,38.35411772131531,7.6923076923076925,46.15384615384615,0,0,0.5707311691932042
2026-06-08,13,0,13,0,0.0,100.0,-2.7645480653114074,-2.4074074074074026,-3.4869104224736436,-6.808844852585782,120290400.0,5574741664.4,0.0,0.0,23.076923076923077,0,0,0.8758288034233267
2026-06-09,13,10,3,0,76.92307692307693,23.076923076923077,0.36363723530726727,0.3658536585365857,-1.3293943870014813,-5.525846702317294,71603500.0,3203673985.5,76.43461135817873,7.6923076923076925,23.076923076923077,0,0,0.533488138405164
2026-06-10,13,12,1,0,92.3076923076923,7.6923076923076925,0.5779235733003848,0.3252032520325354,-1.3300254978981463,-4.496402877697847,54429500.0,2451775865.0,95.51932900685438,7.6923076923076925,38.46153846153847,0,0,0.42171511007616735
2026-06-11,13,1,11,1,7.6923076923076925,84.61538461538461,-0.860999251931572,-0.941619585687381,-2.713987473903956,-7.232267037552154,50763700.0,2368443123.7000003,4.75439219431571,0.0,15.384615384615385,0,0,0.4412998219442783
2026-06-12,13,5,7,1,38.46153846153847,53.84615384615385,-0.4701547506861701,-0.25510204081632404,-2.261904761904765,-6.294041800353822,94523100.0,4278559932.6,37.6444725648904,0.0,7.6923076923076925,0,0,0.8385968892688282
2026-06-15,13,9,3,1,69.23076923076923,23.076923076923077,1.1971603570101639,1.3398294762484886,1.4634146341463428,-4.804804804804796,131074800.0,6203128430.8,61.04452595561759,23.076923076923077,23.076923076923077,0,0,1.10543326483924
2026-06-16,13,8,3,2,61.53846153846154,23.076923076923077,0.3198541949852653,0.2945126045290847,0.8982035928143839,-4.037267080745355,87109800.0,3822652427.0,61.29288633334594,30.76923076923077,15.384615384615385,0,0,0.7085358482918314
2026-06-17,13,5,8,0,38.46153846153847,61.53846153846154,-0.17269408872494507,-0.6849315068493178,1.1508951406649537,-3.081664098613257,127273500.0,6117678300.1,31.048378679358663,46.15384615384615,15.384615384615385,0,0,1.2673717007810708
2026-06-18,13,4,9,0,30.76923076923077,69.23076923076923,1.047585090513627,-0.5517241379310422,1.799100449775115,-3.2558139534883734,97265400.0,5198293431.7,40.01674191792816,38.46153846153847,23.076923076923077,0,0,1.007267608520106
2026-06-19,13,3,10,0,23.076923076923077,76.92307692307693,-0.685696086087331,-0.5891016200294641,1.7241379310344973,-3.0172413793103314,104065600.0,5771788106.4,44.30593024654562,15.384615384615385,23.076923076923077,0,0,1.0941806622838015
2026-06-22,13,6,6,1,46.15384615384615,46.15384615384615,1.2274351128593592,0.0,-0.48701298701299134,-2.079461878713318,78873800.0,4297238750.0,58.37212163275778,38.46153846153847,23.076923076923077,0,0,0.7176582733094771
2026-06-23,13,6,4,3,46.15384615384615,30.76923076923077,0.18829888197219663,0.0,-0.8090614886731351,-3.546099290780147,148910200.0,6951532662.700001,59.2699291468151,38.46153846153847,23.076923076923077,0,0,1.446265040639176
2026-06-24,13,6,4,3,46.15384615384615,30.76923076923077,0.5107803497199602,0.0,-1.5873015873015817,-2.771362586605075,94230200.0,4781836906.2,64.62083435329022,38.46153846153847,30.76923076923077,0,0,1.028980009538435
2026-06-25,13,2,10,1,15.384615384615385,76.92307692307693,-0.6091125373387218,-0.47505938242280443,-1.2987012987013102,-1.4117647058823568,84670500.0,4265637905.2,27.39482454840973,23.076923076923077,30.76923076923077,0,0,0.7571520011215208
2026-06-26,13,8,4,1,61.53846153846154,30.76923076923077,0.6554165392805928,0.29850746268658135,-0.423728813559332,-1.0000000000000009,81797000.0,4790022613.0,75.48015834387878,38.46153846153847,23.076923076923077,0,0,0.8363144682301626
2026-06-29,13,9,4,0,69.23076923076923,30.76923076923077,-0.1887390052674456,0.7575757575757791,0.21186440677964935,-0.3215434083601365,94784300.0,4826687848.5,55.256948526904516,61.53846153846154,38.46153846153847,0,0,1.062461844274503
2026-06-30,13,7,4,2,53.84615384615385,30.76923076923077,0.07607331746408366,0.1474926253687503,0.0,0.2954209748892156,105588229.0,4767653017.650001,56.197506002033705,61.53846153846154,38.46153846153847,0,0,1.0386663407497976
2026-07-01,13,10,3,0,76.92307692307693,23.076923076923077,1.0625315968667073,1.3254786450662692,1.8726591760299671,1.7770597738287597,107097300.0,4878553190.0,81.49776634904333,84.61538461538461,53.84615384615385,0,0,1.0355247189846597
2026-07-02,13,7,6,0,53.84615384615385,46.15384615384615,0.10779315485721641,0.17667844522968323,2.3943661971830954,0.7331378299120228,13329600.0,588521905.0,61.710998675571815,84.61538461538461,53.84615384615385,0,0,0.13028131651822875
