{
  "VNINDEX_ATR14PctRank": 77.89473684210526,
  "UniverseTickerCount": 1,
  "BreadthUniverseTickerCount": 30,
  "BreadthSource": "benchmark_basket",
  "IndexRangePos20": 1.0,
  "IndexRangePos60": 0.7486739571737279,
  "IndexRangePos120": 0.7422376624585126,
  "IndexDistToUpper20Pct": 0.0,
  "IndexDistToLower20Pct": 12.564909909167332,
  "IndexDistToUpper60Pct": 4.217976404389421,
  "IndexDistToLower60Pct": 12.564909909167332,
  "IndexDistToUpper120Pct": 4.566360594121437,
  "IndexDistToLower120Pct": 13.149030403938827,
  "IndexDrawdownFromHigh60Pct": -4.0472637734038415,
  "IndexReboundFromLow60Pct": 14.370557514281934,
  "BreadthAboveSMA20Pct": 83.33333333333334,
  "BreadthAboveSMA50Pct": 43.333333333333336,
  "BreadthAboveSMA200Pct": 40.0,
  "BreadthPositive1dPct": 36.666666666666664,
  "BreadthPositive5dPct": 43.333333333333336,
  "AdvanceDeclineRatio": 0.6111111111111112,
  "NewHigh20Pct": 26.666666666666668,
  "NewLow20Pct": 3.3333333333333335,
  "MarketDispersion20Pct": 10.514318001327565,
  "MarketCoMovement20Pct": 73.2258064516129,
  "MarketMedianCorr20": 0.7403868520029722,
  "GeneratedAt": "2026-04-16T15:34:05.762693+07:00"
}
