{
  "VNINDEX_ATR14PctRank": 77.05456936226167,
  "UniverseTickerCount": 1,
  "BreadthUniverseTickerCount": 30,
  "BreadthSource": "benchmark_basket",
  "IndexRangePos20": 1.0,
  "IndexRangePos60": 0.7679588763014867,
  "IndexRangePos120": 0.7605074599088061,
  "IndexDistToUpper20Pct": 0.0,
  "IndexDistToLower20Pct": 12.84698639440878,
  "IndexDistToUpper60Pct": 3.881756238634615,
  "IndexDistToLower60Pct": 12.84698639440878,
  "IndexDistToUpper120Pct": 4.2290164976009486,
  "IndexDistToLower120Pct": 13.429222443748223,
  "IndexDrawdownFromHigh60Pct": -3.7367064046525567,
  "IndexReboundFromLow60Pct": 14.74072537818083,
  "BreadthAboveSMA20Pct": 90.0,
  "BreadthAboveSMA50Pct": 50.0,
  "BreadthAboveSMA200Pct": 43.333333333333336,
  "BreadthPositive1dPct": 70.0,
  "BreadthPositive5dPct": 43.333333333333336,
  "AdvanceDeclineRatio": 3.0,
  "NewHigh20Pct": 20.0,
  "NewLow20Pct": 0.0,
  "MarketDispersion20Pct": 9.982118892729854,
  "MarketCoMovement20Pct": 71.93548387096774,
  "MarketMedianCorr20": 0.6843408723855219,
  "GeneratedAt": "2026-04-17T11:49:13.575819+07:00"
}
